{"type":"FeatureCollection","features":[{"type":"Feature","geometry":{"type":"Polygon","coordinates":[[[-81.73986301911665,40.82195495829788],[-81.7393862553476,40.82195202770049],[-81.73938092564302,40.82219837961652],[-81.73986501247828,40.822201356428955],[-81.73986301911665,40.82195495829788]]]},"properties":{"p":"01-00276.000","o":"VAN KIRK CEMETERY","a":"","d":"DALTON LOCAL SCHOOL DISTRICT","t":231.46,"l":"","k":"real","c":0}},{"type":"Feature","geometry":{"type":"Polygon","coordinates":[[[-81.75023014882393,40.84415225369341],[-81.75023639750503,40.84448160128362],[-81.75067062335046,40.84448045621769],[-81.7506643728727,40.84415110794225],[-81.75023014882393,40.84415225369341]]]},"properties":{"p":"04-00382.000","o":"COTTRELL VARIUS WADE","a":"","d":"ORRVILLE CITY SCHOOL DISTRICT","t":4452.43,"l":"","k":"real","c":0}},{"type":"Feature","geometry":{"type":"Polygon","coordinates":[[[-81.74622408755988,40.844162742820025],[-81.74619447100326,40.846045814855806],[-81.74665327385655,40.84604462292808],[-81.74668145580364,40.844161552217585],[-81.74622408755988,40.844162742820025]]]},"properties":{"p":"04-00001.000","o":"WELLS WALTER AARON","a":"","d":"ORRVILLE CITY SCHOOL DISTRICT","t":1446.38,"l":"","k":"real","c":0}},{"type":"Feature","geometry":{"type":"Polygon","coordinates":[[[-81.704678084546,40.844183778831514],[-81.7047163473872,40.84445085982516],[-81.70493241646756,40.84442175950187],[-81.70489630059988,40.844182641915275],[-81.704678084546,40.844183778831514]]]},"properties":{"p":"04-00334.000","o":"ICENHOWER BERNARD W","a":"","d":"ORRVILLE CITY SCHOOL DISTRICT","t":388.92,"l":"","k":"real","c":0}},{"type":"Feature","geometry":{"type":"Polygon","coordinates":[[[-81.70445751131282,40.84418492797995],[-81.70450027740856,40.844479962174454],[-81.7047163473872,40.84445085982516],[-81.704678084546,40.844183778831514],[-81.70445751131282,40.84418492797995]]]},"properties":{"p":"04-00335.000","o":"ICENHOWER BERNARD W","a":"","d":"ORRVILLE CITY SCHOOL DISTRICT","t":690.99,"l":"","k":"real","c":0}},{"type":"Feature","geometry":{"type":"Polygon","coordinates":[[[-81.703979126983,40.84471741308205],[-81.70399208967255,40.84484940901637],[-81.70420882979441,40.8448202178069],[-81.7041927427643,40.844688643143],[-81.703979126983,40.84471741308205]]]},"properties":{"p":"04-00016.000","o":"COTTRELL JEREMY W & BILLY COTTRELL ETAL","a":"","d":"ORRVILLE CITY SCHOOL DISTRICT","t":119.02,"l":"","k":"real","c":0}},{"type":"Feature","geometry":{"type":"Polygon","coordinates":[[[-81.6769292574719,40.85890117885712],[-81.67682080027438,40.858901015797144],[-81.67681842423046,40.85981230401398],[-81.67919063684226,40.85981371378372],[-81.67919297964853,40.85890242558627],[-81.6769292574719,40.85890117885712]]]},"properties":{"p":"02-00112.001","o":"KISER LONNIE D & SHEILA F S/T","a":"","d":"GREEN LOCAL SCHOOL DISTRICT","t":4914.25,"l":"","k":"real","c":0}},{"type":"Feature","geometry":{"type":"Polygon","coordinates":[[[-81.70551901365315,40.861728241691274],[-81.70417882606391,40.86173110462989],[-81.70563013884707,40.8625665454653],[-81.70562747534224,40.86172800866139],[-81.70551901365315,40.861728241691274]]]},"properties":{"p":"02-00353.000","o":"NAPIER WILLIAM L JR & LECIA M S/T","a":"","d":"GREEN LOCAL SCHOOL DISTRICT","t":903.53,"l":"","k":"real","c":0}},{"type":"Feature","geometry":{"type":"Polygon","coordinates":[[[-81.66433222626014,40.86254114416469],[-81.66433142945448,40.862583319326966],[-81.66528744352931,40.86255315286873],[-81.66528524804676,40.86249827804661],[-81.66433222626014,40.86254114416469]]]},"properties":{"p":"04-00746.001","o":"CRUM AMBERS & ADA T","a":"","d":"ORRVILLE CITY SCHOOL DISTRICT","t":1677.26,"l":"","k":"real","c":0}},{"type":"Feature","geometry":{"type":"Polygon","coordinates":[[[-81.65743365984981,40.867311134964346],[-81.65746979637876,40.86731207515733],[-81.65746871840044,40.86597553051436],[-81.65674059972666,40.86595658496955],[-81.65743365984981,40.867311134964346]]]},"properties":{"p":"04-00403.000","o":"ORRVILLE FARMERS & SPORTSMENSLEAGUE","a":"","d":"ORRVILLE CITY SCHOOL DISTRICT","t":121.19,"l":"","k":"real","c":0}},{"type":"Feature","geometry":{"type":"Polygon","coordinates":[[[-81.6574692052873,40.86657656301734],[-81.65747198916638,40.870040772732764],[-81.66030938716153,40.87002964100709],[-81.66040463553111,40.86608619893645],[-81.65746871840044,40.86597553051436],[-81.6574692052873,40.86657656301734]]]},"properties":{"p":"04-00402.000","o":"ORRVILLE FARMERS & SPORTSMENS LEAGUE","a":"","d":"ORRVILLE CITY SCHOOL DISTRICT","t":1129.09,"l":"","k":"real","c":0}},{"type":"Feature","geometry":{"type":"Polygon","coordinates":[[[-81.6871748505111,40.873667193291006],[-81.6877753419392,40.87366963932412],[-81.6877812438706,40.87296285969837],[-81.68651797991748,40.87295771081492],[-81.68651751998006,40.87301260549961],[-81.68718029879331,40.87301530900088],[-81.6871748505111,40.873667193291006]]]},"properties":{"p":"02-00027.000","o":"CARR TIMOTHY D & PEGGY","a":"","d":"GREEN LOCAL SCHOOL DISTRICT","t":5576.4,"l":"","k":"real","c":0}},{"type":"Feature","geometry":{"type":"Polygon","coordinates":[[[-81.73505274738271,40.87377683947223],[-81.73506228120283,40.874501438853734],[-81.73565893682465,40.874500951147624],[-81.7356493940214,40.87377635176078],[-81.73505274738271,40.87377683947223]]]},"properties":{"p":"04-00225.000","o":"TRIPPY DENNIS L & ROBYN L","a":"","d":"ORRVILLE CITY SCHOOL DISTRICT","t":6092.89,"l":"","k":"real","c":0}},{"type":"Feature","geometry":{"type":"Polygon","coordinates":[[[-81.72225288646128,40.89874460107215],[-81.72227332133737,40.899110212388834],[-81.72403889085801,40.89911676341773],[-81.72403633155776,40.89875208713068],[-81.72225288646128,40.89874460107215]]]},"properties":{"p":"02-00240.000","o":"KRUFT PAUL C & TERESA S/T","a":"","d":"GREEN LOCAL SCHOOL DISTRICT","t":1930.79,"l":"","k":"real","c":0}},{"type":"Feature","geometry":{"type":"Polygon","coordinates":[[[-81.7328688243494,40.90004634838322],[-81.73283090017307,40.899883415364755],[-81.73274136419039,40.89989507643967],[-81.73277933328248,40.90005808072378],[-81.7328688243494,40.90004634838322]]]},"properties":{"p":"06-00123.000","o":"FOX BRIAN E & JO NELL S/T","a":"","d":"GREEN LOCAL SCHOOL DISTRICT","t":61.31,"l":"","k":"real","c":0}},{"type":"Feature","geometry":{"type":"Polygon","coordinates":[[[-81.73245485102208,40.89993239200138],[-81.73253106948069,40.90025885422969],[-81.73281730327291,40.900221084606194],[-81.73274136419039,40.89989507643967],[-81.73245485102208,40.89993239200138]]]},"properties":{"p":"06-00169.000","o":"MCKEAL GRACE M","a":"","d":"GREEN LOCAL SCHOOL DISTRICT","t":825.89,"l":"","k":"real","c":0}},{"type":"Feature","geometry":{"type":"Polygon","coordinates":[[[-81.73253106948069,40.90025885422969],[-81.73256917960829,40.90042208575805],[-81.7328552714667,40.900384088086895],[-81.73281730327291,40.900221084606194],[-81.73253106948069,40.90025885422969]]]},"properties":{"p":"06-00170.000","o":"MCKEAL GRACE M","a":"","d":"GREEN LOCAL SCHOOL DISTRICT","t":177.35,"l":"","k":"real","c":0}},{"type":"Feature","geometry":{"type":"Polygon","coordinates":[[[-81.75906335936946,40.901211890813215],[-81.75906467360473,40.90211313452248],[-81.76002000226498,40.902106970805036],[-81.7600186754533,40.90120572769073],[-81.75906335936946,40.901211890813215]]]},"properties":{"p":"02-00084.019","o":"SANDERSON JASON R","a":"","d":"GREEN LOCAL SCHOOL DISTRICT","t":26309.9,"l":"","k":"real","c":0}},{"type":"Feature","geometry":{"type":"Polygon","coordinates":[[[-81.92659475362129,40.907019543662955],[-81.92660970967245,40.90731850861744],[-81.92727896623722,40.90731388517485],[-81.9272640065928,40.90701492019947],[-81.92659475362129,40.907019543662955]]]},"properties":{"p":"07-00828.000","o":"MANDLEY HOWARD C","a":"","d":"NORTH CENTRAL LOCAL SCHOOL DISTRICT","t":3232.8,"l":"","k":"real","c":0}},{"type":"Feature","geometry":{"type":"Polygon","coordinates":[[[-81.92539432861892,40.901093999693316],[-81.91937600069426,40.901147555852646],[-81.91941914677734,40.90361047988359],[-81.91677157358151,40.9036370407019],[-81.91702217120643,40.90841747884784],[-81.92655388746239,40.9083285126066],[-81.92640573910236,40.90532235033852],[-81.92624739666049,40.90108637470823],[-81.92539432861892,40.901093999693316]]]},"properties":{"p":"07-00611.000","o":"GILL EDWARD E & JUDY A S/T","a":"","d":"NORTH CENTRAL LOCAL SCHOOL DISTRICT","t":976.4,"l":"","k":"real","c":0}},{"type":"Feature","geometry":{"type":"Polygon","coordinates":[[[-81.92657983440104,40.9067205529155],[-81.92659475362129,40.907019543662955],[-81.9272640065928,40.90701492019947],[-81.92724912061023,40.90671592807329],[-81.92657983440104,40.9067205529155]]]},"properties":{"p":"07-00697.000","o":"SMITH PATRICIA TOD","a":"","d":"NORTH CENTRAL LOCAL SCHOOL DISTRICT","t":886.15,"l":"","k":"real","c":0}},{"type":"Feature","geometry":{"type":"Polygon","coordinates":[[[-81.92707772924052,40.90798318181382],[-81.9270965408609,40.908325972807155],[-81.92733168656461,40.908324866185055],[-81.92731287314763,40.90798204667167],[-81.92707772924052,40.90798318181382]]]},"properties":{"p":"07-00341.000","o":"HARVEY PENNY","a":"","d":"NORTH CENTRAL LOCAL SCHOOL DISTRICT","t":925.61,"l":"","k":"real","c":0}},{"type":"Feature","geometry":{"type":"Polygon","coordinates":[[[-81.9266436785666,40.90798521040512],[-81.92653504170605,40.90798571483734],[-81.92655388746239,40.9083285126066],[-81.9270965408609,40.908325972807155],[-81.92707772924052,40.90798318181382],[-81.9266436785666,40.90798521040512]]]},"properties":{"p":"07-00340.000","o":"HARVEY PENNY","a":"","d":"NORTH CENTRAL LOCAL SCHOOL DISTRICT","t":3191.88,"l":"","k":"real","c":0}},{"type":"Feature","geometry":{"type":"Polygon","coordinates":[[[-81.98313086832277,40.914446535690196],[-81.98324162520743,40.91476626139015],[-81.98345191812048,40.914725320348886],[-81.98334073543441,40.914404384745886],[-81.98313086832277,40.914446535690196]]]},"properties":{"p":"07-00835.000","o":"JOHNSON DEANNA L","a":"","d":"NORTH CENTRAL LOCAL SCHOOL DISTRICT","t":6593.35,"l":"","k":"real","c":0}},{"type":"Feature","geometry":{"type":"Polygon","coordinates":[[[-81.93834476335165,40.9446140900458],[-81.93834778797923,40.94469640326178],[-81.9384554447778,40.94469459699976],[-81.93843654871581,40.944180146184216],[-81.93914708286788,40.94419203761412],[-81.93913545597317,40.94383196484683],[-81.93878744054726,40.9438261408985],[-81.93873659410555,40.94225116574266],[-81.93785610768487,40.94227524718302],[-81.93770444960703,40.94333032783124],[-81.93734996361611,40.94333891487749],[-81.93737550182134,40.94403446395035],[-81.93832284535705,40.944017327357486],[-81.93834476335165,40.9446140900458]]]},"properties":{"p":"07-00741.000","o":"DAWSON HEATHER ANNETTE & DAWSON ROLAND C & YVONNE A LE","a":"","d":"NORTH CENTRAL LOCAL SCHOOL DISTRICT","t":1596.65,"l":"","k":"real","c":0}},{"type":"Feature","geometry":{"type":"Polygon","coordinates":[[[-81.93394512141555,40.94478505660451],[-81.93351325185112,40.94479516541489],[-81.93352077613994,40.94527069641037],[-81.93422059698395,40.94525427938003],[-81.9342136637866,40.94477876997947],[-81.93394512141555,40.94478505660451]]]},"properties":{"p":"07-00289.000","o":"GARNES ANTHONY S TRUSTEE","a":"","d":"NORTH CENTRAL LOCAL SCHOOL DISTRICT","t":975.15,"l":"","k":"real","c":0}},{"type":"Feature","geometry":{"type":"Polygon","coordinates":[[[-81.90351527596926,40.944932075928776],[-81.90352897527733,40.94532765556908],[-81.9040895940832,40.94531779789601],[-81.90407678770053,40.94492323803234],[-81.90351527596926,40.944932075928776]]]},"properties":{"p":"07-00504.000","o":"ROGERS OPAL P & CHRISTINE A HATTEN","a":"","d":"NORTH CENTRAL LOCAL SCHOOL DISTRICT","t":720.77,"l":"","k":"real","c":0}},{"type":"Feature","geometry":{"type":"Polygon","coordinates":[[[-81.90302050906358,40.944939834956266],[-81.90290897872947,40.94494158353625],[-81.90280021700309,40.94534028774607],[-81.90352897527733,40.94532765556908],[-81.90351527596926,40.944932075928776],[-81.90302050906358,40.944939834956266]]]},"properties":{"p":"07-00504.002","o":"ROGERS OPAL P & CHRISTINE A HATTEN","a":"","d":"NORTH CENTRAL LOCAL SCHOOL DISTRICT","t":3492.48,"l":"","k":"real","c":0}},{"type":"Feature","geometry":{"type":"Polygon","coordinates":[[[-81.89834801463971,40.960615538318294],[-81.89835397047004,40.96079665460214],[-81.89895128006539,40.96078718590964],[-81.89894532064179,40.960606003119366],[-81.89834801463971,40.960615538318294]]]},"properties":{"p":"07-00676.000","o":"MILLER JOHN","a":"","d":"NORTH CENTRAL LOCAL SCHOOL DISTRICT","t":3481.06,"l":"","k":"real","c":0}},{"type":"Feature","geometry":{"type":"Polygon","coordinates":[[[-81.97507609288668,40.97352016057734],[-81.97508057817491,40.97360214475488],[-81.97597267891389,40.97359490252261],[-81.97596023724721,40.97310155325084],[-81.97549621518215,40.973125185972],[-81.97548208737766,40.97304337822354],[-81.97505366464898,40.97306255829282],[-81.97507609288668,40.97352016057734]]]},"properties":{"p":"07-00596.000","o":"METSKER ROGER C","a":"","d":"NORTH CENTRAL LOCAL SCHOOL DISTRICT","t":2356.67,"l":"","k":"real","c":0}},{"type":"Feature","geometry":{"type":"Polygon","coordinates":[[[-81.95912996263266,40.97294965970871],[-81.9591667513385,40.97373829016331],[-81.95971642417265,40.97372665364649],[-81.95964221794029,40.97214939049283],[-81.95909321075777,40.97216102864434],[-81.95912996263266,40.97294965970871]]]},"properties":{"p":"07-01260.000","o":"FRIDLEY NANCY J","a":"","d":"NORTH CENTRAL LOCAL SCHOOL DISTRICT","t":13731.27,"l":"","k":"real","c":0}},{"type":"Feature","geometry":{"type":"Polygon","coordinates":[[[-81.92084526630833,40.98196812426297],[-81.91925285244858,40.98201065323293],[-81.9193181985973,40.9858655215982],[-81.92148718264743,40.98621434311135],[-81.92147946162757,40.98195102939015],[-81.92084526630833,40.98196812426297]]]},"properties":{"p":"07-00181.000","o":"MULLET HOLDINGS LLC","a":"","d":"NORTH CENTRAL LOCAL SCHOOL DISTRICT","t":4043.26,"l":"","k":"real","c":0}},{"type":"Feature","geometry":{"type":"Polygon","coordinates":[[[-81.91925028326688,40.982010693243886],[-81.91749381188342,40.98203797869028],[-81.91755375646233,40.98558082154578],[-81.9193181985973,40.9858655215982],[-81.91925028326688,40.982010693243886]]]},"properties":{"p":"07-00182.000","o":"MULLET HOLDINGS LLC","a":"","d":"NORTH CENTRAL LOCAL SCHOOL DISTRICT","t":28701.99,"l":"","k":"real","c":0}},{"type":"Feature","geometry":{"type":"Polygon","coordinates":[[[-81.90799900560583,40.93046363552847],[-81.90678158896988,40.93048115502088],[-81.90659407912904,40.9312387529089],[-81.90831694543603,40.931258676736896],[-81.90828199737821,40.93046183973611],[-81.90799900560583,40.93046363552847]]]},"properties":{"p":"07-00306.000","o":"GRANT DAVID A & LARA A S/T","a":"","d":"NORTH CENTRAL LOCAL SCHOOL DISTRICT","t":13182.36,"l":"","k":"real","c":0}},{"type":"Feature","geometry":{"type":"Polygon","coordinates":[[[-81.6784572154134,40.864127068447154],[-81.67819634375657,40.864585843301796],[-81.67964702682067,40.86511511484284],[-81.67973827319567,40.86454190987603],[-81.67845159734959,40.86390238918744],[-81.6784572154134,40.864127068447154]]]},"properties":{"p":"02-00082.003","o":"MCCONAHY STEVEN J & MISTY M","a":"","d":"GREEN LOCAL SCHOOL DISTRICT","t":2090.96,"l":"","k":"real","c":0}},{"type":"Feature","geometry":{"type":"Polygon","coordinates":[[[-81.75043795250534,40.8894982287732],[-81.75043645591207,40.89003678951187],[-81.74971808845072,40.890041059673635],[-81.74971577798381,40.89086975580837],[-81.75455744853188,40.89087079413456],[-81.75457289416488,40.88900354895651],[-81.75357220597266,40.88900953189412],[-81.75357106870551,40.88914677055581],[-81.75230570269461,40.889154322215454],[-81.75230399230232,40.88936018066947],[-81.75176738905725,40.889363379248934],[-81.75177480734486,40.88847132815715],[-81.75044078309678,40.88847926902562],[-81.75043795250534,40.8894982287732]]]},"properties":{"p":"02-00295.000","o":"CRAEMER GARY G","a":"","d":"GREEN LOCAL SCHOOL DISTRICT","t":8050.58,"l":"","k":"real","c":0}},{"type":"Feature","geometry":{"type":"Polygon","coordinates":[[[-81.89449791797698,40.98322556112645],[-81.89450441099986,40.983386745233865],[-81.89450862679348,40.983226935037415],[-81.89449791797698,40.98322556112645]]]},"properties":{"p":"09-00511.000","o":"CZECH JAMES R & DENISE A S/T","a":"","d":"NORTH CENTRAL LOCAL SCHOOL DISTRICT","t":10.75,"l":"","k":"real","c":0}},{"type":"Feature","geometry":{"type":"Polygon","coordinates":[[[-81.89924149069938,40.96321706915575],[-81.89913289516133,40.96321915303268],[-81.89914141388516,40.96352105061464],[-81.89986803237241,40.963507056412816],[-81.89985820659983,40.96320523406315],[-81.89924149069938,40.96321706915575]]]},"properties":{"p":"09-00250.000","o":"TARAY CHRISTINE","a":"","d":"NORTH CENTRAL LOCAL SCHOOL DISTRICT","t":7122.12,"l":"","k":"real","c":0}},{"type":"Feature","geometry":{"type":"Polygon","coordinates":[[[-81.90021828280675,40.97550230730121],[-81.89962339686603,40.975572355764605],[-81.8996283789226,40.97575354290537],[-81.90025391088922,40.97573899041252],[-81.90024691750473,40.975499740241965],[-81.90021828280675,40.97550230730121]]]},"properties":{"p":"09-00560.000","o":"WILLIAMS CHADWICK T","a":"","d":"NORTH CENTRAL LOCAL SCHOOL DISTRICT","t":2489.53,"l":"","k":"real","c":0}},{"type":"Feature","geometry":{"type":"Polygon","coordinates":[[[-81.90094525163693,40.977957801909696],[-81.90138921342339,40.97800636328272],[-81.90145624481158,40.97760335516058],[-81.9013436517705,40.977603031660365],[-81.90123442381847,40.977623663102584],[-81.9010914686191,40.9776907828952],[-81.9009908007134,40.97779265065469],[-81.90095433989266,40.97787307510033],[-81.90094525163693,40.977957801909696]]]},"properties":{"p":"09-00931.000","o":"SIMEK LINDA M","a":"","d":"NORTH CENTRAL LOCAL SCHOOL DISTRICT","t":7914.06,"l":"","k":"real","c":0}},{"type":"Feature","geometry":{"type":"Polygon","coordinates":[[[-81.89390256042074,40.978692676440836],[-81.8937214861106,40.9786945000837],[-81.89372139538077,40.97903336786046],[-81.89390250292855,40.979031961987566],[-81.89390256042074,40.978692676440836]]]},"properties":{"p":"09-00446.000","o":"POLING JULIA MAE","a":"","d":"NORTH CENTRAL LOCAL SCHOOL DISTRICT","t":858.78,"l":"","k":"real","c":0}},{"type":"Feature","geometry":{"type":"Polygon","coordinates":[[[-81.89192218395272,40.98199951593911],[-81.89189553183654,40.982283828631694],[-81.89219677198562,40.98232004586583],[-81.89228465237323,40.98206921774905],[-81.89192218395272,40.98199951593911]]]},"properties":{"p":"09-00145.000","o":"TOMES MAUREEN","a":"","d":"NORTH CENTRAL LOCAL SCHOOL DISTRICT","t":5900.43,"l":"","k":"real","c":0}},{"type":"Feature","geometry":{"type":"Polygon","coordinates":[[[-81.89219677198562,40.98232004586583],[-81.89237563464353,40.98234154996637],[-81.89246018856964,40.98210297341222],[-81.89228465237323,40.98206921774905],[-81.89219677198562,40.98232004586583]]]},"properties":{"p":"09-00146.000","o":"TOMES MAUREEN","a":"","d":"NORTH CENTRAL LOCAL SCHOOL DISTRICT","t":8462.36,"l":"","k":"real","c":0}},{"type":"Feature","geometry":{"type":"Polygon","coordinates":[[[-81.88990027747079,40.98236920757939],[-81.89075403092693,40.98238201915901],[-81.8898967461934,40.98227316608862],[-81.88990027747079,40.98236920757939]]]},"properties":{"p":"09-00310.000","o":"GARVER MERLIN JAN & PATRICIA AMYERS","a":"","d":"NORTH CENTRAL LOCAL SCHOOL DISTRICT","t":723.14,"l":"","k":"real","c":0}},{"type":"Feature","geometry":{"type":"Polygon","coordinates":[[[-81.89432122025892,40.98342036662954],[-81.8945089214409,40.98349922653291],[-81.89449791797698,40.98322556112645],[-81.89431271860306,40.983201886588375],[-81.89432122025892,40.98342036662954]]]},"properties":{"p":"09-00510.000","o":"CZECH JAMES R & DENISE A S/T","a":"","d":"NORTH CENTRAL LOCAL SCHOOL DISTRICT","t":287.85,"l":"","k":"real","c":0}},{"type":"Feature","geometry":{"type":"Polygon","coordinates":[[[-81.89375090324123,40.98483508224525],[-81.89431307523422,40.984988899375644],[-81.89438922991245,40.984829082889775],[-81.89382746395793,40.98467452758681],[-81.89375090324123,40.98483508224525]]]},"properties":{"p":"09-00435.000","o":"KELTZ BRAD A","a":"","d":"NORTH CENTRAL LOCAL SCHOOL DISTRICT","t":733.38,"l":"","k":"real","c":0}},{"type":"Feature","geometry":{"type":"Polygon","coordinates":[[[-81.89591816072938,40.986498552192366],[-81.89593204778537,40.98692108615192],[-81.89611312299381,40.98691764478588],[-81.8960992341412,40.98649513860659],[-81.89591816072938,40.986498552192366]]]},"properties":{"p":"09-00672.000","o":"WAGNER ROBERT E & MEGAN J","a":"","d":"NORTH CENTRAL LOCAL SCHOOL DISTRICT","t":8307.58,"l":"","k":"real","c":0}},{"type":"Feature","geometry":{"type":"Polygon","coordinates":[[[-81.89432308785639,40.98711366403083],[-81.89432990517108,40.987294749624525],[-81.89493109099686,40.98728465410342],[-81.89492423685125,40.98710356780388],[-81.89432308785639,40.98711366403083]]]},"properties":{"p":"09-00182.000","o":"KING TABITHA LYNN","a":"","d":"NORTH CENTRAL LOCAL SCHOOL DISTRICT","t":488.23,"l":"","k":"real","c":0}},{"type":"Feature","geometry":{"type":"Polygon","coordinates":[[[-81.8924627891924,40.987315267505245],[-81.89255932394944,40.98733894327904],[-81.89276556366396,40.98691120281941],[-81.89253554015399,40.986852538853405],[-81.8923335449792,40.98728356779053],[-81.8924627891924,40.987315267505245]]]},"properties":{"p":"09-00338.000","o":"SCRUGGS LESLIE H & SHIRLEY M","a":"","d":"NORTH CENTRAL LOCAL SCHOOL DISTRICT","t":5972.04,"l":"","k":"real","c":0}},{"type":"Feature","geometry":{"type":"Polygon","coordinates":[[[-81.99490200822525,40.987930029967316],[-81.99489727500203,40.988065850834396],[-81.99549481815934,40.98807582824831],[-81.99549954958596,40.98794000672367],[-81.99490200822525,40.987930029967316]]]},"properties":{"p":"08-00076.000","o":"KINNEY JULIE R","a":"","d":"NORTH CENTRAL LOCAL SCHOOL DISTRICT","t":550.55,"l":"","k":"real","c":0}},{"type":"Feature","geometry":{"type":"Polygon","coordinates":[[[-81.89433675662175,40.98747583607715],[-81.89434357483476,40.987656923388684],[-81.8949447274229,40.987646827244916],[-81.89493787327727,40.98746574126187],[-81.89433675662175,40.98747583607715]]]},"properties":{"p":"09-00492.000","o":"WORKMAN FRED T & BARBARA J S/T","a":"","d":"NORTH CENTRAL LOCAL SCHOOL DISTRICT","t":2801.38,"l":"","k":"real","c":0}},{"type":"Feature","geometry":{"type":"Polygon","coordinates":[[[-81.8889195507425,40.987584500187005],[-81.88914510513392,40.9876445196903],[-81.88934867595373,40.987221903569676],[-81.88901810131905,40.987135415430785],[-81.88890076158002,40.98757948703166],[-81.8889195507425,40.987584500187005]]]},"properties":{"p":"09-00580.000","o":"HOYT LORI A","a":"","d":"NORTH CENTRAL LOCAL SCHOOL DISTRICT","t":3097.15,"l":"","k":"real","c":0}},{"type":"Feature","geometry":{"type":"Polygon","coordinates":[[[-81.89194239604662,40.98848503992631],[-81.89250100891445,40.98864664108393],[-81.89258718250305,40.988477711855076],[-81.89202838997213,40.9883160262006],[-81.89194239604662,40.98848503992631]]]},"properties":{"p":"09-00629.000","o":"SCOTT LORETTA JANE","a":"","d":"NORTH CENTRAL LOCAL SCHOOL DISTRICT","t":925.69,"l":"","k":"real","c":0}},{"type":"Feature","geometry":{"type":"Polygon","coordinates":[[[-81.99486199546587,40.98927872076027],[-81.99575833445637,40.989292587442044],[-81.99568160216143,40.989151386513065],[-81.99582119406838,40.98915353466647],[-81.99573655839556,40.988984768797444],[-81.99550667053121,40.98898123599825],[-81.99550259577308,40.98911159751936],[-81.99528531127214,40.989108256623396],[-81.99529025470116,40.98893049589463],[-81.99486777073483,40.98891645554793],[-81.99486199546587,40.98927872076027]]]},"properties":{"p":"08-00036.000","o":"RCC PROPERTY GROUP LLC THE","a":"","d":"NORTH CENTRAL LOCAL SCHOOL DISTRICT","t":7175.28,"l":"","k":"real","c":0}},{"type":"Feature","geometry":{"type":"Polygon","coordinates":[[[-81.89174600276593,40.982073389737266],[-81.89178175571425,40.98197251123195],[-81.89246018856964,40.98210297341222],[-81.89237563464353,40.98234154996637],[-81.89254331597108,40.982361671993125],[-81.8926513563503,40.98205682385006],[-81.89125921828987,40.981773900395844],[-81.89171024981763,40.98217426741014],[-81.89174600276593,40.982073389737266]]]},"properties":{"p":"09-00260.001","o":"TOMES MAUREEN","a":"","d":"NORTH CENTRAL LOCAL SCHOOL DISTRICT","t":2358.34,"l":"","k":"real","c":0}},{"type":"Feature","geometry":{"type":"Polygon","coordinates":[[[-81.894865935291,40.984334546146805],[-81.89482011133005,40.98442544036196],[-81.89520463698403,40.98470353775794],[-81.89532324963584,40.984467967069115],[-81.894865935291,40.984334546146805]]]},"properties":{"p":"09-00141.000","o":"TXS PROPERTY SERVICES LLC","a":"","d":"NORTH CENTRAL LOCAL SCHOOL DISTRICT","t":7306.14,"l":"","k":"real","c":0}},{"type":"Feature","geometry":{"type":"Polygon","coordinates":[[[-82.09622912551279,40.841036157305446],[-82.09672009344314,40.84124382972114],[-82.09679472098534,40.84103737582763],[-82.0970114539207,40.84105817429172],[-82.09714609700875,40.84061661328814],[-82.09680236834338,40.840475912693634],[-82.0971167427602,40.840059328908055],[-82.0970751354912,40.84004845039524],[-82.09660976774983,40.84066512611899],[-82.09643435821587,40.84076134906358],[-82.09622912551279,40.841036157305446]]]},"properties":{"p":"10-00444.000","o":"DESANTO JAMES & TRACEY L","a":"","d":"NORTHWESTERN LOCAL SCHOOL DISTRICT","t":9312.71,"l":"","k":"real","c":0}},{"type":"Feature","geometry":{"type":"Polygon","coordinates":[[[-82.0970114539207,40.84105817429172],[-82.09830018151888,40.84118176205039],[-82.09832646891904,40.840935529588336],[-82.09714609700875,40.84061661328814],[-82.0970114539207,40.84105817429172]]]},"properties":{"p":"10-01130.000","o":"DESANTO JAMES & TRACY L","a":"","d":"NORTHWESTERN LOCAL SCHOOL DISTRICT","t":3494.52,"l":"","k":"real","c":0}},{"type":"Feature","geometry":{"type":"Polygon","coordinates":[[[-82.09785599964518,40.844083867401274],[-82.09854626870275,40.84410571620139],[-82.0985360746209,40.843235255004345],[-82.09775421603189,40.84323877725236],[-82.097746928,40.843867354516206],[-82.097855395079,40.84386803612553],[-82.09785599964518,40.844083867401274]]]},"properties":{"p":"10-00606.022","o":"MORRIS MINNIE JEAN","a":"","d":"NORTHWESTERN LOCAL SCHOOL DISTRICT","t":133.61,"l":"","k":"real","c":0}},{"type":"Feature","geometry":{"type":"Polygon","coordinates":[[[-82.12381606629124,40.86740530908123],[-82.12525518624102,40.86748521852812],[-82.12527417662614,40.86679387871915],[-82.1238332555542,40.866713867896195],[-82.12381606629124,40.86740530908123]]]},"properties":{"p":"10-00643.009","o":"REYNOLDS KRYSTIN R & KRYSTIN REYNOLDS & MASON S BARNHOUSE & MASON BARNHOUSE","a":"","d":"NORTHWESTERN LOCAL SCHOOL DISTRICT","t":4633.63,"l":"","k":"real","c":0}},{"type":"Feature","geometry":{"type":"Polygon","coordinates":[[[-82.11869824194673,40.871722937907286],[-82.11688102738206,40.871767028238665],[-82.11687642621119,40.872387131215596],[-82.11915214269348,40.87234116988472],[-82.11915742209241,40.87171256047081],[-82.11869824194673,40.871722937907286]]]},"properties":{"p":"10-00648.001","o":"DUNCAN JUSTIN M","a":"","d":"NORTHWESTERN LOCAL SCHOOL DISTRICT","t":4942.29,"l":"","k":"real","c":0}},{"type":"Feature","geometry":{"type":"Polygon","coordinates":[[[-82.11977098400789,40.87177834443764],[-82.11975875793686,40.87325540460467],[-82.12048162236452,40.87324039275378],[-82.12049348910944,40.87175572562354],[-82.11977098400789,40.87177834443764]]]},"properties":{"p":"10-00647.006","o":"MURPHY BRANDON SCOTT & BRADY R","a":"","d":"NORTHWESTERN LOCAL SCHOOL DISTRICT","t":3613.53,"l":"","k":"real","c":0}},{"type":"Feature","geometry":{"type":"Polygon","coordinates":[[[-82.09207099833579,40.8792409064517],[-82.09316226365809,40.87924988082349],[-82.09317068895713,40.879044128798164],[-82.09389389474461,40.87904992517433],[-82.09391065910445,40.87869878231668],[-82.09208962130994,40.87868379411418],[-82.09207099833579,40.8792409064517]]]},"properties":{"p":"10-00052.001","o":"FIELY MICHELLE L TRUSTEE","a":"","d":"NORTHWESTERN LOCAL SCHOOL DISTRICT","t":3818.17,"l":"","k":"real","c":0}},{"type":"Feature","geometry":{"type":"Polygon","coordinates":[[[-82.01217245193911,40.89438731665589],[-82.0130314039458,40.89441031479643],[-82.01310159650546,40.89288517675568],[-82.01219414265996,40.89286624298584],[-82.01219307635972,40.893555845117774],[-82.01211637281088,40.894385796257694],[-82.01217245193911,40.89438731665589]]]},"properties":{"p":"10-01305.002","o":"PLEBAN WAYNE L & LORNA M","a":"","d":"NORTHWESTERN LOCAL SCHOOL DISTRICT","t":116.06,"l":"","k":"real","c":0}},{"type":"Feature","geometry":{"type":"Polygon","coordinates":[[[-82.11750121796602,40.894427176336976],[-82.11754814595646,40.89486947125744],[-82.11802549991867,40.89487819633677],[-82.11791457954065,40.8937781346415],[-82.11743730642681,40.89376943861665],[-82.11750121796602,40.894427176336976]]]},"properties":{"p":"10-01136.000","o":"MCCLINTOCK JEROD","a":"","d":"NORTHWESTERN LOCAL SCHOOL DISTRICT","t":3315.35,"l":"","k":"real","c":0}},{"type":"Feature","geometry":{"type":"Polygon","coordinates":[[[-81.7337879850397,40.928573339570605],[-81.73379153877495,40.92866595780301],[-81.73381528753613,40.92865601280575],[-81.73379204722141,40.92750985626352],[-81.7337471431353,40.927508980724724],[-81.7337879850397,40.928573339570605]]]},"properties":{"p":"12-00821.000","o":"HOLLINGER ERNEST C","a":"","d":"CHIPPEWA LOCAL SCHOOL DISTRICT","t":415.34,"l":"","k":"real","c":0}},{"type":"Feature","geometry":{"type":"Polygon","coordinates":[[[-81.76108375578342,40.93129883113524],[-81.7610128553513,40.93129842325254],[-81.76100526818041,40.93204553860199],[-81.76158429346646,40.93204892921548],[-81.76159191118008,40.93130181322578],[-81.76108375578342,40.93129883113524]]]},"properties":{"p":"12-00188.000","o":"BOND KIRK ALLEN & HAROLD GENE TRUSTEES","a":"","d":"CHIPPEWA LOCAL SCHOOL DISTRICT","t":9058.59,"l":"","k":"real","c":0}},{"type":"Feature","geometry":{"type":"Polygon","coordinates":[[[-81.74530606952663,40.945520569282706],[-81.74524162798141,40.94591708650949],[-81.74543138540707,40.945901883518026],[-81.7457623561988,40.94467964274955],[-81.74545696942637,40.9445920240339],[-81.74530606952663,40.945520569282706]]]},"properties":{"p":"12-00989.000","o":"MEADOWS DEBORAH","a":"","d":"CHIPPEWA LOCAL SCHOOL DISTRICT","t":9631.23,"l":"","k":"real","c":0}},{"type":"Feature","geometry":{"type":"Polygon","coordinates":[[[-81.73933525888724,40.94922619084817],[-81.73970294112965,40.949523554331066],[-81.73984688267922,40.94942124533408],[-81.73947920672501,40.94912387731947],[-81.73933525888724,40.94922619084817]]]},"properties":{"p":"12-00562.000","o":"BLYTH JAMES T & SANDRA K","a":"","d":"CHIPPEWA LOCAL SCHOOL DISTRICT","t":320.47,"l":"","k":"real","c":0}},{"type":"Feature","geometry":{"type":"Polygon","coordinates":[[[-81.68214699334061,40.95140805308913],[-81.68214247122148,40.95149284848465],[-81.6827983240239,40.95163839349801],[-81.68283356044093,40.950977435638045],[-81.68217771572334,40.950831890524576],[-81.68214699334061,40.95140805308913]]]},"properties":{"p":"12-00925.000","o":"JOHNSON JAMES MICHAEL & LINDASUE","a":"","d":"CHIPPEWA LOCAL SCHOOL DISTRICT","t":1335.9,"l":"","k":"real","c":0}},{"type":"Feature","geometry":{"type":"Polygon","coordinates":[[[-81.66835197245922,40.95580027818326],[-81.66834396847005,40.95604515060997],[-81.6689282426123,40.956048192641006],[-81.66897223221345,40.955803443019896],[-81.66835197245922,40.95580027818326]]]},"properties":{"p":"12-01752.000","o":"GRESSER GREG & BONNI","a":"","d":"CHIPPEWA LOCAL SCHOOL DISTRICT","t":28766.85,"l":"","k":"real","c":0}},{"type":"Feature","geometry":{"type":"Polygon","coordinates":[[[-81.65706719751955,40.96422026106121],[-81.65707755060322,40.96757748307456],[-81.66060939122876,40.96755417666377],[-81.66002385495354,40.964208557745536],[-81.65706719751955,40.96422026106121]]]},"properties":{"p":"12-02010.000","o":"WALSH JAMES","a":"","d":"CHIPPEWA LOCAL SCHOOL DISTRICT","t":528.38,"l":"","k":"real","c":0}},{"type":"Feature","geometry":{"type":"Polygon","coordinates":[[[-81.6531537462731,40.96394971810315],[-81.64945550531758,40.963984994374314],[-81.64946346349268,40.96528324015581],[-81.64765215085943,40.965300496719294],[-81.64766578459052,40.967706086018886],[-81.65238013691337,40.96765384271393],[-81.65707755060322,40.96757748307456],[-81.65706685346481,40.96392637988586],[-81.6531537462731,40.96394971810315]]]},"properties":{"p":"12-02008.000","o":"WALSH JAMES","a":"","d":"CHIPPEWA LOCAL SCHOOL DISTRICT","t":2882.38,"l":"","k":"real","c":0}},{"type":"Feature","geometry":{"type":"Polygon","coordinates":[[[-81.73677140238767,40.96921864609913],[-81.73670903505243,40.96946871389288],[-81.73770006096545,40.96952692055992],[-81.73791963437371,40.96866130347826],[-81.73694090819357,40.96860506105371],[-81.73677140238767,40.96921864609913]]]},"properties":{"p":"12-00832.000","o":"SNODGRASS JAMES","a":"","d":"CHIPPEWA LOCAL SCHOOL DISTRICT","t":13361.16,"l":"","k":"real","c":0}},{"type":"Feature","geometry":{"type":"Polygon","coordinates":[[[-81.66046854796862,40.96755530060818],[-81.65707755060322,40.96757748307456],[-81.6570901386953,40.96869425341256],[-81.65800729614249,40.968724475253104],[-81.65801968391024,40.96982216183672],[-81.65787915955205,40.970836607524234],[-81.65891718711737,40.97100596380396],[-81.66049708385194,40.971302207038576],[-81.6604837214121,40.96755520632439],[-81.66046854796862,40.96755530060818]]]},"properties":{"p":"12-02011.003","o":"WALSH FARMS A GENERAL PARTNERSHIP","a":"","d":"CHIPPEWA LOCAL SCHOOL DISTRICT","t":3164.23,"l":"","k":"real","c":0}},{"type":"Feature","geometry":{"type":"Polygon","coordinates":[[[-81.65711241421938,40.970670272497095],[-81.65711334217907,40.97075277095176],[-81.65787915955205,40.970836607524234],[-81.65801968391024,40.96982216183672],[-81.65800729614249,40.968724475253104],[-81.6570901386953,40.96869425341256],[-81.65711241421938,40.970670272497095]]]},"properties":{"p":"12-02011.001","o":"WALSH FARMS A GENERAL PARTNERSHIP","a":"","d":"CHIPPEWA LOCAL SCHOOL DISTRICT","t":2227.76,"l":"","k":"real","c":0}},{"type":"Feature","geometry":{"type":"Polygon","coordinates":[[[-81.66355201967295,40.97067794371618],[-81.66355620761881,40.971812367480815],[-81.66428087945681,40.97193324904715],[-81.66427634296464,40.97067648136892],[-81.66355201967295,40.97067794371618]]]},"properties":{"p":"12-01616.001","o":"STEVENS JAMIE L","a":"","d":"CHIPPEWA LOCAL SCHOOL DISTRICT","t":8310.2,"l":"","k":"real","c":0}},{"type":"Feature","geometry":{"type":"Polygon","coordinates":[[[-81.66764138710317,40.974743057025506],[-81.66777179283802,40.9747448088855],[-81.66776823461119,40.97406801435865],[-81.66678859035281,40.97406754230791],[-81.6667901112006,40.97451853980842],[-81.66763758992448,40.97451693172697],[-81.66764138710317,40.974743057025506]]]},"properties":{"p":"12-00961.000","o":"STUBBLEFIELD LYNDON","a":"","d":"CHIPPEWA LOCAL SCHOOL DISTRICT","t":2794.37,"l":"","k":"real","c":0}},{"type":"Feature","geometry":{"type":"Polygon","coordinates":[[[-81.7525357100349,40.983284142195366],[-81.75352480726501,40.9853623506963],[-81.75396281322114,40.985351369257465],[-81.75395385881438,40.9845955327856],[-81.75389297639433,40.98308360599765],[-81.75273923234569,40.98314216210144],[-81.75237299369591,40.98283803843274],[-81.75219085847543,40.98296599316498],[-81.7525357100349,40.983284142195366]]]},"properties":{"p":"12-01738.000","o":"HOWARD JASON","a":"","d":"CHIPPEWA LOCAL SCHOOL DISTRICT","t":725.06,"l":"","k":"real","c":0}},{"type":"Feature","geometry":{"type":"Polygon","coordinates":[[[-81.75842877148646,40.984412425062864],[-81.75917446749537,40.98572381220426],[-81.7593994918808,40.985573851874854],[-81.75865366471784,40.98426235664133],[-81.75842877148646,40.984412425062864]]]},"properties":{"p":"12-00224.000","o":"GIFFIN CARL E & DEBRA L ROWE S/T","a":"","d":"CHIPPEWA LOCAL SCHOOL DISTRICT","t":2731.16,"l":"","k":"real","c":0}},{"type":"Feature","geometry":{"type":"Polygon","coordinates":[[[-81.75824582239231,40.984534502811584],[-81.75899141240004,40.98584580140509],[-81.75917446749537,40.98572381220426],[-81.75842877148646,40.984412425062864],[-81.75824582239231,40.984534502811584]]]},"properties":{"p":"12-00309.000","o":"SHAW LARRY D & OLIVE K & MARY M CASSADY LE","a":"","d":"CHIPPEWA LOCAL SCHOOL DISTRICT","t":655.57,"l":"","k":"real","c":0}},{"type":"Feature","geometry":{"type":"Polygon","coordinates":[[[-81.75806661478136,40.98455084361672],[-81.75885541285592,40.985936432464264],[-81.75899141240004,40.98584580140509],[-81.75829162299709,40.98461317218576],[-81.75820270864858,40.984460443929],[-81.75806661478136,40.98455084361672]]]},"properties":{"p":"12-02493.000","o":"SHAW LOUIS & CHRISANN & LOUISSHAW JR","a":"","d":"CHIPPEWA LOCAL SCHOOL DISTRICT","t":449.35,"l":"","k":"real","c":0}},{"type":"Feature","geometry":{"type":"Polygon","coordinates":[[[-81.69945467132469,40.987287556362496],[-81.69946809305335,40.988487249129115],[-81.70081143732249,40.9884839543113],[-81.70083967137187,40.985956215016486],[-81.69845754225763,40.9859707245685],[-81.69847129007474,40.987296115313555],[-81.69945467132469,40.987287556362496]]]},"properties":{"p":"12-02375.000","o":"MCCORT KENNETH J","a":"","d":"CHIPPEWA LOCAL SCHOOL DISTRICT","t":5106.3,"l":"","k":"real","c":0}},{"type":"Feature","geometry":{"type":"Polygon","coordinates":[[[-81.6816056505841,40.98758073133577],[-81.6818176844322,40.98857681128689],[-81.68416061376239,40.988576693300175],[-81.6841543731661,40.98757891878812],[-81.6816056505841,40.98758073133577]]]},"properties":{"p":"12-02480.000","o":"REED BARBARA A","a":"","d":"CHIPPEWA LOCAL SCHOOL DISTRICT","t":6628.98,"l":"","k":"real","c":0}},{"type":"Feature","geometry":{"type":"Polygon","coordinates":[[[-81.65673920643965,40.931335288098985],[-81.65627436061946,40.93133999944647],[-81.65656437092916,40.93148834767551],[-81.6571985662484,40.93187695987351],[-81.65817430283528,40.9325210975981],[-81.65853415087011,40.932054237059155],[-81.65761581393492,40.93169201596444],[-81.65683562261911,40.931334310809916],[-81.65673920643965,40.931335288098985]]]},"properties":{"p":"12-00664.000","o":"STAHL ELIZABETH K","a":"","d":"CHIPPEWA LOCAL SCHOOL DISTRICT","t":1027.51,"l":"","k":"real","c":0}},{"type":"Feature","geometry":{"type":"Polygon","coordinates":[[[-81.67608390775524,40.9847544526795],[-81.6761224248197,40.98483641746961],[-81.67634486834528,40.98470237070571],[-81.67634495548187,40.983503994512965],[-81.67521783749825,40.98350914157111],[-81.67525072302418,40.984223652417114],[-81.67546742901004,40.98423608524037],[-81.67583240462852,40.984219235760136],[-81.67608390775524,40.9847544526795]]]},"properties":{"p":"12-01609.000","o":"MIHELIC ERIC","a":"","d":"CHIPPEWA LOCAL SCHOOL DISTRICT","t":3948.28,"l":"","k":"real","c":0}},{"type":"Feature","geometry":{"type":"Polygon","coordinates":[[[-81.6681961246389,40.94638568378995],[-81.66854627536024,40.94653684800253],[-81.66892208376271,40.94666604832749],[-81.670591499412,40.947304452967984],[-81.67060010617072,40.94694565649019],[-81.67191031069072,40.94642942649539],[-81.67230008520092,40.94675812552438],[-81.67245292007178,40.94654851441901],[-81.67380458813034,40.946310289503664],[-81.67395688401203,40.945905380627046],[-81.67153518231291,40.94584109458714],[-81.66679559272045,40.94575592281592],[-81.66680328140097,40.94584871780303],[-81.6681961246389,40.94638568378995]]]},"properties":{"p":"12-00673.002","o":"CASAS DE AMIGOS LLC","a":"","d":"CHIPPEWA LOCAL SCHOOL DISTRICT","t":4902.99,"l":"","k":"real","c":0}},{"type":"Feature","geometry":{"type":"Polygon","coordinates":[[[-81.67909798190892,40.90956270713456],[-81.67888871846516,40.90956317285759],[-81.6814005041193,40.91281797193601],[-81.68217789987797,40.914107428640285],[-81.68216103760177,40.91479266770338],[-81.68553037928064,40.91483855203329],[-81.68553235467596,40.914756220620774],[-81.68234577793659,40.91471282759003],[-81.68235955180484,40.914078741116754],[-81.68156123697814,40.912754588492156],[-81.68150091151357,40.90955734113598],[-81.67909798190892,40.90956270713456]]]},"properties":{"p":"12-00946.000","o":"MCENDREE RACHAEL","a":"","d":"CHIPPEWA LOCAL SCHOOL DISTRICT","t":2990.22,"l":"","k":"real","c":0}},{"type":"Feature","geometry":{"type":"Polygon","coordinates":[[[-82.06241228379734,40.87266208204202],[-82.0638111700022,40.87266227563546],[-82.06382178898716,40.86588024907011],[-82.0614053271611,40.865877137670566],[-82.06139322954915,40.86606307206737],[-82.06139967765628,40.8680623761317],[-82.06038306592733,40.86801644508557],[-82.06040147959403,40.86935889792667],[-82.06140422043666,40.8694621372159],[-82.06142341024776,40.87265902869955],[-82.06241228379734,40.87266208204202]]]},"properties":{"p":"10-00754.003","o":"BOREMAN JAMES W & SHERRI L S/T","a":"","d":"NORTHWESTERN LOCAL SCHOOL DISTRICT","t":12141.4,"l":"","k":"real","c":0}},{"type":"Feature","geometry":{"type":"Polygon","coordinates":[[[-81.73858587978566,40.94972777832882],[-81.73897398342943,40.95004166870333],[-81.73910604116608,40.94994780828573],[-81.73871794021726,40.94963391610801],[-81.73858587978566,40.94972777832882]]]},"properties":{"p":"12-01890.000","o":"SHERBOURNE ZACHARY A","a":"","d":"CHIPPEWA LOCAL SCHOOL DISTRICT","t":128.44,"l":"","k":"real","c":0}},{"type":"Feature","geometry":{"type":"Polygon","coordinates":[[[-81.73706785002469,40.95080668729634],[-81.737455943787,40.95112059018197],[-81.73760253177338,40.95101640633104],[-81.73721445957062,40.950702489380596],[-81.73706785002469,40.95080668729634]]]},"properties":{"p":"12-01911.000","o":"HAYES GERALD","a":"","d":"CHIPPEWA LOCAL SCHOOL DISTRICT","t":603.73,"l":"","k":"real","c":0}},{"type":"Feature","geometry":{"type":"Polygon","coordinates":[[[-81.68092185748141,40.936170736017914],[-81.68093792924016,40.93849927743837],[-81.68557718240527,40.93842343577314],[-81.68557545584328,40.93682950356952],[-81.68092076513001,40.93601249241566],[-81.68092185748141,40.936170736017914]]]},"properties":{"p":"12-03006.000","o":"MAKENIE ENTERPRISES LLC","a":"","d":"CHIPPEWA LOCAL SCHOOL DISTRICT","t":1775.05,"l":"","k":"real","c":0}},{"type":"Feature","geometry":{"type":"Polygon","coordinates":[[[-81.64809648365011,40.93765444569038],[-81.64798245869444,40.937623533051145],[-81.64789311315462,40.937638638192844],[-81.64892572298045,40.93926357540464],[-81.6496372425844,40.93859850012657],[-81.64809648365011,40.93765444569038]]]},"properties":{"p":"12-02768.000","o":"VALLOR CHARLES & DREW","a":"","d":"CHIPPEWA LOCAL SCHOOL DISTRICT","t":795.64,"l":"","k":"real","c":0}},{"type":"Feature","geometry":{"type":"Polygon","coordinates":[[[-81.68745478441825,40.96645815694875],[-81.68722926595945,40.96726957867779],[-81.68745999734185,40.96731681030461],[-81.68769886656243,40.96645733958274],[-81.68816375280679,40.9665525033041],[-81.68854815628991,40.96516928703099],[-81.68785255752775,40.96502689554443],[-81.68745478441825,40.96645815694875]]]},"properties":{"p":"17-00267.001","o":"FARMWALD ROBERT E & TRACI J S/T","a":"","d":"CHIPPEWA LOCAL SCHOOL DISTRICT","t":11786.83,"l":"","k":"real","c":0}},{"type":"Feature","geometry":{"type":"Polygon","coordinates":[[[-81.65136897526324,40.970434374273935],[-81.65136927170728,40.97051687438013],[-81.65239363769375,40.9705588742219],[-81.65238013691337,40.96765384271393],[-81.64766578459052,40.967706086018886],[-81.64767600382517,40.96931211148807],[-81.64992481756136,40.96928134322054],[-81.65136482235168,40.969278083392226],[-81.65136897526324,40.970434374273935]]]},"properties":{"p":"12-02935.000","o":"WALSH FARMS A GENERAL PARTNERSHIP","a":"","d":"CHIPPEWA LOCAL SCHOOL DISTRICT","t":694.7,"l":"","k":"real","c":0}},{"type":"Feature","geometry":{"type":"Polygon","coordinates":[[[-81.69020372710403,40.973822221964575],[-81.69065637290434,40.97410253916394],[-81.69080663320361,40.973961656358256],[-81.69035522348513,40.97368210089951],[-81.69020372710403,40.973822221964575]]]},"properties":{"p":"17-00207.000","o":"LEMON JEANIE L","a":"","d":"CHIPPEWA LOCAL SCHOOL DISTRICT","t":1718.92,"l":"","k":"real","c":0}},{"type":"Feature","geometry":{"type":"Polygon","coordinates":[[[-81.75017749946343,40.975941988479256],[-81.75022565185762,40.97899665374784],[-81.75091187310652,40.978985797391125],[-81.75090219825091,40.97867237628803],[-81.75219045423356,40.97865572138234],[-81.75215142692605,40.975603611450005],[-81.75101340069992,40.97530038082732],[-81.74971107620162,40.97531572218796],[-81.74971198350003,40.975904605960686],[-81.75017699191528,40.97590267304811],[-81.75017749946343,40.975941988479256]]]},"properties":{"p":"15-00062.000","o":"SKALA MICHAEL D & JAMIE L","a":"","d":"RITTMAN EX VILL SCHOOL DISTRICT","t":2108.17,"l":"","k":"real","c":0}},{"type":"Feature","geometry":{"type":"Polygon","coordinates":[[[-81.7620447168805,40.979129157716244],[-81.76210807954907,40.979812738354866],[-81.76233114021727,40.979155375540614],[-81.7620347078516,40.97902117006407],[-81.7620447168805,40.979129157716244]]]},"properties":{"p":"15-00100.000","o":"STARCHER HOLLY L & ANNA L","a":"","d":"RITTMAN EX VILL SCHOOL DISTRICT","t":5291.6,"l":"","k":"real","c":0}},{"type":"Feature","geometry":{"type":"Polygon","coordinates":[[[-81.66682402170426,40.980076863157464],[-81.66671536328413,40.980076881468115],[-81.66671767644598,40.980351390697194],[-81.66753255440987,40.98035119402814],[-81.66753032479134,40.980076740408315],[-81.66682402170426,40.980076863157464]]]},"properties":{"p":"12-02717.000","o":"GRIMES JOSH & NATHAN","a":"","d":"CHIPPEWA LOCAL SCHOOL DISTRICT","t":5803.58,"l":"","k":"real","c":0}},{"type":"Feature","geometry":{"type":"Polygon","coordinates":[[[-81.66079761433193,40.98180303051986],[-81.66170225195901,40.981832815049664],[-81.66169420125745,40.981195803624516],[-81.66233195749845,40.98121020097109],[-81.66231912955621,40.981141304586856],[-81.66079094434095,40.9811067977068],[-81.66079761433193,40.98180303051986]]]},"properties":{"p":"12-02620.000","o":"BLARICOM ROBERT SR","a":"","d":"CHIPPEWA LOCAL SCHOOL DISTRICT","t":1799.68,"l":"","k":"real","c":0}},{"type":"Feature","geometry":{"type":"Polygon","coordinates":[[[-81.68874510652607,40.964080936321274],[-81.68811592919602,40.96408253516032],[-81.68785255752775,40.96502689554443],[-81.68854815628991,40.96516928703099],[-81.6879248871795,40.96741197549972],[-81.68815561946022,40.96745920431147],[-81.68909546206328,40.964080063980546],[-81.68874510652607,40.964080936321274]]]},"properties":{"p":"17-00267.000","o":"FARMWALD WAYNE E","a":"","d":"CHIPPEWA LOCAL SCHOOL DISTRICT","t":2392.47,"l":"","k":"real","c":0}},{"type":"Feature","geometry":{"type":"Polygon","coordinates":[[[-81.67931496277927,40.942044185370236],[-81.67931942381298,40.94212819819452],[-81.6800375011185,40.94220708166753],[-81.6807063615262,40.94224523240665],[-81.68012967545316,40.941354719752525],[-81.67927796296937,40.9413474373386],[-81.67931496277927,40.942044185370236]]]},"properties":{"p":"12-02755.000","o":"MOINE JOSEPH H JR","a":"","d":"CHIPPEWA LOCAL SCHOOL DISTRICT","t":1367,"l":"","k":"real","c":0}},{"type":"Feature","geometry":{"type":"Polygon","coordinates":[[[-82.02590834121693,40.68398232718417],[-82.02590882451057,40.684014443380505],[-82.02663794480586,40.68401710485646],[-82.02663783970297,40.68398498866142],[-82.02590834121693,40.68398232718417]]]},"properties":{"p":"20-00352.000","o":"GEIB PAUL E & LAROMA A","a":"","d":"TRIWAY LOCAL SCHOOL DISTRICT","t":357.32,"l":"","k":"real","c":0}},{"type":"Feature","geometry":{"type":"Polygon","coordinates":[[[-82.08247886498705,40.66817362712758],[-82.08248255346963,40.66872259156498],[-82.08291506443116,40.66871543793088],[-82.08291137684691,40.66816657972818],[-82.08247886498705,40.66817362712758]]]},"properties":{"p":"18-00016.000","o":"EFAW CHARLES A & BETTY L","a":"","d":"WEST HOLMES LOCAL SCHOOL DISTRICT","t":334.3,"l":"","k":"real","c":0}},{"type":"Feature","geometry":{"type":"Polygon","coordinates":[[[-82.09241538995784,40.66803977410744],[-82.09242754326532,40.6685636851804],[-82.0931131824059,40.66843837386963],[-82.093103837232,40.668030215844006],[-82.09241538995784,40.66803977410744]]]},"properties":{"p":"18-00237.000","o":"MCINTIRE MARILYN","a":"","d":"WEST HOLMES LOCAL SCHOOL DISTRICT","t":242.74,"l":"","k":"real","c":0}},{"type":"Feature","geometry":{"type":"Polygon","coordinates":[[[-82.09219912594307,40.66804277690637],[-82.0922121290568,40.66860305171085],[-82.09242754326532,40.6685636851804],[-82.09241538995784,40.66803977410744],[-82.09219912594307,40.66804277690637]]]},"properties":{"p":"18-00251.000","o":"MCINTIRE DALE","a":"","d":"WEST HOLMES LOCAL SCHOOL DISTRICT","t":261.23,"l":"","k":"real","c":0}},{"type":"Feature","geometry":{"type":"Polygon","coordinates":[[[-82.01908510752634,40.678691676631004],[-82.01973462810433,40.678703187905064],[-82.01974047523849,40.678385098045574],[-82.01909241891443,40.678373605110735],[-82.01908510752634,40.678691676631004]]]},"properties":{"p":"20-00517.000","o":"HAAS RAYMOND E & DONNA S/T","a":"","d":"TRIWAY LOCAL SCHOOL DISTRICT","t":508.09,"l":"","k":"real","c":0}},{"type":"Feature","geometry":{"type":"Polygon","coordinates":[[[-82.07227356857486,40.677411281771555],[-82.0722222020086,40.677411890831],[-82.07225935093888,40.67922877896645],[-82.07236749372603,40.679227415773234],[-82.07233034389746,40.677410609353544],[-82.07227356857486,40.677411281771555]]]},"properties":{"p":"18-00077.002","o":"MANOR REAL ESTATE CO","a":"","d":"WEST HOLMES LOCAL SCHOOL DISTRICT","t":88.06,"l":"","k":"real","c":0}},{"type":"Feature","geometry":{"type":"Polygon","coordinates":[[[-82.02402385721054,40.68132281182895],[-82.02466906497682,40.68133896662381],[-82.02466816127165,40.68117473783484],[-82.02402415994278,40.68115830778073],[-82.02402385721054,40.68132281182895]]]},"properties":{"p":"20-00125.000","o":"AMSTUTZ TED","a":"","d":"TRIWAY LOCAL SCHOOL DISTRICT","t":5096.35,"l":"","k":"real","c":0}},{"type":"Feature","geometry":{"type":"Polygon","coordinates":[[[-82.02402355268165,40.681487315471124],[-82.0246699677837,40.68150319568936],[-82.02466906497682,40.68133896662381],[-82.02402385721054,40.68132281182895],[-82.02402355268165,40.681487315471124]]]},"properties":{"p":"20-00126.000","o":"EDINGTON DEBRA","a":"","d":"TRIWAY LOCAL SCHOOL DISTRICT","t":990.02,"l":"","k":"real","c":0}},{"type":"Feature","geometry":{"type":"Polygon","coordinates":[[[-82.0203223778284,40.682083618441126],[-82.02063733794681,40.68208893132877],[-82.02063823805872,40.68184023200887],[-82.02032343155224,40.68183510167088],[-82.0203223778284,40.682083618441126]]]},"properties":{"p":"20-00184.000","o":"BARNES JEREMY & SALLY S/T","a":"","d":"TRIWAY LOCAL SCHOOL DISTRICT","t":1819.09,"l":"","k":"real","c":0}},{"type":"Feature","geometry":{"type":"Polygon","coordinates":[[[-82.02179641888655,40.683269317891146],[-82.02221543805082,40.68327760214243],[-82.0222140438655,40.683040399389924],[-82.02179641888655,40.683269317891146]]]},"properties":{"p":"20-00413.000","o":"SHREVE AUTO REPAIR LLC","a":"","d":"TRIWAY LOCAL SCHOOL DISTRICT","t":1911.6,"l":"","k":"real","c":0}},{"type":"Feature","geometry":{"type":"Polygon","coordinates":[[[-82.01961974525757,40.683888579355965],[-82.01979999221935,40.683891481303554],[-82.01980568035172,40.683397422233455],[-82.01962543877984,40.68339452094563],[-82.01961974525757,40.683888579355965]]]},"properties":{"p":"20-00318.000","o":"MORRIS VINCENT","a":"","d":"TRIWAY LOCAL SCHOOL DISTRICT","t":2326.08,"l":"","k":"real","c":0}},{"type":"Feature","geometry":{"type":"Polygon","coordinates":[[[-82.02663624788828,40.683498044185434],[-82.02663783970297,40.68398498866142],[-82.02686009278574,40.68398579861698],[-82.02686025178753,40.683500752685696],[-82.02663624788828,40.683498044185434]]]},"properties":{"p":"20-00392.000","o":"SCHULTZ TYREL S & VANESSA J","a":"","d":"TRIWAY LOCAL SCHOOL DISTRICT","t":651.77,"l":"","k":"real","c":0}},{"type":"Feature","geometry":{"type":"Polygon","coordinates":[[[-82.02663783970297,40.68398498866142],[-82.02663794480586,40.68401710485646],[-82.02686008200594,40.68401791413042],[-82.02686009278574,40.68398579861698],[-82.02663783970297,40.68398498866142]]]},"properties":{"p":"20-00391.000","o":"SCHULTZ TYREL S & VANESSA J","a":"","d":"TRIWAY LOCAL SCHOOL DISTRICT","t":8.97,"l":"","k":"real","c":0}},{"type":"Feature","geometry":{"type":"Polygon","coordinates":[[[-82.02243698415946,40.684162153433206],[-82.02308225480782,40.68417184494404],[-82.02308222336679,40.68416363437413],[-82.02243698415946,40.684162153433206]]]},"properties":{"p":"20-00584.000","o":"MCMILLEN SUSAN L","a":"","d":"TRIWAY LOCAL SCHOOL DISTRICT","t":8.15,"l":"","k":"real","c":0}},{"type":"Feature","geometry":{"type":"Polygon","coordinates":[[[-82.02243151072443,40.686291258742074],[-82.02308275606775,40.686303715549094],[-82.02308271025368,40.68614964388558],[-82.02243135890915,40.686136938417135],[-82.02243151072443,40.686291258742074]]]},"properties":{"p":"20-00016.000","o":"BUCK EDDY J & LAURA J S/T","a":"","d":"TRIWAY LOCAL SCHOOL DISTRICT","t":425.59,"l":"","k":"real","c":0}},{"type":"Feature","geometry":{"type":"Polygon","coordinates":[[[-82.02401461534289,40.69014686004196],[-82.02473581788728,40.69015796473797],[-82.02473624548536,40.68991221492259],[-82.02401493604144,40.68990192688068],[-82.02401461534289,40.69014686004196]]]},"properties":{"p":"20-00330.000","o":"MOYERS TEDDY GLEN JR & ROSE ANNA","a":"","d":"TRIWAY LOCAL SCHOOL DISTRICT","t":3824.87,"l":"","k":"real","c":0}},{"type":"Feature","geometry":{"type":"Polygon","coordinates":[[[-82.11690638053435,40.694778617134574],[-82.11659176357239,40.69478079187741],[-82.11632905486081,40.69548683918861],[-82.11685571914559,40.69569969439565],[-82.11749970520309,40.694774525784524],[-82.11690638053435,40.694778617134574]]]},"properties":{"p":"18-00161.004","o":"SCHEIBE MARK E","a":"","d":"WEST HOLMES LOCAL SCHOOL DISTRICT","t":981.55,"l":"","k":"real","c":0}},{"type":"Feature","geometry":{"type":"Polygon","coordinates":[[[-82.11378154590277,40.695582811483504],[-82.11396876828272,40.695910375578926],[-82.11672221332468,40.69589132221012],[-82.11685571914559,40.69569969439565],[-82.11624752196899,40.6954541203076],[-82.11543743202554,40.69542019179383],[-82.11542088775296,40.69533701697211],[-82.11540387455979,40.69533630046402],[-82.11496717924568,40.69558688371342],[-82.11378154590277,40.695582811483504]]]},"properties":{"p":"18-00161.002","o":"SCHEIBE MARK E","a":"","d":"WEST HOLMES LOCAL SCHOOL DISTRICT","t":9905.06,"l":"","k":"real","c":0}},{"type":"Feature","geometry":{"type":"Polygon","coordinates":[[[-82.11739481970714,40.694925861298074],[-82.11672221332468,40.69589132221012],[-82.11564949551804,40.69751218489779],[-82.1160455681167,40.697527764351555],[-82.11675590733435,40.69643290366612],[-82.11790786283727,40.69477136004521],[-82.12158019907494,40.69474640872876],[-82.12158130310443,40.694547568184376],[-82.11804733436995,40.69457017114536],[-82.12102901527449,40.69018492714758],[-82.12062996386236,40.69017736576759],[-82.117638302675,40.69457339138218],[-82.11318158987059,40.69460173599796],[-82.11378154590277,40.695582811483504],[-82.11496717924568,40.69558688371342],[-82.11542088775296,40.69533701697211],[-82.11534323558317,40.69494611094645],[-82.11561333742955,40.69486331762781],[-82.11577917990573,40.69478641092756],[-82.11749970520309,40.694774525784524],[-82.11739481970714,40.694925861298074]]]},"properties":{"p":"18-00161.008","o":"SCHEIBE MARK E","a":"","d":"WEST HOLMES LOCAL SCHOOL DISTRICT","t":8407.26,"l":"","k":"real","c":0}},{"type":"Feature","geometry":{"type":"Polygon","coordinates":[[[-82.11615759072758,40.69736612538358],[-82.1160455681167,40.697527764351555],[-82.1169185383334,40.69756209838994],[-82.11766852110286,40.697562655504086],[-82.11767489734473,40.69643616331557],[-82.11675590733435,40.69643290366612],[-82.11615759072758,40.69736612538358]]]},"properties":{"p":"18-00061.004","o":"SCHEIBE MARK E","a":"","d":"WEST HOLMES LOCAL SCHOOL DISTRICT","t":36181.72,"l":"","k":"real","c":0}},{"type":"Feature","geometry":{"type":"Polygon","coordinates":[[[-82.11767489734473,40.69643616331557],[-82.11766852110286,40.697562655504086],[-82.1184800528423,40.697551224448034],[-82.11848632757457,40.69643881884681],[-82.11767489734473,40.69643616331557]]]},"properties":{"p":"18-00061.005","o":"SCHEIBE MARK E","a":"","d":"WEST HOLMES LOCAL SCHOOL DISTRICT","t":7248.91,"l":"","k":"real","c":0}},{"type":"Feature","geometry":{"type":"Polygon","coordinates":[[[-82.11848632757457,40.69643881884681],[-82.1184800528423,40.697551224448034],[-82.1193997893527,40.697538257579865],[-82.11940595179556,40.69644182513416],[-82.11848632757457,40.69643881884681]]]},"properties":{"p":"18-00061.006","o":"SCHEIBE MARK E","a":"","d":"WEST HOLMES LOCAL SCHOOL DISTRICT","t":923.41,"l":"","k":"real","c":0}},{"type":"Feature","geometry":{"type":"Polygon","coordinates":[[[-82.12175777354874,40.693692483261515],[-82.12168568105224,40.69369246419048],[-82.1216760987231,40.69740465557887],[-82.12174819840612,40.697403625800746],[-82.12175777354874,40.693692483261515]]]},"properties":{"p":"18-00285.000","o":"RUSH MARGARET","a":"","d":"WEST HOLMES LOCAL SCHOOL DISTRICT","t":991.81,"l":"","k":"real","c":0}},{"type":"Feature","geometry":{"type":"Polygon","coordinates":[[[-82.00504082391653,40.699016400277564],[-82.00493269999399,40.69901999760321],[-82.00507287670419,40.700685422731496],[-82.00650223915336,40.69908512128643],[-82.0066235817853,40.698976203793926],[-82.00660524088214,40.698964377287915],[-82.00504082391653,40.699016400277564]]]},"properties":{"p":"19-00735.000","o":"YODER ROY J","a":"","d":"TRIWAY LOCAL SCHOOL DISTRICT","t":1538.32,"l":"","k":"real","c":0}},{"type":"Feature","geometry":{"type":"Polygon","coordinates":[[[-82.05778732821832,40.700012923563584],[-82.05779582987417,40.701364302487896],[-82.05869731531293,40.70134812871129],[-82.05964695404418,40.69934739156207],[-82.05777985693011,40.698834063559275],[-82.05610971274713,40.69940003809417],[-82.05611822967434,40.6994872893695],[-82.05778046688619,40.69892404524305],[-82.05778732821832,40.700012923563584]]]},"properties":{"p":"19-00761.000","o":"DESKINS BARBARA L","a":"","d":"TRIWAY LOCAL SCHOOL DISTRICT","t":1969.38,"l":"","k":"real","c":0}},{"type":"Feature","geometry":{"type":"Polygon","coordinates":[[[-82.0785222371148,40.7116770452302],[-82.07909561109939,40.71325937320838],[-82.07969268713276,40.71295463958981],[-82.07912030039665,40.71135212372187],[-82.0785222371148,40.7116770452302]]]},"properties":{"p":"19-00130.003","o":"BUTTS JENNIFER L","a":"","d":"TRIWAY LOCAL SCHOOL DISTRICT","t":6428.71,"l":"","k":"real","c":0}},{"type":"Feature","geometry":{"type":"Polygon","coordinates":[[[-82.07107801872955,40.71606058986664],[-82.0713591411078,40.71662077833893],[-82.07004891502827,40.71692758204593],[-82.07062560469457,40.71793597026929],[-82.07227224984803,40.71794544852416],[-82.07229096355204,40.71635281518786],[-82.07200161799565,40.71579718296673],[-82.07107801872955,40.71606058986664]]]},"properties":{"p":"19-00379.000","o":"WILE TODD","a":"","d":"TRIWAY LOCAL SCHOOL DISTRICT","t":778.12,"l":"","k":"real","c":0}},{"type":"Feature","geometry":{"type":"Polygon","coordinates":[[[-82.07339959151216,40.718869590618866],[-82.07330937191153,40.71887121717117],[-82.07330906738265,40.71918824977224],[-82.07466845196952,40.71916374062147],[-82.07466770636782,40.718846729690924],[-82.07339959151216,40.718869590618866]]]},"properties":{"p":"19-00518.000","o":"ARMS SAMANTHA KAYE","a":"","d":"TRIWAY LOCAL SCHOOL DISTRICT","t":2515.58,"l":"","k":"real","c":0}},{"type":"Feature","geometry":{"type":"Polygon","coordinates":[[[-81.68816375280679,40.9665525033041],[-81.68769886656243,40.96645733958274],[-81.68745999734185,40.96731681030461],[-81.6879248871795,40.96741197549972],[-81.68816375280679,40.9665525033041]]]},"properties":{"p":"17-00267.002","o":"FARMWALD WAYNE E","a":"","d":"CHIPPEWA LOCAL SCHOOL DISTRICT","t":1165.84,"l":"","k":"real","c":0}},{"type":"Feature","geometry":{"type":"Polygon","coordinates":[[[-81.70381958439192,40.96810364006413],[-81.7028360531233,40.968103912060485],[-81.70283221282547,40.96819114618302],[-81.70381720565304,40.96818989608674],[-81.70381958439192,40.96810364006413]]]},"properties":{"p":"17-01075.001","o":"JEFFREY GALLAGHER HOLDINGS LLC","a":"","d":"CHIPPEWA LOCAL SCHOOL DISTRICT","t":174.13,"l":"","k":"real","c":0}},{"type":"Feature","geometry":{"type":"Polygon","coordinates":[[[-81.69467319239222,40.96814682981439],[-81.69479554832381,40.96832964218933],[-81.6951262999266,40.96818328407411],[-81.69507588647285,40.96796444425975],[-81.69454519593897,40.96797971746172],[-81.69467319239222,40.96814682981439]]]},"properties":{"p":"17-00536.000","o":"LUSK DAVID D & SANDRA L E/E","a":"","d":"CHIPPEWA LOCAL SCHOOL DISTRICT","t":621.08,"l":"","k":"real","c":0}},{"type":"Feature","geometry":{"type":"Polygon","coordinates":[[[-81.70314868211355,40.969068580414024],[-81.70379265110307,40.96907089811457],[-81.70381720565304,40.96818989608674],[-81.70283221282547,40.96819114618302],[-81.70280406052278,40.96907212309759],[-81.70314868211355,40.969068580414024]]]},"properties":{"p":"17-01074.000","o":"JEFFREY GALLAGHER HOLDINGS LLC","a":"","d":"CHIPPEWA LOCAL SCHOOL DISTRICT","t":2226.21,"l":"","k":"real","c":0}},{"type":"Feature","geometry":{"type":"Polygon","coordinates":[[[-81.69950525545835,40.96881373324446],[-81.6989045376548,40.96900754896046],[-81.6990796040323,40.96911497171499],[-81.69959855268712,40.968947108916254],[-81.69950525545835,40.96881373324446]]]},"properties":{"p":"17-00948.000","o":"PULLEN JAMES RANDALL & JANET SS/T","a":"","d":"CHIPPEWA LOCAL SCHOOL DISTRICT","t":833.73,"l":"","k":"real","c":0}},{"type":"Feature","geometry":{"type":"Polygon","coordinates":[[[-81.69765114888159,40.96918029185946],[-81.69750296009738,40.96932242477591],[-81.69761603104219,40.96939104794792],[-81.69776421982641,40.969248915857584],[-81.69765114888159,40.96918029185946]]]},"properties":{"p":"17-00900.000","o":"KEAR VENTURES LLC","a":"","d":"CHIPPEWA LOCAL SCHOOL DISTRICT","t":3635.62,"l":"","k":"real","c":0}},{"type":"Feature","geometry":{"type":"Polygon","coordinates":[[[-81.70578025990743,40.97016667027231],[-81.70594320801177,40.97016817604043],[-81.70594326101238,40.97012700480119],[-81.70588894617534,40.97012650287817],[-81.70588898210796,40.97009905446647],[-81.70578034973897,40.9700980512983],[-81.70578025990743,40.97016667027231]]]},"properties":{"p":"17-01122.008","o":"RAY RACHEL","a":"","d":"CHIPPEWA LOCAL SCHOOL DISTRICT","t":1809.3,"l":"","k":"real","c":0}},{"type":"Feature","geometry":{"type":"Polygon","coordinates":[[[-81.69536621748111,40.97169927887982],[-81.69569874774812,40.971902382298296],[-81.69577700178918,40.971899626543774],[-81.69580790383495,40.97185512546703],[-81.69579084303106,40.971494399828956],[-81.6956664308558,40.971418024286216],[-81.69536621748111,40.97169927887982]]]},"properties":{"p":"17-00345.000","o":"KEAR VENTURES LLC","a":"","d":"CHIPPEWA LOCAL SCHOOL DISTRICT","t":2157.38,"l":"","k":"real","c":0}},{"type":"Feature","geometry":{"type":"Polygon","coordinates":[[[-81.69468862814375,40.97168261407443],[-81.6952434788672,40.97202686184156],[-81.69531859778789,40.97195641486877],[-81.69476374796275,40.97161216741234],[-81.69468862814375,40.97168261407443]]]},"properties":{"p":"17-00860.000","o":"PANDREA ERIC L","a":"","d":"CHIPPEWA LOCAL SCHOOL DISTRICT","t":308.49,"l":"","k":"real","c":0}},{"type":"Feature","geometry":{"type":"Polygon","coordinates":[[[-81.69412958857615,40.972204809210126],[-81.69468444019789,40.97254905967857],[-81.69483531045323,40.9724085526977],[-81.6942804597298,40.972064302852594],[-81.69412958857615,40.972204809210126]]]},"properties":{"p":"17-00274.000","o":"THURMAN KENNETH W & JUDITH A","a":"","d":"CHIPPEWA LOCAL SCHOOL DISTRICT","t":17092.6,"l":"","k":"real","c":0}},{"type":"Feature","geometry":{"type":"Polygon","coordinates":[[[-81.68619082966067,40.973092564485746],[-81.68648052556003,40.97309546397814],[-81.68648249646375,40.972620385707096],[-81.68619484423168,40.97261301043033],[-81.68619082966067,40.973092564485746]]]},"properties":{"p":"17-00766.000","o":"HALL ANGELA C","a":"","d":"CHIPPEWA LOCAL SCHOOL DISTRICT","t":26.2,"l":"","k":"real","c":0}},{"type":"Feature","geometry":{"type":"Polygon","coordinates":[[[-81.69595489336825,40.97367443002972],[-81.69652201507849,40.97368625171467],[-81.6965427526868,40.973347485334635],[-81.69595422951326,40.97334505451802],[-81.69595489336825,40.97367443002972]]]},"properties":{"p":"17-00874.000","o":"BEDLION MELODY A","a":"","d":"CHIPPEWA LOCAL SCHOOL DISTRICT","t":1683.95,"l":"","k":"real","c":0}},{"type":"Feature","geometry":{"type":"Polygon","coordinates":[[[-81.68883505842872,40.97485842874267],[-81.68866253248684,40.97523287811997],[-81.68897039771112,40.97523180042545],[-81.68905959413063,40.9748593172183],[-81.68883505842872,40.97485842874267]]]},"properties":{"p":"17-00347.001","o":"BALOGH WILLIAM W","a":"","d":"CHIPPEWA LOCAL SCHOOL DISTRICT","t":1230.69,"l":"","k":"real","c":0}},{"type":"Feature","geometry":{"type":"Polygon","coordinates":[[[-81.69156847463313,40.9761044410112],[-81.69194620632862,40.975752183081276],[-81.69159499290032,40.97558298954933],[-81.69084204030052,40.975119941878326],[-81.69054439700587,40.97539577188486],[-81.69083105839617,40.97555462713446],[-81.69105175919012,40.975850728544046],[-81.69156847463313,40.9761044410112]]]},"properties":{"p":"17-01044.000","o":"NORRIS JARROD","a":"","d":"CHIPPEWA LOCAL SCHOOL DISTRICT","t":2748.58,"l":"","k":"real","c":0}},{"type":"Feature","geometry":{"type":"Polygon","coordinates":[[[-81.69860708839624,40.975607701782835],[-81.69856846083903,40.97560619817356],[-81.69857283114288,40.97606507277621],[-81.6986114182759,40.97606499478167],[-81.69860708839624,40.975607701782835]]]},"properties":{"p":"17-00869.000","o":"PARIDON JEFFREY JOHN & ROBBIE MAXINE","a":"","d":"CHIPPEWA LOCAL SCHOOL DISTRICT","t":38.47,"l":"","k":"real","c":0}},{"type":"Feature","geometry":{"type":"Polygon","coordinates":[[[-82.10944050736084,40.668206051423816],[-82.10947689811302,40.66828587575363],[-82.10991262594158,40.66817572574389],[-82.10942364867792,40.668169067406396],[-82.10944050736084,40.668206051423816]]]},"properties":{"p":"18-00011.001","o":"TRIPLE B OF LAKEVILLE LTD","a":"","d":"WEST HOLMES LOCAL SCHOOL DISTRICT","t":12.07,"l":"","k":"real","c":0}},{"type":"Feature","geometry":{"type":"Polygon","coordinates":[[[-81.69279672135818,40.96795071078777],[-81.69239385659763,40.968332098965845],[-81.69257972701308,40.96844598286966],[-81.69301897713588,40.968030146745456],[-81.6928309354924,40.96791592636692],[-81.69279672135818,40.96795071078777]]]},"properties":{"p":"17-00433.000","o":"VEGA JORGE LUIS & ANGELA MICHELLE S/T","a":"","d":"CHIPPEWA LOCAL SCHOOL DISTRICT","t":2276.67,"l":"","k":"real","c":0}},{"type":"Feature","geometry":{"type":"Polygon","coordinates":[[[-82.08016963864972,40.90668775400535],[-82.07864673463001,40.90668983355591],[-82.07881901802678,40.908349700002205],[-82.0804101895165,40.90831308031931],[-82.080242206355,40.90668765556107],[-82.08016963864972,40.90668775400535]]]},"properties":{"p":"22-00103.000","o":"KOURIS SUZANNE K","a":"","d":"NORTHWESTERN LOCAL SCHOOL DISTRICT","t":1212.84,"l":"","k":"real","c":0}},{"type":"Feature","geometry":{"type":"Polygon","coordinates":[[[-82.10888183520419,40.91656133174971],[-82.10969216679445,40.91664390529071],[-82.1099499967557,40.916450884844394],[-82.10979602731264,40.91645176188732],[-82.10978922706593,40.91599730341464],[-82.10945455880854,40.915998363069036],[-82.10945605360516,40.916066975144155],[-82.10887463880044,40.91607318779382],[-82.10888183520419,40.91656133174971]]]},"properties":{"p":"22-00345.000","o":"THOMPSON MARK A & BETTY L S/T","a":"","d":"NORTHWESTERN LOCAL SCHOOL DISTRICT","t":3649.47,"l":"","k":"real","c":0}},{"type":"Feature","geometry":{"type":"Polygon","coordinates":[[[-82.05387028460905,40.92481118900832],[-82.05389570513495,40.925318453554425],[-82.05480255710921,40.92521313555623],[-82.05473675461636,40.92427384061183],[-82.05374322959021,40.92431159989099],[-82.05374994000537,40.92440050525741],[-82.05384923259035,40.92439644365213],[-82.05387410514393,40.92460429652625],[-82.05387028460905,40.92481118900832]]]},"properties":{"p":"24-00179.000","o":"BRIGHT SHANNON FKA POFF","a":"","d":"NORTHWESTERN LOCAL SCHOOL DISTRICT","t":1963.6,"l":"","k":"real","c":0}},{"type":"Feature","geometry":{"type":"Polygon","coordinates":[[[-82.05316577815253,40.92696181624962],[-82.052494784246,40.92699280310694],[-82.05250576794697,40.92721490423085],[-82.05318502006591,40.927183152565206],[-82.05316577815253,40.92696181624962]]]},"properties":{"p":"24-00130.000","o":"STEWART CECIL","a":"","d":"NORTHWESTERN LOCAL SCHOOL DISTRICT","t":646.49,"l":"","k":"real","c":0}},{"type":"Feature","geometry":{"type":"Polygon","coordinates":[[[-82.05164005252452,40.92762010822495],[-82.05229594754776,40.92759276702077],[-82.05228280519513,40.92741188475687],[-82.05162688052751,40.92743922603586],[-82.05164005252452,40.92762010822495]]]},"properties":{"p":"24-00034.000","o":"BROWN ROBERT E JR","a":"","d":"NORTHWESTERN LOCAL SCHOOL DISTRICT","t":1389.44,"l":"","k":"real","c":0}},{"type":"Feature","geometry":{"type":"Polygon","coordinates":[[[-82.0516514485522,40.92779861511515],[-82.05230912762961,40.92777362096247],[-82.05229594754776,40.92759276702077],[-82.05164005252452,40.92762010822495],[-82.0516514485522,40.92779861511515]]]},"properties":{"p":"24-00033.000","o":"BROWN ROBERT E JR","a":"","d":"NORTHWESTERN LOCAL SCHOOL DISTRICT","t":811.96,"l":"","k":"real","c":0}},{"type":"Feature","geometry":{"type":"Polygon","coordinates":[[[-82.05253563154028,40.92777551863428],[-82.05254556600902,40.92795485041324],[-82.05324765330246,40.927929829850015],[-82.0532317037146,40.9277406485662],[-82.05253563154028,40.92777551863428]]]},"properties":{"p":"24-00108.000","o":"POPE CLAYTON & GAYLE","a":"","d":"NORTHWESTERN LOCAL SCHOOL DISTRICT","t":1070.9,"l":"","k":"real","c":0}},{"type":"Feature","geometry":{"type":"Polygon","coordinates":[[[-82.05174256916307,40.92820548446577],[-82.05175736711072,40.92840896265663],[-82.05235360052437,40.92838411126249],[-82.05233876394912,40.92818063231638],[-82.05174256916307,40.92820548446577]]]},"properties":{"p":"24-00086.000","o":"TAKACS JEANIE L","a":"","d":"NORTHWESTERN LOCAL SCHOOL DISTRICT","t":0.02,"l":"","k":"real","c":0}},{"type":"Feature","geometry":{"type":"Polygon","coordinates":[[[-82.08490754839256,40.92830481356138],[-82.08496474951662,40.930130121574884],[-82.08656192354906,40.930096541573505],[-82.08646168683471,40.928259057352506],[-82.08490754839256,40.92830481356138]]]},"properties":{"p":"22-00752.008","o":"PERRY BRENT ALLEN","a":"","d":"NORTHWESTERN LOCAL SCHOOL DISTRICT","t":15954.61,"l":"","k":"real","c":0}},{"type":"Feature","geometry":{"type":"Polygon","coordinates":[[[-81.99749701470563,40.94152250887079],[-81.99812083538163,40.9442177658434],[-81.99944259762607,40.943895408055376],[-81.99889804968063,40.94148419892912],[-81.99749701470563,40.94152250887079]]]},"properties":{"p":"21-00011.000","o":"BAUMAN BONNIE","a":"","d":"NORTH CENTRAL LOCAL SCHOOL DISTRICT","t":8144.98,"l":"","k":"real","c":0}},{"type":"Feature","geometry":{"type":"Polygon","coordinates":[[[-82.10989837057632,40.951572990858274],[-82.10946117220564,40.95157466530994],[-82.10946895520925,40.95207282568917],[-82.11078312219797,40.95206778337501],[-82.11119303424191,40.95156802042324],[-82.10989837057632,40.951572990858274]]]},"properties":{"p":"22-00425.000","o":"LANDIS RAYMOND E JR","a":"","d":"NORTHWESTERN LOCAL SCHOOL DISTRICT","t":3153.27,"l":"","k":"real","c":0}},{"type":"Feature","geometry":{"type":"Polygon","coordinates":[[[-82.00679229617543,40.95990199147961],[-82.0060345564535,40.95990792255073],[-82.0061108162346,40.96056152223922],[-82.00687167670382,40.960555564091926],[-82.00679229617543,40.95990199147961]]]},"properties":{"p":"21-00147.000","o":"GARNES IAN HUNTER","a":"","d":"NORTH CENTRAL LOCAL SCHOOL DISTRICT","t":8607.16,"l":"","k":"real","c":0}},{"type":"Feature","geometry":{"type":"Polygon","coordinates":[[[-82.02474604700343,40.96414942452879],[-82.02648820912272,40.964153866271324],[-82.02648025364256,40.963742820669985],[-82.02466441170367,40.96373807771685],[-82.0246916549113,40.96414928546994],[-82.02474604700343,40.96414942452879]]]},"properties":{"p":"22-00993.003","o":"SENSIBAUGH JEREMY L & HEATHER M S/T","a":"","d":"NORTHWESTERN LOCAL SCHOOL DISTRICT","t":1687.07,"l":"","k":"real","c":0}},{"type":"Feature","geometry":{"type":"Polygon","coordinates":[[[-82.11483029306436,40.967751959379186],[-82.115123044134,40.96795609849826],[-82.11592845385478,40.9672620332269],[-82.11478363456851,40.967719423415076],[-82.11483029306436,40.967751959379186]]]},"properties":{"p":"25-00030.000","o":"LISA M SMITH INC","a":"","d":"NORTHWESTERN LOCAL SCHOOL DISTRICT","t":17958.23,"l":"","k":"real","c":0}},{"type":"Feature","geometry":{"type":"Polygon","coordinates":[[[-82.11477377915152,40.96777456232452],[-82.11508328739446,40.96799038435016],[-82.115123044134,40.96795609849826],[-82.11483029306436,40.967751959379186],[-82.11477377915152,40.96777456232452]]]},"properties":{"p":"25-00158.000","o":"GARVER MERLIN JAN & PATRICIA AMYERS","a":"","d":"NORTHWESTERN LOCAL SCHOOL DISTRICT","t":777.68,"l":"","k":"real","c":0}},{"type":"Feature","geometry":{"type":"Polygon","coordinates":[[[-82.11436108233022,40.96793961249616],[-82.1144850318731,40.968025484817666],[-82.11469329369534,40.96794498731991],[-82.11456678754712,40.967857345893336],[-82.11436108233022,40.96793961249616]]]},"properties":{"p":"25-00159.000","o":"GARVER MERLIN JAN & PATRICIA AMYERS","a":"","d":"NORTHWESTERN LOCAL SCHOOL DISTRICT","t":2074.48,"l":"","k":"real","c":0}},{"type":"Feature","geometry":{"type":"Polygon","coordinates":[[[-82.11264276868509,40.96940974410759],[-82.11308708800101,40.969712592125276],[-82.11323312442181,40.9695866383832],[-82.1127887242575,40.96928386236369],[-82.11264276868509,40.96940974410759]]]},"properties":{"p":"25-00168.000","o":"VOJTECH CLINTON J","a":"","d":"NORTHWESTERN LOCAL SCHOOL DISTRICT","t":10739.32,"l":"","k":"real","c":0}},{"type":"Feature","geometry":{"type":"Polygon","coordinates":[[[-82.03511710594174,40.97462110900696],[-82.03514323793335,40.97515222257256],[-82.03676170024139,40.97513487973833],[-82.03672923961861,40.97449965654864],[-82.03525421670187,40.9745120389813],[-82.03514896918486,40.97455295925245],[-82.03511710594174,40.97462110900696]]]},"properties":{"p":"21-00075.006","o":"BRUNER JASON A & CHANDA M","a":"","d":"NORTH CENTRAL LOCAL SCHOOL DISTRICT","t":20540.05,"l":"","k":"real","c":0}},{"type":"Feature","geometry":{"type":"Polygon","coordinates":[[[-82.10978410127893,40.983689674211156],[-82.10989280730978,40.98369143058047],[-82.10986099347397,40.982006253381584],[-82.10615241560448,40.98205381285653],[-82.10621551147341,40.983658650888756],[-82.10827402430317,40.98366526338489],[-82.10978410127893,40.983689674211156]]]},"properties":{"p":"22-00277.003","o":"WRIGHT REBECCA A TRUSTEE","a":"","d":"NORTHWESTERN LOCAL SCHOOL DISTRICT","t":5432.91,"l":"","k":"real","c":0}},{"type":"Feature","geometry":{"type":"Polygon","coordinates":[[[-82.00573966919012,40.987129148435294],[-82.00565946490661,40.98717000459707],[-82.00568298010582,40.987940145054246],[-82.00655403691094,40.98787120552177],[-82.00649133719907,40.98707516694438],[-82.00573966919012,40.987129148435294]]]},"properties":{"p":"21-00002.000","o":"EMERY DEBORAH LEA & ROY C S/T","a":"","d":"NORTH CENTRAL LOCAL SCHOOL DISTRICT","t":467.84,"l":"","k":"real","c":0}},{"type":"Feature","geometry":{"type":"Polygon","coordinates":[[[-82.01913609230861,40.6757025408554],[-82.02077426275568,40.675734934920335],[-82.0207767564789,40.67547692857846],[-82.01913592971356,40.67544111292632],[-82.01913609230861,40.6757025408554]]]},"properties":{"p":"20-00794.000","o":"YOHO HOLLY & MARGARET CROSKEY","a":"","d":"TRIWAY LOCAL SCHOOL DISTRICT","t":7038.84,"l":"","k":"real","c":0}},{"type":"Feature","geometry":{"type":"Polygon","coordinates":[[[-82.01799045825037,40.682127642708835],[-82.0182861081834,40.68212962712117],[-82.01829009221167,40.68158066066257],[-82.01799444407527,40.68157867555265],[-82.01799045825037,40.682127642708835]]]},"properties":{"p":"20-00918.000","o":"KELLY GERALD L & PAMELA J","a":"","d":"TRIWAY LOCAL SCHOOL DISTRICT","t":4016.64,"l":"","k":"real","c":0}},{"type":"Feature","geometry":{"type":"Polygon","coordinates":[[[-82.02243693654874,40.68415398441563],[-82.02308222336679,40.68416363437413],[-82.02308202034753,40.684106160356215],[-82.0224365987822,40.68409679990208],[-82.02243693654874,40.68415398441563]]]},"properties":{"p":"20-00585.000","o":"MCMILLEN SUSAN L","a":"","d":"TRIWAY LOCAL SCHOOL DISTRICT","t":348.54,"l":"","k":"real","c":0}},{"type":"Feature","geometry":{"type":"Polygon","coordinates":[[[-82.11166516450072,40.97021797692699],[-82.1121319443937,40.97053597311319],[-82.11219942044795,40.970478173620464],[-82.11173280494667,40.970159475142104],[-82.11166516450072,40.97021797692699]]]},"properties":{"p":"25-00144.000","o":"HOLBROOK ALLEN E & ANGEL L S/T","a":"","d":"NORTHWESTERN LOCAL SCHOOL DISTRICT","t":589.85,"l":"","k":"real","c":0}},{"type":"Feature","geometry":{"type":"Polygon","coordinates":[[[-82.10822397107384,40.96780230133655],[-82.10822789581333,40.96801361192452],[-82.10881819675282,40.96800735803456],[-82.10881430525103,40.967796048783136],[-82.10822397107384,40.96780230133655]]]},"properties":{"p":"25-00607.000","o":"GRAY JOSHUA L","a":"","d":"NORTHWESTERN LOCAL SCHOOL DISTRICT","t":4043.5,"l":"","k":"real","c":0}},{"type":"Feature","geometry":{"type":"Polygon","coordinates":[[[-82.11384192975784,40.968090947804406],[-82.1139806404175,40.968187187657755],[-82.11429669558223,40.96791416211624],[-82.11384192975784,40.968090947804406]]]},"properties":{"p":"25-01066.002","o":"CASTO EDWARD W JR & PAMELA","a":"","d":"NORTHWESTERN LOCAL SCHOOL DISTRICT","t":27.69,"l":"","k":"real","c":0}},{"type":"Feature","geometry":{"type":"Polygon","coordinates":[[[-82.10887835063919,40.96800676656033],[-82.1088813887415,40.96817248155794],[-82.10947261584406,40.968166215473744],[-82.10947013649385,40.96800049435573],[-82.10887835063919,40.96800676656033]]]},"properties":{"p":"25-00629.000","o":"CLARK DOUGLAS E","a":"","d":"NORTHWESTERN LOCAL SCHOOL DISTRICT","t":4901.62,"l":"","k":"real","c":0}},{"type":"Feature","geometry":{"type":"Polygon","coordinates":[[[-82.1144850318731,40.968025484817666],[-82.11479442243676,40.968240102051226],[-82.11493894160304,40.9681154607124],[-82.11469329369534,40.96794498731991],[-82.1144850318731,40.968025484817666]]]},"properties":{"p":"25-00719.000","o":"CASTO EDWARD W JR & PAMELA TESTER","a":"","d":"NORTHWESTERN LOCAL SCHOOL DISTRICT","t":1787.08,"l":"","k":"real","c":0}},{"type":"Feature","geometry":{"type":"Polygon","coordinates":[[[-82.11416914559167,40.96809350429917],[-82.11461015910737,40.9683990206547],[-82.11475467917195,40.968274379616055],[-82.11431355785842,40.96796878874912],[-82.11416914559167,40.96809350429917]]]},"properties":{"p":"25-00718.000","o":"CASTO EDWARD W JR & PAMELA SUETESTER","a":"","d":"NORTHWESTERN LOCAL SCHOOL DISTRICT","t":637.42,"l":"","k":"real","c":0}},{"type":"Feature","geometry":{"type":"Polygon","coordinates":[[[-82.11729644699702,40.96804549250988],[-82.11818324138761,40.96862850953414],[-82.11839329984039,40.96844024248749],[-82.11752159355329,40.967883078466876],[-82.11729644699702,40.96804549250988]]]},"properties":{"p":"25-00917.000","o":"WHITLEY BONNIE","a":"","d":"NORTHWESTERN LOCAL SCHOOL DISTRICT","t":276.81,"l":"","k":"real","c":0}},{"type":"Feature","geometry":{"type":"Polygon","coordinates":[[[-82.11495182703746,40.97002276548435],[-82.1153994207126,40.970322789075546],[-82.11554329039693,40.97019936849365],[-82.11509558982227,40.969899290079105],[-82.11495182703746,40.97002276548435]]]},"properties":{"p":"25-00544.000","o":"VOJTECH CLINTON","a":"","d":"NORTHWESTERN LOCAL SCHOOL DISTRICT","t":15613.76,"l":"","k":"real","c":0}},{"type":"Feature","geometry":{"type":"Polygon","coordinates":[[[-82.10358528564402,40.9711689399017],[-82.1035841151392,40.97125155439406],[-82.10380393917744,40.971266993687756],[-82.10380998034772,40.970845163862336],[-82.10358997574812,40.97083805562435],[-82.10358528564402,40.9711689399017]]]},"properties":{"p":"25-00713.000","o":"LANEY TAMMY","a":"","d":"NORTHWESTERN LOCAL SCHOOL DISTRICT","t":2425.65,"l":"","k":"real","c":0}},{"type":"Feature","geometry":{"type":"Polygon","coordinates":[[[-82.11224436316162,40.97147316553103],[-82.11269006947636,40.971771577769935],[-82.11322193680327,40.97131033126332],[-82.11277706232849,40.97101247922012],[-82.11224436316162,40.97147316553103]]]},"properties":{"p":"25-00501.002","o":"BELL ROBERT J & SUSAN M S/T","a":"","d":"NORTHWESTERN LOCAL SCHOOL DISTRICT","t":122.19,"l":"","k":"real","c":0}},{"type":"Feature","geometry":{"type":"Polygon","coordinates":[[[-82.1119052985492,40.97176638977867],[-82.11242482212579,40.972002796678474],[-82.11269006947636,40.971771577769935],[-82.11224436316162,40.97147316553103],[-82.1119052985492,40.97176638977867]]]},"properties":{"p":"25-00501.003","o":"BELL ROBERT J & SUSAN M S/T","a":"","d":"NORTHWESTERN LOCAL SCHOOL DISTRICT","t":68.85,"l":"","k":"real","c":0}},{"type":"Feature","geometry":{"type":"Polygon","coordinates":[[[-82.10606924328728,40.97204315012867],[-82.10672102133157,40.97205087544851],[-82.1067264067317,40.97178982153572],[-82.10607463048403,40.97178209822006],[-82.10606924328728,40.97204315012867]]]},"properties":{"p":"25-00626.000","o":"VOJTECH CLINTON J","a":"","d":"NORTHWESTERN LOCAL SCHOOL DISTRICT","t":13379.52,"l":"","k":"real","c":0}},{"type":"Feature","geometry":{"type":"Polygon","coordinates":[[[-82.10605791463323,40.972592041687776],[-82.10670969896572,40.97259976762161],[-82.10671309639412,40.97243510011003],[-82.10606131385826,40.972427376869916],[-82.10605791463323,40.972592041687776]]]},"properties":{"p":"25-00657.000","o":"VOJTECH CLINTON","a":"","d":"NORTHWESTERN LOCAL SCHOOL DISTRICT","t":10531.61,"l":"","k":"real","c":0}},{"type":"Feature","geometry":{"type":"Polygon","coordinates":[[[-82.10604488906161,40.97322327008465],[-82.10669667878399,40.973230993231596],[-82.10670007441577,40.973066325260795],[-82.10604828738833,40.9730585993816],[-82.10604488906161,40.97322327008465]]]},"properties":{"p":"25-00806.000","o":"MCLELLAN DAVID","a":"","d":"NORTHWESTERN LOCAL SCHOOL DISTRICT","t":566.99,"l":"","k":"real","c":0}},{"type":"Feature","geometry":{"type":"Polygon","coordinates":[[[-82.10604432312299,40.97325071244889],[-82.10669611284536,40.97325843762734],[-82.10669667878399,40.973230993231596],[-82.10604488906161,40.97322327008465],[-82.10604432312299,40.97325071244889]]]},"properties":{"p":"25-00805.000","o":"MCLELLAN DAVID","a":"","d":"NORTHWESTERN LOCAL SCHOOL DISTRICT","t":91.33,"l":"","k":"real","c":0}},{"type":"Feature","geometry":{"type":"Polygon","coordinates":[[[-82.107377785924,40.973350980311565],[-82.10778109445225,40.97369126050021],[-82.10790307488807,40.97360935239615],[-82.10750045087603,40.97326964896897],[-82.107377785924,40.973350980311565]]]},"properties":{"p":"25-00598.000","o":"GAVEL SHANNON M","a":"","d":"NORTHWESTERN LOCAL SCHOOL DISTRICT","t":2639.39,"l":"","k":"real","c":0}},{"type":"Feature","geometry":{"type":"Polygon","coordinates":[[[-82.10724148903749,40.97344134978418],[-82.10764638758383,40.97378297241553],[-82.10778109445225,40.97369126050021],[-82.107377785924,40.973350980311565],[-82.10724148903749,40.97344134978418]]]},"properties":{"p":"25-00599.000","o":"GAVEL SHANNON M","a":"","d":"NORTHWESTERN LOCAL SCHOOL DISTRICT","t":8851.8,"l":"","k":"real","c":0}},{"type":"Feature","geometry":{"type":"Polygon","coordinates":[[[-82.10982043094563,40.97478268513195],[-82.10982400264722,40.97494735085342],[-82.11042142093872,40.97493751388047],[-82.11041784654219,40.9747728481345],[-82.10982043094563,40.97478268513195]]]},"properties":{"p":"25-00731.000","o":"DAVIS TIMOTHY K & WENDY M S/T","a":"","d":"NORTHWESTERN LOCAL SCHOOL DISTRICT","t":71.06,"l":"","k":"real","c":0}},{"type":"Feature","geometry":{"type":"Polygon","coordinates":[[[-81.84149303035171,40.776907805579185],[-81.84149938323739,40.77739514992811],[-81.84197224382653,40.77738666650791],[-81.84196594933134,40.77690030778896],[-81.84149303035171,40.776907805579185]]]},"properties":{"p":"27-01002.000","o":"KANDEL TIMOTHY A","a":"","d":"SOUTHEAST LOCAL SCHOOL DISTRICT","t":3086.3,"l":"","k":"real","c":0}},{"type":"Feature","geometry":{"type":"Polygon","coordinates":[[[-81.81387910508045,40.79611384081021],[-81.81336448989858,40.7966738597299],[-81.81429904591621,40.79738048747393],[-81.81429969899142,40.79581129705071],[-81.81418185170425,40.79580421827308],[-81.81387910508045,40.79611384081021]]]},"properties":{"p":"27-00945.002","o":"RALSTON JEFFREY","a":"","d":"SOUTHEAST LOCAL SCHOOL DISTRICT","t":897.77,"l":"","k":"real","c":0}},{"type":"Feature","geometry":{"type":"Polygon","coordinates":[[[-81.8142952137032,40.79612966172511],[-81.81429969719478,40.796482454090174],[-81.81471161787168,40.79649197691732],[-81.81472564506487,40.795836883741266],[-81.81429969899142,40.79581129705071],[-81.8142952137032,40.79612966172511]]]},"properties":{"p":"27-00880.000","o":"RALSTON JEFFREY","a":"","d":"SOUTHEAST LOCAL SCHOOL DISTRICT","t":4275.97,"l":"","k":"real","c":0}},{"type":"Feature","geometry":{"type":"Polygon","coordinates":[[[-81.86247628928825,40.79913283274062],[-81.86247967054697,40.79954022877125],[-81.86328539018656,40.79953368829111],[-81.86328130824191,40.799117489241965],[-81.86247628928825,40.79913283274062]]]},"properties":{"p":"27-01216.000","o":"HEBB JAMES & CAROL S/T","a":"","d":"SOUTHEAST LOCAL SCHOOL DISTRICT","t":18470.92,"l":"","k":"real","c":0}},{"type":"Feature","geometry":{"type":"Polygon","coordinates":[[[-81.76698666726205,40.799866048320496],[-81.76822175465799,40.80012033239076],[-81.76835828690307,40.79951938192346],[-81.76698349351415,40.79949320775019],[-81.76698382858575,40.799783887379846],[-81.76551569305228,40.79975591873089],[-81.76551588259682,40.799837937581614],[-81.76698666726205,40.799866048320496]]]},"properties":{"p":"26-00011.002","o":"BRIGGS THOMAS M & VIRGIL","a":"","d":"ORRVILLE CITY SCHOOL DISTRICT","t":7639.78,"l":"","k":"real","c":0}},{"type":"Feature","geometry":{"type":"Polygon","coordinates":[[[-81.8606860646063,40.80083577176033],[-81.8607221104054,40.80114693348926],[-81.86089482319687,40.80113537946418],[-81.86085877649947,40.80082421768114],[-81.8606860646063,40.80083577176033]]]},"properties":{"p":"27-02076.000","o":"STAUFFER FAMILY CEMETERY","a":"","d":"SOUTHEAST LOCAL SCHOOL DISTRICT","t":152.45,"l":"","k":"real","c":0}},{"type":"Feature","geometry":{"type":"Polygon","coordinates":[[[-81.78502233635909,40.800840241476884],[-81.7849139618066,40.80084105817083],[-81.78490917558275,40.80129575453793],[-81.78527867421869,40.80129296650935],[-81.78528345864588,40.80083827080316],[-81.78502233635909,40.800840241476884]]]},"properties":{"p":"27-01853.000","o":"TRUSTEES OF THE GERMAN REFORMED CHURCH & THE EVANGELICAL LUTHERAN CHURCH","a":"","d":"SOUTHEAST LOCAL SCHOOL DISTRICT","t":231.46,"l":"","k":"real","c":0}},{"type":"Feature","geometry":{"type":"Polygon","coordinates":[[[-81.76559004660837,40.804598331503854],[-81.76537332894438,40.80468690542301],[-81.76537343404728,40.80514850771249],[-81.7661279524106,40.80508499327963],[-81.7661269768402,40.804378881376756],[-81.76559004660837,40.804598331503854]]]},"properties":{"p":"26-00128.000","o":"SCHROER ANGEL D","a":"","d":"ORRVILLE CITY SCHOOL DISTRICT","t":2066.67,"l":"","k":"real","c":0}},{"type":"Feature","geometry":{"type":"Polygon","coordinates":[[[-81.80432083821795,40.8059556969599],[-81.80416948287235,40.80612710833587],[-81.80447553170312,40.80628885573803],[-81.80676287957175,40.80378267697771],[-81.80661540494818,40.80370160681688],[-81.80510072680153,40.80535700309374],[-81.80432524894599,40.80529815002717],[-81.80432083821795,40.8059556969599]]]},"properties":{"p":"27-01801.002","o":"POMPEY NATHAN DAVID","a":"","d":"SOUTHEAST LOCAL SCHOOL DISTRICT","t":204.5,"l":"","k":"real","c":0}},{"type":"Feature","geometry":{"type":"Polygon","coordinates":[[[-81.78924773387618,40.80918942598021],[-81.78923921335571,40.81023286089068],[-81.78963403639781,40.81005168155092],[-81.78964255063006,40.80900824651109],[-81.78924773387618,40.80918942598021]]]},"properties":{"p":"27-01621.000","o":"HARRAH MICHAEL KENT","a":"","d":"SOUTHEAST LOCAL SCHOOL DISTRICT","t":2775.78,"l":"","k":"real","c":0}},{"type":"Feature","geometry":{"type":"Polygon","coordinates":[[[-81.78628480979478,40.809641431137514],[-81.78610647444795,40.809900828141046],[-81.7861546780461,40.80992747075337],[-81.78647684265306,40.810329437361574],[-81.7864553801043,40.811179634949994],[-81.78656401786318,40.8111694418032],[-81.78658776482771,40.81024638848582],[-81.78730742855802,40.81018296664123],[-81.7872714276747,40.80983613383689],[-81.78742205448658,40.8095964053643],[-81.78628480979478,40.809641431137514]]]},"properties":{"p":"27-01821.001","o":"EVANS KATHERINE M","a":"","d":"SOUTHEAST LOCAL SCHOOL DISTRICT","t":8162.41,"l":"","k":"real","c":0}},{"type":"Feature","geometry":{"type":"Polygon","coordinates":[[[-81.8402131412776,40.799495702083405],[-81.84249990164803,40.799480607557996],[-81.84249317596148,40.79862186981965],[-81.84083565041331,40.7986133224674],[-81.84083180382727,40.79812475741048],[-81.84112626259423,40.79736486747106],[-81.84023333720184,40.79731452831631],[-81.8402131412776,40.799495702083405]]]},"properties":{"p":"27-01432.000","o":"HIXENBAUGH RONALD P","a":"","d":"SOUTHEAST LOCAL SCHOOL DISTRICT","t":11560.21,"l":"","k":"real","c":0}},{"type":"Feature","geometry":{"type":"Polygon","coordinates":[[[-81.82005938936936,40.81469040435819],[-81.82005803560824,40.81473571289964],[-81.82016643441526,40.81473481819171],[-81.82021009074143,40.813539658469324],[-81.8202122404099,40.813196389491324],[-81.82009659579181,40.81289329537833],[-81.81913824609725,40.812876224065256],[-81.81911829451478,40.81354507304538],[-81.82009374364078,40.813540836024096],[-81.82005938936936,40.81469040435819]]]},"properties":{"p":"27-01265.004","o":"ISAAC CHARLES E III","a":"","d":"SOUTHEAST LOCAL SCHOOL DISTRICT","t":1585.29,"l":"","k":"real","c":0}},{"type":"Feature","geometry":{"type":"Polygon","coordinates":[[[-81.86992360326798,40.78850068848103],[-81.87003232097692,40.788507891142295],[-81.86994915225296,40.78666206971859],[-81.8709194791852,40.78672698997833],[-81.8708454220732,40.78508381364275],[-81.86902917948566,40.78491143241008],[-81.8689054320637,40.78720235079722],[-81.86986797689063,40.787266224457056],[-81.86992360326798,40.78850068848103]]]},"properties":{"p":"27-00620.001","o":"HENTHORNE DEBRA J","a":"","d":"SOUTHEAST LOCAL SCHOOL DISTRICT","t":72.54,"l":"","k":"real","c":0}},{"type":"Feature","geometry":{"type":"Polygon","coordinates":[[[-81.84766171739031,40.7978034556788],[-81.847210365164,40.7977534793197],[-81.84721225072778,40.79885959988112],[-81.8476608118885,40.79885632212722],[-81.84766171739031,40.7978034556788]]]},"properties":{"p":"27-00745.002","o":"MYERS RANDY","a":"","d":"SOUTHEAST LOCAL SCHOOL DISTRICT","t":10058.79,"l":"","k":"real","c":0}},{"type":"Feature","geometry":{"type":"Polygon","coordinates":[[[-81.80445328851837,40.77720605599704],[-81.80434495977994,40.77720731378611],[-81.80434305445324,40.777779778122614],[-81.80525340177226,40.777780149537925],[-81.80524588826324,40.77719684332065],[-81.80445328851837,40.77720605599704]]]},"properties":{"p":"27-01838.000","o":"WAYNE COUNTY AMISH PAROCHIAL SCHOOL","a":"","d":"SOUTHEAST LOCAL SCHOOL DISTRICT","t":1388.97,"l":"","k":"real","c":0}},{"type":"Feature","geometry":{"type":"Polygon","coordinates":[[[-81.79710260721208,40.72889947262915],[-81.79638238383137,40.72859314072157],[-81.79609593983335,40.72908112320632],[-81.79681616860397,40.72938745695206],[-81.79710260721208,40.72889947262915]]]},"properties":{"p":"27-01850.000","o":"RED RUN CEMETERY ASSOCIATION TRUSTEES JACOB TRACY ETAL","a":"","d":"SOUTHEAST LOCAL SCHOOL DISTRICT","t":231.46,"l":"","k":"real","c":0}},{"type":"Feature","geometry":{"type":"Polygon","coordinates":[[[-81.97965763917625,40.671933549373364],[-81.98060937277874,40.67194091932529],[-81.98060399187018,40.67148805991798],[-81.97964967471295,40.67148066606923],[-81.97965763917625,40.671933549373364]]]},"properties":{"p":"30-00631.000","o":"NASON DENIS & MARY","a":"","d":"TRIWAY LOCAL SCHOOL DISTRICT","t":4011.17,"l":"","k":"real","c":0}},{"type":"Feature","geometry":{"type":"Polygon","coordinates":[[[-81.90561763556802,40.706127100094896],[-81.90415808074215,40.70612459204173],[-81.9041672875755,40.7066048930472],[-81.90573606316686,40.706607589712604],[-81.90572586279683,40.70612728600267],[-81.90561763556802,40.706127100094896]]]},"properties":{"p":"30-00920.007","o":"DAVIS TIMOTHY S","a":"","d":"TRIWAY LOCAL SCHOOL DISTRICT","t":184.9,"l":"","k":"real","c":0}},{"type":"Feature","geometry":{"type":"Polygon","coordinates":[[[-81.94300504967082,40.7322749827015],[-81.94300155702099,40.73358506230157],[-81.94405879416034,40.73359107220312],[-81.94406373938597,40.73243246423937],[-81.9430005167719,40.73171035766574],[-81.94300504967082,40.7322749827015]]]},"properties":{"p":"30-00903.000","o":"WILSON JEFFERY M","a":"","d":"TRIWAY LOCAL SCHOOL DISTRICT","t":1575.51,"l":"","k":"real","c":0}},{"type":"Feature","geometry":{"type":"Polygon","coordinates":[[[-81.93067100025847,40.74091555286592],[-81.93220611597617,40.74092703433089],[-81.93249323371063,40.74054443619291],[-81.93285476428998,40.74014861387862],[-81.93266221130716,40.740017226393256],[-81.93258588055916,40.739995380749214],[-81.93190218806777,40.740076489200675],[-81.93178810741657,40.74006725572251],[-81.93167002297417,40.74001399814442],[-81.93151694376154,40.739865678896344],[-81.93140197557484,40.73979458779869],[-81.93070309257202,40.739632836346665],[-81.93067100025847,40.74091555286592]]]},"properties":{"p":"30-00387.003","o":"PRATT TAMMY S","a":"","d":"TRIWAY LOCAL SCHOOL DISTRICT","t":1442.45,"l":"","k":"real","c":0}},{"type":"Feature","geometry":{"type":"Polygon","coordinates":[[[-81.92921640682792,40.74748253190971],[-81.92920082015944,40.747528046930526],[-81.9298096919708,40.747608921612674],[-81.92981336518199,40.74815993272207],[-81.93460367994359,40.74819001034886],[-81.93460965553687,40.74695549007789],[-81.93267377262487,40.74693492004708],[-81.93274966050343,40.74732471781582],[-81.93019831753577,40.74735486183457],[-81.9294091915761,40.74700244280823],[-81.92921640682792,40.74748253190971]]]},"properties":{"p":"30-01303.008","o":"OVER CLAYTON E & LISA C S/T","a":"","d":"TRIWAY LOCAL SCHOOL DISTRICT","t":9239.8,"l":"","k":"real","c":0}},{"type":"Feature","geometry":{"type":"Polygon","coordinates":[[[-81.9210820370644,40.75970520205953],[-81.92224791465758,40.759720671018556],[-81.92227581722862,40.75787472330487],[-81.9222951705331,40.75745934372698],[-81.9211715038768,40.7576107796859],[-81.9210820370644,40.75970520205953]]]},"properties":{"p":"30-00215.003","o":"BAIRD JERRY T","a":"","d":"TRIWAY LOCAL SCHOOL DISTRICT","t":4914.18,"l":"","k":"real","c":0}},{"type":"Feature","geometry":{"type":"Polygon","coordinates":[[[-81.8940519457609,40.76132026129669],[-81.89404475474707,40.76204294252714],[-81.8944095516008,40.762023733219216],[-81.89441587663872,40.76132389540021],[-81.8940519457609,40.76132026129669]]]},"properties":{"p":"30-00958.000","o":"DEARTH SALLY ANN TRUSTEE","a":"","d":"TRIWAY LOCAL SCHOOL DISTRICT","t":2342.8,"l":"","k":"real","c":0}},{"type":"Feature","geometry":{"type":"Polygon","coordinates":[[[-81.90157936341284,40.762624354184304],[-81.90129687649365,40.76561576091976],[-81.90172401642809,40.76577703210655],[-81.90189493528393,40.7626231308197],[-81.90157936341284,40.762624354184304]]]},"properties":{"p":"30-00747.000","o":"KNEPP RANDALL R","a":"","d":"TRIWAY LOCAL SCHOOL DISTRICT","t":6132.27,"l":"","k":"real","c":0}},{"type":"Feature","geometry":{"type":"Polygon","coordinates":[[[-81.85068201776721,40.829112374932286],[-81.85068101614567,40.82919473406407],[-81.85165235637756,40.82918663654674],[-81.85163928589016,40.828687068860795],[-81.85131412001184,40.8286875378719],[-81.85130960867248,40.828513567148256],[-81.85068927345978,40.828514507891875],[-81.85068201776721,40.829112374932286]]]},"properties":{"p":"31-00965.000","o":"HATTEN MARK D","a":"","d":"GREEN LOCAL SCHOOL DISTRICT","t":5675.35,"l":"","k":"real","c":0}},{"type":"Feature","geometry":{"type":"Polygon","coordinates":[[[-81.80661337745059,40.82947559012843],[-81.80661509682602,40.82955793317562],[-81.80711530482736,40.829557174611054],[-81.80710524189956,40.82863949140466],[-81.80659163732238,40.82843461057282],[-81.80661337745059,40.82947559012843]]]},"properties":{"p":"31-00781.000","o":"HATTEN MARK D","a":"","d":"GREEN LOCAL SCHOOL DISTRICT","t":3022.04,"l":"","k":"real","c":0}},{"type":"Feature","geometry":{"type":"Polygon","coordinates":[[[-81.80608619843115,40.82851316406955],[-81.8061148888247,40.82955868698213],[-81.80661509682602,40.82955793317562],[-81.80659163732238,40.82843461057282],[-81.80607780547145,40.828244906138735],[-81.80608619843115,40.82851316406955]]]},"properties":{"p":"31-00776.000","o":"HATTEN MARK D","a":"","d":"GREEN LOCAL SCHOOL DISTRICT","t":3475.48,"l":"","k":"real","c":0}},{"type":"Feature","geometry":{"type":"Polygon","coordinates":[[[-81.82337814871121,40.855067136533975],[-81.82326969780192,40.85506704956363],[-81.82326733792765,40.85561183156238],[-81.82494746059682,40.85561085655136],[-81.82495021303484,40.85506837586131],[-81.82337814871121,40.855067136533975]]]},"properties":{"p":"31-01163.000","o":"MAYES WILLIAM P & MARY E","a":"","d":"GREEN LOCAL SCHOOL DISTRICT","t":1003.08,"l":"","k":"real","c":0}},{"type":"Feature","geometry":{"type":"Polygon","coordinates":[[[-81.80654862149501,40.86978980203095],[-81.80713209523834,40.86976183776575],[-81.80785593164315,40.86949942238968],[-81.80776621240415,40.86809963220349],[-81.80732624901903,40.86810167424566],[-81.80734309961713,40.86836427246341],[-81.80380573525086,40.86838024869447],[-81.80377849024661,40.869514867128366],[-81.8065282432128,40.869494847251964],[-81.80654862149501,40.86978980203095]]]},"properties":{"p":"31-00706.001","o":"DOWNIE MICKEY","a":"","d":"GREEN LOCAL SCHOOL DISTRICT","t":27697.43,"l":"","k":"real","c":0}},{"type":"Feature","geometry":{"type":"Polygon","coordinates":[[[-81.84784554324015,40.86909929194615],[-81.84740029057464,40.86936254377891],[-81.84827434236294,40.87022790731062],[-81.84871332478778,40.869959888852755],[-81.84784554324015,40.86909929194615]]]},"properties":{"p":"31-00079.000","o":"SMITH PLUMA J","a":"","d":"GREEN LOCAL SCHOOL DISTRICT","t":1464.33,"l":"","k":"real","c":0}},{"type":"Feature","geometry":{"type":"Polygon","coordinates":[[[-81.83445999692314,40.87478259674899],[-81.83446157885635,40.875400182041034],[-81.83482318938577,40.87539868158399],[-81.8348216038593,40.874781095598685],[-81.83445999692314,40.87478259674899]]]},"properties":{"p":"31-00107.000","o":"HOSTETLER MARK A","a":"","d":"GREEN LOCAL SCHOOL DISTRICT","t":3706.9,"l":"","k":"real","c":0}},{"type":"Feature","geometry":{"type":"Polygon","coordinates":[[[-81.83788744971942,40.878272272320345],[-81.83878623661906,40.877949952842535],[-81.83854285156757,40.877555673371795],[-81.83784067174763,40.87780761920659],[-81.83729772549833,40.87693163579198],[-81.83712366074236,40.877037463367294],[-81.83788744971942,40.878272272320345]]]},"properties":{"p":"31-01332.000","o":"PROST TIMOTHY R","a":"","d":"GREEN LOCAL SCHOOL DISTRICT","t":1784.91,"l":"","k":"real","c":0}},{"type":"Feature","geometry":{"type":"Polygon","coordinates":[[[-81.81280004247296,40.894835596290754],[-81.81304588082351,40.89465028797844],[-81.81300713558699,40.89461939596605],[-81.81298991757794,40.89463320919877],[-81.81280834021123,40.894611180140146],[-81.81280004247296,40.894835596290754]]]},"properties":{"p":"31-01277.000","o":"WILES EVA M","a":"","d":"GREEN LOCAL SCHOOL DISTRICT","t":92.48,"l":"","k":"real","c":0}},{"type":"Feature","geometry":{"type":"Polygon","coordinates":[[[-81.832709133722,40.74849752873414],[-81.83301378746914,40.748983069077376],[-81.83330674964286,40.74887640278452],[-81.83300085083073,40.74838882409963],[-81.832709133722,40.74849752873414]]]},"properties":{"p":"28-00215.000","o":"POLEN JOSHUA D","a":"","d":"SOUTHEAST LOCAL SCHOOL DISTRICT","t":1590.36,"l":"","k":"real","c":0}},{"type":"Feature","geometry":{"type":"Polygon","coordinates":[[[-81.83292341066335,40.74933338494994],[-81.83313865688689,40.74964372431316],[-81.83333268849667,40.74957059320992],[-81.83311890652706,40.74926253943846],[-81.83292341066335,40.74933338494994]]]},"properties":{"p":"28-00428.000","o":"WELLMAN DAVID M & DAWN D","a":"","d":"SOUTHEAST LOCAL SCHOOL DISTRICT","t":1734.96,"l":"","k":"real","c":0}},{"type":"Feature","geometry":{"type":"Polygon","coordinates":[[[-81.84132544514388,40.753315779394306],[-81.8414547387644,40.75341153155618],[-81.84199411331214,40.75301889094698],[-81.84189788937218,40.752897302264806],[-81.84132544514388,40.753315779394306]]]},"properties":{"p":"28-00037.000","o":"REDFERN RITA","a":"","d":"SOUTHEAST LOCAL SCHOOL DISTRICT","t":744.83,"l":"","k":"real","c":0}},{"type":"Feature","geometry":{"type":"Polygon","coordinates":[[[-81.84048585452652,40.7534979424067],[-81.84050136932979,40.753509433948466],[-81.84088541797837,40.753218757282916],[-81.84086990227678,40.75320726705189],[-81.84048585452652,40.7534979424067]]]},"properties":{"p":"28-00419.000","o":"MILLER CHRISTOPHER L & LISA S/T","a":"","d":"SOUTHEAST LOCAL SCHOOL DISTRICT","t":1.21,"l":"","k":"real","c":0}},{"type":"Feature","geometry":{"type":"Polygon","coordinates":[[[-81.86127942430934,40.88768507559105],[-81.86117089165336,40.88768722976325],[-81.86116550355828,40.88809485397221],[-81.86222824647201,40.888073080121906],[-81.86223325727467,40.88766614916169],[-81.86127942430934,40.88768507559105]]]},"properties":{"p":"31-00276.000","o":"GIFFIN MARY AKA MARY KATHRYN GIFFIN","a":"","d":"GREEN LOCAL SCHOOL DISTRICT","t":972.27,"l":"","k":"real","c":0}},{"type":"Feature","geometry":{"type":"Polygon","coordinates":[[[-81.94259007292531,40.71309055409226],[-81.94322158767173,40.713096764670325],[-81.94322559505622,40.712647879537265],[-81.94381311930319,40.71265379668259],[-81.94380163883385,40.712065697960526],[-81.94376594068277,40.712065727921015],[-81.94376375418337,40.71193826973514],[-81.9436161277445,40.71188927877051],[-81.9436078156332,40.711586122032394],[-81.9425722404686,40.7115663323006],[-81.94259007292531,40.71309055409226]]]},"properties":{"p":"30-01352.000","o":"MORELAND CEMETERY ASSOCIATION","a":"","d":"TRIWAY LOCAL SCHOOL DISTRICT","t":232.9,"l":"","k":"real","c":0}},{"type":"Feature","geometry":{"type":"Polygon","coordinates":[[[-81.9056157176649,40.69628295689595],[-81.90550748684284,40.696282470603634],[-81.90552729559317,40.69711286676026],[-81.90717478067141,40.697113050649975],[-81.90717185575684,40.69699067667133],[-81.91027904657791,40.69699095863614],[-81.91026359735167,40.69630526231668],[-81.9056157176649,40.69628295689595]]]},"properties":{"p":"30-00156.007","o":"SWARTZENTRUBER ATLEE L & ALMA W S/T","a":"","d":"TRIWAY LOCAL SCHOOL DISTRICT","t":17385.64,"l":"","k":"real","c":0}},{"type":"Feature","geometry":{"type":"Polygon","coordinates":[[[-81.93692366360648,40.74821479327954],[-81.94414530641377,40.74829241069639],[-81.94414790883316,40.74705641278391],[-81.93460965553687,40.74695549007789],[-81.93460367994359,40.74819001034886],[-81.93692366360648,40.74821479327954]]]},"properties":{"p":"30-01300.002","o":"OVER CLAYTON E & LISA C S/T","a":"","d":"TRIWAY LOCAL SCHOOL DISTRICT","t":13974.9,"l":"","k":"real","c":0}},{"type":"Feature","geometry":{"type":"Polygon","coordinates":[[[-81.880256436196,40.68895381202168],[-81.88025739110516,40.689036154946855],[-81.88088840369332,40.68903082694641],[-81.88085789421133,40.686403835168875],[-81.88078769446514,40.68640456607784],[-81.88076950268233,40.68537203641722],[-81.87849108316932,40.68539655868654],[-81.87851885907791,40.687776490580674],[-81.88024264076819,40.68776486030665],[-81.880256436196,40.68895381202168]]]},"properties":{"p":"29-00223.006","o":"BYLER LAURA J & LEAH J BYLER","a":"","d":"SOUTHEAST LOCAL SCHOOL DISTRICT","t":11269.27,"l":"","k":"real","c":0}},{"type":"Feature","geometry":{"type":"Polygon","coordinates":[[[-81.77474614490468,40.826236724641305],[-81.77546872815965,40.826246880805726],[-81.7754783634894,40.82597150891768],[-81.77475580089566,40.8259607633642],[-81.77474614490468,40.826236724641305]]]},"properties":{"p":"32-00257.000","o":"NICHOLSON JASON A & JESSICA L S/T","a":"","d":"ORRVILLE CITY SCHOOL DISTRICT","t":843.78,"l":"","k":"real","c":0}},{"type":"Feature","geometry":{"type":"Polygon","coordinates":[[[-81.80333662782299,40.84372678314533],[-81.80333586964488,40.84423604161962],[-81.80379052497649,40.844231240479694],[-81.80379025817685,40.843722726779546],[-81.80333662782299,40.84372678314533]]]},"properties":{"p":"32-00064.000","o":"HOWARD ROBERT M & NANCY L S/T","a":"","d":"ORRVILLE CITY SCHOOL DISTRICT","t":6437.23,"l":"","k":"real","c":0}},{"type":"Feature","geometry":{"type":"Polygon","coordinates":[[[-81.85846121343033,40.863070859372435],[-81.85863578573444,40.86324594121016],[-81.85910435327484,40.862962703674434],[-81.85853818288051,40.862423629817904],[-81.85786122505881,40.8628328308664],[-81.85823493589511,40.8632076368538],[-81.85846121343033,40.863070859372435]]]},"properties":{"p":"33-00782.000","o":"GREEN TOWNSHIP COMMUNITY AND PRESERVATION SOCIETY THE","a":"","d":"GREEN LOCAL SCHOOL DISTRICT","t":61239.72,"l":"","k":"real","c":0}},{"type":"Feature","geometry":{"type":"Polygon","coordinates":[[[-81.85329924317782,40.86472502597398],[-81.85279218192919,40.865036458660605],[-81.8530128755366,40.865253295718276],[-81.85357616683046,40.864907324981104],[-81.85335547232472,40.86469048950808],[-81.85329924317782,40.86472502597398]]]},"properties":{"p":"33-00217.000","o":"BEERY AARON ELIJAH & AMANDA B S/T","a":"","d":"GREEN LOCAL SCHOOL DISTRICT","t":3207.3,"l":"","k":"real","c":0}},{"type":"Feature","geometry":{"type":"Polygon","coordinates":[[[-81.85211012796486,40.86545013814064],[-81.85225945311791,40.865710453399075],[-81.8530128755366,40.865253295718276],[-81.85279218192919,40.865036458660605],[-81.85211012796486,40.86545013814064]]]},"properties":{"p":"33-00216.000","o":"BEERY AARON ELIJAH & AMANDA B S/T","a":"","d":"GREEN LOCAL SCHOOL DISTRICT","t":267.26,"l":"","k":"real","c":0}},{"type":"Feature","geometry":{"type":"Polygon","coordinates":[[[-81.81145932936928,40.91499301225323],[-81.81147193452935,40.91538459090033],[-81.81257590113147,40.91536920981499],[-81.81256640414229,40.91497726382384],[-81.81145932936928,40.91499301225323]]]},"properties":{"p":"36-01015.000","o":"JONES DAVID M","a":"","d":"NORTH CENTRAL LOCAL SCHOOL DISTRICT","t":511.55,"l":"","k":"real","c":0}},{"type":"Feature","geometry":{"type":"Polygon","coordinates":[[[-81.83602881563364,40.91620152313929],[-81.83603589615471,40.91628373056288],[-81.83691466050499,40.916260694546374],[-81.83680870870882,40.91502998598542],[-81.83505155280909,40.91507827528052],[-81.83507236407928,40.91532263615461],[-81.83595108531041,40.915298975951366],[-81.83602881563364,40.91620152313929]]]},"properties":{"p":"36-00752.000","o":"RENNINGER RON & ROCHELLE","a":"","d":"NORTH CENTRAL LOCAL SCHOOL DISTRICT","t":16807.5,"l":"","k":"real","c":0}},{"type":"Feature","geometry":{"type":"Polygon","coordinates":[[[-81.77838099624219,40.916152674630865],[-81.77761409011109,40.91616564297661],[-81.77761680212494,40.9167338168047],[-81.7783837127476,40.91672084857042],[-81.77838099624219,40.916152674630865]]]},"properties":{"p":"36-00031.000","o":"PICKELSIMER CARLTON M","a":"","d":"NORTH CENTRAL LOCAL SCHOOL DISTRICT","t":1598.25,"l":"","k":"real","c":0}},{"type":"Feature","geometry":{"type":"Polygon","coordinates":[[[-81.76660743088844,40.93147875872687],[-81.76665231341498,40.93335867573333],[-81.76734288340819,40.93334427473273],[-81.76729638660908,40.931464402787505],[-81.76660743088844,40.93147875872687]]]},"properties":{"p":"34-00001.000","o":"HOOVER DANIEL J","a":"","d":"CHIPPEWA LOCAL SCHOOL DISTRICT","t":3107.7,"l":"","k":"real","c":0}},{"type":"Feature","geometry":{"type":"Polygon","coordinates":[[[-81.8506073614789,40.95521567292619],[-81.85049878390713,40.95521814443792],[-81.85051840490956,40.95613248683161],[-81.85131714643602,40.956122723036515],[-81.85132942910089,40.95519925022728],[-81.8506073614789,40.95521567292619]]]},"properties":{"p":"36-00517.001","o":"FULTON RICHARD D","a":"","d":"NORTH CENTRAL LOCAL SCHOOL DISTRICT","t":12252.88,"l":"","k":"real","c":0}},{"type":"Feature","geometry":{"type":"Polygon","coordinates":[[[-81.84886712355095,40.975942137008275],[-81.85025394897477,40.975936168719926],[-81.84983749180569,40.97500806754237],[-81.84852895096559,40.97501521602456],[-81.84853679954622,40.975528893483556],[-81.84886400819353,40.97553044321345],[-81.84886712355095,40.975942137008275]]]},"properties":{"p":"36-01054.000","o":"MULLET HOLDINGS LLC","a":"","d":"NORTH CENTRAL LOCAL SCHOOL DISTRICT","t":16856.54,"l":"","k":"real","c":0}},{"type":"Feature","geometry":{"type":"Polygon","coordinates":[[[-81.87986275760757,40.97574351750842],[-81.87914113195669,40.97575050924293],[-81.87914561544827,40.97602499239336],[-81.87986926410518,40.97601793015374],[-81.87986275760757,40.97574351750842]]]},"properties":{"p":"36-00189.000","o":"WILSON RANDALL E & BEVERLY A S/T","a":"","d":"NORTH CENTRAL LOCAL SCHOOL DISTRICT","t":192.89,"l":"","k":"real","c":0}},{"type":"Feature","geometry":{"type":"Polygon","coordinates":[[[-81.87986813043129,40.976017945752666],[-81.87914561544827,40.97602499239336],[-81.879150888559,40.97635429484239],[-81.87987457853839,40.97634730181548],[-81.87986813043129,40.976017945752666]]]},"properties":{"p":"36-00190.000","o":"WILSON RANDALL E & BEVERLY A S/T","a":"","d":"NORTH CENTRAL LOCAL SCHOOL DISTRICT","t":1048.19,"l":"","k":"real","c":0}},{"type":"Feature","geometry":{"type":"Polygon","coordinates":[[[-81.85834017892053,40.97963438357823],[-81.85833622274002,40.98036655523736],[-81.85814819187632,40.9806064781299],[-81.85828620993489,40.98144377391453],[-81.85827243606666,40.98178804059569],[-81.85857283718924,40.98235296320891],[-81.85879549541218,40.98235219825724],[-81.85879102090375,40.981857631411906],[-81.85876587705896,40.98140656405349],[-81.85875863663776,40.98054762816287],[-81.85948010059188,40.9805439877612],[-81.8594710554553,40.97963483999107],[-81.85834017892053,40.97963438357823]]]},"properties":{"p":"36-00654.000","o":"NICHY NICOLE M & STEPHEN T","a":"","d":"NORTH CENTRAL LOCAL SCHOOL DISTRICT","t":890.27,"l":"","k":"real","c":0}},{"type":"Feature","geometry":{"type":"Polygon","coordinates":[[[-81.85875863663776,40.98054762816287],[-81.85876234398494,40.98098677251506],[-81.85948442957324,40.98098310772382],[-81.85948010059188,40.9805439877612],[-81.85875863663776,40.98054762816287]]]},"properties":{"p":"36-00865.000","o":"CONROW WILLIAM E & JOHN R S/T","a":"","d":"NORTH CENTRAL LOCAL SCHOOL DISTRICT","t":1409.53,"l":"","k":"real","c":0}},{"type":"Feature","geometry":{"type":"Polygon","coordinates":[[[-81.83402007845379,40.982289928584834],[-81.83402109624501,40.98237229518927],[-81.83431090263713,40.98237583851478],[-81.83430073460642,40.98155489814477],[-81.83401093809577,40.98155086107698],[-81.83402007845379,40.982289928584834]]]},"properties":{"p":"36-00041.000","o":"STINER KENNETH D & CAROL J","a":"","d":"NORTH CENTRAL LOCAL SCHOOL DISTRICT","t":5182.37,"l":"","k":"real","c":0}},{"type":"Feature","geometry":{"type":"Polygon","coordinates":[[[-81.87646781034985,40.98340734299448],[-81.8768275245357,40.98349207557945],[-81.87681152823544,40.983217859493806],[-81.87645181674453,40.98313309943091],[-81.87646781034985,40.98340734299448]]]},"properties":{"p":"36-01427.000","o":"SHOOK HARVEY L JR & DIANE L","a":"","d":"NORTH CENTRAL LOCAL SCHOOL DISTRICT","t":94.45,"l":"","k":"real","c":0}},{"type":"Feature","geometry":{"type":"Polygon","coordinates":[[[-81.80817896042942,40.98824169761726],[-81.80817947336745,40.98827254044648],[-81.81286436903383,40.98828997069021],[-81.81285749332864,40.98787827734177],[-81.80817211347033,40.98783003448155],[-81.80817896042942,40.98824169761726]]]},"properties":{"p":"36-00749.000","o":"UNITED STATES OF AMERICA","a":"","d":"NORTH CENTRAL LOCAL SCHOOL DISTRICT","t":3181.05,"l":"","k":"real","c":0}},{"type":"Feature","geometry":{"type":"Polygon","coordinates":[[[-81.86046813691165,40.86149287360652],[-81.85919512444104,40.861491139803576],[-81.86000206039952,40.862407218704995],[-81.8612419942064,40.86165061687424],[-81.86080798216004,40.86149333423284],[-81.86046813691165,40.86149287360652]]]},"properties":{"p":"33-00751.000","o":"MILLER ERICKA","a":"","d":"GREEN LOCAL SCHOOL DISTRICT","t":337.92,"l":"","k":"real","c":0}},{"type":"Feature","geometry":{"type":"Polygon","coordinates":[[[-81.82651523815989,40.970073195919746],[-81.82653205552032,40.969976953390955],[-81.82686815389567,40.96999562157528],[-81.82693149320804,40.969814629565],[-81.82692250556362,40.96962354765133],[-81.82642269551596,40.96942807602472],[-81.82497297724245,40.96752082189272],[-81.82478592105085,40.96760460084637],[-81.82581748972926,40.96896506383479],[-81.82539400863297,40.969194613825984],[-81.82581116738629,40.96988958800883],[-81.82651523815989,40.970073195919746]]]},"properties":{"p":"36-01464.001","o":"REESE TONY J","a":"","d":"NORTH CENTRAL LOCAL SCHOOL DISTRICT","t":8128.16,"l":"","k":"real","c":0}},{"type":"Feature","geometry":{"type":"Polygon","coordinates":[[[-82.09839003370854,40.780463602212286],[-82.09466892164588,40.78185340773539],[-82.09527600131825,40.78315117456056],[-82.09118935578334,40.78373530865351],[-82.09117879608718,40.78429473207572],[-82.09154726615209,40.78531234594192],[-82.09158586406492,40.78545416205677],[-82.09331809980031,40.785441971382646],[-82.10077528087511,40.78545435250414],[-82.10081987504246,40.780321707418956],[-82.09895890084536,40.78025159080039],[-82.09839003370854,40.780463602212286]]]},"properties":{"p":"41-00054.000","o":"FLICKINGER KENNETH & DONNA S/T FEE & ROBERT E & LINDA FLICKINGER LE","a":"","d":"HILLSDALE LOCAL SCHOOL DISTRICT","t":17100.19,"l":"","k":"real","c":0}},{"type":"Feature","geometry":{"type":"Polygon","coordinates":[[[-82.0919183161785,40.78282224678711],[-82.09073085835725,40.78323878129612],[-82.09092769810063,40.78356126630106],[-82.09098615956103,40.78376273990242],[-82.09283302841152,40.78349662182427],[-82.09232038054012,40.782681271898305],[-82.0919183161785,40.78282224678711]]]},"properties":{"p":"41-00052.002","o":"FLICKINGER MARTY & EMILY S/T","a":"","d":"HILLSDALE LOCAL SCHOOL DISTRICT","t":2944.59,"l":"","k":"real","c":0}},{"type":"Feature","geometry":{"type":"Polygon","coordinates":[[[-82.10073869968011,40.79052679417806],[-82.10183497221183,40.79054122626495],[-82.103415320799,40.79182636246072],[-82.10793684435622,40.79179232732952],[-82.1079292967112,40.78550336684058],[-82.10315850593399,40.78544883973239],[-82.10077528087511,40.78545435250414],[-82.10073869968011,40.79052679417806]]]},"properties":{"p":"41-00053.000","o":"FLICKINGER KENNETH & DONNA S/T","a":"","d":"HILLSDALE LOCAL SCHOOL DISTRICT","t":8941.9,"l":"","k":"real","c":0}},{"type":"Feature","geometry":{"type":"Polygon","coordinates":[[[-82.10723535084917,40.80912801502855],[-82.10726421461757,40.809128195889016],[-82.10725921279806,40.80871650171216],[-82.10705688075504,40.80871536962715],[-82.10706191671052,40.80912709168804],[-82.10723535084917,40.80912801502855]]]},"properties":{"p":"41-00017.000","o":"THOMAS HAYDEN J","a":"","d":"HILLSDALE LOCAL SCHOOL DISTRICT","t":599.01,"l":"","k":"real","c":0}},{"type":"Feature","geometry":{"type":"Polygon","coordinates":[[[-81.76791580194693,40.946291638367754],[-81.76794885635613,40.94748916318578],[-81.76838308938805,40.947484339000894],[-81.76835012031883,40.946285072336174],[-81.76791580194693,40.946291638367754]]]},"properties":{"p":"37-00179.000","o":"STEPHENS SHIRLEY M","a":"","d":"RITTMAN EX VILL SCHOOL DISTRICT","t":3850.76,"l":"","k":"real","c":0}},{"type":"Feature","geometry":{"type":"Polygon","coordinates":[[[-81.79104919199075,40.98634251778078],[-81.79108617832594,40.987651002270766],[-81.79159075842779,40.98765277006223],[-81.79155376131281,40.986344305272425],[-81.79104919199075,40.98634251778078]]]},"properties":{"p":"37-00039.000","o":"KURTZ LEON J","a":"","d":"RITTMAN EX VILL SCHOOL DISTRICT","t":4187.31,"l":"","k":"real","c":0}},{"type":"Feature","geometry":{"type":"Polygon","coordinates":[[[-81.79054974396412,40.98634074588558],[-81.79058316039439,40.98764924600686],[-81.79108617832594,40.987651002270766],[-81.79104919199075,40.98634251778078],[-81.79054974396412,40.98634074588558]]]},"properties":{"p":"37-00037.000","o":"KURTZ LEON J","a":"","d":"RITTMAN EX VILL SCHOOL DISTRICT","t":648.67,"l":"","k":"real","c":0}},{"type":"Feature","geometry":{"type":"Polygon","coordinates":[[[-81.79155376131281,40.986344305272425],[-81.79160696673044,40.98822599716388],[-81.79215030913677,40.9882278856396],[-81.79209708844778,40.986346226351195],[-81.79155376131281,40.986344305272425]]]},"properties":{"p":"37-00038.000","o":"KURTZ LEON J","a":"","d":"RITTMAN EX VILL SCHOOL DISTRICT","t":962.59,"l":"","k":"real","c":0}},{"type":"Feature","geometry":{"type":"Polygon","coordinates":[[[-81.80630871831355,40.98822237074784],[-81.80630943157587,40.98826553173099],[-81.80817947336745,40.98827254044648],[-81.80817211347033,40.98783003448155],[-81.80630191806684,40.98781070816957],[-81.80630871831355,40.98822237074784]]]},"properties":{"p":"37-00166.000","o":"UNITED STATES OF AMERICA","a":"","d":"RITTMAN EX VILL SCHOOL DISTRICT","t":1266.95,"l":"","k":"real","c":0}},{"type":"Feature","geometry":{"type":"Polygon","coordinates":[[[-81.70394468737165,40.69589660539146],[-81.70460022306875,40.696125587343154],[-81.70467558812783,40.69600090539839],[-81.70402005512565,40.695771924380345],[-81.70394468737165,40.69589660539146]]]},"properties":{"p":"40-00110.000","o":"ROBERTSON TERRY E","a":"","d":"SOUTHEAST LOCAL SCHOOL DISTRICT","t":663.52,"l":"","k":"real","c":0}},{"type":"Feature","geometry":{"type":"Polygon","coordinates":[[[-81.73648894421457,40.69667223070749],[-81.73638077717288,40.69667046671629],[-81.73637119035219,40.69735512881692],[-81.73700079078873,40.697349075460224],[-81.73700992935011,40.69668072442676],[-81.73648894421457,40.69667223070749]]]},"properties":{"p":"39-01352.000","o":"OLD CEMETERY (PAINT TWP)","a":"","d":"SOUTHEAST LOCAL SCHOOL DISTRICT","t":231.46,"l":"","k":"real","c":0}},{"type":"Feature","geometry":{"type":"Polygon","coordinates":[[[-81.65443938366668,40.70428809569013],[-81.65434982702276,40.70428771977821],[-81.65389786933197,40.70460752197493],[-81.65500656107247,40.70475728929228],[-81.65506725574464,40.70429075703736],[-81.65443938366668,40.70428809569013]]]},"properties":{"p":"39-00527.000","o":"SIMON SANDRA K","a":"","d":"SOUTHEAST LOCAL SCHOOL DISTRICT","t":0.83,"l":"","k":"real","c":0}},{"type":"Feature","geometry":{"type":"Polygon","coordinates":[[[-81.66763756477164,40.72469571484656],[-81.66801935954717,40.724987533954625],[-81.66814593037408,40.72488974275333],[-81.66776413739517,40.72459792389728],[-81.66763756477164,40.72469571484656]]]},"properties":{"p":"39-00241.000","o":"STEVENS NORMA","a":"","d":"SOUTHEAST LOCAL SCHOOL DISTRICT","t":1318.27,"l":"","k":"real","c":0}},{"type":"Feature","geometry":{"type":"Polygon","coordinates":[[[-81.66655573535307,40.7261330113885],[-81.66674240257417,40.7259850962109],[-81.66623228795189,40.72559678547893],[-81.66604489129878,40.72574529992556],[-81.66655573535307,40.7261330113885]]]},"properties":{"p":"39-00120.000","o":"WEEKLY BEN","a":"","d":"SOUTHEAST LOCAL SCHOOL DISTRICT","t":4778.31,"l":"","k":"real","c":0}},{"type":"Feature","geometry":{"type":"Polygon","coordinates":[[[-81.74539000810678,40.72249513149158],[-81.74520915837547,40.72280605494142],[-81.74509649346916,40.723065155231716],[-81.74502726929336,40.723279357441726],[-81.74496637609352,40.72356713198432],[-81.74691107327509,40.72355558080467],[-81.74690055220648,40.72253076050121],[-81.74627413539929,40.722497939166935],[-81.74539000810678,40.72249513149158]]]},"properties":{"p":"39-00464.001","o":"ORDEL DAVID W & SARAH J PARTINGTON S/T","a":"","d":"SOUTHEAST LOCAL SCHOOL DISTRICT","t":524.99,"l":"","k":"real","c":0}},{"type":"Feature","geometry":{"type":"Polygon","coordinates":[[[-82.03306421656565,40.736392444741014],[-82.03369729797393,40.736750302708934],[-82.03371462018757,40.7363702562094],[-82.03340300539527,40.7361002583924],[-82.03306421656565,40.736392444741014]]]},"properties":{"p":"43-00817.000","o":"HENSEL GARY L & J SUE S/T","a":"","d":"TRIWAY LOCAL SCHOOL DISTRICT","t":962.9,"l":"","k":"real","c":0}},{"type":"Feature","geometry":{"type":"Polygon","coordinates":[[[-82.04614560500556,40.74154835634218],[-82.04613829092253,40.74197378726667],[-82.04794785543423,40.74196788225638],[-82.04795067973747,40.7415424791995],[-82.04614560500556,40.74154835634218]]]},"properties":{"p":"43-00185.003","o":"MACKEY BRIAN T & ANITA J S/T","a":"","d":"TRIWAY LOCAL SCHOOL DISTRICT","t":1693.39,"l":"","k":"real","c":0}},{"type":"Feature","geometry":{"type":"Polygon","coordinates":[[[-82.12182648748146,40.745508297176734],[-82.11882649262321,40.745525515802214],[-82.11882481996015,40.74623725978073],[-82.12185768058137,40.74621982423733],[-82.1218594278046,40.74550810797599],[-82.12182648748146,40.745508297176734]]]},"properties":{"p":"43-00841.000","o":"CALM ACRES","a":"","d":"TRIWAY LOCAL SCHOOL DISTRICT","t":7746.2,"l":"","k":"real","c":0}},{"type":"Feature","geometry":{"type":"Polygon","coordinates":[[[-82.00351761716459,40.7487425573975],[-82.00352278337577,40.74952306655849],[-82.0039309616712,40.7495233238015],[-82.00394358030601,40.74873388861378],[-82.00351761716459,40.7487425573975]]]},"properties":{"p":"43-00843.001","o":"SCHEIBE MARK EDWARD","a":"","d":"TRIWAY LOCAL SCHOOL DISTRICT","t":1365.26,"l":"","k":"real","c":0}},{"type":"Feature","geometry":{"type":"Polygon","coordinates":[[[-82.11874784332345,40.74951396301331],[-82.11879288125854,40.74999869562903],[-82.12035786146784,40.749911012397675],[-82.12040965024228,40.749417860886204],[-82.11874784332345,40.74951396301331]]]},"properties":{"p":"43-00815.003","o":"PHILLIPS BRYAN J","a":"","d":"TRIWAY LOCAL SCHOOL DISTRICT","t":3223.44,"l":"","k":"real","c":0}},{"type":"Feature","geometry":{"type":"Polygon","coordinates":[[[-82.11879288125854,40.74999869562903],[-82.11885651252338,40.7506833463055],[-82.11951016355503,40.750653456270484],[-82.12032196478908,40.75023969410809],[-82.12035786146784,40.749911012397675],[-82.11879288125854,40.74999869562903]]]},"properties":{"p":"43-00815.004","o":"PHILLIPS BRYAN J","a":"","d":"TRIWAY LOCAL SCHOOL DISTRICT","t":906.53,"l":"","k":"real","c":0}},{"type":"Feature","geometry":{"type":"Polygon","coordinates":[[[-82.00400417706182,40.75171702816401],[-82.00400255111114,40.75181865069727],[-82.00634719712183,40.75056158117911],[-82.00547591843282,40.748708253153126],[-82.00394358030601,40.74873388861378],[-82.0039309616712,40.7495233238015],[-82.00403924010398,40.749523655223086],[-82.00400417706182,40.75171702816401]]]},"properties":{"p":"43-00843.000","o":"SCHEIBE MARK E","a":"","d":"TRIWAY LOCAL SCHOOL DISTRICT","t":16500.38,"l":"","k":"real","c":0}},{"type":"Feature","geometry":{"type":"Polygon","coordinates":[[[-82.00389432208571,40.751775931442886],[-82.00389328812481,40.75187724833579],[-82.00400255111114,40.75181865069727],[-82.00403924010398,40.749523655223086],[-82.00352278337577,40.74952306655849],[-82.00351761716459,40.7487425573975],[-82.00248151558723,40.74876384552452],[-82.00247661348074,40.749220189436265],[-82.00340427762349,40.74922080600565],[-82.00340035378234,40.749605076671],[-82.00391648801536,40.74960541625861],[-82.00389432208571,40.751775931442886]]]},"properties":{"p":"43-00845.001","o":"SCHEIBE MARK EDWARD","a":"","d":"TRIWAY LOCAL SCHOOL DISTRICT","t":5181.44,"l":"","k":"real","c":0}},{"type":"Feature","geometry":{"type":"Polygon","coordinates":[[[-82.00400255111114,40.75181865069727],[-82.00326290615398,40.75221763325767],[-82.00408920978998,40.75413641305044],[-82.00424882694124,40.75181356658006],[-82.00420444297968,40.751710411519966],[-82.00400255111114,40.75181865069727]]]},"properties":{"p":"43-00844.002","o":"HAUGHT DAVID W JR & JEAN A S/T","a":"","d":"TRIWAY LOCAL SCHOOL DISTRICT","t":65165.9,"l":"","k":"real","c":0}},{"type":"Feature","geometry":{"type":"Polygon","coordinates":[[[-82.06225235852395,40.77288383037369],[-82.06057195558044,40.772899759548245],[-82.06056690974349,40.7734487188168],[-82.0622518554674,40.77343275303806],[-82.06225235852395,40.77288383037369]]]},"properties":{"p":"43-00130.001","o":"CANANKAMP CHRISTOPHER","a":"","d":"TRIWAY LOCAL SCHOOL DISTRICT","t":0.03,"l":"","k":"real","c":0}},{"type":"Feature","geometry":{"type":"Polygon","coordinates":[[[-82.01838657935804,40.777939389237815],[-82.01730752483539,40.77794424415467],[-82.01731606961037,40.77904215778153],[-82.01849576778419,40.779036876437644],[-82.01848716821198,40.77793893619389],[-82.01838657935804,40.777939389237815]]]},"properties":{"p":"43-00360.002","o":"MASSIE LAURA A","a":"","d":"TRIWAY LOCAL SCHOOL DISTRICT","t":3472.99,"l":"","k":"real","c":0}},{"type":"Feature","geometry":{"type":"Polygon","coordinates":[[[-82.05365571751184,40.78973670540721],[-82.05365596724349,40.78982649345637],[-82.05575984050354,40.78913418573666],[-82.05568245782834,40.787801571608455],[-82.05537248964798,40.78781244848934],[-82.05531502262261,40.786866474222464],[-82.05468302548088,40.78687291596787],[-82.05396547997802,40.786841280605245],[-82.05365247369537,40.78856972857558],[-82.05365571751184,40.78973670540721]]]},"properties":{"p":"42-00159.011","o":"MYERS CHERYL","a":"","d":"NORTHWESTERN LOCAL SCHOOL DISTRICT","t":1426.52,"l":"","k":"real","c":0}},{"type":"Feature","geometry":{"type":"Polygon","coordinates":[[[-82.09170307534485,40.792826032941896],[-82.09169090137613,40.793895154782255],[-82.09303127042504,40.793898351171165],[-82.09303478373612,40.79359093674165],[-82.0940105850017,40.79359321230898],[-82.09398183082777,40.79341134417931],[-82.0939812810588,40.793277089966494],[-82.09402816233687,40.792829048477394],[-82.09170307534485,40.792826032941896]]]},"properties":{"p":"42-00080.001","o":"MUSSER CRYSTAL MAY","a":"","d":"NORTHWESTERN LOCAL SCHOOL DISTRICT","t":0.55,"l":"","k":"real","c":0}},{"type":"Feature","geometry":{"type":"Polygon","coordinates":[[[-82.06655647361275,40.796394118803136],[-82.06654830343524,40.79694196719707],[-82.06821182613625,40.796938905604854],[-82.068217894256,40.7963899235303],[-82.06655647361275,40.796394118803136]]]},"properties":{"p":"42-00187.023","o":"GENTRY DANIELLE M","a":"","d":"NORTHWESTERN LOCAL SCHOOL DISTRICT","t":2479.27,"l":"","k":"real","c":0}},{"type":"Feature","geometry":{"type":"Polygon","coordinates":[[[-82.0698303351567,40.79880703203349],[-82.06982867057849,40.79897992597854],[-82.07150260026206,40.798976703993084],[-82.0715068933108,40.79857321878456],[-82.06983258992807,40.7985764428297],[-82.0698303351567,40.79880703203349]]]},"properties":{"p":"42-00187.002","o":"FLICKINGER KENNY B JR & ROBERT & LINDA S/T","a":"","d":"NORTHWESTERN LOCAL SCHOOL DISTRICT","t":5374.63,"l":"","k":"real","c":0}},{"type":"Feature","geometry":{"type":"Polygon","coordinates":[[[-82.06982867057849,40.79897992597854],[-82.06982478805982,40.79938343659601],[-82.07149806017662,40.79938018946918],[-82.07150260026206,40.798976703993084],[-82.06982867057849,40.79897992597854]]]},"properties":{"p":"42-00187.001","o":"FLICKINGER KENNY B JR & ROBERT & LINDA S/T","a":"","d":"NORTHWESTERN LOCAL SCHOOL DISTRICT","t":936.84,"l":"","k":"real","c":0}},{"type":"Feature","geometry":{"type":"Polygon","coordinates":[[[-82.03422729141515,40.80150152908323],[-82.03421114509622,40.80011384228913],[-82.03388639334123,40.80011224900443],[-82.03390229352178,40.80149798625784],[-82.03422729141515,40.80150152908323]]]},"properties":{"p":"44-00195.000","o":"FLACK CHARLES MICHAEL","a":"","d":"WOOSTER CITY SCHOOL DISTRICT","t":12715.76,"l":"","k":"real","c":0}},{"type":"Feature","geometry":{"type":"Polygon","coordinates":[[[-82.02308564145645,40.80137125770707],[-82.0230782267621,40.801749908548366],[-82.02328062348381,40.80175005270886],[-82.02329019862643,40.80137140798845],[-82.02308564145645,40.80137125770707]]]},"properties":{"p":"44-00039.000","o":"LANGSTON ERIC","a":"","d":"WOOSTER CITY SCHOOL DISTRICT","t":117.18,"l":"","k":"real","c":0}},{"type":"Feature","geometry":{"type":"Polygon","coordinates":[[[-82.1072699710219,40.8056881698691],[-82.10727789775598,40.806630431333545],[-82.108018528165,40.80661674321245],[-82.10801098770652,40.80568043938122],[-82.1072699710219,40.8056881698691]]]},"properties":{"p":"41-00135.004","o":"EDDS KENNETH D","a":"","d":"HILLSDALE LOCAL SCHOOL DISTRICT","t":3483.98,"l":"","k":"real","c":0}},{"type":"Feature","geometry":{"type":"Polygon","coordinates":[[[-81.86934855212873,40.667238306094674],[-81.8693660881414,40.66781945674011],[-81.87011294118041,40.66773012805539],[-81.87019313737909,40.66723373200061],[-81.86934855212873,40.667238306094674]]]},"properties":{"p":"45-00839.000","o":"U P CEMETERY","a":"","d":"SOUTHEAST LOCAL SCHOOL DISTRICT","t":231.46,"l":"","k":"real","c":0}},{"type":"Feature","geometry":{"type":"Polygon","coordinates":[[[-81.77092025155065,40.70623979146175],[-81.76846770170467,40.70783547159725],[-81.76885968337552,40.70823231554035],[-81.77054366610545,40.70713823413962],[-81.7709770951452,40.70757709650274],[-81.77174701153082,40.70707684869079],[-81.77092025155065,40.70623979146175]]]},"properties":{"p":"45-00471.002","o":"YODER MARTIN J & MARY BETTY S/T","a":"","d":"SOUTHEAST LOCAL SCHOOL DISTRICT","t":2893.92,"l":"","k":"real","c":0}},{"type":"Feature","geometry":{"type":"Polygon","coordinates":[[[-81.87686900873553,40.71416075049957],[-81.87419039515335,40.714255885620595],[-81.87418984897765,40.71589378849536],[-81.87698027765988,40.715794855711614],[-81.87697722159128,40.7141569061445],[-81.87686900873553,40.71416075049957]]]},"properties":{"p":"45-00480.005","o":"WEAVER WAYNE D & LINDA S/T","a":"","d":"SOUTHEAST LOCAL SCHOOL DISTRICT","t":25698.22,"l":"","k":"real","c":0}},{"type":"Feature","geometry":{"type":"Polygon","coordinates":[[[-82.03299916416603,40.770635604902026],[-82.03298418475867,40.771537994195256],[-82.03776128170917,40.77158972167745],[-82.03777356527237,40.77068576834972],[-82.03299916416603,40.770635604902026]]]},"properties":{"p":"43-00534.000","o":"SHRIVER BROOK & BRADY S/T","a":"","d":"TRIWAY LOCAL SCHOOL DISTRICT","t":1111.54,"l":"","k":"real","c":0}},{"type":"Feature","geometry":{"type":"Polygon","coordinates":[[[-81.97194365850781,40.8451476321344],[-81.97192687977494,40.845630227645266],[-81.97228334924598,40.84567570192687],[-81.9723003777105,40.84514450752899],[-81.97194559258061,40.845091985866134],[-81.97194365850781,40.8451476321344]]]},"properties":{"p":"53-00480.000","o":"SCHAAD ALBERT P & CAROL D","a":"","d":"WOOSTER CITY SCHOOL DISTRICT","t":286.35,"l":"","k":"real","c":0}},{"type":"Feature","geometry":{"type":"Polygon","coordinates":[[[-81.96544951543504,40.85743762357247],[-81.96641922432637,40.85744726538358],[-81.96643026911278,40.8569603735717],[-81.965450048136,40.85695065491344],[-81.96544951543504,40.85743762357247]]]},"properties":{"p":"53-01017.010","o":"BARR ERICKA","a":"","d":"WOOSTER CITY SCHOOL DISTRICT","t":19277.36,"l":"","k":"real","c":0}},{"type":"Feature","geometry":{"type":"Polygon","coordinates":[[[-81.97879695791264,40.85823712340733],[-81.97881106236093,40.860160657538216],[-81.97880396477186,40.85815485335302],[-81.97879695791264,40.85823712340733]]]},"properties":{"p":"53-01052.000","o":"ROWLAND ALBERT V & BETTIE IOLA","a":"","d":"WOOSTER CITY SCHOOL DISTRICT","t":983.94,"l":"","k":"real","c":0}},{"type":"Feature","geometry":{"type":"Polygon","coordinates":[[[-81.92235161617397,40.86200476471333],[-81.92234208864207,40.862545763942464],[-81.92341258760997,40.86255657693873],[-81.92355607281536,40.86201413682338],[-81.92235161617397,40.86200476471333]]]},"properties":{"p":"53-01924.006","o":"SYNK ROGER F & DEBORAH A","a":"","d":"WOOSTER CITY SCHOOL DISTRICT","t":1797.04,"l":"","k":"real","c":0}},{"type":"Feature","geometry":{"type":"Polygon","coordinates":[[[-81.99346983494756,40.86439410506054],[-81.99276366660777,40.86439999986785],[-81.99274303500064,40.865497831159516],[-81.99345222976463,40.86549158047109],[-81.99346983494756,40.86439410506054]]]},"properties":{"p":"53-01899.000","o":"RATZEL RICK","a":"","d":"WOOSTER CITY SCHOOL DISTRICT","t":386.71,"l":"","k":"real","c":0}},{"type":"Feature","geometry":{"type":"Polygon","coordinates":[[[-81.92121255329204,40.87126793907983],[-81.92119895998516,40.8713214344716],[-81.92249771637516,40.871344422287834],[-81.9224950977861,40.870869404794846],[-81.92130157543838,40.870859279242595],[-81.92121255329204,40.87126793907983]]]},"properties":{"p":"53-00616.001","o":"PAGE JON ROBERT & JO ANNE S S/T","a":"","d":"WOOSTER CITY SCHOOL DISTRICT","t":5401.12,"l":"","k":"real","c":0}},{"type":"Feature","geometry":{"type":"Polygon","coordinates":[[[-81.9191404759015,40.87634549311286],[-81.91910549550431,40.87651636730892],[-81.91991964583285,40.876518131284115],[-81.91995462353506,40.8763472570926],[-81.9191404759015,40.87634549311286]]]},"properties":{"p":"53-01325.000","o":"WRIGHT BILLY R SR & SHARON S S/T","a":"","d":"WOOSTER CITY SCHOOL DISTRICT","t":2382.55,"l":"","k":"real","c":0}},{"type":"Feature","geometry":{"type":"Polygon","coordinates":[[[-81.96670577702052,40.88830752248961],[-81.96603669922051,40.888309988355175],[-81.96601443178125,40.89005236052493],[-81.96720232169213,40.8900492000082],[-81.96720019987144,40.889508449265264],[-81.96775137918033,40.88950559567689],[-81.96770365887579,40.88831085965932],[-81.96681374553454,40.888307117737206],[-81.96682775296475,40.88725529171182],[-81.96671924456327,40.88725555589166],[-81.96670577702052,40.88830752248961]]]},"properties":{"p":"53-01733.000","o":"BOND JONNIE L","a":"","d":"WOOSTER CITY SCHOOL DISTRICT","t":6727.34,"l":"","k":"real","c":0}},{"type":"Feature","geometry":{"type":"Polygon","coordinates":[[[-81.89019638734126,40.887072621631134],[-81.89792372865293,40.88709235095863],[-81.8978404844705,40.88343638936129],[-81.8880287947815,40.88342837725451],[-81.88805953153725,40.8853354690123],[-81.88937888180514,40.8853472691598],[-81.88940673586717,40.887069164872486],[-81.89019638734126,40.887072621631134]]]},"properties":{"p":"51-00152.000","o":"SNURE JEFFREY W & TINA S/T","a":"","d":"GREEN LOCAL SCHOOL DISTRICT","t":6325.83,"l":"","k":"real","c":0}},{"type":"Feature","geometry":{"type":"Polygon","coordinates":[[[-81.92294960579399,40.89437246781676],[-81.9229333903048,40.89548326477649],[-81.92365678114521,40.895490256862224],[-81.92367424349602,40.8942964071037],[-81.92295086074046,40.894290129934966],[-81.92294960579399,40.89437246781676]]]},"properties":{"p":"53-01400.000","o":"DAUGHERTY SUBRENA","a":"","d":"WOOSTER CITY SCHOOL DISTRICT","t":15.64,"l":"","k":"real","c":0}},{"type":"Feature","geometry":{"type":"Polygon","coordinates":[[[-81.99291307440583,40.728828767370125],[-81.99419873515562,40.72994295054629],[-81.99498693315559,40.72867063739776],[-81.99302677057808,40.728608152646224],[-81.99291307440583,40.728828767370125]]]},"properties":{"p":"56-01321.000","o":"ARMS SAMANTHA K","a":"","d":"TRIWAY LOCAL SCHOOL DISTRICT","t":3607.93,"l":"","k":"real","c":0}},{"type":"Feature","geometry":{"type":"Polygon","coordinates":[[[-81.99225755128514,40.73346321481706],[-81.99200682250618,40.73346551558781],[-81.99182731665452,40.73375543384881],[-81.99322809291473,40.73425643213266],[-81.99320513556933,40.733454514090944],[-81.99225755128514,40.73346321481706]]]},"properties":{"p":"56-00413.018","o":"MOSIER JENNIFER L AKA JENNIFER L MORPHEW","a":"","d":"TRIWAY LOCAL SCHOOL DISTRICT","t":2190.14,"l":"","k":"real","c":0}},{"type":"Feature","geometry":{"type":"Polygon","coordinates":[[[-81.98496383394763,40.73869529813446],[-81.9849553933772,40.73960108184013],[-81.9854316648695,40.73959424414423],[-81.9854400991517,40.73868846102612],[-81.98496383394763,40.73869529813446]]]},"properties":{"p":"56-00414.000","o":"CLINE JEREMY E & DESTINY R MOORE","a":"","d":"TRIWAY LOCAL SCHOOL DISTRICT","t":1485.34,"l":"","k":"real","c":0}},{"type":"Feature","geometry":{"type":"Polygon","coordinates":[[[-81.96322038288842,40.75713376997898],[-81.96321744000755,40.757408247596544],[-81.96395744878241,40.75740781074355],[-81.96396035303573,40.75713333312418],[-81.96322038288842,40.75713376997898]]]},"properties":{"p":"56-00960.000","o":"VALLEY VIEW","a":"","d":"TRIWAY LOCAL SCHOOL DISTRICT","t":24369.52,"l":"","k":"real","c":0}},{"type":"Feature","geometry":{"type":"Polygon","coordinates":[[[-81.98295171461072,40.76158868704032],[-81.98245003876221,40.761869973504794],[-81.98300751705784,40.76168695978256],[-81.98295171461072,40.76158868704032]]]},"properties":{"p":"56-00251.001","o":"WALTERS JAMES D","a":"","d":"TRIWAY LOCAL SCHOOL DISTRICT","t":26.46,"l":"","k":"real","c":0}},{"type":"Feature","geometry":{"type":"Polygon","coordinates":[[[-81.9824446614469,40.7623323021278],[-81.98246613926705,40.76236035389944],[-81.98251641258362,40.76236546238519],[-81.98303180929976,40.762141077155356],[-81.98321899305215,40.762085183661384],[-81.98300751705784,40.76168695978256],[-81.98245003876221,40.761869973504794],[-81.9824446614469,40.7623323021278]]]},"properties":{"p":"56-01542.000","o":"WALTERS JAMES D","a":"","d":"TRIWAY LOCAL SCHOOL DISTRICT","t":2350.49,"l":"","k":"real","c":0}},{"type":"Feature","geometry":{"type":"Polygon","coordinates":[[[-81.97405279499709,40.76669938318733],[-81.97470521354018,40.76722763943014],[-81.97492217464759,40.767072494980894],[-81.9742697552062,40.766544236824444],[-81.97405279499709,40.76669938318733]]]},"properties":{"p":"56-01333.000","o":"SPARR MARILYN J","a":"","d":"TRIWAY LOCAL SCHOOL DISTRICT","t":468.02,"l":"","k":"real","c":0}},{"type":"Feature","geometry":{"type":"Polygon","coordinates":[[[-81.97552325357388,40.76708691311436],[-81.97588283840233,40.76737857416526],[-81.97657858718314,40.76688330567484],[-81.976219003253,40.766591644491356],[-81.97552325357388,40.76708691311436]]]},"properties":{"p":"56-00037.000","o":"SIGLER BRADLEY A & DEBORAH J S/T","a":"","d":"TRIWAY LOCAL SCHOOL DISTRICT","t":7327.18,"l":"","k":"real","c":0}},{"type":"Feature","geometry":{"type":"Polygon","coordinates":[[[-81.96329028080068,40.76810927340346],[-81.96329412828503,40.7683833430765],[-81.96394395968011,40.76837897118563],[-81.96394025412954,40.76810934756125],[-81.96329028080068,40.76810927340346]]]},"properties":{"p":"56-01545.000","o":"BROWN DAVID & JILL S/T","a":"","d":"TRIWAY LOCAL SCHOOL DISTRICT","t":6276.51,"l":"","k":"real","c":0}},{"type":"Feature","geometry":{"type":"Polygon","coordinates":[[[-81.97380745610984,40.770041976623936],[-81.97381020046303,40.77064454567964],[-81.97457435864769,40.770111295110496],[-81.974477141171,40.77003252075765],[-81.97380745610984,40.770041976623936]]]},"properties":{"p":"56-01341.000","o":"SPROWLS JACK E","a":"","d":"TRIWAY LOCAL SCHOOL DISTRICT","t":31567.15,"l":"","k":"real","c":0}},{"type":"Feature","geometry":{"type":"Polygon","coordinates":[[[-81.91859200141994,40.77141258745373],[-81.91791400784071,40.771223758144856],[-81.91767801772062,40.771713461325405],[-81.91794016588348,40.771874246260616],[-81.91831872582567,40.77197964838073],[-81.91859200141994,40.77141258745373]]]},"properties":{"p":"56-00763.000","o":"STATE OF OHIO, THE FOR THE OHIO STATE UNIVERSITY","a":"","d":"TRIWAY LOCAL SCHOOL DISTRICT","t":1290.72,"l":"","k":"real","c":0}},{"type":"Feature","geometry":{"type":"Polygon","coordinates":[[[-81.96329408067433,40.78192669786164],[-81.96329446874654,40.782257735295275],[-81.96389023234127,40.782257997853215],[-81.96390395410724,40.7819276304232],[-81.96329408067433,40.78192669786164]]]},"properties":{"p":"56-00278.000","o":"TOTMAN MICHAEL C","a":"","d":"TRIWAY LOCAL SCHOOL DISTRICT","t":4477.4,"l":"","k":"real","c":0}},{"type":"Feature","geometry":{"type":"Polygon","coordinates":[[[-81.97068095690004,40.78906861830396],[-81.97290147100982,40.78915298184904],[-81.97289064720897,40.78843179114382],[-81.97285507212709,40.788432012188906],[-81.97281267703558,40.785620623063245],[-81.97278360126477,40.784717634687695],[-81.96882788967409,40.784704331789165],[-81.96886656843527,40.78532601192974],[-81.96812786670915,40.78531836341162],[-81.96840958916202,40.787962267955955],[-81.97060808825914,40.78797814862548],[-81.97068095690004,40.78906861830396]]]},"properties":{"p":"56-00847.000","o":"HOTHEM HUGH H","a":"","d":"TRIWAY LOCAL SCHOOL DISTRICT","t":4341.49,"l":"","k":"real","c":0}},{"type":"Feature","geometry":{"type":"Polygon","coordinates":[[[-81.95838411121521,40.78514489859296],[-81.95814437152713,40.78582790787232],[-81.95900986686235,40.78587623972762],[-81.95958356963034,40.78610580926851],[-81.96027837787504,40.786271632691246],[-81.96048849471832,40.7865059653755],[-81.96082616784037,40.78633585956929],[-81.9604522297303,40.785850064256415],[-81.96046787928086,40.784640423016704],[-81.95855343017153,40.784620488369846],[-81.95838411121521,40.78514489859296]]]},"properties":{"p":"56-00701.000","o":"HHHH LLC","a":"","d":"TRIWAY LOCAL SCHOOL DISTRICT","t":4001.14,"l":"","k":"real","c":0}},{"type":"Feature","geometry":{"type":"Polygon","coordinates":[[[-81.98292012804869,40.7910037144986],[-81.9826492662276,40.791004750989885],[-81.98268056892199,40.79202410171197],[-81.98377883301869,40.79202021152876],[-81.98377651806021,40.791000496886845],[-81.98292012804869,40.7910037144986]]]},"properties":{"p":"56-00090.000","o":"SCHMID NANCY L & TIMOTHY A CO TRUSTEES","a":"","d":"TRIWAY LOCAL SCHOOL DISTRICT","t":3850.22,"l":"","k":"real","c":0}},{"type":"Feature","geometry":{"type":"Polygon","coordinates":[[[-81.91013771912584,40.794720398807165],[-81.91015123607593,40.79558221942738],[-81.91040220380674,40.79557828048798],[-81.91038868146678,40.79471645777642],[-81.91013771912584,40.794720398807165]]]},"properties":{"p":"56-00102.000","o":"BECKLER STEVEN D","a":"","d":"TRIWAY LOCAL SCHOOL DISTRICT","t":2637.81,"l":"","k":"real","c":0}},{"type":"Feature","geometry":{"type":"Polygon","coordinates":[[[-81.86831130609772,40.67450220865503],[-81.86841173235659,40.674648079830185],[-81.86879626789207,40.674497113861406],[-81.86869583983656,40.6743512702895],[-81.86831130609772,40.67450220865503]]]},"properties":{"p":"46-00198.000","o":"HOLLOWAY MARION L JR & VALERIE M","a":"","d":"SOUTHEAST LOCAL SCHOOL DISTRICT","t":1458.75,"l":"","k":"real","c":0}},{"type":"Feature","geometry":{"type":"Polygon","coordinates":[[[-81.86808121880738,40.679840562424005],[-81.86840384155514,40.67989254039555],[-81.86858998326178,40.679497197370125],[-81.86827180537806,40.67944518366508],[-81.86808121880738,40.679840562424005]]]},"properties":{"p":"46-00234.000","o":"IMMAIKI HOLDINGS LLC","a":"","d":"SOUTHEAST LOCAL SCHOOL DISTRICT","t":150.62,"l":"","k":"real","c":0}},{"type":"Feature","geometry":{"type":"Polygon","coordinates":[[[-81.74128762318978,40.747788914998395],[-81.7412873366272,40.747818893432026],[-81.74136409587157,40.747819316056386],[-81.7413645782669,40.74776882773892],[-81.74142266602811,40.74776914964148],[-81.74142335234099,40.74769736057429],[-81.74122626735756,40.74769627100451],[-81.74122538521193,40.74778856995709],[-81.74128762318978,40.747788914998395]]]},"properties":{"p":"47-00347.034","o":"MORAN TARA","a":"","d":"DALTON LOCAL SCHOOL DISTRICT","t":7908.25,"l":"","k":"real","c":0}},{"type":"Feature","geometry":{"type":"Polygon","coordinates":[[[-81.72580396720359,40.750971169737205],[-81.72580088418553,40.75147954582698],[-81.72707124303277,40.751484024309626],[-81.72708027199968,40.75097568976594],[-81.72580396720359,40.750971169737205]]]},"properties":{"p":"47-01777.017","o":"MILLER KEVIN C & KATHRYN E S/T","a":"","d":"DALTON LOCAL SCHOOL DISTRICT","t":17322.09,"l":"","k":"real","c":0}},{"type":"Feature","geometry":{"type":"Polygon","coordinates":[[[-81.70129182220046,40.79237183555928],[-81.70079560631223,40.79237476882348],[-81.70080973681165,40.793158939342554],[-81.7015319778085,40.79315098364566],[-81.70151791647936,40.79237049848588],[-81.70129182220046,40.79237183555928]]]},"properties":{"p":"50-00299.000","o":"SELVAGE MARY ANN","a":"","d":"DALTON LOCAL SCHOOL DISTRICT","t":8986.04,"l":"","k":"real","c":0}},{"type":"Feature","geometry":{"type":"Polygon","coordinates":[[[-81.69576754432586,40.79886764125797],[-81.69577428169049,40.79925187513015],[-81.69585013183982,40.79925153851632],[-81.69584339267855,40.79886730464224],[-81.69576754432586,40.79886764125797]]]},"properties":{"p":"50-00363.000","o":"AKQJ10 PROPERTIES LLC","a":"","d":"DALTON LOCAL SCHOOL DISTRICT","t":3469.67,"l":"","k":"real","c":0}},{"type":"Feature","geometry":{"type":"Polygon","coordinates":[[[-81.70069817952808,40.79930556467062],[-81.7007013604625,40.79967541963148],[-81.7009397490844,40.79967423571048],[-81.70093669391413,40.79930706005071],[-81.70069817952808,40.79930556467062]]]},"properties":{"p":"50-00251.000","o":"DALTON PROPERTIES LLC","a":"","d":"DALTON LOCAL SCHOOL DISTRICT","t":1351.69,"l":"","k":"real","c":0}},{"type":"Feature","geometry":{"type":"Polygon","coordinates":[[[-81.70129678808733,40.79973932209409],[-81.70129552056446,40.80042553509468],[-81.70165669630929,40.80042199629199],[-81.7016579602389,40.79973578325481],[-81.70129678808733,40.79973932209409]]]},"properties":{"p":"50-00340.000","o":"MASSIE LINDA M","a":"","d":"DALTON LOCAL SCHOOL DISTRICT","t":5571.08,"l":"","k":"real","c":0}},{"type":"Feature","geometry":{"type":"Polygon","coordinates":[[[-81.70565786175504,40.80221187466384],[-81.70586125830168,40.80249979044966],[-81.7063110609341,40.80249645575596],[-81.70631765726324,40.802083275439166],[-81.70575452407287,40.80208907106944],[-81.70573574569016,40.802151314052786],[-81.70565786175504,40.80221187466384]]]},"properties":{"p":"50-00865.000","o":"AKQJ10 PROPERTIES LLC","a":"","d":"DALTON LOCAL SCHOOL DISTRICT","t":10659.69,"l":"","k":"real","c":0}},{"type":"Feature","geometry":{"type":"Polygon","coordinates":[[[-81.7529742729465,40.79164907272423],[-81.7529653158448,40.79196392762589],[-81.75398527918809,40.79221413620208],[-81.75397848163631,40.79164968141891],[-81.75526782008887,40.79165059004024],[-81.75524752175674,40.79055897867965],[-81.75300647036292,40.790517280016886],[-81.7529742729465,40.79164907272423]]]},"properties":{"p":"47-01510.005","o":"MILLER DENNIS M & ELSIE R S/T","a":"","d":"DALTON LOCAL SCHOOL DISTRICT","t":1039.38,"l":"","k":"real","c":0}},{"type":"Feature","geometry":{"type":"Polygon","coordinates":[[[-81.76537780704606,40.78233665159961],[-81.76038354507058,40.78252527791315],[-81.76035692439545,40.785340987242776],[-81.76536517942812,40.78532268657592],[-81.76539573202923,40.78233594555076],[-81.76537780704606,40.78233665159961]]]},"properties":{"p":"47-01747.000","o":"BYALL KEVIN R","a":"","d":"DALTON LOCAL SCHOOL DISTRICT","t":551.39,"l":"","k":"real","c":0}},{"type":"Feature","geometry":{"type":"Polygon","coordinates":[[[-81.76269389969191,40.78646526196059],[-81.76268796721779,40.78685282623565],[-81.76262840262625,40.786948519880106],[-81.76252547725424,40.78702006183156],[-81.7627430159784,40.78719418830076],[-81.76382503673811,40.78719071680787],[-81.76381337211416,40.78645518880699],[-81.76269389969191,40.78646526196059]]]},"properties":{"p":"47-00326.004","o":"STEINER DUSTIN & MORIAH S/T","a":"","d":"DALTON LOCAL SCHOOL DISTRICT","t":6001.54,"l":"","k":"real","c":0}},{"type":"Feature","geometry":{"type":"Polygon","coordinates":[[[-81.98832567379556,40.73912440508499],[-81.9867627588131,40.73913465761721],[-81.98676778578543,40.7395866107809],[-81.98822082962211,40.73958105676833],[-81.98850610311533,40.73912321940403],[-81.98832567379556,40.73912440508499]]]},"properties":{"p":"56-01485.003","o":"HAUDENSCHILD JAC K & PATRICIA L S/T","a":"","d":"TRIWAY LOCAL SCHOOL DISTRICT","t":2780.38,"l":"","k":"real","c":0}},{"type":"Feature","geometry":{"type":"Polygon","coordinates":[[[-81.92056106809854,40.79619600561335],[-81.92054923908287,40.796213434848234],[-81.92072752412405,40.796236378675474],[-81.92103701619732,40.79578036029123],[-81.92085908419405,40.795756898777924],[-81.92056106809854,40.79619600561335]]]},"properties":{"p":"56-00749.000","o":"MCGLOTHIN CHRISTIN & MICHAEL & ADA MCQUEENEY S/T","a":"","d":"TRIWAY LOCAL SCHOOL DISTRICT","t":2521.62,"l":"","k":"real","c":0}},{"type":"Feature","geometry":{"type":"Polygon","coordinates":[[[-81.92038313429863,40.79617254356691],[-81.9203719709346,40.796190620904405],[-81.92054923908287,40.796213434848234],[-81.92085908419405,40.795756898777924],[-81.92068115398739,40.7957334365763],[-81.92038313429863,40.79617254356691]]]},"properties":{"p":"56-00748.000","o":"MCGLOTHIN CHRISTIN & MICHAEL & ADA MCQUEENEY S/T","a":"","d":"TRIWAY LOCAL SCHOOL DISTRICT","t":538.28,"l":"","k":"real","c":0}},{"type":"Feature","geometry":{"type":"Polygon","coordinates":[[[-81.92032791216317,40.79625644924735],[-81.92066893779784,40.79632269916087],[-81.92072752412405,40.796236378675474],[-81.9203719709346,40.796190620904405],[-81.92032791216317,40.79625644924735]]]},"properties":{"p":"56-00747.000","o":"MCGLOTHIN CHRISTIN & MICHAEL & ADA MCQUEENEY S/T","a":"","d":"TRIWAY LOCAL SCHOOL DISTRICT","t":208.1,"l":"","k":"real","c":0}},{"type":"Feature","geometry":{"type":"Polygon","coordinates":[[[-81.96392776844543,40.76093799277429],[-81.9650668555819,40.76094887541485],[-81.96506740175757,40.760549333550664],[-81.96385246626842,40.76053473300597],[-81.96318829865972,40.760578569332004],[-81.96318780548464,40.76093298624192],[-81.96392776844543,40.76093799277429]]]},"properties":{"p":"56-01619.000","o":"WRIGHT BRUCE E","a":"","d":"TRIWAY LOCAL SCHOOL DISTRICT","t":17439.53,"l":"","k":"real","c":0}},{"type":"Feature","geometry":{"type":"Polygon","coordinates":[[[-81.95556516551429,40.767989401626004],[-81.955571450128,40.768263846663665],[-81.9558602315424,40.768260023123254],[-81.95585037522712,40.76840696121524],[-81.95640184559014,40.76840010539053],[-81.95639540736448,40.76797840515936],[-81.95556516551429,40.767989401626004]]]},"properties":{"p":"56-02270.031","o":"LEACH DERICK J","a":"","d":"TRIWAY LOCAL SCHOOL DISTRICT","t":9747.95,"l":"","k":"real","c":0}},{"type":"Feature","geometry":{"type":"Polygon","coordinates":[[[-81.9067572410324,40.78343376550389],[-81.90680120727735,40.78384745980354],[-81.90836682079892,40.78384365756553],[-81.90831301261171,40.78333809536289],[-81.9067572410324,40.78343376550389]]]},"properties":{"p":"56-02516.000","o":"PERRY JAMES C JR","a":"","d":"TRIWAY LOCAL SCHOOL DISTRICT","t":3231.65,"l":"","k":"real","c":0}},{"type":"Feature","geometry":{"type":"Polygon","coordinates":[[[-81.96327299002807,40.79001334582187],[-81.96328041729885,40.79199523477913],[-81.97293809083239,40.79208479398065],[-81.97290147100982,40.78915298184904],[-81.97215226168983,40.78912452242712],[-81.97211245644127,40.78995173553379],[-81.96957475439119,40.78996427972418],[-81.96980247282414,40.78958100684608],[-81.96914289650488,40.78937771794777],[-81.96898394590356,40.789066384069606],[-81.96854838067007,40.78893537278991],[-81.96835160291043,40.787504620238124],[-81.96812786670915,40.78531836341162],[-81.96808059107069,40.784702022588526],[-81.96640829811757,40.78470074657658],[-81.96639810583235,40.785448048015326],[-81.9656396187121,40.78544206864689],[-81.96564841142208,40.78479783156123],[-81.96490180182653,40.78504252100621],[-81.96465015317273,40.78508663227965],[-81.96447773413034,40.78508917476625],[-81.96430714046464,40.78507005510155],[-81.9641430874325,40.78502980312199],[-81.96380744629964,40.78488230391863],[-81.96413500439158,40.784682813709125],[-81.96328241515204,40.78467607383369],[-81.96326288577778,40.787304978070374],[-81.96327299002807,40.79001334582187]],[[-81.96841878880885,40.788872031920356],[-81.96863218450292,40.78908012341936],[-81.96749421127741,40.789011302858185],[-81.96743600763351,40.78816895101242],[-81.96832265110714,40.78815593446465],[-81.96841878880885,40.788872031920356]]]},"properties":{"p":"56-01973.000","o":"HOTHEM INVESTMENT LIMITED PARTNERSHIP","a":"","d":"TRIWAY LOCAL SCHOOL DISTRICT","t":4605.83,"l":"","k":"real","c":0}},{"type":"Feature","geometry":{"type":"Polygon","coordinates":[[[-81.98954683281302,40.80030409842972],[-81.98954139620892,40.80038548282794],[-81.9899674042661,40.80045947535803],[-81.9900100041735,40.79989074738047],[-81.98957673593219,40.79983941118905],[-81.98954683281302,40.80030409842972]]]},"properties":{"p":"57-00022.001","o":"JONES JOEL TRUSTEE","a":"","d":"WOOSTER CITY SCHOOL DISTRICT","t":2608.23,"l":"","k":"real","c":0}},{"type":"Feature","geometry":{"type":"Polygon","coordinates":[[[-81.90799721975506,40.80635453807561],[-81.90802143384354,40.8086018421419],[-81.90839534410584,40.8086008324427],[-81.90837814406308,40.80635562464389],[-81.90799721975506,40.80635453807561]]]},"properties":{"p":"56-01632.000","o":"BRAMMER LESLIE D","a":"","d":"TRIWAY LOCAL SCHOOL DISTRICT","t":2231.01,"l":"","k":"real","c":0}},{"type":"Feature","geometry":{"type":"Polygon","coordinates":[[[-81.90119017280757,40.80782863245442],[-81.9011982854929,40.80865579609176],[-81.90289891580167,40.809004310408156],[-81.90414795762723,40.8090464849671],[-81.90413735121867,40.80698785477552],[-81.90377609013389,40.80698905352493],[-81.90376182848043,40.80635783857768],[-81.90117553565833,40.80633606233238],[-81.90119017280757,40.80782863245442]]]},"properties":{"p":"56-01623.001","o":"NOTT SETH W","a":"","d":"TRIWAY LOCAL SCHOOL DISTRICT","t":2094.92,"l":"","k":"real","c":0}},{"type":"Feature","geometry":{"type":"Polygon","coordinates":[[[-81.7617684076755,40.834681741434984],[-81.76210120025061,40.83468477953655],[-81.76210654073496,40.83452787262196],[-81.76177375714303,40.83452484470817],[-81.7617684076755,40.834681741434984]]]},"properties":{"p":"58-00347.000","o":"BENDER RENEE","a":"","d":"ORRVILLE CITY SCHOOL DISTRICT","t":2595.13,"l":"","k":"real","c":0}},{"type":"Feature","geometry":{"type":"Polygon","coordinates":[[[-81.76176793785662,40.83469550532542],[-81.76210073312667,40.834698543426356],[-81.76210120025061,40.83468477953655],[-81.7617684076755,40.834681741434984],[-81.76176793785662,40.83469550532542]]]},"properties":{"p":"58-00348.000","o":"BENDER RENEE","a":"","d":"ORRVILLE CITY SCHOOL DISTRICT","t":28.77,"l":"","k":"real","c":0}},{"type":"Feature","geometry":{"type":"Polygon","coordinates":[[[-81.75972801027177,40.836642893363816],[-81.75992750094355,40.83664485413876],[-81.75995347572999,40.835898289485165],[-81.75975407668636,40.83589637898246],[-81.75972801027177,40.836642893363816]]]},"properties":{"p":"58-00352.000","o":"FORRER PAULETTE","a":"","d":"ORRVILLE CITY SCHOOL DISTRICT","t":932.46,"l":"","k":"real","c":0}},{"type":"Feature","geometry":{"type":"Polygon","coordinates":[[[-81.76385131156185,40.83759125734932],[-81.76428489780679,40.83759742911421],[-81.76429031464795,40.837455069914974],[-81.76383496941021,40.83744868133284],[-81.76382962982416,40.837590948795025],[-81.76385131156185,40.83759125734932]]]},"properties":{"p":"58-00322.000","o":"FRAELICH BRIAN D & JENNIFER E S/T","a":"","d":"ORRVILLE CITY SCHOOL DISTRICT","t":4350.29,"l":"","k":"real","c":0}},{"type":"Feature","geometry":{"type":"Polygon","coordinates":[[[-81.76090243982645,40.838133790735846],[-81.76107400906257,40.83815352445243],[-81.76108664835863,40.83781176930645],[-81.76091472159302,40.83779201645839],[-81.76090243982645,40.838133790735846]]]},"properties":{"p":"58-00422.000","o":"MILLER LYNN J","a":"","d":"ORRVILLE CITY SCHOOL DISTRICT","t":3476.56,"l":"","k":"real","c":0}},{"type":"Feature","geometry":{"type":"Polygon","coordinates":[[[-81.76382724479708,40.83823241168601],[-81.76426040434225,40.838241022577286],[-81.7642656145709,40.83810411131292],[-81.76383236339758,40.83809606993366],[-81.76382724479708,40.83823241168601]]]},"properties":{"p":"58-00643.000","o":"AJ FOODMART LLC","a":"","d":"ORRVILLE CITY SCHOOL DISTRICT","t":2971.51,"l":"","k":"real","c":0}},{"type":"Feature","geometry":{"type":"Polygon","coordinates":[[[-81.76229297978398,40.83882023327348],[-81.7624963287199,40.83884284498555],[-81.76251185699792,40.83845769792264],[-81.76230885301507,40.838434350723524],[-81.76229297978398,40.83882023327348]]]},"properties":{"p":"58-00136.000","o":"DEITZ WILMA J AKA WILMA","a":"","d":"ORRVILLE CITY SCHOOL DISTRICT","t":4501.58,"l":"","k":"real","c":0}},{"type":"Feature","geometry":{"type":"Polygon","coordinates":[[[-81.76156459520891,40.83936179698265],[-81.76174288294504,40.839363658453095],[-81.76175868970076,40.83897663594447],[-81.76157996358678,40.83897541670482],[-81.76156459520891,40.83936179698265]]]},"properties":{"p":"58-00412.000","o":"BOURNE TAMMY LYNN","a":"","d":"ORRVILLE CITY SCHOOL DISTRICT","t":207.08,"l":"","k":"real","c":0}},{"type":"Feature","geometry":{"type":"Polygon","coordinates":[[[-81.76231235554634,40.840437391969026],[-81.76230756033938,40.84056444143138],[-81.76247209666512,40.840563713574994],[-81.76247705895875,40.84043223308128],[-81.76231235554634,40.840437391969026]]]},"properties":{"p":"58-00409.000","o":"HIMES GIAVONNI & ADRIANE S/T","a":"","d":"ORRVILLE CITY SCHOOL DISTRICT","t":168.16,"l":"","k":"real","c":0}},{"type":"Feature","geometry":{"type":"Polygon","coordinates":[[[-81.76382212799324,40.838368751798704],[-81.7642551941136,40.838377932879176],[-81.76426040434225,40.838241022577286],[-81.76382724479708,40.83823241168601],[-81.76382212799324,40.838368751798704]]]},"properties":{"p":"58-00644.000","o":"AJ FOODMART LLC","a":"","d":"ORRVILLE CITY SCHOOL DISTRICT","t":479.51,"l":"","k":"real","c":0}},{"type":"Feature","geometry":{"type":"Polygon","coordinates":[[[-81.76743009365259,40.83101308460817],[-81.76742507207015,40.83115027288176],[-81.7679531637779,40.83116670601087],[-81.76795822129296,40.831029518451004],[-81.76743009365259,40.83101308460817]]]},"properties":{"p":"59-00316.000","o":"WHITE DALE K","a":"","d":"ORRVILLE CITY SCHOOL DISTRICT","t":3136.2,"l":"","k":"real","c":0}},{"type":"Feature","geometry":{"type":"Polygon","coordinates":[[[-81.77332102969018,40.83275614085296],[-81.77341959913134,40.83276115692466],[-81.77341677303147,40.8322960118534],[-81.77323263816116,40.83214892965364],[-81.77280982630977,40.832142158573866],[-81.7727958817616,40.83255389497191],[-81.7729029977744,40.832555941508275],[-81.7728947458502,40.832747979880175],[-81.77332102969018,40.83275614085296]]]},"properties":{"p":"59-01930.000","o":"DEITZ WILMA J AKA WILMA","a":"","d":"ORRVILLE CITY SCHOOL DISTRICT","t":1311.53,"l":"","k":"real","c":0}},{"type":"Feature","geometry":{"type":"Polygon","coordinates":[[[-81.7682455366568,40.83267384051959],[-81.7682313549534,40.83305795884408],[-81.76841188218954,40.83306361107477],[-81.76842606299462,40.83267946491586],[-81.7682455366568,40.83267384051959]]]},"properties":{"p":"59-01065.000","o":"HOWARD RUBY LEE S/T","a":"","d":"ORRVILLE CITY SCHOOL DISTRICT","t":5827.96,"l":"","k":"real","c":0}},{"type":"Feature","geometry":{"type":"Polygon","coordinates":[[[-81.76592285175987,40.83616367143924],[-81.76591839881101,40.83632090003364],[-81.76646149238401,40.836330986688765],[-81.76646662984912,40.83617378938219],[-81.76592285175987,40.83616367143924]]]},"properties":{"p":"59-02106.000","o":"DEETER CHARLES C","a":"","d":"ORRVILLE CITY SCHOOL DISTRICT","t":2594.69,"l":"","k":"real","c":0}},{"type":"Feature","geometry":{"type":"Polygon","coordinates":[[[-81.77034228897156,40.83652639264587],[-81.77033540158828,40.83676115687232],[-81.77051609321612,40.83676542979072],[-81.77052380615116,40.83649101570863],[-81.77034345228988,40.836486747530046],[-81.77034228897156,40.83652639264587]]]},"properties":{"p":"59-01326.000","o":"PEREZ DAVID","a":"","d":"ORRVILLE CITY SCHOOL DISTRICT","t":1871.4,"l":"","k":"real","c":0}},{"type":"Feature","geometry":{"type":"Polygon","coordinates":[[[-81.77084724187425,40.836545126402484],[-81.77084133814621,40.836773119955815],[-81.77109574552625,40.836779127323155],[-81.77121554125927,40.836711483750534],[-81.7709566117601,40.83645626266807],[-81.77087582626659,40.836499750521675],[-81.7708484438201,40.83649869842942],[-81.77084724187425,40.836545126402484]]]},"properties":{"p":"59-01588.000","o":"KLUTZ PAUL JASON & MELISSA LAUREN S/T","a":"","d":"ORRVILLE CITY SCHOOL DISTRICT","t":489.13,"l":"","k":"real","c":0}},{"type":"Feature","geometry":{"type":"Polygon","coordinates":[[[-81.77070919596791,40.836802887648574],[-81.77070637885117,40.83704231051199],[-81.7711096020395,40.836812329928875],[-81.77070919596791,40.836802887648574]]]},"properties":{"p":"59-01589.000","o":"KLUTZ PAUL JASON & MELISSA LAUREN S/T","a":"","d":"ORRVILLE CITY SCHOOL DISTRICT","t":130.47,"l":"","k":"real","c":0}},{"type":"Feature","geometry":{"type":"Polygon","coordinates":[[[-81.76550042618403,40.83687401905247],[-81.76547513411721,40.83687354058427],[-81.76546989065089,40.837018962814376],[-81.76549518271773,40.83701944196117],[-81.76550042618403,40.83687401905247]]]},"properties":{"p":"59-01240.000","o":"BACAN CATHY","a":"","d":"ORRVILLE CITY SCHOOL DISTRICT","t":35.13,"l":"","k":"real","c":0}},{"type":"Feature","geometry":{"type":"Polygon","coordinates":[[[-81.76550042618403,40.83687401905247],[-81.76549518271773,40.83701944196117],[-81.76567582942978,40.83702286667124],[-81.76568107109946,40.836877444449705],[-81.76550042618403,40.83687401905247]]]},"properties":{"p":"59-01239.000","o":"BACAN CATHY","a":"","d":"ORRVILLE CITY SCHOOL DISTRICT","t":2425.27,"l":"","k":"real","c":0}},{"type":"Feature","geometry":{"type":"Polygon","coordinates":[[[-81.77779685055901,40.839612325695875],[-81.77778610401327,40.83974934122392],[-81.77841554544801,40.839752090257825],[-81.77842625426452,40.839615102599616],[-81.77779685055901,40.839612325695875]]]},"properties":{"p":"59-01779.000","o":"BOLEN CHARLES R & CARRY J FENSTERMAKER S/T","a":"","d":"ORRVILLE CITY SCHOOL DISTRICT","t":1890.81,"l":"","k":"real","c":0}},{"type":"Feature","geometry":{"type":"Polygon","coordinates":[[[-81.7910221401243,40.83971221668226],[-81.79072202915752,40.84005143931894],[-81.79098864823555,40.84018736316796],[-81.79129048935752,40.839849891906916],[-81.7910221401243,40.83971221668226]]]},"properties":{"p":"59-02661.000","o":"BOOTH VALERIE A","a":"","d":"ORRVILLE CITY SCHOOL DISTRICT","t":250.99,"l":"","k":"real","c":0}},{"type":"Feature","geometry":{"type":"Polygon","coordinates":[[[-81.7719603964451,40.840210183053344],[-81.77196532460273,40.84038543812481],[-81.77222841240336,40.840386082391625],[-81.77222365941721,40.84021231634321],[-81.7719603964451,40.840210183053344]]]},"properties":{"p":"59-00645.000","o":"GARDNER TINA M","a":"","d":"ORRVILLE CITY SCHOOL DISTRICT","t":104.26,"l":"","k":"real","c":0}},{"type":"Feature","geometry":{"type":"Polygon","coordinates":[[[-81.76929176404404,40.84128124495217],[-81.76928387234426,40.8415116871064],[-81.76974282252124,40.84151584214873],[-81.7697507133227,40.84128537214545],[-81.76929176404404,40.84128124495217]]]},"properties":{"p":"59-01811.000","o":"LUCAS MICHAEL S & TRACI L","a":"","d":"ORRVILLE CITY SCHOOL DISTRICT","t":1511.25,"l":"","k":"real","c":0}},{"type":"Feature","geometry":{"type":"Polygon","coordinates":[[[-81.76926336560294,40.84210907472617],[-81.76925904560476,40.842235313634404],[-81.76971800117163,40.84223944076833],[-81.76972228344057,40.8421132011883],[-81.76926336560294,40.84210907472617]]]},"properties":{"p":"59-00388.000","o":"MCCOLLOUGH MARLENE","a":"","d":"ORRVILLE CITY SCHOOL DISTRICT","t":118.96,"l":"","k":"real","c":0}},{"type":"Feature","geometry":{"type":"Polygon","coordinates":[[[-81.79013646144128,40.84271426808262],[-81.79085948936232,40.843071521572355],[-81.79101302132584,40.84293621797835],[-81.7904474851421,40.84243927787373],[-81.79013990558207,40.842440672382686],[-81.79013646144128,40.84271426808262]]]},"properties":{"p":"59-02945.044","o":"KRAFT JACOB M & SAMANTHA J S/T","a":"","d":"ORRVILLE CITY SCHOOL DISTRICT","t":5468.07,"l":"","k":"real","c":0}},{"type":"Feature","geometry":{"type":"Polygon","coordinates":[[[-81.77498884633826,40.843112740731],[-81.77450090573043,40.84311156370126],[-81.77450018797651,40.84324880441124],[-81.77498812858434,40.843249981438504],[-81.77498884633826,40.843112740731]]]},"properties":{"p":"59-02389.000","o":"SUMMERS J KEVIN & MONICA M S/T","a":"","d":"ORRVILLE CITY SCHOOL DISTRICT","t":5900.56,"l":"","k":"real","c":0}},{"type":"Feature","geometry":{"type":"Polygon","coordinates":[[[-81.77742251090201,40.847658527760046],[-81.77775057474547,40.84815037441035],[-81.77810546767319,40.848014562705366],[-81.7779994449101,40.84764394364814],[-81.77788813556154,40.84768264909405],[-81.77742251090201,40.847658527760046]]]},"properties":{"p":"59-00934.037","o":"WERNTZ JEFFREY L & SUE ANN S/T","a":"","d":"ORRVILLE CITY SCHOOL DISTRICT","t":6185.39,"l":"","k":"real","c":0}},{"type":"Feature","geometry":{"type":"Polygon","coordinates":[[[-81.78737014982947,40.84833466383443],[-81.78737596821757,40.84874473472477],[-81.78766541348696,40.84874246444638],[-81.78765940465601,40.84833228277944],[-81.78737014982947,40.84833466383443]]]},"properties":{"p":"59-01965.000","o":"SMITH RUSSEL J & LISA L S/T","a":"","d":"ORRVILLE CITY SCHOOL DISTRICT","t":4414.11,"l":"","k":"real","c":0}},{"type":"Feature","geometry":{"type":"Polygon","coordinates":[[[-81.76796419868286,40.8505285297748],[-81.76794889947526,40.850926992811075],[-81.76812894701101,40.85094708896815],[-81.76814417884499,40.85055032752594],[-81.76796419868286,40.8505285297748]]]},"properties":{"p":"59-00219.000","o":"SHEARER GREGORY A","a":"","d":"ORRVILLE CITY SCHOOL DISTRICT","t":13847.56,"l":"","k":"real","c":0}},{"type":"Feature","geometry":{"type":"Polygon","coordinates":[[[-81.78856469446002,40.85163466061599],[-81.78867542619182,40.851658307577054],[-81.78926249409461,40.85130161475382],[-81.78855013456588,40.85130461608049],[-81.78849593201826,40.85164251009522],[-81.78856469446002,40.85163466061599]]]},"properties":{"p":"59-02700.004","o":"MCCUNE KELLY D","a":"","d":"ORRVILLE CITY SCHOOL DISTRICT","t":13172.35,"l":"","k":"real","c":0}},{"type":"Feature","geometry":{"type":"Polygon","coordinates":[[[-81.76531498606163,40.853100886702265],[-81.76530973361216,40.85323915651322],[-81.76577928660443,40.85329458122636],[-81.76578293645943,40.85315612263692],[-81.76531498606163,40.853100886702265]]]},"properties":{"p":"59-02391.000","o":"KAUFFMAN MELINDA K","a":"","d":"ORRVILLE CITY SCHOOL DISTRICT","t":4467.27,"l":"","k":"real","c":0}},{"type":"Feature","geometry":{"type":"Polygon","coordinates":[[[-81.79039977921062,40.965260822218],[-81.79073264365093,40.96605477710707],[-81.79090478870714,40.96601225480772],[-81.79056585075719,40.965201244284614],[-81.79039977921062,40.965260822218]]]},"properties":{"p":"63-00183.000","o":"SHERWIN DENISE & JAMES","a":"","d":"RITTMAN EX VILL SCHOOL DISTRICT","t":1367.68,"l":"","k":"real","c":0}},{"type":"Feature","geometry":{"type":"Polygon","coordinates":[[[-81.78465766706614,40.96896292180671],[-81.78518306921795,40.96934404706525],[-81.78528015913383,40.96934346306413],[-81.78527376043408,40.96895921836338],[-81.78465766706614,40.96896292180671]]]},"properties":{"p":"63-00345.000","o":"PAMER SCOTT E & DJUNA K","a":"","d":"RITTMAN EX VILL SCHOOL DISTRICT","t":1621.79,"l":"","k":"real","c":0}},{"type":"Feature","geometry":{"type":"Polygon","coordinates":[[[-81.78007639386443,40.97192154709939],[-81.77956231228183,40.97193183895338],[-81.7795655956242,40.972069060807165],[-81.78007967810511,40.97205876965285],[-81.78007639386443,40.97192154709939]]]},"properties":{"p":"63-00013.000","o":"KOLLIN JEFFREY W & STACEY A MEYER","a":"","d":"RITTMAN EX VILL SCHOOL DISTRICT","t":2483.74,"l":"","k":"real","c":0}},{"type":"Feature","geometry":{"type":"Polygon","coordinates":[[[-81.79172838751582,40.97333665246482],[-81.791729108863,40.97338441148964],[-81.79135715962298,40.97338469431607],[-81.7913576842391,40.9734192771294],[-81.79182850565256,40.97341891834023],[-81.79182725879093,40.973336575823566],[-81.79172838751582,40.97333665246482]]]},"properties":{"p":"63-00121.000","o":"BAUMAN RICHARD D ETAL","a":"","d":"RITTMAN EX VILL SCHOOL DISTRICT","t":1685.68,"l":"","k":"real","c":0}},{"type":"Feature","geometry":{"type":"Polygon","coordinates":[[[-81.7783247787734,40.9735426245424],[-81.77775269117626,40.97355395791878],[-81.77775433239829,40.973691211667074],[-81.77832642269036,40.97367987899252],[-81.7783247787734,40.9735426245424]]]},"properties":{"p":"63-00543.000","o":"NEE ROBERT E","a":"","d":"RITTMAN EX VILL SCHOOL DISTRICT","t":4540.21,"l":"","k":"real","c":0}},{"type":"Feature","geometry":{"type":"Polygon","coordinates":[[[-81.7866678029229,40.973699923629695],[-81.7866702131028,40.973782261623406],[-81.78721062430638,40.97378085563859],[-81.78720831204284,40.97369851696487],[-81.7866678029229,40.973699923629695]]]},"properties":{"p":"63-00554.000","o":"DAVIS DEBRA L","a":"","d":"RITTMAN EX VILL SCHOOL DISTRICT","t":668.68,"l":"","k":"real","c":0}},{"type":"Feature","geometry":{"type":"Polygon","coordinates":[[[-81.7866702131028,40.973782261623406],[-81.7866745905932,40.97393188183885],[-81.7872148338118,40.97393081633132],[-81.78721062430638,40.97378085563859],[-81.7866702131028,40.973782261623406]]]},"properties":{"p":"63-00555.000","o":"DAVIS DEBRA L","a":"","d":"RITTMAN EX VILL SCHOOL DISTRICT","t":10506.76,"l":"","k":"real","c":0}},{"type":"Feature","geometry":{"type":"Polygon","coordinates":[[[-81.77962629748289,40.97532681449134],[-81.77962436520671,40.97546413915535],[-81.78010939976458,40.97545452335904],[-81.7801113931262,40.97531719799679],[-81.77962629748289,40.97532681449134]]]},"properties":{"p":"63-00547.000","o":"SCHIEFER ANTONIA D","a":"","d":"RITTMAN EX VILL SCHOOL DISTRICT","t":1263.45,"l":"","k":"real","c":0}},{"type":"Feature","geometry":{"type":"Polygon","coordinates":[[[-81.7771225122247,40.97578800918023],[-81.77712047754056,40.975925336275246],[-81.77757334522475,40.975916367563094],[-81.77757537811223,40.97577904112763],[-81.7771225122247,40.97578800918023]]]},"properties":{"p":"63-00048.000","o":"ROGERS SHIRLEY","a":"","d":"RITTMAN EX VILL SCHOOL DISTRICT","t":2179.73,"l":"","k":"real","c":0}},{"type":"Feature","geometry":{"type":"Polygon","coordinates":[[[-81.78027745748625,40.97635431179768],[-81.78027546951454,40.97649160651617],[-81.78083152757372,40.976483419177804],[-81.78083473635591,40.97634610680876],[-81.78027745748625,40.97635431179768]]]},"properties":{"p":"63-00541.000","o":"FIRIS NICHOLAS","a":"","d":"RITTMAN EX VILL SCHOOL DISTRICT","t":1243.07,"l":"","k":"real","c":0}},{"type":"Feature","geometry":{"type":"Polygon","coordinates":[[[-81.77828980017286,40.97645186956639],[-81.77828776908198,40.97658919527942],[-81.77884085192096,40.97657823679528],[-81.77884278509545,40.97644091173765],[-81.77828980017286,40.97645186956639]]]},"properties":{"p":"63-00635.000","o":"RILEY MARGARET ELIZABETH DAWN","a":"","d":"RITTMAN EX VILL SCHOOL DISTRICT","t":459.86,"l":"","k":"real","c":0}},{"type":"Feature","geometry":{"type":"Polygon","coordinates":[[[-81.78026771076544,40.97702706519221],[-81.78026751313608,40.97704078524547],[-81.78081868975,40.977032669864826],[-81.78081901134688,40.97701894845345],[-81.78026771076544,40.97702706519221]]]},"properties":{"p":"63-00036.000","o":"MANSO BARRY O","a":"","d":"RITTMAN EX VILL SCHOOL DISTRICT","t":53,"l":"","k":"real","c":0}},{"type":"Feature","geometry":{"type":"Polygon","coordinates":[[[-81.78026751313608,40.97704078524547],[-81.78026552336772,40.97717807989164],[-81.78081548276442,40.97716998351755],[-81.78081868975,40.977032669864826],[-81.78026751313608,40.97704078524547]]]},"properties":{"p":"63-00033.000","o":"MANSO BARRY O","a":"","d":"RITTMAN EX VILL SCHOOL DISTRICT","t":5594.55,"l":"","k":"real","c":0}},{"type":"Feature","geometry":{"type":"Polygon","coordinates":[[[-81.7766297844947,40.97846765249544],[-81.77662831754584,40.97853629938657],[-81.77717013191788,40.97852953717489],[-81.77717204443113,40.97846088620753],[-81.7766297844947,40.97846765249544]]]},"properties":{"p":"63-00052.000","o":"MULLINS SHANE & SIERRA MATHYS S/T","a":"","d":"RITTMAN EX VILL SCHOOL DISTRICT","t":153.78,"l":"","k":"real","c":0}},{"type":"Feature","geometry":{"type":"Polygon","coordinates":[[[-81.78687769249241,40.9786738106524],[-81.78688428522828,40.979012861644875],[-81.78710152211848,40.979008041120075],[-81.7870949572304,40.97867055332276],[-81.78687769249241,40.9786738106524]]]},"properties":{"p":"63-00608.000","o":"SHEEN DEBRA","a":"","d":"RITTMAN EX VILL SCHOOL DISTRICT","t":8201.9,"l":"","k":"real","c":0}},{"type":"Feature","geometry":{"type":"Polygon","coordinates":[[[-81.7883675582726,40.979071261990015],[-81.78838591804036,40.97907909974335],[-81.78837623779486,40.97876850169166],[-81.78835801906258,40.978765101269495],[-81.7883675582726,40.979071261990015]]]},"properties":{"p":"63-00649.000","o":"EMCH PAUL J & IRENE E","a":"","d":"RITTMAN EX VILL SCHOOL DISTRICT","t":1012.49,"l":"","k":"real","c":0}},{"type":"Feature","geometry":{"type":"Polygon","coordinates":[[[-81.78485785842383,40.97945560310142],[-81.78487470453035,40.97947431675428],[-81.78526483746838,40.979242673042016],[-81.7852571874154,40.97886237945171],[-81.78474442366134,40.979377565063515],[-81.78485785842383,40.97945560310142]]]},"properties":{"p":"63-00058.000","o":"ADCOX RYAN T","a":"","d":"RITTMAN EX VILL SCHOOL DISTRICT","t":8385.84,"l":"","k":"real","c":0}},{"type":"Feature","geometry":{"type":"Polygon","coordinates":[[[-81.79465483281015,40.9803139550676],[-81.79466507989261,40.98049867328903],[-81.79517944534281,40.98049334899412],[-81.795175952693,40.98030752941031],[-81.79465483281015,40.9803139550676]]]},"properties":{"p":"63-00032.000","o":"HUFF NICHOLAS","a":"","d":"RITTMAN EX VILL SCHOOL DISTRICT","t":1581.84,"l":"","k":"real","c":0}},{"type":"Feature","geometry":{"type":"Polygon","coordinates":[[[-81.78408678410982,40.98019761090063],[-81.78409772558999,40.980612046555564],[-81.78438412736718,40.9806112720894],[-81.78437142968065,40.98019169250376],[-81.78408678410982,40.98019761090063]]]},"properties":{"p":"63-00123.000","o":"J & D GUTTER SOLUTIONS LLC","a":"","d":"RITTMAN EX VILL SCHOOL DISTRICT","t":1371.48,"l":"","k":"real","c":0}},{"type":"Feature","geometry":{"type":"Polygon","coordinates":[[[-81.78509485375872,40.981527594866435],[-81.7850997828147,40.9817115874536],[-81.78550020685259,40.981707870484655],[-81.78549551046028,40.98151575492016],[-81.78509485375872,40.981527594866435]]]},"properties":{"p":"63-00789.000","o":"YOST KATHY A & LORA J HANLON & AMY L WEBB & BENJAMIN L HATFIELD FEE KATHY A YOST LE","a":"","d":"RITTMAN EX VILL SCHOOL DISTRICT","t":1676.45,"l":"","k":"real","c":0}},{"type":"Feature","geometry":{"type":"Polygon","coordinates":[[[-81.77898012672262,40.98148993746878],[-81.78018435788684,40.98194747315696],[-81.78035535579444,40.98169846786115],[-81.77915131058147,40.98123342117868],[-81.77898012672262,40.98148993746878]]]},"properties":{"p":"63-00158.000","o":"STILLWAGNER JASON A","a":"","d":"RITTMAN EX VILL SCHOOL DISTRICT","t":6703.63,"l":"","k":"real","c":0}},{"type":"Feature","geometry":{"type":"Polygon","coordinates":[[[-81.94824217567493,40.798691533861636],[-81.94840578583764,40.79869344611619],[-81.94846935781368,40.79859787140322],[-81.94826518602096,40.798530792757106],[-81.94820813581389,40.79859356950423],[-81.94824408549324,40.79860096080031],[-81.94824217567493,40.798691533861636]]]},"properties":{"p":"64-00513.000","o":"WILSON STEPHANIE MARIE NKA STEPHANIE MARIE ROSS","a":"","d":"WOOSTER CITY SCHOOL DISTRICT","t":4761.86,"l":"","k":"real","c":0}},{"type":"Feature","geometry":{"type":"Polygon","coordinates":[[[-81.9355929954643,40.79895974062484],[-81.9357193012882,40.79944439958772],[-81.9358609701001,40.79942272579808],[-81.93573459241097,40.7989380666769],[-81.9355929954643,40.79895974062484]]]},"properties":{"p":"64-00734.000","o":"OHIO DREAM TEAM LLC","a":"","d":"WOOSTER CITY SCHOOL DISTRICT","t":3866.53,"l":"","k":"real","c":0}},{"type":"Feature","geometry":{"type":"Polygon","coordinates":[[[-81.93573459241097,40.7989380666769],[-81.9358609701001,40.79942272579808],[-81.93600256794505,40.79940104996125],[-81.93587622529023,40.798916392041896],[-81.93573459241097,40.7989380666769]]]},"properties":{"p":"64-00735.000","o":"OHIO DREAM TEAM LLC","a":"","d":"WOOSTER CITY SCHOOL DISTRICT","t":1548.62,"l":"","k":"real","c":0}},{"type":"Feature","geometry":{"type":"Polygon","coordinates":[[[-81.94464417502702,40.79935744189621],[-81.94460251026584,40.79988530516939],[-81.94478305367164,40.799858153269255],[-81.94479145920775,40.79935919704542],[-81.94464417502702,40.79935744189621]]]},"properties":{"p":"64-00759.000","o":"CHUPP MARY J","a":"","d":"WOOSTER CITY SCHOOL DISTRICT","t":3586.15,"l":"","k":"real","c":0}},{"type":"Feature","geometry":{"type":"Polygon","coordinates":[[[-81.9374064676475,40.800601729692524],[-81.93743776674862,40.8007229332486],[-81.93765064860634,40.800691147401636],[-81.93761905845106,40.80056999614865],[-81.9374064676475,40.800601729692524]]]},"properties":{"p":"64-00078.000","o":"MILLER MILDRED ETAL","a":"","d":"WOOSTER CITY SCHOOL DISTRICT","t":1775.02,"l":"","k":"real","c":0}},{"type":"Feature","geometry":{"type":"Polygon","coordinates":[[[-81.93505227254535,40.80206140803144],[-81.93518207101906,40.80256033034289],[-81.93530598822261,40.80254128642825],[-81.93517622388488,40.80204255709343],[-81.93505227254535,40.80206140803144]]]},"properties":{"p":"64-00419.000","o":"MCNICHOLS CHRISTOPHER D","a":"","d":"WOOSTER CITY SCHOOL DISTRICT","t":681.67,"l":"","k":"real","c":0}},{"type":"Feature","geometry":{"type":"Polygon","coordinates":[[[-81.94059010509925,40.803716593625175],[-81.94124186607554,40.80361905759368],[-81.94116787543886,40.80335038346721],[-81.940520024829,40.803447305867174],[-81.94059010509925,40.803716593625175]]]},"properties":{"p":"64-00716.000","o":"HOTHEM INVESTMENT LIMITED PARTNERSHIP","a":"","d":"WOOSTER CITY SCHOOL DISTRICT","t":9254.11,"l":"","k":"real","c":0}},{"type":"Feature","geometry":{"type":"Polygon","coordinates":[[[-81.93619638845077,40.80402110797364],[-81.93568190352461,40.80405711761345],[-81.93572919173948,40.80432829934994],[-81.93580894057713,40.80432537069377],[-81.93579043168903,40.80425070045664],[-81.93622038424864,40.80423233632391],[-81.93619638845077,40.80402110797364]]]},"properties":{"p":"64-00693.000","o":"NOTT SETH W & THERESA LYNN S/T","a":"","d":"WOOSTER CITY SCHOOL DISTRICT","t":38231,"l":"","k":"real","c":0}},{"type":"Feature","geometry":{"type":"Polygon","coordinates":[[[-81.77253633601813,40.954682706194845],[-81.77275493834759,40.95467706163141],[-81.77273710499256,40.95433652734775],[-81.77251856644351,40.95434305051568],[-81.77253633601813,40.954682706194845]]]},"properties":{"p":"63-03298.060","o":"RUDOLPH KELLEY A","a":"","d":"RITTMAN EX VILL SCHOOL DISTRICT","t":3481.66,"l":"","k":"real","c":0}},{"type":"Feature","geometry":{"type":"Polygon","coordinates":[[[-81.77275349205999,40.95607911836581],[-81.77277014772366,40.9563984832079],[-81.77295273749168,40.95639174111489],[-81.7730041256175,40.95636694027438],[-81.77302431255858,40.95632347958924],[-81.77301734612354,40.956071178830996],[-81.77275349205999,40.95607911836581]]]},"properties":{"p":"63-03310.000","o":"SCHADE GUSTUS G JR & DENISE RS/T","a":"","d":"RITTMAN EX VILL SCHOOL DISTRICT","t":2904.37,"l":"","k":"real","c":0}},{"type":"Feature","geometry":{"type":"Polygon","coordinates":[[[-81.77185262825539,40.95659189916718],[-81.77187038076204,40.95694835359426],[-81.77209469278343,40.9569419276964],[-81.77207694387003,40.95658547391305],[-81.77185262825539,40.95659189916718]]]},"properties":{"p":"63-03330.000","o":"HUTCHISON DAVID R & LINDA S","a":"","d":"RITTMAN EX VILL SCHOOL DISTRICT","t":2925.84,"l":"","k":"real","c":0}},{"type":"Feature","geometry":{"type":"Polygon","coordinates":[[[-81.79266731114235,40.96571493303531],[-81.79281160123824,40.96612084439304],[-81.79329078417035,40.96602171732408],[-81.79327921746275,40.965585915147926],[-81.79266731114235,40.96571493303531]]]},"properties":{"p":"63-02199.000","o":"CARSON MATTHEW","a":"","d":"RITTMAN EX VILL SCHOOL DISTRICT","t":5560.04,"l":"","k":"real","c":0}},{"type":"Feature","geometry":{"type":"Polygon","coordinates":[[[-81.7919341735811,40.96587242850411],[-81.79210513735272,40.96626946044185],[-81.79228759596671,40.96622924048002],[-81.79214402003149,40.96582526299697],[-81.7919341735811,40.96587242850411]]]},"properties":{"p":"63-00828.000","o":"JORDAN KEVIN N","a":"","d":"RITTMAN EX VILL SCHOOL DISTRICT","t":1091.85,"l":"","k":"real","c":0}},{"type":"Feature","geometry":{"type":"Polygon","coordinates":[[[-81.78099787939466,40.96654463014694],[-81.78102909585078,40.96669393508224],[-81.78159544051829,40.96668066395314],[-81.78156264662053,40.96652605866312],[-81.78099787939466,40.96654463014694]]]},"properties":{"p":"63-01838.000","o":"BLUE SIDE UP LLC","a":"","d":"RITTMAN EX VILL SCHOOL DISTRICT","t":1404.88,"l":"","k":"real","c":0}},{"type":"Feature","geometry":{"type":"Polygon","coordinates":[[[-81.78303408436096,40.967263777824236],[-81.78312535319384,40.96754011820026],[-81.78326551642931,40.96748236424262],[-81.78323192213261,40.96724212568611],[-81.78303408436096,40.967263777824236]]]},"properties":{"p":"63-01161.000","o":"ROBERTSON JAMES E & TRACY M","a":"","d":"RITTMAN EX VILL SCHOOL DISTRICT","t":3427.71,"l":"","k":"real","c":0}},{"type":"Feature","geometry":{"type":"Polygon","coordinates":[[[-81.78281904474994,40.967287311569216],[-81.78293061820318,40.96762513909683],[-81.78312535319384,40.96754011820026],[-81.78303408436096,40.967263777824236],[-81.78281904474994,40.967287311569216]]]},"properties":{"p":"63-01162.000","o":"ROBERTSON JAMES E & TRACY M","a":"","d":"RITTMAN EX VILL SCHOOL DISTRICT","t":21968.62,"l":"","k":"real","c":0}},{"type":"Feature","geometry":{"type":"Polygon","coordinates":[[[-81.78192730064214,40.967868385186954],[-81.78193281270471,40.9679623116953],[-81.78211365255456,40.96795638134801],[-81.78214486002753,40.96786929071415],[-81.78192730064214,40.967868385186954]]]},"properties":{"p":"63-01033.000","o":"PATTERSON JOSEPH S & STEPHANIE L S/T","a":"","d":"RITTMAN EX VILL SCHOOL DISTRICT","t":487.67,"l":"","k":"real","c":0}},{"type":"Feature","geometry":{"type":"Polygon","coordinates":[[[-81.78012808382418,40.96753074543743],[-81.78016987794278,40.967995458684555],[-81.7803507860646,40.967989821364256],[-81.78030694558377,40.96750237956085],[-81.78012808382418,40.96753074543743]]]},"properties":{"p":"63-01779.000","o":"TLPARKER INVESTMENTS INCORPORATED","a":"","d":"RITTMAN EX VILL SCHOOL DISTRICT","t":2730.86,"l":"","k":"real","c":0}},{"type":"Feature","geometry":{"type":"Polygon","coordinates":[[[-81.78051874048,40.968581263923774],[-81.78017352689946,40.96859201753611],[-81.78017738157034,40.96875590104181],[-81.78052762930973,40.968744990771505],[-81.78051874048,40.968581263923774]]]},"properties":{"p":"63-01823.000","o":"CUNARD CHAD E","a":"","d":"RITTMAN EX VILL SCHOOL DISTRICT","t":309.63,"l":"","k":"real","c":0}},{"type":"Feature","geometry":{"type":"Polygon","coordinates":[[[-81.79114112018704,40.96926201961254],[-81.79115557228332,40.969398867181205],[-81.79166253022571,40.969395136631114],[-81.79166017394472,40.96921132673959],[-81.79114112018704,40.96926201961254]]]},"properties":{"p":"63-02763.000","o":"BARAT SCOTT P","a":"","d":"RITTMAN EX VILL SCHOOL DISTRICT","t":467.51,"l":"","k":"real","c":0}},{"type":"Feature","geometry":{"type":"Polygon","coordinates":[[[-81.79115557228332,40.969398867181205],[-81.7911576806293,40.96956354701862],[-81.79166463857169,40.96955981647784],[-81.79166253022571,40.969395136631114],[-81.79115557228332,40.969398867181205]]]},"properties":{"p":"63-02762.000","o":"BARAT SCOTT P","a":"","d":"RITTMAN EX VILL SCHOOL DISTRICT","t":503.07,"l":"","k":"real","c":0}},{"type":"Feature","geometry":{"type":"Polygon","coordinates":[[[-81.78652315978911,40.96974777781798],[-81.78652544869645,40.96988500692731],[-81.7867427224176,40.96988369785306],[-81.78674043351025,40.9697464694193],[-81.78652315978911,40.96974777781798]]]},"properties":{"p":"63-02292.000","o":"MILLER KENNETH S JR & TERRY L","a":"","d":"RITTMAN EX VILL SCHOOL DISTRICT","t":5212.18,"l":"","k":"real","c":0}},{"type":"Feature","geometry":{"type":"Polygon","coordinates":[[[-81.79588350084505,40.969912439827674],[-81.79588467673977,40.97006194672978],[-81.79631935353946,40.97006404327779],[-81.79631694605449,40.96985816750804],[-81.79594178893059,40.96985753806685],[-81.79589955373919,40.9698770656618],[-81.79588350084505,40.969912439827674]]]},"properties":{"p":"63-01719.000","o":"WATTS DONALD L","a":"","d":"RITTMAN EX VILL SCHOOL DISTRICT","t":2514.76,"l":"","k":"real","c":0}},{"type":"Feature","geometry":{"type":"Polygon","coordinates":[[[-81.78731725522891,40.97046047210876],[-81.78732142251351,40.97060810710213],[-81.78786764761361,40.97060575689865],[-81.78786317580013,40.9704575765702],[-81.78731725522891,40.97046047210876]]]},"properties":{"p":"63-02902.000","o":"MUMAW ANGELA MAE","a":"","d":"RITTMAN EX VILL SCHOOL DISTRICT","t":19945.37,"l":"","k":"real","c":0}},{"type":"Feature","geometry":{"type":"Polygon","coordinates":[[[-81.79760413573689,40.97156849633132],[-81.79761113990116,40.971939501886794],[-81.79794779702863,40.9719322452286],[-81.79794080005087,40.97156148177105],[-81.79760413573689,40.97156849633132]]]},"properties":{"p":"63-02347.000","o":"ROBBINS THEGEN J","a":"","d":"RITTMAN EX VILL SCHOOL DISTRICT","t":9478.03,"l":"","k":"real","c":0}},{"type":"Feature","geometry":{"type":"Polygon","coordinates":[[[-81.78166971861587,40.97216997955419],[-81.78167165179038,40.97224078034679],[-81.78203369081616,40.97223410023656],[-81.78203175674338,40.97216329943675],[-81.78166971861587,40.97216997955419]]]},"properties":{"p":"63-00795.000","o":"CHB ENTERPRISE LLC","a":"","d":"RITTMAN EX VILL SCHOOL DISTRICT","t":65.36,"l":"","k":"real","c":0}},{"type":"Feature","geometry":{"type":"Polygon","coordinates":[[[-81.78203369081616,40.97223410023656],[-81.78167165179038,40.97224078034679],[-81.78167202728616,40.97225450275204],[-81.78203406541364,40.97224782128667],[-81.78203369081616,40.97223410023656]]]},"properties":{"p":"63-00796.000","o":"CHB ENTERPRISE LLC","a":"","d":"RITTMAN EX VILL SCHOOL DISTRICT","t":3.77,"l":"","k":"real","c":0}},{"type":"Feature","geometry":{"type":"Polygon","coordinates":[[[-81.77899640329723,40.97256360812732],[-81.77921766733488,40.972559147959856],[-81.7792130733505,40.972367043052564],[-81.77899382872565,40.97237142998185],[-81.77899640329723,40.97256360812732]]]},"properties":{"p":"63-01213.001","o":"GIBSON JEFFREY L JR","a":"","d":"RITTMAN EX VILL SCHOOL DISTRICT","t":1287.06,"l":"","k":"real","c":0}},{"type":"Feature","geometry":{"type":"Polygon","coordinates":[[[-81.79039796102047,40.97231044160025],[-81.79039969476898,40.97265504895444],[-81.79068750510453,40.97264642095665],[-81.79069669397157,40.97230985966013],[-81.79039796102047,40.97231044160025]]]},"properties":{"p":"63-00856.000","o":"MCLEAN SHANNON","a":"","d":"RITTMAN EX VILL SCHOOL DISTRICT","t":8600.44,"l":"","k":"real","c":0}},{"type":"Feature","geometry":{"type":"Polygon","coordinates":[[[-81.7995282632951,40.9732270004183],[-81.79892557638446,40.973231510730535],[-81.79892935380023,40.97348128523701],[-81.79953136966935,40.97347402128778],[-81.7995282632951,40.9732270004183]]]},"properties":{"p":"63-02939.004","o":"CRAIG MICHELE L & CHRISTOPHERL S/T","a":"","d":"RITTMAN EX VILL SCHOOL DISTRICT","t":2276.49,"l":"","k":"real","c":0}},{"type":"Feature","geometry":{"type":"Polygon","coordinates":[[[-81.78726981340213,40.973308593614725],[-81.78727443613258,40.97347326979795],[-81.78781774619956,40.97347185498944],[-81.78781312167249,40.97330717812443],[-81.78726981340213,40.973308593614725]]]},"properties":{"p":"63-02565.000","o":"KEOUGH KAREN L","a":"","d":"RITTMAN EX VILL SCHOOL DISTRICT","t":750.71,"l":"","k":"real","c":0}},{"type":"Feature","geometry":{"type":"Polygon","coordinates":[[[-81.78671176287965,40.97404159985901],[-81.78667595962568,40.97406536789021],[-81.786679809805,40.974198116432774],[-81.78722317017763,40.97419704482545],[-81.78721810637437,40.974040600820196],[-81.78671176287965,40.97404159985901]]]},"properties":{"p":"63-02048.000","o":"SMITH KIMBERLY A","a":"","d":"RITTMAN EX VILL SCHOOL DISTRICT","t":19037.07,"l":"","k":"real","c":0}},{"type":"Feature","geometry":{"type":"Polygon","coordinates":[[[-81.77885044502987,40.97449321269098],[-81.77833628259893,40.9745034024094],[-81.77833792561756,40.97464065553887],[-81.77885208894685,40.97463046719808],[-81.77885044502987,40.97449321269098]]]},"properties":{"p":"63-02297.000","o":"DUNCAN MELINDA L ETAL FEE E JCOLLINS LE","a":"","d":"RITTMAN EX VILL SCHOOL DISTRICT","t":1762.13,"l":"","k":"real","c":0}},{"type":"Feature","geometry":{"type":"Polygon","coordinates":[[[-81.7923180228037,40.97465370260829],[-81.79184719150878,40.974654062747284],[-81.79184968343539,40.974818749136524],[-81.79232051562862,40.974818388998486],[-81.7923180228037,40.97465370260829]]]},"properties":{"p":"63-01385.000","o":"BOWES ROGER W & TRACIE L","a":"","d":"RITTMAN EX VILL SCHOOL DISTRICT","t":3557.62,"l":"","k":"real","c":0}},{"type":"Feature","geometry":{"type":"Polygon","coordinates":[[[-81.77961084286673,40.97642541804152],[-81.77960890969226,40.97656274448783],[-81.78009348071944,40.97655313156449],[-81.7800954713861,40.97641580509817],[-81.77961084286673,40.97642541804152]]]},"properties":{"p":"63-02436.000","o":"FIRIS NICHOLAS","a":"","d":"RITTMAN EX VILL SCHOOL DISTRICT","t":3050.05,"l":"","k":"real","c":0}},{"type":"Feature","geometry":{"type":"Polygon","coordinates":[[[-81.78027546951454,40.97649160651617],[-81.78027347974617,40.97662890162713],[-81.7808283178932,40.97662073261741],[-81.78083152757372,40.976483419177804],[-81.78027546951454,40.97649160651617]]]},"properties":{"p":"63-00934.000","o":"FIRIS NICHOLAS","a":"","d":"RITTMAN EX VILL SCHOOL DISTRICT","t":3333.29,"l":"","k":"real","c":0}},{"type":"Feature","geometry":{"type":"Polygon","coordinates":[[[-81.79116900928334,40.97743549835981],[-81.79140348035229,40.977443147089936],[-81.791416682892,40.976916018109044],[-81.79118609434174,40.9769083672832],[-81.79116900928334,40.97743549835981]]]},"properties":{"p":"63-01307.000","o":"KITTS RAYMOND FRANKLIN","a":"","d":"RITTMAN EX VILL SCHOOL DISTRICT","t":669.56,"l":"","k":"real","c":0}},{"type":"Feature","geometry":{"type":"Polygon","coordinates":[[[-81.79749067671987,40.97696608382734],[-81.79718300104012,40.97697380517969],[-81.79716674692338,40.977592541301014],[-81.79747515023851,40.97759933751864],[-81.79749067671987,40.97696608382734]]]},"properties":{"p":"63-02834.000","o":"BOND JONNIE L","a":"","d":"RITTMAN EX VILL SCHOOL DISTRICT","t":14903.21,"l":"","k":"real","c":0}},{"type":"Feature","geometry":{"type":"Polygon","coordinates":[[[-81.77766911821045,40.97759257860185],[-81.77779648494469,40.97763289472308],[-81.77804510268273,40.97726681983054],[-81.77784490863009,40.97720298413688],[-81.77766911821045,40.97759257860185]]]},"properties":{"p":"63-02745.000","o":"ISAAC TRUMAN R & BERNITA J","a":"","d":"RITTMAN EX VILL SCHOOL DISTRICT","t":3183.86,"l":"","k":"real","c":0}},{"type":"Feature","geometry":{"type":"Polygon","coordinates":[[[-81.78692350926686,40.978329133687645],[-81.78693019722414,40.97867302327791],[-81.78714746286043,40.97866976662638],[-81.78714079107282,40.978326704410996],[-81.78692350926686,40.978329133687645]]]},"properties":{"p":"63-02144.000","o":"GRIFFITH IRENE E","a":"","d":"RITTMAN EX VILL SCHOOL DISTRICT","t":12855.55,"l":"","k":"real","c":0}},{"type":"Feature","geometry":{"type":"Polygon","coordinates":[[[-81.78289016886258,40.98080981521936],[-81.78290286026089,40.980869496381366],[-81.78293969388248,40.98092316624982],[-81.78299695699027,40.98096541377786],[-81.78306887701025,40.9809919801261],[-81.78368843518022,40.9809998190075],[-81.78368380167,40.98054507215062],[-81.78288966221274,40.98053600912317],[-81.78289016886258,40.98080981521936]]]},"properties":{"p":"63-02327.000","o":"VILLAS LIMITED AN OHIO LIMITED","a":"","d":"RITTMAN EX VILL SCHOOL DISTRICT","t":6698.97,"l":"","k":"real","c":0}},{"type":"Feature","geometry":{"type":"Polygon","coordinates":[[[-81.78202366382096,40.98110698148853],[-81.78200653654176,40.98117994348214],[-81.78275664597368,40.98096129665072],[-81.78272529297364,40.9808974279116],[-81.78270835613726,40.98080851721244],[-81.78270932631777,40.980535654441674],[-81.78220871856612,40.980533081474796],[-81.78205845647024,40.980958342572876],[-81.78202366382096,40.98110698148853]]]},"properties":{"p":"63-02329.000","o":"VILLAS LIMITED AN OHIO LIMITED","a":"","d":"RITTMAN EX VILL SCHOOL DISTRICT","t":6841.46,"l":"","k":"real","c":0}},{"type":"Feature","geometry":{"type":"Polygon","coordinates":[[[-81.78300836020449,40.981123330602735],[-81.78281925495573,40.98158370556303],[-81.78366049128668,40.9815462068861],[-81.7836643118216,40.98114023444866],[-81.7831458105278,40.98113847936769],[-81.78300836020449,40.981123330602735]]]},"properties":{"p":"63-02328.000","o":"VILLAS LIMITED AN OHIO LIMITED","a":"","d":"RITTMAN EX VILL SCHOOL DISTRICT","t":6262.19,"l":"","k":"real","c":0}},{"type":"Feature","geometry":{"type":"Polygon","coordinates":[[[-81.78235561557298,40.98151103630188],[-81.78270807316795,40.98158888600067],[-81.78281925495573,40.98158370556303],[-81.78300836020449,40.981123330602735],[-81.7828416176164,40.98105021256922],[-81.78275664597368,40.98096129665072],[-81.78200653654176,40.98117994348214],[-81.78195200610907,40.981433156672246],[-81.78235561557298,40.98151103630188]]]},"properties":{"p":"63-02331.000","o":"VILLAS LIMITED AN OHIO LIMITED","a":"","d":"RITTMAN EX VILL SCHOOL DISTRICT","t":13565.28,"l":"","k":"real","c":0}},{"type":"Feature","geometry":{"type":"Polygon","coordinates":[[[-81.78510518258786,40.98191219021331],[-81.78511010984718,40.982096237335945],[-81.78550992662396,40.98209204975167],[-81.78550515746812,40.98189996039789],[-81.78510518258786,40.98191219021331]]]},"properties":{"p":"63-02128.000","o":"SCHIEFER ANTONIA D","a":"","d":"RITTMAN EX VILL SCHOOL DISTRICT","t":2689.74,"l":"","k":"real","c":0}},{"type":"Feature","geometry":{"type":"Polygon","coordinates":[[[-81.79858400637073,40.98207049131764],[-81.79804676262684,40.98194710966706],[-81.79795224099433,40.98218352891056],[-81.79848946497528,40.98230690469368],[-81.79858400637073,40.98207049131764]]]},"properties":{"p":"63-01876.000","o":"SHREVE ERICK C & KRISTEN M S/T","a":"","d":"RITTMAN EX VILL SCHOOL DISTRICT","t":1003.49,"l":"","k":"real","c":0}},{"type":"Feature","geometry":{"type":"Polygon","coordinates":[[[-81.7945805610008,40.98381381753653],[-81.79469916916099,40.98364310260283],[-81.79399037235069,40.983251227351495],[-81.79369833364508,40.983255519973774],[-81.79370700059094,40.98365162066067],[-81.7940455558586,40.98364693813638],[-81.7945805610008,40.98381381753653]]]},"properties":{"p":"63-03294.032","o":"DIAZ AMANDA J & MELQUICEDE DIAZ HERNANDEZ S/T","a":"","d":"RITTMAN EX VILL SCHOOL DISTRICT","t":296.13,"l":"","k":"real","c":0}},{"type":"Feature","geometry":{"type":"Polygon","coordinates":[[[-81.77989343758377,40.9837453944973],[-81.78008735780247,40.98381970441421],[-81.78020599830202,40.98339938165627],[-81.78000887469103,40.98333004812508],[-81.77989343758377,40.9837453944973]]]},"properties":{"p":"63-01242.000","o":"JUSTICE WILLIS RAY","a":"","d":"RITTMAN EX VILL SCHOOL DISTRICT","t":1382.79,"l":"","k":"real","c":0}},{"type":"Feature","geometry":{"type":"Polygon","coordinates":[[[-81.77869499426491,40.98456206931419],[-81.77869525657297,40.984949566280676],[-81.7789125716166,40.98494810018102],[-81.77891230930857,40.98456060320597],[-81.77869499426491,40.98456206931419]]]},"properties":{"p":"63-02615.000","o":"MCMILLEN SAMUEL","a":"","d":"RITTMAN EX VILL SCHOOL DISTRICT","t":2.67,"l":"","k":"real","c":0}},{"type":"Feature","geometry":{"type":"Polygon","coordinates":[[[-81.9411605838137,40.80449378759455],[-81.94098338932727,40.80452032494191],[-81.94101270943985,40.804633036642684],[-81.94119511774817,40.8046265129837],[-81.9411605838137,40.80449378759455]]]},"properties":{"p":"64-00138.001","o":"CLARK PROPERTY RENTALS LLC","a":"","d":"WOOSTER CITY SCHOOL DISTRICT","t":109.75,"l":"","k":"real","c":0}},{"type":"Feature","geometry":{"type":"Polygon","coordinates":[[[-81.94149074791828,40.790910875012614],[-81.9423539633293,40.79103914358362],[-81.9422861315422,40.7903272501919],[-81.94164337617661,40.7903576406363],[-81.94149074791828,40.790910875012614]]]},"properties":{"p":"64-00782.000","o":"JONES J DOUGLAS ETAL","a":"","d":"WOOSTER CITY SCHOOL DISTRICT","t":1765.82,"l":"","k":"real","c":0}},{"type":"Feature","geometry":{"type":"Polygon","coordinates":[[[-81.95073847347527,40.789919830948726],[-81.95066314255217,40.791844585163645],[-81.95168277262046,40.79185141204499],[-81.9516865832739,40.790726235547304],[-81.95142134490648,40.79049175996806],[-81.95096955160739,40.79003636048413],[-81.95094039588652,40.78991110768431],[-81.95073847347527,40.789919830948726]]]},"properties":{"p":"64-01918.000","o":"JONES J DOUGLAS ETAL","a":"","d":"WOOSTER CITY SCHOOL DISTRICT","t":3137.93,"l":"","k":"real","c":0}},{"type":"Feature","geometry":{"type":"Polygon","coordinates":[[[-81.95168277262046,40.79185141204499],[-81.95270352019297,40.79185823824546],[-81.9526964747062,40.79161896035418],[-81.9516865832739,40.790726235547304],[-81.95168277262046,40.79185141204499]]]},"properties":{"p":"64-01914.000","o":"JONES J DOUGLAS ETAL","a":"","d":"WOOSTER CITY SCHOOL DISTRICT","t":530.66,"l":"","k":"real","c":0}},{"type":"Feature","geometry":{"type":"Polygon","coordinates":[[[-81.94144450534239,40.790904007907905],[-81.94151381575645,40.791286923573274],[-81.94158560102913,40.79149750417846],[-81.94168137042155,40.791702541258445],[-81.94183920801026,40.79195375601139],[-81.94198000006641,40.792128889694695],[-81.94231431169266,40.792451081254214],[-81.94408371073138,40.79247896116768],[-81.94410326615679,40.79180825060976],[-81.94409252500094,40.79129744418603],[-81.94144450534239,40.790904007907905]]]},"properties":{"p":"64-00779.000","o":"JONES J DOUGLAS ETAL","a":"","d":"WOOSTER CITY SCHOOL DISTRICT","t":9499.66,"l":"","k":"real","c":0}},{"type":"Feature","geometry":{"type":"Polygon","coordinates":[[[-81.93992465649298,40.79233710088611],[-81.93991409769514,40.792488128878325],[-81.94014487758656,40.792497654998805],[-81.94015551633447,40.79234550146502],[-81.93992465649298,40.79233710088611]]]},"properties":{"p":"64-01436.000","o":"MUSSELMAN RANDALL L","a":"","d":"WOOSTER CITY SCHOOL DISTRICT","t":1086.4,"l":"","k":"real","c":0}},{"type":"Feature","geometry":{"type":"Polygon","coordinates":[[[-81.94408683597024,40.79241086571319],[-81.94405836835888,40.793031385562344],[-81.94523010656098,40.79332648345913],[-81.94528135993951,40.791814666711915],[-81.94410326615679,40.79180825060976],[-81.94408683597024,40.79241086571319]]]},"properties":{"p":"64-01909.000","o":"JONES J DOUGLAS ETAL","a":"","d":"WOOSTER CITY SCHOOL DISTRICT","t":2119,"l":"","k":"real","c":0}},{"type":"Feature","geometry":{"type":"Polygon","coordinates":[[[-81.94525178919699,40.79268692642702],[-81.94523010656098,40.79332648345913],[-81.94580921898361,40.793461334008576],[-81.94640905014997,40.793542511208685],[-81.94645855540696,40.79182102840517],[-81.94528135993951,40.791814666711915],[-81.94525178919699,40.79268692642702]]]},"properties":{"p":"64-01913.000","o":"JONES J DOUGLAS ETAL","a":"","d":"WOOSTER CITY SCHOOL DISTRICT","t":3073.65,"l":"","k":"real","c":0}},{"type":"Feature","geometry":{"type":"Polygon","coordinates":[[[-81.94017138776891,40.79386167497928],[-81.93971344101013,40.79393113727161],[-81.93974936194337,40.79406564859267],[-81.94038686306287,40.79396892671939],[-81.94035152064464,40.79383433631271],[-81.94017138776891,40.79386167497928]]]},"properties":{"p":"64-01426.000","o":"SCHUCH EDWARD F & KIMBERLY SCHUCH ESTEP","a":"","d":"WOOSTER CITY SCHOOL DISTRICT","t":12563.68,"l":"","k":"real","c":0}},{"type":"Feature","geometry":{"type":"Polygon","coordinates":[[[-81.94547112095846,40.79975470285023],[-81.94556168191889,40.79974108675347],[-81.94556793958314,40.799368660297574],[-81.945477647219,40.799367564774556],[-81.94547112095846,40.79975470285023]]]},"properties":{"p":"64-00962.000","o":"NOTT SETH W & THERESA LYNN S/T","a":"","d":"WOOSTER CITY SCHOOL DISTRICT","t":12992.95,"l":"","k":"real","c":0}},{"type":"Feature","geometry":{"type":"Polygon","coordinates":[[[-81.94664803165996,40.80005531846278],[-81.94645746485222,40.800063253611754],[-81.94645493609468,40.80022793374928],[-81.94663521988737,40.80021979325458],[-81.94664803165996,40.80005531846278]]]},"properties":{"p":"64-02678.000","o":"HORNER MICHAEL R","a":"","d":"WOOSTER CITY SCHOOL DISTRICT","t":6009.28,"l":"","k":"real","c":0}},{"type":"Feature","geometry":{"type":"Polygon","coordinates":[[[-81.93606907292049,40.80035119775832],[-81.9360832501323,40.800349071346254],[-81.93602018570442,40.80010674356977],[-81.93600600759427,40.80010886930956],[-81.93606907292049,40.80035119775832]]]},"properties":{"p":"64-01077.000","o":"BURGESS TERRY & DELAINE S/T","a":"","d":"WOOSTER CITY SCHOOL DISTRICT","t":211.76,"l":"","k":"real","c":0}},{"type":"Feature","geometry":{"type":"Polygon","coordinates":[[[-81.93632475590825,40.80006034040783],[-81.93638785806536,40.80030269623439],[-81.93653032368292,40.800280970363644],[-81.93646642651676,40.80003874774163],[-81.93632475590825,40.80006034040783]]]},"properties":{"p":"64-02061.000","o":"CARTER JOYCE","a":"","d":"WOOSTER CITY SCHOOL DISTRICT","t":209.6,"l":"","k":"real","c":0}},{"type":"Feature","geometry":{"type":"Polygon","coordinates":[[[-81.932828369092,40.79993915468247],[-81.93295149128653,40.800425218207295],[-81.93312870643419,40.800398762864525],[-81.9330057046139,40.79991265698467],[-81.932828369092,40.79993915468247]]]},"properties":{"p":"64-01871.000","o":"PUMPHREY MICHAEL D","a":"","d":"WOOSTER CITY SCHOOL DISTRICT","t":3478.59,"l":"","k":"real","c":0}},{"type":"Feature","geometry":{"type":"Polygon","coordinates":[[[-81.94902536916045,40.80054072152276],[-81.94879235785386,40.80065537054024],[-81.94903839293545,40.800560324983294],[-81.94902536916045,40.80054072152276]]]},"properties":{"p":"64-02695.001","o":"MCDONOUGH PATRICK","a":"","d":"WOOSTER CITY SCHOOL DISTRICT","t":19.65,"l":"","k":"real","c":0}},{"type":"Feature","geometry":{"type":"Polygon","coordinates":[[[-81.94891419635584,40.80012313406897],[-81.94854831254061,40.80025798305315],[-81.94879235785386,40.80065537054024],[-81.94902536916045,40.80054072152276],[-81.9489960661159,40.80049661779539],[-81.94912611521957,40.80044182895291],[-81.94891419635584,40.80012313406897]]]},"properties":{"p":"64-02695.000","o":"MCDONOUGH PATRICK","a":"","d":"WOOSTER CITY SCHOOL DISTRICT","t":2673.36,"l":"","k":"real","c":0}},{"type":"Feature","geometry":{"type":"Polygon","coordinates":[[[-81.94773507400213,40.80091633949368],[-81.94772709696238,40.801192932646835],[-81.9479799682233,40.80119505427177],[-81.94798787160117,40.800918461127466],[-81.94773507400213,40.80091633949368]]]},"properties":{"p":"64-02652.000","o":"JESSIE DAVID & BRANDI","a":"","d":"WOOSTER CITY SCHOOL DISTRICT","t":13656.36,"l":"","k":"real","c":0}},{"type":"Feature","geometry":{"type":"Polygon","coordinates":[[[-81.93648505398248,40.80128480778507],[-81.93661083698687,40.80176830940808],[-81.93673833307854,40.80174889806496],[-81.93661247731058,40.80126523173879],[-81.93648505398248,40.80128480778507]]]},"properties":{"p":"64-01273.000","o":"WEINHARDT SILAS A & MARIANN MADARI","a":"","d":"WOOSTER CITY SCHOOL DISTRICT","t":1625.23,"l":"","k":"real","c":0}},{"type":"Feature","geometry":{"type":"Polygon","coordinates":[[[-81.93563817712985,40.80141218318639],[-81.93573632346452,40.801789376550175],[-81.93586027480406,40.80177049697483],[-81.93576219674134,40.80139355102597],[-81.93563817712985,40.80141218318639]]]},"properties":{"p":"64-01501.000","o":"KEEGAN PATRICK J & GLADYS E","a":"","d":"WOOSTER CITY SCHOOL DISTRICT","t":613.51,"l":"","k":"real","c":0}},{"type":"Feature","geometry":{"type":"Polygon","coordinates":[[[-81.93290075264264,40.80150428854282],[-81.93289939798319,40.80180622903502],[-81.93309806489985,40.80180653027581],[-81.933099418661,40.80150458706494],[-81.93290075264264,40.80150428854282]]]},"properties":{"p":"64-00889.000","o":"HALL JAMIA N","a":"","d":"WOOSTER CITY SCHOOL DISTRICT","t":1140.58,"l":"","k":"real","c":0}},{"type":"Feature","geometry":{"type":"Polygon","coordinates":[[[-81.93098258001646,40.80245065266037],[-81.93098333999119,40.802160162188635],[-81.93083885496091,40.80215977526971],[-81.93083754970878,40.80245042690197],[-81.93098258001646,40.80245065266037]]]},"properties":{"p":"65-00163.000","o":"FRANKLIN MICHAEL HB & MICHAEL ZB FRANKLIN S/T","a":"","d":"WOOSTER CITY SCHOOL DISTRICT","t":819.37,"l":"","k":"real","c":0}},{"type":"Feature","geometry":{"type":"Polygon","coordinates":[[[-81.92982744807071,40.802157691755525],[-81.92982496512727,40.802706660809996],[-81.9299694465643,40.80270759851965],[-81.92997192860943,40.80215862879294],[-81.92982744807071,40.802157691755525]]]},"properties":{"p":"65-00166.000","o":"NICKELSON TOMMY L & BETTY S","a":"","d":"WOOSTER CITY SCHOOL DISTRICT","t":10729.42,"l":"","k":"real","c":0}},{"type":"Feature","geometry":{"type":"Polygon","coordinates":[[[-81.94345978495248,40.80278482658169],[-81.94331813590351,40.802806477513826],[-81.94334253414664,40.80288670897963],[-81.94392353033643,40.80279618040213],[-81.94392422114089,40.80271383677044],[-81.94345978495248,40.80278482658169]]]},"properties":{"p":"64-01883.000","o":"CONTI DAVID J & JEFFREY L MASSARO","a":"","d":"WOOSTER CITY SCHOOL DISTRICT","t":1685.17,"l":"","k":"real","c":0}},{"type":"Feature","geometry":{"type":"Polygon","coordinates":[[[-81.93000280101082,40.803201711182716],[-81.92976800475172,40.80320136778903],[-81.92976846828242,40.803160169377826],[-81.9296059163351,40.80315993818194],[-81.92960399573705,40.803328630034585],[-81.93000135023162,40.803328326760756],[-81.93000280101082,40.803201711182716]]]},"properties":{"p":"65-00087.000","o":"NORRIS JULIE MAY ELLOVIDO","a":"","d":"WOOSTER CITY SCHOOL DISTRICT","t":2501.66,"l":"","k":"real","c":0}},{"type":"Feature","geometry":{"type":"Polygon","coordinates":[[[-81.93670515021024,40.804101670480485],[-81.93673450176384,40.80421416393965],[-81.93683436747396,40.804199117405716],[-81.9366863565562,40.80363107357485],[-81.93650916386638,40.803657762903306],[-81.9366204777065,40.80408467578298],[-81.93669874881553,40.804077100143395],[-81.93670515021024,40.804101670480485]]]},"properties":{"p":"64-02065.000","o":"HERRERA CHRIS","a":"","d":"WOOSTER CITY SCHOOL DISTRICT","t":4231.48,"l":"","k":"real","c":0}},{"type":"Feature","geometry":{"type":"Polygon","coordinates":[[[-81.94246865842814,40.80432121400087],[-81.94252418239753,40.8045226858113],[-81.942701060677,40.80449494287069],[-81.94264553491097,40.804293444456924],[-81.94246865842814,40.80432121400087]]]},"properties":{"p":"64-01433.000","o":"HAVEN JUDI C","a":"","d":"WOOSTER CITY SCHOOL DISTRICT","t":23317.66,"l":"","k":"real","c":0}},{"type":"Feature","geometry":{"type":"Polygon","coordinates":[[[-81.9382073220115,40.80451982312117],[-81.93795945077348,40.80455628263286],[-81.93796595188118,40.80458328437699],[-81.93821420310657,40.80454676912227],[-81.9382073220115,40.80451982312117]]]},"properties":{"p":"64-00848.000","o":"WAREHAM LAURA C","a":"","d":"WOOSTER CITY SCHOOL DISTRICT","t":65.61,"l":"","k":"real","c":0}},{"type":"Feature","geometry":{"type":"Polygon","coordinates":[[[-81.93821420310657,40.80454676912227],[-81.93796595188118,40.80458328437699],[-81.93800491630662,40.80474513549769],[-81.93826260972398,40.80473631490532],[-81.93821420310657,40.80454676912227]]]},"properties":{"p":"64-00847.000","o":"WAREHAM LAURA C","a":"","d":"WOOSTER CITY SCHOOL DISTRICT","t":1712.83,"l":"","k":"real","c":0}},{"type":"Feature","geometry":{"type":"Polygon","coordinates":[[[-81.92930969687019,40.80460020210987],[-81.92917438992714,40.80458632589737],[-81.92917140302883,40.80484913571457],[-81.92930671176849,40.80486301187206],[-81.92930969687019,40.80460020210987]]]},"properties":{"p":"65-00020.000","o":"TUTTLE PAMELA S","a":"","d":"WOOSTER CITY SCHOOL DISTRICT","t":3709.63,"l":"","k":"real","c":0}},{"type":"Feature","geometry":{"type":"Polygon","coordinates":[[[-81.92746045467071,40.806632656137396],[-81.92702303980604,40.806630198789875],[-81.92702274246368,40.80674822820482],[-81.92745968661114,40.806750682828216],[-81.92746045467071,40.806632656137396]]]},"properties":{"p":"65-00170.000","o":"BROADNAX JOHNIE WILLIAM TOD","a":"","d":"WOOSTER CITY SCHOOL DISTRICT","t":9549.37,"l":"","k":"real","c":0}},{"type":"Feature","geometry":{"type":"Polygon","coordinates":[[[-81.93705069976069,40.80681124468206],[-81.93705016795803,40.80684418079344],[-81.93735725164802,40.806845686202955],[-81.93735774841639,40.80681275009233],[-81.93705069976069,40.80681124468206]]]},"properties":{"p":"64-01730.000","o":"QUINBY REALTY CO THE","a":"","d":"WOOSTER CITY SCHOOL DISTRICT","t":6137.04,"l":"","k":"real","c":0}},{"type":"Feature","geometry":{"type":"Polygon","coordinates":[[[-81.93509921490883,40.80721545223194],[-81.9351461743403,40.80721568137382],[-81.93514855936739,40.80692747802903],[-81.93511247134748,40.80692748550851],[-81.93509921490883,40.80721545223194]]]},"properties":{"p":"64-02153.000","o":"KERSTETTER KENNETH J & TAMMY SS/T","a":"","d":"WOOSTER CITY SCHOOL DISTRICT","t":10.55,"l":"","k":"real","c":0}},{"type":"Feature","geometry":{"type":"Polygon","coordinates":[[[-81.93520269004978,40.80692746578995],[-81.93514855936739,40.80692747802903],[-81.9351461743403,40.80721568137382],[-81.9350558667048,40.80721524144856],[-81.93505298221442,40.8074868604031],[-81.93519747712618,40.80748768109494],[-81.93520269004978,40.80692746578995]]]},"properties":{"p":"64-01452.000","o":"KERSTETTER KENNETH J & TAMMY SS/T","a":"","d":"WOOSTER CITY SCHOOL DISTRICT","t":1073.81,"l":"","k":"real","c":0}},{"type":"Feature","geometry":{"type":"Polygon","coordinates":[[[-81.9338733900418,40.80045953315937],[-81.93387139937514,40.80069601833561],[-81.93432341545642,40.800696700388784],[-81.93432637360866,40.80038815937192],[-81.9338733900418,40.80045953315937]]]},"properties":{"p":"64-01698.000","o":"RAGUJI INC","a":"","d":"WOOSTER CITY SCHOOL DISTRICT","t":42355.54,"l":"","k":"real","c":0}},{"type":"Feature","geometry":{"type":"Polygon","coordinates":[[[-81.9273124015321,40.83130971967015],[-81.92752921082423,40.83131203540586],[-81.92753200997467,40.830900313726126],[-81.92731523841177,40.830897970108225],[-81.9273124015321,40.83130971967015]]]},"properties":{"p":"67-01382.000","o":"SCHAFER LEALAND W & ELSIE E","a":"","d":"WOOSTER CITY SCHOOL DISTRICT","t":7338.13,"l":"","k":"real","c":0}},{"type":"Feature","geometry":{"type":"Polygon","coordinates":[[[-81.92839644709447,40.831321379232065],[-81.92861325548829,40.83132372079597],[-81.92861608518143,40.83091197268037],[-81.92839927678762,40.830909657610405],[-81.92839644709447,40.831321379232065]]]},"properties":{"p":"67-00017.000","o":"BENCHOFF ROGER J III & HEATHER E S/T","a":"","d":"WOOSTER CITY SCHOOL DISTRICT","t":1339.36,"l":"","k":"real","c":0}},{"type":"Feature","geometry":{"type":"Polygon","coordinates":[[[-81.93840377188603,40.8154370147133],[-81.93798616846665,40.81544353526996],[-81.9378639203329,40.81563763218473],[-81.93840618925246,40.81562916928691],[-81.93840377188603,40.8154370147133]]]},"properties":{"p":"68-01470.000","o":"FOURTEEN SEVENTY EIGHT","a":"","d":"WOOSTER CITY SCHOOL DISTRICT","t":7296.78,"l":"","k":"real","c":0}},{"type":"Feature","geometry":{"type":"Polygon","coordinates":[[[-81.94534517176574,40.815844509181126],[-81.94535829705035,40.815912399754325],[-81.94603744765966,40.8158364603432],[-81.94596908047664,40.81548341052336],[-81.94528993256229,40.81555934897894],[-81.94534517176574,40.815844509181126]]]},"properties":{"p":"68-01231.000","o":"HHHH 2 LLC","a":"","d":"WOOSTER CITY SCHOOL DISTRICT","t":6066.9,"l":"","k":"real","c":0}},{"type":"Feature","geometry":{"type":"Polygon","coordinates":[[[-81.93439609724774,40.817257962167446],[-81.93439394308768,40.81746381842808],[-81.93511662695397,40.81746817349119],[-81.93511868679094,40.81726036541381],[-81.93439609724774,40.817257962167446]]]},"properties":{"p":"68-00512.000","o":"CANTLEBERRY GLORIA S","a":"","d":"WOOSTER CITY SCHOOL DISTRICT","t":612.41,"l":"","k":"real","c":0}},{"type":"Feature","geometry":{"type":"Polygon","coordinates":[[[-81.9376902948531,40.81760718388324],[-81.93769236546981,40.81777188847107],[-81.93843315398234,40.81777633801148],[-81.93843108067067,40.81761163411454],[-81.9376902948531,40.81760718388324]]]},"properties":{"p":"68-01243.000","o":"HOWARD MEGHAN","a":"","d":"WOOSTER CITY SCHOOL DISTRICT","t":2.37,"l":"","k":"real","c":0}},{"type":"Feature","geometry":{"type":"Polygon","coordinates":[[[-81.95866313962055,40.81857481051216],[-81.95970501826349,40.818592428301656],[-81.95973535437064,40.81780107867433],[-81.95829040435466,40.81778013354735],[-81.95827273718797,40.81823962769133],[-81.95840403045831,40.81825626321092],[-81.95851277062513,40.81831437668402],[-81.95857740351153,40.81840244961466],[-81.95859739821312,40.81854021803854],[-81.95866313962055,40.81857481051216]]]},"properties":{"p":"68-02537.000","o":"CHURCH OF THE BRETHREN HOME INC DBA WEST VIEW MANOR","a":"","d":"WOOSTER CITY SCHOOL DISTRICT","t":154615.48,"l":"","k":"real","c":0}},{"type":"Feature","geometry":{"type":"Polygon","coordinates":[[[-81.94605395150806,40.82023252849468],[-81.94672815240015,40.82032199725182],[-81.94673905435442,40.82019368465344],[-81.94671121466546,40.81994018246624],[-81.94602779795686,40.819989890586676],[-81.94605395150806,40.82023252849468]]]},"properties":{"p":"68-01758.000","o":"BOGNER DONALD P & KATHLEEN J","a":"","d":"WOOSTER CITY SCHOOL DISTRICT","t":24050.62,"l":"","k":"real","c":0}},{"type":"Feature","geometry":{"type":"Polygon","coordinates":[[[-81.91871231907415,40.8219800760481],[-81.91921815322412,40.82198351377132],[-81.91922057148885,40.82177765862062],[-81.91871473913551,40.82177421952716],[-81.91871231907415,40.8219800760481]]]},"properties":{"p":"67-00113.000","o":"MILLER ROBERT E","a":"","d":"WOOSTER CITY SCHOOL DISTRICT","t":4867.25,"l":"","k":"real","c":0}},{"type":"Feature","geometry":{"type":"Polygon","coordinates":[[[-81.95354208403597,40.82252241835995],[-81.95433691160274,40.82253533979636],[-81.95433833633076,40.82234029436128],[-81.95354355996798,40.82232158106352],[-81.95354208403597,40.82252241835995]]]},"properties":{"p":"68-02224.000","o":"GARMAN TIMOTHY G JR","a":"","d":"WOOSTER CITY SCHOOL DISTRICT","t":4101.6,"l":"","k":"real","c":0}},{"type":"Feature","geometry":{"type":"Polygon","coordinates":[[[-81.93508507452793,40.82334691625198],[-81.93521044969721,40.823381953514485],[-81.93530727730506,40.82292605366855],[-81.93520828745231,40.82292475867755],[-81.93508507452793,40.82334691625198]]]},"properties":{"p":"67-00802.000","o":"MARTIN SCOTT ALLYN & MICHELLES S/T","a":"","d":"WOOSTER CITY SCHOOL DISTRICT","t":2549.74,"l":"","k":"real","c":0}},{"type":"Feature","geometry":{"type":"Polygon","coordinates":[[[-81.92890644673241,40.82690528257424],[-81.92891988373243,40.82693026114129],[-81.92895089357603,40.826943555578204],[-81.92939282606827,40.82694816016474],[-81.9293921819762,40.82690972810322],[-81.92890644673241,40.82690528257424]]]},"properties":{"p":"67-01026.000","o":"MARTIN OSCAR W","a":"","d":"WOOSTER CITY SCHOOL DISTRICT","t":6772.64,"l":"","k":"real","c":0}},{"type":"Feature","geometry":{"type":"Polygon","coordinates":[[[-81.92790426194694,40.82713075480674],[-81.92819172732942,40.82715532680319],[-81.92823483209001,40.826938199874014],[-81.9278153224456,40.82677613710792],[-81.92776357050208,40.82682320541224],[-81.92768984846167,40.82684844367283],[-81.92776083513205,40.82711851196873],[-81.92790426194694,40.82713075480674]]]},"properties":{"p":"67-00825.000","o":"TROYER KEVIN R","a":"","d":"WOOSTER CITY SCHOOL DISTRICT","t":2701.62,"l":"","k":"real","c":0}},{"type":"Feature","geometry":{"type":"Polygon","coordinates":[[[-81.9180396435214,40.833418147571855],[-81.91804101075726,40.83348886324669],[-81.91849295227838,40.833494968105526],[-81.91848682127657,40.832784967627425],[-81.91803596851356,40.832780111283306],[-81.9180396435214,40.833418147571855]]]},"properties":{"p":"67-00476.000","o":"HOLMAN DONNA R","a":"","d":"WOOSTER CITY SCHOOL DISTRICT","t":3388.57,"l":"","k":"real","c":0}},{"type":"Feature","geometry":{"type":"Polygon","coordinates":[[[-81.9498018225864,40.833255446111416],[-81.9498012826989,40.833694626991864],[-81.95005428062225,40.833696360162904],[-81.95005478367884,40.83325715142707],[-81.9498018225864,40.833255446111416]]]},"properties":{"p":"67-00591.000","o":"ARCHER KAREN","a":"","d":"WOOSTER CITY SCHOOL DISTRICT","t":1433.83,"l":"","k":"real","c":0}},{"type":"Feature","geometry":{"type":"Polygon","coordinates":[[[-81.92046638297263,40.83359382500756],[-81.92045522230354,40.834225096871364],[-81.9209069302627,40.83422970910834],[-81.92091942043841,40.83352013246075],[-81.92046779422594,40.83351508110323],[-81.92046638297263,40.83359382500756]]]},"properties":{"p":"67-00493.000","o":"FOUCH JAMES ROY","a":"","d":"WOOSTER CITY SCHOOL DISTRICT","t":3884.41,"l":"","k":"real","c":0}},{"type":"Feature","geometry":{"type":"Polygon","coordinates":[[[-81.9346439352481,40.83527318106686],[-81.93509089561098,40.83527579231566],[-81.9350936938631,40.83499854399567],[-81.93455795210237,40.834998432531165],[-81.93455830424197,40.83522492052139],[-81.9345907091692,40.835259624592325],[-81.9346439352481,40.83527318106686]]]},"properties":{"p":"67-01629.000","o":"ZUPKO VICTORIA","a":"","d":"WOOSTER CITY SCHOOL DISTRICT","t":13241.83,"l":"","k":"real","c":0}},{"type":"Feature","geometry":{"type":"Polygon","coordinates":[[[-81.92220246259916,40.839422738194756],[-81.92220221466414,40.83945120255367],[-81.9222770137846,40.83945157906087],[-81.92227744587423,40.8394020044607],[-81.92234132776903,40.83940232591923],[-81.92234115529249,40.839331549949634],[-81.92213426519773,40.839330007898326],[-81.92214226020376,40.839422435085915],[-81.92220246259916,40.839422738194756]]]},"properties":{"p":"67-00148.213","o":"TROYER SANDRA K","a":"","d":"WOOSTER CITY SCHOOL DISTRICT","t":2343.58,"l":"","k":"real","c":0}},{"type":"Feature","geometry":{"type":"Polygon","coordinates":[[[-81.91873956318008,40.841423172546165],[-81.91873907629319,40.841475140528075],[-81.9189486721136,40.84147419113367],[-81.91894912127125,40.84143882499209],[-81.91889828920257,40.84143845393292],[-81.9188984724589,40.84142397786706],[-81.91873956318008,40.841423172546165]]]},"properties":{"p":"67-02854.025","o":"RIDDICK SHANNON L","a":"","d":"WOOSTER CITY SCHOOL DISTRICT","t":1759.31,"l":"","k":"real","c":0}},{"type":"Feature","geometry":{"type":"Polygon","coordinates":[[[-81.92587258269303,40.84237200229629],[-81.92804160626903,40.842772958155756],[-81.92824819991976,40.84212064540149],[-81.92784092712614,40.84204543869395],[-81.9278532735714,40.84200534155382],[-81.92782746676993,40.84185893738001],[-81.92826615005578,40.841360068658986],[-81.92816457305501,40.841340759965234],[-81.92834690590486,40.84104472501772],[-81.92781187740648,40.840910524356055],[-81.92764744348867,40.84145204176452],[-81.92746840386265,40.84143350036094],[-81.92746318285423,40.84172388479865],[-81.92715294517927,40.84197215106346],[-81.92691070008986,40.84211919447995],[-81.92635455938569,40.8423728735255],[-81.92587536297883,40.84228887325146],[-81.92587258269303,40.84237200229629]]]},"properties":{"p":"71-00013.000","o":"TICHENOR CARLA D","a":"","d":"WOOSTER CITY SCHOOL DISTRICT","t":2453.14,"l":"","k":"real","c":0}},{"type":"Feature","geometry":{"type":"Polygon","coordinates":[[[-81.92512990232851,40.847272106828676],[-81.92670484665094,40.847306849441765],[-81.92764416194294,40.84768736572201],[-81.92781063413813,40.84721714256007],[-81.92512857012694,40.847159062569425],[-81.92512990232851,40.847272106828676]]]},"properties":{"p":"71-00143.000","o":"HENTHORNE JAY G JR & MARY BETH","a":"","d":"WOOSTER CITY SCHOOL DISTRICT","t":3912.13,"l":"","k":"real","c":0}},{"type":"Feature","geometry":{"type":"Polygon","coordinates":[[[-81.95140549682823,40.848476424790185],[-81.95140524080837,40.8486689219263],[-81.95204102075577,40.84867135393329],[-81.95208370779976,40.84847946905475],[-81.95140549682823,40.848476424790185]]]},"properties":{"p":"67-02871.072","o":"NATWARLAL VICTOR V & NILA G PATEL S/T","a":"","d":"WOOSTER CITY SCHOOL DISTRICT","t":3036.86,"l":"","k":"real","c":0}},{"type":"Feature","geometry":{"type":"Polygon","coordinates":[[[-81.92741696543116,40.85214150322358],[-81.92820821051659,40.85215359671031],[-81.92828309138372,40.85187967237635],[-81.92749152380311,40.851867576801176],[-81.92741696543116,40.85214150322358]]]},"properties":{"p":"71-00177.000","o":"KUNKLER KARLENE ANN AKA KARLENE A","a":"","d":"WOOSTER CITY SCHOOL DISTRICT","t":4015.59,"l":"","k":"real","c":0}},{"type":"Feature","geometry":{"type":"Polygon","coordinates":[[[-81.9303629580661,40.79535401558089],[-81.9302042967223,40.79537826135449],[-81.93029306284879,40.7957286788488],[-81.93045172419258,40.79570440532058],[-81.9303629580661,40.79535401558089]]]},"properties":{"p":"65-01206.000","o":"MAYNARD BRENDA S","a":"","d":"WOOSTER CITY SCHOOL DISTRICT","t":1246.79,"l":"","k":"real","c":0}},{"type":"Feature","geometry":{"type":"Polygon","coordinates":[[[-81.93282187247586,40.79567090806824],[-81.93284409410104,40.79575852481021],[-81.93299458077576,40.79573549716997],[-81.93290576524193,40.7953850824319],[-81.93275527946552,40.795408109513616],[-81.93282187247586,40.79567090806824]]]},"properties":{"p":"65-00803.000","o":"FIFE NAOMI","a":"","d":"WOOSTER CITY SCHOOL DISTRICT","t":6310.15,"l":"","k":"real","c":0}},{"type":"Feature","geometry":{"type":"Polygon","coordinates":[[[-81.93053306035334,40.796675903293036],[-81.9306218660057,40.797026320058436],[-81.93078049411184,40.79700204632461],[-81.93069172349377,40.79665165663327],[-81.93053306035334,40.796675903293036]]]},"properties":{"p":"65-00467.000","o":"CONWAY MATTHEW","a":"","d":"WOOSTER CITY SCHOOL DISTRICT","t":2703.41,"l":"","k":"real","c":0}},{"type":"Feature","geometry":{"type":"Polygon","coordinates":[[[-81.92951630399564,40.79671757156591],[-81.92939886903517,40.797197128170986],[-81.92948812654012,40.79720907322958],[-81.92959840911429,40.796758879384335],[-81.92951630399564,40.79671757156591]]]},"properties":{"p":"65-01024.000","o":"EVANS WILLIAM E","a":"","d":"WOOSTER CITY SCHOOL DISTRICT","t":1136.73,"l":"","k":"real","c":0}},{"type":"Feature","geometry":{"type":"Polygon","coordinates":[[[-81.93158979982603,40.79759437417178],[-81.93161474514316,40.79768853855843],[-81.93163250214135,40.79768601831566],[-81.93160755682425,40.797591827403686],[-81.93158979982603,40.79759437417178]]]},"properties":{"p":"65-01030.000","o":"FRIEND ROBERT & DEANNA WILE & DANIELLE HOFACKER","a":"","d":"WOOSTER CITY SCHOOL DISTRICT","t":75.96,"l":"","k":"real","c":0}},{"type":"Feature","geometry":{"type":"Polygon","coordinates":[[[-81.93144778516276,40.79761450417703],[-81.93147486397868,40.79771677737574],[-81.93161688043857,40.79769659095788],[-81.93158979982603,40.79759437417178],[-81.93144778516276,40.79761450417703]]]},"properties":{"p":"65-01031.000","o":"FRIEND ROBERT & DEANNA WILE & DANIELLE HOFACKER","a":"","d":"WOOSTER CITY SCHOOL DISTRICT","t":11572.35,"l":"","k":"real","c":0}},{"type":"Feature","geometry":{"type":"Polygon","coordinates":[[[-81.92303598779172,40.797738617653],[-81.9234525617418,40.79773818582542],[-81.92347498369129,40.79761464018598],[-81.92306812052944,40.79757424960083],[-81.92303598779172,40.797738617653]]]},"properties":{"p":"65-00355.000","o":"OTTERSTEDT LYNN ANN","a":"","d":"WOOSTER CITY SCHOOL DISTRICT","t":12150.89,"l":"","k":"real","c":0}},{"type":"Feature","geometry":{"type":"Polygon","coordinates":[[[-81.93157614992528,40.79809931509005],[-81.93171816728349,40.79807901998216],[-81.93161688043857,40.79769659095788],[-81.93147486397868,40.79771677737574],[-81.93157614992528,40.79809931509005]]]},"properties":{"p":"65-01204.000","o":"NICHOLS JENNIFER & TODD WILE & TONY WILE","a":"","d":"WOOSTER CITY SCHOOL DISTRICT","t":498.53,"l":"","k":"real","c":0}},{"type":"Feature","geometry":{"type":"Polygon","coordinates":[[[-81.92405229409347,40.79792971773248],[-81.9240480459605,40.79806944025926],[-81.92469835795424,40.79806877654022],[-81.92470264112148,40.79792905401205],[-81.92405229409347,40.79792971773248]]]},"properties":{"p":"65-00761.000","o":"WYANT MELISSA","a":"","d":"WOOSTER CITY SCHOOL DISTRICT","t":451.49,"l":"","k":"real","c":0}},{"type":"Feature","geometry":{"type":"Polygon","coordinates":[[[-81.95166884334365,40.80177794163731],[-81.9511319993501,40.80200454784154],[-81.9512372594435,40.802148528100155],[-81.95177406750447,40.80192192102752],[-81.95166884334365,40.80177794163731]]]},"properties":{"p":"68-00373.000","o":"MILLER KATHLEEN M","a":"","d":"WOOSTER CITY SCHOOL DISTRICT","t":2116.18,"l":"","k":"real","c":0}},{"type":"Feature","geometry":{"type":"Polygon","coordinates":[[[-81.92975797416328,40.80155442731909],[-81.9297554543889,40.80210339660319],[-81.92997218373097,40.8021037325225],[-81.92997470260704,40.80155476324118],[-81.92975797416328,40.80155442731909]]]},"properties":{"p":"65-01375.000","o":"SMITH DONALD J & MINNIE MARIE","a":"","d":"WOOSTER CITY SCHOOL DISTRICT","t":2231.83,"l":"","k":"real","c":0}},{"type":"Feature","geometry":{"type":"Polygon","coordinates":[[[-81.92945707178075,40.803543979251515],[-81.9289152331542,40.803543151031114],[-81.92891368895022,40.80368038864561],[-81.9294555284751,40.803681217544295],[-81.92945707178075,40.803543979251515]]]},"properties":{"p":"65-01207.000","o":"MAYNARD BRENDA SUE","a":"","d":"WOOSTER CITY SCHOOL DISTRICT","t":1737.58,"l":"","k":"real","c":0}},{"type":"Feature","geometry":{"type":"Polygon","coordinates":[[[-81.95143098652443,40.80334373524469],[-81.95140089026746,40.803868197512685],[-81.95161772291578,40.803870029380406],[-81.95164748410116,40.80335091725611],[-81.95143098652443,40.80334373524469]]]},"properties":{"p":"68-00408.000","o":"BUTLER JULIE MARIE","a":"","d":"WOOSTER CITY SCHOOL DISTRICT","t":6476.5,"l":"","k":"real","c":0}},{"type":"Feature","geometry":{"type":"Polygon","coordinates":[[[-81.95353749274655,40.80597214789099],[-81.95280399855413,40.805966594665286],[-81.9528995280964,40.80610456978231],[-81.95314317096438,40.806106417227326],[-81.95353592788132,40.80610935872412],[-81.95353749274655,40.80597214789099]]]},"properties":{"p":"68-02005.000","o":"WIMMER DOUGLAS","a":"","d":"WOOSTER CITY SCHOOL DISTRICT","t":9745.24,"l":"","k":"real","c":0}},{"type":"Feature","geometry":{"type":"Polygon","coordinates":[[[-81.95005417192611,40.807238671034206],[-81.95020392108397,40.80755960956048],[-81.95043015550009,40.80755292504272],[-81.95046984037438,40.807533849243455],[-81.95046066138882,40.80722870574393],[-81.95005417192611,40.807238671034206]]]},"properties":{"p":"68-00268.000","o":"CARAFELLI ROBERT D","a":"","d":"WOOSTER CITY SCHOOL DISTRICT","t":5071.5,"l":"","k":"real","c":0}},{"type":"Feature","geometry":{"type":"Polygon","coordinates":[[[-81.89608604148295,40.80830999016623],[-81.89542553630567,40.808367650676466],[-81.89543151279726,40.80859177642634],[-81.89620815217445,40.80859910405529],[-81.896200725802,40.80829997880122],[-81.89608604148295,40.80830999016623]]]},"properties":{"p":"65-00177.000","o":"LANG DELBERT & MARSHA S/T","a":"","d":"WOOSTER CITY SCHOOL DISTRICT","t":5910.43,"l":"","k":"real","c":0}},{"type":"Feature","geometry":{"type":"Polygon","coordinates":[[[-81.93016610394967,40.809281753757865],[-81.93016652525954,40.80915274463814],[-81.92954514979772,40.80914946671266],[-81.92954476172552,40.80927850303578],[-81.93016610394967,40.809281753757865]]]},"properties":{"p":"65-01391.000","o":"DAVIS CALEB S & PEARLENE S/T","a":"","d":"WOOSTER CITY SCHOOL DISTRICT","t":6449.89,"l":"","k":"real","c":0}},{"type":"Feature","geometry":{"type":"Polygon","coordinates":[[[-81.95610335608247,40.80961337213336],[-81.95610009429969,40.80999753359962],[-81.95631684789626,40.80999820263875],[-81.95632010428918,40.80961439881518],[-81.95610335608247,40.80961337213336]]]},"properties":{"p":"68-01069.000","o":"CANTLEBERRY GLORIA S FEE V GINDLESBERGER LE","a":"","d":"WOOSTER CITY SCHOOL DISTRICT","t":975.34,"l":"","k":"real","c":0}},{"type":"Feature","geometry":{"type":"Polygon","coordinates":[[[-81.92817351668198,40.80997388197497],[-81.92816975184262,40.810426800351664],[-81.92824200334093,40.81042713350919],[-81.92824576638365,40.809974242331506],[-81.92817351668198,40.80997388197497]]]},"properties":{"p":"65-00632.000","o":"MK3 PROPERTY MANAGEMENT LLC","a":"","d":"WOOSTER CITY SCHOOL DISTRICT","t":4131.4,"l":"","k":"real","c":0}},{"type":"Feature","geometry":{"type":"Polygon","coordinates":[[[-81.95833836989925,40.812041101134355],[-81.95833408403703,40.81248572703228],[-81.958666451709,40.812486746870704],[-81.95867069894366,40.812042092423965],[-81.95833836989925,40.812041101134355]]]},"properties":{"p":"68-01137.000","o":"WEINHARDT SILAS & MARIANN","a":"","d":"WOOSTER CITY SCHOOL DISTRICT","t":8860.99,"l":"","k":"real","c":0}},{"type":"Feature","geometry":{"type":"Polygon","coordinates":[[[-81.93079212639645,40.805043207864856],[-81.93078871100174,40.80539453853012],[-81.93096933256096,40.80539441953622],[-81.9309700862475,40.80531737402168],[-81.93100621558992,40.80531755217269],[-81.93100887100988,40.805043047392296],[-81.93079212639645,40.805043207864856]]]},"properties":{"p":"65-01286.000","o":"KAIN TERI M","a":"","d":"WOOSTER CITY SCHOOL DISTRICT","t":1789.23,"l":"","k":"real","c":0}},{"type":"Feature","geometry":{"type":"Polygon","coordinates":[[[-81.91088834598737,40.82053672232042],[-81.91101602443702,40.8205126454926],[-81.91113547791191,40.82055440485056],[-81.91160835287411,40.82018291844925],[-81.91088576063598,40.82018538821132],[-81.91088834598737,40.82053672232042]]]},"properties":{"p":"67-02001.008","o":"APEX FINANCIAL SOLUTIONS LLC","a":"","d":"WOOSTER CITY SCHOOL DISTRICT","t":43246.7,"l":"","k":"real","c":0}},{"type":"Feature","geometry":{"type":"Polygon","coordinates":[[[-81.89462738856561,40.80843725417457],[-81.89463212538212,40.8087016968946],[-81.8962131450108,40.808840160633856],[-81.89620815217445,40.80859910405529],[-81.89543151279726,40.80859177642634],[-81.89542553630567,40.808367650676466],[-81.89462738856561,40.80843725417457]]]},"properties":{"p":"65-00176.000","o":"LANG DELBERT & MARSHA S/T","a":"","d":"WOOSTER CITY SCHOOL DISTRICT","t":1261.85,"l":"","k":"real","c":0}},{"type":"Feature","geometry":{"type":"Polygon","coordinates":[[[-81.93578062388276,40.7882682781109],[-81.93630456178066,40.78864561009215],[-81.93696424859269,40.788523716590156],[-81.93703823024623,40.78846383791266],[-81.93625613809525,40.78790562149724],[-81.93578062388276,40.7882682781109]]]},"properties":{"p":"65-00620.000","o":"SIYA MOTEL LLC","a":"","d":"WOOSTER CITY SCHOOL DISTRICT","t":18365.47,"l":"","k":"real","c":0}},{"type":"Feature","geometry":{"type":"Polygon","coordinates":[[[-81.93016545446773,40.803992448211226],[-81.93013836038044,40.8039924788103],[-81.93013463866022,40.80432459484123],[-81.93018880707186,40.80432454996282],[-81.93019254675838,40.80399241829213],[-81.93016545446773,40.803992448211226]]]},"properties":{"p":"65-02447.000","o":"VAN NEST M M & ED S WERTZ","a":"","d":"WOOSTER CITY SCHOOL DISTRICT","t":678.61,"l":"","k":"real","c":0}},{"type":"Feature","geometry":{"type":"Polygon","coordinates":[[[-81.93449589378761,40.79050972119203],[-81.93377224692732,40.790841056581215],[-81.93408332632369,40.79133674361458],[-81.93592248044253,40.79071315829041],[-81.9357633349068,40.79043650854919],[-81.93475179057438,40.79040251691325],[-81.93449589378761,40.79050972119203]]]},"properties":{"p":"65-02453.000","o":"ZURCHER LLOYD ELLIS & FLORENCE","a":"","d":"WOOSTER CITY SCHOOL DISTRICT","t":711.35,"l":"","k":"real","c":0}},{"type":"Feature","geometry":{"type":"Polygon","coordinates":[[[-81.92678240629425,40.85448308261375],[-81.92669118417378,40.85482708505552],[-81.92691107738227,40.85466573934868],[-81.92727413779255,40.854666149742464],[-81.92727910188282,40.85406301084437],[-81.92689489243581,40.854058844358306],[-81.92678240629425,40.85448308261375]]]},"properties":{"p":"71-00334.000","o":"CHERILLA VICKI LYNN","a":"","d":"WOOSTER CITY SCHOOL DISTRICT","t":4186.38,"l":"","k":"real","c":0}},{"type":"Feature","geometry":{"type":"Polygon","coordinates":[[[-81.92934429189008,40.85701452734448],[-81.9296477320133,40.85701710512384],[-81.92965551950849,40.856335366636166],[-81.92929402576004,40.85633261149569],[-81.92928623646824,40.857014020485344],[-81.92934429189008,40.85701452734448]]]},"properties":{"p":"71-00377.000","o":"DANIELS MELISSA L","a":"","d":"WOOSTER CITY SCHOOL DISTRICT","t":331.54,"l":"","k":"real","c":0}},{"type":"Feature","geometry":{"type":"Polygon","coordinates":[[[-81.91712150780884,40.8575713926202],[-81.91759975739139,40.857579221013154],[-81.91767809497574,40.85700840494822],[-81.91711253453748,40.8569996082916],[-81.91712150780884,40.8575713926202]]]},"properties":{"p":"71-00259.000","o":"ELSER DANIEL A","a":"","d":"WOOSTER CITY SCHOOL DISTRICT","t":6334.15,"l":"","k":"real","c":0}},{"type":"Feature","geometry":{"type":"Polygon","coordinates":[[[-81.91529540890603,40.85694479341492],[-81.9152865910432,40.857593408869],[-81.91571252723517,40.857593561061286],[-81.9157585254693,40.857580159306025],[-81.91578435472866,40.85753840899915],[-81.91579307826838,40.85694097090498],[-81.91529540890603,40.85694479341492]]]},"properties":{"p":"71-00239.000","o":"TONEV STEPHANIE KASCO","a":"","d":"WOOSTER CITY SCHOOL DISTRICT","t":11379.21,"l":"","k":"real","c":0}},{"type":"Feature","geometry":{"type":"Polygon","coordinates":[[[-81.90843452143199,40.857083496836175],[-81.90843588956618,40.85769743493406],[-81.9087973887045,40.857694636366816],[-81.90879705093793,40.857081425238576],[-81.90843452143199,40.857083496836175]]]},"properties":{"p":"71-00231.000","o":"FLANAGAN JOHN ALLEN","a":"","d":"WOOSTER CITY SCHOOL DISTRICT","t":4916.16,"l":"","k":"real","c":0}},{"type":"Feature","geometry":{"type":"Polygon","coordinates":[[[-81.91595761010255,40.85945948221181],[-81.915974410395,40.86050583982955],[-81.91634581705259,40.860485878375606],[-81.91670780667106,40.86036932920858],[-81.91677045068741,40.860366573556526],[-81.91678163201775,40.86021084098127],[-81.91682154506412,40.86008531843839],[-81.91693183751975,40.85991086824622],[-81.91703596214266,40.859808566595426],[-81.91699158446932,40.85984333864361],[-81.91682068178314,40.859482477542976],[-81.916627612269,40.859512295503535],[-81.91662835158249,40.85946124392378],[-81.91595761010255,40.85945948221181]]]},"properties":{"p":"71-00474.013","o":"KANDEL CO LLC","a":"","d":"WOOSTER CITY SCHOOL DISTRICT","t":400.8,"l":"","k":"real","c":0}},{"type":"Feature","geometry":{"type":"Polygon","coordinates":[[[-81.915974410395,40.86050583982955],[-81.91597905199006,40.86079536753884],[-81.9167768161495,40.860784982954655],[-81.91677045068741,40.860366573556526],[-81.91670780667106,40.86036932920858],[-81.91634581705259,40.860485878375606],[-81.915974410395,40.86050583982955]]]},"properties":{"p":"71-00474.000","o":"KANDEL CO LLC","a":"","d":"WOOSTER CITY SCHOOL DISTRICT","t":100.16,"l":"","k":"real","c":0}},{"type":"Feature","geometry":{"type":"Polygon","coordinates":[[[-81.6677491750558,40.76129251051062],[-81.66775421370623,40.762225759311946],[-81.66840682987869,40.76221051002702],[-81.66840199873907,40.76127726169202],[-81.6677491750558,40.76129251051062]]]},"properties":{"p":"76-00132.000","o":"SMITH JOSHUA D & MELISSA R & BORTON JUSTINE A S/T","a":"","d":"DALTON LOCAL SCHOOL DISTRICT","t":2985.05,"l":"","k":"real","c":0}},{"type":"Feature","geometry":{"type":"Polygon","coordinates":[[[-81.67513771046985,40.79970524001766],[-81.67614996536967,40.79972264657044],[-81.67622899555509,40.79809583804698],[-81.6755831401035,40.79805387006146],[-81.67556172247048,40.79850101672565],[-81.67548966141501,40.79853948020721],[-81.67509751355583,40.798511847651504],[-81.67508947363405,40.79867017536186],[-81.67519593297837,40.7995952556865],[-81.67513771046985,40.79970524001766]]]},"properties":{"p":"76-01185.000","o":"SCHLABACH DANIEL J & LINDA","a":"","d":"DALTON LOCAL SCHOOL DISTRICT","t":2389.11,"l":"","k":"real","c":0}}]}