{"type":"FeatureCollection","features":[{"type":"Feature","geometry":{"type":"Polygon","coordinates":[[[-83.694357,38.829113],[-83.694651,38.828963],[-83.695071,38.829476],[-83.694785,38.82962],[-83.694357,38.829113]]]},"properties":{"p":"01-001068.0000","o":"COLLETT JOHN N -IVA -ARNITA L","a":"6913 DECATUR ECKMANSVILLE","d":"EASTERN LSD (BROWN CO.)","t":8138.39,"l":"560: Res-Mobile Home","c":0}},{"type":"Feature","geometry":{"type":"Polygon","coordinates":[[[-83.966215,38.909285],[-83.963566,38.906702],[-83.96497,38.90746],[-83.966714,38.908952],[-83.966215,38.909285]]]},"properties":{"p":"03-002488.0000","o":"DREW MARTHA","a":"2654 NORTH FEESBURG","d":"WESTERN BROWN LSD","t":7658.83,"l":"510: Res-Single Family","c":0}},{"type":"Feature","geometry":{"type":"Polygon","coordinates":[[[-84.01687,38.914792],[-84.016281,38.91423],[-84.018102,38.913052],[-84.018707,38.913623],[-84.019538,38.913086],[-84.022282,38.915681],[-84.019843,38.917028],[-84.019122,38.916347],[-84.018725,38.916566],[-84.01687,38.914792]]]},"properties":{"p":"03-002624.0000","o":"MEADE HEATHER RENEE FIGGINS","a":"10119 LOVE DAY","d":"WESTERN BROWN LSD","t":5474.55,"l":"111: Agr-CAUV-Cash-Grain Farm","c":0}},{"type":"Feature","geometry":{"type":"Polygon","coordinates":[[[-83.999697,38.968842],[-83.999837,38.968245],[-84.000193,38.968297],[-84.000018,38.969053],[-83.999659,38.969002],[-83.999697,38.968842]]]},"properties":{"p":"03-003900.0000","o":"PADGETT JAMES & JUANITA","a":"LIMING VAN THOMPSON","d":"WESTERN BROWN LSD","t":5302.22,"l":"500: Res-Vacant Land","c":0}},{"type":"Feature","geometry":{"type":"Polygon","coordinates":[[[-83.937952,38.889743],[-83.937606,38.892268],[-83.938421,38.892336],[-83.938268,38.894324],[-83.935674,38.894121],[-83.935734,38.893343],[-83.93551,38.893065],[-83.936415,38.892169],[-83.937431,38.892254],[-83.93775,38.88974],[-83.937952,38.889743]]]},"properties":{"p":"05-005160.0000","o":"RING ANNETTE J","a":"3413 BARNES","d":"GEORGETOWN EVSD","t":11321.95,"l":"510: Res-Single Family","c":0}},{"type":"Feature","geometry":{"type":"Polygon","coordinates":[[[-83.766489,39.005291],[-83.766529,39.005339],[-83.765346,39.006439],[-83.767017,39.009115],[-83.760637,39.01168],[-83.7583,39.012543],[-83.756945,39.010449],[-83.759115,39.009569],[-83.761356,39.008592],[-83.759955,39.006439],[-83.764324,39.004789],[-83.765316,39.00639],[-83.766489,39.005291]]]},"properties":{"p":"07-007316.0000","o":"LEWIS MICHELLE M","a":"8455 KATTERMAN","d":"EASTERN LSD (BROWN CO.)","t":12489.19,"l":"510: Res-Single Family","c":0}},{"type":"Feature","geometry":{"type":"Polygon","coordinates":[[[-83.734646,38.987958],[-83.73455,38.988595],[-83.733331,38.98849],[-83.733363,38.988291],[-83.73417,38.988072],[-83.734224,38.987797],[-83.734669,38.987818],[-83.734646,38.987958]]]},"properties":{"p":"07-007472.0100","o":"BARBER TAMMY SUE","a":"12746 HEATON","d":"EASTERN LSD (BROWN CO.)","t":5627.55,"l":"510: Res-Single Family","c":0}},{"type":"Feature","geometry":{"type":"Polygon","coordinates":[[[-83.729959,38.96546],[-83.729656,38.965981],[-83.729491,38.965923],[-83.729794,38.965402],[-83.729959,38.96546]]]},"properties":{"p":"07-008180.0000","o":"MOORE DOUGLAS & SHARA","a":"9380 RAILROAD","d":"EASTERN LSD (BROWN CO.)","t":7477.23,"l":"510: Res-Single Family","c":0}},{"type":"Feature","geometry":{"type":"Polygon","coordinates":[[[-83.787575,38.925128],[-83.787311,38.925121],[-83.787334,38.924572],[-83.787598,38.924579],[-83.787575,38.925128]]]},"properties":{"p":"08-009620.0000","o":"KENDALL FRANK OWEN","a":"CHEYENNE","d":"EASTERN LSD (BROWN CO.)","t":5952.6,"l":"500: Res-Vacant Land","c":0}},{"type":"Feature","geometry":{"type":"Polygon","coordinates":[[[-83.785177,38.926879],[-83.784913,38.926872],[-83.784936,38.926323],[-83.7852,38.92633],[-83.785177,38.926879]]]},"properties":{"p":"08-009804.0000","o":"FAIR ENTERPRISES WEST INC","a":"NAVAJO","d":"EASTERN LSD (BROWN CO.)","t":5172.03,"l":"500: Res-Vacant Land","c":0}},{"type":"Feature","geometry":{"type":"Polygon","coordinates":[[[-83.780166,38.930935],[-83.780094,38.930737],[-83.78098,38.930543],[-83.781051,38.930741],[-83.780166,38.930935]]]},"properties":{"p":"08-009832.0000","o":"DEHART DONNA & LLOYD","a":"SEMINOLE COVE","d":"EASTERN LSD (BROWN CO.)","t":5336.86,"l":"500: Res-Vacant Land","c":0}},{"type":"Feature","geometry":{"type":"Polygon","coordinates":[[[-83.787586,38.923833],[-83.787849,38.92384],[-83.787824,38.92442],[-83.787561,38.924413],[-83.787586,38.923833]]]},"properties":{"p":"08-009908.0000","o":"THORNTON RUDY M","a":"CHEYENNE","d":"EASTERN LSD (BROWN CO.)","t":7086.14,"l":"500: Res-Vacant Land","c":0}},{"type":"Feature","geometry":{"type":"Polygon","coordinates":[[[-83.789763,38.939791],[-83.789194,38.939888],[-83.789148,38.939614],[-83.789688,38.939522],[-83.789763,38.939791]]]},"properties":{"p":"08-010128.0000","o":"PRITCHARD GREGORY H & TINA M","a":"CREEK","d":"EASTERN LSD (BROWN CO.)","t":6252.55,"l":"500: Res-Vacant Land","c":0}},{"type":"Feature","geometry":{"type":"Polygon","coordinates":[[[-83.788615,38.92444],[-83.788351,38.924433],[-83.788376,38.923854],[-83.788639,38.923861],[-83.788615,38.92444]]]},"properties":{"p":"08-010220.0000","o":"WOOD DAVID","a":"CHEYENNE","d":"EASTERN LSD (BROWN CO.)","t":5560.79,"l":"500: Res-Vacant Land","c":0}},{"type":"Feature","geometry":{"type":"Polygon","coordinates":[[[-83.790697,38.92695],[-83.790651,38.927498],[-83.790388,38.927484],[-83.790434,38.926936],[-83.790697,38.92695]]]},"properties":{"p":"08-010340.0000","o":"GRAY JOSEPH S & ANGELA","a":"NAVAJO","d":"EASTERN LSD (BROWN CO.)","t":6612.16,"l":"500: Res-Vacant Land","c":0}},{"type":"Feature","geometry":{"type":"Polygon","coordinates":[[[-83.791487,38.940293],[-83.791615,38.940549],[-83.791123,38.940698],[-83.790996,38.940442],[-83.791487,38.940293]]]},"properties":{"p":"08-010404.0000","o":"HANDY JOHNNY","a":"WAYNOKA","d":"EASTERN LSD (BROWN CO.)","t":6371.61,"l":"500: Res-Vacant Land","c":0}},{"type":"Feature","geometry":{"type":"Polygon","coordinates":[[[-83.786797,38.931917],[-83.786818,38.932277],[-83.78642,38.932292],[-83.786389,38.931781],[-83.786797,38.931917]]]},"properties":{"p":"08-010468.0000","o":"VEZINA DENNIS R","a":"COMMANCHE","d":"EASTERN LSD (BROWN CO.)","t":7338.36,"l":"500: Res-Vacant Land","c":0}},{"type":"Feature","geometry":{"type":"Polygon","coordinates":[[[-83.790918,38.924539],[-83.790886,38.924928],[-83.79015,38.924892],[-83.790154,38.924791],[-83.790137,38.924719],[-83.790918,38.924539]]]},"properties":{"p":"08-010776.0000","o":"WOMACKS CHARLES A","a":"CHEYENNE","d":"EASTERN LSD (BROWN CO.)","t":5920.82,"l":"500: Res-Vacant Land","c":0}},{"type":"Feature","geometry":{"type":"Polygon","coordinates":[[[-83.784396,38.931817],[-83.784525,38.931812],[-83.784559,38.932361],[-83.784295,38.93237],[-83.784262,38.931822],[-83.784396,38.931817]]]},"properties":{"p":"08-010868.0000","o":"NELSON GLEN","a":"COMMANCHE DRIVE","d":"EASTERN LSD (BROWN CO.)","t":6677.75,"l":"500: Res-Vacant Land","c":0}},{"type":"Feature","geometry":{"type":"Polygon","coordinates":[[[-83.787048,38.925114],[-83.786784,38.925107],[-83.786807,38.924558],[-83.787071,38.924565],[-83.787048,38.925114]]]},"properties":{"p":"08-010888.0000","o":"LYLE BARBARA J ETAL","a":"CHEYENNE","d":"EASTERN LSD (BROWN CO.)","t":5284.42,"l":"500: Res-Vacant Land","c":0}},{"type":"Feature","geometry":{"type":"Polygon","coordinates":[[[-83.78906,38.945962],[-83.789804,38.945979],[-83.789807,38.946181],[-83.78905,38.946166],[-83.78906,38.945962]]]},"properties":{"p":"08-010968.0000","o":"THOMAS CHARLES E","a":"YUMA DR","d":"EASTERN LSD (BROWN CO.)","t":5408.65,"l":"500: Res-Vacant Land","c":0}},{"type":"Feature","geometry":{"type":"Polygon","coordinates":[[[-83.787601,38.949026],[-83.787738,38.948975],[-83.788073,38.949515],[-83.787833,38.949597],[-83.787501,38.949062],[-83.787601,38.949026]]]},"properties":{"p":"08-011308.0000","o":"TEVERBAUGH KEN G","a":"PIUTE","d":"EASTERN LSD (BROWN CO.)","t":5777.79,"l":"500: Res-Vacant Land","c":0}},{"type":"Feature","geometry":{"type":"Polygon","coordinates":[[[-83.788545,38.948679],[-83.788744,38.948606],[-83.78874,38.949244],[-83.788694,38.949301],[-83.788556,38.949351],[-83.788233,38.948794],[-83.788545,38.948679]]]},"properties":{"p":"08-011320.0000","o":"ROSS DAVID","a":"YUMA & PIUTE CORNER","d":"EASTERN LSD (BROWN CO.)","t":5207.9,"l":"500: Res-Vacant Land","c":0}},{"type":"Feature","geometry":{"type":"Polygon","coordinates":[[[-83.783731,38.940569],[-83.783733,38.940349],[-83.784444,38.940353],[-83.784403,38.940573],[-83.783731,38.940569]]]},"properties":{"p":"08-011800.0000","o":"SMITH JOHN H","a":"WAYNOKA","d":"EASTERN LSD (BROWN CO.)","t":5381.78,"l":"500: Res-Vacant Land","c":0}},{"type":"Feature","geometry":{"type":"Polygon","coordinates":[[[-83.783722,38.941599],[-83.783722,38.941664],[-83.783144,38.942109],[-83.783055,38.942127],[-83.782982,38.942084],[-83.78297,38.942049],[-83.782974,38.941595],[-83.783722,38.941599]]]},"properties":{"p":"08-011812.0000","o":"HINEY JOHN & TINA","a":"1 UKA","d":"EASTERN LSD (BROWN CO.)","t":6450.66,"l":"500: Res-Vacant Land","c":0}},{"type":"Feature","geometry":{"type":"Polygon","coordinates":[[[-83.778245,38.945471],[-83.77849,38.945394],[-83.778752,38.945903],[-83.778508,38.94598],[-83.778245,38.945471]]]},"properties":{"p":"08-012280.0000","o":"WOLFE JOSEPH R","a":"BLACK HAWK DR","d":"EASTERN LSD (BROWN CO.)","t":5142.87,"l":"500: Res-Vacant Land","c":0}},{"type":"Feature","geometry":{"type":"Polygon","coordinates":[[[-83.778723,38.948025],[-83.778547,38.948081],[-83.77829,38.947587],[-83.778536,38.947508],[-83.778811,38.947997],[-83.778723,38.948025]]]},"properties":{"p":"08-012480.0000","o":"SMITH JESSE M & GWENDOLYN","a":"SARSI DRIVE","d":"EASTERN LSD (BROWN CO.)","t":12963.34,"l":"500: Res-Vacant Land","c":0}},{"type":"Feature","geometry":{"type":"Polygon","coordinates":[[[-83.779545,38.950529],[-83.77927,38.950019],[-83.779535,38.949937],[-83.779809,38.950445],[-83.779545,38.950529]]]},"properties":{"p":"08-012808.0000","o":"ALSOBROOKS JAMES A","a":"RIO BRAZOS DR","d":"EASTERN LSD (BROWN CO.)","t":5713.94,"l":"500: Res-Vacant Land","c":0}},{"type":"Feature","geometry":{"type":"Polygon","coordinates":[[[-83.779599,38.953991],[-83.7799,38.954536],[-83.779664,38.954611],[-83.779378,38.95406],[-83.779599,38.953991]]]},"properties":{"p":"08-013264.0000","o":"LUMAN ROBERT L & DIANE","a":"YUMA DR","d":"EASTERN LSD (BROWN CO.)","t":5634.67,"l":"500: Res-Vacant Land","c":0}},{"type":"Feature","geometry":{"type":"Polygon","coordinates":[[[-83.800336,38.93268],[-83.801158,38.932859],[-83.801158,38.93295],[-83.800465,38.933472],[-83.800401,38.933437],[-83.800318,38.933422],[-83.800336,38.93268]]]},"properties":{"p":"08-013460.0000","o":"SHELTON MARK T & MICHELLE","a":"WOODCHUCK COVE","d":"EASTERN LSD (BROWN CO.)","t":5597.88,"l":"500: Res-Vacant Land","c":0}},{"type":"Feature","geometry":{"type":"Polygon","coordinates":[[[-83.801138,38.934541],[-83.800404,38.9344],[-83.800417,38.934227],[-83.801154,38.934228],[-83.801138,38.934541]]]},"properties":{"p":"08-013480.0000","o":"HOUSER MARY R TRUSTEE","a":"WOODCHUCK COVE","d":"EASTERN LSD (BROWN CO.)","t":8795.41,"l":"500: Res-Vacant Land","c":0}},{"type":"Feature","geometry":{"type":"Polygon","coordinates":[[[-83.797922,38.938318],[-83.797888,38.938937],[-83.797625,38.938928],[-83.797658,38.938309],[-83.797922,38.938318]]]},"properties":{"p":"08-013636.0000","o":"FAZEL DAVID T & TONI S","a":"WANNA DRIVE","d":"EASTERN LSD (BROWN CO.)","t":5886.07,"l":"500: Res-Vacant Land","c":0}},{"type":"Feature","geometry":{"type":"Polygon","coordinates":[[[-83.798185,38.938327],[-83.798152,38.938946],[-83.797888,38.938937],[-83.797922,38.938318],[-83.798185,38.938327]]]},"properties":{"p":"08-013640.0000","o":"PHIPPS SHIRLEY FERS ASSOC INC","a":"WANNA DRIVE","d":"EASTERN LSD (BROWN CO.)","t":6226.36,"l":"500: Res-Vacant Land","c":0}},{"type":"Feature","geometry":{"type":"Polygon","coordinates":[[[-83.798643,38.939887],[-83.798633,38.940107],[-83.79793,38.940087],[-83.79794,38.939868],[-83.798643,38.939887]]]},"properties":{"p":"08-013668.0000","o":"SUTTLES ARTHUR L & BETTY F","a":"CHOCTAW","d":"EASTERN LSD (BROWN CO.)","t":8684.34,"l":"500: Res-Vacant Land","c":0}},{"type":"Feature","geometry":{"type":"Polygon","coordinates":[[[-83.7985,38.943008],[-83.797843,38.942992],[-83.797544,38.942387],[-83.79769,38.942316],[-83.7985,38.943008]]]},"properties":{"p":"08-013716.0000","o":"EDWARDS DOUGLAS","a":"CHOCTAW","d":"EASTERN LSD (BROWN CO.)","t":5560.79,"l":"500: Res-Vacant Land","c":0}},{"type":"Feature","geometry":{"type":"Polygon","coordinates":[[[-83.796297,38.942968],[-83.796033,38.942964],[-83.796049,38.942388],[-83.796313,38.942392],[-83.796297,38.942968]]]},"properties":{"p":"08-013732.0000","o":"ARNOLD GARY","a":"CHOCTAW","d":"EASTERN LSD (BROWN CO.)","t":5920.82,"l":"500: Res-Vacant Land","c":0}},{"type":"Feature","geometry":{"type":"Polygon","coordinates":[[[-83.795769,38.942959],[-83.795506,38.942955],[-83.795522,38.942379],[-83.795786,38.942383],[-83.795769,38.942959]]]},"properties":{"p":"08-013740.0000","o":"WARNER WILLIAM C","a":"CHOCTAW","d":"EASTERN LSD (BROWN CO.)","t":7366.81,"l":"500: Res-Vacant Land","c":0}},{"type":"Feature","geometry":{"type":"Polygon","coordinates":[[[-83.793651,38.942159],[-83.793959,38.941987],[-83.794282,38.942341],[-83.794292,38.942409],[-83.794258,38.942448],[-83.794201,38.942466],[-83.793646,38.942461],[-83.793651,38.942159]]]},"properties":{"p":"08-013752.0000","o":"YORK DAVID","a":"CREEK ROAD","d":"EASTERN LSD (BROWN CO.)","t":5757.93,"l":"500: Res-Vacant Land","c":0}},{"type":"Feature","geometry":{"type":"Polygon","coordinates":[[[-83.791788,38.941878],[-83.791331,38.942078],[-83.791173,38.941858],[-83.791161,38.941814],[-83.791196,38.941759],[-83.791488,38.94158],[-83.791788,38.941878]]]},"properties":{"p":"08-013784.0000","o":"STEARNS CLYDE P & MARTHA R","a":"PAPOOSE DRIVE","d":"EASTERN LSD (BROWN CO.)","t":8776.06,"l":"500: Res-Vacant Land","c":0}},{"type":"Feature","geometry":{"type":"Polygon","coordinates":[[[-83.79292,38.941935],[-83.792774,38.94192],[-83.792934,38.941402],[-83.793225,38.941457],[-83.793072,38.941951],[-83.79292,38.941935]]]},"properties":{"p":"08-013800.0000","o":"SANDIPHER FRED M ETAL","a":"WAYNOKA DRIVE","d":"EASTERN LSD (BROWN CO.)","t":6167.09,"l":"500: Res-Vacant Land","c":0}},{"type":"Feature","geometry":{"type":"Polygon","coordinates":[[[-83.796933,38.941887],[-83.79623,38.941867],[-83.79624,38.941661],[-83.796942,38.941681],[-83.796933,38.941887]]]},"properties":{"p":"08-013876.0000","o":"SMITH AL & LINDA","a":"SEQUOIA DRIVE","d":"EASTERN LSD (BROWN CO.)","t":5201.79,"l":"500: Res-Vacant Land","c":0}},{"type":"Feature","geometry":{"type":"Polygon","coordinates":[[[-83.797001,38.940402],[-83.796294,38.940432],[-83.796249,38.940285],[-83.797018,38.940023],[-83.797001,38.940402]]]},"properties":{"p":"08-013904.0000","o":"HULL RALPH SR","a":"SEQUOIA DRIVE","d":"EASTERN LSD (BROWN CO.)","t":6522.32,"l":"500: Res-Vacant Land","c":0}},{"type":"Feature","geometry":{"type":"Polygon","coordinates":[[[-83.796448,38.936234],[-83.796369,38.936205],[-83.796723,38.936],[-83.797178,38.936033],[-83.797148,38.936284],[-83.796448,38.936234]]]},"properties":{"p":"08-014024.0000","o":"PELFREY MICHAEL & EVELYN","a":"OMAHA DRIVE","d":"EASTERN LSD (BROWN CO.)","t":5560.79,"l":"500: Res-Vacant Land","c":0}},{"type":"Feature","geometry":{"type":"Polygon","coordinates":[[[-83.796351,38.937054],[-83.796376,38.936849],[-83.797076,38.936899],[-83.797052,38.937104],[-83.796351,38.937054]]]},"properties":{"p":"08-014036.0000","o":"MAHONEY KEVIN","a":"OMAHA DRIVE","d":"EASTERN LSD (BROWN CO.)","t":5560.79,"l":"500: Res-Vacant Land","c":0}},{"type":"Feature","geometry":{"type":"Polygon","coordinates":[[[-83.796379,38.938599],[-83.797079,38.938555],[-83.797104,38.938847],[-83.797068,38.938889],[-83.797008,38.938908],[-83.796409,38.938888],[-83.796379,38.938599]]]},"properties":{"p":"08-014064.0000","o":"RHODES CARLA D","a":"WANNA DRIVE","d":"EASTERN LSD (BROWN CO.)","t":6351.63,"l":"500: Res-Vacant Land","c":0}},{"type":"Feature","geometry":{"type":"Polygon","coordinates":[[[-83.792969,38.942622],[-83.793243,38.942624],[-83.793241,38.943195],[-83.792962,38.943192],[-83.792969,38.942622]]]},"properties":{"p":"08-014288.0000","o":"PARMAN BRENDA","a":"CREEK","d":"EASTERN LSD (BROWN CO.)","t":5015.69,"l":"500: Res-Vacant Land","c":0}},{"type":"Feature","geometry":{"type":"Polygon","coordinates":[[[-83.792962,38.943192],[-83.792956,38.943759],[-83.792697,38.943758],[-83.792705,38.943189],[-83.792962,38.943192]]]},"properties":{"p":"08-014320.0000","o":"FERGUSON DAVID & CORA","a":"WAYNOKA","d":"EASTERN LSD (BROWN CO.)","t":6612.16,"l":"500: Res-Vacant Land","c":0}},{"type":"Feature","geometry":{"type":"Polygon","coordinates":[[[-83.79085,38.942809],[-83.790988,38.942998],[-83.790389,38.943256],[-83.790355,38.94318],[-83.790263,38.943051],[-83.790843,38.942798],[-83.79085,38.942809]]]},"properties":{"p":"08-014352.0000","o":"RUCKER BENJAMIN JR & JEFFREY A","a":"WAYNOKA","d":"EASTERN LSD (BROWN CO.)","t":5015.69,"l":"500: Res-Vacant Land","c":0}},{"type":"Feature","geometry":{"type":"Polygon","coordinates":[[[-83.786805,38.943396],[-83.786529,38.943106],[-83.786762,38.94298],[-83.786854,38.942968],[-83.786945,38.942984],[-83.787029,38.94303],[-83.787175,38.943183],[-83.786805,38.943396]]]},"properties":{"p":"08-014628.0000","o":"BRANT SHERRY","a":"WAYNOKA","d":"EASTERN LSD (BROWN CO.)","t":5878.54,"l":"500: Res-Vacant Land","c":0}},{"type":"Feature","geometry":{"type":"Polygon","coordinates":[[[-83.788988,38.94124],[-83.789555,38.940992],[-83.789701,38.941195],[-83.789134,38.941443],[-83.788988,38.94124]]]},"properties":{"p":"08-014652.0000","o":"ANDERSON OBEDIAH & BARBARA","a":"WAYNOKA","d":"EASTERN LSD (BROWN CO.)","t":6324.29,"l":"500: Res-Vacant Land","c":0}},{"type":"Feature","geometry":{"type":"Polygon","coordinates":[[[-83.789688,38.939522],[-83.789148,38.939614],[-83.789099,38.939319],[-83.789607,38.939233],[-83.789688,38.939522]]]},"properties":{"p":"08-014704.0000","o":"LESURE DAVID & JUANITA","a":"CREEK","d":"EASTERN LSD (BROWN CO.)","t":6612.16,"l":"500: Res-Vacant Land","c":0}},{"type":"Feature","geometry":{"type":"Polygon","coordinates":[[[-83.793982,38.927935],[-83.794529,38.92759],[-83.794706,38.92776],[-83.794159,38.928106],[-83.793982,38.927935]]]},"properties":{"p":"08-015616.0000","o":"SETTLES THOMAS J & ELIZABETH","a":"NAVAJO DR","d":"EASTERN LSD (BROWN CO.)","t":6168.86,"l":"500: Res-Vacant Land","c":0}},{"type":"Feature","geometry":{"type":"Polygon","coordinates":[[[-83.792576,38.926881],[-83.792313,38.926867],[-83.792361,38.9263],[-83.792624,38.926313],[-83.792576,38.926881]]]},"properties":{"p":"08-015652.0000","o":"COSTON EDWARD WESLEY","a":"NAVAJO","d":"EASTERN LSD (BROWN CO.)","t":6168.86,"l":"500: Res-Vacant Land","c":0}},{"type":"Feature","geometry":{"type":"Polygon","coordinates":[[[-83.796399,38.928578],[-83.796858,38.928894],[-83.796557,38.929084],[-83.796042,38.928586],[-83.796184,38.928548],[-83.796288,38.928587],[-83.796399,38.928578]]]},"properties":{"p":"08-015736.0000","o":"KUSSMAN DAVID & BURGESS CONNIE","a":"NAVAJO NORTH","d":"EASTERN LSD (BROWN CO.)","t":5070.14,"l":"500: Res-Vacant Land","c":0}},{"type":"Feature","geometry":{"type":"Polygon","coordinates":[[[-83.785567,38.92468],[-83.784864,38.924605],[-83.784881,38.924111],[-83.785644,38.924526],[-83.785594,38.924599],[-83.785567,38.92468]]]},"properties":{"p":"08-015776.0000","o":"MECHLEM VIRGINIA","a":"CHEYENNE","d":"EASTERN LSD (BROWN CO.)","t":6897.69,"l":"500: Res-Vacant Land","c":0}},{"type":"Feature","geometry":{"type":"Polygon","coordinates":[[[-83.788903,38.923868],[-83.788878,38.924447],[-83.788615,38.92444],[-83.788639,38.923861],[-83.788903,38.923868]]]},"properties":{"p":"08-015812.0000","o":"BATTLE JOHNSON","a":"CHEYENNE","d":"EASTERN LSD (BROWN CO.)","t":5137.02,"l":"500: Res-Vacant Land","c":0}},{"type":"Feature","geometry":{"type":"Polygon","coordinates":[[[-83.786843,38.927645],[-83.787106,38.927652],[-83.787085,38.928201],[-83.786822,38.928194],[-83.786843,38.927645]]]},"properties":{"p":"08-015900.0000","o":"DAVIS MIGNON-PREVAIL PROPERTY","a":"KIOWA","d":"EASTERN LSD (BROWN CO.)","t":5344.58,"l":"500: Res-Vacant Land","c":0}},{"type":"Feature","geometry":{"type":"Polygon","coordinates":[[[-83.785789,38.927621],[-83.785525,38.927615],[-83.785546,38.927066],[-83.78581,38.927072],[-83.785789,38.927621]]]},"properties":{"p":"08-015920.0000","o":"LEACH CHARLES H ETAL","a":"NAVAJO","d":"EASTERN LSD (BROWN CO.)","t":5624.32,"l":"500: Res-Vacant Land","c":0}},{"type":"Feature","geometry":{"type":"Polygon","coordinates":[[[-83.788943,38.927568],[-83.788541,38.927624],[-83.788512,38.927129],[-83.788842,38.927102],[-83.788943,38.927568]]]},"properties":{"p":"08-015944.0000","o":"UHL KEVIN & AMANDA","a":"130 NAVAJO","d":"EASTERN LSD (BROWN CO.)","t":5449.01,"l":"510: Res-Single Family","c":0}},{"type":"Feature","geometry":{"type":"Polygon","coordinates":[[[-83.795413,38.928443],[-83.794867,38.928789],[-83.79469,38.928618],[-83.795236,38.928273],[-83.795413,38.928443]]]},"properties":{"p":"08-009936.0000","o":"BAKER RICHARD W JR","a":"NAVAJO","d":"EASTERN LSD (BROWN CO.)","t":5287.04,"l":"500: Res-Vacant Land","c":0}},{"type":"Feature","geometry":{"type":"Polygon","coordinates":[[[-83.7852,38.92633],[-83.784936,38.926323],[-83.78496,38.925774],[-83.785223,38.925781],[-83.7852,38.92633]]]},"properties":{"p":"08-016004.0000","o":"PIWOWARSKI BOB","a":"SHAWNEE","d":"EASTERN LSD (BROWN CO.)","t":5073.95,"l":"500: Res-Vacant Land","c":0}},{"type":"Feature","geometry":{"type":"Polygon","coordinates":[[[-83.78599,38.92635],[-83.786014,38.925801],[-83.786277,38.925808],[-83.786254,38.926357],[-83.78599,38.92635]]]},"properties":{"p":"08-016020.0000","o":"STALLWORTH CARLTON & JENNINGS M","a":"SHAWNEE","d":"EASTERN LSD (BROWN CO.)","t":5078.09,"l":"500: Res-Vacant Land","c":0}},{"type":"Feature","geometry":{"type":"Polygon","coordinates":[[[-83.78381,38.924583],[-83.783103,38.92462],[-83.783084,38.924539],[-83.783042,38.924464],[-83.783827,38.924109],[-83.78381,38.924583]]]},"properties":{"p":"08-016140.0000","o":"FRITZ RICHARD A & THERESA","a":"SEMINOLE","d":"EASTERN LSD (BROWN CO.)","t":5854.35,"l":"500: Res-Vacant Land","c":0}},{"type":"Feature","geometry":{"type":"Polygon","coordinates":[[[-83.779935,38.923634],[-83.780406,38.924279],[-83.780322,38.924327],[-83.780254,38.924389],[-83.779368,38.923927],[-83.779387,38.92362],[-83.779935,38.923634]]]},"properties":{"p":"08-016180.0000","o":"GRANGER STEVE A & ROSEMARIE","a":"SEMINOLE","d":"EASTERN LSD (BROWN CO.)","t":5428.31,"l":"500: Res-Vacant Land","c":0}},{"type":"Feature","geometry":{"type":"Polygon","coordinates":[[[-83.783631,38.927927],[-83.783617,38.927721],[-83.78432,38.927697],[-83.784333,38.927903],[-83.783631,38.927927]]]},"properties":{"p":"08-016412.0000","o":"RALSTON FRANK RICHARD","a":"WAYNOKA","d":"EASTERN LSD (BROWN CO.)","t":5716.22,"l":"500: Res-Vacant Land","c":0}},{"type":"Feature","geometry":{"type":"Polygon","coordinates":[[[-83.783644,38.928133],[-83.783631,38.927927],[-83.784333,38.927903],[-83.784346,38.928109],[-83.783644,38.928133]]]},"properties":{"p":"08-016416.0000","o":"TARVER RODNEY D","a":"WAYNOKA","d":"EASTERN LSD (BROWN CO.)","t":7691.74,"l":"500: Res-Vacant Land","c":0}},{"type":"Feature","geometry":{"type":"Polygon","coordinates":[[[-83.785483,38.930653],[-83.78591,38.930362],[-83.786125,38.930588],[-83.786144,38.930634],[-83.786106,38.930698],[-83.785724,38.930916],[-83.785483,38.930653]]]},"properties":{"p":"08-016464.0000","o":"GRAHAM JAMES E JR","a":"IRIQUOIS AND COMMANCHE","d":"EASTERN LSD (BROWN CO.)","t":5938.17,"l":"500: Res-Vacant Land","c":0}},{"type":"Feature","geometry":{"type":"Polygon","coordinates":[[[-83.785882,38.933379],[-83.785887,38.933528],[-83.785229,38.933736],[-83.785113,38.93351],[-83.785063,38.933372],[-83.785882,38.933379]]]},"properties":{"p":"08-016672.0000","o":"BLANKENSHIP ROBERT","a":"MOHICAN COVE","d":"EASTERN LSD (BROWN CO.)","t":11090.8,"l":"500: Res-Vacant Land","c":0}},{"type":"Feature","geometry":{"type":"Polygon","coordinates":[[[-83.876039,39.058352],[-83.876105,39.057464],[-83.876653,39.057508],[-83.876468,39.059308],[-83.876143,39.059289],[-83.876238,39.058365],[-83.876039,39.058352]]]},"properties":{"p":"10-017560.0001","o":"HAM BETTY","a":"LINDSEY","d":"WESTERN BROWN LSD","t":5829.36,"l":"599: Res-Other","c":0}},{"type":"Feature","geometry":{"type":"Polygon","coordinates":[[[-83.900166,39.104677],[-83.899532,39.104669],[-83.899546,39.104004],[-83.900181,39.104013],[-83.900166,39.104677]]]},"properties":{"p":"10-018040.0100","o":"MAHAFFEY MICHELLE RENEE","a":"4634 SR 286","d":"WESTERN BROWN LSD","t":6642.05,"l":"510: Res-Single Family","c":0}},{"type":"Feature","geometry":{"type":"Polygon","coordinates":[[[-83.87315,39.070823],[-83.872986,39.071694],[-83.872539,39.071652],[-83.872639,39.071019],[-83.872507,39.071006],[-83.872545,39.070766],[-83.87315,39.070823]]]},"properties":{"p":"10-018376.0000","o":"COSTIGAN JENNIFER S","a":"5285 GREENBUSH","d":"WESTERN BROWN LSD","t":6689.82,"l":"510: Res-Single Family","c":0}},{"type":"Feature","geometry":{"type":"Polygon","coordinates":[[[-83.72365,38.650032],[-83.724629,38.648665],[-83.726214,38.648776],[-83.725444,38.650102],[-83.72414,38.650089],[-83.723843,38.650066],[-83.72365,38.650032]]]},"properties":{"p":"12-021804.0000","o":"BOWMAN JUANITA","a":"3762 US 52","d":"RIPLEY-UNION-LEWIS LSD","t":5154.98,"l":"510: Res-Single Family","c":0}},{"type":"Feature","geometry":{"type":"Polygon","coordinates":[[[-83.728182,38.648835],[-83.728253,38.647902],[-83.728602,38.647922],[-83.728532,38.648846],[-83.728182,38.648835]]]},"properties":{"p":"12-022784.1000","o":"ELAM ROBERT TRUSTEE FOR","a":"US 52","d":"RIPLEY-UNION-LEWIS LSD","t":5056.71,"l":"500: Res-Vacant Land","c":0}},{"type":"Feature","geometry":{"type":"Polygon","coordinates":[[[-83.772374,38.665911],[-83.773267,38.667375],[-83.773887,38.668714],[-83.774328,38.668574],[-83.77438,38.668705],[-83.772747,38.66989],[-83.77272,38.669813],[-83.772593,38.669827],[-83.771158,38.666794],[-83.772374,38.665911]]]},"properties":{"p":"15-022408.5200","o":"LOUIS AND CLARA BRAMEL LLC","a":"US 52","d":"RIPLEY-UNION-LEWIS LSD","t":6154.45,"l":"500: Res-Vacant Land","c":0}},{"type":"Feature","geometry":{"type":"Polygon","coordinates":[[[-83.773664,38.663784],[-83.772609,38.664549],[-83.773101,38.665384],[-83.771158,38.666794],[-83.77051,38.665423],[-83.770039,38.664699],[-83.771766,38.663446],[-83.770545,38.661371],[-83.771653,38.660575],[-83.772629,38.662026],[-83.773664,38.663784]]]},"properties":{"p":"15-022408.5600","o":"LOUIS AND CLARA BRAMEL LLC","a":"US 52","d":"RIPLEY-UNION-LEWIS LSD","t":17685.86,"l":"500: Res-Vacant Land","c":0}},{"type":"Feature","geometry":{"type":"Polygon","coordinates":[[[-83.77051,38.665423],[-83.7705,38.664852],[-83.771228,38.664844],[-83.771238,38.665415],[-83.77051,38.665423]]]},"properties":{"p":"15-022408.5600","o":"LOUIS AND CLARA BRAMEL LLC","a":"US 52","d":"RIPLEY-UNION-LEWIS LSD","t":17685.86,"l":"500: Res-Vacant Land","c":0}},{"type":"Feature","geometry":{"type":"Polygon","coordinates":[[[-83.758966,38.65636],[-83.758776,38.65623],[-83.759094,38.655906],[-83.759284,38.656037],[-83.758966,38.65636]]]},"properties":{"p":"15-023904.0000","o":"FREDERICK ALLEN","a":"736 BLACK GUM","d":"RIPLEY-UNION-LEWIS LSD","t":5556.96,"l":"510: Res-Single Family","c":0}},{"type":"Feature","geometry":{"type":"Polygon","coordinates":[[[-83.76086,38.657759],[-83.760854,38.657576],[-83.761313,38.657628],[-83.76134,38.657679],[-83.76086,38.657759]]]},"properties":{"p":"15-025000.0000","o":"BERRY KEVIN & ALEXANDER CLARISS","a":"879 MARKET","d":"RIPLEY-UNION-LEWIS LSD","t":8787.07,"l":"510: Res-Single Family","c":0}},{"type":"Feature","geometry":{"type":"Polygon","coordinates":[[[-83.770694,38.677583],[-83.770714,38.677696],[-83.770365,38.677927],[-83.770312,38.677624],[-83.770694,38.677583]]]},"properties":{"p":"15-025288.0000","o":"PIPER JUDY A","a":"2035 CAMPBELL","d":"RIPLEY-UNION-LEWIS LSD","t":10124.77,"l":"510: Res-Single Family","c":0}},{"type":"Feature","geometry":{"type":"Polygon","coordinates":[[[-83.77294,38.676393],[-83.770741,38.677857],[-83.770257,38.675052],[-83.77144,38.674928],[-83.771564,38.675758],[-83.772811,38.675611],[-83.77294,38.676393]]]},"properties":{"p":"15-025888.0300","o":"LOUIS & CLARA BRAMEL LLC","a":"2000 JUSTIN WAY","d":"RIPLEY-UNION-LEWIS LSD","t":8978.06,"l":"499: Com-Other","c":0}},{"type":"Feature","geometry":{"type":"Polygon","coordinates":[[[-83.773181,38.675567],[-83.773289,38.676157],[-83.77294,38.676393],[-83.772811,38.675611],[-83.773181,38.675567]]]},"properties":{"p":"15-025888.0300","o":"LOUIS & CLARA BRAMEL LLC","a":"2000 JUSTIN WAY","d":"RIPLEY-UNION-LEWIS LSD","t":8978.06,"l":"499: Com-Other","c":0}},{"type":"Feature","geometry":{"type":"Polygon","coordinates":[[[-83.766042,38.662881],[-83.767921,38.66155],[-83.768749,38.662696],[-83.76668,38.664163],[-83.766042,38.662881]]]},"properties":{"p":"15-025956.0000","o":"JONTHAN SCOTT MINEER REVOCABLE LIVING TRUST","a":"123 CHESTNUT","d":"RIPLEY-UNION-LEWIS LSD","t":15763.06,"l":"415: Com-Mobile Home Park","c":0}},{"type":"Feature","geometry":{"type":"Polygon","coordinates":[[[-83.758946,38.907815],[-83.758869,38.907883],[-83.758695,38.907764],[-83.758771,38.907695],[-83.758946,38.907815]]]},"properties":{"p":"16-027304.0000","o":"GRIFFITH TROY BRANDON","a":"9978 US 62","d":"EASTERN LSD (BROWN CO.)","t":16825.03,"l":"500: Res-Vacant Land","c":0}},{"type":"Feature","geometry":{"type":"Polygon","coordinates":[[[-83.775652,38.946274],[-83.775423,38.946347],[-83.775197,38.945637],[-83.775462,38.945592],[-83.775652,38.946274]]]},"properties":{"p":"16-028560.0000","o":"COSTY MICHAEL S","a":"WAYNOKA DR","d":"EASTERN LSD (BROWN CO.)","t":5932.69,"l":"500: Res-Vacant Land","c":0}},{"type":"Feature","geometry":{"type":"Polygon","coordinates":[[[-83.764159,38.936142],[-83.763456,38.936115],[-83.763467,38.935911],[-83.764168,38.935942],[-83.764159,38.936142]]]},"properties":{"p":"16-028992.0000","o":"PARR DEBRA RANEE","a":"BRAVE","d":"EASTERN LSD (BROWN CO.)","t":10227.01,"l":"500: Res-Vacant Land","c":0}},{"type":"Feature","geometry":{"type":"Polygon","coordinates":[[[-83.765687,38.938499],[-83.765666,38.938809],[-83.765644,38.938848],[-83.765603,38.938876],[-83.765517,38.938885],[-83.765023,38.938769],[-83.765048,38.93847],[-83.765687,38.938499]]]},"properties":{"p":"16-029100.0000","o":"WAITS KATHRYN","a":"QUARTER HORSE","d":"EASTERN LSD (BROWN CO.)","t":5198.79,"l":"500: Res-Vacant Land","c":0}},{"type":"Feature","geometry":{"type":"Polygon","coordinates":[[[-83.772306,38.939565],[-83.772225,38.939369],[-83.772893,38.9392],[-83.772975,38.939396],[-83.772306,38.939565]]]},"properties":{"p":"16-029120.0000","o":"HENN ROBERT","a":"BOW DR","d":"EASTERN LSD (BROWN CO.)","t":5226.98,"l":"500: Res-Vacant Land","c":0}},{"type":"Feature","geometry":{"type":"Polygon","coordinates":[[[-83.771069,38.932329],[-83.7717,38.932366],[-83.771665,38.9326],[-83.771621,38.932664],[-83.771548,38.932721],[-83.771467,38.932756],[-83.771362,38.932774],[-83.771069,38.932329]]]},"properties":{"p":"16-029376.0000","o":"BARROW ROBERT L ETAL","a":"WAYNOKA","d":"EASTERN LSD (BROWN CO.)","t":5725.29,"l":"500: Res-Vacant Land","c":0}},{"type":"Feature","geometry":{"type":"Polygon","coordinates":[[[-83.777617,38.928451],[-83.777615,38.927996],[-83.777923,38.928],[-83.77792,38.928455],[-83.777617,38.928451]]]},"properties":{"p":"16-029676.0000","o":"DAUGHERTY DONA S & H GLEN","a":"BUCKSKIN","d":"EASTERN LSD (BROWN CO.)","t":19102.3,"l":"500: Res-Vacant Land","c":0}},{"type":"Feature","geometry":{"type":"Polygon","coordinates":[[[-83.775755,38.936559],[-83.775756,38.936353],[-83.776459,38.936355],[-83.776458,38.936561],[-83.775755,38.936559]]]},"properties":{"p":"16-029704.0000","o":"HILL VINCENT L & CLARA","a":"INDIAN","d":"EASTERN LSD (BROWN CO.)","t":6472.21,"l":"500: Res-Vacant Land","c":0}},{"type":"Feature","geometry":{"type":"Polygon","coordinates":[[[-83.774045,38.931547],[-83.773977,38.931415],[-83.773849,38.931274],[-83.773853,38.931167],[-83.774579,38.931216],[-83.774632,38.931391],[-83.774045,38.931547]]]},"properties":{"p":"16-029876.0000","o":"PINKERTON DEBORAH S","a":"WAYNOKA","d":"EASTERN LSD (BROWN CO.)","t":6368.38,"l":"500: Res-Vacant Land","c":0}},{"type":"Feature","geometry":{"type":"Polygon","coordinates":[[[-83.776676,38.929081],[-83.776666,38.929486],[-83.776299,38.929438],[-83.776303,38.929087],[-83.776676,38.929081]]]},"properties":{"p":"16-030140.0000","o":"BURNS WILLIAM & LORI","a":"PINTO","d":"EASTERN LSD (BROWN CO.)","t":6305.53,"l":"500: Res-Vacant Land","c":0}},{"type":"Feature","geometry":{"type":"Polygon","coordinates":[[[-83.771072,38.931775],[-83.771777,38.931817],[-83.771744,38.931923],[-83.771724,38.932119],[-83.77107,38.932081],[-83.771072,38.931775]]]},"properties":{"p":"16-030872.0000","o":"STEVENS JAMES C","a":"WAYNOKA","d":"EASTERN LSD (BROWN CO.)","t":6017.25,"l":"500: Res-Vacant Land","c":0}},{"type":"Feature","geometry":{"type":"Polygon","coordinates":[[[-83.775081,38.929577],[-83.775512,38.929607],[-83.775528,38.929833],[-83.774776,38.929782],[-83.774806,38.929559],[-83.775081,38.929577]]]},"properties":{"p":"16-030996.0000","o":"MCNEIL CLIFTON A & MARY B","a":"MUSTANG","d":"EASTERN LSD (BROWN CO.)","t":5518.55,"l":"500: Res-Vacant Land","c":0}},{"type":"Feature","geometry":{"type":"Polygon","coordinates":[[[-83.774656,38.929549],[-83.774806,38.929559],[-83.774776,38.929782],[-83.774075,38.929735],[-83.774109,38.929512],[-83.774656,38.929549]]]},"properties":{"p":"16-031012.0000","o":"DUNSON ARTEL","a":"STATELINE","d":"EASTERN LSD (BROWN CO.)","t":6121.6,"l":"500: Res-Vacant Land","c":0}},{"type":"Feature","geometry":{"type":"Polygon","coordinates":[[[-83.775761,38.92724],[-83.775774,38.927007],[-83.776414,38.927019],[-83.776445,38.927259],[-83.775761,38.92724]]]},"properties":{"p":"16-031196.0000","o":"GHEEN MELVIN L","a":"HORSE SHOE","d":"EASTERN LSD (BROWN CO.)","t":5518.55,"l":"500: Res-Vacant Land","c":0}},{"type":"Feature","geometry":{"type":"Polygon","coordinates":[[[-83.775761,38.92724],[-83.776445,38.927259],[-83.776484,38.927499],[-83.775748,38.927473],[-83.775761,38.92724]]]},"properties":{"p":"16-031200.0000","o":"ROHDENBURG TED JOHN & KRISTA L","a":"HORSE SHOE","d":"EASTERN LSD (BROWN CO.)","t":5806.95,"l":"500: Res-Vacant Land","c":0}},{"type":"Feature","geometry":{"type":"Polygon","coordinates":[[[-83.772095,38.928523],[-83.772084,38.929072],[-83.771821,38.929069],[-83.771831,38.92852],[-83.772095,38.928523]]]},"properties":{"p":"16-031260.0000","o":"WOODFORK ANN R ETAL","a":"HORSE SHOE","d":"EASTERN LSD (BROWN CO.)","t":7778.5,"l":"500: Res-Vacant Land","c":0}},{"type":"Feature","geometry":{"type":"Polygon","coordinates":[[[-83.776669,38.936597],[-83.776671,38.93628],[-83.776702,38.936227],[-83.776777,38.936204],[-83.777145,38.936226],[-83.777144,38.936599],[-83.776669,38.936597]]]},"properties":{"p":"16-031368.0000","o":"RISSO BENJAMIN J & JOYCE E","a":"WAGON WHEEL","d":"EASTERN LSD (BROWN CO.)","t":6370.73,"l":"500: Res-Vacant Land","c":0}},{"type":"Feature","geometry":{"type":"Polygon","coordinates":[[[-83.777371,38.936819],[-83.77737,38.936937],[-83.777402,38.937025],[-83.776667,38.937023],[-83.776668,38.936803],[-83.777371,38.936805],[-83.777371,38.936819]]]},"properties":{"p":"16-031372.0000","o":"STACCHIOTTI HERMAN J & JEANNIE","a":"INDIAN","d":"EASTERN LSD (BROWN CO.)","t":6795.88,"l":"500: Res-Vacant Land","c":0}},{"type":"Feature","geometry":{"type":"Polygon","coordinates":[[[-83.772092,38.93595],[-83.772092,38.936437],[-83.771681,38.936262],[-83.771681,38.93595],[-83.772092,38.93595]]]},"properties":{"p":"16-031472.0000","o":"GAFFNEY MARSHA","a":"* NOT ON FILE *","d":"EASTERN LSD (BROWN CO.)","t":6621.84,"l":"500: Res-Vacant Land","c":0}},{"type":"Feature","geometry":{"type":"Polygon","coordinates":[[[-83.7736,38.936314],[-83.774191,38.936115],[-83.774255,38.936363],[-83.773725,38.936541],[-83.7736,38.936314]]]},"properties":{"p":"16-031500.0000","o":"DUNCAN L DAVID","a":"LONE STAR","d":"EASTERN LSD (BROWN CO.)","t":5166.92,"l":"500: Res-Vacant Land","c":0}},{"type":"Feature","geometry":{"type":"Polygon","coordinates":[[[-83.773228,38.935862],[-83.77358,38.935424],[-83.773909,38.935622],[-83.773379,38.935965],[-83.773228,38.935862]]]},"properties":{"p":"16-031512.0000","o":"CLARK JOHN","a":"LONE STAR","d":"EASTERN LSD (BROWN CO.)","t":5768.18,"l":"500: Res-Vacant Land","c":0}},{"type":"Feature","geometry":{"type":"Polygon","coordinates":[[[-83.773027,38.935797],[-83.773187,38.935236],[-83.773268,38.935236],[-83.77358,38.935424],[-83.773228,38.935862],[-83.773027,38.935797]]]},"properties":{"p":"16-031516.0000","o":"KRECSKAY THOMAS M","a":"LONE STAR","d":"EASTERN LSD (BROWN CO.)","t":5717.33,"l":"500: Res-Vacant Land","c":0}},{"type":"Feature","geometry":{"type":"Polygon","coordinates":[[[-83.775757,38.936147],[-83.775758,38.935941],[-83.776461,38.935943],[-83.77646,38.936149],[-83.775757,38.936147]]]},"properties":{"p":"16-031636.0000","o":"NELSON JAMES D TRUSTEE","a":"INDIAN","d":"EASTERN LSD (BROWN CO.)","t":6121.6,"l":"500: Res-Vacant Land","c":0}},{"type":"Feature","geometry":{"type":"Polygon","coordinates":[[[-83.760855,38.940888],[-83.761497,38.940915],[-83.761436,38.941177],[-83.760837,38.941132],[-83.760855,38.940888]]]},"properties":{"p":"16-032352.0000","o":"ARNETT LYNN M & JULIE L","a":"MONTANA","d":"EASTERN LSD (BROWN CO.)","t":5038.06,"l":"500: Res-Vacant Land","c":0}},{"type":"Feature","geometry":{"type":"Polygon","coordinates":[[[-83.758545,38.937715],[-83.759185,38.937741],[-83.7593,38.937976],[-83.758625,38.937952],[-83.758545,38.937715]]]},"properties":{"p":"16-033576.0000","o":"ROBERTS DELORIS ANN","a":"140 OKLAHOMA","d":"EASTERN LSD (BROWN CO.)","t":5068.74,"l":"599: Res-Other","c":0}},{"type":"Feature","geometry":{"type":"Polygon","coordinates":[[[-83.771907,38.93808],[-83.772056,38.938086],[-83.772031,38.93868],[-83.771778,38.938672],[-83.771789,38.938076],[-83.771907,38.93808]]]},"properties":{"p":"16-034088.0000","o":"SANDERS ANTHONY","a":"WAYNOKA DR","d":"EASTERN LSD (BROWN CO.)","t":7676.4,"l":"500: Res-Vacant Land","c":0}},{"type":"Feature","geometry":{"type":"Polygon","coordinates":[[[-83.771029,38.938046],[-83.770995,38.938647],[-83.770745,38.938639],[-83.770775,38.938037],[-83.771029,38.938046]]]},"properties":{"p":"16-034104.0000","o":"HOLLAND ROSA M","a":"WAYNOKA DR","d":"EASTERN LSD (BROWN CO.)","t":5078.87,"l":"500: Res-Vacant Land","c":0}},{"type":"Feature","geometry":{"type":"Polygon","coordinates":[[[-83.754659,38.944458],[-83.754951,38.943995],[-83.755221,38.943615],[-83.755501,38.943716],[-83.755046,38.94447],[-83.754659,38.944458]]]},"properties":{"p":"16-034772.0000","o":"SEITHER ANN-HATHAWAY SUSAN","a":"WAYNOKA","d":"EASTERN LSD (BROWN CO.)","t":5897.65,"l":"500: Res-Vacant Land","c":0}},{"type":"Feature","geometry":{"type":"Polygon","coordinates":[[[-83.759868,38.951263],[-83.759131,38.95121],[-83.75916,38.950956],[-83.759902,38.951013],[-83.759868,38.951263]]]},"properties":{"p":"16-035152.0000","o":"CHAHINE JEAN J","a":"ITAWAMBA","d":"EASTERN LSD (BROWN CO.)","t":13767.1,"l":"500: Res-Vacant Land","c":0}},{"type":"Feature","geometry":{"type":"Polygon","coordinates":[[[-83.763152,38.951694],[-83.762705,38.950974],[-83.762814,38.950889],[-83.762964,38.950962],[-83.763366,38.95161],[-83.763152,38.951694]]]},"properties":{"p":"16-035324.0000","o":"TRAYLOR DARREN J TRUSTEE","a":"ITAWAMBA","d":"EASTERN LSD (BROWN CO.)","t":5067.66,"l":"500: Res-Vacant Land","c":0}},{"type":"Feature","geometry":{"type":"Polygon","coordinates":[[[-83.769324,38.866883],[-83.7695,38.866881],[-83.76957,38.867842],[-83.77012,38.867855],[-83.770329,38.870015],[-83.770036,38.870088],[-83.769829,38.871587],[-83.767988,38.87151],[-83.768114,38.869856],[-83.7687,38.869411],[-83.769866,38.868875],[-83.770041,38.868864],[-83.769957,38.867988],[-83.769404,38.867976],[-83.769324,38.866883]]]},"properties":{"p":"17-036464.0100","o":"REED JAMES D & JODI R","a":"8227 RUSSELLVILLE WINCHESTE","d":"EASTERN LSD (BROWN CO.)","t":12570.93,"l":"510: Res-Single Family","c":0}},{"type":"Feature","geometry":{"type":"Polygon","coordinates":[[[-83.960824,38.813327],[-83.958644,38.812871],[-83.958777,38.812602],[-83.960925,38.813052],[-83.960824,38.813327]]]},"properties":{"p":"20-040272.0300","o":"SCHAFER RICHARD JR & HENSON GRE","a":"6357 ST RT 221","d":"RIPLEY-UNION-LEWIS LSD","t":5081.19,"l":"500: Res-Vacant Land","c":0}},{"type":"Feature","geometry":{"type":"Polygon","coordinates":[[[-84.014905,38.795368],[-84.017645,38.794712],[-84.017814,38.795088],[-84.012774,38.796295],[-84.012604,38.79592],[-84.014905,38.795368]]]},"properties":{"p":"20-041056.2300","o":"KRIMMER PETER J","a":"5787 BOUDES FERRY","d":"RIPLEY-UNION-LEWIS LSD","t":8610.55,"l":"510: Res-Single Family","c":0}},{"type":"Feature","geometry":{"type":"Polygon","coordinates":[[[-83.967279,38.789023],[-83.967424,38.789026],[-83.967407,38.789479],[-83.967262,38.789476],[-83.967279,38.789023]]]},"properties":{"p":"22-042360.0000","o":"LUNSFORD TERRY & CHARLES","a":"402 WASHINGTON","d":"RIPLEY-UNION-LEWIS LSD","t":5838.74,"l":"510: Res-Single Family","c":0}},{"type":"Feature","geometry":{"type":"Polygon","coordinates":[[[-83.970009,39.200946],[-83.969986,39.20116],[-83.969332,39.201117],[-83.969352,39.200908],[-83.970009,39.200946]]]},"properties":{"p":"23-043200.0000","o":"SPIVY WAYNE","a":"HALLE DR","d":"FAYETTEVILLE-PERRY LSD","t":5950.74,"l":"500: Res-Vacant Land","c":0}},{"type":"Feature","geometry":{"type":"Polygon","coordinates":[[[-83.977792,39.177358],[-83.97791,39.177386],[-83.977722,39.177925],[-83.977481,39.177865],[-83.977677,39.177331],[-83.977792,39.177358]]]},"properties":{"p":"23-044664.0000","o":"MOORE SHANNON","a":"41 KEIL","d":"FAYETTEVILLE-PERRY LSD","t":9075.14,"l":"510: Res-Single Family","c":0}},{"type":"Feature","geometry":{"type":"Polygon","coordinates":[[[-83.978285,39.185783],[-83.978687,39.18541],[-83.978923,39.185572],[-83.97856,39.185902],[-83.978285,39.185783]]]},"properties":{"p":"23-044808.0000","o":"VANLANDINGHAM MURIEL","a":"308 BREMEN","d":"FAYETTEVILLE-PERRY LSD","t":7201.24,"l":"500: Res-Vacant Land","c":0}},{"type":"Feature","geometry":{"type":"Polygon","coordinates":[[[-83.966479,39.199334],[-83.967152,39.199418],[-83.967111,39.199665],[-83.966474,39.199586],[-83.966479,39.199334]]]},"properties":{"p":"23-045324.0000","o":"ATKINS JAMES M ETAL","a":"LORELEI","d":"FAYETTEVILLE-PERRY LSD","t":5425.18,"l":"500: Res-Vacant Land","c":0}},{"type":"Feature","geometry":{"type":"Polygon","coordinates":[[[-83.981571,39.186122],[-83.98184,39.185665],[-83.982054,39.185724],[-83.981916,39.186177],[-83.98168,39.186161],[-83.981571,39.186122]]]},"properties":{"p":"23-045456.0000","o":"WIEMEYER KURT","a":"COLOGNE","d":"FAYETTEVILLE-PERRY LSD","t":6362.8,"l":"500: Res-Vacant Land","c":0}},{"type":"Feature","geometry":{"type":"Polygon","coordinates":[[[-83.963298,39.182577],[-83.963624,39.182625],[-83.963543,39.182932],[-83.963202,39.183071],[-83.963298,39.182577]]]},"properties":{"p":"23-046200.0000","o":"MITCHELL SANTINA","a":"1514 HINDENBURG DR","d":"FAYETTEVILLE-PERRY LSD","t":6447.46,"l":"510: Res-Single Family","c":0}},{"type":"Feature","geometry":{"type":"Polygon","coordinates":[[[-83.970799,39.174624],[-83.970952,39.174458],[-83.971562,39.174826],[-83.971412,39.174995],[-83.970799,39.174624]]]},"properties":{"p":"23-046656.0000","o":"ANOTHER CHANCE PROPERTIES LLC","a":"1738 LORELEI DR","d":"FAYETTEVILLE-PERRY LSD","t":7466.92,"l":"500: Res-Vacant Land","c":0}},{"type":"Feature","geometry":{"type":"Polygon","coordinates":[[[-83.968041,39.199797],[-83.968049,39.199913],[-83.967327,39.199848],[-83.96737,39.199616],[-83.968033,39.199679],[-83.968041,39.199797]]]},"properties":{"p":"23-046756.0000","o":"GEYGAN LOIS A","a":"LORELEI WEST","d":"FAYETTEVILLE-PERRY LSD","t":11398.95,"l":"500: Res-Vacant Land","c":0}},{"type":"Feature","geometry":{"type":"Polygon","coordinates":[[[-83.976511,39.190443],[-83.976591,39.189924],[-83.976872,39.189942],[-83.976791,39.19046],[-83.976511,39.190443]]]},"properties":{"p":"23-047288.0000","o":"ROBERTSON BRIAN K","a":"496 ESSEN","d":"FAYETTEVILLE-PERRY LSD","t":6420.03,"l":"500: Res-Vacant Land","c":0}},{"type":"Feature","geometry":{"type":"Polygon","coordinates":[[[-83.973411,39.192622],[-83.973297,39.192808],[-83.972733,39.192523],[-83.972843,39.192336],[-83.973411,39.192622]]]},"properties":{"p":"23-047500.0000","o":"MILLER THERESA ELAINE","a":"LORELEI WEST","d":"FAYETTEVILLE-PERRY LSD","t":14298.25,"l":"500: Res-Vacant Land","c":0}},{"type":"Feature","geometry":{"type":"Polygon","coordinates":[[[-83.979302,39.179994],[-83.97862,39.17998],[-83.978625,39.179774],[-83.979308,39.179788],[-83.979302,39.179994]]]},"properties":{"p":"23-048196.0000","o":"ROSS MARGARET M","a":"LORELEI WEST","d":"FAYETTEVILLE-PERRY LSD","t":10513.07,"l":"500: Res-Vacant Land","c":0}},{"type":"Feature","geometry":{"type":"Polygon","coordinates":[[[-83.985181,39.187907],[-83.985385,39.18656],[-83.989788,39.186812],[-83.988781,39.187896],[-83.988433,39.188557],[-83.985118,39.188312],[-83.985181,39.187907]]]},"properties":{"p":"23-050072.0000","o":"BROWN PERRY N JR","a":"19917 BLACK OAK RD","d":"FAYETTEVILLE-PERRY LSD","t":5397.28,"l":"510: Res-Single Family","c":0}},{"type":"Feature","geometry":{"type":"Polygon","coordinates":[[[-83.925423,39.187953],[-83.925363,39.187625],[-83.92545,39.187613],[-83.92551,39.187941],[-83.925423,39.187953]]]},"properties":{"p":"27-053680.0000","o":"G & S PROPERTY GROUP LLC","a":"311 PIKE ST EAST","d":"FAYETTEVILLE-PERRY LSD","t":6333.76,"l":"510: Res-Single Family","c":0}},{"type":"Feature","geometry":{"type":"Polygon","coordinates":[[[-84.003755,38.988919],[-84.003665,38.989668],[-84.003529,38.990471],[-84.002999,38.990032],[-84.003136,38.988893],[-84.003755,38.988919]]]},"properties":{"p":"29-054484.0000","o":"ALSIP WILLIAM L","a":"1608 OAKLAND LOCUST RIDGE","d":"WESTERN BROWN LSD","t":5442.21,"l":"510: Res-Single Family","c":0}},{"type":"Feature","geometry":{"type":"Polygon","coordinates":[[[-83.960394,38.998727],[-83.960451,38.998182],[-83.960827,38.998206],[-83.960758,38.998806],[-83.960394,38.998727]]]},"properties":{"p":"29-055152.0000","o":"MOORE ONNEITA B","a":"13085 NEW HARMONY SHILOH","d":"WESTERN BROWN LSD","t":8032.22,"l":"580: Res-Custom Code","c":0}},{"type":"Feature","geometry":{"type":"Polygon","coordinates":[[[-83.937835,38.9944],[-83.937361,38.994404],[-83.93731,38.993685],[-83.938075,38.993601],[-83.938095,38.994399],[-83.937835,38.9944]]]},"properties":{"p":"29-056188.0300","o":"LUCAS STEVEN D JENNIFER","a":"3436 OAKLAND LOCUST RIDGE","d":"WESTERN BROWN LSD","t":7391.65,"l":"510: Res-Single Family","c":0}},{"type":"Feature","geometry":{"type":"Polygon","coordinates":[[[-84.012737,39.032317],[-84.012455,39.032265],[-84.012906,39.030852],[-84.013174,39.030904],[-84.012737,39.032317]]]},"properties":{"p":"29-072660.0124","o":"NEWBERRY LISA KAY","a":"1330 TODDS RUN FOSTER RD","d":"WESTERN BROWN LSD","t":11554.3,"l":"560: Res-Mobile Home","c":0}},{"type":"Feature","geometry":{"type":"Polygon","coordinates":[[[-83.897541,38.850714],[-83.897559,38.85108],[-83.89576,38.850285],[-83.895568,38.850214],[-83.895694,38.849898],[-83.896697,38.84995],[-83.896733,38.850268],[-83.897518,38.85028],[-83.897541,38.850714]]]},"properties":{"p":"31-059188.0000","o":"GRAVES BILLY J ETAL","a":"1083 MAIN ST SOUTH","d":"GEORGETOWN EVSD","t":12740.15,"l":"510: Res-Single Family","c":0}},{"type":"Feature","geometry":{"type":"Polygon","coordinates":[[[-83.893355,38.83105],[-83.893485,38.831967],[-83.892864,38.831933],[-83.892832,38.830838],[-83.892807,38.830545],[-83.893277,38.830504],[-83.893355,38.83105]]]},"properties":{"p":"31-059352.0000","o":"INGRAM MATTHEW","a":"4718 EVANS RUN RD","d":"GEORGETOWN EVSD","t":5524.29,"l":"510: Res-Single Family","c":0}},{"type":"Feature","geometry":{"type":"Polygon","coordinates":[[[-83.901549,38.856871],[-83.901436,38.857131],[-83.90105,38.856775],[-83.901188,38.856485],[-83.901559,38.856847],[-83.901549,38.856871]]]},"properties":{"p":"33-061620.0000","o":"PITTMAN MICHAEL ETAL","a":"35 FREE SOIL","d":"GEORGETOWN EVSD","t":10277.87,"l":"455: Com-Garage","c":0}},{"type":"Feature","geometry":{"type":"Polygon","coordinates":[[[-83.899696,38.871116],[-83.899527,38.871104],[-83.899559,38.87075],[-83.899716,38.870764],[-83.899696,38.871116]]]},"properties":{"p":"33-063132.0000","o":"LAWRENCE SHANON","a":"506 OHIO","d":"GEORGETOWN EVSD","t":8022.8,"l":"510: Res-Single Family","c":0}},{"type":"Feature","geometry":{"type":"Polygon","coordinates":[[[-83.902858,38.875266],[-83.902879,38.875085],[-83.903226,38.87511],[-83.903204,38.875291],[-83.902858,38.875266]]]},"properties":{"p":"33-065540.0000","o":"BAKER ISABELLE ETAL","a":"712 MAIN ST NORTH","d":"GEORGETOWN EVSD","t":7604.8,"l":"510: Res-Single Family","c":0}},{"type":"Feature","geometry":{"type":"Polygon","coordinates":[[[-83.90121,38.845308],[-83.901342,38.845333],[-83.901545,38.845431],[-83.901388,38.846707],[-83.901039,38.84668],[-83.90121,38.845308]]]},"properties":{"p":"33-067588.0000","o":"JENNINGS JONATHAN R & KIMBERLY A MICHAELS","a":"188 GREEN ACRES","d":"GEORGETOWN EVSD","t":5069.93,"l":"510: Res-Single Family","c":0}},{"type":"Feature","geometry":{"type":"Polygon","coordinates":[[[-83.923359,38.916675],[-83.923408,38.916823],[-83.923511,38.91702],[-83.923727,38.917226],[-83.922651,38.917571],[-83.922433,38.917471],[-83.922125,38.917957],[-83.921687,38.917172],[-83.923359,38.916675]]]},"properties":{"p":"34-070652.0100","o":"BOHRER DAVID LOUIS","a":"3923 WHITE OAK VALLEY","d":"WESTERN BROWN LSD","t":7190.2,"l":"580: Res-Custom Code","c":0}},{"type":"Feature","geometry":{"type":"Polygon","coordinates":[[[-83.95875,39.083349],[-83.958191,39.085188],[-83.957536,39.085081],[-83.958095,39.083242],[-83.95875,39.083349]]]},"properties":{"p":"37-070924.0300","o":"NAPIER FRANCINE","a":"2951 GREENBUSH WEST RD","d":"WESTERN BROWN LSD","t":5663.68,"l":"510: Res-Single Family","c":0}},{"type":"Feature","geometry":{"type":"Polygon","coordinates":[[[-84.010443,39.046674],[-84.011406,39.046739],[-84.01057,39.04864],[-84.010063,39.049731],[-84.009786,39.049852],[-84.008364,39.050029],[-84.007855,39.050131],[-84.005541,39.050103],[-84.004828,39.049872],[-84.00417,39.049941],[-84.003783,39.049881],[-84.004575,39.047813],[-84.008148,39.047402],[-84.009272,39.043814],[-84.010962,39.043945],[-84.00965,39.046836],[-84.010348,39.046883],[-84.010443,39.046674]]]},"properties":{"p":"37-071152.0000","o":"CROSS TIM","a":"1405 TRI COUNTY HWY","d":"WESTERN BROWN LSD","t":6229.53,"l":"111: Agr-CAUV-Cash-Grain Farm","c":0}},{"type":"Feature","geometry":{"type":"Polygon","coordinates":[[[-84.000988,39.084455],[-84.000795,39.084984],[-83.999995,39.084795],[-84.000181,39.084274],[-84.000988,39.084455]]]},"properties":{"p":"37-071212.2500","o":"SCHWAB MICHAEL H & TAMMY","a":"16236 EDGINGTON","d":"WESTERN BROWN LSD","t":7179.81,"l":"560: Res-Mobile Home","c":0}},{"type":"Feature","geometry":{"type":"Polygon","coordinates":[[[-83.826763,38.760873],[-83.826563,38.760507],[-83.826962,38.760333],[-83.827187,38.760576],[-83.826763,38.760873]]]},"properties":{"p":"39-075592.0100","o":"KIRK DARLA J","a":"4410 RIPLEY RD","d":"RIPLEY-UNION-LEWIS LSD","t":7137.07,"l":"510: Res-Single Family","c":0}},{"type":"Feature","geometry":{"type":"Polygon","coordinates":[[[-83.841177,38.746801],[-83.841284,38.746763],[-83.84137,38.746919],[-83.841263,38.746957],[-83.841177,38.746801]]]},"properties":{"p":"41-079864.0000","o":"KILGORE DONNA","a":"417 MAIN","d":"RIPLEY-UNION-LEWIS LSD","t":6174.98,"l":"510: Res-Single Family","c":0}},{"type":"Feature","geometry":{"type":"Polygon","coordinates":[[[-83.84919,38.752446],[-83.849594,38.752247],[-83.849636,38.7523],[-83.849227,38.752485],[-83.84919,38.752446]]]},"properties":{"p":"41-080464.0000","o":"RUSSELL ERMA KAY","a":"508 SECOND ST NORTH","d":"RIPLEY-UNION-LEWIS LSD","t":6338,"l":"510: Res-Single Family","c":0}},{"type":"Feature","geometry":{"type":"Polygon","coordinates":[[[-83.808451,39.003808],[-83.808652,39.004671],[-83.808519,39.004657],[-83.808468,39.004456],[-83.808278,39.004],[-83.808205,39.003877],[-83.808411,39.003803],[-83.808451,39.003808]]]},"properties":{"p":"43-082004.0000","o":"TUCKER LEAH W","a":"13308 PURDY","d":"EASTERN LSD (BROWN CO.)","t":6187.33,"l":"510: Res-Single Family","c":0}},{"type":"Feature","geometry":{"type":"Polygon","coordinates":[[[-83.805595,39.003736],[-83.808237,39.003241],[-83.808451,39.003808],[-83.808411,39.003803],[-83.808205,39.003877],[-83.808278,39.004],[-83.808468,39.004456],[-83.808519,39.004657],[-83.808652,39.004671],[-83.80867,39.004747],[-83.806911,39.004557],[-83.80619,39.004321],[-83.805916,39.004147],[-83.805595,39.003736]]]},"properties":{"p":"43-082004.0000","o":"TUCKER LEAH W","a":"13308 PURDY","d":"EASTERN LSD (BROWN CO.)","t":6187.33,"l":"510: Res-Single Family","c":0}},{"type":"Feature","geometry":{"type":"Polygon","coordinates":[[[-83.809511,39.009894],[-83.810124,39.009977],[-83.810149,39.010154],[-83.809475,39.010066],[-83.809511,39.009894]]]},"properties":{"p":"43-083716.0000","o":"SCULLI LISA W","a":"125 GRAHAM","d":"EASTERN LSD (BROWN CO.)","t":11254.57,"l":"510: Res-Single Family","c":0}},{"type":"Feature","geometry":{"type":"Polygon","coordinates":[[[-83.801843,39.009974],[-83.801822,39.009907],[-83.802206,39.009748],[-83.802226,39.009815],[-83.801843,39.009974]]]},"properties":{"p":"43-085156.0000","o":"1ST FIDELITY LOAN SERVICING LLC","a":"111 THOMPSON","d":"EASTERN LSD (BROWN CO.)","t":11408.56,"l":"510: Res-Single Family","c":0}},{"type":"Feature","geometry":{"type":"Polygon","coordinates":[[[-83.945392,39.046125],[-83.948585,39.04682],[-83.948544,39.046946],[-83.949573,39.047154],[-83.949265,39.048028],[-83.947487,39.047618],[-83.945103,39.047125],[-83.944739,39.047032],[-83.945065,39.046092],[-83.945204,39.046166],[-83.94536,39.046216],[-83.945392,39.046125]]]},"properties":{"p":"44-071120.0500","o":"JENSEN CASSITY TRUST & GOETTKE","a":"BROOKS MALOTT","d":"WESTERN BROWN LSD","t":17176.21,"l":"100: Agr-Vacant Land","c":0}},{"type":"Feature","geometry":{"type":"Polygon","coordinates":[[[-83.849811,38.752426],[-83.84929,38.752654],[-83.849314,38.752677],[-83.849289,38.752689],[-83.849161,38.75257],[-83.849265,38.752524],[-83.849227,38.752485],[-83.84969,38.752275],[-83.849811,38.752426]]]},"properties":{"p":"41-080464.0000","o":"RUSSELL ERMA KAY","a":"508 SECOND ST NORTH","d":"RIPLEY-UNION-LEWIS LSD","t":6338,"l":"510: Res-Single Family","c":0}},{"type":"Feature","geometry":{"type":"Polygon","coordinates":[[[-83.775904,38.951661],[-83.775647,38.951151],[-83.775877,38.951079],[-83.77614,38.951588],[-83.775904,38.951661]]]},"properties":{"p":"16-027944.0000","o":"MELVIN WILLIAM & SANDRA K","a":"RIO BRAZOS DR","d":"EASTERN LSD (BROWN CO.)","t":5658.46,"l":"500: Res-Vacant Land","c":0}},{"type":"Feature","geometry":{"type":"Polygon","coordinates":[[[-83.787811,38.948949],[-83.787964,38.948893],[-83.788302,38.949437],[-83.788073,38.949515],[-83.787738,38.948975],[-83.787811,38.948949]]]},"properties":{"p":"08-011312.0000","o":"STALLWORTH WILLIE C","a":"PIUTE","d":"EASTERN LSD (BROWN CO.)","t":3447.81,"l":"500: Res-Vacant Land","c":0}},{"type":"Feature","geometry":{"type":"Polygon","coordinates":[[[-83.779207,38.947871],[-83.779482,38.948398],[-83.779222,38.948479],[-83.77894,38.947956],[-83.779207,38.947871]]]},"properties":{"p":"08-012600.0000","o":"LAMBERT HAROLD B","a":"CUSTER DR","d":"EASTERN LSD (BROWN CO.)","t":3652.68,"l":"500: Res-Vacant Land","c":0}},{"type":"Feature","geometry":{"type":"Polygon","coordinates":[[[-83.798562,38.941644],[-83.798552,38.941863],[-83.797849,38.941843],[-83.79786,38.941624],[-83.798562,38.941644]]]},"properties":{"p":"08-013700.0000","o":"DOVER KENNETH & BRENDA","a":"CHOCTAW","d":"EASTERN LSD (BROWN CO.)","t":4638.67,"l":"500: Res-Vacant Land","c":0}},{"type":"Feature","geometry":{"type":"Polygon","coordinates":[[[-83.790589,38.941046],[-83.790433,38.940828],[-83.791089,38.940629],[-83.791204,38.94086],[-83.790589,38.941046]]]},"properties":{"p":"08-014752.0000","o":"LAYER DAVID","a":"CREEK DR","d":"EASTERN LSD (BROWN CO.)","t":4896.67,"l":"500: Res-Vacant Land","c":0}},{"type":"Feature","geometry":{"type":"Polygon","coordinates":[[[-83.793328,38.927084],[-83.793282,38.927632],[-83.793019,38.927619],[-83.793064,38.927071],[-83.793328,38.927084]]]},"properties":{"p":"08-015596.0000","o":"BERRIER HAROLD","a":"NAVAJO DR","d":"EASTERN LSD (BROWN CO.)","t":4818.51,"l":"500: Res-Vacant Land","c":0}},{"type":"Feature","geometry":{"type":"Polygon","coordinates":[[[-83.773534,38.953828],[-83.773087,38.953966],[-83.772932,38.953431],[-83.772945,38.953373],[-83.772993,38.95334],[-83.773362,38.953225],[-83.773659,38.95379],[-83.773534,38.953828]]]},"properties":{"p":"16-027860.0000","o":"SMITH ROY LEE & LAURA L","a":"YUMA DR","d":"EASTERN LSD (BROWN CO.)","t":3900.71,"l":"500: Res-Vacant Land","c":0}},{"type":"Feature","geometry":{"type":"Polygon","coordinates":[[[-83.773379,38.935965],[-83.773909,38.935622],[-83.77409,38.935731],[-83.774133,38.935896],[-83.773489,38.936112],[-83.773379,38.935965]]]},"properties":{"p":"16-031508.0000","o":"STACEY MICHAEL & JENNIFER","a":"12 LONE STAR","d":"EASTERN LSD (BROWN CO.)","t":4654.24,"l":"510: Res-Single Family","c":0}},{"type":"Feature","geometry":{"type":"Polygon","coordinates":[[[-83.757824,38.934342],[-83.757074,38.934314],[-83.757089,38.934101],[-83.757845,38.934138],[-83.757824,38.934342]]]},"properties":{"p":"16-032028.0000","o":"ROHRER JOSEPH F & ELLEN L","a":"SITTING BULL","d":"EASTERN LSD (BROWN CO.)","t":4374.68,"l":"500: Res-Vacant Land","c":0}},{"type":"Feature","geometry":{"type":"Polygon","coordinates":[[[-83.757936,38.947661],[-83.757672,38.947648],[-83.757717,38.947073],[-83.75798,38.947085],[-83.757936,38.947661]]]},"properties":{"p":"16-034908.0000","o":"SMITH MARION MOORE","a":"BONANZA","d":"EASTERN LSD (BROWN CO.)","t":4556.56,"l":"500: Res-Vacant Land","c":0}},{"type":"Feature","geometry":{"type":"Polygon","coordinates":[[[-83.765054,38.950096],[-83.765688,38.950135],[-83.765688,38.950333],[-83.765027,38.9503],[-83.765054,38.950096]]]},"properties":{"p":"16-035392.0000","o":"GRAY KENT","a":"TALLAHATCHIE","d":"EASTERN LSD (BROWN CO.)","t":4313.22,"l":"500: Res-Vacant Land","c":0}},{"type":"Feature","geometry":{"type":"Polygon","coordinates":[[[-83.776295,38.947436],[-83.776226,38.947458],[-83.775972,38.946963],[-83.7762,38.94689],[-83.776458,38.947385],[-83.776295,38.947436]]]},"properties":{"p":"16-036028.0000","o":"GARNER JOHN","a":"BLACK HAWK","d":"EASTERN LSD (BROWN CO.)","t":3672.29,"l":"500: Res-Vacant Land","c":0}},{"type":"Feature","geometry":{"type":"Polygon","coordinates":[[[-84.022706,38.796467],[-84.02366,38.796916],[-84.024383,38.799185],[-84.023635,38.799378],[-84.022706,38.796467]]]},"properties":{"p":"20-041056.0400","o":"PENCE KIMBERLEY","a":"1008 SHINKLES RIDGE","d":"RIPLEY-UNION-LEWIS LSD","t":3799.06,"l":"580: Res-Custom Code","c":0}},{"type":"Feature","geometry":{"type":"Polygon","coordinates":[[[-83.896298,39.198808],[-83.892748,39.198614],[-83.892843,39.197527],[-83.894148,39.197591],[-83.894002,39.198099],[-83.896467,39.19822],[-83.896298,39.198808]]]},"properties":{"p":"23-050556.0300","o":"HUSTON SAMANTHA A","a":"20376 ST RT 251","d":"FAYETTEVILLE-PERRY LSD","t":4354.88,"l":"560: Res-Mobile Home","c":0}},{"type":"Feature","geometry":{"type":"Polygon","coordinates":[[[-83.904518,38.873041],[-83.904864,38.873066],[-83.904843,38.873246],[-83.904497,38.873221],[-83.904518,38.873041]]]},"properties":{"p":"33-065680.0000","o":"HUBBARD DEBRA A","a":"525 MAIN ST NORTH","d":"GEORGETOWN EVSD","t":3486.28,"l":"510: Res-Single Family","c":0}},{"type":"Feature","geometry":{"type":"Polygon","coordinates":[[[-83.839046,38.741397],[-83.838781,38.741502],[-83.838636,38.741254],[-83.838898,38.741159],[-83.839046,38.741397]]]},"properties":{"p":"41-080332.0000","o":"ROSS DORIS","a":"301 CIRCLE","d":"RIPLEY-UNION-LEWIS LSD","t":4978.41,"l":"580: Res-Custom Code","c":0}},{"type":"Feature","geometry":{"type":"Polygon","coordinates":[[[-83.838781,38.741502],[-83.839046,38.741397],[-83.839215,38.741667],[-83.839217,38.741698],[-83.839171,38.741725],[-83.839074,38.741704],[-83.838819,38.741567],[-83.838781,38.741502]]]},"properties":{"p":"41-080332.0000","o":"ROSS DORIS","a":"301 CIRCLE","d":"RIPLEY-UNION-LEWIS LSD","t":4978.41,"l":"580: Res-Custom Code","c":0}},{"type":"Feature","geometry":{"type":"Polygon","coordinates":[[[-83.839238,38.728253],[-83.839096,38.728034],[-83.839237,38.727977],[-83.839394,38.728188],[-83.839238,38.728253]]]},"properties":{"p":"41-076624.0000","o":"GRIGSON LOVELL & DAWN","a":"403 VIRGINIA","d":"RIPLEY-UNION-LEWIS LSD","t":3505.62,"l":"560: Res-Mobile Home","c":0}},{"type":"Feature","geometry":{"type":"Polygon","coordinates":[[[-83.882938,38.79928],[-83.883483,38.800032],[-83.8808,38.800523],[-83.881454,38.799615],[-83.882938,38.79928]]]},"properties":{"p":"40-076164.0000","o":"REID CORA A","a":"STRAIGHT CREEK","d":"GEORGETOWN EVSD","t":4094.26,"l":"500: Res-Vacant Land","c":0}},{"type":"Feature","geometry":{"type":"Polygon","coordinates":[[[-83.882712,38.769088],[-83.883482,38.769316],[-83.88325,38.76992],[-83.882461,38.769686],[-83.882567,38.769403],[-83.882712,38.769088]]]},"properties":{"p":"39-075252.0200","o":"ROARK ANTHONY","a":"4781 PISGAH HILL","d":"RIPLEY-UNION-LEWIS LSD","t":4597.62,"l":"510: Res-Single Family","c":0}},{"type":"Feature","geometry":{"type":"Polygon","coordinates":[[[-83.826455,38.752506],[-83.82564,38.752599],[-83.825626,38.752598],[-83.825635,38.752462],[-83.825672,38.752192],[-83.825732,38.751924],[-83.825816,38.751659],[-83.825923,38.7514],[-83.826053,38.751148],[-83.826289,38.750784],[-83.826473,38.750553],[-83.826677,38.750332],[-83.827018,38.750024],[-83.827399,38.749745],[-83.828403,38.749186],[-83.830434,38.748151],[-83.830669,38.748292],[-83.830817,38.748638],[-83.827981,38.750194],[-83.827843,38.750101],[-83.826678,38.751066],[-83.826791,38.751339],[-83.826821,38.751581],[-83.826652,38.752229],[-83.826472,38.752504],[-83.826455,38.752506]]]},"properties":{"p":"39-075072.0100","o":"PERRY VICTORIA KASEY","a":"US 62 & 68","d":"RIPLEY-UNION-LEWIS LSD","t":3641.45,"l":"510: Res-Single Family","c":0}},{"type":"Feature","geometry":{"type":"Polygon","coordinates":[[[-83.915439,38.773176],[-83.915557,38.773216],[-83.915553,38.773294],[-83.915229,38.774176],[-83.914942,38.773971],[-83.915007,38.773795],[-83.914822,38.773663],[-83.914792,38.773567],[-83.914688,38.773493],[-83.914576,38.773487],[-83.91444,38.773604],[-83.913444,38.772893],[-83.913709,38.772678],[-83.914068,38.772635],[-83.91418,38.772567],[-83.914447,38.772842],[-83.915439,38.773176]]]},"properties":{"p":"39-073668.0000","o":"TARA VILLA PARADISE RV PARK AND MARINA LLC","a":"4196 US 52","d":"RIPLEY-UNION-LEWIS LSD","t":3484.88,"l":"416: Com-Camp Ground","c":0}},{"type":"Feature","geometry":{"type":"Polygon","coordinates":[[[-83.874786,38.763938],[-83.874992,38.764015],[-83.874699,38.764498],[-83.874493,38.764422],[-83.874786,38.763938]]]},"properties":{"p":"39-073364.0000","o":"PICKLESIMER KYME & LARRY","a":"5145 US 52","d":"RIPLEY-UNION-LEWIS LSD","t":4773.7,"l":"510: Res-Single Family","c":0}},{"type":"Feature","geometry":{"type":"Polygon","coordinates":[[[-83.973408,39.036831],[-83.975218,39.037202],[-83.975108,39.037584],[-83.973945,39.03734],[-83.973981,39.037193],[-83.973323,39.037084],[-83.973408,39.036831]]]},"properties":{"p":"37-072192.0800","o":"JONES WALTER & AMANDA JAMES","a":"14522 UPPER CUMBERLAND","d":"WESTERN BROWN LSD","t":3948.23,"l":"580: Res-Custom Code","c":0}},{"type":"Feature","geometry":{"type":"Polygon","coordinates":[[[-83.978776,39.101409],[-83.97752,39.101241],[-83.97757,39.100965],[-83.978831,39.101106],[-83.978776,39.101409]]]},"properties":{"p":"37-071276.0101","o":"EATON CHRISTOPHER","a":"2681 UPPER FIVE MILE WEST RD","d":"WESTERN BROWN LSD","t":3466.84,"l":"580: Res-Custom Code","c":0}},{"type":"Feature","geometry":{"type":"Polygon","coordinates":[[[-83.943869,38.911883],[-83.944721,38.911945],[-83.944612,38.912871],[-83.946062,38.914397],[-83.945995,38.916121],[-83.943514,38.915923],[-83.943647,38.913702],[-83.943869,38.911883]]]},"properties":{"p":"34-069312.0100","o":"FENT TOD","a":"3218 WAHL","d":"WESTERN BROWN LSD","t":3737.6,"l":"510: Res-Single Family","c":0}},{"type":"Feature","geometry":{"type":"Polygon","coordinates":[[[-83.906581,38.864473],[-83.906558,38.864674],[-83.906352,38.86466],[-83.906375,38.864458],[-83.906581,38.864473]]]},"properties":{"p":"33-068836.0100","o":"POLSTON JACQUELINE","a":"301 WEST STATE","d":"GEORGETOWN EVSD","t":3835.55,"l":"530: Res-Three Family","c":0}},{"type":"Feature","geometry":{"type":"Polygon","coordinates":[[[-83.904518,38.873041],[-83.904497,38.873221],[-83.90441,38.873215],[-83.904432,38.873034],[-83.904518,38.873041]]]},"properties":{"p":"33-065680.0000","o":"HUBBARD DEBRA A","a":"525 MAIN ST NORTH","d":"GEORGETOWN EVSD","t":3486.28,"l":"510: Res-Single Family","c":0}},{"type":"Feature","geometry":{"type":"Polygon","coordinates":[[[-83.906144,38.861034],[-83.906108,38.86131],[-83.906017,38.861303],[-83.906048,38.861027],[-83.906144,38.861034]]]},"properties":{"p":"33-065464.0000","o":"MARTIN JEFFREY D & LORA","a":"606 PLEASANT","d":"GEORGETOWN EVSD","t":4198.64,"l":"510: Res-Single Family","c":0}},{"type":"Feature","geometry":{"type":"Polygon","coordinates":[[[-83.905854,38.86129],[-83.905888,38.861016],[-83.906048,38.861027],[-83.906017,38.861303],[-83.905854,38.86129]]]},"properties":{"p":"33-065464.0000","o":"MARTIN JEFFREY D & LORA","a":"606 PLEASANT","d":"GEORGETOWN EVSD","t":4198.64,"l":"510: Res-Single Family","c":0}},{"type":"Feature","geometry":{"type":"Polygon","coordinates":[[[-83.899804,38.865815],[-83.899947,38.866122],[-83.899769,38.866201],[-83.899659,38.865977],[-83.899682,38.865805],[-83.899804,38.865815]]]},"properties":{"p":"33-061376.0000","o":"GEE ALVIE","a":"400 GRANT","d":"GEORGETOWN EVSD","t":4951.11,"l":"500: Res-Vacant Land","c":0}},{"type":"Feature","geometry":{"type":"Polygon","coordinates":[[[-83.896909,38.85259],[-83.897641,38.852633],[-83.897712,38.853797],[-83.89697,38.853769],[-83.896909,38.85259]]]},"properties":{"p":"31-059960.0000","o":"SHELTON BRENDA SUE","a":"969 S MAIN","d":"GEORGETOWN EVSD","t":3934.1,"l":"510: Res-Single Family","c":0}},{"type":"Feature","geometry":{"type":"Polygon","coordinates":[[[-83.923819,39.022679],[-83.923231,39.02239],[-83.923427,39.02216],[-83.924008,39.022442],[-83.923819,39.022679]]]},"properties":{"p":"30-057252.0000","o":"EASTHAM JACOB","a":"414 HIGH ST SOUTH","d":"WESTERN BROWN LSD","t":4308.76,"l":"510: Res-Single Family","c":0}},{"type":"Feature","geometry":{"type":"Polygon","coordinates":[[[-84.013986,39.012682],[-84.013959,39.013121],[-84.013748,39.013113],[-84.013775,39.012675],[-84.013986,39.012682]]]},"properties":{"p":"29-056892.0000","o":"CARRINGTON RICKY & CAROL S","a":"13650 MEEKER RD","d":"WESTERN BROWN LSD","t":4189.38,"l":"510: Res-Single Family","c":0}},{"type":"Feature","geometry":{"type":"Polygon","coordinates":[[[-84.017196,39.006825],[-84.017737,39.00688],[-84.017627,39.007695],[-84.017087,39.007655],[-84.017196,39.006825]]]},"properties":{"p":"29-055796.0101","o":"SIGNORELLI NICKOLAS E & RACHEL","a":"13403 MEEKER","d":"WESTERN BROWN LSD","t":3926.08,"l":"510: Res-Single Family","c":0}},{"type":"Feature","geometry":{"type":"Polygon","coordinates":[[[-83.978115,38.993498],[-83.97814,38.993141],[-83.978819,38.993171],[-83.978782,38.993522],[-83.978115,38.993498]]]},"properties":{"p":"29-054972.0000","o":"DAVIS ISAAC","a":"GARGONIA","d":"WESTERN BROWN LSD","t":3454.37,"l":"500: Res-Vacant Land","c":0}},{"type":"Feature","geometry":{"type":"Polygon","coordinates":[[[-83.959153,38.989387],[-83.959334,38.989302],[-83.959799,38.98914],[-83.961103,38.988748],[-83.961455,38.988662],[-83.96121,38.990971],[-83.959011,38.99083],[-83.959153,38.989387]]]},"properties":{"p":"29-054516.0000","o":"MARTIN KAREN","a":"12736 NEW HARMONY-SHILOH","d":"WESTERN BROWN LSD","t":4725.5,"l":"510: Res-Single Family","c":0}},{"type":"Feature","geometry":{"type":"Polygon","coordinates":[[[-83.929297,39.191026],[-83.930827,39.190188],[-83.932039,39.189545],[-83.932882,39.190607],[-83.93192,39.191073],[-83.932451,39.191738],[-83.933353,39.191302],[-83.933487,39.192263],[-83.929152,39.191688],[-83.92876,39.191324],[-83.929297,39.191026]]]},"properties":{"p":"27-052864.0000","o":"SPARKS KELSEY LYNN","a":"311 ANDERSON EAST","d":"FAYETTEVILLE-PERRY LSD","t":3766.66,"l":"110: Agr-CAUV-Vacant Land","c":0}},{"type":"Feature","geometry":{"type":"Polygon","coordinates":[[[-83.894434,39.220192],[-83.892125,39.220058],[-83.892155,39.219747],[-83.894216,39.219489],[-83.894327,39.219759],[-83.894397,39.219995],[-83.894446,39.220192],[-83.894434,39.220192]]]},"properties":{"p":"23-054594.0000","o":"MARSHALL BETH & DEBORAH HENGES & DANIEL HENGES JR","a":"21172 ST RT 251","d":"FAYETTEVILLE-PERRY LSD","t":3614.03,"l":"510: Res-Single Family","c":0}},{"type":"Feature","geometry":{"type":"Polygon","coordinates":[[[-83.920319,39.228443],[-83.923251,39.229682],[-83.922306,39.230376],[-83.920478,39.230254],[-83.919299,39.228801],[-83.920319,39.228443]]]},"properties":{"p":"23-052400.0000","o":"WARD ERIC-WARD JOSEPH A & TAMMY","a":"3840 GLADY","d":"FAYETTEVILLE-PERRY LSD","t":4081.87,"l":"510: Res-Single Family","c":0}},{"type":"Feature","geometry":{"type":"Polygon","coordinates":[[[-83.889324,39.155745],[-83.888906,39.155477],[-83.888976,39.15466],[-83.889821,39.154722],[-83.889738,39.15577],[-83.889324,39.155745]]]},"properties":{"p":"23-050976.0000","o":"POSEY BILL & TRACY","a":"4714 ST RT 131","d":"FAYETTEVILLE-PERRY LSD","t":4723.91,"l":"510: Res-Single Family","c":0}},{"type":"Feature","geometry":{"type":"Polygon","coordinates":[[[-83.96023,39.198043],[-83.960276,39.196982],[-83.962054,39.197025],[-83.961958,39.199697],[-83.961929,39.19988],[-83.960157,39.199808],[-83.96023,39.198043]]]},"properties":{"p":"23-050640.0000","o":"GRAHAM EUGENE","a":"20623 FAYETTE BLANCHESTER","d":"FAYETTEVILLE-PERRY LSD","t":4882.02,"l":"510: Res-Single Family","c":0}},{"type":"Feature","geometry":{"type":"Polygon","coordinates":[[[-83.964048,39.204644],[-83.963907,39.204475],[-83.964462,39.204179],[-83.964601,39.20435],[-83.964048,39.204644]]]},"properties":{"p":"23-049460.0000","o":"ORICK MICHAEL","a":"LORELEI EAST","d":"FAYETTEVILLE-PERRY LSD","t":3969.92,"l":"500: Res-Vacant Land","c":0}},{"type":"Feature","geometry":{"type":"Polygon","coordinates":[[[-83.969042,39.203643],[-83.969189,39.203762],[-83.96853,39.204288],[-83.968294,39.204189],[-83.969042,39.203643]]]},"properties":{"p":"23-049432.0000","o":"RUGENSTEIN CHAD","a":"LORELEI WEST","d":"FAYETTEVILLE-PERRY LSD","t":3641.89,"l":"500: Res-Vacant Land","c":0}},{"type":"Feature","geometry":{"type":"Polygon","coordinates":[[[-83.978958,39.188246],[-83.979013,39.187988],[-83.979646,39.188074],[-83.979594,39.18829],[-83.979541,39.188344],[-83.979465,39.188377],[-83.979335,39.188377],[-83.978958,39.188246]]]},"properties":{"p":"23-048584.0000","o":"VALLE JESUS & SUZANNE","a":"350 ESSEN","d":"FAYETTEVILLE-PERRY LSD","t":4465.43,"l":"500: Res-Vacant Land","c":0}},{"type":"Feature","geometry":{"type":"Polygon","coordinates":[[[-83.963992,39.176346],[-83.963695,39.175872],[-83.96395,39.175785],[-83.96424,39.176256],[-83.963992,39.176346]]]},"properties":{"p":"23-047192.0000","o":"FLORA MARK C JR","a":"1478 ODER","d":"FAYETTEVILLE-PERRY LSD","t":3976.84,"l":"510: Res-Single Family","c":0}},{"type":"Feature","geometry":{"type":"Polygon","coordinates":[[[-83.96861,39.192262],[-83.968907,39.192426],[-83.968569,39.192814],[-83.968435,39.192731],[-83.96861,39.192262]]]},"properties":{"p":"23-046664.0000","o":"STRICKLETT JODELLE L","a":"STUTTGART DR UNIT 2","d":"FAYETTEVILLE-PERRY LSD","t":3741.29,"l":"500: Res-Vacant Land","c":0}},{"type":"Feature","geometry":{"type":"Polygon","coordinates":[[[-83.979464,39.190143],[-83.980144,39.190226],[-83.980114,39.190439],[-83.979419,39.190362],[-83.979464,39.190143]]]},"properties":{"p":"23-045968.0000","o":"SNELL ROGER","a":"473 ESSEN","d":"FAYETTEVILLE-PERRY LSD","t":4904.88,"l":"500: Res-Vacant Land","c":0}},{"type":"Feature","geometry":{"type":"Polygon","coordinates":[[[-83.962995,39.188845],[-83.963561,39.189177],[-83.963456,39.189278],[-83.963429,39.189348],[-83.962816,39.189233],[-83.962995,39.188845]]]},"properties":{"p":"23-045532.0000","o":"RUNK ENTERPRISES LLC","a":"LORELEI EAST","d":"FAYETTEVILLE-PERRY LSD","t":4626.6,"l":"500: Res-Vacant Land","c":0}},{"type":"Feature","geometry":{"type":"Polygon","coordinates":[[[-83.972786,39.194012],[-83.973191,39.193599],[-83.973416,39.193727],[-83.973017,39.194144],[-83.972786,39.194012]]]},"properties":{"p":"23-043828.0000","o":"HILES ANTHONY & CAREY","a":"709 HESSE","d":"FAYETTEVILLE-PERRY LSD","t":3571.6,"l":"510: Res-Single Family","c":0}},{"type":"Feature","geometry":{"type":"Polygon","coordinates":[[[-83.965065,38.832926],[-83.965099,38.832903],[-83.965896,38.833077],[-83.966146,38.833166],[-83.966701,38.833479],[-83.967396,38.833806],[-83.962438,38.837194],[-83.961037,38.835646],[-83.963596,38.833903],[-83.965065,38.832926]]]},"properties":{"p":"21-041776.0100","o":"UTTER JOHN","a":"2639 UTTER","d":"GEORGETOWN EVSD","t":4810.95,"l":"510: Res-Single Family","c":0}},{"type":"Feature","geometry":{"type":"Polygon","coordinates":[[[-84.014494,38.82101],[-84.014939,38.821249],[-84.017469,38.824552],[-84.016421,38.824798],[-84.01297,38.824369],[-84.012916,38.822437],[-84.014494,38.82101]]]},"properties":{"p":"20-040504.0200","o":"DENNEY NICHOLAS R & JEANNIE M","a":"1251 SKIFFSVILLE","d":"RIPLEY-UNION-LEWIS LSD","t":4609.6,"l":"500: Res-Vacant Land","c":0}},{"type":"Feature","geometry":{"type":"Polygon","coordinates":[[[-83.788923,38.871011],[-83.788658,38.870985],[-83.788791,38.87018],[-83.78986,38.870281],[-83.789792,38.871096],[-83.788923,38.871011]]]},"properties":{"p":"18-038908.0002","o":"BLOUNT WANDA D","a":"310 KENDALL NORTH","d":"EASTERN LSD (BROWN CO.)","t":3488.55,"l":"560: Res-Mobile Home","c":0}},{"type":"Feature","geometry":{"type":"Polygon","coordinates":[[[-83.782577,38.867504],[-83.782509,38.86824],[-83.783787,38.868321],[-83.783755,38.868412],[-83.783444,38.869002],[-83.781955,38.868918],[-83.781997,38.868519],[-83.782406,38.868543],[-83.782503,38.8675],[-83.782577,38.867504]]]},"properties":{"p":"18-038308.0000","o":"CLIFTON CODY J & SAMANTHA A","a":"331 SIR WILLIAM WALLACE","d":"EASTERN LSD (BROWN CO.)","t":3545.21,"l":"560: Res-Mobile Home","c":0}},{"type":"Feature","geometry":{"type":"Polygon","coordinates":[[[-83.787433,38.854214],[-83.787482,38.853762],[-83.789339,38.853851],[-83.789298,38.854307],[-83.787433,38.854214]]]},"properties":{"p":"17-036844.0000","o":"LANGDON JOHN TYLER","a":"7853 US 62","d":"EASTERN LSD (BROWN CO.)","t":4048.15,"l":"510: Res-Single Family","c":0}},{"type":"Feature","geometry":{"type":"Polygon","coordinates":[[[-83.776458,38.947385],[-83.776812,38.947272],[-83.776929,38.947771],[-83.776903,38.947842],[-83.776856,38.94787],[-83.776575,38.947958],[-83.776295,38.947436],[-83.776458,38.947385]]]},"properties":{"p":"16-036028.0000","o":"GARNER JOHN","a":"BLACK HAWK","d":"EASTERN LSD (BROWN CO.)","t":3672.29,"l":"500: Res-Vacant Land","c":0}},{"type":"Feature","geometry":{"type":"Polygon","coordinates":[[[-83.769947,38.94922],[-83.769878,38.949012],[-83.77059,38.948871],[-83.770658,38.949073],[-83.769963,38.949256],[-83.769947,38.94922]]]},"properties":{"p":"16-035884.0000","o":"CARTER JOE N & ELIZABETH","a":"YUMA","d":"EASTERN LSD (BROWN CO.)","t":3839.62,"l":"500: Res-Vacant Land","c":0}},{"type":"Feature","geometry":{"type":"Polygon","coordinates":[[[-83.769144,38.94894],[-83.769817,38.948812],[-83.769878,38.949012],[-83.769211,38.949143],[-83.769144,38.94894]]]},"properties":{"p":"16-035780.0000","o":"LACEY JOHNNY ETAL","a":"CUSTER","d":"EASTERN LSD (BROWN CO.)","t":4227.01,"l":"500: Res-Vacant Land","c":0}},{"type":"Feature","geometry":{"type":"Polygon","coordinates":[[[-83.76741,38.949371],[-83.766671,38.949512],[-83.766641,38.949288],[-83.767336,38.949147],[-83.76741,38.949371]]]},"properties":{"p":"16-035624.0000","o":"KUSHMAN LOUIS J & CLAIRE","a":"HATCHIE","d":"EASTERN LSD (BROWN CO.)","t":3541.1,"l":"500: Res-Vacant Land","c":0}},{"type":"Feature","geometry":{"type":"Polygon","coordinates":[[[-83.761016,38.951737],[-83.761088,38.951957],[-83.760494,38.952213],[-83.760273,38.952058],[-83.761016,38.951737]]]},"properties":{"p":"16-035288.0000","o":"MERRITT ERIC","a":"ITAWAMBA","d":"EASTERN LSD (BROWN CO.)","t":4254.68,"l":"500: Res-Vacant Land","c":0}},{"type":"Feature","geometry":{"type":"Polygon","coordinates":[[[-83.761224,38.948868],[-83.761271,38.949398],[-83.760999,38.94941],[-83.760965,38.948876],[-83.761224,38.948868]]]},"properties":{"p":"16-035208.0000","o":"HAYNES CHARLES & DOLLY","a":"CIMARRON","d":"EASTERN LSD (BROWN CO.)","t":4944.12,"l":"500: Res-Vacant Land","c":0}},{"type":"Feature","geometry":{"type":"Polygon","coordinates":[[[-83.761339,38.9487],[-83.761076,38.948708],[-83.761025,38.94811],[-83.761288,38.948099],[-83.761339,38.9487]]]},"properties":{"p":"16-035060.0000","o":"BALES GWENDOLYN","a":"CIMARRON","d":"EASTERN LSD (BROWN CO.)","t":3892.18,"l":"500: Res-Vacant Land","c":0}},{"type":"Feature","geometry":{"type":"Polygon","coordinates":[[[-83.758653,38.945686],[-83.758914,38.945821],[-83.758353,38.946278],[-83.75815,38.946096],[-83.758653,38.945686]]]},"properties":{"p":"16-034988.0000","o":"SHIPP CHARLES E","a":"WAYNOKA","d":"EASTERN LSD (BROWN CO.)","t":3965.15,"l":"500: Res-Vacant Land","c":0}},{"type":"Feature","geometry":{"type":"Polygon","coordinates":[[[-83.75417,38.9411],[-83.754096,38.941113],[-83.753861,38.941067],[-83.75365,38.940429],[-83.753958,38.94047],[-83.75417,38.9411]]]},"properties":{"p":"16-034692.0000","o":"STRICKLAND RAYMOND H","a":"BEARCAT","d":"EASTERN LSD (BROWN CO.)","t":3968.66,"l":"500: Res-Vacant Land","c":0}},{"type":"Feature","geometry":{"type":"Polygon","coordinates":[[[-83.77049,38.938262],[-83.770474,38.93863],[-83.770286,38.938639],[-83.770223,38.938622],[-83.770078,38.938522],[-83.769768,38.93824],[-83.77049,38.938262]]]},"properties":{"p":"16-034112.0000","o":"COMBS CATHERINE M","a":"CRAZY HORSE DR","d":"EASTERN LSD (BROWN CO.)","t":4869.62,"l":"500: Res-Vacant Land","c":0}},{"type":"Feature","geometry":{"type":"Polygon","coordinates":[[[-83.767753,38.932557],[-83.768104,38.932272],[-83.768272,38.932401],[-83.768534,38.932648],[-83.768556,38.932693],[-83.76855,38.932759],[-83.767845,38.932742],[-83.767753,38.932557]]]},"properties":{"p":"16-033896.0000","o":"LANG ANTHONY L & ROZANNE","a":"BUCK DR","d":"EASTERN LSD (BROWN CO.)","t":4222.32,"l":"500: Res-Vacant Land","c":0}},{"type":"Feature","geometry":{"type":"Polygon","coordinates":[[[-83.767558,38.934112],[-83.767448,38.933892],[-83.768226,38.933918],[-83.768331,38.93415],[-83.767558,38.934112]]]},"properties":{"p":"16-033860.0000","o":"WILLIAMS VEDA MAE","a":"HORSE SHOE","d":"EASTERN LSD (BROWN CO.)","t":3905.71,"l":"500: Res-Vacant Land","c":0}},{"type":"Feature","geometry":{"type":"Polygon","coordinates":[[[-83.766105,38.934356],[-83.766114,38.933889],[-83.766457,38.933893],[-83.76645,38.934274],[-83.766105,38.934356]]]},"properties":{"p":"16-033740.0000","o":"HAYES CARL R","a":"MOCCASIN DR","d":"EASTERN LSD (BROWN CO.)","t":3701.82,"l":"500: Res-Vacant Land","c":0}},{"type":"Feature","geometry":{"type":"Polygon","coordinates":[[[-83.758545,38.937715],[-83.758625,38.937952],[-83.758002,38.937929],[-83.757821,38.937685],[-83.758545,38.937715]]]},"properties":{"p":"16-033724.0000","o":"ROOSEVELT BERRY JR","a":"SITTING BULL","d":"EASTERN LSD (BROWN CO.)","t":3465.78,"l":"500: Res-Vacant Land","c":0}},{"type":"Feature","geometry":{"type":"Polygon","coordinates":[[[-83.76115,38.93542],[-83.761884,38.935449],[-83.76187,38.935666],[-83.761135,38.935643],[-83.76115,38.93542]]]},"properties":{"p":"16-033392.0000","o":"WHITEHEAD MARY A","a":"MONTANA","d":"EASTERN LSD (BROWN CO.)","t":3543.01,"l":"500: Res-Vacant Land","c":0}},{"type":"Feature","geometry":{"type":"Polygon","coordinates":[[[-83.762722,38.937803],[-83.762736,38.937599],[-83.763467,38.937633],[-83.763452,38.93783],[-83.762722,38.937803]]]},"properties":{"p":"16-033292.0000","o":"ALLEN GEORGE W & MARIAN","a":"TEXAS DR","d":"EASTERN LSD (BROWN CO.)","t":3546.81,"l":"500: Res-Vacant Land","c":0}},{"type":"Feature","geometry":{"type":"Polygon","coordinates":[[[-83.76659,38.939178],[-83.7663,38.939104],[-83.766327,38.938614],[-83.766636,38.938628],[-83.76659,38.939178]]]},"properties":{"p":"16-033036.0000","o":"SAULSBERRY DANIEL & JANICE","a":"QUARTER HORSE","d":"EASTERN LSD (BROWN CO.)","t":4472.93,"l":"500: Res-Vacant Land","c":0}},{"type":"Feature","geometry":{"type":"Polygon","coordinates":[[[-83.765956,38.93755],[-83.765969,38.937342],[-83.766679,38.937376],[-83.766669,38.937585],[-83.765956,38.93755]]]},"properties":{"p":"16-033012.0000","o":"SOUTH GLENN A & THELMA","a":"WHITE DOVE","d":"EASTERN LSD (BROWN CO.)","t":3529.89,"l":"500: Res-Vacant Land","c":0}},{"type":"Feature","geometry":{"type":"Polygon","coordinates":[[[-83.76851,38.938818],[-83.768536,38.938254],[-83.768792,38.938264],[-83.768714,38.938932],[-83.76868,38.93894],[-83.76851,38.938818]]]},"properties":{"p":"16-032892.0000","o":"RHODES JACK ETAL","a":"PALOMINO","d":"EASTERN LSD (BROWN CO.)","t":3528.17,"l":"500: Res-Vacant Land","c":0}},{"type":"Feature","geometry":{"type":"Polygon","coordinates":[[[-83.76167,38.93943],[-83.760937,38.939401],[-83.760941,38.939196],[-83.761684,38.939221],[-83.76167,38.93943]]]},"properties":{"p":"16-032384.0000","o":"JONES CARL D & RUBY TRUSTEES","a":"MONTANA","d":"EASTERN LSD (BROWN CO.)","t":4507.54,"l":"500: Res-Vacant Land","c":0}},{"type":"Feature","geometry":{"type":"Polygon","coordinates":[[[-83.760937,38.939401],[-83.76167,38.93943],[-83.761655,38.93964],[-83.760933,38.939604],[-83.760937,38.939401]]]},"properties":{"p":"16-032380.0000","o":"BIGLEY MICHAEL R","a":"MONTANA","d":"EASTERN LSD (BROWN CO.)","t":3982.77,"l":"500: Res-Vacant Land","c":0}},{"type":"Feature","geometry":{"type":"Polygon","coordinates":[[[-83.75776,38.934956],[-83.757033,38.934918],[-83.757047,38.934714],[-83.757782,38.934746],[-83.75776,38.934956]]]},"properties":{"p":"16-032040.0000","o":"SMITH CONNIE & ENOCH SHANNON","a":"SITTING BULL","d":"EASTERN LSD (BROWN CO.)","t":3701.82,"l":"500: Res-Vacant Land","c":0}},{"type":"Feature","geometry":{"type":"Polygon","coordinates":[[[-83.758377,38.933448],[-83.758418,38.932938],[-83.758689,38.932951],[-83.758636,38.933452],[-83.758377,38.933448]]]},"properties":{"p":"16-032012.0000","o":"TAYLOR SHEILA","a":"SITTING BULL","d":"EASTERN LSD (BROWN CO.)","t":3557.61,"l":"500: Res-Vacant Land","c":0}},{"type":"Feature","geometry":{"type":"Polygon","coordinates":[[[-83.769939,38.93049],[-83.770513,38.93055],[-83.770731,38.930611],[-83.770468,38.930792],[-83.770308,38.930966],[-83.769924,38.930809],[-83.769939,38.93049]]]},"properties":{"p":"16-031820.0000","o":"KUNZ KENNETH & KATHERINE","a":"WAYNOKA","d":"EASTERN LSD (BROWN CO.)","t":4028.78,"l":"500: Res-Vacant Land","c":0}},{"type":"Feature","geometry":{"type":"Polygon","coordinates":[[[-83.775756,38.936353],[-83.775755,38.936559],[-83.775052,38.936556],[-83.775053,38.936351],[-83.775756,38.936353]]]},"properties":{"p":"16-031616.0000","o":"MCMICKEN LUCILLE D","a":"SIOUX","d":"EASTERN LSD (BROWN CO.)","t":4978.73,"l":"500: Res-Vacant Land","c":0}},{"type":"Feature","geometry":{"type":"Polygon","coordinates":[[[-83.773489,38.936112],[-83.774133,38.935896],[-83.774191,38.936115],[-83.7736,38.936314],[-83.773489,38.936112]]]},"properties":{"p":"16-031504.0000","o":"DAVIS JAMES","a":"LONE STAR","d":"EASTERN LSD (BROWN CO.)","t":3990.84,"l":"500: Res-Vacant Land","c":0}},{"type":"Feature","geometry":{"type":"Polygon","coordinates":[[[-83.778002,38.927199],[-83.777867,38.927196],[-83.777851,38.926729],[-83.778126,38.926731],[-83.77811,38.927202],[-83.778002,38.927199]]]},"properties":{"p":"16-031172.0000","o":"SHELTON JOHN & CONNIE","a":"HORSE SHOE","d":"EASTERN LSD (BROWN CO.)","t":4595.57,"l":"500: Res-Vacant Land","c":0}},{"type":"Feature","geometry":{"type":"Polygon","coordinates":[[[-83.77477,38.931852],[-83.774691,38.93159],[-83.775298,38.931532],[-83.775358,38.93187],[-83.77477,38.931852]]]},"properties":{"p":"16-030968.0000","o":"MAYO JAMES W","a":"MUSTANG","d":"EASTERN LSD (BROWN CO.)","t":4781.55,"l":"500: Res-Vacant Land","c":0}},{"type":"Feature","geometry":{"type":"Polygon","coordinates":[[[-83.771933,38.930924],[-83.771754,38.930994],[-83.771426,38.930482],[-83.771662,38.93039],[-83.77199,38.930901],[-83.771933,38.930924]]]},"properties":{"p":"16-030856.0000","o":"FELDT HEATHER","a":"SPEARHEAD","d":"EASTERN LSD (BROWN CO.)","t":4956.89,"l":"500: Res-Vacant Land","c":0}},{"type":"Feature","geometry":{"type":"Polygon","coordinates":[[[-83.763222,38.940109],[-83.762523,38.940029],[-83.762557,38.939839],[-83.763247,38.939892],[-83.763222,38.940109]]]},"properties":{"p":"16-030468.0000","o":"DIERKS JERRY R & TAMELA J","a":"TEXAS","d":"EASTERN LSD (BROWN CO.)","t":3488.87,"l":"500: Res-Vacant Land","c":0}},{"type":"Feature","geometry":{"type":"Polygon","coordinates":[[[-83.774779,38.931881],[-83.774867,38.932175],[-83.77472,38.932384],[-83.774475,38.932264],[-83.77438,38.932189],[-83.774302,38.932103],[-83.774779,38.931881]]]},"properties":{"p":"16-030380.0000","o":"MULLIKIN CAROLINE","a":"WAYNOKA","d":"EASTERN LSD (BROWN CO.)","t":4428.63,"l":"500: Res-Vacant Land","c":0}},{"type":"Feature","geometry":{"type":"Polygon","coordinates":[[[-83.766913,38.93864],[-83.766872,38.939247],[-83.76659,38.939178],[-83.766636,38.938628],[-83.766913,38.93864]]]},"properties":{"p":"16-030324.0000","o":"E T C PROPERTIES INC","a":"QUARTER HORSE","d":"EASTERN LSD (BROWN CO.)","t":4359.66,"l":"500: Res-Vacant Land","c":0}},{"type":"Feature","geometry":{"type":"Polygon","coordinates":[[[-83.773429,38.936422],[-83.772663,38.93668],[-83.772373,38.936557],[-83.773327,38.936236],[-83.773429,38.936422]]]},"properties":{"p":"16-030272.0000","o":"STACY RAYMOND & KIM","a":"WAYNOKA","d":"EASTERN LSD (BROWN CO.)","t":4420.49,"l":"500: Res-Vacant Land","c":0}},{"type":"Feature","geometry":{"type":"Polygon","coordinates":[[[-83.77532,38.946379],[-83.775171,38.946426],[-83.774936,38.945681],[-83.775197,38.945637],[-83.775423,38.946347],[-83.77532,38.946379]]]},"properties":{"p":"16-028564.0000","o":"KING HUGH J & DELORES R","a":"WAYNOKA DR","d":"EASTERN LSD (BROWN CO.)","t":4207.96,"l":"500: Res-Vacant Land","c":0}},{"type":"Feature","geometry":{"type":"Polygon","coordinates":[[[-83.774261,38.948081],[-83.774354,38.948051],[-83.774614,38.948573],[-83.774366,38.948651],[-83.774106,38.94813],[-83.774261,38.948081]]]},"properties":{"p":"16-028352.0000","o":"PARIS JAMES O OR HELEN L","a":"SARSI DR","d":"EASTERN LSD (BROWN CO.)","t":3497.63,"l":"500: Res-Vacant Land","c":0}},{"type":"Feature","geometry":{"type":"Polygon","coordinates":[[[-83.77687,38.95136],[-83.776613,38.950849],[-83.776862,38.950771],[-83.777016,38.951082],[-83.776996,38.951321],[-83.77687,38.95136]]]},"properties":{"p":"16-027928.0000","o":"HOSKINS SHERRY L","a":"RIO BRAZOS","d":"EASTERN LSD (BROWN CO.)","t":4157.88,"l":"500: Res-Vacant Land","c":0}},{"type":"Feature","geometry":{"type":"Polygon","coordinates":[[[-83.775206,38.954633],[-83.774961,38.954709],[-83.774691,38.95417],[-83.77493,38.954095],[-83.775206,38.954633]]]},"properties":{"p":"16-027724.0000","o":"BLALOCK MILDRED","a":"TUCUMCARI DR","d":"EASTERN LSD (BROWN CO.)","t":3504.56,"l":"500: Res-Vacant Land","c":0}},{"type":"Feature","geometry":{"type":"Polygon","coordinates":[[[-83.7594,38.906861],[-83.759628,38.906655],[-83.759938,38.906929],[-83.759751,38.907097],[-83.7594,38.906861]]]},"properties":{"p":"16-027236.0000","o":"NEU BETTY A","a":"9946 US 62","d":"EASTERN LSD (BROWN CO.)","t":4658.98,"l":"560: Res-Mobile Home","c":0}},{"type":"Feature","geometry":{"type":"Polygon","coordinates":[[[-83.766344,38.659246],[-83.765785,38.658491],[-83.766335,38.658229],[-83.767133,38.659305],[-83.766908,38.659466],[-83.766645,38.659109],[-83.766344,38.659246]]]},"properties":{"p":"15-025988.0000","o":"NEFF LOUIS CHESTER ETAL","a":"1055 US 52","d":"RIPLEY-UNION-LEWIS LSD","t":4837.89,"l":"410: Com-Motel","c":0}},{"type":"Feature","geometry":{"type":"Polygon","coordinates":[[[-83.763823,38.66349],[-83.764083,38.663306],[-83.764298,38.663523],[-83.764038,38.663707],[-83.763823,38.66349]]]},"properties":{"p":"15-022016.2000","o":"DANBURY NICOLE LEE","a":"221 GLENDA","d":"RIPLEY-UNION-LEWIS LSD","t":3536.27,"l":"560: Res-Mobile Home","c":0}},{"type":"Feature","geometry":{"type":"Polygon","coordinates":[[[-83.761086,38.660829],[-83.761594,38.660722],[-83.761672,38.660982],[-83.761645,38.661068],[-83.761142,38.660971],[-83.761086,38.660829]]]},"properties":{"p":"12-022028.0000","o":"INSKEEP TRACIE","a":"1066 MARKET ST","d":"RIPLEY-UNION-LEWIS LSD","t":3429.36,"l":"510: Res-Single Family","c":0}},{"type":"Feature","geometry":{"type":"Polygon","coordinates":[[[-83.919361,39.028406],[-83.919334,39.028524],[-83.91905,39.028483],[-83.919108,39.028351],[-83.919361,39.028406]]]},"properties":{"p":"11-020428.0000","o":"BACH DONALD & MARIE","a":"118 HIGH","d":"WESTERN BROWN LSD","t":3630.71,"l":"500: Res-Vacant Land","c":0}},{"type":"Feature","geometry":{"type":"Polygon","coordinates":[[[-83.927526,39.071651],[-83.925272,39.071161],[-83.925358,39.070855],[-83.927976,39.071526],[-83.927526,39.071651]]]},"properties":{"p":"10-017944.0000","o":"WILSON JUSTIN & MELISSA","a":"15743 US 68","d":"WESTERN BROWN LSD","t":3537.68,"l":"510: Res-Single Family","c":0}},{"type":"Feature","geometry":{"type":"Polygon","coordinates":[[[-83.786311,38.928769],[-83.785956,38.928847],[-83.785976,38.928339],[-83.786327,38.928348],[-83.786311,38.928769]]]},"properties":{"p":"08-016456.0000","o":"GREEN LEONARD","a":"KIOWA","d":"EASTERN LSD (BROWN CO.)","t":4334.02,"l":"500: Res-Vacant Land","c":0}},{"type":"Feature","geometry":{"type":"Polygon","coordinates":[[[-83.783544,38.926578],[-83.783557,38.926783],[-83.782854,38.926812],[-83.782841,38.926606],[-83.783544,38.926578]]]},"properties":{"p":"08-016372.0000","o":"RICHTER MICHAEL & PATRICIA","a":"COMMANCHIE","d":"EASTERN LSD (BROWN CO.)","t":4696.32,"l":"500: Res-Vacant Land","c":0}},{"type":"Feature","geometry":{"type":"Polygon","coordinates":[[[-83.781657,38.924973],[-83.781394,38.924967],[-83.781417,38.924418],[-83.781681,38.924425],[-83.781657,38.924973]]]},"properties":{"p":"08-016328.0000","o":"BURNET RIVERS","a":"SEMINOLE","d":"EASTERN LSD (BROWN CO.)","t":4412.5,"l":"500: Res-Vacant Land","c":0}},{"type":"Feature","geometry":{"type":"Polygon","coordinates":[[[-83.781747,38.927009],[-83.781779,38.927213],[-83.780912,38.927296],[-83.780883,38.927091],[-83.781747,38.927009]]]},"properties":{"p":"08-016240.0000","o":"KUECHLER CHARLES J","a":"SEMINOLE","d":"EASTERN LSD (BROWN CO.)","t":5015.69,"l":"500: Res-Vacant Land","c":0}},{"type":"Feature","geometry":{"type":"Polygon","coordinates":[[[-83.783412,38.923725],[-83.782896,38.924343],[-83.782797,38.924305],[-83.78269,38.924287],[-83.782763,38.923708],[-83.783412,38.923725]]]},"properties":{"p":"08-016148.0000","o":"DUBOSE TIMOTHY","a":"SEMINOLE","d":"EASTERN LSD (BROWN CO.)","t":4295.96,"l":"500: Res-Vacant Land","c":0}},{"type":"Feature","geometry":{"type":"Polygon","coordinates":[[[-83.785223,38.925781],[-83.785487,38.925788],[-83.785463,38.926337],[-83.7852,38.92633],[-83.785223,38.925781]]]},"properties":{"p":"08-016008.0000","o":"DAVIS MIGNON-PREVAIL PROP INC","a":"SHAWNEE","d":"EASTERN LSD (BROWN CO.)","t":3872.57,"l":"500: Res-Vacant Land","c":0}},{"type":"Feature","geometry":{"type":"Polygon","coordinates":[[[-83.786052,38.927627],[-83.785789,38.927621],[-83.78581,38.927072],[-83.786073,38.927078],[-83.786052,38.927627]]]},"properties":{"p":"08-015924.0000","o":"LEACH CHARLES H ETAL","a":"NAVAJO","d":"EASTERN LSD (BROWN CO.)","t":4152.31,"l":"500: Res-Vacant Land","c":0}},{"type":"Feature","geometry":{"type":"Polygon","coordinates":[[[-83.79144,38.927538],[-83.791177,38.927525],[-83.791223,38.926977],[-83.791486,38.92699],[-83.79144,38.927538]]]},"properties":{"p":"08-015864.0000","o":"JEFFERIS LAURA E","a":"NAVAJO","d":"EASTERN LSD (BROWN CO.)","t":4759.14,"l":"500: Res-Vacant Land","c":0}},{"type":"Feature","geometry":{"type":"Polygon","coordinates":[[[-83.790032,38.924577],[-83.789864,38.924491],[-83.790146,38.9239],[-83.790673,38.923913],[-83.790799,38.924009],[-83.790032,38.924577]]]},"properties":{"p":"08-015828.0000","o":"JOHNSON JOE C & LESLIE","a":"CHEYENNE","d":"EASTERN LSD (BROWN CO.)","t":4929.15,"l":"500: Res-Vacant Land","c":0}},{"type":"Feature","geometry":{"type":"Polygon","coordinates":[[[-83.78675,38.943766],[-83.786537,38.943888],[-83.786055,38.94338],[-83.786267,38.943258],[-83.78675,38.943766]]]},"properties":{"p":"08-014620.0000","o":"SNYDER STEPHEN","a":"WAYNOKA","d":"EASTERN LSD (BROWN CO.)","t":3838.38,"l":"500: Res-Vacant Land","c":0}},{"type":"Feature","geometry":{"type":"Polygon","coordinates":[[[-83.785101,38.946381],[-83.784546,38.946583],[-83.784484,38.946588],[-83.784438,38.946572],[-83.784407,38.94654],[-83.784295,38.946252],[-83.784893,38.946033],[-83.785101,38.946381]]]},"properties":{"p":"08-014540.0000","o":"ALEXANDER WILLIAM J ETAL","a":"HAW","d":"EASTERN LSD (BROWN CO.)","t":3493.3,"l":"500: Res-Vacant Land","c":0}},{"type":"Feature","geometry":{"type":"Polygon","coordinates":[[[-83.788114,38.944676],[-83.788465,38.944548],[-83.78873,38.94484],[-83.788797,38.944958],[-83.788793,38.94501],[-83.788746,38.945051],[-83.788411,38.945174],[-83.788114,38.944676]]]},"properties":{"p":"08-014484.0000","o":"BEYER RANDALL G","a":"MULE","d":"EASTERN LSD (BROWN CO.)","t":3537.01,"l":"500: Res-Vacant Land","c":0}},{"type":"Feature","geometry":{"type":"Polygon","coordinates":[[[-83.788886,38.944721],[-83.788651,38.944467],[-83.788639,38.944407],[-83.788681,38.944358],[-83.789048,38.944181],[-83.789314,38.944511],[-83.788886,38.944721]]]},"properties":{"p":"08-014468.0000","o":"RUCKER JULIET LYNN","a":"YUMA","d":"EASTERN LSD (BROWN CO.)","t":3659.95,"l":"500: Res-Vacant Land","c":0}},{"type":"Feature","geometry":{"type":"Polygon","coordinates":[[[-83.79224,38.943921],[-83.792222,38.944451],[-83.79194,38.944457],[-83.791953,38.943917],[-83.79224,38.943921]]]},"properties":{"p":"08-014428.0000","o":"HAMILTON JOSEPH R","a":"CHOCTAW","d":"EASTERN LSD (BROWN CO.)","t":4786.98,"l":"500: Res-Vacant Land","c":0}},{"type":"Feature","geometry":{"type":"Polygon","coordinates":[[[-83.79301,38.944456],[-83.792741,38.944456],[-83.792749,38.943923],[-83.793013,38.943924],[-83.79301,38.944456]]]},"properties":{"p":"08-014416.0000","o":"CARTER HARVEY I & TRACEY L","a":"CHOCTAW","d":"EASTERN LSD (BROWN CO.)","t":4895.56,"l":"500: Res-Vacant Land","c":0}},{"type":"Feature","geometry":{"type":"Polygon","coordinates":[[[-83.791524,38.943175],[-83.791621,38.943177],[-83.791582,38.943744],[-83.791342,38.943705],[-83.791181,38.943657],[-83.791427,38.943174],[-83.791524,38.943175]]]},"properties":{"p":"08-014340.0000","o":"DAVIS MIGNON-PREVAIL PROP INC","a":"WAYNOKA DRIVE","d":"EASTERN LSD (BROWN CO.)","t":3872.57,"l":"500: Res-Vacant Land","c":0}},{"type":"Feature","geometry":{"type":"Polygon","coordinates":[[[-83.793481,38.943762],[-83.793238,38.943761],[-83.793241,38.943195],[-83.793486,38.943198],[-83.793481,38.943762]]]},"properties":{"p":"08-014312.0000","o":"RIGDON MICHAEL S & JULIE","a":"WAYNOKA","d":"EASTERN LSD (BROWN CO.)","t":4429.51,"l":"500: Res-Vacant Land","c":0}},{"type":"Feature","geometry":{"type":"Polygon","coordinates":[[[-83.796933,38.941887],[-83.796942,38.941681],[-83.797645,38.9417],[-83.797635,38.941906],[-83.796933,38.941887]]]},"properties":{"p":"08-013984.0000","o":"LITTLE CYNTHIA A ETAL","a":"CHOCTAW DRIVE","d":"EASTERN LSD (BROWN CO.)","t":4407.85,"l":"500: Res-Vacant Land","c":0}},{"type":"Feature","geometry":{"type":"Polygon","coordinates":[[[-83.795208,38.941007],[-83.796057,38.941031],[-83.796048,38.941237],[-83.795115,38.941211],[-83.795208,38.941007]]]},"properties":{"p":"08-013856.0000","o":"WEINBERG BARBARA E","a":"SEQUOIA DRIVE","d":"EASTERN LSD (BROWN CO.)","t":4643.85,"l":"500: Res-Vacant Land","c":0}},{"type":"Feature","geometry":{"type":"Polygon","coordinates":[[[-83.791831,38.941877],[-83.792095,38.941867],[-83.792085,38.942444],[-83.791821,38.942439],[-83.791831,38.941877]]]},"properties":{"p":"08-013776.0000","o":"HILL BETTY ANN & ETAL","a":"CREEK DRIVE","d":"EASTERN LSD (BROWN CO.)","t":4988.88,"l":"500: Res-Vacant Land","c":0}},{"type":"Feature","geometry":{"type":"Polygon","coordinates":[[[-83.796033,38.942964],[-83.795769,38.942959],[-83.795786,38.942383],[-83.796049,38.942388],[-83.796033,38.942964]]]},"properties":{"p":"08-013736.0000","o":"DAVIS MIGNON-PREVAIL PROPERTIES","a":"CHOCTAW","d":"EASTERN LSD (BROWN CO.)","t":3872.57,"l":"500: Res-Vacant Land","c":0}},{"type":"Feature","geometry":{"type":"Polygon","coordinates":[[[-83.777764,38.953843],[-83.778254,38.953692],[-83.778352,38.954133],[-83.778343,38.954178],[-83.778293,38.954218],[-83.777994,38.954313],[-83.777764,38.953843]]]},"properties":{"p":"08-013332.0000","o":"SCHRAM MARK S","a":"YUMA DR","d":"EASTERN LSD (BROWN CO.)","t":3471.07,"l":"500: Res-Vacant Land","c":0}},{"type":"Feature","geometry":{"type":"Polygon","coordinates":[[[-83.776779,38.954147],[-83.776787,38.954145],[-83.776786,38.95416],[-83.776779,38.954147]]]},"properties":{"p":"08-013316.0000","o":"CLARK ROBERT","a":"YUMA DR","d":"EASTERN LSD (BROWN CO.)","t":3618.28,"l":"500: Res-Vacant Land","c":0}},{"type":"Feature","geometry":{"type":"Polygon","coordinates":[[[-83.777018,38.954073],[-83.777261,38.954545],[-83.777023,38.954621],[-83.776786,38.95416],[-83.776787,38.954145],[-83.777018,38.954073]]]},"properties":{"p":"08-013316.0000","o":"CLARK ROBERT","a":"YUMA DR","d":"EASTERN LSD (BROWN CO.)","t":3618.28,"l":"500: Res-Vacant Land","c":0}},{"type":"Feature","geometry":{"type":"Polygon","coordinates":[[[-83.781313,38.95346],[-83.781606,38.953999],[-83.781382,38.95407],[-83.78109,38.953528],[-83.781313,38.95346]]]},"properties":{"p":"08-013236.0000","o":"MATTHEWS JESSE A & JULIE","a":"YUMA DR","d":"EASTERN LSD (BROWN CO.)","t":3558.88,"l":"500: Res-Vacant Land","c":0}},{"type":"Feature","geometry":{"type":"Polygon","coordinates":[[[-83.778765,38.953495],[-83.778987,38.953424],[-83.779256,38.953914],[-83.779027,38.953987],[-83.778765,38.953495]]]},"properties":{"p":"08-013192.0000","o":"CALDWELL LEONARD A & JUDY","a":"YUMA DR","d":"EASTERN LSD (BROWN CO.)","t":3458.37,"l":"500: Res-Vacant Land","c":0}},{"type":"Feature","geometry":{"type":"Polygon","coordinates":[[[-83.779672,38.950489],[-83.779935,38.950405],[-83.780201,38.950911],[-83.779937,38.950994],[-83.779672,38.950489]]]},"properties":{"p":"08-012900.0000","o":"TARBUTTON JEFFREY A & SANDRA","a":"TOTEM POLE DR","d":"EASTERN LSD (BROWN CO.)","t":3735.79,"l":"500: Res-Vacant Land","c":0}},{"type":"Feature","geometry":{"type":"Polygon","coordinates":[[[-83.782475,38.949594],[-83.782211,38.9491],[-83.78258,38.948985],[-83.782649,38.948987],[-83.782696,38.949014],[-83.782717,38.949056],[-83.782715,38.949518],[-83.782475,38.949594]]]},"properties":{"p":"08-012856.0000","o":"CARNEY RICHARD A","a":"RIO BRAZOS & GEE DR","d":"EASTERN LSD (BROWN CO.)","t":3567.61,"l":"500: Res-Vacant Land","c":0}},{"type":"Feature","geometry":{"type":"Polygon","coordinates":[[[-83.782475,38.949594],[-83.782257,38.949664],[-83.781986,38.949171],[-83.782211,38.9491],[-83.782475,38.949594]]]},"properties":{"p":"08-012852.0000","o":"TACKETT JEFFREY D ETAL","a":"RIO BRAZOS DR","d":"EASTERN LSD (BROWN CO.)","t":4112.64,"l":"500: Res-Vacant Land","c":0}},{"type":"Feature","geometry":{"type":"Polygon","coordinates":[[[-83.780421,38.948858],[-83.780272,38.948905],[-83.780005,38.948429],[-83.780271,38.948346],[-83.780513,38.948829],[-83.780421,38.948858]]]},"properties":{"p":"08-012668.0000","o":"PARKS KENNETH","a":"CUSTER DR","d":"EASTERN LSD (BROWN CO.)","t":3497.06,"l":"500: Res-Vacant Land","c":0}},{"type":"Feature","geometry":{"type":"Polygon","coordinates":[[[-83.77993,38.949014],[-83.779793,38.949057],[-83.779558,38.948569],[-83.779764,38.948505],[-83.780032,38.948981],[-83.77993,38.949014]]]},"properties":{"p":"08-012660.0000","o":"POTTS ANGELA","a":"CUSTER DR","d":"EASTERN LSD (BROWN CO.)","t":3605.85,"l":"500: Res-Vacant Land","c":0}},{"type":"Feature","geometry":{"type":"Polygon","coordinates":[[[-83.781803,38.945716],[-83.782347,38.945645],[-83.782453,38.945832],[-83.782577,38.945956],[-83.782583,38.946027],[-83.78252,38.946084],[-83.782064,38.946228],[-83.781803,38.945716]]]},"properties":{"p":"08-012384.0000","o":"DAVIS DARRYL","a":"GEE & SARSI CORNER","d":"EASTERN LSD (BROWN CO.)","t":4759.14,"l":"500: Res-Vacant Land","c":0}},{"type":"Feature","geometry":{"type":"Polygon","coordinates":[[[-83.78023,38.943513],[-83.780063,38.943673],[-83.779421,38.943263],[-83.779595,38.943108],[-83.78023,38.943513]]]},"properties":{"p":"08-012132.0000","o":"FOSTER JOHNNIE M","a":"TUPELO DRIVE","d":"EASTERN LSD (BROWN CO.)","t":4060.02,"l":"500: Res-Vacant Land","c":0}},{"type":"Feature","geometry":{"type":"Polygon","coordinates":[[[-83.779269,38.943399],[-83.778675,38.942992],[-83.778849,38.942838],[-83.779443,38.943244],[-83.779269,38.943399]]]},"properties":{"p":"08-012040.0000","o":"NELSEN JAMES D TRUSTEE","a":"SENATOBIA DR","d":"EASTERN LSD (BROWN CO.)","t":4937.2,"l":"500: Res-Vacant Land","c":0}},{"type":"Feature","geometry":{"type":"Polygon","coordinates":[[[-83.790388,38.927484],[-83.789946,38.927462],[-83.789983,38.926994],[-83.790018,38.92694],[-83.790087,38.926919],[-83.790434,38.926936],[-83.790388,38.927484]]]},"properties":{"p":"08-010920.0000","o":"BADER DEBORAH K","a":"NAVAJO","d":"EASTERN LSD (BROWN CO.)","t":4924.04,"l":"500: Res-Vacant Land","c":0}},{"type":"Feature","geometry":{"type":"Polygon","coordinates":[[[-83.788351,38.924433],[-83.788088,38.924427],[-83.788112,38.923847],[-83.788376,38.923854],[-83.788351,38.924433]]]},"properties":{"p":"08-010892.0000","o":"THACKER DONNIE G & TAMMY L","a":"CHEYENNE","d":"EASTERN LSD (BROWN CO.)","t":3891.23,"l":"500: Res-Vacant Land","c":0}},{"type":"Feature","geometry":{"type":"Polygon","coordinates":[[[-83.787311,38.925121],[-83.787048,38.925114],[-83.787071,38.924565],[-83.787334,38.924572],[-83.787311,38.925121]]]},"properties":{"p":"08-010332.0000","o":"KENDALL FRANK OWEN","a":"CHEYENNE","d":"EASTERN LSD (BROWN CO.)","t":4480.59,"l":"500: Res-Vacant Land","c":0}},{"type":"Feature","geometry":{"type":"Polygon","coordinates":[[[-83.780237,38.931133],[-83.780166,38.930935],[-83.781051,38.930741],[-83.781122,38.93094],[-83.780237,38.931133]]]},"properties":{"p":"08-010284.0000","o":"ADKINS HILTON L & ALICE","a":"SEMINOLE COVE","d":"EASTERN LSD (BROWN CO.)","t":4989.1,"l":"500: Res-Vacant Land","c":0}},{"type":"Feature","geometry":{"type":"Polygon","coordinates":[[[-83.778537,38.942024],[-83.778711,38.941869],[-83.779245,38.942235],[-83.779071,38.94239],[-83.778537,38.942024]]]},"properties":{"p":"08-010144.0000","o":"SHIELDS NATHANIEL","a":"SENATOBIA","d":"EASTERN LSD (BROWN CO.)","t":4669.45,"l":"500: Res-Vacant Land","c":0}},{"type":"Feature","geometry":{"type":"Polygon","coordinates":[[[-83.796933,38.941887],[-83.796917,38.942238],[-83.79631,38.942227],[-83.796257,38.94221],[-83.796222,38.94217],[-83.79623,38.941867],[-83.796933,38.941887]]]},"properties":{"p":"08-010088.0000","o":"HICKEY JAMES C","a":"CHOCTAN DRIVE","d":"EASTERN LSD (BROWN CO.)","t":4425.6,"l":"500: Res-Vacant Land","c":0}},{"type":"Feature","geometry":{"type":"Polygon","coordinates":[[[-83.787048,38.925114],[-83.787024,38.925663],[-83.786761,38.925656],[-83.786784,38.925107],[-83.787048,38.925114]]]},"properties":{"p":"08-009916.0000","o":"RANDOLPH JAMES","a":"SHAWNEE","d":"EASTERN LSD (BROWN CO.)","t":4654.29,"l":"500: Res-Vacant Land","c":0}},{"type":"Feature","geometry":{"type":"Polygon","coordinates":[[[-83.786046,38.931364],[-83.786288,38.931747],[-83.786011,38.931757],[-83.785641,38.931145],[-83.785848,38.931049],[-83.786046,38.931364]]]},"properties":{"p":"08-009904.0000","o":"RHIZOR IRWIN B ETAL","a":"IRIQUOIS","d":"EASTERN LSD (BROWN CO.)","t":4501.84,"l":"500: Res-Vacant Land","c":0}},{"type":"Feature","geometry":{"type":"Polygon","coordinates":[[[-83.787575,38.925128],[-83.787598,38.924579],[-83.787861,38.924586],[-83.787838,38.925134],[-83.787575,38.925128]]]},"properties":{"p":"08-009848.0000","o":"DRAKE ALBERT O & BESSIE","a":"CHEYENNE","d":"EASTERN LSD (BROWN CO.)","t":4516.14,"l":"500: Res-Vacant Land","c":0}},{"type":"Feature","geometry":{"type":"Polygon","coordinates":[[[-83.780485,38.928944],[-83.781156,38.928796],[-83.781302,38.929201],[-83.780622,38.929324],[-83.780485,38.928944]]]},"properties":{"p":"08-009652.0000","o":"HOBBS CLINT & BEVERLY","a":"WAYNOKA","d":"EASTERN LSD (BROWN CO.)","t":3482.07,"l":"500: Res-Vacant Land","c":0}},{"type":"Feature","geometry":{"type":"Polygon","coordinates":[[[-83.72883,38.962922],[-83.729275,38.963085],[-83.7292,38.96321],[-83.728755,38.963046],[-83.72883,38.962922]]]},"properties":{"p":"07-008164.0000","o":"FROST FOREST & ANITA","a":"11858 US 62","d":"EASTERN LSD (BROWN CO.)","t":4703.2,"l":"510: Res-Single Family","c":0}},{"type":"Feature","geometry":{"type":"Polygon","coordinates":[[[-83.722842,39.019767],[-83.723214,39.019876],[-83.722689,39.020848],[-83.719639,39.020904],[-83.720721,39.019113],[-83.722842,39.019767]]]},"properties":{"p":"07-007880.0002","o":"YARGER RUSTY K","a":"9547 STIVERS","d":"EASTERN LSD (BROWN CO.)","t":4504.49,"l":"111: Agr-CAUV-Cash-Grain Farm","c":0}},{"type":"Feature","geometry":{"type":"Polygon","coordinates":[[[-83.724951,39.020403],[-83.725269,39.020502],[-83.725089,39.020803],[-83.724735,39.02081],[-83.724951,39.020403]]]},"properties":{"p":"07-007880.0002","o":"YARGER RUSTY K","a":"9547 STIVERS","d":"EASTERN LSD (BROWN CO.)","t":4504.49,"l":"111: Agr-CAUV-Cash-Grain Farm","c":0}},{"type":"Feature","geometry":{"type":"Polygon","coordinates":[[[-83.723214,39.019876],[-83.724096,39.020138],[-83.723716,39.020829],[-83.722689,39.020848],[-83.723214,39.019876]]]},"properties":{"p":"07-007880.0002","o":"YARGER RUSTY K","a":"9547 STIVERS","d":"EASTERN LSD (BROWN CO.)","t":4504.49,"l":"111: Agr-CAUV-Cash-Grain Farm","c":0}},{"type":"Feature","geometry":{"type":"Polygon","coordinates":[[[-83.698402,38.985876],[-83.698275,38.985316],[-83.698165,38.985192],[-83.697375,38.98493],[-83.697084,38.985021],[-83.696845,38.984952],[-83.695998,38.985002],[-83.695325,38.984738],[-83.693541,38.984118],[-83.693697,38.983738],[-83.700369,38.985521],[-83.699974,38.986262],[-83.698402,38.985876]]]},"properties":{"p":"07-007628.0100","o":"DAULTON SHANNON","a":"12605 MOUND","d":"EASTERN LSD (BROWN CO.)","t":4278.73,"l":"510: Res-Single Family","c":0}},{"type":"Feature","geometry":{"type":"Polygon","coordinates":[[[-83.775428,38.968236],[-83.775394,38.968251],[-83.774635,38.968047],[-83.775167,38.967335],[-83.776406,38.966804],[-83.776403,38.966893],[-83.77543,38.967307],[-83.775428,38.968236]]]},"properties":{"p":"07-007460.0002","o":"ROY ERNEST III","a":"POOL KUNTZ","d":"EASTERN LSD (BROWN CO.)","t":3784.92,"l":"500: Res-Vacant Land","c":0}},{"type":"Feature","geometry":{"type":"Polygon","coordinates":[[[-83.98794,38.920289],[-83.987557,38.920052],[-83.98768,38.919925],[-83.987798,38.919941],[-83.988096,38.920127],[-83.98794,38.920289]]]},"properties":{"p":"06-005960.0000","o":"BARTLEY GEORGE E & BRENDA K","a":"118 ORCHARD","d":"WESTERN BROWN LSD","t":4406.17,"l":"510: Res-Single Family","c":0}},{"type":"Feature","geometry":{"type":"Polygon","coordinates":[[[-83.979673,38.91453],[-83.978947,38.915161],[-83.978776,38.915042],[-83.979479,38.914442],[-83.979673,38.91453]]]},"properties":{"p":"06-005200.0000","o":"SULLIVAN ROBERT KEVIN","a":"707 MAIN ST EAST","d":"WESTERN BROWN LSD","t":4190.49,"l":"510: Res-Single Family","c":0}},{"type":"Feature","geometry":{"type":"Polygon","coordinates":[[[-84.035446,38.90537],[-84.035522,38.905319],[-84.035436,38.906006],[-84.034128,38.906947],[-84.032527,38.905501],[-84.034278,38.904363],[-84.035402,38.905399],[-84.035446,38.90537]]]},"properties":{"p":"03-004908.0000","o":"BOWLING KENON R","a":"9695 ST RT 774","d":"WESTERN BROWN LSD","t":3496.76,"l":"510: Res-Single Family","c":0}},{"type":"Feature","geometry":{"type":"Polygon","coordinates":[[[-83.963505,38.911082],[-83.96439,38.91049],[-83.96524,38.91129],[-83.964331,38.911893],[-83.963488,38.911093],[-83.963505,38.911082]]]},"properties":{"p":"03-003788.0000","o":"RILEY DOUGLAS W-BANKS REBECCA L","a":"2719 NORTH FEESBURG","d":"WESTERN BROWN LSD","t":3965.69,"l":"510: Res-Single Family","c":0}},{"type":"Feature","geometry":{"type":"Polygon","coordinates":[[[-84.021557,38.910818],[-84.020786,38.911317],[-84.020318,38.910875],[-84.019616,38.909604],[-84.019862,38.909196],[-84.020372,38.90893],[-84.021284,38.909943],[-84.020959,38.910153],[-84.021557,38.910818]]]},"properties":{"p":"03-002164.0500","o":"BARGER HAROLD L","a":"ST RT 774","d":"WESTERN BROWN LSD","t":3928.61,"l":"500: Res-Vacant Land","c":0}},{"type":"Feature","geometry":{"type":"Polygon","coordinates":[[[-83.808902,38.998416],[-83.808702,38.998041],[-83.809396,38.997812],[-83.809171,38.998325],[-83.808902,38.998416]]]},"properties":{"p":"43-082192.0000","o":"ROCKEY TERRY J","a":"7138 BROWN","d":"EASTERN LSD (BROWN CO.)","t":3429.67,"l":"510: Res-Single Family","c":0}},{"type":"Feature","geometry":{"type":"Polygon","coordinates":[[[-83.837475,39.012147],[-83.836952,39.011962],[-83.836601,39.01187],[-83.83464,39.011467],[-83.835035,39.009978],[-83.836176,39.010118],[-83.836081,39.010698],[-83.83663,39.011096],[-83.837705,39.011235],[-83.837411,39.011639],[-83.837475,39.012147]]]},"properties":{"p":"42-082264.0000","o":"SHORT ROBT WM-JOHN E-COOK CHERY","a":"6336 TRI CO HWY","d":"EASTERN LSD (BROWN CO.)","t":3533.44,"l":"510: Res-Single Family","c":0}},{"type":"Feature","geometry":{"type":"Polygon","coordinates":[[[-83.811282,38.965219],[-83.811756,38.965279],[-83.810883,38.967743],[-83.810194,38.967497],[-83.811282,38.965219]]]},"properties":{"p":"42-081852.0000","o":"NAYLOR KATHERINE & STEPHEN M NEU","a":"7106 GEORGE FAUL","d":"EASTERN LSD (BROWN CO.)","t":4427.95,"l":"510: Res-Single Family","c":0}},{"type":"Feature","geometry":{"type":"Polygon","coordinates":[[[-83.785217,38.94852],[-83.785386,38.948458],[-83.785681,38.948967],[-83.785444,38.94905],[-83.785134,38.948551],[-83.785217,38.94852]]]},"properties":{"p":"08-011396.0000","o":"TOMLIN JACK L & DIANE S","a":"UTE DR","d":"EASTERN LSD (BROWN CO.)","t":3002.26,"l":"500: Res-Vacant Land","c":0}},{"type":"Feature","geometry":{"type":"Polygon","coordinates":[[[-83.778064,38.948234],[-83.778225,38.948183],[-83.778498,38.948707],[-83.778247,38.948786],[-83.777967,38.948265],[-83.778064,38.948234]]]},"properties":{"p":"08-012616.0000","o":"BLEVINS GEORGE R & BONNIE S","a":"CUSTER DR","d":"EASTERN LSD (BROWN CO.)","t":3127,"l":"500: Res-Vacant Land","c":0}},{"type":"Feature","geometry":{"type":"Polygon","coordinates":[[[-83.928259,39.071448],[-83.927635,39.072282],[-83.927495,39.072625],[-83.92588,39.073044],[-83.925585,39.072705],[-83.925478,39.072611],[-83.925304,39.072532],[-83.924951,39.072485],[-83.924968,39.072359],[-83.928259,39.071448]]]},"properties":{"p":"10-018620.0000","o":"TUCKER LEVANNA W","a":"15817 US 68","d":"WESTERN BROWN LSD","t":2995.06,"l":"510: Res-Single Family","c":0}},{"type":"Feature","geometry":{"type":"Polygon","coordinates":[[[-83.768629,38.948024],[-83.768701,38.94825],[-83.768042,38.948377],[-83.767964,38.948155],[-83.768629,38.948024]]]},"properties":{"p":"16-029024.0000","o":"WELLS BERNARD","a":"CUSTER","d":"EASTERN LSD (BROWN CO.)","t":3011.81,"l":"500: Res-Vacant Land","c":0}},{"type":"Feature","geometry":{"type":"Polygon","coordinates":[[[-83.759451,38.940313],[-83.759479,38.94009],[-83.760097,38.940111],[-83.760078,38.940391],[-83.759451,38.940313]]]},"properties":{"p":"16-032252.0000","o":"PHILLIPS RUTH & TIMOTHY","a":"OKLAHOMA","d":"EASTERN LSD (BROWN CO.)","t":3065.36,"l":"500: Res-Vacant Land","c":0}},{"type":"Feature","geometry":{"type":"Polygon","coordinates":[[[-83.760129,38.939642],[-83.75951,38.939617],[-83.759526,38.939377],[-83.760145,38.939405],[-83.760129,38.939642]]]},"properties":{"p":"16-032264.0000","o":"BARTOE MICHAEL M","a":"OKLAHOMA DR","d":"EASTERN LSD (BROWN CO.)","t":2861.22,"l":"500: Res-Vacant Land","c":0}},{"type":"Feature","geometry":{"type":"Polygon","coordinates":[[[-83.763002,38.941753],[-83.763899,38.941791],[-83.763951,38.941999],[-83.762973,38.941958],[-83.763002,38.941753]]]},"properties":{"p":"16-032568.0000","o":"MONROE ANGELA R & JUDY A","a":"BRAVE","d":"EASTERN LSD (BROWN CO.)","t":3036.29,"l":"500: Res-Vacant Land","c":0}},{"type":"Feature","geometry":{"type":"Polygon","coordinates":[[[-83.759279,38.936062],[-83.758578,38.936028],[-83.758595,38.935815],[-83.7593,38.93585],[-83.759279,38.936062]]]},"properties":{"p":"16-033612.0000","o":"MCAFEE ROBYN","a":"OKLAHOMA","d":"EASTERN LSD (BROWN CO.)","t":2891.49,"l":"500: Res-Vacant Land","c":0}},{"type":"Feature","geometry":{"type":"Polygon","coordinates":[[[-83.976835,38.870685],[-83.977525,38.870308],[-83.978746,38.871446],[-83.978065,38.87187],[-83.976835,38.870685]]]},"properties":{"p":"19-039476.0002","o":"JENNINGS TERRA LYN & CHAD ALLEN SISSEL","a":"2409 EDEN","d":"WESTERN BROWN LSD","t":3139.8,"l":"510: Res-Single Family","c":0}},{"type":"Feature","geometry":{"type":"Polygon","coordinates":[[[-83.978963,38.871648],[-83.980892,38.873447],[-83.979991,38.874032],[-83.976583,38.870789],[-83.976835,38.870685],[-83.978065,38.87187],[-83.978746,38.871446],[-83.978963,38.871648]]]},"properties":{"p":"19-039476.0006","o":"JENNINGS TERRA LYN & CHAD ALLEN SISSEL","a":"EDEN","d":"WESTERN BROWN LSD","t":3232.48,"l":"500: Res-Vacant Land","c":0}},{"type":"Feature","geometry":{"type":"Polygon","coordinates":[[[-83.974216,39.193274],[-83.974825,39.193324],[-83.9748,39.193531],[-83.974197,39.193481],[-83.974216,39.193274]]]},"properties":{"p":"23-048928.0000","o":"COLLINS TIMOTHY C","a":"656 ODENWALD","d":"FAYETTEVILLE-PERRY LSD","t":2965.57,"l":"510: Res-Single Family","c":0}},{"type":"Feature","geometry":{"type":"Polygon","coordinates":[[[-83.824289,38.722559],[-83.824164,38.72226],[-83.824354,38.722224],[-83.824102,38.72095],[-83.824287,38.720923],[-83.824603,38.722177],[-83.824866,38.722127],[-83.825029,38.722366],[-83.824577,38.722511],[-83.824289,38.722559]]]},"properties":{"p":"39-074796.0000","o":"MINZNER CAROL","a":"6664 SCOFFIELD","d":"RIPLEY-UNION-LEWIS LSD","t":2874.54,"l":"510: Res-Single Family","c":0}},{"type":"Feature","geometry":{"type":"Polygon","coordinates":[[[-83.991009,39.102209],[-83.991141,39.101852],[-83.991466,39.101731],[-83.992048,39.101853],[-83.99191,39.102415],[-83.991009,39.102209]]]},"properties":{"p":"37-071740.0000","o":"GATES KELLY","a":"1876 BLUE SKY PARK","d":"WESTERN BROWN LSD","t":3236.57,"l":"510: Res-Single Family","c":0}},{"type":"Feature","geometry":{"type":"Polygon","coordinates":[[[-83.916819,38.97503],[-83.91414,38.975662],[-83.913546,38.974057],[-83.916701,38.974267],[-83.916819,38.97503]]]},"properties":{"p":"34-069884.0000","o":"WELLS CHRISTOPHER & CHARLES WAITS","a":"12301 US 68","d":"WESTERN BROWN LSD","t":2906.55,"l":"510: Res-Single Family","c":0}},{"type":"Feature","geometry":{"type":"Polygon","coordinates":[[[-83.890927,38.862072],[-83.890933,38.861934],[-83.891533,38.862038],[-83.891528,38.862175],[-83.890927,38.862072]]]},"properties":{"p":"33-068404.0000","o":"REESES STARTER & ALTERNATOR REP","a":"25 RACE","d":"GEORGETOWN EVSD","t":3006.47,"l":"499: Com-Other","c":0}},{"type":"Feature","geometry":{"type":"Polygon","coordinates":[[[-83.899437,38.880592],[-83.898745,38.880501],[-83.89876,38.880433],[-83.899452,38.880525],[-83.899437,38.880592]]]},"properties":{"p":"33-063760.0000","o":"RALSTON MIKE","a":"69 WAHL RD","d":"GEORGETOWN EVSD","t":3134.78,"l":"510: Res-Single Family","c":0}},{"type":"Feature","geometry":{"type":"Polygon","coordinates":[[[-83.911351,38.864451],[-83.911499,38.864775],[-83.911331,38.864827],[-83.911182,38.864464],[-83.911351,38.864451]]]},"properties":{"p":"33-062512.0000","o":"REID CORA A","a":"441 STATE ST WEST","d":"GEORGETOWN EVSD","t":2983.23,"l":"500: Res-Vacant Land","c":0}},{"type":"Feature","geometry":{"type":"Polygon","coordinates":[[[-83.894702,38.844242],[-83.894028,38.844185],[-83.894007,38.843904],[-83.89468,38.843962],[-83.894702,38.844242]]]},"properties":{"p":"33-058684.0101","o":"CLIFTON ROBERT A & MILDRED E","a":"7480 UOLD US 68","d":"GEORGETOWN EVSD","t":2838.36,"l":"510: Res-Single Family","c":0}},{"type":"Feature","geometry":{"type":"Polygon","coordinates":[[[-83.956793,39.012594],[-83.95745,39.012388],[-83.957571,39.013236],[-83.959404,39.013052],[-83.959384,39.013103],[-83.956908,39.013357],[-83.956793,39.012594]]]},"properties":{"p":"29-057004.0006","o":"LANDERS ROBERT G","a":"13616 NEW HARMONY SHILOH","d":"WESTERN BROWN LSD","t":2970.5,"l":"560: Res-Mobile Home","c":0}},{"type":"Feature","geometry":{"type":"Polygon","coordinates":[[[-83.933938,39.025196],[-83.93136,39.024618],[-83.931946,39.02234],[-83.930875,39.022171],[-83.93094,39.02188],[-83.931026,39.021892],[-83.931455,39.020511],[-83.931907,39.02062],[-83.931728,39.0214],[-83.932147,39.021472],[-83.932434,39.021377],[-83.932767,39.021371],[-83.932537,39.022981],[-83.934562,39.0236],[-83.933938,39.025196]]]},"properties":{"p":"29-056576.0100","o":"HAYES CALVIN DWAYNE","a":"3633 CARPENTER","d":"WESTERN BROWN LSD","t":3085.83,"l":"560: Res-Mobile Home","c":0}},{"type":"Feature","geometry":{"type":"Polygon","coordinates":[[[-83.914092,39.214503],[-83.913368,39.214236],[-83.913423,39.213906],[-83.914537,39.213983],[-83.914092,39.214503]]]},"properties":{"p":"23-051648.0000","o":"ANTE JACK C","a":"20996 US 68","d":"FAYETTEVILLE-PERRY LSD","t":3331.26,"l":"580: Res-Custom Code","c":0}},{"type":"Feature","geometry":{"type":"Polygon","coordinates":[[[-83.981351,39.19032],[-83.98014,39.19025],[-83.980424,39.188581],[-83.98503,39.188876],[-83.985026,39.188904],[-83.981602,39.188685],[-83.981351,39.19032]]]},"properties":{"p":"23-050564.0007","o":"KELLER MICHAEL B & MONICA S HARMAN","a":"20000 BLACK OAK","d":"FAYETTEVILLE-PERRY LSD","t":3193.72,"l":"560: Res-Mobile Home","c":0}},{"type":"Feature","geometry":{"type":"Polygon","coordinates":[[[-83.974873,39.185293],[-83.974861,39.185334],[-83.974188,39.185236],[-83.974255,39.184982],[-83.974846,39.185073],[-83.974873,39.185293]]]},"properties":{"p":"23-048636.0000","o":"WINDER ELDON & DOROTHY","a":"426 SCHILLER","d":"FAYETTEVILLE-PERRY LSD","t":3088.37,"l":"500: Res-Vacant Land","c":0}},{"type":"Feature","geometry":{"type":"Polygon","coordinates":[[[-83.962931,39.184678],[-83.96292,39.184795],[-83.962217,39.184748],[-83.962236,39.184538],[-83.962939,39.184597],[-83.962931,39.184678]]]},"properties":{"p":"23-047992.0000","o":"ADAMS JEFFERSON D V","a":"ODER","d":"FAYETTEVILLE-PERRY LSD","t":3297.94,"l":"500: Res-Vacant Land","c":0}},{"type":"Feature","geometry":{"type":"Polygon","coordinates":[[[-83.97264,39.181334],[-83.972635,39.181472],[-83.971965,39.181439],[-83.971967,39.181231],[-83.972642,39.181264],[-83.97264,39.181334]]]},"properties":{"p":"23-045816.0000","o":"BAKER ROBERT JOHN & ALLISON","a":"141 MUNSTER","d":"FAYETTEVILLE-PERRY LSD","t":2973.34,"l":"510: Res-Single Family","c":0}},{"type":"Feature","geometry":{"type":"Polygon","coordinates":[[[-83.962995,39.188845],[-83.962198,39.189327],[-83.962032,39.189176],[-83.962712,39.188759],[-83.962995,39.188845]]]},"properties":{"p":"23-045208.0000","o":"VLAHOS DELORES","a":"KOCH DR","d":"FAYETTEVILLE-PERRY LSD","t":3364.86,"l":"500: Res-Vacant Land","c":0}},{"type":"Feature","geometry":{"type":"Polygon","coordinates":[[[-83.969959,39.203857],[-83.970716,39.203894],[-83.970696,39.204091],[-83.969928,39.20405],[-83.969959,39.203857]]]},"properties":{"p":"23-043016.0000","o":"LEONARD DONALD","a":"LORELEI WEST","d":"FAYETTEVILLE-PERRY LSD","t":3338.08,"l":"500: Res-Vacant Land","c":0}},{"type":"Feature","geometry":{"type":"Polygon","coordinates":[[[-83.970513,38.790862],[-83.970518,38.790727],[-83.970807,38.790733],[-83.970806,38.790778],[-83.970513,38.790862]]]},"properties":{"p":"22-042508.0000","o":"REED MINNIE & EMMA SELLARS & CHARLES SPIRES ETAL","a":"310 OLIVE","d":"RIPLEY-UNION-LEWIS LSD","t":3122.57,"l":"599: Res-Other","c":0}},{"type":"Feature","geometry":{"type":"Polygon","coordinates":[[[-83.970825,38.790235],[-83.971115,38.790241],[-83.971098,38.790694],[-83.970809,38.790688],[-83.970825,38.790235]]]},"properties":{"p":"22-042416.0000","o":"BRITT MARTHA ESKEW","a":"110 COLUMBIA","d":"RIPLEY-UNION-LEWIS LSD","t":2961.81,"l":"510: Res-Single Family","c":0}},{"type":"Feature","geometry":{"type":"Polygon","coordinates":[[[-83.974192,38.789883],[-83.973853,38.789947],[-83.973658,38.789202],[-83.974001,38.789153],[-83.974192,38.789883]]]},"properties":{"p":"22-041928.0000","o":"RICE CHAS D","a":"7 COLUMBIA ST","d":"RIPLEY-UNION-LEWIS LSD","t":3029.3,"l":"580: Res-Custom Code","c":0}},{"type":"Feature","geometry":{"type":"Polygon","coordinates":[[[-83.785899,38.867232],[-83.785916,38.867052],[-83.786147,38.867065],[-83.786131,38.867245],[-83.785899,38.867232]]]},"properties":{"p":"18-038492.0000","o":"COOPER MELISSA","a":"107 MAIN","d":"EASTERN LSD (BROWN CO.)","t":3276.12,"l":"510: Res-Single Family","c":0}},{"type":"Feature","geometry":{"type":"Polygon","coordinates":[[[-83.785916,38.867052],[-83.785933,38.866871],[-83.786164,38.866884],[-83.786147,38.867065],[-83.785916,38.867052]]]},"properties":{"p":"18-038492.0000","o":"COOPER MELISSA","a":"107 MAIN","d":"EASTERN LSD (BROWN CO.)","t":3276.12,"l":"510: Res-Single Family","c":0}},{"type":"Feature","geometry":{"type":"Polygon","coordinates":[[[-83.785899,38.867232],[-83.786131,38.867245],[-83.786115,38.867411],[-83.785884,38.867398],[-83.785899,38.867232]]]},"properties":{"p":"18-038492.0000","o":"COOPER MELISSA","a":"107 MAIN","d":"EASTERN LSD (BROWN CO.)","t":3276.12,"l":"510: Res-Single Family","c":0}},{"type":"Feature","geometry":{"type":"Polygon","coordinates":[[[-83.786114,38.867426],[-83.785883,38.867413],[-83.785884,38.867398],[-83.786115,38.867411],[-83.786114,38.867426]]]},"properties":{"p":"18-038492.0000","o":"COOPER MELISSA","a":"107 MAIN","d":"EASTERN LSD (BROWN CO.)","t":3276.12,"l":"510: Res-Single Family","c":0}},{"type":"Feature","geometry":{"type":"Polygon","coordinates":[[[-83.768844,38.948671],[-83.768186,38.9488],[-83.768117,38.948588],[-83.768778,38.94846],[-83.768844,38.948671]]]},"properties":{"p":"16-035680.0000","o":"GILPIN THOMAS & JAMES L","a":"CUSTER","d":"EASTERN LSD (BROWN CO.)","t":2925.41,"l":"500: Res-Vacant Land","c":0}},{"type":"Feature","geometry":{"type":"Polygon","coordinates":[[[-83.766698,38.94971],[-83.766671,38.949512],[-83.76741,38.949371],[-83.767474,38.94956],[-83.766698,38.94971]]]},"properties":{"p":"16-035628.0000","o":"SPADAFORA BETTY","a":"HATCHIE","d":"EASTERN LSD (BROWN CO.)","t":3157.04,"l":"500: Res-Vacant Land","c":0}},{"type":"Feature","geometry":{"type":"Polygon","coordinates":[[[-83.763572,38.951713],[-83.7639,38.952255],[-83.763636,38.952356],[-83.76334,38.951805],[-83.763572,38.951713]]]},"properties":{"p":"16-035516.0000","o":"LAHLEY GREGORY C & SANDRA S","a":"ITAWAMBA","d":"EASTERN LSD (BROWN CO.)","t":3138.36,"l":"500: Res-Vacant Land","c":0}},{"type":"Feature","geometry":{"type":"Polygon","coordinates":[[[-83.765688,38.950333],[-83.765692,38.950545],[-83.764999,38.950508],[-83.765027,38.9503],[-83.765688,38.950333]]]},"properties":{"p":"16-035396.0000","o":"GRAY KENT","a":"TALLAHATCHIE","d":"EASTERN LSD (BROWN CO.)","t":2841.21,"l":"500: Res-Vacant Land","c":0}},{"type":"Feature","geometry":{"type":"Polygon","coordinates":[[[-83.762147,38.946743],[-83.762184,38.947291],[-83.76192,38.947302],[-83.761883,38.946754],[-83.762147,38.946743]]]},"properties":{"p":"16-035024.0000","o":"PROFITT GEORGIA","a":"LIGHTFOOT","d":"EASTERN LSD (BROWN CO.)","t":2937.02,"l":"500: Res-Vacant Land","c":0}},{"type":"Feature","geometry":{"type":"Polygon","coordinates":[[[-83.758462,38.947686],[-83.758199,38.947673],[-83.758244,38.947098],[-83.758507,38.94711],[-83.758462,38.947686]]]},"properties":{"p":"16-034916.0000","o":"CHILTON RICHARD L & DORIS","a":"BONANZA","d":"EASTERN LSD (BROWN CO.)","t":2925.41,"l":"500: Res-Vacant Land","c":0}},{"type":"Feature","geometry":{"type":"Polygon","coordinates":[[[-83.752967,38.941972],[-83.752152,38.941854],[-83.752202,38.941642],[-83.753018,38.94176],[-83.752967,38.941972]]]},"properties":{"p":"16-034720.0000","o":"MCDONALD BARBARA","a":"BEARCAT DR","d":"EASTERN LSD (BROWN CO.)","t":2889.94,"l":"500: Res-Vacant Land","c":0}},{"type":"Feature","geometry":{"type":"Polygon","coordinates":[[[-83.768356,38.934794],[-83.768354,38.934745],[-83.769078,38.934689],[-83.769083,38.934904],[-83.768363,38.93497],[-83.768356,38.934794]]]},"properties":{"p":"16-033924.0000","o":"MORGAN CHERYL A & DEMARCO PAUL","a":"CRAZY HORSE","d":"EASTERN LSD (BROWN CO.)","t":2847.69,"l":"500: Res-Vacant Land","c":0}},{"type":"Feature","geometry":{"type":"Polygon","coordinates":[[[-83.767657,38.934551],[-83.768348,38.934577],[-83.768356,38.934794],[-83.767657,38.934785],[-83.767657,38.934551]]]},"properties":{"p":"16-033856.0000","o":"JOHNSTON GEORGE B & PHYLISS","a":"HORSE SHOE","d":"EASTERN LSD (BROWN CO.)","t":3268.22,"l":"500: Res-Vacant Land","c":0}},{"type":"Feature","geometry":{"type":"Polygon","coordinates":[[[-83.765774,38.933336],[-83.76576,38.933885],[-83.765509,38.933882],[-83.765518,38.933333],[-83.765774,38.933336]]]},"properties":{"p":"16-033784.0000","o":"TROTTER NEIL K & DORENE L","a":"SITTING BULL","d":"EASTERN LSD (BROWN CO.)","t":3245.77,"l":"500: Res-Vacant Land","c":0}},{"type":"Feature","geometry":{"type":"Polygon","coordinates":[[[-83.759361,38.935223],[-83.758647,38.935189],[-83.758663,38.934991],[-83.759373,38.935025],[-83.759361,38.935223]]]},"properties":{"p":"16-033628.0000","o":"JOHNSON BOOTS","a":"OKLAHOMA","d":"EASTERN LSD (BROWN CO.)","t":2925.41,"l":"500: Res-Vacant Land","c":0}},{"type":"Feature","geometry":{"type":"Polygon","coordinates":[[[-83.758493,38.93706],[-83.75851,38.936852],[-83.7592,38.936884],[-83.759184,38.937094],[-83.758493,38.93706]]]},"properties":{"p":"16-033592.0000","o":"FERRYMAN RUSSELL B","a":"OKLAHOMA","d":"EASTERN LSD (BROWN CO.)","t":2925.41,"l":"500: Res-Vacant Land","c":0}},{"type":"Feature","geometry":{"type":"Polygon","coordinates":[[[-83.760153,38.937163],[-83.760858,38.9372],[-83.760857,38.937401],[-83.760138,38.937364],[-83.760153,38.937163]]]},"properties":{"p":"16-033456.0000","o":"DEDE DAVID K","a":"MONTANA","d":"EASTERN LSD (BROWN CO.)","t":2835.95,"l":"500: Res-Vacant Land","c":0}},{"type":"Feature","geometry":{"type":"Polygon","coordinates":[[[-83.761122,38.935835],[-83.761135,38.935643],[-83.76187,38.935666],[-83.761857,38.935871],[-83.761122,38.935835]]]},"properties":{"p":"16-033396.0000","o":"JOHNSON EDNA C","a":"MONTANA DR","d":"EASTERN LSD (BROWN CO.)","t":3289.3,"l":"500: Res-Vacant Land","c":0}},{"type":"Feature","geometry":{"type":"Polygon","coordinates":[[[-83.762558,38.935276],[-83.762547,38.935475],[-83.761884,38.935449],[-83.761897,38.935255],[-83.762558,38.935276]]]},"properties":{"p":"16-033348.0000","o":"YOUNG TAMMY","a":"TEXAS","d":"EASTERN LSD (BROWN CO.)","t":3256,"l":"500: Res-Vacant Land","c":0}},{"type":"Feature","geometry":{"type":"Polygon","coordinates":[[[-83.76254,38.937372],[-83.762527,38.937567],[-83.76175,38.937529],[-83.761762,38.937339],[-83.76254,38.937372]]]},"properties":{"p":"16-033324.0000","o":"HAMILTON LARRY & KAREN","a":"TEXAS","d":"EASTERN LSD (BROWN CO.)","t":3363,"l":"500: Res-Vacant Land","c":0}},{"type":"Feature","geometry":{"type":"Polygon","coordinates":[[[-83.762771,38.935256],[-83.763503,38.935283],[-83.763491,38.935495],[-83.762759,38.935463],[-83.762771,38.935256]]]},"properties":{"p":"16-033252.0000","o":"BARROW DORTHULIA","a":"TEXAS","d":"EASTERN LSD (BROWN CO.)","t":3036.29,"l":"500: Res-Vacant Land","c":0}},{"type":"Feature","geometry":{"type":"Polygon","coordinates":[[[-83.764211,38.935108],[-83.7642,38.935309],[-83.763503,38.935283],[-83.763514,38.93508],[-83.764211,38.935108]]]},"properties":{"p":"16-033220.0000","o":"CANTRELL ELMER","a":"BRAVE","d":"EASTERN LSD (BROWN CO.)","t":3247.85,"l":"500: Res-Vacant Land","c":0}},{"type":"Feature","geometry":{"type":"Polygon","coordinates":[[[-83.765027,38.938233],[-83.764314,38.938208],[-83.764323,38.937984],[-83.765043,38.938019],[-83.765027,38.938233]]]},"properties":{"p":"16-033160.0000","o":"SHAW MATTHEW","a":"BRAVE","d":"EASTERN LSD (BROWN CO.)","t":3289.3,"l":"500: Res-Vacant Land","c":0}},{"type":"Feature","geometry":{"type":"Polygon","coordinates":[[[-83.765816,38.935097],[-83.765801,38.935311],[-83.765108,38.935281],[-83.76512,38.935075],[-83.765816,38.935097]]]},"properties":{"p":"16-033092.0000","o":"PAELTZ PHILLIP","a":"WHITE DOVE","d":"EASTERN LSD (BROWN CO.)","t":3124.14,"l":"500: Res-Vacant Land","c":0}},{"type":"Feature","geometry":{"type":"Polygon","coordinates":[[[-83.7663,38.939104],[-83.765945,38.939004],[-83.765891,38.938967],[-83.765872,38.938914],[-83.765892,38.938595],[-83.766327,38.938614],[-83.7663,38.939104]]]},"properties":{"p":"16-033032.0000","o":"ELFERS DONNA","a":"QUARTER HORSE","d":"EASTERN LSD (BROWN CO.)","t":3252.54,"l":"500: Res-Vacant Land","c":0}},{"type":"Feature","geometry":{"type":"Polygon","coordinates":[[[-83.766629,38.938403],[-83.765906,38.938377],[-83.765919,38.93817],[-83.766639,38.938202],[-83.766629,38.938403]]]},"properties":{"p":"16-033028.0000","o":"NORMENT JOHN","a":"WHITE DOVE","d":"EASTERN LSD (BROWN CO.)","t":3289.3,"l":"500: Res-Vacant Land","c":0}},{"type":"Feature","geometry":{"type":"Polygon","coordinates":[[[-83.766001,38.936727],[-83.766709,38.936756],[-83.766699,38.936954],[-83.765994,38.936922],[-83.766001,38.936727]]]},"properties":{"p":"16-033000.0000","o":"TIMBERLAKE ANTHONY & JACQENNE","a":"WHITE DOVE","d":"EASTERN LSD (BROWN CO.)","t":3316.34,"l":"500: Res-Vacant Land","c":0}},{"type":"Feature","geometry":{"type":"Polygon","coordinates":[[[-83.766597,38.939972],[-83.766808,38.939404],[-83.767067,38.939468],[-83.766859,38.940007],[-83.766597,38.939972]]]},"properties":{"p":"16-032864.0000","o":"MAGOWAN JESSE W","a":"QUARTER HORSE","d":"EASTERN LSD (BROWN CO.)","t":3157.04,"l":"500: Res-Vacant Land","c":0}},{"type":"Feature","geometry":{"type":"Polygon","coordinates":[[[-83.766561,38.940601],[-83.766246,38.940593],[-83.766277,38.94016],[-83.766597,38.939972],[-83.766561,38.940601]]]},"properties":{"p":"16-032844.0000","o":"WILLCOX BURTON L","a":"DOE","d":"EASTERN LSD (BROWN CO.)","t":3423.36,"l":"500: Res-Vacant Land","c":0}},{"type":"Feature","geometry":{"type":"Polygon","coordinates":[[[-83.764802,38.940844],[-83.764788,38.941049],[-83.764085,38.941019],[-83.7641,38.940814],[-83.764802,38.940844]]]},"properties":{"p":"16-032644.0000","o":"ROWLETT STEVEN G","a":"BRAVE","d":"EASTERN LSD (BROWN CO.)","t":3042.05,"l":"500: Res-Vacant Land","c":0}},{"type":"Feature","geometry":{"type":"Polygon","coordinates":[[[-83.761669,38.942764],[-83.760972,38.942666],[-83.761072,38.942457],[-83.761719,38.942547],[-83.761669,38.942764]]]},"properties":{"p":"16-032440.0000","o":"PEARSON DEBORAH S","a":"TEXAS","d":"EASTERN LSD (BROWN CO.)","t":2933.06,"l":"500: Res-Vacant Land","c":0}},{"type":"Feature","geometry":{"type":"Polygon","coordinates":[[[-83.756804,38.938277],[-83.756818,38.938072],[-83.757856,38.938112],[-83.757926,38.93832],[-83.756804,38.938277]]]},"properties":{"p":"16-032100.0000","o":"BROWN MARGIE L","a":"SITTING BULL","d":"EASTERN LSD (BROWN CO.)","t":3157.04,"l":"500: Res-Vacant Land","c":0}},{"type":"Feature","geometry":{"type":"Polygon","coordinates":[[[-83.757672,38.9358],[-83.756975,38.93577],[-83.756989,38.935562],[-83.757694,38.935591],[-83.757672,38.9358]]]},"properties":{"p":"16-032052.0000","o":"KENNEDY EDWARD & JESSE","a":"SITTING BULL","d":"EASTERN LSD (BROWN CO.)","t":3190.81,"l":"500: Res-Vacant Land","c":0}},{"type":"Feature","geometry":{"type":"Polygon","coordinates":[[[-83.757803,38.934542],[-83.75706,38.934513],[-83.757074,38.934314],[-83.757824,38.934342],[-83.757803,38.934542]]]},"properties":{"p":"16-032032.0000","o":"WHITTERSON MALCOLM & FLORIDA L","a":"SITTING BULL","d":"EASTERN LSD (BROWN CO.)","t":3041.56,"l":"500: Res-Vacant Land","c":0}},{"type":"Feature","geometry":{"type":"Polygon","coordinates":[[[-83.758221,38.93345],[-83.757978,38.932918],[-83.758418,38.932938],[-83.758377,38.933448],[-83.758221,38.93345]]]},"properties":{"p":"16-032016.0000","o":"WESSON TYREE & RUBY","a":"SITTING BULL","d":"EASTERN LSD (BROWN CO.)","t":3036.29,"l":"500: Res-Vacant Land","c":0}},{"type":"Feature","geometry":{"type":"Polygon","coordinates":[[[-83.769476,38.931468],[-83.769478,38.93135],[-83.77018,38.931397],[-83.770156,38.931605],[-83.769476,38.931562],[-83.769476,38.931468]]]},"properties":{"p":"16-031904.0000","o":"JORDAN VONDY C","a":"SPEARHEAD","d":"EASTERN LSD (BROWN CO.)","t":2925.41,"l":"500: Res-Vacant Land","c":0}},{"type":"Feature","geometry":{"type":"Polygon","coordinates":[[[-83.769471,38.932026],[-83.769473,38.931785],[-83.770131,38.931828],[-83.770112,38.932017],[-83.769471,38.932026]]]},"properties":{"p":"16-031896.0000","o":"WELTZER RICHARD & JUNETTA","a":"SPEARHEAD","d":"EASTERN LSD (BROWN CO.)","t":2978.18,"l":"500: Res-Vacant Land","c":0}},{"type":"Feature","geometry":{"type":"Polygon","coordinates":[[[-83.773649,38.936821],[-83.773764,38.93703],[-83.773171,38.937229],[-83.773058,38.937019],[-83.773649,38.936821]]]},"properties":{"p":"16-031488.0000","o":"BLEVINS FAYE","a":"LONESTAR DR","d":"EASTERN LSD (BROWN CO.)","t":2892.37,"l":"500: Res-Vacant Land","c":0}},{"type":"Feature","geometry":{"type":"Polygon","coordinates":[[[-83.771249,38.936274],[-83.771156,38.936185],[-83.771097,38.936095],[-83.771076,38.936026],[-83.771108,38.935973],[-83.771177,38.93595],[-83.771681,38.93595],[-83.771681,38.936262],[-83.77143,38.936434],[-83.771249,38.936274]]]},"properties":{"p":"16-031468.0000","o":"BANKS DONALD & COTTONGIM JILL L","a":"WAYNOKA","d":"EASTERN LSD (BROWN CO.)","t":3377.01,"l":"500: Res-Vacant Land","c":0}},{"type":"Feature","geometry":{"type":"Polygon","coordinates":[[[-83.773196,38.928516],[-83.773235,38.929064],[-83.772954,38.929074],[-83.772916,38.928527],[-83.773196,38.928516]]]},"properties":{"p":"16-031252.0000","o":"BUCHANAN LORETTA V","a":"HORSE SHOE","d":"EASTERN LSD (BROWN CO.)","t":3209.21,"l":"500: Res-Vacant Land","c":0}},{"type":"Feature","geometry":{"type":"Polygon","coordinates":[[[-83.775736,38.927706],[-83.775748,38.927473],[-83.776484,38.927499],[-83.776524,38.927702],[-83.77652,38.927723],[-83.775736,38.927706]]]},"properties":{"p":"16-031204.0000","o":"BURTON VIOLET","a":"HORSE SHOE","d":"EASTERN LSD (BROWN CO.)","t":3056.19,"l":"500: Res-Vacant Land","c":0}},{"type":"Feature","geometry":{"type":"Polygon","coordinates":[[[-83.77792,38.928455],[-83.777917,38.92894],[-83.777619,38.928938],[-83.777617,38.928451],[-83.77792,38.928455]]]},"properties":{"p":"16-031128.0000","o":"RAINEY RAYMOND & IRENE","a":"PINTO","d":"EASTERN LSD (BROWN CO.)","t":3007.01,"l":"500: Res-Vacant Land","c":0}},{"type":"Feature","geometry":{"type":"Polygon","coordinates":[[[-83.771662,38.93039],[-83.771975,38.930267],[-83.77206,38.930271],[-83.77236,38.930529],[-83.772489,38.930706],[-83.77199,38.930901],[-83.771662,38.93039]]]},"properties":{"p":"16-030860.0000","o":"VARBLE ROXANNE D","a":"PONY EXPRESS","d":"EASTERN LSD (BROWN CO.)","t":2845.41,"l":"500: Res-Vacant Land","c":0}},{"type":"Feature","geometry":{"type":"Polygon","coordinates":[[[-83.773206,38.93244],[-83.773263,38.932145],[-83.773997,38.93195],[-83.774078,38.932122],[-83.773206,38.93244]]]},"properties":{"p":"16-030780.0000","o":"COOPER EMMETT G & MINETTE J","a":"WAYNOKA","d":"EASTERN LSD (BROWN CO.)","t":2892.55,"l":"500: Res-Vacant Land","c":0}},{"type":"Feature","geometry":{"type":"Polygon","coordinates":[[[-83.757852,38.936195],[-83.757864,38.935994],[-83.758578,38.936028],[-83.758561,38.936232],[-83.757852,38.936195]]]},"properties":{"p":"16-030596.0000","o":"MILLER ROY","a":"SITTING BULL","d":"EASTERN LSD (BROWN CO.)","t":3350.35,"l":"500: Res-Vacant Land","c":0}},{"type":"Feature","geometry":{"type":"Polygon","coordinates":[[[-83.764149,38.937456],[-83.763483,38.93742],[-83.763499,38.937215],[-83.764164,38.937245],[-83.764149,38.937456]]]},"properties":{"p":"16-030592.0000","o":"MAPP JO ANN","a":"BRAVE","d":"EASTERN LSD (BROWN CO.)","t":3047.22,"l":"500: Res-Vacant Land","c":0}},{"type":"Feature","geometry":{"type":"Polygon","coordinates":[[[-83.776155,38.929767],[-83.775795,38.929699],[-83.775733,38.929657],[-83.775711,38.929191],[-83.77575,38.929129],[-83.775807,38.929111],[-83.776303,38.929087],[-83.776299,38.929438],[-83.776155,38.929767]]]},"properties":{"p":"16-030372.0000","o":"FISHER CYNTHIA N","a":"MUSTANG","d":"EASTERN LSD (BROWN CO.)","t":3205.72,"l":"500: Res-Vacant Land","c":0}},{"type":"Feature","geometry":{"type":"Polygon","coordinates":[[[-83.772047,38.938307],[-83.772056,38.938086],[-83.772738,38.938054],[-83.772731,38.938315],[-83.772047,38.938307]]]},"properties":{"p":"16-030064.0000","o":"BENDER MARJORIE F","a":"WAYNOKA DR","d":"EASTERN LSD (BROWN CO.)","t":2848.27,"l":"500: Res-Vacant Land","c":0}},{"type":"Feature","geometry":{"type":"Polygon","coordinates":[[[-83.765439,38.950979],[-83.765794,38.951528],[-83.765547,38.951623],[-83.765205,38.951071],[-83.765439,38.950979]]]},"properties":{"p":"16-029908.0000","o":"COX CHRISTY","a":"ITAWAMBA","d":"EASTERN LSD (BROWN CO.)","t":3011.81,"l":"500: Res-Vacant Land","c":0}},{"type":"Feature","geometry":{"type":"Polygon","coordinates":[[[-83.761939,38.941588],[-83.761361,38.941507],[-83.761417,38.941264],[-83.761995,38.941345],[-83.761939,38.941588]]]},"properties":{"p":"16-029828.0000","o":"WATSON ROBERT B","a":"TEXAS","d":"EASTERN LSD (BROWN CO.)","t":3128.36,"l":"500: Res-Vacant Land","c":0}},{"type":"Feature","geometry":{"type":"Polygon","coordinates":[[[-83.769745,38.932977],[-83.769071,38.933544],[-83.768929,38.933375],[-83.769555,38.932837],[-83.769745,38.932977]]]},"properties":{"p":"16-029532.0000","o":"ADKINS KIM SIEGFRIED","a":"* NOT ON FILE *","d":"EASTERN LSD (BROWN CO.)","t":3066.51,"l":"500: Res-Vacant Land","c":0}},{"type":"Feature","geometry":{"type":"Polygon","coordinates":[[[-83.769073,38.934461],[-83.768345,38.934509],[-83.768337,38.934291],[-83.769073,38.934246],[-83.769073,38.934461]]]},"properties":{"p":"16-029472.0000","o":"CLARK ERNEST G & PHYLLIS J","a":"CRAZY HORSE","d":"EASTERN LSD (BROWN CO.)","t":3157.04,"l":"500: Res-Vacant Land","c":0}},{"type":"Feature","geometry":{"type":"Polygon","coordinates":[[[-83.765906,38.938377],[-83.766629,38.938403],[-83.766636,38.938628],[-83.765892,38.938595],[-83.765906,38.938377]]]},"properties":{"p":"16-029352.0000","o":"CARTER DALE MARIE","a":"WHITE DOVE","d":"EASTERN LSD (BROWN CO.)","t":3036.29,"l":"500: Res-Vacant Land","c":0}},{"type":"Feature","geometry":{"type":"Polygon","coordinates":[[[-83.763081,38.941193],[-83.76227,38.941079],[-83.762317,38.940877],[-83.76311,38.940988],[-83.763081,38.941193]]]},"properties":{"p":"16-029312.0000","o":"SMITH WAYNE A","a":"TEXAS","d":"EASTERN LSD (BROWN CO.)","t":2858.21,"l":"500: Res-Vacant Land","c":0}},{"type":"Feature","geometry":{"type":"Polygon","coordinates":[[[-83.770627,38.9388],[-83.770603,38.939261],[-83.770437,38.939225],[-83.770189,38.938847],[-83.77037,38.938797],[-83.770627,38.9388]]]},"properties":{"p":"16-029296.0000","o":"COMBS CATHERINE M","a":"WAYNOKA","d":"EASTERN LSD (BROWN CO.)","t":3397.61,"l":"500: Res-Vacant Land","c":0}},{"type":"Feature","geometry":{"type":"Polygon","coordinates":[[[-83.765814,38.948777],[-83.765802,38.949046],[-83.765197,38.94901],[-83.765206,38.948939],[-83.765334,38.948746],[-83.765814,38.948777]]]},"properties":{"p":"16-029292.0000","o":"OLVERSON ALFRED E","a":"TALLAHATCHIE","d":"EASTERN LSD (BROWN CO.)","t":2998.93,"l":"500: Res-Vacant Land","c":0}},{"type":"Feature","geometry":{"type":"Polygon","coordinates":[[[-83.773721,38.945599],[-83.774145,38.945941],[-83.773968,38.946048],[-83.773776,38.94612],[-83.773494,38.945571],[-83.773721,38.945599]]]},"properties":{"p":"16-028688.0000","o":"OWENS ALBERT L & BILLE F","a":"TISHOMINGO","d":"EASTERN LSD (BROWN CO.)","t":2909.13,"l":"500: Res-Vacant Land","c":0}},{"type":"Feature","geometry":{"type":"Polygon","coordinates":[[[-83.772851,38.947157],[-83.772695,38.947206],[-83.772442,38.946705],[-83.772685,38.94663],[-83.772943,38.947128],[-83.772851,38.947157]]]},"properties":{"p":"16-028604.0000","o":"KAUTZ VERNON J & SHIRLEY M","a":"TISHOMINGO","d":"EASTERN LSD (BROWN CO.)","t":3387.46,"l":"500: Res-Vacant Land","c":0}},{"type":"Feature","geometry":{"type":"Polygon","coordinates":[[[-83.772414,38.948666],[-83.772332,38.948692],[-83.772081,38.948198],[-83.772314,38.948126],[-83.772576,38.948615],[-83.772414,38.948666]]]},"properties":{"p":"16-028440.0000","o":"SLAUTER RENEE ETAL","a":"BLACK HAWK DR","d":"EASTERN LSD (BROWN CO.)","t":3020.01,"l":"500: Res-Vacant Land","c":0}},{"type":"Feature","geometry":{"type":"Polygon","coordinates":[[[-83.773779,38.948234],[-83.773865,38.948206],[-83.774118,38.948728],[-83.773876,38.948804],[-83.773619,38.948284],[-83.773779,38.948234]]]},"properties":{"p":"16-028344.0000","o":"LINDSEY CHARLES J & RUBY","a":"SARSI DR","d":"EASTERN LSD (BROWN CO.)","t":3004.03,"l":"500: Res-Vacant Land","c":0}},{"type":"Feature","geometry":{"type":"Polygon","coordinates":[[[-83.775579,38.949068],[-83.775307,38.948533],[-83.775556,38.948455],[-83.775825,38.94899],[-83.775579,38.949068]]]},"properties":{"p":"16-028240.0000","o":"BOSSERMAN BARBARA S","a":"SARSI DR","d":"EASTERN LSD (BROWN CO.)","t":2893.15,"l":"500: Res-Vacant Land","c":0}},{"type":"Feature","geometry":{"type":"Polygon","coordinates":[[[-83.776659,38.948728],[-83.777114,38.948585],[-83.777186,38.948959],[-83.777174,38.949107],[-83.776903,38.949208],[-83.776659,38.948728]]]},"properties":{"p":"16-028216.0000","o":"WILLIAMSON ROBERT & LENDRA","a":"RAWHIDE & CUSTER","d":"EASTERN LSD (BROWN CO.)","t":2881.77,"l":"500: Res-Vacant Land","c":0}},{"type":"Feature","geometry":{"type":"Polygon","coordinates":[[[-83.774225,38.949494],[-83.774474,38.949415],[-83.774731,38.949905],[-83.774479,38.949985],[-83.774225,38.949494]]]},"properties":{"p":"16-028176.0000","o":"DEHASS GREGG & DAWN","a":"CUSTER","d":"EASTERN LSD (BROWN CO.)","t":3415.82,"l":"500: Res-Vacant Land","c":0}},{"type":"Feature","geometry":{"type":"Polygon","coordinates":[[[-83.772523,38.950029],[-83.772775,38.94995],[-83.773022,38.950442],[-83.772766,38.95052],[-83.772523,38.950029]]]},"properties":{"p":"16-028148.0000","o":"REDDEN MARY","a":"CUSTER","d":"EASTERN LSD (BROWN CO.)","t":2870.13,"l":"500: Res-Vacant Land","c":0}},{"type":"Feature","geometry":{"type":"Polygon","coordinates":[[[-83.773425,38.951064],[-83.77336,38.951084],[-83.773108,38.950583],[-83.773355,38.950506],[-83.773603,38.951008],[-83.773425,38.951064]]]},"properties":{"p":"16-028124.0000","o":"ASBURY STEPHANIE","a":"CUSTER","d":"EASTERN LSD (BROWN CO.)","t":2849.91,"l":"500: Res-Vacant Land","c":0}},{"type":"Feature","geometry":{"type":"Polygon","coordinates":[[[-83.775795,38.950322],[-83.775869,38.950299],[-83.776128,38.950823],[-83.775891,38.950897],[-83.775624,38.950376],[-83.775795,38.950322]]]},"properties":{"p":"16-028048.0000","o":"HAWTHORNE HARRY","a":"RIO BRAZOS DR","d":"EASTERN LSD (BROWN CO.)","t":3257.04,"l":"500: Res-Vacant Land","c":0}},{"type":"Feature","geometry":{"type":"Polygon","coordinates":[[[-83.774711,38.954786],[-83.774473,38.954859],[-83.774212,38.95432],[-83.774444,38.954247],[-83.774711,38.954786]]]},"properties":{"p":"16-027732.0000","o":"JOHNSON DEBORAH S","a":"TUCUMCARI DR","d":"EASTERN LSD (BROWN CO.)","t":3124.78,"l":"500: Res-Vacant Land","c":0}},{"type":"Feature","geometry":{"type":"Polygon","coordinates":[[[-83.774961,38.954709],[-83.774711,38.954786],[-83.774444,38.954247],[-83.774691,38.95417],[-83.774961,38.954709]]]},"properties":{"p":"16-027728.0000","o":"MILLER ROBERT L & BARBARA L","a":"TUCUMCARI DR","d":"EASTERN LSD (BROWN CO.)","t":3124.78,"l":"500: Res-Vacant Land","c":0}},{"type":"Feature","geometry":{"type":"Polygon","coordinates":[[[-83.776542,38.954221],[-83.776753,38.954631],[-83.776748,38.954708],[-83.776538,38.954774],[-83.776298,38.954296],[-83.776542,38.954221]]]},"properties":{"p":"16-027692.0000","o":"BURCHETT JAMES V & JUANITA","a":"YUMA","d":"EASTERN LSD (BROWN CO.)","t":3389.87,"l":"500: Res-Vacant Land","c":0}},{"type":"Feature","geometry":{"type":"Polygon","coordinates":[[[-83.771837,38.953159],[-83.771779,38.952956],[-83.77254,38.952821],[-83.772597,38.953018],[-83.771837,38.953159]]]},"properties":{"p":"16-027616.0000","o":"BACH ROBERT E","a":"YUMA DR","d":"EASTERN LSD (BROWN CO.)","t":3257.04,"l":"500: Res-Vacant Land","c":0}},{"type":"Feature","geometry":{"type":"Polygon","coordinates":[[[-83.770039,38.664699],[-83.76964,38.66403],[-83.769424,38.663753],[-83.768734,38.662672],[-83.770545,38.661371],[-83.771766,38.663446],[-83.770039,38.664699]]]},"properties":{"p":"15-022408.5700","o":"LOUIS & CLARA BRAMEL LLC","a":"US 52","d":"RIPLEY-UNION-LEWIS LSD","t":2896.63,"l":"500: Res-Vacant Land","c":0}},{"type":"Feature","geometry":{"type":"Polygon","coordinates":[[[-83.897388,39.044181],[-83.896873,39.044033],[-83.897397,39.042958],[-83.897912,39.043106],[-83.897388,39.044181]]]},"properties":{"p":"10-018864.0105","o":"SHELDON BOBBY R","a":"4413 BARDWELL BUFORD","d":"WESTERN BROWN LSD","t":2932.02,"l":"560: Res-Mobile Home","c":0}},{"type":"Feature","geometry":{"type":"Polygon","coordinates":[[[-83.782471,38.924445],[-83.782721,38.924459],[-83.782804,38.924495],[-83.78286,38.924546],[-83.782893,38.924635],[-83.782881,38.925005],[-83.782448,38.924994],[-83.782471,38.924445]]]},"properties":{"p":"08-016312.0000","o":"HENRY JANET & LEONARD","a":"SEMINOLE","d":"EASTERN LSD (BROWN CO.)","t":3347.22,"l":"500: Res-Vacant Land","c":0}},{"type":"Feature","geometry":{"type":"Polygon","coordinates":[[[-83.780094,38.930737],[-83.780023,38.930539],[-83.780908,38.930345],[-83.78098,38.930543],[-83.780094,38.930737]]]},"properties":{"p":"08-015248.0000","o":"DEHART DONNA & LLOYD","a":"SEMINOLE COVE","d":"EASTERN LSD (BROWN CO.)","t":3269.55,"l":"500: Res-Vacant Land","c":0}},{"type":"Feature","geometry":{"type":"Polygon","coordinates":[[[-83.789607,38.939233],[-83.789099,38.939319],[-83.789031,38.938913],[-83.789563,38.938948],[-83.789565,38.939068],[-83.789607,38.939233]]]},"properties":{"p":"08-014700.0000","o":"DORSEY SAMPSON L","a":"CREEK","d":"EASTERN LSD (BROWN CO.)","t":3394.3,"l":"500: Res-Vacant Land","c":0}},{"type":"Feature","geometry":{"type":"Polygon","coordinates":[[[-83.786202,38.945373],[-83.786441,38.945286],[-83.786739,38.945784],[-83.7865,38.945871],[-83.786202,38.945373]]]},"properties":{"p":"08-014516.0000","o":"COFFEY JOSEPH LEE","a":"MULE","d":"EASTERN LSD (BROWN CO.)","t":3340.32,"l":"500: Res-Vacant Land","c":0}},{"type":"Feature","geometry":{"type":"Polygon","coordinates":[[[-83.787636,38.94485],[-83.787934,38.945348],[-83.787695,38.945435],[-83.787397,38.944938],[-83.787636,38.94485]]]},"properties":{"p":"08-014496.0000","o":"MABIEN JAMES SR & JAMES JR","a":"MULE","d":"EASTERN LSD (BROWN CO.)","t":2944.47,"l":"500: Res-Vacant Land","c":0}},{"type":"Feature","geometry":{"type":"Polygon","coordinates":[[[-83.790724,38.944269],[-83.790697,38.944243],[-83.791007,38.943777],[-83.791207,38.943841],[-83.790954,38.944478],[-83.790724,38.944269]]]},"properties":{"p":"08-014440.0000","o":"SHARP CONSTANCE","a":"CHOCTAW","d":"EASTERN LSD (BROWN CO.)","t":3336.96,"l":"500: Res-Vacant Land","c":0}},{"type":"Feature","geometry":{"type":"Polygon","coordinates":[[[-83.794442,38.943156],[-83.794445,38.942971],[-83.795217,38.942982],[-83.795214,38.943167],[-83.794442,38.943156]]]},"properties":{"p":"08-014372.0000","o":"ZEISLER MICHAEL J","a":"CHOCTAW","d":"EASTERN LSD (BROWN CO.)","t":2831.51,"l":"500: Res-Vacant Land","c":0}},{"type":"Feature","geometry":{"type":"Polygon","coordinates":[[[-83.791788,38.941878],[-83.791831,38.941877],[-83.791821,38.942439],[-83.791672,38.942404],[-83.791544,38.942336],[-83.791466,38.942264],[-83.791331,38.942078],[-83.791788,38.941878]]]},"properties":{"p":"08-013780.0000","o":"HILL BETTY ANN ETAL","a":"CREEK DRIVE","d":"EASTERN LSD (BROWN CO.)","t":2947.54,"l":"500: Res-Vacant Land","c":0}},{"type":"Feature","geometry":{"type":"Polygon","coordinates":[[[-83.780838,38.953605],[-83.78112,38.954152],[-83.780879,38.954228],[-83.780591,38.95368],[-83.780838,38.953605]]]},"properties":{"p":"08-013244.0000","o":"MCNEELY WILLIAM J","a":"YUMA DR","d":"EASTERN LSD (BROWN CO.)","t":3321.88,"l":"500: Res-Vacant Land","c":0}},{"type":"Feature","geometry":{"type":"Polygon","coordinates":[[[-83.779071,38.950681],[-83.778798,38.950167],[-83.779036,38.950092],[-83.779304,38.950606],[-83.779071,38.950681]]]},"properties":{"p":"08-012800.0000","o":"DURBIN DALE & DEBBIE","a":"RIO BRAZOS DR","d":"EASTERN LSD (BROWN CO.)","t":3096.52,"l":"500: Res-Vacant Land","c":0}},{"type":"Feature","geometry":{"type":"Polygon","coordinates":[[[-83.779691,38.94909],[-83.779536,38.949139],[-83.779301,38.948649],[-83.779558,38.948569],[-83.779793,38.949057],[-83.779691,38.94909]]]},"properties":{"p":"08-012656.0000","o":"HALL DALE","a":"CUSTER DR","d":"EASTERN LSD (BROWN CO.)","t":2982.2,"l":"500: Res-Vacant Land","c":0}},{"type":"Feature","geometry":{"type":"Polygon","coordinates":[[[-83.778696,38.949405],[-83.778563,38.949447],[-83.778304,38.948961],[-83.778551,38.948883],[-83.778801,38.949372],[-83.778696,38.949405]]]},"properties":{"p":"08-012640.0000","o":"EVELSIZOR FRED","a":"CUSTER DR","d":"EASTERN LSD (BROWN CO.)","t":3096.52,"l":"500: Res-Vacant Land","c":0}},{"type":"Feature","geometry":{"type":"Polygon","coordinates":[[[-83.780019,38.947613],[-83.780174,38.947564],[-83.780463,38.948091],[-83.78022,38.948166],[-83.779926,38.947643],[-83.780019,38.947613]]]},"properties":{"p":"08-012584.0000","o":"MCCULLARS JAMES D & NORA","a":"CUSTER DR","d":"EASTERN LSD (BROWN CO.)","t":3042.63,"l":"500: Res-Vacant Land","c":0}},{"type":"Feature","geometry":{"type":"Polygon","coordinates":[[[-83.780668,38.947407],[-83.780947,38.947941],[-83.780696,38.948018],[-83.78042,38.947486],[-83.780668,38.947407]]]},"properties":{"p":"08-012576.0000","o":"DY TRUST 100 & 200","a":"CUSTER DR","d":"EASTERN LSD (BROWN CO.)","t":2837.88,"l":"500: Res-Vacant Land","c":0}},{"type":"Feature","geometry":{"type":"Polygon","coordinates":[[[-83.781227,38.94723],[-83.781395,38.947176],[-83.781679,38.947714],[-83.781425,38.947793],[-83.781142,38.947256],[-83.781227,38.94723]]]},"properties":{"p":"08-012564.0000","o":"WALKER HAZEL MAE","a":"CUSTER DR","d":"EASTERN LSD (BROWN CO.)","t":2982.2,"l":"500: Res-Vacant Land","c":0}},{"type":"Feature","geometry":{"type":"Polygon","coordinates":[[[-83.777731,38.94834],[-83.777307,38.948475],[-83.777246,38.94821],[-83.77727,38.947913],[-83.77755,38.947823],[-83.777812,38.948314],[-83.777731,38.94834]]]},"properties":{"p":"08-012464.0000","o":"CORDLE LOLITA J","a":"SARSI & RAWHIDE CORNER","d":"EASTERN LSD (BROWN CO.)","t":2881.67,"l":"500: Res-Vacant Land","c":0}},{"type":"Feature","geometry":{"type":"Polygon","coordinates":[[[-83.779828,38.946332],[-83.78009,38.946845],[-83.779839,38.946923],[-83.779576,38.94641],[-83.779828,38.946332]]]},"properties":{"p":"08-012420.0000","o":"DREWRY BRIAN P","a":"SARSI DRIVE","d":"EASTERN LSD (BROWN CO.)","t":3290.47,"l":"500: Res-Vacant Land","c":0}},{"type":"Feature","geometry":{"type":"Polygon","coordinates":[[[-83.779828,38.946332],[-83.78006,38.946259],[-83.780322,38.946772],[-83.78009,38.946845],[-83.779828,38.946332]]]},"properties":{"p":"08-012416.0000","o":"LEWIS WALTER W & TOMMIE INEZ","a":"SARSI DRIVE","d":"EASTERN LSD (BROWN CO.)","t":2837.88,"l":"500: Res-Vacant Land","c":0}},{"type":"Feature","geometry":{"type":"Polygon","coordinates":[[[-83.781281,38.945879],[-83.781549,38.945795],[-83.781814,38.946307],[-83.781549,38.94639],[-83.781281,38.945879]]]},"properties":{"p":"08-012392.0000","o":"JACKSON VAN LESLIE ETAL","a":"SARSI DRIVE","d":"EASTERN LSD (BROWN CO.)","t":2982.2,"l":"500: Res-Vacant Land","c":0}},{"type":"Feature","geometry":{"type":"Polygon","coordinates":[[[-83.781281,38.945879],[-83.780949,38.945393],[-83.781023,38.945366],[-83.781164,38.945271],[-83.781596,38.945725],[-83.781549,38.945795],[-83.781281,38.945879]]]},"properties":{"p":"08-012360.0000","o":"BARFIELD JAMES C & DENNIE","a":"BLACK HAWK","d":"EASTERN LSD (BROWN CO.)","t":3239.99,"l":"500: Res-Vacant Land","c":0}},{"type":"Feature","geometry":{"type":"Polygon","coordinates":[[[-83.779713,38.945009],[-83.779957,38.944932],[-83.78022,38.945441],[-83.779975,38.945518],[-83.779713,38.945009]]]},"properties":{"p":"08-012260.0000","o":"HOLMAN MICHAEL T","a":"BLACK HAWK","d":"EASTERN LSD (BROWN CO.)","t":2831.66,"l":"500: Res-Vacant Land","c":0}},{"type":"Feature","geometry":{"type":"Polygon","coordinates":[[[-83.780899,38.944359],[-83.781094,38.94422],[-83.781655,38.944689],[-83.781462,38.94483],[-83.780899,38.944359]]]},"properties":{"p":"08-012240.0000","o":"REED ROBERT A & MARY J","a":"BLACK HAWK DR","d":"EASTERN LSD (BROWN CO.)","t":3183.92,"l":"500: Res-Vacant Land","c":0}},{"type":"Feature","geometry":{"type":"Polygon","coordinates":[[[-83.779171,38.945179],[-83.778926,38.945256],[-83.778642,38.944706],[-83.778887,38.944629],[-83.779171,38.945179]]]},"properties":{"p":"08-012192.0000","o":"HALL MARY E","a":"TUPELO DR","d":"EASTERN LSD (BROWN CO.)","t":3062.12,"l":"500: Res-Vacant Land","c":0}},{"type":"Feature","geometry":{"type":"Polygon","coordinates":[[[-83.780138,38.942625],[-83.779964,38.942779],[-83.779371,38.942373],[-83.779544,38.942218],[-83.780138,38.942625]]]},"properties":{"p":"08-012056.0000","o":"MIXON BARRY & SHIRLEY","a":"SENATOBIA DR","d":"EASTERN LSD (BROWN CO.)","t":2947.8,"l":"500: Res-Vacant Land","c":0}},{"type":"Feature","geometry":{"type":"Polygon","coordinates":[[[-83.779443,38.943244],[-83.778849,38.942838],[-83.779023,38.942683],[-83.779617,38.943089],[-83.779443,38.943244]]]},"properties":{"p":"08-012044.0000","o":"JOHNSON RODNEY & KIM","a":"SENATOBIA DR","d":"EASTERN LSD (BROWN CO.)","t":3183.92,"l":"500: Res-Vacant Land","c":0}},{"type":"Feature","geometry":{"type":"Polygon","coordinates":[[[-83.782341,38.941076],[-83.782079,38.941094],[-83.782017,38.940547],[-83.782279,38.940524],[-83.782341,38.941076]]]},"properties":{"p":"08-011976.0000","o":"DAIRY CHARLES T","a":"WAYNOKA","d":"EASTERN LSD (BROWN CO.)","t":3387.83,"l":"500: Res-Vacant Land","c":0}},{"type":"Feature","geometry":{"type":"Polygon","coordinates":[[[-83.781957,38.941102],[-83.78222,38.941084],[-83.782281,38.941631],[-83.782019,38.941649],[-83.781957,38.941102]]]},"properties":{"p":"08-011840.0000","o":"STILLINGS FRANK R","a":"SENATOBIA","d":"EASTERN LSD (BROWN CO.)","t":3417.24,"l":"500: Res-Vacant Land","c":0}},{"type":"Feature","geometry":{"type":"Polygon","coordinates":[[[-83.786085,38.946815],[-83.785907,38.94688],[-83.785598,38.946381],[-83.785844,38.946291],[-83.786154,38.94679],[-83.786085,38.946815]]]},"properties":{"p":"08-011624.0000","o":"ELFERS ANTHONY S","a":"MULE DR","d":"EASTERN LSD (BROWN CO.)","t":3041.17,"l":"500: Res-Vacant Land","c":0}},{"type":"Feature","geometry":{"type":"Polygon","coordinates":[[[-83.788242,38.946025],[-83.788056,38.946093],[-83.787756,38.945609],[-83.787985,38.945529],[-83.788283,38.94601],[-83.788242,38.946025]]]},"properties":{"p":"08-011588.0000","o":"PRATT GEORGE W","a":"MULE DR","d":"EASTERN LSD (BROWN CO.)","t":3207.81,"l":"500: Res-Vacant Land","c":0}},{"type":"Feature","geometry":{"type":"Polygon","coordinates":[[[-83.78545,38.947667],[-83.7852,38.947757],[-83.784904,38.947248],[-83.785137,38.947162],[-83.78545,38.947667]]]},"properties":{"p":"08-011520.0000","o":"WILLIAMS KENNETH","a":"ZUNI DR","d":"EASTERN LSD (BROWN CO.)","t":3062.12,"l":"500: Res-Vacant Land","c":0}},{"type":"Feature","geometry":{"type":"Polygon","coordinates":[[[-83.78593,38.94826],[-83.785648,38.947776],[-83.785894,38.947686],[-83.786171,38.948171],[-83.78593,38.94826]]]},"properties":{"p":"08-011496.0000","o":"HILL TOMMY L","a":"ZUNI DR","d":"EASTERN LSD (BROWN CO.)","t":3187.18,"l":"500: Res-Vacant Land","c":0}},{"type":"Feature","geometry":{"type":"Polygon","coordinates":[[[-83.787114,38.947826],[-83.786826,38.947347],[-83.787069,38.947259],[-83.787341,38.947743],[-83.787114,38.947826]]]},"properties":{"p":"08-011476.0000","o":"HATFIELD JIMMY R & LENORA","a":"ZUNI DR","d":"EASTERN LSD (BROWN CO.)","t":2850.54,"l":"500: Res-Vacant Land","c":0}},{"type":"Feature","geometry":{"type":"Polygon","coordinates":[[[-83.787591,38.947652],[-83.787757,38.947591],[-83.788071,38.948098],[-83.787819,38.948193],[-83.787539,38.947671],[-83.787591,38.947652]]]},"properties":{"p":"08-011436.0000","o":"JONES BETHEL H & DORA A","a":"UTE DR","d":"EASTERN LSD (BROWN CO.)","t":2949.98,"l":"500: Res-Vacant Land","c":0}},{"type":"Feature","geometry":{"type":"Polygon","coordinates":[[[-83.785444,38.94905],[-83.78521,38.949132],[-83.784902,38.948636],[-83.785134,38.948551],[-83.785444,38.94905]]]},"properties":{"p":"08-011392.0000","o":"ASH RICHARD L","a":"UTE DR","d":"EASTERN LSD (BROWN CO.)","t":2835.25,"l":"500: Res-Vacant Land","c":0}},{"type":"Feature","geometry":{"type":"Polygon","coordinates":[[[-83.785922,38.949643],[-83.785688,38.949729],[-83.785407,38.949244],[-83.785647,38.949159],[-83.785922,38.949643]]]},"properties":{"p":"08-011372.0000","o":"DAULTON MICHAEL W & MELINDA L","a":"UTE DR","d":"EASTERN LSD (BROWN CO.)","t":3069.04,"l":"500: Res-Vacant Land","c":0}},{"type":"Feature","geometry":{"type":"Polygon","coordinates":[[[-83.787359,38.949115],[-83.787501,38.949062],[-83.787833,38.949597],[-83.787594,38.949678],[-83.787266,38.949149],[-83.787359,38.949115]]]},"properties":{"p":"08-011304.0000","o":"JOHNSON WILLIAM L","a":"PIUTE","d":"EASTERN LSD (BROWN CO.)","t":3324,"l":"500: Res-Vacant Land","c":0}},{"type":"Feature","geometry":{"type":"Polygon","coordinates":[[[-83.787443,38.950514],[-83.787331,38.950556],[-83.787023,38.95006],[-83.787258,38.949975],[-83.787565,38.950469],[-83.787443,38.950514]]]},"properties":{"p":"08-011216.0000","o":"BRADFORD H MICHAEL & RABECHA R","a":"PIUTE","d":"EASTERN LSD (BROWN CO.)","t":3127.11,"l":"500: Res-Vacant Land","c":0}},{"type":"Feature","geometry":{"type":"Polygon","coordinates":[[[-83.788217,38.950834],[-83.787935,38.950334],[-83.788179,38.950244],[-83.788459,38.950734],[-83.788217,38.950834]]]},"properties":{"p":"08-011188.0000","o":"RERING THOMAS R","a":"YUMA DR","d":"EASTERN LSD (BROWN CO.)","t":3184.36,"l":"500: Res-Vacant Land","c":0}},{"type":"Feature","geometry":{"type":"Polygon","coordinates":[[[-83.78799,38.950923],[-83.787683,38.950426],[-83.787935,38.950334],[-83.788217,38.950834],[-83.78799,38.950923]]]},"properties":{"p":"08-011184.0000","o":"MARVA JEAN MATHIS","a":"YUMA DR","d":"EASTERN LSD (BROWN CO.)","t":3062.12,"l":"500: Res-Vacant Land","c":0}},{"type":"Feature","geometry":{"type":"Polygon","coordinates":[[[-83.787104,38.951419],[-83.787431,38.951946],[-83.787186,38.952036],[-83.786874,38.951501],[-83.787104,38.951419]]]},"properties":{"p":"08-011084.0000","o":"HENRY PHILIP S","a":"YUMA DR","d":"EASTERN LSD (BROWN CO.)","t":3008.23,"l":"500: Res-Vacant Land","c":0}},{"type":"Feature","geometry":{"type":"Polygon","coordinates":[[[-83.788955,38.948242],[-83.78978,38.94825],[-83.789777,38.948464],[-83.788955,38.948456],[-83.788955,38.948242]]]},"properties":{"p":"08-011004.0000","o":"BERTSCH MICHAEL P","a":"YUMA DR","d":"EASTERN LSD (BROWN CO.)","t":2850.54,"l":"500: Res-Vacant Land","c":0}},{"type":"Feature","geometry":{"type":"Polygon","coordinates":[[[-83.788958,38.947818],[-83.789785,38.947832],[-83.789782,38.94804],[-83.788956,38.948037],[-83.788958,38.947818]]]},"properties":{"p":"08-011000.0000","o":"BRADLEY EMMA E","a":"YUMA","d":"EASTERN LSD (BROWN CO.)","t":3184.56,"l":"500: Res-Vacant Land","c":0}},{"type":"Feature","geometry":{"type":"Polygon","coordinates":[[[-83.786784,38.925107],[-83.786761,38.925656],[-83.786497,38.925649],[-83.786521,38.9251],[-83.786784,38.925107]]]},"properties":{"p":"08-009920.0000","o":"RANDOLPH JAMES","a":"SHAWNEE","d":"EASTERN LSD (BROWN CO.)","t":2877.94,"l":"500: Res-Vacant Land","c":0}},{"type":"Feature","geometry":{"type":"Polygon","coordinates":[[[-83.791703,38.927552],[-83.791658,38.928099],[-83.791394,38.928086],[-83.79144,38.927538],[-83.791703,38.927552]]]},"properties":{"p":"08-009864.0000","o":"BAUMANN MELVIN L","a":"WAYNOKA DR","d":"EASTERN LSD (BROWN CO.)","t":3321.76,"l":"500: Res-Vacant Land","c":0}},{"type":"Feature","geometry":{"type":"Polygon","coordinates":[[[-83.959287,38.896798],[-83.958678,38.897192],[-83.958432,38.896995],[-83.959041,38.896601],[-83.959287,38.896798]]]},"properties":{"p":"03-001884.0000","o":"ADAMS EUGENE & EULA","a":"ST RT 125","d":"WESTERN BROWN LSD","t":3170.18,"l":"500: Res-Vacant Land","c":0}},{"type":"Feature","geometry":{"type":"Polygon","coordinates":[[[-83.804245,39.014883],[-83.801728,39.015144],[-83.801406,39.014147],[-83.802007,39.014264],[-83.804245,39.014883]]]},"properties":{"p":"42-082092.0000","o":"PERSHING RICHARD E ETAL","a":"PLEASANTFIELD","d":"EASTERN LSD (BROWN CO.)","t":3149.77,"l":"500: Res-Vacant Land","c":0}},{"type":"Feature","geometry":{"type":"Polygon","coordinates":[[[-83.845477,38.74604],[-83.845535,38.746141],[-83.845219,38.746252],[-83.845161,38.746151],[-83.845477,38.74604]]]},"properties":{"p":"41-080972.0000","o":"SAHAKYAN ARUSYAK","a":"14 SECOND ST NORTH","d":"RIPLEY-UNION-LEWIS LSD","t":3180.71,"l":"442: Com-Medical Clinic","c":0}},{"type":"Feature","geometry":{"type":"Polygon","coordinates":[[[-83.834773,38.749137],[-83.834729,38.749072],[-83.834918,38.748998],[-83.835105,38.74909],[-83.835285,38.749319],[-83.834976,38.749441],[-83.834773,38.749137]]]},"properties":{"p":"41-080060.0000","o":"GERMANN PAUL E ETAL","a":"573 MAIN","d":"RIPLEY-UNION-LEWIS LSD","t":2952.51,"l":"510: Res-Single Family","c":0}},{"type":"Feature","geometry":{"type":"Polygon","coordinates":[[[-83.792067,38.736115],[-83.790229,38.736715],[-83.789046,38.733655],[-83.79073,38.732499],[-83.791082,38.733269],[-83.792067,38.736115]]]},"properties":{"p":"39-074929.0000","o":"MITCHELL MARGARET R & PAUL J","a":"MCKEE (REAR)","d":"RIPLEY-UNION-LEWIS LSD","t":3029.19,"l":"100: Agr-Vacant Land","c":0}},{"type":"Feature","geometry":{"type":"Polygon","coordinates":[[[-83.786097,38.948199],[-83.786392,38.948717],[-83.786165,38.948797],[-83.78585,38.948289],[-83.786097,38.948199]]]},"properties":{"p":"08-011408.0000","o":"EMMONS RAY L & THELMA I","a":"UTE DR","d":"EASTERN LSD (BROWN CO.)","t":2685.43,"l":"500: Res-Vacant Land","c":0}},{"type":"Feature","geometry":{"type":"Polygon","coordinates":[[[-83.780219,38.942553],[-83.780138,38.942625],[-83.779544,38.942218],[-83.779697,38.94209],[-83.779871,38.942001],[-83.780219,38.942553]]]},"properties":{"p":"08-012060.0000","o":"JONES EDDIE","a":"SENATOBIA DR","d":"EASTERN LSD (BROWN CO.)","t":2610.54,"l":"500: Res-Vacant Land","c":0}},{"type":"Feature","geometry":{"type":"Polygon","coordinates":[[[-83.781188,38.942734],[-83.781092,38.941879],[-83.781354,38.941861],[-83.78144,38.94262],[-83.781188,38.942734]]]},"properties":{"p":"08-012080.0000","o":"ELLIOTT TAMMY","a":"SENATOBIA DRIVE","d":"EASTERN LSD (BROWN CO.)","t":2486.85,"l":"500: Res-Vacant Land","c":0}},{"type":"Feature","geometry":{"type":"Polygon","coordinates":[[[-83.777334,38.95266],[-83.777097,38.952733],[-83.776913,38.952371],[-83.776933,38.95211],[-83.777038,38.952077],[-83.777334,38.95266]]]},"properties":{"p":"08-013380.0000","o":"MCCOMB GLENNA J","a":"TOTEM POLE","d":"EASTERN LSD (BROWN CO.)","t":2472.7,"l":"500: Res-Vacant Land","c":0}},{"type":"Feature","geometry":{"type":"Polygon","coordinates":[[[-83.804828,38.706701],[-83.805161,38.706788],[-83.804946,38.707449],[-83.804603,38.707391],[-83.804828,38.706701]]]},"properties":{"p":"12-023428.0121","o":"HAIRE EDWARD THOMAS","a":"7224 US 52","d":"RIPLEY-UNION-LEWIS LSD","t":2796.24,"l":"510: Res-Single Family","c":0}},{"type":"Feature","geometry":{"type":"Polygon","coordinates":[[[-83.771722,38.952759],[-83.771662,38.952552],[-83.772425,38.952422],[-83.772483,38.952623],[-83.771722,38.952759]]]},"properties":{"p":"16-027624.0000","o":"KEY STEVE D","a":"WAYNOKA","d":"EASTERN LSD (BROWN CO.)","t":2604.01,"l":"500: Res-Vacant Land","c":0}},{"type":"Feature","geometry":{"type":"Polygon","coordinates":[[[-83.772576,38.948615],[-83.77265,38.948591],[-83.77291,38.949116],[-83.772692,38.949188],[-83.772414,38.948666],[-83.772576,38.948615]]]},"properties":{"p":"16-028324.0000","o":"UNIQUE PROPERTY SOLUTIONS LLC","a":"SARSI DR","d":"EASTERN LSD (BROWN CO.)","t":2555.22,"l":"500: Res-Vacant Land","c":0}},{"type":"Feature","geometry":{"type":"Polygon","coordinates":[[[-83.760015,38.940953],[-83.76061,38.941213],[-83.760542,38.941419],[-83.759886,38.941132],[-83.760015,38.940953]]]},"properties":{"p":"16-030092.0000","o":"COSTELLO JOHN L III","a":"MONTANA","d":"EASTERN LSD (BROWN CO.)","t":2600.36,"l":"500: Res-Vacant Land","c":0}},{"type":"Feature","geometry":{"type":"Polygon","coordinates":[[[-83.765978,38.93584],[-83.76599,38.93565],[-83.766708,38.935674],[-83.766706,38.935871],[-83.765978,38.93584]]]},"properties":{"p":"16-030160.0000","o":"WEBB GALE & THOMAS L","a":"WHITE DOVE","d":"EASTERN LSD (BROWN CO.)","t":2540.63,"l":"500: Res-Vacant Land","c":0}},{"type":"Feature","geometry":{"type":"Polygon","coordinates":[[[-83.763202,38.94029],[-83.763226,38.940077],[-83.763947,38.9401],[-83.763927,38.94032],[-83.763202,38.94029]]]},"properties":{"p":"16-030628.0000","o":"MCCLAIR HARDIN JR","a":"BRAVE","d":"EASTERN LSD (BROWN CO.)","t":2539.17,"l":"500: Res-Vacant Land","c":0}},{"type":"Feature","geometry":{"type":"Polygon","coordinates":[[[-83.757652,38.936006],[-83.75696,38.935978],[-83.756975,38.93577],[-83.757672,38.9358],[-83.757652,38.936006]]]},"properties":{"p":"16-032056.0000","o":"BYRD JAMES & SHELBY J","a":"SITTING BULL","d":"EASTERN LSD (BROWN CO.)","t":2606.39,"l":"500: Res-Vacant Land","c":0}},{"type":"Feature","geometry":{"type":"Polygon","coordinates":[[[-83.765981,38.937141],[-83.766689,38.937167],[-83.766679,38.937376],[-83.765969,38.937342],[-83.765981,38.937141]]]},"properties":{"p":"16-033008.0000","o":"SMITH FRANK C ETAL","a":"WHITE DOVE","d":"EASTERN LSD (BROWN CO.)","t":2749.21,"l":"500: Res-Vacant Land","c":0}},{"type":"Feature","geometry":{"type":"Polygon","coordinates":[[[-83.767845,38.932742],[-83.767845,38.932794],[-83.767147,38.93277],[-83.767141,38.932559],[-83.767757,38.932565],[-83.767845,38.932742]]]},"properties":{"p":"16-033884.0000","o":"BOWLING KIMBERLY L","a":"HORSE SHOE","d":"EASTERN LSD (BROWN CO.)","t":2481.61,"l":"500: Res-Vacant Land","c":0}},{"type":"Feature","geometry":{"type":"Polygon","coordinates":[[[-84.017983,38.795464],[-84.012943,38.796671],[-84.012774,38.796295],[-84.017814,38.795088],[-84.017983,38.795464]]]},"properties":{"p":"20-041056.2200","o":"KRIMMER PETER J","a":"BOUDES FERRY","d":"RIPLEY-UNION-LEWIS LSD","t":2602.67,"l":"599: Res-Other","c":0}},{"type":"Feature","geometry":{"type":"Polygon","coordinates":[[[-83.793815,38.728683],[-83.79232,38.726505],[-83.792971,38.726302],[-83.793769,38.726787],[-83.794404,38.727208],[-83.794827,38.727461],[-83.794972,38.727572],[-83.793815,38.728683]]]},"properties":{"p":"39-074928.0000","o":"PEMBERTON LAURA","a":"HOWARD HILL/SCOFFIELD","d":"RIPLEY-UNION-LEWIS LSD","t":2584.71,"l":"500: Res-Vacant Land","c":0}},{"type":"Feature","geometry":{"type":"Polygon","coordinates":[[[-83.991309,39.085345],[-83.990893,39.085598],[-83.98959,39.084376],[-83.990003,39.084119],[-83.991309,39.085345]]]},"properties":{"p":"37-071384.0212","o":"CASTELLUCIO JOHN T","a":"2093 GREENBUSH","d":"WESTERN BROWN LSD","t":2585.73,"l":"560: Res-Mobile Home","c":0}},{"type":"Feature","geometry":{"type":"Polygon","coordinates":[[[-83.989985,39.036719],[-83.98988,39.036997],[-83.987706,39.036801],[-83.988569,39.034439],[-83.99068,39.034869],[-83.989985,39.036719]]]},"properties":{"p":"37-070960.0111","o":"VERNON LORI","a":"1972 AMIOTT","d":"WESTERN BROWN LSD","t":2693.51,"l":"510: Res-Single Family","c":0}},{"type":"Feature","geometry":{"type":"Polygon","coordinates":[[[-83.904071,38.869295],[-83.904767,38.869343],[-83.904748,38.869511],[-83.904051,38.869469],[-83.904071,38.869295]]]},"properties":{"p":"33-062676.0000","o":"DEAN DERRICK & WILLIAMS KENDRA","a":"417 MAIN ST NORTH","d":"GEORGETOWN EVSD","t":2454.44,"l":"510: Res-Single Family","c":0}},{"type":"Feature","geometry":{"type":"Polygon","coordinates":[[[-83.915794,38.876283],[-83.915369,38.876481],[-83.914934,38.876745],[-83.914161,38.877158],[-83.912771,38.877056],[-83.913111,38.874487],[-83.916009,38.874661],[-83.915794,38.876283]]]},"properties":{"p":"31-060208.0000","o":"VANWINKLE ROY & DEANNA","a":"BIG RUN","d":"GEORGETOWN EVSD","t":2473.87,"l":"100: Agr-Vacant Land","c":0}},{"type":"Feature","geometry":{"type":"Polygon","coordinates":[[[-83.91481,38.877205],[-83.914161,38.877158],[-83.914934,38.876745],[-83.915369,38.876481],[-83.915794,38.876283],[-83.915663,38.877267],[-83.91481,38.877205]]]},"properties":{"p":"31-060208.0000","o":"VANWINKLE ROY & DEANNA","a":"BIG RUN","d":"GEORGETOWN EVSD","t":2473.87,"l":"100: Agr-Vacant Land","c":0}},{"type":"Feature","geometry":{"type":"Polygon","coordinates":[[[-83.889285,38.87245],[-83.888877,38.871706],[-83.889351,38.871546],[-83.889753,38.872272],[-83.889285,38.87245]]]},"properties":{"p":"31-060132.0000","o":"SEXTON BILLY RAY","a":"4832 CAMP RUN RD","d":"GEORGETOWN EVSD","t":2691.45,"l":"510: Res-Single Family","c":0}},{"type":"Feature","geometry":{"type":"Polygon","coordinates":[[[-83.858362,38.881392],[-83.857331,38.881026],[-83.858303,38.879424],[-83.859544,38.878987],[-83.860154,38.879177],[-83.859033,38.881051],[-83.859999,38.881355],[-83.859536,38.88214],[-83.858674,38.881838],[-83.858772,38.881674],[-83.858362,38.881392]]]},"properties":{"p":"31-059516.0800","o":"LOCKARD ROBERT","a":"5654 CAMP RUN RD","d":"GEORGETOWN EVSD","t":2807.08,"l":"510: Res-Single Family","c":0}},{"type":"Feature","geometry":{"type":"Polygon","coordinates":[[[-84.002892,38.993309],[-84.002031,38.9914],[-84.004258,38.99155],[-84.004368,38.99358],[-84.003274,38.994157],[-84.002892,38.993309]]]},"properties":{"p":"29-055780.0100","o":"HOUSH NATHAN","a":"1566 KRESS","d":"WESTERN BROWN LSD","t":2625.58,"l":"510: Res-Single Family","c":0}},{"type":"Feature","geometry":{"type":"Polygon","coordinates":[[[-83.934562,39.186916],[-83.93426,39.186948],[-83.934195,39.186578],[-83.934497,39.186546],[-83.934562,39.186916]]]},"properties":{"p":"27-053408.0000","o":"ALEXANDER JAMES","a":"214 W PIKE","d":"FAYETTEVILLE-PERRY LSD","t":2749.44,"l":"499: Com-Other","c":0}},{"type":"Feature","geometry":{"type":"Polygon","coordinates":[[[-83.930838,39.184341],[-83.93137,39.184129],[-83.931441,39.18453],[-83.930909,39.184615],[-83.930838,39.184341]]]},"properties":{"p":"27-053392.0001","o":"RUMMEL KENNETH P & DEBORAH A","a":"410 RUSSELL","d":"FAYETTEVILLE-PERRY LSD","t":2487.36,"l":"580: Res-Custom Code","c":0}},{"type":"Feature","geometry":{"type":"Polygon","coordinates":[[[-83.980876,39.182123],[-83.980752,39.18275],[-83.980484,39.182724],[-83.980594,39.182094],[-83.980876,39.182123]]]},"properties":{"p":"23-048284.0000","o":"ROACH KEVIN & SANDY","a":"DORTMUND","d":"FAYETTEVILLE-PERRY LSD","t":2650.81,"l":"500: Res-Vacant Land","c":0}},{"type":"Feature","geometry":{"type":"Polygon","coordinates":[[[-83.982529,39.183076],[-83.982799,39.183104],[-83.982681,39.183691],[-83.982411,39.183659],[-83.982529,39.183076]]]},"properties":{"p":"23-046608.0000","o":"SPAETH CHARLES M III","a":"DORTMUND","d":"FAYETTEVILLE-PERRY LSD","t":2493.67,"l":"500: Res-Vacant Land","c":0}},{"type":"Feature","geometry":{"type":"Polygon","coordinates":[[[-83.982279,39.184263],[-83.982252,39.183718],[-83.982562,39.18368],[-83.982544,39.184257],[-83.982279,39.184263]]]},"properties":{"p":"23-046508.0000","o":"WHITTINGSLOW DOUGLAS P","a":"SCHLITZ","d":"FAYETTEVILLE-PERRY LSD","t":2689.34,"l":"500: Res-Vacant Land","c":0}},{"type":"Feature","geometry":{"type":"Polygon","coordinates":[[[-83.980876,39.182123],[-83.981172,39.182154],[-83.981042,39.182777],[-83.980752,39.18275],[-83.980876,39.182123]]]},"properties":{"p":"23-046204.0000","o":"ROACH KEVIN & SANDY","a":"DORTMUND","d":"FAYETTEVILLE-PERRY LSD","t":2650.81,"l":"500: Res-Vacant Land","c":0}},{"type":"Feature","geometry":{"type":"Polygon","coordinates":[[[-83.750117,38.857635],[-83.745147,38.857346],[-83.745392,38.856765],[-83.746195,38.856244],[-83.746564,38.856163],[-83.746708,38.856566],[-83.747313,38.856587],[-83.747829,38.856525],[-83.748696,38.856199],[-83.74856,38.855963],[-83.750117,38.855623],[-83.750562,38.856664],[-83.750279,38.856899],[-83.750266,38.857415],[-83.750117,38.857635]]]},"properties":{"p":"17-036300.0400","o":"SORRENTINO KIMBERLY ARNETT","a":"7985 PAELTZ","d":"EASTERN LSD (BROWN CO.)","t":2708.18,"l":"599: Res-Other","c":0}},{"type":"Feature","geometry":{"type":"Polygon","coordinates":[[[-83.748067,38.855832],[-83.748197,38.855879],[-83.748559,38.855963],[-83.748696,38.856199],[-83.747829,38.856525],[-83.747313,38.856587],[-83.747116,38.856041],[-83.748067,38.855832]]]},"properties":{"p":"17-036300.0200","o":"ARNETT MARK","a":"7909 PAELTZ","d":"EASTERN LSD (BROWN CO.)","t":2772.22,"l":"510: Res-Single Family","c":0}},{"type":"Feature","geometry":{"type":"Polygon","coordinates":[[[-83.776812,38.947272],[-83.776458,38.947385],[-83.7762,38.94689],[-83.776562,38.946776],[-83.776668,38.946793],[-83.776713,38.946849],[-83.776812,38.947272]]]},"properties":{"p":"16-036184.0000","o":"BUCK DONALD K","a":"BLACK HAWK & RAWHIDE DR","d":"EASTERN LSD (BROWN CO.)","t":2582.74,"l":"500: Res-Vacant Land","c":0}},{"type":"Feature","geometry":{"type":"Polygon","coordinates":[[[-83.770149,38.949589],[-83.770093,38.94949],[-83.770733,38.949248],[-83.770784,38.949361],[-83.770846,38.949445],[-83.770229,38.949731],[-83.770149,38.949589]]]},"properties":{"p":"16-035892.0000","o":"PONDER CARL","a":"YUMA","d":"EASTERN LSD (BROWN CO.)","t":2664.15,"l":"500: Res-Vacant Land","c":0}},{"type":"Feature","geometry":{"type":"Polygon","coordinates":[[[-83.769917,38.950794],[-83.769321,38.951316],[-83.769128,38.950966],[-83.769781,38.950672],[-83.769917,38.950794]]]},"properties":{"p":"16-035708.0000","o":"HAGGY RICKEY L & ARTHUR J","a":"CUSTER","d":"EASTERN LSD (BROWN CO.)","t":2481.61,"l":"500: Res-Vacant Land","c":0}},{"type":"Feature","geometry":{"type":"Polygon","coordinates":[[[-83.7683,38.94915],[-83.768262,38.949032],[-83.768912,38.948892],[-83.768977,38.949103],[-83.76833,38.94924],[-83.7683,38.94915]]]},"properties":{"p":"16-035688.0000","o":"SPEARS JAMEY & BETTY","a":"CUSTER","d":"EASTERN LSD (BROWN CO.)","t":2481.61,"l":"500: Res-Vacant Land","c":0}},{"type":"Feature","geometry":{"type":"Polygon","coordinates":[[[-83.7681,38.94854],[-83.767398,38.948678],[-83.767334,38.948476],[-83.76803,38.948341],[-83.7681,38.94854]]]},"properties":{"p":"16-035648.0000","o":"FREEMAN CHAS H MATTHEW III &","a":"HATCHIE","d":"EASTERN LSD (BROWN CO.)","t":2640.89,"l":"500: Res-Vacant Land","c":0}},{"type":"Feature","geometry":{"type":"Polygon","coordinates":[[[-83.76664,38.950523],[-83.766982,38.951073],[-83.76675,38.951162],[-83.766408,38.95061],[-83.76664,38.950523]]]},"properties":{"p":"16-035552.0000","o":"HENDERSON ROBERT E","a":"ITAWAMBA","d":"EASTERN LSD (BROWN CO.)","t":2744.99,"l":"500: Res-Vacant Land","c":0}},{"type":"Feature","geometry":{"type":"Polygon","coordinates":[[[-83.761076,38.948708],[-83.760802,38.948716],[-83.760757,38.948122],[-83.761025,38.94811],[-83.761076,38.948708]]]},"properties":{"p":"16-035064.0000","o":"GOBER LARRY","a":"CIMARRON","d":"EASTERN LSD (BROWN CO.)","t":2539.17,"l":"500: Res-Vacant Land","c":0}},{"type":"Feature","geometry":{"type":"Polygon","coordinates":[[[-83.761339,38.9487],[-83.761288,38.948099],[-83.761549,38.948087],[-83.761605,38.948692],[-83.761339,38.9487]]]},"properties":{"p":"16-035056.0000","o":"JONES TED L & DEBRA J","a":"107 CIMARRON","d":"EASTERN LSD (BROWN CO.)","t":2658.19,"l":"510: Res-Single Family","c":0}},{"type":"Feature","geometry":{"type":"Polygon","coordinates":[[[-83.762298,38.946665],[-83.762264,38.946183],[-83.762685,38.946164],[-83.762706,38.946458],[-83.762298,38.946665]]]},"properties":{"p":"16-035008.0000","o":"PENDLETON MAXINE F","a":"WAYNOKA","d":"EASTERN LSD (BROWN CO.)","t":2453.5,"l":"500: Res-Vacant Land","c":0}},{"type":"Feature","geometry":{"type":"Polygon","coordinates":[[[-83.75781,38.946381],[-83.757363,38.946371],[-83.757372,38.946108],[-83.758184,38.946126],[-83.758353,38.946278],[-83.75781,38.946381]]]},"properties":{"p":"16-034980.0000","o":"MORRIS DANIEL F","a":"BONANZA","d":"EASTERN LSD (BROWN CO.)","t":2744.99,"l":"500: Res-Vacant Land","c":0}},{"type":"Feature","geometry":{"type":"Polygon","coordinates":[[[-83.759904,38.94683],[-83.759283,38.94672],[-83.759348,38.946496],[-83.759997,38.94661],[-83.759904,38.94683]]]},"properties":{"p":"16-034940.0000","o":"TURNER CARL W & MARY","a":"BONANZA","d":"EASTERN LSD (BROWN CO.)","t":2600.36,"l":"500: Res-Vacant Land","c":0}},{"type":"Feature","geometry":{"type":"Polygon","coordinates":[[[-83.759776,38.947132],[-83.759213,38.946902],[-83.759283,38.94672],[-83.759904,38.94683],[-83.759776,38.947132]]]},"properties":{"p":"16-034936.0000","o":"SPRADLING DOUGLAS S","a":"BONANZA","d":"EASTERN LSD (BROWN CO.)","t":2568.18,"l":"500: Res-Vacant Land","c":0}},{"type":"Feature","geometry":{"type":"Polygon","coordinates":[[[-83.756439,38.945653],[-83.757201,38.945827],[-83.757166,38.945986],[-83.756428,38.945953],[-83.756439,38.945653]]]},"properties":{"p":"16-034872.0000","o":"DURSTOCK JOHN","a":"BONANZA","d":"EASTERN LSD (BROWN CO.)","t":2539.17,"l":"500: Res-Vacant Land","c":0}},{"type":"Feature","geometry":{"type":"Polygon","coordinates":[[[-83.756297,38.944003],[-83.756658,38.944143],[-83.756484,38.94444],[-83.75648,38.944509],[-83.756001,38.944498],[-83.756297,38.944003]]]},"properties":{"p":"16-034788.0000","o":"KAY BERNARD","a":"WAYNOKA DR","d":"EASTERN LSD (BROWN CO.)","t":2613.28,"l":"500: Res-Vacant Land","c":0}},{"type":"Feature","geometry":{"type":"Polygon","coordinates":[[[-83.75264,38.943333],[-83.751833,38.943214],[-83.751917,38.94286],[-83.752713,38.942978],[-83.752637,38.943279],[-83.75264,38.943333]]]},"properties":{"p":"16-034744.0000","o":"KEATING MICHAEL B & CRYSTAL","a":"BEARCAT DR","d":"EASTERN LSD (BROWN CO.)","t":2457.46,"l":"500: Res-Vacant Land","c":0}},{"type":"Feature","geometry":{"type":"Polygon","coordinates":[[[-83.76937,38.937188],[-83.769403,38.937402],[-83.768678,38.937461],[-83.768451,38.937259],[-83.76937,38.937188]]]},"properties":{"p":"16-033964.0000","o":"CARNES BRENDA","a":"CRAZY HORSE DR","d":"EASTERN LSD (BROWN CO.)","t":2587.48,"l":"500: Res-Vacant Land","c":0}},{"type":"Feature","geometry":{"type":"Polygon","coordinates":[[[-83.768522,38.932948],[-83.767842,38.932969],[-83.767845,38.932742],[-83.76855,38.932759],[-83.768522,38.932948]]]},"properties":{"p":"16-033900.0000","o":"DAVIS DOUG & JUDY","a":"BEAR","d":"EASTERN LSD (BROWN CO.)","t":2748.23,"l":"500: Res-Vacant Land","c":0}},{"type":"Feature","geometry":{"type":"Polygon","coordinates":[[[-83.767591,38.937574],[-83.767609,38.937304],[-83.768364,38.937339],[-83.768089,38.937595],[-83.767591,38.937574]]]},"properties":{"p":"16-033808.0000","o":"BECKER FAITH ANNE","a":"HORSE SHOE","d":"EASTERN LSD (BROWN CO.)","t":2540.66,"l":"500: Res-Vacant Land","c":0}},{"type":"Feature","geometry":{"type":"Polygon","coordinates":[[[-83.765528,38.934418],[-83.765288,38.934421],[-83.76531,38.93388],[-83.76555,38.933882],[-83.765528,38.934418]]]},"properties":{"p":"16-033752.0000","o":"GAGLIANO LILIANA & DEMARTINO C","a":"MOCCASIN DR","d":"EASTERN LSD (BROWN CO.)","t":2638.72,"l":"500: Res-Vacant Land","c":0}},{"type":"Feature","geometry":{"type":"Polygon","coordinates":[[[-83.757928,38.935379],[-83.758629,38.93541],[-83.758612,38.935616],[-83.757906,38.935587],[-83.757928,38.935379]]]},"properties":{"p":"16-033684.0000","o":"BUSH RICHARD E & RAMONA","a":"SITTING BULL","d":"EASTERN LSD (BROWN CO.)","t":2539.17,"l":"500: Res-Vacant Land","c":0}},{"type":"Feature","geometry":{"type":"Polygon","coordinates":[[[-83.759386,38.934817],[-83.759373,38.935025],[-83.758663,38.934991],[-83.75868,38.934786],[-83.759386,38.934817]]]},"properties":{"p":"16-033632.0000","o":"CARROLL BARBARA","a":"OKLAHOMA","d":"EASTERN LSD (BROWN CO.)","t":2760.18,"l":"500: Res-Vacant Land","c":0}},{"type":"Feature","geometry":{"type":"Polygon","coordinates":[[[-83.759408,38.936917],[-83.760169,38.936953],[-83.760153,38.937163],[-83.759394,38.937124],[-83.759408,38.936917]]]},"properties":{"p":"16-033556.0000","o":"WILLIS LARRY DEAN","a":"OKLAHOMA","d":"EASTERN LSD (BROWN CO.)","t":2664.15,"l":"500: Res-Vacant Land","c":0}},{"type":"Feature","geometry":{"type":"Polygon","coordinates":[[[-83.759633,38.934238],[-83.759649,38.934029],[-83.760386,38.93406],[-83.76037,38.934269],[-83.759633,38.934238]]]},"properties":{"p":"16-033512.0000","o":"LESTER GENE","a":"OKLAHOMA","d":"EASTERN LSD (BROWN CO.)","t":2744.99,"l":"500: Res-Vacant Land","c":0}},{"type":"Feature","geometry":{"type":"Polygon","coordinates":[[[-83.760262,38.935717],[-83.760277,38.935507],[-83.760932,38.935528],[-83.760916,38.935749],[-83.760262,38.935717]]]},"properties":{"p":"16-033488.0000","o":"EMERY A RAY & ELEANOR E","a":"MONTANA","d":"EASTERN LSD (BROWN CO.)","t":2539.17,"l":"500: Res-Vacant Land","c":0}},{"type":"Feature","geometry":{"type":"Polygon","coordinates":[[[-83.760262,38.935717],[-83.760916,38.935749],[-83.760903,38.935944],[-83.760247,38.935913],[-83.760262,38.935717]]]},"properties":{"p":"16-033484.0000","o":"DAIL RONNIE","a":"MONTANA","d":"EASTERN LSD (BROWN CO.)","t":2539.17,"l":"500: Res-Vacant Land","c":0}},{"type":"Feature","geometry":{"type":"Polygon","coordinates":[[[-83.76182,38.937959],[-83.761079,38.93793],[-83.761069,38.937707],[-83.761832,38.937744],[-83.76182,38.937959]]]},"properties":{"p":"16-033432.0000","o":"CLINE MICHAEL & THERESA","a":"MONTANA DR","d":"EASTERN LSD (BROWN CO.)","t":2664.15,"l":"500: Res-Vacant Land","c":0}},{"type":"Feature","geometry":{"type":"Polygon","coordinates":[[[-83.762771,38.935256],[-83.762782,38.93505],[-83.763514,38.93508],[-83.763503,38.935283],[-83.762771,38.935256]]]},"properties":{"p":"16-033248.0000","o":"SNIDER RICKY","a":"TEXAS","d":"EASTERN LSD (BROWN CO.)","t":2831.47,"l":"500: Res-Vacant Land","c":0}},{"type":"Feature","geometry":{"type":"Polygon","coordinates":[[[-83.764179,38.935719],[-83.764168,38.935942],[-83.763467,38.935911],[-83.76348,38.935693],[-83.764179,38.935719]]]},"properties":{"p":"16-033208.0000","o":"HALE ORVILLE & NORMA","a":"BRAVE","d":"EASTERN LSD (BROWN CO.)","t":2664.15,"l":"500: Res-Vacant Land","c":0}},{"type":"Feature","geometry":{"type":"Polygon","coordinates":[[[-83.765096,38.935491],[-83.764403,38.935469],[-83.764414,38.935251],[-83.765108,38.935281],[-83.765096,38.935491]]]},"properties":{"p":"16-033116.0000","o":"COX LEONARD","a":"BRAVE","d":"EASTERN LSD (BROWN CO.)","t":2830.21,"l":"500: Res-Vacant Land","c":0}},{"type":"Feature","geometry":{"type":"Polygon","coordinates":[[[-83.76512,38.935075],[-83.764425,38.935053],[-83.764436,38.934851],[-83.765131,38.934875],[-83.76512,38.935075]]]},"properties":{"p":"16-033108.0000","o":"CRAWFORD RAYMOND","a":"BRAVE","d":"EASTERN LSD (BROWN CO.)","t":2481.61,"l":"500: Res-Vacant Land","c":0}},{"type":"Feature","geometry":{"type":"Polygon","coordinates":[[[-83.765777,38.937019],[-83.765083,38.936987],[-83.765086,38.936776],[-83.76579,38.936806],[-83.765777,38.937019]]]},"properties":{"p":"16-033064.0000","o":"STINE LISA","a":"WHITE DOVE","d":"EASTERN LSD (BROWN CO.)","t":2481.61,"l":"500: Res-Vacant Land","c":0}},{"type":"Feature","geometry":{"type":"Polygon","coordinates":[[[-83.76742,38.935282],[-83.767399,38.935473],[-83.76671,38.935457],[-83.766711,38.935251],[-83.76742,38.935282]]]},"properties":{"p":"16-032956.0000","o":"HENSLEY RUSSELL E JR & CONNIE","a":"HORSE SHOE","d":"EASTERN LSD (BROWN CO.)","t":2539.17,"l":"500: Res-Vacant Land","c":0}},{"type":"Feature","geometry":{"type":"Polygon","coordinates":[[[-83.76741,38.936784],[-83.76742,38.936987],[-83.766699,38.936954],[-83.766709,38.936756],[-83.76741,38.936784]]]},"properties":{"p":"16-032940.0000","o":"SMITH DOROTHY E","a":"HORSE SHOE","d":"EASTERN LSD (BROWN CO.)","t":2481.61,"l":"500: Res-Vacant Land","c":0}},{"type":"Feature","geometry":{"type":"Polygon","coordinates":[[[-83.765167,38.942198],[-83.765075,38.942071],[-83.765686,38.941802],[-83.765815,38.941981],[-83.765205,38.942251],[-83.765167,38.942198]]]},"properties":{"p":"16-032724.0000","o":"GOINS BRENDA","a":"WHITE DOVE","d":"EASTERN LSD (BROWN CO.)","t":2744.99,"l":"500: Res-Vacant Land","c":0}},{"type":"Feature","geometry":{"type":"Polygon","coordinates":[[[-83.764911,38.941844],[-83.764841,38.941544],[-83.765503,38.941443],[-83.765575,38.941633],[-83.764911,38.941844]]]},"properties":{"p":"16-032720.0000","o":"BERKHALTER JAMES P JR","a":"WHITE DOVE","d":"EASTERN LSD (BROWN CO.)","t":2813.22,"l":"500: Res-Vacant Land","c":0}},{"type":"Feature","geometry":{"type":"Polygon","coordinates":[[[-83.765587,38.939414],[-83.765571,38.939607],[-83.764916,38.939573],[-83.764931,38.939382],[-83.765587,38.939414]]]},"properties":{"p":"16-032680.0000","o":"HUGHES JOANN R & SUSAN J","a":"WHITE DOVE","d":"EASTERN LSD (BROWN CO.)","t":2744.99,"l":"500: Res-Vacant Land","c":0}},{"type":"Feature","geometry":{"type":"Polygon","coordinates":[[[-83.764997,38.942439],[-83.765194,38.943007],[-83.765107,38.943044],[-83.765052,38.943109],[-83.764613,38.942982],[-83.764997,38.942439]]]},"properties":{"p":"16-032608.0000","o":"JOHNSON ROBERT L & DOROTHY","a":"TONTO","d":"EASTERN LSD (BROWN CO.)","t":2831.47,"l":"500: Res-Vacant Land","c":0}},{"type":"Feature","geometry":{"type":"Polygon","coordinates":[[[-83.764041,38.939067],[-83.764019,38.939278],[-83.76332,38.939244],[-83.763344,38.939038],[-83.764041,38.939067]]]},"properties":{"p":"16-032524.0000","o":"DAVIS LEONARD","a":"BRAVE","d":"EASTERN LSD (BROWN CO.)","t":2630.56,"l":"500: Res-Vacant Land","c":0}},{"type":"Feature","geometry":{"type":"Polygon","coordinates":[[[-83.763139,38.940784],[-83.762363,38.940675],[-83.762409,38.940473],[-83.763167,38.940579],[-83.763139,38.940784]]]},"properties":{"p":"16-032504.0000","o":"ESTEP JAMES T","a":"TEXAS","d":"EASTERN LSD (BROWN CO.)","t":2744.99,"l":"500: Res-Vacant Land","c":0}},{"type":"Feature","geometry":{"type":"Polygon","coordinates":[[[-83.761642,38.939836],[-83.761628,38.940041],[-83.760925,38.940014],[-83.760929,38.939809],[-83.761642,38.939836]]]},"properties":{"p":"16-032372.0000","o":"PARKS RODNEY ETAL","a":"MONTANA","d":"EASTERN LSD (BROWN CO.)","t":2812.93,"l":"500: Res-Vacant Land","c":0}},{"type":"Feature","geometry":{"type":"Polygon","coordinates":[[[-83.760201,38.938579],[-83.7607,38.938593],[-83.76076,38.938612],[-83.760798,38.938671],[-83.760778,38.938964],[-83.760176,38.938942],[-83.760201,38.938579]]]},"properties":{"p":"16-032276.0000","o":"WHEATLEY GERALD G","a":"QUARTER HORSE","d":"EASTERN LSD (BROWN CO.)","t":2481.3,"l":"500: Res-Vacant Land","c":0}},{"type":"Feature","geometry":{"type":"Polygon","coordinates":[[[-83.757765,38.940164],[-83.756678,38.940117],[-83.756692,38.939914],[-83.757816,38.939961],[-83.757765,38.940164]]]},"properties":{"p":"16-032132.0000","o":"BAUMAN KENNETH & PHYLLIS","a":"SITTING BULL","d":"EASTERN LSD (BROWN CO.)","t":2541.64,"l":"500: Res-Vacant Land","c":0}},{"type":"Feature","geometry":{"type":"Polygon","coordinates":[[[-83.756692,38.939914],[-83.756706,38.939712],[-83.757859,38.939754],[-83.757816,38.939961],[-83.756692,38.939914]]]},"properties":{"p":"16-032128.0000","o":"WESTERBECK MICHAEL J & JOHN G","a":"SITTING BULL","d":"EASTERN LSD (BROWN CO.)","t":2748.23,"l":"500: Res-Vacant Land","c":0}},{"type":"Feature","geometry":{"type":"Polygon","coordinates":[[[-83.756776,38.938687],[-83.75679,38.938477],[-83.757957,38.938528],[-83.757959,38.938582],[-83.757917,38.938727],[-83.756776,38.938687]]]},"properties":{"p":"16-032108.0000","o":"ANDERSON JESSE J & MAYNARD HEAT","a":"SITTING BULL","d":"EASTERN LSD (BROWN CO.)","t":2550.62,"l":"500: Res-Vacant Land","c":0}},{"type":"Feature","geometry":{"type":"Polygon","coordinates":[[[-83.756904,38.936808],[-83.756919,38.936589],[-83.757616,38.936615],[-83.757602,38.93684],[-83.756904,38.936808]]]},"properties":{"p":"16-032072.0000","o":"WILLIAMS LLOYD SR & BARBARA K","a":"SITTING BULL","d":"EASTERN LSD (BROWN CO.)","t":2806.56,"l":"500: Res-Vacant Land","c":0}},{"type":"Feature","geometry":{"type":"Polygon","coordinates":[[[-83.756932,38.936395],[-83.756947,38.936171],[-83.75764,38.936208],[-83.757627,38.936418],[-83.756932,38.936395]]]},"properties":{"p":"16-032064.0000","o":"POWERS PHYLLIS J & STEVEN","a":"SITTING BULL","d":"EASTERN LSD (BROWN CO.)","t":2481.61,"l":"500: Res-Vacant Land","c":0}},{"type":"Feature","geometry":{"type":"Polygon","coordinates":[[[-83.762148,38.933104],[-83.762393,38.933115],[-83.762333,38.933716],[-83.762105,38.933704],[-83.762148,38.933104]]]},"properties":{"p":"16-031976.0000","o":"FULTON JAMES D & PERRY MICHELLE","a":"SITTING BULL","d":"EASTERN LSD (BROWN CO.)","t":2600.36,"l":"500: Res-Vacant Land","c":0}},{"type":"Feature","geometry":{"type":"Polygon","coordinates":[[[-83.766937,38.932791],[-83.766947,38.933076],[-83.766928,38.933116],[-83.766893,38.933145],[-83.766832,38.933161],[-83.766197,38.933176],[-83.766185,38.932788],[-83.766937,38.932791]]]},"properties":{"p":"16-031932.0000","o":"STEWART FRED D & ANNA N","a":"HORSE SHOE","d":"EASTERN LSD (BROWN CO.)","t":2744.99,"l":"500: Res-Vacant Land","c":0}},{"type":"Feature","geometry":{"type":"Polygon","coordinates":[[[-83.769004,38.930613],[-83.769065,38.930534],[-83.769178,38.930478],[-83.769526,38.930472],[-83.769518,38.930962],[-83.769481,38.930976],[-83.769004,38.930613]]]},"properties":{"p":"16-031828.0000","o":"COLLETT HOWARD L & MARIAM J","a":"WAYNOKA DR","d":"EASTERN LSD (BROWN CO.)","t":2744.99,"l":"500: Res-Vacant Land","c":0}},{"type":"Feature","geometry":{"type":"Polygon","coordinates":[[[-83.768354,38.929179],[-83.768334,38.929681],[-83.768076,38.929728],[-83.768042,38.929715],[-83.768062,38.929166],[-83.768354,38.929179]]]},"properties":{"p":"16-031732.0000","o":"MAIN FRED A","a":"HORSE SHOE","d":"EASTERN LSD (BROWN CO.)","t":2673.77,"l":"500: Res-Vacant Land","c":0}},{"type":"Feature","geometry":{"type":"Polygon","coordinates":[[[-83.768115,38.930586],[-83.768041,38.930717],[-83.767157,38.930701],[-83.767162,38.930501],[-83.767189,38.930449],[-83.76726,38.930415],[-83.767416,38.930412],[-83.767502,38.930362],[-83.768115,38.930586]]]},"properties":{"p":"16-031716.0000","o":"MARTIN IAN & SUSAN","a":"HORSE SHOE","d":"EASTERN LSD (BROWN CO.)","t":2511.81,"l":"500: Res-Vacant Land","c":0}},{"type":"Feature","geometry":{"type":"Polygon","coordinates":[[[-83.767429,38.931518],[-83.767374,38.931485],[-83.767223,38.931449],[-83.767173,38.931411],[-83.767157,38.93137],[-83.767147,38.931111],[-83.767871,38.931127],[-83.767429,38.931518]]]},"properties":{"p":"16-031704.0000","o":"LLOYD WINIFRED S","a":"HORSESHOE","d":"EASTERN LSD (BROWN CO.)","t":2677.1,"l":"500: Res-Vacant Land","c":0}},{"type":"Feature","geometry":{"type":"Polygon","coordinates":[[[-83.76726,38.92905],[-83.766859,38.928471],[-83.767375,38.928477],[-83.76741,38.928989],[-83.76726,38.92905]]]},"properties":{"p":"16-031668.0000","o":"MECKLEY DEBBIE LEE","a":"HORSE SHOE","d":"EASTERN LSD (BROWN CO.)","t":2539.17,"l":"500: Res-Vacant Land","c":0}},{"type":"Feature","geometry":{"type":"Polygon","coordinates":[[[-83.774043,38.929939],[-83.774075,38.929735],[-83.774776,38.929782],[-83.774748,38.929987],[-83.774043,38.929939]]]},"properties":{"p":"16-031016.0000","o":"CARKEEK SETH","a":"STATELINE","d":"EASTERN LSD (BROWN CO.)","t":2773.89,"l":"500: Res-Vacant Land","c":0}},{"type":"Feature","geometry":{"type":"Polygon","coordinates":[[[-83.75781,38.946381],[-83.758085,38.946329],[-83.758039,38.946923],[-83.757769,38.94691],[-83.75781,38.946381]]]},"properties":{"p":"16-030648.0000","o":"COLLINS EUGENE","a":"BONANZA","d":"EASTERN LSD (BROWN CO.)","t":2831.47,"l":"500: Res-Vacant Land","c":0}},{"type":"Feature","geometry":{"type":"Polygon","coordinates":[[[-83.765687,38.938499],[-83.765048,38.93847],[-83.765067,38.938235],[-83.765702,38.938258],[-83.765687,38.938499]]]},"properties":{"p":"16-030620.0000","o":"PENN ERIC & MELISSA K","a":"WHITE DOVE","d":"EASTERN LSD (BROWN CO.)","t":2481.61,"l":"500: Res-Vacant Land","c":0}},{"type":"Feature","geometry":{"type":"Polygon","coordinates":[[[-83.763809,38.951618],[-83.764122,38.952169],[-83.7639,38.952255],[-83.763572,38.951713],[-83.763809,38.951618]]]},"properties":{"p":"16-030572.0000","o":"HART GRACE M","a":"ITAWAMBA","d":"EASTERN LSD (BROWN CO.)","t":2686.94,"l":"500: Res-Vacant Land","c":0}},{"type":"Feature","geometry":{"type":"Polygon","coordinates":[[[-83.763131,38.933741],[-83.763176,38.93315],[-83.763449,38.933164],[-83.763413,38.933742],[-83.763131,38.933741]]]},"properties":{"p":"16-030124.0000","o":"BABCOCK VAUGHN B & MARGARET L","a":"SITTING BULL","d":"EASTERN LSD (BROWN CO.)","t":2664.15,"l":"500: Res-Vacant Land","c":0}},{"type":"Feature","geometry":{"type":"Polygon","coordinates":[[[-83.771203,38.931374],[-83.770498,38.931038],[-83.770641,38.93089],[-83.770965,38.930682],[-83.771283,38.931178],[-83.771203,38.931374]]]},"properties":{"p":"16-029788.0000","o":"WELLER JOHN E & ETHEL M","a":"SPEARHEAD","d":"EASTERN LSD (BROWN CO.)","t":2818.41,"l":"500: Res-Vacant Land","c":0}},{"type":"Feature","geometry":{"type":"Polygon","coordinates":[[[-83.765958,38.94959],[-83.766688,38.949634],[-83.766698,38.94971],[-83.766604,38.949861],[-83.765935,38.949812],[-83.765958,38.94959]]]},"properties":{"p":"16-029776.0000","o":"BUSINESS VACATION CONCEPTS INC","a":"TALLAHATCHIE","d":"EASTERN LSD (BROWN CO.)","t":2643.06,"l":"500: Res-Vacant Land","c":0}},{"type":"Feature","geometry":{"type":"Polygon","coordinates":[[[-83.759856,38.951838],[-83.759877,38.95192],[-83.759935,38.951999],[-83.759295,38.952285],[-83.759027,38.952104],[-83.759035,38.952032],[-83.759856,38.951838]]]},"properties":{"p":"16-029560.0000","o":"STONE RICHARD M & ROBERTA M","a":"TEXAS","d":"EASTERN LSD (BROWN CO.)","t":2539.17,"l":"500: Res-Vacant Land","c":0}},{"type":"Feature","geometry":{"type":"Polygon","coordinates":[[[-83.762546,38.936331],[-83.76183,38.936292],[-83.761843,38.936079],[-83.762518,38.936113],[-83.762546,38.936331]]]},"properties":{"p":"16-029560.0000","o":"STONE RICHARD M & ROBERTA M","a":"TEXAS","d":"EASTERN LSD (BROWN CO.)","t":2539.17,"l":"500: Res-Vacant Land","c":0}},{"type":"Feature","geometry":{"type":"Polygon","coordinates":[[[-83.763296,38.939455],[-83.762588,38.939425],[-83.762602,38.939209],[-83.76332,38.939244],[-83.763296,38.939455]]]},"properties":{"p":"16-029428.0000","o":"RESER RICHARD L","a":"TEXAS","d":"EASTERN LSD (BROWN CO.)","t":2831.47,"l":"500: Res-Vacant Land","c":0}},{"type":"Feature","geometry":{"type":"Polygon","coordinates":[[[-83.760806,38.933044],[-83.761069,38.933056],[-83.761027,38.93359],[-83.760762,38.933552],[-83.760806,38.933044]]]},"properties":{"p":"16-029332.0000","o":"TRAVIS BRUCE","a":"SITTING BULL","d":"EASTERN LSD (BROWN CO.)","t":2664.15,"l":"500: Res-Vacant Land","c":0}},{"type":"Feature","geometry":{"type":"Polygon","coordinates":[[[-83.762754,38.936304],[-83.763443,38.936339],[-83.763548,38.936559],[-83.762786,38.936532],[-83.762754,38.936304]]]},"properties":{"p":"16-029052.0000","o":"FLOTTMAN JOHN L & VICKY","a":"TEXAS","d":"EASTERN LSD (BROWN CO.)","t":2744.99,"l":"500: Res-Vacant Land","c":0}},{"type":"Feature","geometry":{"type":"Polygon","coordinates":[[[-83.769004,38.946727],[-83.769006,38.946317],[-83.769284,38.946143],[-83.76954,38.946393],[-83.769004,38.946727]]]},"properties":{"p":"16-029036.0000","o":"HERRING ANNETTA","a":"YUMA","d":"EASTERN LSD (BROWN CO.)","t":2744.99,"l":"500: Res-Vacant Land","c":0}},{"type":"Feature","geometry":{"type":"Polygon","coordinates":[[[-83.760123,38.937801],[-83.759427,38.937769],[-83.759376,38.93767],[-83.75938,38.937541],[-83.760122,38.937575],[-83.760123,38.937801]]]},"properties":{"p":"16-028980.0000","o":"BRADSHAW REX","a":"OKLAHOMA","d":"EASTERN LSD (BROWN CO.)","t":2744.99,"l":"500: Res-Vacant Land","c":0}},{"type":"Feature","geometry":{"type":"Polygon","coordinates":[[[-83.771976,38.947432],[-83.771736,38.947508],[-83.771477,38.947011],[-83.771708,38.946938],[-83.771976,38.947432]]]},"properties":{"p":"16-028620.0000","o":"STACY KEN JR & DEBRA","a":"TISHMINGO","d":"EASTERN LSD (BROWN CO.)","t":2465.33,"l":"500: Res-Vacant Land","c":0}},{"type":"Feature","geometry":{"type":"Polygon","coordinates":[[[-83.77382,38.946852],[-83.773687,38.946893],[-83.773434,38.946399],[-83.773691,38.94632],[-83.773945,38.946812],[-83.77382,38.946852]]]},"properties":{"p":"16-028588.0000","o":"JONES NANCY M","a":"TISHOMINGO","d":"EASTERN LSD (BROWN CO.)","t":2584.08,"l":"500: Res-Vacant Land","c":0}},{"type":"Feature","geometry":{"type":"Polygon","coordinates":[[[-83.775449,38.949109],[-83.775712,38.949026],[-83.775952,38.949516],[-83.775696,38.949598],[-83.775449,38.949109]]]},"properties":{"p":"16-028196.0000","o":"BAUMAN JEFFREY & LAURIE","a":"CUSTER","d":"EASTERN LSD (BROWN CO.)","t":2696.9,"l":"500: Res-Vacant Land","c":0}},{"type":"Feature","geometry":{"type":"Polygon","coordinates":[[[-83.774718,38.949339],[-83.774963,38.949831],[-83.774731,38.949905],[-83.774474,38.949415],[-83.774718,38.949339]]]},"properties":{"p":"16-028180.0000","o":"MONK TIM JR","a":"CUSTER","d":"EASTERN LSD (BROWN CO.)","t":2643.31,"l":"500: Res-Vacant Land","c":0}},{"type":"Feature","geometry":{"type":"Polygon","coordinates":[[[-83.773972,38.949573],[-83.774225,38.949494],[-83.774479,38.949985],[-83.774228,38.950065],[-83.773972,38.949573]]]},"properties":{"p":"16-028172.0000","o":"MESS JAMES & KRISTAL","a":"CUSTER","d":"EASTERN LSD (BROWN CO.)","t":2600.02,"l":"500: Res-Vacant Land","c":0}},{"type":"Feature","geometry":{"type":"Polygon","coordinates":[[[-83.773267,38.949795],[-83.773487,38.949726],[-83.773742,38.950219],[-83.773504,38.950295],[-83.773267,38.949795]]]},"properties":{"p":"16-028160.0000","o":"KEARNEY CONNIE","a":"CUSTER","d":"EASTERN LSD (BROWN CO.)","t":2638.15,"l":"500: Res-Vacant Land","c":0}},{"type":"Feature","geometry":{"type":"Polygon","coordinates":[[[-83.772921,38.951222],[-83.772848,38.951245],[-83.772597,38.950743],[-83.772834,38.950669],[-83.773111,38.951162],[-83.772921,38.951222]]]},"properties":{"p":"16-028132.0000","o":"CULL VERNON L & FRANCES J","a":"CUSTER","d":"EASTERN LSD (BROWN CO.)","t":2712.73,"l":"500: Res-Vacant Land","c":0}},{"type":"Feature","geometry":{"type":"Polygon","coordinates":[[[-83.773663,38.95099],[-83.773603,38.951008],[-83.773355,38.950506],[-83.773598,38.95043],[-83.773846,38.950932],[-83.773663,38.95099]]]},"properties":{"p":"16-028120.0000","o":"CARTER ARCHIE L","a":"CUSTER","d":"EASTERN LSD (BROWN CO.)","t":2518.36,"l":"500: Res-Vacant Land","c":0}},{"type":"Feature","geometry":{"type":"Polygon","coordinates":[[[-83.776591,38.950073],[-83.776862,38.950594],[-83.776625,38.950668],[-83.776356,38.950147],[-83.776591,38.950073]]]},"properties":{"p":"16-028060.0000","o":"LEWIS PHILLIP M & PAULA","a":"RIO BRAZOS DR","d":"EASTERN LSD (BROWN CO.)","t":2506.91,"l":"500: Res-Vacant Land","c":0}},{"type":"Feature","geometry":{"type":"Polygon","coordinates":[[[-83.772848,38.951245],[-83.772921,38.951222],[-83.773188,38.951741],[-83.772938,38.951819],[-83.772686,38.951295],[-83.772848,38.951245]]]},"properties":{"p":"16-028000.0000","o":"STOCKDALE LARRY K","a":"RIO BRAZOS DR","d":"EASTERN LSD (BROWN CO.)","t":2803.69,"l":"500: Res-Vacant Land","c":0}},{"type":"Feature","geometry":{"type":"Polygon","coordinates":[[[-83.772686,38.951295],[-83.772938,38.951819],[-83.772615,38.95192],[-83.772554,38.951921],[-83.77251,38.951901],[-83.772481,38.951865],[-83.772347,38.951401],[-83.772686,38.951295]]]},"properties":{"p":"16-027996.0000","o":"VAUGHN MICHAEL & JACQUELINE","a":"RIO BRAZOS & YUMA DR","d":"EASTERN LSD (BROWN CO.)","t":2712.73,"l":"500: Res-Vacant Land","c":0}},{"type":"Feature","geometry":{"type":"Polygon","coordinates":[[[-83.775648,38.951741],[-83.775389,38.951232],[-83.775647,38.951151],[-83.775904,38.951661],[-83.775648,38.951741]]]},"properties":{"p":"16-027948.0000","o":"STRAUGHTER PERRY J & LOLA E","a":"RIO BRAZOS DR","d":"EASTERN LSD (BROWN CO.)","t":2666.95,"l":"500: Res-Vacant Land","c":0}},{"type":"Feature","geometry":{"type":"Polygon","coordinates":[[[-83.776368,38.951517],[-83.77611,38.951006],[-83.77638,38.950922],[-83.776634,38.951434],[-83.776368,38.951517]]]},"properties":{"p":"16-027936.0000","o":"HAGEMEYER ANDREW W & JENNIFER","a":"RIO BRAZOS DR","d":"EASTERN LSD (BROWN CO.)","t":2506.91,"l":"500: Res-Vacant Land","c":0}},{"type":"Feature","geometry":{"type":"Polygon","coordinates":[[[-83.776501,38.952917],[-83.776724,38.953358],[-83.77645,38.953443],[-83.776226,38.953001],[-83.776501,38.952917]]]},"properties":{"p":"16-027796.0000","o":"JACKSON ERIC S","a":"TUCUMCARI DR","d":"EASTERN LSD (BROWN CO.)","t":2802.98,"l":"500: Res-Vacant Land","c":0}},{"type":"Feature","geometry":{"type":"Polygon","coordinates":[[[-83.776298,38.954296],[-83.776538,38.954774],[-83.776294,38.954851],[-83.776053,38.954371],[-83.776298,38.954296]]]},"properties":{"p":"16-027688.0000","o":"MARCK KEVIN & RENE'","a":"YUMA DR","d":"EASTERN LSD (BROWN CO.)","t":2508.56,"l":"500: Res-Vacant Land","c":0}},{"type":"Feature","geometry":{"type":"Polygon","coordinates":[[[-83.771662,38.952552],[-83.771605,38.952356],[-83.772368,38.952222],[-83.772425,38.952422],[-83.771662,38.952552]]]},"properties":{"p":"16-027628.0000","o":"DEHAVEN JOHN","a":"YUMA DR","d":"EASTERN LSD (BROWN CO.)","t":2506.2,"l":"500: Res-Vacant Land","c":0}},{"type":"Feature","geometry":{"type":"Polygon","coordinates":[[[-83.775448,38.955935],[-83.775392,38.955825],[-83.775666,38.955867],[-83.775448,38.955935]]]},"properties":{"p":"16-027524.0000","o":"ROGERS EZRA J","a":"YUMA DR","d":"EASTERN LSD (BROWN CO.)","t":2568.1,"l":"500: Res-Vacant Land","c":0}},{"type":"Feature","geometry":{"type":"Polygon","coordinates":[[[-83.775695,38.955858],[-83.775666,38.955867],[-83.775392,38.955825],[-83.775167,38.955386],[-83.775421,38.955305],[-83.775695,38.955858]]]},"properties":{"p":"16-027524.0000","o":"ROGERS EZRA J","a":"YUMA DR","d":"EASTERN LSD (BROWN CO.)","t":2568.1,"l":"500: Res-Vacant Land","c":0}},{"type":"Feature","geometry":{"type":"Polygon","coordinates":[[[-83.777185,38.944388],[-83.777026,38.943751],[-83.777284,38.943711],[-83.777434,38.94431],[-83.777185,38.944388]]]},"properties":{"p":"16-027468.0000","o":"WILLIAMS JOHN E","a":"SENATOBIA DR","d":"EASTERN LSD (BROWN CO.)","t":2712.73,"l":"500: Res-Vacant Land","c":0}},{"type":"Feature","geometry":{"type":"Polygon","coordinates":[[[-83.76056,38.906529],[-83.759846,38.907161],[-83.759751,38.907097],[-83.759938,38.906929],[-83.759628,38.906655],[-83.760134,38.906205],[-83.76056,38.906529]]]},"properties":{"p":"16-027176.0000","o":"SHEPARD RICK A","a":"9926 ASHRIDGE","d":"EASTERN LSD (BROWN CO.)","t":2830.28,"l":"510: Res-Single Family","c":0}},{"type":"Feature","geometry":{"type":"Polygon","coordinates":[[[-83.763547,38.915353],[-83.762647,38.915336],[-83.762662,38.914869],[-83.763565,38.914887],[-83.763547,38.915353]]]},"properties":{"p":"16-026880.0000","o":"KRATZER PAMELA M","a":"ASHRIDGE ARNHEIM","d":"EASTERN LSD (BROWN CO.)","t":2541.52,"l":"500: Res-Vacant Land","c":0}},{"type":"Feature","geometry":{"type":"Polygon","coordinates":[[[-83.930214,39.053444],[-83.930117,39.054545],[-83.929007,39.054397],[-83.929099,39.053387],[-83.930214,39.053444]]]},"properties":{"p":"10-018784.0300","o":"GIOVENETTI MARY L","a":"3667 DONLEY","d":"WESTERN BROWN LSD","t":2470.9,"l":"560: Res-Mobile Home","c":0}},{"type":"Feature","geometry":{"type":"Polygon","coordinates":[[[-83.931999,39.123497],[-83.931984,39.123627],[-83.931453,39.123513],[-83.931447,39.123558],[-83.930581,39.12337],[-83.930633,39.123196],[-83.931999,39.123497]]]},"properties":{"p":"10-018252.0000","o":"ISBILL BETTY J","a":"17668 US RT 68","d":"WESTERN BROWN LSD","t":2813.06,"l":"510: Res-Single Family","c":0}},{"type":"Feature","geometry":{"type":"Polygon","coordinates":[[[-83.780328,38.930044],[-83.780766,38.929948],[-83.780837,38.930146],[-83.779952,38.93034],[-83.779881,38.930142],[-83.780328,38.930044]]]},"properties":{"p":"08-015256.0000","o":"RAMIREZ DAVID & HEATHER M","a":"SEMINOLE COVE","d":"EASTERN LSD (BROWN CO.)","t":2585.1,"l":"500: Res-Vacant Land","c":0}},{"type":"Feature","geometry":{"type":"Polygon","coordinates":[[[-83.790295,38.940635],[-83.790181,38.940434],[-83.790885,38.94022],[-83.790987,38.940425],[-83.790295,38.940635]]]},"properties":{"p":"08-014760.0000","o":"BEDENBAUGH MILTON ALAN ETAL","a":"CREEK","d":"EASTERN LSD (BROWN CO.)","t":2711.41,"l":"500: Res-Vacant Land","c":0}},{"type":"Feature","geometry":{"type":"Polygon","coordinates":[[[-83.787707,38.944824],[-83.787468,38.944911],[-83.78717,38.94441],[-83.787409,38.944323],[-83.787707,38.944824]]]},"properties":{"p":"08-014576.0000","o":"CROSSWHITE MARY","a":"HOGAN","d":"EASTERN LSD (BROWN CO.)","t":2795.1,"l":"500: Res-Vacant Land","c":0}},{"type":"Feature","geometry":{"type":"Polygon","coordinates":[[[-83.790005,38.944696],[-83.78982,38.945212],[-83.789796,38.945212],[-83.789584,38.944845],[-83.789314,38.944511],[-83.789732,38.944313],[-83.789882,38.944513],[-83.789871,38.944574],[-83.789892,38.944628],[-83.789939,38.944671],[-83.790005,38.944696]]]},"properties":{"p":"08-014464.0000","o":"SHETTERLY BETH","a":"MESA","d":"EASTERN LSD (BROWN CO.)","t":2711.41,"l":"500: Res-Vacant Land","c":0}},{"type":"Feature","geometry":{"type":"Polygon","coordinates":[[[-83.791831,38.941877],[-83.791788,38.941878],[-83.791488,38.94158],[-83.791772,38.941406],[-83.792231,38.941863],[-83.791831,38.941877]]]},"properties":{"p":"08-013788.0000","o":"BARNES BRENDA","a":"PAPOOSE DRIVE","d":"EASTERN LSD (BROWN CO.)","t":2688.34,"l":"500: Res-Vacant Land","c":0}},{"type":"Feature","geometry":{"type":"Polygon","coordinates":[[[-83.800106,38.933556],[-83.79915,38.933418],[-83.799728,38.933058],[-83.800176,38.933462],[-83.800131,38.933505],[-83.800106,38.933556]]]},"properties":{"p":"08-013456.0000","o":"WAYNOKA DEVELP CORP","a":"WOODCHUCK COVE","d":"EASTERN LSD (BROWN CO.)","t":2458.85,"l":"500: Res-Vacant Land","c":0}},{"type":"Feature","geometry":{"type":"Polygon","coordinates":[[[-83.777272,38.953995],[-83.77751,38.954466],[-83.777261,38.954545],[-83.777018,38.954073],[-83.777272,38.953995]]]},"properties":{"p":"08-013320.0000","o":"MELTON JAYSON M","a":"YUMA DR","d":"EASTERN LSD (BROWN CO.)","t":2486.85,"l":"500: Res-Vacant Land","c":0}},{"type":"Feature","geometry":{"type":"Polygon","coordinates":[[[-83.779872,38.953905],[-83.780164,38.954453],[-83.7799,38.954536],[-83.779599,38.953991],[-83.779872,38.953905]]]},"properties":{"p":"08-013260.0000","o":"HILL EDWARD","a":"YUMA DR","d":"EASTERN LSD (BROWN CO.)","t":2765.01,"l":"500: Res-Vacant Land","c":0}},{"type":"Feature","geometry":{"type":"Polygon","coordinates":[[[-83.779488,38.952494],[-83.779258,38.952566],[-83.778998,38.952066],[-83.779232,38.951993],[-83.779488,38.952494]]]},"properties":{"p":"08-013056.0000","o":"BALL VIRGINIA L","a":"TUCUMCARI","d":"EASTERN LSD (BROWN CO.)","t":2610.54,"l":"500: Res-Vacant Land","c":0}},{"type":"Feature","geometry":{"type":"Polygon","coordinates":[[[-83.782451,38.951569],[-83.782206,38.951645],[-83.781935,38.95114],[-83.782185,38.951062],[-83.782451,38.951569]]]},"properties":{"p":"08-013008.0000","o":"DANIELS BARBARA J","a":"TUCUMCARI","d":"EASTERN LSD (BROWN CO.)","t":2486.85,"l":"500: Res-Vacant Land","c":0}},{"type":"Feature","geometry":{"type":"Polygon","coordinates":[[[-83.780561,38.950976],[-83.780832,38.951488],[-83.780574,38.951569],[-83.78031,38.951055],[-83.780561,38.950976]]]},"properties":{"p":"08-012968.0000","o":"MARSHALL JAMES N & PATRICIA A","a":"TOTEM POLE DR","d":"EASTERN LSD (BROWN CO.)","t":2760.7,"l":"500: Res-Vacant Land","c":0}},{"type":"Feature","geometry":{"type":"Polygon","coordinates":[[[-83.781001,38.948674],[-83.781146,38.948629],[-83.781432,38.949166],[-83.781173,38.949247],[-83.780893,38.948709],[-83.781001,38.948674]]]},"properties":{"p":"08-012728.0000","o":"COTTER ANTHONY S","a":"RIO BRAZOS DR","d":"EASTERN LSD (BROWN CO.)","t":2553.49,"l":"500: Res-Vacant Land","c":0}},{"type":"Feature","geometry":{"type":"Polygon","coordinates":[[[-83.781728,38.94707],[-83.781886,38.94702],[-83.78216,38.947565],[-83.781922,38.947638],[-83.781633,38.947101],[-83.781728,38.94707]]]},"properties":{"p":"08-012556.0000","o":"TUCKER MYRA & DELORES","a":"CUSTER DR","d":"EASTERN LSD (BROWN CO.)","t":2521.25,"l":"500: Res-Vacant Land","c":0}},{"type":"Feature","geometry":{"type":"Polygon","coordinates":[[[-83.77969,38.947718],[-83.779532,38.947768],[-83.779273,38.947276],[-83.779512,38.947202],[-83.77976,38.947695],[-83.77969,38.947718]]]},"properties":{"p":"08-012496.0000","o":"BLACK JAMES T & ELEANOR E","a":"SARSI DRIVE","d":"EASTERN LSD (BROWN CO.)","t":2795.1,"l":"500: Res-Vacant Land","c":0}},{"type":"Feature","geometry":{"type":"Polygon","coordinates":[[[-83.778225,38.948183],[-83.778064,38.948234],[-83.777814,38.947739],[-83.778037,38.947668],[-83.778295,38.948161],[-83.778225,38.948183]]]},"properties":{"p":"08-012472.0000","o":"BURDEN VERLA E","a":"SARSI DRIVE","d":"EASTERN LSD (BROWN CO.)","t":2581.41,"l":"500: Res-Vacant Land","c":0}},{"type":"Feature","geometry":{"type":"Polygon","coordinates":[[[-83.781549,38.945795],[-83.781803,38.945716],[-83.782064,38.946228],[-83.781814,38.946307],[-83.781549,38.945795]]]},"properties":{"p":"08-012388.0000","o":"NIXON IVEY JR","a":"SARSI DRIVE","d":"EASTERN LSD (BROWN CO.)","t":2795.1,"l":"500: Res-Vacant Land","c":0}},{"type":"Feature","geometry":{"type":"Polygon","coordinates":[[[-83.78055,38.946107],[-83.780486,38.946127],[-83.780226,38.945636],[-83.780468,38.94556],[-83.780719,38.946054],[-83.78055,38.946107]]]},"properties":{"p":"08-012348.0000","o":"BREWER CLARENCE SR","a":"BLACK HAWK","d":"EASTERN LSD (BROWN CO.)","t":2547.01,"l":"500: Res-Vacant Land","c":0}},{"type":"Feature","geometry":{"type":"Polygon","coordinates":[[[-83.779576,38.94641],[-83.7795,38.946434],[-83.779247,38.945946],[-83.77949,38.945868],[-83.779748,38.946357],[-83.779576,38.94641]]]},"properties":{"p":"08-012332.0000","o":"GOGWEKAR ARVIND G","a":"BLACK HAWK","d":"EASTERN LSD (BROWN CO.)","t":2610.54,"l":"500: Res-Vacant Land","c":0}},{"type":"Feature","geometry":{"type":"Polygon","coordinates":[[[-83.777924,38.943381],[-83.777645,38.943053],[-83.777668,38.942799],[-83.778202,38.943164],[-83.778043,38.943303],[-83.777924,38.943381]]]},"properties":{"p":"08-011900.0000","o":"RACE JEFFERSON D JR & LAURA","a":"SENATOBIA","d":"EASTERN LSD (BROWN CO.)","t":2758.46,"l":"500: Res-Vacant Land","c":0}},{"type":"Feature","geometry":{"type":"Polygon","coordinates":[[[-83.783722,38.941599],[-83.782974,38.941595],[-83.782976,38.941389],[-83.783724,38.941393],[-83.783722,38.941599]]]},"properties":{"p":"08-011816.0000","o":"MONROE JAMES L JR & MARTHA","a":"1 UKA","d":"EASTERN LSD (BROWN CO.)","t":2509.75,"l":"500: Res-Vacant Land","c":0}},{"type":"Feature","geometry":{"type":"Polygon","coordinates":[[[-83.788522,38.945922],[-83.788857,38.945799],[-83.788822,38.946404],[-83.788772,38.946456],[-83.788558,38.946534],[-83.788242,38.946025],[-83.788522,38.945922]]]},"properties":{"p":"08-011576.0000","o":"FAUL JACOB R JR","a":"ZUNI DR","d":"EASTERN LSD (BROWN CO.)","t":2722.04,"l":"500: Res-Vacant Land","c":0}},{"type":"Feature","geometry":{"type":"Polygon","coordinates":[[[-83.78593,38.94826],[-83.78569,38.948347],[-83.785413,38.947862],[-83.785648,38.947776],[-83.78593,38.94826]]]},"properties":{"p":"08-011500.0000","o":"BOWLING KATHY","a":"ZUNI DR","d":"EASTERN LSD (BROWN CO.)","t":2486.85,"l":"500: Res-Vacant Land","c":0}},{"type":"Feature","geometry":{"type":"Polygon","coordinates":[[[-83.787114,38.947826],[-83.78729,38.947762],[-83.787607,38.948272],[-83.787367,38.948363],[-83.787048,38.94785],[-83.787114,38.947826]]]},"properties":{"p":"08-011428.0000","o":"FAUL PATSY G","a":"UTE DR","d":"EASTERN LSD (BROWN CO.)","t":2732.49,"l":"500: Res-Vacant Land","c":0}},{"type":"Feature","geometry":{"type":"Polygon","coordinates":[[[-83.78569,38.948347],[-83.78585,38.948289],[-83.786165,38.948797],[-83.785938,38.948877],[-83.785624,38.948371],[-83.78569,38.948347]]]},"properties":{"p":"08-011404.0000","o":"ENDICOTT RANCE","a":"UTE","d":"EASTERN LSD (BROWN CO.)","t":2789.63,"l":"500: Res-Vacant Land","c":0}},{"type":"Feature","geometry":{"type":"Polygon","coordinates":[[[-83.786403,38.949466],[-83.786551,38.949412],[-83.786855,38.94994],[-83.786635,38.950019],[-83.786313,38.949499],[-83.786403,38.949466]]]},"properties":{"p":"08-011288.0000","o":"LETCHER JOEY C","a":"PIUTE","d":"EASTERN LSD (BROWN CO.)","t":2610.54,"l":"500: Res-Vacant Land","c":0}},{"type":"Feature","geometry":{"type":"Polygon","coordinates":[[[-83.784869,38.95003],[-83.785107,38.949943],[-83.785426,38.950457],[-83.785187,38.950544],[-83.784869,38.95003]]]},"properties":{"p":"08-011264.0000","o":"RANDOLPH SAMUEL","a":"PIUTE","d":"EASTERN LSD (BROWN CO.)","t":2760.7,"l":"500: Res-Vacant Land","c":0}},{"type":"Feature","geometry":{"type":"Polygon","coordinates":[[[-83.787935,38.950334],[-83.787793,38.950386],[-83.787506,38.949888],[-83.787748,38.949805],[-83.78805,38.950292],[-83.787935,38.950334]]]},"properties":{"p":"08-011208.0000","o":"BELPERIO JOSEPH & MARY","a":"PIUTE","d":"EASTERN LSD (BROWN CO.)","t":2583.71,"l":"500: Res-Vacant Land","c":0}},{"type":"Feature","geometry":{"type":"Polygon","coordinates":[[[-83.758781,38.954217],[-83.758882,38.953344],[-83.759099,38.953309],[-83.759601,38.953383],[-83.758781,38.954217]]]},"properties":{"p":"07-008636.0000","o":"DAY MONA V","a":"ITAWAMBA COVE","d":"EASTERN LSD (BROWN CO.)","t":2676.05,"l":"500: Res-Vacant Land","c":0}},{"type":"Feature","geometry":{"type":"Polygon","coordinates":[[[-83.759631,38.953352],[-83.759601,38.953383],[-83.759099,38.953309],[-83.759508,38.953242],[-83.759547,38.953309],[-83.759631,38.953352]]]},"properties":{"p":"07-008636.0000","o":"DAY MONA V","a":"ITAWAMBA COVE","d":"EASTERN LSD (BROWN CO.)","t":2676.05,"l":"500: Res-Vacant Land","c":0}},{"type":"Feature","geometry":{"type":"Polygon","coordinates":[[[-83.714919,38.991688],[-83.714022,38.991376],[-83.714208,38.990903],[-83.715138,38.991178],[-83.714919,38.991688]]]},"properties":{"p":"07-007540.0000","o":"GERARD JENNA JO TRUSTEE","a":"9810 FINCASTLE - WINCHESTER","d":"EASTERN LSD (BROWN CO.)","t":2677.53,"l":"510: Res-Single Family","c":0}},{"type":"Feature","geometry":{"type":"Polygon","coordinates":[[[-83.795577,39.001475],[-83.795844,39.001621],[-83.794909,39.002233],[-83.794674,39.002036],[-83.79548,39.001422],[-83.795577,39.001475]]]},"properties":{"p":"42-081452.0000","o":"FIST ROGER D","a":"ST RT 32","d":"EASTERN LSD (BROWN CO.)","t":2577.08,"l":"510: Res-Single Family","c":0}},{"type":"Feature","geometry":{"type":"Polygon","coordinates":[[[-83.793743,38.728752],[-83.794972,38.727572],[-83.795131,38.727694],[-83.796001,38.728778],[-83.794583,38.729762],[-83.793743,38.728752]]]},"properties":{"p":"39-074928.0800","o":"PEMBERTON LAURA","a":"3330 HOWARD HILL","d":"RIPLEY-UNION-LEWIS LSD","t":2594.22,"l":"500: Res-Vacant Land","c":0}},{"type":"Feature","geometry":{"type":"Polygon","coordinates":[[[-83.782464,38.9237],[-83.782763,38.923708],[-83.78269,38.924287],[-83.782439,38.924279],[-83.782464,38.9237]]]},"properties":{"p":"08-009880.0000","o":"PENNY HERBERT J & JUNE","a":"SEMINOLE","d":"EASTERN LSD (BROWN CO.)","t":2065.71,"l":"500: Res-Vacant Land","c":0}},{"type":"Feature","geometry":{"type":"Polygon","coordinates":[[[-83.788268,38.946822],[-83.788544,38.947303],[-83.788311,38.947388],[-83.788034,38.946907],[-83.788268,38.946822]]]},"properties":{"p":"08-011456.0000","o":"GIBSON HENRY","a":"ZUNI DR","d":"EASTERN LSD (BROWN CO.)","t":2424.45,"l":"500: Res-Vacant Land","c":0}},{"type":"Feature","geometry":{"type":"Polygon","coordinates":[[[-83.784638,38.947345],[-83.784904,38.947248],[-83.7852,38.947757],[-83.784818,38.947896],[-83.784755,38.947898],[-83.784699,38.947875],[-83.784659,38.947814],[-83.784638,38.947345]]]},"properties":{"p":"08-011516.0000","o":"WILLIAMS BRYAN","a":"ZUNI & HAW CORNER","d":"EASTERN LSD (BROWN CO.)","t":1882.16,"l":"500: Res-Vacant Land","c":0}},{"type":"Feature","geometry":{"type":"Polygon","coordinates":[[[-83.785207,38.947137],[-83.785369,38.947077],[-83.785682,38.947582],[-83.78545,38.947667],[-83.785137,38.947162],[-83.785207,38.947137]]]},"properties":{"p":"08-011524.0000","o":"JAMES SONNY & KIRSTEN","a":"ZUNI DR","d":"EASTERN LSD (BROWN CO.)","t":2254.97,"l":"500: Res-Vacant Land","c":0}},{"type":"Feature","geometry":{"type":"Polygon","coordinates":[[[-83.781026,38.942678],[-83.780923,38.943189],[-83.780723,38.943193],[-83.780538,38.94251],[-83.781026,38.942678]]]},"properties":{"p":"08-012116.0000","o":"LINDY RUDY","a":"TUPELO DRIVE","d":"EASTERN LSD (BROWN CO.)","t":1941.12,"l":"500: Res-Vacant Land","c":0}},{"type":"Feature","geometry":{"type":"Polygon","coordinates":[[[-83.781478,38.94715],[-83.781633,38.947101],[-83.781922,38.947638],[-83.781679,38.947714],[-83.781395,38.947176],[-83.781478,38.94715]]]},"properties":{"p":"08-012560.0000","o":"HARRIS MICHAEL & MICHELLE","a":"CUSTER DR","d":"EASTERN LSD (BROWN CO.)","t":2100.69,"l":"500: Res-Vacant Land","c":0}},{"type":"Feature","geometry":{"type":"Polygon","coordinates":[[[-83.779018,38.952641],[-83.77877,38.952719],[-83.778513,38.952219],[-83.778758,38.952142],[-83.779018,38.952641]]]},"properties":{"p":"08-013064.0000","o":"DOVER RALPH","a":"TUCUMCARI","d":"EASTERN LSD (BROWN CO.)","t":2193.73,"l":"500: Res-Vacant Land","c":0}},{"type":"Feature","geometry":{"type":"Polygon","coordinates":[[[-83.781194,38.952712],[-83.781442,38.952632],[-83.781711,38.953137],[-83.781461,38.953216],[-83.781194,38.952712]]]},"properties":{"p":"08-013152.0000","o":"BUCK CLARK T","a":"YUMA DR","d":"EASTERN LSD (BROWN CO.)","t":2365.08,"l":"500: Res-Vacant Land","c":0}},{"type":"Feature","geometry":{"type":"Polygon","coordinates":[[[-83.777913,38.953797],[-83.777633,38.953251],[-83.778004,38.953135],[-83.778069,38.953134],[-83.778116,38.953156],[-83.778142,38.953193],[-83.778254,38.953692],[-83.777913,38.953797]]]},"properties":{"p":"08-013336.0000","o":"JONES DWAYNE JR ETAL","a":"TUCUMCARI & RAWHIDE","d":"EASTERN LSD (BROWN CO.)","t":2367.99,"l":"500: Res-Vacant Land","c":0}},{"type":"Feature","geometry":{"type":"Polygon","coordinates":[[[-83.920756,39.108904],[-83.92046,39.109727],[-83.91809,39.109212],[-83.918387,39.108387],[-83.920756,39.108904]]]},"properties":{"p":"10-019268.0700","o":"SAMS JOANN","a":"17105 CLEMENTS","d":"WESTERN BROWN LSD","t":2307.73,"l":"580: Res-Custom Code","c":0}},{"type":"Feature","geometry":{"type":"Polygon","coordinates":[[[-83.766373,38.665232],[-83.766074,38.665443],[-83.765837,38.665241],[-83.766136,38.665029],[-83.766373,38.665232]]]},"properties":{"p":"15-022016.1200","o":"FARLEY RONDA","a":"271 BUDIG","d":"RIPLEY-UNION-LEWIS LSD","t":2140.28,"l":"560: Res-Mobile Home","c":0}},{"type":"Feature","geometry":{"type":"Polygon","coordinates":[[[-83.777419,38.94509],[-83.777482,38.945212],[-83.777446,38.945693],[-83.777175,38.945167],[-83.777419,38.94509]]]},"properties":{"p":"16-027492.0000","o":"LAWSON BENJAMIN CHARLES","a":"TUPELO","d":"EASTERN LSD (BROWN CO.)","t":2333.35,"l":"500: Res-Vacant Land","c":0}},{"type":"Feature","geometry":{"type":"Polygon","coordinates":[[[-83.775271,38.951859],[-83.775497,38.951788],[-83.775756,38.9523],[-83.775527,38.952371],[-83.775271,38.951859]]]},"properties":{"p":"16-027904.0000","o":"ZIGMAN ROBERT","a":"TOTEM POLE DR","d":"EASTERN LSD (BROWN CO.)","t":2332.15,"l":"500: Res-Vacant Land","c":0}},{"type":"Feature","geometry":{"type":"Polygon","coordinates":[[[-83.774152,38.950836],[-83.774084,38.950858],[-83.773836,38.950356],[-83.774066,38.950284],[-83.774321,38.950784],[-83.774152,38.950836]]]},"properties":{"p":"16-028112.0000","o":"SEARS TERRI","a":"CUSTER DR","d":"EASTERN LSD (BROWN CO.)","t":1872.33,"l":"500: Res-Vacant Land","c":0}},{"type":"Feature","geometry":{"type":"Polygon","coordinates":[[[-83.772848,38.951245],[-83.772347,38.951401],[-83.772213,38.950935],[-83.772221,38.950885],[-83.772271,38.950845],[-83.772597,38.950743],[-83.772848,38.951245]]]},"properties":{"p":"16-028136.0000","o":"ROSS VIRGINIA M","a":"CUSTER","d":"EASTERN LSD (BROWN CO.)","t":1768.72,"l":"500: Res-Vacant Land","c":0}},{"type":"Feature","geometry":{"type":"Polygon","coordinates":[[[-83.774375,38.949447],[-83.7741,38.948911],[-83.774328,38.94884],[-83.774603,38.949375],[-83.774375,38.949447]]]},"properties":{"p":"16-028260.0000","o":"CROFT PAUL","a":"SARSI DR","d":"EASTERN LSD (BROWN CO.)","t":2332.15,"l":"500: Res-Vacant Land","c":0}},{"type":"Feature","geometry":{"type":"Polygon","coordinates":[[[-83.775739,38.947613],[-83.775799,38.947593],[-83.77607,38.948116],[-83.775825,38.948193],[-83.775561,38.947669],[-83.775739,38.947613]]]},"properties":{"p":"16-028376.0000","o":"DICK TERRY S & REBECCA J","a":"SARSI DR","d":"EASTERN LSD (BROWN CO.)","t":2382.6,"l":"500: Res-Vacant Land","c":0}},{"type":"Feature","geometry":{"type":"Polygon","coordinates":[[[-83.775799,38.947593],[-83.775739,38.947613],[-83.775483,38.947119],[-83.775724,38.947042],[-83.775976,38.947537],[-83.775799,38.947593]]]},"properties":{"p":"16-028384.0000","o":"BLAKE GLENN","a":"BLACK HAWK DR","d":"EASTERN LSD (BROWN CO.)","t":2449.35,"l":"500: Res-Vacant Land","c":0}},{"type":"Feature","geometry":{"type":"Polygon","coordinates":[[[-83.766244,38.930778],[-83.766247,38.930575],[-83.766949,38.930599],[-83.766944,38.930792],[-83.766244,38.930778]]]},"properties":{"p":"16-029460.0000","o":"JONES LONNIE II & LABIR PAULA V","a":"HORSE SHOE","d":"EASTERN LSD (BROWN CO.)","t":1773.07,"l":"500: Res-Vacant Land","c":0}},{"type":"Feature","geometry":{"type":"Polygon","coordinates":[[[-83.757867,38.933923],[-83.757103,38.933895],[-83.757116,38.933696],[-83.757892,38.933724],[-83.757867,38.933923]]]},"properties":{"p":"16-032024.0000","o":"DAO HOANG LAM","a":"SITTING BULL","d":"EASTERN LSD (BROWN CO.)","t":2392.34,"l":"500: Res-Vacant Land","c":0}},{"type":"Feature","geometry":{"type":"Polygon","coordinates":[[[-83.761436,38.941177],[-83.761367,38.94148],[-83.760785,38.941362],[-83.760837,38.941132],[-83.761436,38.941177]]]},"properties":{"p":"16-032348.0000","o":"BROWN MELODY R","a":"MONTANA","d":"EASTERN LSD (BROWN CO.)","t":1871.58,"l":"500: Res-Vacant Land","c":0}},{"type":"Feature","geometry":{"type":"Polygon","coordinates":[[[-83.761499,38.938657],[-83.761942,38.938673],[-83.76192,38.939024],[-83.761477,38.93901],[-83.761499,38.938657]]]},"properties":{"p":"16-032396.0000","o":"SHORT DALE","a":"QUARTER HORSE","d":"EASTERN LSD (BROWN CO.)","t":1994.33,"l":"500: Res-Vacant Land","c":0}},{"type":"Feature","geometry":{"type":"Polygon","coordinates":[[[-83.979053,39.187801],[-83.979684,39.187888],[-83.979646,39.188074],[-83.979013,39.187988],[-83.979053,39.187801]]]},"properties":{"p":"23-043044.0000","o":"STATE OF OHIO","a":"ESSEX","d":"FAYETTEVILLE-PERRY LSD","t":1784.29,"l":"500: Res-Vacant Land","c":0}},{"type":"Feature","geometry":{"type":"Polygon","coordinates":[[[-83.931039,39.185363],[-83.930909,39.184615],[-83.931441,39.18453],[-83.931537,39.185073],[-83.931313,39.185097],[-83.931353,39.18533],[-83.931039,39.185363]]]},"properties":{"p":"27-053392.0000","o":"RUMMEL DEBORAH","a":"301 RUSSELL","d":"FAYETTEVILLE-PERRY LSD","t":1835.93,"l":"510: Res-Single Family","c":0}},{"type":"Feature","geometry":{"type":"Polygon","coordinates":[[[-83.920986,38.915283],[-83.919687,38.915189],[-83.919748,38.914677],[-83.920272,38.914712],[-83.921002,38.914959],[-83.920986,38.915283]]]},"properties":{"p":"34-070792.0100","o":"DAY ERMA TERESA","a":"4035 WHITE OAK VALLEY","d":"WESTERN BROWN LSD","t":2185.86,"l":"580: Res-Custom Code","c":0}},{"type":"Feature","geometry":{"type":"Polygon","coordinates":[[[-83.992573,39.038214],[-83.992108,39.038128],[-83.992228,39.037762],[-83.993018,39.037933],[-83.9929,39.038274],[-83.992573,39.038214]]]},"properties":{"p":"37-070968.0000","o":"EARY KENNETH R & DEBBIE L","a":"14553 BEVERLY DR","d":"WESTERN BROWN LSD","t":1931.78,"l":"510: Res-Single Family","c":0}},{"type":"Feature","geometry":{"type":"Polygon","coordinates":[[[-83.954271,39.107703],[-83.955016,39.107857],[-83.955298,39.10778],[-83.955445,39.107831],[-83.955634,39.107982],[-83.955755,39.108012],[-83.955548,39.108615],[-83.956085,39.10876],[-83.956056,39.108886],[-83.953955,39.108398],[-83.954271,39.107703]]]},"properties":{"p":"37-072196.0000","o":"MURRELL JOSEPH G","a":"17120 MALADY","d":"WESTERN BROWN LSD","t":2313.08,"l":"510: Res-Single Family","c":0}},{"type":"Feature","geometry":{"type":"Polygon","coordinates":[[[-83.831181,39.011235],[-83.831118,39.011125],[-83.831058,39.010754],[-83.831658,39.010874],[-83.831483,39.01176],[-83.831181,39.011235]]]},"properties":{"p":"42-081696.0000","o":"DUNCAN DONNA KAY","a":"13549 CORBOY","d":"EASTERN LSD (BROWN CO.)","t":1890.79,"l":"510: Res-Single Family","c":0}},{"type":"Feature","geometry":{"type":"Polygon","coordinates":[[[-83.834315,38.749325],[-83.834773,38.749137],[-83.834976,38.749441],[-83.83452,38.749626],[-83.834315,38.749325]]]},"properties":{"p":"41-080808.0000","o":"GERMANN PAUL E ETAL","a":"MAIN","d":"RIPLEY-UNION-LEWIS LSD","t":2112.07,"l":"580: Res-Custom Code","c":0}},{"type":"Feature","geometry":{"type":"Polygon","coordinates":[[[-83.841705,38.746799],[-83.841541,38.746501],[-83.841731,38.746432],[-83.841896,38.74673],[-83.841705,38.746799]]]},"properties":{"p":"41-080164.0000","o":"CARTER RETA & DAVID","a":"405 MAIN","d":"RIPLEY-UNION-LEWIS LSD","t":1812.32,"l":"510: Res-Single Family","c":0}},{"type":"Feature","geometry":{"type":"Polygon","coordinates":[[[-83.843432,38.746603],[-83.843315,38.746407],[-83.843378,38.746383],[-83.843495,38.74658],[-83.843432,38.746603]]]},"properties":{"p":"41-078196.0000","o":"BREWSTER JARROD","a":"MAIN & FOURTH","d":"RIPLEY-UNION-LEWIS LSD","t":2435.83,"l":"499: Com-Other","c":0}},{"type":"Feature","geometry":{"type":"Polygon","coordinates":[[[-83.848385,38.749313],[-83.847833,38.749512],[-83.847783,38.749445],[-83.848325,38.749239],[-83.848385,38.749313]]]},"properties":{"p":"41-078180.0000","o":"DUGAN DONOVAN","a":"237 SECOND","d":"RIPLEY-UNION-LEWIS LSD","t":2064.61,"l":"510: Res-Single Family","c":0}},{"type":"Feature","geometry":{"type":"Polygon","coordinates":[[[-83.79091,38.774863],[-83.790709,38.774883],[-83.790951,38.771509],[-83.802245,38.772157],[-83.802315,38.77125],[-83.802251,38.772157],[-83.802037,38.77454],[-83.801967,38.775901],[-83.793687,38.775181],[-83.793357,38.773999],[-83.79216,38.773854],[-83.792111,38.774005],[-83.792015,38.774159],[-83.791834,38.774367],[-83.791668,38.774517],[-83.791451,38.774677],[-83.79128,38.774769],[-83.791112,38.774827],[-83.79091,38.774863]]]},"properties":{"p":"39-075844.0000","o":"BALDWIN MICHAEL R","a":"7657 CHICKEN HOLLOW","d":"RIPLEY-UNION-LEWIS LSD","t":1859.6,"l":"111: Agr-CAUV-Cash-Grain Farm","c":0}},{"type":"Feature","geometry":{"type":"Polygon","coordinates":[[[-83.906144,38.769115],[-83.907116,38.769252],[-83.907043,38.769496],[-83.90666,38.769366],[-83.906109,38.76925],[-83.906144,38.769115]]]},"properties":{"p":"39-074692.0000","o":"HOOK GEO M JR ETAL","a":"US 52","d":"RIPLEY-UNION-LEWIS LSD","t":1814.03,"l":"500: Res-Vacant Land","c":0}},{"type":"Feature","geometry":{"type":"Polygon","coordinates":[[[-83.83893,38.776476],[-83.839024,38.776991],[-83.835352,38.776735],[-83.835415,38.775592],[-83.837727,38.775745],[-83.83826,38.776196],[-83.838874,38.776217],[-83.83893,38.776476]]]},"properties":{"p":"39-073912.0401","o":"HEDGES CHAD","a":"5072 SCHWALLIE","d":"RIPLEY-UNION-LEWIS LSD","t":1789.62,"l":"110: Agr-CAUV-Vacant Land","c":0}},{"type":"Feature","geometry":{"type":"Polygon","coordinates":[[[-83.838236,38.773424],[-83.838313,38.773595],[-83.8385,38.77435],[-83.835508,38.773905],[-83.835898,38.77295],[-83.835984,38.772992],[-83.836274,38.773069],[-83.837002,38.773134],[-83.837619,38.773283],[-83.838085,38.773339],[-83.838148,38.773362],[-83.838236,38.773424]]]},"properties":{"p":"39-073908.0100","o":"MCCANN JOHN","a":"5028 SCHWALLIE RD","d":"RIPLEY-UNION-LEWIS LSD","t":2059.86,"l":"580: Res-Custom Code","c":0}},{"type":"Feature","geometry":{"type":"Polygon","coordinates":[[[-83.999796,39.101896],[-83.999769,39.101926],[-83.99899,39.101745],[-83.999794,39.100843],[-84.000576,39.101013],[-83.999796,39.101896]]]},"properties":{"p":"37-073096.0300","o":"HUNT NANCY J & EDWARD C ERKENBRECKER JR","a":"16840 BLOOMROSE","d":"WESTERN BROWN LSD","t":1907.55,"l":"560: Res-Mobile Home","c":0}},{"type":"Feature","geometry":{"type":"Polygon","coordinates":[[[-83.977407,39.062252],[-83.977342,39.062232],[-83.978247,39.060372],[-83.977503,39.060142],[-83.979182,39.055698],[-83.97957,39.055794],[-83.978805,39.058392],[-83.978312,39.060392],[-83.977407,39.062252]]]},"properties":{"p":"37-072792.0400","o":"CHABR LLC","a":"2308 BARDWELL WEST","d":"WESTERN BROWN LSD","t":1862.97,"l":"580: Res-Custom Code","c":0}},{"type":"Feature","geometry":{"type":"Polygon","coordinates":[[[-83.98976,39.076591],[-83.989495,39.077275],[-83.988911,39.077147],[-83.989184,39.076479],[-83.98976,39.076591]]]},"properties":{"p":"37-072716.0200","o":"TUCKER ROBERT L","a":"1982 HARKER WAITS","d":"WESTERN BROWN LSD","t":2302.36,"l":"560: Res-Mobile Home","c":0}},{"type":"Feature","geometry":{"type":"Polygon","coordinates":[[[-83.969068,39.035937],[-83.970331,39.036199],[-83.970073,39.037035],[-83.96876,39.036749],[-83.969068,39.035937]]]},"properties":{"p":"37-072312.0000","o":"BOLAND JOSEPH D & ROBIN R","a":"SHORT","d":"WESTERN BROWN LSD","t":2358.21,"l":"580: Res-Custom Code","c":0}},{"type":"Feature","geometry":{"type":"Polygon","coordinates":[[[-83.985237,39.086432],[-83.985459,39.087141],[-83.985008,39.087226],[-83.984696,39.086787],[-83.984621,39.08655],[-83.985237,39.086432]]]},"properties":{"p":"37-071836.0300","o":"MOFFORD CAMREN","a":"2231 GREENBUSH WEST RD","d":"WESTERN BROWN LSD","t":2178.8,"l":"510: Res-Single Family","c":0}},{"type":"Feature","geometry":{"type":"Polygon","coordinates":[[[-83.99744,39.083497],[-83.997877,39.082999],[-83.998509,39.083334],[-83.998071,39.083838],[-83.99744,39.083497]]]},"properties":{"p":"37-071212.1200","o":"MCANINCH MARY F","a":"16218 SAMS DR","d":"WESTERN BROWN LSD","t":2325.71,"l":"580: Res-Custom Code","c":0}},{"type":"Feature","geometry":{"type":"Polygon","coordinates":[[[-83.903575,38.867819],[-83.903554,38.867999],[-83.903345,38.867985],[-83.903367,38.867788],[-83.903577,38.867802],[-83.903575,38.867819]]]},"properties":{"p":"33-067648.0000","o":"SHEPERD GROVER","a":"108 NORTH ST EAST","d":"GEORGETOWN EVSD","t":2354.42,"l":"510: Res-Single Family","c":0}},{"type":"Feature","geometry":{"type":"Polygon","coordinates":[[[-83.905309,38.86793],[-83.905286,38.86811],[-83.905091,38.868094],[-83.905115,38.867914],[-83.905309,38.86793]]]},"properties":{"p":"33-067456.0000","o":"JIMENEZ FRANKLYN ETAL","a":"305 PLEASANT NORTH","d":"GEORGETOWN EVSD","t":1896.34,"l":"530: Res-Three Family","c":0}},{"type":"Feature","geometry":{"type":"Polygon","coordinates":[[[-83.901923,38.86932],[-83.901908,38.86947],[-83.901453,38.869442],[-83.901468,38.869291],[-83.901923,38.86932]]]},"properties":{"p":"33-066596.0000","o":"HACKER REBECCA L","a":"421 WATER","d":"GEORGETOWN EVSD","t":2067.89,"l":"510: Res-Single Family","c":0}},{"type":"Feature","geometry":{"type":"Polygon","coordinates":[[[-83.913478,38.864174],[-83.913695,38.864641],[-83.913533,38.864696],[-83.913317,38.864228],[-83.913478,38.864174]]]},"properties":{"p":"33-061552.0000","o":"GRACE REBECCA M","a":"512 STATE ST WEST","d":"GEORGETOWN EVSD","t":1767.96,"l":"510: Res-Single Family","c":0}},{"type":"Feature","geometry":{"type":"Polygon","coordinates":[[[-83.901615,38.860024],[-83.901094,38.860368],[-83.901139,38.859813],[-83.902001,38.8597],[-83.902043,38.859741],[-83.901615,38.860024]]]},"properties":{"p":"33-061180.0000","o":"LIMING RUSSELL-DENNIS-CHARLES &","a":"430 MARSHALL","d":"GEORGETOWN EVSD","t":1860.04,"l":"580: Res-Custom Code","c":0}},{"type":"Feature","geometry":{"type":"Polygon","coordinates":[[[-83.906943,38.849408],[-83.906977,38.849028],[-83.907928,38.848882],[-83.907896,38.849227],[-83.907124,38.849349],[-83.906943,38.849408]]]},"properties":{"p":"33-058908.0115","o":"LONDON DAVID & CHASTITY","a":"80 CURRY RIDGE","d":"GEORGETOWN EVSD","t":1766.47,"l":"510: Res-Single Family","c":0}},{"type":"Feature","geometry":{"type":"Polygon","coordinates":[[[-84.009655,39.028452],[-84.009796,39.02799],[-84.013637,39.02868],[-84.013558,39.028936],[-84.013084,39.029179],[-84.009634,39.028523],[-84.009655,39.028452]]]},"properties":{"p":"29-072660.0104","o":"MOORE ROBERT","a":"14197 TODDS RUN NEW HARMONY","d":"WESTERN BROWN LSD","t":2341.24,"l":"580: Res-Custom Code","c":0}},{"type":"Feature","geometry":{"type":"Polygon","coordinates":[[[-83.942575,38.994086],[-83.941772,38.99163],[-83.940616,38.991866],[-83.940138,38.990422],[-83.94138,38.990129],[-83.942438,38.993344],[-83.942852,38.993317],[-83.942445,38.993345],[-83.94269,38.994079],[-83.942575,38.994086]]]},"properties":{"p":"29-056340.0100","o":"ROSE ANGELA M","a":"3308 OAKLAND LOCUST RIDGE","d":"WESTERN BROWN LSD","t":2398.15,"l":"560: Res-Mobile Home","c":0}},{"type":"Feature","geometry":{"type":"Polygon","coordinates":[[[-83.98863,38.99559],[-83.988658,38.995362],[-83.993667,38.99573],[-83.993553,38.996643],[-83.991599,38.996521],[-83.991669,38.995819],[-83.988625,38.99563],[-83.98863,38.99559]]]},"properties":{"p":"29-056076.0007","o":"KRUMMEN VENUS MARIA","a":"12997 LOWER CUMBERLAND","d":"WESTERN BROWN LSD","t":2036.73,"l":"580: Res-Custom Code","c":0}},{"type":"Feature","geometry":{"type":"Polygon","coordinates":[[[-83.937817,39.015182],[-83.937968,39.015237],[-83.937614,39.015765],[-83.936748,39.015466],[-83.936948,39.015154],[-83.937674,39.015402],[-83.937817,39.015182]]]},"properties":{"p":"29-055540.0101","o":"NEWMAN COURTNEY","a":"3413 PLEASANT HILL","d":"WESTERN BROWN LSD","t":1980.77,"l":"510: Res-Single Family","c":0}},{"type":"Feature","geometry":{"type":"Polygon","coordinates":[[[-83.934602,39.187146],[-83.934301,39.187178],[-83.934268,39.18699],[-83.934569,39.186959],[-83.934602,39.187146]]]},"properties":{"p":"27-053540.0000","o":"VANWINKLE DEANNA","a":"111 MAIN STREET","d":"FAYETTEVILLE-PERRY LSD","t":2291.95,"l":"510: Res-Single Family","c":0}},{"type":"Feature","geometry":{"type":"Polygon","coordinates":[[[-83.893117,39.215066],[-83.893145,39.214739],[-83.893497,39.214758],[-83.893469,39.215084],[-83.893117,39.215066]]]},"properties":{"p":"23-054694.0000","o":"RICHIE MICHAEL A","a":"ST RT 251 & CHURCH","d":"FAYETTEVILLE-PERRY LSD","t":2422.74,"l":"400: Com-Vacant Land","c":0}},{"type":"Feature","geometry":{"type":"Polygon","coordinates":[[[-83.892796,39.214719],[-83.893145,39.214739],[-83.893117,39.215066],[-83.892766,39.215048],[-83.892796,39.214719]]]},"properties":{"p":"23-054690.0000","o":"RICHIE MICHAEL A","a":"CHURCH","d":"FAYETTEVILLE-PERRY LSD","t":2422.74,"l":"400: Com-Vacant Land","c":0}},{"type":"Feature","geometry":{"type":"Polygon","coordinates":[[[-83.902936,39.206961],[-83.903001,39.206352],[-83.903743,39.205978],[-83.903619,39.207011],[-83.902936,39.206961]]]},"properties":{"p":"23-051692.0000","o":"PIERCE OTIS & VOGES JACQUELINE","a":"4411 ANDERSON STATE","d":"FAYETTEVILLE-PERRY LSD","t":2203.97,"l":"510: Res-Single Family","c":0}},{"type":"Feature","geometry":{"type":"Polygon","coordinates":[[[-83.895908,39.191374],[-83.89573,39.190326],[-83.896123,39.190273],[-83.896353,39.191316],[-83.895908,39.191374]]]},"properties":{"p":"23-051460.0003","o":"JONES JOSEPH & SHIRLEY","a":"4630 US 50","d":"FAYETTEVILLE-PERRY LSD","t":1813.02,"l":"580: Res-Custom Code","c":0}},{"type":"Feature","geometry":{"type":"Polygon","coordinates":[[[-83.953054,39.191208],[-83.953494,39.191238],[-83.953397,39.192196],[-83.952958,39.192166],[-83.953054,39.191208]]]},"properties":{"p":"23-051196.0200","o":"ELDER RENEE","a":"20290 FAYETTEVILLE BLANCHEST","d":"FAYETTEVILLE-PERRY LSD","t":2169.73,"l":"510: Res-Single Family","c":0}},{"type":"Feature","geometry":{"type":"Polygon","coordinates":[[[-83.992641,39.215821],[-83.992886,39.213821],[-83.993345,39.213853],[-83.993259,39.214553],[-83.992779,39.214855],[-83.992663,39.215808],[-83.992641,39.215821]]]},"properties":{"p":"23-050744.0205","o":"WILSON PRESTON","a":"HUNT RD","d":"FAYETTEVILLE-PERRY LSD","t":1945.26,"l":"500: Res-Vacant Land","c":0}},{"type":"Feature","geometry":{"type":"Polygon","coordinates":[[[-83.955127,39.144175],[-83.958026,39.142279],[-83.958384,39.142013],[-83.958088,39.144121],[-83.957492,39.144201],[-83.956513,39.14411],[-83.955722,39.144151],[-83.954349,39.144923],[-83.954,39.144844],[-83.954459,39.144585],[-83.955127,39.144175]]]},"properties":{"p":"23-050572.0600","o":"DUMFORD DAVID","a":"GAUCHE","d":"FAYETTEVILLE-PERRY LSD","t":1828.76,"l":"500: Res-Vacant Land","c":0}},{"type":"Feature","geometry":{"type":"Polygon","coordinates":[[[-83.962439,39.185964],[-83.962092,39.185968],[-83.962143,39.185527],[-83.962178,39.185472],[-83.96224,39.185434],[-83.962367,39.185418],[-83.962439,39.185964]]]},"properties":{"p":"23-045272.0000","o":"JONES KEVIN J & SANDRA L","a":"SCHMIDT","d":"FAYETTEVILLE-PERRY LSD","t":2402.78,"l":"500: Res-Vacant Land","c":0}},{"type":"Feature","geometry":{"type":"Polygon","coordinates":[[[-83.96986,39.202386],[-83.969839,39.202591],[-83.969196,39.202553],[-83.969215,39.202348],[-83.96986,39.202386]]]},"properties":{"p":"23-043936.0000","o":"ROHRKEMPER MAURICE H","a":"HALLE","d":"FAYETTEVILLE-PERRY LSD","t":1768.8,"l":"500: Res-Vacant Land","c":0}},{"type":"Feature","geometry":{"type":"Polygon","coordinates":[[[-83.972666,39.198815],[-83.972689,39.198622],[-83.973335,39.198671],[-83.973313,39.198861],[-83.972666,39.198815]]]},"properties":{"p":"23-043716.0000","o":"HUGHES STEPHEN M & MILTON","a":"ODENWALD","d":"FAYETTEVILLE-PERRY LSD","t":1860.94,"l":"500: Res-Vacant Land","c":0}},{"type":"Feature","geometry":{"type":"Polygon","coordinates":[[[-83.967262,38.789476],[-83.966973,38.789469],[-83.96699,38.789016],[-83.967279,38.789023],[-83.967262,38.789476]]]},"properties":{"p":"22-042356.0000","o":"LUNSFORD TERRY","a":"404 WASHINGTON","d":"RIPLEY-UNION-LEWIS LSD","t":2389.16,"l":"510: Res-Single Family","c":0}},{"type":"Feature","geometry":{"type":"Polygon","coordinates":[[[-83.970825,38.790235],[-83.970809,38.790688],[-83.97052,38.790681],[-83.970536,38.790228],[-83.970825,38.790235]]]},"properties":{"p":"22-042184.0000","o":"BRITT MARTHA ESKEW","a":"304 OLIVE","d":"RIPLEY-UNION-LEWIS LSD","t":2410.89,"l":"510: Res-Single Family","c":0}},{"type":"Feature","geometry":{"type":"Polygon","coordinates":[[[-83.968875,38.791325],[-83.968876,38.791284],[-83.969503,38.791276],[-83.969706,38.791825],[-83.968861,38.791806],[-83.968875,38.791325]]]},"properties":{"p":"22-041916.0000","o":"MADDEN SUZANNE R","a":"300 GAINES","d":"RIPLEY-UNION-LEWIS LSD","t":2163.27,"l":"510: Res-Single Family","c":0}},{"type":"Feature","geometry":{"type":"Polygon","coordinates":[[[-83.975011,38.850249],[-83.974824,38.850063],[-83.977524,38.848249],[-83.978065,38.848702],[-83.975291,38.850506],[-83.975011,38.850249]]]},"properties":{"p":"21-041780.1900","o":"NEAL VICTOR S","a":"GARDNER","d":"GEORGETOWN EVSD","t":2144.54,"l":"500: Res-Vacant Land","c":0}},{"type":"Feature","geometry":{"type":"Polygon","coordinates":[[[-83.78656,38.870785],[-83.785834,38.870744],[-83.785863,38.870567],[-83.785733,38.870559],[-83.785787,38.870287],[-83.786257,38.870328],[-83.786218,38.870503],[-83.786652,38.870528],[-83.786623,38.870788],[-83.78656,38.870785]]]},"properties":{"p":"18-038876.0000","o":"LIBBY LAUREN","a":"316 COLUMBUS NORTH","d":"EASTERN LSD (BROWN CO.)","t":1924.1,"l":"510: Res-Single Family","c":0}},{"type":"Feature","geometry":{"type":"Polygon","coordinates":[[[-83.770043,38.949398],[-83.769963,38.949256],[-83.770658,38.949073],[-83.770733,38.949248],[-83.770093,38.94949],[-83.770043,38.949398]]]},"properties":{"p":"16-035888.0000","o":"CARRINGTON DAVID JR","a":"YUMA","d":"EASTERN LSD (BROWN CO.)","t":2364.41,"l":"500: Res-Vacant Land","c":0}},{"type":"Feature","geometry":{"type":"Polygon","coordinates":[[[-83.760995,38.949453],[-83.760305,38.949409],[-83.760319,38.949193],[-83.760988,38.949237],[-83.760995,38.949453]]]},"properties":{"p":"16-035200.0000","o":"GAVIN SHAWN A","a":"ITAWAMBA DR","d":"EASTERN LSD (BROWN CO.)","t":1778.74,"l":"500: Res-Vacant Land","c":0}},{"type":"Feature","geometry":{"type":"Polygon","coordinates":[[[-83.759929,38.95081],[-83.759183,38.950759],[-83.759209,38.950537],[-83.759959,38.950584],[-83.759929,38.95081]]]},"properties":{"p":"16-035148.0000","o":"SULLIVAN STEVEN-NORA-CHRISTIAN","a":"ITAWAMBA","d":"EASTERN LSD (BROWN CO.)","t":2028.35,"l":"500: Res-Vacant Land","c":0}},{"type":"Feature","geometry":{"type":"Polygon","coordinates":[[[-83.758346,38.946369],[-83.758302,38.946936],[-83.758039,38.946923],[-83.758085,38.946329],[-83.758353,38.946278],[-83.758346,38.946369]]]},"properties":{"p":"16-034972.0000","o":"FLOWERS CARSIE JR & BARBARA","a":"BONANZA","d":"EASTERN LSD (BROWN CO.)","t":2421.89,"l":"500: Res-Vacant Land","c":0}},{"type":"Feature","geometry":{"type":"Polygon","coordinates":[[[-83.758199,38.947673],[-83.757936,38.947661],[-83.75798,38.947085],[-83.758244,38.947098],[-83.758199,38.947673]]]},"properties":{"p":"16-034912.0000","o":"POLLITT RUSTY","a":"BONANZA","d":"EASTERN LSD (BROWN CO.)","t":1958.82,"l":"500: Res-Vacant Land","c":0}},{"type":"Feature","geometry":{"type":"Polygon","coordinates":[[[-83.770775,38.938037],[-83.770528,38.938027],[-83.770561,38.937535],[-83.7708,38.937542],[-83.770775,38.938037]]]},"properties":{"p":"16-034068.0000","o":"JENKINS JOANN","a":"STALLION","d":"EASTERN LSD (BROWN CO.)","t":2421.89,"l":"500: Res-Vacant Land","c":0}},{"type":"Feature","geometry":{"type":"Polygon","coordinates":[[[-83.761031,38.934088],[-83.760386,38.93406],[-83.760412,38.933704],[-83.760778,38.933718],[-83.761,38.933764],[-83.761048,38.933832],[-83.761031,38.934088]]]},"properties":{"p":"16-033504.0000","o":"SPORNHAUER GLORIA","a":"MONTANA","d":"EASTERN LSD (BROWN CO.)","t":2441.36,"l":"500: Res-Vacant Land","c":0}},{"type":"Feature","geometry":{"type":"Polygon","coordinates":[[[-83.76108,38.936676],[-83.761086,38.936465],[-83.761816,38.936505],[-83.761803,38.936704],[-83.76108,38.936676]]]},"properties":{"p":"16-033408.0000","o":"KLEIMEYER WILLIAM ALLAN","a":"MONTANA DR","d":"EASTERN LSD (BROWN CO.)","t":1961.68,"l":"500: Res-Vacant Land","c":0}},{"type":"Feature","geometry":{"type":"Polygon","coordinates":[[[-83.764363,38.936295],[-83.764373,38.936084],[-83.765062,38.936114],[-83.76505,38.936328],[-83.764363,38.936295]]]},"properties":{"p":"16-033128.0000","o":"RESORT LAND CORP","a":"BRAVE","d":"EASTERN LSD (BROWN CO.)","t":1817.29,"l":"500: Res-Vacant Land","c":0}},{"type":"Feature","geometry":{"type":"Polygon","coordinates":[[[-83.764373,38.936084],[-83.764382,38.935876],[-83.765073,38.935905],[-83.765062,38.936114],[-83.764373,38.936084]]]},"properties":{"p":"16-033124.0000","o":"LACKEY MURSE D & LORETTA","a":"BRAVE","d":"EASTERN LSD (BROWN CO.)","t":2441.36,"l":"500: Res-Vacant Land","c":0}},{"type":"Feature","geometry":{"type":"Polygon","coordinates":[[[-83.76597,38.936266],[-83.766703,38.936298],[-83.76672,38.936525],[-83.76599,38.936492],[-83.76597,38.936266]]]},"properties":{"p":"16-032992.0000","o":"PELFREY LARRY","a":"WHITE DOVE","d":"EASTERN LSD (BROWN CO.)","t":2247.16,"l":"500: Res-Vacant Land","c":0}},{"type":"Feature","geometry":{"type":"Polygon","coordinates":[[[-83.767362,38.937821],[-83.766659,38.937793],[-83.766669,38.937585],[-83.767376,38.93762],[-83.767362,38.937821]]]},"properties":{"p":"16-032924.0000","o":"ROCK ROBERT E JR & ANN L","a":"HORSE SHOE","d":"EASTERN LSD (BROWN CO.)","t":1788.3,"l":"500: Res-Vacant Land","c":0}},{"type":"Feature","geometry":{"type":"Polygon","coordinates":[[[-83.76815,38.938558],[-83.768164,38.938238],[-83.768536,38.938254],[-83.76851,38.938818],[-83.76815,38.938558]]]},"properties":{"p":"16-032888.0000","o":"NIEKAMP STEPHEN M","a":"PALOMINO","d":"EASTERN LSD (BROWN CO.)","t":2421.89,"l":"500: Res-Vacant Land","c":0}},{"type":"Feature","geometry":{"type":"Polygon","coordinates":[[[-83.764841,38.941544],[-83.76478,38.941282],[-83.765479,38.941269],[-83.765503,38.941443],[-83.764841,38.941544]]]},"properties":{"p":"16-032716.0000","o":"REID CARLOS E","a":"WHITE DOVE","d":"EASTERN LSD (BROWN CO.)","t":1904.59,"l":"500: Res-Vacant Land","c":0}},{"type":"Feature","geometry":{"type":"Polygon","coordinates":[[[-83.761642,38.939836],[-83.760929,38.939809],[-83.760933,38.939604],[-83.761655,38.93964],[-83.761642,38.939836]]]},"properties":{"p":"16-032376.0000","o":"WEST SANDY","a":"MONTANA","d":"EASTERN LSD (BROWN CO.)","t":1945.52,"l":"500: Res-Vacant Land","c":0}},{"type":"Feature","geometry":{"type":"Polygon","coordinates":[[[-83.760645,38.940867],[-83.760022,38.94084],[-83.760064,38.94059],[-83.760663,38.940616],[-83.760645,38.940867]]]},"properties":{"p":"16-032304.0000","o":"PHELPS JAMES & LUCILLE","a":"MONTANA","d":"EASTERN LSD (BROWN CO.)","t":2271.65,"l":"500: Res-Vacant Land","c":0}},{"type":"Feature","geometry":{"type":"Polygon","coordinates":[[[-83.756919,38.936589],[-83.756932,38.936395],[-83.757627,38.936418],[-83.757616,38.936615],[-83.756919,38.936589]]]},"properties":{"p":"16-032068.0000","o":"ROUSH BRIAN","a":"SITTING BULL","d":"EASTERN LSD (BROWN CO.)","t":1784.31,"l":"500: Res-Vacant Land","c":0}},{"type":"Feature","geometry":{"type":"Polygon","coordinates":[[[-83.770571,38.929757],[-83.77058,38.929219],[-83.770843,38.929223],[-83.7709,38.92924],[-83.771114,38.929522],[-83.770571,38.929757]]]},"properties":{"p":"16-031792.0000","o":"HAMMONS MARC","a":"HORSE SHOE","d":"EASTERN LSD (BROWN CO.)","t":2389.12,"l":"500: Res-Vacant Land","c":0}},{"type":"Feature","geometry":{"type":"Polygon","coordinates":[[[-83.766256,38.929966],[-83.766259,38.929764],[-83.766969,38.929781],[-83.766964,38.92999],[-83.766256,38.929966]]]},"properties":{"p":"16-031680.0000","o":"ORME AUDIE","a":"HORSE SHOE","d":"EASTERN LSD (BROWN CO.)","t":2441.37,"l":"500: Res-Vacant Land","c":0}},{"type":"Feature","geometry":{"type":"Polygon","coordinates":[[[-83.773764,38.93703],[-83.773872,38.937227],[-83.773278,38.937426],[-83.773171,38.937229],[-83.773764,38.93703]]]},"properties":{"p":"16-031492.0000","o":"BLEVINS FAYE","a":"LONESTAR DR","d":"EASTERN LSD (BROWN CO.)","t":1826.04,"l":"500: Res-Vacant Land","c":0}},{"type":"Feature","geometry":{"type":"Polygon","coordinates":[[[-83.774043,38.929939],[-83.774748,38.929987],[-83.774719,38.930192],[-83.774012,38.930144],[-83.774043,38.929939]]]},"properties":{"p":"16-031020.0000","o":"BUSH TIMOTHY T","a":"STATELINE","d":"EASTERN LSD (BROWN CO.)","t":2293.39,"l":"500: Res-Vacant Land","c":0}},{"type":"Feature","geometry":{"type":"Polygon","coordinates":[[[-83.774579,38.931216],[-83.773853,38.931167],[-83.773885,38.930962],[-83.774607,38.931011],[-83.774579,38.931216]]]},"properties":{"p":"16-030948.0000","o":"ABRAMS LARRY","a":"STATELINE","d":"EASTERN LSD (BROWN CO.)","t":1877.51,"l":"500: Res-Vacant Land","c":0}},{"type":"Feature","geometry":{"type":"Polygon","coordinates":[[[-83.771789,38.929234],[-83.772211,38.929239],[-83.772202,38.929708],[-83.771784,38.929522],[-83.771789,38.929234]]]},"properties":{"p":"16-030904.0000","o":"LOPRESPI AARON & JENNIFER","a":"PONY EXPRESS","d":"EASTERN LSD (BROWN CO.)","t":1942.28,"l":"500: Res-Vacant Land","c":0}},{"type":"Feature","geometry":{"type":"Polygon","coordinates":[[[-83.771519,38.931086],[-83.771191,38.930575],[-83.771426,38.930482],[-83.771754,38.930994],[-83.771519,38.931086]]]},"properties":{"p":"16-030852.0000","o":"WATZEK LAWRENCE J & DENISE","a":"SPEARHEAD","d":"EASTERN LSD (BROWN CO.)","t":2421.89,"l":"500: Res-Vacant Land","c":0}},{"type":"Feature","geometry":{"type":"Polygon","coordinates":[[[-83.777022,38.945855],[-83.777285,38.946365],[-83.776965,38.946465],[-83.776903,38.946468],[-83.776855,38.946447],[-83.776827,38.94641],[-83.776723,38.945949],[-83.777022,38.945855]]]},"properties":{"p":"16-030332.0000","o":"LIPKA ROBERT W SR","a":"BLACK HAWK DR","d":"EASTERN LSD (BROWN CO.)","t":1918.04,"l":"500: Res-Vacant Land","c":0}},{"type":"Feature","geometry":{"type":"Polygon","coordinates":[[[-83.76192,38.939024],[-83.761942,38.938673],[-83.76227,38.938686],[-83.762321,38.938704],[-83.762356,38.938737],[-83.76237,38.938782],[-83.76235,38.939039],[-83.76192,38.939024]]]},"properties":{"p":"16-030196.0000","o":"COFFMAN JAMIE","a":"QUARTER HORSE","d":"EASTERN LSD (BROWN CO.)","t":2421.89,"l":"500: Res-Vacant Land","c":0}},{"type":"Feature","geometry":{"type":"Polygon","coordinates":[[[-83.767656,38.934994],[-83.768365,38.935018],[-83.768373,38.935243],[-83.767639,38.93521],[-83.767656,38.934994]]]},"properties":{"p":"16-029712.0000","o":"FIELDS MICHAEL","a":"HORSE SHOE","d":"EASTERN LSD (BROWN CO.)","t":2392.34,"l":"500: Res-Vacant Land","c":0}},{"type":"Feature","geometry":{"type":"Polygon","coordinates":[[[-83.766034,38.943011],[-83.765691,38.942784],[-83.766225,38.942548],[-83.766396,38.942722],[-83.766034,38.943011]]]},"properties":{"p":"16-029424.0000","o":"HATTON SANDRA","a":"WHITE DOVE","d":"EASTERN LSD (BROWN CO.)","t":2271.65,"l":"500: Res-Vacant Land","c":0}},{"type":"Feature","geometry":{"type":"Polygon","coordinates":[[[-83.769073,38.934461],[-83.769078,38.934689],[-83.768354,38.934745],[-83.768345,38.934509],[-83.769073,38.934461]]]},"properties":{"p":"16-029364.0000","o":"PFUETZNER INGEBORG H","a":"CRAZY HORSE","d":"EASTERN LSD (BROWN CO.)","t":1762.09,"l":"500: Res-Vacant Land","c":0}},{"type":"Feature","geometry":{"type":"Polygon","coordinates":[[[-83.773434,38.946973],[-83.773576,38.946928],[-83.773861,38.94746],[-83.773626,38.947536],[-83.773358,38.946997],[-83.773434,38.946973]]]},"properties":{"p":"16-028508.0000","o":"TATE MARK A","a":"BLACK HAWK DR","d":"EASTERN LSD (BROWN CO.)","t":2166.58,"l":"500: Res-Vacant Land","c":0}},{"type":"Feature","geometry":{"type":"Polygon","coordinates":[[[-83.772205,38.94736],[-83.772379,38.947305],[-83.772642,38.947846],[-83.772399,38.947922],[-83.772131,38.947384],[-83.772205,38.94736]]]},"properties":{"p":"16-028488.0000","o":"STACY SCOTT L","a":"BLACK HAWK DR","d":"EASTERN LSD (BROWN CO.)","t":2445.87,"l":"500: Res-Vacant Land","c":0}},{"type":"Feature","geometry":{"type":"Polygon","coordinates":[[[-83.772161,38.950143],[-83.771902,38.949626],[-83.772145,38.949546],[-83.772416,38.950063],[-83.772161,38.950143]]]},"properties":{"p":"16-028296.0000","o":"LEWIS STEVEN M & BRENDA M","a":"SARSI DR","d":"EASTERN LSD (BROWN CO.)","t":2059.37,"l":"500: Res-Vacant Land","c":0}},{"type":"Feature","geometry":{"type":"Polygon","coordinates":[[[-83.772775,38.94995],[-83.772648,38.94999],[-83.772369,38.949473],[-83.772623,38.949389],[-83.772906,38.949909],[-83.772775,38.94995]]]},"properties":{"p":"16-028288.0000","o":"EVANS IRENE","a":"SARSI DR","d":"EASTERN LSD (BROWN CO.)","t":2291.16,"l":"500: Res-Vacant Land","c":0}},{"type":"Feature","geometry":{"type":"Polygon","coordinates":[[[-83.775624,38.950376],[-83.775544,38.950401],[-83.775297,38.9499],[-83.775538,38.949825],[-83.775795,38.950322],[-83.775624,38.950376]]]},"properties":{"p":"16-028088.0000","o":"CRAIG MARGARET","a":"CUSTER","d":"EASTERN LSD (BROWN CO.)","t":2449.35,"l":"500: Res-Vacant Land","c":0}},{"type":"Feature","geometry":{"type":"Polygon","coordinates":[[[-83.774812,38.954755],[-83.775057,38.955243],[-83.774819,38.955318],[-83.77457,38.95483],[-83.774812,38.954755]]]},"properties":{"p":"16-027664.0000","o":"CONLEY STEVEN & WENDY","a":"YUMA DR","d":"EASTERN LSD (BROWN CO.)","t":2375.72,"l":"500: Res-Vacant Land","c":0}},{"type":"Feature","geometry":{"type":"Polygon","coordinates":[[[-83.772307,38.954787],[-83.772244,38.95457],[-83.773007,38.954439],[-83.773067,38.954647],[-83.772307,38.954787]]]},"properties":{"p":"16-027584.0000","o":"FAIR ENTERPRISES WEST INC","a":"YUMA DR","d":"EASTERN LSD (BROWN CO.)","t":1974.36,"l":"500: Res-Vacant Land","c":0}},{"type":"Feature","geometry":{"type":"Polygon","coordinates":[[[-83.772421,38.955182],[-83.772363,38.954983],[-83.773122,38.954838],[-83.773182,38.955046],[-83.772421,38.955182]]]},"properties":{"p":"16-027576.0000","o":"COOK ALFRED GUY","a":"YUMA DR","d":"EASTERN LSD (BROWN CO.)","t":1923.8,"l":"500: Res-Vacant Land","c":0}},{"type":"Feature","geometry":{"type":"Polygon","coordinates":[[[-83.759914,38.918627],[-83.759936,38.917912],[-83.764354,38.918028],[-83.76433,38.918653],[-83.759914,38.918627]]]},"properties":{"p":"16-026866.0200","o":"THACKER DONNIE G & TAMMY L","a":"8191 ASHRIDGE ARHIEM","d":"EASTERN LSD (BROWN CO.)","t":2222.51,"l":"580: Res-Custom Code","c":0}},{"type":"Feature","geometry":{"type":"Polygon","coordinates":[[[-83.764294,38.90973],[-83.763732,38.909715],[-83.763795,38.908068],[-83.764357,38.908084],[-83.764294,38.90973]]]},"properties":{"p":"16-026616.1500","o":"TAYLOR CARRIE L","a":"8436 ASHRIDGE ARNHEIM","d":"EASTERN LSD (BROWN CO.)","t":2170.67,"l":"560: Res-Mobile Home","c":0}},{"type":"Feature","geometry":{"type":"Polygon","coordinates":[[[-83.68191,38.921319],[-83.681588,38.921031],[-83.681596,38.92093],[-83.683552,38.919522],[-83.684829,38.920516],[-83.683246,38.921159],[-83.682951,38.92126],[-83.68275,38.9213],[-83.682601,38.921311],[-83.682105,38.921299],[-83.68191,38.921319]]]},"properties":{"p":"16-026588.0001","o":"BLAIR SAMANTHA","a":"10764 TAMME RD","d":"EASTERN LSD (BROWN CO.)","t":2106.61,"l":"510: Res-Single Family","c":0}},{"type":"Feature","geometry":{"type":"Polygon","coordinates":[[[-83.778813,38.689961],[-83.780691,38.689135],[-83.781154,38.690325],[-83.779424,38.691086],[-83.778813,38.689961]]]},"properties":{"p":"15-023152.0107","o":"NEFF LOUIS","a":"US 52","d":"RIPLEY-UNION-LEWIS LSD","t":2157.39,"l":"500: Res-Vacant Land","c":0}},{"type":"Feature","geometry":{"type":"Polygon","coordinates":[[[-83.705373,38.641781],[-83.70689,38.642613],[-83.707229,38.642476],[-83.707082,38.643116],[-83.707474,38.642957],[-83.707995,38.643252],[-83.707057,38.643898],[-83.706535,38.643603],[-83.706144,38.643762],[-83.706291,38.643122],[-83.705951,38.64326],[-83.705335,38.642922],[-83.705373,38.641781]]]},"properties":{"p":"12-023284.0000","o":"HAMERKOP DEVELOPMENT LLC","a":"US 52","d":"RIPLEY-UNION-LEWIS LSD","t":1789.58,"l":"499: Com-Other","c":0}},{"type":"Feature","geometry":{"type":"Polygon","coordinates":[[[-83.711907,38.747235],[-83.712042,38.747337],[-83.712211,38.747423],[-83.712714,38.747573],[-83.71281,38.747626],[-83.712881,38.747701],[-83.7134,38.748952],[-83.713514,38.749411],[-83.713536,38.749782],[-83.713475,38.750094],[-83.713275,38.75059],[-83.712605,38.750346],[-83.711864,38.751113],[-83.711593,38.751789],[-83.7099,38.750833],[-83.707526,38.749711],[-83.708816,38.748136],[-83.709836,38.74867],[-83.711656,38.746737],[-83.711659,38.746843],[-83.7117,38.74697],[-83.711766,38.747082],[-83.711907,38.747235]]]},"properties":{"p":"12-022420.0000","o":"DEHART TIMOTHY L & GARY L BRASHEAR JR","a":"4004 ST RT 763","d":"RIPLEY-UNION-LEWIS LSD","t":2264.67,"l":"510: Res-Single Family","c":0}},{"type":"Feature","geometry":{"type":"Polygon","coordinates":[[[-83.916438,39.031828],[-83.917012,39.031859],[-83.917002,39.032012],[-83.916428,39.031982],[-83.916438,39.031828]]]},"properties":{"p":"11-020884.0000","o":"EARY KENNETH & DEBBIE","a":"316 MCKINLEY","d":"WESTERN BROWN LSD","t":2071.5,"l":"510: Res-Single Family","c":0}},{"type":"Feature","geometry":{"type":"Polygon","coordinates":[[[-83.917164,39.025744],[-83.917631,39.025835],[-83.917567,39.026018],[-83.917104,39.025927],[-83.917164,39.025744]]]},"properties":{"p":"11-020700.0000","o":"SCOTT MICHAEL & DONNA","a":"113 KEETHLER","d":"WESTERN BROWN LSD","t":1815.57,"l":"510: Res-Single Family","c":0}},{"type":"Feature","geometry":{"type":"Polygon","coordinates":[[[-83.90389,39.104743],[-83.903956,39.103819],[-83.905654,39.10388],[-83.905572,39.10477],[-83.90389,39.104743]]]},"properties":{"p":"10-018624.0000","o":"BRADLEY KIMBERLY K","a":"4516 ST RT 286","d":"WESTERN BROWN LSD","t":2007.72,"l":"510: Res-Single Family","c":0}},{"type":"Feature","geometry":{"type":"Polygon","coordinates":[[[-83.912625,39.057415],[-83.914233,39.057555],[-83.913835,39.058073],[-83.912225,39.057958],[-83.912625,39.057415]]]},"properties":{"p":"10-018348.0100","o":"CONOVER RYAN C & KRISTIN R","a":"15267 HILLCREST","d":"WESTERN BROWN LSD","t":1943.6,"l":"560: Res-Mobile Home","c":0}},{"type":"Feature","geometry":{"type":"Polygon","coordinates":[[[-83.910202,39.064609],[-83.907735,39.063846],[-83.907916,39.063605],[-83.910334,39.064433],[-83.910202,39.064609]]]},"properties":{"p":"10-017992.0007","o":"REEVES KELLY G & ROBIN J","a":"15487 HILLCREST","d":"WESTERN BROWN LSD","t":1966.31,"l":"560: Res-Mobile Home","c":0}},{"type":"Feature","geometry":{"type":"Polygon","coordinates":[[[-83.93136,39.099902],[-83.931414,39.100196],[-83.930851,39.099988],[-83.930663,39.098805],[-83.931186,39.098925],[-83.93136,39.099902]]]},"properties":{"p":"10-017956.0000","o":"CASSIDY DENNIS","a":"16806 US 68","d":"WESTERN BROWN LSD","t":1934.6,"l":"510: Res-Single Family","c":0}},{"type":"Feature","geometry":{"type":"Polygon","coordinates":[[[-83.782424,38.925543],[-83.782448,38.924994],[-83.782881,38.925005],[-83.782864,38.925474],[-83.782847,38.925514],[-83.78277,38.925551],[-83.782424,38.925543]]]},"properties":{"p":"08-016352.0000","o":"HENRY LEONARD & JANET","a":"SHAWNEE & SEMINOLE","d":"EASTERN LSD (BROWN CO.)","t":1977.17,"l":"500: Res-Vacant Land","c":0}},{"type":"Feature","geometry":{"type":"Polygon","coordinates":[[[-83.78113,38.92496],[-83.781154,38.924411],[-83.781417,38.924418],[-83.781394,38.924967],[-83.78113,38.92496]]]},"properties":{"p":"08-016332.0000","o":"PRATHER JOHN P & DIANE R","a":"SEMINOLE","d":"EASTERN LSD (BROWN CO.)","t":2160.44,"l":"500: Res-Vacant Land","c":0}},{"type":"Feature","geometry":{"type":"Polygon","coordinates":[[[-83.780539,38.92365],[-83.780595,38.924234],[-83.780406,38.924279],[-83.779935,38.923634],[-83.780539,38.92365]]]},"properties":{"p":"08-016176.0000","o":"WATSON MARY & JOSH","a":"SEMINOLE","d":"EASTERN LSD (BROWN CO.)","t":1933.18,"l":"500: Res-Vacant Land","c":0}},{"type":"Feature","geometry":{"type":"Polygon","coordinates":[[[-83.793545,38.927645],[-83.793282,38.927632],[-83.793328,38.927084],[-83.793591,38.927097],[-83.793545,38.927645]]]},"properties":{"p":"08-015600.0000","o":"DENNIS THOMAS ARTHUR TRUSTEE","a":"NAVAJO DR","d":"EASTERN LSD (BROWN CO.)","t":2359.47,"l":"500: Res-Vacant Land","c":0}},{"type":"Feature","geometry":{"type":"Polygon","coordinates":[[[-83.792756,38.927605],[-83.793036,38.927619],[-83.79299,38.928169],[-83.79271,38.928153],[-83.792756,38.927605]]]},"properties":{"p":"08-015580.0000","o":"WHEELER NANCY","a":"WAYNOKA","d":"EASTERN LSD (BROWN CO.)","t":2130.18,"l":"500: Res-Vacant Land","c":0}},{"type":"Feature","geometry":{"type":"Polygon","coordinates":[[[-83.790181,38.940434],[-83.7901,38.940223],[-83.790784,38.940015],[-83.790885,38.94022],[-83.790181,38.940434]]]},"properties":{"p":"08-014764.0000","o":"KNISLEY VICTORIA & JOHN","a":"CREEK","d":"EASTERN LSD (BROWN CO.)","t":1876.26,"l":"500: Res-Vacant Land","c":0}},{"type":"Feature","geometry":{"type":"Polygon","coordinates":[[[-83.784893,38.946033],[-83.784295,38.946252],[-83.784222,38.946034],[-83.784187,38.945809],[-83.784703,38.945832],[-83.784893,38.946033]]]},"properties":{"p":"08-014544.0000","o":"BUSINESS VACATION CONCEPTS INC","a":"HAW","d":"EASTERN LSD (BROWN CO.)","t":2445.36,"l":"500: Res-Vacant Land","c":0}},{"type":"Feature","geometry":{"type":"Polygon","coordinates":[[[-83.796961,38.941269],[-83.796971,38.941063],[-83.797673,38.941083],[-83.797664,38.941289],[-83.796961,38.941269]]]},"properties":{"p":"08-013972.0000","o":"WAYNOKA DEVELP CORP","a":"CHOCTAW DRIVE","d":"EASTERN LSD (BROWN CO.)","t":2150.48,"l":"500: Res-Vacant Land","c":0}},{"type":"Feature","geometry":{"type":"Polygon","coordinates":[[[-83.796781,38.939646],[-83.796803,38.939066],[-83.797067,38.939075],[-83.797034,38.93968],[-83.796781,38.939646]]]},"properties":{"p":"08-013940.0000","o":"LAPP MARY LOUISE & RICK A","a":"WANNA DRIVE","d":"EASTERN LSD (BROWN CO.)","t":1828.51,"l":"500: Res-Vacant Land","c":0}},{"type":"Feature","geometry":{"type":"Polygon","coordinates":[[[-83.777369,38.951204],[-83.777679,38.951108],[-83.777788,38.951601],[-83.777762,38.951664],[-83.777481,38.951761],[-83.777218,38.951251],[-83.777369,38.951204]]]},"properties":{"p":"08-013392.0000","o":"NEFF JOHNNIE & MARJORIE","a":"TOTEM POLE & RAWHIDE DR","d":"EASTERN LSD (BROWN CO.)","t":2424.45,"l":"500: Res-Vacant Land","c":0}},{"type":"Feature","geometry":{"type":"Polygon","coordinates":[[[-83.781919,38.952479],[-83.782185,38.952987],[-83.781946,38.953063],[-83.781684,38.952554],[-83.781919,38.952479]]]},"properties":{"p":"08-013144.0000","o":"GULLETT STEPHANIE","a":"YUMA DR","d":"EASTERN LSD (BROWN CO.)","t":2081.86,"l":"500: Res-Vacant Land","c":0}},{"type":"Feature","geometry":{"type":"Polygon","coordinates":[[[-83.781442,38.952632],[-83.781194,38.952712],[-83.780934,38.95222],[-83.781181,38.952143],[-83.781442,38.952632]]]},"properties":{"p":"08-013112.0000","o":"PESCE GIOVAN","a":"TUCUMCARI","d":"EASTERN LSD (BROWN CO.)","t":2097.4,"l":"500: Res-Vacant Land","c":0}},{"type":"Feature","geometry":{"type":"Polygon","coordinates":[[[-83.77894,38.947956],[-83.778811,38.947997],[-83.778536,38.947508],[-83.778785,38.947429],[-83.779045,38.947922],[-83.77894,38.947956]]]},"properties":{"p":"08-012484.0000","o":"MARCELLO BRENDA","a":"SARSI DRIVE","d":"EASTERN LSD (BROWN CO.)","t":2374.55,"l":"500: Res-Vacant Land","c":0}},{"type":"Feature","geometry":{"type":"Polygon","coordinates":[[[-83.778295,38.948161],[-83.778037,38.947668],[-83.77829,38.947587],[-83.778547,38.948081],[-83.778295,38.948161]]]},"properties":{"p":"08-012476.0000","o":"DAVIS PAUL C JR","a":"SARSI DRIVE","d":"EASTERN LSD (BROWN CO.)","t":2441.48,"l":"500: Res-Vacant Land","c":0}},{"type":"Feature","geometry":{"type":"Polygon","coordinates":[[[-83.782079,38.941094],[-83.781816,38.941112],[-83.781754,38.940565],[-83.782017,38.940547],[-83.782079,38.941094]]]},"properties":{"p":"08-011972.0000","o":"DAIRY CHARLES","a":"WAYNOKA","d":"EASTERN LSD (BROWN CO.)","t":2145.54,"l":"500: Res-Vacant Land","c":0}},{"type":"Feature","geometry":{"type":"Polygon","coordinates":[[[-83.783724,38.941393],[-83.782976,38.941389],[-83.782978,38.941183],[-83.783726,38.941187],[-83.783724,38.941393]]]},"properties":{"p":"08-011820.0000","o":"COX WM HENRY & LOUISE","a":"1 UKA","d":"EASTERN LSD (BROWN CO.)","t":2387.19,"l":"500: Res-Vacant Land","c":0}},{"type":"Feature","geometry":{"type":"Polygon","coordinates":[[[-83.785844,38.946903],[-83.785682,38.946962],[-83.785373,38.946464],[-83.785598,38.946381],[-83.785907,38.94688],[-83.785844,38.946903]]]},"properties":{"p":"08-011628.0000","o":"MCDONALD MARY I & PHILLIP P","a":"MULE DR","d":"EASTERN LSD (BROWN CO.)","t":2437.65,"l":"500: Res-Vacant Land","c":0}},{"type":"Feature","geometry":{"type":"Polygon","coordinates":[[[-83.786327,38.946726],[-83.786154,38.94679],[-83.785844,38.946291],[-83.786078,38.946205],[-83.786388,38.946704],[-83.786327,38.946726]]]},"properties":{"p":"08-011620.0000","o":"MILLER ADAM N","a":"MULE DR","d":"EASTERN LSD (BROWN CO.)","t":2344.78,"l":"500: Res-Vacant Land","c":0}},{"type":"Feature","geometry":{"type":"Polygon","coordinates":[[[-83.786425,38.948078],[-83.786129,38.947601],[-83.786352,38.94752],[-83.786648,38.947997],[-83.786425,38.948078]]]},"properties":{"p":"08-011488.0000","o":"VALENTINE ANDREW JR & REGINA K","a":"ZUNI DR","d":"EASTERN LSD (BROWN CO.)","t":1964.12,"l":"500: Res-Vacant Land","c":0}},{"type":"Feature","geometry":{"type":"Polygon","coordinates":[[[-83.788544,38.947303],[-83.788268,38.946822],[-83.788631,38.94669],[-83.788718,38.94669],[-83.788772,38.946721],[-83.788798,38.946772],[-83.788765,38.947222],[-83.788544,38.947303]]]},"properties":{"p":"08-011452.0000","o":"LEWIS GARY & FREDA","a":"YUMA & ZUNI CORNER","d":"EASTERN LSD (BROWN CO.)","t":1792.08,"l":"500: Res-Vacant Land","c":0}},{"type":"Feature","geometry":{"type":"Polygon","coordinates":[[[-83.786068,38.949589],[-83.786313,38.949499],[-83.786635,38.950019],[-83.786389,38.950108],[-83.786068,38.949589]]]},"properties":{"p":"08-011284.0000","o":"MARTIN MARY O TRUSTEE","a":"PIUTE","d":"EASTERN LSD (BROWN CO.)","t":1894.3,"l":"500: Res-Vacant Land","c":0}},{"type":"Feature","geometry":{"type":"Polygon","coordinates":[[[-83.785538,38.951214],[-83.785406,38.951262],[-83.785111,38.950753],[-83.785355,38.950665],[-83.785643,38.951175],[-83.785538,38.951214]]]},"properties":{"p":"08-011248.0000","o":"HATFIELD KIMBERLY J","a":"PIUTE","d":"EASTERN LSD (BROWN CO.)","t":2283.66,"l":"500: Res-Vacant Land","c":0}},{"type":"Feature","geometry":{"type":"Polygon","coordinates":[[[-83.788509,38.950123],[-83.788767,38.950028],[-83.788779,38.950415],[-83.788752,38.950511],[-83.788683,38.950607],[-83.788592,38.950675],[-83.788459,38.950734],[-83.788179,38.950244],[-83.788509,38.950123]]]},"properties":{"p":"08-011192.0000","o":"ROWLETT MICHAEL W & SHANNON L","a":"YUMA DR","d":"EASTERN LSD (BROWN CO.)","t":2016.54,"l":"500: Res-Vacant Land","c":0}},{"type":"Feature","geometry":{"type":"Polygon","coordinates":[[[-83.789732,38.944313],[-83.789314,38.944511],[-83.789048,38.944181],[-83.789391,38.944015],[-83.789466,38.944008],[-83.789527,38.944042],[-83.789732,38.944313]]]},"properties":{"p":"08-010428.0000","o":"SHEEHAN ROBERT A","a":"MESA","d":"EASTERN LSD (BROWN CO.)","t":1974.75,"l":"500: Res-Vacant Land","c":0}},{"type":"Feature","geometry":{"type":"Polygon","coordinates":[[[-83.796528,38.928116],[-83.79613,38.928015],[-83.796,38.927728],[-83.796254,38.927675],[-83.796502,38.927655],[-83.796528,38.928116]]]},"properties":{"p":"08-010388.0000","o":"J ANDREW BOLAND TRUSTEE-JANET E","a":"LONG NAVAJO COVE","d":"EASTERN LSD (BROWN CO.)","t":1896.86,"l":"500: Res-Vacant Land","c":0}},{"type":"Feature","geometry":{"type":"Polygon","coordinates":[[[-83.98387,38.918329],[-83.983762,38.918256],[-83.984085,38.917952],[-83.984195,38.918022],[-83.98387,38.918329]]]},"properties":{"p":"06-005712.0000","o":"BOWLING KENON","a":"403 MAIN EAST","d":"WESTERN BROWN LSD","t":2231.85,"l":"500: Res-Vacant Land","c":0}},{"type":"Feature","geometry":{"type":"Polygon","coordinates":[[[-84.00632,38.936777],[-84.006021,38.939707],[-84.005332,38.939668],[-84.005677,38.936741],[-84.00632,38.936777]]]},"properties":{"p":"03-004572.0000","o":"NAPIER PERRY W & LISA D ETAL","a":"1398 YANKEETOWN","d":"WESTERN BROWN LSD","t":1992.02,"l":"580: Res-Custom Code","c":0}},{"type":"Feature","geometry":{"type":"Polygon","coordinates":[[[-84.01812,38.920653],[-84.018701,38.921292],[-84.016448,38.922429],[-84.015749,38.921805],[-84.018082,38.920611],[-84.01812,38.920653]]]},"properties":{"p":"03-004116.0000","o":"DEMOSS EDDIE D","a":"10270 LOVE DAY","d":"WESTERN BROWN LSD","t":2308.88,"l":"510: Res-Single Family","c":0}},{"type":"Feature","geometry":{"type":"Polygon","coordinates":[[[-84.019009,38.980541],[-84.018326,38.9805],[-84.018438,38.97989],[-84.019074,38.979933],[-84.019009,38.980541]]]},"properties":{"p":"03-003796.0000","o":"COLWELL AARON","a":"1156 STARLING","d":"WESTERN BROWN LSD","t":2168.25,"l":"510: Res-Single Family","c":0}},{"type":"Feature","geometry":{"type":"Polygon","coordinates":[[[-84.017729,38.942913],[-84.017153,38.942881],[-84.017418,38.940339],[-84.019266,38.940472],[-84.017729,38.942913]]]},"properties":{"p":"03-002560.0000","o":"CARROLL BEVERLY-JOSEPH & BOTKIN","a":"1151 YANKEETOWN","d":"WESTERN BROWN LSD","t":2308.3,"l":"510: Res-Single Family","c":0}},{"type":"Feature","geometry":{"type":"Polygon","coordinates":[[[-83.943282,39.027795],[-83.943182,39.028088],[-83.942907,39.028026],[-83.942857,39.027985],[-83.942855,39.027945],[-83.942939,39.027719],[-83.943282,39.027795]]]},"properties":{"p":"44-071768.0515","o":"BROWN TRACEY LEE","a":"213 BOYD","d":"WESTERN BROWN LSD","t":2389.52,"l":"510: Res-Single Family","c":0}},{"type":"Feature","geometry":{"type":"Polygon","coordinates":[[[-83.801238,39.009995],[-83.801217,39.009928],[-83.801603,39.009766],[-83.801624,39.009833],[-83.801238,39.009995]]]},"properties":{"p":"43-085580.0000","o":"COMPTON LEIGHTON T","a":"110 THOMPSON","d":"EASTERN LSD (BROWN CO.)","t":2131.17,"l":"510: Res-Single Family","c":0}},{"type":"Feature","geometry":{"type":"Polygon","coordinates":[[[-83.808431,39.009749],[-83.808463,39.009591],[-83.808874,39.009645],[-83.808842,39.009804],[-83.808431,39.009749]]]},"properties":{"p":"43-083708.0000","o":"STOKES JESSICA M","a":"125 AB MAIN","d":"EASTERN LSD (BROWN CO.)","t":1884.68,"l":"520: Res-Two Family","c":0}},{"type":"Feature","geometry":{"type":"Polygon","coordinates":[[[-83.797048,38.939417],[-83.797749,38.939437],[-83.797739,38.939642],[-83.797037,38.939623],[-83.797048,38.939417]]]},"properties":{"p":"08-009888.0000","o":"ZEISLER MICHAEL","a":"CHOCTAW DRIVE","d":"EASTERN LSD (BROWN CO.)","t":1665.71,"l":"500: Res-Vacant Land","c":0}},{"type":"Feature","geometry":{"type":"Polygon","coordinates":[[[-83.787222,38.950596],[-83.787094,38.950642],[-83.786786,38.950146],[-83.787023,38.95006],[-83.787331,38.950556],[-83.787222,38.950596]]]},"properties":{"p":"08-011220.0000","o":"NEU JOHN C & ROSE A","a":"PIUTE","d":"EASTERN LSD (BROWN CO.)","t":1331.47,"l":"500: Res-Vacant Land","c":0}},{"type":"Feature","geometry":{"type":"Polygon","coordinates":[[[-83.787834,38.947563],[-83.787996,38.947504],[-83.788292,38.948014],[-83.788071,38.948098],[-83.787757,38.947591],[-83.787834,38.947563]]]},"properties":{"p":"08-011440.0000","o":"CAMPBELL JEFFREY T & CRISTINA M","a":"UTE DR","d":"EASTERN LSD (BROWN CO.)","t":1702.39,"l":"500: Res-Vacant Land","c":0}},{"type":"Feature","geometry":{"type":"Polygon","coordinates":[[[-83.786873,38.947914],[-83.786597,38.947431],[-83.786826,38.947347],[-83.787114,38.947826],[-83.786873,38.947914]]]},"properties":{"p":"08-011480.0000","o":"HATFIELD JIMMY R & LENORA","a":"ZUNI DR","d":"EASTERN LSD (BROWN CO.)","t":1378.53,"l":"500: Res-Vacant Land","c":0}},{"type":"Feature","geometry":{"type":"Polygon","coordinates":[[[-83.78662,38.946619],[-83.78679,38.946557],[-83.787104,38.947064],[-83.786847,38.947158],[-83.786574,38.946636],[-83.78662,38.946619]]]},"properties":{"p":"08-011548.0000","o":"WALKER KEVIN","a":"ZUNI","d":"EASTERN LSD (BROWN CO.)","t":1601.26,"l":"500: Res-Vacant Land","c":0}},{"type":"Feature","geometry":{"type":"Polygon","coordinates":[[[-83.781867,38.9484],[-83.781732,38.948443],[-83.781481,38.947968],[-83.781736,38.947889],[-83.781994,38.94836],[-83.781867,38.9484]]]},"properties":{"p":"08-012692.0000","o":"ANDERSON OBEDIAH & BARBARA","a":"CUSTER DR","d":"EASTERN LSD (BROWN CO.)","t":1239.4,"l":"500: Res-Vacant Land","c":0}},{"type":"Feature","geometry":{"type":"Polygon","coordinates":[[[-83.922897,39.11137],[-83.922986,39.111128],[-83.923722,39.11129],[-83.923629,39.111524],[-83.922897,39.11137]]]},"properties":{"p":"10-018952.0000","o":"LATCHFORD TINA M","a":"17210 MINNICK","d":"WESTERN BROWN LSD","t":1266.36,"l":"510: Res-Single Family","c":0}},{"type":"Feature","geometry":{"type":"Polygon","coordinates":[[[-83.775096,38.690363],[-83.774964,38.690419],[-83.774487,38.690087],[-83.778025,38.688499],[-83.778041,38.688523],[-83.778008,38.688538],[-83.778576,38.689536],[-83.777015,38.689875],[-83.77647,38.689779],[-83.775096,38.690363]]]},"properties":{"p":"15-023152.0201","o":"HILES GARON","a":"7945 US 52","d":"RIPLEY-UNION-LEWIS LSD","t":1507.76,"l":"510: Res-Single Family","c":0}},{"type":"Feature","geometry":{"type":"Polygon","coordinates":[[[-83.76134,38.657679],[-83.761376,38.657813],[-83.760897,38.657893],[-83.76086,38.657759],[-83.76134,38.657679]]]},"properties":{"p":"15-024140.0000","o":"WILSON FREDERICKA","a":"891 MARKET","d":"RIPLEY-UNION-LEWIS LSD","t":1544.94,"l":"510: Res-Single Family","c":0}},{"type":"Feature","geometry":{"type":"Polygon","coordinates":[[[-83.771954,38.953564],[-83.771893,38.953353],[-83.772655,38.95322],[-83.772715,38.953426],[-83.771954,38.953564]]]},"properties":{"p":"16-027608.0000","o":"RUARK FRED S OR CAROL L","a":"YUMA DR","d":"EASTERN LSD (BROWN CO.)","t":1281.98,"l":"500: Res-Vacant Land","c":0}},{"type":"Feature","geometry":{"type":"Polygon","coordinates":[[[-83.77443,38.952121],[-83.774168,38.951613],[-83.774405,38.951539],[-83.774662,38.952049],[-83.77443,38.952121]]]},"properties":{"p":"16-027968.0000","o":"BUSINESS VACATION CONCEPTS INC","a":"RIO BRAZOS DR","d":"EASTERN LSD (BROWN CO.)","t":1248.02,"l":"500: Res-Vacant Land","c":0}},{"type":"Feature","geometry":{"type":"Polygon","coordinates":[[[-83.775194,38.949189],[-83.775449,38.949109],[-83.775696,38.949598],[-83.775451,38.949676],[-83.775194,38.949189]]]},"properties":{"p":"16-028192.0000","o":"COMBS DANIEL","a":"CUSTER","d":"EASTERN LSD (BROWN CO.)","t":1281.98,"l":"500: Res-Vacant Land","c":0}},{"type":"Feature","geometry":{"type":"Polygon","coordinates":[[[-83.774603,38.949375],[-83.774328,38.94884],[-83.77458,38.948761],[-83.77485,38.949297],[-83.774603,38.949375]]]},"properties":{"p":"16-028256.0000","o":"SHOOK BRIAN SCOTT & BARBARA A","a":"SARSI DR","d":"EASTERN LSD (BROWN CO.)","t":1281.98,"l":"500: Res-Vacant Land","c":0}},{"type":"Feature","geometry":{"type":"Polygon","coordinates":[[[-83.767593,38.938895],[-83.768337,38.938693],[-83.76851,38.938818],[-83.767734,38.939112],[-83.767652,38.93901],[-83.767593,38.938895]]]},"properties":{"p":"16-029580.0000","o":"SCAFF ESTELLA M","a":"HORSE SHOE","d":"EASTERN LSD (BROWN CO.)","t":1535.89,"l":"500: Res-Vacant Land","c":0}},{"type":"Feature","geometry":{"type":"Polygon","coordinates":[[[-83.756861,38.937431],[-83.756875,38.93723],[-83.757577,38.937261],[-83.757579,38.937467],[-83.756861,38.937431]]]},"properties":{"p":"16-032084.0000","o":"RHOADS JAMES W & ELIZABETH M","a":"SITTING BULL","d":"EASTERN LSD (BROWN CO.)","t":1314.24,"l":"500: Res-Vacant Land","c":0}},{"type":"Feature","geometry":{"type":"Polygon","coordinates":[[[-83.75672,38.939497],[-83.757901,38.939536],[-83.757902,38.939551],[-83.757859,38.939754],[-83.756706,38.939712],[-83.75672,38.939497]]]},"properties":{"p":"16-032124.0000","o":"PIWOWARSKI BOB","a":"SITTING BULL","d":"EASTERN LSD (BROWN CO.)","t":1508.79,"l":"500: Res-Vacant Land","c":0}},{"type":"Feature","geometry":{"type":"Polygon","coordinates":[[[-83.766913,38.93864],[-83.767323,38.938659],[-83.767337,38.938834],[-83.767403,38.938969],[-83.766892,38.938951],[-83.766913,38.93864]]]},"properties":{"p":"16-032912.0000","o":"BETHANY SAXTON NKA BETHANY BRESSER ETAL","a":"HORSE SHOE","d":"EASTERN LSD (BROWN CO.)","t":1469.69,"l":"500: Res-Vacant Land","c":0}},{"type":"Feature","geometry":{"type":"Polygon","coordinates":[[[-83.76597,38.936266],[-83.765967,38.936034],[-83.766705,38.93607],[-83.766703,38.936298],[-83.76597,38.936266]]]},"properties":{"p":"16-032988.0000","o":"WOLFE GINGER","a":"WHITE DOVE","d":"EASTERN LSD (BROWN CO.)","t":1580.3,"l":"500: Res-Vacant Land","c":0}},{"type":"Feature","geometry":{"type":"Polygon","coordinates":[[[-83.765043,38.938019],[-83.765715,38.938052],[-83.765702,38.938258],[-83.765027,38.938233],[-83.765043,38.938019]]]},"properties":{"p":"16-033040.0000","o":"CHAMBERS ELMER H & MAUDE","a":"WHITE DOVE","d":"EASTERN LSD (BROWN CO.)","t":1314.24,"l":"500: Res-Vacant Land","c":0}},{"type":"Feature","geometry":{"type":"Polygon","coordinates":[[[-83.76583,38.934899],[-83.765816,38.935097],[-83.76512,38.935075],[-83.765131,38.934875],[-83.76583,38.934899]]]},"properties":{"p":"16-033096.0000","o":"PAELTZ PHILLIP","a":"WHITE DOVE","d":"EASTERN LSD (BROWN CO.)","t":1639.99,"l":"500: Res-Vacant Land","c":0}},{"type":"Feature","geometry":{"type":"Polygon","coordinates":[[[-83.762617,38.934238],[-83.761964,38.934213],[-83.761987,38.933863],[-83.762521,38.933891],[-83.762583,38.93391],[-83.762631,38.933977],[-83.762617,38.934238]]]},"properties":{"p":"16-033368.0000","o":"HAMPSTEAD LORETTA C","a":"TEXAS","d":"EASTERN LSD (BROWN CO.)","t":1314.24,"l":"500: Res-Vacant Land","c":0}},{"type":"Feature","geometry":{"type":"Polygon","coordinates":[[[-83.767592,38.935644],[-83.76839,38.935673],[-83.768397,38.935867],[-83.76758,38.935841],[-83.767592,38.935644]]]},"properties":{"p":"16-033840.0000","o":"SATTERWHITE GEORGE W","a":"HORSE SHOE","d":"EASTERN LSD (BROWN CO.)","t":1354.72,"l":"500: Res-Vacant Land","c":0}},{"type":"Feature","geometry":{"type":"Polygon","coordinates":[[[-83.765958,38.94959],[-83.765984,38.94934],[-83.766654,38.949383],[-83.766688,38.949634],[-83.765958,38.94959]]]},"properties":{"p":"16-035580.0000","o":"MESSER RANDALL","a":"TALLAHATCHIE","d":"EASTERN LSD (BROWN CO.)","t":1472.7,"l":"500: Res-Vacant Land","c":0}},{"type":"Feature","geometry":{"type":"Polygon","coordinates":[[[-83.770473,38.950168],[-83.770463,38.950151],[-83.77115,38.9498],[-83.771277,38.949987],[-83.770718,38.950261],[-83.770473,38.950168]]]},"properties":{"p":"16-035904.0000","o":"KELLER JEFFERY DEAN & DALENE","a":"YUMA","d":"EASTERN LSD (BROWN CO.)","t":1314.24,"l":"500: Res-Vacant Land","c":0}},{"type":"Feature","geometry":{"type":"Polygon","coordinates":[[[-83.97342,39.192175],[-83.973641,39.191778],[-83.973822,39.191794],[-83.973959,39.192257],[-83.973937,39.192312],[-83.973891,39.192335],[-83.973836,39.192334],[-83.97342,39.192175]]]},"properties":{"p":"23-045424.0000","o":"SETTY ROB","a":"ODENWALD","d":"FAYETTEVILLE-PERRY LSD","t":1441.75,"l":"500: Res-Vacant Land","c":0}},{"type":"Feature","geometry":{"type":"Polygon","coordinates":[[[-83.981536,39.190331],[-83.981351,39.19032],[-83.981602,39.188685],[-83.985026,39.188904],[-83.985021,39.188932],[-83.982649,39.188781],[-83.9824,39.190394],[-83.981536,39.190331]]]},"properties":{"p":"23-050564.0006","o":"STACEY VIRGINIA","a":"20002 BLACK OAK","d":"FAYETTEVILLE-PERRY LSD","t":1737.43,"l":"580: Res-Custom Code","c":0}},{"type":"Feature","geometry":{"type":"Polygon","coordinates":[[[-83.991461,39.037357],[-83.992133,39.037496],[-83.992047,39.037759],[-83.991371,39.037628],[-83.991461,39.037357]]]},"properties":{"p":"37-071032.0000","o":"WEAVER RENE ANN","a":"14536 BEVERLY","d":"WESTERN BROWN LSD","t":1338.45,"l":"580: Res-Custom Code","c":0}},{"type":"Feature","geometry":{"type":"Polygon","coordinates":[[[-83.962366,39.098797],[-83.965295,39.099502],[-83.964488,39.101665],[-83.95894,39.100441],[-83.958964,39.100373],[-83.961558,39.100973],[-83.962366,39.098797]]]},"properties":{"p":"37-071048.0305","o":"AMBC PROPERTIES LLC","a":"16813 MALADY","d":"WESTERN BROWN LSD","t":1563.58,"l":"510: Res-Single Family","c":0}},{"type":"Feature","geometry":{"type":"Polygon","coordinates":[[[-84.000663,39.091929],[-84.001002,39.091463],[-84.00162,39.091691],[-84.001471,39.091838],[-84.001075,39.092081],[-84.000663,39.091929]]]},"properties":{"p":"37-073104.0115","o":"DAVIS PHILLIP S & SHAWNA","a":"1617 CROSSTOWN","d":"WESTERN BROWN LSD","t":1257.13,"l":"580: Res-Custom Code","c":0}},{"type":"Feature","geometry":{"type":"Polygon","coordinates":[[[-83.848231,38.751355],[-83.848147,38.751244],[-83.848697,38.751044],[-83.848775,38.751145],[-83.848231,38.751355]]]},"properties":{"p":"41-077420.0000","o":"BERRY CHRISTOPHER EDWARD & MARK STEVEN BERRY ETAL","a":"402 SECOND ST NORTH","d":"RIPLEY-UNION-LEWIS LSD","t":1443.68,"l":"510: Res-Single Family","c":0}},{"type":"Feature","geometry":{"type":"Polygon","coordinates":[[[-83.838593,38.727601],[-83.838403,38.727319],[-83.838726,38.727297],[-83.838871,38.72749],[-83.838593,38.727601]]]},"properties":{"p":"41-076648.0000","o":"COX MICHAEL & THELA","a":"1200 PEARL STREET","d":"RIPLEY-UNION-LEWIS LSD","t":1266.31,"l":"580: Res-Custom Code","c":0}},{"type":"Feature","geometry":{"type":"Polygon","coordinates":[[[-83.913079,38.779367],[-83.912284,38.779256],[-83.912351,38.778821],[-83.912468,38.778338],[-83.914056,38.778912],[-83.913602,38.77944],[-83.913079,38.779367]]]},"properties":{"p":"39-076076.0600","o":"ANDERSON GARY DYKE & GARRET W","a":"OLIVER","d":"RIPLEY-UNION-LEWIS LSD","t":1384.18,"l":"580: Res-Custom Code","c":0}},{"type":"Feature","geometry":{"type":"Polygon","coordinates":[[[-83.827829,38.760113],[-83.827361,38.760454],[-83.827152,38.76025],[-83.827669,38.760025],[-83.827829,38.760113]]]},"properties":{"p":"39-075592.0000","o":"MAINES BRENDA","a":"4398 RIPLEY","d":"RIPLEY-UNION-LEWIS LSD","t":1616.37,"l":"510: Res-Single Family","c":0}},{"type":"Feature","geometry":{"type":"Polygon","coordinates":[[[-83.892079,38.766355],[-83.891935,38.76715],[-83.89162,38.767117],[-83.891769,38.766287],[-83.892079,38.766355]]]},"properties":{"p":"39-075524.0000","o":"PATTON GARY L","a":"4792 US 52","d":"RIPLEY-UNION-LEWIS LSD","t":1468.62,"l":"500: Res-Vacant Land","c":0}},{"type":"Feature","geometry":{"type":"Polygon","coordinates":[[[-83.829405,38.756408],[-83.82946,38.756803],[-83.828906,38.756992],[-83.828618,38.756882],[-83.828578,38.756694],[-83.82871,38.756435],[-83.829405,38.756408]]]},"properties":{"p":"39-074412.0000","o":"KENNARD RALPH & LINDA","a":"4290 RIPLEY","d":"RIPLEY-UNION-LEWIS LSD","t":1381.83,"l":"580: Res-Custom Code","c":0}},{"type":"Feature","geometry":{"type":"Polygon","coordinates":[[[-83.979497,39.058015],[-83.979377,39.058573],[-83.979741,39.05869],[-83.978856,39.06056],[-83.978378,39.060413],[-83.977473,39.062273],[-83.977407,39.062252],[-83.978312,39.060392],[-83.978805,39.058392],[-83.97957,39.055794],[-83.979957,39.055889],[-83.979497,39.058015]]]},"properties":{"p":"37-072792.0300","o":"CHABR LLC","a":"BARDWELL WEST","d":"WESTERN BROWN LSD","t":1744.88,"l":"580: Res-Custom Code","c":0}},{"type":"Feature","geometry":{"type":"Polygon","coordinates":[[[-83.95552,39.070907],[-83.955628,39.070579],[-83.956287,39.07071],[-83.956176,39.071038],[-83.95552,39.070907]]]},"properties":{"p":"37-072468.0400","o":"HANSON RITA W","a":"15742 BODMAN","d":"WESTERN BROWN LSD","t":1545.18,"l":"510: Res-Single Family","c":0}},{"type":"Feature","geometry":{"type":"Polygon","coordinates":[[[-83.945843,39.102051],[-83.94257,39.101292],[-83.942788,39.100701],[-83.946053,39.101452],[-83.945843,39.102051]]]},"properties":{"p":"37-072216.0100","o":"CHANDLER PAMELA SUE","a":"16862 BODMAN","d":"WESTERN BROWN LSD","t":1568.01,"l":"510: Res-Single Family","c":0}},{"type":"Feature","geometry":{"type":"Polygon","coordinates":[[[-83.910844,38.964105],[-83.910656,38.964217],[-83.910357,38.96391],[-83.910571,38.963784],[-83.910844,38.964105]]]},"properties":{"p":"34-070312.0000","o":"MCKEE MARY","a":"MARKET STREET OAK STAT","d":"WESTERN BROWN LSD","t":1379.2,"l":"500: Res-Vacant Land","c":0}},{"type":"Feature","geometry":{"type":"Polygon","coordinates":[[[-83.943561,38.919217],[-83.942879,38.919163],[-83.943493,38.915922],[-83.944162,38.915975],[-83.943585,38.919219],[-83.943561,38.919217]]]},"properties":{"p":"34-069344.0012","o":"FITHEN RUTH ANN","a":"3275 WAHL","d":"WESTERN BROWN LSD","t":1501,"l":"510: Res-Single Family","c":0}},{"type":"Feature","geometry":{"type":"Polygon","coordinates":[[[-83.947648,38.916251],[-83.946855,38.916189],[-83.946887,38.915886],[-83.947073,38.915667],[-83.94749,38.912145],[-83.948129,38.912191],[-83.947648,38.916251]]]},"properties":{"p":"34-069312.0201","o":"MARTIN MICHAEL & VICKY","a":"3124 WAHL","d":"WESTERN BROWN LSD","t":1238.88,"l":"560: Res-Mobile Home","c":0}},{"type":"Feature","geometry":{"type":"Polygon","coordinates":[[[-83.89484,38.861647],[-83.89442,38.861633],[-83.894437,38.861294],[-83.894865,38.861303],[-83.89484,38.861647]]]},"properties":{"p":"33-068600.0000","o":"BRAUNSTEIN CHERIE C & BARBARA J YOUNG","a":"19 AMBERLY","d":"GEORGETOWN EVSD","t":1424.74,"l":"510: Res-Single Family","c":0}},{"type":"Feature","geometry":{"type":"Polygon","coordinates":[[[-83.901739,38.871126],[-83.901724,38.871277],[-83.901268,38.871248],[-83.901284,38.871098],[-83.901739,38.871126]]]},"properties":{"p":"33-066568.0000","o":"NEHUS JERRY W & RICHARD EDWARD","a":"447 WATER","d":"GEORGETOWN EVSD","t":1758.1,"l":"510: Res-Single Family","c":0}},{"type":"Feature","geometry":{"type":"Polygon","coordinates":[[[-83.900836,38.871606],[-83.900876,38.871318],[-83.901099,38.871337],[-83.901059,38.871625],[-83.900836,38.871606]]]},"properties":{"p":"33-066328.0000","o":"TEE 3 REAL ESTATE LLC","a":"401 OHIO","d":"GEORGETOWN EVSD","t":1379.36,"l":"520: Res-Two Family","c":0}},{"type":"Feature","geometry":{"type":"Polygon","coordinates":[[[-83.900383,38.871613],[-83.90036,38.871775],[-83.8999,38.871736],[-83.899882,38.871861],[-83.899729,38.871847],[-83.899919,38.871235],[-83.900187,38.871259],[-83.900147,38.871569],[-83.900387,38.87159],[-83.900383,38.871613]]]},"properties":{"p":"33-066252.0000","o":"CARTER HARVEY I","a":"507 OHIO","d":"GEORGETOWN EVSD","t":1749.9,"l":"510: Res-Single Family","c":0}},{"type":"Feature","geometry":{"type":"Polygon","coordinates":[[[-83.898274,38.870544],[-83.89829,38.87038],[-83.898738,38.870425],[-83.898722,38.87059],[-83.898274,38.870544]]]},"properties":{"p":"33-066180.0000","o":"FELDER LAURA ETAL","a":"438 ELM","d":"GEORGETOWN EVSD","t":1717.97,"l":"510: Res-Single Family","c":0}},{"type":"Feature","geometry":{"type":"Polygon","coordinates":[[[-83.900581,38.865956],[-83.900531,38.866377],[-83.900509,38.866375],[-83.900496,38.866496],[-83.900143,38.866473],[-83.900173,38.866139],[-83.900581,38.865956]]]},"properties":{"p":"33-065992.0000","o":"FITHEN JUSTIN A","a":"315 GRANT","d":"GEORGETOWN EVSD","t":1621.14,"l":"510: Res-Single Family","c":0}},{"type":"Feature","geometry":{"type":"Polygon","coordinates":[[[-83.904541,38.871333],[-83.903849,38.871282],[-83.903876,38.871043],[-83.904569,38.871093],[-83.904541,38.871333]]]},"properties":{"p":"33-062324.0000","o":"OGZEWALLA MARK & DEBRA","a":"445 MAIN ST NORTH","d":"GEORGETOWN EVSD","t":1301.97,"l":"510: Res-Single Family","c":0}},{"type":"Feature","geometry":{"type":"Polygon","coordinates":[[[-83.896349,38.869083],[-83.8964,38.868908],[-83.897112,38.868964],[-83.897091,38.86914],[-83.896349,38.869083]]]},"properties":{"p":"33-060876.0000","o":"BAKER ANNA","a":"NEW ST","d":"GEORGETOWN EVSD","t":1545.87,"l":"500: Res-Vacant Land","c":0}},{"type":"Feature","geometry":{"type":"Polygon","coordinates":[[[-83.892501,38.87341],[-83.893065,38.877748],[-83.89124,38.87388],[-83.890908,38.87239],[-83.891274,38.872294],[-83.891179,38.871794],[-83.891988,38.871529],[-83.891476,38.873788],[-83.892501,38.87341]]]},"properties":{"p":"31-059548.0000","o":"COTTER DAN - COTTER EVAN","a":"4779 CAMP RUN RD","d":"GEORGETOWN EVSD","t":1393.77,"l":"510: Res-Single Family","c":0}},{"type":"Feature","geometry":{"type":"Polygon","coordinates":[[[-83.928304,39.00514],[-83.927953,39.005157],[-83.927711,39.004448],[-83.928062,39.004431],[-83.928304,39.00514]]]},"properties":{"p":"29-056836.0000","o":"MADDEN SUZANNE","a":"3718 LAKE GRANT PARK EXIT","d":"WESTERN BROWN LSD","t":1566.94,"l":"580: Res-Custom Code","c":0}},{"type":"Feature","geometry":{"type":"Polygon","coordinates":[[[-83.934529,38.993211],[-83.934924,38.992398],[-83.935789,38.992405],[-83.935406,38.99355],[-83.935155,38.994119],[-83.934088,38.993949],[-83.934366,38.993525],[-83.934529,38.993211]]]},"properties":{"p":"29-056188.0100","o":"LUCAS SHARON A","a":"12859 SR 774","d":"WESTERN BROWN LSD","t":1303.21,"l":"510: Res-Single Family","c":0}},{"type":"Feature","geometry":{"type":"Polygon","coordinates":[[[-83.935625,39.025592],[-83.935715,39.025347],[-83.936246,39.025442],[-83.936244,39.025496],[-83.936268,39.025548],[-83.936315,39.025589],[-83.936372,39.025611],[-83.936486,39.02561],[-83.93658,39.025552],[-83.936393,39.026095],[-83.9355,39.025931],[-83.935625,39.025592]]]},"properties":{"p":"29-055616.0036","o":"GARRISON DAVID LEE","a":"3494 TRABECCA","d":"WESTERN BROWN LSD","t":1666.61,"l":"560: Res-Mobile Home","c":0}},{"type":"Feature","geometry":{"type":"Polygon","coordinates":[[[-83.942566,39.024305],[-83.942861,39.023506],[-83.943351,39.023612],[-83.943047,39.024404],[-83.942566,39.024305]]]},"properties":{"p":"29-055616.0011","o":"GORHAM DIANA L","a":"3303 CARPENTER","d":"WESTERN BROWN LSD","t":1475.65,"l":"560: Res-Mobile Home","c":0}},{"type":"Feature","geometry":{"type":"Polygon","coordinates":[[[-84.002927,38.995267],[-84.002379,38.994615],[-84.002815,38.994391],[-84.003361,38.99504],[-84.002927,38.995267]]]},"properties":{"p":"29-055536.1500","o":"BURTON HOLLY","a":"1607 KRESS","d":"WESTERN BROWN LSD","t":1694.93,"l":"560: Res-Mobile Home","c":0}},{"type":"Feature","geometry":{"type":"Polygon","coordinates":[[[-83.960497,39.0103],[-83.960044,39.010217],[-83.960221,39.009679],[-83.960349,39.009712],[-83.960496,39.009773],[-83.960566,39.009839],[-83.960589,39.009883],[-83.960603,39.009985],[-83.960591,39.01005],[-83.960497,39.0103]]]},"properties":{"p":"29-054452.0003","o":"RUSSELL ERNEST & TRACY","a":"13486 NEW HARMONY SHILOH","d":"WESTERN BROWN LSD","t":1630.79,"l":"580: Res-Custom Code","c":0}},{"type":"Feature","geometry":{"type":"Polygon","coordinates":[[[-83.932903,39.174867],[-83.9329,39.175279],[-83.932606,39.175277],[-83.932641,39.174893],[-83.932903,39.174867]]]},"properties":{"p":"27-052016.0500","o":"THOMPSON TIMOTHY & SARAH","a":"DAVID","d":"FAYETTEVILLE-PERRY LSD","t":1488.22,"l":"500: Res-Vacant Land","c":0}},{"type":"Feature","geometry":{"type":"Polygon","coordinates":[[[-83.932279,39.157141],[-83.932289,39.157861],[-83.931115,39.157802],[-83.931071,39.157123],[-83.932279,39.157141]]]},"properties":{"p":"23-052196.0000","o":"PARCELL STEVEN","a":"18906 US 68","d":"FAYETTEVILLE-PERRY LSD","t":1444.02,"l":"510: Res-Single Family","c":0}},{"type":"Feature","geometry":{"type":"Polygon","coordinates":[[[-83.958273,39.19156],[-83.957921,39.191535],[-83.957996,39.190714],[-83.958347,39.190738],[-83.958273,39.19156]]]},"properties":{"p":"23-051964.0000","o":"RAY COY & LISA ROLLINS & LINDA SUE FRAZIER","a":"20385 FAYETTEVILLE BLANCHEST","d":"FAYETTEVILLE-PERRY LSD","t":1481.9,"l":"580: Res-Custom Code","c":0}},{"type":"Feature","geometry":{"type":"Polygon","coordinates":[[[-83.893598,39.214732],[-83.894795,39.214822],[-83.89478,39.215619],[-83.89514,39.215734],[-83.893328,39.217708],[-83.893598,39.214732]]]},"properties":{"p":"23-051912.0000","o":"POLSTON ZEBADIAH A-LINDSEY M","a":"20985 ST RT 251","d":"FAYETTEVILLE-PERRY LSD","t":1566.18,"l":"510: Res-Single Family","c":0}},{"type":"Feature","geometry":{"type":"Polygon","coordinates":[[[-83.959846,39.140559],[-83.958617,39.14028],[-83.958718,39.139584],[-83.960716,39.139681],[-83.959846,39.140559]]]},"properties":{"p":"23-051472.0105","o":"GAUCHE RICK A & KRYSTLE L","a":"18210 GAUCHE","d":"FAYETTEVILLE-PERRY LSD","t":1440.64,"l":"560: Res-Mobile Home","c":0}},{"type":"Feature","geometry":{"type":"Polygon","coordinates":[[[-83.964566,39.15584],[-83.964262,39.158491],[-83.963085,39.158677],[-83.963096,39.159067],[-83.962635,39.159052],[-83.962622,39.159281],[-83.962214,39.159267],[-83.962227,39.159038],[-83.961568,39.159016],[-83.96166,39.157353],[-83.962102,39.157368],[-83.962305,39.15779],[-83.96306,39.15784],[-83.963081,39.158538],[-83.964098,39.158377],[-83.964387,39.155859],[-83.964566,39.15584]]]},"properties":{"p":"23-051320.0409","o":"2805 MCCAFFERTY ROAD IRREVOCABLE TRUST","a":"2805 MCCAFFERTY","d":"FAYETTEVILLE-PERRY LSD","t":1358.13,"l":"510: Res-Single Family","c":0}},{"type":"Feature","geometry":{"type":"Polygon","coordinates":[[[-83.969215,39.202348],[-83.968477,39.202305],[-83.9685,39.202095],[-83.969235,39.202138],[-83.969215,39.202348]]]},"properties":{"p":"23-049352.0000","o":"GREGORY JAMES D","a":"KRUPP","d":"FAYETTEVILLE-PERRY LSD","t":1538.63,"l":"500: Res-Vacant Land","c":0}},{"type":"Feature","geometry":{"type":"Polygon","coordinates":[[[-83.962953,39.184454],[-83.962939,39.184597],[-83.962236,39.184538],[-83.962254,39.184345],[-83.96296,39.18438],[-83.962953,39.184454]]]},"properties":{"p":"23-047996.0000","o":"EVANS EDDIE K & QUEEN","a":"ODER DR","d":"FAYETTEVILLE-PERRY LSD","t":1551.12,"l":"500: Res-Vacant Land","c":0}},{"type":"Feature","geometry":{"type":"Polygon","coordinates":[[[-83.982816,39.184453],[-83.98314,39.184468],[-83.983072,39.18496],[-83.982756,39.184939],[-83.982816,39.184453]]]},"properties":{"p":"23-046776.0000","o":"MILLER THERESA E & ALLAN D","a":"SCHLITZ","d":"FAYETTEVILLE-PERRY LSD","t":1536.32,"l":"500: Res-Vacant Land","c":0}},{"type":"Feature","geometry":{"type":"Polygon","coordinates":[[[-83.978364,39.188057],[-83.978299,39.188043],[-83.978091,39.188045],[-83.978,39.187721],[-83.978512,39.187618],[-83.978364,39.188057]]]},"properties":{"p":"23-043476.0000","o":"COLLIER GEORGE & BRENDA","a":"362 DUSSEL DORF","d":"FAYETTEVILLE-PERRY LSD","t":1650.15,"l":"500: Res-Vacant Land","c":0}},{"type":"Feature","geometry":{"type":"Polygon","coordinates":[[[-83.978091,39.188045],[-83.977994,39.188052],[-83.977741,39.188144],[-83.977487,39.187821],[-83.978,39.187721],[-83.978091,39.188045]]]},"properties":{"p":"23-043472.0000","o":"COLLIER GEORGE & BRENDA","a":"361 DUSSEL DORF","d":"FAYETTEVILLE-PERRY LSD","t":1650.15,"l":"500: Res-Vacant Land","c":0}},{"type":"Feature","geometry":{"type":"Polygon","coordinates":[[[-83.969352,39.200908],[-83.969376,39.200648],[-83.969901,39.200698],[-83.969981,39.200741],[-83.97002,39.200811],[-83.970009,39.200946],[-83.969352,39.200908]]]},"properties":{"p":"23-043204.0000","o":"SPIVY WAYNE","a":"HALLE DR","d":"FAYETTEVILLE-PERRY LSD","t":1652.92,"l":"500: Res-Vacant Land","c":0}},{"type":"Feature","geometry":{"type":"Polygon","coordinates":[[[-83.966973,38.789469],[-83.96694,38.789469],[-83.966956,38.789016],[-83.96699,38.789016],[-83.966973,38.789469]]]},"properties":{"p":"22-042364.0000","o":"LUNSFORD TERRY","a":"WASHINGTON","d":"RIPLEY-UNION-LEWIS LSD","t":1715.58,"l":"599: Res-Other","c":0}},{"type":"Feature","geometry":{"type":"Polygon","coordinates":[[[-83.993477,38.85719],[-83.993987,38.857636],[-83.993464,38.858002],[-83.992954,38.857556],[-83.993477,38.85719]]]},"properties":{"p":"20-040380.0100","o":"COOPER JAMES L & PATTY A","a":"7977 LOVE","d":"RIPLEY-UNION-LEWIS LSD","t":1295.62,"l":"580: Res-Custom Code","c":0}},{"type":"Feature","geometry":{"type":"Polygon","coordinates":[[[-84.037855,38.864664],[-84.037977,38.864856],[-84.038104,38.865118],[-84.03817,38.865322],[-84.038325,38.866038],[-84.038311,38.866184],[-84.038291,38.866166],[-84.03822,38.866262],[-84.038072,38.866349],[-84.037554,38.866488],[-84.03683,38.866804],[-84.036666,38.866921],[-84.03653,38.867124],[-84.036394,38.867392],[-84.036354,38.867522],[-84.036362,38.867755],[-84.036281,38.867891],[-84.035724,38.868358],[-84.035334,38.868773],[-84.035279,38.868719],[-84.032389,38.8717],[-84.030511,38.869973],[-84.031018,38.869599],[-84.029177,38.867892],[-84.029893,38.867399],[-84.031059,38.866635],[-84.032153,38.865854],[-84.033688,38.867267],[-84.037841,38.864642],[-84.037855,38.864664]]]},"properties":{"p":"19-039652.0000","o":"SOUDER DAVID","a":"8346 MT ZION","d":"WESTERN BROWN LSD","t":1331.22,"l":"510: Res-Single Family","c":0}},{"type":"Feature","geometry":{"type":"Polygon","coordinates":[[[-83.98607,38.861227],[-83.985545,38.861146],[-83.985709,38.861483],[-83.984058,38.862714],[-83.983563,38.861932],[-83.983896,38.861719],[-83.984092,38.861205],[-83.984128,38.860811],[-83.984916,38.860469],[-83.985205,38.860731],[-83.98607,38.861227]]]},"properties":{"p":"19-039516.0100","o":"SHERMAN JUSTIN & ALEXANDRA","a":"8102 PITZER","d":"WESTERN BROWN LSD","t":1571.49,"l":"111: Agr-CAUV-Cash-Grain Farm","c":0}},{"type":"Feature","geometry":{"type":"Polygon","coordinates":[[[-83.788951,38.823188],[-83.788145,38.82315],[-83.788169,38.822818],[-83.788975,38.822854],[-83.788951,38.823188]]]},"properties":{"p":"17-036776.0001","o":"LEWIS DARLENE","a":"6722 US 62","d":"EASTERN LSD (BROWN CO.)","t":1287.56,"l":"510: Res-Single Family","c":0}},{"type":"Feature","geometry":{"type":"Polygon","coordinates":[[[-83.769546,38.950312],[-83.768885,38.950525],[-83.768779,38.950329],[-83.769442,38.950109],[-83.769546,38.950312]]]},"properties":{"p":"16-035696.0000","o":"CRAFT ORVILLE","a":"CUSTER","d":"EASTERN LSD (BROWN CO.)","t":1707.08,"l":"500: Res-Vacant Land","c":0}},{"type":"Feature","geometry":{"type":"Polygon","coordinates":[[[-83.756891,38.94484],[-83.756651,38.944754],[-83.756949,38.944248],[-83.757189,38.944334],[-83.756891,38.94484]]]},"properties":{"p":"16-034840.0000","o":"WAYNOKA DEVELOPMENT CORP","a":"WAYNOKA","d":"EASTERN LSD (BROWN CO.)","t":1267.27,"l":"500: Res-Vacant Land","c":0}},{"type":"Feature","geometry":{"type":"Polygon","coordinates":[[[-83.753186,38.941222],[-83.752375,38.940905],[-83.752484,38.94044],[-83.753302,38.941128],[-83.753222,38.94117],[-83.753186,38.941222]]]},"properties":{"p":"16-034704.0000","o":"FRYMAN LEROY","a":"BEARCAT DR","d":"EASTERN LSD (BROWN CO.)","t":1410.09,"l":"500: Res-Vacant Land","c":0}},{"type":"Feature","geometry":{"type":"Polygon","coordinates":[[[-83.772047,38.938307],[-83.772731,38.938315],[-83.77273,38.938444],[-83.772705,38.938512],[-83.772652,38.938581],[-83.77251,38.938666],[-83.772372,38.93869],[-83.772031,38.93868],[-83.772047,38.938307]]]},"properties":{"p":"16-034084.0000","o":"COLLINS MARK","a":"WAYNOKA DR","d":"EASTERN LSD (BROWN CO.)","t":1420.02,"l":"500: Res-Vacant Land","c":0}},{"type":"Feature","geometry":{"type":"Polygon","coordinates":[[[-83.764739,38.93871],[-83.764769,38.938224],[-83.765067,38.938235],[-83.765023,38.938769],[-83.764739,38.93871]]]},"properties":{"p":"16-033168.0000","o":"WAITS KATHRYN","a":"QUARTER HORSE","d":"EASTERN LSD (BROWN CO.)","t":1453.4,"l":"500: Res-Vacant Land","c":0}},{"type":"Feature","geometry":{"type":"Polygon","coordinates":[[[-83.766859,38.934342],[-83.767258,38.934234],[-83.767329,38.934236],[-83.767376,38.934258],[-83.767407,38.934297],[-83.767438,38.9345],[-83.766847,38.934584],[-83.766859,38.934342]]]},"properties":{"p":"16-032972.0000","o":"BATES TAFRINDA","a":"HORSE SHOE","d":"EASTERN LSD (BROWN CO.)","t":1554.51,"l":"500: Res-Vacant Land","c":0}},{"type":"Feature","geometry":{"type":"Polygon","coordinates":[[[-83.766828,38.94131],[-83.766847,38.940762],[-83.767111,38.940767],[-83.767092,38.941316],[-83.766828,38.94131]]]},"properties":{"p":"16-032780.0000","o":"CINNOLA INC","a":"DOE","d":"EASTERN LSD (BROWN CO.)","t":1468.43,"l":"500: Res-Vacant Land","c":0}},{"type":"Feature","geometry":{"type":"Polygon","coordinates":[[[-83.763951,38.941999],[-83.763978,38.942207],[-83.762944,38.942163],[-83.762973,38.941958],[-83.763951,38.941999]]]},"properties":{"p":"16-032572.0000","o":"MONROE ANGELA R & JUDY A","a":"BRAVE","d":"EASTERN LSD (BROWN CO.)","t":1564.28,"l":"500: Res-Vacant Land","c":0}},{"type":"Feature","geometry":{"type":"Polygon","coordinates":[[[-83.763344,38.939038],[-83.76332,38.939244],[-83.762602,38.939209],[-83.762616,38.939007],[-83.763344,38.939038]]]},"properties":{"p":"16-032516.0000","o":"FREDERICK JUDY","a":"TEXAS","d":"EASTERN LSD (BROWN CO.)","t":1258.28,"l":"500: Res-Vacant Land","c":0}},{"type":"Feature","geometry":{"type":"Polygon","coordinates":[[[-83.761883,38.941831],[-83.761305,38.94175],[-83.761361,38.941507],[-83.761939,38.941588],[-83.761883,38.941831]]]},"properties":{"p":"16-032424.0000","o":"EVANS EDDIE K & QUEEN E","a":"TEXAS","d":"EASTERN LSD (BROWN CO.)","t":1410.09,"l":"500: Res-Vacant Land","c":0}},{"type":"Feature","geometry":{"type":"Polygon","coordinates":[[[-83.760745,38.939433],[-83.760145,38.939405],[-83.760161,38.939171],[-83.760762,38.9392],[-83.760745,38.939433]]]},"properties":{"p":"16-032284.0000","o":"HARVEY ANNETTE","a":"MONTANA","d":"EASTERN LSD (BROWN CO.)","t":1335.64,"l":"500: Res-Vacant Land","c":0}},{"type":"Feature","geometry":{"type":"Polygon","coordinates":[[[-83.758108,38.939588],[-83.758676,38.939613],[-83.758659,38.939867],[-83.758054,38.939844],[-83.758108,38.939588]]]},"properties":{"p":"16-032172.0000","o":"THOMPSON TIMOTHY R & AGNES","a":"SITTING BULL","d":"EASTERN LSD (BROWN CO.)","t":1314.24,"l":"500: Res-Vacant Land","c":0}},{"type":"Feature","geometry":{"type":"Polygon","coordinates":[[[-83.756833,38.93785],[-83.756847,38.937643],[-83.757604,38.937679],[-83.757619,38.937741],[-83.757733,38.937891],[-83.756833,38.93785]]]},"properties":{"p":"16-032092.0000","o":"GRIFFITH JAMES L","a":"SITTING BULL","d":"EASTERN LSD (BROWN CO.)","t":1338.36,"l":"500: Res-Vacant Land","c":0}},{"type":"Feature","geometry":{"type":"Polygon","coordinates":[[[-83.756875,38.93723],[-83.756889,38.937021],[-83.75759,38.937054],[-83.757577,38.937261],[-83.756875,38.93723]]]},"properties":{"p":"16-032080.0000","o":"RENSHAW SCOTT S","a":"SITTING BULL","d":"EASTERN LSD (BROWN CO.)","t":1420.99,"l":"500: Res-Vacant Land","c":0}},{"type":"Feature","geometry":{"type":"Polygon","coordinates":[[[-83.770342,38.929755],[-83.770075,38.929752],[-83.770081,38.929213],[-83.770351,38.929216],[-83.770342,38.929755]]]},"properties":{"p":"16-031784.0000","o":"DEPENBROCK ERIC","a":"* NOT ON FILE *","d":"EASTERN LSD (BROWN CO.)","t":1760.6,"l":"500: Res-Vacant Land","c":0}},{"type":"Feature","geometry":{"type":"Polygon","coordinates":[[[-83.767149,38.932172],[-83.767546,38.932181],[-83.767757,38.932565],[-83.767141,38.932559],[-83.767149,38.932172]]]},"properties":{"p":"16-030148.0000","o":"OSMAN JAMES ETAL","a":"HORSE SHOE","d":"EASTERN LSD (BROWN CO.)","t":1371.29,"l":"500: Res-Vacant Land","c":0}},{"type":"Feature","geometry":{"type":"Polygon","coordinates":[[[-83.768645,38.931026],[-83.767929,38.930916],[-83.76809,38.930631],[-83.768679,38.930808],[-83.768645,38.931026]]]},"properties":{"p":"16-029932.0000","o":"MILLER OTIS JR","a":"RUNNING BEAR","d":"EASTERN LSD (BROWN CO.)","t":1546.67,"l":"500: Res-Vacant Land","c":0}},{"type":"Feature","geometry":{"type":"Polygon","coordinates":[[[-83.762665,38.933127],[-83.76293,38.933138],[-83.762879,38.933739],[-83.762617,38.933731],[-83.762665,38.933127]]]},"properties":{"p":"16-029916.0000","o":"WEAR GEORGE L","a":"SITTING BULL","d":"EASTERN LSD (BROWN CO.)","t":1745.73,"l":"500: Res-Vacant Land","c":0}},{"type":"Feature","geometry":{"type":"Polygon","coordinates":[[[-83.762782,38.93505],[-83.762795,38.934833],[-83.763526,38.934876],[-83.763514,38.93508],[-83.762782,38.93505]]]},"properties":{"p":"16-029816.0000","o":"BERRY KELLY & HOLLY","a":"TEXAS","d":"EASTERN LSD (BROWN CO.)","t":1464.77,"l":"500: Res-Vacant Land","c":0}},{"type":"Feature","geometry":{"type":"Polygon","coordinates":[[[-83.777109,38.942953],[-83.77685,38.942993],[-83.776711,38.942389],[-83.777001,38.942344],[-83.77714,38.942949],[-83.777109,38.942953]]]},"properties":{"p":"16-029184.0000","o":"VICARS AARON & DEBRA","a":"WAYNOKA","d":"EASTERN LSD (BROWN CO.)","t":1709.34,"l":"500: Res-Vacant Land","c":0}},{"type":"Feature","geometry":{"type":"Polygon","coordinates":[[[-83.773358,38.946997],[-83.77319,38.94705],[-83.772932,38.946554],[-83.773188,38.946475],[-83.773434,38.946973],[-83.773358,38.946997]]]},"properties":{"p":"16-028596.0000","o":"DENISE HILL NKA PROVINE","a":"TISHOMINGO","d":"EASTERN LSD (BROWN CO.)","t":1729.45,"l":"500: Res-Vacant Land","c":0}},{"type":"Feature","geometry":{"type":"Polygon","coordinates":[[[-83.773154,38.949831],[-83.772906,38.949909],[-83.772623,38.949389],[-83.772877,38.949306],[-83.773154,38.949831]]]},"properties":{"p":"16-028284.0000","o":"LATHAM MATTHEW","a":"SARSI DR","d":"EASTERN LSD (BROWN CO.)","t":1276.52,"l":"500: Res-Vacant Land","c":0}},{"type":"Feature","geometry":{"type":"Polygon","coordinates":[[[-83.776558,38.94876],[-83.776284,38.948227],[-83.77654,38.948147],[-83.776814,38.948679],[-83.776558,38.94876]]]},"properties":{"p":"16-028224.0000","o":"SPARKS NOAH ETUX","a":"SARSI DR","d":"EASTERN LSD (BROWN CO.)","t":1281.98,"l":"500: Res-Vacant Land","c":0}},{"type":"Feature","geometry":{"type":"Polygon","coordinates":[[[-83.775027,38.951935],[-83.775271,38.951859],[-83.775527,38.952371],[-83.77529,38.952445],[-83.775027,38.951935]]]},"properties":{"p":"16-027900.0000","o":"MAYNARD FLOYD & MELISSA D","a":"TOTEM POLE DR","d":"EASTERN LSD (BROWN CO.)","t":1757.84,"l":"500: Res-Vacant Land","c":0}},{"type":"Feature","geometry":{"type":"Polygon","coordinates":[[[-83.774473,38.954859],[-83.774224,38.954936],[-83.773946,38.954403],[-83.774212,38.95432],[-83.774473,38.954859]]]},"properties":{"p":"16-027736.0000","o":"JOHNSON DEBORAH S","a":"TUCUMCARI DR","d":"EASTERN LSD (BROWN CO.)","t":1652.77,"l":"500: Res-Vacant Land","c":0}},{"type":"Feature","geometry":{"type":"Polygon","coordinates":[[[-83.708447,38.920581],[-83.70798,38.919959],[-83.709948,38.918512],[-83.710421,38.919129],[-83.708528,38.920691],[-83.708447,38.920581]]]},"properties":{"p":"16-027124.2300","o":"BUCHAK MELISSA K","a":"GREATHOUSE","d":"EASTERN LSD (BROWN CO.)","t":1428.93,"l":"100: Agr-Vacant Land","c":0}},{"type":"Feature","geometry":{"type":"Polygon","coordinates":[[[-83.768749,38.662696],[-83.769424,38.663753],[-83.76964,38.66403],[-83.769157,38.664378],[-83.768112,38.663147],[-83.768749,38.662696]]]},"properties":{"p":"15-026028.0000","o":"LOUIS & CLARA BRAMEL LLC","a":"US 52","d":"RIPLEY-UNION-LEWIS LSD","t":1518.3,"l":"499: Com-Other","c":0}},{"type":"Feature","geometry":{"type":"Polygon","coordinates":[[[-83.774538,38.683147],[-83.774105,38.683454],[-83.774162,38.683531],[-83.773844,38.683674],[-83.773353,38.682666],[-83.774153,38.682293],[-83.774538,38.683147]]]},"properties":{"p":"15-025952.0000","o":"ALDRIDGE LARRY W & SUE E","a":"2380 RAINS-EITIL","d":"RIPLEY-UNION-LEWIS LSD","t":1472.25,"l":"465: Com-Lodge Hall","c":0}},{"type":"Feature","geometry":{"type":"Polygon","coordinates":[[[-83.772072,38.671573],[-83.772274,38.671754],[-83.771933,38.67197],[-83.771742,38.671801],[-83.772072,38.671573]]]},"properties":{"p":"15-025496.0000","o":"LOUIS & CLARA BRAMEL LLC","a":"1780 BRAEBURN","d":"RIPLEY-UNION-LEWIS LSD","t":1744.21,"l":"499: Com-Other","c":0}},{"type":"Feature","geometry":{"type":"Polygon","coordinates":[[[-83.767346,38.660611],[-83.767302,38.660551],[-83.767611,38.660328],[-83.767655,38.660388],[-83.767346,38.660611]]]},"properties":{"p":"15-024824.0000","o":"APPLEGATE'S PROPERTIES LLC","a":"US 52 & WASHINGTON","d":"RIPLEY-UNION-LEWIS LSD","t":1478.87,"l":"520: Res-Two Family","c":0}},{"type":"Feature","geometry":{"type":"Polygon","coordinates":[[[-83.77051,38.665423],[-83.7705,38.664852],[-83.771228,38.664844],[-83.771238,38.665415],[-83.77051,38.665423]]]},"properties":{"p":"15-022408.5601","o":"LOUIS AND CLARA BRAMEL LLC","a":"US 52","d":"RIPLEY-UNION-LEWIS LSD","t":1369.78,"l":"430: Com-Retaurant","c":0}},{"type":"Feature","geometry":{"type":"Polygon","coordinates":[[[-83.760336,38.661841],[-83.76021,38.661897],[-83.760061,38.661525],[-83.76016,38.661487],[-83.760336,38.661841]]]},"properties":{"p":"12-022732.0000","o":"RIGG ELMER & GENEVA","a":"8488 FISHING GUT","d":"RIPLEY-UNION-LEWIS LSD","t":1647.13,"l":"510: Res-Single Family","c":0}},{"type":"Feature","geometry":{"type":"Polygon","coordinates":[[[-83.723147,38.677274],[-83.722878,38.676979],[-83.723049,38.676883],[-83.723318,38.677178],[-83.723147,38.677274]]]},"properties":{"p":"12-022552.0000","o":"TUCKER CAROLYN","a":"9552 POPLAR","d":"RIPLEY-UNION-LEWIS LSD","t":1261.07,"l":"580: Res-Custom Code","c":0}},{"type":"Feature","geometry":{"type":"Polygon","coordinates":[[[-83.726033,38.720299],[-83.726072,38.720217],[-83.725928,38.720134],[-83.725738,38.720079],[-83.725695,38.720039],[-83.725786,38.719824],[-83.725877,38.7195],[-83.726118,38.719094],[-83.726684,38.719174],[-83.727214,38.718662],[-83.727876,38.718914],[-83.728555,38.718295],[-83.730002,38.718975],[-83.729332,38.719843],[-83.730467,38.720472],[-83.729871,38.721187],[-83.729389,38.721165],[-83.729079,38.721175],[-83.72882,38.721218],[-83.728326,38.721364],[-83.728115,38.721399],[-83.727925,38.721369],[-83.727643,38.721248],[-83.727337,38.721073],[-83.726206,38.720365],[-83.726033,38.720299]]]},"properties":{"p":"12-022404.0000","o":"BOLAR ROBERT D & PHYLLIS J","a":"9411 SCOFFIELD","d":"RIPLEY-UNION-LEWIS LSD","t":1629.48,"l":"111: Agr-CAUV-Cash-Grain Farm","c":0}},{"type":"Feature","geometry":{"type":"Polygon","coordinates":[[[-83.72548,38.72113],[-83.72579,38.72079],[-83.726324,38.721135],[-83.726737,38.7207],[-83.727643,38.721248],[-83.727851,38.721344],[-83.728058,38.721397],[-83.728261,38.72138],[-83.72882,38.721218],[-83.729079,38.721175],[-83.729389,38.721165],[-83.729871,38.721187],[-83.725369,38.726576],[-83.722947,38.726015],[-83.723979,38.723245],[-83.724298,38.722437],[-83.72548,38.72113]]]},"properties":{"p":"12-022404.0000","o":"BOLAR ROBERT D & PHYLLIS J","a":"9411 SCOFFIELD","d":"RIPLEY-UNION-LEWIS LSD","t":1629.48,"l":"111: Agr-CAUV-Cash-Grain Farm","c":0}},{"type":"Feature","geometry":{"type":"Polygon","coordinates":[[[-83.924507,39.055111],[-83.924473,39.054945],[-83.925354,39.054984],[-83.925315,39.055527],[-83.925101,39.055541],[-83.924636,39.055706],[-83.924507,39.055111]]]},"properties":{"p":"10-018540.0000","o":"SIZEMORE ALLISON","a":"15181 US 68","d":"WESTERN BROWN LSD","t":1272.6,"l":"510: Res-Single Family","c":0}},{"type":"Feature","geometry":{"type":"Polygon","coordinates":[[[-83.930606,39.095848],[-83.930488,39.095069],[-83.931522,39.095309],[-83.931618,39.095823],[-83.931269,39.095852],[-83.930606,39.095848]]]},"properties":{"p":"10-017948.0101","o":"HILL BRANDON & CAITLIN","a":"16649 US 68","d":"WESTERN BROWN LSD","t":1728.46,"l":"510: Res-Single Family","c":0}},{"type":"Feature","geometry":{"type":"Polygon","coordinates":[[[-83.78816,38.927676],[-83.788465,38.928084],[-83.788237,38.928206],[-83.787746,38.927667],[-83.78816,38.927676]]]},"properties":{"p":"08-015888.0000","o":"LEWIS MARK J","a":"WAYNOKA","d":"EASTERN LSD (BROWN CO.)","t":1648.71,"l":"500: Res-Vacant Land","c":0}},{"type":"Feature","geometry":{"type":"Polygon","coordinates":[[[-83.790981,38.928546],[-83.791008,38.928231],[-83.791533,38.928259],[-83.791586,38.928278],[-83.791617,38.928317],[-83.791603,38.928576],[-83.790981,38.928546]]]},"properties":{"p":"08-015428.0000","o":"CRAWFORD KEVIN DALE","a":"MOHAVE & WAYNOKA CORNE","d":"EASTERN LSD (BROWN CO.)","t":1332,"l":"500: Res-Vacant Land","c":0}},{"type":"Feature","geometry":{"type":"Polygon","coordinates":[[[-83.780023,38.930539],[-83.779952,38.93034],[-83.780837,38.930146],[-83.780908,38.930345],[-83.780023,38.930539]]]},"properties":{"p":"08-015252.0000","o":"BRADSHAW REX","a":"SEMINOLE COVE","d":"EASTERN LSD (BROWN CO.)","t":1296.5,"l":"500: Res-Vacant Land","c":0}},{"type":"Feature","geometry":{"type":"Polygon","coordinates":[[[-83.797008,38.94024],[-83.797711,38.94026],[-83.797701,38.940466],[-83.796999,38.940446],[-83.797008,38.94024]]]},"properties":{"p":"08-013956.0000","o":"PROFFITT KEN","a":"CHOCTAW DRIVE","d":"EASTERN LSD (BROWN CO.)","t":1399.3,"l":"500: Res-Vacant Land","c":0}},{"type":"Feature","geometry":{"type":"Polygon","coordinates":[[[-83.793651,38.942159],[-83.793646,38.942461],[-83.793227,38.942456],[-83.793235,38.942009],[-83.793651,38.942159]]]},"properties":{"p":"08-013756.0000","o":"DEDE DAVID & CHRISTINA","a":"CREEK ROAD","d":"EASTERN LSD (BROWN CO.)","t":1435.57,"l":"500: Res-Vacant Land","c":0}},{"type":"Feature","geometry":{"type":"Polygon","coordinates":[[[-83.777106,38.950518],[-83.777067,38.950443],[-83.77711,38.949911],[-83.777393,38.949822],[-83.777505,38.950323],[-83.777501,38.950363],[-83.777447,38.950411],[-83.777106,38.950518]]]},"properties":{"p":"08-013404.0000","o":"EMMONS RAY L & THELMA I","a":"RIO BRAZOS","d":"EASTERN LSD (BROWN CO.)","t":1296.73,"l":"500: Res-Vacant Land","c":0}},{"type":"Feature","geometry":{"type":"Polygon","coordinates":[[[-83.777412,38.953952],[-83.777171,38.954026],[-83.776895,38.953482],[-83.777143,38.953404],[-83.777412,38.953952]]]},"properties":{"p":"08-013348.0000","o":"PAUL CHARLOTTE","a":"TUCUMCARI DR","d":"EASTERN LSD (BROWN CO.)","t":1331.47,"l":"500: Res-Vacant Land","c":0}},{"type":"Feature","geometry":{"type":"Polygon","coordinates":[[[-83.777764,38.953843],[-83.777994,38.954313],[-83.777753,38.95439],[-83.777517,38.953919],[-83.777764,38.953843]]]},"properties":{"p":"08-013328.0000","o":"BURCHFIELD KENNETH & CYNTHIA","a":"YUMA","d":"EASTERN LSD (BROWN CO.)","t":1454.22,"l":"500: Res-Vacant Land","c":0}},{"type":"Feature","geometry":{"type":"Polygon","coordinates":[[[-83.77789,38.955168],[-83.777647,38.955245],[-83.777373,38.954688],[-83.777612,38.954612],[-83.77789,38.955168]]]},"properties":{"p":"08-013296.0000","o":"WHISMAN CHARLES D JR","a":"YUMA DR","d":"EASTERN LSD (BROWN CO.)","t":1433.94,"l":"500: Res-Vacant Land","c":0}},{"type":"Feature","geometry":{"type":"Polygon","coordinates":[[[-83.781824,38.953305],[-83.7821,38.953843],[-83.781853,38.953921],[-83.781576,38.95338],[-83.781824,38.953305]]]},"properties":{"p":"08-013228.0000","o":"DOBBRATZ GARRETT","a":"YUMA DR","d":"EASTERN LSD (BROWN CO.)","t":1505.02,"l":"500: Res-Vacant Land","c":0}},{"type":"Feature","geometry":{"type":"Polygon","coordinates":[[[-83.782831,38.952982],[-83.783106,38.95351],[-83.782832,38.953601],[-83.782569,38.953071],[-83.782831,38.952982]]]},"properties":{"p":"08-013212.0000","o":"HILL ROGER DEMETRIUS","a":"YUMA","d":"EASTERN LSD (BROWN CO.)","t":1745.34,"l":"500: Res-Vacant Land","c":0}},{"type":"Feature","geometry":{"type":"Polygon","coordinates":[[[-83.781194,38.952712],[-83.781461,38.953216],[-83.7812,38.953299],[-83.780935,38.952796],[-83.781194,38.952712]]]},"properties":{"p":"08-013156.0000","o":"THACKER ARTHUR RAY JR & CAROLYN","a":"YUMA DR","d":"EASTERN LSD (BROWN CO.)","t":1331.47,"l":"500: Res-Vacant Land","c":0}},{"type":"Feature","geometry":{"type":"Polygon","coordinates":[[[-83.77905,38.949293],[-83.779189,38.949249],[-83.779464,38.949781],[-83.779228,38.949855],[-83.778946,38.949326],[-83.77905,38.949293]]]},"properties":{"p":"08-012760.0000","o":"OHADI ALAN","a":"RIO BRAZOS DR","d":"EASTERN LSD (BROWN CO.)","t":1365.87,"l":"500: Res-Vacant Land","c":0}},{"type":"Feature","geometry":{"type":"Polygon","coordinates":[[[-83.780745,38.948755],[-83.780893,38.948709],[-83.781173,38.949247],[-83.780937,38.949321],[-83.78067,38.948779],[-83.780745,38.948755]]]},"properties":{"p":"08-012732.0000","o":"HUBER TERRY","a":"RIO BRAZOS DR","d":"EASTERN LSD (BROWN CO.)","t":1275.27,"l":"500: Res-Vacant Land","c":0}},{"type":"Feature","geometry":{"type":"Polygon","coordinates":[[[-83.781253,38.948595],[-83.781383,38.948553],[-83.78168,38.949089],[-83.781432,38.949166],[-83.781146,38.948629],[-83.781253,38.948595]]]},"properties":{"p":"08-012724.0000","o":"JOHNSON JOSEPHINE ADALEE","a":"RIO BRAZOS DR","d":"EASTERN LSD (BROWN CO.)","t":1365.87,"l":"500: Res-Vacant Land","c":0}},{"type":"Feature","geometry":{"type":"Polygon","coordinates":[[[-83.781631,38.948475],[-83.781498,38.948517],[-83.781241,38.948043],[-83.781481,38.947968],[-83.781732,38.948443],[-83.781631,38.948475]]]},"properties":{"p":"08-012688.0000","o":"ANDERSON OBEDIAH & BARBARA","a":"CUSTER DR","d":"EASTERN LSD (BROWN CO.)","t":1239.4,"l":"500: Res-Vacant Land","c":0}},{"type":"Feature","geometry":{"type":"Polygon","coordinates":[[[-83.778946,38.949326],[-83.778801,38.949372],[-83.778551,38.948883],[-83.778782,38.948811],[-83.77905,38.949293],[-83.778946,38.949326]]]},"properties":{"p":"08-012644.0000","o":"WRIGHT TRAVIS & CASEY","a":"CUSTER DR","d":"EASTERN LSD (BROWN CO.)","t":1359.25,"l":"500: Res-Vacant Land","c":0}},{"type":"Feature","geometry":{"type":"Polygon","coordinates":[[[-83.777307,38.948475],[-83.777731,38.94834],[-83.778006,38.948862],[-83.777549,38.949005],[-83.777443,38.948991],[-83.777394,38.94893],[-83.777307,38.948475]]]},"properties":{"p":"08-012624.0000","o":"CORDLE LOLITA J","a":"CUSTER","d":"EASTERN LSD (BROWN CO.)","t":1517.26,"l":"500: Res-Vacant Land","c":0}},{"type":"Feature","geometry":{"type":"Polygon","coordinates":[[[-83.778979,38.94524],[-83.779224,38.945163],[-83.779486,38.945672],[-83.779242,38.945749],[-83.778979,38.94524]]]},"properties":{"p":"08-012272.0000","o":"LAWRENCE CARLTON & CANDY","a":"BLACK HAWK","d":"EASTERN LSD (BROWN CO.)","t":1324.85,"l":"500: Res-Vacant Land","c":0}},{"type":"Feature","geometry":{"type":"Polygon","coordinates":[[[-83.780704,38.944497],[-83.78127,38.94497],[-83.781032,38.945133],[-83.780528,38.944623],[-83.780704,38.944497]]]},"properties":{"p":"08-012248.0000","o":"HENDERSON LARRY A","a":"BLACK HAWK DR","d":"EASTERN LSD (BROWN CO.)","t":1407.48,"l":"500: Res-Vacant Land","c":0}},{"type":"Feature","geometry":{"type":"Polygon","coordinates":[[[-83.779713,38.945009],[-83.779415,38.945102],[-83.779132,38.944552],[-83.779348,38.944477],[-83.779713,38.945009]]]},"properties":{"p":"08-012200.0000","o":"ANDREWS BARBARA","a":"TUPELO DR","d":"EASTERN LSD (BROWN CO.)","t":1646.61,"l":"500: Res-Vacant Land","c":0}},{"type":"Feature","geometry":{"type":"Polygon","coordinates":[[[-83.780913,38.942639],[-83.780637,38.942544],[-83.780566,38.941915],[-83.780829,38.941897],[-83.780913,38.942639]]]},"properties":{"p":"08-012072.0000","o":"FARMER RONALD L","a":"SENATOBIA DRIVE","d":"EASTERN LSD (BROWN CO.)","t":1391.72,"l":"500: Res-Vacant Land","c":0}},{"type":"Feature","geometry":{"type":"Polygon","coordinates":[[[-83.783735,38.940144],[-83.783731,38.940569],[-83.782983,38.940565],[-83.782985,38.940337],[-83.783029,38.940279],[-83.783736,38.93999],[-83.783735,38.940144]]]},"properties":{"p":"08-011836.0000","o":"LESTER GEORGE & SANDRA","a":"1 UKA","d":"EASTERN LSD (BROWN CO.)","t":1693.85,"l":"500: Res-Vacant Land","c":0}},{"type":"Feature","geometry":{"type":"Polygon","coordinates":[[[-83.786867,38.949296],[-83.787032,38.949235],[-83.787347,38.949762],[-83.787099,38.949851],[-83.786775,38.949329],[-83.786867,38.949296]]]},"properties":{"p":"08-011296.0000","o":"WAYNOKA DEVELOPMENT CORP","a":"PIUTE","d":"EASTERN LSD (BROWN CO.)","t":1280.02,"l":"500: Res-Vacant Land","c":0}},{"type":"Feature","geometry":{"type":"Polygon","coordinates":[[[-83.787504,38.951096],[-83.787222,38.950596],[-83.787443,38.950514],[-83.78775,38.951008],[-83.787504,38.951096]]]},"properties":{"p":"08-011176.0000","o":"SHEALEY HOMER L & MYRTIS","a":"YUMA DR","d":"EASTERN LSD (BROWN CO.)","t":1618.38,"l":"500: Res-Vacant Land","c":0}},{"type":"Feature","geometry":{"type":"Polygon","coordinates":[[[-83.789545,38.951174],[-83.789156,38.951316],[-83.788752,38.950786],[-83.788867,38.950689],[-83.789545,38.951174]]]},"properties":{"p":"08-011056.0000","o":"ABNER ALICE","a":"YUMA DR","d":"EASTERN LSD (BROWN CO.)","t":1331.47,"l":"500: Res-Vacant Land","c":0}},{"type":"Feature","geometry":{"type":"Polygon","coordinates":[[[-83.797037,38.939623],[-83.797739,38.939642],[-83.79773,38.939848],[-83.797027,38.939829],[-83.797037,38.939623]]]},"properties":{"p":"08-010544.0000","o":"ZEISLER MICHAEL","a":"CHOCTAW DRIVE","d":"EASTERN LSD (BROWN CO.)","t":1665.71,"l":"500: Res-Vacant Land","c":0}},{"type":"Feature","geometry":{"type":"Polygon","coordinates":[[[-83.778955,38.936675],[-83.778709,38.93668],[-83.778695,38.936319],[-83.779136,38.936346],[-83.779149,38.93667],[-83.778955,38.936675]]]},"properties":{"p":"08-010036.0000","o":"SALEH SALIM S ETAL","a":"WAGON WHEEL","d":"EASTERN LSD (BROWN CO.)","t":1320.47,"l":"500: Res-Vacant Land","c":0}},{"type":"Feature","geometry":{"type":"Polygon","coordinates":[[[-83.823656,38.952083],[-83.831399,38.955903],[-83.821306,38.955928],[-83.819914,38.95524],[-83.819915,38.955176],[-83.821005,38.955714],[-83.822607,38.953552],[-83.823656,38.952083]]]},"properties":{"p":"08-008832.0000","o":"HEATH TODD ALLEN","a":"11525 PURDY","d":"EASTERN LSD (BROWN CO.)","t":1528.67,"l":"111: Agr-CAUV-Cash-Grain Farm","c":0}},{"type":"Feature","geometry":{"type":"Polygon","coordinates":[[[-83.757885,39.000339],[-83.757495,38.99723],[-83.758037,38.997427],[-83.758403,39.001195],[-83.757958,39.001019],[-83.757885,39.000339]]]},"properties":{"p":"07-007240.0202","o":"WOODS TIMOTHY LEE & SCHERBARTH","a":"8688 KATTERMAN","d":"EASTERN LSD (BROWN CO.)","t":1242.83,"l":"500: Res-Vacant Land","c":0}},{"type":"Feature","geometry":{"type":"Polygon","coordinates":[[[-84.01872,38.983868],[-84.018708,38.983525],[-84.020471,38.983624],[-84.020483,38.983967],[-84.01872,38.983868]]]},"properties":{"p":"03-055168.0300","o":"YOUNG JACK","a":"12589 ELM CORNER","d":"WESTERN BROWN LSD","t":1363.77,"l":"580: Res-Custom Code","c":0}},{"type":"Feature","geometry":{"type":"Polygon","coordinates":[[[-84.033184,38.905078],[-84.032784,38.905336],[-84.032434,38.905031],[-84.032833,38.904773],[-84.033184,38.905078]]]},"properties":{"p":"03-004888.0000","o":"LOCKARD JAY & EVA","a":"9710 ST RT 774","d":"WESTERN BROWN LSD","t":1761.11,"l":"560: Res-Mobile Home","c":0}},{"type":"Feature","geometry":{"type":"Polygon","coordinates":[[[-83.970557,38.906381],[-83.970857,38.90665],[-83.969871,38.907317],[-83.969565,38.907041],[-83.970557,38.906381]]]},"properties":{"p":"03-004412.0000","o":"MCCORD LYNNE MARIE & SHANNA NICOLE PETTIT","a":"2542 ST RT 125","d":"WESTERN BROWN LSD","t":1442.42,"l":"510: Res-Single Family","c":0}},{"type":"Feature","geometry":{"type":"Polygon","coordinates":[[[-84.016861,38.956337],[-84.01666,38.957255],[-84.015554,38.957167],[-84.015551,38.95702],[-84.012386,38.956793],[-84.012645,38.9554],[-84.016381,38.955645],[-84.016242,38.956274],[-84.016861,38.956337]]]},"properties":{"p":"03-003832.0000","o":"LI NANNAN","a":"11398 COLTHAR","d":"WESTERN BROWN LSD","t":1370.97,"l":"110: Agr-CAUV-Vacant Land","c":0}},{"type":"Feature","geometry":{"type":"Polygon","coordinates":[[[-84.021225,38.93796],[-84.021198,38.938234],[-84.02065,38.938192],[-84.020677,38.937918],[-84.021225,38.93796]]]},"properties":{"p":"03-003548.0000","o":"BARNES TAMMIE & MAGGARD PATRICI","a":"10914 LIMING LAKE","d":"WESTERN BROWN LSD","t":1436.75,"l":"510: Res-Single Family","c":0}},{"type":"Feature","geometry":{"type":"Polygon","coordinates":[[[-83.705735,38.814393],[-83.705948,38.814436],[-83.705891,38.814612],[-83.705677,38.814569],[-83.705735,38.814393]]]},"properties":{"p":"01-001532.0000","o":"SANDERS RICK A & TRUDY R","a":"WATER","d":"EASTERN LSD (BROWN CO.)","t":1282.21,"l":"500: Res-Vacant Land","c":0}},{"type":"Feature","geometry":{"type":"Polygon","coordinates":[[[-83.781923,39.000044],[-83.778267,38.998647],[-83.778272,38.998256],[-83.779915,38.998866],[-83.779899,38.999131],[-83.781942,38.999926],[-83.781923,39.000044]]]},"properties":{"p":"42-081536.0101","o":"WHITEHEAD COY E & CHRISTINE","a":"13150 STEIMAN","d":"EASTERN LSD (BROWN CO.)","t":1484.61,"l":"580: Res-Custom Code","c":0}},{"type":"Feature","geometry":{"type":"Polygon","coordinates":[[[-83.821514,39.003743],[-83.820773,39.004397],[-83.820568,39.004189],[-83.820337,39.003815],[-83.820231,39.003546],[-83.82032,39.0034],[-83.821514,39.003743]]]},"properties":{"p":"42-081144.0100","o":"BELLAMY SHARON K","a":"6785 STEPHAN","d":"EASTERN LSD (BROWN CO.)","t":1561.92,"l":"560: Res-Mobile Home","c":0}},{"type":"Feature","geometry":{"type":"Polygon","coordinates":[[[-83.844708,38.745331],[-83.844892,38.745628],[-83.844791,38.745665],[-83.844612,38.745367],[-83.844708,38.745331]]]},"properties":{"p":"41-079284.0000","o":"STIVERS CANDICE","a":"113 MAIN","d":"RIPLEY-UNION-LEWIS LSD","t":1565.86,"l":"429: Com-Other","c":0}},{"type":"Feature","geometry":{"type":"Polygon","coordinates":[[[-83.746716,38.786115],[-83.746816,38.787429],[-83.745511,38.787345],[-83.745023,38.78604],[-83.746716,38.786115]]]},"properties":{"p":"01-000472.0106","o":"MCGLOTHIN LISA","a":"9008 CHICKEN HOLLOW","d":"EASTERN LSD (BROWN CO.)","t":1020.38,"l":"510: Res-Single Family","c":0}},{"type":"Feature","geometry":{"type":"Polygon","coordinates":[[[-83.952925,38.956868],[-83.953452,38.956898],[-83.953336,38.957939],[-83.9541,38.957982],[-83.954084,38.958119],[-83.952794,38.958046],[-83.952925,38.956868]]]},"properties":{"p":"03-002240.0500","o":"DAY CARL E SR","a":"EASTSIDE","d":"WESTERN BROWN LSD","t":1116.26,"l":"500: Res-Vacant Land","c":0}},{"type":"Feature","geometry":{"type":"Polygon","coordinates":[[[-83.994466,38.915956],[-83.995028,38.915592],[-83.995658,38.916422],[-83.995125,38.916448],[-83.994866,38.916584],[-83.994466,38.915956]]]},"properties":{"p":"03-002304.0000","o":"FENT TOD","a":"10505 ST RT 774","d":"WESTERN BROWN LSD","t":861.29,"l":"510: Res-Single Family","c":0}},{"type":"Feature","geometry":{"type":"Polygon","coordinates":[[[-83.963146,38.899362],[-83.963766,38.900018],[-83.963522,38.900175],[-83.962956,38.899485],[-83.963146,38.899362]]]},"properties":{"p":"03-002956.0000","o":"TUCKER RAYMOND L","a":"9497 MOBIL ACRES","d":"WESTERN BROWN LSD","t":920.65,"l":"580: Res-Custom Code","c":0}},{"type":"Feature","geometry":{"type":"Polygon","coordinates":[[[-83.951789,38.935387],[-83.953044,38.935469],[-83.953001,38.935834],[-83.951744,38.935716],[-83.951789,38.935387]]]},"properties":{"p":"03-004036.0200","o":"TILLEY DANA L","a":"10825 EASTSIDE","d":"WESTERN BROWN LSD","t":842.35,"l":"510: Res-Single Family","c":0}},{"type":"Feature","geometry":{"type":"Polygon","coordinates":[[[-84.021881,38.910608],[-84.021907,38.910591],[-84.022544,38.911203],[-84.02215,38.911458],[-84.02149,38.910861],[-84.021881,38.910608]]]},"properties":{"p":"03-004592.0006","o":"MOFFORD WILLIAM D & LISA D","a":"9957 ST RT 774","d":"WESTERN BROWN LSD","t":1126.83,"l":"580: Res-Custom Code","c":0}},{"type":"Feature","geometry":{"type":"Polygon","coordinates":[[[-83.962862,38.897122],[-83.963737,38.896955],[-83.963701,38.897255],[-83.963001,38.897205],[-83.962862,38.897122]]]},"properties":{"p":"03-004724.0000","o":"AFTERKIRK JOHN","a":"9420 MOBILE ACRES","d":"WESTERN BROWN LSD","t":1020.41,"l":"580: Res-Custom Code","c":0}},{"type":"Feature","geometry":{"type":"Polygon","coordinates":[[[-84.034974,38.904425],[-84.034701,38.904173],[-84.035089,38.903916],[-84.035498,38.904293],[-84.03511,38.90455],[-84.034974,38.904425]]]},"properties":{"p":"03-005000.0000","o":"BOWLING KENON","a":"9669 ST RT 774","d":"WESTERN BROWN LSD","t":920.16,"l":"580: Res-Custom Code","c":0}},{"type":"Feature","geometry":{"type":"Polygon","coordinates":[[[-83.984937,38.919952],[-83.984746,38.919825],[-83.985167,38.919438],[-83.985366,38.919568],[-83.984937,38.919952]]]},"properties":{"p":"06-005872.0000","o":"SHUEMAKE WALTER R","a":"210 MAIN ST EAST","d":"WESTERN BROWN LSD","t":899.34,"l":"510: Res-Single Family","c":0}},{"type":"Feature","geometry":{"type":"Polygon","coordinates":[[[-83.715365,38.965273],[-83.715859,38.964414],[-83.716833,38.964862],[-83.716392,38.965619],[-83.715365,38.965273]]]},"properties":{"p":"07-007076.0101","o":"JEFFREYS KIMBERLY","a":"9800 TRI CO HWY","d":"EASTERN LSD (BROWN CO.)","t":893.14,"l":"580: Res-Custom Code","c":0}},{"type":"Feature","geometry":{"type":"Polygon","coordinates":[[[-83.735662,38.998999],[-83.736019,38.998363],[-83.737101,38.998785],[-83.736712,38.999404],[-83.735662,38.998999]]]},"properties":{"p":"07-007548.0006","o":"FANCHER BRYAN & SALLY","a":"9246 KATTERMAN","d":"EASTERN LSD (BROWN CO.)","t":1096.24,"l":"580: Res-Custom Code","c":0}},{"type":"Feature","geometry":{"type":"Polygon","coordinates":[[[-83.794789,38.927579],[-83.794582,38.927378],[-83.794567,38.927344],[-83.794573,38.927307],[-83.794607,38.927271],[-83.794867,38.927131],[-83.794989,38.927145],[-83.795219,38.927424],[-83.794789,38.927579]]]},"properties":{"p":"08-010584.0000","o":"DRESBACH IRMGARD M","a":"NAVAJO SOUTH","d":"EASTERN LSD (BROWN CO.)","t":1148.2,"l":"500: Res-Vacant Land","c":0}},{"type":"Feature","geometry":{"type":"Polygon","coordinates":[[[-83.787738,38.948975],[-83.787601,38.949026],[-83.787315,38.948565],[-83.787552,38.948476],[-83.787811,38.948949],[-83.787738,38.948975]]]},"properties":{"p":"08-011340.0000","o":"SCHWARTZ JONAS & ROSANN","a":"UTE DR","d":"EASTERN LSD (BROWN CO.)","t":868.42,"l":"500: Res-Vacant Land","c":0}},{"type":"Feature","geometry":{"type":"Polygon","coordinates":[[[-83.787266,38.949149],[-83.787129,38.949199],[-83.786843,38.948739],[-83.787075,38.948656],[-83.787359,38.949115],[-83.787266,38.949149]]]},"properties":{"p":"08-011348.0000","o":"SCHWARTZ JONAS & ROSANN","a":"UTE DR","d":"EASTERN LSD (BROWN CO.)","t":1170.48,"l":"500: Res-Vacant Land","c":0}},{"type":"Feature","geometry":{"type":"Polygon","coordinates":[[[-83.787032,38.949235],[-83.786867,38.949296],[-83.786619,38.948818],[-83.786843,38.948739],[-83.787129,38.949199],[-83.787032,38.949235]]]},"properties":{"p":"08-011352.0000","o":"DAVIS MIGNON-PREVAIL PROP INC","a":"UTE DR","d":"EASTERN LSD (BROWN CO.)","t":987.23,"l":"500: Res-Vacant Land","c":0}},{"type":"Feature","geometry":{"type":"Polygon","coordinates":[[[-83.786629,38.949383],[-83.78637,38.948905],[-83.786619,38.948818],[-83.786867,38.949296],[-83.786629,38.949383]]]},"properties":{"p":"08-011356.0000","o":"DAVIS MIGNON-PREVAIL PROP INC","a":"UTE DR","d":"EASTERN LSD (BROWN CO.)","t":987.23,"l":"500: Res-Vacant Land","c":0}},{"type":"Feature","geometry":{"type":"Polygon","coordinates":[[[-83.787586,38.946265],[-83.787327,38.94636],[-83.787038,38.945859],[-83.787282,38.945774],[-83.787586,38.946265]]]},"properties":{"p":"08-011600.0000","o":"WAYNOKA DEVELP CORP","a":"MULE DR","d":"EASTERN LSD (BROWN CO.)","t":837.85,"l":"500: Res-Vacant Land","c":0}},{"type":"Feature","geometry":{"type":"Polygon","coordinates":[[[-83.78662,38.946619],[-83.786388,38.946704],[-83.786078,38.946205],[-83.78631,38.946119],[-83.78662,38.946619]]]},"properties":{"p":"08-011616.0000","o":"WAYNOKA DEVELP CORP","a":"MULE DR","d":"EASTERN LSD (BROWN CO.)","t":872.77,"l":"500: Res-Vacant Land","c":0}},{"type":"Feature","geometry":{"type":"Polygon","coordinates":[[[-83.78333,38.93997],[-83.782705,38.939207],[-83.783114,38.93935],[-83.783318,38.938955],[-83.78454,38.93958],[-83.784485,38.939594],[-83.78433,38.939586],[-83.784231,38.939605],[-83.78333,38.93997]]]},"properties":{"p":"08-011736.0000","o":"WOTTRENG III ANTON","a":"WAYNOKA DRIVE","d":"EASTERN LSD (BROWN CO.)","t":875.33,"l":"500: Res-Vacant Land","c":0}},{"type":"Feature","geometry":{"type":"Polygon","coordinates":[[[-83.780381,38.941211],[-83.780644,38.941193],[-83.780705,38.94174],[-83.780443,38.941758],[-83.780381,38.941211]]]},"properties":{"p":"08-011856.0000","o":"WAYNOKA DEVELP CORP","a":"SENATOBIA","d":"EASTERN LSD (BROWN CO.)","t":847.69,"l":"500: Res-Vacant Land","c":0}},{"type":"Feature","geometry":{"type":"Polygon","coordinates":[[[-83.779095,38.943554],[-83.778921,38.943709],[-83.778328,38.943302],[-83.778501,38.943147],[-83.779095,38.943554]]]},"properties":{"p":"08-012032.0000","o":"LLOYD RONALD D & MARY E","a":"SENATOBIA DR","d":"EASTERN LSD (BROWN CO.)","t":952.44,"l":"500: Res-Vacant Land","c":0}},{"type":"Feature","geometry":{"type":"Polygon","coordinates":[[[-83.781395,38.947176],[-83.781227,38.94723],[-83.780974,38.946747],[-83.781228,38.946668],[-83.781478,38.94715],[-83.781395,38.947176]]]},"properties":{"p":"08-012524.0000","o":"MAPLE GILL & JODIE","a":"SARSI DRIVE","d":"EASTERN LSD (BROWN CO.)","t":1028.35,"l":"500: Res-Vacant Land","c":0}},{"type":"Feature","geometry":{"type":"Polygon","coordinates":[[[-83.778295,38.948161],[-83.778469,38.948105],[-83.778742,38.94863],[-83.778498,38.948707],[-83.778225,38.948183],[-83.778295,38.948161]]]},"properties":{"p":"08-012612.0000","o":"PERDUE WILLIE & LINDA F MILLER","a":"CUSTER DR","d":"EASTERN LSD (BROWN CO.)","t":941.8,"l":"500: Res-Vacant Land","c":0}},{"type":"Feature","geometry":{"type":"Polygon","coordinates":[[[-83.777812,38.948314],[-83.777967,38.948265],[-83.778247,38.948786],[-83.778006,38.948862],[-83.777731,38.94834],[-83.777812,38.948314]]]},"properties":{"p":"08-012620.0000","o":"HEDDINS LORA","a":"CUSTER DR","d":"EASTERN LSD (BROWN CO.)","t":1028.35,"l":"500: Res-Vacant Land","c":0}},{"type":"Feature","geometry":{"type":"Polygon","coordinates":[[[-83.779536,38.949139],[-83.779691,38.94909],[-83.779967,38.949624],[-83.779705,38.949706],[-83.779427,38.949173],[-83.779536,38.949139]]]},"properties":{"p":"08-012752.0000","o":"PRUNTY ANTONE","a":"RIO BRAZOS DR","d":"EASTERN LSD (BROWN CO.)","t":1028.35,"l":"500: Res-Vacant Land","c":0}},{"type":"Feature","geometry":{"type":"Polygon","coordinates":[[[-83.781043,38.950826],[-83.781308,38.951338],[-83.781083,38.951409],[-83.780808,38.950899],[-83.781043,38.950826]]]},"properties":{"p":"08-012976.0000","o":"SEARS JEFF & CATHY","a":"TOTEM POLE DR","d":"EASTERN LSD (BROWN CO.)","t":1155.37,"l":"500: Res-Vacant Land","c":0}},{"type":"Feature","geometry":{"type":"Polygon","coordinates":[[[-83.780222,38.952265],[-83.779983,38.95234],[-83.779723,38.951838],[-83.779963,38.951762],[-83.780222,38.952265]]]},"properties":{"p":"08-013044.0000","o":"HALSEY DARRELL G & RITA","a":"TUCUMCARI","d":"EASTERN LSD (BROWN CO.)","t":1211.06,"l":"500: Res-Vacant Land","c":0}},{"type":"Feature","geometry":{"type":"Polygon","coordinates":[[[-83.779258,38.952566],[-83.779018,38.952641],[-83.778758,38.952142],[-83.778998,38.952066],[-83.779258,38.952566]]]},"properties":{"p":"08-013060.0000","o":"BALL JOHN W & VIRGINIA","a":"TUCUMCARI","d":"EASTERN LSD (BROWN CO.)","t":1138.53,"l":"500: Res-Vacant Land","c":0}},{"type":"Feature","geometry":{"type":"Polygon","coordinates":[[[-83.778391,38.955011],[-83.778149,38.955087],[-83.777868,38.954531],[-83.77811,38.954454],[-83.778391,38.955011]]]},"properties":{"p":"08-013288.0000","o":"HAYSLIP RANDY & AMANDA","a":"YUMA DR","d":"EASTERN LSD (BROWN CO.)","t":1113.8,"l":"500: Res-Vacant Land","c":0}},{"type":"Feature","geometry":{"type":"Polygon","coordinates":[[[-83.798592,38.940985],[-83.798582,38.941205],[-83.79788,38.941185],[-83.79789,38.940965],[-83.798592,38.940985]]]},"properties":{"p":"08-013688.0000","o":"WAYNOKA DEVELOPMENT CORP","a":"CHOCTAW","d":"EASTERN LSD (BROWN CO.)","t":1151.79,"l":"500: Res-Vacant Land","c":0}},{"type":"Feature","geometry":{"type":"Polygon","coordinates":[[[-83.796942,38.941681],[-83.79624,38.941661],[-83.796249,38.941455],[-83.796952,38.941475],[-83.796942,38.941681]]]},"properties":{"p":"08-013880.0000","o":"SHELTON JEFFERY E & ABBY G","a":"SEQUOIA DRIVE","d":"EASTERN LSD (BROWN CO.)","t":926.8,"l":"500: Res-Vacant Land","c":0}},{"type":"Feature","geometry":{"type":"Polygon","coordinates":[[[-83.796772,38.939645],[-83.796492,38.939607],[-83.796522,38.939057],[-83.796803,38.939066],[-83.796772,38.939645]]]},"properties":{"p":"08-013936.0000","o":"FALAH SHAISTA","a":"WANNA DRIVE","d":"EASTERN LSD (BROWN CO.)","t":912.87,"l":"500: Res-Vacant Land","c":0}},{"type":"Feature","geometry":{"type":"Polygon","coordinates":[[[-83.790433,38.940828],[-83.790295,38.940635],[-83.790987,38.940425],[-83.791089,38.940629],[-83.790433,38.940828]]]},"properties":{"p":"08-014756.0000","o":"KNISLEY VICTORIA & JOHN","a":"CREEK","d":"EASTERN LSD (BROWN CO.)","t":1189.6,"l":"500: Res-Vacant Land","c":0}},{"type":"Feature","geometry":{"type":"Polygon","coordinates":[[[-83.788892,38.925162],[-83.788869,38.92571],[-83.788605,38.925704],[-83.788629,38.925155],[-83.788892,38.925162]]]},"properties":{"p":"08-016052.0000","o":"JACKSON RICHARD & MARTHA","a":"SHAWNEE","d":"EASTERN LSD (BROWN CO.)","t":902.66,"l":"500: Res-Vacant Land","c":0}},{"type":"Feature","geometry":{"type":"Polygon","coordinates":[[[-83.781107,38.925509],[-83.780843,38.925502],[-83.780867,38.924953],[-83.78113,38.92496],[-83.781107,38.925509]]]},"properties":{"p":"08-016340.0000","o":"PARKS THOMAS JOSEPH","a":"SHAWNEE","d":"EASTERN LSD (BROWN CO.)","t":826.54,"l":"500: Res-Vacant Land","c":0}},{"type":"Feature","geometry":{"type":"Polygon","coordinates":[[[-83.912219,39.05181],[-83.912628,39.05129],[-83.913234,39.050571],[-83.913686,39.050621],[-83.913996,39.0508],[-83.916393,39.052492],[-83.915298,39.053922],[-83.912219,39.05181]]]},"properties":{"p":"10-018056.0000","o":"STRAIGHT RONDA","a":"15078 HILLCREST RD","d":"WESTERN BROWN LSD","t":930.17,"l":"510: Res-Single Family","c":0}},{"type":"Feature","geometry":{"type":"Polygon","coordinates":[[[-83.915976,39.047539],[-83.916774,39.047542],[-83.916633,39.04852],[-83.915905,39.048311],[-83.915906,39.047538],[-83.915976,39.047539]]]},"properties":{"p":"10-018060.0000","o":"HENSLEY ROBIN R","a":"4001 BARDWELL BUFORD","d":"WESTERN BROWN LSD","t":1167.5,"l":"560: Res-Mobile Home","c":0}},{"type":"Feature","geometry":{"type":"Polygon","coordinates":[[[-83.903097,39.056532],[-83.902477,39.055926],[-83.903228,39.055357],[-83.903958,39.05587],[-83.903097,39.056532]]]},"properties":{"p":"10-018276.0000","o":"HENSLEY GRACE ETAL","a":"15225 CRAWFORD DAY","d":"WESTERN BROWN LSD","t":836.11,"l":"560: Res-Mobile Home","c":0}},{"type":"Feature","geometry":{"type":"Polygon","coordinates":[[[-83.923257,39.050379],[-83.923362,39.050749],[-83.922879,39.050836],[-83.922746,39.050354],[-83.923257,39.050379]]]},"properties":{"p":"10-018612.0000","o":"VICK WILLIAM R & KATHLILYNN M","a":"15000 US 68","d":"WESTERN BROWN LSD","t":1237.72,"l":"510: Res-Single Family","c":0}},{"type":"Feature","geometry":{"type":"Polygon","coordinates":[[[-83.929086,39.066798],[-83.929196,39.067347],[-83.928883,39.067384],[-83.928616,39.066072],[-83.928932,39.066035],[-83.929086,39.066798]]]},"properties":{"p":"10-018632.0000","o":"VANCE LISA","a":"3701 WAITS","d":"WESTERN BROWN LSD","t":1090.83,"l":"510: Res-Single Family","c":0}},{"type":"Feature","geometry":{"type":"Polygon","coordinates":[[[-83.90389,39.104743],[-83.904963,39.104759],[-83.904949,39.105676],[-83.904416,39.105298],[-83.90371,39.10527],[-83.903422,39.105384],[-83.903446,39.104736],[-83.90389,39.104743]]]},"properties":{"p":"10-018652.0000","o":"SULLIVAN KAYLA","a":"4515 ST RT 286","d":"WESTERN BROWN LSD","t":904.81,"l":"580: Res-Custom Code","c":0}},{"type":"Feature","geometry":{"type":"Polygon","coordinates":[[[-83.926829,39.10647],[-83.926826,39.10648],[-83.925588,39.1062],[-83.925703,39.105884],[-83.926938,39.106179],[-83.926829,39.10647]]]},"properties":{"p":"10-018724.0430","o":"TRINITY REI LLC","a":"17015 MINNICK","d":"WESTERN BROWN LSD","t":1126.03,"l":"560: Res-Mobile Home","c":0}},{"type":"Feature","geometry":{"type":"Polygon","coordinates":[[[-83.890751,39.059117],[-83.890111,39.060996],[-83.890044,39.060981],[-83.890448,39.059795],[-83.889383,39.059886],[-83.890097,39.058969],[-83.890751,39.059117]]]},"properties":{"p":"10-018956.0400","o":"WALLACE RICK & CAROLYN","a":"4794 LINDSEY","d":"WESTERN BROWN LSD","t":1052.38,"l":"580: Res-Custom Code","c":0}},{"type":"Feature","geometry":{"type":"Polygon","coordinates":[[[-83.917993,39.038285],[-83.91784,39.038375],[-83.917633,39.038454],[-83.917113,39.037954],[-83.917747,39.037795],[-83.917945,39.038234],[-83.917993,39.038285]]]},"properties":{"p":"11-017600.0000","o":"DEATON DONALD W SR & FRANK SCHWARBER","a":"108 DAY","d":"WESTERN BROWN LSD","t":1185.1,"l":"510: Res-Single Family","c":0}},{"type":"Feature","geometry":{"type":"Polygon","coordinates":[[[-83.918282,39.031825],[-83.918293,39.031679],[-83.918741,39.031716],[-83.918729,39.031863],[-83.918282,39.031825]]]},"properties":{"p":"11-020744.0000","o":"SCOTT MICHAEL J & DONNA","a":"HIGH","d":"WESTERN BROWN LSD","t":1029.68,"l":"599: Res-Other","c":0}},{"type":"Feature","geometry":{"type":"Polygon","coordinates":[[[-83.723049,38.676883],[-83.72322,38.676788],[-83.723489,38.677083],[-83.723318,38.677178],[-83.723049,38.676883]]]},"properties":{"p":"12-022548.0000","o":"TUCKER CAROLYN","a":"9552 POPLAR","d":"RIPLEY-UNION-LEWIS LSD","t":1065.68,"l":"599: Res-Other","c":0}},{"type":"Feature","geometry":{"type":"Polygon","coordinates":[[[-83.721382,38.677817],[-83.721651,38.678112],[-83.72148,38.678208],[-83.721211,38.677913],[-83.721382,38.677817]]]},"properties":{"p":"12-022892.0000","o":"AMIOTT JEFFREY DEWAYNE","a":"9594 POPLAR","d":"RIPLEY-UNION-LEWIS LSD","t":849.52,"l":"510: Res-Single Family","c":0}},{"type":"Feature","geometry":{"type":"Polygon","coordinates":[[[-83.76067,38.655295],[-83.760888,38.655382],[-83.760679,38.655705],[-83.760461,38.655618],[-83.76067,38.655295]]]},"properties":{"p":"15-026150.0000","o":"MINEER ANNETTE","a":"762 US 52","d":"RIPLEY-UNION-LEWIS LSD","t":939.63,"l":"455: Com-Garage","c":0}},{"type":"Feature","geometry":{"type":"Polygon","coordinates":[[[-83.690532,38.928964],[-83.690071,38.928575],[-83.691638,38.927506],[-83.692074,38.927876],[-83.690532,38.928964]]]},"properties":{"p":"16-026824.0206","o":"CANTRELL MELANIE R","a":"10508 TAMME","d":"EASTERN LSD (BROWN CO.)","t":827.16,"l":"510: Res-Single Family","c":0}},{"type":"Feature","geometry":{"type":"Polygon","coordinates":[[[-83.772188,38.954377],[-83.772128,38.954167],[-83.772889,38.95403],[-83.77295,38.954241],[-83.772188,38.954377]]]},"properties":{"p":"16-027592.0000","o":"NOAH CHRISTOPHER","a":"YUMA DR","d":"EASTERN LSD (BROWN CO.)","t":991.09,"l":"500: Res-Vacant Land","c":0}},{"type":"Feature","geometry":{"type":"Polygon","coordinates":[[[-83.773914,38.950911],[-83.773846,38.950932],[-83.773598,38.95043],[-83.773836,38.950356],[-83.774084,38.950858],[-83.773914,38.950911]]]},"properties":{"p":"16-028116.0000","o":"WAYNOKA DEVELP CORP","a":"CUSTER","d":"EASTERN LSD (BROWN CO.)","t":1223.24,"l":"500: Res-Vacant Land","c":0}},{"type":"Feature","geometry":{"type":"Polygon","coordinates":[[[-83.775724,38.947042],[-83.775972,38.946963],[-83.776226,38.947458],[-83.775976,38.947537],[-83.775724,38.947042]]]},"properties":{"p":"16-028380.0000","o":"SWARTZ ADAM & CRYSTAL","a":"BLACK HAWK","d":"EASTERN LSD (BROWN CO.)","t":934.71,"l":"500: Res-Vacant Land","c":0}},{"type":"Feature","geometry":{"type":"Polygon","coordinates":[[[-83.77484,38.947897],[-83.774758,38.947923],[-83.774504,38.947433],[-83.774748,38.947354],[-83.775003,38.947846],[-83.77484,38.947897]]]},"properties":{"p":"16-028400.0000","o":"SPARKMAN RICK & GWEN","a":"BLACK HAWK DR","d":"EASTERN LSD (BROWN CO.)","t":1092.47,"l":"500: Res-Vacant Land","c":0}},{"type":"Feature","geometry":{"type":"Polygon","coordinates":[[[-83.77754,38.936595],[-83.777144,38.936599],[-83.777145,38.936226],[-83.777541,38.93625],[-83.77754,38.936595]]]},"properties":{"p":"16-029524.0000","o":"SALEH SALIM S ETAL","a":"WAGON WHEEL","d":"EASTERN LSD (BROWN CO.)","t":875.87,"l":"500: Res-Vacant Land","c":0}},{"type":"Feature","geometry":{"type":"Polygon","coordinates":[[[-83.758636,38.933452],[-83.758689,38.932951],[-83.758943,38.932962],[-83.758904,38.933467],[-83.758636,38.933452]]]},"properties":{"p":"16-029684.0000","o":"STUCKEY JOEL","a":"SITTING BULL","d":"EASTERN LSD (BROWN CO.)","t":1153.4,"l":"500: Res-Vacant Land","c":0}},{"type":"Feature","geometry":{"type":"Polygon","coordinates":[[[-83.766698,38.94971],[-83.766993,38.949653],[-83.767272,38.950103],[-83.767004,38.950204],[-83.766698,38.94971]]]},"properties":{"p":"16-030116.0000","o":"PIWOWARSKI BOB","a":"ITAWAMBA","d":"EASTERN LSD (BROWN CO.)","t":1053.15,"l":"500: Res-Vacant Land","c":0}},{"type":"Feature","geometry":{"type":"Polygon","coordinates":[[[-83.759542,38.93914],[-83.760161,38.939171],[-83.760145,38.939405],[-83.759526,38.939377],[-83.759542,38.93914]]]},"properties":{"p":"16-030120.0000","o":"BAYLESS BRIAN","a":"OKLAHOMA","d":"EASTERN LSD (BROWN CO.)","t":1178.24,"l":"500: Res-Vacant Land","c":0}},{"type":"Feature","geometry":{"type":"Polygon","coordinates":[[[-83.775826,38.926039],[-83.776625,38.926626],[-83.776532,38.926691],[-83.776459,38.926785],[-83.775796,38.926586],[-83.775826,38.926039]]]},"properties":{"p":"16-030320.0000","o":"VAUGHN MATTHEW A & GERALYNN","a":"284 HORSESHOE DR","d":"EASTERN LSD (BROWN CO.)","t":1137.24,"l":"500: Res-Vacant Land","c":0}},{"type":"Feature","geometry":{"type":"Polygon","coordinates":[[[-83.76711,38.940612],[-83.766837,38.940607],[-83.766859,38.940007],[-83.767127,38.940044],[-83.76711,38.940612]]]},"properties":{"p":"16-030444.0000","o":"WILLIAMS J B","a":"DOE","d":"EASTERN LSD (BROWN CO.)","t":826.31,"l":"500: Res-Vacant Land","c":0}},{"type":"Feature","geometry":{"type":"Polygon","coordinates":[[[-83.770571,38.929757],[-83.771114,38.929522],[-83.771269,38.929733],[-83.770792,38.929948],[-83.770571,38.929757]]]},"properties":{"p":"16-031796.0000","o":"HAMMONS MARC","a":"PONY EXPRESS","d":"EASTERN LSD (BROWN CO.)","t":1009.6,"l":"500: Res-Vacant Land","c":0}},{"type":"Feature","geometry":{"type":"Polygon","coordinates":[[[-83.75672,38.939497],[-83.756734,38.939289],[-83.757895,38.939336],[-83.757901,38.939536],[-83.75672,38.939497]]]},"properties":{"p":"16-032120.0000","o":"WAYNOKA DEVELOP CORP NATL AMERI","a":"SITTING BULL","d":"EASTERN LSD (BROWN CO.)","t":1192.14,"l":"500: Res-Vacant Land","c":0}},{"type":"Feature","geometry":{"type":"Polygon","coordinates":[[[-83.76008,38.940356],[-83.760679,38.940389],[-83.760663,38.940616],[-83.760064,38.94059],[-83.76008,38.940356]]]},"properties":{"p":"16-032300.0000","o":"CARDWELL SYLVESTER & JERRYLEE","a":"MONTANA","d":"EASTERN LSD (BROWN CO.)","t":1192.14,"l":"500: Res-Vacant Land","c":0}},{"type":"Feature","geometry":{"type":"Polygon","coordinates":[[[-83.761627,38.94006],[-83.761614,38.940252],[-83.760919,38.940218],[-83.760925,38.940014],[-83.761628,38.940041],[-83.761627,38.94006]]]},"properties":{"p":"16-032368.0000","o":"HUBERT RUBENA","a":"BRAVE","d":"EASTERN LSD (BROWN CO.)","t":1225.64,"l":"500: Res-Vacant Land","c":0}},{"type":"Feature","geometry":{"type":"Polygon","coordinates":[[[-83.761584,38.940534],[-83.762162,38.940615],[-83.762107,38.940858],[-83.761528,38.940777],[-83.761584,38.940534]]]},"properties":{"p":"16-032412.0000","o":"BARTOE MICHAEL M","a":"TEXAS","d":"EASTERN LSD (BROWN CO.)","t":803.75,"l":"500: Res-Vacant Land","c":0}},{"type":"Feature","geometry":{"type":"Polygon","coordinates":[[[-83.761719,38.942547],[-83.761072,38.942457],[-83.761178,38.942235],[-83.761772,38.942318],[-83.761719,38.942547]]]},"properties":{"p":"16-032436.0000","o":"PIWOWARSKI BOB","a":"TEXAS","d":"EASTERN LSD (BROWN CO.)","t":892.4,"l":"500: Res-Vacant Land","c":0}},{"type":"Feature","geometry":{"type":"Polygon","coordinates":[[[-83.763089,38.941138],[-83.763864,38.941171],[-83.763852,38.941377],[-83.76306,38.941343],[-83.763089,38.941138]]]},"properties":{"p":"16-032560.0000","o":"BROWN PAUL LAWRENCE","a":"BRAVE","d":"EASTERN LSD (BROWN CO.)","t":969.52,"l":"500: Res-Vacant Land","c":0}},{"type":"Feature","geometry":{"type":"Polygon","coordinates":[[[-83.764773,38.941255],[-83.764788,38.941049],[-83.765488,38.941079],[-83.765479,38.941269],[-83.76478,38.941282],[-83.764773,38.941255]]]},"properties":{"p":"16-032712.0000","o":"ZIGMAN ROBERT","a":"WHITE DOVE","d":"EASTERN LSD (BROWN CO.)","t":892.4,"l":"500: Res-Vacant Land","c":0}},{"type":"Feature","geometry":{"type":"Polygon","coordinates":[[[-83.766569,38.934418],[-83.766596,38.934834],[-83.766549,38.934806],[-83.766048,38.934792],[-83.766062,38.934594],[-83.7661,38.934539],[-83.766569,38.934418]]]},"properties":{"p":"16-032976.0000","o":"MURRAY JOHN & ANITA","a":"MOCCASIN","d":"EASTERN LSD (BROWN CO.)","t":949.19,"l":"500: Res-Vacant Land","c":0}},{"type":"Feature","geometry":{"type":"Polygon","coordinates":[[[-83.765785,38.936611],[-83.76579,38.936806],[-83.765086,38.936776],[-83.76509,38.936572],[-83.765785,38.936611]]]},"properties":{"p":"16-033068.0000","o":"ALFORD CHARLES","a":"WHITE DOVE","d":"EASTERN LSD (BROWN CO.)","t":1169.95,"l":"500: Res-Vacant Land","c":0}},{"type":"Feature","geometry":{"type":"Polygon","coordinates":[[[-83.764425,38.935053],[-83.76512,38.935075],[-83.765108,38.935281],[-83.764414,38.935251],[-83.764425,38.935053]]]},"properties":{"p":"16-033112.0000","o":"CRAWFORD RAYMOND","a":"BRAVE","d":"EASTERN LSD (BROWN CO.)","t":1009.6,"l":"500: Res-Vacant Land","c":0}},{"type":"Feature","geometry":{"type":"Polygon","coordinates":[[[-83.760872,38.936574],[-83.7602,38.936541],[-83.760215,38.936334],[-83.760878,38.936369],[-83.760872,38.936574]]]},"properties":{"p":"16-033472.0000","o":"LYLE INDIA-JENA","a":"MONTANA","d":"EASTERN LSD (BROWN CO.)","t":1028.25,"l":"500: Res-Vacant Land","c":0}},{"type":"Feature","geometry":{"type":"Polygon","coordinates":[[[-83.759341,38.935441],[-83.759321,38.935645],[-83.758612,38.935616],[-83.758629,38.93541],[-83.759341,38.935441]]]},"properties":{"p":"16-033620.0000","o":"MIDDLE GROUND MINISTRIES","a":"OKLAHOMA","d":"EASTERN LSD (BROWN CO.)","t":1009,"l":"500: Res-Vacant Land","c":0}},{"type":"Feature","geometry":{"type":"Polygon","coordinates":[[[-83.759442,38.933979],[-83.759425,38.934189],[-83.758731,38.934159],[-83.758748,38.933948],[-83.759442,38.933979]]]},"properties":{"p":"16-033648.0000","o":"LEFEVERS CHRISTOPHER","a":"OKLAHOMA","d":"EASTERN LSD (BROWN CO.)","t":1169.95,"l":"500: Res-Vacant Land","c":0}},{"type":"Feature","geometry":{"type":"Polygon","coordinates":[[[-83.769338,38.936987],[-83.76937,38.937188],[-83.768451,38.937259],[-83.768443,38.937056],[-83.769338,38.936987]]]},"properties":{"p":"16-033960.0000","o":"CARTER JOHN D","a":"CRAZY HORSE DR","d":"EASTERN LSD (BROWN CO.)","t":1029.55,"l":"500: Res-Vacant Land","c":0}},{"type":"Feature","geometry":{"type":"Polygon","coordinates":[[[-83.753364,38.94039],[-83.75365,38.940429],[-83.753861,38.941067],[-83.75358,38.941056],[-83.753364,38.94039]]]},"properties":{"p":"16-034696.0000","o":"STRICKLAND RAYMOND H","a":"BEARCAT DR","d":"EASTERN LSD (BROWN CO.)","t":1009.6,"l":"500: Res-Vacant Land","c":0}},{"type":"Feature","geometry":{"type":"Polygon","coordinates":[[[-83.760557,38.950756],[-83.76015,38.950738],[-83.76019,38.950442],[-83.760895,38.95048],[-83.760557,38.950756]]]},"properties":{"p":"16-035176.0000","o":"LINDSEY KEVIN & VANESSA","a":"BUFFALO","d":"EASTERN LSD (BROWN CO.)","t":1049.64,"l":"500: Res-Vacant Land","c":0}},{"type":"Feature","geometry":{"type":"Polygon","coordinates":[[[-83.768504,38.949814],[-83.768803,38.950375],[-83.768631,38.950441],[-83.76829,38.949891],[-83.768504,38.949814]]]},"properties":{"p":"16-035564.0000","o":"THOMAS JAY K & ALICE","a":"ITAWAMBA","d":"EASTERN LSD (BROWN CO.)","t":1169.95,"l":"500: Res-Vacant Land","c":0}},{"type":"Feature","geometry":{"type":"Polygon","coordinates":[[[-83.769393,38.947429],[-83.770075,38.947295],[-83.770139,38.947495],[-83.769457,38.947629],[-83.769393,38.947429]]]},"properties":{"p":"16-035852.0000","o":"SULLIVAN DAN & CHRISTI","a":"YUMA","d":"EASTERN LSD (BROWN CO.)","t":1071.2,"l":"500: Res-Vacant Land","c":0}},{"type":"Feature","geometry":{"type":"Polygon","coordinates":[[[-83.774678,38.854547],[-83.773878,38.85449],[-83.773704,38.854499],[-83.773604,38.854539],[-83.773532,38.854604],[-83.773493,38.854678],[-83.77347,38.854842],[-83.7736,38.852752],[-83.774823,38.852835],[-83.774678,38.854547]]]},"properties":{"p":"17-036680.2600","o":"HULL DANETTE","a":"8088 BLACK","d":"EASTERN LSD (BROWN CO.)","t":1038.99,"l":"510: Res-Single Family","c":0}},{"type":"Feature","geometry":{"type":"Polygon","coordinates":[[[-83.788096,38.872602],[-83.788082,38.87267],[-83.787597,38.872609],[-83.787611,38.872541],[-83.788096,38.872602]]]},"properties":{"p":"18-037060.0000","o":"ROCKEY TERRY & ANGELA","a":"515 MIDDLE ST NORTH","d":"EASTERN LSD (BROWN CO.)","t":1149.55,"l":"510: Res-Single Family","c":0}},{"type":"Feature","geometry":{"type":"Polygon","coordinates":[[[-83.786691,38.865781],[-83.787136,38.865793],[-83.787139,38.865853],[-83.786696,38.865848],[-83.786691,38.865781]]]},"properties":{"p":"18-038108.0000","o":"MCKIBBEN JEFFERY & ANGELA","a":"102 S COLUMBUS ST","d":"EASTERN LSD (BROWN CO.)","t":1045.05,"l":"510: Res-Single Family","c":0}},{"type":"Feature","geometry":{"type":"Polygon","coordinates":[[[-83.786611,38.864594],[-83.786621,38.864798],[-83.786278,38.86478],[-83.786268,38.864588],[-83.786611,38.864594]]]},"properties":{"p":"18-038220.0000","o":"RICKEY CARRIE","a":"126 COLUMBUS","d":"EASTERN LSD (BROWN CO.)","t":1046.39,"l":"510: Res-Single Family","c":0}},{"type":"Feature","geometry":{"type":"Polygon","coordinates":[[[-83.78662,38.864772],[-83.786611,38.864594],[-83.787074,38.864583],[-83.787083,38.864762],[-83.78662,38.864772]]]},"properties":{"p":"18-038220.0000","o":"RICKEY CARRIE","a":"126 COLUMBUS","d":"EASTERN LSD (BROWN CO.)","t":1046.39,"l":"510: Res-Single Family","c":0}},{"type":"Feature","geometry":{"type":"Polygon","coordinates":[[[-83.782577,38.867504],[-83.782647,38.867508],[-83.782617,38.867833],[-83.783538,38.867891],[-83.783528,38.868017],[-83.784287,38.868059],[-83.784196,38.869044],[-83.783444,38.869002],[-83.783755,38.868412],[-83.783787,38.868321],[-83.782509,38.86824],[-83.782577,38.867504]]]},"properties":{"p":"18-038308.0200","o":"CLIFTON CODY J & SAMANTHA A","a":"331 E SIR WILLIAM WALLACE","d":"EASTERN LSD (BROWN CO.)","t":1068.62,"l":"580: Res-Custom Code","c":0}},{"type":"Feature","geometry":{"type":"Polygon","coordinates":[[[-83.786345,38.867439],[-83.786328,38.86762],[-83.785866,38.867594],[-83.785883,38.867413],[-83.786345,38.867439]]]},"properties":{"p":"18-038364.0000","o":"BAY MELISSA A","a":"116 HIGHLAND ST NORTH","d":"EASTERN LSD (BROWN CO.)","t":947.72,"l":"510: Res-Single Family","c":0}},{"type":"Feature","geometry":{"type":"Polygon","coordinates":[[[-83.783552,38.867769],[-83.783233,38.867748],[-83.783255,38.867535],[-83.783573,38.867552],[-83.783552,38.867769]]]},"properties":{"p":"18-038464.0000","o":"CROSS PENNY DEE","a":"313 SIR WILLIAM WALLACE","d":"EASTERN LSD (BROWN CO.)","t":888.82,"l":"510: Res-Single Family","c":0}},{"type":"Feature","geometry":{"type":"Polygon","coordinates":[[[-84.026629,38.851346],[-84.027248,38.851014],[-84.027715,38.851442],[-84.027143,38.851817],[-84.026629,38.851346]]]},"properties":{"p":"19-039428.0004","o":"PLANCK JOHN S & DARLENE E","a":"7745 J BOLENDER & 7767","d":"WESTERN BROWN LSD","t":1109,"l":"560: Res-Mobile Home","c":0}},{"type":"Feature","geometry":{"type":"Polygon","coordinates":[[[-84.00088,38.877825],[-84.001005,38.877944],[-84.000703,38.878138],[-84.000577,38.87802],[-84.00088,38.877825]]]},"properties":{"p":"19-039844.0000","o":"HAMMONS RANDY","a":"1653 FEESBURG POETOWN","d":"WESTERN BROWN LSD","t":915.56,"l":"510: Res-Single Family","c":0}},{"type":"Feature","geometry":{"type":"Polygon","coordinates":[[[-83.9527,38.832935],[-83.953517,38.83232],[-83.955862,38.834505],[-83.95501,38.835089],[-83.954733,38.834599],[-83.954501,38.834553],[-83.954027,38.833829],[-83.95366,38.833677],[-83.953362,38.83331],[-83.9527,38.832935]]]},"properties":{"p":"20-040900.0100","o":"BARNETT JERRY & BARBARA","a":"7013 ST RT 221","d":"RIPLEY-UNION-LEWIS LSD","t":885.54,"l":"560: Res-Mobile Home","c":0}},{"type":"Feature","geometry":{"type":"Polygon","coordinates":[[[-83.978302,38.787534],[-83.978313,38.788893],[-83.978006,38.788995],[-83.977876,38.787631],[-83.978302,38.787534]]]},"properties":{"p":"20-060616.0000","o":"LEMON DOROTHY","a":"US 52","d":"RIPLEY-UNION-LEWIS LSD","t":820.34,"l":"500: Res-Vacant Land","c":0}},{"type":"Feature","geometry":{"type":"Polygon","coordinates":[[[-83.933866,38.874543],[-83.933976,38.874862],[-83.933122,38.87537],[-83.933022,38.87503],[-83.93386,38.874531],[-83.933866,38.874543]]]},"properties":{"p":"21-059984.0000","o":"WALLACE THOMAS & CATHERINE REEVES","a":"EDEN","d":"GEORGETOWN EVSD","t":935.58,"l":"599: Res-Other","c":0}},{"type":"Feature","geometry":{"type":"Polygon","coordinates":[[[-83.978592,39.188128],[-83.978364,39.188057],[-83.978512,39.187618],[-83.978563,39.18759],[-83.978844,39.187694],[-83.978592,39.188128]]]},"properties":{"p":"23-043480.0000","o":"COLLIER GEORGE & RUBY","a":"363 DUSSEL DORF","d":"FAYETTEVILLE-PERRY LSD","t":1120.22,"l":"500: Res-Vacant Land","c":0}},{"type":"Feature","geometry":{"type":"Polygon","coordinates":[[[-83.979013,39.187988],[-83.978958,39.188246],[-83.978592,39.188128],[-83.978844,39.187694],[-83.97906,39.187766],[-83.979013,39.187988]]]},"properties":{"p":"23-043484.0000","o":"COLLIER GEORGE & RUBY","a":"364 DUSSEL DORF","d":"FAYETTEVILLE-PERRY LSD","t":1120.22,"l":"500: Res-Vacant Land","c":0}},{"type":"Feature","geometry":{"type":"Polygon","coordinates":[[[-83.964634,39.176834],[-83.964382,39.176416],[-83.964693,39.176302],[-83.964919,39.176731],[-83.964634,39.176834]]]},"properties":{"p":"23-045936.0000","o":"FEDS ANDREW P & TERESA","a":"ODER","d":"FAYETTEVILLE-PERRY LSD","t":1196.88,"l":"500: Res-Vacant Land","c":0}},{"type":"Feature","geometry":{"type":"Polygon","coordinates":[[[-83.729875,38.962092],[-83.729613,38.962527],[-83.729148,38.962356],[-83.72941,38.961921],[-83.729875,38.962092]]]},"properties":{"p":"07-008532.0000","o":"BECKNELL NORMA JEAN","a":"11828 US 62","d":"EASTERN LSD (BROWN CO.)","t":999.71,"l":"510: Res-Single Family","c":0}},{"type":"Feature","geometry":{"type":"Polygon","coordinates":[[[-83.974364,39.197173],[-83.974337,39.1974],[-83.97374,39.197355],[-83.973766,39.19713],[-83.974364,39.197173]]]},"properties":{"p":"23-046472.0000","o":"ROLPH JEFFREY SCOTT","a":"ODENWALD","d":"FAYETTEVILLE-PERRY LSD","t":985.62,"l":"500: Res-Vacant Land","c":0}},{"type":"Feature","geometry":{"type":"Polygon","coordinates":[[[-83.973717,39.197552],[-83.97374,39.197355],[-83.974337,39.1974],[-83.974313,39.197601],[-83.973717,39.197552]]]},"properties":{"p":"23-046476.0000","o":"ROLPH JEFFREY SCOTT","a":"ODENWALD","d":"FAYETTEVILLE-PERRY LSD","t":985.62,"l":"500: Res-Vacant Land","c":0}},{"type":"Feature","geometry":{"type":"Polygon","coordinates":[[[-83.985538,39.185014],[-83.985506,39.185219],[-83.984735,39.185146],[-83.984767,39.184941],[-83.985538,39.185014]]]},"properties":{"p":"23-048328.0000","o":"CLIFFORD NORMAN A","a":"DORTMUND","d":"FAYETTEVILLE-PERRY LSD","t":1018.9,"l":"500: Res-Vacant Land","c":0}},{"type":"Feature","geometry":{"type":"Polygon","coordinates":[[[-83.981208,39.182941],[-83.981473,39.182968],[-83.981359,39.183536],[-83.981105,39.183506],[-83.981208,39.182941]]]},"properties":{"p":"23-048376.0000","o":"SNIDER JAMES G & DAVID E &","a":"DORTMUND","d":"FAYETTEVILLE-PERRY LSD","t":844.7,"l":"500: Res-Vacant Land","c":0}},{"type":"Feature","geometry":{"type":"Polygon","coordinates":[[[-83.919756,39.218779],[-83.921306,39.218281],[-83.922791,39.221733],[-83.92154,39.221638],[-83.920413,39.220073],[-83.920014,39.220128],[-83.919756,39.218779]]]},"properties":{"p":"23-051340.0105","o":"ROUSH RICHARD J & GEORGETA","a":"3909 MORGAN","d":"FAYETTEVILLE-PERRY LSD","t":858.96,"l":"510: Res-Single Family","c":0}},{"type":"Feature","geometry":{"type":"Polygon","coordinates":[[[-83.935257,39.187254],[-83.935194,39.186893],[-83.93548,39.186863],[-83.935541,39.187223],[-83.935257,39.187254]]]},"properties":{"p":"27-053340.0000","o":"VAN WINKLE ROY A & DEANNA L","a":"HUMBER","d":"FAYETTEVILLE-PERRY LSD","t":922.69,"l":"500: Res-Vacant Land","c":0}},{"type":"Feature","geometry":{"type":"Polygon","coordinates":[[[-84.019322,39.013398],[-84.019835,39.009649],[-84.022022,39.0098],[-84.021803,39.011336],[-84.020657,39.011938],[-84.020524,39.012085],[-84.020339,39.012206],[-84.019952,39.012993],[-84.01976,39.013424],[-84.019322,39.013398]]]},"properties":{"p":"29-054824.0000","o":"CALHOUN RAYMOND","a":"1150 NEW HARMONY - SHILOH","d":"WESTERN BROWN LSD","t":1099.19,"l":"510: Res-Single Family","c":0}},{"type":"Feature","geometry":{"type":"Polygon","coordinates":[[[-84.006122,39.019654],[-84.00705,39.019725],[-84.006985,39.020208],[-84.007292,39.020282],[-84.007244,39.020633],[-84.006483,39.020599],[-84.006043,39.021107],[-84.005961,39.021821],[-84.005834,39.021794],[-84.006016,39.020338],[-84.006122,39.019654]]]},"properties":{"p":"29-055104.0100","o":"BROCKMAN FRED & ELIZABETH ANN","a":"1500 MAPLE GROVE","d":"WESTERN BROWN LSD","t":998.96,"l":"510: Res-Single Family","c":0}},{"type":"Feature","geometry":{"type":"Polygon","coordinates":[[[-84.018845,38.985712],[-84.020614,38.985762],[-84.020635,38.986111],[-84.018907,38.98609],[-84.018845,38.985712]]]},"properties":{"p":"29-055168.0100","o":"BOTTS JOHN J","a":"12655 ELM CORNER","d":"WESTERN BROWN LSD","t":1010.85,"l":"580: Res-Custom Code","c":0}},{"type":"Feature","geometry":{"type":"Polygon","coordinates":[[[-83.924765,39.000022],[-83.924213,38.997987],[-83.924279,38.997975],[-83.924554,38.999055],[-83.925049,38.999291],[-83.92547,38.999403],[-83.92525,38.999858],[-83.924765,39.000022]]]},"properties":{"p":"29-055464.0000","o":"WEAVER CLIFFORD W & STEVEN L","a":"ST RT 774","d":"WESTERN BROWN LSD","t":1038.73,"l":"500: Res-Vacant Land","c":0}},{"type":"Feature","geometry":{"type":"Polygon","coordinates":[[[-83.986462,39.018699],[-83.988363,39.019093],[-83.988224,39.019494],[-83.986331,39.019105],[-83.986462,39.018699]]]},"properties":{"p":"29-055596.0103","o":"JACKSON AMANDA","a":"1925 MAPLE GROVE","d":"WESTERN BROWN LSD","t":958.42,"l":"580: Res-Custom Code","c":0}},{"type":"Feature","geometry":{"type":"Polygon","coordinates":[[[-83.958339,39.00775],[-83.958166,39.009236],[-83.957446,39.009084],[-83.957608,39.007718],[-83.958339,39.00775]]]},"properties":{"p":"29-056352.0500","o":"NEAL JAMIE LEE DANIELLE","a":"2862 PLEASANT HILL","d":"WESTERN BROWN LSD","t":1054.31,"l":"560: Res-Mobile Home","c":0}},{"type":"Feature","geometry":{"type":"Polygon","coordinates":[[[-83.917286,39.024789],[-83.91694,39.024723],[-83.917081,39.024],[-83.917511,39.024199],[-83.917286,39.024789]]]},"properties":{"p":"30-020396.0000","o":"SMITH ANDREW","a":"PLEASANT","d":"WESTERN BROWN LSD","t":1025.13,"l":"510: Res-Single Family","c":0}},{"type":"Feature","geometry":{"type":"Polygon","coordinates":[[[-83.894661,38.843692],[-83.89468,38.843962],[-83.894007,38.843904],[-83.893986,38.843629],[-83.894661,38.843692]]]},"properties":{"p":"33-058684.0102","o":"CLIFTON ROBERT A & MILDRED E","a":"B L","d":"GEORGETOWN EVSD","t":836.81,"l":"500: Res-Vacant Land","c":0}},{"type":"Feature","geometry":{"type":"Polygon","coordinates":[[[-83.898864,38.858748],[-83.898877,38.858586],[-83.899153,38.85856],[-83.899126,38.858761],[-83.898864,38.858748]]]},"properties":{"p":"33-063176.0200","o":"NAPIER CHARLES M","a":"430 HOME STREET","d":"GEORGETOWN EVSD","t":1061.9,"l":"510: Res-Single Family","c":0}},{"type":"Feature","geometry":{"type":"Polygon","coordinates":[[[-83.898286,38.860979],[-83.898281,38.861047],[-83.897843,38.861025],[-83.897848,38.860956],[-83.898286,38.860979]]]},"properties":{"p":"33-064776.0000","o":"CARCON JEREMY TRUSTEE & SYDNEY DAVIS TRUSTEE","a":"402 HOME ST","d":"GEORGETOWN EVSD","t":840.65,"l":"510: Res-Single Family","c":0}},{"type":"Feature","geometry":{"type":"Polygon","coordinates":[[[-83.902879,38.875085],[-83.902533,38.87506],[-83.902554,38.87488],[-83.902901,38.874905],[-83.902879,38.875085]]]},"properties":{"p":"33-065520.0000","o":"BAKER FRANK JR","a":"MAIN ST NORTH","d":"GEORGETOWN EVSD","t":1001.51,"l":"500: Res-Vacant Land","c":0}},{"type":"Feature","geometry":{"type":"Polygon","coordinates":[[[-83.902879,38.875085],[-83.902901,38.874905],[-83.903247,38.87493],[-83.903226,38.87511],[-83.902879,38.875085]]]},"properties":{"p":"33-065536.0000","o":"BAKER ISABELLE ETAL","a":"MAIN","d":"GEORGETOWN EVSD","t":1001.51,"l":"500: Res-Vacant Land","c":0}},{"type":"Feature","geometry":{"type":"Polygon","coordinates":[[[-83.902879,38.875085],[-83.902858,38.875266],[-83.902512,38.875241],[-83.902533,38.87506],[-83.902879,38.875085]]]},"properties":{"p":"33-065544.0000","o":"BAKER ISABELLE ETAL","a":"MAIN ST NORTH","d":"GEORGETOWN EVSD","t":1001.51,"l":"500: Res-Vacant Land","c":0}},{"type":"Feature","geometry":{"type":"Polygon","coordinates":[[[-83.903813,38.87457],[-83.903792,38.87475],[-83.903446,38.874725],[-83.903467,38.874545],[-83.903813,38.87457]]]},"properties":{"p":"33-065716.0000","o":"RALSTON MICHAEL","a":"703 MAIN ST NORTH","d":"GEORGETOWN EVSD","t":1063.34,"l":"510: Res-Single Family","c":0}},{"type":"Feature","geometry":{"type":"Polygon","coordinates":[[[-83.903554,38.872219],[-83.903527,38.872439],[-83.903196,38.872414],[-83.903332,38.872202],[-83.903554,38.872219]]]},"properties":{"p":"33-065868.0000","o":"CORBIN FERNA L & JERRY L CORBIN ETAL","a":"515 MT ORAB PIKE","d":"GEORGETOWN EVSD","t":1130.38,"l":"510: Res-Single Family","c":0}},{"type":"Feature","geometry":{"type":"Polygon","coordinates":[[[-83.90228,38.872204],[-83.902239,38.872492],[-83.902016,38.872473],[-83.902057,38.872185],[-83.90228,38.872204]]]},"properties":{"p":"33-066296.0000","o":"EMERY VANESSA K","a":"207 BLAIR","d":"GEORGETOWN EVSD","t":1125.6,"l":"510: Res-Single Family","c":0}},{"type":"Feature","geometry":{"type":"Polygon","coordinates":[[[-83.902894,38.862312],[-83.902884,38.862402],[-83.902538,38.862378],[-83.902548,38.862288],[-83.902894,38.862312]]]},"properties":{"p":"33-066912.0000","o":"KRONER KAREN","a":"503 WATER ST SOUTH","d":"GEORGETOWN EVSD","t":1110.42,"l":"510: Res-Single Family","c":0}},{"type":"Feature","geometry":{"type":"Polygon","coordinates":[[[-83.906381,38.865821],[-83.90635,38.866092],[-83.906177,38.86608],[-83.906208,38.865809],[-83.906381,38.865821]]]},"properties":{"p":"33-067604.0000","o":"WHITE LISA GAYE","a":"100 GREEN ST SOUTH","d":"GEORGETOWN EVSD","t":1195.34,"l":"510: Res-Single Family","c":0}},{"type":"Feature","geometry":{"type":"Polygon","coordinates":[[[-83.903541,38.868691],[-83.903274,38.868672],[-83.903286,38.868553],[-83.903554,38.868572],[-83.903541,38.868691]]]},"properties":{"p":"33-068416.0000","o":"RALSTON MICHAEL W","a":"407 APPLE","d":"GEORGETOWN EVSD","t":1062.14,"l":"510: Res-Single Family","c":0}},{"type":"Feature","geometry":{"type":"Polygon","coordinates":[[[-83.902468,38.936085],[-83.902525,38.936218],[-83.901497,38.936539],[-83.901198,38.936475],[-83.898886,38.936271],[-83.899063,38.935654],[-83.901362,38.935858],[-83.901201,38.936419],[-83.901483,38.936479],[-83.902244,38.936064],[-83.902468,38.936085]]]},"properties":{"p":"34-069712.0400","o":"HUNLEY STEFANIE","a":"10844 US 68","d":"WESTERN BROWN LSD","t":1096.18,"l":"580: Res-Custom Code","c":0}},{"type":"Feature","geometry":{"type":"Polygon","coordinates":[[[-83.87633,38.989703],[-83.874331,38.990819],[-83.871575,38.98961],[-83.87309,38.987412],[-83.876366,38.988828],[-83.875839,38.989083],[-83.87633,38.989703]]]},"properties":{"p":"34-070064.0000","o":"SCHWARBER WILLIAM F-AUGENSTEIN","a":"5242 STEPHANS RD","d":"WESTERN BROWN LSD","t":978.81,"l":"500: Res-Vacant Land","c":0}},{"type":"Feature","geometry":{"type":"Polygon","coordinates":[[[-83.931999,39.123497],[-83.933088,39.123738],[-83.933094,39.123866],[-83.931984,39.123627],[-83.931999,39.123497]]]},"properties":{"p":"37-018252.0000","o":"ISBILL BETTY J","a":"US 68","d":"WESTERN BROWN LSD","t":977.14,"l":"500: Res-Vacant Land","c":0}},{"type":"Feature","geometry":{"type":"Polygon","coordinates":[[[-83.993394,39.036876],[-83.992593,39.036712],[-83.992687,39.036459],[-83.993483,39.036632],[-83.993394,39.036876]]]},"properties":{"p":"37-070988.0000","o":"TAYLOR BARBARA A","a":"BEVERLY DR","d":"WESTERN BROWN LSD","t":926.66,"l":"580: Res-Custom Code","c":0}},{"type":"Feature","geometry":{"type":"Polygon","coordinates":[[[-83.992387,39.035783],[-83.992008,39.035719],[-83.992189,39.035178],[-83.992556,39.035258],[-83.992387,39.035783]]]},"properties":{"p":"37-071008.0000","o":"CRAIG MARGARET","a":"RICKLING","d":"WESTERN BROWN LSD","t":995.85,"l":"500: Res-Vacant Land","c":0}},{"type":"Feature","geometry":{"type":"Polygon","coordinates":[[[-83.979329,39.062853],[-83.97912,39.063427],[-83.978788,39.063348],[-83.979005,39.062753],[-83.979329,39.062853]]]},"properties":{"p":"37-071124.0003","o":"FRYE LONNY","a":"2260 BARDWELL WEST","d":"WESTERN BROWN LSD","t":832.9,"l":"580: Res-Custom Code","c":0}},{"type":"Feature","geometry":{"type":"Polygon","coordinates":[[[-84.000113,39.086803],[-83.999291,39.086618],[-83.9995,39.086052],[-84.000319,39.086244],[-84.000113,39.086803]]]},"properties":{"p":"37-071212.0300","o":"ANDERSON CHARLES E III","a":"16314 EDGINGTON","d":"WESTERN BROWN LSD","t":906.64,"l":"510: Res-Single Family","c":0}},{"type":"Feature","geometry":{"type":"Polygon","coordinates":[[[-83.994306,39.086695],[-83.993671,39.086486],[-83.992806,39.087468],[-83.992735,39.087444],[-83.995184,39.084666],[-83.995975,39.085166],[-83.994559,39.086779],[-83.994306,39.086695]]]},"properties":{"p":"37-071384.0208","o":"TUCKER CONNIE S","a":"1885 CROSSTOWN","d":"WESTERN BROWN LSD","t":1197.4,"l":"580: Res-Custom Code","c":0}},{"type":"Feature","geometry":{"type":"Polygon","coordinates":[[[-83.98467,39.077893],[-83.985176,39.077873],[-83.98567,39.076385],[-83.987017,39.076708],[-83.986428,39.078426],[-83.98693,39.078507],[-83.986146,39.080897],[-83.982684,39.081335],[-83.98378,39.077928],[-83.98467,39.077893]]]},"properties":{"p":"37-071664.0100","o":"P & W RACING PROPERTIES LLC","a":"2059 HARKER WAITS","d":"WESTERN BROWN LSD","t":1054.72,"l":"499: Com-Other","c":0}},{"type":"Feature","geometry":{"type":"Polygon","coordinates":[[[-83.992377,39.054154],[-83.992255,39.05448],[-83.991748,39.054365],[-83.992034,39.053599],[-83.992541,39.053715],[-83.992377,39.054154]]]},"properties":{"p":"37-071724.0200","o":"GRUBB CHERYL","a":"1910 GREENBUSH COBB","d":"WESTERN BROWN LSD","t":1012.32,"l":"510: Res-Single Family","c":0}},{"type":"Feature","geometry":{"type":"Polygon","coordinates":[[[-83.955728,39.109835],[-83.957092,39.110122],[-83.956901,39.110682],[-83.956229,39.110528],[-83.956404,39.11004],[-83.955711,39.109883],[-83.955728,39.109835]]]},"properties":{"p":"37-072288.0005","o":"KREIMER WALTER J & SHARON R","a":"17147 MALADY","d":"WESTERN BROWN LSD","t":957.13,"l":"580: Res-Custom Code","c":0}},{"type":"Feature","geometry":{"type":"Polygon","coordinates":[[[-83.988949,39.060294],[-83.99137,39.060845],[-83.991008,39.061825],[-83.988407,39.061754],[-83.988949,39.060294]]]},"properties":{"p":"37-072432.0200","o":"MAHAFFEY MICHAEL D","a":"BARDWELL WEST","d":"WESTERN BROWN LSD","t":1057.96,"l":"500: Res-Vacant Land","c":0}},{"type":"Feature","geometry":{"type":"Polygon","coordinates":[[[-84.002057,39.120509],[-84.002375,39.120545],[-84.0022,39.121485],[-84.001762,39.121436],[-84.001984,39.120674],[-84.002016,39.120677],[-84.002057,39.120509]]]},"properties":{"p":"37-072444.0300","o":"CHRISTIE DAVID R","a":"1627 STEWART HARBOUGH","d":"WESTERN BROWN LSD","t":839.34,"l":"510: Res-Single Family","c":0}},{"type":"Feature","geometry":{"type":"Polygon","coordinates":[[[-84.002057,39.120509],[-84.002016,39.120677],[-84.001984,39.120674],[-84.001762,39.121436],[-84.001489,39.121405],[-84.001472,39.120919],[-84.001347,39.120759],[-84.001345,39.12072],[-84.001462,39.120442],[-84.002057,39.120509]]]},"properties":{"p":"37-072444.0400","o":"CHRISTIE DAVID R","a":"1643 STEWART HARBOUGH","d":"WESTERN BROWN LSD","t":842.95,"l":"510: Res-Single Family","c":0}},{"type":"Feature","geometry":{"type":"Polygon","coordinates":[[[-83.977605,39.060811],[-83.977289,39.060713],[-83.977503,39.060142],[-83.977848,39.060249],[-83.977605,39.060811]]]},"properties":{"p":"37-072788.0000","o":"NORTON TIMOTHY W","a":"BARDWELL WEST","d":"WESTERN BROWN LSD","t":984.21,"l":"580: Res-Custom Code","c":0}},{"type":"Feature","geometry":{"type":"Polygon","coordinates":[[[-83.969866,39.045604],[-83.972434,39.046214],[-83.972312,39.046615],[-83.970965,39.046294],[-83.969766,39.04592],[-83.969866,39.045604]]]},"properties":{"p":"37-072796.0004","o":"OHL ALAN SCOTT","a":"14852 LINDSEY","d":"WESTERN BROWN LSD","t":926.55,"l":"560: Res-Mobile Home","c":0}},{"type":"Feature","geometry":{"type":"Polygon","coordinates":[[[-84.007473,39.034675],[-84.00803,39.034038],[-84.00778,39.034735],[-84.007473,39.034675]]]},"properties":{"p":"37-072804.0000","o":"SIZEMORE JAMES E & CATHY","a":"14421 TODDS RUN NEW HARMONY","d":"WESTERN BROWN LSD","t":1039.16,"l":"500: Res-Vacant Land","c":0}},{"type":"Feature","geometry":{"type":"Polygon","coordinates":[[[-83.877387,38.782191],[-83.877415,38.782032],[-83.877726,38.782053],[-83.8777,38.78221],[-83.877387,38.782191]]]},"properties":{"p":"39-073968.0400","o":"CROSWAIT JAMES E & CONNIE J","a":"5114 PISGAH RIDGE","d":"RIPLEY-UNION-LEWIS LSD","t":1214.14,"l":"500: Res-Vacant Land","c":0}},{"type":"Feature","geometry":{"type":"Polygon","coordinates":[[[-83.819618,38.761312],[-83.816421,38.760942],[-83.816654,38.760881],[-83.817971,38.760757],[-83.820371,38.760822],[-83.819607,38.761211],[-83.819618,38.761312]]]},"properties":{"p":"39-074738.0000","o":"HUGHES ORVILLE & FRANCES","a":"US 62/US 68","d":"RIPLEY-UNION-LEWIS LSD","t":1092.19,"l":"500: Res-Vacant Land","c":0}},{"type":"Feature","geometry":{"type":"Polygon","coordinates":[[[-83.808533,38.71255],[-83.810103,38.710483],[-83.810753,38.710517],[-83.808832,38.712693],[-83.808533,38.71255]]]},"properties":{"p":"39-075148.0013","o":"POE RAY ANTHONY & VANESSA J","a":"7133 CAMPBELL","d":"RIPLEY-UNION-LEWIS LSD","t":1179.96,"l":"510: Res-Single Family","c":0}},{"type":"Feature","geometry":{"type":"Polygon","coordinates":[[[-83.87158,38.762739],[-83.872137,38.76295],[-83.871985,38.763229],[-83.871459,38.763091],[-83.87158,38.762739]]]},"properties":{"p":"39-075472.0100","o":"COBB CHARLES","a":"US 52","d":"RIPLEY-UNION-LEWIS LSD","t":909.56,"l":"500: Res-Vacant Land","c":0}},{"type":"Feature","geometry":{"type":"Polygon","coordinates":[[[-83.845616,38.750202],[-83.845682,38.750299],[-83.845303,38.750453],[-83.845231,38.750359],[-83.845616,38.750202]]]},"properties":{"p":"41-077284.0000","o":"NICHOLS BRYANT LEE II","a":"236 FOURTH ST NORTH","d":"RIPLEY-UNION-LEWIS LSD","t":1083.36,"l":"510: Res-Single Family","c":0}},{"type":"Feature","geometry":{"type":"Polygon","coordinates":[[[-83.843912,38.747399],[-83.843867,38.747325],[-83.844248,38.747184],[-83.844293,38.747259],[-83.843912,38.747399]]]},"properties":{"p":"41-078392.0000","o":"MOFFETT JENNIFER","a":"39 FOURTH NORTH","d":"RIPLEY-UNION-LEWIS LSD","t":1029.17,"l":"510: Res-Single Family","c":0}},{"type":"Feature","geometry":{"type":"Polygon","coordinates":[[[-83.845103,38.747742],[-83.845193,38.747891],[-83.844812,38.748032],[-83.844723,38.747883],[-83.845103,38.747742]]]},"properties":{"p":"41-079376.0000","o":"BRADFORD LYLIA R","a":"110 THIRD NORTH","d":"RIPLEY-UNION-LEWIS LSD","t":996.92,"l":"560: Res-Mobile Home","c":0}},{"type":"Feature","geometry":{"type":"Polygon","coordinates":[[[-83.843916,38.746184],[-83.844107,38.746113],[-83.844286,38.746411],[-83.844096,38.746481],[-83.843916,38.746184]]]},"properties":{"p":"41-079516.0000","o":"OSMAN RAHMA","a":"202 MAIN","d":"RIPLEY-UNION-LEWIS LSD","t":967.95,"l":"420: Com-Retail-Small","c":0}},{"type":"Feature","geometry":{"type":"Polygon","coordinates":[[[-83.844643,38.748902],[-83.844709,38.749011],[-83.844328,38.749152],[-83.844271,38.749057],[-83.844643,38.748902]]]},"properties":{"p":"41-080416.0000","o":"RICE AUDREY","a":"202 FOURTH ST NORTH","d":"RIPLEY-UNION-LEWIS LSD","t":965.33,"l":"510: Res-Single Family","c":0}},{"type":"Feature","geometry":{"type":"Polygon","coordinates":[[[-83.826729,38.958552],[-83.82129,38.955928],[-83.831393,38.955911],[-83.828654,38.959498],[-83.826729,38.958552]]]},"properties":{"p":"42-008832.0000","o":"HEATH TODD ALLEN","a":"PURDY","d":"EASTERN LSD (BROWN CO.)","t":1168.52,"l":"111: Agr-CAUV-Cash-Grain Farm","c":0}},{"type":"Feature","geometry":{"type":"Polygon","coordinates":[[[-83.859157,38.994254],[-83.859447,38.99424],[-83.859384,38.995019],[-83.858261,38.994513],[-83.85879,38.994334],[-83.859157,38.994254]]]},"properties":{"p":"42-081548.0008","o":"WHEELER GARRY L ETAL","a":"STEPHAN","d":"EASTERN LSD (BROWN CO.)","t":1193.07,"l":"500: Res-Vacant Land","c":0}},{"type":"Feature","geometry":{"type":"Polygon","coordinates":[[[-83.812662,39.008981],[-83.812453,39.008956],[-83.812516,39.00863],[-83.812725,39.008655],[-83.812662,39.008981]]]},"properties":{"p":"43-084020.0000","o":"HARDYMAN AMY","a":"134 COLLEGE","d":"EASTERN LSD (BROWN CO.)","t":921.26,"l":"510: Res-Single Family","c":0}},{"type":"Feature","geometry":{"type":"Polygon","coordinates":[[[-83.811977,39.007839],[-83.812176,39.007908],[-83.812149,39.00804],[-83.81194,39.008013],[-83.811977,39.007839]]]},"properties":{"p":"43-084040.0000","o":"STACEY GWENDOLYN W","a":"11 RAILROAD","d":"EASTERN LSD (BROWN CO.)","t":831.05,"l":"510: Res-Single Family","c":0}},{"type":"Feature","geometry":{"type":"Polygon","coordinates":[[[-83.784491,38.952364],[-83.784823,38.952898],[-83.784587,38.952984],[-83.784262,38.952459],[-83.784491,38.952364]]]},"properties":{"p":"08-011128.0000","o":"RERING THOMAS R","a":"YUMA DR","d":"EASTERN LSD (BROWN CO.)","t":621.21,"l":"500: Res-Vacant Land","c":0}},{"type":"Feature","geometry":{"type":"Polygon","coordinates":[[[-83.784664,38.948723],[-83.784902,38.948636],[-83.78521,38.949132],[-83.784818,38.949269],[-83.784755,38.94927],[-83.784699,38.949247],[-83.78466,38.949183],[-83.784664,38.948723]]]},"properties":{"p":"08-011388.0000","o":"BURTON JOHN EDWARD","a":"UTE DR","d":"EASTERN LSD (BROWN CO.)","t":692.73,"l":"500: Res-Vacant Land","c":0}},{"type":"Feature","geometry":{"type":"Polygon","coordinates":[[[-83.779071,38.950681],[-83.77918,38.950646],[-83.779443,38.951148],[-83.779236,38.951213],[-83.778933,38.950725],[-83.779071,38.950681]]]},"properties":{"p":"08-012912.0000","o":"WAYNOKA DEVELP CORP","a":"TOTEM POLE DR","d":"EASTERN LSD (BROWN CO.)","t":655.61,"l":"500: Res-Vacant Land","c":0}},{"type":"Feature","geometry":{"type":"Polygon","coordinates":[[[-83.78109,38.953528],[-83.781382,38.95407],[-83.78112,38.954152],[-83.780838,38.953605],[-83.78109,38.953528]]]},"properties":{"p":"08-013240.0000","o":"HADLEY MATT","a":"* NOT ON FILE *","d":"EASTERN LSD (BROWN CO.)","t":624.2,"l":"500: Res-Vacant Land","c":0}},{"type":"Feature","geometry":{"type":"Polygon","coordinates":[[[-83.781011,38.936996],[-83.780461,38.937085],[-83.78036,38.936638],[-83.780522,38.936634],[-83.781011,38.936996]]]},"properties":{"p":"08-015404.0000","o":"DOERING SARAH","a":"WAGON WHEEL","d":"EASTERN LSD (BROWN CO.)","t":513.96,"l":"500: Res-Vacant Land","c":0}},{"type":"Feature","geometry":{"type":"Polygon","coordinates":[[[-83.772184,38.954408],[-83.770454,38.955055],[-83.769524,38.954908],[-83.769322,38.954488],[-83.770776,38.953911],[-83.771984,38.953715],[-83.772184,38.954408]]]},"properties":{"p":"16-026996.0300","o":"CHRISTMAN GREG & BREAKIRON GAIL","a":"11484 POOL KUNTZ","d":"EASTERN LSD (BROWN CO.)","t":606.81,"l":"510: Res-Single Family","c":0}},{"type":"Feature","geometry":{"type":"Polygon","coordinates":[[[-83.776495,38.951477],[-83.776731,38.951403],[-83.776955,38.951838],[-83.776947,38.951928],[-83.776753,38.951988],[-83.776495,38.951477]]]},"properties":{"p":"16-027924.0000","o":"MEADOWS LOVELL R","a":"TOTEM POLE","d":"EASTERN LSD (BROWN CO.)","t":540.61,"l":"500: Res-Vacant Land","c":0}},{"type":"Feature","geometry":{"type":"Polygon","coordinates":[[[-83.772084,38.929072],[-83.772095,38.928523],[-83.772359,38.928526],[-83.772348,38.929076],[-83.772084,38.929072]]]},"properties":{"p":"16-030580.0000","o":"BOLCE BLAKE & APRIL HOLBERT WESTFALL","a":"HORSE SHOE","d":"EASTERN LSD (BROWN CO.)","t":574.35,"l":"500: Res-Vacant Land","c":0}},{"type":"Feature","geometry":{"type":"Polygon","coordinates":[[[-83.762747,38.935666],[-83.762759,38.935463],[-83.763491,38.935495],[-83.76348,38.935693],[-83.762747,38.935666]]]},"properties":{"p":"16-033256.0000","o":"KISKADEN LAWRENCE & LOUANNE","a":"TEXAS","d":"EASTERN LSD (BROWN CO.)","t":562.49,"l":"500: Res-Vacant Land","c":0}},{"type":"Feature","geometry":{"type":"Polygon","coordinates":[[[-83.764303,38.934311],[-83.764223,38.934282],[-83.763961,38.934101],[-83.764376,38.933745],[-83.764566,38.933871],[-83.764303,38.934311]]]},"properties":{"p":"16-033764.0000","o":"WARD REBECCA RAE","a":"MOCCASIN DR","d":"EASTERN LSD (BROWN CO.)","t":746.01,"l":"500: Res-Vacant Land","c":0}},{"type":"Feature","geometry":{"type":"Polygon","coordinates":[[[-83.767591,38.937574],[-83.768089,38.937595],[-83.768085,38.938069],[-83.767558,38.938046],[-83.767591,38.937574]]]},"properties":{"p":"16-033804.0000","o":"MAURO ALBERT F & JOHN C","a":"HORSE SHOE PALOMINO","d":"EASTERN LSD (BROWN CO.)","t":542.65,"l":"500: Res-Vacant Land","c":0}},{"type":"Feature","geometry":{"type":"Polygon","coordinates":[[[-83.756458,38.945138],[-83.757463,38.945499],[-83.757292,38.945664],[-83.756449,38.945361],[-83.756458,38.945138]]]},"properties":{"p":"16-034864.0000","o":"STACY RAYMOND & KIM","a":"BONANZA","d":"EASTERN LSD (BROWN CO.)","t":681.81,"l":"500: Res-Vacant Land","c":0}},{"type":"Feature","geometry":{"type":"Polygon","coordinates":[[[-83.765054,38.950096],[-83.765027,38.9503],[-83.764282,38.950264],[-83.764304,38.950051],[-83.765054,38.950096]]]},"properties":{"p":"16-035416.0000","o":"PRESTON JAMES & HELEN","a":"LOSSAHATCHIE","d":"EASTERN LSD (BROWN CO.)","t":652.96,"l":"500: Res-Vacant Land","c":0}},{"type":"Feature","geometry":{"type":"Polygon","coordinates":[[[-83.766503,38.947589],[-83.7669,38.947598],[-83.766908,38.947769],[-83.766934,38.947897],[-83.766475,38.947972],[-83.766337,38.947939],[-83.766503,38.947589]]]},"properties":{"p":"16-035608.0000","o":"BORDERS GENE E","a":"HATCHIE","d":"EASTERN LSD (BROWN CO.)","t":525.73,"l":"500: Res-Vacant Land","c":0}},{"type":"Feature","geometry":{"type":"Polygon","coordinates":[[[-83.966633,38.790867],[-83.966641,38.79064],[-83.96693,38.790647],[-83.966914,38.7911],[-83.966625,38.791093],[-83.966633,38.790867]]]},"properties":{"p":"22-042588.0000","o":"SHINKLE IRENE","a":"GAINES","d":"RIPLEY-UNION-LEWIS LSD","t":693.34,"l":"500: Res-Vacant Land","c":0}},{"type":"Feature","geometry":{"type":"Polygon","coordinates":[[[-83.984326,39.182482],[-83.984216,39.183079],[-83.983934,39.183052],[-83.984037,39.182452],[-83.984326,39.182482]]]},"properties":{"p":"23-048312.0000","o":"ATTINGER ROBERT L","a":"DORTMUND","d":"FAYETTEVILLE-PERRY LSD","t":580.51,"l":"500: Res-Vacant Land","c":0}},{"type":"Feature","geometry":{"type":"Polygon","coordinates":[[[-83.907791,39.156893],[-83.907902,39.155854],[-83.909139,39.15599],[-83.909097,39.156978],[-83.907791,39.156893]]]},"properties":{"p":"23-052288.0100","o":"REEVES BRITTANEA","a":"4200 ST RT 131","d":"FAYETTEVILLE-PERRY LSD","t":547.71,"l":"580: Res-Custom Code","c":0}},{"type":"Feature","geometry":{"type":"Polygon","coordinates":[[[-83.988567,38.996079],[-83.99042,38.996288],[-83.990342,38.996736],[-83.988501,38.996579],[-83.988567,38.996079]]]},"properties":{"p":"29-056076.0012","o":"EQUITY TRUST CO CUSTODIAN THOMAS PARTIN IRA","a":"13039 LOWER CUMBERLAND","d":"WESTERN BROWN LSD","t":545.59,"l":"580: Res-Custom Code","c":0}},{"type":"Feature","geometry":{"type":"Polygon","coordinates":[[[-83.992481,39.038482],[-83.992573,39.038214],[-83.9929,39.038274],[-83.992805,39.038548],[-83.992481,39.038482]]]},"properties":{"p":"37-070968.0100","o":"DOWNING JOSHUA","a":"OLD STATE","d":"WESTERN BROWN LSD","t":659.14,"l":"500: Res-Vacant Land","c":0}},{"type":"Feature","geometry":{"type":"Polygon","coordinates":[[[-83.815956,38.967831],[-83.816028,38.967577],[-83.816772,38.967779],[-83.8167,38.968021],[-83.815956,38.967831]]]},"properties":{"p":"42-081544.0300","o":"US BANK NA","a":"PURDY","d":"EASTERN LSD (BROWN CO.)","t":487.41,"l":"500: Res-Vacant Land","c":0}},{"type":"Feature","geometry":{"type":"Polygon","coordinates":[[[-83.838871,38.72749],[-83.838967,38.727618],[-83.838681,38.727732],[-83.838593,38.727601],[-83.838871,38.72749]]]},"properties":{"p":"41-076644.0000","o":"COX MICHAEL & THELA","a":"POND","d":"RIPLEY-UNION-LEWIS LSD","t":564.54,"l":"500: Res-Vacant Land","c":0}},{"type":"Feature","geometry":{"type":"Polygon","coordinates":[[[-83.816079,38.722005],[-83.815868,38.722224],[-83.815763,38.722388],[-83.815629,38.722908],[-83.815115,38.722946],[-83.81549,38.72237],[-83.815629,38.721731],[-83.816079,38.722005]]]},"properties":{"p":"39-075820.0500","o":"TURNER DAVID & MARY J0","a":"SCOFFIELD","d":"RIPLEY-UNION-LEWIS LSD","t":703.55,"l":"580: Res-Custom Code","c":0}},{"type":"Feature","geometry":{"type":"Polygon","coordinates":[[[-83.801974,38.739141],[-83.801978,38.738978],[-83.804739,38.740103],[-83.804671,38.740143],[-83.804654,38.740927],[-83.802101,38.74039],[-83.802131,38.740267],[-83.802119,38.740179],[-83.802015,38.739981],[-83.801986,38.739868],[-83.801993,38.739347],[-83.801974,38.739141]]]},"properties":{"p":"39-074840.0300","o":"HAMM MICHAEL LEE & SHASTA LENORE","a":"3687 HOWARD HILL","d":"RIPLEY-UNION-LEWIS LSD","t":736.09,"l":"560: Res-Mobile Home","c":0}},{"type":"Feature","geometry":{"type":"Polygon","coordinates":[[[-83.876902,38.79506],[-83.876495,38.794869],[-83.876791,38.794722],[-83.877132,38.794595],[-83.877436,38.794693],[-83.876902,38.79506]]]},"properties":{"p":"39-074672.0001","o":"HIGHFIELD LEONARD & HELEN","a":"5694 OLD US 68","d":"RIPLEY-UNION-LEWIS LSD","t":573.07,"l":"580: Res-Custom Code","c":0}},{"type":"Feature","geometry":{"type":"Polygon","coordinates":[[[-83.829673,38.754774],[-83.83013,38.755574],[-83.829244,38.755774],[-83.829158,38.755567],[-83.828967,38.755252],[-83.828785,38.755013],[-83.829673,38.754774]]]},"properties":{"p":"39-074260.0002","o":"LIGHTNER KYLE & TRAPP ELAINE","a":"4273 RIPLEY","d":"RIPLEY-UNION-LEWIS LSD","t":502.19,"l":"580: Res-Custom Code","c":0}},{"type":"Feature","geometry":{"type":"Polygon","coordinates":[[[-83.951931,39.054264],[-83.95216,39.05363],[-83.952519,39.053744],[-83.95229,39.054378],[-83.951931,39.054264]]]},"properties":{"p":"37-073064.0100","o":"MILLER KAREN","a":"3090 BARDWELL WEST","d":"WESTERN BROWN LSD","t":779.59,"l":"580: Res-Custom Code","c":0}},{"type":"Feature","geometry":{"type":"Polygon","coordinates":[[[-83.996386,39.097042],[-83.997098,39.0972],[-83.996991,39.09749],[-83.996291,39.097301],[-83.996386,39.097042]]]},"properties":{"p":"37-072464.0000","o":"BISHOP ROY","a":"16695 EDGINGTON","d":"WESTERN BROWN LSD","t":544.03,"l":"510: Res-Single Family","c":0}},{"type":"Feature","geometry":{"type":"Polygon","coordinates":[[[-83.98721,39.037976],[-83.987041,39.038484],[-83.986498,39.038374],[-83.986645,39.037852],[-83.98721,39.037976]]]},"properties":{"p":"37-072452.0100","o":"SHAW PHYLLIS K & GILBERT H PRESTON","a":"2061 OLD STATE RD","d":"WESTERN BROWN LSD","t":517.04,"l":"560: Res-Mobile Home","c":0}},{"type":"Feature","geometry":{"type":"Polygon","coordinates":[[[-83.982484,39.058553],[-83.98197,39.058464],[-83.982058,39.058084],[-83.982575,39.058172],[-83.982484,39.058553]]]},"properties":{"p":"37-071704.0000","o":"GRAY EARL T & JANET A","a":"15288 EASTWOOD","d":"WESTERN BROWN LSD","t":706.9,"l":"510: Res-Single Family","c":0}},{"type":"Feature","geometry":{"type":"Polygon","coordinates":[[[-84.003564,39.097474],[-84.001321,39.096856],[-84.001584,39.096355],[-84.00381,39.097008],[-84.003776,39.097072],[-84.003834,39.097088],[-84.003699,39.097334],[-84.003564,39.097474]]]},"properties":{"p":"37-071624.0100","o":"BLANKENSHIP HAILEY JEAN","a":"16676 BLOOMROSE","d":"WESTERN BROWN LSD","t":584.44,"l":"580: Res-Custom Code","c":0}},{"type":"Feature","geometry":{"type":"Polygon","coordinates":[[[-83.993442,39.087675],[-83.993135,39.087575],[-83.994002,39.086595],[-83.994306,39.086695],[-83.993442,39.087675]]]},"properties":{"p":"37-071384.0202","o":"TUCKER CONNIE S","a":"1866 CROSSTOWN","d":"WESTERN BROWN LSD","t":681.36,"l":"499: Com-Other","c":0}},{"type":"Feature","geometry":{"type":"Polygon","coordinates":[[[-83.978273,39.079442],[-83.978183,39.079708],[-83.97675,39.079412],[-83.976841,39.079147],[-83.978273,39.079442]]]},"properties":{"p":"37-071352.0003","o":"ROGERS AMANDA MARIE & RATLIFF","a":"16050 EASTWOOD","d":"WESTERN BROWN LSD","t":735.2,"l":"580: Res-Custom Code","c":0}},{"type":"Feature","geometry":{"type":"Polygon","coordinates":[[[-83.925708,38.952348],[-83.925674,38.95281],[-83.925555,38.952827],[-83.9251,38.952515],[-83.925708,38.952348]]]},"properties":{"p":"34-070076.0100","o":"ATKINS CARRIE AKA CARRIE TUCKER","a":"11491 SMOKEY ROW","d":"WESTERN BROWN LSD","t":526.9,"l":"560: Res-Mobile Home","c":0}},{"type":"Feature","geometry":{"type":"Polygon","coordinates":[[[-83.932804,38.937609],[-83.932657,38.937726],[-83.932492,38.937896],[-83.932279,38.938244],[-83.930239,38.937623],[-83.930374,38.936401],[-83.931643,38.936797],[-83.931614,38.936859],[-83.932731,38.937199],[-83.933316,38.937247],[-83.932804,38.937609]]]},"properties":{"p":"34-069912.0100","o":"DUNCAN GEORGE","a":"11008 SMOKEY ROW","d":"WESTERN BROWN LSD","t":758.07,"l":"510: Res-Single Family","c":0}},{"type":"Feature","geometry":{"type":"Polygon","coordinates":[[[-83.914788,38.977402],[-83.916142,38.97713],[-83.916316,38.977908],[-83.915058,38.978126],[-83.914788,38.977402]]]},"properties":{"p":"34-069760.0100","o":"JONES TIMOTHY W & TINA","a":"12373 US RT 68","d":"WESTERN BROWN LSD","t":552.65,"l":"580: Res-Custom Code","c":0}},{"type":"Feature","geometry":{"type":"Polygon","coordinates":[[[-83.946029,38.916123],[-83.945995,38.916121],[-83.946062,38.914397],[-83.944612,38.912871],[-83.944721,38.911945],[-83.94749,38.912145],[-83.947073,38.915667],[-83.946301,38.91547],[-83.946222,38.916139],[-83.946029,38.916123]]]},"properties":{"p":"34-069312.0200","o":"MARTIN MICHAEL & VICKY","a":"2368 WAHL","d":"WESTERN BROWN LSD","t":577.25,"l":"500: Res-Vacant Land","c":0}},{"type":"Feature","geometry":{"type":"Polygon","coordinates":[[[-83.895618,38.867571],[-83.895524,38.867564],[-83.895477,38.867203],[-83.895579,38.86721],[-83.895583,38.867057],[-83.895556,38.866855],[-83.895496,38.866657],[-83.895402,38.866468],[-83.895276,38.86629],[-83.894672,38.865647],[-83.894804,38.86557],[-83.895391,38.866211],[-83.895499,38.866363],[-83.895609,38.866577],[-83.89568,38.866801],[-83.895712,38.867089],[-83.895707,38.867204],[-83.895618,38.867571]]]},"properties":{"p":"33-069296.0000","o":"MARKS JOSEPH","a":"NORTH","d":"GEORGETOWN EVSD","t":709.54,"l":"500: Res-Vacant Land","c":0}},{"type":"Feature","geometry":{"type":"Polygon","coordinates":[[[-83.899613,38.863731],[-83.899603,38.86373],[-83.899583,38.864102],[-83.899186,38.864029],[-83.899207,38.863598],[-83.899616,38.86367],[-83.899613,38.863731]]]},"properties":{"p":"33-069272.0000","o":"WEHRMEYER RYAN & HOLLIE","a":"500 E STATE ST","d":"GEORGETOWN EVSD","t":720.72,"l":"499: Com-Other","c":0}},{"type":"Feature","geometry":{"type":"Polygon","coordinates":[[[-83.890933,38.861934],[-83.890939,38.861797],[-83.891539,38.861901],[-83.891533,38.862038],[-83.890933,38.861934]]]},"properties":{"p":"33-068408.0000","o":"REESES STARTER & ALTERNATOR REP","a":"RACE","d":"GEORGETOWN EVSD","t":642.01,"l":"400: Com-Vacant Land","c":0}},{"type":"Feature","geometry":{"type":"Polygon","coordinates":[[[-83.891753,38.861808],[-83.892424,38.861934],[-83.892417,38.862071],[-83.891747,38.861946],[-83.891753,38.861808]]]},"properties":{"p":"33-067212.0000","o":"HAGER CLARENCE E-LITTLE TIFFANY","a":"28 RACE","d":"GEORGETOWN EVSD","t":582.27,"l":"580: Res-Custom Code","c":0}},{"type":"Feature","geometry":{"type":"Polygon","coordinates":[[[-83.89241,38.86221],[-83.891742,38.862086],[-83.891747,38.861946],[-83.892417,38.862071],[-83.89241,38.86221]]]},"properties":{"p":"33-067208.0000","o":"HAGER CLARENCE E-LITTLE TIFFANY","a":"RACE","d":"GEORGETOWN EVSD","t":588.91,"l":"500: Res-Vacant Land","c":0}},{"type":"Feature","geometry":{"type":"Polygon","coordinates":[[[-83.902112,38.871739],[-83.902335,38.871758],[-83.902292,38.872063],[-83.902069,38.872043],[-83.902112,38.871739]]]},"properties":{"p":"33-066272.0000","o":"PARKER TIMOTHY L","a":"206 BLAIR","d":"GEORGETOWN EVSD","t":702.69,"l":"510: Res-Single Family","c":0}},{"type":"Feature","geometry":{"type":"Polygon","coordinates":[[[-83.900431,38.87128],[-83.900653,38.871299],[-83.900633,38.871443],[-83.90041,38.871424],[-83.900431,38.87128]]]},"properties":{"p":"33-066212.0000","o":"RALSTON MICHAEL W","a":"405 OHIO ST","d":"GEORGETOWN EVSD","t":767.87,"l":"510: Res-Single Family","c":0}},{"type":"Feature","geometry":{"type":"Polygon","coordinates":[[[-83.898834,38.869591],[-83.898382,38.869554],[-83.898402,38.869389],[-83.898854,38.869422],[-83.898834,38.869591]]]},"properties":{"p":"33-066164.0000","o":"JONES AARON L","a":"424 ELM","d":"GEORGETOWN EVSD","t":620.08,"l":"510: Res-Single Family","c":0}},{"type":"Feature","geometry":{"type":"Polygon","coordinates":[[[-83.901563,38.848237],[-83.901585,38.848007],[-83.902145,38.84804],[-83.902123,38.848277],[-83.901563,38.848237]]]},"properties":{"p":"33-062652.0000","o":"NEU JACKIE","a":"KELLY TERRACE","d":"GEORGETOWN EVSD","t":633.75,"l":"599: Res-Other","c":0}},{"type":"Feature","geometry":{"type":"Polygon","coordinates":[[[-83.905269,38.848339],[-83.904919,38.848317],[-83.904974,38.84777],[-83.905674,38.847813],[-83.905619,38.84836],[-83.905269,38.848339]]]},"properties":{"p":"33-058908.0102","o":"PURDY CHARLENE MAE","a":"FREE SOIL","d":"GEORGETOWN EVSD","t":499.44,"l":"500: Res-Vacant Land","c":0}},{"type":"Feature","geometry":{"type":"Polygon","coordinates":[[[-83.89697,38.853769],[-83.896028,38.853734],[-83.89609,38.852539],[-83.896909,38.85259],[-83.89697,38.853769]]]},"properties":{"p":"31-059956.0000","o":"SHELTON BRENDA","a":"US 68","d":"GEORGETOWN EVSD","t":785.3,"l":"500: Res-Vacant Land","c":0}},{"type":"Feature","geometry":{"type":"Polygon","coordinates":[[[-83.895845,38.843972],[-83.897127,38.843928],[-83.896808,38.845139],[-83.894767,38.84509],[-83.894748,38.844835],[-83.895907,38.844794],[-83.895845,38.843972]]]},"properties":{"p":"31-058664.0600","o":"WEHRMEYER RYAN E & HOLLIE L","a":"MAIN","d":"GEORGETOWN EVSD","t":483.5,"l":"500: Res-Vacant Land","c":0}},{"type":"Feature","geometry":{"type":"Polygon","coordinates":[[[-84.011,39.032002],[-84.011632,39.029968],[-84.012295,39.029607],[-84.011506,39.032094],[-84.011,39.032002]]]},"properties":{"p":"29-072660.0111","o":"BENNETT AMIE LYNN","a":"1362 TODDS RUN FOSTER","d":"WESTERN BROWN LSD","t":737.4,"l":"560: Res-Mobile Home","c":0}},{"type":"Feature","geometry":{"type":"Polygon","coordinates":[[[-83.96535,39.01476],[-83.965282,39.015673],[-83.964899,39.015705],[-83.964946,39.014791],[-83.96535,39.01476]]]},"properties":{"p":"29-056768.0000","o":"HOLLANDER JOHN & REBECCA","a":"2870 NEW HARMONY","d":"WESTERN BROWN LSD","t":593.68,"l":"580: Res-Custom Code","c":0}},{"type":"Feature","geometry":{"type":"Polygon","coordinates":[[[-84.004027,38.990883],[-84.00377,38.99067],[-84.003992,38.990351],[-84.003918,38.990035],[-84.003902,38.989685],[-84.004372,38.989671],[-84.004203,38.990713],[-84.004027,38.990883]]]},"properties":{"p":"29-056472.0300","o":"SHUEMAKE TERRY W","a":"1578 OAKLAND LOCUST-RIDGE","d":"WESTERN BROWN LSD","t":636.59,"l":"580: Res-Custom Code","c":0}},{"type":"Feature","geometry":{"type":"Polygon","coordinates":[[[-84.003529,38.990471],[-84.00361,38.98999],[-84.00388,38.99012],[-84.003904,38.990369],[-84.003711,38.990622],[-84.003529,38.990471]]]},"properties":{"p":"29-056472.0100","o":"ROBINSON JEFFREY CLIFTON","a":"1584 OAKLAND LOCUST RIDGE","d":"WESTERN BROWN LSD","t":783.55,"l":"580: Res-Custom Code","c":0}},{"type":"Feature","geometry":{"type":"Polygon","coordinates":[[[-83.994952,39.018547],[-83.995014,39.018162],[-83.996017,39.018378],[-83.995817,39.019611],[-83.995774,39.019602],[-83.995912,39.018754],[-83.994952,39.018547]]]},"properties":{"p":"29-055452.0103","o":"SPARKS JEFFREY","a":"1 MAPLE GROVE","d":"WESTERN BROWN LSD","t":605.69,"l":"580: Res-Custom Code","c":0}},{"type":"Feature","geometry":{"type":"Polygon","coordinates":[[[-83.927781,38.981887],[-83.927236,38.982063],[-83.9266,38.982091],[-83.926605,38.982055],[-83.926012,38.982131],[-83.926054,38.981546],[-83.926589,38.981521],[-83.926942,38.981571],[-83.927765,38.981539],[-83.927781,38.981887]]]},"properties":{"p":"29-055144.0001","o":"CARTER KATHERINE SUE & DELMAR L","a":"3776 KIMBALL","d":"WESTERN BROWN LSD","t":544.06,"l":"560: Res-Mobile Home","c":0}},{"type":"Feature","geometry":{"type":"Polygon","coordinates":[[[-83.95128,39.007806],[-83.951377,39.007838],[-83.950934,39.009089],[-83.950485,39.009001],[-83.950713,39.008342],[-83.950344,39.008273],[-83.950597,39.007671],[-83.95128,39.007806]]]},"properties":{"p":"29-054628.0100","o":"BARRETT TIMOTHY R & TARA","a":"3015 PLEASANT HILL","d":"WESTERN BROWN LSD","t":608.85,"l":"510: Res-Single Family","c":0}},{"type":"Feature","geometry":{"type":"Polygon","coordinates":[[[-83.932854,39.187331],[-83.932821,39.187143],[-83.933117,39.187112],[-83.933149,39.187291],[-83.932854,39.187331]]]},"properties":{"p":"27-052928.0000","o":"DEERFIELD PROPERTIES LLC","a":"APPLE","d":"FAYETTEVILLE-PERRY LSD","t":577.51,"l":"400: Com-Vacant Land","c":0}},{"type":"Feature","geometry":{"type":"Polygon","coordinates":[[[-83.932854,39.187331],[-83.933149,39.187291],[-83.933181,39.187475],[-83.932885,39.187507],[-83.932854,39.187331]]]},"properties":{"p":"27-052924.0000","o":"DEERFIELD PROPERTIES LLC","a":"141 HUMBER","d":"FAYETTEVILLE-PERRY LSD","t":577.51,"l":"400: Com-Vacant Land","c":0}},{"type":"Feature","geometry":{"type":"Polygon","coordinates":[[[-83.900766,39.189629],[-83.901695,39.189504],[-83.901569,39.190631],[-83.900875,39.190723],[-83.900906,39.189822],[-83.900751,39.189811],[-83.900766,39.189629]]]},"properties":{"p":"23-050588.0000","o":"BIRCH TODD","a":"US 50 FAYETTEVILLE 45118","d":"FAYETTEVILLE-PERRY LSD","t":607.01,"l":"500: Res-Vacant Land","c":0}},{"type":"Feature","geometry":{"type":"Polygon","coordinates":[[[-83.98373,39.191921],[-83.983858,39.1905],[-83.984224,39.190526],[-83.984098,39.191944],[-83.98373,39.191921]]]},"properties":{"p":"23-050564.0700","o":"FIELDS CARLIS F & PHYLLIS A","a":"O`REILLY","d":"FAYETTEVILLE-PERRY LSD","t":537.29,"l":"560: Res-Mobile Home","c":0}},{"type":"Feature","geometry":{"type":"Polygon","coordinates":[[[-83.974135,39.194095],[-83.974159,39.193898],[-83.974753,39.193926],[-83.974727,39.19414],[-83.974135,39.194095]]]},"properties":{"p":"23-048932.0000","o":"RIPLEY GERALDINE R","a":"ODENWALD","d":"FAYETTEVILLE-PERRY LSD","t":509.18,"l":"500: Res-Vacant Land","c":0}},{"type":"Feature","geometry":{"type":"Polygon","coordinates":[[[-83.978236,39.187],[-83.977913,39.186937],[-83.978076,39.18644],[-83.97834,39.186501],[-83.978404,39.186547],[-83.978439,39.186609],[-83.978435,39.186689],[-83.978335,39.186902],[-83.978236,39.187]]]},"properties":{"p":"23-048540.0000","o":"ANDERSON ARCHIE & MICHELE","a":"327 DORTMUND","d":"FAYETTEVILLE-PERRY LSD","t":744.89,"l":"500: Res-Vacant Land","c":0}},{"type":"Feature","geometry":{"type":"Polygon","coordinates":[[[-83.984707,39.183928],[-83.984653,39.184285],[-83.984619,39.184334],[-83.984546,39.184355],[-83.984142,39.184327],[-83.984218,39.183871],[-83.984707,39.183928]]]},"properties":{"p":"23-048408.0000","o":"HENRY HAYDEN MORGAN","a":"SCHLITZ","d":"FAYETTEVILLE-PERRY LSD","t":680.77,"l":"500: Res-Vacant Land","c":0}},{"type":"Feature","geometry":{"type":"Polygon","coordinates":[[[-83.985761,39.183583],[-83.985729,39.183788],[-83.984959,39.183715],[-83.984991,39.18351],[-83.985761,39.183583]]]},"properties":{"p":"23-048324.0000","o":"HATTEN RHODIE","a":"DORTMUND","d":"FAYETTEVILLE-PERRY LSD","t":580.51,"l":"500: Res-Vacant Land","c":0}},{"type":"Feature","geometry":{"type":"Polygon","coordinates":[[[-83.983766,39.182424],[-83.984037,39.182452],[-83.983934,39.183052],[-83.983659,39.183026],[-83.983766,39.182424]]]},"properties":{"p":"23-048308.0000","o":"ATTINGER ROBERT L","a":"DORTMUND","d":"FAYETTEVILLE-PERRY LSD","t":580.51,"l":"500: Res-Vacant Land","c":0}},{"type":"Feature","geometry":{"type":"Polygon","coordinates":[[[-83.98393,39.184506],[-83.984216,39.184525],[-83.984136,39.185034],[-83.983862,39.185015],[-83.98393,39.184506]]]},"properties":{"p":"23-046464.0000","o":"EVERSON WALTER & AGNES","a":"SCHLITZ","d":"FAYETTEVILLE-PERRY LSD","t":680.77,"l":"500: Res-Vacant Land","c":0}},{"type":"Feature","geometry":{"type":"Polygon","coordinates":[[[-83.974178,39.193696],[-83.974774,39.193744],[-83.974753,39.193926],[-83.974159,39.193898],[-83.974178,39.193696]]]},"properties":{"p":"23-046412.0000","o":"RIPLEY GERALDINE R","a":"ODENWALD","d":"FAYETTEVILLE-PERRY LSD","t":509.18,"l":"500: Res-Vacant Land","c":0}},{"type":"Feature","geometry":{"type":"Polygon","coordinates":[[[-83.970536,39.19563],[-83.970453,39.195857],[-83.969861,39.195706],[-83.970025,39.195427],[-83.970536,39.19563]]]},"properties":{"p":"23-045752.0000","o":"LACK TAMMY S","a":"819 BONN","d":"FAYETTEVILLE-PERRY LSD","t":740.96,"l":"500: Res-Vacant Land","c":0}},{"type":"Feature","geometry":{"type":"Polygon","coordinates":[[[-83.970536,39.19563],[-83.970025,39.195427],[-83.970143,39.195225],[-83.970667,39.195327],[-83.970536,39.19563]]]},"properties":{"p":"23-044840.0000","o":"LACK TAMMY S","a":"820 BONN","d":"FAYETTEVILLE-PERRY LSD","t":740.96,"l":"500: Res-Vacant Land","c":0}},{"type":"Feature","geometry":{"type":"Polygon","coordinates":[[[-83.983766,39.182424],[-83.983659,39.183026],[-83.983401,39.183001],[-83.983515,39.182398],[-83.983766,39.182424]]]},"properties":{"p":"23-044748.0000","o":"ATTINGER ROBERT L","a":"DORTMUND","d":"FAYETTEVILLE-PERRY LSD","t":631.09,"l":"500: Res-Vacant Land","c":0}},{"type":"Feature","geometry":{"type":"Polygon","coordinates":[[[-83.96829,39.201745],[-83.96775,39.201742],[-83.967627,39.201497],[-83.968313,39.201535],[-83.96829,39.201745]]]},"properties":{"p":"23-044204.0000","o":"HIGGINS JOHN A & ELFRIEDA","a":"KRUPP","d":"FAYETTEVILLE-PERRY LSD","t":680.77,"l":"500: Res-Vacant Land","c":0}},{"type":"Feature","geometry":{"type":"Polygon","coordinates":[[[-83.970283,39.189214],[-83.970305,39.189384],[-83.969889,39.189626],[-83.969711,39.189343],[-83.969695,39.189281],[-83.970283,39.189214]]]},"properties":{"p":"23-044144.0000","o":"BROWN DOROTHY","a":"618 LORELEI WEST","d":"FAYETTEVILLE-PERRY LSD","t":794.77,"l":"510: Res-Single Family","c":0}},{"type":"Feature","geometry":{"type":"Polygon","coordinates":[[[-83.974484,39.189137],[-83.975008,39.189288],[-83.974749,39.189769],[-83.974378,39.189232],[-83.97444,39.189194],[-83.974484,39.189137]]]},"properties":{"p":"23-043712.0000","o":"SLEZKIN DMITRI Y","a":"517 BURLING COVE","d":"FAYETTEVILLE-PERRY LSD","t":706.04,"l":"500: Res-Vacant Land","c":0}},{"type":"Feature","geometry":{"type":"Polygon","coordinates":[[[-83.968329,38.790406],[-83.968337,38.79018],[-83.968482,38.790183],[-83.968465,38.790636],[-83.968321,38.790632],[-83.968329,38.790406]]]},"properties":{"p":"22-042500.0000","o":"FENT TOD","a":"COLUMBIA","d":"RIPLEY-UNION-LEWIS LSD","t":649.46,"l":"420: Com-Retail-Small","c":0}},{"type":"Feature","geometry":{"type":"Polygon","coordinates":[[[-83.953637,38.847073],[-83.954788,38.846439],[-83.955109,38.846799],[-83.953961,38.847432],[-83.953637,38.847073]]]},"properties":{"p":"21-041788.1500","o":"HOMESTEAD INVESTMENT CORP","a":"7566 LYONS RD","d":"GEORGETOWN EVSD","t":623.38,"l":"599: Res-Other","c":0}},{"type":"Feature","geometry":{"type":"Polygon","coordinates":[[[-83.943686,38.871905],[-83.943725,38.871423],[-83.944094,38.870979],[-83.944217,38.870758],[-83.944156,38.870076],[-83.944174,38.869916],[-83.944612,38.869392],[-83.945349,38.871566],[-83.943686,38.871905]]]},"properties":{"p":"21-041720.0002","o":"ROHRIG TIMOTHY J & KATHLEEN","a":"3216 EDEN","d":"GEORGETOWN EVSD","t":680.48,"l":"510: Res-Single Family","c":0}},{"type":"Feature","geometry":{"type":"Polygon","coordinates":[[[-84.022556,38.799655],[-84.022088,38.799776],[-84.020458,38.794665],[-84.020961,38.794656],[-84.022556,38.799655]]]},"properties":{"p":"20-041056.0700","o":"TULL GARY L & GABRIEL M","a":"1038 SHINKLES RIDGE","d":"RIPLEY-UNION-LEWIS LSD","t":682.94,"l":"560: Res-Mobile Home","c":0}},{"type":"Feature","geometry":{"type":"Polygon","coordinates":[[[-83.956584,38.826671],[-83.956956,38.826309],[-83.957466,38.826625],[-83.957095,38.826987],[-83.956584,38.826671]]]},"properties":{"p":"20-041040.0000","o":"RING GREG","a":"ST RT 221","d":"RIPLEY-UNION-LEWIS LSD","t":769.15,"l":"500: Res-Vacant Land","c":0}},{"type":"Feature","geometry":{"type":"Polygon","coordinates":[[[-83.99982,38.830841],[-83.999818,38.830554],[-84.001638,38.83017],[-83.999833,38.831383],[-83.99982,38.830841]]]},"properties":{"p":"20-040452.2500","o":"BLANKENSHIP-LAWS CHERYL","a":"7115 ST RT 505","d":"RIPLEY-UNION-LEWIS LSD","t":534.56,"l":"510: Res-Single Family","c":0}},{"type":"Feature","geometry":{"type":"Polygon","coordinates":[[[-83.997503,38.835873],[-83.998399,38.835589],[-83.998724,38.836216],[-83.997955,38.836742],[-83.997503,38.835873]]]},"properties":{"p":"20-040452.0600","o":"DEAN PAUL A SR & SYDNEY E","a":"1718 OWENS RD","d":"RIPLEY-UNION-LEWIS LSD","t":573.44,"l":"560: Res-Mobile Home","c":0}},{"type":"Feature","geometry":{"type":"Polygon","coordinates":[[[-84.036624,38.820684],[-84.036966,38.821022],[-84.036313,38.821403],[-84.035629,38.820852],[-84.036128,38.820311],[-84.036642,38.820679],[-84.036624,38.820684]]]},"properties":{"p":"20-040356.0000","o":"CAHALL HARLEY","a":"655 SKIFFSVILLE","d":"RIPLEY-UNION-LEWIS LSD","t":656.97,"l":"510: Res-Single Family","c":0}},{"type":"Feature","geometry":{"type":"Polygon","coordinates":[[[-84.026363,38.850161],[-84.02708,38.850811],[-84.027248,38.851014],[-84.026829,38.851239],[-84.025796,38.850225],[-84.026202,38.850005],[-84.026363,38.850161]]]},"properties":{"p":"19-039428.0005","o":"PLANCK JOHN S & ARTHUR M","a":"7706 J BOLENDER (& 7726)","d":"WESTERN BROWN LSD","t":632.66,"l":"580: Res-Custom Code","c":0}},{"type":"Feature","geometry":{"type":"Polygon","coordinates":[[[-83.995002,38.88203],[-83.993397,38.880937],[-83.994605,38.880144],[-83.995019,38.880614],[-83.994785,38.880986],[-83.995491,38.881616],[-83.995002,38.88203]]]},"properties":{"p":"19-039424.0000","o":"SHUEMAKE WALTER R & DIANA L","a":"8858 ST RT 505","d":"WESTERN BROWN LSD","t":489.3,"l":"510: Res-Single Family","c":0}},{"type":"Feature","geometry":{"type":"Polygon","coordinates":[[[-84.038228,38.845153],[-84.037975,38.84491],[-84.040184,38.843498],[-84.040499,38.843798],[-84.038305,38.845227],[-84.038228,38.845153]]]},"properties":{"p":"19-039292.0018","o":"DAVIS ANNA M","a":"582 ROBERTSON","d":"WESTERN BROWN LSD","t":640.85,"l":"560: Res-Mobile Home","c":0}},{"type":"Feature","geometry":{"type":"Polygon","coordinates":[[[-84.037116,38.844094],[-84.036967,38.84395],[-84.039173,38.842535],[-84.039516,38.842862],[-84.037325,38.844292],[-84.037116,38.844094]]]},"properties":{"p":"19-039292.0008","o":"BOWLING JEANINE M","a":"608 ROBERSTON","d":"WESTERN BROWN LSD","t":575.37,"l":"580: Res-Custom Code","c":0}},{"type":"Feature","geometry":{"type":"Polygon","coordinates":[[[-84.040539,38.83941],[-84.041149,38.839987],[-84.038359,38.841759],[-84.0378,38.841226],[-84.040539,38.83941]]]},"properties":{"p":"19-039168.1300","o":"MUNCY PAUL & ELAINE","a":"555 WOODED RUN (& 560)","d":"WESTERN BROWN LSD","t":705.94,"l":"580: Res-Custom Code","c":0}},{"type":"Feature","geometry":{"type":"Polygon","coordinates":[[[-84.043575,38.84079],[-84.041472,38.838791],[-84.042395,38.838173],[-84.043747,38.839463],[-84.043575,38.84079]]]},"properties":{"p":"19-039168.0200","o":"SCHAEFER RICHARD","a":"WOODED RUN","d":"WESTERN BROWN LSD","t":560.09,"l":"500: Res-Vacant Land","c":0}},{"type":"Feature","geometry":{"type":"Polygon","coordinates":[[[-84.0383,38.852439],[-84.035644,38.849962],[-84.036151,38.84964],[-84.038806,38.852113],[-84.0383,38.852439]]]},"properties":{"p":"19-039104.2500","o":"HELTON RICK & JERRI","a":"578 FRANCIS (&580)","d":"WESTERN BROWN LSD","t":628.93,"l":"580: Res-Custom Code","c":0}},{"type":"Feature","geometry":{"type":"Polygon","coordinates":[[[-83.795553,38.82348],[-83.795334,38.826141],[-83.794523,38.826096],[-83.794747,38.823439],[-83.795553,38.82348]]]},"properties":{"p":"17-036236.0104","o":"SOUDER IRVIN G & BRENDA","a":"7528 GOOSELICK","d":"EASTERN LSD (BROWN CO.)","t":741.83,"l":"599: Res-Other","c":0}},{"type":"Feature","geometry":{"type":"Polygon","coordinates":[[[-83.812889,38.869999],[-83.811761,38.869932],[-83.811895,38.868692],[-83.812039,38.868705],[-83.812984,38.868706],[-83.812889,38.869999]]]},"properties":{"p":"17-035972.0000","o":"ROTH OTTO","a":"7105 ST RT 125","d":"EASTERN LSD (BROWN CO.)","t":746.77,"l":"510: Res-Single Family","c":0}},{"type":"Feature","geometry":{"type":"Polygon","coordinates":[[[-83.764499,38.951346],[-83.764839,38.951895],[-83.764607,38.951983],[-83.764268,38.951436],[-83.764499,38.951346]]]},"properties":{"p":"16-035528.0000","o":"SCOTT TAMARR & KIMBERLY","a":"ITAWAMBA","d":"EASTERN LSD (BROWN CO.)","t":566.85,"l":"500: Res-Vacant Land","c":0}},{"type":"Feature","geometry":{"type":"Polygon","coordinates":[[[-83.759833,38.951482],[-83.759105,38.951429],[-83.759131,38.95121],[-83.759868,38.951263],[-83.759833,38.951482]]]},"properties":{"p":"16-035432.0000","o":"RIEDE PAUL O & SUSAN N","a":"ITAWAMBA","d":"EASTERN LSD (BROWN CO.)","t":574.35,"l":"500: Res-Vacant Land","c":0}},{"type":"Feature","geometry":{"type":"Polygon","coordinates":[[[-83.760305,38.949409],[-83.760995,38.949453],[-83.760975,38.949655],[-83.760291,38.94962],[-83.760305,38.949409]]]},"properties":{"p":"16-035196.0000","o":"GAVIN SHAWN A","a":"ITAWAMBA DR","d":"EASTERN LSD (BROWN CO.)","t":536.45,"l":"500: Res-Vacant Land","c":0}},{"type":"Feature","geometry":{"type":"Polygon","coordinates":[[[-83.756466,38.944914],[-83.757678,38.945349],[-83.757463,38.945499],[-83.756458,38.945138],[-83.756466,38.944914]]]},"properties":{"p":"16-034860.0000","o":"STACY RAYMOND & KIM","a":"BONANZA","d":"EASTERN LSD (BROWN CO.)","t":681.81,"l":"500: Res-Vacant Land","c":0}},{"type":"Feature","geometry":{"type":"Polygon","coordinates":[[[-83.75358,38.941056],[-83.753436,38.941067],[-83.753365,38.941098],[-83.752996,38.940341],[-83.753364,38.94039],[-83.75358,38.941056]]]},"properties":{"p":"16-034700.0000","o":"ALI ABDUL-ALEEM","a":"BEARCAT DR","d":"EASTERN LSD (BROWN CO.)","t":659.94,"l":"500: Res-Vacant Land","c":0}},{"type":"Feature","geometry":{"type":"Polygon","coordinates":[[[-83.76273,38.936087],[-83.763456,38.936115],[-83.763443,38.936339],[-83.762754,38.936304],[-83.762727,38.93616],[-83.76273,38.936087]]]},"properties":{"p":"16-033268.0000","o":"BARTOE MICHAEL M","a":"TEXAS","d":"EASTERN LSD (BROWN CO.)","t":803.75,"l":"500: Res-Vacant Land","c":0}},{"type":"Feature","geometry":{"type":"Polygon","coordinates":[[[-83.765788,38.935513],[-83.765774,38.935715],[-83.765085,38.935691],[-83.765096,38.935491],[-83.765788,38.935513]]]},"properties":{"p":"16-033084.0000","o":"WAYNOKA DEVELP CORP","a":"WHITE DOVE","d":"EASTERN LSD (BROWN CO.)","t":777.77,"l":"500: Res-Vacant Land","c":0}},{"type":"Feature","geometry":{"type":"Polygon","coordinates":[[[-83.765981,38.937141],[-83.765994,38.936922],[-83.766699,38.936954],[-83.766689,38.937167],[-83.765981,38.937141]]]},"properties":{"p":"16-033004.0000","o":"TIMBERLAKE ANTHONY & JACQUENNE","a":"WHITE DOVE","d":"EASTERN LSD (BROWN CO.)","t":727.1,"l":"500: Res-Vacant Land","c":0}},{"type":"Feature","geometry":{"type":"Polygon","coordinates":[[[-83.760176,38.938942],[-83.760778,38.938964],[-83.760762,38.9392],[-83.760161,38.939171],[-83.760176,38.938942]]]},"properties":{"p":"16-032280.0000","o":"WHEATLEY GERALD G","a":"MONTANA","d":"EASTERN LSD (BROWN CO.)","t":582.16,"l":"500: Res-Vacant Land","c":0}},{"type":"Feature","geometry":{"type":"Polygon","coordinates":[[[-83.75786,38.941769],[-83.758326,38.941934],[-83.758098,38.942326],[-83.75804,38.942366],[-83.75797,38.942367],[-83.757727,38.94228],[-83.75786,38.941769]]]},"properties":{"p":"16-032224.0000","o":"FAMAL GREGORY & CARRIE","a":"WAYNOKA","d":"EASTERN LSD (BROWN CO.)","t":575.9,"l":"500: Res-Vacant Land","c":0}},{"type":"Feature","geometry":{"type":"Polygon","coordinates":[[[-83.757892,38.933724],[-83.757116,38.933696],[-83.757143,38.933303],[-83.757931,38.933612],[-83.757892,38.933724]]]},"properties":{"p":"16-032020.0000","o":"ALL UNDER ONE ROOF","a":"SITTING BULL","d":"EASTERN LSD (BROWN CO.)","t":574.35,"l":"500: Res-Vacant Land","c":0}},{"type":"Feature","geometry":{"type":"Polygon","coordinates":[[[-83.769818,38.92975],[-83.769821,38.929212],[-83.770081,38.929213],[-83.770075,38.929752],[-83.769818,38.92975]]]},"properties":{"p":"16-031780.0000","o":"EVANS MARY E","a":"HORSE SHOE","d":"EASTERN LSD (BROWN CO.)","t":784.68,"l":"500: Res-Vacant Land","c":0}},{"type":"Feature","geometry":{"type":"Polygon","coordinates":[[[-83.775724,38.927925],[-83.776461,38.927948],[-83.776399,38.928169],[-83.775712,38.928159],[-83.775724,38.927925]]]},"properties":{"p":"16-031212.0000","o":"MILLER MELVIN & DIANA MILLER & DAWN WILLOUGHBY","a":"HORSE SHOE","d":"EASTERN LSD (BROWN CO.)","t":755.81,"l":"500: Res-Vacant Land","c":0}},{"type":"Feature","geometry":{"type":"Polygon","coordinates":[[[-83.775933,38.936765],[-83.775754,38.936765],[-83.775755,38.936559],[-83.776458,38.936561],[-83.776457,38.936767],[-83.775933,38.936765]]]},"properties":{"p":"16-029528.0000","o":"SALEH SALIM S ETAL","a":"INDIAN","d":"EASTERN LSD (BROWN CO.)","t":611.22,"l":"500: Res-Vacant Land","c":0}},{"type":"Feature","geometry":{"type":"Polygon","coordinates":[[[-83.774588,38.9507],[-83.774648,38.950681],[-83.774918,38.951201],[-83.774665,38.95128],[-83.774397,38.95076],[-83.774588,38.9507]]]},"properties":{"p":"16-028028.0000","o":"PIWOWARSKI BOB","a":"RIO BRAZOS DR","d":"EASTERN LSD (BROWN CO.)","t":745.51,"l":"500: Res-Vacant Land","c":0}},{"type":"Feature","geometry":{"type":"Polygon","coordinates":[[[-83.774084,38.950858],[-83.774152,38.950836],[-83.774417,38.951358],[-83.774184,38.95143],[-83.773914,38.950911],[-83.774084,38.950858]]]},"properties":{"p":"16-028020.0000","o":"WAYNOKA DEVELP CORP","a":"RIO BRAZOS DR","d":"EASTERN LSD (BROWN CO.)","t":597.03,"l":"500: Res-Vacant Land","c":0}},{"type":"Feature","geometry":{"type":"Polygon","coordinates":[[[-83.689393,38.872398],[-83.689418,38.871526],[-83.688891,38.870957],[-83.688881,38.870696],[-83.690002,38.870788],[-83.690078,38.869719],[-83.690281,38.869297],[-83.690303,38.868938],[-83.692271,38.86904],[-83.692013,38.872443],[-83.689393,38.872398]]]},"properties":{"p":"16-026928.0000","o":"ROWLAND WILLIAM N","a":"478 EYLER","d":"EASTERN LSD (BROWN CO.)","t":790.84,"l":"110: Agr-CAUV-Vacant Land","c":0}},{"type":"Feature","geometry":{"type":"Polygon","coordinates":[[[-83.760083,38.908823],[-83.759704,38.908563],[-83.761189,38.90728],[-83.761586,38.90752],[-83.760114,38.908844],[-83.760083,38.908823]]]},"properties":{"p":"16-026616.0600","o":"MCJENNETT GLYWIN","a":"8522 ASHRIDGE ARNHEIM","d":"EASTERN LSD (BROWN CO.)","t":716.05,"l":"560: Res-Mobile Home","c":0}},{"type":"Feature","geometry":{"type":"Polygon","coordinates":[[[-83.762361,38.655509],[-83.76222,38.655727],[-83.761808,38.655563],[-83.761904,38.655414],[-83.762109,38.65549],[-83.762151,38.655426],[-83.762361,38.655509]]]},"properties":{"p":"15-024948.0000","o":"LOUIS & CLARA BRAMEL LLC","a":"811 US 52","d":"RIPLEY-UNION-LEWIS LSD","t":762.43,"l":"454: Com-Auto Sales","c":0}},{"type":"Feature","geometry":{"type":"Polygon","coordinates":[[[-83.767495,38.660813],[-83.767805,38.660589],[-83.767849,38.660649],[-83.767539,38.660872],[-83.767495,38.660813]]]},"properties":{"p":"15-024892.0000","o":"APPLEGATE'S PROPERTIES LLC","a":"1205 US 52","d":"RIPLEY-UNION-LEWIS LSD","t":747.75,"l":"510: Res-Single Family","c":0}},{"type":"Feature","geometry":{"type":"Polygon","coordinates":[[[-83.759384,38.655881],[-83.759619,38.655655],[-83.759779,38.655762],[-83.759543,38.65599],[-83.759384,38.655881]]]},"properties":{"p":"15-024108.0000","o":"RIGGS KATHLEEN CLARA","a":"745 BLACK GUM","d":"RIPLEY-UNION-LEWIS LSD","t":496.15,"l":"510: Res-Single Family","c":0}},{"type":"Feature","geometry":{"type":"Polygon","coordinates":[[[-83.758966,38.65636],[-83.759284,38.656037],[-83.759473,38.656168],[-83.759156,38.656491],[-83.758966,38.65636]]]},"properties":{"p":"15-023912.0000","o":"FREDERICK ALLEN","a":"BLACK GUM","d":"RIPLEY-UNION-LEWIS LSD","t":684.55,"l":"599: Res-Other","c":0}},{"type":"Feature","geometry":{"type":"Polygon","coordinates":[[[-83.772222,38.682006],[-83.772363,38.682254],[-83.772036,38.682372],[-83.771908,38.682155],[-83.772222,38.682006]]]},"properties":{"p":"15-021860.0700","o":"ANDERSON CYNTHIA D","a":"1710 FLAUGHER HILL(1710-15)","d":"RIPLEY-UNION-LEWIS LSD","t":788.27,"l":"560: Res-Mobile Home","c":0}},{"type":"Feature","geometry":{"type":"Polygon","coordinates":[[[-83.774461,38.684183],[-83.774056,38.684453],[-83.77394,38.684565],[-83.773845,38.684688],[-83.773759,38.684851],[-83.773711,38.685022],[-83.7737,38.685198],[-83.773719,38.685338],[-83.773762,38.685475],[-83.773828,38.685607],[-83.773997,38.685815],[-83.77412,38.685918],[-83.77426,38.686007],[-83.774538,38.686123],[-83.774918,38.68648],[-83.775115,38.686893],[-83.7746,38.687053],[-83.773528,38.687585],[-83.773438,38.687871],[-83.772639,38.688314],[-83.771916,38.688001],[-83.772246,38.687702],[-83.772256,38.687574],[-83.772134,38.686869],[-83.772072,38.686611],[-83.772081,38.686427],[-83.772136,38.68619],[-83.772161,38.685922],[-83.772144,38.685748],[-83.772056,38.68546],[-83.771969,38.685054],[-83.773004,38.684581],[-83.772707,38.684181],[-83.772751,38.684161],[-83.773038,38.684562],[-83.773282,38.684964],[-83.773712,38.684795],[-83.773831,38.684599],[-83.773974,38.684446],[-83.774431,38.684133],[-83.774365,38.684018],[-83.7749,38.683793],[-83.774664,38.683382],[-83.7749,38.683792],[-83.774366,38.684018],[-83.774461,38.684183]]]},"properties":{"p":"15-021492.0000","o":"LOUIS & CLARA BRAMEL LLC","a":"FLAUGHER HILL","d":"RIPLEY-UNION-LEWIS LSD","t":727.1,"l":"500: Res-Vacant Land","c":0}},{"type":"Feature","geometry":{"type":"Polygon","coordinates":[[[-83.760417,38.661815],[-83.760239,38.661457],[-83.760278,38.661442],[-83.760459,38.661805],[-83.760417,38.661815]]]},"properties":{"p":"12-022736.0000","o":"RIGG ELMER & GENEVA","a":"FISHING GUT","d":"RIPLEY-UNION-LEWIS LSD","t":530.06,"l":"500: Res-Vacant Land","c":0}},{"type":"Feature","geometry":{"type":"Polygon","coordinates":[[[-83.753544,38.664265],[-83.754094,38.66327],[-83.754469,38.663324],[-83.754814,38.663762],[-83.754652,38.664305],[-83.753544,38.664265]]]},"properties":{"p":"12-021712.0300","o":"COOPER JENNIE IRENE","a":"8651 FISHING GUT","d":"RIPLEY-UNION-LEWIS LSD","t":511.78,"l":"510: Res-Single Family","c":0}},{"type":"Feature","geometry":{"type":"Polygon","coordinates":[[[-83.713969,38.735884],[-83.714135,38.735619],[-83.714356,38.73521],[-83.717829,38.736993],[-83.717374,38.737632],[-83.713969,38.735884]]]},"properties":{"p":"12-021596.0200","o":"POWELL CONNIE","a":"3527 ST RT 763","d":"RIPLEY-UNION-LEWIS LSD","t":566.56,"l":"580: Res-Custom Code","c":0}},{"type":"Feature","geometry":{"type":"Polygon","coordinates":[[[-83.927882,39.105203],[-83.928419,39.105216],[-83.928379,39.105796],[-83.927101,39.10578],[-83.927318,39.105188],[-83.927882,39.105203]]]},"properties":{"p":"10-018724.0426","o":"HENSLEY LAURA","a":"3927 ST RT 286","d":"WESTERN BROWN LSD","t":745.84,"l":"580: Res-Custom Code","c":0}},{"type":"Feature","geometry":{"type":"Polygon","coordinates":[[[-83.9047,39.064333],[-83.904951,39.064139],[-83.906607,39.065328],[-83.906415,39.065564],[-83.9047,39.064333]]]},"properties":{"p":"10-017992.1200","o":"PAYNTER SCOTT","a":"15554 HILLCREST","d":"WESTERN BROWN LSD","t":505.12,"l":"580: Res-Custom Code","c":0}},{"type":"Feature","geometry":{"type":"Polygon","coordinates":[[[-83.904951,39.064139],[-83.905211,39.063939],[-83.906807,39.065084],[-83.906607,39.065328],[-83.904951,39.064139]]]},"properties":{"p":"10-017992.1000","o":"PAYNTER SCOTT","a":"15546 HILLCREST","d":"WESTERN BROWN LSD","t":639.58,"l":"580: Res-Custom Code","c":0}},{"type":"Feature","geometry":{"type":"Polygon","coordinates":[[[-83.869807,38.935926],[-83.869887,38.936772],[-83.867742,38.936784],[-83.867668,38.935959],[-83.869807,38.935926]]]},"properties":{"p":"09-017196.0100","o":"HARTLEY GEORGETTE M","a":"10895 PARKER","d":"GEORGETOWN EVSD","t":588.84,"l":"500: Res-Vacant Land","c":0}},{"type":"Feature","geometry":{"type":"Polygon","coordinates":[[[-83.788629,38.925155],[-83.788605,38.925704],[-83.788342,38.925697],[-83.788365,38.925148],[-83.788629,38.925155]]]},"properties":{"p":"08-016056.0000","o":"JACKSON RICHARD & MARTHA","a":"SHAWNEE","d":"EASTERN LSD (BROWN CO.)","t":554.68,"l":"500: Res-Vacant Land","c":0}},{"type":"Feature","geometry":{"type":"Polygon","coordinates":[[[-83.792217,38.937997],[-83.790972,38.937549],[-83.79104,38.937404],[-83.79226,38.937675],[-83.792217,38.937997]]]},"properties":{"p":"08-014840.0000","o":"ELLYSON JOANNE","a":"6 CREEK","d":"EASTERN LSD (BROWN CO.)","t":655.06,"l":"510: Res-Single Family","c":0}},{"type":"Feature","geometry":{"type":"Polygon","coordinates":[[[-83.796942,38.941681],[-83.796952,38.941475],[-83.797654,38.941495],[-83.797645,38.9417],[-83.796942,38.941681]]]},"properties":{"p":"08-013980.0000","o":"SHELTON JEFFERY E & ABBY G","a":"CHOCTAW DRIVE","d":"EASTERN LSD (BROWN CO.)","t":572.66,"l":"500: Res-Vacant Land","c":0}},{"type":"Feature","geometry":{"type":"Polygon","coordinates":[[[-83.781684,38.952554],[-83.781946,38.953063],[-83.781711,38.953137],[-83.781442,38.952632],[-83.781684,38.952554]]]},"properties":{"p":"08-013148.0000","o":"SHANNON MICHAEL L & EMMA","a":"YUMA DR","d":"EASTERN LSD (BROWN CO.)","t":487.05,"l":"500: Res-Vacant Land","c":0}},{"type":"Feature","geometry":{"type":"Polygon","coordinates":[[[-83.778513,38.952219],[-83.77877,38.952719],[-83.778399,38.952834],[-83.77833,38.952833],[-83.778288,38.952811],[-83.778264,38.952776],[-83.778165,38.952331],[-83.778513,38.952219]]]},"properties":{"p":"08-013068.0000","o":"MCKINZIE MICHAEL L & JUDY GALE","a":"TUCUMCARI","d":"EASTERN LSD (BROWN CO.)","t":523.77,"l":"500: Res-Vacant Land","c":0}},{"type":"Feature","geometry":{"type":"Polygon","coordinates":[[[-83.778341,38.95167],[-83.778599,38.951589],[-83.778871,38.952107],[-83.778605,38.95219],[-83.778341,38.95167]]]},"properties":{"p":"08-012936.0000","o":"CARRINGTON CHRIS","a":"TOTEM POLE DR","d":"EASTERN LSD (BROWN CO.)","t":520.77,"l":"500: Res-Vacant Land","c":0}},{"type":"Feature","geometry":{"type":"Polygon","coordinates":[[[-83.781383,38.948553],[-83.781253,38.948595],[-83.781002,38.948118],[-83.781241,38.948043],[-83.781498,38.948517],[-83.781383,38.948553]]]},"properties":{"p":"08-012684.0000","o":"FOSTER JOHNNIE MAE","a":"CUSTER DR","d":"EASTERN LSD (BROWN CO.)","t":607.38,"l":"500: Res-Vacant Land","c":0}},{"type":"Feature","geometry":{"type":"Polygon","coordinates":[[[-83.781146,38.948629],[-83.781001,38.948674],[-83.780748,38.948197],[-83.781002,38.948118],[-83.781253,38.948595],[-83.781146,38.948629]]]},"properties":{"p":"08-012680.0000","o":"FOSTER JOHNNIE MAE","a":"CUSTER DR","d":"EASTERN LSD (BROWN CO.)","t":607.38,"l":"500: Res-Vacant Land","c":0}},{"type":"Feature","geometry":{"type":"Polygon","coordinates":[[[-83.780259,38.947537],[-83.78042,38.947486],[-83.780696,38.948018],[-83.780463,38.948091],[-83.780174,38.947564],[-83.780259,38.947537]]]},"properties":{"p":"08-012580.0000","o":"WAYNOKA DEVELP CORP","a":"CUSTER DR","d":"EASTERN LSD (BROWN CO.)","t":655.61,"l":"500: Res-Vacant Land","c":0}},{"type":"Feature","geometry":{"type":"Polygon","coordinates":[[[-83.780443,38.941758],[-83.78018,38.941776],[-83.780118,38.941229],[-83.780381,38.941211],[-83.780443,38.941758]]]},"properties":{"p":"08-011860.0000","o":"LINDY RUDY","a":"SENATOBIA","d":"EASTERN LSD (BROWN CO.)","t":589.99,"l":"500: Res-Vacant Land","c":0}},{"type":"Feature","geometry":{"type":"Polygon","coordinates":[[[-83.786847,38.947158],[-83.786641,38.947232],[-83.786327,38.946726],[-83.786574,38.946636],[-83.786847,38.947158]]]},"properties":{"p":"08-011544.0000","o":"TRIGGS TONY & MADDOX TONYA","a":"ZUNI DR","d":"EASTERN LSD (BROWN CO.)","t":694.3,"l":"500: Res-Vacant Land","c":0}},{"type":"Feature","geometry":{"type":"Polygon","coordinates":[[[-83.788314,38.948764],[-83.788025,38.948298],[-83.788255,38.948211],[-83.788545,38.948679],[-83.788314,38.948764]]]},"properties":{"p":"08-011328.0000","o":"JOHNSTON GEORGE B & PHYLISS","a":"UTE DR","d":"EASTERN LSD (BROWN CO.)","t":656.14,"l":"500: Res-Vacant Land","c":0}},{"type":"Feature","geometry":{"type":"Polygon","coordinates":[[[-83.788239,38.949638],[-83.788596,38.949518],[-83.788656,38.949517],[-83.788712,38.94954],[-83.788752,38.949601],[-83.788767,38.950028],[-83.788509,38.950123],[-83.788239,38.949638]]]},"properties":{"p":"08-011196.0000","o":"ROWLETT MICHAEL W & SHANNON L","a":"YUMA DR","d":"EASTERN LSD (BROWN CO.)","t":671.27,"l":"500: Res-Vacant Land","c":0}},{"type":"Feature","geometry":{"type":"Polygon","coordinates":[[[-83.787583,38.951249],[-83.787907,38.951772],[-83.787661,38.951862],[-83.787353,38.951331],[-83.787583,38.951249]]]},"properties":{"p":"08-011080.0000","o":"GRAHAM JAMES E JR","a":"YUMA DR","d":"EASTERN LSD (BROWN CO.)","t":776.74,"l":"500: Res-Vacant Land","c":0}},{"type":"Feature","geometry":{"type":"Polygon","coordinates":[[[-83.787813,38.951167],[-83.788136,38.951689],[-83.787907,38.951772],[-83.787583,38.951249],[-83.787813,38.951167]]]},"properties":{"p":"08-011076.0000","o":"GRAHAM JAMES E JR","a":"YUMA DR","d":"EASTERN LSD (BROWN CO.)","t":776.74,"l":"500: Res-Vacant Land","c":0}},{"type":"Feature","geometry":{"type":"Polygon","coordinates":[[[-83.71514,38.993893],[-83.715102,38.993975],[-83.714063,38.993682],[-83.714231,38.99332],[-83.71527,38.993613],[-83.71514,38.993893]]]},"properties":{"p":"07-007884.0000","o":"BOWMAN LINDA","a":"12943 US RTE 62","d":"EASTERN LSD (BROWN CO.)","t":490.96,"l":"510: Res-Single Family","c":0}},{"type":"Feature","geometry":{"type":"Polygon","coordinates":[[[-83.702251,38.960848],[-83.701476,38.960554],[-83.701744,38.96012],[-83.702513,38.960409],[-83.702251,38.960848]]]},"properties":{"p":"07-007808.0203","o":"PIERCE THOMAS L JR","a":"10176 TRI CO HWY","d":"EASTERN LSD (BROWN CO.)","t":717.08,"l":"580: Res-Custom Code","c":0}},{"type":"Feature","geometry":{"type":"Polygon","coordinates":[[[-83.712672,38.990882],[-83.713048,38.991019],[-83.711977,38.992295],[-83.711516,38.992133],[-83.712426,38.990792],[-83.712672,38.990882]]]},"properties":{"p":"07-007580.0003","o":"RIOS GAIL","a":"9847 FINCASTLE - WINCHESTER","d":"EASTERN LSD (BROWN CO.)","t":636.18,"l":"580: Res-Custom Code","c":0}},{"type":"Feature","geometry":{"type":"Polygon","coordinates":[[[-83.751611,38.978131],[-83.751144,38.977864],[-83.750699,38.977687],[-83.75028,38.977542],[-83.750428,38.977316],[-83.751611,38.978131]]]},"properties":{"p":"07-006976.0001","o":"GILBERT LARRY M","a":"TRI COUNTY HIGHWAY","d":"EASTERN LSD (BROWN CO.)","t":748.28,"l":"500: Res-Vacant Land","c":0}},{"type":"Feature","geometry":{"type":"Polygon","coordinates":[[[-83.963733,38.896753],[-83.963749,38.896834],[-83.963737,38.896955],[-83.962862,38.897122],[-83.962775,38.89707],[-83.963733,38.896753]]]},"properties":{"p":"03-004720.0100","o":"AFTERKIRK JOHN","a":"MOBILE ACRES","d":"WESTERN BROWN LSD","t":734,"l":"500: Res-Vacant Land","c":0}},{"type":"Feature","geometry":{"type":"Polygon","coordinates":[[[-84.014523,38.940703],[-84.014315,38.940688],[-84.014391,38.940186],[-84.015273,38.940231],[-84.01521,38.940753],[-84.014523,38.940703]]]},"properties":{"p":"03-004432.0000","o":"SWANSON KRIS & BRENDA","a":"1215 YANKEETOWN","d":"WESTERN BROWN LSD","t":687.21,"l":"580: Res-Custom Code","c":0}},{"type":"Feature","geometry":{"type":"Polygon","coordinates":[[[-83.993258,38.925765],[-83.992805,38.925733],[-83.992859,38.925344],[-83.993035,38.92536],[-83.993267,38.92571],[-83.993258,38.925765]]]},"properties":{"p":"03-003808.0100","o":"DOWLING RONALD","a":"10473 CEMETERY","d":"WESTERN BROWN LSD","t":599.38,"l":"510: Res-Single Family","c":0}},{"type":"Feature","geometry":{"type":"Polygon","coordinates":[[[-83.744874,38.785641],[-83.745511,38.787345],[-83.744258,38.787337],[-83.743638,38.785619],[-83.744874,38.785641]]]},"properties":{"p":"01-000472.0107","o":"DIXON-HALL PERRIANNE","a":"9016 CHICKEN HOLLOW","d":"EASTERN LSD (BROWN CO.)","t":534.04,"l":"111: Agr-CAUV-Cash-Grain Farm","c":0}},{"type":"Feature","geometry":{"type":"Polygon","coordinates":[[[-83.71716,38.816865],[-83.716394,38.816825],[-83.716453,38.815977],[-83.716685,38.815575],[-83.717269,38.815688],[-83.71716,38.816865]]]},"properties":{"p":"01-000420.0000","o":"WAGNER DONALD W","a":"6544 ST RT 763","d":"EASTERN LSD (BROWN CO.)","t":676.03,"l":"510: Res-Single Family","c":0}},{"type":"Feature","geometry":{"type":"Polygon","coordinates":[[[-83.692027,38.830277],[-83.69233,38.830131],[-83.692731,38.830652],[-83.692359,38.830827],[-83.692027,38.830277]]]},"properties":{"p":"01-000228.0000","o":"MITCHELL MARK","a":"6975 DECATUR ECKMANSVILLE","d":"EASTERN LSD (BROWN CO.)","t":546.44,"l":"510: Res-Single Family","c":0}},{"type":"Feature","geometry":{"type":"Polygon","coordinates":[[[-83.807306,39.007443],[-83.807097,39.007414],[-83.807161,39.007084],[-83.807374,39.007111],[-83.807306,39.007443]]]},"properties":{"p":"43-083320.0000","o":"FREEMAN HERBERT E & LIZABETH","a":"WINCHESTER","d":"EASTERN LSD (BROWN CO.)","t":529.43,"l":"599: Res-Other","c":0}},{"type":"Feature","geometry":{"type":"Polygon","coordinates":[[[-83.798011,39.010697],[-83.797912,39.010738],[-83.797793,39.010342],[-83.798039,39.010235],[-83.79815,39.010632],[-83.798011,39.010697]]]},"properties":{"p":"43-082020.0000","o":"NAYLOR RONNIE A","a":"7408 KING","d":"EASTERN LSD (BROWN CO.)","t":623.73,"l":"510: Res-Single Family","c":0}},{"type":"Feature","geometry":{"type":"Polygon","coordinates":[[[-83.810807,38.965159],[-83.811282,38.965219],[-83.810194,38.967497],[-83.809507,38.967251],[-83.810807,38.965159]]]},"properties":{"p":"42-081856.0000","o":"NAYLOR KATHERINE & STEPHEN M NEU","a":"GEORGE FAUL","d":"EASTERN LSD (BROWN CO.)","t":601.52,"l":"500: Res-Vacant Land","c":0}},{"type":"Feature","geometry":{"type":"Polygon","coordinates":[[[-83.993258,38.925765],[-83.993215,38.926022],[-83.992769,38.925991],[-83.992805,38.925733],[-83.993258,38.925765]]]},"properties":{"p":"03-003808.0000","o":"HIGLE MONTY JR","a":"10485 CEMETERY","d":"WESTERN BROWN LSD","t":470.61,"l":"580: Res-Custom Code","c":0}},{"type":"Feature","geometry":{"type":"Polygon","coordinates":[[[-83.787129,38.949199],[-83.787266,38.949149],[-83.787594,38.949678],[-83.787347,38.949762],[-83.787032,38.949235],[-83.787129,38.949199]]]},"properties":{"p":"08-011300.0000","o":"WAYNOKA DEVELOPMENT CORP","a":"PIUTE","d":"EASTERN LSD (BROWN CO.)","t":348.86,"l":"500: Res-Vacant Land","c":0}},{"type":"Feature","geometry":{"type":"Polygon","coordinates":[[[-83.782229,38.942265],[-83.782177,38.941804],[-83.782657,38.941771],[-83.782741,38.941806],[-83.782761,38.941849],[-83.782759,38.942026],[-83.782229,38.942265]]]},"properties":{"p":"08-012096.0000","o":"QUISNO BEN","a":"SENATOBIA DRIVE","d":"EASTERN LSD (BROWN CO.)","t":384.26,"l":"500: Res-Vacant Land","c":0}},{"type":"Feature","geometry":{"type":"Polygon","coordinates":[[[-83.779983,38.95234],[-83.779743,38.952415],[-83.779483,38.951914],[-83.779723,38.951838],[-83.779983,38.95234]]]},"properties":{"p":"08-013048.0000","o":"HALSEY DARRELL G & RITA","a":"TUCUMCARI","d":"EASTERN LSD (BROWN CO.)","t":348.86,"l":"500: Res-Vacant Land","c":0}},{"type":"Feature","geometry":{"type":"Polygon","coordinates":[[[-83.777647,38.955245],[-83.777419,38.955316],[-83.777131,38.954764],[-83.777373,38.954688],[-83.777647,38.955245]]]},"properties":{"p":"08-013300.0000","o":"WHISMAN CHARLES D JR","a":"YUMA DR","d":"EASTERN LSD (BROWN CO.)","t":393.69,"l":"500: Res-Vacant Land","c":0}},{"type":"Feature","geometry":{"type":"Polygon","coordinates":[[[-83.786805,38.943396],[-83.78675,38.943766],[-83.786267,38.943258],[-83.786529,38.943106],[-83.786805,38.943396]]]},"properties":{"p":"08-014624.0000","o":"EVANS JAMES","a":"WAYNOKA","d":"EASTERN LSD (BROWN CO.)","t":472.07,"l":"500: Res-Vacant Land","c":0}},{"type":"Feature","geometry":{"type":"Polygon","coordinates":[[[-83.930741,39.053471],[-83.930638,39.054614],[-83.930117,39.054545],[-83.930214,39.053444],[-83.930741,39.053471]]]},"properties":{"p":"10-018784.0000","o":"MORRISON JOSEPH & JENNIFER","a":"3698 DONLEY (ACROSS CREEK)","d":"WESTERN BROWN LSD","t":319.57,"l":"500: Res-Vacant Land","c":0}},{"type":"Feature","geometry":{"type":"Polygon","coordinates":[[[-83.766136,38.665029],[-83.765834,38.664763],[-83.768112,38.663147],[-83.769157,38.664378],[-83.768883,38.664577],[-83.768547,38.664279],[-83.766662,38.665478],[-83.766136,38.665029]]]},"properties":{"p":"12-022408.0100","o":"LOUIS & CLARA BRAMEL LLC","a":"US 52","d":"RIPLEY-UNION-LEWIS LSD","t":456.18,"l":"500: Res-Vacant Land","c":0}},{"type":"Feature","geometry":{"type":"Polygon","coordinates":[[[-83.756588,38.653284],[-83.756343,38.65316],[-83.756403,38.653064],[-83.756662,38.653164],[-83.756588,38.653284]]]},"properties":{"p":"15-023760.0000","o":"GRIMMER HARRIET - FORD JOHN III","a":"US 52","d":"RIPLEY-UNION-LEWIS LSD","t":368.85,"l":"500: Res-Vacant Land","c":0}},{"type":"Feature","geometry":{"type":"Polygon","coordinates":[[[-83.756143,38.652965],[-83.756099,38.653037],[-83.75601,38.652992],[-83.756049,38.652929],[-83.756143,38.652965]]]},"properties":{"p":"15-023764.0000","o":"GRIMMER HARRIET - FORD JOHN III","a":"US 52","d":"RIPLEY-UNION-LEWIS LSD","t":308.65,"l":"500: Res-Vacant Land","c":0}},{"type":"Feature","geometry":{"type":"Polygon","coordinates":[[[-83.759633,38.934238],[-83.76037,38.934269],[-83.760354,38.934477],[-83.75962,38.934445],[-83.759633,38.934238]]]},"properties":{"p":"16-029028.0000","o":"ROCK ROBERT E JR & ANN L","a":"OKLAHOMA","d":"EASTERN LSD (BROWN CO.)","t":466.82,"l":"500: Res-Vacant Land","c":0}},{"type":"Feature","geometry":{"type":"Polygon","coordinates":[[[-83.76741,38.936784],[-83.766709,38.936756],[-83.76672,38.936525],[-83.767385,38.936555],[-83.76741,38.936784]]]},"properties":{"p":"16-032944.0000","o":"PARKER ELMER J","a":"HORSE SHOE","d":"EASTERN LSD (BROWN CO.)","t":315.79,"l":"500: Res-Vacant Land","c":0}},{"type":"Feature","geometry":{"type":"Polygon","coordinates":[[[-83.765967,38.936034],[-83.765978,38.93584],[-83.766706,38.935871],[-83.766705,38.93607],[-83.765967,38.936034]]]},"properties":{"p":"16-032984.0000","o":"WOLFE GINGER","a":"WHITE DOVE","d":"EASTERN LSD (BROWN CO.)","t":448.99,"l":"500: Res-Vacant Land","c":0}},{"type":"Feature","geometry":{"type":"Polygon","coordinates":[[[-83.759425,38.934189],[-83.759413,38.934391],[-83.758714,38.934362],[-83.758731,38.934159],[-83.759425,38.934189]]]},"properties":{"p":"16-033644.0000","o":"BLAKE WILLIAM A & EMILY J MUYE & JERRY P MUYE ETAL","a":"OKLAHOMA","d":"EASTERN LSD (BROWN CO.)","t":404.65,"l":"500: Res-Vacant Land","c":0}},{"type":"Feature","geometry":{"type":"Polygon","coordinates":[[[-83.957738,38.826356],[-83.957231,38.826042],[-83.957505,38.825774],[-83.958011,38.826087],[-83.957738,38.826356]]]},"properties":{"p":"20-041040.0500","o":"SHOEMAKER WYATT A","a":"6762 ST RT 221","d":"RIPLEY-UNION-LEWIS LSD","t":370.05,"l":"580: Res-Custom Code","c":0}},{"type":"Feature","geometry":{"type":"Polygon","coordinates":[[[-83.981172,39.182154],[-83.981393,39.182177],[-83.98129,39.182801],[-83.981042,39.182777],[-83.981172,39.182154]]]},"properties":{"p":"23-043952.0000","o":"SMITH REBEKAH A (FICKS)","a":"DORTMUND","d":"FAYETTEVILLE-PERRY LSD","t":293.27,"l":"500: Res-Vacant Land","c":0}},{"type":"Feature","geometry":{"type":"Polygon","coordinates":[[[-83.934497,39.186546],[-83.934775,39.186517],[-83.934841,39.186887],[-83.934562,39.186916],[-83.934497,39.186546]]]},"properties":{"p":"27-053412.0000","o":"ALEXANDER JAMES","a":"W PIKE","d":"FAYETTEVILLE-PERRY LSD","t":376.05,"l":"400: Com-Vacant Land","c":0}},{"type":"Feature","geometry":{"type":"Polygon","coordinates":[[[-83.901568,38.868263],[-83.901596,38.868001],[-83.901745,38.86801],[-83.901717,38.868273],[-83.901568,38.868263]]]},"properties":{"p":"33-068452.0000","o":"NEHUS JERRY W","a":"217 NORTH STREET","d":"GEORGETOWN EVSD","t":474.52,"l":"599: Res-Other","c":0}},{"type":"Feature","geometry":{"type":"Polygon","coordinates":[[[-83.91337,38.958031],[-83.91326,38.957652],[-83.91317,38.95741],[-83.914273,38.957183],[-83.91436,38.957303],[-83.91487,38.958141],[-83.91378,38.95806],[-83.913603,38.958017],[-83.91337,38.958031]]]},"properties":{"p":"34-069781.0000","o":"MILES KENNETH & RUTH","a":"HAUKE RD","d":"WESTERN BROWN LSD","t":345.52,"l":"500: Res-Vacant Land","c":0}},{"type":"Feature","geometry":{"type":"Polygon","coordinates":[[[-83.790028,38.726459],[-83.789049,38.725489],[-83.789257,38.725363],[-83.790278,38.726262],[-83.790028,38.726459]]]},"properties":{"p":"39-074928.0110","o":"HULLEY MELVIN & MAE","a":"EAGLE COVE","d":"RIPLEY-UNION-LEWIS LSD","t":429.81,"l":"599: Res-Other","c":0}},{"type":"Feature","geometry":{"type":"Polygon","coordinates":[[[-83.838928,38.728101],[-83.839096,38.728034],[-83.839238,38.728253],[-83.839075,38.728321],[-83.838928,38.728101]]]},"properties":{"p":"41-076628.0000","o":"GRIGSON LOVELL & DAWN","a":"POND","d":"RIPLEY-UNION-LEWIS LSD","t":293.27,"l":"500: Res-Vacant Land","c":0}},{"type":"Feature","geometry":{"type":"Polygon","coordinates":[[[-83.838928,38.728101],[-83.838847,38.727981],[-83.839149,38.72786],[-83.839237,38.727977],[-83.838928,38.728101]]]},"properties":{"p":"41-076632.0000","o":"GRIGSON LOVELL & DAWN","a":"POND","d":"RIPLEY-UNION-LEWIS LSD","t":282.29,"l":"500: Res-Vacant Land","c":0}},{"type":"Feature","geometry":{"type":"Polygon","coordinates":[[[-83.832099,39.010962],[-83.832509,39.011043],[-83.8326,39.011976],[-83.83225,39.011967],[-83.832153,39.011564],[-83.832099,39.010962]]]},"properties":{"p":"42-081068.0200","o":"PETERS TONY & MONICA","a":"6395 TRI COUNTY","d":"EASTERN LSD (BROWN CO.)","t":473.39,"l":"580: Res-Custom Code","c":0}},{"type":"Feature","geometry":{"type":"Polygon","coordinates":[[[-83.862322,38.994158],[-83.862312,38.994245],[-83.862281,38.994303],[-83.86177,38.994979],[-83.861626,38.995145],[-83.86147,38.995369],[-83.860819,38.995582],[-83.860783,38.995576],[-83.861064,38.994201],[-83.862322,38.994158]]]},"properties":{"p":"42-081548.0000","o":"LEIMBERGER TRACY R","a":"5625 STEPHANS","d":"EASTERN LSD (BROWN CO.)","t":288.94,"l":"599: Res-Other","c":0}},{"type":"Feature","geometry":{"type":"Polygon","coordinates":[[[-83.839057,38.727737],[-83.838763,38.727855],[-83.838681,38.727732],[-83.838967,38.727618],[-83.839057,38.727737]]]},"properties":{"p":"41-076640.0000","o":"KEMMETER FRANK W SR & DEBORAH","a":"POND","d":"RIPLEY-UNION-LEWIS LSD","t":477.31,"l":"599: Res-Other","c":0}},{"type":"Feature","geometry":{"type":"Polygon","coordinates":[[[-83.839057,38.727737],[-83.839149,38.72786],[-83.838847,38.727981],[-83.838763,38.727855],[-83.839057,38.727737]]]},"properties":{"p":"41-076636.0000","o":"KEMMETER FRANK W SR & DEBORAH","a":"1103 HIGH","d":"RIPLEY-UNION-LEWIS LSD","t":383.09,"l":"580: Res-Custom Code","c":0}},{"type":"Feature","geometry":{"type":"Polygon","coordinates":[[[-83.88566,38.766481],[-83.885626,38.766564],[-83.885424,38.766512],[-83.88556,38.766189],[-83.885665,38.766216],[-83.88566,38.766481]]]},"properties":{"p":"39-080720.0000","o":"BURTON JESSIE & THELMA","a":"WATER ST","d":"RIPLEY-UNION-LEWIS LSD","t":383.32,"l":"500: Res-Vacant Land","c":0}},{"type":"Feature","geometry":{"type":"Polygon","coordinates":[[[-83.878991,38.765257],[-83.878709,38.765868],[-83.878232,38.765937],[-83.878159,38.765605],[-83.878409,38.765063],[-83.878657,38.765133],[-83.878645,38.765159],[-83.878991,38.765257]]]},"properties":{"p":"39-075404.0000","o":"ROLLINS ERIC","a":"5059 US 52","d":"RIPLEY-UNION-LEWIS LSD","t":305.74,"l":"580: Res-Custom Code","c":0}},{"type":"Feature","geometry":{"type":"Polygon","coordinates":[[[-83.828643,38.759051],[-83.828242,38.75885],[-83.827841,38.758673],[-83.827938,38.758444],[-83.828028,38.758135],[-83.828075,38.75774],[-83.828618,38.757537],[-83.829081,38.758338],[-83.829026,38.758407],[-83.828809,38.758809],[-83.828643,38.759051]]]},"properties":{"p":"39-075164.0101","o":"JONES VERONICA & BILLY POWELL","a":"4356 RIPLEY RD","d":"RIPLEY-UNION-LEWIS LSD","t":300.99,"l":"580: Res-Custom Code","c":0}},{"type":"Feature","geometry":{"type":"Polygon","coordinates":[[[-83.790278,38.726262],[-83.789257,38.725363],[-83.789466,38.725238],[-83.790528,38.726065],[-83.790278,38.726262]]]},"properties":{"p":"39-074928.0111","o":"HULLEY MELVIN & MAE","a":"EAGLE COVE","d":"RIPLEY-UNION-LEWIS LSD","t":473.76,"l":"500: Res-Vacant Land","c":0}},{"type":"Feature","geometry":{"type":"Polygon","coordinates":[[[-83.814053,38.717485],[-83.816075,38.717392],[-83.815155,38.718329],[-83.813933,38.717616],[-83.814053,38.717485]]]},"properties":{"p":"39-074068.0600","o":"BRADLEY RONALD & GENE","a":"MAPLE LEAF","d":"RIPLEY-UNION-LEWIS LSD","t":424.57,"l":"500: Res-Vacant Land","c":0}},{"type":"Feature","geometry":{"type":"Polygon","coordinates":[[[-83.83858,38.774677],[-83.838708,38.775355],[-83.838745,38.775748],[-83.838874,38.776217],[-83.83826,38.776196],[-83.837727,38.775745],[-83.835415,38.775592],[-83.835352,38.776735],[-83.831332,38.77647],[-83.831605,38.773681],[-83.835508,38.773905],[-83.8385,38.77435],[-83.83858,38.774677]]]},"properties":{"p":"39-073912.0400","o":"HEDGES CHAD A","a":"7072 SCHWALLIE","d":"RIPLEY-UNION-LEWIS LSD","t":375.91,"l":"100: Agr-Vacant Land","c":0}},{"type":"Feature","geometry":{"type":"Polygon","coordinates":[[[-84.002523,39.089921],[-84.002666,39.089651],[-84.00311,39.089795],[-84.002968,39.090065],[-84.002523,39.089921]]]},"properties":{"p":"37-073100.1100","o":"HOWARD CAMRYN LYNN TRUSTEE","a":"16428 JEFF","d":"WESTERN BROWN LSD","t":318.53,"l":"500: Res-Vacant Land","c":0}},{"type":"Feature","geometry":{"type":"Polygon","coordinates":[[[-84.002381,39.090191],[-84.002523,39.089921],[-84.002968,39.090065],[-84.002825,39.090335],[-84.002381,39.090191]]]},"properties":{"p":"37-073100.1000","o":"JACKSON JOE","a":"16446 JEFF","d":"WESTERN BROWN LSD","t":301.02,"l":"580: Res-Custom Code","c":0}},{"type":"Feature","geometry":{"type":"Polygon","coordinates":[[[-83.999465,39.032914],[-83.999972,39.033028],[-83.999376,39.034679],[-83.998868,39.034565],[-83.999465,39.032914]]]},"properties":{"p":"37-072148.1000","o":"TAYLOR MICHAEL CLAY JR & KRISTI LEIGH","a":"COMMISSIONERS WAY","d":"WESTERN BROWN LSD","t":441.76,"l":"500: Res-Vacant Land","c":0}},{"type":"Feature","geometry":{"type":"Polygon","coordinates":[[[-84.004409,39.070812],[-84.004274,39.070782],[-84.004291,39.070741],[-84.005591,39.071034],[-84.005576,39.071076],[-84.004409,39.070812]]]},"properties":{"p":"37-072140.0043","o":"CROWDER JUDY C","a":"BARDWELL WEST","d":"WESTERN BROWN LSD","t":429.18,"l":"500: Res-Vacant Land","c":0}},{"type":"Feature","geometry":{"type":"Polygon","coordinates":[[[-83.992735,39.087444],[-83.992638,39.087413],[-83.993518,39.086405],[-83.992239,39.085987],[-83.992902,39.085241],[-83.994117,39.085876],[-83.992735,39.087444]]]},"properties":{"p":"37-071384.0227","o":"TUCKER CONNIE S","a":"CROSSTOWN","d":"WESTERN BROWN LSD","t":375.81,"l":"580: Res-Custom Code","c":0}},{"type":"Feature","geometry":{"type":"Polygon","coordinates":[[[-83.993659,39.081866],[-83.993938,39.081694],[-83.995163,39.082457],[-83.994823,39.082665],[-83.993591,39.081908],[-83.993659,39.081866]]]},"properties":{"p":"37-071384.0221","o":"PAYNTER SCOTT W","a":"1959 GREENBUSH WEST","d":"WESTERN BROWN LSD","t":361.36,"l":"560: Res-Mobile Home","c":0}},{"type":"Feature","geometry":{"type":"Polygon","coordinates":[[[-83.999834,39.083309],[-83.999715,39.083606],[-83.99863,39.083341],[-83.998965,39.082977],[-83.999874,39.083194],[-83.999834,39.083309]]]},"properties":{"p":"37-071212.2000","o":"PAYNE JUDY","a":"16211 SAMS","d":"WESTERN BROWN LSD","t":464.52,"l":"580: Res-Custom Code","c":0}},{"type":"Feature","geometry":{"type":"Polygon","coordinates":[[[-83.928537,38.92142],[-83.928778,38.92128],[-83.928647,38.921356],[-83.929131,38.921539],[-83.928732,38.921789],[-83.928537,38.92142]]]},"properties":{"p":"34-070840.0000","o":"WATSON TIMOTHY L","a":"10325 MCCALL","d":"WESTERN BROWN LSD","t":313.33,"l":"560: Res-Mobile Home","c":0}},{"type":"Feature","geometry":{"type":"Polygon","coordinates":[[[-83.932899,38.974351],[-83.932866,38.974702],[-83.93287,38.974895],[-83.932855,38.97494],[-83.931437,38.975196],[-83.931561,38.974076],[-83.930857,38.974195],[-83.930925,38.973421],[-83.932978,38.973476],[-83.932899,38.974351]]]},"properties":{"p":"34-069520.0000","o":"HEIDENREICH WILLIAM T","a":"STERLING","d":"WESTERN BROWN LSD","t":389.93,"l":"500: Res-Vacant Land","c":0}},{"type":"Feature","geometry":{"type":"Polygon","coordinates":[[[-83.912901,38.863099],[-83.912697,38.863165],[-83.912577,38.862919],[-83.912757,38.862801],[-83.912901,38.863099]]]},"properties":{"p":"33-064812.0000","o":"WILMOTH KEVIN & TRICIA","a":"517 WHITE OAK","d":"GEORGETOWN EVSD","t":383.83,"l":"580: Res-Custom Code","c":0}},{"type":"Feature","geometry":{"type":"Polygon","coordinates":[[[-83.898239,38.861929],[-83.898238,38.861951],[-83.897781,38.861872],[-83.897785,38.861819],[-83.898246,38.861842],[-83.898239,38.861929]]]},"properties":{"p":"33-064644.0000","o":"GREEN PROPERTY INVESTMENTS LLC","a":"326 HOME","d":"GEORGETOWN EVSD","t":363.34,"l":"510: Res-Single Family","c":0}},{"type":"Feature","geometry":{"type":"Polygon","coordinates":[[[-83.898789,38.880298],[-83.898804,38.88023],[-83.899496,38.880322],[-83.899481,38.880389],[-83.898789,38.880298]]]},"properties":{"p":"33-063772.0000","o":"GELTER JEFFREY R & TRACY J","a":"63 WAHL","d":"GEORGETOWN EVSD","t":412.39,"l":"510: Res-Single Family","c":0}},{"type":"Feature","geometry":{"type":"Polygon","coordinates":[[[-83.9219,38.780219],[-83.922123,38.780303],[-83.922532,38.780704],[-83.922819,38.780906],[-83.922801,38.780996],[-83.922187,38.780793],[-83.921834,38.78071],[-83.9219,38.780219]]]},"properties":{"p":"32-060824.0000","o":"BRADLEY ELDRIDGE K ETAL","a":"OLD A & P","d":"RIPLEY-UNION-LEWIS LSD","t":377.46,"l":"500: Res-Vacant Land","c":0}},{"type":"Feature","geometry":{"type":"Polygon","coordinates":[[[-83.923819,39.022679],[-83.923636,39.022908],[-83.923039,39.022619],[-83.923231,39.02239],[-83.923819,39.022679]]]},"properties":{"p":"30-057254.0000","o":"EASTHAM JACOB","a":"S HIGH ST","d":"WESTERN BROWN LSD","t":379.27,"l":"500: Res-Vacant Land","c":0}},{"type":"Feature","geometry":{"type":"Polygon","coordinates":[[[-83.93908,39.015644],[-83.938651,39.016464],[-83.937187,39.015925],[-83.936948,39.016294],[-83.936362,39.016075],[-83.936748,39.015466],[-83.937614,39.015765],[-83.937968,39.015237],[-83.93908,39.015644]]]},"properties":{"p":"29-072722.0000","o":"NEWMAN COURTNEY","a":"PLEASANT HILL","d":"WESTERN BROWN LSD","t":348.44,"l":"500: Res-Vacant Land","c":0}},{"type":"Feature","geometry":{"type":"Polygon","coordinates":[[[-84.013986,39.012682],[-84.014246,39.012692],[-84.014219,39.013131],[-84.013959,39.013121],[-84.013986,39.012682]]]},"properties":{"p":"29-056888.0000","o":"CARRINGTON RICKY & CAROL S","a":"NEW HARMONY","d":"WESTERN BROWN LSD","t":298.88,"l":"500: Res-Vacant Land","c":0}},{"type":"Feature","geometry":{"type":"Polygon","coordinates":[[[-83.986447,39.012319],[-83.990837,39.012509],[-83.990784,39.013058],[-83.988649,39.012944],[-83.988692,39.012534],[-83.986432,39.012428],[-83.986447,39.012319]]]},"properties":{"p":"29-056468.0802","o":"DYER RICHARD E & PEARL","a":"13625 LOWER CUMBERLAND","d":"WESTERN BROWN LSD","t":421.94,"l":"500: Res-Vacant Land","c":0}},{"type":"Feature","geometry":{"type":"Polygon","coordinates":[[[-83.929152,39.191688],[-83.933487,39.192263],[-83.933507,39.192407],[-83.932787,39.192611],[-83.932307,39.192907],[-83.932051,39.193536],[-83.931426,39.193895],[-83.93032,39.194054],[-83.929608,39.193453],[-83.930506,39.192945],[-83.929152,39.191688]]]},"properties":{"p":"23-052865.0000","o":"SPARKS KELSEY LYNN","a":"US 68","d":"FAYETTEVILLE-PERRY LSD","t":304.32,"l":"100: Agr-Vacant Land","c":0}},{"type":"Feature","geometry":{"type":"Polygon","coordinates":[[[-83.888226,39.155706],[-83.888215,39.155705],[-83.888267,39.155096],[-83.889365,39.155771],[-83.888226,39.155706]]]},"properties":{"p":"23-051744.0000","o":"DUNAWAY SHAWN A","a":"4733 ST RT 131","d":"FAYETTEVILLE-PERRY LSD","t":371.26,"l":"580: Res-Custom Code","c":0}},{"type":"Feature","geometry":{"type":"Polygon","coordinates":[[[-83.957475,39.173146],[-83.956713,39.17236],[-83.956842,39.171171],[-83.95696,39.171181],[-83.956916,39.171617],[-83.957161,39.171643],[-83.958177,39.172694],[-83.957475,39.173146]]]},"properties":{"p":"23-051540.0201","o":"RAY RACHEL","a":"ST RT 50","d":"FAYETTEVILLE-PERRY LSD","t":312.25,"l":"500: Res-Vacant Land","c":0}},{"type":"Feature","geometry":{"type":"Polygon","coordinates":[[[-83.932738,39.159624],[-83.932311,39.159568],[-83.932293,39.158186],[-83.933716,39.158319],[-83.93372,39.159459],[-83.933314,39.159595],[-83.932738,39.159624]]]},"properties":{"p":"23-050760.0300","o":"HOLDEN PETER I","a":"18973 US 68","d":"FAYETTEVILLE-PERRY LSD","t":355.91,"l":"499: Com-Other","c":0}},{"type":"Feature","geometry":{"type":"Polygon","coordinates":[[[-83.96829,39.201745],[-83.968256,39.202063],[-83.9679,39.202041],[-83.96775,39.201742],[-83.96829,39.201745]]]},"properties":{"p":"23-049300.0000","o":"TOMASSILLE TONY ETAL CO TRUSTEE","a":"KRUPP","d":"FAYETTEVILLE-PERRY LSD","t":355.89,"l":"500: Res-Vacant Land","c":0}},{"type":"Feature","geometry":{"type":"Polygon","coordinates":[[[-83.97321,39.194656],[-83.972837,39.194682],[-83.972822,39.194622],[-83.972782,39.19457],[-83.972632,39.194494],[-83.973272,39.19429],[-83.97321,39.194656]]]},"properties":{"p":"23-048988.0000","o":"COLLETT SYDNEY","a":"ULM","d":"FAYETTEVILLE-PERRY LSD","t":313.46,"l":"500: Res-Vacant Land","c":0}},{"type":"Feature","geometry":{"type":"Polygon","coordinates":[[[-83.981674,39.182206],[-83.981925,39.182232],[-83.981815,39.182851],[-83.981563,39.182824],[-83.981674,39.182206]]]},"properties":{"p":"23-048292.0000","o":"SMITH REBEKAH","a":"DORTMUND","d":"FAYETTEVILLE-PERRY LSD","t":293.27,"l":"500: Res-Vacant Land","c":0}},{"type":"Feature","geometry":{"type":"Polygon","coordinates":[[[-83.961688,39.187431],[-83.960879,39.187371],[-83.9609,39.187155],[-83.96171,39.187209],[-83.961688,39.187431]]]},"properties":{"p":"23-047880.0000","o":"ROBERTS DAN","a":"ODER DR","d":"FAYETTEVILLE-PERRY LSD","t":413.25,"l":"500: Res-Vacant Land","c":0}},{"type":"Feature","geometry":{"type":"Polygon","coordinates":[[[-83.96081,39.188083],[-83.96082,39.187974],[-83.961626,39.188034],[-83.961605,39.188238],[-83.9608,39.188179],[-83.96081,39.188083]]]},"properties":{"p":"23-047868.0000","o":"BROCK EWELL JR","a":"ODER DR","d":"FAYETTEVILLE-PERRY LSD","t":440.81,"l":"500: Res-Vacant Land","c":0}},{"type":"Feature","geometry":{"type":"Polygon","coordinates":[[[-83.958316,39.171306],[-83.95841,39.170493],[-83.95883,39.170531],[-83.958736,39.171345],[-83.958316,39.171306]]]},"properties":{"p":"23-047752.0000","o":"BRINSON FREDDIE & TINA","a":"2770 ST RT 131","d":"FAYETTEVILLE-PERRY LSD","t":341.46,"l":"510: Res-Single Family","c":0}},{"type":"Feature","geometry":{"type":"Polygon","coordinates":[[[-83.985442,39.185627],[-83.98541,39.185832],[-83.98464,39.185759],[-83.984672,39.185555],[-83.985442,39.185627]]]},"properties":{"p":"23-047448.0000","o":"GONZALEZ SHARON K","a":"DORTMUND","d":"FAYETTEVILLE-PERRY LSD","t":355.89,"l":"500: Res-Vacant Land","c":0}},{"type":"Feature","geometry":{"type":"Polygon","coordinates":[[[-83.97263,39.181599],[-83.972629,39.181625],[-83.97199,39.18175],[-83.971962,39.181627],[-83.971965,39.181439],[-83.972635,39.181472],[-83.97263,39.181599]]]},"properties":{"p":"23-045812.0000","o":"BAKER ROBERT JOHN & ALLISON","a":"MUNSTER","d":"FAYETTEVILLE-PERRY LSD","t":366.07,"l":"500: Res-Vacant Land","c":0}},{"type":"Feature","geometry":{"type":"Polygon","coordinates":[[[-83.980461,39.182863],[-83.980729,39.182891],[-83.98062,39.183449],[-83.980364,39.183419],[-83.980461,39.182863]]]},"properties":{"p":"23-043488.0000","o":"MERZ MICHAEL & EVELYN","a":"DORTMUND","d":"FAYETTEVILLE-PERRY LSD","t":400.28,"l":"500: Res-Vacant Land","c":0}},{"type":"Feature","geometry":{"type":"Polygon","coordinates":[[[-83.970251,39.188981],[-83.970283,39.189214],[-83.969695,39.189281],[-83.969639,39.189075],[-83.969642,39.188998],[-83.970248,39.188957],[-83.970251,39.188981]]]},"properties":{"p":"23-043400.0000","o":"BROWN DOROTHY","a":"LORELEI WEST","d":"FAYETTEVILLE-PERRY LSD","t":398.72,"l":"500: Res-Vacant Land","c":0}},{"type":"Feature","geometry":{"type":"Polygon","coordinates":[[[-83.985474,39.185423],[-83.985442,39.185627],[-83.984672,39.185555],[-83.984704,39.18535],[-83.985474,39.185423]]]},"properties":{"p":"23-042816.0000","o":"GONZALEZ SHARON K","a":"DORTMUND","d":"FAYETTEVILLE-PERRY LSD","t":355.89,"l":"500: Res-Vacant Land","c":0}},{"type":"Feature","geometry":{"type":"Polygon","coordinates":[[[-83.953572,38.849678],[-83.95474,38.84903],[-83.955079,38.849074],[-83.9553,38.848919],[-83.95559,38.849241],[-83.956738,38.848609],[-83.956783,38.848658],[-83.954024,38.850176],[-83.953572,38.849678]]]},"properties":{"p":"21-041788.0600","o":"KESTEL BRAD & MARY BETH","a":"LYONS","d":"GEORGETOWN EVSD","t":280.57,"l":"500: Res-Vacant Land","c":0}},{"type":"Feature","geometry":{"type":"Polygon","coordinates":[[[-83.958076,38.825218],[-83.958527,38.825554],[-83.958282,38.825818],[-83.95778,38.825506],[-83.958076,38.825218]]]},"properties":{"p":"20-041040.0500","o":"SHOEMAKER WYATT A","a":"6762 ST RT 221","d":"RIPLEY-UNION-LEWIS LSD","t":370.05,"l":"580: Res-Custom Code","c":0}},{"type":"Feature","geometry":{"type":"Polygon","coordinates":[[[-83.958011,38.826087],[-83.957505,38.825774],[-83.95778,38.825506],[-83.958282,38.825818],[-83.958011,38.826087]]]},"properties":{"p":"20-041040.0500","o":"SHOEMAKER WYATT A","a":"6762 ST RT 221","d":"RIPLEY-UNION-LEWIS LSD","t":370.05,"l":"580: Res-Custom Code","c":0}},{"type":"Feature","geometry":{"type":"Polygon","coordinates":[[[-83.956956,38.826309],[-83.957231,38.826042],[-83.957738,38.826356],[-83.957466,38.826625],[-83.956956,38.826309]]]},"properties":{"p":"20-041040.0300","o":"SHOEMAKER WYATT A","a":"ST RT 221","d":"RIPLEY-UNION-LEWIS LSD","t":458.51,"l":"580: Res-Custom Code","c":0}},{"type":"Feature","geometry":{"type":"Polygon","coordinates":[[[-84.017883,38.789873],[-84.017171,38.789733],[-84.016413,38.789951],[-84.016379,38.788621],[-84.018736,38.789102],[-84.018737,38.789499],[-84.018308,38.7898],[-84.017883,38.789873]]]},"properties":{"p":"20-040876.0000","o":"DUSTERHOFT DANIEL & DEBORAH","a":"5550 THOMAS","d":"RIPLEY-UNION-LEWIS LSD","t":350.25,"l":"510: Res-Single Family","c":0}},{"type":"Feature","geometry":{"type":"Polygon","coordinates":[[[-83.962324,38.833047],[-83.964029,38.832251],[-83.965065,38.832926],[-83.963596,38.833903],[-83.962324,38.833047]]]},"properties":{"p":"20-040456.0100","o":"UTTER JOHN","a":"UTTER","d":"RIPLEY-UNION-LEWIS LSD","t":369.12,"l":"500: Res-Vacant Land","c":0}},{"type":"Feature","geometry":{"type":"Polygon","coordinates":[[[-84.01976,38.785917],[-84.019746,38.78486],[-84.021578,38.784417],[-84.021471,38.785683],[-84.021477,38.785918],[-84.01976,38.785917]]]},"properties":{"p":"20-040404.0000","o":"ELEMENT INVESTMENT GROUP","a":"THOMAS","d":"RIPLEY-UNION-LEWIS LSD","t":344.06,"l":"500: Res-Vacant Land","c":0}},{"type":"Feature","geometry":{"type":"Polygon","coordinates":[[[-84.000143,38.877645],[-84.000393,38.877882],[-84.000231,38.877987],[-83.999981,38.87775],[-84.000143,38.877645]]]},"properties":{"p":"19-039956.0000","o":"GIFFORD CLAYTON & PHOEBIE","a":"ST RT 505","d":"WESTERN BROWN LSD","t":380.27,"l":"500: Res-Vacant Land","c":0}},{"type":"Feature","geometry":{"type":"Polygon","coordinates":[[[-83.99749,38.879401],[-83.99729,38.879631],[-83.996928,38.879346],[-83.997213,38.879154],[-83.99749,38.879401]]]},"properties":{"p":"19-039760.0000","o":"DOUGHTY CAROLYN R","a":"8772 ST RT 505","d":"WESTERN BROWN LSD","t":405.24,"l":"510: Res-Single Family","c":0}},{"type":"Feature","geometry":{"type":"Polygon","coordinates":[[[-84.025393,38.850481],[-84.025796,38.850225],[-84.026829,38.851239],[-84.026405,38.851467],[-84.025393,38.850481]]]},"properties":{"p":"19-039428.0006","o":"PLANCK JOHN S & ARTHUR M","a":"J BOLENDER","d":"WESTERN BROWN LSD","t":299.33,"l":"500: Res-Vacant Land","c":0}},{"type":"Feature","geometry":{"type":"Polygon","coordinates":[[[-84.037856,38.844794],[-84.037674,38.844619],[-84.039855,38.843185],[-84.040184,38.843498],[-84.037975,38.84491],[-84.037856,38.844794]]]},"properties":{"p":"19-039292.0019","o":"SNIDER DAVID WAYNE","a":"590 ROBERTSON","d":"WESTERN BROWN LSD","t":467.21,"l":"580: Res-Custom Code","c":0}},{"type":"Feature","geometry":{"type":"Polygon","coordinates":[[[-84.038981,38.845872],[-84.038626,38.845536],[-84.040819,38.844103],[-84.04121,38.844475],[-84.038981,38.845872]]]},"properties":{"p":"19-039292.0016","o":"VALENTINE ERNIE JR","a":"562 ROBERTSON","d":"WESTERN BROWN LSD","t":419.92,"l":"580: Res-Custom Code","c":0}},{"type":"Feature","geometry":{"type":"Polygon","coordinates":[[[-83.786562,38.8678],[-83.786574,38.867694],[-83.787015,38.867725],[-83.787004,38.867833],[-83.786562,38.8678]]]},"properties":{"p":"18-038964.0000","o":"KISKADEN LAWRENCE & LOUANNE","a":"202 COLUMBUS","d":"EASTERN LSD (BROWN CO.)","t":409.99,"l":"510: Res-Single Family","c":0}},{"type":"Feature","geometry":{"type":"Polygon","coordinates":[[[-83.784329,38.867596],[-83.784657,38.867616],[-83.784523,38.869062],[-83.784196,38.869044],[-83.784329,38.867596]]]},"properties":{"p":"18-038476.0000","o":"SWEET HARRY R & SELENA F","a":"213 SIR WILLIAM WALLACE","d":"EASTERN LSD (BROWN CO.)","t":387.67,"l":"510: Res-Single Family","c":0}},{"type":"Feature","geometry":{"type":"Polygon","coordinates":[[[-83.782997,38.867521],[-83.783255,38.867535],[-83.783233,38.867748],[-83.783552,38.867769],[-83.783538,38.867891],[-83.78296,38.867852],[-83.782997,38.867521]]]},"properties":{"p":"18-038320.0100","o":"CLIFTON CODY JAMES","a":"R WALLACE","d":"EASTERN LSD (BROWN CO.)","t":287.37,"l":"500: Res-Vacant Land","c":0}},{"type":"Feature","geometry":{"type":"Polygon","coordinates":[[[-83.782647,38.867508],[-83.782853,38.867513],[-83.782823,38.867846],[-83.782617,38.867833],[-83.782647,38.867508]]]},"properties":{"p":"18-037988.0000","o":"CLIFTON CODY","a":"SIR WILLIAM WALLACE","d":"EASTERN LSD (BROWN CO.)","t":379.65,"l":"500: Res-Vacant Land","c":0}},{"type":"Feature","geometry":{"type":"Polygon","coordinates":[[[-83.774678,38.854547],[-83.774823,38.852835],[-83.7736,38.852752],[-83.773786,38.850781],[-83.775143,38.850852],[-83.774795,38.854554],[-83.774678,38.854547]]]},"properties":{"p":"17-036680.2500","o":"HULL DANETTE","a":"BLACK","d":"EASTERN LSD (BROWN CO.)","t":311.88,"l":"500: Res-Vacant Land","c":0}},{"type":"Feature","geometry":{"type":"Polygon","coordinates":[[[-83.759361,38.935223],[-83.759341,38.935441],[-83.758629,38.93541],[-83.758647,38.935189],[-83.759361,38.935223]]]},"properties":{"p":"16-033624.0000","o":"MIDDLE GROUND MINISTRIES","a":"OKLAHOMA","d":"EASTERN LSD (BROWN CO.)","t":322.34,"l":"500: Res-Vacant Land","c":0}},{"type":"Feature","geometry":{"type":"Polygon","coordinates":[[[-83.759489,38.93608],[-83.760231,38.936119],[-83.760215,38.936334],[-83.759468,38.936295],[-83.759489,38.93608]]]},"properties":{"p":"16-033540.0000","o":"SATTERWHITE KEITH","a":"OKLAHOMA","d":"EASTERN LSD (BROWN CO.)","t":280.92,"l":"500: Res-Vacant Land","c":0}},{"type":"Feature","geometry":{"type":"Polygon","coordinates":[[[-83.760888,38.936153],[-83.760878,38.936369],[-83.760215,38.936334],[-83.760231,38.936119],[-83.760888,38.936153]]]},"properties":{"p":"16-033476.0000","o":"ROCK ROBERT E JR & ANN L","a":"MONTANA","d":"EASTERN LSD (BROWN CO.)","t":466.82,"l":"500: Res-Vacant Land","c":0}},{"type":"Feature","geometry":{"type":"Polygon","coordinates":[[[-83.767391,38.93741],[-83.767376,38.93762],[-83.766669,38.937585],[-83.766679,38.937376],[-83.767391,38.93741]]]},"properties":{"p":"16-032928.0000","o":"PHILLIPS BRYAN R","a":"HORSE SHOE","d":"EASTERN LSD (BROWN CO.)","t":315.79,"l":"500: Res-Vacant Land","c":0}},{"type":"Feature","geometry":{"type":"Polygon","coordinates":[[[-83.764181,38.939536],[-83.764916,38.939573],[-83.764898,38.939794],[-83.764168,38.939757],[-83.764181,38.939536]]]},"properties":{"p":"16-032668.0000","o":"BAKER JOHN L & KATHLEEN","a":"BRAVE","d":"EASTERN LSD (BROWN CO.)","t":282.86,"l":"500: Res-Vacant Land","c":0}},{"type":"Feature","geometry":{"type":"Polygon","coordinates":[[[-83.76306,38.941343],[-83.763852,38.941377],[-83.763862,38.941583],[-83.763031,38.941548],[-83.76306,38.941343]]]},"properties":{"p":"16-032564.0000","o":"BROWN PAUL LAWRENCE","a":"BRAVE","d":"EASTERN LSD (BROWN CO.)","t":282.86,"l":"500: Res-Vacant Land","c":0}},{"type":"Feature","geometry":{"type":"Polygon","coordinates":[[[-83.763273,38.939662],[-83.763247,38.939892],[-83.762557,38.939839],[-83.762575,38.939634],[-83.763273,38.939662]]]},"properties":{"p":"16-032508.0000","o":"BURDINE DUSTIN J II","a":"TEXAS","d":"EASTERN LSD (BROWN CO.)","t":440.66,"l":"500: Res-Vacant Land","c":0}},{"type":"Feature","geometry":{"type":"Polygon","coordinates":[[[-83.757736,38.935186],[-83.757017,38.935144],[-83.757033,38.934918],[-83.75776,38.934956],[-83.757736,38.935186]]]},"properties":{"p":"16-032044.0000","o":"SANDERS AIMEE","a":"SITTING BULL","d":"EASTERN LSD (BROWN CO.)","t":475.81,"l":"500: Res-Vacant Land","c":0}},{"type":"Feature","geometry":{"type":"Polygon","coordinates":[[[-83.774551,38.929008],[-83.774288,38.929019],[-83.774249,38.928471],[-83.774513,38.92846],[-83.774551,38.929008]]]},"properties":{"p":"16-031232.0000","o":"HOLLOWAY MICHAEL & CAROLINE","a":"HORSE SHOE","d":"EASTERN LSD (BROWN CO.)","t":448.31,"l":"500: Res-Vacant Land","c":0}},{"type":"Feature","geometry":{"type":"Polygon","coordinates":[[[-83.768728,38.93299],[-83.769464,38.93277],[-83.769555,38.932837],[-83.768929,38.933375],[-83.768847,38.933261],[-83.768728,38.93299]]]},"properties":{"p":"16-029784.0000","o":"VERMILLION SHELBY & HEATHER L","a":"* NOT ON FILE *","d":"EASTERN LSD (BROWN CO.)","t":282.5,"l":"500: Res-Vacant Land","c":0}},{"type":"Feature","geometry":{"type":"Polygon","coordinates":[[[-83.764303,38.934311],[-83.764566,38.933871],[-83.764772,38.933873],[-83.764755,38.934415],[-83.764623,38.93441],[-83.764303,38.934311]]]},"properties":{"p":"16-029328.0000","o":"GRAY JACOB L & HANNAH M","a":"MOCCASIN DR","d":"EASTERN LSD (BROWN CO.)","t":440.66,"l":"500: Res-Vacant Land","c":0}},{"type":"Feature","geometry":{"type":"Polygon","coordinates":[[[-83.773089,38.947082],[-83.772943,38.947128],[-83.772685,38.94663],[-83.772932,38.946554],[-83.77319,38.94705],[-83.773089,38.947082]]]},"properties":{"p":"16-028600.0000","o":"DENISE HILL NKA PROVINE","a":"TISHOMINGO","d":"EASTERN LSD (BROWN CO.)","t":475.8,"l":"500: Res-Vacant Land","c":0}},{"type":"Feature","geometry":{"type":"Polygon","coordinates":[[[-83.775247,38.947768],[-83.775328,38.947743],[-83.775593,38.948266],[-83.775336,38.948347],[-83.775071,38.947824],[-83.775247,38.947768]]]},"properties":{"p":"16-028368.0000","o":"CATES WM W JR & MARILYN TRUSTEE","a":"SARSI DR","d":"EASTERN LSD (BROWN CO.)","t":364.74,"l":"500: Res-Vacant Land","c":0}},{"type":"Feature","geometry":{"type":"Polygon","coordinates":[[[-83.775376,38.950453],[-83.775297,38.950478],[-83.775045,38.949978],[-83.775297,38.9499],[-83.775544,38.950401],[-83.775376,38.950453]]]},"properties":{"p":"16-028092.0000","o":"POTTINGER EDGAR & JENNIFER","a":"CUSTER","d":"EASTERN LSD (BROWN CO.)","t":285.23,"l":"500: Res-Vacant Land","c":0}},{"type":"Feature","geometry":{"type":"Polygon","coordinates":[[[-83.776526,38.950093],[-83.776291,38.950167],[-83.776035,38.949669],[-83.776277,38.949594],[-83.776526,38.950093]]]},"properties":{"p":"16-028076.0000","o":"PRATHER JENNIFER REBECCA","a":"CUSTER","d":"EASTERN LSD (BROWN CO.)","t":283.53,"l":"500: Res-Vacant Land","c":0}},{"type":"Feature","geometry":{"type":"Polygon","coordinates":[[[-83.7753,38.954604],[-83.775549,38.955087],[-83.775314,38.955161],[-83.775065,38.954677],[-83.7753,38.954604]]]},"properties":{"p":"16-027672.0000","o":"ELLYSON CARRIE ANN","a":"YUMA DR","d":"EASTERN LSD (BROWN CO.)","t":378.96,"l":"500: Res-Vacant Land","c":0}},{"type":"Feature","geometry":{"type":"Polygon","coordinates":[[[-83.777285,38.946365],[-83.777022,38.945855],[-83.777267,38.945778],[-83.777417,38.94607],[-83.777398,38.946329],[-83.777285,38.946365]]]},"properties":{"p":"16-027496.0000","o":"PSRG HOLDINGS LLC","a":"BLACK HAWK","d":"EASTERN LSD (BROWN CO.)","t":343.82,"l":"500: Res-Vacant Land","c":0}},{"type":"Feature","geometry":{"type":"Polygon","coordinates":[[[-83.759747,38.907387],[-83.759901,38.907252],[-83.760248,38.907492],[-83.760094,38.907628],[-83.759747,38.907387]]]},"properties":{"p":"16-027292.0000","o":"HELBLING DIANA","a":"9953 US 62","d":"EASTERN LSD (BROWN CO.)","t":355.32,"l":"560: Res-Mobile Home","c":0}},{"type":"Feature","geometry":{"type":"Polygon","coordinates":[[[-83.755528,38.896751],[-83.755439,38.898251],[-83.754823,38.897808],[-83.75473,38.897512],[-83.754323,38.897527],[-83.753997,38.89729],[-83.755528,38.896751]]]},"properties":{"p":"16-027108.0300","o":"GAST ALAN L & BRENDA D","a":"9470 MCNOUN","d":"EASTERN LSD (BROWN CO.)","t":419.37,"l":"599: Res-Other","c":0}},{"type":"Feature","geometry":{"type":"Polygon","coordinates":[[[-83.685608,38.874891],[-83.685672,38.874203],[-83.689374,38.873964],[-83.689351,38.874671],[-83.685608,38.874891]]]},"properties":{"p":"16-026744.0200","o":"STRINGER THAD & THERESA","a":"528 FLORAL","d":"EASTERN LSD (BROWN CO.)","t":329.11,"l":"580: Res-Custom Code","c":0}},{"type":"Feature","geometry":{"type":"Polygon","coordinates":[[[-83.766551,38.659722],[-83.766235,38.659295],[-83.766645,38.659109],[-83.766908,38.659466],[-83.766551,38.659722]]]},"properties":{"p":"15-026080.0000","o":"NEFF LOUIS C & CYNTHIA MASTIN","a":"1107 US 52","d":"RIPLEY-UNION-LEWIS LSD","t":414.11,"l":"499: Com-Other","c":0}},{"type":"Feature","geometry":{"type":"Polygon","coordinates":[[[-83.753273,38.652285],[-83.753525,38.652003],[-83.754169,38.652219],[-83.753862,38.652583],[-83.753273,38.652285]]]},"properties":{"p":"15-026048.0000","o":"MCNEILL JOHN W III ETAL","a":"MOUNTAIN","d":"RIPLEY-UNION-LEWIS LSD","t":359.96,"l":"500: Res-Vacant Land","c":0}},{"type":"Feature","geometry":{"type":"Polygon","coordinates":[[[-83.769581,38.669885],[-83.769419,38.669741],[-83.769755,38.6695],[-83.769924,38.66965],[-83.769581,38.669885]]]},"properties":{"p":"15-025632.0000","o":"HENDERSON THOMAS","a":"1601 CHRISTOPHER","d":"RIPLEY-UNION-LEWIS LSD","t":307.03,"l":"510: Res-Single Family","c":0}},{"type":"Feature","geometry":{"type":"Polygon","coordinates":[[[-83.759724,38.656115],[-83.759653,38.656066],[-83.759815,38.655816],[-83.759892,38.655856],[-83.759724,38.656115]]]},"properties":{"p":"15-025076.0000","o":"NICKELL DAVID","a":"751 BLACK GUM","d":"RIPLEY-UNION-LEWIS LSD","t":382.47,"l":"510: Res-Single Family","c":0}},{"type":"Feature","geometry":{"type":"Polygon","coordinates":[[[-83.767539,38.660872],[-83.767849,38.660649],[-83.767893,38.660708],[-83.767583,38.660931],[-83.767539,38.660872]]]},"properties":{"p":"15-024888.0000","o":"APPLEGATE'S PROPERTIES LLC","a":"1215 US 52","d":"RIPLEY-UNION-LEWIS LSD","t":449.68,"l":"500: Res-Vacant Land","c":0}},{"type":"Feature","geometry":{"type":"Polygon","coordinates":[[[-83.767583,38.660931],[-83.767893,38.660708],[-83.767937,38.660767],[-83.767627,38.66099],[-83.767583,38.660931]]]},"properties":{"p":"15-024884.0000","o":"APPLEGATE'S PROPERTIES LLC","a":"US 52","d":"RIPLEY-UNION-LEWIS LSD","t":449.68,"l":"500: Res-Vacant Land","c":0}},{"type":"Feature","geometry":{"type":"Polygon","coordinates":[[[-83.767257,38.660492],[-83.767567,38.660269],[-83.767611,38.660328],[-83.767302,38.660551],[-83.767257,38.660492]]]},"properties":{"p":"15-024828.0000","o":"APPLEGATE'S PROPERTIES LLC","a":"US 52","d":"RIPLEY-UNION-LEWIS LSD","t":316.14,"l":"500: Res-Vacant Land","c":0}},{"type":"Feature","geometry":{"type":"Polygon","coordinates":[[[-83.768244,38.659689],[-83.768288,38.659749],[-83.767979,38.659972],[-83.767935,38.659912],[-83.768244,38.659689]]]},"properties":{"p":"15-024680.0000","o":"RAMEY ROBERT","a":"1177 MARYLAND","d":"RIPLEY-UNION-LEWIS LSD","t":282.09,"l":"500: Res-Vacant Land","c":0}},{"type":"Feature","geometry":{"type":"Polygon","coordinates":[[[-83.761757,38.654139],[-83.761966,38.653816],[-83.762121,38.653877],[-83.761912,38.6542],[-83.761757,38.654139]]]},"properties":{"p":"15-024156.0000","o":"BLEVINS ROGER D","a":"768 WATER & 744 WATER","d":"RIPLEY-UNION-LEWIS LSD","t":331.48,"l":"500: Res-Vacant Land","c":0}},{"type":"Feature","geometry":{"type":"Polygon","coordinates":[[[-83.759809,38.654372],[-83.759549,38.654273],[-83.759752,38.653947],[-83.760012,38.654047],[-83.759809,38.654372]]]},"properties":{"p":"15-023848.0000","o":"SHELTON JERRY & JODE","a":"LOCUST","d":"RIPLEY-UNION-LEWIS LSD","t":322.66,"l":"580: Res-Custom Code","c":0}},{"type":"Feature","geometry":{"type":"Polygon","coordinates":[[[-83.756403,38.653064],[-83.756343,38.65316],[-83.756099,38.653037],[-83.756143,38.652965],[-83.756403,38.653064]]]},"properties":{"p":"15-023764.0000","o":"GRIMMER HARRIET - FORD JOHN III","a":"US 52","d":"RIPLEY-UNION-LEWIS LSD","t":308.65,"l":"500: Res-Vacant Land","c":0}},{"type":"Feature","geometry":{"type":"Polygon","coordinates":[[[-83.7562,38.65339],[-83.75594,38.65329],[-83.755998,38.653197],[-83.756242,38.653321],[-83.7562,38.65339]]]},"properties":{"p":"15-023764.0000","o":"GRIMMER HARRIET - FORD JOHN III","a":"US 52","d":"RIPLEY-UNION-LEWIS LSD","t":308.65,"l":"500: Res-Vacant Land","c":0}},{"type":"Feature","geometry":{"type":"Polygon","coordinates":[[[-83.7562,38.65339],[-83.756242,38.653321],[-83.756487,38.653446],[-83.756459,38.65349],[-83.7562,38.65339]]]},"properties":{"p":"15-023760.0000","o":"GRIMMER HARRIET - FORD JOHN III","a":"US 52","d":"RIPLEY-UNION-LEWIS LSD","t":368.85,"l":"500: Res-Vacant Land","c":0}},{"type":"Feature","geometry":{"type":"Polygon","coordinates":[[[-83.758549,38.654472],[-83.758779,38.654564],[-83.758575,38.654889],[-83.758342,38.654797],[-83.758549,38.654472]]]},"properties":{"p":"15-023552.0000","o":"APPLEGATE DARRELL BRENT","a":"660 US 52","d":"RIPLEY-UNION-LEWIS LSD","t":287.73,"l":"465: Com-Lodge Hall","c":0}},{"type":"Feature","geometry":{"type":"Polygon","coordinates":[[[-83.717152,38.746514],[-83.717105,38.747518],[-83.712342,38.747465],[-83.712123,38.747384],[-83.711907,38.747235],[-83.717152,38.746514]]]},"properties":{"p":"12-022628.0001","o":"WHARTON SHEILA","a":"ST RT 763","d":"RIPLEY-UNION-LEWIS LSD","t":297.77,"l":"500: Res-Vacant Land","c":0}},{"type":"Feature","geometry":{"type":"Polygon","coordinates":[[[-83.709612,38.682137],[-83.709411,38.681904],[-83.70945,38.68171],[-83.709467,38.68151],[-83.710663,38.681138],[-83.710893,38.681684],[-83.710447,38.681781],[-83.710177,38.681863],[-83.709958,38.681955],[-83.709612,38.682137]]]},"properties":{"p":"12-022576.0201","o":"HABERSHAW KIM","a":"9922 ST RT 41","d":"RIPLEY-UNION-LEWIS LSD","t":310.9,"l":"111: Agr-CAUV-Cash-Grain Farm","c":0}},{"type":"Feature","geometry":{"type":"Polygon","coordinates":[[[-83.702655,38.721869],[-83.701806,38.721903],[-83.701851,38.721463],[-83.702699,38.721442],[-83.702655,38.721869]]]},"properties":{"p":"12-021532.0001","o":"MEYER GARY W & CATHY","a":"10146 BRADYVILLE","d":"RIPLEY-UNION-LEWIS LSD","t":355.53,"l":"510: Res-Single Family","c":0}},{"type":"Feature","geometry":{"type":"Polygon","coordinates":[[[-83.914892,39.026729],[-83.915267,39.026804],[-83.915114,39.027225],[-83.914736,39.027159],[-83.914892,39.026729]]]},"properties":{"p":"11-019972.0100","o":"LAWSON PATRICIA","a":"319 E MAIN","d":"WESTERN BROWN LSD","t":287.92,"l":"510: Res-Single Family","c":0}},{"type":"Feature","geometry":{"type":"Polygon","coordinates":[[[-83.919163,39.026046],[-83.919314,39.025649],[-83.919537,39.0257],[-83.919398,39.026101],[-83.919163,39.026046]]]},"properties":{"p":"11-019932.0000","o":"ILER JAMES K","a":"110 WATER","d":"WESTERN BROWN LSD","t":388.91,"l":"510: Res-Single Family","c":0}},{"type":"Feature","geometry":{"type":"Polygon","coordinates":[[[-83.90809,39.051607],[-83.907445,39.0521],[-83.906689,39.051371],[-83.907407,39.050829],[-83.908156,39.051557],[-83.90809,39.051607]]]},"properties":{"p":"10-018052.0100","o":"LAIRSON TAMMY J","a":"15064 CRAWFORD DAY","d":"WESTERN BROWN LSD","t":282.85,"l":"580: Res-Custom Code","c":0}},{"type":"Feature","geometry":{"type":"Polygon","coordinates":[[[-83.915132,39.051267],[-83.916578,39.052259],[-83.916393,39.052492],[-83.914952,39.051487],[-83.915132,39.051267]]]},"properties":{"p":"10-017884.0200","o":"STRAIGHT RONDA & ISRAEL","a":"15068 HILLCREST","d":"WESTERN BROWN LSD","t":290.54,"l":"580: Res-Custom Code","c":0}},{"type":"Feature","geometry":{"type":"Polygon","coordinates":[[[-83.880657,39.07034],[-83.881017,39.070365],[-83.880882,39.071479],[-83.880531,39.071445],[-83.880657,39.07034]]]},"properties":{"p":"10-017408.0700","o":"JONES JULIE K","a":"5082 GREENBUSH EAST RD","d":"WESTERN BROWN LSD","t":414.16,"l":"510: Res-Single Family","c":0}},{"type":"Feature","geometry":{"type":"Polygon","coordinates":[[[-83.869807,38.935926],[-83.867668,38.935959],[-83.867646,38.93571],[-83.869777,38.935652],[-83.869807,38.935926]]]},"properties":{"p":"09-017088.0100","o":"MILLER BENJAMIN H SR","a":"10843 PARKER","d":"GEORGETOWN EVSD","t":385.3,"l":"560: Res-Mobile Home","c":0}},{"type":"Feature","geometry":{"type":"Polygon","coordinates":[[[-83.855667,38.903592],[-83.855706,38.902952],[-83.856483,38.902755],[-83.856614,38.902981],[-83.856789,38.903213],[-83.85742,38.903],[-83.857304,38.902685],[-83.857695,38.902454],[-83.857871,38.902126],[-83.858272,38.902795],[-83.858676,38.902697],[-83.858855,38.903711],[-83.858141,38.904162],[-83.857639,38.903613],[-83.857338,38.903643],[-83.857105,38.90379],[-83.856984,38.90366],[-83.855819,38.903563],[-83.855667,38.903592]]]},"properties":{"p":"09-016928.0100","o":"EAGLE RODGER & PUCKETT SUSAN","a":"9842 WEST FORK","d":"GEORGETOWN EVSD","t":428.96,"l":"510: Res-Single Family","c":0}},{"type":"Feature","geometry":{"type":"Polygon","coordinates":[[[-83.785483,38.930653],[-83.785268,38.930432],[-83.785698,38.930139],[-83.78591,38.930362],[-83.785483,38.930653]]]},"properties":{"p":"08-016512.0000","o":"FURTADO JOHNATHON","a":"COMMANCHIE","d":"EASTERN LSD (BROWN CO.)","t":474.51,"l":"500: Res-Vacant Land","c":0}},{"type":"Feature","geometry":{"type":"Polygon","coordinates":[[[-83.784848,38.925058],[-83.78555,38.925073],[-83.785543,38.925279],[-83.78484,38.925263],[-83.784848,38.925058]]]},"properties":{"p":"08-015764.0000","o":"ESSEX PAMELA D","a":"CHEYENNE","d":"EASTERN LSD (BROWN CO.)","t":326.14,"l":"500: Res-Vacant Land","c":0}},{"type":"Feature","geometry":{"type":"Polygon","coordinates":[[[-83.791233,38.939781],[-83.79136,38.940037],[-83.790868,38.940186],[-83.790741,38.93993],[-83.791233,38.939781]]]},"properties":{"p":"08-014800.0000","o":"CRAIG ALICE ANN ROBIN-THOMAS","a":"WAYNOKA","d":"EASTERN LSD (BROWN CO.)","t":314.82,"l":"500: Res-Vacant Land","c":0}},{"type":"Feature","geometry":{"type":"Polygon","coordinates":[[[-83.792198,38.942612],[-83.792179,38.943183],[-83.791909,38.94318],[-83.791926,38.942604],[-83.792198,38.942612]]]},"properties":{"p":"08-014272.0000","o":"BRODSKY HOWARD C & KATHY A","a":"CREEK","d":"EASTERN LSD (BROWN CO.)","t":456.59,"l":"500: Res-Vacant Land","c":0}},{"type":"Feature","geometry":{"type":"Polygon","coordinates":[[[-83.778599,38.951589],[-83.77885,38.951511],[-83.779122,38.952027],[-83.778871,38.952107],[-83.778599,38.951589]]]},"properties":{"p":"08-012940.0000","o":"HILL MICHAEL D","a":"TOTEM POLE DR","d":"EASTERN LSD (BROWN CO.)","t":418.78,"l":"500: Res-Vacant Land","c":0}},{"type":"Feature","geometry":{"type":"Polygon","coordinates":[[[-83.78067,38.948779],[-83.780513,38.948829],[-83.780271,38.948346],[-83.780498,38.948275],[-83.780745,38.948755],[-83.78067,38.948779]]]},"properties":{"p":"08-012672.0000","o":"WAYNOKA DEVELP CORP","a":"CUSTER DR","d":"EASTERN LSD (BROWN CO.)","t":436.39,"l":"500: Res-Vacant Land","c":0}},{"type":"Feature","geometry":{"type":"Polygon","coordinates":[[[-83.780528,38.944623],[-83.781032,38.945133],[-83.78074,38.945274],[-83.78038,38.944728],[-83.780528,38.944623]]]},"properties":{"p":"08-012252.0000","o":"HENDERSON LARRY A","a":"BLACK HAWK DR","d":"EASTERN LSD (BROWN CO.)","t":393.69,"l":"500: Res-Vacant Land","c":0}},{"type":"Feature","geometry":{"type":"Polygon","coordinates":[[[-83.780913,38.942639],[-83.780829,38.941897],[-83.781092,38.941879],[-83.781188,38.942734],[-83.780913,38.942639]]]},"properties":{"p":"08-012076.0000","o":"FARMER RONALD L","a":"SENATOBIA DRIVE","d":"EASTERN LSD (BROWN CO.)","t":398.49,"l":"500: Res-Vacant Land","c":0}},{"type":"Feature","geometry":{"type":"Polygon","coordinates":[[[-83.785438,38.947052],[-83.785207,38.947137],[-83.784898,38.946639],[-83.785129,38.946554],[-83.785438,38.947052]]]},"properties":{"p":"08-011636.0000","o":"WYATT ROBERT K & SHARON K","a":"MULE DR","d":"EASTERN LSD (BROWN CO.)","t":325.29,"l":"500: Res-Vacant Land","c":0}},{"type":"Feature","geometry":{"type":"Polygon","coordinates":[[[-83.785922,38.949643],[-83.785647,38.949159],[-83.78589,38.949074],[-83.786183,38.949547],[-83.785922,38.949643]]]},"properties":{"p":"08-011368.0000","o":"FOSTER JOHNNIE M","a":"UTE DR","d":"EASTERN LSD (BROWN CO.)","t":454.93,"l":"500: Res-Vacant Land","c":0}},{"type":"Feature","geometry":{"type":"Polygon","coordinates":[[[-83.785844,38.945237],[-83.785287,38.945134],[-83.78538,38.944851],[-83.785463,38.944814],[-83.785812,38.944837],[-83.785844,38.945237]]]},"properties":{"p":"08-010736.0000","o":"GIPSON DAVID","a":"HOGAN","d":"EASTERN LSD (BROWN CO.)","t":334.87,"l":"500: Res-Vacant Land","c":0}},{"type":"Feature","geometry":{"type":"Polygon","coordinates":[[[-83.795219,38.927424],[-83.795477,38.927737],[-83.795174,38.927853],[-83.795114,38.927859],[-83.795059,38.927838],[-83.794789,38.927579],[-83.795219,38.927424]]]},"properties":{"p":"08-010588.0000","o":"DRESBACH IRMGARD M","a":"NAVAJO DRIVE","d":"EASTERN LSD (BROWN CO.)","t":341.69,"l":"500: Res-Vacant Land","c":0}},{"type":"Feature","geometry":{"type":"Polygon","coordinates":[[[-83.800318,38.933422],[-83.800238,38.933433],[-83.800176,38.933462],[-83.799728,38.933058],[-83.800336,38.93268],[-83.800318,38.933422]]]},"properties":{"p":"08-010440.0000","o":"HUBERT RUBENA","a":"WOODCHUCK COVE","d":"EASTERN LSD (BROWN CO.)","t":383.26,"l":"500: Res-Vacant Land","c":0}},{"type":"Feature","geometry":{"type":"Polygon","coordinates":[[[-83.743991,39.000229],[-83.743022,39.0002],[-83.743062,38.998908],[-83.743235,38.998841],[-83.744222,39.000246],[-83.743991,39.000229]]]},"properties":{"p":"07-007600.0504","o":"BOLIN ANITA","a":"9052 KATTERMAN","d":"EASTERN LSD (BROWN CO.)","t":411.11,"l":"580: Res-Custom Code","c":0}},{"type":"Feature","geometry":{"type":"Polygon","coordinates":[[[-83.735506,38.99894],[-83.734534,38.998564],[-83.73496,38.997834],[-83.735919,38.998192],[-83.735506,38.99894]]]},"properties":{"p":"07-007548.0100","o":"DRAWHORN LEAH R","a":"9262 KATTERMAN","d":"EASTERN LSD (BROWN CO.)","t":481.03,"l":"580: Res-Custom Code","c":0}},{"type":"Feature","geometry":{"type":"Polygon","coordinates":[[[-83.729473,38.99557],[-83.72985,38.995687],[-83.729345,38.997424],[-83.728375,38.997252],[-83.728735,38.996634],[-83.72768,38.995627],[-83.727692,38.995018],[-83.729473,38.99557]]]},"properties":{"p":"07-007256.0400","o":"PARKS SUSAN L & DAVID E","a":"9408 KATTERMAN","d":"EASTERN LSD (BROWN CO.)","t":453.99,"l":"580: Res-Custom Code","c":0}},{"type":"Feature","geometry":{"type":"Polygon","coordinates":[[[-83.763748,38.98579],[-83.765025,38.986507],[-83.764979,38.987],[-83.76359,38.986938],[-83.763748,38.98579]]]},"properties":{"p":"07-007252.0000","o":"CROUSE ROBERT","a":"8465 TRI CO HWY","d":"EASTERN LSD (BROWN CO.)","t":464.3,"l":"580: Res-Custom Code","c":0}},{"type":"Feature","geometry":{"type":"Polygon","coordinates":[[[-83.7588,38.998457],[-83.75895,39.001407],[-83.758403,39.001195],[-83.758037,38.997427],[-83.758599,38.997632],[-83.7588,38.998457]]]},"properties":{"p":"07-007240.0201","o":"SCHERBARTH KELLEY ELAINE","a":"8686 KATTERMAN","d":"EASTERN LSD (BROWN CO.)","t":448.67,"l":"560: Res-Mobile Home","c":0}},{"type":"Feature","geometry":{"type":"Polygon","coordinates":[[[-83.962775,38.89707],[-83.962583,38.896956],[-83.963393,38.89643],[-83.963659,38.896645],[-83.963733,38.896753],[-83.962775,38.89707]]]},"properties":{"p":"03-004716.0000","o":"STRASINGER SPENCEER","a":"9404 MOBILE ACRES","d":"WESTERN BROWN LSD","t":334.9,"l":"580: Res-Custom Code","c":0}},{"type":"Feature","geometry":{"type":"Polygon","coordinates":[[[-83.994225,38.916112],[-83.994584,38.916629],[-83.994261,38.916623],[-83.993958,38.916284],[-83.994225,38.916112]]]},"properties":{"p":"03-002504.0000","o":"MOORE EARL L III & KATIE ADAMS","a":"10519 ST RT 774","d":"WESTERN BROWN LSD","t":315.09,"l":"599: Res-Other","c":0}},{"type":"Feature","geometry":{"type":"Polygon","coordinates":[[[-83.963404,38.9709],[-83.963904,38.970952],[-83.963998,38.97109],[-83.966174,38.971271],[-83.965909,38.973578],[-83.963638,38.973417],[-83.963768,38.972472],[-83.963806,38.971777],[-83.963251,38.971732],[-83.963404,38.9709]]]},"properties":{"p":"03-002092.0000","o":"WATSON'S FARM LLC","a":"12046 ST RT 774","d":"WESTERN BROWN LSD","t":448.42,"l":"510: Res-Single Family","c":0}},{"type":"Feature","geometry":{"type":"Polygon","coordinates":[[[-83.705148,38.816335],[-83.705202,38.816159],[-83.705362,38.816189],[-83.705308,38.816366],[-83.705148,38.816335]]]},"properties":{"p":"01-001312.0000","o":"JOHNSON KAREN ANN","a":"WATER","d":"EASTERN LSD (BROWN CO.)","t":315.62,"l":"500: Res-Vacant Land","c":0}},{"type":"Feature","geometry":{"type":"Polygon","coordinates":[[[-83.705308,38.816366],[-83.705254,38.816542],[-83.705093,38.816512],[-83.705148,38.816335],[-83.705308,38.816366]]]},"properties":{"p":"01-001308.0000","o":"JOHNSON KAREN ANN","a":"WATER","d":"EASTERN LSD (BROWN CO.)","t":315.62,"l":"500: Res-Vacant Land","c":0}},{"type":"Feature","geometry":{"type":"Polygon","coordinates":[[[-83.701656,38.817946],[-83.701805,38.817482],[-83.702568,38.817637],[-83.70252,38.817798],[-83.703231,38.817943],[-83.703131,38.818248],[-83.701656,38.817946]]]},"properties":{"p":"01-000560.0000","o":"HAVENS MARK","a":"6542 DECATUR ECKMANSVILLE","d":"EASTERN LSD (BROWN CO.)","t":293.87,"l":"510: Res-Single Family","c":0}},{"type":"Feature","geometry":{"type":"Polygon","coordinates":[[[-83.807491,39.005466],[-83.807328,39.005449],[-83.807393,39.005124],[-83.807552,39.005142],[-83.807491,39.005466]]]},"properties":{"p":"43-083632.0000","o":"BURNS JEREMY & HEATHER JAMES","a":"102 CHERRY","d":"EASTERN LSD (BROWN CO.)","t":395.93,"l":"510: Res-Single Family","c":0}},{"type":"Feature","geometry":{"type":"Polygon","coordinates":[[[-83.81,39.009757],[-83.809551,39.009692],[-83.809584,39.009529],[-83.810025,39.009588],[-83.81,39.009757]]]},"properties":{"p":"43-083544.0000","o":"SIMPSON LEONARD D & CARLA V","a":"119 GRAHAM","d":"EASTERN LSD (BROWN CO.)","t":345.78,"l":"560: Res-Mobile Home","c":0}},{"type":"Feature","geometry":{"type":"Polygon","coordinates":[[[-83.809047,38.998607],[-83.809243,38.998159],[-83.809826,38.998315],[-83.809712,38.998574],[-83.810325,38.998738],[-83.810243,38.998926],[-83.809047,38.998607]]]},"properties":{"p":"43-081524.0000","o":"BEAVER CLAY SR & CLAY JR","a":"13085 PURDY","d":"EASTERN LSD (BROWN CO.)","t":327.74,"l":"580: Res-Custom Code","c":0}},{"type":"Feature","geometry":{"type":"Polygon","coordinates":[[[-83.776406,38.966804],[-83.777035,38.966534],[-83.777075,38.966607],[-83.776403,38.966893],[-83.776406,38.966804]]]},"properties":{"p":"42-082028.0001","o":"ROY ERNEST III","a":"POOL KUNTZ","d":"EASTERN LSD (BROWN CO.)","t":404.54,"l":"500: Res-Vacant Land","c":0}},{"type":"Feature","geometry":{"type":"Polygon","coordinates":[[[-83.703284,38.817782],[-83.703231,38.817943],[-83.70252,38.817798],[-83.702568,38.817637],[-83.703284,38.817782]]]},"properties":{"p":"01-000560.0100","o":"HAVENS MARK","a":"6548 DECATUR-ECKMANSVILLE","d":"EASTERN LSD (BROWN CO.)","t":173.53,"l":"510: Res-Single Family","c":0}},{"type":"Feature","geometry":{"type":"Polygon","coordinates":[[[-83.703541,38.815983],[-83.703705,38.815483],[-83.703918,38.815526],[-83.703754,38.816026],[-83.703541,38.815983]]]},"properties":{"p":"01-001144.0000","o":"STEELE KYLE","a":"6480 DECATUR ECKMANSVILLE","d":"EASTERN LSD (BROWN CO.)","t":176.53,"l":"510: Res-Single Family","c":0}},{"type":"Feature","geometry":{"type":"Polygon","coordinates":[[[-83.698941,38.768729],[-83.697668,38.770208],[-83.695652,38.769194],[-83.695708,38.768556],[-83.698941,38.768729]]]},"properties":{"p":"02-022352.0000","o":"BARRICK TERESA","a":"10229 SUCK RUN RD","d":"RIPLEY-UNION-LEWIS LSD","t":168.15,"l":"500: Res-Vacant Land","c":0}},{"type":"Feature","geometry":{"type":"Polygon","coordinates":[[[-83.956479,38.914252],[-83.957278,38.914077],[-83.957747,38.915243],[-83.956947,38.915433],[-83.956479,38.914252]]]},"properties":{"p":"03-002096.0003","o":"HOLLIN RICHARD & CASSIE","a":"2929 NORTH FEESBURG","d":"WESTERN BROWN LSD","t":233.06,"l":"560: Res-Mobile Home","c":0}},{"type":"Feature","geometry":{"type":"Polygon","coordinates":[[[-83.953001,38.915505],[-83.953029,38.915348],[-83.953081,38.915181],[-83.954661,38.915298],[-83.954652,38.915622],[-83.953001,38.915505]]]},"properties":{"p":"03-002096.0103","o":"DAVIS CHESTER E","a":"10099 GRISHAM","d":"WESTERN BROWN LSD","t":137.5,"l":"580: Res-Custom Code","c":0}},{"type":"Feature","geometry":{"type":"Polygon","coordinates":[[[-83.994225,38.916112],[-83.994466,38.915956],[-83.994845,38.916557],[-83.994672,38.916637],[-83.994584,38.916629],[-83.994225,38.916112]]]},"properties":{"p":"03-002548.0100","o":"MOORE EARL L III & KATIE ADAMS","a":"10513 ST RT 774","d":"WESTERN BROWN LSD","t":266.34,"l":"580: Res-Custom Code","c":0}},{"type":"Feature","geometry":{"type":"Polygon","coordinates":[[[-84.010353,38.939256],[-84.010287,38.939967],[-84.009978,38.939946],[-84.01004,38.93924],[-84.010353,38.939256]]]},"properties":{"p":"03-002748.0400","o":"WALLS BRIAN & ERICA","a":"1280 YANKEETOWN","d":"WESTERN BROWN LSD","t":214.01,"l":"580: Res-Custom Code","c":0}},{"type":"Feature","geometry":{"type":"Polygon","coordinates":[[[-83.953382,38.914829],[-83.953135,38.915047],[-83.953668,38.911342],[-83.95379,38.910211],[-83.956549,38.9112],[-83.955792,38.912326],[-83.955511,38.912685],[-83.955203,38.91312],[-83.954118,38.914183],[-83.953382,38.914829]]]},"properties":{"p":"03-003468.0000","o":"MARTIN VICKY","a":"9984 GRISHAM","d":"WESTERN BROWN LSD","t":272.06,"l":"510: Res-Single Family","c":0}},{"type":"Feature","geometry":{"type":"Polygon","coordinates":[[[-83.964071,38.895989],[-83.964317,38.896184],[-83.963743,38.896511],[-83.96357,38.896374],[-83.964071,38.895989]]]},"properties":{"p":"03-004632.0000","o":"BARTOE MICHAEL JR","a":"9401 MOBILE ACRES","d":"WESTERN BROWN LSD","t":228.27,"l":"580: Res-Custom Code","c":0}},{"type":"Feature","geometry":{"type":"Polygon","coordinates":[[[-84.016585,38.948392],[-84.016532,38.948822],[-84.014236,38.948683],[-84.014284,38.948261],[-84.016585,38.948392]]]},"properties":{"p":"03-004732.0601","o":"STAHLEY ROBERT E","a":"COLTHAR","d":"WESTERN BROWN LSD","t":232,"l":"","c":0}},{"type":"Feature","geometry":{"type":"Polygon","coordinates":[[[-84.032097,38.905781],[-84.030973,38.904719],[-84.031374,38.904465],[-84.032549,38.905487],[-84.032097,38.905781]]]},"properties":{"p":"03-004900.0000","o":"BOWLING KENON","a":"9726 ST RT 774","d":"WESTERN BROWN LSD","t":138.09,"l":"510: Res-Single Family","c":0}},{"type":"Feature","geometry":{"type":"Polygon","coordinates":[[[-84.032097,38.905781],[-84.031648,38.906069],[-84.030492,38.905024],[-84.030973,38.904719],[-84.032097,38.905781]]]},"properties":{"p":"03-004920.0000","o":"BOWLING KENON","a":"9738 ST RT 774","d":"WESTERN BROWN LSD","t":261.82,"l":"500: Res-Vacant Land","c":0}},{"type":"Feature","geometry":{"type":"Polygon","coordinates":[[[-84.034652,38.904638],[-84.034516,38.904512],[-84.034837,38.904299],[-84.034974,38.904425],[-84.034652,38.904638]]]},"properties":{"p":"03-005088.0000","o":"BEACH JO ANN","a":"OAK VALLEY","d":"WESTERN BROWN LSD","t":236.8,"l":"500: Res-Vacant Land","c":0}},{"type":"Feature","geometry":{"type":"Polygon","coordinates":[[[-84.034974,38.904425],[-84.03511,38.90455],[-84.034788,38.904763],[-84.034652,38.904638],[-84.034974,38.904425]]]},"properties":{"p":"03-005092.0000","o":"BEACH JO ANN","a":"OAK VALLEY","d":"WESTERN BROWN LSD","t":236.8,"l":"500: Res-Vacant Land","c":0}},{"type":"Feature","geometry":{"type":"Polygon","coordinates":[[[-83.984804,38.920956],[-83.984292,38.920862],[-83.98505,38.920137],[-83.9849,38.920972],[-83.984804,38.920956]]]},"properties":{"p":"06-005340.0300","o":"BLAIR PATRICK","a":"DOOLEY LN LOT #2","d":"WESTERN BROWN LSD","t":144.66,"l":"560: Res-Mobile Home","c":0}},{"type":"Feature","geometry":{"type":"Polygon","coordinates":[[[-83.986024,38.921915],[-83.985961,38.922133],[-83.985391,38.922074],[-83.98545,38.921852],[-83.986024,38.921915]]]},"properties":{"p":"06-005456.0000","o":"MARTIN AARON M","a":"148 NORTH","d":"WESTERN BROWN LSD","t":272.96,"l":"510: Res-Single Family","c":0}},{"type":"Feature","geometry":{"type":"Polygon","coordinates":[[[-83.729275,38.963085],[-83.72883,38.962922],[-83.728905,38.962797],[-83.72935,38.962961],[-83.729275,38.963085]]]},"properties":{"p":"07-008168.0000","o":"FROST FOREST & ANITA","a":"US 62","d":"EASTERN LSD (BROWN CO.)","t":150.1,"l":"500: Res-Vacant Land","c":0}},{"type":"Feature","geometry":{"type":"Polygon","coordinates":[[[-83.72935,38.962961],[-83.728905,38.962797],[-83.72898,38.962673],[-83.729425,38.962837],[-83.72935,38.962961]]]},"properties":{"p":"07-008172.0000","o":"FROST FOREST & ANITA","a":"US 62","d":"EASTERN LSD (BROWN CO.)","t":150.1,"l":"500: Res-Vacant Land","c":0}},{"type":"Feature","geometry":{"type":"Polygon","coordinates":[[[-83.759876,38.953147],[-83.759943,38.953435],[-83.759601,38.953383],[-83.759631,38.953352],[-83.759728,38.953353],[-83.759811,38.953314],[-83.75985,38.953261],[-83.759849,38.95318],[-83.759876,38.953147]]]},"properties":{"p":"07-008640.0000","o":"BATES THERESA M","a":"ITAWAMBA COVE","d":"EASTERN LSD (BROWN CO.)","t":147.01,"l":"500: Res-Vacant Land","c":0}},{"type":"Feature","geometry":{"type":"Polygon","coordinates":[[[-83.760016,38.953743],[-83.758781,38.954217],[-83.759601,38.953383],[-83.759943,38.953435],[-83.760016,38.953743]]]},"properties":{"p":"07-008640.0000","o":"BATES THERESA M","a":"ITAWAMBA COVE","d":"EASTERN LSD (BROWN CO.)","t":147.01,"l":"500: Res-Vacant Land","c":0}},{"type":"Feature","geometry":{"type":"Polygon","coordinates":[[[-83.78905,38.946166],[-83.789807,38.946181],[-83.789804,38.946385],[-83.78904,38.946367],[-83.78905,38.946166]]]},"properties":{"p":"08-010972.0000","o":"MORTON LARRY WAYNE","a":"YUMA DR","d":"EASTERN LSD (BROWN CO.)","t":136.3,"l":"500: Res-Vacant Land","c":0}},{"type":"Feature","geometry":{"type":"Polygon","coordinates":[[[-83.786629,38.949383],[-83.786775,38.949329],[-83.787099,38.949851],[-83.786855,38.94994],[-83.786551,38.949412],[-83.786629,38.949383]]]},"properties":{"p":"08-011292.0000","o":"EVANS MARY E","a":"PIUTE","d":"EASTERN LSD (BROWN CO.)","t":231.04,"l":"500: Res-Vacant Land","c":0}},{"type":"Feature","geometry":{"type":"Polygon","coordinates":[[[-83.787103,38.946442],[-83.786794,38.945943],[-83.787038,38.945859],[-83.787327,38.94636],[-83.787103,38.946442]]]},"properties":{"p":"08-011604.0000","o":"HENSON ANGIE R","a":"MULE DR","d":"EASTERN LSD (BROWN CO.)","t":171.85,"l":"500: Res-Vacant Land","c":0}},{"type":"Feature","geometry":{"type":"Polygon","coordinates":[[[-83.780538,38.94251],[-83.780723,38.943193],[-83.780543,38.94325],[-83.780083,38.942674],[-83.780219,38.942553],[-83.780538,38.94251]]]},"properties":{"p":"08-012120.0000","o":"ARELI ZAIDA","a":"TUPELO DRIVE","d":"EASTERN LSD (BROWN CO.)","t":254.8,"l":"500: Res-Vacant Land","c":0}},{"type":"Feature","geometry":{"type":"Polygon","coordinates":[[[-83.780893,38.948709],[-83.780745,38.948755],[-83.780498,38.948275],[-83.780748,38.948197],[-83.781001,38.948674],[-83.780893,38.948709]]]},"properties":{"p":"08-012676.0000","o":"SNEED DARRIS E","a":"CUSTER DR","d":"EASTERN LSD (BROWN CO.)","t":169.86,"l":"500: Res-Vacant Land","c":0}},{"type":"Feature","geometry":{"type":"Polygon","coordinates":[[[-83.778765,38.953495],[-83.778447,38.953598],[-83.778335,38.953096],[-83.778362,38.953032],[-83.778707,38.952916],[-83.778987,38.953424],[-83.778765,38.953495]]]},"properties":{"p":"08-013072.0000","o":"STUART ALAN R & JOYCE D","a":"TUCUMCARI","d":"EASTERN LSD (BROWN CO.)","t":160.54,"l":"500: Res-Vacant Land","c":0}},{"type":"Feature","geometry":{"type":"Polygon","coordinates":[[[-83.782569,38.953071],[-83.782832,38.953601],[-83.782591,38.953682],[-83.782309,38.953157],[-83.782569,38.953071]]]},"properties":{"p":"08-013216.0000","o":"MYERS JAMES R JR","a":"YUMA DR","d":"EASTERN LSD (BROWN CO.)","t":254.8,"l":"500: Res-Vacant Land","c":0}},{"type":"Feature","geometry":{"type":"Polygon","coordinates":[[[-83.801156,38.933561],[-83.801156,38.933816],[-83.800418,38.933815],[-83.800419,38.933729],[-83.800499,38.933665],[-83.800524,38.933572],[-83.801156,38.933561]]]},"properties":{"p":"08-013468.0000","o":"RIGGS RANDALL L & PATRICIA","a":"WOODCHUCK COVE","d":"EASTERN LSD (BROWN CO.)","t":210.7,"l":"500: Res-Vacant Land","c":0}},{"type":"Feature","geometry":{"type":"Polygon","coordinates":[[[-83.800418,38.933815],[-83.801156,38.933816],[-83.801155,38.934022],[-83.800418,38.934021],[-83.800418,38.933815]]]},"properties":{"p":"08-013472.0000","o":"RIGGS RANDALL & PATRICIA","a":"WOODCHUCK COVE","d":"EASTERN LSD (BROWN CO.)","t":203.79,"l":"500: Res-Vacant Land","c":0}},{"type":"Feature","geometry":{"type":"Polygon","coordinates":[[[-83.789314,38.944511],[-83.789584,38.944845],[-83.789019,38.944963],[-83.788971,38.944852],[-83.788886,38.944721],[-83.789314,38.944511]]]},"properties":{"p":"08-014472.0000","o":"RALSTON MICHAEL W","a":"YUMA","d":"EASTERN LSD (BROWN CO.)","t":168.7,"l":"500: Res-Vacant Land","c":0}},{"type":"Feature","geometry":{"type":"Polygon","coordinates":[[[-83.791495,38.937963],[-83.790864,38.937721],[-83.790972,38.937549],[-83.792217,38.937997],[-83.791574,38.937993],[-83.791495,38.937963]]]},"properties":{"p":"08-014836.0000","o":"ELLYSON JOANNE","a":"CREEK","d":"EASTERN LSD (BROWN CO.)","t":158.16,"l":"500: Res-Vacant Land","c":0}},{"type":"Feature","geometry":{"type":"Polygon","coordinates":[[[-83.786517,38.926364],[-83.786781,38.926371],[-83.786757,38.92692],[-83.786494,38.926913],[-83.786517,38.926364]]]},"properties":{"p":"08-015988.0000","o":"WALKER WILLIAM H & SHIRLEY A","a":"NAVAJO","d":"EASTERN LSD (BROWN CO.)","t":243.47,"l":"500: Res-Vacant Land","c":0}},{"type":"Feature","geometry":{"type":"Polygon","coordinates":[[[-83.879294,38.920023],[-83.878729,38.919938],[-83.878825,38.919564],[-83.879415,38.919669],[-83.879294,38.920023]]]},"properties":{"p":"09-016988.0000","o":"RINEHART CHRISTIAN-ROGER-ANGELA","a":"10198 HAMER","d":"GEORGETOWN EVSD","t":161.29,"l":"510: Res-Single Family","c":0}},{"type":"Feature","geometry":{"type":"Polygon","coordinates":[[[-83.879415,38.919669],[-83.879658,38.919713],[-83.879492,38.920053],[-83.879294,38.920023],[-83.879415,38.919669]]]},"properties":{"p":"09-016988.0000","o":"RINEHART CHRISTIAN-ROGER-ANGELA","a":"10198 HAMER","d":"GEORGETOWN EVSD","t":161.29,"l":"510: Res-Single Family","c":0}},{"type":"Feature","geometry":{"type":"Polygon","coordinates":[[[-83.932707,39.092401],[-83.932361,39.093323],[-83.931888,39.093215],[-83.932234,39.092293],[-83.932707,39.092401]]]},"properties":{"p":"10-017948.1400","o":"HALL DONALD & JAMMIE","a":"3609 SNIDER MALOTT","d":"WESTERN BROWN LSD","t":163.58,"l":"580: Res-Custom Code","c":0}},{"type":"Feature","geometry":{"type":"Polygon","coordinates":[[[-83.891632,39.122142],[-83.89128,39.122122],[-83.891365,39.121526],[-83.891709,39.121546],[-83.891632,39.122142]]]},"properties":{"p":"10-018396.0000","o":"WAITS RALPH STEVEN JR-CATHRYN P","a":"4698 UPPER FIVE MILE","d":"WESTERN BROWN LSD","t":263.44,"l":"580: Res-Custom Code","c":0}},{"type":"Feature","geometry":{"type":"Polygon","coordinates":[[[-83.924685,39.055962],[-83.925525,39.055996],[-83.925527,39.056216],[-83.924705,39.056204],[-83.924685,39.055962]]]},"properties":{"p":"10-018540.0201","o":"SIZEMORE ALLISON","a":"15207 US 68","d":"WESTERN BROWN LSD","t":235.59,"l":"580: Res-Custom Code","c":0}},{"type":"Feature","geometry":{"type":"Polygon","coordinates":[[[-83.917104,39.030488],[-83.917087,39.030762],[-83.916473,39.03068],[-83.916495,39.030394],[-83.917104,39.030488]]]},"properties":{"p":"11-019808.0000","o":"PORTER RUTH ANN","a":"214 WOODWARD","d":"WESTERN BROWN LSD","t":261.82,"l":"580: Res-Custom Code","c":0}},{"type":"Feature","geometry":{"type":"Polygon","coordinates":[[[-83.744296,38.657916],[-83.743543,38.658061],[-83.742923,38.658013],[-83.742979,38.657573],[-83.744296,38.657916]]]},"properties":{"p":"12-021668.0000","o":"BOOHER JAMES A SR","a":"FISHING GUT","d":"RIPLEY-UNION-LEWIS LSD","t":183,"l":"500: Res-Vacant Land","c":0}},{"type":"Feature","geometry":{"type":"Polygon","coordinates":[[[-83.771346,38.689178],[-83.771241,38.689115],[-83.771421,38.68877],[-83.771736,38.68904],[-83.771346,38.689178]]]},"properties":{"p":"12-021720.0000","o":"BOWMAN JUANITA","a":"1879 FLAUGHER HILL ROAD","d":"RIPLEY-UNION-LEWIS LSD","t":249.69,"l":"100: Agr-Vacant Land","c":0}},{"type":"Feature","geometry":{"type":"Polygon","coordinates":[[[-83.723306,38.67674],[-83.723575,38.677035],[-83.723489,38.677083],[-83.72322,38.676788],[-83.723306,38.67674]]]},"properties":{"p":"12-022544.0000","o":"TUCKER CAROLYN","a":"POPLAR","d":"RIPLEY-UNION-LEWIS LSD","t":247.92,"l":"500: Res-Vacant Land","c":0}},{"type":"Feature","geometry":{"type":"Polygon","coordinates":[[[-83.747811,38.67346],[-83.747902,38.67342],[-83.747865,38.673242],[-83.748267,38.67278],[-83.748687,38.672762],[-83.749388,38.672782],[-83.750171,38.672907],[-83.750388,38.672902],[-83.750708,38.672793],[-83.750942,38.67259],[-83.751074,38.672119],[-83.751536,38.671735],[-83.751511,38.671687],[-83.753022,38.67118],[-83.75439,38.670942],[-83.754856,38.670824],[-83.755,38.670769],[-83.755031,38.670793],[-83.753029,38.672451],[-83.75392,38.674405],[-83.753718,38.674419],[-83.753751,38.674693],[-83.754044,38.674671],[-83.75425,38.675098],[-83.754601,38.675649],[-83.75483,38.676246],[-83.754975,38.676945],[-83.754843,38.677419],[-83.754728,38.677693],[-83.754599,38.677784],[-83.754626,38.677785],[-83.754473,38.678093],[-83.753836,38.677934],[-83.753374,38.677936],[-83.752914,38.677898],[-83.752612,38.677821],[-83.75216,38.677538],[-83.751684,38.677322],[-83.750041,38.676731],[-83.749725,38.676655],[-83.749903,38.674929],[-83.74956,38.674809],[-83.749276,38.674551],[-83.749137,38.674493],[-83.748534,38.674335],[-83.748412,38.674287],[-83.74823,38.674174],[-83.748169,38.674086],[-83.747985,38.673733],[-83.747811,38.67346]]]},"properties":{"p":"12-022560.0000","o":"MAY LARRY P & ROSE JO ANN","a":"8766 STRINGTOWN ABERDEEN 45101","d":"RIPLEY-UNION-LEWIS LSD","t":211.89,"l":"110: Agr-CAUV-Vacant Land","c":0}},{"type":"Feature","geometry":{"type":"Polygon","coordinates":[[[-83.750601,38.675225],[-83.750347,38.675215],[-83.750165,38.675188],[-83.74997,38.674379],[-83.750535,38.674351],[-83.750601,38.675225]]]},"properties":{"p":"12-022560.0000","o":"MAY LARRY P & ROSE JO ANN","a":"8766 STRINGTOWN ABERDEEN 45101","d":"RIPLEY-UNION-LEWIS LSD","t":211.89,"l":"110: Agr-CAUV-Vacant Land","c":0}},{"type":"Feature","geometry":{"type":"Polygon","coordinates":[[[-83.760417,38.661815],[-83.760336,38.661841],[-83.76016,38.661487],[-83.760239,38.661457],[-83.760417,38.661815]]]},"properties":{"p":"12-022740.0000","o":"RIGG ELMER & GENEVA","a":"FISHING GUT","d":"RIPLEY-UNION-LEWIS LSD","t":267.1,"l":"500: Res-Vacant Land","c":0}},{"type":"Feature","geometry":{"type":"Polygon","coordinates":[[[-83.721651,38.678112],[-83.721382,38.677817],[-83.721553,38.677721],[-83.721822,38.678016],[-83.721651,38.678112]]]},"properties":{"p":"12-022888.0000","o":"AMIOTT JEFFREY DEWAYNE","a":"POPLAR","d":"RIPLEY-UNION-LEWIS LSD","t":158,"l":"599: Res-Other","c":0}},{"type":"Feature","geometry":{"type":"Polygon","coordinates":[[[-83.723575,38.677035],[-83.723306,38.67674],[-83.723391,38.676692],[-83.72366,38.676987],[-83.723575,38.677035]]]},"properties":{"p":"12-022936.0000","o":"TUCKER CAROLYN","a":"POPLAR","d":"RIPLEY-UNION-LEWIS LSD","t":247.92,"l":"500: Res-Vacant Land","c":0}},{"type":"Feature","geometry":{"type":"Polygon","coordinates":[[[-83.776277,38.715352],[-83.776117,38.715614],[-83.775796,38.715505],[-83.775333,38.715269],[-83.77557,38.714965],[-83.776277,38.715352]]]},"properties":{"p":"12-023324.0000","o":"HALL MELINDA - GUARDIAN OF","a":"2832 MARTIN HILL","d":"RIPLEY-UNION-LEWIS LSD","t":239.37,"l":"580: Res-Custom Code","c":0}},{"type":"Feature","geometry":{"type":"Polygon","coordinates":[[[-83.777587,38.691497],[-83.778402,38.692464],[-83.778766,38.693056],[-83.779133,38.693449],[-83.77818,38.693776],[-83.778104,38.693483],[-83.777741,38.692827],[-83.776618,38.691912],[-83.776865,38.691632],[-83.776788,38.691592],[-83.778289,38.68991],[-83.778709,38.68977],[-83.778778,38.689896],[-83.778404,38.690021],[-83.777355,38.691196],[-83.777587,38.691497]]]},"properties":{"p":"15-023152.0203","o":"APPLEGATE'S PROPERTIES LLC","a":"US 52","d":"RIPLEY-UNION-LEWIS LSD","t":165.1,"l":"510: Res-Single Family","c":0}},{"type":"Feature","geometry":{"type":"Polygon","coordinates":[[[-83.772321,38.673696],[-83.771454,38.673791],[-83.771369,38.673315],[-83.772237,38.673229],[-83.772321,38.673696]]]},"properties":{"p":"15-023728.0000","o":"TURNER TYLER","a":"130 STIVERS","d":"RIPLEY-UNION-LEWIS LSD","t":155.27,"l":"499: Com-Other","c":0}},{"type":"Feature","geometry":{"type":"Polygon","coordinates":[[[-83.763875,38.658131],[-83.763894,38.657945],[-83.764394,38.658038],[-83.764311,38.658135],[-83.764371,38.658216],[-83.763875,38.658131]]]},"properties":{"p":"15-023920.0000","o":"LOUIS & CLARA BRAMEL LLC","a":"997 GOURDS POINT","d":"RIPLEY-UNION-LEWIS LSD","t":191.42,"l":"580: Res-Custom Code","c":0}},{"type":"Feature","geometry":{"type":"Polygon","coordinates":[[[-83.768378,38.660722],[-83.768069,38.660945],[-83.768025,38.660886],[-83.768334,38.660663],[-83.768378,38.660722]]]},"properties":{"p":"15-024752.0000","o":"APPLEGATE'S PROPERTIES LLC","a":"MARYLAND","d":"RIPLEY-UNION-LEWIS LSD","t":225.78,"l":"500: Res-Vacant Land","c":0}},{"type":"Feature","geometry":{"type":"Polygon","coordinates":[[[-83.754468,38.65311],[-83.754547,38.653141],[-83.754539,38.653214],[-83.754561,38.653218],[-83.754496,38.653323],[-83.754366,38.653273],[-83.754468,38.65311]]]},"properties":{"p":"15-026162.0000","o":"HOWARD IDA","a":"R MOUNTAIN","d":"RIPLEY-UNION-LEWIS LSD","t":140.63,"l":"500: Res-Vacant Land","c":0}},{"type":"Feature","geometry":{"type":"Polygon","coordinates":[[[-83.754626,38.653373],[-83.754703,38.653249],[-83.754873,38.653286],[-83.754781,38.653432],[-83.754626,38.653373]]]},"properties":{"p":"15-026170.0000","o":"HOWARD IDA","a":"R MOUNTAIN","d":"RIPLEY-UNION-LEWIS LSD","t":138.3,"l":"500: Res-Vacant Land","c":0}},{"type":"Feature","geometry":{"type":"Polygon","coordinates":[[[-83.771589,38.671666],[-83.77192,38.671438],[-83.772072,38.671573],[-83.771742,38.671801],[-83.771589,38.671666]]]},"properties":{"p":"15-026221.0000","o":"LOUIS & CLARA BRAMEL LLC","a":"BRAEBURN","d":"RIPLEY-UNION-LEWIS LSD","t":204.85,"l":"400: Com-Vacant Land","c":0}},{"type":"Feature","geometry":{"type":"Polygon","coordinates":[[[-83.685546,38.875591],[-83.685608,38.874891],[-83.689351,38.874671],[-83.689329,38.875316],[-83.685546,38.875591]]]},"properties":{"p":"16-026744.0300","o":"STRINGER THAD & THERESA","a":"FLORAL","d":"EASTERN LSD (BROWN CO.)","t":277.52,"l":"100: Agr-Vacant Land","c":0}},{"type":"Feature","geometry":{"type":"Polygon","coordinates":[[[-83.77373,38.94965],[-83.773972,38.949573],[-83.774228,38.950065],[-83.773975,38.950145],[-83.77373,38.94965]]]},"properties":{"p":"16-028168.0000","o":"ODM PROPERTIES AN OHIO PART","a":"CUSTER","d":"EASTERN LSD (BROWN CO.)","t":152.2,"l":"500: Res-Vacant Land","c":0}},{"type":"Feature","geometry":{"type":"Polygon","coordinates":[[[-83.772473,38.947276],[-83.772597,38.947237],[-83.772872,38.947774],[-83.772642,38.947846],[-83.772379,38.947305],[-83.772473,38.947276]]]},"properties":{"p":"16-028492.0000","o":"AUSTIN SHARI DAWN","a":"BLACK HAWK DR","d":"EASTERN LSD (BROWN CO.)","t":264.64,"l":"500: Res-Vacant Land","c":0}},{"type":"Feature","geometry":{"type":"Polygon","coordinates":[[[-83.764931,38.939382],[-83.764752,38.939374],[-83.764796,38.93895],[-83.765138,38.939025],[-83.765099,38.93939],[-83.764931,38.939382]]]},"properties":{"p":"16-029004.0000","o":"JOHNSON KELVIN R","a":"QUARTER HORSE","d":"EASTERN LSD (BROWN CO.)","t":225.24,"l":"500: Res-Vacant Land","c":0}},{"type":"Feature","geometry":{"type":"Polygon","coordinates":[[[-83.760145,38.939405],[-83.760745,38.939433],[-83.760729,38.939665],[-83.760129,38.939642],[-83.760145,38.939405]]]},"properties":{"p":"16-029680.0000","o":"STIVERS JAMES R & CHARLENE M","a":"MONTANA","d":"EASTERN LSD (BROWN CO.)","t":165.31,"l":"500: Res-Vacant Land","c":0}},{"type":"Feature","geometry":{"type":"Polygon","coordinates":[[[-83.76207,38.948064],[-83.761813,38.948075],[-83.761757,38.947478],[-83.762022,38.947466],[-83.76207,38.948064]]]},"properties":{"p":"16-030512.0000","o":"DAULEY LINDA & SHANEKA","a":"LIGHTFOOT","d":"EASTERN LSD (BROWN CO.)","t":157.66,"l":"500: Res-Vacant Land","c":0}},{"type":"Feature","geometry":{"type":"Polygon","coordinates":[[[-83.769471,38.932026],[-83.770112,38.932017],[-83.770121,38.932136],[-83.770146,38.932229],[-83.769468,38.932349],[-83.769471,38.932026]]]},"properties":{"p":"16-031892.0000","o":"CAVALLARO PHILIP T & JANE","a":"SPEARHEAD","d":"EASTERN LSD (BROWN CO.)","t":197.95,"l":"500: Res-Vacant Land","c":0}},{"type":"Feature","geometry":{"type":"Polygon","coordinates":[[[-83.761074,38.936883],[-83.76108,38.936676],[-83.761803,38.936704],[-83.761789,38.936918],[-83.761074,38.936883]]]},"properties":{"p":"16-033412.0000","o":"SMITH KENNETH J","a":"MONTANA DR","d":"EASTERN LSD (BROWN CO.)","t":165.31,"l":"500: Res-Vacant Land","c":0}},{"type":"Feature","geometry":{"type":"Polygon","coordinates":[[[-83.765288,38.934421],[-83.765017,38.934422],[-83.765024,38.933876],[-83.76531,38.93388],[-83.765288,38.934421]]]},"properties":{"p":"16-033756.0000","o":"ALL UNDER ONE ROOF","a":"MOCCASIN DR","d":"EASTERN LSD (BROWN CO.)","t":216.16,"l":"500: Res-Vacant Land","c":0}},{"type":"Feature","geometry":{"type":"Polygon","coordinates":[[[-83.769338,38.936987],[-83.768443,38.937056],[-83.768435,38.936847],[-83.769304,38.93677],[-83.769338,38.936987]]]},"properties":{"p":"16-033956.0000","o":"ROCKEY TERRY J & ANGELA M","a":"CRAZY HORSE","d":"EASTERN LSD (BROWN CO.)","t":197.95,"l":"500: Res-Vacant Land","c":0}},{"type":"Feature","geometry":{"type":"Polygon","coordinates":[[[-83.75642,38.946178],[-83.757158,38.946194],[-83.757151,38.9464],[-83.756413,38.946383],[-83.75642,38.946178]]]},"properties":{"p":"16-034880.0000","o":"KRATZER LINDA","a":"BONANZA","d":"EASTERN LSD (BROWN CO.)","t":165.31,"l":"500: Res-Vacant Land","c":0}},{"type":"Feature","geometry":{"type":"Polygon","coordinates":[[[-83.75781,38.946381],[-83.757769,38.94691],[-83.75754,38.946895],[-83.757419,38.946837],[-83.757374,38.946784],[-83.757352,38.946716],[-83.757363,38.946371],[-83.75781,38.946381]]]},"properties":{"p":"16-034976.0000","o":"HUNCKLER CHARLES J","a":"BONANZA","d":"EASTERN LSD (BROWN CO.)","t":274.93,"l":"500: Res-Vacant Land","c":0}},{"type":"Feature","geometry":{"type":"Polygon","coordinates":[[[-83.767028,38.948217],[-83.766514,38.948318],[-83.766475,38.947972],[-83.766934,38.947897],[-83.767028,38.948217]]]},"properties":{"p":"16-035612.0000","o":"BORDERS GENE E","a":"HATCHIE","d":"EASTERN LSD (BROWN CO.)","t":184.46,"l":"500: Res-Vacant Land","c":0}},{"type":"Feature","geometry":{"type":"Polygon","coordinates":[[[-83.746564,38.856163],[-83.747116,38.856041],[-83.747313,38.856587],[-83.746708,38.856566],[-83.746564,38.856163]]]},"properties":{"p":"17-036300.0100","o":"ARNETT MARK","a":"PAELTZ","d":"EASTERN LSD (BROWN CO.)","t":229.13,"l":"599: Res-Other","c":0}},{"type":"Feature","geometry":{"type":"Polygon","coordinates":[[[-83.787153,38.86617],[-83.78714,38.866305],[-83.786678,38.866279],[-83.786682,38.866233],[-83.786791,38.866239],[-83.786799,38.86615],[-83.787153,38.86617]]]},"properties":{"p":"18-038144.0000","o":"MCKENZIE LARRY","a":"12 COLUMBUS ST SOUTH","d":"EASTERN LSD (BROWN CO.)","t":197.19,"l":"510: Res-Single Family","c":0}},{"type":"Feature","geometry":{"type":"Polygon","coordinates":[[[-83.783853,38.867568],[-83.783766,38.868031],[-83.783528,38.868017],[-83.783573,38.867552],[-83.783853,38.867568]]]},"properties":{"p":"18-038316.0100","o":"CLIFTON CODY JAMES","a":"SIR WILLIAM WALLACE","d":"EASTERN LSD (BROWN CO.)","t":248.11,"l":"599: Res-Other","c":0}},{"type":"Feature","geometry":{"type":"Polygon","coordinates":[[[-84.037475,38.844433],[-84.037325,38.844292],[-84.039516,38.842862],[-84.039855,38.843185],[-84.037674,38.844619],[-84.037475,38.844433]]]},"properties":{"p":"19-039292.0020","o":"VALENTINE ERNIE LEE JR","a":"602 ROBERTSON","d":"WESTERN BROWN LSD","t":202.68,"l":"580: Res-Custom Code","c":0}},{"type":"Feature","geometry":{"type":"Polygon","coordinates":[[[-84.036313,38.821403],[-84.035666,38.821798],[-84.034894,38.821572],[-84.035282,38.821102],[-84.034533,38.82042],[-84.036003,38.820185],[-84.036128,38.820311],[-84.035629,38.820852],[-84.036313,38.821403]]]},"properties":{"p":"20-040360.0100","o":"CAHALL FRANK","a":"SKIFFSVILLE ROAD","d":"RIPLEY-UNION-LEWIS LSD","t":230.64,"l":"500: Res-Vacant Land","c":0}},{"type":"Feature","geometry":{"type":"Polygon","coordinates":[[[-83.957415,38.795217],[-83.957444,38.79482],[-83.958414,38.795098],[-83.958401,38.795492],[-83.957415,38.795217]]]},"properties":{"p":"20-041144.0300","o":"PRUETT RICHARD & BONNIE","a":"ST RT 221","d":"RIPLEY-UNION-LEWIS LSD","t":202.4,"l":"500: Res-Vacant Land","c":0}},{"type":"Feature","geometry":{"type":"Polygon","coordinates":[[[-83.957415,38.795217],[-83.958401,38.795492],[-83.958387,38.795926],[-83.957384,38.795649],[-83.957415,38.795217]]]},"properties":{"p":"20-041144.0400","o":"PRUETT RICHARD & BONNIE","a":"5797 ST RT 221","d":"RIPLEY-UNION-LEWIS LSD","t":204.21,"l":"500: Res-Vacant Land","c":0}},{"type":"Feature","geometry":{"type":"Polygon","coordinates":[[[-83.965244,38.790836],[-83.965236,38.791062],[-83.964947,38.791056],[-83.964955,38.790829],[-83.965244,38.790836]]]},"properties":{"p":"22-041976.0000","o":"FLAUGHER BILLY","a":"314 BROWN","d":"RIPLEY-UNION-LEWIS LSD","t":147.74,"l":"560: Res-Mobile Home","c":0}},{"type":"Feature","geometry":{"type":"Polygon","coordinates":[[[-83.970022,38.790036],[-83.970038,38.789583],[-83.970328,38.789589],[-83.970311,38.790042],[-83.970022,38.790036]]]},"properties":{"p":"22-042260.0000","o":"JONES WAYNE & LINDA","a":"207 OLIVE","d":"RIPLEY-UNION-LEWIS LSD","t":174,"l":"510: Res-Single Family","c":0}},{"type":"Feature","geometry":{"type":"Polygon","coordinates":[[[-83.965277,38.78993],[-83.964988,38.789924],[-83.965004,38.789471],[-83.965293,38.789477],[-83.965277,38.78993]]]},"properties":{"p":"22-042436.0000","o":"G & S PROPERTY","a":"US 52","d":"RIPLEY-UNION-LEWIS LSD","t":249.97,"l":"500: Res-Vacant Land","c":0}},{"type":"Feature","geometry":{"type":"Polygon","coordinates":[[[-83.968875,38.791325],[-83.968858,38.791777],[-83.968569,38.791771],[-83.968585,38.791318],[-83.968875,38.791325]]]},"properties":{"p":"22-060768.0000","o":"PENN H L","a":"GAINES ST","d":"RIPLEY-UNION-LEWIS LSD","t":150.3,"l":"500: Res-Vacant Land","c":0}},{"type":"Feature","geometry":{"type":"Polygon","coordinates":[[[-83.985506,39.185219],[-83.985474,39.185423],[-83.984704,39.18535],[-83.984735,39.185146],[-83.985506,39.185219]]]},"properties":{"p":"23-044304.0000","o":"CHAMBERLIN PATRICIA J TRUSTEE","a":"DORTMUND","d":"FAYETTEVILLE-PERRY LSD","t":273.44,"l":"500: Res-Vacant Land","c":0}},{"type":"Feature","geometry":{"type":"Polygon","coordinates":[[[-83.979794,39.188572],[-83.980411,39.188657],[-83.980373,39.18888],[-83.979745,39.188799],[-83.979794,39.188572]]]},"properties":{"p":"23-044344.0000","o":"ALFORD-PRINGLE CYNTHIA & RICHARD PRINGLE ETAL","a":"466 ESSEN","d":"FAYETTEVILLE-PERRY LSD","t":262.86,"l":"500: Res-Vacant Land","c":0}},{"type":"Feature","geometry":{"type":"Polygon","coordinates":[[[-83.979695,39.189026],[-83.979745,39.188799],[-83.980373,39.18888],[-83.980335,39.189106],[-83.979695,39.189026]]]},"properties":{"p":"23-044348.0000","o":"ALFORD-PRINGLE CYNTHIA & RICHARD PRINGLE ETAL","a":"467 ESSEN","d":"FAYETTEVILLE-PERRY LSD","t":262.86,"l":"500: Res-Vacant Land","c":0}},{"type":"Feature","geometry":{"type":"Polygon","coordinates":[[[-83.974914,39.188799],[-83.975192,39.188681],[-83.975339,39.188847],[-83.975422,39.188905],[-83.975008,39.189288],[-83.974914,39.188799]]]},"properties":{"p":"23-045468.0000","o":"RILEY JESSICA L-FISHER JEFFERY","a":"521 BERLIN DR","d":"FAYETTEVILLE-PERRY LSD","t":178.41,"l":"500: Res-Vacant Land","c":0}},{"type":"Feature","geometry":{"type":"Polygon","coordinates":[[[-83.975814,39.189541],[-83.975209,39.189614],[-83.975164,39.189386],[-83.975767,39.189299],[-83.975814,39.189541]]]},"properties":{"p":"23-046044.0000","o":"RILEY JESSICA L-FISHER JEFFERY","a":"523 HANOVER","d":"FAYETTEVILLE-PERRY LSD","t":178.41,"l":"500: Res-Vacant Land","c":0}},{"type":"Feature","geometry":{"type":"Polygon","coordinates":[[[-83.977734,39.182942],[-83.977696,39.182851],[-83.978031,39.182513],[-83.978259,39.182667],[-83.978287,39.1827],[-83.978279,39.182954],[-83.978227,39.1831],[-83.977734,39.182942]]]},"properties":{"p":"23-046644.0000","o":"KUETHE DAVID & TRACY","a":"LORELEI WEST","d":"FAYETTEVILLE-PERRY LSD","t":232.09,"l":"500: Res-Vacant Land","c":0}},{"type":"Feature","geometry":{"type":"Polygon","coordinates":[[[-83.979843,39.188332],[-83.979888,39.188113],[-83.980491,39.188189],[-83.980453,39.18841],[-83.979843,39.188332]]]},"properties":{"p":"23-047152.0000","o":"PRINGLE RICHARD H & CYNTHIA ALFORD-PRINGLE ETAL","a":"464 ESSEN","d":"FAYETTEVILLE-PERRY LSD","t":262.86,"l":"500: Res-Vacant Land","c":0}},{"type":"Feature","geometry":{"type":"Polygon","coordinates":[[[-83.98541,39.185832],[-83.985378,39.186036],[-83.984608,39.185963],[-83.98464,39.185759],[-83.98541,39.185832]]]},"properties":{"p":"23-048332.0000","o":"KEHRING ROBERT & MCCORD KRISTIE","a":"DORTMUND","d":"FAYETTEVILLE-PERRY LSD","t":273.44,"l":"500: Res-Vacant Land","c":0}},{"type":"Feature","geometry":{"type":"Polygon","coordinates":[[[-83.985378,39.186036],[-83.985346,39.186241],[-83.984576,39.186168],[-83.984608,39.185963],[-83.985378,39.186036]]]},"properties":{"p":"23-048336.0000","o":"KEHRING ROBERT & MCCORD KRISTIE","a":"DORTMUND","d":"FAYETTEVILLE-PERRY LSD","t":273.44,"l":"500: Res-Vacant Land","c":0}},{"type":"Feature","geometry":{"type":"Polygon","coordinates":[[[-83.983051,39.183129],[-83.983332,39.183158],[-83.983213,39.183753],[-83.982935,39.18372],[-83.983051,39.183129]]]},"properties":{"p":"23-048336.0000","o":"KEHRING ROBERT & MCCORD KRISTIE","a":"DORTMUND","d":"FAYETTEVILLE-PERRY LSD","t":273.44,"l":"500: Res-Vacant Land","c":0}},{"type":"Feature","geometry":{"type":"Polygon","coordinates":[[[-83.982799,39.183104],[-83.983051,39.183129],[-83.982935,39.18372],[-83.982681,39.183691],[-83.982799,39.183104]]]},"properties":{"p":"23-048364.0000","o":"BAKER DUANE J & RICHARD H","a":"DORTMUND","d":"FAYETTEVILLE-PERRY LSD","t":160.77,"l":"500: Res-Vacant Land","c":0}},{"type":"Feature","geometry":{"type":"Polygon","coordinates":[[[-83.982273,39.18305],[-83.982529,39.183076],[-83.982411,39.183659],[-83.982152,39.183629],[-83.982273,39.18305]]]},"properties":{"p":"23-048368.0000","o":"NUTTER STRAUB ELIZABETH","a":"DORTMUND","d":"FAYETTEVILLE-PERRY LSD","t":179.85,"l":"500: Res-Vacant Land","c":0}},{"type":"Feature","geometry":{"type":"Polygon","coordinates":[[[-83.979794,39.188572],[-83.979843,39.188332],[-83.980453,39.18841],[-83.980411,39.188657],[-83.979794,39.188572]]]},"properties":{"p":"23-048680.0000","o":"PRINGLE RICHARD H & CYNTHIA ALFORD-PRINGLE ETAL","a":"465 ESSEN","d":"FAYETTEVILLE-PERRY LSD","t":262.86,"l":"500: Res-Vacant Land","c":0}},{"type":"Feature","geometry":{"type":"Polygon","coordinates":[[[-83.974957,39.190334],[-83.974683,39.190314],[-83.974749,39.189769],[-83.975,39.18979],[-83.974957,39.190334]]]},"properties":{"p":"23-048708.0000","o":"HARKINS PATRICIA A","a":"501 ESSEN","d":"FAYETTEVILLE-PERRY LSD","t":262.86,"l":"500: Res-Vacant Land","c":0}},{"type":"Feature","geometry":{"type":"Polygon","coordinates":[[[-83.963554,39.20405],[-83.962959,39.204024],[-83.962983,39.203741],[-83.963305,39.203751],[-83.963554,39.20405]]]},"properties":{"p":"23-049484.0000","o":"VOGEL RUSSELL G & MARY","a":"BRAHMS COVE","d":"FAYETTEVILLE-PERRY LSD","t":146.03,"l":"500: Res-Vacant Land","c":0}},{"type":"Feature","geometry":{"type":"Polygon","coordinates":[[[-83.906124,39.230287],[-83.905586,39.230264],[-83.905612,39.229931],[-83.905365,39.229919],[-83.905425,39.229452],[-83.906192,39.229482],[-83.906124,39.230287]]]},"properties":{"p":"23-049952.0000","o":"WINEMILLER SUSAN","a":"4401 ST RT 123","d":"FAYETTEVILLE-PERRY LSD","t":160.84,"l":"510: Res-Single Family","c":0}},{"type":"Feature","geometry":{"type":"Polygon","coordinates":[[[-83.992513,39.170424],[-83.99232,39.170413],[-83.992428,39.169755],[-83.993021,39.169787],[-83.992966,39.17045],[-83.992513,39.170424]]]},"properties":{"p":"23-050104.3900","o":"TURNER SAMUEL","a":"WOODLAND","d":"FAYETTEVILLE-PERRY LSD","t":275.87,"l":"500: Res-Vacant Land","c":0}},{"type":"Feature","geometry":{"type":"Polygon","coordinates":[[[-83.974011,39.218113],[-83.974088,39.217472],[-83.975436,39.217564],[-83.975348,39.2182],[-83.974011,39.218113]]]},"properties":{"p":"23-050824.0200","o":"ROBBINS RUEN JR","a":"21035 WOODVILLE","d":"FAYETTEVILLE-PERRY LSD","t":142.89,"l":"580: Res-Custom Code","c":0}},{"type":"Feature","geometry":{"type":"Polygon","coordinates":[[[-83.892282,39.214692],[-83.892232,39.215239],[-83.891866,39.215219],[-83.891918,39.214671],[-83.892282,39.214692]]]},"properties":{"p":"23-054408.0000","o":"HUNLEY OLIVIA R","a":"4345 CHURCH","d":"FAYETTEVILLE-PERRY LSD","t":232.18,"l":"599: Res-Other","c":0}},{"type":"Feature","geometry":{"type":"Polygon","coordinates":[[[-83.957231,39.174869],[-83.956527,39.174202],[-83.956561,39.173868],[-83.95747,39.17473],[-83.957231,39.174869]]]},"properties":{"p":"23-054778.0000","o":"WHITTROCK ELEANOR","a":"US 50","d":"FAYETTEVILLE-PERRY LSD","t":277.86,"l":"500: Res-Vacant Land","c":0}},{"type":"Feature","geometry":{"type":"Polygon","coordinates":[[[-83.925601,39.187929],[-83.92551,39.187941],[-83.92545,39.187613],[-83.925541,39.187601],[-83.925601,39.187929]]]},"properties":{"p":"27-053676.0000","o":"G & S PROPERTY GROUP LLC","a":"311 PIKE EAST","d":"FAYETTEVILLE-PERRY LSD","t":213,"l":"500: Res-Vacant Land","c":0}},{"type":"Feature","geometry":{"type":"Polygon","coordinates":[[[-83.925423,39.187953],[-83.925336,39.187964],[-83.925277,39.187637],[-83.925363,39.187625],[-83.925423,39.187953]]]},"properties":{"p":"27-053684.0000","o":"G & S PROPERTY GROUP LLC","a":"US 50 PIKE ST","d":"FAYETTEVILLE-PERRY LSD","t":213,"l":"500: Res-Vacant Land","c":0}},{"type":"Feature","geometry":{"type":"Polygon","coordinates":[[[-83.925336,39.187964],[-83.925252,39.187976],[-83.925193,39.187648],[-83.925277,39.187637],[-83.925336,39.187964]]]},"properties":{"p":"27-053688.0000","o":"G & S PROPERTY GROUP LLC","a":"US 50","d":"FAYETTEVILLE-PERRY LSD","t":213,"l":"500: Res-Vacant Land","c":0}},{"type":"Feature","geometry":{"type":"Polygon","coordinates":[[[-84.021722,39.002906],[-84.021684,39.003227],[-84.020154,39.003104],[-84.020184,39.002816],[-84.021722,39.002906]]]},"properties":{"p":"29-054700.0001","o":"HATFIELD ANTHONY W","a":"13215 MEEKER","d":"WESTERN BROWN LSD","t":235.71,"l":"599: Res-Other","c":0}},{"type":"Feature","geometry":{"type":"Polygon","coordinates":[[[-84.007069,38.994209],[-84.007602,38.994255],[-84.007565,38.994789],[-84.007025,38.994623],[-84.007069,38.994209]]]},"properties":{"p":"29-054724.0000","o":"LAWSON PHILLIP","a":"12953 LOCUST RIDGE NEW HARM","d":"WESTERN BROWN LSD","t":256.68,"l":"580: Res-Custom Code","c":0}},{"type":"Feature","geometry":{"type":"Polygon","coordinates":[[[-84.006686,38.993284],[-84.006239,38.993522],[-84.005697,38.992891],[-84.006139,38.992659],[-84.006686,38.993284]]]},"properties":{"p":"29-055536.0800","o":"BURCHELL BETTY","a":"1517 KRESS","d":"WESTERN BROWN LSD","t":172.72,"l":"580: Res-Custom Code","c":0}},{"type":"Feature","geometry":{"type":"Polygon","coordinates":[[[-84.003967,38.994718],[-84.003441,38.994073],[-84.003877,38.993844],[-84.004406,38.994493],[-84.003967,38.994718]]]},"properties":{"p":"29-055536.1300","o":"HOUSH NATHAN ALAN","a":"1575 KRESS","d":"WESTERN BROWN LSD","t":239.7,"l":"500: Res-Vacant Land","c":0}},{"type":"Feature","geometry":{"type":"Polygon","coordinates":[[[-83.930763,39.017569],[-83.931696,39.017893],[-83.931587,39.018143],[-83.930651,39.017825],[-83.930763,39.017569]]]},"properties":{"p":"29-055928.0000","o":"HOWARD RICO T JR","a":"GRANTVIEW","d":"WESTERN BROWN LSD","t":232.45,"l":"510: Res-Single Family","c":0}},{"type":"Feature","geometry":{"type":"Polygon","coordinates":[[[-84.013748,39.013113],[-84.013537,39.013106],[-84.013564,39.012667],[-84.013775,39.012675],[-84.013748,39.013113]]]},"properties":{"p":"29-056896.0000","o":"CARRINGTON RICKY & CAROL S","a":"MEEKER RD","d":"WESTERN BROWN LSD","t":267.29,"l":"500: Res-Vacant Land","c":0}},{"type":"Feature","geometry":{"type":"Polygon","coordinates":[[[-84.012834,39.013553],[-84.012861,39.013114],[-84.013071,39.013122],[-84.013045,39.01356],[-84.012834,39.013553]]]},"properties":{"p":"29-056968.0000","o":"JONES TIM & TINA","a":"1320 NEW HARMONY-SHILOH","d":"WESTERN BROWN LSD","t":252.93,"l":"580: Res-Custom Code","c":0}},{"type":"Feature","geometry":{"type":"Polygon","coordinates":[[[-84.012861,39.013114],[-84.012834,39.013553],[-84.012623,39.013545],[-84.01265,39.013106],[-84.012861,39.013114]]]},"properties":{"p":"29-056972.0000","o":"JONES TIM & TINA","a":"NEW HARMONY SHILOH","d":"WESTERN BROWN LSD","t":241.29,"l":"599: Res-Other","c":0}},{"type":"Feature","geometry":{"type":"Polygon","coordinates":[[[-83.881276,38.85756],[-83.881261,38.85778],[-83.880453,38.857733],[-83.880471,38.857504],[-83.881276,38.85756]]]},"properties":{"p":"31-058968.0000","o":"LANG PAULA","a":"8006 DR FAUL RD","d":"GEORGETOWN EVSD","t":209.87,"l":"510: Res-Single Family","c":0}},{"type":"Feature","geometry":{"type":"Polygon","coordinates":[[[-83.89892,38.88246],[-83.898992,38.882339],[-83.899325,38.882003],[-83.899838,38.882073],[-83.899794,38.88222],[-83.899684,38.882489],[-83.899568,38.882698],[-83.89892,38.88246]]]},"properties":{"p":"33-058832.0201","o":"TEE3 REAL ESTATE LLC","a":"37 STATION DR","d":"GEORGETOWN EVSD","t":216.52,"l":"500: Res-Vacant Land","c":0}},{"type":"Feature","geometry":{"type":"Polygon","coordinates":[[[-83.892039,38.857394],[-83.892194,38.857237],[-83.892181,38.857401],[-83.892609,38.857423],[-83.892673,38.857449],[-83.8927,38.857501],[-83.892682,38.857729],[-83.89269,38.857795],[-83.892852,38.858089],[-83.892039,38.857394]]]},"properties":{"p":"33-059442.5700","o":"MOORE TIFFANY SHANTELL & GARY RAY SOWERS","a":"DOUGLAS","d":"GEORGETOWN EVSD","t":197.74,"l":"500: Res-Vacant Land","c":0}},{"type":"Feature","geometry":{"type":"Polygon","coordinates":[[[-83.899716,38.870764],[-83.899559,38.87075],[-83.899567,38.870607],[-83.899973,38.870638],[-83.899971,38.870786],[-83.899716,38.870764]]]},"properties":{"p":"33-061728.0000","o":"CROSSWAIT FKA MARY BROCK MARY","a":"442 KENWWOD","d":"GEORGETOWN EVSD","t":156.57,"l":"510: Res-Single Family","c":0}},{"type":"Feature","geometry":{"type":"Polygon","coordinates":[[[-83.898795,38.866366],[-83.898712,38.866917],[-83.898277,38.866855],[-83.898363,38.866432],[-83.898461,38.866385],[-83.898795,38.866366]]]},"properties":{"p":"33-062488.0000","o":"MCMILLION TINKER","a":"507 GRANT","d":"GEORGETOWN EVSD","t":208.42,"l":"510: Res-Single Family","c":0}},{"type":"Feature","geometry":{"type":"Polygon","coordinates":[[[-83.900695,38.870554],[-83.900712,38.87039],[-83.901181,38.870423],[-83.901163,38.870588],[-83.900695,38.870554]]]},"properties":{"p":"33-066124.0000","o":"STAPLETON BRITTANY LYNN","a":"436 WATER","d":"GEORGETOWN EVSD","t":201.24,"l":"510: Res-Single Family","c":0}},{"type":"Feature","geometry":{"type":"Polygon","coordinates":[[[-83.943381,38.929253],[-83.943097,38.92923],[-83.94322,38.928398],[-83.943494,38.928442],[-83.943381,38.929253]]]},"properties":{"p":"34-069832.0000","o":"COWDREY DAVID B & RENAU","a":"3239 WHITE OAK VALLEY","d":"WESTERN BROWN LSD","t":260.18,"l":"580: Res-Custom Code","c":0}},{"type":"Feature","geometry":{"type":"Polygon","coordinates":[[[-83.997825,39.093108],[-83.997899,39.092924],[-83.999513,39.093426],[-83.999428,39.093657],[-83.997806,39.093156],[-83.997825,39.093108]]]},"properties":{"p":"37-071036.0000","o":"BEN-ZEEV EREZ","a":"EDGINGTON","d":"WESTERN BROWN LSD","t":133.76,"l":"500: Res-Vacant Land","c":0}},{"type":"Feature","geometry":{"type":"Polygon","coordinates":[[[-83.992381,39.118135],[-83.992653,39.118198],[-83.992397,39.11888],[-83.992073,39.118805],[-83.992381,39.118135]]]},"properties":{"p":"37-071204.0302","o":"YOUNG JEREMY","a":"1906 STEWART HARBOUROUGH","d":"WESTERN BROWN LSD","t":175.27,"l":"580: Res-Custom Code","c":0}},{"type":"Feature","geometry":{"type":"Polygon","coordinates":[[[-83.978776,39.101409],[-83.978716,39.101736],[-83.977459,39.101576],[-83.97752,39.101241],[-83.978776,39.101409]]]},"properties":{"p":"37-071276.0102","o":"COMBERGER GERALD ALAN","a":"2693 UPPER FIVE MILE","d":"WESTERN BROWN LSD","t":154.89,"l":"599: Res-Other","c":0}},{"type":"Feature","geometry":{"type":"Polygon","coordinates":[[[-84.008204,39.109195],[-84.007805,39.109155],[-84.008012,39.10736],[-84.008428,39.107431],[-84.008204,39.109195]]]},"properties":{"p":"37-071916.0200","o":"MOUNTAIN WILLIAM JOSEPH","a":"BLUE SKY PARK","d":"WESTERN BROWN LSD","t":228.91,"l":"500: Res-Vacant Land","c":0}},{"type":"Feature","geometry":{"type":"Polygon","coordinates":[[[-83.962261,39.071426],[-83.961086,39.071144],[-83.961297,39.070582],[-83.962441,39.070863],[-83.962261,39.071426]]]},"properties":{"p":"37-072016.0000","o":"GIOVENETTI MARY L","a":"2763 HARKER WAITS","d":"WESTERN BROWN LSD","t":267.18,"l":"510: Res-Single Family","c":0}},{"type":"Feature","geometry":{"type":"Polygon","coordinates":[[[-83.977523,39.075614],[-83.977847,39.074552],[-83.978164,39.074627],[-83.977861,39.075679],[-83.977523,39.075614]]]},"properties":{"p":"37-072300.0100","o":"CRAWFORD MARK & JENNIFER","a":"2309 HARKER WAITS","d":"WESTERN BROWN LSD","t":163.96,"l":"580: Res-Custom Code","c":0}},{"type":"Feature","geometry":{"type":"Polygon","coordinates":[[[-83.979961,39.031827],[-83.976901,39.031203],[-83.976994,39.030866],[-83.980073,39.031461],[-83.979961,39.031827]]]},"properties":{"p":"37-072380.0003","o":"WOODS TINA KAY","a":"14291 UPPER CUMBERLAND","d":"WESTERN BROWN LSD","t":169.1,"l":"560: Res-Mobile Home","c":0}},{"type":"Feature","geometry":{"type":"Polygon","coordinates":[[[-83.987397,39.063004],[-83.98719,39.063566],[-83.985926,39.063271],[-83.986085,39.062698],[-83.987397,39.063004]]]},"properties":{"p":"37-072432.0100","o":"RUTHERFORD MICHAEL & LOU ANN JAMES","a":"2060 RICHARDS CREEK","d":"WESTERN BROWN LSD","t":155.32,"l":"510: Res-Single Family","c":0}},{"type":"Feature","geometry":{"type":"Polygon","coordinates":[[[-84.003475,39.088122],[-84.003616,39.087838],[-84.003902,39.088232],[-84.003844,39.088267],[-84.00381,39.088318],[-84.003806,39.088374],[-84.003831,39.088428],[-84.003818,39.088453],[-84.003376,39.088309],[-84.003475,39.088122]]]},"properties":{"p":"37-073100.1700","o":"MARTIN JOHN SCOTT","a":"16372 JEFF","d":"WESTERN BROWN LSD","t":166.84,"l":"580: Res-Custom Code","c":0}},{"type":"Feature","geometry":{"type":"Polygon","coordinates":[[[-83.875666,38.764821],[-83.875937,38.764376],[-83.876141,38.764456],[-83.875866,38.7649],[-83.875666,38.764821]]]},"properties":{"p":"39-073644.0000","o":"AMYX DAVID","a":"5119 US 52","d":"RIPLEY-UNION-LEWIS LSD","t":229.43,"l":"510: Res-Single Family","c":0}},{"type":"Feature","geometry":{"type":"Polygon","coordinates":[[[-83.813972,38.768123],[-83.814018,38.76807],[-83.814211,38.768303],[-83.815121,38.769818],[-83.814137,38.770764],[-83.813606,38.771582],[-83.813229,38.771645],[-83.813972,38.768123]]]},"properties":{"p":"39-073692.0101","o":"CHARLES R TRUITT REVOCABLE","a":"US 68","d":"RIPLEY-UNION-LEWIS LSD","t":153.72,"l":"500: Res-Vacant Land","c":0}},{"type":"Feature","geometry":{"type":"Polygon","coordinates":[[[-83.906942,38.785624],[-83.907225,38.785461],[-83.907388,38.785616],[-83.907108,38.785781],[-83.906942,38.785624]]]},"properties":{"p":"39-074744.0000","o":"STRAIGHT CREEK BUSHMAN LLC","a":"OLD A & P","d":"RIPLEY-UNION-LEWIS LSD","t":277.91,"l":"500: Res-Vacant Land","c":0}},{"type":"Feature","geometry":{"type":"Polygon","coordinates":[[[-83.907225,38.785461],[-83.906942,38.785624],[-83.905623,38.784372],[-83.905893,38.784196],[-83.907225,38.785461]]]},"properties":{"p":"39-074744.0000","o":"STRAIGHT CREEK BUSHMAN LLC","a":"OLD A & P","d":"RIPLEY-UNION-LEWIS LSD","t":277.91,"l":"500: Res-Vacant Land","c":0}},{"type":"Feature","geometry":{"type":"Polygon","coordinates":[[[-83.825029,38.722366],[-83.824866,38.722127],[-83.824603,38.722177],[-83.824287,38.720923],[-83.824661,38.720869],[-83.82515,38.722327],[-83.825029,38.722366]]]},"properties":{"p":"39-074796.0400","o":"MINZNER CAROL","a":"SCOFFIELD","d":"RIPLEY-UNION-LEWIS LSD","t":165.9,"l":"599: Res-Other","c":0}},{"type":"Feature","geometry":{"type":"Polygon","coordinates":[[[-83.79111,38.723202],[-83.791083,38.722922],[-83.792612,38.723074],[-83.792568,38.723347],[-83.79111,38.723202]]]},"properties":{"p":"39-074928.0121","o":"HILLE STANLEY & EDNA J","a":"3120 EAGLE COVE","d":"RIPLEY-UNION-LEWIS LSD","t":249.39,"l":"580: Res-Custom Code","c":0}},{"type":"Feature","geometry":{"type":"Polygon","coordinates":[[[-83.874556,38.763614],[-83.874723,38.763659],[-83.874301,38.76435],[-83.874143,38.764292],[-83.874556,38.763614]]]},"properties":{"p":"39-075060.0101","o":"PICKLESIMER KYME & LARRY","a":"5145 US 52","d":"RIPLEY-UNION-LEWIS LSD","t":131.68,"l":"500: Res-Vacant Land","c":0}},{"type":"Feature","geometry":{"type":"Polygon","coordinates":[[[-83.91435,38.773939],[-83.914484,38.774035],[-83.914591,38.773944],[-83.915096,38.774305],[-83.915049,38.774345],[-83.915165,38.77449],[-83.91491,38.775172],[-83.914151,38.774888],[-83.91435,38.773939]]]},"properties":{"p":"39-075104.0001","o":"TARA VILLA PARADISE RV PARK AND MARINA LLC","a":"OLD A & P","d":"RIPLEY-UNION-LEWIS LSD","t":155.31,"l":"500: Res-Vacant Land","c":0}},{"type":"Feature","geometry":{"type":"Polygon","coordinates":[[[-83.808832,38.712693],[-83.810753,38.710517],[-83.811159,38.710539],[-83.809131,38.712836],[-83.808832,38.712693]]]},"properties":{"p":"39-075148.0012","o":"POE TONY & VANESSA","a":"7123 CAMPBELL","d":"RIPLEY-UNION-LEWIS LSD","t":143.96,"l":"580: Res-Custom Code","c":0}},{"type":"Feature","geometry":{"type":"Polygon","coordinates":[[[-83.827159,38.754331],[-83.82649,38.753893],[-83.826308,38.752764],[-83.826405,38.752666],[-83.82644,38.752884],[-83.826944,38.752895],[-83.826815,38.75329],[-83.826491,38.75358],[-83.826933,38.754095],[-83.827159,38.754331]]]},"properties":{"p":"39-075556.0000","o":"PRICHARD MICHAEL","a":"US 68","d":"RIPLEY-UNION-LEWIS LSD","t":198.67,"l":"500: Res-Vacant Land","c":0}},{"type":"Feature","geometry":{"type":"Polygon","coordinates":[[[-83.833385,38.734608],[-83.833427,38.734543],[-83.834157,38.73426],[-83.834382,38.734615],[-83.833765,38.734854],[-83.833385,38.734608]]]},"properties":{"p":"39-075912.0000","o":"BRADFORD ADAM & MEREDITH","a":"710 HANOVER","d":"RIPLEY-UNION-LEWIS LSD","t":233.76,"l":"599: Res-Other","c":0}},{"type":"Feature","geometry":{"type":"Polygon","coordinates":[[[-83.832134,38.72935],[-83.832083,38.729297],[-83.832421,38.729087],[-83.832475,38.729143],[-83.832134,38.72935]]]},"properties":{"p":"41-076548.0000","o":"RODRIGUEZ PATRICIA ZAVALA","a":"FLORA","d":"RIPLEY-UNION-LEWIS LSD","t":232.83,"l":"599: Res-Other","c":0}},{"type":"Feature","geometry":{"type":"Polygon","coordinates":[[[-83.839122,38.727554],[-83.838921,38.727286],[-83.839382,38.727256],[-83.839481,38.727406],[-83.839122,38.727554]]]},"properties":{"p":"41-077064.0000","o":"MUSSINAN BRENT","a":"1110 HIGH","d":"RIPLEY-UNION-LEWIS LSD","t":171.18,"l":"580: Res-Custom Code","c":0}},{"type":"Feature","geometry":{"type":"Polygon","coordinates":[[[-83.84492,38.746378],[-83.844554,38.74651],[-83.844515,38.746441],[-83.844878,38.746309],[-83.84492,38.746378]]]},"properties":{"p":"41-077464.0000","o":"FULTON ERIC & NICOLE","a":"17 THIRD ST NORTH","d":"RIPLEY-UNION-LEWIS LSD","t":277.42,"l":"510: Res-Single Family","c":0}},{"type":"Feature","geometry":{"type":"Polygon","coordinates":[[[-84.013045,39.01356],[-84.013071,39.013122],[-84.013282,39.013129],[-84.013259,39.013515],[-84.013045,39.01356]]]},"properties":{"p":"29-056964.0000","o":"JONES TIM & TINA","a":"NEW HARMONY - SHILOH","d":"WESTERN BROWN LSD","t":233.04,"l":"500: Res-Vacant Land","c":0}},{"type":"Feature","geometry":{"type":"Polygon","coordinates":[[[-83.787756,38.867501],[-83.787903,38.867509],[-83.787883,38.867725],[-83.787736,38.867717],[-83.787756,38.867501]]]},"properties":{"p":"18-038156.0000","o":"MCKINZIE LARRY","a":"NORTH","d":"EASTERN LSD (BROWN CO.)","t":203.47,"l":"599: Res-Other","c":0}},{"type":"Feature","geometry":{"type":"Polygon","coordinates":[[[-83.847411,38.750822],[-83.847467,38.750907],[-83.84725,38.750989],[-83.847201,38.750899],[-83.847411,38.750822]]]},"properties":{"p":"41-077472.0000","o":"LAYNE MICHAEL","a":"329 THIRD ST NORTH","d":"RIPLEY-UNION-LEWIS LSD","t":236.43,"l":"510: Res-Single Family","c":0}},{"type":"Feature","geometry":{"type":"Polygon","coordinates":[[[-83.846669,38.750775],[-83.846897,38.750673],[-83.846972,38.750776],[-83.846742,38.750878],[-83.846669,38.750775]]]},"properties":{"p":"41-077572.0000","o":"DELANEY NORMA ETAL","a":"320 THIRD ST NORTH","d":"RIPLEY-UNION-LEWIS LSD","t":138.49,"l":"510: Res-Single Family","c":0}},{"type":"Feature","geometry":{"type":"Polygon","coordinates":[[[-83.844746,38.747986],[-83.844781,38.748043],[-83.8444,38.748184],[-83.844365,38.748126],[-83.844746,38.747986]]]},"properties":{"p":"41-077728.0000","o":"DUGAN DONOVAN W","a":"107 FOURTH ST NORTH","d":"RIPLEY-UNION-LEWIS LSD","t":186.9,"l":"510: Res-Single Family","c":0}},{"type":"Feature","geometry":{"type":"Polygon","coordinates":[[[-83.844365,38.748126],[-83.844332,38.748071],[-83.844713,38.747931],[-83.844746,38.747986],[-83.844365,38.748126]]]},"properties":{"p":"41-078456.0000","o":"DUGAN DONOVAN W","a":"109 FOURTH ST NORTH","d":"RIPLEY-UNION-LEWIS LSD","t":228.82,"l":"510: Res-Single Family","c":0}},{"type":"Feature","geometry":{"type":"Polygon","coordinates":[[[-83.843811,38.746222],[-83.843969,38.746497],[-83.84389,38.746526],[-83.843726,38.746254],[-83.843811,38.746222]]]},"properties":{"p":"41-079232.0000","o":"OSMAN RAHMA","a":"MAIN","d":"RIPLEY-UNION-LEWIS LSD","t":218.55,"l":"400: Com-Vacant Land","c":0}},{"type":"Feature","geometry":{"type":"Polygon","coordinates":[[[-83.84693,38.750463],[-83.846875,38.75035],[-83.847344,38.750169],[-83.847422,38.750276],[-83.84693,38.750463]]]},"properties":{"p":"41-079556.0000","o":"WASHINGTON DANIEL","a":"THIRD ST","d":"RIPLEY-UNION-LEWIS LSD","t":197.76,"l":"599: Res-Other","c":0}},{"type":"Feature","geometry":{"type":"Polygon","coordinates":[[[-83.839623,38.742714],[-83.839372,38.74252],[-83.839332,38.74245],[-83.83967,38.742321],[-83.839865,38.742615],[-83.839623,38.742714]]]},"properties":{"p":"41-079812.0200","o":"WILSON JOHN JR","a":"285 CIRCLE DR","d":"RIPLEY-UNION-LEWIS LSD","t":166.26,"l":"580: Res-Custom Code","c":0}},{"type":"Feature","geometry":{"type":"Polygon","coordinates":[[[-83.80195,39.008142],[-83.802437,39.008832],[-83.802398,39.008845],[-83.801913,39.008158],[-83.80195,39.008142]]]},"properties":{"p":"43-083014.0000","o":"G A KENNEDY","a":"MOWRYSTOWN","d":"EASTERN LSD (BROWN CO.)","t":197.27,"l":"500: Res-Vacant Land","c":0}},{"type":"Feature","geometry":{"type":"Polygon","coordinates":[[[-83.702819,38.816802],[-83.702876,38.816627],[-83.703515,38.816755],[-83.703458,38.81693],[-83.702819,38.816802]]]},"properties":{"p":"01-000248.0000","o":"DAY ROGER ETAL","a":"6514 DECATUR ECKMANSVILLE","d":"EASTERN LSD (BROWN CO.)","t":85.8,"l":"580: Res-Custom Code","c":0}},{"type":"Feature","geometry":{"type":"Polygon","coordinates":[[[-83.728867,38.962783],[-83.728792,38.962907],[-83.728362,38.962749],[-83.728437,38.962625],[-83.728867,38.962783]]]},"properties":{"p":"07-008548.0000","o":"FROST FOREST & ANITA","a":"EMMONS","d":"EASTERN LSD (BROWN CO.)","t":126.44,"l":"500: Res-Vacant Land","c":0}},{"type":"Feature","geometry":{"type":"Polygon","coordinates":[[[-83.79698,38.940858],[-83.796989,38.940652],[-83.797692,38.940671],[-83.797683,38.940877],[-83.79698,38.940858]]]},"properties":{"p":"08-013964.0000","o":"JONES ROBIN J","a":"CHOCTAW DRIVE","d":"EASTERN LSD (BROWN CO.)","t":131.53,"l":"500: Res-Vacant Land","c":0}},{"type":"Feature","geometry":{"type":"Polygon","coordinates":[[[-83.777511,38.945701],[-83.777459,38.945718],[-83.777446,38.945693],[-83.777482,38.945212],[-83.777703,38.945641],[-83.777511,38.945701]]]},"properties":{"p":"08-082484.0000","o":"LAWSON BENJAMIN CHARLES","a":"TUPELO","d":"EASTERN LSD (BROWN CO.)","t":122.77,"l":"500: Res-Vacant Land","c":0}},{"type":"Feature","geometry":{"type":"Polygon","coordinates":[[[-83.763908,38.657807],[-83.763921,38.657677],[-83.764599,38.657796],[-83.764498,38.657914],[-83.763908,38.657807]]]},"properties":{"p":"15-024116.0000","o":"LOUIS & CLARA BRAMEL LLC","a":"977 GOURDS POINT","d":"RIPLEY-UNION-LEWIS LSD","t":88.89,"l":"500: Res-Vacant Land","c":0}},{"type":"Feature","geometry":{"type":"Polygon","coordinates":[[[-83.763894,38.657945],[-83.763908,38.657807],[-83.764498,38.657914],[-83.764394,38.658038],[-83.763894,38.657945]]]},"properties":{"p":"15-024124.0000","o":"LOUIS & CLARA BRAMEL LLC","a":"983 GOURDS POINT","d":"RIPLEY-UNION-LEWIS LSD","t":84.1,"l":"580: Res-Custom Code","c":0}},{"type":"Feature","geometry":{"type":"Polygon","coordinates":[[[-83.768393,38.660529],[-83.768702,38.660306],[-83.768746,38.660365],[-83.768437,38.660589],[-83.768393,38.660529]]]},"properties":{"p":"15-024296.0000","o":"BROWN MICHAEL S & MICHELLE N","a":"1221 MARYLAND ST","d":"RIPLEY-UNION-LEWIS LSD","t":55.02,"l":"580: Res-Custom Code","c":0}},{"type":"Feature","geometry":{"type":"Polygon","coordinates":[[[-83.768261,38.660351],[-83.76857,38.660128],[-83.768614,38.660188],[-83.768305,38.660411],[-83.768261,38.660351]]]},"properties":{"p":"15-024308.0000","o":"BROWN MICHAEL S & MICHELLE N","a":"1221 MARYLAND","d":"RIPLEY-UNION-LEWIS LSD","t":55.02,"l":"580: Res-Custom Code","c":0}},{"type":"Feature","geometry":{"type":"Polygon","coordinates":[[[-83.768115,38.930586],[-83.768249,38.930349],[-83.768773,38.9306],[-83.768696,38.930718],[-83.768679,38.930808],[-83.76809,38.930631],[-83.768115,38.930586]]]},"properties":{"p":"16-029072.0000","o":"WILKERSON DWIGHT","a":"RUNNING BEAR","d":"EASTERN LSD (BROWN CO.)","t":80.94,"l":"500: Res-Vacant Land","c":0}},{"type":"Feature","geometry":{"type":"Polygon","coordinates":[[[-83.774704,38.931633],[-83.774146,38.931781],[-83.774045,38.931547],[-83.774632,38.931391],[-83.774704,38.931633]]]},"properties":{"p":"16-030952.0000","o":"KELLER BRIAN & PAULA","a":"WAYNOKA","d":"EASTERN LSD (BROWN CO.)","t":80.94,"l":"500: Res-Vacant Land","c":0}},{"type":"Feature","geometry":{"type":"Polygon","coordinates":[[[-83.772649,38.936464],[-83.772373,38.936557],[-83.772373,38.93595],[-83.77265,38.93595],[-83.772649,38.936464]]]},"properties":{"p":"16-031480.0000","o":"BUCKNER BRADLEY M & RHONDA L","a":"* NOT ON FILE *","d":"EASTERN LSD (BROWN CO.)","t":80.94,"l":"500: Res-Vacant Land","c":0}},{"type":"Feature","geometry":{"type":"Polygon","coordinates":[[[-83.759508,38.953242],[-83.759099,38.953309],[-83.75889,38.953277],[-83.758969,38.952603],[-83.75968,38.953082],[-83.759602,38.953099],[-83.759545,38.953134],[-83.759512,38.953185],[-83.759508,38.953242]]]},"properties":{"p":"16-035460.0000","o":"SCHWARBER ISAIAH & SHAUNA","a":"ITAWAMBA COVE","d":"EASTERN LSD (BROWN CO.)","t":75.27,"l":"500: Res-Vacant Land","c":0}},{"type":"Feature","geometry":{"type":"Polygon","coordinates":[[[-83.758882,38.953344],[-83.75889,38.953277],[-83.759099,38.953309],[-83.758882,38.953344]]]},"properties":{"p":"16-035460.0000","o":"SCHWARBER ISAIAH & SHAUNA","a":"ITAWAMBA COVE","d":"EASTERN LSD (BROWN CO.)","t":75.27,"l":"500: Res-Vacant Land","c":0}},{"type":"Feature","geometry":{"type":"Polygon","coordinates":[[[-83.776812,38.947272],[-83.776458,38.947385],[-83.7762,38.94689],[-83.776562,38.946776],[-83.776668,38.946793],[-83.776713,38.946849],[-83.776812,38.947272]]]},"properties":{"p":"16-036184.0000","o":"BUCK DONALD K","a":"BLACK HAWK & RAWHIDE DR","d":"EASTERN LSD (BROWN CO.)","t":2582.74,"l":"500: Res-Vacant Land","c":0}},{"type":"Feature","geometry":{"type":"Polygon","coordinates":[[[-83.974507,39.19598],[-83.974485,39.196163],[-83.973886,39.196119],[-83.973908,39.195935],[-83.974507,39.19598]]]},"properties":{"p":"23-046636.0000","o":"COLLINS TIMOTHY C","a":"ODENWALD","d":"FAYETTEVILLE-PERRY LSD","t":81.73,"l":"500: Res-Vacant Land","c":0}},{"type":"Feature","geometry":{"type":"Polygon","coordinates":[[[-83.982873,39.186242],[-83.982943,39.185723],[-83.983199,39.185737],[-83.983129,39.186259],[-83.982873,39.186242]]]},"properties":{"p":"23-048452.0000","o":"RUGENSTEIN CHAD","a":"COLOGNE","d":"FAYETTEVILLE-PERRY LSD","t":124.61,"l":"500: Res-Vacant Land","c":0}},{"type":"Feature","geometry":{"type":"Polygon","coordinates":[[[-83.962682,39.17794],[-83.961865,39.17789],[-83.961892,39.177672],[-83.962709,39.177719],[-83.962682,39.17794]]]},"properties":{"p":"23-048808.0000","o":"BEERS ANDREW D","a":"ODER","d":"FAYETTEVILLE-PERRY LSD","t":91.37,"l":"500: Res-Vacant Land","c":0}},{"type":"Feature","geometry":{"type":"Polygon","coordinates":[[[-83.973252,39.194279],[-83.973017,39.194144],[-83.973416,39.193727],[-83.973692,39.193855],[-83.973252,39.194279]]]},"properties":{"p":"23-048964.0000","o":"COLLINS TIMOTHY","a":"HESSE","d":"FAYETTEVILLE-PERRY LSD","t":81.73,"l":"500: Res-Vacant Land","c":0}},{"type":"Feature","geometry":{"type":"Polygon","coordinates":[[[-83.97326,39.194358],[-83.973272,39.19429],[-83.973252,39.194279],[-83.973692,39.193855],[-83.973829,39.19392],[-83.973877,39.193967],[-83.973894,39.194036],[-83.973849,39.194406],[-83.97326,39.194358]]]},"properties":{"p":"23-048968.0000","o":"COLLINS TIMOTHY","a":"HESSE","d":"FAYETTEVILLE-PERRY LSD","t":81.73,"l":"500: Res-Vacant Land","c":0}},{"type":"Feature","geometry":{"type":"Polygon","coordinates":[[[-83.970104,39.202427],[-83.970856,39.202464],[-83.970836,39.202666],[-83.970082,39.20263],[-83.970104,39.202427]]]},"properties":{"p":"23-049372.0000","o":"ISON SEAN","a":"HALLIE DRIVE","d":"FAYETTEVILLE-PERRY LSD","t":112.15,"l":"500: Res-Vacant Land","c":0}},{"type":"Feature","geometry":{"type":"Polygon","coordinates":[[[-83.912901,38.863099],[-83.912757,38.862801],[-83.912933,38.862686],[-83.913287,38.863411],[-83.913085,38.863477],[-83.912901,38.863099]]]},"properties":{"p":"33-064788.0000","o":"WILMOTH KEVIN & TRICIA","a":"WHITE OAK","d":"GEORGETOWN EVSD","t":68.72,"l":"500: Res-Vacant Land","c":0}},{"type":"Feature","geometry":{"type":"Polygon","coordinates":[[[-84.004593,39.080377],[-84.003745,39.080203],[-84.003767,39.080137],[-84.004615,39.08031],[-84.004593,39.080377]]]},"properties":{"p":"37-071332.0102","o":"LAWSON CRYSTAL G","a":"1564 FRIENDLY LANE","d":"WESTERN BROWN LSD","t":107.46,"l":"500: Res-Vacant Land","c":0}},{"type":"Feature","geometry":{"type":"Polygon","coordinates":[[[-83.849821,38.758795],[-83.849797,38.75896],[-83.847529,38.758415],[-83.847645,38.758273],[-83.849821,38.758795]]]},"properties":{"p":"39-073928.0000","o":"ROTHERT ZACHERY R","a":"OLD US 52","d":"RIPLEY-UNION-LEWIS LSD","t":126.26,"l":"500: Res-Vacant Land","c":0}},{"type":"Feature","geometry":{"type":"Polygon","coordinates":[[[-83.801822,39.009907],[-83.801801,39.00984],[-83.802187,39.00968],[-83.802206,39.009748],[-83.801822,39.009907]]]},"properties":{"p":"43-085160.0000","o":"1ST FIDELITY LOAN SERVICING LLC","a":"THOMPSON","d":"EASTERN LSD (BROWN CO.)","t":98.91,"l":"500: Res-Vacant Land","c":0}},{"type":"Feature","geometry":{"type":"Polygon","coordinates":[[[-83.798189,39.003911],[-83.798728,39.004195],[-83.798708,39.004221],[-83.798054,39.004067],[-83.798189,39.003911]]]},"properties":{"p":"43-084964.0000","o":"VINCENT GARY JR & MALOTT MARCI","a":"101 MAE","d":"EASTERN LSD (BROWN CO.)","t":68.83,"l":"500: Res-Vacant Land","c":0}},{"type":"Feature","geometry":{"type":"Polygon","coordinates":[[[-83.845225,38.746263],[-83.845219,38.746252],[-83.84538,38.746196],[-83.845439,38.746292],[-83.845278,38.746351],[-83.845225,38.746263]]]},"properties":{"p":"41-080976.0000","o":"SAHAKYAN ARUSYAK","a":"N 2ND","d":"RIPLEY-UNION-LEWIS LSD","t":93.55,"l":"499: Com-Other","c":0}},{"type":"Feature","geometry":{"type":"Polygon","coordinates":[[[-83.829751,38.751153],[-83.830135,38.751553],[-83.829931,38.751661],[-83.829552,38.751266],[-83.829751,38.751153]]]},"properties":{"p":"41-080904.0000","o":"CULBREATH GEORGE ETAL","a":"625 MAIN","d":"RIPLEY-UNION-LEWIS LSD","t":87.04,"l":"510: Res-Single Family","c":0}},{"type":"Feature","geometry":{"type":"Polygon","coordinates":[[[-83.846513,38.749397],[-83.846452,38.749289],[-83.846651,38.74922],[-83.846712,38.749328],[-83.846513,38.749397]]]},"properties":{"p":"41-080100.0000","o":"HAMM DAVID WAYNE","a":"9 CHURCH ALLEY","d":"RIPLEY-UNION-LEWIS LSD","t":115.89,"l":"500: Res-Vacant Land","c":0}},{"type":"Feature","geometry":{"type":"Polygon","coordinates":[[[-83.79145,38.79682],[-83.789817,38.796587],[-83.78927,38.796426],[-83.78827,38.796416],[-83.788471,38.794792],[-83.788827,38.794783],[-83.789488,38.79483],[-83.789766,38.795045],[-83.790446,38.795332],[-83.790945,38.795577],[-83.791537,38.795602],[-83.79145,38.79682]]]},"properties":{"p":"39-075944.0000","o":"CAHALL REBECCA","a":"7701 HARTMAN","d":"RIPLEY-UNION-LEWIS LSD","t":62.94,"l":"111: Agr-CAUV-Cash-Grain Farm","c":0}},{"type":"Feature","geometry":{"type":"Polygon","coordinates":[[[-83.822637,38.76209],[-83.824332,38.761312],[-83.824185,38.761086],[-83.826154,38.760195],[-83.826593,38.759967],[-83.826993,38.759699],[-83.827258,38.75947],[-83.82749,38.759219],[-83.827663,38.758988],[-83.827841,38.758673],[-83.828242,38.75885],[-83.828643,38.759051],[-83.828504,38.759272],[-83.828068,38.759689],[-83.827888,38.759929],[-83.826563,38.760507],[-83.826176,38.760998],[-83.824559,38.761788],[-83.824258,38.761346],[-83.822637,38.76209]]]},"properties":{"p":"39-075164.0100","o":"PERRY VICTORIA","a":"4376 RIPLEY RD","d":"RIPLEY-UNION-LEWIS LSD","t":119.94,"l":"580: Res-Custom Code","c":0}},{"type":"Feature","geometry":{"type":"Polygon","coordinates":[[[-83.808614,38.711557],[-83.809118,38.71178],[-83.808533,38.71255],[-83.808233,38.712407],[-83.808614,38.711557]]]},"properties":{"p":"39-075148.0014","o":"POE RAY ANTHONY ETAL","a":"CAMPBELL","d":"RIPLEY-UNION-LEWIS LSD","t":79.19,"l":"500: Res-Vacant Land","c":0}},{"type":"Feature","geometry":{"type":"Polygon","coordinates":[[[-83.875356,38.763832],[-83.875266,38.76398],[-83.874664,38.763756],[-83.874723,38.763659],[-83.875356,38.763832]]]},"properties":{"p":"39-075060.0103","o":"PICKLESIMER KYME & LARRY","a":"US 52","d":"RIPLEY-UNION-LEWIS LSD","t":103.44,"l":"500: Res-Vacant Land","c":0}},{"type":"Feature","geometry":{"type":"Polygon","coordinates":[[[-83.796391,38.719663],[-83.795646,38.71901],[-83.795912,38.718831],[-83.796652,38.71948],[-83.796391,38.719663]]]},"properties":{"p":"39-074928.0139","o":"WASHBURN BRIAN JAMES & SHANNA L","a":"EAGLE COVE","d":"RIPLEY-UNION-LEWIS LSD","t":81.32,"l":"599: Res-Other","c":0}},{"type":"Feature","geometry":{"type":"Polygon","coordinates":[[[-83.907225,38.785461],[-83.907512,38.785301],[-83.907669,38.785451],[-83.907388,38.785616],[-83.907225,38.785461]]]},"properties":{"p":"39-074740.0000","o":"STRAIGHT CREEK BUSHMAN LLC","a":"OLD A & P","d":"RIPLEY-UNION-LEWIS LSD","t":126.01,"l":"500: Res-Vacant Land","c":0}},{"type":"Feature","geometry":{"type":"Polygon","coordinates":[[[-83.907225,38.785461],[-83.905893,38.784196],[-83.906151,38.78401],[-83.907512,38.785301],[-83.907225,38.785461]]]},"properties":{"p":"39-074740.0000","o":"STRAIGHT CREEK BUSHMAN LLC","a":"OLD A & P","d":"RIPLEY-UNION-LEWIS LSD","t":126.01,"l":"500: Res-Vacant Land","c":0}},{"type":"Feature","geometry":{"type":"Polygon","coordinates":[[[-83.830334,38.75589],[-83.829363,38.756203],[-83.829244,38.755774],[-83.83013,38.755574],[-83.830334,38.75589]]]},"properties":{"p":"39-074260.0000","o":"LIGHTNER KYLE & TRAPP ELAINE","a":"RIPLEY","d":"RIPLEY-UNION-LEWIS LSD","t":87.92,"l":"599: Res-Other","c":0}},{"type":"Feature","geometry":{"type":"Polygon","coordinates":[[[-83.902868,38.770705],[-83.903399,38.768648],[-83.903742,38.768706],[-83.903196,38.770819],[-83.902868,38.770705]]]},"properties":{"p":"39-073852.0000","o":"IDEAS CREATED LLC","a":"US 52","d":"RIPLEY-UNION-LEWIS LSD","t":49.8,"l":"500: Res-Vacant Land","c":0}},{"type":"Feature","geometry":{"type":"Polygon","coordinates":[[[-83.903523,38.770935],[-83.903196,38.770819],[-83.903742,38.768706],[-83.904085,38.768765],[-83.903523,38.770935]]]},"properties":{"p":"39-073848.0000","o":"IDEAS CREATED LLC","a":"US 52","d":"RIPLEY-UNION-LEWIS LSD","t":51.04,"l":"500: Res-Vacant Land","c":0}},{"type":"Feature","geometry":{"type":"Polygon","coordinates":[[[-83.903523,38.770935],[-83.904085,38.768765],[-83.904427,38.768823],[-83.903833,38.77112],[-83.903661,38.770983],[-83.903523,38.770935]]]},"properties":{"p":"39-073844.0000","o":"IDEAS CREATED LLC","a":"US 52","d":"RIPLEY-UNION-LEWIS LSD","t":52.78,"l":"500: Res-Vacant Land","c":0}},{"type":"Feature","geometry":{"type":"Polygon","coordinates":[[[-83.874786,38.763938],[-83.874493,38.764422],[-83.874301,38.76435],[-83.874596,38.763867],[-83.874786,38.763938]]]},"properties":{"p":"39-073368.0000","o":"PICKLESIMER KYME & LARRY","a":"US 52","d":"RIPLEY-UNION-LEWIS LSD","t":58.56,"l":"500: Res-Vacant Land","c":0}},{"type":"Feature","geometry":{"type":"Polygon","coordinates":[[[-83.875158,38.764076],[-83.874864,38.76456],[-83.874699,38.764498],[-83.874992,38.764015],[-83.875158,38.764076]]]},"properties":{"p":"39-073360.0000","o":"PICKLESIMER KYME & LARRY","a":"US 52","d":"RIPLEY-UNION-LEWIS LSD","t":51.9,"l":"500: Res-Vacant Land","c":0}},{"type":"Feature","geometry":{"type":"Polygon","coordinates":[[[-84.000735,39.091251],[-84.001098,39.091338],[-84.000928,39.091559],[-84.000312,39.091416],[-84.000815,39.090066],[-84.000854,39.090079],[-84.000426,39.091178],[-84.000735,39.091251]]]},"properties":{"p":"37-073104.0108","o":"RICHEY JOHN A JR","a":"CROSSTOWN","d":"WESTERN BROWN LSD","t":129.03,"l":"500: Res-Vacant Land","c":0}},{"type":"Feature","geometry":{"type":"Polygon","coordinates":[[[-84.003233,39.088579],[-84.003376,39.088309],[-84.003818,39.088453],[-84.003675,39.088723],[-84.003233,39.088579]]]},"properties":{"p":"37-073100.1600","o":"MARTIN JOHN SCOTT","a":"16322 JEFF","d":"WESTERN BROWN LSD","t":52.72,"l":"500: Res-Vacant Land","c":0}},{"type":"Feature","geometry":{"type":"Polygon","coordinates":[[[-84.001462,39.120442],[-84.001345,39.12072],[-84.001347,39.120759],[-84.001472,39.120919],[-84.00149,39.121427],[-84.001281,39.121547],[-84.00158,39.121728],[-84.001429,39.122113],[-84.000906,39.121989],[-84.000988,39.121811],[-84.001056,39.121827],[-84.001136,39.121589],[-84.001217,39.121498],[-84.0014,39.121393],[-84.001384,39.120939],[-84.00126,39.12078],[-84.001256,39.12071],[-84.001375,39.120432],[-84.001462,39.120442]]]},"properties":{"p":"37-072444.0500","o":"CHRISTIE DAVID R","a":"1649 STEWART HARBOUGH","d":"WESTERN BROWN LSD","t":127.17,"l":"580: Res-Custom Code","c":0}},{"type":"Feature","geometry":{"type":"Polygon","coordinates":[[[-83.994117,39.085876],[-83.992902,39.085241],[-83.994384,39.084162],[-83.995184,39.084666],[-83.994117,39.085876]]]},"properties":{"p":"37-071384.0209","o":"TUCKER CONNIE S","a":"CROSSTOWN","d":"WESTERN BROWN LSD","t":64.72,"l":"500: Res-Vacant Land","c":0}},{"type":"Feature","geometry":{"type":"Polygon","coordinates":[[[-84.003902,39.079738],[-84.00475,39.079912],[-84.004615,39.08031],[-84.003767,39.080137],[-84.003902,39.079738]]]},"properties":{"p":"37-071332.0102","o":"LAWSON CRYSTAL G","a":"1564 FRIENDLY LANE","d":"WESTERN BROWN LSD","t":107.46,"l":"500: Res-Vacant Land","c":0}},{"type":"Feature","geometry":{"type":"Polygon","coordinates":[[[-83.958265,39.050906],[-83.954635,39.050069],[-83.953444,39.049828],[-83.953484,39.049717],[-83.955003,39.050067],[-83.958265,39.050906]]]},"properties":{"p":"37-071108.0103","o":"STATE OF OHIO DEPARTMENT OF TRANSPORTATION","a":"ST RT 32","d":"WESTERN BROWN LSD","t":82.59,"l":"100: Agr-Vacant Land","c":0}},{"type":"Feature","geometry":{"type":"Polygon","coordinates":[[[-83.978367,39.088018],[-83.978529,39.087116],[-83.979685,39.087258],[-83.979623,39.088152],[-83.979591,39.088347],[-83.979373,39.088372],[-83.979181,39.088199],[-83.978502,39.088231],[-83.978349,39.088116],[-83.978367,39.088018]]]},"properties":{"p":"37-071084.0400","o":"LONG MABEL","a":"2397 GREENBUSH WEST","d":"WESTERN BROWN LSD","t":67.43,"l":"510: Res-Single Family","c":0}},{"type":"Feature","geometry":{"type":"Polygon","coordinates":[[[-83.898258,38.870708],[-83.898274,38.870544],[-83.898722,38.87059],[-83.898706,38.870754],[-83.898258,38.870708]]]},"properties":{"p":"33-066184.0000","o":"FELDER LAURA ETAL","a":"ELM","d":"GEORGETOWN EVSD","t":52.09,"l":"500: Res-Vacant Land","c":0}},{"type":"Feature","geometry":{"type":"Polygon","coordinates":[[[-83.904522,38.873008],[-83.904437,38.873001],[-83.904459,38.87282],[-83.905236,38.872878],[-83.905215,38.873058],[-83.904522,38.873008]]]},"properties":{"p":"33-065808.0000","o":"POE RAY A & VANESSA","a":"PLEASANT","d":"GEORGETOWN EVSD","t":84.45,"l":"599: Res-Other","c":0}},{"type":"Feature","geometry":{"type":"Polygon","coordinates":[[[-83.89876,38.880433],[-83.898774,38.880365],[-83.899467,38.880457],[-83.899452,38.880525],[-83.89876,38.880433]]]},"properties":{"p":"33-063764.0000","o":"RALSTON MIKE","a":"WAHL STREET","d":"GEORGETOWN EVSD","t":73.54,"l":"500: Res-Vacant Land","c":0}},{"type":"Feature","geometry":{"type":"Polygon","coordinates":[[[-83.899423,38.88066],[-83.89873,38.880568],[-83.898745,38.880501],[-83.899437,38.880592],[-83.899423,38.88066]]]},"properties":{"p":"33-063756.0000","o":"RALSTON MIKE","a":"WAHL STREET","d":"GEORGETOWN EVSD","t":73.54,"l":"500: Res-Vacant Land","c":0}},{"type":"Feature","geometry":{"type":"Polygon","coordinates":[[[-83.899423,38.88066],[-83.899415,38.880694],[-83.898723,38.880602],[-83.89873,38.880568],[-83.899423,38.88066]]]},"properties":{"p":"33-063752.0000","o":"RALSTON MIKE","a":"WAHL ST","d":"GEORGETOWN EVSD","t":59.11,"l":"500: Res-Vacant Land","c":0}},{"type":"Feature","geometry":{"type":"Polygon","coordinates":[[[-83.898716,38.880636],[-83.898723,38.880602],[-83.899415,38.880694],[-83.899408,38.880728],[-83.898716,38.880636]]]},"properties":{"p":"33-063752.0000","o":"RALSTON MIKE","a":"WAHL ST","d":"GEORGETOWN EVSD","t":59.11,"l":"500: Res-Vacant Land","c":0}},{"type":"Feature","geometry":{"type":"Polygon","coordinates":[[[-83.892437,38.861666],[-83.892443,38.861534],[-83.893112,38.861644],[-83.893105,38.861786],[-83.892437,38.861666]]]},"properties":{"p":"31-060536.0000","o":"GREEN PROPERTY INVESTMENTS LLC","a":"45 LAKE ST","d":"GEORGETOWN EVSD","t":107.26,"l":"510: Res-Single Family","c":0}},{"type":"Feature","geometry":{"type":"Polygon","coordinates":[[[-83.916946,39.231945],[-83.916078,39.231446],[-83.916344,39.23137],[-83.916529,39.230008],[-83.917443,39.230067],[-83.917544,39.229195],[-83.919164,39.228585],[-83.919299,39.228801],[-83.920478,39.230254],[-83.922306,39.230376],[-83.921712,39.231183],[-83.921316,39.231641],[-83.920702,39.231322],[-83.919646,39.232307],[-83.920349,39.232649],[-83.920297,39.232777],[-83.920276,39.232885],[-83.92016,39.23379],[-83.919286,39.233302],[-83.916946,39.231945]]]},"properties":{"p":"23-051116.0000","o":"HOLT KEITH C & DEBORAH L","a":"4032 ST RT 123","d":"FAYETTEVILLE-PERRY LSD","t":77.33,"l":"111: Agr-CAUV-Cash-Grain Farm","c":0}},{"type":"Feature","geometry":{"type":"Polygon","coordinates":[[[-83.893554,39.190614],[-83.893932,39.190565],[-83.89382,39.191652],[-83.893376,39.191712],[-83.893554,39.190614]]]},"properties":{"p":"23-051080.0000","o":"WOODS ORRIE C","a":"4694 US 50","d":"FAYETTEVILLE-PERRY LSD","t":127.84,"l":"580: Res-Custom Code","c":0}},{"type":"Feature","geometry":{"type":"Polygon","coordinates":[[[-83.972868,39.197139],[-83.972896,39.196909],[-83.973539,39.196956],[-83.973512,39.197186],[-83.972868,39.197139]]]},"properties":{"p":"23-048996.0000","o":"DAVIS TANASHA","a":"ODENWALD","d":"FAYETTEVILLE-PERRY LSD","t":51.63,"l":"500: Res-Vacant Land","c":0}},{"type":"Feature","geometry":{"type":"Polygon","coordinates":[[[-83.973717,39.197552],[-83.974313,39.197601],[-83.974287,39.197813],[-83.973691,39.197766],[-83.973717,39.197552]]]},"properties":{"p":"23-048944.0000","o":"COLEMAN KELVIN J SR","a":"ODENWALD","d":"FAYETTEVILLE-PERRY LSD","t":112.15,"l":"500: Res-Vacant Land","c":0}},{"type":"Feature","geometry":{"type":"Polygon","coordinates":[[[-83.961919,39.177447],[-83.961947,39.177233],[-83.962757,39.177324],[-83.962731,39.177536],[-83.961919,39.177447]]]},"properties":{"p":"23-048812.0000","o":"BEERS ANDREW D","a":"ODER","d":"FAYETTEVILLE-PERRY LSD","t":91.37,"l":"500: Res-Vacant Land","c":0}},{"type":"Feature","geometry":{"type":"Polygon","coordinates":[[[-83.980351,39.182069],[-83.980594,39.182094],[-83.980484,39.182724],[-83.980233,39.182701],[-83.980351,39.182069]]]},"properties":{"p":"23-048280.0000","o":"MOORE DENISE","a":"DORTMUND","d":"FAYETTEVILLE-PERRY LSD","t":81.73,"l":"500: Res-Vacant Land","c":0}},{"type":"Feature","geometry":{"type":"Polygon","coordinates":[[[-83.962659,39.178132],[-83.962633,39.178353],[-83.961816,39.17828],[-83.96184,39.178086],[-83.962659,39.178132]]]},"properties":{"p":"23-047988.0000","o":"BEERS ANDREW D","a":"ODER","d":"FAYETTEVILLE-PERRY LSD","t":91.37,"l":"500: Res-Vacant Land","c":0}},{"type":"Feature","geometry":{"type":"Polygon","coordinates":[[[-83.96261,39.17856],[-83.962586,39.178775],[-83.961764,39.178708],[-83.961791,39.178488],[-83.96261,39.17856]]]},"properties":{"p":"23-047984.0000","o":"BEERS ANDREW D","a":"ODER","d":"FAYETTEVILLE-PERRY LSD","t":91.37,"l":"500: Res-Vacant Land","c":0}},{"type":"Feature","geometry":{"type":"Polygon","coordinates":[[[-83.962239,39.182073],[-83.9614,39.181998],[-83.961418,39.181789],[-83.962257,39.181865],[-83.962239,39.182073]]]},"properties":{"p":"23-047952.0000","o":"DUNAWAY PAUL & DANA","a":"ODER","d":"FAYETTEVILLE-PERRY LSD","t":58.66,"l":"500: Res-Vacant Land","c":0}},{"type":"Feature","geometry":{"type":"Polygon","coordinates":[[[-83.975921,39.187556],[-83.976166,39.187557],[-83.976271,39.187594],[-83.976334,39.187662],[-83.976407,39.187864],[-83.975943,39.188004],[-83.975921,39.187556]]]},"properties":{"p":"23-047520.0000","o":"RUGENSTEIN CHAD","a":"379 DUSSELDORF","d":"FAYETTEVILLE-PERRY LSD","t":123.38,"l":"500: Res-Vacant Land","c":0}},{"type":"Feature","geometry":{"type":"Polygon","coordinates":[[[-83.962294,39.181448],[-83.962275,39.181662],[-83.961439,39.181587],[-83.961459,39.18138],[-83.962294,39.181448]]]},"properties":{"p":"23-046932.0000","o":"HOUSE GARY LEE ETAL","a":"ODER","d":"FAYETTEVILLE-PERRY LSD","t":123.64,"l":"500: Res-Vacant Land","c":0}},{"type":"Feature","geometry":{"type":"Polygon","coordinates":[[[-83.980747,39.185442],[-83.980217,39.185335],[-83.980273,39.185185],[-83.980319,39.185128],[-83.980418,39.185082],[-83.980526,39.185082],[-83.980906,39.185252],[-83.980747,39.185442]]]},"properties":{"p":"23-046848.0000","o":"KASSNER ARIC L & BRITNEY M","a":"ESSEN","d":"FAYETTEVILLE-PERRY LSD","t":81.73,"l":"500: Res-Vacant Land","c":0}},{"type":"Feature","geometry":{"type":"Polygon","coordinates":[[[-83.97427,39.192881],[-83.974286,39.192759],[-83.974265,39.192664],[-83.974898,39.192711],[-83.974872,39.192929],[-83.97427,39.192881]]]},"properties":{"p":"23-046560.0000","o":"COLLINS TIM","a":"ODENWALD","d":"FAYETTEVILLE-PERRY LSD","t":81.73,"l":"500: Res-Vacant Land","c":0}},{"type":"Feature","geometry":{"type":"Polygon","coordinates":[[[-83.961892,39.177672],[-83.961919,39.177447],[-83.962731,39.177536],[-83.962709,39.177719],[-83.961892,39.177672]]]},"properties":{"p":"23-045880.0000","o":"BEERS ANDREW D","a":"ODER","d":"FAYETTEVILLE-PERRY LSD","t":91.37,"l":"500: Res-Vacant Land","c":0}},{"type":"Feature","geometry":{"type":"Polygon","coordinates":[[[-83.973664,39.197997],[-83.973691,39.197766],[-83.974287,39.197813],[-83.97426,39.198045],[-83.973664,39.197997]]]},"properties":{"p":"23-045316.0000","o":"COLEMAN KELVIN J SR","a":"ODENWALD","d":"FAYETTEVILLE-PERRY LSD","t":112.15,"l":"500: Res-Vacant Land","c":0}},{"type":"Feature","geometry":{"type":"Polygon","coordinates":[[[-83.979275,39.183277],[-83.979129,39.183242],[-83.979214,39.182737],[-83.979364,39.18275],[-83.979275,39.183277]]]},"properties":{"p":"23-044956.0000","o":"HUGHES BARRY BRANDON & ERIN E TARVIN","a":"DORTMUND","d":"FAYETTEVILLE-PERRY LSD","t":64.64,"l":"500: Res-Vacant Land","c":0}},{"type":"Feature","geometry":{"type":"Polygon","coordinates":[[[-83.975814,39.189541],[-83.975873,39.189847],[-83.975246,39.189808],[-83.975209,39.189614],[-83.975814,39.189541]]]},"properties":{"p":"23-044844.0000","o":"MORRIS JAMES M","a":"524 HANOVER","d":"FAYETTEVILLE-PERRY LSD","t":83,"l":"500: Res-Vacant Land","c":0}},{"type":"Feature","geometry":{"type":"Polygon","coordinates":[[[-83.974265,39.192664],[-83.974239,39.192537],[-83.974287,39.19247],[-83.974921,39.192518],[-83.974898,39.192711],[-83.974265,39.192664]]]},"properties":{"p":"23-044720.0000","o":"COLLINS TIMOTHY C","a":"ODENWALD","d":"FAYETTEVILLE-PERRY LSD","t":81.73,"l":"500: Res-Vacant Land","c":0}},{"type":"Feature","geometry":{"type":"Polygon","coordinates":[[[-83.973216,39.194619],[-83.97326,39.194358],[-83.973849,39.194406],[-83.973816,39.194668],[-83.973216,39.194619]]]},"properties":{"p":"23-044580.0000","o":"COLLINS TIMOTHY","a":"HESSE","d":"FAYETTEVILLE-PERRY LSD","t":81.73,"l":"500: Res-Vacant Land","c":0}},{"type":"Feature","geometry":{"type":"Polygon","coordinates":[[[-83.971575,39.199813],[-83.970912,39.199735],[-83.970947,39.199538],[-83.971596,39.199608],[-83.971575,39.199813]]]},"properties":{"p":"23-044472.0000","o":"MCINTYRE STEVE & MEGAN SPENCER","a":"896 HALLE","d":"FAYETTEVILLE-PERRY LSD","t":81.73,"l":"500: Res-Vacant Land","c":0}},{"type":"Feature","geometry":{"type":"Polygon","coordinates":[[[-83.962585,39.180997],[-83.962608,39.180788],[-83.963264,39.18084],[-83.963241,39.181053],[-83.962585,39.180997]]]},"properties":{"p":"23-044268.0000","o":"PFALZER WILLIAM E & NANCY E","a":"ODER","d":"FAYETTEVILLE-PERRY LSD","t":101.96,"l":"500: Res-Vacant Land","c":0}},{"type":"Feature","geometry":{"type":"Polygon","coordinates":[[[-83.973934,39.195729],[-83.973958,39.195535],[-83.974557,39.195564],[-83.974531,39.195775],[-83.973934,39.195729]]]},"properties":{"p":"23-044232.0000","o":"COLLINS TIMOTHY C","a":"ODENWALD","d":"FAYETTEVILLE-PERRY LSD","t":81.73,"l":"500: Res-Vacant Land","c":0}},{"type":"Feature","geometry":{"type":"Polygon","coordinates":[[[-83.96261,39.17856],[-83.961791,39.178488],[-83.961816,39.17828],[-83.962633,39.178353],[-83.96261,39.17856]]]},"properties":{"p":"23-044212.0000","o":"BEERS ANDREW D","a":"ODER","d":"FAYETTEVILLE-PERRY LSD","t":91.37,"l":"500: Res-Vacant Land","c":0}},{"type":"Feature","geometry":{"type":"Polygon","coordinates":[[[-83.973861,39.196329],[-83.973886,39.196119],[-83.974485,39.196163],[-83.97446,39.196371],[-83.973861,39.196329]]]},"properties":{"p":"23-044148.0000","o":"BALLMAN MATTHEW","a":"ODENWALD","d":"FAYETTEVILLE-PERRY LSD","t":81.73,"l":"500: Res-Vacant Land","c":0}},{"type":"Feature","geometry":{"type":"Polygon","coordinates":[[[-83.970044,38.789424],[-83.970333,38.789431],[-83.970329,38.789544],[-83.97004,38.789538],[-83.970044,38.789424]]]},"properties":{"p":"22-042652.0000","o":"GROSS CLEATOUS JR & KAYLA","a":"OLIVE","d":"RIPLEY-UNION-LEWIS LSD","t":51.22,"l":"599: Res-Other","c":0}},{"type":"Feature","geometry":{"type":"Polygon","coordinates":[[[-83.965244,38.790836],[-83.965252,38.790609],[-83.965397,38.790613],[-83.96538,38.791065],[-83.965236,38.791062],[-83.965244,38.790836]]]},"properties":{"p":"22-041980.0000","o":"FLAUGHER BILLY","a":"GAINES","d":"RIPLEY-UNION-LEWIS LSD","t":69.27,"l":"500: Res-Vacant Land","c":0}},{"type":"Feature","geometry":{"type":"Polygon","coordinates":[[[-83.96861,38.790639],[-83.968465,38.790636],[-83.968482,38.790183],[-83.968626,38.790186],[-83.96861,38.790639]]]},"properties":{"p":"22-041972.0000","o":"FENT TOD","a":"COLUMBIA","d":"RIPLEY-UNION-LEWIS LSD","t":95.36,"l":"500: Res-Vacant Land","c":0}},{"type":"Feature","geometry":{"type":"Polygon","coordinates":[[[-83.971624,38.790567],[-83.971636,38.790242],[-83.971754,38.790243],[-83.971737,38.790542],[-83.971624,38.790567]]]},"properties":{"p":"22-041936.0000","o":"BROWN ELIZABETH","a":"COLUMBIA","d":"RIPLEY-UNION-LEWIS LSD","t":71.94,"l":"510: Res-Single Family","c":0}},{"type":"Feature","geometry":{"type":"Polygon","coordinates":[[[-84.042175,38.809573],[-84.042165,38.809267],[-84.04218,38.809213],[-84.043296,38.809825],[-84.043179,38.810083],[-84.043218,38.810177],[-84.041928,38.810015],[-84.041754,38.809974],[-84.041956,38.809913],[-84.042115,38.809789],[-84.042177,38.809634],[-84.042175,38.809573]]]},"properties":{"p":"20-040568.0108","o":"MORGAN WILLIAM & FARRELL","a":"307 DUNBAR","d":"RIPLEY-UNION-LEWIS LSD","t":117.44,"l":"580: Res-Custom Code","c":0}},{"type":"Feature","geometry":{"type":"Polygon","coordinates":[[[-83.997596,38.879283],[-83.99749,38.879401],[-83.996751,38.878745],[-83.997052,38.878526],[-83.997133,38.878602],[-83.997278,38.878513],[-83.99784,38.879046],[-83.997596,38.879283]]]},"properties":{"p":"19-039764.0000","o":"DOUGHTY CAROLYN R","a":"ST RT 505","d":"WESTERN BROWN LSD","t":71.17,"l":"500: Res-Vacant Land","c":0}},{"type":"Feature","geometry":{"type":"Polygon","coordinates":[[[-83.78917,38.86834],[-83.789423,38.868353],[-83.789419,38.868394],[-83.788997,38.868373],[-83.789002,38.868332],[-83.78917,38.86834]]]},"properties":{"p":"18-039124.0000","o":"SAMS DAVID","a":"NORTH ST (REAR)","d":"EASTERN LSD (BROWN CO.)","t":113.17,"l":"500: Res-Vacant Land","c":0}},{"type":"Feature","geometry":{"type":"Polygon","coordinates":[[[-83.787583,38.872676],[-83.788068,38.872738],[-83.788054,38.872805],[-83.787569,38.872744],[-83.787583,38.872676]]]},"properties":{"p":"18-037068.0000","o":"ROCKEY TERRY & ANGELA","a":"MIDDLE","d":"EASTERN LSD (BROWN CO.)","t":114.83,"l":"500: Res-Vacant Land","c":0}},{"type":"Feature","geometry":{"type":"Polygon","coordinates":[[[-83.787583,38.872676],[-83.787597,38.872609],[-83.788082,38.87267],[-83.788068,38.872738],[-83.787583,38.872676]]]},"properties":{"p":"18-037064.0000","o":"ROCKEY TERRY & ANGELA","a":"MIDDLE","d":"EASTERN LSD (BROWN CO.)","t":114.83,"l":"500: Res-Vacant Land","c":0}},{"type":"Feature","geometry":{"type":"Polygon","coordinates":[[[-83.787611,38.872541],[-83.787625,38.872473],[-83.78811,38.872534],[-83.788096,38.872602],[-83.787611,38.872541]]]},"properties":{"p":"18-037056.0000","o":"ROCKEY TERRY & ANGELA","a":"MIDDLE","d":"EASTERN LSD (BROWN CO.)","t":114.83,"l":"500: Res-Vacant Land","c":0}},{"type":"Feature","geometry":{"type":"Polygon","coordinates":[[[-83.76334,38.951805],[-83.763636,38.952356],[-83.76343,38.952435],[-83.763096,38.951896],[-83.76334,38.951805]]]},"properties":{"p":"16-035512.0000","o":"PITTS SHEILA M","a":"ITAWAMBA","d":"EASTERN LSD (BROWN CO.)","t":80.94,"l":"500: Res-Vacant Land","c":0}},{"type":"Feature","geometry":{"type":"Polygon","coordinates":[[[-83.75968,38.953082],[-83.758969,38.952603],[-83.758997,38.952355],[-83.759814,38.952909],[-83.75968,38.953082]]]},"properties":{"p":"16-035456.0000","o":"SCHWARBER ISAIAH & SHAUNA","a":"ITAWAMBA COVE","d":"EASTERN LSD (BROWN CO.)","t":80.94,"l":"500: Res-Vacant Land","c":0}},{"type":"Feature","geometry":{"type":"Polygon","coordinates":[[[-83.755046,38.94447],[-83.755501,38.943716],[-83.755756,38.943808],[-83.755373,38.944479],[-83.755046,38.94447]]]},"properties":{"p":"16-034776.0000","o":"POWERS JEFF & KAREN J","a":"WAYNOKA DR","d":"EASTERN LSD (BROWN CO.)","t":80.94,"l":"500: Res-Vacant Land","c":0}},{"type":"Feature","geometry":{"type":"Polygon","coordinates":[[[-83.771623,38.938069],[-83.771294,38.938056],[-83.771316,38.937559],[-83.771543,38.937542],[-83.771623,38.938069]]]},"properties":{"p":"16-034072.0000","o":"BELL CHRISTOPHER E","a":"STALLION","d":"EASTERN LSD (BROWN CO.)","t":80.94,"l":"500: Res-Vacant Land","c":0}},{"type":"Feature","geometry":{"type":"Polygon","coordinates":[[[-83.764114,38.940608],[-83.764816,38.940638],[-83.764802,38.940844],[-83.7641,38.940814],[-83.764114,38.940608]]]},"properties":{"p":"16-032648.0000","o":"MCDOWELL JESSE & LILLIE","a":"BRAVE","d":"EASTERN LSD (BROWN CO.)","t":80.94,"l":"500: Res-Vacant Land","c":0}},{"type":"Feature","geometry":{"type":"Polygon","coordinates":[[[-83.774691,38.930396],[-83.775529,38.930453],[-83.775473,38.930656],[-83.774663,38.930601],[-83.774691,38.930396]]]},"properties":{"p":"16-030208.0000","o":"HAYES LISA B","a":"MUSTANG","d":"EASTERN LSD (BROWN CO.)","t":96.48,"l":"500: Res-Vacant Land","c":0}},{"type":"Feature","geometry":{"type":"Polygon","coordinates":[[[-83.759281,38.93989],[-83.758659,38.939867],[-83.758676,38.939613],[-83.759298,38.93964],[-83.759281,38.93989]]]},"properties":{"p":"16-029008.0000","o":"VERMILLION SHELBY & HEATHER L","a":"OKLAHOMA","d":"EASTERN LSD (BROWN CO.)","t":115.16,"l":"500: Res-Vacant Land","c":0}},{"type":"Feature","geometry":{"type":"Polygon","coordinates":[[[-83.772463,38.945941],[-83.772062,38.946067],[-83.771843,38.945518],[-83.772003,38.945454],[-83.772463,38.945941]]]},"properties":{"p":"16-028748.0000","o":"BROWN MICHAEL PAUL & LORNA JANE JENKINS ETAL","a":"WAYNOKA DR","d":"EASTERN LSD (BROWN CO.)","t":80.94,"l":"500: Res-Vacant Land","c":0}},{"type":"Feature","geometry":{"type":"Polygon","coordinates":[[[-83.776814,38.948679],[-83.77654,38.948147],[-83.776848,38.94805],[-83.776916,38.948047],[-83.776976,38.948071],[-83.777008,38.948114],[-83.777114,38.948585],[-83.776814,38.948679]]]},"properties":{"p":"16-028220.0000","o":"BARNHART JEFFREY D ETAL","a":"SARSI & RAWHIDE DR","d":"EASTERN LSD (BROWN CO.)","t":81.32,"l":"500: Res-Vacant Land","c":0}},{"type":"Feature","geometry":{"type":"Polygon","coordinates":[[[-83.774325,38.954905],[-83.774592,38.95539],[-83.774325,38.955474],[-83.774084,38.954979],[-83.774325,38.954905]]]},"properties":{"p":"16-027656.0000","o":"MOOTISPAW DARRELL & STACEY","a":"YUMA DR","d":"EASTERN LSD (BROWN CO.)","t":48.68,"l":"500: Res-Vacant Land","c":0}},{"type":"Feature","geometry":{"type":"Polygon","coordinates":[[[-83.771757,38.952937],[-83.771984,38.953715],[-83.770776,38.953911],[-83.770353,38.953157],[-83.771757,38.952937]]]},"properties":{"p":"16-026996.0500","o":"BREAKIRON GAIL & GREG CHRISTMAN","a":"POOL KUNTZ","d":"EASTERN LSD (BROWN CO.)","t":120.66,"l":"500: Res-Vacant Land","c":0}},{"type":"Feature","geometry":{"type":"Polygon","coordinates":[[[-83.757213,38.908082],[-83.757084,38.907872],[-83.757802,38.907266],[-83.758028,38.907428],[-83.757213,38.908082]]]},"properties":{"p":"16-026264.0100","o":"HYDEN TERESA","a":"8585 ASHRIDGE WINCHESTER","d":"EASTERN LSD (BROWN CO.)","t":87.6,"l":"500: Res-Vacant Land","c":0}},{"type":"Feature","geometry":{"type":"Polygon","coordinates":[[[-83.70604,38.933686],[-83.70598,38.933727],[-83.703298,38.931488],[-83.702255,38.932201],[-83.701176,38.931293],[-83.702266,38.930533],[-83.70604,38.933686]]]},"properties":{"p":"16-026256.0113","o":"LINDSEY SHEILAH","a":"9938 JOHN WOODS","d":"EASTERN LSD (BROWN CO.)","t":83.82,"l":"599: Res-Other","c":0}},{"type":"Feature","geometry":{"type":"Polygon","coordinates":[[[-83.754626,38.653373],[-83.754496,38.653323],[-83.754561,38.653218],[-83.754703,38.653249],[-83.754626,38.653373]]]},"properties":{"p":"15-026166.0000","o":"HOWARD IDA","a":"R MOUNTAIN","d":"RIPLEY-UNION-LEWIS LSD","t":92.55,"l":"500: Res-Vacant Land","c":0}},{"type":"Feature","geometry":{"type":"Polygon","coordinates":[[[-83.754547,38.653141],[-83.754468,38.65311],[-83.754569,38.652947],[-83.754547,38.653141]]]},"properties":{"p":"15-026158.0000","o":"HOWARD IDA","a":"R MOUNTAIN","d":"RIPLEY-UNION-LEWIS LSD","t":105.63,"l":"500: Res-Vacant Land","c":0}},{"type":"Feature","geometry":{"type":"Polygon","coordinates":[[[-83.76964,38.66403],[-83.769749,38.664204],[-83.769022,38.6647],[-83.768883,38.664577],[-83.76964,38.66403]]]},"properties":{"p":"15-025944.0100","o":"LOUIS & CLARA BRAMEL LLC","a":"US 52","d":"RIPLEY-UNION-LEWIS LSD","t":69.59,"l":"415: Com-Mobile Home Park","c":0}},{"type":"Feature","geometry":{"type":"Polygon","coordinates":[[[-83.761838,38.654755],[-83.762023,38.654829],[-83.761892,38.655032],[-83.761706,38.654958],[-83.761838,38.654755]]]},"properties":{"p":"15-025020.0100","o":"APPLEGATE'S PROPERTIES LLC","a":"66 MARKET","d":"RIPLEY-UNION-LEWIS LSD","t":60.05,"l":"499: Com-Other","c":0}},{"type":"Feature","geometry":{"type":"Polygon","coordinates":[[[-83.767892,38.659215],[-83.767583,38.659438],[-83.767539,38.659378],[-83.767848,38.659155],[-83.767892,38.659215]]]},"properties":{"p":"15-024460.0000","o":"SCHUMANN NICOLAS R","a":"1147 MARYLAND","d":"RIPLEY-UNION-LEWIS LSD","t":55.04,"l":"580: Res-Custom Code","c":0}},{"type":"Feature","geometry":{"type":"Polygon","coordinates":[[[-83.767583,38.659438],[-83.767892,38.659215],[-83.767936,38.659274],[-83.767627,38.659497],[-83.767583,38.659438]]]},"properties":{"p":"15-024456.0000","o":"SCHUMANN NICOLAS R","a":"1151 MARYLAND","d":"RIPLEY-UNION-LEWIS LSD","t":55.04,"l":"580: Res-Custom Code","c":0}},{"type":"Feature","geometry":{"type":"Polygon","coordinates":[[[-83.768526,38.660069],[-83.768217,38.660292],[-83.768173,38.660233],[-83.768482,38.66001],[-83.768526,38.660069]]]},"properties":{"p":"15-024316.0000","o":"BROWN MICHAEL S & MICHELLE N","a":"1213 MARYLAND & WASHINGTON","d":"RIPLEY-UNION-LEWIS LSD","t":55.02,"l":"580: Res-Custom Code","c":0}},{"type":"Feature","geometry":{"type":"Polygon","coordinates":[[[-83.768217,38.660292],[-83.768526,38.660069],[-83.76857,38.660128],[-83.768261,38.660351],[-83.768217,38.660292]]]},"properties":{"p":"15-024312.0000","o":"BROWN MICHAEL S & MICHELLE N","a":"MARYLAND","d":"RIPLEY-UNION-LEWIS LSD","t":55.02,"l":"500: Res-Vacant Land","c":0}},{"type":"Feature","geometry":{"type":"Polygon","coordinates":[[[-83.768305,38.660411],[-83.768614,38.660188],[-83.768658,38.660247],[-83.768349,38.66047],[-83.768305,38.660411]]]},"properties":{"p":"15-024304.0000","o":"BROWN MICHAEL S & MICHELLE N","a":"MARYLAND","d":"RIPLEY-UNION-LEWIS LSD","t":55.02,"l":"500: Res-Vacant Land","c":0}},{"type":"Feature","geometry":{"type":"Polygon","coordinates":[[[-83.768349,38.66047],[-83.768658,38.660247],[-83.768702,38.660306],[-83.768393,38.660529],[-83.768349,38.66047]]]},"properties":{"p":"15-024300.0000","o":"BROWN MICHAEL S & MICHELLE N","a":"MARYLAND","d":"RIPLEY-UNION-LEWIS LSD","t":55.02,"l":"500: Res-Vacant Land","c":0}},{"type":"Feature","geometry":{"type":"Polygon","coordinates":[[[-83.768481,38.660648],[-83.768437,38.660589],[-83.768746,38.660365],[-83.76879,38.660425],[-83.768481,38.660648]]]},"properties":{"p":"15-024292.0000","o":"BROWN MICHAEL & MICHELLE","a":"MARYLAND","d":"RIPLEY-UNION-LEWIS LSD","t":55.02,"l":"500: Res-Vacant Land","c":0}},{"type":"Feature","geometry":{"type":"Polygon","coordinates":[[[-83.768481,38.660648],[-83.76879,38.660425],[-83.768834,38.660484],[-83.768525,38.660707],[-83.768481,38.660648]]]},"properties":{"p":"15-024288.0000","o":"BROWN MICHAEL & MICHELLE","a":"1229 MARYLAND ST","d":"RIPLEY-UNION-LEWIS LSD","t":55.02,"l":"500: Res-Vacant Land","c":0}},{"type":"Feature","geometry":{"type":"Polygon","coordinates":[[[-83.769188,38.66032],[-83.768878,38.660543],[-83.768834,38.660484],[-83.769144,38.660261],[-83.769188,38.66032]]]},"properties":{"p":"15-024256.0000","o":"POE CHASITY ANN","a":"PENNSYLVANIA","d":"RIPLEY-UNION-LEWIS LSD","t":55.04,"l":"500: Res-Vacant Land","c":0}},{"type":"Feature","geometry":{"type":"Polygon","coordinates":[[[-83.760961,38.65607],[-83.761028,38.655967],[-83.761234,38.656049],[-83.76117,38.656148],[-83.760961,38.65607]]]},"properties":{"p":"15-024036.0000","o":"COBB LEIGH","a":"780 VALLEY","d":"RIPLEY-UNION-LEWIS LSD","t":72.19,"l":"580: Res-Custom Code","c":0}},{"type":"Feature","geometry":{"type":"Polygon","coordinates":[[[-83.758649,38.656684],[-83.758966,38.65636],[-83.759156,38.656491],[-83.758839,38.656814],[-83.758649,38.656684]]]},"properties":{"p":"15-023916.0000","o":"FREDERICK ALLEN","a":"BLACK GUM","d":"RIPLEY-UNION-LEWIS LSD","t":77.51,"l":"500: Res-Vacant Land","c":0}},{"type":"Feature","geometry":{"type":"Polygon","coordinates":[[[-83.758459,38.656553],[-83.758776,38.65623],[-83.758966,38.65636],[-83.758649,38.656684],[-83.758459,38.656553]]]},"properties":{"p":"15-023908.0000","o":"FREDERICK ALLEN","a":"BLACK GUM REAR","d":"RIPLEY-UNION-LEWIS LSD","t":77.51,"l":"500: Res-Vacant Land","c":0}},{"type":"Feature","geometry":{"type":"Polygon","coordinates":[[[-83.721006,38.678028],[-83.721275,38.678323],[-83.721104,38.678418],[-83.720835,38.678123],[-83.721006,38.678028]]]},"properties":{"p":"12-021624.0000","o":"RIGDON CHRISTINA LEE","a":"POPLAR","d":"RIPLEY-UNION-LEWIS LSD","t":56.68,"l":"500: Res-Vacant Land","c":0}},{"type":"Feature","geometry":{"type":"Polygon","coordinates":[[[-83.721006,38.678028],[-83.721177,38.677932],[-83.721446,38.678227],[-83.721275,38.678323],[-83.721006,38.678028]]]},"properties":{"p":"12-021620.0000","o":"RIGDON CHRISTINA LEE","a":"9596 POPLAR","d":"RIPLEY-UNION-LEWIS LSD","t":81.22,"l":"500: Res-Vacant Land","c":0}},{"type":"Feature","geometry":{"type":"Polygon","coordinates":[[[-83.721107,38.687363],[-83.721398,38.686999],[-83.721394,38.687348],[-83.721352,38.687494],[-83.721107,38.687363]]]},"properties":{"p":"12-021484.0200","o":"ANDERSON GEORGE D & JANET","a":"ELLIS RUN","d":"RIPLEY-UNION-LEWIS LSD","t":75.55,"l":"500: Res-Vacant Land","c":0}},{"type":"Feature","geometry":{"type":"Polygon","coordinates":[[[-83.917022,39.031702],[-83.917012,39.031859],[-83.916438,39.031828],[-83.916447,39.031683],[-83.917022,39.031702]]]},"properties":{"p":"11-020880.0000","o":"EARY KENNETH & DEBBIE","a":"WOODWARD","d":"WESTERN BROWN LSD","t":104.28,"l":"500: Res-Vacant Land","c":0}},{"type":"Feature","geometry":{"type":"Polygon","coordinates":[[[-83.922908,39.113561],[-83.922767,39.113955],[-83.921571,39.11369],[-83.921924,39.11272],[-83.923113,39.112997],[-83.922908,39.113561]]]},"properties":{"p":"10-019096.0000","o":"MARTIN MELINDA","a":"17288 MINNICK","d":"WESTERN BROWN LSD","t":103.42,"l":"510: Res-Single Family","c":0}},{"type":"Feature","geometry":{"type":"Polygon","coordinates":[[[-83.885604,39.103973],[-83.885616,39.103272],[-83.88692,39.103219],[-83.887022,39.103409],[-83.887004,39.104169],[-83.887119,39.104452],[-83.885596,39.104428],[-83.885604,39.103973]]]},"properties":{"p":"10-019004.0300","o":"EVANS CAROLYN","a":"4982 ST RT 286","d":"WESTERN BROWN LSD","t":102.51,"l":"510: Res-Single Family","c":0}},{"type":"Feature","geometry":{"type":"Polygon","coordinates":[[[-83.779403,38.954693],[-83.782173,38.95382],[-83.78317,38.956061],[-83.780029,38.956043],[-83.779403,38.954693]]]},"properties":{"p":"08-082024.0000","o":"PERRY JAMES L & RENEE J","a":"WEIS","d":"EASTERN LSD (BROWN CO.)","t":93.81,"l":"500: Res-Vacant Land","c":0}},{"type":"Feature","geometry":{"type":"Polygon","coordinates":[[[-83.790342,38.928032],[-83.789998,38.928014],[-83.789923,38.927972],[-83.78991,38.927931],[-83.789946,38.927462],[-83.790388,38.927484],[-83.790342,38.928032]]]},"properties":{"p":"08-015876.0000","o":"HOSKINS MARY","a":"65 WAYNOKA","d":"EASTERN LSD (BROWN CO.)","t":77,"l":"510: Res-Single Family","c":0}},{"type":"Feature","geometry":{"type":"Polygon","coordinates":[[[-83.797008,38.94024],[-83.797018,38.940034],[-83.79772,38.940054],[-83.797711,38.94026],[-83.797008,38.94024]]]},"properties":{"p":"08-013952.0000","o":"KOORS RICHARD & KAREN","a":"CHOCTAW DRIVE","d":"EASTERN LSD (BROWN CO.)","t":86.33,"l":"500: Res-Vacant Land","c":0}},{"type":"Feature","geometry":{"type":"Polygon","coordinates":[[[-83.779447,38.95056],[-83.779672,38.950489],[-83.779937,38.950994],[-83.779708,38.951065],[-83.779447,38.95056]]]},"properties":{"p":"08-012904.0000","o":"DUGAN BRIAN","a":"TOTEM POLE DR","d":"EASTERN LSD (BROWN CO.)","t":86.33,"l":"500: Res-Vacant Land","c":0}},{"type":"Feature","geometry":{"type":"Polygon","coordinates":[[[-83.780397,38.943354],[-83.779769,38.942953],[-83.780083,38.942674],[-83.780543,38.94325],[-83.780397,38.943354]]]},"properties":{"p":"08-012124.0000","o":"ARELI ZAIDA","a":"TUPELO DRIVE","d":"EASTERN LSD (BROWN CO.)","t":87.46,"l":"500: Res-Vacant Land","c":0}},{"type":"Feature","geometry":{"type":"Polygon","coordinates":[[[-83.728512,38.962501],[-83.728942,38.962659],[-83.728867,38.962783],[-83.728437,38.962625],[-83.728512,38.962501]]]},"properties":{"p":"07-008552.0000","o":"FROST FOREST & ANITA","a":"EMMONS","d":"EASTERN LSD (BROWN CO.)","t":126.44,"l":"500: Res-Vacant Land","c":0}},{"type":"Feature","geometry":{"type":"Polygon","coordinates":[[[-83.728792,38.962907],[-83.728717,38.963032],[-83.728287,38.962874],[-83.728362,38.962749],[-83.728792,38.962907]]]},"properties":{"p":"07-008544.0000","o":"FROST FOREST & ANITA","a":"EMMONS","d":"EASTERN LSD (BROWN CO.)","t":126.44,"l":"500: Res-Vacant Land","c":0}},{"type":"Feature","geometry":{"type":"Polygon","coordinates":[[[-83.994914,38.921085],[-83.995475,38.921114],[-83.995424,38.921539],[-83.9949,38.921305],[-83.994914,38.921085]]]},"properties":{"p":"06-001908.0000","o":"ANDREWS TERRI","a":"WAYNE","d":"WESTERN BROWN LSD","t":116.87,"l":"500: Res-Vacant Land","c":0}},{"type":"Feature","geometry":{"type":"Polygon","coordinates":[[[-84.034575,38.904257],[-84.034711,38.904382],[-84.034516,38.904512],[-84.034379,38.904386],[-84.034575,38.904257]]]},"properties":{"p":"03-005084.0000","o":"BEACH JO ANN","a":"9681 ST RT 774","d":"WESTERN BROWN LSD","t":112.18,"l":"510: Res-Single Family","c":0}},{"type":"Feature","geometry":{"type":"Polygon","coordinates":[[[-84.034434,38.902698],[-84.034756,38.902485],[-84.034892,38.902611],[-84.034571,38.902824],[-84.034434,38.902698]]]},"properties":{"p":"03-004956.0000","o":"FENT TOD","a":"FEESBURG POETOWN","d":"WESTERN BROWN LSD","t":48.42,"l":"500: Res-Vacant Land","c":0}},{"type":"Feature","geometry":{"type":"Polygon","coordinates":[[[-84.034385,38.903162],[-84.034249,38.903037],[-84.034571,38.902824],[-84.034707,38.902949],[-84.034385,38.903162]]]},"properties":{"p":"03-004932.0000","o":"MORGAN RODNEY ETAL","a":"MAIN ST","d":"WESTERN BROWN LSD","t":100.43,"l":"500: Res-Vacant Land","c":0}},{"type":"Feature","geometry":{"type":"Polygon","coordinates":[[[-84.034571,38.902824],[-84.034892,38.902611],[-84.035029,38.902736],[-84.034707,38.902949],[-84.034571,38.902824]]]},"properties":{"p":"03-004928.0000","o":"FENT TOD","a":"FEESBURG POETOWN","d":"WESTERN BROWN LSD","t":48.42,"l":"580: Res-Custom Code","c":0}},{"type":"Feature","geometry":{"type":"Polygon","coordinates":[[[-84.032784,38.905336],[-84.032549,38.905487],[-84.031374,38.904465],[-84.03161,38.904315],[-84.032784,38.905336]]]},"properties":{"p":"03-004916.0000","o":"BOWLING KENON","a":"9720 ST RT 774","d":"WESTERN BROWN LSD","t":120.8,"l":"500: Res-Vacant Land","c":0}},{"type":"Feature","geometry":{"type":"Polygon","coordinates":[[[-84.017162,38.938392],[-84.017123,38.93836],[-84.016637,38.938313],[-84.016718,38.937322],[-84.017648,38.937845],[-84.017162,38.938392]]]},"properties":{"p":"03-002800.0000","o":"GREENLEE MOLLIE","a":"ST RT 125","d":"WESTERN BROWN LSD","t":104.99,"l":"500: Res-Vacant Land","c":0}},{"type":"Feature","geometry":{"type":"Polygon","coordinates":[[[-84.015887,38.93824],[-84.01595,38.937343],[-84.016518,38.937586],[-84.016559,38.937515],[-84.016594,38.937528],[-84.016623,38.937268],[-84.016718,38.937322],[-84.016637,38.938313],[-84.015887,38.93824]]]},"properties":{"p":"03-002520.0000","o":"JACOBS VICKI","a":"1233 ST RT 125","d":"WESTERN BROWN LSD","t":56.84,"l":"580: Res-Custom Code","c":0}},{"type":"Feature","geometry":{"type":"Polygon","coordinates":[[[-83.80177,39.007887],[-83.80193,39.008113],[-83.801661,39.008233],[-83.801548,39.008073],[-83.80177,39.007887]]]},"properties":{"p":"43-086670.0000","o":"ALBERT HOOVER","a":"SARDINIA MOWRYSTOWN","d":"EASTERN LSD (BROWN CO.)","t":75.46,"l":"500: Res-Vacant Land","c":0}},{"type":"Feature","geometry":{"type":"Polygon","coordinates":[[[-83.801645,39.0099],[-83.801665,39.009967],[-83.80128,39.010129],[-83.801259,39.010062],[-83.801645,39.0099]]]},"properties":{"p":"43-085588.0000","o":"COMPTON LEIGHTON T","a":"THOMPSON","d":"EASTERN LSD (BROWN CO.)","t":128.72,"l":"500: Res-Vacant Land","c":0}},{"type":"Feature","geometry":{"type":"Polygon","coordinates":[[[-83.801624,39.009833],[-83.801645,39.0099],[-83.801259,39.010062],[-83.801238,39.009995],[-83.801624,39.009833]]]},"properties":{"p":"43-085584.0000","o":"COMPTON LEIGHTON T","a":"THOMSPON","d":"EASTERN LSD (BROWN CO.)","t":128.72,"l":"500: Res-Vacant Land","c":0}},{"type":"Feature","geometry":{"type":"Polygon","coordinates":[[[-83.802238,39.009858],[-83.801854,39.01001],[-83.801843,39.009974],[-83.802226,39.009815],[-83.802238,39.009858]]]},"properties":{"p":"43-085180.0000","o":"1ST FIDELITY LOAN SERVICING LLC","a":"THOMPSON","d":"EASTERN LSD (BROWN CO.)","t":67.96,"l":"500: Res-Vacant Land","c":0}},{"type":"Feature","geometry":{"type":"Polygon","coordinates":[[[-83.704858,38.8152],[-83.704908,38.815045],[-83.70499,38.815062],[-83.704939,38.815216],[-83.704858,38.8152]]]},"properties":{"p":"01-001580.0000","o":"BOLENDER BEVERLY","a":"EAGLE","d":"EASTERN LSD (BROWN CO.)","t":41.3,"l":"500: Res-Vacant Land","c":0}},{"type":"Feature","geometry":{"type":"Polygon","coordinates":[[[-84.011951,38.934678],[-84.012,38.93409],[-84.013977,38.934198],[-84.013918,38.934785],[-84.011951,38.934678]]]},"properties":{"p":"03-003252.0000","o":"HURST DAVID & MARY K","a":"1328 SODOM","d":"WESTERN BROWN LSD","t":28.06,"l":"510: Res-Single Family","c":0}},{"type":"Feature","geometry":{"type":"Polygon","coordinates":[[[-83.963023,38.896137],[-83.963393,38.89643],[-83.962583,38.896956],[-83.962178,38.89722],[-83.961808,38.896926],[-83.963023,38.896137]]]},"properties":{"p":"03-003848.0000","o":"ROETTING CLIFFORD M ETAL","a":"MOBILE ACRES","d":"WESTERN BROWN LSD","t":4.31,"l":"500: Res-Vacant Land","c":0}},{"type":"Feature","geometry":{"type":"Polygon","coordinates":[[[-84.018477,38.93831],[-84.018891,38.937866],[-84.018865,38.93853],[-84.018477,38.93831]]]},"properties":{"p":"03-004512.0100","o":"BJ'S PAY LAKE LLC","a":"ST RT 125","d":"WESTERN BROWN LSD","t":40.34,"l":"500: Res-Vacant Land","c":0}},{"type":"Feature","geometry":{"type":"Polygon","coordinates":[[[-84.033794,38.903337],[-84.034116,38.903124],[-84.034253,38.90325],[-84.033931,38.903463],[-84.033794,38.903337]]]},"properties":{"p":"03-004936.0000","o":"FENT TOD","a":"MAIN ST","d":"WESTERN BROWN LSD","t":21.9,"l":"500: Res-Vacant Land","c":0}},{"type":"Feature","geometry":{"type":"Polygon","coordinates":[[[-84.033473,38.903551],[-84.033794,38.903337],[-84.033931,38.903463],[-84.033609,38.903676],[-84.033473,38.903551]]]},"properties":{"p":"03-004940.0000","o":"FENT TOD","a":"EAST ST","d":"WESTERN BROWN LSD","t":21.9,"l":"500: Res-Vacant Land","c":0}},{"type":"Feature","geometry":{"type":"Polygon","coordinates":[[[-84.033336,38.903425],[-84.033658,38.903212],[-84.033794,38.903337],[-84.033473,38.903551],[-84.033336,38.903425]]]},"properties":{"p":"03-004944.0000","o":"FENT TOD","a":"EAST ST","d":"WESTERN BROWN LSD","t":21.9,"l":"500: Res-Vacant Land","c":0}},{"type":"Feature","geometry":{"type":"Polygon","coordinates":[[[-84.033658,38.903212],[-84.03398,38.902999],[-84.034116,38.903124],[-84.033794,38.903337],[-84.033658,38.903212]]]},"properties":{"p":"03-004948.0000","o":"FENT TOD","a":"MAIN ST","d":"WESTERN BROWN LSD","t":21.9,"l":"500: Res-Vacant Land","c":0}},{"type":"Feature","geometry":{"type":"Polygon","coordinates":[[[-84.034434,38.902698],[-84.034298,38.902572],[-84.03462,38.902359],[-84.034756,38.902485],[-84.034434,38.902698]]]},"properties":{"p":"03-004960.0000","o":"FENT TOD","a":"FEESBURG POETOWN","d":"WESTERN BROWN LSD","t":48.42,"l":"500: Res-Vacant Land","c":0}},{"type":"Feature","geometry":{"type":"Polygon","coordinates":[[[-84.034113,38.902911],[-84.033976,38.902785],[-84.034298,38.902572],[-84.034434,38.902698],[-84.034113,38.902911]]]},"properties":{"p":"03-004964.0000","o":"FENT TOD","a":"FEESBURG POETOWN","d":"WESTERN BROWN LSD","t":21.9,"l":"500: Res-Vacant Land","c":0}},{"type":"Feature","geometry":{"type":"Polygon","coordinates":[[[-84.033658,38.903212],[-84.033522,38.903086],[-84.033844,38.902873],[-84.03398,38.902999],[-84.033658,38.903212]]]},"properties":{"p":"03-004968.0000","o":"FENT TOD","a":"ST RT 774","d":"WESTERN BROWN LSD","t":21.9,"l":"500: Res-Vacant Land","c":0}},{"type":"Feature","geometry":{"type":"Polygon","coordinates":[[[-84.033658,38.903212],[-84.033336,38.903425],[-84.0332,38.903299],[-84.033522,38.903086],[-84.033658,38.903212]]]},"properties":{"p":"03-004972.0000","o":"FENT TOD","a":"EAST ST","d":"WESTERN BROWN LSD","t":21.9,"l":"500: Res-Vacant Land","c":0}},{"type":"Feature","geometry":{"type":"Polygon","coordinates":[[[-84.035389,38.903324],[-84.03555,38.903217],[-84.035686,38.903343],[-84.035525,38.903449],[-84.035389,38.903324]]]},"properties":{"p":"03-005032.0000","o":"LOUIS & CLARA BRAMEL LLC","a":"663 FEESBURG POETOWN","d":"WESTERN BROWN LSD","t":28.46,"l":"500: Res-Vacant Land","c":0}},{"type":"Feature","geometry":{"type":"Polygon","coordinates":[[[-84.035389,38.903324],[-84.035253,38.903198],[-84.035414,38.903091],[-84.03555,38.903217],[-84.035389,38.903324]]]},"properties":{"p":"03-005036.0000","o":"LOUIS & CLARA BRAMEL LLC","a":"FEESBURG POETOWN","d":"WESTERN BROWN LSD","t":28.46,"l":"500: Res-Vacant Land","c":0}},{"type":"Feature","geometry":{"type":"Polygon","coordinates":[[[-84.035253,38.903198],[-84.035116,38.903072],[-84.035277,38.902966],[-84.035414,38.903091],[-84.035253,38.903198]]]},"properties":{"p":"03-005040.0000","o":"LOUIS & CLARA BRAMEL LLC","a":"FEESBURG POETOWN","d":"WESTERN BROWN LSD","t":28.46,"l":"500: Res-Vacant Land","c":0}},{"type":"Feature","geometry":{"type":"Polygon","coordinates":[[[-83.995475,38.921114],[-83.994914,38.921085],[-83.994918,38.921027],[-83.995482,38.921056],[-83.995475,38.921114]]]},"properties":{"p":"06-001908.0100","o":"ANDREWS TERRI","a":"WAYNE","d":"WESTERN BROWN LSD","t":18.53,"l":"500: Res-Vacant Land","c":0}},{"type":"Feature","geometry":{"type":"Polygon","coordinates":[[[-83.98581,38.919611],[-83.986174,38.919259],[-83.986204,38.919278],[-83.98584,38.91963],[-83.98581,38.919611]]]},"properties":{"p":"06-005868.0000","o":"FEDERAL HOME LOAN MORTGAGE CORP","a":"* NOT ON FILE *","d":"WESTERN BROWN LSD","t":18.35,"l":"","c":0}},{"type":"Feature","geometry":{"type":"Polygon","coordinates":[[[-83.981542,38.917949],[-83.981609,38.917904],[-83.981847,38.918065],[-83.981781,38.91811],[-83.981542,38.917949]]]},"properties":{"p":"06-006492.0000","o":"HOGAN ERIK","a":"ERIE","d":"WESTERN BROWN LSD","t":5.9,"l":"500: Res-Vacant Land","c":0}},{"type":"Feature","geometry":{"type":"Polygon","coordinates":[[[-83.710571,38.963722],[-83.711063,38.962842],[-83.71282,38.963341],[-83.71229,38.964277],[-83.710571,38.963722]]]},"properties":{"p":"07-006724.0600","o":"NEAL GREGORY S & AMANDA M","a":"9924 TRI CO HWY","d":"EASTERN LSD (BROWN CO.)","t":3.14,"l":"510: Res-Single Family","c":0}},{"type":"Feature","geometry":{"type":"Polygon","coordinates":[[[-83.770636,38.988297],[-83.771092,38.988525],[-83.770707,38.989604],[-83.769018,38.98866],[-83.770375,38.988306],[-83.77039,38.988156],[-83.770636,38.988297]]]},"properties":{"p":"07-006776.0000","o":"HENDRICKS MATTHEW","a":"8249 ST RT 32","d":"EASTERN LSD (BROWN CO.)","t":2.5,"l":"510: Res-Single Family","c":0}},{"type":"Feature","geometry":{"type":"Polygon","coordinates":[[[-83.769524,38.954908],[-83.770454,38.955055],[-83.769726,38.955326],[-83.769524,38.954908]]]},"properties":{"p":"07-007704.0400","o":"CHRISTMAN GREG & BREAKIRON GAIL","a":"KUNTZ","d":"EASTERN LSD (BROWN CO.)","t":19.17,"l":"500: Res-Vacant Land","c":0}},{"type":"Feature","geometry":{"type":"Polygon","coordinates":[[[-83.828052,38.93271],[-83.828271,38.932714],[-83.828101,38.932883],[-83.827994,38.933047],[-83.828052,38.93271]]]},"properties":{"p":"08-009152.0000","o":"GORDON CRYSTAL N & BLICE","a":"DAYHILL ARNHEIM","d":"EASTERN LSD (BROWN CO.)","t":9.69,"l":"500: Res-Vacant Land","c":0}},{"type":"Feature","geometry":{"type":"Polygon","coordinates":[[[-83.781684,38.9266],[-83.781715,38.926804],[-83.780835,38.926888],[-83.780768,38.926687],[-83.781684,38.9266]]]},"properties":{"p":"08-010024.0000","o":"SEARS CHARLES W","a":"SEMINOLE","d":"EASTERN LSD (BROWN CO.)","t":4.47,"l":"500: Res-Vacant Land","c":0}},{"type":"Feature","geometry":{"type":"Polygon","coordinates":[[[-83.780397,38.943354],[-83.78023,38.943513],[-83.779595,38.943108],[-83.779769,38.942953],[-83.780397,38.943354]]]},"properties":{"p":"08-012128.0000","o":"HALL WANDA R & NATALIE L","a":"TUPELO DRIVE","d":"EASTERN LSD (BROWN CO.)","t":3.26,"l":"500: Res-Vacant Land","c":0}},{"type":"Feature","geometry":{"type":"Polygon","coordinates":[[[-83.790605,38.928046],[-83.790342,38.928032],[-83.790388,38.927484],[-83.790651,38.927498],[-83.790605,38.928046]]]},"properties":{"p":"08-015872.0000","o":"HOSKINS MARY","a":"WAYNOKA","d":"EASTERN LSD (BROWN CO.)","t":4.1,"l":"500: Res-Vacant Land","c":0}},{"type":"Feature","geometry":{"type":"Polygon","coordinates":[[[-83.786052,38.927627],[-83.786316,38.927633],[-83.786295,38.928182],[-83.786031,38.928176],[-83.786052,38.927627]]]},"properties":{"p":"08-015908.0000","o":"BAYSE DOUGLAS D & BETTY","a":"KIOWA","d":"EASTERN LSD (BROWN CO.)","t":4.1,"l":"500: Res-Vacant Land","c":0}},{"type":"Feature","geometry":{"type":"Polygon","coordinates":[[[-83.785789,38.927621],[-83.786052,38.927627],[-83.786031,38.928176],[-83.785768,38.92817],[-83.785789,38.927621]]]},"properties":{"p":"08-015912.0000","o":"BAYSE DOUGLAS & BETTY","a":"KIOWA","d":"EASTERN LSD (BROWN CO.)","t":4.1,"l":"500: Res-Vacant Land","c":0}},{"type":"Feature","geometry":{"type":"Polygon","coordinates":[[[-83.824399,38.932017],[-83.825367,38.932148],[-83.825306,38.932632],[-83.824781,38.932349],[-83.824399,38.932017]]]},"properties":{"p":"08-082412.0000","o":"SHAW RUFUS & ELNORA","a":"ASHRIDGE ARNHEIM","d":"EASTERN LSD (BROWN CO.)","t":15.36,"l":"500: Res-Vacant Land","c":0}},{"type":"Feature","geometry":{"type":"Polygon","coordinates":[[[-83.825795,38.932792],[-83.825306,38.932632],[-83.825332,38.932421],[-83.825952,38.932507],[-83.825795,38.932792]]]},"properties":{"p":"08-082416.0000","o":"ROCKEY BESSIE","a":"ASHRIDGE ARNHEIM","d":"EASTERN LSD (BROWN CO.)","t":15.36,"l":"500: Res-Vacant Land","c":0}},{"type":"Feature","geometry":{"type":"Polygon","coordinates":[[[-83.777417,38.94607],[-83.777529,38.946288],[-83.777398,38.946329],[-83.777417,38.94607]]]},"properties":{"p":"08-082488.0000","o":"PSRG HOLDINGS LLC","a":"BLACK HAWK","d":"EASTERN LSD (BROWN CO.)","t":31.12,"l":"500: Res-Vacant Land","c":0}},{"type":"Feature","geometry":{"type":"Polygon","coordinates":[[[-83.776947,38.951928],[-83.776955,38.951838],[-83.776994,38.951913],[-83.776947,38.951928]]]},"properties":{"p":"08-082496.0000","o":"MEADOWS LOVELL R","a":"TOTEM POLE","d":"EASTERN LSD (BROWN CO.)","t":8.48,"l":"500: Res-Vacant Land","c":0}},{"type":"Feature","geometry":{"type":"Polygon","coordinates":[[[-83.776996,38.951321],[-83.777016,38.951082],[-83.777115,38.951284],[-83.776996,38.951321]]]},"properties":{"p":"08-082500.0000","o":"HOSKINS SHERRY L","a":"RIO BRAZOS","d":"EASTERN LSD (BROWN CO.)","t":39.96,"l":"500: Res-Vacant Land","c":0}},{"type":"Feature","geometry":{"type":"Polygon","coordinates":[[[-83.777186,38.948959],[-83.777202,38.949052],[-83.777174,38.949107],[-83.777186,38.948959]]]},"properties":{"p":"08-082508.0000","o":"WILLIAMSON ROBERT & LENDRA","a":"RAWHIDE & CUSTER","d":"EASTERN LSD (BROWN CO.)","t":10.89,"l":"500: Res-Vacant Land","c":0}},{"type":"Feature","geometry":{"type":"Polygon","coordinates":[[[-83.776748,38.954708],[-83.776753,38.954631],[-83.776786,38.954696],[-83.776748,38.954708]]]},"properties":{"p":"08-082516.0000","o":"BURCHETT JAMES V & JUANITA","a":"YUMA","d":"EASTERN LSD (BROWN CO.)","t":10.89,"l":"500: Res-Vacant Land","c":0}},{"type":"Feature","geometry":{"type":"Polygon","coordinates":[[[-83.857243,38.904848],[-83.856802,38.905065],[-83.857264,38.904759],[-83.857243,38.904848]]]},"properties":{"p":"09-016900.0000","o":"SHAKER INVESTMENTS","a":"WEST FORK","d":"GEORGETOWN EVSD","t":24.04,"l":"500: Res-Vacant Land","c":0}},{"type":"Feature","geometry":{"type":"Polygon","coordinates":[[[-83.869967,38.937617],[-83.867825,38.937711],[-83.867775,38.937148],[-83.869913,38.937046],[-83.869967,38.937617]]]},"properties":{"p":"09-017196.0101","o":"COMBS JAIME L","a":"10895 PARKER LANE","d":"GEORGETOWN EVSD","t":13,"l":"560: Res-Mobile Home","c":0}},{"type":"Feature","geometry":{"type":"Polygon","coordinates":[[[-83.912362,39.025661],[-83.912447,39.025679],[-83.912295,39.02611],[-83.91221,39.026092],[-83.912362,39.025661]]]},"properties":{"p":"11-057580.0000","o":"HINES ROBERT LEE JR & TAMMY","a":"CASTLE","d":"WESTERN BROWN LSD","t":26.74,"l":"500: Res-Vacant Land","c":0}},{"type":"Feature","geometry":{"type":"Polygon","coordinates":[[[-83.912125,39.026075],[-83.91204,39.026057],[-83.912192,39.025625],[-83.912277,39.025643],[-83.912125,39.026075]]]},"properties":{"p":"11-057588.0000","o":"HINES ROBERT LEE JR & TAMMY","a":"CASTLE","d":"WESTERN BROWN LSD","t":33.35,"l":"500: Res-Vacant Land","c":0}},{"type":"Feature","geometry":{"type":"Polygon","coordinates":[[[-83.761598,38.680124],[-83.764235,38.680454],[-83.764418,38.680884],[-83.761657,38.680503],[-83.761598,38.680124]]]},"properties":{"p":"12-021692.0300","o":"KOUTROS JOHN","a":"STRINGTOWN","d":"RIPLEY-UNION-LEWIS LSD","t":3.85,"l":"500: Res-Vacant Land","c":0}},{"type":"Feature","geometry":{"type":"Polygon","coordinates":[[[-83.761598,38.680124],[-83.761532,38.679711],[-83.764053,38.680025],[-83.764235,38.680454],[-83.761598,38.680124]]]},"properties":{"p":"12-021692.0400","o":"KOUTROS JOHN","a":"STRINGTOWN","d":"RIPLEY-UNION-LEWIS LSD","t":3.85,"l":"500: Res-Vacant Land","c":0}},{"type":"Feature","geometry":{"type":"Polygon","coordinates":[[[-83.804433,38.707358],[-83.804659,38.706658],[-83.804828,38.706701],[-83.804603,38.707391],[-83.804433,38.707358]]]},"properties":{"p":"12-023428.0102","o":"HAIRE EDWARD THOMAS","a":"7224 US 52","d":"RIPLEY-UNION-LEWIS LSD","t":29.32,"l":"510: Res-Single Family","c":0}},{"type":"Feature","geometry":{"type":"Polygon","coordinates":[[[-83.776434,38.69176],[-83.776237,38.691597],[-83.776548,38.69097],[-83.777276,38.690439],[-83.77728,38.690143],[-83.777015,38.689875],[-83.778576,38.689536],[-83.778709,38.68977],[-83.778289,38.68991],[-83.776788,38.691592],[-83.776865,38.691632],[-83.776618,38.691912],[-83.776434,38.69176]]]},"properties":{"p":"15-023152.0204","o":"APPLEGATE PROPERTIES","a":"US 52","d":"RIPLEY-UNION-LEWIS LSD","t":10.32,"l":"500: Res-Vacant Land","c":0}},{"type":"Feature","geometry":{"type":"Polygon","coordinates":[[[-83.76386,38.658283],[-83.763875,38.658131],[-83.764371,38.658216],[-83.764515,38.658409],[-83.76386,38.658283]]]},"properties":{"p":"15-023924.0000","o":"LOUIS & CLARA BRAMEL LLC","a":"GOURDS POINT","d":"RIPLEY-UNION-LEWIS LSD","t":42.3,"l":"500: Res-Vacant Land","c":0}},{"type":"Feature","geometry":{"type":"Polygon","coordinates":[[[-83.772072,38.671573],[-83.772212,38.671476],[-83.772282,38.67175],[-83.772072,38.671573]]]},"properties":{"p":"15-025492.0000","o":"LOUIS & CLARA BRAMEL LLC","a":"BRAEBURN","d":"RIPLEY-UNION-LEWIS LSD","t":32.87,"l":"400: Com-Vacant Land","c":0}},{"type":"Feature","geometry":{"type":"Polygon","coordinates":[[[-83.773189,38.681539],[-83.773386,38.681965],[-83.773146,38.682079],[-83.772888,38.681679],[-83.773189,38.681539]]]},"properties":{"p":"15-025992.0300","o":"FLAUGHER DAVID E","a":"US 52","d":"RIPLEY-UNION-LEWIS LSD","t":3.04,"l":"500: Res-Vacant Land","c":0}},{"type":"Feature","geometry":{"type":"Polygon","coordinates":[[[-83.772072,38.671573],[-83.77192,38.671438],[-83.772161,38.671272],[-83.772212,38.671476],[-83.772072,38.671573]]]},"properties":{"p":"15-026218.0000","o":"LOUIS & CLARA BRAMEL LLC","a":"BRAEBURN","d":"RIPLEY-UNION-LEWIS LSD","t":32.87,"l":"400: Com-Vacant Land","c":0}},{"type":"Feature","geometry":{"type":"Polygon","coordinates":[[[-83.775404,38.951818],[-83.775142,38.951308],[-83.775389,38.951232],[-83.775648,38.951741],[-83.775404,38.951818]]]},"properties":{"p":"16-027952.0000","o":"DURKIN TIFFANY A","a":"RIO BRAZOS DR","d":"EASTERN LSD (BROWN CO.)","t":3.16,"l":"500: Res-Vacant Land","c":0}},{"type":"Feature","geometry":{"type":"Polygon","coordinates":[[[-83.771483,38.935064],[-83.771483,38.934687],[-83.771747,38.934687],[-83.771747,38.935236],[-83.771483,38.935236],[-83.771483,38.935064]]]},"properties":{"p":"16-031556.0000","o":"WAYNOKA DEVELP CORP","a":"INDIAN","d":"EASTERN LSD (BROWN CO.)","t":7.69,"l":"500: Res-Vacant Land","c":0}},{"type":"Feature","geometry":{"type":"Polygon","coordinates":[[[-83.760679,38.940389],[-83.76008,38.940356],[-83.760097,38.940111],[-83.760697,38.94013],[-83.760679,38.940389]]]},"properties":{"p":"16-032296.0000","o":"BAYSE BETTY","a":"MONTANA","d":"EASTERN LSD (BROWN CO.)","t":3.85,"l":"500: Res-Vacant Land","c":0}},{"type":"Feature","geometry":{"type":"Polygon","coordinates":[[[-83.756143,38.905265],[-83.756181,38.90533],[-83.755108,38.905687],[-83.75511,38.905607],[-83.756143,38.905265]]]},"properties":{"p":"16-036008.0000","o":"LYNCH JORDAN & LANE","a":"ASHRIDGE WINCHESTER","d":"EASTERN LSD (BROWN CO.)","t":25.89,"l":"500: Res-Vacant Land","c":0}},{"type":"Feature","geometry":{"type":"Polygon","coordinates":[[[-83.776802,38.952151],[-83.776933,38.95211],[-83.776913,38.952371],[-83.776802,38.952151]]]},"properties":{"p":"16-036080.0000","o":"MCCOMB GLENNA J","a":"TITEM POLE","d":"EASTERN LSD (BROWN CO.)","t":11.46,"l":"500: Res-Vacant Land","c":0}},{"type":"Feature","geometry":{"type":"Polygon","coordinates":[[[-83.777022,38.949938],[-83.77711,38.949911],[-83.777067,38.950443],[-83.776834,38.949997],[-83.777022,38.949938]]]},"properties":{"p":"16-036092.0000","o":"EMMONS RAY L & THEMLA I","a":"RIO BRAZOS","d":"EASTERN LSD (BROWN CO.)","t":32.94,"l":"500: Res-Vacant Land","c":0}},{"type":"Feature","geometry":{"type":"Polygon","coordinates":[[[-83.77727,38.947913],[-83.777246,38.94821],[-83.777199,38.947994],[-83.777222,38.947944],[-83.77727,38.947913]]]},"properties":{"p":"16-036136.0000","o":"CORDLE LOLITA J","a":"SARSI & RAWHIDE CORNER","d":"EASTERN LSD (BROWN CO.)","t":3.07,"l":"500: Res-Vacant Land","c":0}},{"type":"Feature","geometry":{"type":"Polygon","coordinates":[[[-83.792214,38.806434],[-83.792203,38.806454],[-83.7918,38.806436],[-83.791922,38.805992],[-83.791624,38.805978],[-83.791659,38.805852],[-83.792485,38.805902],[-83.792214,38.806434]]]},"properties":{"p":"17-036660.0000","o":"KLUMP MICHAEL J","a":"6106 US 62","d":"EASTERN LSD (BROWN CO.)","t":0.02,"l":"510: Res-Single Family","c":0}},{"type":"Feature","geometry":{"type":"Polygon","coordinates":[[[-83.787694,38.822797],[-83.788169,38.822818],[-83.788145,38.82315],[-83.787683,38.823115],[-83.787694,38.822797]]]},"properties":{"p":"17-036776.0002","o":"LEWIS DARLENE","a":"US 62","d":"EASTERN LSD (BROWN CO.)","t":44.99,"l":"500: Res-Vacant Land","c":0}},{"type":"Feature","geometry":{"type":"Polygon","coordinates":[[[-83.78659,38.862445],[-83.786587,38.862376],[-83.786987,38.862365],[-83.78699,38.862434],[-83.78659,38.862445]]]},"properties":{"p":"18-037784.0000","o":"HUNT ANGELA","a":"COLUMBUS SOUTH","d":"EASTERN LSD (BROWN CO.)","t":25.76,"l":"400: Com-Vacant Land","c":0}},{"type":"Feature","geometry":{"type":"Polygon","coordinates":[[[-83.997426,38.877768],[-83.997393,38.877783],[-83.996956,38.877365],[-83.997252,38.877181],[-83.997221,38.877147],[-83.997357,38.877068],[-83.997829,38.877502],[-83.997426,38.877768]]]},"properties":{"p":"19-039368.0001","o":"BRADLEY CHANCE & DUNCAN KELLEY","a":"EDEN","d":"WESTERN BROWN LSD","t":41.18,"l":"500: Res-Vacant Land","c":0}},{"type":"Feature","geometry":{"type":"Polygon","coordinates":[[[-83.996751,38.878745],[-83.997213,38.879154],[-83.996921,38.87935],[-83.996384,38.878985],[-83.996751,38.878745]]]},"properties":{"p":"19-039600.0100","o":"DOUGHTY CAROLYN R","a":"ST RT 505","d":"WESTERN BROWN LSD","t":28.64,"l":"500: Res-Vacant Land","c":0}},{"type":"Feature","geometry":{"type":"Polygon","coordinates":[[[-83.997624,38.878841],[-83.997739,38.878767],[-83.997874,38.878894],[-83.997758,38.878969],[-83.997624,38.878841]]]},"properties":{"p":"19-040224.0000","o":"DOUGHTY CAROLYN R","a":"NORTH","d":"WESTERN BROWN LSD","t":13.32,"l":"500: Res-Vacant Land","c":0}},{"type":"Feature","geometry":{"type":"Polygon","coordinates":[[[-83.997605,38.87864],[-83.997739,38.878767],[-83.997624,38.878841],[-83.99749,38.878714],[-83.997605,38.87864]]]},"properties":{"p":"19-040228.0000","o":"DOUGHTY CAROLYN R","a":"NORTH","d":"WESTERN BROWN LSD","t":15.37,"l":"500: Res-Vacant Land","c":0}},{"type":"Feature","geometry":{"type":"Polygon","coordinates":[[[-83.997471,38.878513],[-83.997605,38.87864],[-83.99749,38.878714],[-83.997356,38.878587],[-83.997471,38.878513]]]},"properties":{"p":"19-040232.0000","o":"DOUGHTY CAROLYN R","a":"NORTH","d":"WESTERN BROWN LSD","t":15.9,"l":"500: Res-Vacant Land","c":0}},{"type":"Feature","geometry":{"type":"Polygon","coordinates":[[[-83.997356,38.878587],[-83.997278,38.878513],[-83.997395,38.878441],[-83.997471,38.878513],[-83.997356,38.878587]]]},"properties":{"p":"19-040236.0000","o":"DOUGHTY CAROLYN R","a":"NORTH","d":"WESTERN BROWN LSD","t":8.75,"l":"500: Res-Vacant Land","c":0}},{"type":"Feature","geometry":{"type":"Polygon","coordinates":[[[-84.024007,38.779255],[-84.026089,38.779017],[-84.028882,38.7788],[-84.028881,38.778911],[-84.026111,38.779125],[-84.024608,38.779287],[-84.022158,38.779596],[-84.020199,38.779949],[-84.02044,38.779789],[-84.019525,38.779856],[-84.019695,38.779705],[-84.019706,38.779751],[-84.020087,38.779719],[-84.024007,38.779255]]]},"properties":{"p":"20-090604.0000","o":"BARDES OLIVER P","a":"US 52 MARATHON 45118","d":"RIPLEY-UNION-LEWIS LSD","t":38.87,"l":"500: Res-Vacant Land","c":0}},{"type":"Feature","geometry":{"type":"Polygon","coordinates":[[[-83.967878,38.790339],[-83.967884,38.790169],[-83.968048,38.790173],[-83.968042,38.790342],[-83.967878,38.790339]]]},"properties":{"p":"22-041968.0000","o":"DAVIS NELSON E","a":"312 COLUMBIA","d":"RIPLEY-UNION-LEWIS LSD","t":11.51,"l":"420: Com-Retail-Small","c":0}},{"type":"Feature","geometry":{"type":"Polygon","coordinates":[[[-83.968171,38.789768],[-83.968179,38.789541],[-83.968376,38.789546],[-83.968368,38.789772],[-83.968171,38.789768]]]},"properties":{"p":"22-042048.0100","o":"WHITE SANDRA","a":"STRAWBERY","d":"RIPLEY-UNION-LEWIS LSD","t":2.15,"l":"500: Res-Vacant Land","c":0}},{"type":"Feature","geometry":{"type":"Polygon","coordinates":[[[-83.965704,38.790121],[-83.965688,38.790574],[-83.965543,38.790571],[-83.96556,38.790118],[-83.965704,38.790121]]]},"properties":{"p":"22-042576.0000","o":"DAY DIANA L","a":"506 COLUMBIA","d":"RIPLEY-UNION-LEWIS LSD","t":39.22,"l":"599: Res-Other","c":0}},{"type":"Feature","geometry":{"type":"Polygon","coordinates":[[[-83.968171,38.789768],[-83.968368,38.789772],[-83.968359,38.789999],[-83.968163,38.789994],[-83.968171,38.789768]]]},"properties":{"p":"22-042688.0000","o":"WHITE SANDRA","a":"311 COLUMBIA","d":"RIPLEY-UNION-LEWIS LSD","t":17.41,"l":"510: Res-Single Family","c":0}},{"type":"Feature","geometry":{"type":"Polygon","coordinates":[[[-83.969148,39.198288],[-83.969444,39.197874],[-83.969752,39.198254],[-83.969611,39.198355],[-83.96952,39.19838],[-83.969239,39.198325],[-83.969148,39.198288]]]},"properties":{"p":"23-043224.0000","o":"KELLY ANN BROWN SPECIAL NEEDS TRUST & RANDY BROWN","a":"808 DRESDON","d":"FAYETTEVILLE-PERRY LSD","t":36.96,"l":"500: Res-Vacant Land","c":0}},{"type":"Feature","geometry":{"type":"Polygon","coordinates":[[[-83.968974,39.19748],[-83.96899,39.197259],[-83.969555,39.197286],[-83.969527,39.197507],[-83.968974,39.19748]]]},"properties":{"p":"23-043876.0000","o":"KELLY ANN BROWN SPECIAL NEEDS TRUST & RANDY BROWN","a":"833 KRUPP","d":"FAYETTEVILLE-PERRY LSD","t":36.96,"l":"500: Res-Vacant Land","c":0}},{"type":"Feature","geometry":{"type":"Polygon","coordinates":[[[-83.968906,39.197706],[-83.969489,39.197811],[-83.969308,39.198064],[-83.968821,39.197893],[-83.968906,39.197706]]]},"properties":{"p":"23-044220.0000","o":"KELLY ANN BROWN SPECIAL NEEDS TRUST & RANDY BROWN","a":"835 KRUPP","d":"FAYETTEVILLE-PERRY LSD","t":36.96,"l":"500: Res-Vacant Land","c":0}},{"type":"Feature","geometry":{"type":"Polygon","coordinates":[[[-83.983665,39.186295],[-83.983592,39.186836],[-83.983303,39.186818],[-83.983377,39.186276],[-83.983665,39.186295]]]},"properties":{"p":"23-048484.0000","o":"CHAMBERS KEVIN J","a":"DORTMUND","d":"FAYETTEVILLE-PERRY LSD","t":38.93,"l":"500: Res-Vacant Land","c":0}},{"type":"Feature","geometry":{"type":"Polygon","coordinates":[[[-83.970149,39.19793],[-83.97012,39.197986],[-83.970005,39.198085],[-83.969752,39.198254],[-83.969444,39.197874],[-83.969489,39.197811],[-83.970149,39.19793]]]},"properties":{"p":"23-049076.0000","o":"KELLY ANN BROWN SPECIAL NEEDS TRUST & RANDY BROWN","a":"809 BONN","d":"FAYETTEVILLE-PERRY LSD","t":36.96,"l":"500: Res-Vacant Land","c":0}},{"type":"Feature","geometry":{"type":"Polygon","coordinates":[[[-83.969489,39.197811],[-83.969513,39.197617],[-83.970198,39.197651],[-83.970165,39.197899],[-83.970149,39.19793],[-83.969489,39.197811]]]},"properties":{"p":"23-049080.0000","o":"KELLY ANN BROWN SPECIAL NEEDS TRUST & RANDY BROWN","a":"810 BONN","d":"FAYETTEVILLE-PERRY LSD","t":36.96,"l":"500: Res-Vacant Land","c":0}},{"type":"Feature","geometry":{"type":"Polygon","coordinates":[[[-83.969526,39.195293],[-83.969734,39.195064],[-83.969794,39.195018],[-83.970106,39.195289],[-83.969993,39.195482],[-83.969526,39.195293]]]},"properties":{"p":"23-049096.0000","o":"ALLENDER THOMAS","a":"824 KRUPP","d":"FAYETTEVILLE-PERRY LSD","t":4.22,"l":"500: Res-Vacant Land","c":0}},{"type":"Feature","geometry":{"type":"Polygon","coordinates":[[[-83.968974,39.19748],[-83.969527,39.197507],[-83.969489,39.197811],[-83.968906,39.197706],[-83.968967,39.197549],[-83.968974,39.19748]]]},"properties":{"p":"23-049112.0000","o":"KELLY ANN BROWN SPECIAL NEEDS TRUST & RANDY BROWN","a":"834 KRUPP","d":"FAYETTEVILLE-PERRY LSD","t":36.96,"l":"500: Res-Vacant Land","c":0}},{"type":"Feature","geometry":{"type":"Polygon","coordinates":[[[-83.87164,39.180121],[-83.872036,39.181008],[-83.87159,39.180835],[-83.87164,39.180121]]]},"properties":{"p":"23-050208.0000","o":"GROVES RICHARD","a":"MURRAY CORNER RD","d":"FAYETTEVILLE-PERRY LSD","t":37.32,"l":"500: Res-Vacant Land","c":0}},{"type":"Feature","geometry":{"type":"Polygon","coordinates":[[[-83.936246,39.025442],[-83.936597,39.025504],[-83.93658,39.025552],[-83.936526,39.025595],[-83.936461,39.025615],[-83.936384,39.025614],[-83.936315,39.025589],[-83.936268,39.025548],[-83.936244,39.025496],[-83.936246,39.025442]]]},"properties":{"p":"29-055616.0057","o":"GARRISON DAVID LEE","a":"TRABECCA","d":"WESTERN BROWN LSD","t":8.98,"l":"500: Res-Vacant Land","c":0}},{"type":"Feature","geometry":{"type":"Polygon","coordinates":[[[-84.01639,39.007603],[-84.016479,39.007022],[-84.016501,39.006958],[-84.016566,39.006868],[-84.016666,39.006813],[-84.016784,39.006794],[-84.017196,39.006825],[-84.017087,39.007655],[-84.01639,39.007603]]]},"properties":{"p":"29-055796.0100","o":"FAULKNER TONIA & BROWN DANIEL","a":"13417 MEEKER","d":"WESTERN BROWN LSD","t":11.87,"l":"580: Res-Custom Code","c":0}},{"type":"Feature","geometry":{"type":"Polygon","coordinates":[[[-84.014688,39.03267],[-84.014587,39.032997],[-84.013672,39.032916],[-84.013793,39.032512],[-84.014688,39.03267]]]},"properties":{"p":"29-072660.0200","o":"GIBSON DEBORAH","a":"1279 TODDS RUN - FOSTER","d":"WESTERN BROWN LSD","t":4.54,"l":"580: Res-Custom Code","c":0}},{"type":"Feature","geometry":{"type":"Polygon","coordinates":[[[-83.94342,39.026246],[-83.943236,39.026734],[-83.94318,39.026724],[-83.943365,39.026233],[-83.94342,39.026246]]]},"properties":{"p":"30-055616.0014","o":"TUCKER TIMOTHY S & PAMELA M","a":"BOYD","d":"WESTERN BROWN LSD","t":8.25,"l":"500: Res-Vacant Land","c":0}},{"type":"Feature","geometry":{"type":"Polygon","coordinates":[[[-83.892447,38.861465],[-83.893115,38.861575],[-83.893112,38.861644],[-83.892443,38.861534],[-83.892447,38.861465]]]},"properties":{"p":"31-060532.0000","o":"GREEN PROPERTY INVESTMENTS LLC","a":"LAKE","d":"GEORGETOWN EVSD","t":45.54,"l":"500: Res-Vacant Land","c":0}},{"type":"Feature","geometry":{"type":"Polygon","coordinates":[[[-83.902278,38.857417],[-83.901487,38.857012],[-83.90149,38.857005],[-83.902278,38.857417]]]},"properties":{"p":"33-061408.0000","o":"STATE OF OHIO","a":"FREE SOIL RD","d":"GEORGETOWN EVSD","t":17.11,"l":"500: Res-Vacant Land","c":0}},{"type":"Feature","geometry":{"type":"Polygon","coordinates":[[[-83.829744,38.770629],[-83.829648,38.770589],[-83.829521,38.770054],[-83.829744,38.770629]]]},"properties":{"p":"39-073860.0101","o":"JONES SHARON & YANCEY BRYANT","a":"SCHWALLIE RD","d":"RIPLEY-UNION-LEWIS LSD","t":3.97,"l":"100: Agr-Vacant Land","c":0}},{"type":"Feature","geometry":{"type":"Polygon","coordinates":[[[-83.876495,38.794869],[-83.876902,38.795061],[-83.877105,38.795214],[-83.876612,38.795514],[-83.876124,38.795699],[-83.875993,38.795728],[-83.875917,38.7954],[-83.875751,38.795378],[-83.875641,38.795254],[-83.875891,38.79519],[-83.876131,38.795105],[-83.876343,38.794983],[-83.876495,38.794869]]]},"properties":{"p":"39-074672.0300","o":"AMIOT PAUL J","a":"OLD ST RT 68","d":"RIPLEY-UNION-LEWIS LSD","t":20.28,"l":"599: Res-Other","c":0}},{"type":"Feature","geometry":{"type":"Polygon","coordinates":[[[-83.805124,38.746786],[-83.805303,38.746673],[-83.805461,38.746773],[-83.805136,38.746892],[-83.805124,38.746786]]]},"properties":{"p":"39-080792.0000","o":"SCHULER BESS","a":"HOWARD RIDGE","d":"RIPLEY-UNION-LEWIS LSD","t":20.53,"l":"500: Res-Vacant Land","c":0}},{"type":"Feature","geometry":{"type":"Polygon","coordinates":[[[-83.846785,38.751186],[-83.846709,38.751082],[-83.847075,38.750919],[-83.847152,38.751018],[-83.846785,38.751186]]]},"properties":{"p":"41-077272.0000","o":"PLATT JEFFREY","a":"THIRD","d":"RIPLEY-UNION-LEWIS LSD","t":1.07,"l":"500: Res-Vacant Land","c":0}},{"type":"Feature","geometry":{"type":"Polygon","coordinates":[[[-83.847953,38.75102],[-83.848062,38.751181],[-83.8475,38.751405],[-83.847391,38.751243],[-83.847953,38.75102]]]},"properties":{"p":"41-077300.0000","o":"PLATT JEFFREY","a":"THIRD","d":"RIPLEY-UNION-LEWIS LSD","t":2.3,"l":"500: Res-Vacant Land","c":0}},{"type":"Feature","geometry":{"type":"Polygon","coordinates":[[[-83.847152,38.751018],[-83.847412,38.751369],[-83.846089,38.751891],[-83.845823,38.751535],[-83.845881,38.7516],[-83.847152,38.751018]]]},"properties":{"p":"41-077352.0000","o":"PLATT JEFFREY","a":"THIRD REAR","d":"RIPLEY-UNION-LEWIS LSD","t":0.06,"l":"500: Res-Vacant Land","c":0}},{"type":"Feature","geometry":{"type":"Polygon","coordinates":[[[-83.847075,38.750919],[-83.846709,38.751082],[-83.846606,38.750938],[-83.846972,38.750776],[-83.847075,38.750919]]]},"properties":{"p":"41-077620.0000","o":"PLATT JEFFREY & GRAY CARAN","a":"THIRD","d":"RIPLEY-UNION-LEWIS LSD","t":1.77,"l":"500: Res-Vacant Land","c":0}},{"type":"Feature","geometry":{"type":"Polygon","coordinates":[[[-83.846706,38.751077],[-83.846462,38.751185],[-83.84619,38.750859],[-83.84646,38.750733],[-83.846531,38.750836],[-83.846669,38.750775],[-83.846742,38.750878],[-83.846606,38.750938],[-83.846706,38.751077]]]},"properties":{"p":"41-077982.0000","o":"PLATT JEFFREY & CARAN","a":"THIRD","d":"RIPLEY-UNION-LEWIS LSD","t":0.83,"l":"500: Res-Vacant Land","c":0}},{"type":"Feature","geometry":{"type":"Polygon","coordinates":[[[-83.836879,38.735366],[-83.836932,38.735452],[-83.836588,38.735577],[-83.836536,38.735492],[-83.836879,38.735366]]]},"properties":{"p":"41-079504.0000","o":"BLACKBURN CHAD","a":"CATHERINE","d":"RIPLEY-UNION-LEWIS LSD","t":46.98,"l":"500: Res-Vacant Land","c":0}},{"type":"Feature","geometry":{"type":"Polygon","coordinates":[[[-83.8356,38.749661],[-83.835367,38.749287],[-83.835685,38.749162],[-83.835916,38.749551],[-83.8356,38.749661]]]},"properties":{"p":"41-080560.0000","o":"JOLLEY GARY","a":"560 MAIN","d":"RIPLEY-UNION-LEWIS LSD","t":31.72,"l":"510: Res-Single Family","c":0}},{"type":"Feature","geometry":{"type":"Polygon","coordinates":[[[-83.846706,38.751077],[-83.846785,38.751186],[-83.846545,38.751296],[-83.846462,38.751185],[-83.846706,38.751077]]]},"properties":{"p":"41-080900.0000","o":"PLATT JEFFREY & CARAN","a":"THIRD ST REAR","d":"RIPLEY-UNION-LEWIS LSD","t":0.19,"l":"500: Res-Vacant Land","c":0}},{"type":"Feature","geometry":{"type":"Polygon","coordinates":[[[-83.848854,38.752272],[-83.848449,38.752456],[-83.848176,38.752542],[-83.848048,38.752366],[-83.848687,38.751979],[-83.848854,38.752272]]]},"properties":{"p":"41-080960.0000","o":"HAWKIN JOE","a":"* NOT ON FILE *","d":"RIPLEY-UNION-LEWIS LSD","t":46.15,"l":"880: Utl-Personal Property","c":0}},{"type":"Feature","geometry":{"type":"Polygon","coordinates":[[[-83.812818,38.979166],[-83.811447,38.979623],[-83.811885,38.978261],[-83.813041,38.978466],[-83.812818,38.979166]]]},"properties":{"p":"42-081532.0200","o":"ROCKEY BRYAN PAUL","a":"12356 PURDY","d":"EASTERN LSD (BROWN CO.)","t":43,"l":"111: Agr-CAUV-Cash-Grain Farm","c":0}},{"type":"Feature","geometry":{"type":"Polygon","coordinates":[[[-83.78958,39.020209],[-83.789347,39.02021],[-83.789428,39.020077],[-83.78958,39.020209]]]},"properties":{"p":"42-083312.0000","o":"SHEPARD RONALD & VICKY","a":"SARDINIA MOWRYSTOWN","d":"EASTERN LSD (BROWN CO.)","t":13.84,"l":"100: Agr-Vacant Land","c":0}},{"type":"Feature","geometry":{"type":"Polygon","coordinates":[[[-83.80155,39.011154],[-83.801581,39.01114],[-83.801638,39.011291],[-83.802435,39.011328],[-83.803229,39.011306],[-83.803033,39.01211],[-83.802463,39.011956],[-83.802435,39.011355],[-83.801611,39.011317],[-83.80155,39.011154]]]},"properties":{"p":"43-082092.0200","o":"PERSHING GEOFFREY & DIANNE","a":"1240 PLEASANTFIELD","d":"EASTERN LSD (BROWN CO.)","t":12.59,"l":"580: Res-Custom Code","c":0}},{"type":"Feature","geometry":{"type":"Polygon","coordinates":[[[-83.801403,39.010768],[-83.801435,39.010755],[-83.801581,39.01114],[-83.80155,39.011154],[-83.801403,39.010768]]]},"properties":{"p":"43-085436.0100","o":"PERSHING GEOFFREY & DIANNE","a":"PLEASANT","d":"EASTERN LSD (BROWN CO.)","t":0.6,"l":"500: Res-Vacant Land","c":0}},{"type":"Feature","geometry":{"type":"Polygon","coordinates":[[[-83.934995,39.023627],[-83.934586,39.023532],[-83.935179,39.021861],[-83.935618,39.021956],[-83.934995,39.023627]]]},"properties":{"p":"29-054892.0000","o":"GOULD KAREN D & TIMOTHY R BURNS","a":"3511 CARPENTER ROAD","d":"WESTERN BROWN LSD","t":0.3,"l":"599: Res-Other","c":0}},{"type":"Feature","geometry":{"type":"Polygon","coordinates":[[[-83.777663,38.942803],[-83.777645,38.943053],[-83.777508,38.942892],[-83.777574,38.942882],[-83.777663,38.942803]]]},"properties":{"p":"16-036141.0000","o":"RACE JEFFERSON D JR & LAURA","a":"SENATOBIA","d":"EASTERN LSD (BROWN CO.)","t":20.91,"l":"500: Res-Vacant Land","c":0}},{"type":"Feature","geometry":{"type":"Polygon","coordinates":[[[-83.778625,38.954937],[-83.778391,38.955011],[-83.77811,38.954454],[-83.778352,38.954381],[-83.778625,38.954937]]]},"properties":{"p":"08-013284.0000","o":"CRASE DONALD B & PATRICIA M","a":"YUMA DR","d":"EASTERN LSD (BROWN CO.)","t":0.64,"l":"500: Res-Vacant Land","c":0}},{"type":"Feature","geometry":{"type":"Polygon","coordinates":[[[-83.803229,39.011306],[-83.803161,39.012224],[-83.80287,39.012348],[-83.802688,39.012017],[-83.803033,39.01211],[-83.803229,39.011306]]]},"properties":{"p":"43-082092.0700","o":"PERSHING GEOFFREY H & CREMER","a":"PLEASANTFIELD","d":"EASTERN LSD (BROWN CO.)","t":1.44,"l":"500: Res-Vacant Land","c":0}}]}