{"type":"FeatureCollection","features":[{"type":"Feature","geometry":{"type":"MultiPolygon","coordinates":[[[[-80.966548,39.792109],[-80.966564,39.791931],[-80.967212,39.792524],[-80.968331,39.792838],[-80.968892,39.793814],[-80.969547,39.794073],[-80.970376,39.794633],[-80.970593,39.795829],[-80.969938,39.796305],[-80.968487,39.797641],[-80.966061,39.79752],[-80.966548,39.792109]]],[[[-80.971059,39.795906],[-80.971103,39.795423],[-80.974294,39.79793],[-80.97089,39.797761],[-80.971059,39.795906]]]]},"properties":{"p":"01-005006.0000","o":"DALE E FLINN JR ET AL","a":"ATKINSON RUN ROAD","d":"SWITZERLAND OF OHIO LOCAL SCHOOL DISTRICT","t":734.25,"l":"100: Agr-Vacant Land","c":0}},{"type":"Feature","geometry":{"type":"Polygon","coordinates":[[[-81.276574,39.673512],[-81.276324,39.674445],[-81.271974,39.674318],[-81.271857,39.673759],[-81.271817,39.67325],[-81.276574,39.673512]]]},"properties":{"p":"03-001018.0000","o":"GERRY D JR & SAMANTHA ERB SV","a":"39755    CREIGHTON RIDGE        RD","d":"SWITZERLAND OF OHIO LOCAL SCHOOL DISTRICT","t":1058.37,"l":"500: Res-Vacant Land","c":0}},{"type":"Feature","geometry":{"type":"Polygon","coordinates":[[[-81.266681,39.663771],[-81.266726,39.662732],[-81.267796,39.661278],[-81.268789,39.660957],[-81.268675,39.661275],[-81.268536,39.661851],[-81.268278,39.662742],[-81.268031,39.663365],[-81.267885,39.663791],[-81.266681,39.663771]]]},"properties":{"p":"03-008012.0000","o":"WILLIAM MEHL % IRMA FINLAYSON","a":"TOWNSHIP ROAD 293A","d":"SWITZERLAND OF OHIO LOCAL SCHOOL DISTRICT","t":1869.39,"l":"501: Res-Custom Code","c":0}},{"type":"Feature","geometry":{"type":"Polygon","coordinates":[[[-81.266768,39.661794],[-81.266776,39.661608],[-81.267796,39.661278],[-81.267351,39.661883],[-81.266768,39.661794]]]},"properties":{"p":"03-008016.0000","o":"LULU MEHL % IRMA FINLAYSON","a":"TOWNSHIP ROAD 293A","d":"SWITZERLAND OF OHIO LOCAL SCHOOL DISTRICT","t":326.07,"l":"501: Res-Custom Code","c":0}},{"type":"Feature","geometry":{"type":"Polygon","coordinates":[[[-81.121156,39.761992],[-81.121294,39.761735],[-81.121492,39.761798],[-81.12134,39.762079],[-81.121156,39.761992]]]},"properties":{"p":"05-010103.5000","o":"RANDALL & KIMBERLY SEFERT OR SV","a":"HOLIDAY                AV","d":"SWITZERLAND OF OHIO LOCAL SCHOOL DISTRICT","t":319.97,"l":"500: Res-Vacant Land","c":0}},{"type":"Feature","geometry":{"type":"Polygon","coordinates":[[[-81.120971,39.761905],[-81.121097,39.761671],[-81.121294,39.761735],[-81.121156,39.761992],[-81.120971,39.761905]]]},"properties":{"p":"05-010103.6000","o":"RANDALL & KIMBERLY SEFERT OR SV","a":"284    HOLIDAY                AV","d":"SWITZERLAND OF OHIO LOCAL SCHOOL DISTRICT","t":9274.79,"l":"510: Res-Single Family","c":0}},{"type":"Feature","geometry":{"type":"Polygon","coordinates":[[[-81.125022,39.76331],[-81.125196,39.762989],[-81.125289,39.763301],[-81.125379,39.763425],[-81.125022,39.76331]]]},"properties":{"p":"05-020301.7000","o":"OWNER UNKNOWN DO NOT MAIL","a":"HOLIDAY AVENUE","d":"SWITZERLAND OF OHIO LOCAL SCHOOL DISTRICT","t":1335.35,"l":"500: Res-Vacant Land","c":0}},{"type":"Feature","geometry":{"type":"Polygon","coordinates":[[[-81.118094,39.766715],[-81.118254,39.76641],[-81.118452,39.766471],[-81.118292,39.766777],[-81.118094,39.766715]]]},"properties":{"p":"05-100103.4000","o":"COMBINED PROPERTY MANAGEMENT. LLC.","a":"221    CENTER                 ST","d":"SWITZERLAND OF OHIO LOCAL SCHOOL DISTRICT","t":195.95,"l":"518: Res-Custom Code","c":0}},{"type":"Feature","geometry":{"type":"Polygon","coordinates":[[[-81.103074,39.765118],[-81.103493,39.765054],[-81.103548,39.765182],[-81.103169,39.76532],[-81.103074,39.765118]]]},"properties":{"p":"05-180109.3000","o":"COMBINED PROPERTY MANAGEMENT, LLC","a":"318    DEVON                  RD","d":"SWITZERLAND OF OHIO LOCAL SCHOOL DISTRICT","t":96.08,"l":"510: Res-Single Family","c":0}},{"type":"Feature","geometry":{"type":"Polygon","coordinates":[[[-81.100561,39.762895],[-81.101056,39.76285],[-81.101075,39.762975],[-81.100606,39.763075],[-81.100561,39.762895]]]},"properties":{"p":"05-180112.2000","o":"COMBINED PROPERTY MGMT LLC","a":"155    ANDOVER                RD","d":"SWITZERLAND OF OHIO LOCAL SCHOOL DISTRICT","t":1561.21,"l":"510: Res-Single Family","c":0}},{"type":"Feature","geometry":{"type":"Polygon","coordinates":[[[-81.104006,39.757472],[-81.104113,39.757428],[-81.104372,39.757745],[-81.104202,39.757908],[-81.104006,39.757472]]]},"properties":{"p":"05-240103.5000","o":"WARAMA WELLNESS LLC","a":"HILLCREST              DR","d":"SWITZERLAND OF OHIO LOCAL SCHOOL DISTRICT","t":422.61,"l":"500: Res-Vacant Land","c":0}},{"type":"Feature","geometry":{"type":"Polygon","coordinates":[[[-81.10141,39.762245],[-81.101259,39.762157],[-81.101456,39.761862],[-81.101727,39.762021],[-81.10141,39.762245]]]},"properties":{"p":"05-180114.1000","o":"KEITH FIGEL","a":"176    ANDOVER                RD","d":"SWITZERLAND OF OHIO LOCAL SCHOOL DISTRICT","t":1346.28,"l":"510: Res-Single Family","c":0}},{"type":"Feature","geometry":{"type":"Polygon","coordinates":[[[-81.104819,39.77038],[-81.104841,39.769996],[-81.104984,39.770001],[-81.104961,39.770384],[-81.104819,39.77038]]]},"properties":{"p":"05-170208.0000","o":"RICKIE WILLIAMS & PAULA MCINTOSH","a":"330    FAIRGROUND REAR        RD","d":"SWITZERLAND OF OHIO LOCAL SCHOOL DISTRICT","t":2144.7,"l":"518: Res-Custom Code","c":0}},{"type":"Feature","geometry":{"type":"Polygon","coordinates":[[[-81.120918,39.767911],[-81.120646,39.767901],[-81.120662,39.767622],[-81.120949,39.767589],[-81.12093,39.767911],[-81.120918,39.767911]]]},"properties":{"p":"05-140103.9000","o":"HARRIMAN, JAMIE L.","a":"310    GUILFORD               AV","d":"SWITZERLAND OF OHIO LOCAL SCHOOL DISTRICT","t":2046.49,"l":"510: Res-Single Family","c":0}},{"type":"Feature","geometry":{"type":"Polygon","coordinates":[[[-81.122969,39.76711],[-81.1232,39.767118],[-81.123176,39.767519],[-81.122943,39.767548],[-81.122969,39.76711]]]},"properties":{"p":"05-140101.5000","o":"COMBINED PROPERTY MANAGEMENT, LLC","a":"329    GUILFORD               AV","d":"SWITZERLAND OF OHIO LOCAL SCHOOL DISTRICT","t":684.63,"l":"510: Res-Single Family","c":0}},{"type":"Feature","geometry":{"type":"Polygon","coordinates":[[[-81.120443,39.769328],[-81.120408,39.769142],[-81.120721,39.769145],[-81.12076,39.769332],[-81.120443,39.769328]]]},"properties":{"p":"05-130100.5000","o":"OWNER UNKNOWN NO ADDRESS","a":"OAKLAWN                AV","d":"SWITZERLAND OF OHIO LOCAL SCHOOL DISTRICT","t":147.97,"l":"500: Res-Vacant Land","c":0}},{"type":"Feature","geometry":{"type":"Polygon","coordinates":[[[-81.115493,39.766101],[-81.115507,39.766029],[-81.115745,39.766103],[-81.115719,39.766152],[-81.115493,39.766101]]]},"properties":{"p":"05-100301.8000","o":"JAMES III & ELIZA KERNEN OR SV","a":"204    OHIO                   ST","d":"SWITZERLAND OF OHIO LOCAL SCHOOL DISTRICT","t":857.19,"l":"510: Res-Single Family","c":0}},{"type":"Feature","geometry":{"type":"Polygon","coordinates":[[[-81.115215,39.766664],[-81.115242,39.766484],[-81.115417,39.766502],[-81.115386,39.766679],[-81.115215,39.766664]]]},"properties":{"p":"05-100301.2300","o":"BENJAMIN Z PICKENS","a":"NORTH MAIN STREET","d":"SWITZERLAND OF OHIO LOCAL SCHOOL DISTRICT","t":210.5,"l":"510: Res-Single Family","c":0}},{"type":"Feature","geometry":{"type":"Polygon","coordinates":[[[-81.115386,39.766679],[-81.115417,39.766502],[-81.11553,39.766514],[-81.115441,39.766684],[-81.115386,39.766679]]]},"properties":{"p":"05-100301.2200","o":"BENJAMIN Z PICKENS","a":"NORTH MAIN             ST","d":"SWITZERLAND OF OHIO LOCAL SCHOOL DISTRICT","t":217.94,"l":"500: Res-Vacant Land","c":0}},{"type":"Feature","geometry":{"type":"Polygon","coordinates":[[[-81.116485,39.765283],[-81.116673,39.764945],[-81.116836,39.764999],[-81.116651,39.765333],[-81.116485,39.765283]]]},"properties":{"p":"05-090103.1000","o":"DENNIS D CONRAD","a":"203.5    OAKLAWN                AV","d":"SWITZERLAND OF OHIO LOCAL SCHOOL DISTRICT","t":4119.23,"l":"520: Res-Two Family","c":0}},{"type":"Feature","geometry":{"type":"Polygon","coordinates":[[[-81.116651,39.765333],[-81.116836,39.764999],[-81.117,39.765053],[-81.116817,39.765383],[-81.116651,39.765333]]]},"properties":{"p":"05-090103.0000","o":"DAVIS, BRADLEY","a":"205    OAKLAWN                AV","d":"SWITZERLAND OF OHIO LOCAL SCHOOL DISTRICT","t":4374.93,"l":"510: Res-Single Family","c":0}},{"type":"Feature","geometry":{"type":"Polygon","coordinates":[[[-81.121637,39.762243],[-81.121524,39.762165],[-81.121689,39.761861],[-81.122017,39.761967],[-81.121853,39.762271],[-81.121656,39.762208],[-81.121637,39.762243]]]},"properties":{"p":"05-020303.3000","o":"SEFERT, RANDALL & KIMBERLY OR SURV.","a":"HOLIDAY AVE.","d":"SWITZERLAND OF OHIO LOCAL SCHOOL DISTRICT","t":537,"l":"500: Res-Vacant Land","c":0}},{"type":"Feature","geometry":{"type":"Polygon","coordinates":[[[-81.123089,39.761794],[-81.123253,39.76149],[-81.12345,39.761553],[-81.123286,39.761857],[-81.123089,39.761794]]]},"properties":{"p":"05-020203.0000","o":"TERESA PITTMAN","a":"362 W  MARIETTA               ST","d":"SWITZERLAND OF OHIO LOCAL SCHOOL DISTRICT","t":871.6,"l":"518: Res-Custom Code","c":0}},{"type":"Feature","geometry":{"type":"Polygon","coordinates":[[[-81.120742,39.761801],[-81.120015,39.761434],[-81.120066,39.76134],[-81.120877,39.761601],[-81.120765,39.76181],[-81.120742,39.761801]]]},"properties":{"p":"05-010103.8000","o":"SEFERT, RANDALL & KIMBERLY OR SURV.","a":"HOLIDAY                AV","d":"SWITZERLAND OF OHIO LOCAL SCHOOL DISTRICT","t":572.61,"l":"500: Res-Vacant Land","c":0}},{"type":"Feature","geometry":{"type":"Polygon","coordinates":[[[-81.121097,39.761671],[-81.120971,39.761905],[-81.120765,39.76181],[-81.120877,39.761601],[-81.121097,39.761671]]]},"properties":{"p":"05-010103.7000","o":"RANDALL & KIMBERLY SEFERT OR SV","a":"274    HOLIDAY                AV","d":"SWITZERLAND OF OHIO LOCAL SCHOOL DISTRICT","t":411.85,"l":"599: Res-Other","c":0}},{"type":"Feature","geometry":{"type":"Polygon","coordinates":[[[-81.12134,39.762079],[-81.121492,39.761798],[-81.121689,39.761861],[-81.121524,39.762165],[-81.12134,39.762079]]]},"properties":{"p":"05-010103.4000","o":"RANDALL & KIMBERLY SEFERT OR SV","a":"HOLIDAY                AV","d":"SWITZERLAND OF OHIO LOCAL SCHOOL DISTRICT","t":423.17,"l":"500: Res-Vacant Land","c":0}},{"type":"Feature","geometry":{"type":"Polygon","coordinates":[[[-81.096771,39.694762],[-81.096781,39.694639],[-81.097298,39.694719],[-81.097458,39.694577],[-81.09745,39.69416],[-81.097023,39.694152],[-81.096815,39.69413],[-81.096836,39.694012],[-81.09708,39.693429],[-81.097435,39.692951],[-81.099734,39.692548],[-81.09965,39.69442],[-81.097196,39.69478],[-81.096771,39.694762]]]},"properties":{"p":"04-046024.0000","o":"KATIE & GREGORY DIPALMA","a":"TOWNSHIP ROAD 629","d":"SWITZERLAND OF OHIO LOCAL SCHOOL DISTRICT","t":896.98,"l":"100: Agr-Vacant Land","c":0}},{"type":"Feature","geometry":{"type":"Polygon","coordinates":[[[-81.095046,39.688687],[-81.0999,39.68886],[-81.099734,39.692548],[-81.097435,39.692951],[-81.09708,39.693429],[-81.096836,39.694012],[-81.096815,39.69413],[-81.094826,39.693914],[-81.095046,39.688687]]]},"properties":{"p":"04-046001.0000","o":"KATIE & GREGORY DIPALMA","a":"41409    TOWNSHIP ROAD 629","d":"SWITZERLAND OF OHIO LOCAL SCHOOL DISTRICT","t":11787.49,"l":"101: Agr-Cash-Grain Farm","c":0}},{"type":"Feature","geometry":{"type":"Polygon","coordinates":[[[-81.066317,39.702697],[-81.066344,39.702367],[-81.066985,39.702392],[-81.066959,39.702722],[-81.066317,39.702697]]]},"properties":{"p":"04-044012.0000","o":"DAVID P STONEMAN ADDRESS NO GOOD","a":"TOWNSHIP ROAD 455","d":"SWITZERLAND OF OHIO LOCAL SCHOOL DISTRICT","t":166.33,"l":"100: Agr-Vacant Land","c":0}},{"type":"Feature","geometry":{"type":"Polygon","coordinates":[[[-81.106211,39.721624],[-81.106032,39.721568],[-81.105519,39.721451],[-81.105331,39.721387],[-81.105118,39.721255],[-81.10474,39.720922],[-81.104997,39.719875],[-81.107426,39.721691],[-81.107174,39.721829],[-81.107041,39.721857],[-81.106938,39.72186],[-81.106719,39.721816],[-81.106211,39.721624]]]},"properties":{"p":"04-041015.0000","o":"JONES, JUSTIN W. & DEVIN L/E PERRAM, MARY & WAYNE","a":"39709    STATE ROUTE 255","d":"SWITZERLAND OF OHIO LOCAL SCHOOL DISTRICT","t":1631.96,"l":"511: Res-Custom Code","c":0}},{"type":"Feature","geometry":{"type":"Polygon","coordinates":[[[-81.11609,39.733189],[-81.115975,39.733033],[-81.11568,39.732403],[-81.115487,39.732146],[-81.115302,39.731507],[-81.115478,39.731334],[-81.115681,39.731179],[-81.116037,39.730985],[-81.1162,39.730873],[-81.116395,39.730672],[-81.116463,39.730565],[-81.116501,39.730457],[-81.116375,39.733199],[-81.11609,39.733189]]]},"properties":{"p":"04-041011.0000","o":"VERA L WEST ET AL","a":"STATE ROUTE 800","d":"SWITZERLAND OF OHIO LOCAL SCHOOL DISTRICT","t":302.38,"l":"501: Res-Custom Code","c":0}},{"type":"Feature","geometry":{"type":"Polygon","coordinates":[[[-81.091294,39.725066],[-81.091308,39.724796],[-81.09157,39.72493],[-81.091853,39.724994],[-81.092219,39.725013],[-81.092593,39.725005],[-81.093363,39.724805],[-81.093588,39.724689],[-81.093891,39.724384],[-81.094153,39.724054],[-81.094572,39.723753],[-81.094985,39.723486],[-81.094839,39.723648],[-81.094432,39.724172],[-81.093787,39.725122],[-81.093218,39.725135],[-81.091294,39.725066]]]},"properties":{"p":"04-040025.0000","o":"WILLIAM D GALLAGHER AND JOVEL PATALITA GALLAGHER","a":"43330    HOLSTEIN               RD","d":"SWITZERLAND OF OHIO LOCAL SCHOOL DISTRICT","t":948.4,"l":"511: Res-Custom Code","c":0}},{"type":"Feature","geometry":{"type":"Polygon","coordinates":[[[-81.090331,39.741478],[-81.091784,39.741529],[-81.091748,39.742407],[-81.091766,39.742636],[-81.091813,39.742867],[-81.090355,39.742849],[-81.090331,39.741478]]]},"properties":{"p":"04-035021.0000","o":"LLOYD & REBA DAUGHERTY OR SV","a":"44750    SUGARTREE              RD","d":"SWITZERLAND OF OHIO LOCAL SCHOOL DISTRICT","t":455.4,"l":"101: Agr-Cash-Grain Farm","c":0}},{"type":"Feature","geometry":{"type":"Polygon","coordinates":[[[-81.115312,39.739336],[-81.115991,39.739319],[-81.116419,39.739378],[-81.116398,39.739647],[-81.116369,39.739797],[-81.116309,39.739982],[-81.115415,39.739821],[-81.115312,39.739336]]]},"properties":{"p":"04-034020.0000","o":"YOUNG, DONALD & ANGEL, OR SURV.","a":"44564    STATE ROUTE 800","d":"SWITZERLAND OF OHIO LOCAL SCHOOL DISTRICT","t":1201.34,"l":"511: Res-Custom Code","c":0}},{"type":"Feature","geometry":{"type":"Polygon","coordinates":[[[-81.16249,39.761997],[-81.16147,39.762224],[-81.161442,39.761993],[-81.160703,39.761947],[-81.160789,39.75988],[-81.165674,39.759976],[-81.166003,39.760308],[-81.166161,39.760513],[-81.166213,39.76061],[-81.166229,39.76077],[-81.166208,39.760893],[-81.166167,39.761002],[-81.166049,39.761196],[-81.165785,39.761511],[-81.165726,39.76164],[-81.165556,39.762788],[-81.165093,39.76281],[-81.164711,39.762851],[-81.164277,39.762927],[-81.163788,39.763049],[-81.163089,39.761731],[-81.16249,39.761997]]]},"properties":{"p":"04-030005.0000","o":"LAURA J YONTZ","a":"36215    STATE ROUTE 78","d":"SWITZERLAND OF OHIO LOCAL SCHOOL DISTRICT","t":5215.6,"l":"101: Agr-Cash-Grain Farm","c":0}},{"type":"Feature","geometry":{"type":"Polygon","coordinates":[[[-81.15184,39.749842],[-81.151521,39.750364],[-81.150842,39.750123],[-81.151155,39.749599],[-81.15184,39.749842]]]},"properties":{"p":"04-029036.0000","o":"BRIGHT, CRYSTAL D.","a":"36855    BARBER RIDGE           RD","d":"SWITZERLAND OF OHIO LOCAL SCHOOL DISTRICT","t":1974.5,"l":"101: Agr-Cash-Grain Farm","c":0}},{"type":"Feature","geometry":{"type":"Polygon","coordinates":[[[-81.121487,39.753441],[-81.121477,39.753785],[-81.120688,39.753766],[-81.120444,39.753739],[-81.120626,39.753443],[-81.121487,39.753441]]]},"properties":{"p":"04-028017.0000","o":"D ANTHONY & DENISE THOMPSON SV","a":"427 S  MAIN                   ST","d":"SWITZERLAND OF OHIO LOCAL SCHOOL DISTRICT","t":1185.43,"l":"511: Res-Custom Code","c":0}},{"type":"Feature","geometry":{"type":"Polygon","coordinates":[[[-81.120031,39.75479],[-81.120093,39.754613],[-81.120508,39.754655],[-81.120448,39.754833],[-81.120031,39.75479]]]},"properties":{"p":"04-028012.0000","o":"DENNIS D CONRAD","a":"415 S  MAIN                   ST","d":"SWITZERLAND OF OHIO LOCAL SCHOOL DISTRICT","t":1440.25,"l":"511: Res-Custom Code","c":0}},{"type":"Feature","geometry":{"type":"Polygon","coordinates":[[[-81.114255,39.754464],[-81.114246,39.753873],[-81.114641,39.753891],[-81.114591,39.75447],[-81.114434,39.754478],[-81.114255,39.754464]]]},"properties":{"p":"04-027040.0000","o":"JASON BLAKE","a":"606 S  FOURTH                 ST","d":"SWITZERLAND OF OHIO LOCAL SCHOOL DISTRICT","t":614.58,"l":"511: Res-Custom Code","c":0}},{"type":"Feature","geometry":{"type":"Polygon","coordinates":[[[-81.081064,39.749496],[-81.081012,39.748966],[-81.081642,39.748988],[-81.081676,39.749524],[-81.081064,39.749496]]]},"properties":{"p":"04-026012.0000","o":"SCHELLEY M SCOTT","a":"45201    SUGARTREE              RD","d":"SWITZERLAND OF OHIO LOCAL SCHOOL DISTRICT","t":58.98,"l":"511: Res-Custom Code","c":0}},{"type":"Feature","geometry":{"type":"Polygon","coordinates":[[[-81.079489,39.777093],[-81.080502,39.776852],[-81.080471,39.777411],[-81.07987,39.777529],[-81.079459,39.777642],[-81.079489,39.777093]]]},"properties":{"p":"04-014001.0000","o":"RITA S MCCASLIN","a":"47300    STATE ROUTE 26","d":"SWITZERLAND OF OHIO LOCAL SCHOOL DISTRICT","t":2464.69,"l":"599: Res-Other","c":0}},{"type":"Feature","geometry":{"type":"Polygon","coordinates":[[[-81.059867,39.775753],[-81.060164,39.775838],[-81.060252,39.775884],[-81.060337,39.775959],[-81.060391,39.776033],[-81.060433,39.776138],[-81.060503,39.776509],[-81.060536,39.7766],[-81.060603,39.776675],[-81.060731,39.776753],[-81.060545,39.776927],[-81.060461,39.777047],[-81.060403,39.777168],[-81.060366,39.777319],[-81.060347,39.777768],[-81.057939,39.777463],[-81.057724,39.777457],[-81.056551,39.778326],[-81.055909,39.778623],[-81.055961,39.77774],[-81.059867,39.775753]]]},"properties":{"p":"04-012014.0000","o":"POSTLE, BRAD","a":"42064    SUNFISH CREEK","d":"SWITZERLAND OF OHIO LOCAL SCHOOL DISTRICT","t":2260.31,"l":"101: Agr-Cash-Grain Farm","c":0}},{"type":"Feature","geometry":{"type":"Polygon","coordinates":[[[-81.108473,39.804814],[-81.105813,39.804721],[-81.105531,39.804081],[-81.105502,39.803329],[-81.105229,39.802985],[-81.106178,39.802723],[-81.106404,39.802687],[-81.106429,39.802216],[-81.107277,39.802752],[-81.107639,39.802946],[-81.108074,39.803209],[-81.108382,39.803334],[-81.108787,39.803392],[-81.108725,39.804823],[-81.108473,39.804814]]]},"properties":{"p":"04-008025.0000","o":"DAVID LAIME","a":"FORTY & EIGHT          RD","d":"SWITZERLAND OF OHIO LOCAL SCHOOL DISTRICT","t":1153.12,"l":"100: Agr-Vacant Land","c":0}},{"type":"Feature","geometry":{"type":"Polygon","coordinates":[[[-81.10473,39.804683],[-81.10224,39.800315],[-81.101421,39.799574],[-81.101425,39.799376],[-81.101313,39.798554],[-81.101291,39.797733],[-81.101269,39.797545],[-81.1012,39.79727],[-81.101808,39.79729],[-81.10184,39.79686],[-81.102191,39.797214],[-81.102414,39.797692],[-81.102705,39.798124],[-81.103259,39.798555],[-81.104433,39.799135],[-81.104579,39.799885],[-81.105188,39.800572],[-81.105687,39.800531],[-81.105834,39.800755],[-81.105997,39.801248],[-81.106006,39.801415],[-81.106053,39.801558],[-81.106216,39.801918],[-81.106429,39.802216],[-81.106404,39.802687],[-81.106178,39.802723],[-81.105229,39.802985],[-81.105502,39.803329],[-81.105531,39.804081],[-81.105813,39.804721],[-81.10473,39.804683]]]},"properties":{"p":"04-008024.0000","o":"DAVID LAIME","a":"48692    TOWNSHIP ROAD 81","d":"SWITZERLAND OF OHIO LOCAL SCHOOL DISTRICT","t":6879.78,"l":"101: Agr-Cash-Grain Farm","c":0}},{"type":"Feature","geometry":{"type":"Polygon","coordinates":[[[-81.096766,39.804422],[-81.096885,39.802351],[-81.097948,39.802775],[-81.097427,39.803336],[-81.097863,39.803473],[-81.097673,39.804014],[-81.097665,39.804451],[-81.096766,39.804422]]]},"properties":{"p":"04-008016.0000","o":"SOLSBURY HILL TRUST J FIFE TRUSTEE","a":"MOORE RIDGE            RD","d":"SWITZERLAND OF OHIO LOCAL SCHOOL DISTRICT","t":132.27,"l":"100: Agr-Vacant Land","c":0}},{"type":"Feature","geometry":{"type":"Polygon","coordinates":[[[-81.274282,39.607578],[-81.273885,39.607569],[-81.273891,39.607404],[-81.274317,39.607414],[-81.274311,39.607578],[-81.274282,39.607578]]]},"properties":{"p":"03-027026.0000","o":"RAINER, JOE & NELLISSA OR SURV","a":"30655    LEBANON                RD","d":"SWITZERLAND OF OHIO LOCAL SCHOOL DISTRICT","t":2055.49,"l":"510: Res-Single Family","c":0}},{"type":"Feature","geometry":{"type":"Polygon","coordinates":[[[-81.223609,39.630809],[-81.223501,39.63064],[-81.22353,39.630623],[-81.223656,39.63082],[-81.223624,39.630832],[-81.223609,39.630809]]]},"properties":{"p":"03-013012.1000","o":"ERNEST H TIMMS JR","a":"STATE ROUTE 537","d":"SWITZERLAND OF OHIO LOCAL SCHOOL DISTRICT","t":12.43,"l":"501: Res-Custom Code","c":0}},{"type":"Feature","geometry":{"type":"Polygon","coordinates":[[[-81.266768,39.661794],[-81.267351,39.661883],[-81.266726,39.662732],[-81.266768,39.661794]]]},"properties":{"p":"03-008015.0000","o":"CONSTANCE E BOOKE ADDRESS NO GOOD","a":"OFF TOWNSHIP ROAD 293A","d":"SWITZERLAND OF OHIO LOCAL SCHOOL DISTRICT","t":147.82,"l":"501: Res-Custom Code","c":0}},{"type":"Feature","geometry":{"type":"Polygon","coordinates":[[[-81.277877,39.663956],[-81.278037,39.663785],[-81.27818,39.663544],[-81.278459,39.662671],[-81.278661,39.662228],[-81.278858,39.66191],[-81.279277,39.661412],[-81.27945,39.661169],[-81.28017,39.659891],[-81.280446,39.659477],[-81.281468,39.659519],[-81.281281,39.664035],[-81.277877,39.663956]]]},"properties":{"p":"03-008007.0000","o":"TROTTER, SHANE C.","a":"STATE ROUTE 260","d":"SWITZERLAND OF OHIO LOCAL SCHOOL DISTRICT","t":584.41,"l":"120: Agr-Timber","c":0}},{"type":"Feature","geometry":{"type":"Polygon","coordinates":[[[-81.129697,39.581098],[-81.129653,39.582267],[-81.129651,39.582962],[-81.128058,39.582901],[-81.128995,39.581091],[-81.129697,39.581098]]]},"properties":{"p":"02-024020.0000","o":"RICHARD K MCCOLLUM","a":"OLD CAMP","d":"SWITZERLAND OF OHIO LOCAL SCHOOL DISTRICT","t":147.25,"l":"100: Agr-Vacant Land","c":0}},{"type":"Feature","geometry":{"type":"Polygon","coordinates":[[[-81.093784,39.576696],[-81.093791,39.576541],[-81.094812,39.57658],[-81.094585,39.581714],[-81.09357,39.581748],[-81.093561,39.581312],[-81.093671,39.580977],[-81.093708,39.580671],[-81.093707,39.580436],[-81.093743,39.580046],[-81.093706,39.579729],[-81.093598,39.579275],[-81.09361,39.578969],[-81.093744,39.578634],[-81.093917,39.578465],[-81.093978,39.578308],[-81.093972,39.578142],[-81.093924,39.577998],[-81.093725,39.57799],[-81.093784,39.576696]]]},"properties":{"p":"02-022006.0000","o":"SIERRA N RAPER * C/O DEANNA RAPER HINKLE","a":"33209    BIG LICK               RD","d":"SWITZERLAND OF OHIO LOCAL SCHOOL DISTRICT","t":1019.79,"l":"512: Res-Custom Code","c":0}},{"type":"Feature","geometry":{"type":"Polygon","coordinates":[[[-81.037758,39.575183],[-81.037793,39.575145],[-81.03779,39.575183],[-81.037758,39.575183]]]},"properties":{"p":"02-019001.0000","o":"SIDNEY BARR - ADDRESS NO GOOD C/O JIMMY ZEIER","a":"SMITTYS HOLLOW         RD","d":"SWITZERLAND OF OHIO LOCAL SCHOOL DISTRICT","t":322.68,"l":"501: Res-Custom Code","c":0}},{"type":"Feature","geometry":{"type":"Polygon","coordinates":[[[-81.03667,39.575164],[-81.036592,39.575162],[-81.036622,39.574665],[-81.037823,39.574686],[-81.037793,39.575145],[-81.037758,39.575183],[-81.03667,39.575164]]]},"properties":{"p":"02-019001.0000","o":"SIDNEY BARR - ADDRESS NO GOOD C/O JIMMY ZEIER","a":"SMITTYS HOLLOW         RD","d":"SWITZERLAND OF OHIO LOCAL SCHOOL DISTRICT","t":322.68,"l":"501: Res-Custom Code","c":0}},{"type":"Feature","geometry":{"type":"MultiPolygon","coordinates":[[[[-80.943433,39.767619],[-80.94358,39.76758],[-80.943905,39.767594],[-80.943875,39.768001],[-80.943406,39.767981],[-80.943433,39.767619]]],[[[-80.94338,39.768343],[-80.943393,39.768162],[-80.943862,39.768182],[-80.943849,39.768363],[-80.94338,39.768343]]]]},"properties":{"p":"01-026074.1000","o":"JOHN A GILLEPSIE","a":"MAIN STREET","d":"SWITZERLAND OF OHIO LOCAL SCHOOL DISTRICT","t":147.36,"l":"500: Res-Vacant Land","c":0}},{"type":"Feature","geometry":{"type":"Polygon","coordinates":[[[-80.987479,39.747899],[-80.987493,39.74771],[-80.988416,39.747733],[-80.988351,39.747921],[-80.987479,39.747899]]]},"properties":{"p":"01-023067.0000","o":"DEVON HEPBURN","a":"STATE ROUTE 78","d":"SWITZERLAND OF OHIO LOCAL SCHOOL DISTRICT","t":47.13,"l":"501: Res-Custom Code","c":0}},{"type":"Feature","geometry":{"type":"Polygon","coordinates":[[[-81.001461,39.749002],[-81.001402,39.748803],[-81.001329,39.748788],[-81.001146,39.748943],[-81.000533,39.748828],[-81.000684,39.748237],[-81.003749,39.748382],[-81.003453,39.74915],[-81.002509,39.748722],[-81.00214,39.74913],[-81.001461,39.749002]]]},"properties":{"p":"01-023054.0000","o":"STARLIGHT INVESTMENTS LLC","a":"45325    STATE ROUTE 78","d":"SWITZERLAND OF OHIO LOCAL SCHOOL DISTRICT","t":2566.32,"l":"447: Com-Office","c":0}},{"type":"Feature","geometry":{"type":"Polygon","coordinates":[[[-80.997588,39.740845],[-80.997433,39.742478],[-80.998367,39.742865],[-80.999507,39.743175],[-81.000083,39.74469],[-81.000449,39.744987],[-81.00037,39.745389],[-81.000627,39.745987],[-81.0001,39.748212],[-80.99846,39.748143],[-80.997928,39.747711],[-80.997652,39.747416],[-80.997262,39.747695],[-80.99701,39.747574],[-80.99676,39.747423],[-80.996907,39.7471],[-80.996914,39.747027],[-80.997129,39.746956],[-80.997144,39.746593],[-80.997029,39.74659],[-80.997588,39.740845]]]},"properties":{"p":"01-023046.0000","o":"JASON B & SHAUNA FISHER OR SV","a":"45489    STATE ROUTE 78","d":"SWITZERLAND OF OHIO LOCAL SCHOOL DISTRICT","t":59.02,"l":"101: Agr-Cash-Grain Farm","c":0}},{"type":"Feature","geometry":{"type":"Polygon","coordinates":[[[-81.000684,39.748237],[-81.0001,39.748212],[-81.000627,39.745987],[-81.001927,39.745638],[-81.001807,39.746868],[-81.001687,39.747537],[-81.001522,39.748271],[-81.000684,39.748237]]]},"properties":{"p":"01-023044.0000","o":"LINDA & SHEENA DULANEY % SHEENA FUNKHOUSER","a":"45560    HENTHORN               RD","d":"SWITZERLAND OF OHIO LOCAL SCHOOL DISTRICT","t":1224.71,"l":"518: Res-Custom Code","c":0}},{"type":"Feature","geometry":{"type":"Polygon","coordinates":[[[-80.981625,39.752738],[-80.980614,39.753223],[-80.979053,39.751969],[-80.979593,39.751459],[-80.981625,39.752738]]]},"properties":{"p":"01-022028.0000","o":"JESSICA A SKELTON ET AL","a":"46532    STATE ROUTE 78","d":"SWITZERLAND OF OHIO LOCAL SCHOOL DISTRICT","t":730.5,"l":"518: Res-Custom Code","c":0}},{"type":"Feature","geometry":{"type":"Polygon","coordinates":[[[-80.938836,39.783706],[-80.939013,39.781514],[-80.940368,39.781585],[-80.940174,39.783776],[-80.938836,39.783706]]]},"properties":{"p":"01-007006.0000","o":"RICHARD S SHREVES","a":"48180    PAINES RUN","d":"SWITZERLAND OF OHIO LOCAL SCHOOL DISTRICT","t":606.41,"l":"101: Agr-Cash-Grain Farm","c":0}},{"type":"Feature","geometry":{"type":"Polygon","coordinates":[[[-80.962082,39.78827],[-80.962216,39.78651],[-80.96703,39.786743],[-80.966529,39.792314],[-80.966223,39.791912],[-80.965983,39.791635],[-80.965809,39.791441],[-80.965624,39.791274],[-80.961674,39.793629],[-80.962082,39.78827]]]},"properties":{"p":"01-006010.0000","o":"DALE E FLINN JR ET AL","a":"48599    ATKINSON RUN","d":"SWITZERLAND OF OHIO LOCAL SCHOOL DISTRICT","t":2604.04,"l":"101: Agr-Cash-Grain Farm","c":0}},{"type":"Feature","geometry":{"type":"Polygon","coordinates":[[[-81.092091,39.759621],[-81.092053,39.759469],[-81.093116,39.759498],[-81.093131,39.760203],[-81.092844,39.760103],[-81.092607,39.759992],[-81.092282,39.759801],[-81.092091,39.759621]]]},"properties":{"p":"05-260101.9000","o":"DENNIS D CONRAD","a":"1062    EASTERN                AV","d":"SWITZERLAND OF OHIO LOCAL SCHOOL DISTRICT","t":887.07,"l":"511: Res-Custom Code","c":0}},{"type":"Feature","geometry":{"type":"MultiPolygon","coordinates":[[[[-81.091921,39.75786],[-81.091924,39.757809],[-81.095921,39.75791],[-81.095843,39.759425],[-81.095029,39.759499],[-81.094293,39.759517],[-81.091811,39.759463],[-81.091921,39.75786]]],[[[-81.090999,39.760933],[-81.091049,39.760201],[-81.092091,39.759621],[-81.092282,39.759801],[-81.092607,39.759992],[-81.092952,39.760147],[-81.093342,39.760258],[-81.093806,39.760347],[-81.094504,39.760445],[-81.095253,39.760512],[-81.095786,39.760529],[-81.095736,39.761515],[-81.090968,39.761383],[-81.090999,39.760933]]]]},"properties":{"p":"05-260100.7000","o":"DENNIS D CONRAD","a":"1021    EASTERN                AV","d":"SWITZERLAND OF OHIO LOCAL SCHOOL DISTRICT","t":6095.29,"l":"514: Res-Custom Code","c":0}},{"type":"Feature","geometry":{"type":"Polygon","coordinates":[[[-81.104078,39.763152],[-81.104112,39.763365],[-81.103699,39.763467],[-81.103779,39.763158],[-81.104078,39.763152]]]},"properties":{"p":"05-180200.8000","o":"KYLE & BRITTANY PIATT OR SV","a":"OFF ANDOVER RD.","d":"SWITZERLAND OF OHIO LOCAL SCHOOL DISTRICT","t":25.28,"l":"500: Res-Vacant Land","c":0}},{"type":"Feature","geometry":{"type":"Polygon","coordinates":[[[-81.10524,39.765372],[-81.105599,39.765193],[-81.105298,39.764896],[-81.105124,39.764764],[-81.105109,39.764702],[-81.105238,39.76452],[-81.105333,39.764315],[-81.105994,39.764535],[-81.106114,39.765161],[-81.106825,39.765177],[-81.106735,39.766686],[-81.105632,39.766678],[-81.105608,39.766217],[-81.105561,39.765969],[-81.105441,39.765669],[-81.10524,39.765372]]]},"properties":{"p":"05-180200.1000","o":"DENNIS D CONRAD","a":"MAPLE AVE.","d":"SWITZERLAND OF OHIO LOCAL SCHOOL DISTRICT","t":244.75,"l":"500: Res-Vacant Land","c":0}},{"type":"Feature","geometry":{"type":"Polygon","coordinates":[[[-81.104986,39.765121],[-81.105298,39.764896],[-81.105457,39.76504],[-81.10512,39.765242],[-81.104986,39.765121]]]},"properties":{"p":"05-180102.8000","o":"DENNIS D CONRAD","a":"113    ANDOVER                RD","d":"SWITZERLAND OF OHIO LOCAL SCHOOL DISTRICT","t":5076.9,"l":"510: Res-Single Family","c":0}},{"type":"Feature","geometry":{"type":"Polygon","coordinates":[[[-81.109702,39.759039],[-81.109654,39.75923],[-81.109309,39.759178],[-81.109346,39.759027],[-81.109702,39.759039]]]},"properties":{"p":"05-270100.1000","o":"ERIC W SAFFELL","a":"123    HOME                   AV","d":"SWITZERLAND OF OHIO LOCAL SCHOOL DISTRICT","t":1196.39,"l":"510: Res-Single Family","c":0}},{"type":"Feature","geometry":{"type":"Polygon","coordinates":[[[-81.109166,39.75975],[-81.109201,39.759607],[-81.109621,39.759669],[-81.109585,39.759812],[-81.109166,39.75975]]]},"properties":{"p":"05-270100.5000","o":"DEBRA S MIDCAP","a":"115    HOME                   AV","d":"SWITZERLAND OF OHIO LOCAL SCHOOL DISTRICT","t":1726.63,"l":"510: Res-Single Family","c":0}},{"type":"Feature","geometry":{"type":"Polygon","coordinates":[[[-81.10913,39.759893],[-81.109166,39.75975],[-81.109585,39.759812],[-81.109549,39.759955],[-81.10913,39.759893]]]},"properties":{"p":"05-270100.6000","o":"HEATHER D CRAYCRAFT & LAIKYN M CRAYCRAFT OR SV","a":"113    HOME                   AV","d":"SWITZERLAND OF OHIO LOCAL SCHOOL DISTRICT","t":2712.69,"l":"510: Res-Single Family","c":0}},{"type":"Feature","geometry":{"type":"Polygon","coordinates":[[[-81.10938,39.76063],[-81.109372,39.760661],[-81.108953,39.760599],[-81.108987,39.760464],[-81.109406,39.760527],[-81.10938,39.76063]]]},"properties":{"p":"05-270101.1000","o":"CHARLES R & MARCY HOWELL","a":"103    HOME                   AV","d":"SWITZERLAND OF OHIO LOCAL SCHOOL DISTRICT","t":631.64,"l":"510: Res-Single Family","c":0}},{"type":"Feature","geometry":{"type":"Polygon","coordinates":[[[-81.112459,39.758781],[-81.112621,39.758476],[-81.112819,39.758539],[-81.112656,39.758844],[-81.112459,39.758781]]]},"properties":{"p":"05-280104.2000","o":"KUMAR, SHASHI","a":"413    HIGH                   ST","d":"SWITZERLAND OF OHIO LOCAL SCHOOL DISTRICT","t":2660.66,"l":"510: Res-Single Family","c":0}},{"type":"Feature","geometry":{"type":"Polygon","coordinates":[[[-81.114302,39.758788],[-81.114383,39.758635],[-81.11458,39.758698],[-81.114499,39.75885],[-81.114302,39.758788]]]},"properties":{"p":"05-280105.5000","o":"COMBINED PROPERTY MANAGEMENT, LLC","a":"306 E  MARIETTA               ST","d":"SWITZERLAND OF OHIO LOCAL SCHOOL DISTRICT","t":4119.08,"l":"510: Res-Single Family","c":0}},{"type":"Feature","geometry":{"type":"Polygon","coordinates":[[[-81.111356,39.757945],[-81.111498,39.757691],[-81.111699,39.757749],[-81.111559,39.758003],[-81.111356,39.757945]]]},"properties":{"p":"05-280201.7000","o":"Janie Arman","a":"502 E  MARIETTA               ST","d":"SWITZERLAND OF OHIO LOCAL SCHOOL DISTRICT","t":3209.09,"l":"510: Res-Single Family","c":0}},{"type":"Feature","geometry":{"type":"Polygon","coordinates":[[[-81.115196,39.761168],[-81.11514,39.761269],[-81.114736,39.761141],[-81.114794,39.761041],[-81.115196,39.761168]]]},"properties":{"p":"05-290101.3100","o":"SANDRA KAY MONAHAN","a":"108 S  PAUL                   ST","d":"SWITZERLAND OF OHIO LOCAL SCHOOL DISTRICT","t":605.86,"l":"510: Res-Single Family","c":0}},{"type":"Feature","geometry":{"type":"Polygon","coordinates":[[[-81.11455,39.760838],[-81.114696,39.760573],[-81.114855,39.760624],[-81.114709,39.760889],[-81.11455,39.760838]]]},"properties":{"p":"05-290101.9000","o":"COMBINED PROPERTY MANAGEMENT, LLC","a":"204 E  CHURCH                 ST","d":"SWITZERLAND OF OHIO LOCAL SCHOOL DISTRICT","t":228.16,"l":"510: Res-Single Family","c":0}},{"type":"Feature","geometry":{"type":"Polygon","coordinates":[[[-81.110141,39.761802],[-81.110308,39.76144],[-81.110474,39.761469],[-81.110301,39.761848],[-81.110141,39.761802]]]},"properties":{"p":"05-290105.4000","o":"DENNIS D CONRAD","a":"307    EASTERN                AV","d":"SWITZERLAND OF OHIO LOCAL SCHOOL DISTRICT","t":2239.83,"l":"510: Res-Single Family","c":0}},{"type":"Feature","geometry":{"type":"Polygon","coordinates":[[[-81.11054,39.761918],[-81.110691,39.761538],[-81.110812,39.76156],[-81.110693,39.761963],[-81.11054,39.761918]]]},"properties":{"p":"05-290105.6000","o":"CHRISTOPHER J PLOTNER","a":"301    EASTERN                AV","d":"SWITZERLAND OF OHIO LOCAL SCHOOL DISTRICT","t":4895.1,"l":"510: Res-Single Family","c":0}},{"type":"Feature","geometry":{"type":"Polygon","coordinates":[[[-81.110693,39.761963],[-81.110812,39.76156],[-81.110864,39.76157],[-81.110773,39.761986],[-81.110693,39.761963]]]},"properties":{"p":"05-290105.7000","o":"CHRISTOPHER J PLOTNER","a":"EASTERN                AV","d":"SWITZERLAND OF OHIO LOCAL SCHOOL DISTRICT","t":146.34,"l":"500: Res-Vacant Land","c":0}},{"type":"Feature","geometry":{"type":"Polygon","coordinates":[[[-81.11426,39.758433],[-81.11444,39.758097],[-81.114637,39.758159],[-81.114457,39.758496],[-81.11426,39.758433]]]},"properties":{"p":"05-310100.4000","o":"COMBINED PROPERTY MANAGEMENT, LLC","a":"E  MARIETTA               ST","d":"SWITZERLAND OF OHIO LOCAL SCHOOL DISTRICT","t":53.59,"l":"500: Res-Vacant Land","c":0}},{"type":"Feature","geometry":{"type":"Polygon","coordinates":[[[-81.114313,39.758057],[-81.11444,39.758097],[-81.11426,39.758433],[-81.114112,39.758386],[-81.114292,39.75805],[-81.114313,39.758057]]]},"properties":{"p":"05-310100.5000","o":"COMBINED PROPERTY MANAGEMENT, LLC","a":"401 E  MARIETTA               ST","d":"SWITZERLAND OF OHIO LOCAL SCHOOL DISTRICT","t":1477.46,"l":"510: Res-Single Family","c":0}},{"type":"Feature","geometry":{"type":"Polygon","coordinates":[[[-81.113193,39.757838],[-81.113076,39.758057],[-81.112879,39.757994],[-81.113058,39.757658],[-81.113256,39.75772],[-81.113193,39.757838]]]},"properties":{"p":"05-310101.1000","o":"GARY CURTIS RAMSAY","a":"415 E  MARIETTA               ST","d":"SWITZERLAND OF OHIO LOCAL SCHOOL DISTRICT","t":3957.77,"l":"510: Res-Single Family","c":0}},{"type":"Feature","geometry":{"type":"Polygon","coordinates":[[[-81.11853,39.757591],[-81.118143,39.757464],[-81.118227,39.757312],[-81.118619,39.757441],[-81.11853,39.757591]]]},"properties":{"p":"05-320100.3000","o":"A.R.O.W. LLC","a":"324 S  MAIN                   ST","d":"SWITZERLAND OF OHIO LOCAL SCHOOL DISTRICT","t":87.14,"l":"510: Res-Single Family","c":0}},{"type":"Feature","geometry":{"type":"Polygon","coordinates":[[[-81.114301,39.754943],[-81.113928,39.754923],[-81.113956,39.754756],[-81.114381,39.754788],[-81.114354,39.754946],[-81.114301,39.754943]]]},"properties":{"p":"05-330101.5000","o":"KEITH D & CHERRI L ROBINSON SV","a":"600 S  FOURTH                 ST","d":"SWITZERLAND OF OHIO LOCAL SCHOOL DISTRICT","t":2331.79,"l":"510: Res-Single Family","c":0}},{"type":"Feature","geometry":{"type":"Polygon","coordinates":[[[-81.114185,39.755612],[-81.114132,39.755917],[-81.113919,39.755917],[-81.113972,39.755612],[-81.114185,39.755612]]]},"properties":{"p":"05-330200.9000","o":"BLAKE, TERRY SCOTT","a":"S  FOURTH                 ST","d":"SWITZERLAND OF OHIO LOCAL SCHOOL DISTRICT","t":98.58,"l":"500: Res-Vacant Land","c":0}},{"type":"Feature","geometry":{"type":"Polygon","coordinates":[[[-81.113972,39.755612],[-81.113919,39.755917],[-81.113705,39.755917],[-81.113758,39.755612],[-81.113972,39.755612]]]},"properties":{"p":"05-330201.0000","o":"BLAKE, TERRY SCOTT","a":"S  HIGH                   ST","d":"SWITZERLAND OF OHIO LOCAL SCHOOL DISTRICT","t":88.72,"l":"500: Res-Vacant Land","c":0}},{"type":"Feature","geometry":{"type":"Polygon","coordinates":[[[-81.113545,39.755613],[-81.113758,39.755612],[-81.113705,39.755917],[-81.113492,39.755918],[-81.113545,39.755613]]]},"properties":{"p":"05-330201.1000","o":"BLAKE, TERRY SCOTT","a":"504 S  HIGH                   ST","d":"SWITZERLAND OF OHIO LOCAL SCHOOL DISTRICT","t":98.58,"l":"510: Res-Single Family","c":0}},{"type":"Feature","geometry":{"type":"Polygon","coordinates":[[[-81.113331,39.755613],[-81.113545,39.755613],[-81.113492,39.755918],[-81.113278,39.755918],[-81.113331,39.755613]]]},"properties":{"p":"05-330201.2000","o":"TERRY BLAKE","a":"S  FOURTH                 ST","d":"SWITZERLAND OF OHIO LOCAL SCHOOL DISTRICT","t":398.04,"l":"510: Res-Single Family","c":0}},{"type":"Feature","geometry":{"type":"Polygon","coordinates":[[[-81.113118,39.755613],[-81.113331,39.755613],[-81.113278,39.755918],[-81.113065,39.755919],[-81.113118,39.755613]]]},"properties":{"p":"05-330201.3000","o":"TERRY BLAKE","a":"S  HIGH                   ST","d":"SWITZERLAND OF OHIO LOCAL SCHOOL DISTRICT","t":88.72,"l":"500: Res-Vacant Land","c":0}},{"type":"Feature","geometry":{"type":"Polygon","coordinates":[[[-81.112852,39.755914],[-81.112904,39.755614],[-81.113118,39.755613],[-81.113065,39.755919],[-81.112852,39.755914]]]},"properties":{"p":"05-330201.4000","o":"TERRY BLAKE","a":"S  HIGH                   ST","d":"SWITZERLAND OF OHIO LOCAL SCHOOL DISTRICT","t":88.72,"l":"500: Res-Vacant Land","c":0}},{"type":"Feature","geometry":{"type":"Polygon","coordinates":[[[-81.112904,39.755614],[-81.112852,39.755919],[-81.112743,39.755919],[-81.112672,39.7557],[-81.112904,39.755614]]]},"properties":{"p":"05-330201.5000","o":"TERRY BLAKE","a":"S  HIGH                   ST","d":"SWITZERLAND OF OHIO LOCAL SCHOOL DISTRICT","t":47.77,"l":"500: Res-Vacant Land","c":0}},{"type":"Feature","geometry":{"type":"Polygon","coordinates":[[[-81.11334,39.755513],[-81.113394,39.755199],[-81.113608,39.755199],[-81.11355,39.755531],[-81.113337,39.755531],[-81.11334,39.755513]]]},"properties":{"p":"05-330202.3000","o":"TERRY BLAKE","a":"507 S  HIGH                   ST","d":"SWITZERLAND OF OHIO LOCAL SCHOOL DISTRICT","t":684.63,"l":"510: Res-Single Family","c":0}},{"type":"Feature","geometry":{"type":"Polygon","coordinates":[[[-81.118416,39.75977],[-81.118579,39.759474],[-81.118799,39.759544],[-81.118636,39.75984],[-81.118416,39.75977]]]},"properties":{"p":"05-340101.5000","o":"FRANCIS E WINLAND JR & SHERRY WINLAND OR SV","a":"W  MARIETTA               ST","d":"SWITZERLAND OF OHIO LOCAL SCHOOL DISTRICT","t":384.67,"l":"510: Res-Single Family","c":0}},{"type":"Feature","geometry":{"type":"Polygon","coordinates":[[[-81.116247,39.759741],[-81.116293,39.759657],[-81.116722,39.759798],[-81.116676,39.759882],[-81.116247,39.759741]]]},"properties":{"p":"05-370401.8000","o":"CONNIE HARRIMAN % CONNIE PISULA","a":"213 S  PAUL                   ST","d":"SWITZERLAND OF OHIO LOCAL SCHOOL DISTRICT","t":282.72,"l":"510: Res-Single Family","c":0}},{"type":"Feature","geometry":{"type":"Polygon","coordinates":[[[-81.11648,39.761286],[-81.116446,39.761348],[-81.116225,39.761275],[-81.116259,39.761213],[-81.11648,39.761286]]]},"properties":{"p":"05-370501.2000","o":"RANDALL D & KIMBERLY SEFERT SV","a":"158    SOUTH MAIN             ST","d":"SWITZERLAND OF OHIO LOCAL SCHOOL DISTRICT","t":2885.76,"l":"447: Com-Office","c":0}},{"type":"Feature","geometry":{"type":"Polygon","coordinates":[[[-81.303051,39.766323],[-81.302986,39.768766],[-81.301146,39.769288],[-81.30151,39.766304],[-81.303051,39.766323]]]},"properties":{"p":"06-001005.0000","o":"JUANITA M SARVER","a":"REAR TOWNSHIP ROAD 245","d":"SWITZERLAND OF OHIO LOCAL SCHOOL DISTRICT","t":495.44,"l":"100: Agr-Vacant Land","c":0}},{"type":"Feature","geometry":{"type":"Polygon","coordinates":[[[-81.30151,39.766304],[-81.302056,39.761821],[-81.30288,39.761583],[-81.303155,39.761532],[-81.303051,39.766323],[-81.30151,39.766304]]]},"properties":{"p":"06-006018.0000","o":"JUANITA M SARVER","a":"28824    TOWNSHIP ROAD 245","d":"SWITZERLAND OF OHIO LOCAL SCHOOL DISTRICT","t":1742.33,"l":"190: Agr-Other","c":0}},{"type":"Feature","geometry":{"type":"Polygon","coordinates":[[[-81.296538,39.736687],[-81.299117,39.736724],[-81.299067,39.738241],[-81.298792,39.738425],[-81.298431,39.738581],[-81.298014,39.738687],[-81.297511,39.738749],[-81.29691,39.738774],[-81.29607,39.738752],[-81.295668,39.738672],[-81.295283,39.738535],[-81.295393,39.738341],[-81.295535,39.738133],[-81.295969,39.737577],[-81.296368,39.737007],[-81.296464,39.736853],[-81.296538,39.736687]]]},"properties":{"p":"06-008013.0000","o":"D ROBINSON & J ROBINSON C/O JEFF ROBINSON","a":"43951    STATE ROUTE 145","d":"SWITZERLAND OF OHIO LOCAL SCHOOL DISTRICT","t":1970.92,"l":"101: Agr-Cash-Grain Farm","c":0}},{"type":"Feature","geometry":{"type":"Polygon","coordinates":[[[-81.294882,39.743973],[-81.295095,39.743722],[-81.295211,39.743724],[-81.296844,39.742623],[-81.297097,39.742946],[-81.297262,39.743119],[-81.29745,39.743284],[-81.29629,39.743996],[-81.294882,39.743973]]]},"properties":{"p":"06-008019.0000","o":"MELISSA HINES ETAL ADDRESS NO GOOD","a":"BEAN RIDGE             RD","d":"SWITZERLAND OF OHIO LOCAL SCHOOL DISTRICT","t":753.02,"l":"501: Res-Custom Code","c":0}},{"type":"Feature","geometry":{"type":"Polygon","coordinates":[[[-81.298179,39.727224],[-81.298048,39.727763],[-81.298044,39.728312],[-81.295657,39.7283],[-81.295597,39.727858],[-81.295552,39.727744],[-81.295494,39.727674],[-81.295345,39.727566],[-81.295166,39.727487],[-81.294618,39.727327],[-81.294623,39.727205],[-81.298179,39.727224]]]},"properties":{"p":"06-013016.0000","o":"S CAROL HAZEL","a":"43467    STATE ROUTE 145","d":"SWITZERLAND OF OHIO LOCAL SCHOOL DISTRICT","t":629.33,"l":"511: Res-Custom Code","c":0}},{"type":"Feature","geometry":{"type":"Polygon","coordinates":[[[-81.259576,39.714088],[-81.259701,39.713829],[-81.259887,39.713954],[-81.260095,39.714015],[-81.261038,39.714068],[-81.261194,39.714098],[-81.261437,39.714177],[-81.261405,39.715155],[-81.259826,39.716354],[-81.258879,39.71589],[-81.259,39.715247],[-81.259576,39.714088]]]},"properties":{"p":"06-018001.0000","o":"BRUCE & ROSE DAUGHERTY ANO","a":"42546    SANDBAR                RD","d":"SWITZERLAND OF OHIO LOCAL SCHOOL DISTRICT","t":4268.13,"l":"511: Res-Custom Code","c":0}},{"type":"Feature","geometry":{"type":"Polygon","coordinates":[[[-81.245784,39.717876],[-81.245546,39.71736],[-81.246219,39.717372],[-81.246172,39.71789],[-81.245784,39.717876]]]},"properties":{"p":"06-018008.0000","o":"TIMOTHY L & PAMELA B TEMESVARY","a":"42737    HANSON RIDGE           RD","d":"SWITZERLAND OF OHIO LOCAL SCHOOL DISTRICT","t":8827.83,"l":"511: Res-Custom Code","c":0}},{"type":"Feature","geometry":{"type":"Polygon","coordinates":[[[-81.256357,39.721131],[-81.256554,39.714038],[-81.259576,39.714088],[-81.259,39.715247],[-81.258879,39.71589],[-81.259826,39.716354],[-81.261405,39.715155],[-81.261321,39.71775],[-81.261313,39.718426],[-81.261233,39.720843],[-81.261204,39.721231],[-81.256357,39.721131]]]},"properties":{"p":"06-018012.0000","o":"WILLIAM & THERESE SULIKS SV","a":"SANDBAR                RD","d":"SWITZERLAND OF OHIO LOCAL SCHOOL DISTRICT","t":8613.53,"l":"100: Agr-Vacant Land","c":0}},{"type":"Feature","geometry":{"type":"Polygon","coordinates":[[[-81.246172,39.71789],[-81.246219,39.717372],[-81.247085,39.717389],[-81.247135,39.717929],[-81.246172,39.71789]]]},"properties":{"p":"06-018018.0000","o":"TIMOTHY L & PAMELA B TEMESVARY","a":"HANSON RIDGE           RD","d":"SWITZERLAND OF OHIO LOCAL SCHOOL DISTRICT","t":1560.22,"l":"599: Res-Other","c":0}},{"type":"Feature","geometry":{"type":"Polygon","coordinates":[[[-81.245784,39.717876],[-81.247135,39.717929],[-81.24718,39.718411],[-81.245981,39.718387],[-81.245784,39.717876]]]},"properties":{"p":"06-018020.0000","o":"CAROLYN RENEE GURNEY","a":"42763    HANSON RIDGE           RD","d":"SWITZERLAND OF OHIO LOCAL SCHOOL DISTRICT","t":524.15,"l":"511: Res-Custom Code","c":0}},{"type":"Feature","geometry":{"type":"Polygon","coordinates":[[[-81.279299,39.695877],[-81.281109,39.695891],[-81.281075,39.696594],[-81.280722,39.696833],[-81.28035,39.697004],[-81.279795,39.69722],[-81.279546,39.697295],[-81.279227,39.697365],[-81.279299,39.695877]]]},"properties":{"p":"06-022021.0000","o":"BRADLEY J WADE","a":"41354    TOWNSHIP ROAD 290","d":"SWITZERLAND OF OHIO LOCAL SCHOOL DISTRICT","t":35,"l":"100: Agr-Vacant Land","c":0}},{"type":"Feature","geometry":{"type":"Polygon","coordinates":[[[-81.219015,39.680032],[-81.217252,39.679384],[-81.21681,39.679512],[-81.216693,39.679418],[-81.216599,39.679478],[-81.215948,39.679361],[-81.21494,39.679028],[-81.214443,39.678936],[-81.217278,39.678966],[-81.217276,39.679193],[-81.218214,39.679197],[-81.218216,39.67897],[-81.219492,39.678975],[-81.219304,39.680005],[-81.219015,39.680032]]]},"properties":{"p":"06-026002.1000","o":"STAFFORD, JAMES C.","a":"PLEASANT RIDGE ROAD","d":"SWITZERLAND OF OHIO LOCAL SCHOOL DISTRICT","t":791.04,"l":"101: Agr-Cash-Grain Farm","c":0}},{"type":"Feature","geometry":{"type":"Polygon","coordinates":[[[-81.215021,39.68031],[-81.214946,39.680375],[-81.214153,39.678932],[-81.214443,39.678936],[-81.214818,39.678999],[-81.215175,39.679098],[-81.215948,39.679361],[-81.216599,39.679478],[-81.216426,39.679568],[-81.216061,39.679679],[-81.215759,39.679811],[-81.215466,39.679985],[-81.215021,39.68031]]]},"properties":{"p":"06-026002.2000","o":"STAFFORD, JAMES C.","a":"PLEASANT RIDGE ROAD","d":"SWITZERLAND OF OHIO LOCAL SCHOOL DISTRICT","t":171.45,"l":"101: Agr-Cash-Grain Farm","c":0}},{"type":"Feature","geometry":{"type":"Polygon","coordinates":[[[-81.277437,39.71355],[-81.277438,39.713866],[-81.277203,39.713862],[-81.277209,39.713547],[-81.277437,39.71355]]]},"properties":{"p":"08-002008.0000","o":"JOHN HOLLAND","a":"30174    MAIN                   ST","d":"SWITZERLAND OF OHIO LOCAL SCHOOL DISTRICT","t":3691.27,"l":"510: Res-Single Family","c":0}},{"type":"Feature","geometry":{"type":"Polygon","coordinates":[[[-81.277959,39.713557],[-81.27797,39.713558],[-81.277964,39.713873],[-81.277729,39.71387],[-81.277735,39.713554],[-81.277959,39.713557]]]},"properties":{"p":"08-002010.0000","o":"HEIDI R HALE","a":"30154    MAIN                   ST","d":"SWITZERLAND OF OHIO LOCAL SCHOOL DISTRICT","t":491.96,"l":"510: Res-Single Family","c":0}},{"type":"Feature","geometry":{"type":"Polygon","coordinates":[[[-81.27721,39.71305],[-81.277213,39.713366],[-81.277106,39.713364],[-81.277112,39.713048],[-81.27721,39.71305]]]},"properties":{"p":"08-003006.2000","o":"ROBERT E COMBS C/O JEFFERY COMBS","a":"HARTSHORN RIDGE        RD","d":"SWITZERLAND OF OHIO LOCAL SCHOOL DISTRICT","t":4705.02,"l":"500: Res-Vacant Land","c":0}},{"type":"Feature","geometry":{"type":"Polygon","coordinates":[[[-81.277277,39.713366],[-81.277278,39.7133],[-81.277214,39.7133],[-81.277219,39.71305],[-81.277453,39.713053],[-81.277447,39.713369],[-81.277277,39.713366]]]},"properties":{"p":"08-003007.0000","o":"ROBERT E COMBS C/O JEFFERY COMBS","a":"30157    MAIN                   ST","d":"SWITZERLAND OF OHIO LOCAL SCHOOL DISTRICT","t":4729.74,"l":"500: Res-Vacant Land","c":0}},{"type":"Feature","geometry":{"type":"Polygon","coordinates":[[[-81.277636,39.713056],[-81.277652,39.713056],[-81.277646,39.713372],[-81.277504,39.71337],[-81.27751,39.713054],[-81.277636,39.713056]]]},"properties":{"p":"08-003008.0000","o":"ROBERT E COMBS C/O JEFFERY COMBS","a":"HARTSHORN RIDGE        RD","d":"SWITZERLAND OF OHIO LOCAL SCHOOL DISTRICT","t":4767.01,"l":"510: Res-Single Family","c":0}},{"type":"Feature","geometry":{"type":"Polygon","coordinates":[[[-81.277707,39.713057],[-81.277745,39.713057],[-81.277739,39.713373],[-81.277646,39.713372],[-81.277652,39.713056],[-81.277707,39.713057]]]},"properties":{"p":"08-003008.1000","o":"ROBERT E COMBS C/O JEFFERY COMBS","a":"30157    MAIN                   ST","d":"SWITZERLAND OF OHIO LOCAL SCHOOL DISTRICT","t":5669.84,"l":"510: Res-Single Family","c":0}},{"type":"Feature","geometry":{"type":"Polygon","coordinates":[[[-81.277739,39.713373],[-81.277745,39.713057],[-81.277979,39.713061],[-81.277973,39.713376],[-81.277739,39.713373]]]},"properties":{"p":"08-003009.0000","o":"ROBERT E COMBS C/O JEFFERY COMBS","a":"HARTSHORN RIDGE        RD","d":"SWITZERLAND OF OHIO LOCAL SCHOOL DISTRICT","t":75.04,"l":"500: Res-Vacant Land","c":0}},{"type":"Feature","geometry":{"type":"Polygon","coordinates":[[[-80.965799,39.724797],[-80.96591,39.724802],[-80.966019,39.725016],[-80.966232,39.725315],[-80.966283,39.725419],[-80.966298,39.72551],[-80.966275,39.726114],[-80.966254,39.726285],[-80.966214,39.726427],[-80.966087,39.72666],[-80.965914,39.726865],[-80.965694,39.727028],[-80.965799,39.724797]]]},"properties":{"p":"09-005036.0000","o":"JUDY L ROBISON","a":"47482    STATE ROUTE 536","d":"SWITZERLAND OF OHIO LOCAL SCHOOL DISTRICT","t":342.34,"l":"511: Res-Custom Code","c":0}},{"type":"Feature","geometry":{"type":"Polygon","coordinates":[[[-81.003528,39.71947],[-81.003178,39.718839],[-81.002484,39.718859],[-81.002932,39.719667],[-81.003016,39.719638],[-81.002941,39.720664],[-81.00408,39.720353],[-81.00385,39.722864],[-80.999166,39.722618],[-80.999791,39.715376],[-81.004487,39.7156],[-81.004181,39.719174],[-81.003836,39.71937],[-81.003528,39.71947]],[[-81.003289,39.716744],[-81.003158,39.716163],[-81.002451,39.716263],[-81.001759,39.716409],[-81.001967,39.717294],[-81.003289,39.716744]]]},"properties":{"p":"09-010006.0000","o":"MARK T & ANITA J HOKE OR SV","a":"43384    SIX POINTS             RD","d":"SWITZERLAND OF OHIO LOCAL SCHOOL DISTRICT","t":447.04,"l":"111: Agr-CAUV-Cash-Grain Farm","c":0}},{"type":"Feature","geometry":{"type":"Polygon","coordinates":[[[-81.003528,39.71947],[-81.002932,39.719667],[-81.002484,39.718859],[-81.003178,39.718839],[-81.003528,39.71947]]]},"properties":{"p":"09-010008.0000","o":"MARK T & ANITA HOKE OR SV","a":"43384    SIX POINTS             RD","d":"SWITZERLAND OF OHIO LOCAL SCHOOL DISTRICT","t":4.22,"l":"110: Agr-CAUV-Vacant Land","c":0}},{"type":"Feature","geometry":{"type":"Polygon","coordinates":[[[-81.003016,39.719638],[-81.003836,39.71937],[-81.004181,39.719174],[-81.00408,39.720353],[-81.002941,39.720664],[-81.003016,39.719638]]]},"properties":{"p":"09-010014.0000","o":"MARK T & ANITA J HOKE OR SV","a":"43401    SIX POINTS             RD","d":"SWITZERLAND OF OHIO LOCAL SCHOOL DISTRICT","t":2100.25,"l":"111: Agr-CAUV-Cash-Grain Farm","c":0}},{"type":"Feature","geometry":{"type":"Polygon","coordinates":[[[-81.02657,39.683601],[-81.026635,39.683602],[-81.026734,39.683987],[-81.02518,39.684031],[-81.025182,39.684009],[-81.025477,39.683691],[-81.025624,39.683576],[-81.02657,39.683601]]]},"properties":{"p":"09-025011.0000","o":"ROBERT D & ROSE A BARR","a":"44156    TOWNSHIP ROAD 469","d":"SWITZERLAND OF OHIO LOCAL SCHOOL DISTRICT","t":1506.11,"l":"511: Res-Custom Code","c":0}},{"type":"Feature","geometry":{"type":"Polygon","coordinates":[[[-81.020552,39.670775],[-81.020269,39.670571],[-81.019843,39.670601],[-81.019295,39.670702],[-81.018693,39.67068],[-81.01723,39.670311],[-81.016985,39.670479],[-81.016589,39.670603],[-81.016662,39.66851],[-81.021458,39.66866],[-81.021312,39.670959],[-81.020552,39.670775]]]},"properties":{"p":"09-028004.0000","o":"CATHERINE L FLEMING FRY","a":"DENT RIDGE             RD","d":"SWITZERLAND OF OHIO LOCAL SCHOOL DISTRICT","t":4529.74,"l":"100: Agr-Vacant Land","c":0}},{"type":"Feature","geometry":{"type":"Polygon","coordinates":[[[-81.02657,39.683601],[-81.025624,39.683576],[-81.025834,39.68348],[-81.026039,39.683452],[-81.026265,39.683466],[-81.026434,39.683497],[-81.026548,39.683542],[-81.026624,39.683594],[-81.02657,39.683601]]]},"properties":{"p":"09-028007.0000","o":"ROBERT D & ROSE A BARR ADDRESS NO GOOD","a":"TOWNSHIP ROAD 469","d":"SWITZERLAND OF OHIO LOCAL SCHOOL DISTRICT","t":67.94,"l":"501: Res-Custom Code","c":0}},{"type":"Feature","geometry":{"type":"Polygon","coordinates":[[[-81.012987,39.639297],[-81.012989,39.639262],[-81.013174,39.639269],[-81.013144,39.639875],[-81.013884,39.639896],[-81.013856,39.640469],[-81.01293,39.640443],[-81.012987,39.639297]]]},"properties":{"p":"10-001005.5000","o":"GEORGE M & CAROL L KITTLE OR SVC/O LAUREL LAPP","a":"WALNUT CAMP            RD","d":"SWITZERLAND OF OHIO LOCAL SCHOOL DISTRICT","t":249.65,"l":"500: Res-Vacant Land","c":0}},{"type":"Feature","geometry":{"type":"Polygon","coordinates":[[[-80.972804,39.612782],[-80.972955,39.61222],[-80.97348,39.612248],[-80.973445,39.612827],[-80.97318,39.612827],[-80.972804,39.612782]]]},"properties":{"p":"10-006004.0000","o":"TRACY FOX","a":"47158    BARNES RUN             RD","d":"SWITZERLAND OF OHIO LOCAL SCHOOL DISTRICT","t":161,"l":"100: Agr-Vacant Land","c":0}},{"type":"Feature","geometry":{"type":"Polygon","coordinates":[[[-81.020382,39.610603],[-81.020603,39.607092],[-81.025212,39.607295],[-81.024982,39.610756],[-81.020382,39.610603]]]},"properties":{"p":"10-010009.0000","o":"WOG TIER 4 LLC","a":"REAR TOWNSHIP ROAD 533","d":"SWITZERLAND OF OHIO LOCAL SCHOOL DISTRICT","t":7094.91,"l":"100: Agr-Vacant Land","c":0}},{"type":"Feature","geometry":{"type":"Polygon","coordinates":[[[-81.035348,39.595698],[-81.03528,39.596817],[-81.031845,39.596684],[-81.031905,39.595755],[-81.032949,39.595318],[-81.033649,39.595528],[-81.034281,39.595166],[-81.033877,39.594926],[-81.033851,39.594297],[-81.034048,39.594045],[-81.034173,39.594044],[-81.033958,39.594318],[-81.033982,39.594884],[-81.035348,39.595698]]]},"properties":{"p":"10-018007.0000","o":"MICHAEL L DAVIS ETAL SV C/O AMBER LEES","a":"KRIEG RIDGE            RD","d":"SWITZERLAND OF OHIO LOCAL SCHOOL DISTRICT","t":810.81,"l":"100: Agr-Vacant Land","c":0}},{"type":"Feature","geometry":{"type":"Polygon","coordinates":[[[-81.031665,39.59549],[-81.031795,39.595434],[-81.031968,39.595328],[-81.032305,39.595056],[-81.032563,39.594804],[-81.032949,39.595318],[-81.031905,39.595755],[-81.031665,39.59549]]]},"properties":{"p":"10-018014.0000","o":"MICHAEL L DAVIS ETAL SV C/O AMBER LEES","a":"34609    KRIEG RIDGE            RD","d":"SWITZERLAND OF OHIO LOCAL SCHOOL DISTRICT","t":1437.39,"l":"101: Agr-Cash-Grain Farm","c":0}},{"type":"Feature","geometry":{"type":"Polygon","coordinates":[[[-81.005655,39.578579],[-81.005653,39.578141],[-81.005761,39.578056],[-81.006234,39.576984],[-81.005494,39.576185],[-81.005018,39.575364],[-81.005271,39.573841],[-81.011086,39.574115],[-81.010761,39.577807],[-81.01044,39.577895],[-81.00987,39.578089],[-81.009635,39.578139],[-81.009381,39.578157],[-81.008808,39.578128],[-81.008513,39.578168],[-81.008331,39.578232],[-81.007759,39.578515],[-81.007581,39.57858],[-81.007381,39.578623],[-81.006911,39.57866],[-81.006299,39.578652],[-81.00593,39.578635],[-81.005655,39.578579]]]},"properties":{"p":"10-020007.0000","o":"CURTIS SHREVES, DEBRA CURTISS, & CANDY FISHER","a":"45445    LUDOLPH RIDGE          RD","d":"SWITZERLAND OF OHIO LOCAL SCHOOL DISTRICT","t":1126.41,"l":"101: Agr-Cash-Grain Farm","c":0}},{"type":"Feature","geometry":{"type":"Polygon","coordinates":[[[-81.037368,39.563991],[-81.037344,39.564372],[-81.035461,39.564297],[-81.035477,39.563864],[-81.035833,39.56391],[-81.037368,39.563991]]]},"properties":{"p":"10-023011.0000","o":"CODY LA RUSSO","a":"602    COCHRANSVILLE          RD","d":"SWITZERLAND OF OHIO LOCAL SCHOOL DISTRICT","t":321.14,"l":"501: Res-Custom Code","c":0}},{"type":"Feature","geometry":{"type":"Polygon","coordinates":[[[-81.007113,39.565955],[-81.008476,39.566064],[-81.008473,39.566348],[-81.008102,39.566612],[-81.007113,39.565955]]]},"properties":{"p":"10-026018.0000","o":"STEVENS, RONNIE D. ET AL. C/O HOWARD STEVENS JR","a":"33134    STATE ROUTE 800","d":"SWITZERLAND OF OHIO LOCAL SCHOOL DISTRICT","t":658.68,"l":"511: Res-Custom Code","c":0}},{"type":"Feature","geometry":{"type":"Polygon","coordinates":[[[-81.031024,39.577217],[-81.031293,39.576782],[-81.031638,39.57675],[-81.03138,39.577317],[-81.031024,39.577217]]]},"properties":{"p":"10-028005.0000","o":"DORA E & CONNIE A WHITEMAN SV","a":"33479    TOWNSHIP ROAD 557","d":"SWITZERLAND OF OHIO LOCAL SCHOOL DISTRICT","t":1431.65,"l":"599: Res-Other","c":0}},{"type":"Feature","geometry":{"type":"Polygon","coordinates":[[[-81.028535,39.579254],[-81.028647,39.579122],[-81.028927,39.579233],[-81.029478,39.578683],[-81.029977,39.578702],[-81.028996,39.579602],[-81.028463,39.579327],[-81.028535,39.579254]]]},"properties":{"p":"10-028008.1000","o":"BARBARA A BAKER","a":"STATE ROUTE 800","d":"SWITZERLAND OF OHIO LOCAL SCHOOL DISTRICT","t":91.1,"l":"501: Res-Custom Code","c":0}},{"type":"Feature","geometry":{"type":"Polygon","coordinates":[[[-80.993865,39.583476],[-80.994193,39.583305],[-80.994278,39.583429],[-80.994033,39.583598],[-80.993865,39.583476]]]},"properties":{"p":"10-030006.0000","o":"PARTRIDGE, MARK AND CHRISTY OR SURV.","a":"34222    MILLER`S RUN           RD","d":"SWITZERLAND OF OHIO LOCAL SCHOOL DISTRICT","t":19.72,"l":"500: Res-Vacant Land","c":0}},{"type":"Feature","geometry":{"type":"Polygon","coordinates":[[[-80.993541,39.583477],[-80.9936,39.583446],[-80.993573,39.583427],[-80.993702,39.583357],[-80.994033,39.583598],[-80.993843,39.583696],[-80.993541,39.583477]]]},"properties":{"p":"10-030007.0000","o":"PARTRIDGE, MARK AND CHRISTY OR SURV.","a":"34222    MILLER`S RUN           RD","d":"SWITZERLAND OF OHIO LOCAL SCHOOL DISTRICT","t":21.13,"l":"500: Res-Vacant Land","c":0}},{"type":"Feature","geometry":{"type":"Polygon","coordinates":[[[-80.993343,39.583584],[-80.993541,39.583477],[-80.993843,39.583696],[-80.993551,39.583859],[-80.993431,39.583669],[-80.993343,39.583584]]]},"properties":{"p":"10-030008.0000","o":"PARTRIDGE, MARK AND CHRISTY OR SURV.","a":"34222    MILLER`S RUN           RD","d":"SWITZERLAND OF OHIO LOCAL SCHOOL DISTRICT","t":24.89,"l":"599: Res-Other","c":0}},{"type":"Feature","geometry":{"type":"Polygon","coordinates":[[[-80.99387,39.583786],[-80.994116,39.583655],[-80.994363,39.58349],[-80.994467,39.583585],[-80.994299,39.58389],[-80.99387,39.583786]]]},"properties":{"p":"10-030009.0000","o":"PARTRIDGE, MARK AND CHRISTY OR SURV.","a":"34222    MILLER`S RUN           RD","d":"SWITZERLAND OF OHIO LOCAL SCHOOL DISTRICT","t":142.53,"l":"510: Res-Single Family","c":0}},{"type":"Feature","geometry":{"type":"Polygon","coordinates":[[[-80.993597,39.583932],[-80.99387,39.583786],[-80.994299,39.58389],[-80.994005,39.584426],[-80.993902,39.584414],[-80.993597,39.583932]]]},"properties":{"p":"10-030010.0000","o":"PARTRIDGE, MARK AND CHRISTY OR SURV.","a":"34222    MILLER`S RUN           RD","d":"SWITZERLAND OF OHIO LOCAL SCHOOL DISTRICT","t":16.82,"l":"500: Res-Vacant Land","c":0}},{"type":"Feature","geometry":{"type":"Polygon","coordinates":[[[-80.961211,39.674847],[-80.961694,39.674732],[-80.962576,39.674431],[-80.963015,39.673808],[-80.963065,39.673667],[-80.964425,39.673711],[-80.964139,39.677404],[-80.960819,39.677318],[-80.96088,39.67722],[-80.961149,39.676961],[-80.961223,39.676818],[-80.961257,39.676704],[-80.961247,39.676579],[-80.961114,39.676397],[-80.961073,39.676292],[-80.961033,39.676108],[-80.961031,39.675632],[-80.960998,39.675532],[-80.960862,39.675307],[-80.960849,39.675212],[-80.960857,39.675146],[-80.960879,39.675113],[-80.961174,39.674856],[-80.961211,39.674847]]]},"properties":{"p":"11-003009.0000","o":"ELLA SPRING ET AL C/O TOM MORELAND","a":"STATE ROUTE 255","d":"SWITZERLAND OF OHIO LOCAL SCHOOL DISTRICT","t":2912.11,"l":"503: Res-Custom Code","c":0}},{"type":"Feature","geometry":{"type":"Polygon","coordinates":[[[-80.972214,39.641651],[-80.973812,39.641732],[-80.973784,39.64244],[-80.972214,39.641651]]]},"properties":{"p":"11-009000.0000","o":"THOMAS BOLEN % CAROL J YOHO","a":"NARROWS RUN            RD","d":"SWITZERLAND OF OHIO LOCAL SCHOOL DISTRICT","t":240.5,"l":"100: Agr-Vacant Land","c":0}},{"type":"Feature","geometry":{"type":"Polygon","coordinates":[[[-80.917708,39.639234],[-80.917913,39.638984],[-80.917964,39.63886],[-80.917955,39.638714],[-80.917861,39.638469],[-80.920642,39.638562],[-80.920577,39.639348],[-80.917708,39.639234]]]},"properties":{"p":"11-012011.0000","o":"SALISBURY, JAMES E. & AMANDA S. OR SURV.","a":"50551    STATE ROUTE 255","d":"SWITZERLAND OF OHIO LOCAL SCHOOL DISTRICT","t":868.1,"l":"599: Res-Other","c":0}},{"type":"Feature","geometry":{"type":"Polygon","coordinates":[[[-80.891866,39.62276],[-80.892367,39.622678],[-80.892231,39.622111],[-80.892408,39.622098],[-80.892645,39.62308],[-80.892218,39.623136],[-80.891866,39.62276]]]},"properties":{"p":"11-017014.0000","o":"CHARLES R BROWN","a":"37581    STATE ROUTE 7","d":"SWITZERLAND OF OHIO LOCAL SCHOOL DISTRICT","t":363.08,"l":"511: Res-Custom Code","c":0}},{"type":"Feature","geometry":{"type":"MultiPolygon","coordinates":[[[[-80.934824,39.630177],[-80.937234,39.632102],[-80.937825,39.631608],[-80.937786,39.631209],[-80.937487,39.631137],[-80.937212,39.631029],[-80.936444,39.630574],[-80.936297,39.63044],[-80.936713,39.630154],[-80.937275,39.630448],[-80.938016,39.630981],[-80.938571,39.631029],[-80.938899,39.631313],[-80.938758,39.631617],[-80.939291,39.631762],[-80.939223,39.632695],[-80.934674,39.632494],[-80.934824,39.630177]]],[[[-80.934863,39.630197],[-80.934824,39.630177],[-80.934915,39.628766],[-80.935246,39.628774],[-80.935441,39.629209],[-80.935953,39.630003],[-80.936089,39.630243],[-80.935765,39.630176],[-80.935572,39.63018],[-80.935109,39.630243],[-80.934983,39.630232],[-80.934863,39.630197]]]]},"properties":{"p":"11-019008.0000","o":"JAMES SALISBURY CLARENCE SALISBURY (L/E)","a":"37802    TOWNSHIP ROAD 496","d":"SWITZERLAND OF OHIO LOCAL SCHOOL DISTRICT","t":1186.59,"l":"101: Agr-Cash-Grain Farm","c":0}},{"type":"Feature","geometry":{"type":"Polygon","coordinates":[[[-80.939572,39.63271],[-80.939223,39.632695],[-80.939291,39.631762],[-80.939513,39.631823],[-80.939994,39.632177],[-80.939942,39.632727],[-80.939572,39.63271]]]},"properties":{"p":"11-020009.0000","o":"JAMES SALISBURY CLARENCE SALISBURY (L/E)","a":"OFF BENWOOD            RD","d":"SWITZERLAND OF OHIO LOCAL SCHOOL DISTRICT","t":26.85,"l":"101: Agr-Cash-Grain Farm","c":0}},{"type":"Feature","geometry":{"type":"Polygon","coordinates":[[[-80.910049,39.622756],[-80.910262,39.622756],[-80.91026,39.62308],[-80.910047,39.62308],[-80.910049,39.622756]]]},"properties":{"p":"11-025160.0000","o":"GARY L & CAROL E SMITTLE","a":"37265    STATE ROUTE 7","d":"SWITZERLAND OF OHIO LOCAL SCHOOL DISTRICT","t":281.51,"l":"510: Res-Single Family","c":0}},{"type":"Feature","geometry":{"type":"Polygon","coordinates":[[[-81.184747,39.85886],[-81.184932,39.858462],[-81.18575,39.858676],[-81.185588,39.859021],[-81.184747,39.85886]]]},"properties":{"p":"12-008012.0000","o":"ROSCOE & HELEN LAREW SV","a":"34927    HARPER RIDGE           RD","d":"SWITZERLAND OF OHIO LOCAL SCHOOL DISTRICT","t":3769.87,"l":"511: Res-Custom Code","c":0}},{"type":"Feature","geometry":{"type":"Polygon","coordinates":[[[-81.201934,39.838031],[-81.202042,39.838033],[-81.201994,39.838279],[-81.201849,39.838482],[-81.201759,39.838437],[-81.201891,39.838252],[-81.201934,39.838031]]]},"properties":{"p":"12-009016.0000","o":"SANDRA ANKROM","a":"MILTONSBURG-CALAIS     RD","d":"SWITZERLAND OF OHIO LOCAL SCHOOL DISTRICT","t":7.56,"l":"500: Res-Vacant Land","c":0}},{"type":"Feature","geometry":{"type":"Polygon","coordinates":[[[-81.201297,39.837105],[-81.201309,39.836795],[-81.202073,39.836932],[-81.202256,39.8366],[-81.202526,39.836572],[-81.202059,39.837947],[-81.202042,39.838033],[-81.201934,39.838031],[-81.201953,39.837931],[-81.202153,39.837369],[-81.20129,39.837276],[-81.201297,39.837105]]]},"properties":{"p":"12-010018.0000","o":"SANDRA ANKROM","a":"34177    MLTNSBRG-CALAIS        RD","d":"SWITZERLAND OF OHIO LOCAL SCHOOL DISTRICT","t":1956.22,"l":"599: Res-Other","c":0}},{"type":"Feature","geometry":{"type":"Polygon","coordinates":[[[-81.167063,39.832806],[-81.167011,39.832818],[-81.166865,39.832543],[-81.167022,39.832547],[-81.167063,39.832806]]]},"properties":{"p":"12-013024.0000","o":"RANDALL HOWELL & MELISSA KINNEY","a":"STATE ROUTE 145","d":"SWITZERLAND OF OHIO LOCAL SCHOOL DISTRICT","t":0.36,"l":"501: Res-Custom Code","c":0}},{"type":"Feature","geometry":{"type":"Polygon","coordinates":[[[-81.169149,39.848922],[-81.169178,39.848223],[-81.170691,39.84825],[-81.170727,39.848952],[-81.169149,39.848922]]]},"properties":{"p":"12-014010.0000","o":"THOMAS & SHAUNNA HARRIS SV","a":"51792    BOSTON                 RD","d":"SWITZERLAND OF OHIO LOCAL SCHOOL DISTRICT","t":427.67,"l":"511: Res-Custom Code","c":0}},{"type":"Feature","geometry":{"type":"Polygon","coordinates":[[[-81.168749,39.859055],[-81.168759,39.858513],[-81.169614,39.858536],[-81.169591,39.859057],[-81.168749,39.859055]]]},"properties":{"p":"12-015012.0000","o":"DENNIS & AMY CARPENTER OR SV","a":"35733    HARPER RIDGE           RD","d":"SWITZERLAND OF OHIO LOCAL SCHOOL DISTRICT","t":1190.8,"l":"511: Res-Custom Code","c":0}},{"type":"Feature","geometry":{"type":"Polygon","coordinates":[[[-81.16629,39.829547],[-81.16513,39.829511],[-81.165049,39.829288],[-81.166301,39.829327],[-81.16629,39.829547]]]},"properties":{"p":"12-018004.0000","o":"JOSEPH & DANIELLE HINKLE OR SV","a":"50243    STATE ROUTE 145","d":"SWITZERLAND OF OHIO LOCAL SCHOOL DISTRICT","t":48.85,"l":"511: Res-Custom Code","c":0}},{"type":"Feature","geometry":{"type":"Polygon","coordinates":[[[-81.148008,39.855493],[-81.147777,39.855524],[-81.147667,39.855079],[-81.147899,39.855048],[-81.148008,39.855493]]]},"properties":{"p":"12-032003.0000","o":"TIARA STEVENS","a":"50879    STATE ROUTE 145","d":"SWITZERLAND OF OHIO LOCAL SCHOOL DISTRICT","t":3548.48,"l":"510: Res-Single Family","c":0}},{"type":"Feature","geometry":{"type":"Polygon","coordinates":[[[-80.8802,39.67644],[-80.880253,39.676442],[-80.880317,39.67651],[-80.88046,39.67657],[-80.88086,39.676622],[-80.881067,39.67667],[-80.881188,39.67673],[-80.881284,39.676817],[-80.881051,39.676871],[-80.88016,39.676925],[-80.8802,39.67644]]]},"properties":{"p":"15-024025.0000","o":"SONDRA THROCKMORTON","a":"52122    STATE ROUTE 536","d":"SWITZERLAND OF OHIO LOCAL SCHOOL DISTRICT","t":365.82,"l":"501: Res-Custom Code","c":0}},{"type":"Feature","geometry":{"type":"Polygon","coordinates":[[[-80.872801,39.640696],[-80.872803,39.640652],[-80.872976,39.640682],[-80.872974,39.640726],[-80.872801,39.640696]]]},"properties":{"p":"15-026007.1000","o":"DONALD & BARBARA BEISEL","a":"DUFFY","d":"SWITZERLAND OF OHIO LOCAL SCHOOL DISTRICT","t":1.44,"l":"500: Res-Vacant Land","c":0}},{"type":"Feature","geometry":{"type":"Polygon","coordinates":[[[-80.873367,39.641459],[-80.87308,39.6414],[-80.873104,39.641214],[-80.872763,39.641136],[-80.872781,39.640967],[-80.873645,39.641139],[-80.873597,39.641503],[-80.873367,39.641459]]]},"properties":{"p":"15-026010.0000","o":"JOHN F EDGELL","a":"38517    STATE ROUTE 7","d":"SWITZERLAND OF OHIO LOCAL SCHOOL DISTRICT","t":1332.89,"l":"511: Res-Custom Code","c":0}},{"type":"Feature","geometry":{"type":"Polygon","coordinates":[[[-80.877888,39.643858],[-80.87775,39.643842],[-80.877518,39.643431],[-80.877477,39.643387],[-80.878561,39.643309],[-80.87842,39.643581],[-80.878366,39.643648],[-80.878649,39.643827],[-80.878571,39.643936],[-80.877888,39.643858]]]},"properties":{"p":"15-026039.0000","o":"TROY D BINDSCHEATTEL","a":"52273    DUFFY RUN              RD","d":"SWITZERLAND OF OHIO LOCAL SCHOOL DISTRICT","t":3305.43,"l":"511: Res-Custom Code","c":0}},{"type":"Feature","geometry":{"type":"Polygon","coordinates":[[[-80.87206,39.64396],[-80.87204,39.643957],[-80.872047,39.643928],[-80.872145,39.643848],[-80.872319,39.643638],[-80.872777,39.643695],[-80.872778,39.643778],[-80.872813,39.643782],[-80.872813,39.644042],[-80.87206,39.64396]]]},"properties":{"p":"15-026079.0000","o":"JOHNATHAN & KARLA GRANTHAM SV","a":"38763    STATE ROUTE 7","d":"SWITZERLAND OF OHIO LOCAL SCHOOL DISTRICT","t":2137.34,"l":"511: Res-Custom Code","c":0}},{"type":"Feature","geometry":{"type":"Polygon","coordinates":[[[-80.86812,39.677609],[-80.868328,39.676479],[-80.868654,39.676493],[-80.868674,39.677546],[-80.868649,39.677633],[-80.86812,39.677609]]]},"properties":{"p":"15-027000.1100","o":"CHRISTINA HICKS","a":"STATE ROUTE 7","d":"SWITZERLAND OF OHIO LOCAL SCHOOL DISTRICT","t":571.67,"l":"501: Res-Custom Code","c":0}},{"type":"Feature","geometry":{"type":"Polygon","coordinates":[[[-80.871489,39.667326],[-80.8715,39.667258],[-80.871836,39.667276],[-80.871762,39.667742],[-80.871414,39.667798],[-80.871489,39.667326]]]},"properties":{"p":"15-030043.0000","o":"BRYAN E WICKES","a":"52758    STATE ROUTE 536","d":"SWITZERLAND OF OHIO LOCAL SCHOOL DISTRICT","t":33.19,"l":"510: Res-Single Family","c":0}},{"type":"Feature","geometry":{"type":"Polygon","coordinates":[[[-81.021929,39.660523],[-81.021955,39.660218],[-81.021919,39.659877],[-81.021814,39.6594],[-81.021756,39.659255],[-81.021669,39.659152],[-81.021552,39.659097],[-81.021451,39.659084],[-81.020774,39.659116],[-81.020276,39.659201],[-81.019786,39.659333],[-81.019844,39.658798],[-81.021719,39.658741],[-81.022018,39.658614],[-81.022096,39.658919],[-81.022304,39.659265],[-81.022587,39.659621],[-81.022589,39.659802],[-81.022443,39.659991],[-81.022172,39.660621],[-81.021929,39.660523]]]},"properties":{"p":"16-006000.0000","o":"LOUIS D & LAURA L HACQUARD","a":"","d":"SWITZERLAND OF OHIO LOCAL SCHOOL DISTRICT","t":263.3,"l":"501: Res-Custom Code","c":0}},{"type":"Feature","geometry":{"type":"Polygon","coordinates":[[[-81.016662,39.66851],[-81.016836,39.666706],[-81.017648,39.666664],[-81.017754,39.6668],[-81.017927,39.666903],[-81.019096,39.667214],[-81.019375,39.667269],[-81.019876,39.667324],[-81.020034,39.667359],[-81.020178,39.667417],[-81.020316,39.667499],[-81.020457,39.667618],[-81.020723,39.667893],[-81.020841,39.667979],[-81.021094,39.668088],[-81.0215,39.668212],[-81.021477,39.668661],[-81.016662,39.66851]]]},"properties":{"p":"16-006003.0000","o":"CATHERINE L FLEMING FRY","a":"DENT RIDGE             RD","d":"SWITZERLAND OF OHIO LOCAL SCHOOL DISTRICT","t":1602.75,"l":"502: Res-Custom Code","c":0}},{"type":"Feature","geometry":{"type":"Polygon","coordinates":[[[-81.067815,39.661431],[-81.068089,39.661195],[-81.06826,39.661314],[-81.067985,39.66155],[-81.067815,39.661431]]]},"properties":{"p":"17-001061.0000","o":"VADA HORN (TOD) ADDRESS NO GOODC/O ROBERT SALLEY","a":"REAR STATE ROUTE 800","d":"SWITZERLAND OF OHIO LOCAL SCHOOL DISTRICT","t":328.56,"l":"500: Res-Vacant Land","c":0}},{"type":"Feature","geometry":{"type":"Polygon","coordinates":[[[-80.941217,39.741204],[-80.941308,39.74119],[-80.941332,39.741236],[-80.941241,39.741249],[-80.941217,39.741204]]]},"properties":{"p":"18-019012.2000","o":"JAMES BUCK ADDRESS NO GOOD","a":"SYKES RIDGE            RD","d":"SWITZERLAND OF OHIO LOCAL SCHOOL DISTRICT","t":100.8,"l":"501: Res-Custom Code","c":0}},{"type":"Feature","geometry":{"type":"Polygon","coordinates":[[[-80.889946,39.740002],[-80.890343,39.739835],[-80.891113,39.740333],[-80.890656,39.741116],[-80.890545,39.740885],[-80.890168,39.740394],[-80.889946,39.740002]]]},"properties":{"p":"18-022018.0000","o":"DALE GILMORE & ALICIA BOWEN SV","a":"45343    HIGGINS                RD","d":"SWITZERLAND OF OHIO LOCAL SCHOOL DISTRICT","t":100.1,"l":"511: Res-Custom Code","c":0}},{"type":"Feature","geometry":{"type":"Polygon","coordinates":[[[-80.918241,39.739838],[-80.919138,39.739554],[-80.919505,39.740298],[-80.919018,39.740445],[-80.918656,39.740599],[-80.918241,39.739838]]]},"properties":{"p":"18-020013.0000","o":"ROBERT D FLESHER DECEASED","a":"49597    SYKES RIDGE            RD","d":"SWITZERLAND OF OHIO LOCAL SCHOOL DISTRICT","t":1768.2,"l":"511: Res-Custom Code","c":0}},{"type":"Feature","geometry":{"type":"Polygon","coordinates":[[[-80.93899,39.747971],[-80.939056,39.748007],[-80.939508,39.748659],[-80.939385,39.748709],[-80.939038,39.748209],[-80.93812,39.748845],[-80.937535,39.749038],[-80.937119,39.748984],[-80.93704,39.748922],[-80.937743,39.747819],[-80.938189,39.747288],[-80.938858,39.747898],[-80.93899,39.747971]]]},"properties":{"p":"18-019029.0000","o":"DONALD GLEN DAUGHERTY","a":"45918    DAUGHERTY              RD","d":"SWITZERLAND OF OHIO LOCAL SCHOOL DISTRICT","t":446.87,"l":"599: Res-Other","c":0}},{"type":"Feature","geometry":{"type":"Polygon","coordinates":[[[-80.914397,39.753809],[-80.914845,39.753377],[-80.915497,39.753909],[-80.915845,39.754369],[-80.915335,39.754865],[-80.914958,39.754341],[-80.914397,39.753809]]]},"properties":{"p":"18-017013.0000","o":"LYNN THOMAS & ANNA THOMAS OR SV","a":"49853    STATE ROUTE 78","d":"SWITZERLAND OF OHIO LOCAL SCHOOL DISTRICT","t":365.82,"l":"511: Res-Custom Code","c":0}},{"type":"Feature","geometry":{"type":"Polygon","coordinates":[[[-80.90535,39.758033],[-80.905172,39.75808],[-80.905156,39.757429],[-80.905362,39.756462],[-80.905547,39.756416],[-80.90564,39.755992],[-80.906346,39.755988],[-80.906268,39.756609],[-80.905503,39.756619],[-80.905335,39.757409],[-80.90535,39.758033]]]},"properties":{"p":"18-016028.0000","o":"HEATH A MILLER","a":"50325    STATE ROUTE 78","d":"SWITZERLAND OF OHIO LOCAL SCHOOL DISTRICT","t":247.44,"l":"599: Res-Other","c":0}},{"type":"Feature","geometry":{"type":"Polygon","coordinates":[[[-80.891887,39.763905],[-80.891209,39.76415],[-80.89071,39.763328],[-80.891403,39.763077],[-80.891486,39.763262],[-80.891887,39.763905]]]},"properties":{"p":"18-015007.0000","o":"JAMES F GRAYAM ETAL","a":"46754    TOWNSHIP ROAD 187","d":"SWITZERLAND OF OHIO LOCAL SCHOOL DISTRICT","t":3863.69,"l":"511: Res-Custom Code","c":0}},{"type":"Feature","geometry":{"type":"Polygon","coordinates":[[[-80.871506,39.783288],[-80.871555,39.782599],[-80.871848,39.782673],[-80.872065,39.782599],[-80.872745,39.781991],[-80.872995,39.78283],[-80.871506,39.783288]]]},"properties":{"p":"18-007038.0000","o":"JASON & MEL GRAND SV","a":"OFF CASE RIDGE         RD","d":"SWITZERLAND OF OHIO LOCAL SCHOOL DISTRICT","t":606.46,"l":"100: Agr-Vacant Land","c":0}},{"type":"Feature","geometry":{"type":"Polygon","coordinates":[[[-80.890807,39.79679],[-80.891171,39.79654],[-80.892107,39.796292],[-80.891632,39.796652],[-80.891471,39.796809],[-80.891343,39.796989],[-80.890807,39.79679]]]},"properties":{"p":"18-001006.1000","o":"JOHN E JR & AMANDA L KASTRAVEC OR SURV","a":"50870    STATE ROUTE 556","d":"SWITZERLAND OF OHIO LOCAL SCHOOL DISTRICT","t":2857.19,"l":"511: Res-Custom Code","c":0}},{"type":"Feature","geometry":{"type":"Polygon","coordinates":[[[-80.890203,39.797156],[-80.890562,39.796821],[-80.890692,39.796869],[-80.890807,39.79679],[-80.891343,39.796989],[-80.89128,39.79716],[-80.891267,39.797315],[-80.891284,39.797469],[-80.891336,39.797612],[-80.89012,39.797234],[-80.890203,39.797156]]]},"properties":{"p":"18-001006.0000","o":"JOHN E JR & AMANDA L KASTRAVEC OR SURV","a":"STATE ROUTE 556","d":"SWITZERLAND OF OHIO LOCAL SCHOOL DISTRICT","t":199.74,"l":"501: Res-Custom Code","c":0}},{"type":"Feature","geometry":{"type":"Polygon","coordinates":[[[-81.065317,39.663106],[-81.06518,39.663101],[-81.065187,39.663054],[-81.064802,39.662939],[-81.064326,39.662957],[-81.063883,39.662418],[-81.063579,39.662293],[-81.063161,39.66229],[-81.063292,39.662134],[-81.064049,39.662331],[-81.065328,39.661678],[-81.066155,39.662283],[-81.066136,39.663139],[-81.065317,39.663106]]]},"properties":{"p":"17-001108.0000","o":"BRANDI L BINEGAR","a":"42170    HANCOCK STREET","d":"SWITZERLAND OF OHIO LOCAL SCHOOL DISTRICT","t":1407.99,"l":"511: Res-Custom Code","c":0}},{"type":"Feature","geometry":{"type":"Polygon","coordinates":[[[-81.068299,39.66128],[-81.068129,39.661162],[-81.068403,39.660926],[-81.068574,39.661045],[-81.068299,39.66128]]]},"properties":{"p":"17-001060.0000","o":"VADA HORN (TOD) ADDRESS NO GOODC/O ROBERT SALLEY","a":"38992    STATE ROUTE 800","d":"SWITZERLAND OF OHIO LOCAL SCHOOL DISTRICT","t":475.97,"l":"510: Res-Single Family","c":0}},{"type":"Feature","geometry":{"type":"Polygon","coordinates":[[[-81.069391,39.661542],[-81.069438,39.661425],[-81.069224,39.661276],[-81.06969,39.660926],[-81.069827,39.661645],[-81.069391,39.661542]]]},"properties":{"p":"17-001047.0000","o":"% ALMA M SMITH C O SMITH","a":"STATE ROUTE 800","d":"SWITZERLAND OF OHIO LOCAL SCHOOL DISTRICT","t":370.94,"l":"501: Res-Custom Code","c":0}},{"type":"Feature","geometry":{"type":"Polygon","coordinates":[[[-81.06622,39.658696],[-81.066494,39.65846],[-81.066669,39.658581],[-81.066394,39.658817],[-81.06622,39.658696]]]},"properties":{"p":"17-001013.0000","o":"JUSTIN S CLINE & CHARLES CLINE OR SURV","a":"OFF STATE ROUTE 800","d":"SWITZERLAND OF OHIO LOCAL SCHOOL DISTRICT","t":100.39,"l":"500: Res-Vacant Land","c":0}},{"type":"Feature","geometry":{"type":"Polygon","coordinates":[[[-81.06632,39.658339],[-81.066494,39.65846],[-81.06622,39.658696],[-81.066046,39.658574],[-81.06632,39.658339]]]},"properties":{"p":"17-001010.0000","o":"JUSTIN S CLINE & CHARLES CLINE OR SURV","a":"OFF STATE ROUTE 800","d":"SWITZERLAND OF OHIO LOCAL SCHOOL DISTRICT","t":60.22,"l":"500: Res-Vacant Land","c":0}},{"type":"Feature","geometry":{"type":"Polygon","coordinates":[[[-81.084399,39.646694],[-81.083703,39.646665],[-81.084236,39.646394],[-81.084493,39.646698],[-81.084399,39.646694]]]},"properties":{"p":"16-028001.0000","o":"RIDGEWAY, ROBERT & SPRING OR SV","a":"41372    MECHANICSBURG          RD","d":"SWITZERLAND OF OHIO LOCAL SCHOOL DISTRICT","t":1053.54,"l":"510: Res-Single Family","c":0}},{"type":"Feature","geometry":{"type":"Polygon","coordinates":[[[-81.051831,39.637328],[-81.051883,39.637094],[-81.051989,39.636913],[-81.052944,39.63718],[-81.05306,39.637677],[-81.051831,39.637328]]]},"properties":{"p":"16-022020.0000","o":"JERRY REA ELLIS","a":"37353    STATE ROUTE 800","d":"SWITZERLAND OF OHIO LOCAL SCHOOL DISTRICT","t":1439.48,"l":"518: Res-Custom Code","c":0}},{"type":"Feature","geometry":{"type":"Polygon","coordinates":[[[-81.060982,39.649733],[-81.060291,39.650112],[-81.060082,39.650061],[-81.060584,39.64961],[-81.061005,39.649124],[-81.061111,39.649058],[-81.062284,39.650052],[-81.061924,39.650139],[-81.060982,39.649733]]]},"properties":{"p":"16-017032.0000","o":"BRIAN & DESIREE SCHWABEN OR SV","a":"38215    STATE ROUTE 800","d":"SWITZERLAND OF OHIO LOCAL SCHOOL DISTRICT","t":4303.37,"l":"108: Agr-Nursery","c":0}},{"type":"Feature","geometry":{"type":"Polygon","coordinates":[[[-81.103137,39.676656],[-81.103314,39.676493],[-81.103573,39.67686],[-81.102971,39.676806],[-81.103137,39.676656]]]},"properties":{"p":"16-010002.0000","o":"RICHARD & ANGELA SEXTON","a":"40097    COLVIN                 RD","d":"SWITZERLAND OF OHIO LOCAL SCHOOL DISTRICT","t":68.38,"l":"500: Res-Vacant Land","c":0}},{"type":"Feature","geometry":{"type":"Polygon","coordinates":[[[-81.102971,39.676806],[-81.103573,39.67686],[-81.104286,39.677857],[-81.103547,39.67844],[-81.10321,39.677927],[-81.102627,39.677123],[-81.102971,39.676806]]]},"properties":{"p":"16-002004.0000","o":"RICHARD & ANGELA SEXTON","a":"40097    COLVIN                 RD","d":"SWITZERLAND OF OHIO LOCAL SCHOOL DISTRICT","t":3014.72,"l":"518: Res-Custom Code","c":0}},{"type":"Feature","geometry":{"type":"Polygon","coordinates":[[[-81.100116,39.685761],[-81.099957,39.688862],[-81.095082,39.688688],[-81.095277,39.685587],[-81.100116,39.685761]]]},"properties":{"p":"16-002002.0000","o":"KATIE & GREGORY DIPALMA","a":"ROY WATSON             RD","d":"SWITZERLAND OF OHIO LOCAL SCHOOL DISTRICT","t":2857.42,"l":"120: Agr-Timber","c":0}},{"type":"Feature","geometry":{"type":"Polygon","coordinates":[[[-80.878513,39.664472],[-80.87854,39.664451],[-80.878397,39.664779],[-80.878496,39.66494],[-80.878412,39.665113],[-80.878289,39.665274],[-80.878037,39.664865],[-80.878513,39.664472]]]},"properties":{"p":"15-030073.0000","o":"MARY HARRISON STRAUSS","a":"52267    BARES RUN              RD","d":"SWITZERLAND OF OHIO LOCAL SCHOOL DISTRICT","t":249.12,"l":"511: Res-Custom Code","c":0}},{"type":"Feature","geometry":{"type":"Polygon","coordinates":[[[-80.871414,39.667798],[-80.871809,39.667735],[-80.871784,39.668067],[-80.871386,39.668046],[-80.871414,39.667798]]]},"properties":{"p":"15-030041.0000","o":"CHARLES G & JUDITH SPEEDY SV","a":"52559    SYCAMORE               ST","d":"SWITZERLAND OF OHIO LOCAL SCHOOL DISTRICT","t":1289.11,"l":"510: Res-Single Family","c":0}},{"type":"Feature","geometry":{"type":"Polygon","coordinates":[[[-80.879876,39.676925],[-80.879895,39.676433],[-80.8802,39.67644],[-80.88016,39.676925],[-80.879875,39.676941],[-80.879876,39.676925]]]},"properties":{"p":"15-029164.0000","o":"SONDRA THROCKMORTON","a":"STATE ROUTE 536","d":"SWITZERLAND OF OHIO LOCAL SCHOOL DISTRICT","t":15.42,"l":"501: Res-Custom Code","c":0}},{"type":"Feature","geometry":{"type":"Polygon","coordinates":[[[-80.874506,39.675687],[-80.874578,39.675157],[-80.875274,39.675331],[-80.875373,39.675663],[-80.875293,39.675756],[-80.874506,39.675687]]]},"properties":{"p":"15-029019.0000","o":"CHERI K WILLIAMSON ET AL C/O AARON & LEEANN LASURE","a":"52433    STATE ROUTE 536","d":"SWITZERLAND OF OHIO LOCAL SCHOOL DISTRICT","t":3243.84,"l":"511: Res-Custom Code","c":0}},{"type":"Feature","geometry":{"type":"Polygon","coordinates":[[[-80.867253,39.684965],[-80.866312,39.684925],[-80.866397,39.684394],[-80.867402,39.684437],[-80.867305,39.684967],[-80.867253,39.684965]]]},"properties":{"p":"15-027029.0000","o":"HOWARD BOSTON ETAL ADDRESS NO GOOD","a":"STATE ROUTE 7","d":"SWITZERLAND OF OHIO LOCAL SCHOOL DISTRICT","t":127.74,"l":"500: Res-Vacant Land","c":0}},{"type":"Feature","geometry":{"type":"Polygon","coordinates":[[[-80.867429,39.684109],[-80.867462,39.68411],[-80.867402,39.684437],[-80.866397,39.684394],[-80.866463,39.684068],[-80.867429,39.684109]]]},"properties":{"p":"15-027028.0000","o":"HOWARD BOSTON ETAL ADDRESS NO GOOD","a":"STATE ROUTE 7","d":"SWITZERLAND OF OHIO LOCAL SCHOOL DISTRICT","t":121.69,"l":"500: Res-Vacant Land","c":0}},{"type":"Feature","geometry":{"type":"Polygon","coordinates":[[[-80.870861,39.676587],[-80.870887,39.676563],[-80.871293,39.676898],[-80.871365,39.677173],[-80.870689,39.677403],[-80.870576,39.677142],[-80.870354,39.677049],[-80.870861,39.676587]]]},"properties":{"p":"15-027000.5000","o":"TODD & MICHELLE GRETHER OR SV","a":"52397    ROYAL OAKS             AD","d":"SWITZERLAND OF OHIO LOCAL SCHOOL DISTRICT","t":3031.95,"l":"511: Res-Custom Code","c":0}},{"type":"Feature","geometry":{"type":"Polygon","coordinates":[[[-80.872143,39.643543],[-80.872167,39.643447],[-80.872422,39.643485],[-80.872362,39.643575],[-80.872143,39.643543]]]},"properties":{"p":"15-026057.0000","o":"GILBERT HARMAN C/O JOANNE D PAYNE","a":"38739    STATE ROUTE 7","d":"SWITZERLAND OF OHIO LOCAL SCHOOL DISTRICT","t":2226.56,"l":"511: Res-Custom Code","c":0}},{"type":"Feature","geometry":{"type":"Polygon","coordinates":[[[-80.872143,39.643543],[-80.872362,39.643575],[-80.872145,39.643848],[-80.872047,39.643928],[-80.872143,39.643543]]]},"properties":{"p":"15-026056.0000","o":"GILBERT HARMAN C/O JOANNE D PAYNE","a":"DUFFY","d":"SWITZERLAND OF OHIO LOCAL SCHOOL DISTRICT","t":257.86,"l":"501: Res-Custom Code","c":0}},{"type":"Feature","geometry":{"type":"Polygon","coordinates":[[[-80.872305,39.64289],[-80.872338,39.642759],[-80.872857,39.642905],[-80.872817,39.643032],[-80.872305,39.64289]]]},"properties":{"p":"15-026051.0000","o":"AMBER & SCOTTY NEWLEN C/O AMBER BURGHY","a":"38669    STATE ROUTE 7","d":"SWITZERLAND OF OHIO LOCAL SCHOOL DISTRICT","t":619.94,"l":"511: Res-Custom Code","c":0}},{"type":"Feature","geometry":{"type":"Polygon","coordinates":[[[-80.87323,39.642521],[-80.873161,39.642666],[-80.873003,39.642608],[-80.873066,39.642479],[-80.87323,39.642521]]]},"properties":{"p":"15-026046.0000","o":"DAVID LIVELY DO NOT SEND BILL AS THIS IS","a":"STATE ROUTE 7","d":"SWITZERLAND OF OHIO LOCAL SCHOOL DISTRICT","t":615.65,"l":"500: Res-Vacant Land","c":0}},{"type":"Feature","geometry":{"type":"Polygon","coordinates":[[[-80.873317,39.642105],[-80.872865,39.641886],[-80.873314,39.641882],[-80.873513,39.641924],[-80.873403,39.642147],[-80.873317,39.642105]]]},"properties":{"p":"15-026034.0000","o":"ULAH E POTTS DECEASED HAVE NO GOOD ADDRESS","a":"DUFFY RUN              RD","d":"SWITZERLAND OF OHIO LOCAL SCHOOL DISTRICT","t":31.81,"l":"501: Res-Custom Code","c":0}},{"type":"Feature","geometry":{"type":"Polygon","coordinates":[[[-80.875338,39.642607],[-80.875745,39.642623],[-80.875672,39.642765],[-80.875279,39.642761],[-80.875338,39.642607]]]},"properties":{"p":"15-026028.1000","o":"LINDA & LUTHER CLINE OR SV","a":"52473    DUFFY RUN              RD","d":"SWITZERLAND OF OHIO LOCAL SCHOOL DISTRICT","t":618.86,"l":"511: Res-Custom Code","c":0}},{"type":"Feature","geometry":{"type":"Polygon","coordinates":[[[-80.875338,39.642607],[-80.875279,39.642761],[-80.874936,39.642801],[-80.874953,39.642592],[-80.875338,39.642607]]]},"properties":{"p":"15-026028.0000","o":"LUTHER & LINDA CLINE OR SV","a":"52459    DUFFY RUN              RD","d":"SWITZERLAND OF OHIO LOCAL SCHOOL DISTRICT","t":3049.82,"l":"511: Res-Custom Code","c":0}},{"type":"Feature","geometry":{"type":"Polygon","coordinates":[[[-80.872966,39.641377],[-80.872712,39.64133],[-80.872763,39.641136],[-80.873104,39.641214],[-80.87308,39.6414],[-80.872966,39.641377]]]},"properties":{"p":"15-026011.0000","o":"JOHN F EDGELL","a":"STATE ROUTE 7","d":"SWITZERLAND OF OHIO LOCAL SCHOOL DISTRICT","t":235.99,"l":"501: Res-Custom Code","c":0}},{"type":"Feature","geometry":{"type":"Polygon","coordinates":[[[-80.87297,39.640847],[-80.872796,39.640817],[-80.872801,39.640696],[-80.873026,39.640735],[-80.873022,39.640856],[-80.87297,39.640847]]]},"properties":{"p":"15-026007.0000","o":"DONALD C & BARBARA BEISEL","a":"38493    STATE ROUTE 7","d":"SWITZERLAND OF OHIO LOCAL SCHOOL DISTRICT","t":2856.96,"l":"511: Res-Custom Code","c":0}},{"type":"Feature","geometry":{"type":"Polygon","coordinates":[[[-80.872976,39.640682],[-80.873031,39.640569],[-80.873083,39.640578],[-80.873028,39.640691],[-80.872976,39.640682]]]},"properties":{"p":"15-026006.0000","o":"DONALD & BARBARA BEISEL","a":"DUFFY","d":"SWITZERLAND OF OHIO LOCAL SCHOOL DISTRICT","t":64.19,"l":"501: Res-Custom Code","c":0}},{"type":"Feature","geometry":{"type":"Polygon","coordinates":[[[-80.873031,39.640569],[-80.872976,39.640682],[-80.872803,39.640652],[-80.872852,39.640538],[-80.873031,39.640569]]]},"properties":{"p":"15-026005.0000","o":"DONALD & BARBARA BEISEL","a":"38483    STATE ROUTE 7","d":"SWITZERLAND OF OHIO LOCAL SCHOOL DISTRICT","t":1394.38,"l":"510: Res-Single Family","c":0}},{"type":"Feature","geometry":{"type":"Polygon","coordinates":[[[-80.926963,39.66257],[-80.926736,39.662875],[-80.926468,39.663324],[-80.92626,39.663059],[-80.926143,39.662654],[-80.926963,39.66257]]]},"properties":{"p":"15-020008.0000","o":"GARY P GRIMM","a":"39908    LONG RIDGE             RD","d":"SWITZERLAND OF OHIO LOCAL SCHOOL DISTRICT","t":4640.2,"l":"101: Agr-Cash-Grain Farm","c":0}},{"type":"Feature","geometry":{"type":"Polygon","coordinates":[[[-80.877649,39.692968],[-80.878042,39.692653],[-80.87837,39.693449],[-80.877863,39.693481],[-80.877649,39.692968]]]},"properties":{"p":"15-005032.0000","o":"FRANKLIN DENNIS","a":"52305    SHORT RIDGE            RD","d":"SWITZERLAND OF OHIO LOCAL SCHOOL DISTRICT","t":763.48,"l":"511: Res-Custom Code","c":0}},{"type":"Feature","geometry":{"type":"Polygon","coordinates":[[[-80.875471,39.705698],[-80.875454,39.705569],[-80.87562,39.705327],[-80.875714,39.705007],[-80.87606,39.70483],[-80.876228,39.70455],[-80.877469,39.704914],[-80.878275,39.70546],[-80.878254,39.705823],[-80.877381,39.705443],[-80.877063,39.705332],[-80.876836,39.705278],[-80.876599,39.705248],[-80.876225,39.705255],[-80.876036,39.705289],[-80.875848,39.705372],[-80.875676,39.705499],[-80.875471,39.705698]]]},"properties":{"p":"15-005029.0000","o":"JACOB C GODDARD","a":"42987    LONG RIDGE             RD","d":"SWITZERLAND OF OHIO LOCAL SCHOOL DISTRICT","t":3329.9,"l":"511: Res-Custom Code","c":0}},{"type":"Feature","geometry":{"type":"Polygon","coordinates":[[[-80.835586,39.709881],[-80.834774,39.709381],[-80.834285,39.709372],[-80.832822,39.708941],[-80.832101,39.708753],[-80.831988,39.708598],[-80.832197,39.708204],[-80.832722,39.707308],[-80.83352,39.706085],[-80.8332,39.705867],[-80.83348,39.705515],[-80.833951,39.705091],[-80.834583,39.704608],[-80.835775,39.703751],[-80.836258,39.703794],[-80.836146,39.704573],[-80.83636,39.704942],[-80.837085,39.705244],[-80.83715,39.705628],[-80.8373,39.705883],[-80.83758,39.706112],[-80.836118,39.706667],[-80.837315,39.708983],[-80.836573,39.7096],[-80.835586,39.709881]]]},"properties":{"p":"15-002007.0000","o":"HANNIBAL DEVELOPMENT LLC","a":"STATE ROUTE 7","d":"SWITZERLAND OF OHIO LOCAL SCHOOL DISTRICT","t":38292.4,"l":"399: Ind-Other","c":0}},{"type":"Feature","geometry":{"type":"Polygon","coordinates":[[[-80.856056,39.699988],[-80.855782,39.699972],[-80.855075,39.699989],[-80.854012,39.697937],[-80.855793,39.697187],[-80.857482,39.696433],[-80.858335,39.695857],[-80.859845,39.694999],[-80.860505,39.69558],[-80.85715,39.700008],[-80.856826,39.700077],[-80.856629,39.700099],[-80.856302,39.700002],[-80.856056,39.699988]]]},"properties":{"p":"15-002005.0000","o":"HANNIBAL DEVELOPMENT LLC","a":"LONG RIDGE             RD","d":"SWITZERLAND OF OHIO LOCAL SCHOOL DISTRICT","t":33819.35,"l":"100: Agr-Vacant Land","c":0}},{"type":"Feature","geometry":{"type":"Polygon","coordinates":[[[-81.10034,39.850799],[-81.100385,39.850338],[-81.10057,39.850351],[-81.100512,39.850832],[-81.10034,39.850799]]]},"properties":{"p":"14-001088.0000","o":"JASON FISHER","a":"51664    MAIN                   ST","d":"SWITZERLAND OF OHIO LOCAL SCHOOL DISTRICT","t":222.67,"l":"510: Res-Single Family","c":0}},{"type":"Feature","geometry":{"type":"Polygon","coordinates":[[[-81.102405,39.851558],[-81.103149,39.851105],[-81.103774,39.85112],[-81.103766,39.851275],[-81.102965,39.851468],[-81.102951,39.851456],[-81.102564,39.851692],[-81.102405,39.851558]]]},"properties":{"p":"14-001015.0000","o":"ROBERT J WELLMAN JR","a":"51630    MAIN                   ST","d":"SWITZERLAND OF OHIO LOCAL SCHOOL DISTRICT","t":1422.53,"l":"510: Res-Single Family","c":0}},{"type":"Feature","geometry":{"type":"Polygon","coordinates":[[[-81.165438,39.832166],[-81.163367,39.832126],[-81.163391,39.831518],[-81.165236,39.831553],[-81.165486,39.832167],[-81.165438,39.832166]]]},"properties":{"p":"13-001056.0000","o":"BARBARA REISCHMAN","a":"STATE ROUTE 145","d":"SWITZERLAND OF OHIO LOCAL SCHOOL DISTRICT","t":138.02,"l":"599: Res-Other","c":0}},{"type":"Feature","geometry":{"type":"Polygon","coordinates":[[[-81.165661,39.831387],[-81.165725,39.831544],[-81.165317,39.831643],[-81.165253,39.831486],[-81.165661,39.831387]]]},"properties":{"p":"13-001038.0000","o":"BARBARA REISCHMAN","a":"50304    STATE ROUTE 145","d":"SWITZERLAND OF OHIO LOCAL SCHOOL DISTRICT","t":100.53,"l":"510: Res-Single Family","c":0}},{"type":"Feature","geometry":{"type":"Polygon","coordinates":[[[-81.167011,39.832818],[-81.166517,39.83294],[-81.166468,39.83282],[-81.166852,39.832727],[-81.166783,39.832559],[-81.166848,39.832543],[-81.166865,39.832543],[-81.167011,39.832818]]]},"properties":{"p":"13-001025.0000","o":"RANDALL HOWELL & MELISSA KINNEY","a":"50351    STATE ROUTE 145","d":"SWITZERLAND OF OHIO LOCAL SCHOOL DISTRICT","t":1203.83,"l":"510: Res-Single Family","c":0}},{"type":"Feature","geometry":{"type":"Polygon","coordinates":[[[-81.094249,39.852828],[-81.094271,39.852466],[-81.094577,39.852439],[-81.094548,39.852836],[-81.094249,39.852828]]]},"properties":{"p":"12-031032.0000","o":"DORA M DECKER","a":"STATE ROUTE 145","d":"SWITZERLAND OF OHIO LOCAL SCHOOL DISTRICT","t":37.31,"l":"501: Res-Custom Code","c":0}},{"type":"Feature","geometry":{"type":"Polygon","coordinates":[[[-81.097592,39.856709],[-81.097633,39.857183],[-81.09697,39.857209],[-81.096937,39.856735],[-81.097592,39.856709]]]},"properties":{"p":"12-031025.0000","o":"NICOLE R WAIN","a":"52564    TOWNSHIP ROAD 638","d":"SWITZERLAND OF OHIO LOCAL SCHOOL DISTRICT","t":943.91,"l":"518: Res-Custom Code","c":0}},{"type":"Feature","geometry":{"type":"Polygon","coordinates":[[[-81.094047,39.862918],[-81.095199,39.862367],[-81.095753,39.862142],[-81.095943,39.862045],[-81.096124,39.861929],[-81.096575,39.862068],[-81.096356,39.86231],[-81.096325,39.86284],[-81.096334,39.863005],[-81.094047,39.862918]]]},"properties":{"p":"12-031014.0000","o":"THOMAS & JACQUELINE GILLMAN SV","a":"TOWNSHIP ROAD 838","d":"SWITZERLAND OF OHIO LOCAL SCHOOL DISTRICT","t":144.43,"l":"501: Res-Custom Code","c":0}},{"type":"Feature","geometry":{"type":"Polygon","coordinates":[[[-80.871055,39.764861],[-80.871053,39.764866],[-80.870846,39.764827],[-80.871055,39.764861]]]},"properties":{"p":"19-002005.0000","o":"CLYDE & MINNIE BEATY","a":"MARKET                 ST","d":"SWITZERLAND OF OHIO LOCAL SCHOOL DISTRICT","t":119.49,"l":"500: Res-Vacant Land","c":0}},{"type":"Feature","geometry":{"type":"Polygon","coordinates":[[[-80.871363,39.764586],[-80.871312,39.764746],[-80.870897,39.764667],[-80.870948,39.764507],[-80.871363,39.764586]]]},"properties":{"p":"19-002004.0000","o":"BURL E & VIOLET R BAUGHMAN SV","a":"106    MARKET                 ST","d":"SWITZERLAND OF OHIO LOCAL SCHOOL DISTRICT","t":1381.48,"l":"510: Res-Single Family","c":0}},{"type":"Feature","geometry":{"type":"Polygon","coordinates":[[[-80.871555,39.782599],[-80.871506,39.783288],[-80.870809,39.783502],[-80.870683,39.783201],[-80.870405,39.782827],[-80.870406,39.782311],[-80.871555,39.782599]]]},"properties":{"p":"18-034044.0000","o":"JASON & MEL GRAND SV","a":"CASE RIDGE             RD","d":"SWITZERLAND OF OHIO LOCAL SCHOOL DISTRICT","t":3078.64,"l":"101: Agr-Cash-Grain Farm","c":0}},{"type":"Feature","geometry":{"type":"Polygon","coordinates":[[[-80.84758,39.726495],[-80.843316,39.729058],[-80.842995,39.728806],[-80.846785,39.726463],[-80.84758,39.726495]]]},"properties":{"p":"18-031002.0000","o":"PATRICIA A MAY","a":"44625    STATE ROUTE 7","d":"SWITZERLAND OF OHIO LOCAL SCHOOL DISTRICT","t":1609.12,"l":"501: Res-Custom Code","c":0}},{"type":"Feature","geometry":{"type":"Polygon","coordinates":[[[-80.851714,39.735783],[-80.851993,39.735572],[-80.852239,39.735766],[-80.85196,39.735978],[-80.851714,39.735783]]]},"properties":{"p":"18-024008.0000","o":"BEN SIMPKINS C/O CHARLOTTE SIMPKINS","a":"45053    LONG RIDGE             RD","d":"SWITZERLAND OF OHIO LOCAL SCHOOL DISTRICT","t":3396.33,"l":"511: Res-Custom Code","c":0}},{"type":"Feature","geometry":{"type":"Polygon","coordinates":[[[-80.909454,39.741753],[-80.909449,39.741632],[-80.909416,39.741534],[-80.909433,39.741529],[-80.909294,39.74121],[-80.909311,39.741206],[-80.909224,39.740893],[-80.909075,39.740041],[-80.909068,39.739885],[-80.909086,39.73973],[-80.909121,39.7396],[-80.909484,39.739092],[-80.909515,39.738992],[-80.909514,39.738896],[-80.909494,39.738779],[-80.909445,39.738667],[-80.909371,39.738563],[-80.909081,39.738264],[-80.90901,39.738133],[-80.908978,39.738022],[-80.908964,39.737859],[-80.909015,39.7375],[-80.908958,39.736955],[-80.908978,39.736414],[-80.909085,39.736418],[-80.909064,39.736952],[-80.909122,39.737501],[-80.90907,39.73786],[-80.90909,39.738037],[-80.909172,39.738221],[-80.90946,39.738517],[-80.909543,39.738634],[-80.909598,39.73876],[-80.909621,39.738893],[-80.909615,39.739037],[-80.909577,39.739134],[-80.909219,39.739632],[-80.909179,39.739833],[-80.909193,39.740105],[-80.909371,39.74105],[-80.909414,39.741185],[-80.909431,39.741181],[-80.909566,39.741491],[-80.909616,39.741476],[-80.909667,39.741657],[-80.909648,39.741845],[-80.909454,39.741753]]]},"properties":{"p":"18-021005.0000","o":"BRUNER LAND COMPANY, INC.","a":"50117    SYKES RIDGE            RD","d":"SWITZERLAND OF OHIO LOCAL SCHOOL DISTRICT","t":11.57,"l":"100: Agr-Vacant Land","c":0}},{"type":"Feature","geometry":{"type":"Polygon","coordinates":[[[-80.860172,39.779713],[-80.860325,39.779547],[-80.860535,39.779693],[-80.860386,39.779827],[-80.860172,39.779713]]]},"properties":{"p":"19-009125.0000","o":"JASON FISHER","a":"868    MARKET                 ST","d":"SWITZERLAND OF OHIO LOCAL SCHOOL DISTRICT","t":212.11,"l":"510: Res-Single Family","c":0}},{"type":"Feature","geometry":{"type":"Polygon","coordinates":[[[-81.243174,39.856158],[-81.24258,39.856246],[-81.242134,39.856381],[-81.241923,39.855861],[-81.243142,39.855855],[-81.243174,39.856158]]]},"properties":{"p":"21-004012.0000","o":"MARK AND KAREN ADKINS","a":"52698    STATE ROUTE 379","d":"NOBLE LOCAL SCHOOL DISTRICT","t":6887.47,"l":"518: Res-Custom Code","c":0}},{"type":"Feature","geometry":{"type":"Polygon","coordinates":[[[-81.209024,39.753627],[-81.209116,39.751533],[-81.209975,39.75146],[-81.210056,39.750415],[-81.209941,39.750384],[-81.209394,39.750299],[-81.209172,39.750251],[-81.209183,39.750008],[-81.212742,39.750088],[-81.212692,39.750157],[-81.21306,39.750447],[-81.213481,39.750277],[-81.213713,39.750216],[-81.213953,39.750177],[-81.213794,39.753721],[-81.209024,39.753627]]]},"properties":{"p":"22-021005.0000","o":"LINDA S BAKER & KYRA M BAKER","a":"REAR BARBER RIDGE      RD","d":"SWITZERLAND OF OHIO LOCAL SCHOOL DISTRICT","t":1761.77,"l":"100: Agr-Vacant Land","c":0}},{"type":"Feature","geometry":{"type":"Polygon","coordinates":[[[-81.224353,39.761432],[-81.225988,39.759297],[-81.226389,39.759311],[-81.226628,39.759277],[-81.226936,39.759157],[-81.227234,39.758957],[-81.227453,39.759545],[-81.227849,39.759342],[-81.227785,39.760963],[-81.226162,39.760939],[-81.225706,39.761237],[-81.224353,39.761432]]]},"properties":{"p":"22-021011.0000","o":"PAUL D & DENISE G WOOLF SV","a":"45807    STATE ROUTE 145","d":"SWITZERLAND OF OHIO LOCAL SCHOOL DISTRICT","t":2508.5,"l":"512: Res-Custom Code","c":0}},{"type":"Feature","geometry":{"type":"Polygon","coordinates":[[[-81.218964,39.762931],[-81.218948,39.763294],[-81.218717,39.763291],[-81.21873,39.762928],[-81.218964,39.762931]]]},"properties":{"p":"23-002026.0000","o":"ROLAMAR DBA HILLCREST MANOR","a":"45994    STATE ROUTE 145","d":"SWITZERLAND OF OHIO LOCAL SCHOOL DISTRICT","t":4851.03,"l":"499: Com-Other","c":0}},{"type":"Feature","geometry":{"type":"Polygon","coordinates":[[[-81.219323,39.764048],[-81.218842,39.764044],[-81.218845,39.76385],[-81.219329,39.763856],[-81.219323,39.764048]]]},"properties":{"p":"23-003003.0000","o":"GROWING WILD LLC & LYDNSEY'S LIFE LIMITED CORP","a":"46023    STATE ROUTE 145","d":"SWITZERLAND OF OHIO LOCAL SCHOOL DISTRICT","t":46.11,"l":"510: Res-Single Family","c":0}},{"type":"Feature","geometry":{"type":"Polygon","coordinates":[[[-80.899929,39.808918],[-80.899344,39.808207],[-80.899243,39.808106],[-80.898288,39.80746],[-80.8984,39.806858],[-80.897902,39.806549],[-80.897968,39.805862],[-80.897841,39.805458],[-80.89771,39.80527],[-80.897338,39.805068],[-80.896877,39.804179],[-80.896509,39.803698],[-80.896613,39.803234],[-80.896414,39.802203],[-80.896295,39.801898],[-80.896519,39.801343],[-80.899178,39.801472],[-80.899165,39.80197],[-80.900581,39.803035],[-80.90052,39.803838],[-80.901448,39.803987],[-80.9019,39.804601],[-80.902522,39.806289],[-80.902438,39.806601],[-80.901878,39.807038],[-80.901634,39.807348],[-80.902609,39.808034],[-80.902345,39.808089],[-80.902484,39.808326],[-80.902244,39.808421],[-80.902385,39.809006],[-80.899929,39.808918]],[[-80.900705,39.804966],[-80.900625,39.80595],[-80.901423,39.806054],[-80.901385,39.805201],[-80.900948,39.804876],[-80.900705,39.804966]]]},"properties":{"p":"28-029006.0000","o":"ANTHONY ALBUS C/O RALPH ALBUS","a":"TOWNSHIP ROAD 2180","d":"SWITZERLAND OF OHIO LOCAL SCHOOL DISTRICT","t":1657.19,"l":"101: Agr-Cash-Grain Farm","c":0}},{"type":"Feature","geometry":{"type":"Polygon","coordinates":[[[-80.949436,39.829544],[-80.949478,39.829121],[-80.951468,39.829283],[-80.951419,39.82953],[-80.951355,39.829703],[-80.950446,39.829616],[-80.949436,39.829544]]]},"properties":{"p":"28-016030.0000","o":"JACKIE M PERKINS","a":"51200    BROCK RIDGE            RD","d":"SWITZERLAND OF OHIO LOCAL SCHOOL DISTRICT","t":6748.66,"l":"101: Agr-Cash-Grain Farm","c":0}},{"type":"Feature","geometry":{"type":"Polygon","coordinates":[[[-81.065922,39.856873],[-81.066104,39.856452],[-81.066332,39.856508],[-81.066512,39.856572],[-81.066207,39.856938],[-81.065922,39.856873]]]},"properties":{"p":"27-001009.0000","o":"RICHARD & RAMONA MILLER OR SV","a":"52236    EAST                   DR","d":"SWITZERLAND OF OHIO LOCAL SCHOOL DISTRICT","t":3310.68,"l":"510: Res-Single Family","c":0}},{"type":"Feature","geometry":{"type":"Polygon","coordinates":[[[-81.094237,39.852505],[-81.094023,39.852499],[-81.094055,39.85213],[-81.094291,39.852145],[-81.094269,39.852506],[-81.094237,39.852505]]]},"properties":{"p":"26-001045.0000","o":"DORA M DECKER","a":"STATE ROUTE 145","d":"SWITZERLAND OF OHIO LOCAL SCHOOL DISTRICT","t":365.81,"l":"500: Res-Vacant Land","c":0}},{"type":"Feature","geometry":{"type":"Polygon","coordinates":[[[-81.0891,39.853314],[-81.08908,39.853107],[-81.090032,39.853121],[-81.090057,39.853327],[-81.0891,39.853314]]]},"properties":{"p":"26-001008.0000","o":"DOLAN CRAMBLETT & RIKKI DECKER","a":"51798    MAIN                   ST","d":"SWITZERLAND OF OHIO LOCAL SCHOOL DISTRICT","t":13.02,"l":"510: Res-Single Family","c":0}},{"type":"Feature","geometry":{"type":"Polygon","coordinates":[[[-81.034547,39.847908],[-81.034524,39.848368],[-81.034307,39.848359],[-81.034332,39.847898],[-81.034547,39.847908]]]},"properties":{"p":"25-005059.0000","o":"RUBY M STECK","a":"43137    OHIO                   AV","d":"SWITZERLAND OF OHIO LOCAL SCHOOL DISTRICT","t":1145.14,"l":"510: Res-Single Family","c":0}},{"type":"Feature","geometry":{"type":"Polygon","coordinates":[[[-81.033244,39.848965],[-81.033283,39.848501],[-81.033525,39.848512],[-81.033486,39.848974],[-81.033244,39.848965]]]},"properties":{"p":"25-005041.0000","o":"CHRISTOPHER & DEANNA POGGI SV","a":"43192    OHIO                   AV","d":"SWITZERLAND OF OHIO LOCAL SCHOOL DISTRICT","t":6852.26,"l":"510: Res-Single Family","c":0}},{"type":"Feature","geometry":{"type":"Polygon","coordinates":[[[-81.033002,39.848956],[-81.033041,39.84849],[-81.033283,39.848501],[-81.033244,39.848965],[-81.033002,39.848956]]]},"properties":{"p":"25-005040.0000","o":"JAMIE & CINDY POTTS","a":"43204    OHIO                   AV","d":"SWITZERLAND OF OHIO LOCAL SCHOOL DISTRICT","t":651.66,"l":"510: Res-Single Family","c":0}},{"type":"Feature","geometry":{"type":"Polygon","coordinates":[[[-81.033041,39.84849],[-81.033002,39.848956],[-81.032789,39.848948],[-81.032828,39.84848],[-81.033041,39.84849]]]},"properties":{"p":"25-005039.0000","o":"JAMIE & CINDY POTTS","a":"E. OHIO                AV","d":"SWITZERLAND OF OHIO LOCAL SCHOOL DISTRICT","t":114.33,"l":"500: Res-Vacant Land","c":0}},{"type":"Feature","geometry":{"type":"Polygon","coordinates":[[[-81.034347,39.850721],[-81.034632,39.850731],[-81.034622,39.850895],[-81.034342,39.850887],[-81.034347,39.850721]]]},"properties":{"p":"25-005010.0000","o":"CAROL I FISHER","a":"52793    UNION                  ST","d":"SWITZERLAND OF OHIO LOCAL SCHOOL DISTRICT","t":4057.32,"l":"510: Res-Single Family","c":0}},{"type":"Feature","geometry":{"type":"Polygon","coordinates":[[[-81.036059,39.847738],[-81.036068,39.847557],[-81.036545,39.84757],[-81.036538,39.847751],[-81.036059,39.847738]]]},"properties":{"p":"25-003034.0000","o":"ALAN & NICOLE BOUGHER OR SV","a":"52724    MAIN                   ST","d":"SWITZERLAND OF OHIO LOCAL SCHOOL DISTRICT","t":90.28,"l":"510: Res-Single Family","c":0}},{"type":"Feature","geometry":{"type":"Polygon","coordinates":[[[-81.036626,39.84971],[-81.036639,39.849518],[-81.036743,39.84952],[-81.036732,39.849712],[-81.036626,39.84971]]]},"properties":{"p":"25-003010.0000","o":"PHILLIPS, LARRY & MERCY OR SURV","a":"52757    MAIN                   ST","d":"SWITZERLAND OF OHIO LOCAL SCHOOL DISTRICT","t":1890.76,"l":"500: Res-Vacant Land","c":0}},{"type":"Feature","geometry":{"type":"Polygon","coordinates":[[[-81.037036,39.847975],[-81.03705,39.84779],[-81.037176,39.847794],[-81.037159,39.847979],[-81.037036,39.847975]]]},"properties":{"p":"25-003002.1000","o":"SHAWN M BENSON ADDRESS NO GOOD","a":"WASHINGTON             ST","d":"SWITZERLAND OF OHIO LOCAL SCHOOL DISTRICT","t":7448.01,"l":"510: Res-Single Family","c":0}},{"type":"Feature","geometry":{"type":"Polygon","coordinates":[[[-81.03705,39.84779],[-81.037064,39.847587],[-81.037195,39.847591],[-81.037176,39.847794],[-81.03705,39.84779]]]},"properties":{"p":"25-003001.1000","o":"SHAWN M BENSON ADDRESS NO GOOD","a":"WASHINGTON             ST","d":"SWITZERLAND OF OHIO LOCAL SCHOOL DISTRICT","t":7747.4,"l":"510: Res-Single Family","c":0}},{"type":"Feature","geometry":{"type":"Polygon","coordinates":[[[-81.080914,39.826169],[-81.080902,39.826349],[-81.080321,39.826333],[-81.080339,39.825971],[-81.080926,39.825988],[-81.080914,39.826169]]]},"properties":{"p":"24-033023.0000","o":"LANCE M BROWNFIELD","a":"50620    STATE ROUTE 26","d":"SWITZERLAND OF OHIO LOCAL SCHOOL DISTRICT","t":572.75,"l":"512: Res-Custom Code","c":0}},{"type":"Feature","geometry":{"type":"Polygon","coordinates":[[[-81.010313,39.811752],[-81.012519,39.811418],[-81.012842,39.811655],[-81.013138,39.811834],[-81.013105,39.811915],[-81.013039,39.812009],[-81.012487,39.812624],[-81.010313,39.811752]]]},"properties":{"p":"24-024013.0000","o":"VORISEK, WILLADEAN","a":"49876    BOLON RIDGE            RD","d":"SWITZERLAND OF OHIO LOCAL SCHOOL DISTRICT","t":299.47,"l":"101: Agr-Cash-Grain Farm","c":0}},{"type":"Feature","geometry":{"type":"Polygon","coordinates":[[[-81.012284,39.808914],[-81.012758,39.80895],[-81.01271,39.809759],[-81.01175,39.809478],[-81.011825,39.809323],[-81.012003,39.809078],[-81.012118,39.808848],[-81.012284,39.808914]]]},"properties":{"p":"24-024007.0000","o":"PLETCHER, CHASTITY","a":"49717    BOLON RIDGE            RD","d":"SWITZERLAND OF OHIO LOCAL SCHOOL DISTRICT","t":249.13,"l":"511: Res-Custom Code","c":0}},{"type":"Feature","geometry":{"type":"Polygon","coordinates":[[[-80.975373,39.801641],[-80.97056,39.801397],[-80.970626,39.800499],[-80.970869,39.797759],[-80.97557,39.797993],[-80.980178,39.801866],[-80.975373,39.801641]]]},"properties":{"p":"24-022009.0000","o":"DALE FLINN ET AL OR SV","a":"MELLOTT RIDGE          RD","d":"SWITZERLAND OF OHIO LOCAL SCHOOL DISTRICT","t":1917.13,"l":"100: Agr-Vacant Land","c":0}},{"type":"Feature","geometry":{"type":"Polygon","coordinates":[[[-81.002063,39.826888],[-81.001908,39.828747],[-80.994498,39.828435],[-80.992277,39.828316],[-80.992634,39.824574],[-80.987787,39.824361],[-80.988049,39.821525],[-80.992763,39.823458],[-80.993079,39.823665],[-80.9936,39.823433],[-80.994306,39.82361],[-80.994866,39.823653],[-80.995115,39.823806],[-80.995959,39.823958],[-80.996728,39.82388],[-80.997017,39.823751],[-80.997239,39.823533],[-80.997559,39.823368],[-80.997237,39.826683],[-81.002063,39.826888]]]},"properties":{"p":"24-020009.0000","o":"ROSCOE J & HELEN LAREW OR SV","a":"ATKINSON RUN           RD","d":"SWITZERLAND OF OHIO LOCAL SCHOOL DISTRICT","t":11008.92,"l":"101: Agr-Cash-Grain Farm","c":0}},{"type":"Feature","geometry":{"type":"Polygon","coordinates":[[[-81.081693,39.82334],[-81.081695,39.823238],[-81.082046,39.823285],[-81.082041,39.823574],[-81.08169,39.823526],[-81.081693,39.82334]]]},"properties":{"p":"24-015019.1000","o":"ROSCOE LAREW & SHANNON ANDERSON","a":"STATE ROUTE 26","d":"SWITZERLAND OF OHIO LOCAL SCHOOL DISTRICT","t":172.71,"l":"499: Com-Other","c":0}},{"type":"Feature","geometry":{"type":"Polygon","coordinates":[[[-81.087738,39.845206],[-81.088399,39.844947],[-81.088706,39.845332],[-81.0883,39.845853],[-81.08801,39.845492],[-81.087738,39.845206]]]},"properties":{"p":"24-014029.0000","o":"MYLENE A COLLINS","a":"51731    STATE ROUTE 26","d":"SWITZERLAND OF OHIO LOCAL SCHOOL DISTRICT","t":668.13,"l":"500: Res-Vacant Land","c":0}},{"type":"Feature","geometry":{"type":"Polygon","coordinates":[[[-81.001854,39.829309],[-81.001908,39.828747],[-81.004863,39.828885],[-81.004955,39.829316],[-81.005004,39.829435],[-81.005134,39.829593],[-81.005412,39.829771],[-81.004743,39.829679],[-81.003977,39.829703],[-81.003597,39.82968],[-81.00322,39.829638],[-81.002848,39.829575],[-81.002446,39.829485],[-81.001854,39.829309]]]},"properties":{"p":"24-010010.0000","o":"ROSCOE J & HELEN LAREW OR SV","a":"MELLOTT RIDGE          RD","d":"SWITZERLAND OF OHIO LOCAL SCHOOL DISTRICT","t":430.46,"l":"100: Agr-Vacant Land","c":0}},{"type":"Feature","geometry":{"type":"Polygon","coordinates":[[[-81.001377,39.828725],[-81.001908,39.828747],[-81.001832,39.829546],[-81.001318,39.829503],[-81.001377,39.828725]]]},"properties":{"p":"24-009012.0000","o":"ROSCOE J & HELEN LAREW OR SV","a":"ATKINSON RUN           RD","d":"SWITZERLAND OF OHIO LOCAL SCHOOL DISTRICT","t":988.61,"l":"100: Agr-Vacant Land","c":0}},{"type":"Feature","geometry":{"type":"Polygon","coordinates":[[[-81.217379,39.762913],[-81.217619,39.762916],[-81.217608,39.763282],[-81.217368,39.763279],[-81.217379,39.762913]]]},"properties":{"p":"23-002020.0000","o":"JASON & SHAWNA FISHER OR SV","a":"33233    MAIN                   ST","d":"SWITZERLAND OF OHIO LOCAL SCHOOL DISTRICT","t":248.84,"l":"518: Res-Custom Code","c":0}},{"type":"Feature","geometry":{"type":"Polygon","coordinates":[[[-81.229285,39.765153],[-81.229362,39.764408],[-81.229716,39.764578],[-81.229894,39.764638],[-81.229904,39.764674],[-81.229687,39.764698],[-81.229831,39.765163],[-81.229285,39.765153]]]},"properties":{"p":"22-022034.0000","o":"THEODORE C CHAPPELL","a":"FIREHOUSE              RD","d":"SWITZERLAND OF OHIO LOCAL SCHOOL DISTRICT","t":24.21,"l":"101: Agr-Cash-Grain Farm","c":0}},{"type":"Feature","geometry":{"type":"Polygon","coordinates":[[[-81.209898,39.760988],[-81.21112,39.761013],[-81.21109,39.762716],[-81.209924,39.763021],[-81.209908,39.763123],[-81.209941,39.763275],[-81.209796,39.763279],[-81.209898,39.760988]]]},"properties":{"p":"22-021012.0000","o":"CHAD W & DAESHA R HILES","a":"33765    REAR STATE ROUTE 78","d":"SWITZERLAND OF OHIO LOCAL SCHOOL DISTRICT","t":1078.64,"l":"511: Res-Custom Code","c":0}},{"type":"Feature","geometry":{"type":"Polygon","coordinates":[[[-81.227605,39.765648],[-81.22762,39.765123],[-81.229285,39.765153],[-81.229231,39.765683],[-81.227605,39.765648]]]},"properties":{"p":"22-015011.0000","o":"THEODORE C CHAPPELL","a":"FIREHOUSE             0RD00","d":"SWITZERLAND OF OHIO LOCAL SCHOOL DISTRICT","t":96.74,"l":"100: Agr-Vacant Land","c":0}},{"type":"Feature","geometry":{"type":"Polygon","coordinates":[[[-81.229285,39.765158],[-81.229831,39.765163],[-81.22987,39.765288],[-81.230475,39.76531],[-81.230515,39.765711],[-81.229231,39.765683],[-81.229285,39.765158]]]},"properties":{"p":"22-015010.0000","o":"THEODORE C CHAPPELL","a":"FIREHOUSE","d":"SWITZERLAND OF OHIO LOCAL SCHOOL DISTRICT","t":58.32,"l":"100: Agr-Vacant Land","c":0}},{"type":"Feature","geometry":{"type":"Polygon","coordinates":[[[-81.261172,39.76559],[-81.261258,39.766044],[-81.261212,39.766062],[-81.260584,39.765951],[-81.259771,39.76575],[-81.259779,39.765553],[-81.26117,39.76558],[-81.261172,39.76559]]]},"properties":{"p":"22-013013.0000","o":"NICOLE BLACKSTONE & BRIAN HANNAHS OR SV","a":"31101    BRACKEN RIDGE          RD","d":"SWITZERLAND OF OHIO LOCAL SCHOOL DISTRICT","t":554.08,"l":"599: Res-Other","c":0}},{"type":"Feature","geometry":{"type":"Polygon","coordinates":[[[-81.233614,39.805747],[-81.232259,39.80571],[-81.232334,39.802044],[-81.23942,39.802218],[-81.239404,39.80266],[-81.239004,39.803188],[-81.238976,39.803614],[-81.23937,39.803611],[-81.239288,39.805899],[-81.234936,39.805782],[-81.234805,39.805861],[-81.234637,39.805889],[-81.234521,39.805874],[-81.234242,39.805774],[-81.234032,39.805729],[-81.2338,39.805721],[-81.233614,39.805747]]]},"properties":{"p":"22-003004.0000","o":"NEIL & SUSAN KAMMILLER","a":"48736    TOWNSHIP ROAD 69","d":"SWITZERLAND OF OHIO LOCAL SCHOOL DISTRICT","t":1293.54,"l":"101: Agr-Cash-Grain Farm","c":0}},{"type":"Feature","geometry":{"type":"Polygon","coordinates":[[[-81.263624,39.792893],[-81.263625,39.792872],[-81.269828,39.79294],[-81.27106,39.794319],[-81.271269,39.794529],[-81.271469,39.7947],[-81.271706,39.794855],[-81.271915,39.794963],[-81.273165,39.79543],[-81.273144,39.79631],[-81.272658,39.796792],[-81.268336,39.796668],[-81.263489,39.796602],[-81.263624,39.792893]]]},"properties":{"p":"22-001011.0000","o":"THOMAS A SELDEN JR","a":"STATE ROUTE 78","d":"SWITZERLAND OF OHIO LOCAL SCHOOL DISTRICT","t":999.49,"l":"100: Agr-Vacant Land","c":0}},{"type":"Feature","geometry":{"type":"Polygon","coordinates":[[[-81.276467,39.854898],[-81.276459,39.855102],[-81.275989,39.855091],[-81.275997,39.854887],[-81.276467,39.854898]]]},"properties":{"p":"21-024074.0000","o":"JOSEPH R CLARKE","a":"STATE ROUTE 379","d":"NOBLE LOCAL SCHOOL DISTRICT","t":50.54,"l":"500: Res-Vacant Land","c":0}},{"type":"Feature","geometry":{"type":"Polygon","coordinates":[[[-81.262356,39.84778],[-81.262565,39.84788],[-81.262644,39.848744],[-81.26254,39.848846],[-81.262025,39.848592],[-81.262356,39.84778]]]},"properties":{"p":"21-007000.0000","o":"SENECA VALLEY CHURCH CHRISTIAN","a":"52425    STATE ROUTE 379","d":"NOBLE LOCAL SCHOOL DISTRICT","t":1321.33,"l":"501: Res-Custom Code","c":0}},{"type":"Feature","geometry":{"type":"Polygon","coordinates":[[[-81.242611,39.846301],[-81.243522,39.846112],[-81.243812,39.846141],[-81.243808,39.846006],[-81.243915,39.845795],[-81.244115,39.845104],[-81.244118,39.845004],[-81.244096,39.844908],[-81.243975,39.844767],[-81.243799,39.844649],[-81.243563,39.844542],[-81.243072,39.844257],[-81.242914,39.844189],[-81.243104,39.844194],[-81.243612,39.844487],[-81.243846,39.844594],[-81.244041,39.844724],[-81.244171,39.844876],[-81.244203,39.844999],[-81.244197,39.845131],[-81.243997,39.845814],[-81.243894,39.846018],[-81.243897,39.846147],[-81.244894,39.84625],[-81.244845,39.846412],[-81.243935,39.847988],[-81.242595,39.847974],[-81.242611,39.846301]]]},"properties":{"p":"21-006017.0000","o":"DELORES A. BONILLA MARTINEZ, GLENDA COLE BONILLA, OR SURV.","a":"31642    MILTONSBURG-CALAIS     RD","d":"NOBLE LOCAL SCHOOL DISTRICT","t":1954.85,"l":"510: Res-Single Family","c":0}},{"type":"Feature","geometry":{"type":"Polygon","coordinates":[[[-81.272958,39.859888],[-81.273075,39.859815],[-81.273417,39.860079],[-81.272829,39.860494],[-81.272558,39.860716],[-81.272276,39.860493],[-81.27238,39.860338],[-81.272698,39.86005],[-81.272958,39.859888]]]},"properties":{"p":"21-003011.0000","o":"VOILA R CRAFT C/O ZACHERIE GUY","a":"51446    CLEVLAND HOLLOW        RD","d":"NOBLE LOCAL SCHOOL DISTRICT","t":1015.54,"l":"599: Res-Other","c":0}},{"type":"Feature","geometry":{"type":"Polygon","coordinates":[[[-80.864487,39.778678],[-80.864156,39.778965],[-80.863789,39.778712],[-80.864102,39.778441],[-80.864252,39.778513],[-80.864487,39.778678]]]},"properties":{"p":"19-009016.0000","o":"THOMAS, DAVID ALLEN & CHRISTY DAWN OR SURV.","a":"306    RIVERVIEW              DR","d":"SWITZERLAND OF OHIO LOCAL SCHOOL DISTRICT","t":475.06,"l":"511: Res-Custom Code","c":0}},{"type":"Feature","geometry":{"type":"Polygon","coordinates":[[[-80.8727,39.768241],[-80.872677,39.768484],[-80.87251,39.768445],[-80.872546,39.768208],[-80.8727,39.768241]]]},"properties":{"p":"19-005060.1000","o":"BACH, KEITH, TALBOTT, RICKIE, AND BACH, DEANA","a":"CHURCH                 ST","d":"SWITZERLAND OF OHIO LOCAL SCHOOL DISTRICT","t":16.69,"l":"500: Res-Vacant Land","c":0}},{"type":"Feature","geometry":{"type":"Polygon","coordinates":[[[-80.872469,39.768435],[-80.872343,39.768406],[-80.872391,39.768175],[-80.872546,39.768208],[-80.87251,39.768445],[-80.872469,39.768435]]]},"properties":{"p":"19-005060.0000","o":"BACH, KEITH, TALBOT, RICKIE AND BACH, DEANA","a":"112    2ND                    ST","d":"SWITZERLAND OF OHIO LOCAL SCHOOL DISTRICT","t":154.63,"l":"510: Res-Single Family","c":0}},{"type":"Feature","geometry":{"type":"Polygon","coordinates":[[[-80.910168,39.805664],[-80.910061,39.806822],[-80.908289,39.806724],[-80.908384,39.805582],[-80.910168,39.805664]]]},"properties":{"p":"28-030007.1000","o":"ANTHONY ALBUS C/O RALPH ALBUS","a":"49801    DRY RIDGE              RD","d":"SWITZERLAND OF OHIO LOCAL SCHOOL DISTRICT","t":1884.41,"l":"101: Agr-Cash-Grain Farm","c":0}},{"type":"Feature","geometry":{"type":"Polygon","coordinates":[[[-81.175417,39.663581],[-81.175445,39.663425],[-81.17595,39.66352],[-81.1759,39.663704],[-81.175417,39.663581]]]},"properties":{"p":"31-002041.0000","o":"MCKELVEY, JOSHUA A.","a":"STATE ROUTE 26","d":"SWITZERLAND OF OHIO LOCAL SCHOOL DISTRICT","t":69.11,"l":"500: Res-Vacant Land","c":0}},{"type":"Feature","geometry":{"type":"Polygon","coordinates":[[[-81.175504,39.663427],[-81.17541,39.663424],[-81.175476,39.663248],[-81.175599,39.663275],[-81.175627,39.663202],[-81.175913,39.663266],[-81.175849,39.663436],[-81.175504,39.663427]]]},"properties":{"p":"31-004005.0000","o":"MCKELVEY, JOSHUA A.","a":"STATE ROUTE 26","d":"SWITZERLAND OF OHIO LOCAL SCHOOL DISTRICT","t":57.96,"l":"510: Res-Single Family","c":0}},{"type":"Feature","geometry":{"type":"Polygon","coordinates":[[[-81.209334,39.746374],[-81.211717,39.746435],[-81.211585,39.750062],[-81.209183,39.750008],[-81.209334,39.746374]]]},"properties":{"p":"32-002010.0000","o":"LINDA SUE BAKER & KYRA M BAKER","a":"REAR BARBER RIDGE      RD","d":"SWITZERLAND OF OHIO LOCAL SCHOOL DISTRICT","t":947.39,"l":"100: Agr-Vacant Land","c":0}},{"type":"Feature","geometry":{"type":"Polygon","coordinates":[[[-81.211585,39.750062],[-81.211717,39.746435],[-81.214084,39.746497],[-81.213965,39.749904],[-81.213467,39.749892],[-81.213468,39.749857],[-81.213143,39.749534],[-81.212742,39.750088],[-81.211585,39.750062]]]},"properties":{"p":"32-002012.0000","o":"LINDA SUE BAKER & KYRA M BAKER","a":"REAR BARBER RIDGE      RD","d":"SWITZERLAND OF OHIO LOCAL SCHOOL DISTRICT","t":903.95,"l":"502: Res-Custom Code","c":0}},{"type":"Feature","geometry":{"type":"Polygon","coordinates":[[[-81.211717,39.746435],[-81.209334,39.746374],[-81.209486,39.742722],[-81.214283,39.742846],[-81.214084,39.746497],[-81.211717,39.746435]]]},"properties":{"p":"32-002009.0000","o":"LINDA SUE BAKER & KYRA M BAKER","a":"44643    GATTEN                 RD","d":"SWITZERLAND OF OHIO LOCAL SCHOOL DISTRICT","t":3201.93,"l":"101: Agr-Cash-Grain Farm","c":0}},{"type":"Feature","geometry":{"type":"Polygon","coordinates":[[[-81.17466,39.66305],[-81.174687,39.662547],[-81.175297,39.662568],[-81.17531,39.662522],[-81.175553,39.662571],[-81.175352,39.663102],[-81.17466,39.66305]]]},"properties":{"p":"31-005003.0000","o":"YOUNG, LARRY JR. & KRISTIN *","a":"38894    STATE ROUTE 26","d":"SWITZERLAND OF OHIO LOCAL SCHOOL DISTRICT","t":3767.27,"l":"511: Res-Custom Code","c":0}},{"type":"Feature","geometry":{"type":"Polygon","coordinates":[[[-81.175627,39.663202],[-81.175504,39.663174],[-81.175564,39.663016],[-81.175973,39.663108],[-81.175913,39.663266],[-81.175627,39.663202]]]},"properties":{"p":"31-004007.0000","o":"MCKELVEY, JOSHUA A. & GRETCHEN R. OR SURV.","a":"STATE ROUTE 26","d":"SWITZERLAND OF OHIO LOCAL SCHOOL DISTRICT","t":48.3,"l":"599: Res-Other","c":0}},{"type":"Feature","geometry":{"type":"Polygon","coordinates":[[[-81.175476,39.663248],[-81.175504,39.663174],[-81.175627,39.663202],[-81.175599,39.663275],[-81.175476,39.663248]]]},"properties":{"p":"31-004006.0000","o":"MCKELVEY, JOSHUA A.","a":"STATE ROUTE 26","d":"SWITZERLAND OF OHIO LOCAL SCHOOL DISTRICT","t":19.68,"l":"500: Res-Vacant Land","c":0}},{"type":"Feature","geometry":{"type":"Polygon","coordinates":[[[-81.21495,39.583798],[-81.215105,39.583878],[-81.215201,39.583989],[-81.215225,39.584108],[-81.215195,39.584236],[-81.215133,39.584313],[-81.214894,39.584507],[-81.214655,39.584736],[-81.214334,39.585223],[-81.214259,39.585203],[-81.213821,39.584636],[-81.213723,39.584185],[-81.21495,39.583798]]]},"properties":{"p":"29-032022.0000","o":"SCOTTY DEAN ARMSTRONG","a":"33435    STATE ROUTE 260","d":"SWITZERLAND OF OHIO LOCAL SCHOOL DISTRICT","t":2309.97,"l":"510: Res-Single Family","c":0}},{"type":"Feature","geometry":{"type":"Polygon","coordinates":[[[-81.196368,39.591504],[-81.196325,39.592228],[-81.196015,39.591526],[-81.196368,39.591504]]]},"properties":{"p":"29-031016.0000","o":"ELLIS, ISAAC","a":"HOWELL                 RD","d":"SWITZERLAND OF OHIO LOCAL SCHOOL DISTRICT","t":37.74,"l":"100: Agr-Vacant Land","c":0}},{"type":"Feature","geometry":{"type":"Polygon","coordinates":[[[-81.153059,39.585279],[-81.153929,39.585003],[-81.154088,39.585273],[-81.154174,39.585338],[-81.154021,39.585441],[-81.153945,39.58551],[-81.153413,39.585746],[-81.153059,39.585279]]]},"properties":{"p":"29-029024.0000","o":"GARY BORON","a":"33684    RINARD MILLS           RD","d":"SWITZERLAND OF OHIO LOCAL SCHOOL DISTRICT","t":3784.56,"l":"518: Res-Custom Code","c":0}},{"type":"Feature","geometry":{"type":"Polygon","coordinates":[[[-81.153079,39.585893],[-81.153945,39.58551],[-81.15404,39.585646],[-81.153886,39.585749],[-81.15409,39.586214],[-81.153457,39.586391],[-81.153079,39.585893]]]},"properties":{"p":"29-029011.0000","o":"SCOTTY ARMSTRONG","a":"36385    OLD CAMP               RD","d":"SWITZERLAND OF OHIO LOCAL SCHOOL DISTRICT","t":1274.69,"l":"511: Res-Custom Code","c":0}},{"type":"Feature","geometry":{"type":"MultiPolygon","coordinates":[[[[-81.155162,39.585246],[-81.15522,39.585229],[-81.157171,39.587038],[-81.157361,39.587291],[-81.157608,39.587746],[-81.157741,39.588051],[-81.157788,39.588276],[-81.15709,39.588251],[-81.157072,39.587726],[-81.156864,39.587315],[-81.155597,39.586133],[-81.155052,39.585277],[-81.155162,39.585246]]],[[[-81.156656,39.581091],[-81.156667,39.581055],[-81.156985,39.581099],[-81.157065,39.58179],[-81.157285,39.58187],[-81.157258,39.582134],[-81.156651,39.582029],[-81.156516,39.581871],[-81.156656,39.581091]]]]},"properties":{"p":"29-029008.0000","o":"DONNA J ULLMAN","a":"33345    STATE ROUTE 26","d":"SWITZERLAND OF OHIO LOCAL SCHOOL DISTRICT","t":2573.83,"l":"102: Agr-Livestock Farm","c":0}},{"type":"Feature","geometry":{"type":"Polygon","coordinates":[[[-81.162015,39.64826],[-81.161918,39.649209],[-81.157372,39.649002],[-81.157462,39.648109],[-81.162015,39.64826]]]},"properties":{"p":"29-011016.0000","o":"ADA JOY ETAL C/O PAUL DIPAOLA","a":"BEECHY                 RD","d":"SWITZERLAND OF OHIO LOCAL SCHOOL DISTRICT","t":1474.3,"l":"502: Res-Custom Code","c":0}},{"type":"Feature","geometry":{"type":"Polygon","coordinates":[[[-81.157754,39.682466],[-81.157232,39.682099],[-81.157463,39.677412],[-81.159701,39.677498],[-81.159494,39.682676],[-81.159029,39.682656],[-81.158104,39.682501],[-81.157754,39.682466]]]},"properties":{"p":"29-003014.1000","o":"MICHAEL B SHETLER JR","a":"REAR NALLEY            RD","d":"SWITZERLAND OF OHIO LOCAL SCHOOL DISTRICT","t":2030.38,"l":"100: Agr-Vacant Land","c":0}},{"type":"Feature","geometry":{"type":"Polygon","coordinates":[[[-81.20631,39.702717],[-81.20627,39.702642],[-81.20617,39.702534],[-81.206041,39.702448],[-81.205869,39.702378],[-81.205073,39.702218],[-81.204152,39.702108],[-81.203624,39.701833],[-81.204344,39.701031],[-81.203508,39.700383],[-81.203075,39.699759],[-81.203038,39.69901],[-81.206663,39.699092],[-81.20641,39.702719],[-81.20631,39.702717]]]},"properties":{"p":"32-022013.0000","o":"LUCIO, JOHN & RAEGAN OR SURV.","a":"34265    HARTSHORN RIDGE        RD","d":"SWITZERLAND OF OHIO LOCAL SCHOOL DISTRICT","t":6643.43,"l":"513: Res-Custom Code","c":0}},{"type":"Feature","geometry":{"type":"Polygon","coordinates":[[[-81.193753,39.706061],[-81.195972,39.706113],[-81.195452,39.706213],[-81.195091,39.706321],[-81.194634,39.706562],[-81.194221,39.706748],[-81.193753,39.706061]]]},"properties":{"p":"32-014007.0000","o":"RICHARD T SCHLUP & MICHELLE DUVALLY","a":"34785    CONNER RIDGE           RD","d":"SWITZERLAND OF OHIO LOCAL SCHOOL DISTRICT","t":648.61,"l":"511: Res-Custom Code","c":0}},{"type":"Feature","geometry":{"type":"Polygon","coordinates":[[[-81.212987,39.730808],[-81.213304,39.729862],[-81.213629,39.729945],[-81.21332,39.730881],[-81.212987,39.730808]]]},"properties":{"p":"32-011015.0000","o":"TITUS R CECIL","a":"33955    EDWINA                 RD","d":"SWITZERLAND OF OHIO LOCAL SCHOOL DISTRICT","t":5220.31,"l":"518: Res-Custom Code","c":0}},{"type":"Feature","geometry":{"type":"Polygon","coordinates":[[[-81.165574,39.740426],[-81.166167,39.739987],[-81.166468,39.740059],[-81.166425,39.740258],[-81.166494,39.740554],[-81.166458,39.741187],[-81.166567,39.741785],[-81.163969,39.741732],[-81.164216,39.741595],[-81.164474,39.741321],[-81.164597,39.741156],[-81.164772,39.741066],[-81.165069,39.740998],[-81.165574,39.740426]]]},"properties":{"p":"32-004014.0000","o":"STEVEN W LUCAS","a":"36572    BARBER RIDGE           RD","d":"SWITZERLAND OF OHIO LOCAL SCHOOL DISTRICT","t":2558.97,"l":"511: Res-Custom Code","c":0}},{"type":"Feature","geometry":{"type":"Polygon","coordinates":[[[-81.208486,39.749992],[-81.207962,39.749643],[-81.207812,39.749506],[-81.207723,39.74934],[-81.207667,39.749096],[-81.207601,39.748979],[-81.207506,39.748874],[-81.207387,39.748785],[-81.207247,39.748717],[-81.207094,39.748663],[-81.206932,39.748632],[-81.206795,39.748572],[-81.206678,39.748492],[-81.206587,39.748393],[-81.206508,39.748223],[-81.206496,39.748118],[-81.206505,39.747899],[-81.206469,39.747772],[-81.205975,39.746997],[-81.205897,39.746828],[-81.205871,39.746746],[-81.205861,39.746637],[-81.205869,39.746277],[-81.209336,39.746339],[-81.209183,39.750008],[-81.208486,39.749992]]]},"properties":{"p":"32-003006.0000","o":"LINDA SUE BAKER & KYRA M BAKER","a":"BARBER RIDGE & GATTEN  RD","d":"SWITZERLAND OF OHIO LOCAL SCHOOL DISTRICT","t":866.18,"l":"100: Agr-Vacant Land","c":0}}]}