{"type":"FeatureCollection","features":[{"type":"Feature","geometry":{"type":"Polygon","coordinates":[[[-82.418531,39.46637],[-82.418523,39.466459],[-82.417233,39.46571],[-82.416723,39.465415],[-82.416048,39.465086],[-82.416085,39.46504],[-82.41614,39.464973],[-82.418647,39.464937],[-82.418592,39.465623],[-82.418531,39.46637]]]},"properties":{"p":"190000170000","o":"UNDERWOOD, DUSTINRAY","a":"","d":"LOGAN-HOCKING LOCAL SCHOOL DISTRICT","t":460.99,"l":"","c":0}},{"type":"Feature","geometry":{"type":"Polygon","coordinates":[[[-82.474982,39.471772],[-82.475027,39.471361],[-82.475866,39.471382],[-82.477143,39.471407],[-82.477246,39.471409],[-82.477244,39.471498],[-82.477229,39.471745],[-82.477555,39.471757],[-82.47757,39.47151],[-82.477916,39.471579],[-82.478199,39.471636],[-82.478387,39.471674],[-82.478139,39.471978],[-82.474982,39.471772]]]},"properties":{"p":"190000740400","o":"REWILDRENTALSLLC","a":"","d":"LOGAN-HOCKING LOCAL SCHOOL DISTRICT","t":1112.73,"l":"","c":0}},{"type":"Feature","geometry":{"type":"Polygon","coordinates":[[[-82.503069,39.473349],[-82.50262,39.473188],[-82.502324,39.473081],[-82.502125,39.473007],[-82.5018,39.472884],[-82.501702,39.472847],[-82.501742,39.47276],[-82.502636,39.472465],[-82.503292,39.472189],[-82.503389,39.472149],[-82.503384,39.472229],[-82.503323,39.473136],[-82.503313,39.473287],[-82.503303,39.473431],[-82.503069,39.473349]]]},"properties":{"p":"190000830000","o":"CARRELL, SHEILA& JOHNSON","a":"","d":"LOGAN-HOCKING LOCAL SCHOOL DISTRICT","t":819.05,"l":"","c":0}},{"type":"Feature","geometry":{"type":"Polygon","coordinates":[[[-82.47822,39.458718],[-82.478281,39.458078],[-82.480138,39.458083],[-82.479409,39.460083],[-82.479397,39.460115],[-82.478682,39.460088],[-82.478804,39.45875],[-82.47822,39.458718]]]},"properties":{"p":"190001330000","o":"ROSS PROPERTY HOLDINGS, LLC","a":"","d":"LOGAN-HOCKING LOCAL SCHOOL DISTRICT","t":2262.76,"l":"","c":0}},{"type":"Feature","geometry":{"type":"Polygon","coordinates":[[[-82.479927,39.460136],[-82.480313,39.459806],[-82.480751,39.459433],[-82.481641,39.459482],[-82.481606,39.459856],[-82.481575,39.460199],[-82.480752,39.460167],[-82.479927,39.460136]]]},"properties":{"p":"190001350000","o":"BEEKMAN, SHAWN","a":"","d":"LOGAN-HOCKING LOCAL SCHOOL DISTRICT","t":887.44,"l":"","c":0}},{"type":"Feature","geometry":{"type":"Polygon","coordinates":[[[-82.433455,39.457012],[-82.43353,39.456045],[-82.437989,39.456209],[-82.437917,39.457197],[-82.433455,39.457012]]]},"properties":{"p":"190001600000","o":"HODGE,ANTHONYA","a":"","d":"LOGAN-HOCKING LOCAL SCHOOL DISTRICT","t":1157.38,"l":"","c":0}},{"type":"Feature","geometry":{"type":"Polygon","coordinates":[[[-82.436017,39.463594],[-82.435749,39.464078],[-82.435632,39.464291],[-82.435233,39.465013],[-82.434913,39.465593],[-82.432831,39.465484],[-82.432921,39.46421],[-82.433674,39.464471],[-82.434382,39.463855],[-82.435028,39.463292],[-82.435735,39.463508],[-82.436017,39.463594]]]},"properties":{"p":"190001680301","o":"RAO, NIKHIL & BHATIA, DEEPEKSHA","a":"","d":"LOGAN-HOCKING LOCAL SCHOOL DISTRICT","t":893.2,"l":"","c":0}},{"type":"Feature","geometry":{"type":"Polygon","coordinates":[[[-82.414847,39.464526],[-82.414787,39.464491],[-82.414369,39.464367],[-82.414025,39.46425],[-82.413937,39.464206],[-82.414072,39.462698],[-82.41877,39.463424],[-82.418647,39.464937],[-82.41614,39.464973],[-82.41659,39.464422],[-82.416035,39.464234],[-82.415768,39.464062],[-82.415367,39.463891],[-82.415348,39.463914],[-82.414896,39.464466],[-82.414847,39.464526]]]},"properties":{"p":"190001720000","o":"UNDERWOOD, DUSTINRAY","a":"","d":"LOGAN-HOCKING LOCAL SCHOOL DISTRICT","t":3178.65,"l":"","c":0}},{"type":"Feature","geometry":{"type":"Polygon","coordinates":[[[-82.403837,39.434372],[-82.403918,39.433993],[-82.404011,39.433997],[-82.404526,39.434021],[-82.404976,39.434044],[-82.405083,39.434049],[-82.405599,39.434075],[-82.40567,39.434079],[-82.405622,39.434196],[-82.405564,39.434401],[-82.405546,39.434495],[-82.405528,39.434589],[-82.405424,39.434576],[-82.405123,39.434537],[-82.403837,39.434372]]]},"properties":{"p":"190001961500","o":"BOLIN, ROBERT &PEGGYKOCH","a":"","d":"LOGAN-HOCKING LOCAL SCHOOL DISTRICT","t":1938.88,"l":"","c":0}},{"type":"Feature","geometry":{"type":"Polygon","coordinates":[[[-82.487865,39.449353],[-82.489922,39.449472],[-82.491024,39.448766],[-82.490976,39.449532],[-82.490753,39.453097],[-82.489228,39.453005],[-82.48844,39.452967],[-82.488352,39.452963],[-82.488366,39.452939],[-82.488385,39.452902],[-82.4884,39.452868],[-82.488415,39.452834],[-82.488429,39.452799],[-82.488443,39.452764],[-82.488462,39.452712],[-82.488468,39.452694],[-82.488481,39.452659],[-82.488494,39.452624],[-82.488506,39.452588],[-82.488519,39.452553],[-82.488532,39.452518],[-82.488544,39.452483],[-82.488557,39.452448],[-82.488574,39.452399],[-82.488582,39.452378],[-82.488598,39.452334],[-82.488607,39.452308],[-82.488619,39.452273],[-82.488632,39.452238],[-82.488644,39.452203],[-82.488657,39.452167],[-82.488669,39.452132],[-82.488682,39.452097],[-82.488692,39.452068],[-82.488706,39.452027],[-82.488719,39.451992],[-82.488731,39.451957],[-82.488743,39.451922],[-82.488756,39.451887],[-82.488768,39.451851],[-82.488781,39.451816],[-82.488794,39.451781],[-82.488807,39.451746],[-82.488818,39.451718],[-82.488834,39.451677],[-82.488848,39.451642],[-82.488861,39.451607],[-82.488873,39.451572],[-82.488885,39.451536],[-82.488891,39.451518],[-82.488905,39.451465],[-82.488913,39.451429],[-82.48892,39.451393],[-82.488922,39.451374],[-82.488928,39.451321],[-82.488929,39.451284],[-82.48893,39.451248],[-82.48893,39.451211],[-82.48893,39.451182],[-82.488929,39.451139],[-82.488928,39.451102],[-82.488927,39.451066],[-82.488926,39.451029],[-82.488924,39.450978],[-82.488923,39.450957],[-82.488921,39.45092],[-82.488919,39.450884],[-82.488917,39.450847],[-82.488913,39.450811],[-82.48891,39.450775],[-82.488905,39.450739],[-82.488899,39.450702],[-82.48889,39.450654],[-82.488884,39.45063],[-82.488875,39.450595],[-82.488864,39.450559],[-82.488852,39.450524],[-82.488839,39.450489],[-82.488824,39.450454],[-82.488807,39.45042],[-82.488789,39.450386],[-82.488765,39.450347],[-82.488747,39.45032],[-82.488724,39.450289],[-82.488699,39.450258],[-82.488671,39.450228],[-82.488644,39.450202],[-82.48861,39.450173],[-82.488577,39.450148],[-82.488542,39.450123],[-82.488506,39.450099],[-82.48848,39.450082],[-82.488433,39.450053],[-82.488395,39.450031],[-82.488365,39.450014],[-82.488318,39.44999],[-82.488278,39.449971],[-82.488238,39.449952],[-82.488063,39.449868],[-82.488004,39.449837],[-82.487947,39.449805],[-82.487891,39.449771],[-82.487837,39.449735],[-82.487787,39.449696],[-82.487744,39.449653],[-82.487708,39.449606],[-82.487685,39.449554],[-82.487673,39.4495],[-82.487671,39.449445],[-82.487677,39.44939],[-82.487688,39.449343],[-82.487865,39.449353]]]},"properties":{"p":"190002460000","o":"ROSIER, CHARLES B.&MARYK","a":"","d":"LOGAN-HOCKING LOCAL SCHOOL DISTRICT","t":547.5,"l":"","c":0}},{"type":"Feature","geometry":{"type":"Polygon","coordinates":[[[-82.490753,39.453097],[-82.490976,39.449532],[-82.491024,39.448766],[-82.491247,39.448778],[-82.49151,39.445728],[-82.493775,39.445841],[-82.494887,39.445897],[-82.496104,39.445958],[-82.495977,39.447719],[-82.495872,39.449645],[-82.495534,39.453365],[-82.490753,39.453097]]]},"properties":{"p":"190002660000","o":"ROSIER, CHARLES B.& MARYK","a":"","d":"LOGAN-HOCKING LOCAL SCHOOL DISTRICT","t":1080.49,"l":"","c":0}},{"type":"Feature","geometry":{"type":"Polygon","coordinates":[[[-82.455333,39.434761],[-82.455323,39.434893],[-82.455208,39.436461],[-82.455195,39.436626],[-82.453956,39.436553],[-82.454062,39.435506],[-82.454113,39.434879],[-82.454118,39.434828],[-82.454125,39.434744],[-82.454195,39.434741],[-82.454266,39.434738],[-82.454337,39.434735],[-82.454407,39.434733],[-82.454478,39.434731],[-82.454549,39.43473],[-82.45462,39.434729],[-82.454691,39.434729],[-82.454761,39.434729],[-82.454832,39.434731],[-82.454903,39.434733],[-82.454974,39.434736],[-82.455044,39.434739],[-82.455115,39.434744],[-82.455185,39.434749],[-82.455256,39.434754],[-82.455333,39.434761]]]},"properties":{"p":"190002910200","o":"ILES, JAMESE","a":"","d":"LOGAN-HOCKING LOCAL SCHOOL DISTRICT","t":1323.77,"l":"","c":0}},{"type":"Feature","geometry":{"type":"Polygon","coordinates":[[[-82.455807,39.434804],[-82.455871,39.434757],[-82.458339,39.432988],[-82.459024,39.433023],[-82.460018,39.433074],[-82.459571,39.433819],[-82.457857,39.436615],[-82.457854,39.436621],[-82.457834,39.436488],[-82.457754,39.436152],[-82.457724,39.435898],[-82.457624,39.435616],[-82.457496,39.435214],[-82.457436,39.435117],[-82.457386,39.43506],[-82.457324,39.435031],[-82.457139,39.434998],[-82.457157,39.434916],[-82.456486,39.434858],[-82.455807,39.434804]]]},"properties":{"p":"190002910400","o":"ILES, JAMESE. ee","a":"","d":"LOGAN-HOCKING LOCAL SCHOOL DISTRICT","t":1843.24,"l":"","c":0}},{"type":"Feature","geometry":{"type":"Polygon","coordinates":[[[-82.436744,39.432708],[-82.435716,39.435621],[-82.435043,39.435587],[-82.435704,39.428261],[-82.440337,39.42841],[-82.440081,39.431769],[-82.438982,39.431735],[-82.438839,39.432104],[-82.438808,39.432184],[-82.438485,39.432054],[-82.438077,39.431849],[-82.437387,39.431469],[-82.436826,39.431136],[-82.436823,39.431194],[-82.436744,39.432708]]]},"properties":{"p":"190003130000","o":"FISHER, LUTHERN &ANDREAR","a":"","d":"LOGAN-HOCKING LOCAL SCHOOL DISTRICT","t":2141.14,"l":"","c":0}},{"type":"Feature","geometry":{"type":"Polygon","coordinates":[[[-82.435704,39.428261],[-82.435851,39.42642],[-82.440475,39.426635],[-82.44047,39.426703],[-82.440337,39.42841],[-82.435704,39.428261]]]},"properties":{"p":"190003130100","o":"FISHER, LUTHERN&ANDREAR","a":"","d":"LOGAN-HOCKING LOCAL SCHOOL DISTRICT","t":523.37,"l":"","c":0}},{"type":"Feature","geometry":{"type":"Polygon","coordinates":[[[-82.438808,39.432184],[-82.438839,39.432104],[-82.438982,39.431735],[-82.440081,39.431769],[-82.440046,39.432193],[-82.439995,39.432797],[-82.439991,39.432846],[-82.439926,39.432741],[-82.439898,39.432706],[-82.439865,39.432671],[-82.43982,39.432635],[-82.439753,39.43259],[-82.439693,39.432557],[-82.439599,39.432508],[-82.439442,39.432436],[-82.43941,39.432425],[-82.439346,39.432402],[-82.439282,39.432379],[-82.439218,39.432355],[-82.439155,39.43233],[-82.439092,39.432305],[-82.439029,39.432279],[-82.438967,39.432253],[-82.438905,39.432226],[-82.438844,39.432199],[-82.438808,39.432184]]]},"properties":{"p":"190003130200","o":"FARROW, BRITT","a":"","d":"LOGAN-HOCKING LOCAL SCHOOL DISTRICT","t":369.2,"l":"","c":0}},{"type":"Feature","geometry":{"type":"Polygon","coordinates":[[[-82.43046,39.43513],[-82.433112,39.432428],[-82.435281,39.430331],[-82.435333,39.43028],[-82.435235,39.430214],[-82.435,39.430002],[-82.434808,39.429773],[-82.434415,39.429213],[-82.43436,39.429237],[-82.432829,39.42992],[-82.430654,39.432545],[-82.430728,39.431658],[-82.430882,39.429805],[-82.426283,39.429508],[-82.426419,39.427814],[-82.426473,39.427094],[-82.426524,39.426413],[-82.426601,39.425439],[-82.426719,39.424038],[-82.429155,39.42416],[-82.428636,39.424821],[-82.428515,39.425188],[-82.429479,39.425715],[-82.430177,39.426048],[-82.430604,39.425994],[-82.431214,39.425833],[-82.431761,39.425688],[-82.431837,39.425667],[-82.431956,39.425882],[-82.432102,39.426112],[-82.432265,39.42633],[-82.432193,39.426366],[-82.431517,39.426709],[-82.432772,39.42812],[-82.433267,39.428677],[-82.433614,39.428725],[-82.433919,39.428619],[-82.433982,39.428596],[-82.433687,39.428164],[-82.433115,39.427328],[-82.433196,39.427301],[-82.435851,39.42642],[-82.435704,39.428261],[-82.435043,39.435587],[-82.430427,39.435391],[-82.43046,39.43513]]]},"properties":{"p":"190003190000","o":"FISHER, LUTHERN&ANDREAR","a":"","d":"LOGAN-HOCKING LOCAL SCHOOL DISTRICT","t":4806.68,"l":"","c":0}},{"type":"Feature","geometry":{"type":"Polygon","coordinates":[[[-82.424414,39.426995],[-82.424409,39.426913],[-82.424405,39.426858],[-82.424401,39.426803],[-82.424395,39.426711],[-82.424376,39.426424],[-82.424373,39.426369],[-82.424369,39.426309],[-82.424546,39.426317],[-82.426524,39.426413],[-82.426473,39.427094],[-82.424591,39.427003],[-82.424414,39.426995]]]},"properties":{"p":"190003270200","o":"WILLIAMS, JANET. 2","a":"","d":"LOGAN-HOCKING LOCAL SCHOOL DISTRICT","t":677.06,"l":"","c":0}},{"type":"Feature","geometry":{"type":"Polygon","coordinates":[[[-82.470059,39.394865],[-82.470153,39.394791],[-82.471656,39.393599],[-82.471458,39.396164],[-82.47142,39.396655],[-82.471415,39.396622],[-82.471413,39.396599],[-82.471409,39.396569],[-82.471395,39.396461],[-82.471356,39.396326],[-82.471329,39.396263],[-82.471277,39.396155],[-82.471207,39.396035],[-82.471105,39.39588],[-82.470978,39.395736],[-82.470901,39.395648],[-82.470801,39.395538],[-82.47074,39.395472],[-82.470675,39.395401],[-82.470546,39.395272],[-82.470441,39.395176],[-82.470278,39.39505],[-82.470171,39.394967],[-82.470095,39.394903],[-82.470059,39.394865]]]},"properties":{"p":"190004240200","o":"GROSS, FRANKJ","a":"","d":"LOGAN-HOCKING LOCAL SCHOOL DISTRICT","t":468.97,"l":"","c":0}},{"type":"Feature","geometry":{"type":"Polygon","coordinates":[[[-82.203438,39.485682],[-82.203476,39.485291],[-82.203517,39.484852],[-82.204652,39.485409],[-82.204149,39.486019],[-82.203438,39.485682]]]},"properties":{"p":"170001110100","o":"ANGELETTI, DAN&LITA","a":"","d":"NELSONVILLE-YORK CITY SCHOOLS","t":289.25,"l":"","c":0}},{"type":"Feature","geometry":{"type":"Polygon","coordinates":[[[-82.205069,39.485201],[-82.205477,39.484697],[-82.205533,39.484723],[-82.205677,39.484792],[-82.205816,39.484861],[-82.205976,39.484941],[-82.20627,39.48509],[-82.205865,39.485572],[-82.205069,39.485201]]]},"properties":{"p":"170001150000","o":"GODENSCHWAGER, GEORGIA","a":"","d":"NELSONVILLE-YORK CITY SCHOOLS","t":1386.99,"l":"","c":0}},{"type":"Feature","geometry":{"type":"Polygon","coordinates":[[[-82.207176,39.486422],[-82.207673,39.485946],[-82.207724,39.485987],[-82.207739,39.485999],[-82.207847,39.48609],[-82.208038,39.486271],[-82.207411,39.486565],[-82.207176,39.486422]]]},"properties":{"p":"170001180000","o":"FOUTY, JEROMEW","a":"","d":"NELSONVILLE-YORK CITY SCHOOLS","t":366.34,"l":"","c":0}},{"type":"Feature","geometry":{"type":"Polygon","coordinates":[[[-82.23853,39.49836],[-82.238694,39.498056],[-82.238857,39.498109],[-82.238693,39.498413],[-82.23853,39.49836]]]},"properties":{"p":"170001820000","o":"TUTHILL, JANET","a":"","d":"NELSONVILLE-YORK CITY SCHOOLS","t":489.29,"l":"","c":0}},{"type":"Feature","geometry":{"type":"Polygon","coordinates":[[[-82.238693,39.498413],[-82.238857,39.498109],[-82.239021,39.498162],[-82.238856,39.498466],[-82.238693,39.498413]]]},"properties":{"p":"170001830000","o":"TUTHILL, JANET","a":"","d":"NELSONVILLE-YORK CITY SCHOOLS","t":168.22,"l":"","c":0}},{"type":"Feature","geometry":{"type":"Polygon","coordinates":[[[-82.258026,39.511513],[-82.25791,39.512576],[-82.257589,39.512096],[-82.257393,39.512189],[-82.256821,39.51246],[-82.256619,39.512215],[-82.256496,39.512065],[-82.256147,39.511678],[-82.255958,39.511469],[-82.255973,39.511479],[-82.256028,39.511513],[-82.256084,39.511546],[-82.256143,39.511577],[-82.256205,39.511603],[-82.256271,39.511624],[-82.256339,39.511639],[-82.256409,39.51165],[-82.256479,39.511656],[-82.25655,39.511658],[-82.256621,39.511656],[-82.256691,39.511652],[-82.256762,39.511645],[-82.256832,39.511637],[-82.256902,39.511628],[-82.256971,39.511618],[-82.257041,39.511608],[-82.257111,39.511599],[-82.257181,39.511589],[-82.257251,39.511581],[-82.257321,39.511573],[-82.257391,39.511566],[-82.257462,39.51156],[-82.257532,39.511554],[-82.257603,39.511549],[-82.257673,39.511544],[-82.257744,39.511538],[-82.257814,39.511532],[-82.257885,39.511526],[-82.257955,39.511519],[-82.258026,39.511513]]]},"properties":{"p":"170003780000","o":"DAY,LARRYS","a":"","d":"NELSONVILLE-YORK CITY SCHOOLS","t":123.94,"l":"","c":0}},{"type":"Feature","geometry":{"type":"Polygon","coordinates":[[[-82.254376,39.513151],[-82.25495,39.512857],[-82.254818,39.512688],[-82.255518,39.512329],[-82.255635,39.512506],[-82.255746,39.512643],[-82.256506,39.51227],[-82.256619,39.512215],[-82.256821,39.51246],[-82.256905,39.512562],[-82.25684,39.512595],[-82.255595,39.513227],[-82.254376,39.513151]]]},"properties":{"p":"170003800400","o":"WALTER, ASHLEY &HODGSON, JOSHUA","a":"","d":"NELSONVILLE-YORK CITY SCHOOLS","t":1066.44,"l":"","c":0}},{"type":"Feature","geometry":{"type":"Polygon","coordinates":[[[-82.257883,39.512826],[-82.25791,39.512576],[-82.258026,39.511513],[-82.258271,39.511484],[-82.258546,39.511442],[-82.258836,39.511385],[-82.259148,39.511307],[-82.259409,39.511227],[-82.259999,39.510991],[-82.260427,39.510823],[-82.260627,39.511503],[-82.260914,39.511723],[-82.260917,39.511973],[-82.260381,39.512582],[-82.260127,39.512709],[-82.26008,39.512947],[-82.259904,39.512937],[-82.257883,39.512826]]]},"properties":{"p":"170004193100","o":"DAY, LARRYS","a":"","d":"NELSONVILLE-YORK CITY SCHOOLS","t":429.43,"l":"","c":0}},{"type":"Feature","geometry":{"type":"Polygon","coordinates":[[[-82.257225,39.519331],[-82.257322,39.518361],[-82.259185,39.518458],[-82.259202,39.518459],[-82.259281,39.518463],[-82.259267,39.518628],[-82.259189,39.518624],[-82.257517,39.518536],[-82.257437,39.519344],[-82.257785,39.519573],[-82.25804,39.519749],[-82.257126,39.520318],[-82.257225,39.519331]]]},"properties":{"p":"170004220300","o":"SHEPHERD, GREG&DEBBIE","a":"","d":"NELSONVILLE-YORK CITY SCHOOLS","t":194.52,"l":"","c":0}},{"type":"Feature","geometry":{"type":"Polygon","coordinates":[[[-82.242509,39.502053],[-82.24254,39.501724],[-82.242717,39.501734],[-82.242746,39.501736],[-82.242715,39.502065],[-82.242686,39.502063],[-82.242509,39.502053]]]},"properties":{"p":"170005210000","o":"FLOWERS, INEZM","a":"","d":"NELSONVILLE-YORK CITY SCHOOLS","t":275.42,"l":"","c":0}},{"type":"Feature","geometry":{"type":"Polygon","coordinates":[[[-82.242715,39.502065],[-82.242746,39.501736],[-82.242775,39.501738],[-82.242953,39.501748],[-82.242922,39.502076],[-82.242744,39.502066],[-82.242715,39.502065]]]},"properties":{"p":"170005220000","o":"DANE, RICKN.&BONNIEL","a":"","d":"NELSONVILLE-YORK CITY SCHOOLS","t":308.4,"l":"","c":0}},{"type":"Feature","geometry":{"type":"Polygon","coordinates":[[[-82.165002,39.50692],[-82.16507,39.506849],[-82.165725,39.506904],[-82.165653,39.507018],[-82.165562,39.507161],[-82.165462,39.507156],[-82.164875,39.507126],[-82.164962,39.506962],[-82.165002,39.50692]]]},"properties":{"p":"180000090000","o":"DELLINGER, JODI","a":"","d":"NELSONVILLE-YORK CITY SCHOOLS","t":1061.9,"l":"","c":0}},{"type":"Feature","geometry":{"type":"Polygon","coordinates":[[[-82.16507,39.506849],[-82.165178,39.506736],[-82.165287,39.506746],[-82.165797,39.506791],[-82.165725,39.506904],[-82.16507,39.506849]]]},"properties":{"p":"180000110000","o":"DELLINGER, JODI","a":"","d":"NELSONVILLE-YORK CITY SCHOOLS","t":107.54,"l":"","c":0}},{"type":"Feature","geometry":{"type":"Polygon","coordinates":[[[-82.164367,39.512949],[-82.164855,39.51287],[-82.164839,39.512938],[-82.164386,39.513013],[-82.164367,39.512949]]]},"properties":{"p":"180000390000","o":"YOUNG, BRINDAL","a":"","d":"NELSONVILLE-YORK CITY SCHOOLS","t":363.66,"l":"","c":0}},{"type":"Feature","geometry":{"type":"Polygon","coordinates":[[[-82.165367,39.508048],[-82.165418,39.507971],[-82.165569,39.507734],[-82.165663,39.507586],[-82.165757,39.507438],[-82.165861,39.507478],[-82.166338,39.50766],[-82.166244,39.507808],[-82.16615,39.507956],[-82.165903,39.508345],[-82.165569,39.508328],[-82.165436,39.508144],[-82.165367,39.508048]]]},"properties":{"p":"180000450100","o":"MITCHELL, HEATHERL","a":"","d":"NELSONVILLE-YORK CITY SCHOOLS","t":1052.22,"l":"","c":0}},{"type":"Feature","geometry":{"type":"Polygon","coordinates":[[[-82.163525,39.512661],[-82.164029,39.512571],[-82.164047,39.512631],[-82.163543,39.512721],[-82.163525,39.512661]]]},"properties":{"p":"180000490000","o":"MITCHELL, RICKYW","a":"","d":"NELSONVILLE-YORK CITY SCHOOLS","t":952.79,"l":"","c":0}},{"type":"Feature","geometry":{"type":"Polygon","coordinates":[[[-82.163489,39.512539],[-82.164,39.512448],[-82.164018,39.512509],[-82.164011,39.512511],[-82.163507,39.5126],[-82.163489,39.512539]]]},"properties":{"p":"180000500000","o":"MITCHELL, RICKYW 1","a":"","d":"NELSONVILLE-YORK CITY SCHOOLS","t":136.28,"l":"","c":0}},{"type":"Feature","geometry":{"type":"Polygon","coordinates":[[[-82.165078,39.513043],[-82.16541,39.512942],[-82.165482,39.513242],[-82.165051,39.513372],[-82.165065,39.513202],[-82.165078,39.513043]]]},"properties":{"p":"180000920000","o":"VASKO, JOSEPHE","a":"","d":"NELSONVILLE-YORK CITY SCHOOLS","t":916.84,"l":"","c":0}},{"type":"Feature","geometry":{"type":"Polygon","coordinates":[[[-82.165114,39.512593],[-82.16514,39.512333],[-82.165152,39.512203],[-82.165165,39.512077],[-82.165177,39.51195],[-82.165178,39.511933],[-82.165235,39.512186],[-82.165311,39.512533],[-82.165114,39.512593]]]},"properties":{"p":"180000930000","o":"VASKO, JOSEPHE","a":"","d":"NELSONVILLE-YORK CITY SCHOOLS","t":295.75,"l":"","c":0}},{"type":"Feature","geometry":{"type":"Polygon","coordinates":[[[-82.165893,39.513455],[-82.166339,39.513333],[-82.166398,39.513461],[-82.165926,39.51359],[-82.165893,39.513455]]]},"properties":{"p":"180001030000","o":"SIX, DANNIERUSSELL","a":"","d":"NELSONVILLE-YORK CITY SCHOOLS","t":2952.6,"l":"","c":0}},{"type":"Feature","geometry":{"type":"Polygon","coordinates":[[[-82.166023,39.509991],[-82.166035,39.509854],[-82.166046,39.509717],[-82.166012,39.509605],[-82.165985,39.509387],[-82.165998,39.509373],[-82.166147,39.509457],[-82.166296,39.509565],[-82.166473,39.509738],[-82.166504,39.509769],[-82.166494,39.509877],[-82.166483,39.510014],[-82.166023,39.509991]]]},"properties":{"p":"180001820000","o":"6250 INVESTMENTSLLC","a":"","d":"NELSONVILLE-YORK CITY SCHOOLS","t":398.29,"l":"","c":0}},{"type":"Feature","geometry":{"type":"Polygon","coordinates":[[[-82.166455,39.511388],[-82.166479,39.511114],[-82.166864,39.511134],[-82.167249,39.511154],[-82.167226,39.511428],[-82.166455,39.511388]]]},"properties":{"p":"180002000000","o":"ADAMS, JEAN","a":"","d":"NELSONVILLE-YORK CITY SCHOOLS","t":203.74,"l":"","c":0}},{"type":"Feature","geometry":{"type":"Polygon","coordinates":[[[-82.166539,39.510402],[-82.166548,39.510293],[-82.166571,39.510019],[-82.167342,39.510058],[-82.167318,39.510332],[-82.167309,39.510441],[-82.166539,39.510402]]]},"properties":{"p":"180002060000","o":"NOBLE, KATHRYN & NATESAN, RAJA","a":"","d":"NELSONVILLE-YORK CITY SCHOOLS","t":130.24,"l":"","c":0}},{"type":"Feature","geometry":{"type":"Polygon","coordinates":[[[-82.166571,39.510019],[-82.166594,39.509745],[-82.167365,39.509784],[-82.167342,39.510058],[-82.166571,39.510019]]]},"properties":{"p":"180002070000","o":"NOBLE, KATHRYN & NATESAN, RAJA","a":"","d":"NELSONVILLE-YORK CITY SCHOOLS","t":1713.21,"l":"","c":0}},{"type":"Feature","geometry":{"type":"Polygon","coordinates":[[[-82.166789,39.512952],[-82.16667,39.512694],[-82.166777,39.5127],[-82.166861,39.512881],[-82.167002,39.51289],[-82.166919,39.512709],[-82.167023,39.512716],[-82.167142,39.512974],[-82.166789,39.512952]]]},"properties":{"p":"180002250000","o":"BERWANGER, JEREMYT","a":"","d":"NELSONVILLE-YORK CITY SCHOOLS","t":101.65,"l":"","c":0}},{"type":"Feature","geometry":{"type":"Polygon","coordinates":[[[-82.167142,39.512974],[-82.167023,39.512716],[-82.167104,39.512721],[-82.167511,39.512746],[-82.16763,39.513005],[-82.167142,39.512974]]]},"properties":{"p":"180002260000","o":"BERWANGER, JEREMYT","a":"","d":"NELSONVILLE-YORK CITY SCHOOLS","t":417.52,"l":"","c":0}},{"type":"Feature","geometry":{"type":"Polygon","coordinates":[[[-82.168702,39.514229],[-82.168757,39.513611],[-82.169111,39.51363],[-82.169056,39.514248],[-82.168702,39.514229]]]},"properties":{"p":"180002540000","o":"MCCARTY, LACY & JASON","a":"","d":"NELSONVILLE-YORK CITY SCHOOLS","t":2007.77,"l":"","c":0}},{"type":"Feature","geometry":{"type":"Polygon","coordinates":[[[-82.169056,39.514248],[-82.169111,39.51363],[-82.169464,39.513649],[-82.169409,39.514267],[-82.169056,39.514248]]]},"properties":{"p":"180002550000","o":"KAPPLE, CAROL & COOK, GARY &","a":"","d":"NELSONVILLE-YORK CITY SCHOOLS","t":172.13,"l":"","c":0}},{"type":"Feature","geometry":{"type":"Polygon","coordinates":[[[-82.169409,39.514267],[-82.169464,39.513649],[-82.169641,39.513659],[-82.169586,39.514276],[-82.169409,39.514267]]]},"properties":{"p":"180002560000","o":"GRAY, JAMESMIl","a":"","d":"NELSONVILLE-YORK CITY SCHOOLS","t":1374.22,"l":"","c":0}},{"type":"Feature","geometry":{"type":"Polygon","coordinates":[[[-82.17047,39.514324],[-82.170525,39.513706],[-82.170643,39.513712],[-82.170588,39.51433],[-82.17047,39.514324]]]},"properties":{"p":"180002610000","o":"LYONS, RACHELJEAN","a":"","d":"NELSONVILLE-YORK CITY SCHOOLS","t":176.9,"l":"","c":0}},{"type":"Feature","geometry":{"type":"Polygon","coordinates":[[[-82.172208,39.513963],[-82.172244,39.513552],[-82.172457,39.513563],[-82.17242,39.513974],[-82.172208,39.513963]]]},"properties":{"p":"180002780000","o":"FUGATE,CHADA","a":"","d":"NELSONVILLE-YORK CITY SCHOOLS","t":448.02,"l":"","c":0}},{"type":"Feature","geometry":{"type":"Polygon","coordinates":[[[-82.166581,39.506345],[-82.166675,39.506197],[-82.166769,39.506049],[-82.167008,39.506141],[-82.167246,39.506232],[-82.167152,39.506379],[-82.167058,39.506527],[-82.166581,39.506345]]]},"properties":{"p":"180003070000","o":"BOND, ANGELAL.&SHEILAM","a":"","d":"NELSONVILLE-YORK CITY SCHOOLS","t":940.84,"l":"","c":0}},{"type":"Feature","geometry":{"type":"Polygon","coordinates":[[[-82.301326,39.418197],[-82.301398,39.418045],[-82.301449,39.4179],[-82.301485,39.417797],[-82.301518,39.417702],[-82.301668,39.417659],[-82.301758,39.417634],[-82.30192,39.417588],[-82.302088,39.41754],[-82.302235,39.417498],[-82.302378,39.417455],[-82.302581,39.417394],[-82.302487,39.418571],[-82.302226,39.418578],[-82.302046,39.418583],[-82.301461,39.418269],[-82.301326,39.418197]]]},"properties":{"p":"160000220500","o":"FULLER, BRIAN","a":"","d":"LOGAN-HOCKING LOCAL SCHOOL DISTRICT","t":196.67,"l":"","c":0}},{"type":"Feature","geometry":{"type":"Polygon","coordinates":[[[-82.287739,39.423637],[-82.287912,39.421905],[-82.287921,39.421823],[-82.288042,39.421822],[-82.288175,39.421821],[-82.288912,39.421849],[-82.28891,39.421897],[-82.288905,39.422039],[-82.28889,39.422217],[-82.28887,39.422435],[-82.288669,39.423721],[-82.288664,39.423753],[-82.287733,39.423704],[-82.287739,39.423637]]]},"properties":{"p":"160000240000","o":"CLEMENTS, ANDREWASR","a":"","d":"LOGAN-HOCKING LOCAL SCHOOL DISTRICT","t":142.63,"l":"","c":0}},{"type":"Feature","geometry":{"type":"Polygon","coordinates":[[[-82.294361,39.424049],[-82.294442,39.42322],[-82.294444,39.423197],[-82.294477,39.422864],[-82.294506,39.422568],[-82.294513,39.422498],[-82.294518,39.4225],[-82.294579,39.422514],[-82.294685,39.422531],[-82.294781,39.422544],[-82.294884,39.422558],[-82.294986,39.422571],[-82.295138,39.422589],[-82.295267,39.422605],[-82.295362,39.422619],[-82.295443,39.422635],[-82.295449,39.422636],[-82.295426,39.42287],[-82.295366,39.423441],[-82.295306,39.424101],[-82.294361,39.424049]]]},"properties":{"p":"160000300000","o":"JOHNSON, HAROLDA.JR","a":"","d":"LOGAN-HOCKING LOCAL SCHOOL DISTRICT","t":448.62,"l":"","c":0}},{"type":"Feature","geometry":{"type":"Polygon","coordinates":[[[-82.311128,39.419947],[-82.311157,39.419685],[-82.311546,39.416121],[-82.31164,39.415261],[-82.313649,39.415363],[-82.313449,39.41716],[-82.313202,39.419381],[-82.313149,39.419859],[-82.313126,39.420064],[-82.311128,39.419947]]]},"properties":{"p":"160000990000","o":"MCDANIEL,ROSEHELEN","a":"","d":"LOGAN-HOCKING LOCAL SCHOOL DISTRICT","t":493.2,"l":"","c":0}},{"type":"Feature","geometry":{"type":"Polygon","coordinates":[[[-82.320445,39.456588],[-82.32022,39.45962],[-82.319295,39.459575],[-82.319239,39.459543],[-82.319181,39.459511],[-82.319123,39.45948],[-82.319064,39.459449],[-82.319005,39.459419],[-82.318964,39.459398],[-82.318886,39.45936],[-82.318824,39.459333],[-82.318762,39.459306],[-82.318699,39.459281],[-82.318635,39.459257],[-82.318571,39.459234],[-82.318507,39.45921],[-82.318444,39.459186],[-82.31838,39.459162],[-82.318316,39.459139],[-82.31825,39.459119],[-82.318184,39.459098],[-82.318119,39.459077],[-82.318054,39.459055],[-82.317989,39.459034],[-82.317923,39.459013],[-82.31757,39.458903],[-82.317402,39.45884],[-82.317339,39.458815],[-82.317276,39.45879],[-82.317213,39.458765],[-82.31715,39.458739],[-82.317087,39.458715],[-82.317023,39.458691],[-82.316958,39.458669],[-82.316892,39.45865],[-82.316824,39.458635],[-82.316754,39.458626],[-82.316683,39.45862],[-82.316525,39.458616],[-82.316538,39.458534],[-82.31666,39.457729],[-82.316853,39.456459],[-82.320445,39.456588]]]},"properties":{"p":"160001210000","o":"ANSEL, JOHN RICHARD & NANCY LEE","a":"","d":"LOGAN-HOCKING LOCAL SCHOOL DISTRICT","t":173.58,"l":"","c":0}},{"type":"Feature","geometry":{"type":"Polygon","coordinates":[[[-82.315605,39.458557],[-82.315636,39.45848],[-82.315772,39.458139],[-82.315488,39.45809],[-82.315278,39.457842],[-82.315497,39.457368],[-82.31666,39.457729],[-82.316538,39.458534],[-82.316525,39.458616],[-82.316217,39.458603],[-82.315889,39.458581],[-82.315605,39.458557]]]},"properties":{"p":"160001210100","o":"ANSEL, JOHN RICHARD & NANCY LEE","a":"","d":"LOGAN-HOCKING LOCAL SCHOOL DISTRICT","t":261.62,"l":"","c":0}},{"type":"Feature","geometry":{"type":"Polygon","coordinates":[[[-82.315201,39.454721],[-82.315205,39.454615],[-82.315227,39.454129],[-82.315417,39.454134],[-82.315484,39.454418],[-82.315581,39.454777],[-82.315201,39.454721]]]},"properties":{"p":"160001260100","o":"REED, JEFFREYR","a":"","d":"LOGAN-HOCKING LOCAL SCHOOL DISTRICT","t":203.83,"l":"","c":0}},{"type":"Feature","geometry":{"type":"Polygon","coordinates":[[[-82.305093,39.462905],[-82.305611,39.463131],[-82.305939,39.463289],[-82.306639,39.463752],[-82.305699,39.463281],[-82.305304,39.463099],[-82.305061,39.462994],[-82.304938,39.463263],[-82.305342,39.463569],[-82.305556,39.463397],[-82.305757,39.463639],[-82.304889,39.465268],[-82.304619,39.465414],[-82.304455,39.465563],[-82.304389,39.465977],[-82.302587,39.465871],[-82.302754,39.464292],[-82.303489,39.464035],[-82.303729,39.462544],[-82.303749,39.462426],[-82.303762,39.462429],[-82.303984,39.462487],[-82.30417,39.462541],[-82.304302,39.462581],[-82.304396,39.462613],[-82.304463,39.462637],[-82.304515,39.462657],[-82.304593,39.462687],[-82.305093,39.462905]]]},"properties":{"p":"160001470500","o":"BONFIGLIO, MATTHEWW","a":"","d":"LOGAN-HOCKING LOCAL SCHOOL DISTRICT","t":285.71,"l":"","c":0}},{"type":"Feature","geometry":{"type":"Polygon","coordinates":[[[-82.319037,39.471938],[-82.318906,39.473274],[-82.318858,39.473236],[-82.318809,39.473196],[-82.318761,39.473156],[-82.318719,39.47312],[-82.318667,39.473074],[-82.318621,39.473032],[-82.318575,39.47299],[-82.31853,39.472948],[-82.318485,39.472905],[-82.31844,39.472863],[-82.318396,39.47282],[-82.318351,39.472777],[-82.318307,39.472735],[-82.318262,39.472692],[-82.318217,39.472649],[-82.318172,39.472607],[-82.318127,39.472565],[-82.318081,39.472523],[-82.318036,39.472481],[-82.31799,39.472439],[-82.317944,39.472397],[-82.317897,39.472356],[-82.317851,39.472314],[-82.317813,39.472279],[-82.317759,39.472231],[-82.317713,39.472189],[-82.317668,39.472147],[-82.317622,39.472105],[-82.31759,39.472074],[-82.317532,39.47202],[-82.317488,39.471977],[-82.317444,39.471934],[-82.3174,39.471891],[-82.317357,39.471847],[-82.317315,39.471803],[-82.317273,39.471759],[-82.317232,39.471714],[-82.31721,39.47169],[-82.317148,39.471619],[-82.317084,39.471543],[-82.317043,39.47149],[-82.317009,39.471446],[-82.316971,39.471395],[-82.316937,39.471347],[-82.316903,39.471298],[-82.316869,39.47125],[-82.316836,39.471202],[-82.316803,39.471153],[-82.31677,39.471104],[-82.316737,39.471056],[-82.316704,39.471007],[-82.316671,39.47096],[-82.316637,39.470911],[-82.316602,39.470863],[-82.316567,39.470815],[-82.316531,39.470768],[-82.316494,39.470721],[-82.316456,39.470675],[-82.316417,39.470629],[-82.316376,39.470584],[-82.316334,39.470539],[-82.316291,39.470496],[-82.316246,39.470453],[-82.316214,39.470423],[-82.316318,39.470326],[-82.316558,39.470103],[-82.316609,39.470143],[-82.316734,39.470239],[-82.316858,39.470337],[-82.316983,39.470435],[-82.317108,39.470533],[-82.317233,39.47063],[-82.317359,39.470727],[-82.317486,39.470823],[-82.317613,39.470919],[-82.31774,39.471015],[-82.317868,39.471111],[-82.317996,39.471206],[-82.318125,39.471301],[-82.318255,39.471395],[-82.318385,39.471488],[-82.31846,39.471541],[-82.318517,39.471581],[-82.318649,39.471673],[-82.318782,39.471765],[-82.318915,39.471856],[-82.319037,39.471938]]]},"properties":{"p":"160001730000","o":"SAWMILLER,LLC","a":"","d":"LOGAN-HOCKING LOCAL SCHOOL DISTRICT","t":11217.99,"l":"","c":0}},{"type":"Feature","geometry":{"type":"Polygon","coordinates":[[[-82.339042,39.399957],[-82.338854,39.400602],[-82.338175,39.40056],[-82.338033,39.400551],[-82.338119,39.400009],[-82.338269,39.399778],[-82.339042,39.399957]]]},"properties":{"p":"160001890000","o":"WILSON, BETTYL","a":"","d":"LOGAN-HOCKING LOCAL SCHOOL DISTRICT","t":556.5,"l":"","c":0}},{"type":"Feature","geometry":{"type":"Polygon","coordinates":[[[-82.337634,39.401521],[-82.337755,39.400544],[-82.337861,39.40055],[-82.337927,39.400551],[-82.338033,39.400551],[-82.338175,39.40056],[-82.338854,39.400602],[-82.338938,39.400887],[-82.33916,39.4016],[-82.337829,39.401531],[-82.337634,39.401521]]]},"properties":{"p":"160001900000","o":"SAVELY,SHANDA","a":"","d":"LOGAN-HOCKING LOCAL SCHOOL DISTRICT","t":788.49,"l":"","c":0}},{"type":"Feature","geometry":{"type":"Polygon","coordinates":[[[-82.344955,39.396576],[-82.344811,39.398008],[-82.342792,39.397911],[-82.342799,39.397815],[-82.343179,39.397279],[-82.343344,39.397103],[-82.343744,39.396825],[-82.343866,39.396776],[-82.344411,39.396652],[-82.344955,39.396576]]]},"properties":{"p":"160001930100","o":"COLLINS, CRISTIE","a":"","d":"LOGAN-HOCKING LOCAL SCHOOL DISTRICT","t":200.7,"l":"","c":0}},{"type":"Feature","geometry":{"type":"Polygon","coordinates":[[[-82.338825,39.411935],[-82.338974,39.410515],[-82.343576,39.410761],[-82.343551,39.411009],[-82.343252,39.414078],[-82.343244,39.414168],[-82.342197,39.414107],[-82.341542,39.414069],[-82.341112,39.414044],[-82.340481,39.414007],[-82.339881,39.413972],[-82.339264,39.413936],[-82.338842,39.413912],[-82.338619,39.413899],[-82.338825,39.411935]]]},"properties":{"p":"160002170000","o":"LAURELRUNLLC","a":"","d":"LOGAN-HOCKING LOCAL SCHOOL DISTRICT","t":725.6,"l":"","c":0}},{"type":"Feature","geometry":{"type":"Polygon","coordinates":[[[-82.334072,39.4087],[-82.334111,39.408529],[-82.334149,39.408259],[-82.334179,39.407985],[-82.334199,39.407781],[-82.334208,39.407613],[-82.334313,39.40762],[-82.334939,39.40766],[-82.335905,39.407721],[-82.33682,39.40778],[-82.33757,39.407827],[-82.338666,39.407897],[-82.339213,39.407932],[-82.338974,39.410515],[-82.335051,39.409294],[-82.334634,39.409155],[-82.334006,39.409123],[-82.333937,39.40912],[-82.333986,39.408976],[-82.334072,39.4087]]]},"properties":{"p":"160002180100","o":"LAURELRUNLLC","a":"","d":"LOGAN-HOCKING LOCAL SCHOOL DISTRICT","t":446.77,"l":"","c":0}},{"type":"Feature","geometry":{"type":"Polygon","coordinates":[[[-82.338974,39.410515],[-82.339213,39.407932],[-82.339858,39.407973],[-82.340382,39.408006],[-82.341288,39.408064],[-82.341956,39.408106],[-82.342552,39.408144],[-82.343482,39.408203],[-82.343856,39.408227],[-82.343825,39.408495],[-82.343711,39.4095],[-82.343576,39.410761],[-82.338974,39.410515]]]},"properties":{"p":"160002240000","o":"LAURELRUNLLC","a":"","d":"LOGAN-HOCKING LOCAL SCHOOL DISTRICT","t":7175.4,"l":"","c":0}},{"type":"Feature","geometry":{"type":"Polygon","coordinates":[[[-82.326923,39.40558],[-82.326922,39.40558],[-82.326557,39.405563],[-82.326562,39.405493],[-82.326587,39.40517],[-82.326598,39.405023],[-82.327086,39.40523],[-82.327083,39.405257],[-82.327064,39.405521],[-82.327059,39.405586],[-82.326923,39.40558]]]},"properties":{"p":"160002290000","o":"CARTER, MATTHEWR &SHELLYM","a":"","d":"LOGAN-HOCKING LOCAL SCHOOL DISTRICT","t":1053.64,"l":"","c":0}},{"type":"Feature","geometry":{"type":"Polygon","coordinates":[[[-82.328516,39.435758],[-82.328884,39.435484],[-82.32937,39.43609],[-82.32934,39.43612],[-82.329317,39.43614],[-82.329293,39.436161],[-82.329269,39.436181],[-82.329244,39.436201],[-82.329219,39.43622],[-82.329193,39.436239],[-82.329167,39.436257],[-82.329141,39.436276],[-82.329114,39.436293],[-82.329086,39.436311],[-82.329059,39.436328],[-82.329031,39.436345],[-82.328985,39.436371],[-82.328383,39.435857],[-82.328516,39.435758]]]},"properties":{"p":"160002520100","o":"FORREST, DAVIDL","a":"","d":"LOGAN-HOCKING LOCAL SCHOOL DISTRICT","t":439.21,"l":"","c":0}},{"type":"Feature","geometry":{"type":"Polygon","coordinates":[[[-82.321917,39.475001],[-82.320925,39.474343],[-82.321778,39.473693],[-82.321921,39.473783],[-82.322059,39.473869],[-82.322197,39.473955],[-82.322335,39.474041],[-82.322473,39.474127],[-82.32261,39.474214],[-82.322748,39.4743],[-82.322885,39.474386],[-82.323023,39.474473],[-82.323161,39.474559],[-82.323299,39.474646],[-82.323437,39.474732],[-82.323574,39.474818],[-82.323712,39.474904],[-82.32385,39.47499],[-82.323986,39.475077],[-82.324046,39.475115],[-82.321917,39.475001]]]},"properties":{"p":"160002620200","o":"SAWMILLER,LLC","a":"","d":"LOGAN-HOCKING LOCAL SCHOOL DISTRICT","t":3587.73,"l":"","c":0}},{"type":"Feature","geometry":{"type":"Polygon","coordinates":[[[-82.359016,39.403652],[-82.359022,39.403623],[-82.359053,39.403649],[-82.359574,39.40408],[-82.360028,39.404189],[-82.359977,39.404958],[-82.358864,39.40456],[-82.358797,39.404536],[-82.358805,39.404515],[-82.358813,39.404488],[-82.358821,39.404461],[-82.358829,39.404435],[-82.358836,39.404408],[-82.358844,39.404381],[-82.358851,39.404354],[-82.358858,39.404327],[-82.358865,39.4043],[-82.358872,39.404273],[-82.358879,39.404246],[-82.358886,39.404219],[-82.358892,39.404192],[-82.358899,39.404165],[-82.358906,39.404138],[-82.358912,39.404111],[-82.358918,39.404084],[-82.358925,39.404057],[-82.358931,39.40403],[-82.358937,39.404003],[-82.358943,39.403976],[-82.358949,39.403949],[-82.358956,39.403922],[-82.358962,39.403895],[-82.358968,39.403868],[-82.358974,39.403841],[-82.35898,39.403814],[-82.358986,39.403787],[-82.358992,39.40376],[-82.358999,39.403733],[-82.359005,39.403706],[-82.359011,39.403679],[-82.359016,39.403652]]]},"properties":{"p":"160002900000","o":"CARTER, BRIANV","a":"","d":"LOGAN-HOCKING LOCAL SCHOOL DISTRICT","t":1017.01,"l":"","c":0}},{"type":"Feature","geometry":{"type":"Polygon","coordinates":[[[-82.343551,39.411009],[-82.344006,39.411032],[-82.344232,39.411043],[-82.344749,39.411069],[-82.34552,39.411108],[-82.345883,39.411126],[-82.346382,39.411151],[-82.347011,39.411182],[-82.348088,39.411236],[-82.348343,39.411249],[-82.348316,39.411571],[-82.348268,39.41213],[-82.348206,39.41285],[-82.348926,39.412886],[-82.34891,39.413079],[-82.348849,39.413829],[-82.348802,39.414315],[-82.347781,39.414271],[-82.346436,39.414214],[-82.346089,39.414199],[-82.345652,39.41418],[-82.345391,39.414169],[-82.344364,39.414125],[-82.343252,39.414078],[-82.343551,39.411009]]]},"properties":{"p":"160002950000","o":"LAURELRUNLLC","a":"","d":"LOGAN-HOCKING LOCAL SCHOOL DISTRICT","t":670.04,"l":"","c":0}},{"type":"Feature","geometry":{"type":"Polygon","coordinates":[[[-82.354835,39.408457],[-82.354898,39.408418],[-82.354957,39.408379],[-82.355022,39.408329],[-82.35508,39.408278],[-82.355131,39.408229],[-82.355178,39.408177],[-82.354891,39.408041],[-82.354504,39.408439],[-82.351727,39.408291],[-82.352358,39.407622],[-82.355467,39.407787],[-82.355573,39.407793],[-82.354967,39.408464],[-82.354835,39.408457]]]},"properties":{"p":"160002990100","o":"RAFFERTY, CLAYT.&TERESAC","a":"","d":"LOGAN-HOCKING LOCAL SCHOOL DISTRICT","t":138.03,"l":"","c":0}},{"type":"Feature","geometry":{"type":"Polygon","coordinates":[[[-82.349284,39.460642],[-82.350731,39.460714],[-82.350714,39.461007],[-82.350707,39.461132],[-82.350705,39.461166],[-82.350347,39.461149],[-82.350304,39.461147],[-82.349837,39.461126],[-82.349242,39.461093],[-82.349284,39.460642]]]},"properties":{"p":"160003520000","o":"BENTLEY,RHONDA","a":"","d":"LOGAN-HOCKING LOCAL SCHOOL DISTRICT","t":1337.38,"l":"","c":0}},{"type":"Feature","geometry":{"type":"Polygon","coordinates":[[[-82.357093,39.456632],[-82.357063,39.456504],[-82.357052,39.456453],[-82.35767,39.456467],[-82.357663,39.456648],[-82.357626,39.456646],[-82.357138,39.456633],[-82.357093,39.456632]]]},"properties":{"p":"160003960000","o":"KASLER,ASHTON","a":"","d":"LOGAN-HOCKING LOCAL SCHOOL DISTRICT","t":1083.58,"l":"","c":0}},{"type":"Feature","geometry":{"type":"Polygon","coordinates":[[[-82.379751,39.394941],[-82.380457,39.395609],[-82.380528,39.395676],[-82.380462,39.39572],[-82.380384,39.395772],[-82.38033,39.395808],[-82.380276,39.395843],[-82.380146,39.395931],[-82.380066,39.395864],[-82.379864,39.395692],[-82.379048,39.396235],[-82.379172,39.39642],[-82.37923,39.396506],[-82.37844,39.395794],[-82.379751,39.394941]]]},"properties":{"p":"160004350000","o":"HGDJ INVESTMENTS LLC","a":"","d":"LOGAN-HOCKING LOCAL SCHOOL DISTRICT","t":9509.09,"l":"","c":0}},{"type":"Feature","geometry":{"type":"Polygon","coordinates":[[[-82.380457,39.395609],[-82.379751,39.394941],[-82.380384,39.394535],[-82.381156,39.395264],[-82.381086,39.39531],[-82.381032,39.395346],[-82.380978,39.395381],[-82.380924,39.395417],[-82.38087,39.395452],[-82.380816,39.395488],[-82.380761,39.395523],[-82.380707,39.395558],[-82.380653,39.395594],[-82.380599,39.395629],[-82.380528,39.395676],[-82.380457,39.395609]]]},"properties":{"p":"160004350100","o":"HGDJ INVESTMENTSLLC","a":"","d":"LOGAN-HOCKING LOCAL SCHOOL DISTRICT","t":4393.42,"l":"","c":0}},{"type":"Feature","geometry":{"type":"Polygon","coordinates":[[[-82.366595,39.393355],[-82.366489,39.393358],[-82.366423,39.393033],[-82.366406,39.392884],[-82.366455,39.392887],[-82.36773,39.392969],[-82.368226,39.390924],[-82.368349,39.390333],[-82.368037,39.390337],[-82.368564,39.388481],[-82.368574,39.388445],[-82.37821,39.388964],[-82.37788,39.392465],[-82.373123,39.392312],[-82.371012,39.392244],[-82.370858,39.393617],[-82.368122,39.39353],[-82.367211,39.393501],[-82.367053,39.393344],[-82.366595,39.393355]]]},"properties":{"p":"160004480000","o":"IPLANGROUP AGENT FOR CUST. FBO","a":"","d":"LOGAN-HOCKING LOCAL SCHOOL DISTRICT","t":3955.83,"l":"","c":0}},{"type":"Feature","geometry":{"type":"Polygon","coordinates":[[[-82.363942,39.439525],[-82.363962,39.439647],[-82.363978,39.43977],[-82.36402,39.44013],[-82.363909,39.440122],[-82.363145,39.44007],[-82.363191,39.4395],[-82.363848,39.439522],[-82.363942,39.439525]]]},"properties":{"p":"160004950000","o":"RICHARDS, AAROND","a":"","d":"LOGAN-HOCKING LOCAL SCHOOL DISTRICT","t":724.21,"l":"","c":0}},{"type":"Feature","geometry":{"type":"Polygon","coordinates":[[[-82.365609,39.45461],[-82.365532,39.455579],[-82.365004,39.455553],[-82.364803,39.458091],[-82.363699,39.458039],[-82.363809,39.456799],[-82.363864,39.456179],[-82.364007,39.45452],[-82.364317,39.454526],[-82.365081,39.454563],[-82.365293,39.454573],[-82.365612,39.454569],[-82.365609,39.45461]]]},"properties":{"p":"160004970000","o":"BENNINGTON, PAMELAA& SHAWN","a":"","d":"LOGAN-HOCKING LOCAL SCHOOL DISTRICT","t":4987.72,"l":"","c":0}},{"type":"Feature","geometry":{"type":"Polygon","coordinates":[[[-82.390989,39.457022],[-82.391089,39.455849],[-82.394519,39.456006],[-82.394078,39.45647],[-82.395645,39.457362],[-82.395617,39.457687],[-82.393869,39.456692],[-82.39345,39.457134],[-82.390989,39.457022]]]},"properties":{"p":"160005930500","o":"MCCAFFERTY, LESLIE","a":"","d":"LOGAN-HOCKING LOCAL SCHOOL DISTRICT","t":382.16,"l":"","c":0}},{"type":"Feature","geometry":{"type":"Polygon","coordinates":[[[-82.31954,39.474337],[-82.319935,39.473957],[-82.320071,39.474049],[-82.320208,39.474139],[-82.320264,39.474174],[-82.319862,39.47451],[-82.319794,39.474567],[-82.31954,39.474337]]]},"properties":{"p":"160006270000","o":"SAWMILLER, LLC","a":"","d":"LOGAN-HOCKING LOCAL SCHOOL DISTRICT","t":893.07,"l":"","c":0}},{"type":"Feature","geometry":{"type":"Polygon","coordinates":[[[-82.31954,39.474337],[-82.319124,39.473939],[-82.31943,39.473683],[-82.319866,39.473909],[-82.319935,39.473957],[-82.31954,39.474337]]]},"properties":{"p":"160006280000","o":"SAWMILLER, LLC","a":"","d":"LOGAN-HOCKING LOCAL SCHOOL DISTRICT","t":1211.18,"l":"","c":0}},{"type":"Feature","geometry":{"type":"Polygon","coordinates":[[[-82.319124,39.473939],[-82.318905,39.473684],[-82.319108,39.473514],[-82.319236,39.473583],[-82.31943,39.473683],[-82.319124,39.473939]]]},"properties":{"p":"160006290000","o":"SAWMILLER, LLC","a":"","d":"LOGAN-HOCKING LOCAL SCHOOL DISTRICT","t":163.59,"l":"","c":0}},{"type":"Feature","geometry":{"type":"Polygon","coordinates":[[[-82.627142,39.462026],[-82.62744,39.45887],[-82.627481,39.45843],[-82.632159,39.458658],[-82.631966,39.460836],[-82.631857,39.462269],[-82.630152,39.46218],[-82.629259,39.462135],[-82.627142,39.462026]]]},"properties":{"p":"150000040000","o":"HEINZE, GARYA&CARRIEN","a":"","d":"LOGAN ELM LOCAL SCHOOL DISTRICT","t":595.19,"l":"","c":0}},{"type":"Feature","geometry":{"type":"Polygon","coordinates":[[[-82.671021,39.367476],[-82.670731,39.3669],[-82.670819,39.366902],[-82.671321,39.366918],[-82.673381,39.366983],[-82.671705,39.367939],[-82.671634,39.36798],[-82.67141,39.367748],[-82.671182,39.367581],[-82.671021,39.367476]]]},"properties":{"p":"150000360100","o":"BOLIN,RYANK","a":"","d":"LOGAN ELM LOCAL SCHOOL DISTRICT","t":2466.66,"l":"","c":0}},{"type":"Feature","geometry":{"type":"Polygon","coordinates":[[[-82.671964,39.368407],[-82.67189,39.368268],[-82.671793,39.36814],[-82.671634,39.36798],[-82.671705,39.367939],[-82.673381,39.366983],[-82.673229,39.368298],[-82.673171,39.368808],[-82.673106,39.369371],[-82.673004,39.370265],[-82.672747,39.370253],[-82.672643,39.370248],[-82.672482,39.370114],[-82.672297,39.369936],[-82.672174,39.369756],[-82.672138,39.369703],[-82.672105,39.369648],[-82.672066,39.369581],[-82.671993,39.36946],[-82.671862,39.369268],[-82.671814,39.369131],[-82.671803,39.368986],[-82.671847,39.368798],[-82.671964,39.368407]]]},"properties":{"p":"150000360100","o":"BOLIN,RYANK","a":"","d":"LOGAN ELM LOCAL SCHOOL DISTRICT","t":2466.66,"l":"","c":0}},{"type":"Feature","geometry":{"type":"Polygon","coordinates":[[[-82.668337,39.370044],[-82.668434,39.369231],[-82.670934,39.369411],[-82.67175,39.368863],[-82.671847,39.368798],[-82.671803,39.368986],[-82.671814,39.369131],[-82.671862,39.369268],[-82.671993,39.36946],[-82.672066,39.369581],[-82.672105,39.369648],[-82.672138,39.369703],[-82.672174,39.369756],[-82.672114,39.369773],[-82.671904,39.369833],[-82.67043,39.369763],[-82.6704,39.370142],[-82.668337,39.370044]]]},"properties":{"p":"150000360300","o":"CHAPMAN, WESLEYJ","a":"","d":"LOGAN ELM LOCAL SCHOOL DISTRICT","t":617.02,"l":"","c":0}},{"type":"Feature","geometry":{"type":"Polygon","coordinates":[[[-82.668434,39.369231],[-82.668695,39.366836],[-82.668867,39.366841],[-82.67065,39.366897],[-82.670731,39.3669],[-82.671021,39.367476],[-82.671182,39.367581],[-82.67141,39.367748],[-82.671634,39.36798],[-82.671793,39.36814],[-82.67189,39.368268],[-82.671964,39.368407],[-82.671847,39.368798],[-82.67175,39.368863],[-82.670934,39.369411],[-82.668434,39.369231]]]},"properties":{"p":"150000360100","o":"BOLIN,RYANK","a":"","d":"LOGAN ELM LOCAL SCHOOL DISTRICT","t":2466.66,"l":"","c":0}},{"type":"Feature","geometry":{"type":"Polygon","coordinates":[[[-82.697351,39.37905],[-82.69743,39.378688],[-82.697424,39.378411],[-82.697421,39.378394],[-82.697537,39.378403],[-82.700304,39.378606],[-82.700241,39.3792],[-82.697351,39.37905]]]},"properties":{"p":"150000760100","o":"PICKELL,MARTYR","a":"","d":"LOGAN ELM LOCAL SCHOOL DISTRICT","t":604.09,"l":"","c":0}},{"type":"Feature","geometry":{"type":"Polygon","coordinates":[[[-82.734389,39.466776],[-82.734898,39.466482],[-82.735072,39.466657],[-82.734493,39.466928],[-82.734392,39.466976],[-82.73436,39.466933],[-82.734289,39.466833],[-82.734304,39.466662],[-82.734389,39.466776]]]},"properties":{"p":"150001240200","o":"HART, RANDALL. &DONNAD","a":"","d":"LOGAN ELM LOCAL SCHOOL DISTRICT","t":1280.42,"l":"","c":0}},{"type":"Feature","geometry":{"type":"Polygon","coordinates":[[[-82.734976,39.45869],[-82.735018,39.458232],[-82.735194,39.458242],[-82.736673,39.458323],[-82.736704,39.458784],[-82.735153,39.4587],[-82.734976,39.45869]]]},"properties":{"p":"150001250500","o":"DAVIS, JOYE. 6","a":"","d":"LOGAN ELM LOCAL SCHOOL DISTRICT","t":1685.29,"l":"","c":0}},{"type":"Feature","geometry":{"type":"Polygon","coordinates":[[[-82.724387,39.450845],[-82.725219,39.450604],[-82.728749,39.449582],[-82.729351,39.450727],[-82.729623,39.451206],[-82.730016,39.451894],[-82.730125,39.452105],[-82.730416,39.452668],[-82.730429,39.452686],[-82.730511,39.452801],[-82.730714,39.452904],[-82.729213,39.452823],[-82.725905,39.452623],[-82.725413,39.452597],[-82.724387,39.450845]]]},"properties":{"p":"150001340000","o":"RAMSAY, LARRY E.& KATHYA","a":"","d":"LOGAN ELM LOCAL SCHOOL DISTRICT","t":1428.87,"l":"","c":0}},{"type":"Feature","geometry":{"type":"Polygon","coordinates":[[[-82.672865,39.448871],[-82.672895,39.448792],[-82.673771,39.446455],[-82.67617,39.44658],[-82.679188,39.446748],[-82.681026,39.446846],[-82.68068,39.450423],[-82.675834,39.450123],[-82.675293,39.45009],[-82.675429,39.448813],[-82.673782,39.448707],[-82.673701,39.449466],[-82.67359,39.449384],[-82.673311,39.449145],[-82.673173,39.449034],[-82.673032,39.448946],[-82.672865,39.448871]]]},"properties":{"p":"150001800000","o":"LANE REALESTATE INVESTEMNTSLLC","a":"","d":"LOGAN ELM LOCAL SCHOOL DISTRICT","t":996.76,"l":"","c":0}},{"type":"Feature","geometry":{"type":"Polygon","coordinates":[[[-82.674977,39.45007],[-82.675072,39.449919],[-82.673887,39.44938],[-82.673701,39.449466],[-82.673782,39.448707],[-82.675429,39.448813],[-82.675293,39.45009],[-82.674977,39.45007]]]},"properties":{"p":"150001800100","o":"LANE REAL ESTATE INVESTMENTSLLC","a":"","d":"LOGAN ELM LOCAL SCHOOL DISTRICT","t":153.89,"l":"","c":0}},{"type":"Feature","geometry":{"type":"Polygon","coordinates":[[[-82.743377,39.410811],[-82.743634,39.410244],[-82.74466,39.410359],[-82.744767,39.410371],[-82.744677,39.410578],[-82.744642,39.41066],[-82.744527,39.41096],[-82.744484,39.411093],[-82.74445,39.411226],[-82.744429,39.411359],[-82.744423,39.411447],[-82.744426,39.411534],[-82.744435,39.411578],[-82.744311,39.411488],[-82.743818,39.411131],[-82.74355,39.410937],[-82.743377,39.410811]]]},"properties":{"p":"150002800100","o":"MCNICHOLS,DANNYL","a":"","d":"LOGAN ELM LOCAL SCHOOL DISTRICT","t":614.63,"l":"","c":0}},{"type":"Feature","geometry":{"type":"Polygon","coordinates":[[[-82.724585,39.422031],[-82.724036,39.421855],[-82.72401,39.421617],[-82.72487,39.421805],[-82.724876,39.422044],[-82.724707,39.422037],[-82.724585,39.422031]]]},"properties":{"p":"150002980000","o":"BROFFORD,ANGELA","a":"","d":"LOGAN ELM LOCAL SCHOOL DISTRICT","t":806.38,"l":"","c":0}},{"type":"Feature","geometry":{"type":"Polygon","coordinates":[[[-82.699278,39.409485],[-82.69928,39.409482],[-82.699301,39.40946],[-82.699322,39.409437],[-82.699343,39.409414],[-82.699364,39.409392],[-82.699386,39.40937],[-82.699407,39.409347],[-82.699428,39.409325],[-82.699445,39.409307],[-82.699462,39.409289],[-82.699478,39.409271],[-82.699495,39.409253],[-82.699502,39.409245],[-82.699433,39.409235],[-82.69817,39.409052],[-82.698303,39.407444],[-82.70093,39.407687],[-82.70015,39.408766],[-82.700249,39.40869],[-82.700277,39.408671],[-82.700312,39.408649],[-82.700364,39.40862],[-82.700421,39.408591],[-82.700459,39.408574],[-82.700514,39.408552],[-82.700537,39.408543],[-82.700577,39.40853],[-82.700618,39.408517],[-82.70066,39.408506],[-82.700701,39.408495],[-82.700743,39.408484],[-82.700785,39.408473],[-82.700827,39.408462],[-82.700869,39.408452],[-82.700921,39.408439],[-82.700953,39.408432],[-82.700995,39.408423],[-82.701038,39.408415],[-82.701094,39.408406],[-82.701124,39.408401],[-82.701168,39.408396],[-82.701211,39.408392],[-82.701255,39.40839],[-82.701257,39.40839],[-82.701343,39.408389],[-82.701387,39.408389],[-82.701431,39.40839],[-82.701495,39.408391],[-82.701519,39.408391],[-82.701563,39.408391],[-82.701607,39.408389],[-82.701651,39.408386],[-82.701695,39.408382],[-82.701743,39.408375],[-82.701781,39.408369],[-82.701824,39.40836],[-82.701866,39.40835],[-82.701907,39.408339],[-82.701949,39.408327],[-82.701993,39.408314],[-82.702031,39.408302],[-82.702071,39.408289],[-82.702112,39.408276],[-82.702152,39.408262],[-82.702193,39.408249],[-82.70224,39.408233],[-82.702274,39.408222],[-82.702314,39.408209],[-82.702355,39.408196],[-82.702396,39.408185],[-82.702395,39.408195],[-82.702346,39.409683],[-82.699278,39.409485]]]},"properties":{"p":"150003180000","o":"ROCKHOLD, THOMAS M. & BRENDA","a":"","d":"LOGAN ELM LOCAL SCHOOL DISTRICT","t":554.85,"l":"","c":0}},{"type":"Feature","geometry":{"type":"Polygon","coordinates":[[[-82.677078,39.407762],[-82.676197,39.407728],[-82.676213,39.406574],[-82.677816,39.406632],[-82.677715,39.407786],[-82.677078,39.407762]]]},"properties":{"p":"150003270000","o":"JOHNSON, CHRISTOPHER","a":"","d":"LOGAN ELM LOCAL SCHOOL DISTRICT","t":194.27,"l":"","c":0}},{"type":"Feature","geometry":{"type":"Polygon","coordinates":[[[-82.674612,39.407667],[-82.674814,39.406523],[-82.675097,39.406534],[-82.676213,39.406574],[-82.676197,39.407728],[-82.674612,39.407667]]]},"properties":{"p":"150003280000","o":"JOHNSON, CHRISTOPHER","a":"","d":"LOGAN ELM LOCAL SCHOOL DISTRICT","t":200.46,"l":"","c":0}},{"type":"Feature","geometry":{"type":"Polygon","coordinates":[[[-82.678586,39.420476],[-82.680411,39.420508],[-82.680834,39.420515],[-82.680884,39.420516],[-82.680705,39.420754],[-82.680504,39.421084],[-82.680398,39.42108],[-82.678573,39.421013],[-82.678586,39.420476]]]},"properties":{"p":"150003410000","o":"POLLUM, JAROLDK.&SUE","a":"","d":"LOGAN ELM LOCAL SCHOOL DISTRICT","t":105.46,"l":"","c":0}},{"type":"Feature","geometry":{"type":"Polygon","coordinates":[[[-82.658887,39.416067],[-82.659494,39.41533],[-82.65962,39.415178],[-82.659483,39.416811],[-82.65906,39.416508],[-82.658711,39.416282],[-82.658887,39.416067]]]},"properties":{"p":"150003540100","o":"FAMILY TIME RETREATS LLC","a":"","d":"LOGAN ELM LOCAL SCHOOL DISTRICT","t":1310.71,"l":"","c":0}},{"type":"Feature","geometry":{"type":"Polygon","coordinates":[[[-82.72878,39.39072],[-82.727649,39.389891],[-82.727702,39.389392],[-82.727741,39.38903],[-82.732667,39.389314],[-82.732371,39.391277],[-82.732276,39.391906],[-82.729912,39.391775],[-82.729752,39.391767],[-82.72878,39.39072]]]},"properties":{"p":"150004530000","o":"PERRY,LAURAE","a":"","d":"LOGAN ELM LOCAL SCHOOL DISTRICT","t":451.24,"l":"","c":0}},{"type":"Feature","geometry":{"type":"Polygon","coordinates":[[[-82.727459,39.391664],[-82.727649,39.389891],[-82.72878,39.39072],[-82.729752,39.391767],[-82.729604,39.391758],[-82.72918,39.391735],[-82.727459,39.391664]]]},"properties":{"p":"150004540000","o":"PERRY,LAURAE","a":"","d":"LOGAN ELM LOCAL SCHOOL DISTRICT","t":153.58,"l":"","c":0}},{"type":"Feature","geometry":{"type":"Polygon","coordinates":[[[-82.698168,39.382737],[-82.698029,39.382733],[-82.698255,39.382031],[-82.700447,39.382538],[-82.700405,39.382806],[-82.700395,39.382806],[-82.698203,39.382738],[-82.698168,39.382737]]]},"properties":{"p":"150004840200","o":"PICKELL,MARTY","a":"","d":"LOGAN ELM LOCAL SCHOOL DISTRICT","t":426.09,"l":"","c":0}},{"type":"Feature","geometry":{"type":"Polygon","coordinates":[[[-82.700241,39.3792],[-82.70084,39.379231],[-82.700447,39.382538],[-82.698255,39.382031],[-82.697154,39.381776],[-82.697053,39.381752],[-82.697067,39.381599],[-82.697113,39.38111],[-82.697223,39.380566],[-82.697159,39.38004],[-82.697161,39.379798],[-82.697204,39.3795],[-82.697351,39.37905],[-82.700241,39.3792]]]},"properties":{"p":"150004890000","o":"PICKELL,MARTYR","a":"","d":"LOGAN ELM LOCAL SCHOOL DISTRICT","t":1168,"l":"","c":0}},{"type":"Feature","geometry":{"type":"Polygon","coordinates":[[[-82.681425,39.390121],[-82.681546,39.388607],[-82.684009,39.388809],[-82.681387,39.390605],[-82.681425,39.390121]]]},"properties":{"p":"150005010000","o":"ELKINS,ALISHA","a":"","d":"LOGAN ELM LOCAL SCHOOL DISTRICT","t":688.92,"l":"","c":0}},{"type":"Feature","geometry":{"type":"Polygon","coordinates":[[[-82.64377,39.378291],[-82.643767,39.378411],[-82.643728,39.37977],[-82.640101,39.379553],[-82.640443,39.379333],[-82.641486,39.378794],[-82.641839,39.378686],[-82.641973,39.378656],[-82.642192,39.378616],[-82.642643,39.378554],[-82.642977,39.378493],[-82.64377,39.378291]]]},"properties":{"p":"150005430000","o":"GIFFORD, CRAIG & PATRICIA","a":"","d":"LOGAN ELM LOCAL SCHOOL DISTRICT","t":749.36,"l":"","c":0}},{"type":"Feature","geometry":{"type":"Polygon","coordinates":[[[-82.628375,39.53728],[-82.628374,39.536893],[-82.628403,39.536791],[-82.631127,39.536884],[-82.631023,39.537116],[-82.630893,39.537208],[-82.630544,39.53738],[-82.630236,39.537566],[-82.629929,39.537833],[-82.629893,39.53794],[-82.629892,39.53805],[-82.629824,39.538034],[-82.629028,39.537841],[-82.628711,39.537591],[-82.628375,39.53728]]]},"properties":{"p":"130000020000","o":"TERRAPIN HIDEAWAYSLLC","a":"","d":"LOGAN ELM LOCAL SCHOOL DISTRICT","t":280.58,"l":"","c":0}},{"type":"Feature","geometry":{"type":"Polygon","coordinates":[[[-82.643832,39.54802],[-82.643948,39.547899],[-82.644044,39.547787],[-82.64419,39.547576],[-82.644296,39.547364],[-82.644339,39.547246],[-82.644369,39.547155],[-82.644407,39.547046],[-82.64446,39.546925],[-82.644536,39.546802],[-82.644619,39.546702],[-82.644724,39.546602],[-82.644805,39.54654],[-82.644903,39.546476],[-82.645001,39.546422],[-82.645073,39.546388],[-82.645197,39.546336],[-82.645331,39.546289],[-82.645449,39.546253],[-82.645502,39.546238],[-82.645443,39.547154],[-82.645432,39.547346],[-82.645357,39.548707],[-82.643195,39.548615],[-82.643091,39.54861],[-82.643235,39.548515],[-82.643337,39.548443],[-82.643448,39.548359],[-82.643555,39.548273],[-82.643662,39.54818],[-82.643758,39.548092],[-82.643832,39.54802]]]},"properties":{"p":"130000300000","o":"THOMAS, DAVIDWJR","a":"","d":"LOGAN ELM LOCAL SCHOOL DISTRICT","t":275.65,"l":"","c":0}},{"type":"Feature","geometry":{"type":"Polygon","coordinates":[[[-82.647151,39.550489],[-82.64721,39.54721],[-82.648607,39.547255],[-82.648512,39.550532],[-82.647151,39.550489]]]},"properties":{"p":"130000380000","o":"CASSELL, JERRY LEE &ROBINLEE","a":"","d":"LOGAN ELM LOCAL SCHOOL DISTRICT","t":579.3,"l":"","c":0}},{"type":"Feature","geometry":{"type":"Polygon","coordinates":[[[-82.667869,39.544815],[-82.667924,39.544818],[-82.667995,39.544821],[-82.668082,39.544901],[-82.668275,39.545013],[-82.668665,39.545177],[-82.668645,39.545492],[-82.667828,39.545449],[-82.667869,39.544815]]]},"properties":{"p":"130000600000","o":"BETTS, TERESAM","a":"","d":"LOGAN ELM LOCAL SCHOOL DISTRICT","t":576.99,"l":"","c":0}},{"type":"Feature","geometry":{"type":"Polygon","coordinates":[[[-82.710664,39.527339],[-82.711152,39.526908],[-82.711247,39.526912],[-82.711315,39.526237],[-82.711894,39.526269],[-82.711888,39.526352],[-82.711843,39.526938],[-82.71179,39.52761],[-82.710827,39.527779],[-82.710664,39.527339]]]},"properties":{"p":"130001240000","o":"WALLS, GLENEDWARD","a":"","d":"LOGAN ELM LOCAL SCHOOL DISTRICT","t":1912.66,"l":"","c":0}},{"type":"Feature","geometry":{"type":"Polygon","coordinates":[[[-82.651059,39.532059],[-82.653065,39.531572],[-82.65296,39.531683],[-82.652805,39.531819],[-82.652709,39.531898],[-82.652569,39.532016],[-82.652437,39.532138],[-82.652354,39.532227],[-82.651045,39.532288],[-82.651059,39.532059]]]},"properties":{"p":"130001770100","o":"ALLWEIN, CHRISTINE","a":"","d":"LOGAN ELM LOCAL SCHOOL DISTRICT","t":119.57,"l":"","c":0}},{"type":"Feature","geometry":{"type":"Polygon","coordinates":[[[-82.633557,39.53492],[-82.633692,39.534891],[-82.635953,39.534416],[-82.636419,39.535288],[-82.634305,39.535759],[-82.634168,39.535789],[-82.634082,39.53567],[-82.63391,39.535426],[-82.633802,39.535273],[-82.633697,39.535119],[-82.633557,39.53492]]]},"properties":{"p":"130001910200","o":"KEMMERLING, BRADLEY","a":"","d":"LOGAN ELM LOCAL SCHOOL DISTRICT","t":1390.16,"l":"","c":0}},{"type":"Feature","geometry":{"type":"Polygon","coordinates":[[[-82.622057,39.532716],[-82.622148,39.531466],[-82.627263,39.530397],[-82.627325,39.529982],[-82.627494,39.529912],[-82.627567,39.529882],[-82.627835,39.530158],[-82.627929,39.530257],[-82.628015,39.530352],[-82.628211,39.530576],[-82.628293,39.530671],[-82.628463,39.530867],[-82.628561,39.530977],[-82.628618,39.531036],[-82.628729,39.531136],[-82.628773,39.53117],[-82.628829,39.531207],[-82.62888,39.531236],[-82.628926,39.531258],[-82.62899,39.531286],[-82.629068,39.531313],[-82.629116,39.531328],[-82.62917,39.531341],[-82.629212,39.53135],[-82.629249,39.531357],[-82.629314,39.531367],[-82.629185,39.531451],[-82.626919,39.532916],[-82.622057,39.532716]]]},"properties":{"p":"130001970100","o":"14440 JACKRUNRDLLC","a":"","d":"LOGAN ELM LOCAL SCHOOL DISTRICT","t":1347.15,"l":"","c":0}},{"type":"Feature","geometry":{"type":"Polygon","coordinates":[[[-82.622187,39.53084],[-82.62229,39.529175],[-82.623788,39.529226],[-82.627119,39.529338],[-82.627191,39.529341],[-82.627201,39.529341],[-82.62722,39.529425],[-82.627321,39.529598],[-82.627362,39.529654],[-82.627567,39.529882],[-82.627494,39.529912],[-82.627325,39.529982],[-82.627263,39.530397],[-82.622148,39.531466],[-82.622187,39.53084]]]},"properties":{"p":"130001970101","o":"14440 JACKRUNRDLLC","a":"","d":"LOGAN ELM LOCAL SCHOOL DISTRICT","t":1310.97,"l":"","c":0}},{"type":"Feature","geometry":{"type":"Polygon","coordinates":[[[-82.626872,39.534803],[-82.626919,39.532916],[-82.628087,39.532964],[-82.628085,39.533258],[-82.627803,39.533806],[-82.627465,39.534824],[-82.626872,39.534803]]]},"properties":{"p":"130001970200","o":"TERRAPIN HIDEAWAYSLLC","a":"","d":"LOGAN ELM LOCAL SCHOOL DISTRICT","t":223.36,"l":"","c":0}},{"type":"Feature","geometry":{"type":"Polygon","coordinates":[[[-82.627803,39.533806],[-82.628085,39.533258],[-82.628087,39.532964],[-82.629562,39.533024],[-82.6295,39.533155],[-82.629164,39.53387],[-82.628685,39.534869],[-82.627465,39.534824],[-82.627803,39.533806]]]},"properties":{"p":"130001970201","o":"TERRAPIN HIDEAWAYSLLC","a":"","d":"LOGAN ELM LOCAL SCHOOL DISTRICT","t":294.06,"l":"","c":0}},{"type":"Feature","geometry":{"type":"Polygon","coordinates":[[[-82.628685,39.534869],[-82.629164,39.53387],[-82.6295,39.533155],[-82.629562,39.533024],[-82.62992,39.533039],[-82.630843,39.533077],[-82.630788,39.533311],[-82.630771,39.533383],[-82.6304,39.534112],[-82.629995,39.534912],[-82.628685,39.534869]]]},"properties":{"p":"130001970202","o":"TERRAPIN HIDEAWAYSLLC","a":"","d":"LOGAN ELM LOCAL SCHOOL DISTRICT","t":302.45,"l":"","c":0}},{"type":"Feature","geometry":{"type":"Polygon","coordinates":[[[-82.628772,39.535863],[-82.628685,39.534869],[-82.629995,39.534912],[-82.6304,39.534112],[-82.630771,39.533383],[-82.630788,39.533311],[-82.631129,39.533644],[-82.631255,39.533767],[-82.631411,39.533834],[-82.631617,39.533857],[-82.631717,39.533903],[-82.63236,39.533775],[-82.632463,39.53369],[-82.632558,39.533612],[-82.632764,39.533875],[-82.632636,39.533915],[-82.631834,39.534161],[-82.631678,39.536903],[-82.631127,39.536884],[-82.628403,39.536791],[-82.628479,39.536527],[-82.628575,39.536105],[-82.628772,39.535863]]]},"properties":{"p":"130001970203","o":"TERRAPIN HIDEAWAYS LLC","a":"","d":"LOGAN ELM LOCAL SCHOOL DISTRICT","t":8525.64,"l":"","c":0}},{"type":"Feature","geometry":{"type":"Polygon","coordinates":[[[-82.630788,39.533311],[-82.630843,39.533077],[-82.631923,39.533121],[-82.63221,39.533132],[-82.632379,39.533373],[-82.632465,39.533489],[-82.632555,39.533608],[-82.632558,39.533612],[-82.632463,39.53369],[-82.63236,39.533775],[-82.631717,39.533903],[-82.631617,39.533857],[-82.631411,39.533834],[-82.631255,39.533767],[-82.631129,39.533644],[-82.630788,39.533311]]]},"properties":{"p":"130001970204","o":"TERRAPIN HIDEAWAYSLLC","a":"","d":"LOGAN ELM LOCAL SCHOOL DISTRICT","t":656.99,"l":"","c":0}},{"type":"Feature","geometry":{"type":"Polygon","coordinates":[[[-82.62641,39.52731],[-82.626605,39.526533],[-82.627376,39.526651],[-82.627341,39.527276],[-82.626766,39.527689],[-82.626228,39.528076],[-82.626176,39.528113],[-82.626015,39.528005],[-82.626067,39.527967],[-82.62664,39.527555],[-82.62641,39.52731]]]},"properties":{"p":"130001980200","o":"LAPE,TINA","a":"","d":"LOGAN ELM LOCAL SCHOOL DISTRICT","t":2135.16,"l":"","c":0}},{"type":"Feature","geometry":{"type":"Polygon","coordinates":[[[-82.677726,39.513525],[-82.670744,39.513257],[-82.670827,39.512397],[-82.670921,39.511406],[-82.67446,39.511566],[-82.678281,39.511738],[-82.679055,39.511777],[-82.678831,39.512334],[-82.680099,39.512522],[-82.680329,39.512556],[-82.680261,39.513582],[-82.680199,39.51358],[-82.678885,39.513551],[-82.678155,39.513535],[-82.677726,39.513525]]]},"properties":{"p":"130002570000","o":"READYGO GETAWAYS LLC","a":"","d":"LOGAN ELM LOCAL SCHOOL DISTRICT","t":5691.64,"l":"","c":0}},{"type":"Feature","geometry":{"type":"Polygon","coordinates":[[[-82.694292,39.523621],[-82.695402,39.523617],[-82.695508,39.524093],[-82.69505,39.524347],[-82.694477,39.524322],[-82.694388,39.524319],[-82.694301,39.524005],[-82.694223,39.523622],[-82.694292,39.523621]]]},"properties":{"p":"130002630200","o":"SOWERS, KEVINM.&AMID","a":"","d":"LOGAN ELM LOCAL SCHOOL DISTRICT","t":207.11,"l":"","c":0}},{"type":"Feature","geometry":{"type":"Polygon","coordinates":[[[-82.668834,39.505541],[-82.671064,39.50551],[-82.67117,39.505509],[-82.671096,39.505732],[-82.670964,39.506125],[-82.670635,39.506455],[-82.67055,39.506597],[-82.670548,39.506625],[-82.669605,39.508686],[-82.668563,39.508676],[-82.668834,39.505541]]]},"properties":{"p":"130003220000","o":"FAST,DAVIDCHARLES","a":"","d":"LOGAN ELM LOCAL SCHOOL DISTRICT","t":529.55,"l":"","c":0}},{"type":"Feature","geometry":{"type":"Polygon","coordinates":[[[-82.645907,39.484321],[-82.64587,39.484324],[-82.646227,39.483164],[-82.64656,39.483171],[-82.647017,39.484056],[-82.646979,39.484076],[-82.646847,39.484138],[-82.646772,39.484166],[-82.646638,39.484207],[-82.646509,39.484237],[-82.646441,39.48425],[-82.646275,39.484277],[-82.646134,39.484295],[-82.645967,39.484314],[-82.645907,39.484321]]]},"properties":{"p":"130004100000","o":"TILLEY, FRANCIS M. IIT &BETHA","a":"","d":"LOGAN ELM LOCAL SCHOOL DISTRICT","t":1179.2,"l":"","c":0}},{"type":"Feature","geometry":{"type":"Polygon","coordinates":[[[-82.694972,39.479954],[-82.694845,39.481464],[-82.696838,39.481574],[-82.696659,39.483705],[-82.69635,39.487362],[-82.691716,39.487141],[-82.690901,39.487112],[-82.689866,39.487069],[-82.68976,39.487064],[-82.689502,39.487051],[-82.689533,39.486292],[-82.68863,39.485934],[-82.688786,39.484505],[-82.686239,39.483265],[-82.686512,39.47945],[-82.68774,39.479518],[-82.690297,39.47966],[-82.692267,39.479769],[-82.694632,39.479931],[-82.694972,39.479954]]]},"properties":{"p":"130004660000","o":"MARTING, WILLIAM","a":"","d":"LOGAN ELM LOCAL SCHOOL DISTRICT","t":3892.1,"l":"","c":0}},{"type":"Feature","geometry":{"type":"Polygon","coordinates":[[[-82.707744,39.559021],[-82.707775,39.558963],[-82.707852,39.55881],[-82.708157,39.558065],[-82.708238,39.558083],[-82.712816,39.559121],[-82.712756,39.559772],[-82.70935,39.559572],[-82.707733,39.55927],[-82.707612,39.559248],[-82.707744,39.559021]]]},"properties":{"p":"130005590200","o":"TONELOTTI, BRODYH","a":"","d":"LOGAN ELM LOCAL SCHOOL DISTRICT","t":662.57,"l":"","c":0}},{"type":"Feature","geometry":{"type":"Polygon","coordinates":[[[-82.676592,39.554565],[-82.676619,39.554076],[-82.67911,39.554174],[-82.679034,39.555333],[-82.678229,39.555302],[-82.677495,39.555273],[-82.676536,39.555235],[-82.676592,39.554565]]]},"properties":{"p":"130005940100","o":"LEFEBURE, STEVEN R. &DEBBIEA","a":"","d":"LOGAN ELM LOCAL SCHOOL DISTRICT","t":993.05,"l":"","c":0}},{"type":"Feature","geometry":{"type":"Polygon","coordinates":[[[-82.676724,39.552584],[-82.676782,39.551881],[-82.676808,39.551563],[-82.677599,39.551598],[-82.679556,39.55169],[-82.68205,39.551804],[-82.684902,39.551933],[-82.684847,39.551975],[-82.681815,39.55428],[-82.67911,39.554174],[-82.676619,39.554076],[-82.676658,39.553374],[-82.676724,39.552584]]]},"properties":{"p":"130005950000","o":"HATEM, DAVID V., KRISTINER","a":"","d":"LOGAN ELM LOCAL SCHOOL DISTRICT","t":149.1,"l":"","c":0}},{"type":"Feature","geometry":{"type":"Polygon","coordinates":[[[-82.634609,39.553689],[-82.634767,39.551558],[-82.634781,39.551363],[-82.634799,39.551388],[-82.634833,39.551435],[-82.63487,39.551482],[-82.634909,39.551528],[-82.63495,39.551573],[-82.634995,39.551615],[-82.635044,39.551655],[-82.635097,39.551692],[-82.635153,39.551723],[-82.635144,39.551845],[-82.635006,39.55371],[-82.634609,39.553689]]]},"properties":{"p":"130006790300","o":"STUMP, KEVINE.&CYNTHIAT","a":"","d":"LOGAN ELM LOCAL SCHOOL DISTRICT","t":362.15,"l":"","c":0}},{"type":"Feature","geometry":{"type":"Polygon","coordinates":[[[-82.672121,39.549365],[-82.672207,39.54951],[-82.672546,39.55008],[-82.671492,39.550412],[-82.671094,39.54974],[-82.671064,39.549687],[-82.671517,39.549542],[-82.671569,39.549525],[-82.672095,39.549322],[-82.672121,39.549365]]]},"properties":{"p":"130006870000","o":"FOX,LUKEANTHONY","a":"","d":"LOGAN ELM LOCAL SCHOOL DISTRICT","t":2089.65,"l":"","c":0}},{"type":"Feature","geometry":{"type":"Polygon","coordinates":[[[-82.674264,39.54658],[-82.67439,39.546529],[-82.674362,39.54635],[-82.67422,39.546269],[-82.6743,39.545122],[-82.674662,39.546095],[-82.674981,39.54658],[-82.674731,39.547022],[-82.674264,39.54658]]]},"properties":{"p":"130006890000","o":"LINGNELL, JOSHUAT.&HELLEN","a":"","d":"LOGAN ELM LOCAL SCHOOL DISTRICT","t":101.43,"l":"","c":0}},{"type":"Feature","geometry":{"type":"Polygon","coordinates":[[[-82.681799,39.561904],[-82.681795,39.56196],[-82.680523,39.56191],[-82.680479,39.561909],[-82.680035,39.561459],[-82.681396,39.559963],[-82.681996,39.559303],[-82.681956,39.55977],[-82.681799,39.561904]]]},"properties":{"p":"130006960400","o":"SAUNDERS, KURTA& SHAWNAR","a":"","d":"LOGAN ELM LOCAL SCHOOL DISTRICT","t":3331.55,"l":"","c":0}},{"type":"Feature","geometry":{"type":"Polygon","coordinates":[[[-82.675685,39.548378],[-82.675777,39.547717],[-82.676203,39.547597],[-82.676269,39.548232],[-82.675982,39.548309],[-82.675685,39.548378]]]},"properties":{"p":"130007300000","o":"BLACK LABEL HOLDINGSLTD","a":"","d":"LOGAN ELM LOCAL SCHOOL DISTRICT","t":937.62,"l":"","c":0}},{"type":"Feature","geometry":{"type":"Polygon","coordinates":[[[-82.683166,39.563716],[-82.683574,39.563193],[-82.683622,39.562861],[-82.684093,39.56288],[-82.683918,39.563361],[-82.683891,39.563435],[-82.683843,39.563567],[-82.683629,39.564155],[-82.682933,39.564016],[-82.683166,39.563716]]]},"properties":{"p":"130007930000","o":"MOONDESIGNLTD","a":"","d":"LOGAN ELM LOCAL SCHOOL DISTRICT","t":2581.72,"l":"","c":0}},{"type":"Feature","geometry":{"type":"Polygon","coordinates":[[[-82.670467,39.497642],[-82.670424,39.497282],[-82.670656,39.497265],[-82.6707,39.497626],[-82.670467,39.497642]]]},"properties":{"p":"130008300000","o":"MASSIE,RAEANN","a":"","d":"LOGAN ELM LOCAL SCHOOL DISTRICT","t":215.9,"l":"","c":0}},{"type":"Feature","geometry":{"type":"Polygon","coordinates":[[[-82.669176,39.496679],[-82.669145,39.496419],[-82.669378,39.496402],[-82.669421,39.496763],[-82.669188,39.49678],[-82.669176,39.496679]]]},"properties":{"p":"130008430000","o":"HEDGES, JASONR","a":"","d":"LOGAN ELM LOCAL SCHOOL DISTRICT","t":203.54,"l":"","c":0}},{"type":"Feature","geometry":{"type":"Polygon","coordinates":[[[-82.667847,39.497832],[-82.667804,39.497472],[-82.668037,39.497455],[-82.668058,39.497635],[-82.66808,39.497816],[-82.667847,39.497832]]]},"properties":{"p":"130008690000","o":"COON,RALPHE","a":"","d":"LOGAN ELM LOCAL SCHOOL DISTRICT","t":259.62,"l":"","c":0}},{"type":"Feature","geometry":{"type":"Polygon","coordinates":[[[-82.739169,39.474446],[-82.739187,39.474293],[-82.739827,39.474337],[-82.73981,39.474491],[-82.739169,39.474446]]]},"properties":{"p":"140000350000","o":"HERSHBERGER, AARON & SARAH","a":"","d":"LOGAN ELM LOCAL SCHOOL DISTRICT","t":1538.19,"l":"","c":0}},{"type":"Feature","geometry":{"type":"Polygon","coordinates":[[[-82.738125,39.469946],[-82.738153,39.469703],[-82.73832,39.469714],[-82.738285,39.470021],[-82.738125,39.469946]]]},"properties":{"p":"140001640000","o":"SHAFER, VIRGINIAN","a":"","d":"LOGAN ELM LOCAL SCHOOL DISTRICT","t":180.79,"l":"","c":0}},{"type":"Feature","geometry":{"type":"Polygon","coordinates":[[[-82.737807,39.473534],[-82.737824,39.473381],[-82.738407,39.473421],[-82.738389,39.473574],[-82.737807,39.473534]]]},"properties":{"p":"140001660000","o":"CARROLL, TODD","a":"","d":"LOGAN ELM LOCAL SCHOOL DISTRICT","t":124.88,"l":"","c":0}},{"type":"Feature","geometry":{"type":"Polygon","coordinates":[[[-82.737807,39.473534],[-82.738389,39.473574],[-82.738371,39.473727],[-82.737789,39.473687],[-82.737807,39.473534]]]},"properties":{"p":"140001670000","o":"CARROLL, TODD","a":"","d":"LOGAN ELM LOCAL SCHOOL DISTRICT","t":1973.72,"l":"","c":0}},{"type":"Feature","geometry":{"type":"Polygon","coordinates":[[[-82.737733,39.474177],[-82.738315,39.474217],[-82.738298,39.474364],[-82.737716,39.474324],[-82.737733,39.474177]]]},"properties":{"p":"140001710000","o":"ROSS, LYNDI TREASURER","a":"","d":"LOGAN ELM LOCAL SCHOOL DISTRICT","t":2048.13,"l":"","c":0}},{"type":"Feature","geometry":{"type":"Polygon","coordinates":[[[-82.430232,39.64817],[-82.430145,39.648165],[-82.42699,39.647974],[-82.426886,39.649068],[-82.427611,39.649263],[-82.427552,39.650533],[-82.423665,39.65034],[-82.424182,39.645148],[-82.424381,39.643151],[-82.429976,39.643444],[-82.431508,39.643525],[-82.43134,39.646024],[-82.43122,39.646175],[-82.431135,39.646322],[-82.430876,39.646873],[-82.430759,39.647105],[-82.430445,39.64768],[-82.43029,39.648007],[-82.430232,39.64817]]]},"properties":{"p":"100000450000","o":"R664GROUPLLC","a":"","d":"LOGAN-HOCKING LOCAL SCHOOL DISTRICT","t":13993.75,"l":"","c":0}},{"type":"Feature","geometry":{"type":"Polygon","coordinates":[[[-82.443904,39.651291],[-82.443801,39.651288],[-82.443854,39.651151],[-82.443936,39.651014],[-82.444073,39.65082],[-82.444163,39.650616],[-82.444236,39.650362],[-82.444282,39.65017],[-82.444327,39.649962],[-82.444344,39.649874],[-82.444417,39.649915],[-82.445247,39.650388],[-82.445226,39.65133],[-82.443904,39.651291]]]},"properties":{"p":"100000470801","o":"SMITH, RONALD W.&DEBORAHS","a":"","d":"LOGAN-HOCKING LOCAL SCHOOL DISTRICT","t":2199.81,"l":"","c":0}},{"type":"Feature","geometry":{"type":"Polygon","coordinates":[[[-82.460138,39.642769],[-82.460019,39.643095],[-82.459867,39.643294],[-82.45937,39.643937],[-82.459229,39.64412],[-82.458927,39.644463],[-82.458796,39.644612],[-82.458227,39.645148],[-82.458091,39.64514],[-82.4563,39.645033],[-82.456214,39.644505],[-82.45631,39.644505],[-82.457415,39.64407],[-82.457251,39.643445],[-82.457187,39.643392],[-82.457682,39.643219],[-82.458874,39.642798],[-82.459243,39.642668],[-82.459578,39.64255],[-82.459893,39.642439],[-82.460086,39.642371],[-82.460262,39.642309],[-82.460397,39.642261],[-82.460515,39.642219],[-82.460631,39.642179],[-82.460632,39.642187],[-82.460636,39.642222],[-82.460642,39.642259],[-82.460657,39.642323],[-82.460679,39.642365],[-82.460696,39.64239],[-82.460709,39.642405],[-82.460723,39.64242],[-82.46075,39.642445],[-82.460261,39.642446],[-82.460138,39.642769]]]},"properties":{"p":"100000810200","o":"LINDAMOOD, MANDY & JONATHEN","a":"","d":"LOGAN-HOCKING LOCAL SCHOOL DISTRICT","t":1551.02,"l":"","c":0}},{"type":"Feature","geometry":{"type":"Polygon","coordinates":[[[-82.44477,39.636133],[-82.444975,39.63559],[-82.445338,39.634922],[-82.445574,39.634305],[-82.445589,39.634034],[-82.445924,39.633678],[-82.446045,39.63335],[-82.449802,39.633583],[-82.449453,39.636473],[-82.448537,39.636456],[-82.447748,39.638391],[-82.448376,39.639428],[-82.448228,39.639436],[-82.445021,39.639605],[-82.444422,39.641219],[-82.444409,39.641253],[-82.444314,39.641134],[-82.444113,39.641024],[-82.444123,39.640942],[-82.444595,39.637023],[-82.444604,39.636945],[-82.444608,39.636904],[-82.44477,39.636133]]]},"properties":{"p":"100000990400","o":"HEIL, JEREME","a":"","d":"LOGAN-HOCKING LOCAL SCHOOL DISTRICT","t":3594.36,"l":"","c":0}},{"type":"Feature","geometry":{"type":"Polygon","coordinates":[[[-82.424909,39.638206],[-82.424906,39.638247],[-82.424793,39.63823],[-82.424625,39.638202],[-82.424536,39.638183],[-82.42445,39.638162],[-82.424394,39.638146],[-82.424337,39.638125],[-82.424286,39.638107],[-82.424138,39.638044],[-82.424068,39.638009],[-82.423986,39.637969],[-82.423884,39.637912],[-82.423774,39.637847],[-82.423686,39.63779],[-82.423604,39.637744],[-82.42353,39.637704],[-82.42346,39.637679],[-82.423367,39.63766],[-82.42331,39.637656],[-82.423247,39.637658],[-82.423186,39.637668],[-82.423113,39.637689],[-82.42302,39.637719],[-82.422966,39.637742],[-82.42291,39.637766],[-82.422791,39.637829],[-82.422671,39.637897],[-82.422626,39.637923],[-82.422366,39.638045],[-82.422153,39.638141],[-82.421773,39.638291],[-82.421446,39.638403],[-82.421339,39.638437],[-82.421168,39.638485],[-82.421008,39.638529],[-82.420776,39.638602],[-82.420512,39.638688],[-82.420229,39.638781],[-82.419998,39.63887],[-82.419933,39.638893],[-82.420149,39.636025],[-82.420161,39.635657],[-82.420178,39.635453],[-82.423596,39.634325],[-82.424117,39.634201],[-82.42472,39.634125],[-82.425236,39.634078],[-82.425218,39.634298],[-82.425088,39.635948],[-82.424909,39.638206]]]},"properties":{"p":"100001110000","o":"YETIREALTY LLC","a":"","d":"LOGAN-HOCKING LOCAL SCHOOL DISTRICT","t":3404.56,"l":"","c":0}},{"type":"Feature","geometry":{"type":"Polygon","coordinates":[[[-82.381745,39.630974],[-82.382206,39.626262],[-82.384098,39.626366],[-82.384204,39.626372],[-82.384269,39.626731],[-82.384286,39.626825],[-82.384373,39.627065],[-82.384569,39.627188],[-82.384891,39.627451],[-82.383344,39.629185],[-82.383093,39.631748],[-82.381677,39.631671],[-82.381745,39.630974]]]},"properties":{"p":"100001510000","o":"OVERTON, KEITHA","a":"","d":"LOGAN-HOCKING LOCAL SCHOOL DISTRICT","t":2359.93,"l":"","c":0}},{"type":"Feature","geometry":{"type":"Polygon","coordinates":[[[-82.418796,39.61371],[-82.422324,39.613895],[-82.421943,39.617496],[-82.420327,39.617378],[-82.420285,39.617375],[-82.420284,39.617375],[-82.420276,39.617375],[-82.420056,39.616989],[-82.42003,39.616938],[-82.420004,39.616887],[-82.419978,39.616836],[-82.419952,39.616785],[-82.419927,39.616733],[-82.419902,39.616682],[-82.419877,39.616631],[-82.419853,39.616579],[-82.419828,39.616527],[-82.419804,39.616476],[-82.41978,39.616424],[-82.419756,39.616373],[-82.419732,39.616321],[-82.419708,39.616269],[-82.419684,39.616217],[-82.41966,39.616166],[-82.419637,39.616114],[-82.419614,39.616062],[-82.419591,39.61601],[-82.419568,39.615958],[-82.419545,39.615906],[-82.419523,39.615854],[-82.419501,39.615802],[-82.419479,39.61575],[-82.419457,39.615697],[-82.419436,39.615645],[-82.419415,39.615592],[-82.419395,39.61554],[-82.419375,39.615487],[-82.419355,39.615434],[-82.419336,39.615381],[-82.419317,39.615328],[-82.419299,39.615275],[-82.419282,39.615222],[-82.419265,39.615169],[-82.419248,39.615115],[-82.419232,39.615062],[-82.419217,39.615008],[-82.419202,39.614955],[-82.419187,39.614901],[-82.419173,39.614847],[-82.419158,39.614793],[-82.419143,39.61474],[-82.419128,39.614686],[-82.419113,39.614632],[-82.419097,39.614579],[-82.41908,39.614526],[-82.419062,39.614472],[-82.419044,39.614419],[-82.419025,39.614366],[-82.419005,39.614314],[-82.418984,39.614261],[-82.418961,39.614209],[-82.418937,39.614158],[-82.418912,39.614106],[-82.418884,39.614056],[-82.418855,39.614006],[-82.418824,39.613956],[-82.418789,39.613908],[-82.41875,39.613862],[-82.418706,39.613819],[-82.418657,39.61378],[-82.418604,39.613744],[-82.418549,39.613709],[-82.418528,39.613696],[-82.418796,39.61371]]]},"properties":{"p":"100001800000","o":"KILBARGER, EDWARD & MARJORIE","a":"","d":"LOGAN-HOCKING LOCAL SCHOOL DISTRICT","t":338.07,"l":"","c":0}},{"type":"Feature","geometry":{"type":"Polygon","coordinates":[[[-82.457772,39.626864],[-82.457902,39.625678],[-82.460178,39.625813],[-82.460033,39.627],[-82.457772,39.626864]]]},"properties":{"p":"100002210400","o":"BELSHE, RUSSELL & CHERYLLEE","a":"","d":"LOGAN-HOCKING LOCAL SCHOOL DISTRICT","t":476.05,"l":"","c":0}},{"type":"Feature","geometry":{"type":"Polygon","coordinates":[[[-82.476174,39.628845],[-82.476106,39.628819],[-82.476112,39.628759],[-82.476354,39.626271],[-82.477352,39.626329],[-82.477094,39.629035],[-82.477089,39.629088],[-82.477082,39.629087],[-82.476918,39.629038],[-82.476723,39.62899],[-82.476558,39.628952],[-82.476332,39.628894],[-82.476174,39.628845]]]},"properties":{"p":"100002230100","o":"SULLIVAN, PAMELA","a":"","d":"LOGAN-HOCKING LOCAL SCHOOL DISTRICT","t":214.72,"l":"","c":0}},{"type":"Feature","geometry":{"type":"Polygon","coordinates":[[[-82.475781,39.613428],[-82.476194,39.613013],[-82.476554,39.612652],[-82.47734,39.612713],[-82.479174,39.612856],[-82.479281,39.612865],[-82.478875,39.613222],[-82.478432,39.613598],[-82.478326,39.613591],[-82.475781,39.613428]]]},"properties":{"p":"100002290100","o":"ANDERSON, DONALD RAY","a":"","d":"LOGAN-HOCKING LOCAL SCHOOL DISTRICT","t":976.82,"l":"","c":0}},{"type":"Feature","geometry":{"type":"Polygon","coordinates":[[[-82.489971,39.610361],[-82.489879,39.610362],[-82.487714,39.61038],[-82.487613,39.610992],[-82.487975,39.611584],[-82.487962,39.612687],[-82.487374,39.614238],[-82.486769,39.614194],[-82.485391,39.614092],[-82.485431,39.613643],[-82.485488,39.613007],[-82.485502,39.612851],[-82.48552,39.612639],[-82.485607,39.611666],[-82.485637,39.611334],[-82.486543,39.61138],[-82.486371,39.610596],[-82.486493,39.610461],[-82.486574,39.610465],[-82.487288,39.609685],[-82.487199,39.609687],[-82.486884,39.609698],[-82.486302,39.609723],[-82.486027,39.609735],[-82.485919,39.609739],[-82.485859,39.609742],[-82.485805,39.609745],[-82.485767,39.609747],[-82.485772,39.609692],[-82.485855,39.609687],[-82.485999,39.609681],[-82.486144,39.609675],[-82.486321,39.609667],[-82.486534,39.609658],[-82.486602,39.609655],[-82.486697,39.609651],[-82.486776,39.609648],[-82.48688,39.609644],[-82.486969,39.60964],[-82.487067,39.609637],[-82.487197,39.609632],[-82.487297,39.609632],[-82.487339,39.609632],[-82.487354,39.609632],[-82.487378,39.609635],[-82.487471,39.609645],[-82.487521,39.60965],[-82.487566,39.609655],[-82.487615,39.609662],[-82.487679,39.609674],[-82.487728,39.609684],[-82.487831,39.609705],[-82.487944,39.609729],[-82.488012,39.609744],[-82.488074,39.609759],[-82.488119,39.609769],[-82.488179,39.609784],[-82.488237,39.609797],[-82.488353,39.609822],[-82.488469,39.609847],[-82.48851,39.609856],[-82.488623,39.609878],[-82.488748,39.609903],[-82.488931,39.609939],[-82.489052,39.609963],[-82.489123,39.609977],[-82.489221,39.609999],[-82.48933,39.610022],[-82.489406,39.610042],[-82.489475,39.610062],[-82.489537,39.610083],[-82.489597,39.610107],[-82.489636,39.610126],[-82.489687,39.610151],[-82.489749,39.610186],[-82.489812,39.610231],[-82.489903,39.610302],[-82.489949,39.610342],[-82.489971,39.610361]]]},"properties":{"p":"100002320100","o":"MARIXDEVELOPEMENTLTD","a":"","d":"LOGAN-HOCKING LOCAL SCHOOL DISTRICT","t":702.28,"l":"","c":0}},{"type":"Feature","geometry":{"type":"Polygon","coordinates":[[[-82.43802,39.601643],[-82.438145,39.600335],[-82.438157,39.600205],[-82.439038,39.600251],[-82.439024,39.600394],[-82.438901,39.601689],[-82.43802,39.601643]]]},"properties":{"p":"100002890100","o":"OLDFIELD, FRANKLINE","a":"","d":"LOGAN-HOCKING LOCAL SCHOOL DISTRICT","t":2015.98,"l":"","c":0}},{"type":"Feature","geometry":{"type":"Polygon","coordinates":[[[-82.417303,39.6123],[-82.417288,39.612436],[-82.417258,39.612429],[-82.417189,39.612417],[-82.417119,39.612407],[-82.417049,39.612397],[-82.41698,39.612385],[-82.416911,39.612373],[-82.416842,39.61236],[-82.416773,39.612346],[-82.416704,39.612332],[-82.416636,39.612318],[-82.416567,39.612304],[-82.416498,39.61229],[-82.41643,39.612276],[-82.416361,39.612263],[-82.416292,39.61225],[-82.416223,39.612238],[-82.416153,39.612225],[-82.416084,39.612214],[-82.416015,39.612203],[-82.415945,39.612192],[-82.415875,39.612181],[-82.415805,39.612171],[-82.415736,39.612161],[-82.415666,39.612152],[-82.415596,39.612143],[-82.415526,39.612134],[-82.415455,39.612126],[-82.415385,39.612118],[-82.415315,39.612111],[-82.415244,39.612103],[-82.415174,39.612097],[-82.415103,39.61209],[-82.415033,39.612084],[-82.414962,39.612079],[-82.414892,39.612073],[-82.414821,39.612068],[-82.41475,39.612063],[-82.414679,39.612059],[-82.414609,39.612055],[-82.414538,39.612051],[-82.414467,39.612047],[-82.414396,39.612043],[-82.414325,39.612039],[-82.414255,39.612036],[-82.414184,39.612032],[-82.414113,39.612029],[-82.414042,39.612025],[-82.413971,39.612021],[-82.4139,39.612018],[-82.41383,39.612014],[-82.413759,39.61201],[-82.413688,39.612006],[-82.413617,39.612001],[-82.413546,39.611997],[-82.413476,39.611992],[-82.413405,39.611986],[-82.413334,39.611981],[-82.413264,39.611975],[-82.413193,39.611968],[-82.413123,39.611962],[-82.413053,39.611954],[-82.412982,39.611946],[-82.412912,39.611938],[-82.412842,39.611929],[-82.412772,39.61192],[-82.412702,39.611911],[-82.412611,39.611898],[-82.412828,39.609647],[-82.413177,39.606018],[-82.417941,39.60628],[-82.417855,39.607099],[-82.417392,39.611453],[-82.41697,39.611443],[-82.416904,39.612252],[-82.417303,39.6123]]]},"properties":{"p":"100003120000","o":"KILBARGER, EDWARD & MARJORIE","a":"","d":"LOGAN-HOCKING LOCAL SCHOOL DISTRICT","t":2159.56,"l":"","c":0}},{"type":"Feature","geometry":{"type":"Polygon","coordinates":[[[-82.393171,39.585257],[-82.393034,39.584582],[-82.394703,39.584509],[-82.394742,39.584596],[-82.394571,39.584779],[-82.394479,39.584767],[-82.394172,39.584742],[-82.393634,39.584864],[-82.393171,39.585257]]]},"properties":{"p":"100003550000","o":"STIDHAM, ROBERT","a":"","d":"LOGAN-HOCKING LOCAL SCHOOL DISTRICT","t":722.66,"l":"","c":0}},{"type":"Feature","geometry":{"type":"Polygon","coordinates":[[[-82.417602,39.594716],[-82.417595,39.594786],[-82.417206,39.594729],[-82.416754,39.594664],[-82.41678,39.594598],[-82.417191,39.593527],[-82.417703,39.593625],[-82.417602,39.594716]]]},"properties":{"p":"100003690300","o":"GILLOTTE,DONALDA","a":"","d":"LOGAN-HOCKING LOCAL SCHOOL DISTRICT","t":1256.71,"l":"","c":0}},{"type":"Feature","geometry":{"type":"Polygon","coordinates":[[[-82.412765,39.585179],[-82.413504,39.585082],[-82.413867,39.585034],[-82.413712,39.584576],[-82.414809,39.584552],[-82.415306,39.584541],[-82.415399,39.584372],[-82.4153,39.584261],[-82.417666,39.584398],[-82.417594,39.585095],[-82.414926,39.585089],[-82.414994,39.585403],[-82.413735,39.585421],[-82.413736,39.585462],[-82.413237,39.585471],[-82.412939,39.585476],[-82.41276,39.58548],[-82.412687,39.585279],[-82.412656,39.585194],[-82.412765,39.585179]]]},"properties":{"p":"100003850100","o":"BIRKMEYER, LAURENE","a":"","d":"LOGAN-HOCKING LOCAL SCHOOL DISTRICT","t":229.24,"l":"","c":0}},{"type":"Feature","geometry":{"type":"Polygon","coordinates":[[[-82.496452,39.58195],[-82.496527,39.580932],[-82.496745,39.580685],[-82.49756,39.581114],[-82.497978,39.58155],[-82.497827,39.583267],[-82.497583,39.582728],[-82.497169,39.582217],[-82.496452,39.58195]]]},"properties":{"p":"100004700500","o":"AMONG THE TREES, LLC","a":"","d":"LOGAN-HOCKING LOCAL SCHOOL DISTRICT","t":20929.83,"l":"","c":0}},{"type":"Feature","geometry":{"type":"Polygon","coordinates":[[[-82.49827,39.578217],[-82.498075,39.580446],[-82.497599,39.580212],[-82.496745,39.580685],[-82.496445,39.579265],[-82.496178,39.57911],[-82.496163,39.5787],[-82.496081,39.578498],[-82.496313,39.57844],[-82.496548,39.578388],[-82.496785,39.578343],[-82.497024,39.578305],[-82.497265,39.578273],[-82.497507,39.578247],[-82.49775,39.578228],[-82.497993,39.578216],[-82.498237,39.57821],[-82.49827,39.578217]]]},"properties":{"p":"100004700600","o":"AMONG THE TREES, LLC","a":"","d":"LOGAN-HOCKING LOCAL SCHOOL DISTRICT","t":1218.06,"l":"","c":0}},{"type":"Feature","geometry":{"type":"Polygon","coordinates":[[[-82.433617,39.580229],[-82.433748,39.579456],[-82.43434,39.578125],[-82.434993,39.578166],[-82.436202,39.578247],[-82.435843,39.581864],[-82.43577,39.582759],[-82.435742,39.582757],[-82.435662,39.582751],[-82.435672,39.582593],[-82.435722,39.581854],[-82.434987,39.581809],[-82.434639,39.581788],[-82.434606,39.581202],[-82.433617,39.580229]]]},"properties":{"p":"100005320000","o":"VAN GUNDY, DALEL","a":"","d":"LOGAN-HOCKING LOCAL SCHOOL DISTRICT","t":1181.08,"l":"","c":0}},{"type":"Feature","geometry":{"type":"Polygon","coordinates":[[[-82.425858,39.578231],[-82.425533,39.577523],[-82.425477,39.577403],[-82.425555,39.577438],[-82.425613,39.577464],[-82.426016,39.577646],[-82.426176,39.577719],[-82.426324,39.577788],[-82.426461,39.577852],[-82.426512,39.577876],[-82.425986,39.578234],[-82.425858,39.578231]]]},"properties":{"p":"100005740000","o":"QUIER, JACKSON & BAILEY","a":"","d":"LOGAN-HOCKING LOCAL SCHOOL DISTRICT","t":727.46,"l":"","c":0}},{"type":"Feature","geometry":{"type":"Polygon","coordinates":[[[-82.417201,39.580201],[-82.417238,39.57984],[-82.418405,39.579911],[-82.418368,39.580272],[-82.41817,39.58026],[-82.418123,39.580712],[-82.418111,39.580835],[-82.418076,39.58083],[-82.418088,39.58071],[-82.417154,39.580652],[-82.417201,39.580201]]]},"properties":{"p":"100005840000","o":"CROWL,FLORENCE","a":"","d":"LOGAN-HOCKING LOCAL SCHOOL DISTRICT","t":794.81,"l":"","c":0}},{"type":"Feature","geometry":{"type":"Polygon","coordinates":[[[-82.414824,39.580622],[-82.41508,39.579905],[-82.415805,39.579948],[-82.415752,39.580566],[-82.415748,39.580608],[-82.415742,39.580676],[-82.414824,39.580622]]]},"properties":{"p":"100005980000","o":"JOHNSON, MARILYNL","a":"","d":"LOGAN-HOCKING LOCAL SCHOOL DISTRICT","t":368.3,"l":"","c":0}},{"type":"Feature","geometry":{"type":"Polygon","coordinates":[[[-82.412363,39.584092],[-82.412293,39.584087],[-82.412191,39.583777],[-82.412139,39.583577],[-82.412127,39.5834],[-82.412183,39.583195],[-82.412248,39.583198],[-82.415415,39.583382],[-82.4153,39.584261],[-82.412363,39.584092]]]},"properties":{"p":"100006090000","o":"SNOUFFER PROPERTY MGMT GRPLLC","a":"","d":"LOGAN-HOCKING LOCAL SCHOOL DISTRICT","t":2770.68,"l":"","c":0}},{"type":"Feature","geometry":{"type":"Polygon","coordinates":[[[-82.462868,39.649976],[-82.462132,39.649586],[-82.462246,39.649429],[-82.462271,39.649395],[-82.463079,39.649664],[-82.463033,39.649746],[-82.462995,39.649809],[-82.462953,39.64987],[-82.462908,39.64993],[-82.462868,39.649976]]]},"properties":{"p":"100007320000","o":"AUGUSTUS, MICHAEL J.& BELINDA","a":"","d":"LOGAN-HOCKING LOCAL SCHOOL DISTRICT","t":3026,"l":"","c":0}},{"type":"Feature","geometry":{"type":"Polygon","coordinates":[[[-82.455275,39.65751],[-82.455838,39.657091],[-82.456082,39.657287],[-82.455519,39.657706],[-82.455275,39.65751]]]},"properties":{"p":"100007440000","o":"LAFEVRE, JOHNL.& PATRICIAJ","a":"","d":"LOGAN-HOCKING LOCAL SCHOOL DISTRICT","t":124.66,"l":"","c":0}},{"type":"Feature","geometry":{"type":"Polygon","coordinates":[[[-82.46549,39.646594],[-82.46582,39.645829],[-82.46608,39.645957],[-82.466092,39.645964],[-82.466103,39.64597],[-82.466115,39.645978],[-82.466125,39.645985],[-82.466135,39.645993],[-82.466145,39.646002],[-82.466154,39.64601],[-82.466163,39.646019],[-82.466171,39.646029],[-82.466178,39.646039],[-82.466185,39.646049],[-82.466191,39.646059],[-82.466196,39.646069],[-82.466201,39.64608],[-82.466205,39.646091],[-82.466208,39.646102],[-82.466211,39.646113],[-82.466213,39.646124],[-82.466214,39.646135],[-82.466214,39.646147],[-82.466214,39.646158],[-82.466213,39.646169],[-82.466211,39.64618],[-82.466208,39.646191],[-82.466205,39.646202],[-82.466201,39.646213],[-82.466197,39.646224],[-82.466191,39.646234],[-82.466188,39.64624],[-82.466184,39.646247],[-82.466153,39.646305],[-82.466126,39.646363],[-82.466103,39.646422],[-82.466084,39.646483],[-82.466069,39.646543],[-82.466058,39.646605],[-82.46549,39.646594]]]},"properties":{"p":"100007720000","o":"ROBINSON, MONICAL","a":"","d":"LOGAN-HOCKING LOCAL SCHOOL DISTRICT","t":1804.3,"l":"","c":0}},{"type":"Feature","geometry":{"type":"Polygon","coordinates":[[[-82.464831,39.646394],[-82.464831,39.646393],[-82.464839,39.646375],[-82.464845,39.646358],[-82.46485,39.64634],[-82.464854,39.646322],[-82.464856,39.646315],[-82.464858,39.646308],[-82.46486,39.646301],[-82.464863,39.646294],[-82.464866,39.646287],[-82.46487,39.64628],[-82.464875,39.646274],[-82.464879,39.646268],[-82.464884,39.646262],[-82.46489,39.646256],[-82.464895,39.64625],[-82.464902,39.646245],[-82.464903,39.646243],[-82.465098,39.646084],[-82.465125,39.646061],[-82.465152,39.646036],[-82.465177,39.64601],[-82.4652,39.645983],[-82.465221,39.645955],[-82.46524,39.645926],[-82.465258,39.645897],[-82.465274,39.645867],[-82.465287,39.645837],[-82.465299,39.645806],[-82.465302,39.645798],[-82.465305,39.645791],[-82.465309,39.645784],[-82.465313,39.645777],[-82.465317,39.645771],[-82.465322,39.645764],[-82.465328,39.645758],[-82.465333,39.645752],[-82.46534,39.645746],[-82.465346,39.64574],[-82.465353,39.645735],[-82.46536,39.64573],[-82.465368,39.645725],[-82.465376,39.645721],[-82.465384,39.645716],[-82.465392,39.645713],[-82.465401,39.645709],[-82.46541,39.645706],[-82.465419,39.645703],[-82.465428,39.6457],[-82.465437,39.645698],[-82.465447,39.645697],[-82.465456,39.645695],[-82.465466,39.645694],[-82.465476,39.645694],[-82.465486,39.645693],[-82.465495,39.645693],[-82.465505,39.645694],[-82.465515,39.645695],[-82.465524,39.645696],[-82.465534,39.645697],[-82.465543,39.645699],[-82.465553,39.645702],[-82.465562,39.645704],[-82.465571,39.645708],[-82.46558,39.645711],[-82.465588,39.645715],[-82.465593,39.645717],[-82.46582,39.645829],[-82.46549,39.646594],[-82.464831,39.646394]]]},"properties":{"p":"100007890000","o":"ROBINSON, MONICAL","a":"","d":"LOGAN-HOCKING LOCAL SCHOOL DISTRICT","t":147.58,"l":"","c":0}},{"type":"Feature","geometry":{"type":"Polygon","coordinates":[[[-82.461408,39.654154],[-82.461563,39.653791],[-82.462222,39.654074],[-82.462187,39.654126],[-82.462147,39.654191],[-82.462112,39.654258],[-82.462081,39.654326],[-82.461408,39.654154]]]},"properties":{"p":"100007990000","o":"GUAJARDO, JOSEG","a":"","d":"LOGAN-HOCKING LOCAL SCHOOL DISTRICT","t":2245.68,"l":"","c":0}},{"type":"Feature","geometry":{"type":"Polygon","coordinates":[[[-82.456792,39.656852],[-82.457605,39.656735],[-82.457626,39.656781],[-82.45768,39.6569],[-82.457505,39.656966],[-82.45693,39.65718],[-82.456896,39.657121],[-82.456865,39.657061],[-82.456838,39.656999],[-82.456829,39.656974],[-82.456807,39.65691],[-82.456792,39.656852]]]},"properties":{"p":"100008980000","o":"ALESHIRE,KELLYJ","a":"","d":"LOGAN-HOCKING LOCAL SCHOOL DISTRICT","t":217.57,"l":"","c":0}},{"type":"Feature","geometry":{"type":"Polygon","coordinates":[[[-82.455906,39.656392],[-82.455881,39.656047],[-82.456692,39.656227],[-82.456684,39.656249],[-82.456662,39.656317],[-82.456645,39.656386],[-82.456633,39.656456],[-82.455906,39.656392]]]},"properties":{"p":"100009390000","o":"FOWLER, SCOTT&LORRI","a":"","d":"LOGAN-HOCKING LOCAL SCHOOL DISTRICT","t":2192.23,"l":"","c":0}},{"type":"Feature","geometry":{"type":"Polygon","coordinates":[[[-82.463487,39.656015],[-82.463493,39.656012],[-82.4635,39.656009],[-82.463508,39.656005],[-82.463515,39.656001],[-82.463522,39.655997],[-82.463528,39.655992],[-82.463535,39.655987],[-82.463541,39.655982],[-82.463546,39.655977],[-82.463552,39.655972],[-82.463557,39.655966],[-82.463561,39.65596],[-82.463566,39.655954],[-82.463569,39.655948],[-82.463573,39.655942],[-82.463576,39.655935],[-82.463578,39.655929],[-82.463581,39.655922],[-82.463582,39.655915],[-82.463584,39.655908],[-82.463586,39.655902],[-82.463588,39.655895],[-82.463591,39.655889],[-82.463594,39.655882],[-82.463598,39.655876],[-82.463602,39.65587],[-82.463606,39.655864],[-82.463611,39.655858],[-82.463616,39.655852],[-82.463621,39.655847],[-82.463627,39.655842],[-82.463633,39.655837],[-82.46364,39.655832],[-82.463647,39.655828],[-82.463654,39.655824],[-82.463655,39.655823],[-82.463909,39.655683],[-82.464072,39.655858],[-82.463726,39.656385],[-82.463487,39.656015]]]},"properties":{"p":"100011020000","o":"DOON, KEARY &KELLI","a":"","d":"LOGAN-HOCKING LOCAL SCHOOL DISTRICT","t":646.76,"l":"","c":0}},{"type":"Feature","geometry":{"type":"Polygon","coordinates":[[[-82.469062,39.655676],[-82.46907,39.655559],[-82.469321,39.655569],[-82.46934,39.655569],[-82.469372,39.655569],[-82.469403,39.655568],[-82.469435,39.655565],[-82.46951,39.656007],[-82.469312,39.656011],[-82.469035,39.656055],[-82.469062,39.655676]]]},"properties":{"p":"100012760000","o":"HAMILTON, MELISSA&ERICB","a":"","d":"LOGAN-HOCKING LOCAL SCHOOL DISTRICT","t":763.71,"l":"","c":0}},{"type":"Feature","geometry":{"type":"Polygon","coordinates":[[[-82.470498,39.648701],[-82.470924,39.648207],[-82.471181,39.6483],[-82.471032,39.648619],[-82.470711,39.648837],[-82.470686,39.648816],[-82.47066,39.648796],[-82.470633,39.648777],[-82.470604,39.64876],[-82.470581,39.648746],[-82.470498,39.648701]]]},"properties":{"p":"100013250000","o":"BURK, DARCI&DOUGLAS","a":"","d":"LOGAN-HOCKING LOCAL SCHOOL DISTRICT","t":1120.72,"l":"","c":0}},{"type":"Feature","geometry":{"type":"Polygon","coordinates":[[[-82.450099,39.658897],[-82.45097,39.658578],[-82.451091,39.658838],[-82.450246,39.659136],[-82.450099,39.658897]]]},"properties":{"p":"100013410000","o":"GLASER, MICHAEL J & DAWN MARIE","a":"","d":"LOGAN-HOCKING LOCAL SCHOOL DISTRICT","t":725.41,"l":"","c":0}},{"type":"Feature","geometry":{"type":"Polygon","coordinates":[[[-82.47625,39.647114],[-82.476679,39.646729],[-82.476738,39.646772],[-82.476816,39.646824],[-82.476953,39.646911],[-82.47698,39.646928],[-82.477035,39.64696],[-82.476697,39.647187],[-82.476536,39.647295],[-82.47625,39.647114]]]},"properties":{"p":"100013790000","o":"VAUGHN, CHAD & KATHERINE","a":"","d":"LOGAN-HOCKING LOCAL SCHOOL DISTRICT","t":1721.04,"l":"","c":0}},{"type":"Feature","geometry":{"type":"Polygon","coordinates":[[[-82.475341,39.648039],[-82.475787,39.647615],[-82.475855,39.647653],[-82.475884,39.647671],[-82.47604,39.647769],[-82.475718,39.64821],[-82.475584,39.648231],[-82.475341,39.648039]]]},"properties":{"p":"100013910000","o":"CINI, GREGORYR&LISAM","a":"","d":"LOGAN-HOCKING LOCAL SCHOOL DISTRICT","t":2983.76,"l":"","c":0}},{"type":"Feature","geometry":{"type":"Polygon","coordinates":[[[-82.476537,39.648578],[-82.476576,39.648017],[-82.476596,39.648018],[-82.476619,39.648018],[-82.476642,39.648017],[-82.476665,39.648015],[-82.476687,39.648012],[-82.47671,39.648008],[-82.476732,39.648003],[-82.476754,39.647998],[-82.476776,39.647991],[-82.47708,39.648567],[-82.476537,39.648578]]]},"properties":{"p":"100013940000","o":"ROBERTS, DANIEL","a":"","d":"LOGAN-HOCKING LOCAL SCHOOL DISTRICT","t":469.46,"l":"","c":0}},{"type":"Feature","geometry":{"type":"Polygon","coordinates":[[[-82.47836,39.647265],[-82.477938,39.646867],[-82.477955,39.646856],[-82.477973,39.646845],[-82.477992,39.646835],[-82.478012,39.646826],[-82.478032,39.646818],[-82.478052,39.64681],[-82.47807,39.646804],[-82.478373,39.646711],[-82.478381,39.646709],[-82.478388,39.646707],[-82.478397,39.646705],[-82.478405,39.646704],[-82.478414,39.646703],[-82.478423,39.646702],[-82.478431,39.646701],[-82.47844,39.646701],[-82.478449,39.646702],[-82.478457,39.646702],[-82.478466,39.646703],[-82.478475,39.646704],[-82.478483,39.646706],[-82.478491,39.646708],[-82.4785,39.64671],[-82.478508,39.646713],[-82.478515,39.646716],[-82.478523,39.646719],[-82.478531,39.646722],[-82.478538,39.646726],[-82.478545,39.64673],[-82.478546,39.646731],[-82.478549,39.646733],[-82.478596,39.64676],[-82.478645,39.646785],[-82.478696,39.646809],[-82.478431,39.647266],[-82.47836,39.647265]]]},"properties":{"p":"100014010000","o":"GLASS, JOHNM.JR.&MALYNDA","a":"","d":"LOGAN-HOCKING LOCAL SCHOOL DISTRICT","t":658.07,"l":"","c":0}},{"type":"Feature","geometry":{"type":"Polygon","coordinates":[[[-82.479288,39.647644],[-82.479326,39.647638],[-82.479365,39.647633],[-82.479404,39.647629],[-82.479443,39.647628],[-82.479482,39.647627],[-82.479505,39.647628],[-82.479508,39.647628],[-82.479516,39.647628],[-82.479525,39.647628],[-82.479533,39.647628],[-82.479542,39.647627],[-82.47955,39.647626],[-82.479558,39.647625],[-82.479567,39.647623],[-82.479575,39.647621],[-82.479583,39.647619],[-82.479591,39.647616],[-82.479598,39.647614],[-82.479606,39.64761],[-82.479613,39.647607],[-82.479936,39.647992],[-82.479412,39.648099],[-82.479288,39.647644]]]},"properties":{"p":"100014170000","o":"ADAMS, MICHAELT.& GRACIEB","a":"","d":"LOGAN-HOCKING LOCAL SCHOOL DISTRICT","t":107.8,"l":"","c":0}},{"type":"Feature","geometry":{"type":"Polygon","coordinates":[[[-82.480304,39.648755],[-82.480503,39.648337],[-82.480835,39.648361],[-82.480774,39.648859],[-82.48072,39.648854],[-82.480667,39.648847],[-82.480615,39.648838],[-82.480563,39.648827],[-82.480512,39.648814],[-82.480505,39.648812],[-82.480304,39.648755]]]},"properties":{"p":"100014520000","o":"MILLER, TATUM& SHAWN","a":"","d":"LOGAN-HOCKING LOCAL SCHOOL DISTRICT","t":2426.37,"l":"","c":0}},{"type":"Feature","geometry":{"type":"Polygon","coordinates":[[[-82.482354,39.648034],[-82.482426,39.647391],[-82.482595,39.647402],[-82.482645,39.647406],[-82.482694,39.647413],[-82.482742,39.647421],[-82.48279,39.64743],[-82.482837,39.647442],[-82.482838,39.647442],[-82.482653,39.64806],[-82.482354,39.648034]]]},"properties":{"p":"100014590000","o":"FINNEY, DAVIDM&WENDY","a":"","d":"LOGAN-HOCKING LOCAL SCHOOL DISTRICT","t":121.4,"l":"","c":0}},{"type":"Feature","geometry":{"type":"Polygon","coordinates":[[[-82.482846,39.64813],[-82.483281,39.647647],[-82.483616,39.647827],[-82.483202,39.648287],[-82.48307,39.64821],[-82.482846,39.64813]]]},"properties":{"p":"100014610000","o":"SNOUFFER, VIRGINIAM TRUSTEE","a":"","d":"LOGAN-HOCKING LOCAL SCHOOL DISTRICT","t":1679.1,"l":"","c":0}},{"type":"Feature","geometry":{"type":"Polygon","coordinates":[[[-82.475978,39.658154],[-82.476552,39.657898],[-82.476578,39.657932],[-82.476609,39.657967],[-82.476642,39.658],[-82.476677,39.658033],[-82.476714,39.658064],[-82.476753,39.658094],[-82.476275,39.658489],[-82.476214,39.658447],[-82.47606,39.658256],[-82.475978,39.658154]]]},"properties":{"p":"100016590000","o":"ANDREWS, JEFFREY & WENDY JEAN","a":"","d":"LOGAN-HOCKING LOCAL SCHOOL DISTRICT","t":1342.13,"l":"","c":0}},{"type":"Feature","geometry":{"type":"Polygon","coordinates":[[[-82.472947,39.660267],[-82.473067,39.65969],[-82.473218,39.659709],[-82.473428,39.659735],[-82.473308,39.660312],[-82.472947,39.660267]]]},"properties":{"p":"100017600000","o":"KIGER,ANDREWT","a":"","d":"LOGAN-HOCKING LOCAL SCHOOL DISTRICT","t":561.87,"l":"","c":0}},{"type":"Feature","geometry":{"type":"Polygon","coordinates":[[[-82.472074,39.660078],[-82.471465,39.659514],[-82.47179,39.659235],[-82.471935,39.659208],[-82.472191,39.660038],[-82.472184,39.66004],[-82.472171,39.660042],[-82.472158,39.660045],[-82.472145,39.660048],[-82.472132,39.660052],[-82.47212,39.660056],[-82.472108,39.660061],[-82.472096,39.660066],[-82.472085,39.660072],[-82.472074,39.660078]]]},"properties":{"p":"100017640000","o":"BOWEN, TIMOTHY & CHRISTINE TRUS","a":"","d":"LOGAN-HOCKING LOCAL SCHOOL DISTRICT","t":2758.59,"l":"","c":0}},{"type":"Feature","geometry":{"type":"Polygon","coordinates":[[[-82.447444,39.652297],[-82.447502,39.652018],[-82.447537,39.651702],[-82.448146,39.651742],[-82.448821,39.651786],[-82.448831,39.651859],[-82.448837,39.65191],[-82.448839,39.651961],[-82.448838,39.652012],[-82.448833,39.652063],[-82.448826,39.652114],[-82.448765,39.652442],[-82.447444,39.652297]]]},"properties":{"p":"100020000000","o":"BRIGHT, DEBRAA.& DOUGLASM.SR","a":"","d":"LOGAN-HOCKING LOCAL SCHOOL DISTRICT","t":256.48,"l":"","c":0}},{"type":"Feature","geometry":{"type":"Polygon","coordinates":[[[-82.447357,39.653407],[-82.447355,39.653401],[-82.447353,39.653394],[-82.447351,39.653387],[-82.44735,39.653381],[-82.447349,39.653374],[-82.447349,39.653367],[-82.447349,39.65336],[-82.447349,39.653353],[-82.44735,39.653346],[-82.447352,39.65334],[-82.447353,39.653333],[-82.447356,39.653326],[-82.447358,39.65332],[-82.447361,39.653313],[-82.447365,39.653307],[-82.447369,39.653301],[-82.447373,39.653295],[-82.447378,39.653289],[-82.447383,39.653283],[-82.447388,39.653278],[-82.447394,39.653273],[-82.447396,39.653272],[-82.447401,39.653266],[-82.447407,39.653261],[-82.447412,39.653255],[-82.447416,39.653249],[-82.44742,39.653243],[-82.447424,39.653237],[-82.447427,39.653231],[-82.44743,39.653224],[-82.447433,39.653218],[-82.447435,39.653211],[-82.447437,39.653204],[-82.447438,39.653197],[-82.447439,39.653191],[-82.447439,39.653184],[-82.447439,39.653177],[-82.447439,39.65317],[-82.447438,39.653163],[-82.447436,39.653156],[-82.447434,39.65315],[-82.447432,39.653143],[-82.44743,39.653136],[-82.4487,39.652797],[-82.448694,39.652827],[-82.448677,39.652953],[-82.448668,39.653079],[-82.448653,39.653458],[-82.448653,39.653476],[-82.448654,39.653513],[-82.447678,39.653826],[-82.447518,39.653659],[-82.447489,39.653627],[-82.447462,39.653594],[-82.447437,39.65356],[-82.447415,39.653525],[-82.447394,39.653489],[-82.447377,39.653452],[-82.44737,39.653438],[-82.447357,39.653407]]]},"properties":{"p":"100020020000","o":"SIGAFOOSE, JAMES P& JENNIFERS","a":"","d":"LOGAN-HOCKING LOCAL SCHOOL DISTRICT","t":857.74,"l":"","c":0}},{"type":"Feature","geometry":{"type":"Polygon","coordinates":[[[-82.602365,39.542194],[-82.602033,39.542034],[-82.602013,39.542024],[-82.602031,39.542001],[-82.602257,39.541717],[-82.602454,39.541468],[-82.602495,39.541484],[-82.603777,39.541985],[-82.603519,39.542321],[-82.602365,39.542194]]]},"properties":{"p":"080001060300","o":"MOKAS,NIKKI","a":"","d":"LOGAN-HOCKING LOCAL SCHOOL DISTRICT","t":1056.57,"l":"","c":0}},{"type":"Feature","geometry":{"type":"Polygon","coordinates":[[[-82.558696,39.526906],[-82.558665,39.52731],[-82.558056,39.52747],[-82.557796,39.527531],[-82.557531,39.527582],[-82.557264,39.527621],[-82.556994,39.527648],[-82.55702,39.527322],[-82.558696,39.526906]]]},"properties":{"p":"080001620000","o":"AZBELL, CANDYS&DANIELC","a":"","d":"LOGAN-HOCKING LOCAL SCHOOL DISTRICT","t":672.02,"l":"","c":0}},{"type":"Feature","geometry":{"type":"Polygon","coordinates":[[[-82.52346,39.519071],[-82.523834,39.515419],[-82.527621,39.515597],[-82.528685,39.515649],[-82.528627,39.516306],[-82.52847,39.518059],[-82.528358,39.519329],[-82.52346,39.519071]]]},"properties":{"p":"080001750000","o":"PLAGEMAN, THOMAS &SHARON,TRUSTE","a":"","d":"LOGAN-HOCKING LOCAL SCHOOL DISTRICT","t":2149.75,"l":"","c":0}},{"type":"Feature","geometry":{"type":"Polygon","coordinates":[[[-82.555313,39.509692],[-82.555288,39.50948],[-82.555153,39.50829],[-82.55492,39.508008],[-82.554875,39.507953],[-82.555173,39.507804],[-82.555219,39.50786],[-82.555444,39.508132],[-82.555966,39.508531],[-82.5561,39.509712],[-82.5561,39.509714],[-82.555313,39.509692]]]},"properties":{"p":"080002640300","o":"MCDANIEL, DAVID R. & TIFFANYM","a":"","d":"LOGAN-HOCKING LOCAL SCHOOL DISTRICT","t":132.25,"l":"","c":0}},{"type":"Feature","geometry":{"type":"Polygon","coordinates":[[[-82.559496,39.500291],[-82.559402,39.501435],[-82.559205,39.501756],[-82.558938,39.50237],[-82.558868,39.502532],[-82.558753,39.502778],[-82.558637,39.503007],[-82.558567,39.503002],[-82.557476,39.502934],[-82.556231,39.502856],[-82.554895,39.502773],[-82.553391,39.502678],[-82.552051,39.502594],[-82.549596,39.502441],[-82.550093,39.497674],[-82.550272,39.495031],[-82.55527,39.495312],[-82.560374,39.4956],[-82.560173,39.499366],[-82.560098,39.500328],[-82.559496,39.500291]]]},"properties":{"p":"080003400000","o":"WOODLAND RETREATLLC","a":"","d":"LOGAN-HOCKING LOCAL SCHOOL DISTRICT","t":62360.11,"l":"","c":0}},{"type":"Feature","geometry":{"type":"Polygon","coordinates":[[[-82.546556,39.502249],[-82.546685,39.501047],[-82.54849,39.499744],[-82.548582,39.498846],[-82.545457,39.498818],[-82.544676,39.499042],[-82.544649,39.499049],[-82.544655,39.498997],[-82.545962,39.498527],[-82.547195,39.498083],[-82.548896,39.497301],[-82.550093,39.497674],[-82.549596,39.502441],[-82.546556,39.502249]]]},"properties":{"p":"080003430100","o":"WOODLAND RETREATLLC","a":"","d":"LOGAN-HOCKING LOCAL SCHOOL DISTRICT","t":623,"l":"","c":0}},{"type":"Feature","geometry":{"type":"Polygon","coordinates":[[[-82.54265,39.496677],[-82.542558,39.496763],[-82.542085,39.497207],[-82.541201,39.497292],[-82.538573,39.497582],[-82.542436,39.496088],[-82.542525,39.496054],[-82.542534,39.496302],[-82.542591,39.496563],[-82.54265,39.496677]]]},"properties":{"p":"080003530400","o":"AMERICAN HEARTLAND CABINS, LLC","a":"","d":"LOGAN-HOCKING LOCAL SCHOOL DISTRICT","t":8263.07,"l":"","c":0}},{"type":"Feature","geometry":{"type":"Polygon","coordinates":[[[-82.542863,39.497001],[-82.542787,39.497067],[-82.542308,39.497487],[-82.539863,39.498088],[-82.538531,39.498009],[-82.538573,39.497582],[-82.541201,39.497292],[-82.542085,39.497207],[-82.542558,39.496763],[-82.54265,39.496677],[-82.542693,39.496761],[-82.542863,39.497001]]]},"properties":{"p":"080003530401","o":"AMERICAN HEARTLAND CABINS, LLC","a":"","d":"LOGAN-HOCKING LOCAL SCHOOL DISTRICT","t":7872.11,"l":"","c":0}},{"type":"Feature","geometry":{"type":"Polygon","coordinates":[[[-82.516361,39.490608],[-82.516476,39.489537],[-82.51967,39.489085],[-82.520687,39.488941],[-82.520792,39.488926],[-82.521007,39.489661],[-82.521025,39.489722],[-82.520922,39.489742],[-82.52043,39.489836],[-82.518626,39.490178],[-82.516361,39.490608]]]},"properties":{"p":"080003581600","o":"WEAVER, KEVIND.& TERESAA","a":"","d":"LOGAN-HOCKING LOCAL SCHOOL DISTRICT","t":7375.47,"l":"","c":0}},{"type":"Feature","geometry":{"type":"Polygon","coordinates":[[[-82.508513,39.487516],[-82.507748,39.487706],[-82.506696,39.487897],[-82.506703,39.487818],[-82.506723,39.487591],[-82.506726,39.487561],[-82.507689,39.48736],[-82.508013,39.48726],[-82.508232,39.487232],[-82.508361,39.487322],[-82.508456,39.487443],[-82.508513,39.487516]]]},"properties":{"p":"080003630000","o":"HOLDREN, STEVE","a":"","d":"LOGAN-HOCKING LOCAL SCHOOL DISTRICT","t":333.12,"l":"","c":0}},{"type":"Feature","geometry":{"type":"Polygon","coordinates":[[[-82.616993,39.521978],[-82.617417,39.521585],[-82.617915,39.521453],[-82.618478,39.521069],[-82.618531,39.521032],[-82.618592,39.521085],[-82.618674,39.521157],[-82.618762,39.521236],[-82.618875,39.521337],[-82.618968,39.521422],[-82.619015,39.521462],[-82.619028,39.521472],[-82.618928,39.521549],[-82.618613,39.521791],[-82.616662,39.523294],[-82.615148,39.523257],[-82.61668,39.521839],[-82.616993,39.521978]]]},"properties":{"p":"090000070300","o":"JENKINS, ROBERTASUE","a":"","d":"LOGAN ELM LOCAL SCHOOL DISTRICT","t":837.86,"l":"","c":0}},{"type":"Feature","geometry":{"type":"Polygon","coordinates":[[[-82.605932,39.499507],[-82.60575,39.499235],[-82.605617,39.498673],[-82.605772,39.497839],[-82.606587,39.497877],[-82.607521,39.497932],[-82.607603,39.497937],[-82.607475,39.498723],[-82.609619,39.49874],[-82.609421,39.501615],[-82.605527,39.501451],[-82.605778,39.500841],[-82.605782,39.500257],[-82.605972,39.499651],[-82.605932,39.499507]]]},"properties":{"p":"090000510100","o":"WISE, JAN","a":"","d":"LOGAN ELM LOCAL SCHOOL DISTRICT","t":10673.94,"l":"","c":0}},{"type":"Feature","geometry":{"type":"Polygon","coordinates":[[[-82.280559,39.533804],[-82.280895,39.533248],[-82.280933,39.532785],[-82.282831,39.53288],[-82.282807,39.533136],[-82.28261,39.533601],[-82.282482,39.533614],[-82.282277,39.533665],[-82.282153,39.533695],[-82.281759,39.53378],[-82.281712,39.533788],[-82.281669,39.533793],[-82.28163,39.533798],[-82.281593,39.533803],[-82.281552,39.533808],[-82.281451,39.533815],[-82.281284,39.533826],[-82.281203,39.533831],[-82.281048,39.533834],[-82.280844,39.533838],[-82.28056,39.533844],[-82.280559,39.533804]]]},"properties":{"p":"060000300600","o":"247 HOLDINGS, LLC","a":"","d":"LOGAN-HOCKING LOCAL SCHOOL DISTRICT","t":2439.61,"l":"","c":0}},{"type":"Feature","geometry":{"type":"Polygon","coordinates":[[[-82.281158,39.562703],[-82.281231,39.561854],[-82.283463,39.561969],[-82.286116,39.562107],[-82.286229,39.562113],[-82.286244,39.5622],[-82.286263,39.562309],[-82.286273,39.562363],[-82.286282,39.562417],[-82.286293,39.562472],[-82.286304,39.562526],[-82.286315,39.56258],[-82.286327,39.562634],[-82.28634,39.562688],[-82.286354,39.562742],[-82.286368,39.562796],[-82.286382,39.56285],[-82.286397,39.562903],[-82.286412,39.562957],[-82.286417,39.562976],[-82.286306,39.56297],[-82.28311,39.562804],[-82.281158,39.562703]]]},"properties":{"p":"060000460000","o":"MILLER, NICK &SHEILA","a":"","d":"LOGAN-HOCKING LOCAL SCHOOL DISTRICT","t":787.02,"l":"","c":0}},{"type":"Feature","geometry":{"type":"Polygon","coordinates":[[[-82.281954,39.548047],[-82.281954,39.548047],[-82.281792,39.548044],[-82.281226,39.548201],[-82.280839,39.548224],[-82.280684,39.54892],[-82.279892,39.548864],[-82.280027,39.54771],[-82.280573,39.54774],[-82.280605,39.547939],[-82.280807,39.54806],[-82.281182,39.548039],[-82.281509,39.547933],[-82.281758,39.547879],[-82.281966,39.547883],[-82.281956,39.547962],[-82.281954,39.548047]]]},"properties":{"p":"060000490000","o":"SMITH, CARL","a":"","d":"LOGAN-HOCKING LOCAL SCHOOL DISTRICT","t":695.24,"l":"","c":0}},{"type":"Feature","geometry":{"type":"Polygon","coordinates":[[[-82.313392,39.506173],[-82.31461,39.505893],[-82.315592,39.505668],[-82.31596,39.505584],[-82.31586,39.507128],[-82.315087,39.507625],[-82.314857,39.507149],[-82.314544,39.506195],[-82.313257,39.50649],[-82.312686,39.505905],[-82.312642,39.505859],[-82.312797,39.505791],[-82.312953,39.505723],[-82.31298,39.505751],[-82.313392,39.506173]]]},"properties":{"p":"060000841100","o":"GOOD, MARK&VIOLET","a":"","d":"LOGAN-HOCKING LOCAL SCHOOL DISTRICT","t":299.58,"l":"","c":0}},{"type":"Feature","geometry":{"type":"Polygon","coordinates":[[[-82.322821,39.475564],[-82.321917,39.475001],[-82.324046,39.475115],[-82.324077,39.475135],[-82.323234,39.475896],[-82.322786,39.475595],[-82.322821,39.475564]]]},"properties":{"p":"060001420100","o":"SAWMILLER, LLC","a":"","d":"LOGAN-HOCKING LOCAL SCHOOL DISTRICT","t":2133.29,"l":"","c":0}},{"type":"Feature","geometry":{"type":"Polygon","coordinates":[[[-82.314721,39.53338],[-82.31622,39.533445],[-82.316574,39.53346],[-82.318168,39.533529],[-82.318083,39.534674],[-82.317347,39.534642],[-82.314456,39.5345],[-82.31372,39.534464],[-82.313708,39.534415],[-82.313691,39.534342],[-82.313674,39.534197],[-82.313675,39.534054],[-82.313272,39.534033],[-82.313574,39.531584],[-82.313568,39.531891],[-82.313583,39.532158],[-82.313599,39.532279],[-82.313666,39.532572],[-82.31368,39.532626],[-82.313693,39.53268],[-82.313704,39.532734],[-82.313712,39.532788],[-82.313718,39.532843],[-82.313722,39.532898],[-82.313725,39.532953],[-82.313726,39.533008],[-82.313725,39.533063],[-82.313723,39.533117],[-82.313721,39.533172],[-82.313717,39.533227],[-82.313713,39.533282],[-82.313708,39.533337],[-82.314721,39.53338]]]},"properties":{"p":"060002390000","o":"ELLINGER, LARRYE&LORIEL","a":"","d":"LOGAN-HOCKING LOCAL SCHOOL DISTRICT","t":344.6,"l":"","c":0}},{"type":"Feature","geometry":{"type":"Polygon","coordinates":[[[-82.332259,39.524481],[-82.332252,39.524551],[-82.332087,39.524539],[-82.332043,39.524536],[-82.332,39.524533],[-82.331975,39.524532],[-82.331914,39.524528],[-82.33187,39.524525],[-82.331827,39.524522],[-82.331784,39.524519],[-82.331741,39.524516],[-82.331697,39.524513],[-82.331654,39.52451],[-82.331611,39.524507],[-82.331585,39.524505],[-82.331524,39.524501],[-82.331481,39.524498],[-82.331438,39.524495],[-82.331395,39.524492],[-82.331351,39.524489],[-82.331308,39.524486],[-82.331265,39.524482],[-82.331222,39.524479],[-82.331179,39.524476],[-82.331152,39.524474],[-82.331092,39.524469],[-82.331049,39.524465],[-82.331006,39.524461],[-82.330963,39.524457],[-82.33092,39.524453],[-82.330877,39.524449],[-82.330814,39.524442],[-82.330791,39.524439],[-82.330748,39.524434],[-82.330705,39.524429],[-82.330662,39.524423],[-82.330619,39.524417],[-82.330567,39.524409],[-82.330534,39.524404],[-82.330492,39.524397],[-82.330436,39.524387],[-82.330174,39.52434],[-82.330128,39.524331],[-82.33006,39.524316],[-82.329991,39.524301],[-82.329923,39.524286],[-82.329856,39.52427],[-82.329788,39.524253],[-82.329721,39.524236],[-82.329653,39.524219],[-82.329586,39.524201],[-82.329519,39.524184],[-82.329451,39.524168],[-82.329383,39.524153],[-82.329314,39.52414],[-82.329245,39.524128],[-82.329135,39.52411],[-82.328956,39.524103],[-82.328885,39.524101],[-82.328815,39.524102],[-82.328744,39.524104],[-82.328673,39.524108],[-82.328603,39.524115],[-82.32857,39.52412],[-82.328573,39.524085],[-82.328638,39.523401],[-82.328648,39.523293],[-82.328705,39.522688],[-82.328801,39.521683],[-82.328818,39.521685],[-82.329153,39.521723],[-82.329298,39.520275],[-82.332656,39.520438],[-82.332259,39.524481]]]},"properties":{"p":"060002440000","o":"MOORE, RICHARD &TERRI","a":"","d":"LOGAN-HOCKING LOCAL SCHOOL DISTRICT","t":994.96,"l":"","c":0}},{"type":"Feature","geometry":{"type":"Polygon","coordinates":[[[-82.317211,39.536164],[-82.317203,39.536246],[-82.317008,39.538318],[-82.316223,39.538282],[-82.314921,39.536713],[-82.314674,39.536415],[-82.314649,39.536385],[-82.315395,39.536513],[-82.315726,39.536529],[-82.315881,39.536504],[-82.315956,39.536416],[-82.316218,39.535856],[-82.316282,39.535748],[-82.316454,39.535807],[-82.316913,39.535967],[-82.317017,39.53601],[-82.317057,39.536034],[-82.317096,39.536061],[-82.317131,39.53609],[-82.317211,39.536164]]]},"properties":{"p":"060002470000","o":"BURNS, KEVIN","a":"","d":"LOGAN-HOCKING LOCAL SCHOOL DISTRICT","t":508.37,"l":"","c":0}},{"type":"Feature","geometry":{"type":"Polygon","coordinates":[[[-82.314803,39.535259],[-82.314654,39.535209],[-82.314537,39.535169],[-82.314382,39.53511],[-82.314285,39.535067],[-82.314238,39.535042],[-82.314193,39.535014],[-82.31415,39.534983],[-82.314096,39.534934],[-82.313937,39.534774],[-82.313821,39.534643],[-82.313775,39.534572],[-82.313724,39.534481],[-82.31372,39.534464],[-82.314456,39.5345],[-82.317347,39.534642],[-82.31722,39.536077],[-82.317211,39.536164],[-82.317131,39.53609],[-82.317096,39.536061],[-82.317057,39.536034],[-82.317017,39.53601],[-82.316913,39.535967],[-82.316454,39.535807],[-82.316282,39.535748],[-82.316088,39.535682],[-82.315308,39.535417],[-82.315071,39.535342],[-82.314803,39.535259]]]},"properties":{"p":"060002480000","o":"ELLINGER, LARRYE&LORIEL","a":"","d":"LOGAN-HOCKING LOCAL SCHOOL DISTRICT","t":232.53,"l":"","c":0}},{"type":"Feature","geometry":{"type":"Polygon","coordinates":[[[-82.329893,39.542555],[-82.329882,39.542239],[-82.329844,39.541949],[-82.329896,39.541928],[-82.330521,39.541678],[-82.331099,39.541446],[-82.331755,39.541184],[-82.331588,39.542829],[-82.330411,39.542761],[-82.329977,39.542737],[-82.329919,39.542733],[-82.329893,39.542555]]]},"properties":{"p":"060002500100","o":"LEHMAN, MARKA","a":"","d":"LOGAN-HOCKING LOCAL SCHOOL DISTRICT","t":150.23,"l":"","c":0}},{"type":"Feature","geometry":{"type":"Polygon","coordinates":[[[-82.317664,39.542123],[-82.317576,39.541751],[-82.318183,39.541668],[-82.318181,39.54171],[-82.318179,39.541765],[-82.318181,39.54182],[-82.318186,39.541875],[-82.318196,39.541929],[-82.318212,39.541983],[-82.318232,39.542035],[-82.318255,39.542087],[-82.318281,39.542138],[-82.318294,39.542163],[-82.318134,39.542153],[-82.317664,39.542123]]]},"properties":{"p":"060002530000","o":"STIDHAM,LAURAL","a":"","d":"LOGAN-HOCKING LOCAL SCHOOL DISTRICT","t":507.23,"l":"","c":0}},{"type":"Feature","geometry":{"type":"Polygon","coordinates":[[[-82.318318,39.537828],[-82.318289,39.538473],[-82.318193,39.538478],[-82.316986,39.538551],[-82.317008,39.538318],[-82.317203,39.536246],[-82.317211,39.536164],[-82.3177,39.536694],[-82.318205,39.537242],[-82.318318,39.537828]]]},"properties":{"p":"060002620100","o":"SJTGETAWAYS, LLC","a":"","d":"LOGAN-HOCKING LOCAL SCHOOL DISTRICT","t":315.48,"l":"","c":0}},{"type":"Feature","geometry":{"type":"Polygon","coordinates":[[[-82.330075,39.536281],[-82.330257,39.536024],[-82.330838,39.535355],[-82.332307,39.535436],[-82.33212,39.537435],[-82.331419,39.537358],[-82.330229,39.537352],[-82.32937,39.537347],[-82.329257,39.537346],[-82.329271,39.537328],[-82.330075,39.536281]]]},"properties":{"p":"060002630100","o":"CAPRETTA, JENNIFERTRUSTEE","a":"","d":"LOGAN-HOCKING LOCAL SCHOOL DISTRICT","t":4457.33,"l":"","c":0}},{"type":"Feature","geometry":{"type":"Polygon","coordinates":[[[-82.319615,39.550346],[-82.319977,39.549741],[-82.320006,39.549691],[-82.320716,39.549729],[-82.320708,39.549798],[-82.320606,39.55069],[-82.320496,39.550697],[-82.320047,39.550724],[-82.319848,39.55055],[-82.319615,39.550346]]]},"properties":{"p":"060002660100","o":"BOWMAN, DALEF &ANGELAS","a":"","d":"LOGAN-HOCKING LOCAL SCHOOL DISTRICT","t":1212.12,"l":"","c":0}},{"type":"Feature","geometry":{"type":"Polygon","coordinates":[[[-82.314803,39.551992],[-82.31444,39.551207],[-82.314515,39.550433],[-82.314397,39.550312],[-82.314333,39.550247],[-82.314476,39.550158],[-82.314594,39.550111],[-82.314762,39.550091],[-82.314754,39.550173],[-82.314671,39.551028],[-82.31514,39.551498],[-82.315452,39.552213],[-82.315259,39.554207],[-82.314591,39.554174],[-82.314803,39.551992]]]},"properties":{"p":"060002860600","o":"BENEDICT, CHARLESEIl&VICKEY","a":"","d":"LOGAN-HOCKING LOCAL SCHOOL DISTRICT","t":2441.92,"l":"","c":0}},{"type":"Feature","geometry":{"type":"Polygon","coordinates":[[[-82.313694,39.554129],[-82.31398,39.550586],[-82.313987,39.550504],[-82.314333,39.550247],[-82.314397,39.550312],[-82.314515,39.550433],[-82.31444,39.551207],[-82.314803,39.551992],[-82.314591,39.554174],[-82.313694,39.554129]]]},"properties":{"p":"060002860700","o":"BENEDICT, CHARLES EIl& VICKEY","a":"","d":"LOGAN-HOCKING LOCAL SCHOOL DISTRICT","t":842,"l":"","c":0}},{"type":"Feature","geometry":{"type":"Polygon","coordinates":[[[-82.342748,39.500703],[-82.343201,39.500054],[-82.344221,39.50048],[-82.343822,39.50111],[-82.342748,39.500703]]]},"properties":{"p":"060003100300","o":"INTEGRATED SERVICES FOR","a":"","d":"LOGAN-HOCKING LOCAL SCHOOL DISTRICT","t":2878.58,"l":"","c":0}},{"type":"Feature","geometry":{"type":"Polygon","coordinates":[[[-82.333056,39.532818],[-82.332888,39.532782],[-82.332673,39.532791],[-82.332547,39.532781],[-82.33257,39.532529],[-82.332816,39.532244],[-82.33347,39.531488],[-82.33465,39.531924],[-82.335099,39.53209],[-82.336034,39.533889],[-82.336154,39.53412],[-82.336174,39.534164],[-82.335934,39.534228],[-82.335844,39.534246],[-82.335689,39.534277],[-82.335526,39.534304],[-82.33524,39.534348],[-82.335084,39.534359],[-82.334863,39.534369],[-82.334702,39.534364],[-82.334575,39.53435],[-82.334483,39.534332],[-82.334487,39.534276],[-82.334532,39.533626],[-82.334434,39.533607],[-82.334231,39.533541],[-82.334129,39.533487],[-82.333981,39.533373],[-82.333742,39.533189],[-82.333761,39.533179],[-82.333957,39.53302],[-82.33375,39.532868],[-82.333555,39.533027],[-82.333536,39.533038],[-82.333352,39.532948],[-82.333056,39.532818]]]},"properties":{"p":"060003331700","o":"PORTER, JOHND","a":"","d":"LOGAN-HOCKING LOCAL SCHOOL DISTRICT","t":222.84,"l":"","c":0}},{"type":"Feature","geometry":{"type":"Polygon","coordinates":[[[-82.340368,39.523961],[-82.340158,39.523893],[-82.33989,39.523859],[-82.339687,39.523862],[-82.339374,39.52391],[-82.338956,39.524005],[-82.338038,39.524213],[-82.338114,39.523078],[-82.338334,39.520727],[-82.339599,39.52079],[-82.341979,39.520911],[-82.341749,39.523848],[-82.34107,39.524335],[-82.340992,39.524391],[-82.340757,39.524194],[-82.340513,39.524029],[-82.340366,39.523983],[-82.340368,39.523961]]]},"properties":{"p":"060003370000","o":"MEEK,FREDAM","a":"","d":"LOGAN-HOCKING LOCAL SCHOOL DISTRICT","t":1573.5,"l":"","c":0}},{"type":"Feature","geometry":{"type":"Polygon","coordinates":[[[-82.344676,39.535475],[-82.344697,39.53528],[-82.344723,39.535062],[-82.344755,39.534775],[-82.344834,39.534779],[-82.346809,39.534888],[-82.346824,39.533867],[-82.348162,39.534022],[-82.348102,39.534612],[-82.347934,39.536251],[-82.344619,39.536068],[-82.344639,39.535966],[-82.344654,39.535818],[-82.344661,39.535688],[-82.344664,39.535629],[-82.344676,39.535475]]]},"properties":{"p":"060003390000","o":"BENNETT, JOER","a":"","d":"LOGAN-HOCKING LOCAL SCHOOL DISTRICT","t":1198.48,"l":"","c":0}},{"type":"Feature","geometry":{"type":"Polygon","coordinates":[[[-82.344807,39.559842],[-82.344604,39.559172],[-82.344735,39.559127],[-82.34487,39.559079],[-82.345292,39.558904],[-82.345711,39.558745],[-82.346147,39.558608],[-82.346137,39.558653],[-82.345922,39.559639],[-82.344807,39.559842]]]},"properties":{"p":"060003500200","o":"NIHISER, MATTHEW & STEPHANIE","a":"","d":"LOGAN-HOCKING LOCAL SCHOOL DISTRICT","t":1930.26,"l":"","c":0}},{"type":"Feature","geometry":{"type":"Polygon","coordinates":[[[-82.36637,39.499404],[-82.366011,39.499388],[-82.365481,39.499364],[-82.364885,39.496782],[-82.364356,39.496011],[-82.364408,39.495619],[-82.364342,39.495491],[-82.364434,39.495374],[-82.364699,39.495499],[-82.364753,39.4956],[-82.365729,39.49743],[-82.365781,39.497531],[-82.365834,39.497641],[-82.36588,39.49774],[-82.365931,39.497856],[-82.365976,39.497962],[-82.366019,39.498072],[-82.36606,39.498178],[-82.366099,39.49829],[-82.366136,39.498399],[-82.366171,39.49851],[-82.366203,39.498618],[-82.366234,39.498732],[-82.366261,39.49884],[-82.366288,39.498955],[-82.366312,39.499066],[-82.366334,39.499179],[-82.366353,39.499288],[-82.36637,39.499404]]]},"properties":{"p":"060003950100","o":"BUSH, JONATHON & CINDY","a":"","d":"LOGAN-HOCKING LOCAL SCHOOL DISTRICT","t":775.69,"l":"","c":0}},{"type":"Feature","geometry":{"type":"Polygon","coordinates":[[[-82.354653,39.536616],[-82.354786,39.53496],[-82.354829,39.534431],[-82.354832,39.534385],[-82.355796,39.534364],[-82.355561,39.536664],[-82.354653,39.536616]]]},"properties":{"p":"060004450400","o":"BRIGHAM, APRILK & RICHARD J","a":"","d":"LOGAN-HOCKING LOCAL SCHOOL DISTRICT","t":1982.7,"l":"","c":0}},{"type":"Feature","geometry":{"type":"Polygon","coordinates":[[[-82.356882,39.540902],[-82.357391,39.541653],[-82.357514,39.541908],[-82.357522,39.542094],[-82.357562,39.542375],[-82.357907,39.542656],[-82.358172,39.543006],[-82.358226,39.543085],[-82.358217,39.543091],[-82.358135,39.543154],[-82.358061,39.543222],[-82.358029,39.543258],[-82.357999,39.543295],[-82.357952,39.543375],[-82.357897,39.543502],[-82.357774,39.543849],[-82.357681,39.544128],[-82.357609,39.544123],[-82.350246,39.543656],[-82.350579,39.540119],[-82.350591,39.539985],[-82.353402,39.540157],[-82.353347,39.540671],[-82.356882,39.540902]]]},"properties":{"p":"060004670000","o":"STAMPER, JEANETTEL","a":"","d":"LOGAN-HOCKING LOCAL SCHOOL DISTRICT","t":1013.48,"l":"","c":0}},{"type":"Feature","geometry":{"type":"Polygon","coordinates":[[[-82.388193,39.50923],[-82.388166,39.508108],[-82.389264,39.508169],[-82.388518,39.50926],[-82.388515,39.509256],[-82.388513,39.509254],[-82.388509,39.509249],[-82.388503,39.509244],[-82.3885,39.509241],[-82.388495,39.509237],[-82.388488,39.509231],[-82.388481,39.509226],[-82.388474,39.509222],[-82.388466,39.509216],[-82.388455,39.509211],[-82.388444,39.509206],[-82.388436,39.509202],[-82.388426,39.509199],[-82.388418,39.509196],[-82.388407,39.509193],[-82.388392,39.509189],[-82.38838,39.509187],[-82.388369,39.509186],[-82.388357,39.509185],[-82.388344,39.509184],[-82.388327,39.509185],[-82.388316,39.509185],[-82.388304,39.509187],[-82.388293,39.509188],[-82.388283,39.50919],[-82.388274,39.509192],[-82.388265,39.509195],[-82.388254,39.509198],[-82.388239,39.509204],[-82.388233,39.509207],[-82.388225,39.50921],[-82.388217,39.509214],[-82.388211,39.509218],[-82.388205,39.509221],[-82.388202,39.509224],[-82.388198,39.509226],[-82.388193,39.50923]]]},"properties":{"p":"060005413700","o":"WILSON, KYLE & WENDY TRUSTEES","a":"","d":"LOGAN-HOCKING LOCAL SCHOOL DISTRICT","t":244.68,"l":"","c":0}},{"type":"Feature","geometry":{"type":"Polygon","coordinates":[[[-82.373311,39.552552],[-82.373499,39.550826],[-82.373563,39.55081],[-82.374364,39.55061],[-82.374687,39.550566],[-82.374998,39.550557],[-82.37506,39.550562],[-82.375665,39.550611],[-82.376816,39.550663],[-82.377016,39.550591],[-82.37692,39.550687],[-82.376839,39.550801],[-82.376701,39.550951],[-82.376543,39.551102],[-82.376517,39.551127],[-82.376204,39.551376],[-82.375947,39.551503],[-82.375627,39.551627],[-82.374843,39.551924],[-82.37464,39.55201],[-82.374497,39.552085],[-82.374322,39.552201],[-82.374082,39.552396],[-82.373861,39.552583],[-82.373311,39.552552]]]},"properties":{"p":"060005690000","o":"MODER, BRENDAN","a":"","d":"LOGAN-HOCKING LOCAL SCHOOL DISTRICT","t":2293.62,"l":"","c":0}},{"type":"Feature","geometry":{"type":"Polygon","coordinates":[[[-82.377087,39.549829],[-82.377164,39.54952],[-82.377222,39.549493],[-82.377455,39.549373],[-82.377783,39.549339],[-82.377676,39.550387],[-82.377628,39.550851],[-82.376543,39.551102],[-82.376701,39.550951],[-82.376839,39.550801],[-82.37692,39.550687],[-82.377016,39.550591],[-82.3771,39.550359],[-82.377087,39.549829]]]},"properties":{"p":"060005690200","o":"TIGNER,GLEN","a":"","d":"LOGAN-HOCKING LOCAL SCHOOL DISTRICT","t":300,"l":"","c":0}},{"type":"Feature","geometry":{"type":"Polygon","coordinates":[[[-82.368344,39.550616],[-82.36967,39.549746],[-82.369704,39.549452],[-82.369736,39.549463],[-82.3698,39.549485],[-82.369962,39.549533],[-82.370127,39.549573],[-82.370295,39.549606],[-82.370682,39.549669],[-82.370675,39.549724],[-82.370647,39.549962],[-82.370029,39.550703],[-82.368344,39.550616]]]},"properties":{"p":"060005710200","o":"STONE CITY STORAGELLC","a":"","d":"LOGAN-HOCKING LOCAL SCHOOL DISTRICT","t":855.49,"l":"","c":0}},{"type":"Feature","geometry":{"type":"Polygon","coordinates":[[[-82.378941,39.537924],[-82.378783,39.540055],[-82.377379,39.539867],[-82.377351,39.540001],[-82.377246,39.539988],[-82.377141,39.539975],[-82.377178,39.539796],[-82.376737,39.539641],[-82.37615,39.539461],[-82.375936,39.539071],[-82.375908,39.538318],[-82.375779,39.537738],[-82.378906,39.537922],[-82.378941,39.537924]]]},"properties":{"p":"060005750300","o":"SMITH, CAROL","a":"","d":"LOGAN-HOCKING LOCAL SCHOOL DISTRICT","t":256.83,"l":"","c":0}},{"type":"Feature","geometry":{"type":"Polygon","coordinates":[[[-82.326486,39.47995],[-82.326922,39.479843],[-82.326922,39.479843],[-82.326958,39.479931],[-82.326613,39.480016],[-82.326623,39.48004],[-82.326532,39.480062],[-82.326486,39.47995]]]},"properties":{"p":"060008110000","o":"FULLER, TRAVIS & LEEPER,HEATHER","a":"","d":"LOGAN-HOCKING LOCAL SCHOOL DISTRICT","t":894.7,"l":"","c":0}},{"type":"Feature","geometry":{"type":"Polygon","coordinates":[[[-82.32713,39.483617],[-82.327691,39.483488],[-82.327757,39.483662],[-82.327197,39.483791],[-82.32713,39.483617]]]},"properties":{"p":"060008700000","o":"SKAGGS, JESSICA","a":"","d":"LOGAN-HOCKING LOCAL SCHOOL DISTRICT","t":798.18,"l":"","c":0}},{"type":"Feature","geometry":{"type":"Polygon","coordinates":[[[-82.327064,39.483443],[-82.327624,39.483315],[-82.327691,39.483488],[-82.32713,39.483617],[-82.327064,39.483443]]]},"properties":{"p":"060008710000","o":"SKAGGS, STEVENL&JESSICAJ","a":"","d":"LOGAN-HOCKING LOCAL SCHOOL DISTRICT","t":3731.36,"l":"","c":0}},{"type":"Feature","geometry":{"type":"Polygon","coordinates":[[[-82.506699,39.590471],[-82.506507,39.592279],[-82.506332,39.592239],[-82.505652,39.59223],[-82.505399,39.592237],[-82.504705,39.592257],[-82.503262,39.592147],[-82.502879,39.592104],[-82.502671,39.592093],[-82.502508,39.591946],[-82.501845,39.591909],[-82.501896,39.59125],[-82.501957,39.59045],[-82.501977,39.590191],[-82.506699,39.590471]]]},"properties":{"p":"050000020000","o":"OFFSHORE OASISLLC","a":"","d":"LOGAN-HOCKING LOCAL SCHOOL DISTRICT","t":6081.68,"l":"","c":0}},{"type":"Feature","geometry":{"type":"Polygon","coordinates":[[[-82.498205,39.591369],[-82.498251,39.591492],[-82.498343,39.591675],[-82.498487,39.591864],[-82.498299,39.591851],[-82.497085,39.591791],[-82.497156,39.590476],[-82.497864,39.590518],[-82.498005,39.590526],[-82.498034,39.59066],[-82.498107,39.591008],[-82.498175,39.591256],[-82.498205,39.591369]]]},"properties":{"p":"050000030300","o":"LEACH, KIMBERLYS","a":"","d":"LOGAN-HOCKING LOCAL SCHOOL DISTRICT","t":527.12,"l":"","c":0}},{"type":"Feature","geometry":{"type":"Polygon","coordinates":[[[-82.497978,39.58155],[-82.498536,39.582132],[-82.500265,39.582607],[-82.497827,39.583267],[-82.497978,39.58155]]]},"properties":{"p":"050001680900","o":"AMONG THE TREES, LLC","a":"","d":"LOGAN-HOCKING LOCAL SCHOOL DISTRICT","t":1118.76,"l":"","c":0}},{"type":"Feature","geometry":{"type":"Polygon","coordinates":[[[-82.502915,39.580375],[-82.502907,39.580483],[-82.502872,39.580972],[-82.502657,39.583113],[-82.501743,39.583013],[-82.500265,39.582607],[-82.500989,39.579677],[-82.501178,39.579421],[-82.501207,39.579321],[-82.501253,39.579338],[-82.501286,39.579349],[-82.501318,39.579361],[-82.50135,39.579373],[-82.501382,39.579385],[-82.501413,39.579397],[-82.501445,39.579409],[-82.501477,39.579421],[-82.501509,39.579433],[-82.50154,39.579447],[-82.50157,39.579461],[-82.501601,39.579475],[-82.501631,39.579489],[-82.50166,39.579505],[-82.501689,39.579521],[-82.501717,39.579538],[-82.501744,39.579555],[-82.501772,39.579573],[-82.501798,39.579591],[-82.501825,39.579609],[-82.501852,39.579627],[-82.501879,39.579644],[-82.501906,39.579662],[-82.501934,39.57968],[-82.501961,39.579697],[-82.501989,39.579714],[-82.502016,39.579731],[-82.502044,39.579749],[-82.502071,39.579766],[-82.502099,39.579783],[-82.502127,39.579801],[-82.502154,39.579818],[-82.502182,39.579835],[-82.502209,39.579852],[-82.502237,39.57987],[-82.502264,39.579887],[-82.502292,39.579904],[-82.502319,39.579922],[-82.502347,39.579939],[-82.502375,39.579956],[-82.502402,39.579973],[-82.502429,39.579991],[-82.502455,39.58001],[-82.502482,39.580028],[-82.502509,39.580046],[-82.502535,39.580064],[-82.502562,39.580082],[-82.502589,39.5801],[-82.502616,39.580118],[-82.502642,39.580136],[-82.502668,39.580155],[-82.502693,39.580175],[-82.502718,39.580194],[-82.502742,39.580214],[-82.502766,39.580235],[-82.50279,39.580255],[-82.502813,39.580276],[-82.502835,39.580297],[-82.502915,39.580375]]]},"properties":{"p":"050001681000","o":"AMONG THE TREES, LLC","a":"","d":"LOGAN-HOCKING LOCAL SCHOOL DISTRICT","t":10713.67,"l":"","c":0}},{"type":"Feature","geometry":{"type":"Polygon","coordinates":[[[-82.501207,39.579321],[-82.501178,39.579421],[-82.500989,39.579677],[-82.500265,39.582607],[-82.498536,39.582132],[-82.498698,39.580751],[-82.498585,39.579628],[-82.498824,39.579104],[-82.498617,39.578291],[-82.498667,39.578304],[-82.498738,39.578323],[-82.4988,39.578342],[-82.498865,39.578364],[-82.49893,39.578386],[-82.498995,39.578408],[-82.49906,39.57843],[-82.499125,39.578452],[-82.49919,39.578474],[-82.499255,39.578496],[-82.49932,39.578518],[-82.499385,39.57854],[-82.49945,39.578562],[-82.499515,39.578584],[-82.49958,39.578606],[-82.499645,39.578629],[-82.499709,39.578651],[-82.499774,39.578674],[-82.499839,39.578697],[-82.499903,39.578719],[-82.499968,39.578742],[-82.500033,39.578764],[-82.500098,39.578786],[-82.500194,39.578821],[-82.50021,39.578827],[-82.500243,39.578838],[-82.500275,39.578849],[-82.500307,39.578861],[-82.500339,39.578873],[-82.500371,39.578885],[-82.500403,39.578897],[-82.500671,39.579001],[-82.500819,39.579103],[-82.500846,39.579122],[-82.500872,39.57914],[-82.500898,39.579158],[-82.500925,39.579176],[-82.500953,39.579194],[-82.50098,39.579211],[-82.501008,39.579228],[-82.501037,39.579244],[-82.501066,39.579259],[-82.501096,39.579274],[-82.501127,39.579288],[-82.501158,39.579301],[-82.501189,39.579315],[-82.501207,39.579321]]]},"properties":{"p":"050001681100","o":"AMONG THE TREES, LLC","a":"","d":"LOGAN-HOCKING LOCAL SCHOOL DISTRICT","t":5734.89,"l":"","c":0}},{"type":"Feature","geometry":{"type":"Polygon","coordinates":[[[-82.498075,39.580446],[-82.49827,39.578217],[-82.498617,39.578291],[-82.498824,39.579104],[-82.498585,39.579628],[-82.498698,39.580751],[-82.498075,39.580446]]]},"properties":{"p":"050001681200","o":"AMONG THE TREES, LLC","a":"","d":"LOGAN-HOCKING LOCAL SCHOOL DISTRICT","t":342.74,"l":"","c":0}},{"type":"Feature","geometry":{"type":"Polygon","coordinates":[[[-82.542083,39.57578],[-82.537353,39.575546],[-82.537367,39.57538],[-82.537846,39.575352],[-82.537973,39.575308],[-82.53807,39.575178],[-82.538022,39.575138],[-82.538288,39.574828],[-82.538092,39.574754],[-82.53811,39.5746],[-82.538267,39.574171],[-82.538303,39.574173],[-82.54104,39.574288],[-82.54121,39.574295],[-82.5416,39.574577],[-82.541951,39.57483],[-82.542409,39.575161],[-82.542778,39.575427],[-82.542864,39.57549],[-82.542667,39.575575],[-82.5423,39.575722],[-82.542083,39.57578]]]},"properties":{"p":"050002420100","o":"PATTERSON, GERALD L.& RITA","a":"","d":"LOGAN-HOCKING LOCAL SCHOOL DISTRICT","t":177.18,"l":"","c":0}},{"type":"Feature","geometry":{"type":"Polygon","coordinates":[[[-82.584319,39.565034],[-82.584027,39.56382],[-82.584015,39.563771],[-82.584321,39.563794],[-82.584661,39.563829],[-82.584844,39.563887],[-82.584935,39.566566],[-82.58432,39.566542],[-82.584319,39.565034]]]},"properties":{"p":"050002880000","o":"LAURIN, RACHAEL & JONATHON","a":"","d":"LOGAN-HOCKING LOCAL SCHOOL DISTRICT","t":5426.1,"l":"","c":0}},{"type":"Feature","geometry":{"type":"Polygon","coordinates":[[[-82.60258,39.571452],[-82.601067,39.571732],[-82.601036,39.571739],[-82.601006,39.571747],[-82.600975,39.571758],[-82.600949,39.571769],[-82.60092,39.571782],[-82.600896,39.571796],[-82.600871,39.571813],[-82.600849,39.57183],[-82.600827,39.571849],[-82.600808,39.571868],[-82.60079,39.57189],[-82.600775,39.571911],[-82.600747,39.571955],[-82.600722,39.571998],[-82.600696,39.572046],[-82.600675,39.572087],[-82.600655,39.572132],[-82.600635,39.572179],[-82.600618,39.572224],[-82.600602,39.572272],[-82.600588,39.572321],[-82.600576,39.572366],[-82.600566,39.572413],[-82.600557,39.572462],[-82.600432,39.573235],[-82.600425,39.573269],[-82.600417,39.573298],[-82.600407,39.57333],[-82.600396,39.57336],[-82.600382,39.573392],[-82.600367,39.57342],[-82.60035,39.573449],[-82.600331,39.573478],[-82.60031,39.573506],[-82.600288,39.573532],[-82.600263,39.573559],[-82.600239,39.573584],[-82.599933,39.573874],[-82.599414,39.57462],[-82.599314,39.574615],[-82.599634,39.570896],[-82.601085,39.570955],[-82.603759,39.571064],[-82.603864,39.571069],[-82.60396,39.571197],[-82.60258,39.571452]]]},"properties":{"p":"050003150400","o":"JUST PROPERTIES, LID","a":"","d":"LOGAN-HOCKING LOCAL SCHOOL DISTRICT","t":5882.58,"l":"","c":0}},{"type":"Feature","geometry":{"type":"Polygon","coordinates":[[[-82.613086,39.560491],[-82.613676,39.561075],[-82.613717,39.561116],[-82.613556,39.561126],[-82.612663,39.561198],[-82.612726,39.560237],[-82.612424,39.560223],[-82.611158,39.560165],[-82.610429,39.560132],[-82.610597,39.558142],[-82.611186,39.557712],[-82.611376,39.558025],[-82.612084,39.558433],[-82.61282,39.558662],[-82.61325,39.558796],[-82.613897,39.559591],[-82.613957,39.559621],[-82.613086,39.560491]]]},"properties":{"p":"050003400000","o":"GARRETT, JAMES M&MELISSAS","a":"","d":"LOGAN-HOCKING LOCAL SCHOOL DISTRICT","t":955.94,"l":"","c":0}},{"type":"Feature","geometry":{"type":"Polygon","coordinates":[[[-82.520848,39.582418],[-82.520985,39.582258],[-82.52118,39.582358],[-82.521181,39.582357],[-82.521273,39.582404],[-82.521272,39.582405],[-82.521134,39.582565],[-82.520848,39.582418]]]},"properties":{"p":"050005140000","o":"MITCHELL,ROBERTC","a":"","d":"LOGAN-HOCKING LOCAL SCHOOL DISTRICT","t":811.71,"l":"","c":0}},{"type":"Feature","geometry":{"type":"Polygon","coordinates":[[[-82.520339,39.583491],[-82.519846,39.583237],[-82.519934,39.583135],[-82.520427,39.583389],[-82.520339,39.583491]]]},"properties":{"p":"050005230000","o":"MILLER, KATHLEEN","a":"","d":"LOGAN-HOCKING LOCAL SCHOOL DISTRICT","t":490.35,"l":"","c":0}},{"type":"Feature","geometry":{"type":"Polygon","coordinates":[[[-82.520645,39.581918],[-82.520328,39.581787],[-82.520384,39.581723],[-82.520521,39.581563],[-82.521015,39.581817],[-82.520877,39.581977],[-82.520864,39.581992],[-82.520854,39.582004],[-82.52082,39.58199],[-82.520645,39.581918]]]},"properties":{"p":"050005600000","o":"WHARTON, RENATA","a":"","d":"LOGAN-HOCKING LOCAL SCHOOL DISTRICT","t":553.33,"l":"","c":0}},{"type":"Feature","geometry":{"type":"Polygon","coordinates":[[[-82.521015,39.581817],[-82.520521,39.581563],[-82.520659,39.581403],[-82.521152,39.581657],[-82.521015,39.581817]]]},"properties":{"p":"050005610000","o":"WHARTON, RENATA","a":"","d":"LOGAN-HOCKING LOCAL SCHOOL DISTRICT","t":173.94,"l":"","c":0}},{"type":"Feature","geometry":{"type":"Polygon","coordinates":[[[-82.518661,39.582628],[-82.518771,39.5825],[-82.519265,39.582754],[-82.519155,39.582882],[-82.518661,39.582628]]]},"properties":{"p":"050005740000","o":"ROOP, EARNESTA","a":"","d":"LOGAN-HOCKING LOCAL SCHOOL DISTRICT","t":511.8,"l":"","c":0}},{"type":"Feature","geometry":{"type":"Polygon","coordinates":[[[-82.294832,39.579227],[-82.294921,39.579583],[-82.294691,39.579617],[-82.294602,39.579261],[-82.294832,39.579227]]]},"properties":{"p":"020024260000","o":"WHEELER, RANDALL WILLIAM","a":"","d":"LOGAN-HOCKING LOCAL SCHOOL DISTRICT","t":830.13,"l":"","c":0}},{"type":"Feature","geometry":{"type":"Polygon","coordinates":[[[-82.281672,39.580423],[-82.281826,39.578799],[-82.282123,39.578801],[-82.283588,39.578933],[-82.283584,39.578988],[-82.283519,39.580019],[-82.281672,39.580423]]]},"properties":{"p":"020024940000","o":"DEIBLE,BILLYJ","a":"","d":"LOGAN-HOCKING LOCAL SCHOOL DISTRICT","t":944.16,"l":"","c":0}},{"type":"Feature","geometry":{"type":"Polygon","coordinates":[[[-82.289919,39.578316],[-82.290902,39.5786],[-82.290796,39.579814],[-82.290791,39.579873],[-82.290378,39.579779],[-82.289242,39.579422],[-82.288603,39.579214],[-82.288071,39.579057],[-82.289381,39.578344],[-82.289399,39.578285],[-82.289919,39.578316]]]},"properties":{"p":"020025000000","o":"CHAPMAN, MICHAEL & SANDRATRUST","a":"","d":"LOGAN-HOCKING LOCAL SCHOOL DISTRICT","t":102.7,"l":"","c":0}},{"type":"Feature","geometry":{"type":"Polygon","coordinates":[[[-82.35483,39.586117],[-82.354662,39.587996],[-82.354633,39.588001],[-82.354589,39.588009],[-82.354583,39.58801],[-82.354533,39.588019],[-82.354483,39.588028],[-82.354434,39.588037],[-82.354384,39.588046],[-82.354334,39.588055],[-82.354281,39.588064],[-82.354234,39.588071],[-82.354184,39.588079],[-82.354133,39.588086],[-82.354083,39.588092],[-82.354033,39.588098],[-82.353982,39.588104],[-82.353931,39.588109],[-82.353883,39.588113],[-82.35383,39.588117],[-82.353779,39.588121],[-82.353728,39.588124],[-82.353677,39.588126],[-82.353626,39.588128],[-82.353575,39.58813],[-82.353524,39.588132],[-82.353472,39.588133],[-82.353421,39.588134],[-82.35337,39.588134],[-82.353319,39.588135],[-82.353268,39.588135],[-82.353217,39.588135],[-82.353187,39.588135],[-82.353115,39.588134],[-82.353064,39.588134],[-82.353012,39.588134],[-82.352961,39.588134],[-82.352894,39.588136],[-82.352859,39.588137],[-82.352808,39.588139],[-82.352757,39.588143],[-82.352706,39.588147],[-82.352656,39.588152],[-82.352585,39.58816],[-82.352555,39.588165],[-82.352504,39.588172],[-82.352454,39.58818],[-82.352404,39.588188],[-82.352354,39.588197],[-82.352287,39.588208],[-82.352254,39.588213],[-82.352204,39.588221],[-82.352154,39.58823],[-82.352105,39.588239],[-82.352062,39.588248],[-82.352007,39.588262],[-82.351959,39.588275],[-82.351911,39.588289],[-82.351864,39.588304],[-82.351817,39.58832],[-82.35179,39.58833],[-82.351724,39.588354],[-82.351678,39.588371],[-82.351633,39.588389],[-82.351588,39.588408],[-82.351542,39.588426],[-82.351497,39.588445],[-82.351453,39.588464],[-82.351408,39.588483],[-82.351364,39.588503],[-82.351319,39.588522],[-82.351275,39.588542],[-82.351185,39.587972],[-82.35086,39.587949],[-82.349981,39.587884],[-82.350015,39.587181],[-82.350042,39.586628],[-82.350046,39.586522],[-82.350069,39.586073],[-82.34939,39.586035],[-82.349056,39.586016],[-82.349334,39.583036],[-82.348887,39.583006],[-82.348981,39.581725],[-82.349047,39.580826],[-82.355084,39.581145],[-82.355274,39.581155],[-82.355163,39.582397],[-82.355119,39.582889],[-82.355037,39.583801],[-82.354899,39.585346],[-82.35483,39.586117]]]},"properties":{"p":"020025550000","o":"LEWIS, JOHN DII&STEVENW","a":"","d":"LOGAN-HOCKING LOCAL SCHOOL DISTRICT","t":5749.13,"l":"","c":0}},{"type":"Feature","geometry":{"type":"Polygon","coordinates":[[[-82.374076,39.589784],[-82.374163,39.589762],[-82.37609,39.589269],[-82.376306,39.58974],[-82.376564,39.590002],[-82.375508,39.590518],[-82.375303,39.590612],[-82.374809,39.590636],[-82.374752,39.590518],[-82.374727,39.590475],[-82.374696,39.590426],[-82.374663,39.590377],[-82.374629,39.590329],[-82.374592,39.590282],[-82.374552,39.590237],[-82.37451,39.590192],[-82.374466,39.590149],[-82.374422,39.590106],[-82.374377,39.590064],[-82.374333,39.590021],[-82.374288,39.589978],[-82.374242,39.589936],[-82.374197,39.589894],[-82.374076,39.589784]]]},"properties":{"p":"020025910000","o":"WINDLE, TIMOTHYD","a":"","d":"LOGAN-HOCKING LOCAL SCHOOL DISTRICT","t":1351.28,"l":"","c":0}},{"type":"Feature","geometry":{"type":"Polygon","coordinates":[[[-82.363178,39.595826],[-82.363415,39.592933],[-82.363486,39.59231],[-82.363693,39.590492],[-82.365712,39.590595],[-82.370283,39.590828],[-82.372033,39.590917],[-82.371857,39.592726],[-82.371595,39.596336],[-82.363178,39.595826]]]},"properties":{"p":"020025980000","o":"COOPER, MARILYNA","a":"","d":"LOGAN-HOCKING LOCAL SCHOOL DISTRICT","t":6360.31,"l":"","c":0}},{"type":"Feature","geometry":{"type":"Polygon","coordinates":[[[-82.277605,39.589855],[-82.27756,39.589501],[-82.277479,39.589066],[-82.277459,39.588998],[-82.277456,39.588988],[-82.27742,39.588867],[-82.277494,39.588873],[-82.277741,39.588895],[-82.277757,39.589004],[-82.278195,39.589014],[-82.28083,39.589203],[-82.280814,39.589349],[-82.280721,39.590199],[-82.279369,39.590185],[-82.277801,39.590168],[-82.277663,39.590166],[-82.277644,39.590083],[-82.277624,39.589954],[-82.277605,39.589855]]]},"properties":{"p":"030000240000","o":"ROOKER, SHELBY","a":"","d":"SOUTHERN LOCAL SCHOOL DISTRICT","t":573.97,"l":"","c":0}},{"type":"Feature","geometry":{"type":"Polygon","coordinates":[[[-82.274637,39.582267],[-82.275125,39.582686],[-82.274756,39.582971],[-82.274241,39.583132],[-82.273581,39.582747],[-82.273421,39.582654],[-82.273471,39.582632],[-82.273533,39.582605],[-82.273594,39.582578],[-82.273655,39.582549],[-82.273715,39.58252],[-82.273774,39.58249],[-82.273833,39.582459],[-82.27389,39.582427],[-82.273946,39.582393],[-82.274001,39.582358],[-82.274055,39.582322],[-82.274108,39.582286],[-82.27416,39.582249],[-82.274211,39.582211],[-82.274262,39.582172],[-82.274312,39.582133],[-82.274362,39.582094],[-82.2744,39.582064],[-82.274637,39.582267]]]},"properties":{"p":"030000410300","o":"WILLIAMS, DONALDE.&SUSANE","a":"","d":"SOUTHERN LOCAL SCHOOL DISTRICT","t":576.55,"l":"","c":0}},{"type":"Feature","geometry":{"type":"Polygon","coordinates":[[[-82.400748,39.558559],[-82.400856,39.557512],[-82.401367,39.557538],[-82.402197,39.557579],[-82.402572,39.557598],[-82.402621,39.558688],[-82.402623,39.558743],[-82.401882,39.558808],[-82.401884,39.558849],[-82.401845,39.558839],[-82.401249,39.558688],[-82.400984,39.558608],[-82.400748,39.558559]]]},"properties":{"p":"020000230300","o":"TOOTLE, BRIANK.&AMYL","a":"","d":"LOGAN-HOCKING LOCAL SCHOOL DISTRICT","t":3695.56,"l":"","c":0}},{"type":"Feature","geometry":{"type":"Polygon","coordinates":[[[-82.404526,39.561268],[-82.404448,39.560661],[-82.404426,39.560587],[-82.404276,39.560454],[-82.404168,39.56031],[-82.4052,39.560428],[-82.40524,39.560433],[-82.405228,39.560542],[-82.405193,39.560881],[-82.40519,39.560903],[-82.405092,39.561895],[-82.40447,39.561857],[-82.404526,39.561268]]]},"properties":{"p":"020000250000","o":"WILLARD, LARRY","a":"","d":"LOGAN-HOCKING LOCAL SCHOOL DISTRICT","t":298.46,"l":"","c":0}},{"type":"Feature","geometry":{"type":"Polygon","coordinates":[[[-82.409455,39.565261],[-82.409707,39.562324],[-82.412222,39.563528],[-82.41281,39.563381],[-82.412594,39.56418],[-82.412469,39.56464],[-82.412972,39.564663],[-82.412926,39.564826],[-82.412844,39.564821],[-82.412757,39.56543],[-82.409455,39.565261]]]},"properties":{"p":"020000280000","o":"WALNUT DOWLERINC","a":"","d":"LOGAN-HOCKING LOCAL SCHOOL DISTRICT","t":3480.21,"l":"","c":0}},{"type":"Feature","geometry":{"type":"Polygon","coordinates":[[[-82.411636,39.556099],[-82.412023,39.555773],[-82.41205,39.555856],[-82.412065,39.555901],[-82.412086,39.555963],[-82.412098,39.555999],[-82.412113,39.556043],[-82.412123,39.556073],[-82.412142,39.556128],[-82.411732,39.556312],[-82.411636,39.556099]]]},"properties":{"p":"020000350000","o":"LEWIS, KENNETHS","a":"","d":"LOGAN-HOCKING LOCAL SCHOOL DISTRICT","t":1036.75,"l":"","c":0}},{"type":"Feature","geometry":{"type":"Polygon","coordinates":[[[-82.414074,39.560202],[-82.413933,39.560248],[-82.413469,39.560402],[-82.412669,39.558908],[-82.413232,39.558782],[-82.4133,39.558767],[-82.413433,39.559064],[-82.413588,39.559356],[-82.413771,39.559659],[-82.413923,39.559927],[-82.414074,39.560202]]]},"properties":{"p":"020000470000","o":"WOLFE, MARKA&JANETL","a":"","d":"LOGAN-HOCKING LOCAL SCHOOL DISTRICT","t":1093.14,"l":"","c":0}},{"type":"Feature","geometry":{"type":"Polygon","coordinates":[[[-82.46059,39.56087],[-82.460676,39.560915],[-82.460689,39.560789],[-82.46073,39.560811],[-82.461118,39.56101],[-82.461355,39.561124],[-82.461371,39.561131],[-82.461431,39.561159],[-82.461492,39.561187],[-82.461553,39.561215],[-82.461614,39.561243],[-82.461675,39.56127],[-82.461736,39.561298],[-82.461798,39.561325],[-82.461859,39.561352],[-82.461921,39.561379],[-82.461982,39.561406],[-82.462044,39.561433],[-82.462106,39.56146],[-82.462168,39.561486],[-82.462172,39.561488],[-82.462145,39.561737],[-82.461968,39.563358],[-82.46039,39.563238],[-82.46059,39.56087]]]},"properties":{"p":"020001030400","o":"BROWN, GREGORYK","a":"","d":"LOGAN-HOCKING LOCAL SCHOOL DISTRICT","t":243.35,"l":"","c":0}},{"type":"Feature","geometry":{"type":"Polygon","coordinates":[[[-82.460296,39.564297],[-82.460323,39.564025],[-82.460631,39.564042],[-82.460752,39.564049],[-82.460716,39.564437],[-82.460287,39.564414],[-82.460296,39.564297]]]},"properties":{"p":"020001300000","o":"STARNER, BRYAN","a":"","d":"LOGAN-HOCKING LOCAL SCHOOL DISTRICT","t":293.16,"l":"","c":0}},{"type":"Feature","geometry":{"type":"Polygon","coordinates":[[[-82.490169,39.557184],[-82.489646,39.558299],[-82.488131,39.558015],[-82.489712,39.557145],[-82.490169,39.557184]]]},"properties":{"p":"020001430400","o":"CORBY, JOSEPHW","a":"","d":"LOGAN-HOCKING LOCAL SCHOOL DISTRICT","t":177.18,"l":"","c":0}},{"type":"Feature","geometry":{"type":"Polygon","coordinates":[[[-82.49873,39.558902],[-82.499005,39.558586],[-82.499769,39.558987],[-82.499654,39.559085],[-82.499352,39.55908],[-82.49925,39.559121],[-82.49873,39.558902]]]},"properties":{"p":"020001830000","o":"NIHISER, LETHAMAE","a":"","d":"LOGAN-HOCKING LOCAL SCHOOL DISTRICT","t":124.38,"l":"","c":0}},{"type":"Feature","geometry":{"type":"Polygon","coordinates":[[[-82.474311,39.548007],[-82.474405,39.548043],[-82.474612,39.548112],[-82.474608,39.548171],[-82.474435,39.54816],[-82.474604,39.548222],[-82.474577,39.548577],[-82.474062,39.548494],[-82.473368,39.548391],[-82.473344,39.548388],[-82.473388,39.548088],[-82.472229,39.548008],[-82.472427,39.547998],[-82.472531,39.547973],[-82.472864,39.547864],[-82.472998,39.547835],[-82.47309,39.547837],[-82.473177,39.547855],[-82.47338,39.547924],[-82.47349,39.547946],[-82.473658,39.547964],[-82.474127,39.547995],[-82.474311,39.548007]]]},"properties":{"p":"020001980000","o":"RINEHART, SANDRA& NATHAN","a":"","d":"LOGAN-HOCKING LOCAL SCHOOL DISTRICT","t":1423.66,"l":"","c":0}},{"type":"Feature","geometry":{"type":"Polygon","coordinates":[[[-82.472936,39.546592],[-82.472904,39.546318],[-82.473112,39.5463],[-82.473218,39.546291],[-82.473259,39.546413],[-82.473152,39.546493],[-82.473025,39.546588],[-82.472936,39.546592]]]},"properties":{"p":"020002120000","o":"GUESS, GREGORYN","a":"","d":"LOGAN-HOCKING LOCAL SCHOOL DISTRICT","t":379.74,"l":"","c":0}},{"type":"Feature","geometry":{"type":"Polygon","coordinates":[[[-82.408917,39.552761],[-82.408811,39.552755],[-82.408585,39.552104],[-82.408685,39.552076],[-82.409009,39.551987],[-82.409133,39.551953],[-82.409313,39.552157],[-82.409513,39.552101],[-82.40983,39.55246],[-82.410161,39.552834],[-82.408917,39.552761]]]},"properties":{"p":"020003560000","o":"POLING,AUSTEN","a":"","d":"LOGAN-HOCKING LOCAL SCHOOL DISTRICT","t":1071.84,"l":"","c":0}},{"type":"Feature","geometry":{"type":"Polygon","coordinates":[[[-82.469308,39.535987],[-82.469215,39.5358],[-82.469768,39.535629],[-82.469855,39.535797],[-82.469308,39.535987]]]},"properties":{"p":"020005530000","o":"RADER,MARYALICE","a":"","d":"LOGAN-HOCKING LOCAL SCHOOL DISTRICT","t":378.41,"l":"","c":0}},{"type":"Feature","geometry":{"type":"Polygon","coordinates":[[[-82.465333,39.530937],[-82.466348,39.530648],[-82.466457,39.530616],[-82.466493,39.530679],[-82.466606,39.530877],[-82.466675,39.530987],[-82.466726,39.531077],[-82.466757,39.531133],[-82.466914,39.53138],[-82.466804,39.531423],[-82.465908,39.531776],[-82.465687,39.531454],[-82.465576,39.531293],[-82.465333,39.530937]]]},"properties":{"p":"020005580300","o":"GECKLER,EDWARD","a":"","d":"LOGAN-HOCKING LOCAL SCHOOL DISTRICT","t":298.03,"l":"","c":0}},{"type":"Feature","geometry":{"type":"Polygon","coordinates":[[[-82.485687,39.540307],[-82.485395,39.540437],[-82.484704,39.540781],[-82.484517,39.540868],[-82.484455,39.540894],[-82.484413,39.540912],[-82.484313,39.540953],[-82.484249,39.540977],[-82.484184,39.540999],[-82.484119,39.54102],[-82.484053,39.54104],[-82.484018,39.541049],[-82.483978,39.541059],[-82.483938,39.541069],[-82.483869,39.541083],[-82.483801,39.541096],[-82.483731,39.541108],[-82.483662,39.541118],[-82.483592,39.541127],[-82.483579,39.541128],[-82.483538,39.541133],[-82.483426,39.541145],[-82.483356,39.541151],[-82.483285,39.541157],[-82.483215,39.541162],[-82.483144,39.541167],[-82.483074,39.541172],[-82.483003,39.541177],[-82.482932,39.541182],[-82.482866,39.541187],[-82.482824,39.541191],[-82.482783,39.541194],[-82.482712,39.541201],[-82.482642,39.541208],[-82.482572,39.541217],[-82.482502,39.541226],[-82.482432,39.541237],[-82.482431,39.541237],[-82.48239,39.541245],[-82.48235,39.541252],[-82.482281,39.541267],[-82.482214,39.541284],[-82.482147,39.541302],[-82.482081,39.541323],[-82.482017,39.541345],[-82.481994,39.541354],[-82.481956,39.541368],[-82.48188,39.542013],[-82.481808,39.542008],[-82.482195,39.5384],[-82.486909,39.538667],[-82.487159,39.536023],[-82.48588,39.53595],[-82.485979,39.534903],[-82.487259,39.534962],[-82.491893,39.535173],[-82.491848,39.535595],[-82.491842,39.53565],[-82.491812,39.535662],[-82.491782,39.535676],[-82.491742,39.535696],[-82.491702,39.535721],[-82.491672,39.535742],[-82.491638,39.535769],[-82.491603,39.5358],[-82.491578,39.535827],[-82.491528,39.53588],[-82.491513,39.535897],[-82.491432,39.536005],[-82.49138,39.536085],[-82.491319,39.536191],[-82.49126,39.536309],[-82.491201,39.536439],[-82.491156,39.536541],[-82.491104,39.536655],[-82.491059,39.536745],[-82.490994,39.536853],[-82.490935,39.536933],[-82.490872,39.537003],[-82.490777,39.537079],[-82.490663,39.537134],[-82.490564,39.537164],[-82.490489,39.537183],[-82.490294,39.537236],[-82.490176,39.53728],[-82.490114,39.537307],[-82.490052,39.537339],[-82.489957,39.537395],[-82.489896,39.537437],[-82.489819,39.537499],[-82.489703,39.53761],[-82.489631,39.537691],[-82.489587,39.537748],[-82.489492,39.537889],[-82.489421,39.538014],[-82.489363,39.538126],[-82.489316,39.538219],[-82.489282,39.538288],[-82.48925,39.538352],[-82.489139,39.538568],[-82.489099,39.538646],[-82.489067,39.538707],[-82.489026,39.538787],[-82.488419,39.53983],[-82.487902,39.540048],[-82.487338,39.539976],[-82.487467,39.538883],[-82.486722,39.538784],[-82.486593,39.539878],[-82.486511,39.539892],[-82.486319,39.539926],[-82.486223,39.539988],[-82.485962,39.540156],[-82.485811,39.540253],[-82.485687,39.540307]]]},"properties":{"p":"020005830000","o":"LEAGUE OF OHIOSPORTSMEN","a":"","d":"LOGAN-HOCKING LOCAL SCHOOL DISTRICT","t":1896.79,"l":"","c":0}},{"type":"Feature","geometry":{"type":"Polygon","coordinates":[[[-82.486137,39.540854],[-82.485687,39.540307],[-82.485811,39.540253],[-82.485962,39.540156],[-82.486426,39.54072],[-82.486137,39.540854]]]},"properties":{"p":"020005850000","o":"GINUNAS, RICKEY","a":"","d":"LOGAN-HOCKING LOCAL SCHOOL DISTRICT","t":536.18,"l":"","c":0}},{"type":"Feature","geometry":{"type":"Polygon","coordinates":[[[-82.43257,39.518804],[-82.432716,39.517225],[-82.433146,39.51722],[-82.434018,39.51727],[-82.43498,39.517326],[-82.434877,39.518575],[-82.437541,39.520412],[-82.437192,39.520659],[-82.43637,39.520655],[-82.43257,39.518804]]]},"properties":{"p":"020006810000","o":"DONAHOE, CAROLYN","a":"","d":"LOGAN-HOCKING LOCAL SCHOOL DISTRICT","t":517.05,"l":"","c":0}},{"type":"Feature","geometry":{"type":"Polygon","coordinates":[[[-82.443018,39.517512],[-82.442665,39.517222],[-82.442422,39.516306],[-82.442475,39.516312],[-82.443512,39.516419],[-82.443798,39.517817],[-82.443078,39.517784],[-82.443018,39.517512]]]},"properties":{"p":"020006860101","o":"KLWS, LLC","a":"","d":"LOGAN-HOCKING LOCAL SCHOOL DISTRICT","t":4837,"l":"","c":0}},{"type":"Feature","geometry":{"type":"Polygon","coordinates":[[[-82.409424,39.512938],[-82.409462,39.512505],[-82.409465,39.512465],[-82.409542,39.512462],[-82.409608,39.512458],[-82.409678,39.512449],[-82.409747,39.512435],[-82.409813,39.512416],[-82.409844,39.512406],[-82.40985,39.512452],[-82.40986,39.512522],[-82.411801,39.512606],[-82.411765,39.51304],[-82.409424,39.512938]]]},"properties":{"p":"020006900200","o":"JORDAN, JOHNRJR& JENNIFER","a":"","d":"LOGAN-HOCKING LOCAL SCHOOL DISTRICT","t":1553.73,"l":"","c":0}},{"type":"Feature","geometry":{"type":"Polygon","coordinates":[[[-82.409665,39.51014],[-82.409739,39.509459],[-82.409766,39.509461],[-82.410713,39.509517],[-82.410856,39.509526],[-82.41086,39.5102],[-82.410774,39.510196],[-82.409665,39.51014]]]},"properties":{"p":"020006930100","o":"MCCAFFERTY,KORYW","a":"","d":"LOGAN-HOCKING LOCAL SCHOOL DISTRICT","t":434.54,"l":"","c":0}},{"type":"Feature","geometry":{"type":"Polygon","coordinates":[[[-82.422188,39.516718],[-82.422354,39.516193],[-82.422691,39.516215],[-82.42301,39.516425],[-82.42309,39.516478],[-82.422954,39.516751],[-82.422854,39.516962],[-82.422122,39.516915],[-82.422188,39.516718]]]},"properties":{"p":"020007090000","o":"LESTER,EVONK","a":"","d":"LOGAN-HOCKING LOCAL SCHOOL DISTRICT","t":1876.41,"l":"","c":0}},{"type":"Feature","geometry":{"type":"Polygon","coordinates":[[[-82.40461,39.514043],[-82.404838,39.513553],[-82.404963,39.513432],[-82.405028,39.513324],[-82.405118,39.513152],[-82.405684,39.513365],[-82.405636,39.513378],[-82.405561,39.513401],[-82.405461,39.513437],[-82.405406,39.513458],[-82.405324,39.5135],[-82.405267,39.513533],[-82.405193,39.513594],[-82.405174,39.513612],[-82.405169,39.513616],[-82.405118,39.513667],[-82.405106,39.513681],[-82.405066,39.513726],[-82.405028,39.513773],[-82.404992,39.51382],[-82.404929,39.513902],[-82.404921,39.513912],[-82.404837,39.514017],[-82.404806,39.514054],[-82.404769,39.5141],[-82.404731,39.514147],[-82.404722,39.514158],[-82.404715,39.514167],[-82.404701,39.514186],[-82.404685,39.514208],[-82.404663,39.514236],[-82.404656,39.514246],[-82.404643,39.514264],[-82.404583,39.514353],[-82.404599,39.514168],[-82.40461,39.514043]]]},"properties":{"p":"020007180000","o":"TIGNER, GLENE.&LURENAD","a":"","d":"LOGAN-HOCKING LOCAL SCHOOL DISTRICT","t":500,"l":"","c":0}},{"type":"Feature","geometry":{"type":"Polygon","coordinates":[[[-82.392267,39.50526],[-82.391366,39.504222],[-82.394776,39.504388],[-82.394721,39.504402],[-82.394635,39.504418],[-82.39449,39.504436],[-82.394242,39.504468],[-82.394069,39.504511],[-82.39392,39.504563],[-82.393748,39.504641],[-82.393543,39.504755],[-82.393421,39.504826],[-82.393303,39.504893],[-82.39316,39.504963],[-82.39303,39.505013],[-82.392899,39.505052],[-82.392664,39.505112],[-82.392543,39.505146],[-82.392498,39.50516],[-82.392477,39.505167],[-82.392413,39.50519],[-82.392351,39.505216],[-82.392299,39.505241],[-82.392267,39.50526]]]},"properties":{"p":"020007510000","o":"BARROW, DONALDL.UR","a":"","d":"LOGAN-HOCKING LOCAL SCHOOL DISTRICT","t":977.43,"l":"","c":0}},{"type":"Feature","geometry":{"type":"Polygon","coordinates":[[[-82.405668,39.508615],[-82.405612,39.508611],[-82.405478,39.508369],[-82.405389,39.508137],[-82.4056,39.508008],[-82.405833,39.50779],[-82.405875,39.507815],[-82.406488,39.508192],[-82.40734,39.508715],[-82.405668,39.508615]]]},"properties":{"p":"020007530201","o":"CLARK, CINDYL","a":"","d":"LOGAN-HOCKING LOCAL SCHOOL DISTRICT","t":300,"l":"","c":0}},{"type":"Feature","geometry":{"type":"Polygon","coordinates":[[[-82.43249,39.498963],[-82.43318,39.497585],[-82.434505,39.497669],[-82.434417,39.498572],[-82.433491,39.4987],[-82.432743,39.499501],[-82.432639,39.499612],[-82.432577,39.499496],[-82.432394,39.499155],[-82.43249,39.498963]]]},"properties":{"p":"020007840700","o":"BELL,THOMASJ","a":"","d":"LOGAN-HOCKING LOCAL SCHOOL DISTRICT","t":2890.53,"l":"","c":0}},{"type":"Feature","geometry":{"type":"Polygon","coordinates":[[[-82.433062,39.500096],[-82.432958,39.500207],[-82.432639,39.499612],[-82.432743,39.499501],[-82.433491,39.4987],[-82.434417,39.498572],[-82.434346,39.4993],[-82.433834,39.49927],[-82.433062,39.500096]]]},"properties":{"p":"020007840800","o":"BELL, THOMAS J","a":"","d":"LOGAN-HOCKING LOCAL SCHOOL DISTRICT","t":446.06,"l":"","c":0}},{"type":"Feature","geometry":{"type":"Polygon","coordinates":[[[-82.433475,39.500648],[-82.433383,39.50075],[-82.432833,39.502587],[-82.431592,39.502534],[-82.430771,39.502498],[-82.432128,39.500243],[-82.432532,39.499571],[-82.432577,39.499496],[-82.432639,39.499612],[-82.432958,39.500207],[-82.433076,39.500364],[-82.433308,39.500559],[-82.433475,39.500648]]]},"properties":{"p":"020007841000","o":"BURKE, CHRISTOPHER, TRUSTEE","a":"","d":"LOGAN-HOCKING LOCAL SCHOOL DISTRICT","t":226.64,"l":"","c":0}},{"type":"Feature","geometry":{"type":"Polygon","coordinates":[[[-82.457537,39.498835],[-82.456787,39.49874],[-82.456474,39.498668],[-82.456209,39.498583],[-82.455685,39.49837],[-82.455689,39.498331],[-82.455886,39.496493],[-82.457408,39.496597],[-82.457314,39.497765],[-82.457716,39.498813],[-82.457738,39.498872],[-82.457537,39.498835]]]},"properties":{"p":"020008210200","o":"MAYSROAD,LLC","a":"","d":"LOGAN-HOCKING LOCAL SCHOOL DISTRICT","t":2504.07,"l":"","c":0}},{"type":"Feature","geometry":{"type":"Polygon","coordinates":[[[-82.475792,39.501369],[-82.475783,39.501342],[-82.47578,39.501332],[-82.475759,39.501269],[-82.475747,39.501232],[-82.475792,39.501204],[-82.475817,39.501188],[-82.475847,39.501169],[-82.47587,39.501154],[-82.475902,39.501133],[-82.475929,39.501114],[-82.475958,39.501094],[-82.475984,39.501075],[-82.476009,39.501056],[-82.476034,39.501036],[-82.476059,39.501016],[-82.476083,39.500997],[-82.476107,39.500977],[-82.476132,39.500957],[-82.476156,39.500937],[-82.476181,39.500917],[-82.476205,39.500897],[-82.47623,39.500877],[-82.476254,39.500857],[-82.476278,39.500837],[-82.476302,39.500817],[-82.476326,39.500797],[-82.47635,39.500777],[-82.476374,39.500756],[-82.476397,39.500736],[-82.476421,39.500715],[-82.476444,39.500694],[-82.476467,39.500674],[-82.47649,39.500653],[-82.476513,39.500632],[-82.476536,39.500611],[-82.476559,39.50059],[-82.476582,39.500569],[-82.476605,39.500548],[-82.476627,39.500527],[-82.47665,39.500506],[-82.476672,39.500484],[-82.476695,39.500463],[-82.476717,39.500442],[-82.476738,39.50042],[-82.476759,39.500398],[-82.47677,39.500385],[-82.476794,39.500359],[-82.476739,39.500893],[-82.476572,39.502396],[-82.476526,39.502812],[-82.476318,39.502895],[-82.476252,39.502921],[-82.47623,39.502836],[-82.476216,39.502782],[-82.476202,39.502728],[-82.476187,39.502674],[-82.476173,39.502621],[-82.476158,39.502567],[-82.476143,39.502513],[-82.476128,39.50246],[-82.476113,39.502406],[-82.476098,39.502352],[-82.476082,39.502299],[-82.476067,39.502245],[-82.476051,39.502192],[-82.476035,39.502138],[-82.476018,39.502085],[-82.475979,39.50196],[-82.475977,39.501954],[-82.475933,39.501818],[-82.475915,39.501765],[-82.475897,39.501712],[-82.475879,39.501659],[-82.475862,39.50161],[-82.475854,39.501583],[-82.475847,39.501557],[-82.475839,39.50153],[-82.475831,39.501503],[-82.475824,39.501476],[-82.475816,39.501449],[-82.475808,39.501423],[-82.4758,39.501396],[-82.475792,39.501369]]]},"properties":{"p":"020008260000","o":"UHL, JOHNE.JR.&JEANM","a":"","d":"LOGAN-HOCKING LOCAL SCHOOL DISTRICT","t":1144.62,"l":"","c":0}},{"type":"Feature","geometry":{"type":"Polygon","coordinates":[[[-82.493193,39.486788],[-82.493054,39.486917],[-82.492438,39.487486],[-82.492491,39.486818],[-82.492513,39.486555],[-82.493389,39.486606],[-82.493193,39.486788]]]},"properties":{"p":"020008930000","o":"CASSADY, ROBERT JIII&ANNC","a":"","d":"LOGAN-HOCKING LOCAL SCHOOL DISTRICT","t":1213.03,"l":"","c":0}},{"type":"Feature","geometry":{"type":"Polygon","coordinates":[[[-82.478114,39.487834],[-82.478208,39.486942],[-82.478898,39.486501],[-82.479417,39.486065],[-82.479601,39.48591],[-82.479708,39.486019],[-82.48022,39.486538],[-82.480454,39.486752],[-82.480481,39.486894],[-82.479727,39.487427],[-82.47888,39.487834],[-82.478114,39.487834]]]},"properties":{"p":"020009080000","o":"LAZY 664LLC 6","a":"","d":"LOGAN-HOCKING LOCAL SCHOOL DISTRICT","t":4244.2,"l":"","c":0}},{"type":"Feature","geometry":{"type":"Polygon","coordinates":[[[-82.474315,39.486479],[-82.474282,39.486343],[-82.474243,39.486033],[-82.47424,39.486018],[-82.474274,39.485758],[-82.474366,39.485504],[-82.474436,39.485509],[-82.478333,39.485755],[-82.478216,39.48686],[-82.478208,39.486942],[-82.477957,39.48706],[-82.477684,39.487171],[-82.477631,39.48704],[-82.477607,39.486981],[-82.476345,39.487278],[-82.474489,39.487495],[-82.474448,39.487048],[-82.474431,39.486868],[-82.474401,39.486775],[-82.474344,39.486598],[-82.474315,39.486479]]]},"properties":{"p":"020009120000","o":"ARMSTRONG, TERRAL.&","a":"","d":"LOGAN-HOCKING LOCAL SCHOOL DISTRICT","t":1462.35,"l":"","c":0}},{"type":"Feature","geometry":{"type":"Polygon","coordinates":[[[-82.431589,39.491623],[-82.431501,39.492582],[-82.431452,39.493121],[-82.430642,39.493077],[-82.430726,39.491481],[-82.430728,39.49144],[-82.430761,39.491444],[-82.430795,39.49145],[-82.43083,39.491456],[-82.430864,39.491463],[-82.430899,39.49147],[-82.430933,39.491477],[-82.430967,39.491485],[-82.431001,39.491493],[-82.431035,39.491501],[-82.431069,39.491509],[-82.431102,39.491517],[-82.431136,39.491524],[-82.43117,39.491532],[-82.431205,39.49154],[-82.431239,39.491547],[-82.431273,39.491554],[-82.431307,39.491562],[-82.431341,39.491569],[-82.431375,39.491577],[-82.431409,39.491584],[-82.431443,39.491592],[-82.431477,39.491599],[-82.431512,39.491606],[-82.431546,39.491614],[-82.43158,39.491621],[-82.431589,39.491623]]]},"properties":{"p":"020009420000","o":"BURCHAM, JAMESR","a":"","d":"LOGAN-HOCKING LOCAL SCHOOL DISTRICT","t":752.05,"l":"","c":0}},{"type":"Feature","geometry":{"type":"Polygon","coordinates":[[[-82.475858,39.565455],[-82.475907,39.564979],[-82.476016,39.564985],[-82.476154,39.564993],[-82.476202,39.565249],[-82.476233,39.565379],[-82.476256,39.565479],[-82.475858,39.565455]]]},"properties":{"p":"020018060000","o":"CAMPBELL, DARRELLLEE & JEANA","a":"","d":"LOGAN-HOCKING LOCAL SCHOOL DISTRICT","t":2465.69,"l":"","c":0}},{"type":"Feature","geometry":{"type":"Polygon","coordinates":[[[-82.475769,39.56545],[-82.475079,39.565405],[-82.475058,39.564933],[-82.475907,39.564979],[-82.475858,39.565455],[-82.475769,39.56545]]]},"properties":{"p":"020018140000","o":"CAMPBELL, DARRELLLEE & JEANA","a":"","d":"LOGAN-HOCKING LOCAL SCHOOL DISTRICT","t":984.69,"l":"","c":0}},{"type":"Feature","geometry":{"type":"Polygon","coordinates":[[[-82.472878,39.487312],[-82.472912,39.487048],[-82.473126,39.487078],[-82.47302,39.48734],[-82.472925,39.487317],[-82.472878,39.487312]]]},"properties":{"p":"020018530000","o":"SMITH, DAWNM. 2","a":"","d":"LOGAN-HOCKING LOCAL SCHOOL DISTRICT","t":101.48,"l":"","c":0}},{"type":"Feature","geometry":{"type":"Polygon","coordinates":[[[-82.473952,39.488205],[-82.473972,39.488113],[-82.474322,39.488151],[-82.474291,39.488291],[-82.474281,39.488307],[-82.47394,39.488222],[-82.473952,39.488205]]]},"properties":{"p":"020018590000","o":"CLARK,PETERIV","a":"","d":"LOGAN-HOCKING LOCAL SCHOOL DISTRICT","t":123.31,"l":"","c":0}},{"type":"Feature","geometry":{"type":"Polygon","coordinates":[[[-82.473022,39.487972],[-82.473084,39.487716],[-82.473212,39.487734],[-82.473294,39.487768],[-82.473182,39.487996],[-82.473163,39.487992],[-82.473022,39.487972]]]},"properties":{"p":"020018900000","o":"PORTER, MATTHEWB&CHERYLL","a":"","d":"LOGAN-HOCKING LOCAL SCHOOL DISTRICT","t":228.81,"l":"","c":0}},{"type":"Feature","geometry":{"type":"Polygon","coordinates":[[[-82.47239,39.48823],[-82.472452,39.487974],[-82.472634,39.488],[-82.472572,39.488257],[-82.472493,39.488245],[-82.47239,39.48823]]]},"properties":{"p":"020019210000","o":"NIBERT, VIRGINAE.&","a":"","d":"LOGAN-HOCKING LOCAL SCHOOL DISTRICT","t":177.18,"l":"","c":0}},{"type":"Feature","geometry":{"type":"Polygon","coordinates":[[[-82.471647,39.488942],[-82.471696,39.488737],[-82.471831,39.488745],[-82.471876,39.488963],[-82.471865,39.488965],[-82.471855,39.488967],[-82.471844,39.48897],[-82.471828,39.488975],[-82.471816,39.48898],[-82.471804,39.488987],[-82.47179,39.488997],[-82.471784,39.489002],[-82.471778,39.489007],[-82.47177,39.48901],[-82.47176,39.489013],[-82.471744,39.489013],[-82.471707,39.489008],[-82.471692,39.489004],[-82.471674,39.488997],[-82.471666,39.488991],[-82.47166,39.488986],[-82.471653,39.488977],[-82.471649,39.48897],[-82.471646,39.488957],[-82.471647,39.488942]]]},"properties":{"p":"020019530000","o":"ELKINS, EVA","a":"","d":"LOGAN-HOCKING LOCAL SCHOOL DISTRICT","t":186.08,"l":"","c":0}},{"type":"Feature","geometry":{"type":"Polygon","coordinates":[[[-82.470281,39.489344],[-82.469982,39.489223],[-82.469985,39.489216],[-82.469991,39.489206],[-82.469995,39.489196],[-82.470001,39.489182],[-82.470005,39.489169],[-82.470007,39.489159],[-82.470009,39.489148],[-82.470011,39.489136],[-82.470012,39.489125],[-82.470012,39.489113],[-82.470014,39.489103],[-82.470016,39.489093],[-82.470019,39.489084],[-82.470379,39.489229],[-82.470307,39.489313],[-82.470281,39.489344]]]},"properties":{"p":"020019800000","o":"HOOPS,ROBERTL","a":"","d":"LOGAN-HOCKING LOCAL SCHOOL DISTRICT","t":235.92,"l":"","c":0}},{"type":"Feature","geometry":{"type":"Polygon","coordinates":[[[-82.469295,39.489473],[-82.469318,39.489201],[-82.469556,39.489401],[-82.469559,39.489481],[-82.469537,39.489481],[-82.469516,39.489481],[-82.469495,39.489481],[-82.469471,39.489481],[-82.469434,39.48948],[-82.46942,39.489479],[-82.469393,39.489478],[-82.469295,39.489473]]]},"properties":{"p":"020019950000","o":"STRAIGHT, JUANITAMAE&","a":"","d":"LOGAN-HOCKING LOCAL SCHOOL DISTRICT","t":146.45,"l":"","c":0}},{"type":"Feature","geometry":{"type":"Polygon","coordinates":[[[-82.471732,39.489973],[-82.471548,39.489963],[-82.471571,39.489703],[-82.471755,39.489712],[-82.471732,39.489973]]]},"properties":{"p":"020020270000","o":"CARNEY, WILLIAMDAVID","a":"","d":"LOGAN-HOCKING LOCAL SCHOOL DISTRICT","t":141.56,"l":"","c":0}},{"type":"Feature","geometry":{"type":"Polygon","coordinates":[[[-82.469608,39.488516],[-82.469431,39.488276],[-82.469441,39.488261],[-82.469447,39.488252],[-82.469522,39.488142],[-82.469707,39.48837],[-82.469608,39.488516]]]},"properties":{"p":"020020660000","o":"STUBBS, JODYA&NICOLES","a":"","d":"LOGAN-HOCKING LOCAL SCHOOL DISTRICT","t":112.64,"l":"","c":0}},{"type":"Feature","geometry":{"type":"Polygon","coordinates":[[[-82.468505,39.488736],[-82.468489,39.488898],[-82.468392,39.488965],[-82.46833,39.488758],[-82.468505,39.488736]]]},"properties":{"p":"020021000000","o":"BLEM, DAVID J.&DIANAL","a":"","d":"LOGAN-HOCKING LOCAL SCHOOL DISTRICT","t":263.99,"l":"","c":0}},{"type":"Feature","geometry":{"type":"Polygon","coordinates":[[[-82.467953,39.489777],[-82.467975,39.489545],[-82.46812,39.489552],[-82.468187,39.489553],[-82.468166,39.489788],[-82.467953,39.489777]]]},"properties":{"p":"020021500000","o":"NADOLNY, MICHAEL R. & DEBORAH","a":"","d":"LOGAN-HOCKING LOCAL SCHOOL DISTRICT","t":109.96,"l":"","c":0}},{"type":"Feature","geometry":{"type":"Polygon","coordinates":[[[-82.467394,39.48789],[-82.467571,39.487835],[-82.467591,39.487831],[-82.467603,39.487831],[-82.467626,39.487836],[-82.46764,39.487842],[-82.467653,39.487852],[-82.467663,39.487866],[-82.467675,39.487886],[-82.467684,39.487896],[-82.467696,39.487907],[-82.467709,39.487917],[-82.467504,39.488103],[-82.467394,39.48789]]]},"properties":{"p":"020021580000","o":"NEWLAND, RACHELN","a":"","d":"LOGAN-HOCKING LOCAL SCHOOL DISTRICT","t":277.78,"l":"","c":0}},{"type":"Feature","geometry":{"type":"Polygon","coordinates":[[[-82.467116,39.488207],[-82.466989,39.48802],[-82.467038,39.488002],[-82.467066,39.487992],[-82.467102,39.48798],[-82.467129,39.487971],[-82.467192,39.487952],[-82.467298,39.488158],[-82.467116,39.488207]]]},"properties":{"p":"020021600000","o":"STONEBURNER, NATASHAL","a":"","d":"LOGAN-HOCKING LOCAL SCHOOL DISTRICT","t":187.41,"l":"","c":0}},{"type":"Feature","geometry":{"type":"Polygon","coordinates":[[[-82.466303,39.489374],[-82.466116,39.489084],[-82.466138,39.489071],[-82.466225,39.48902],[-82.466416,39.489264],[-82.466405,39.489274],[-82.466396,39.489286],[-82.466388,39.489298],[-82.466383,39.489308],[-82.466379,39.489323],[-82.466377,39.489332],[-82.466375,39.489338],[-82.466368,39.489349],[-82.466362,39.489355],[-82.466352,39.489362],[-82.466333,39.489371],[-82.466313,39.489374],[-82.466303,39.489374]]]},"properties":{"p":"020021740000","o":"HUGHES, KEVIN & STEPHANIE","a":"","d":"LOGAN-HOCKING LOCAL SCHOOL DISTRICT","t":315.17,"l":"","c":0}},{"type":"Feature","geometry":{"type":"Polygon","coordinates":[[[-82.465222,39.489106],[-82.465183,39.488862],[-82.465345,39.488847],[-82.465453,39.489065],[-82.465427,39.489072],[-82.465367,39.489087],[-82.465333,39.489093],[-82.465297,39.489098],[-82.465257,39.489103],[-82.465222,39.489106]]]},"properties":{"p":"020021940000","o":"HOOPS,ROBERTL","a":"","d":"LOGAN-HOCKING LOCAL SCHOOL DISTRICT","t":496.35,"l":"","c":0}},{"type":"Feature","geometry":{"type":"Polygon","coordinates":[[[-82.465453,39.489065],[-82.465345,39.488847],[-82.46555,39.488827],[-82.465692,39.488956],[-82.465673,39.488968],[-82.465646,39.488984],[-82.465617,39.488999],[-82.465571,39.489022],[-82.465524,39.489041],[-82.465492,39.489053],[-82.465453,39.489065]]]},"properties":{"p":"020021950000","o":"GARCIA, LEYDIL.MARTINEZ","a":"","d":"LOGAN-HOCKING LOCAL SCHOOL DISTRICT","t":223.64,"l":"","c":0}},{"type":"Feature","geometry":{"type":"Polygon","coordinates":[[[-82.467865,39.487651],[-82.467741,39.487438],[-82.467934,39.487371],[-82.468058,39.487583],[-82.467865,39.487651]]]},"properties":{"p":"020022230000","o":"STUBBS, JODYA&NICOLES","a":"","d":"LOGAN-HOCKING LOCAL SCHOOL DISTRICT","t":164.26,"l":"","c":0}},{"type":"Feature","geometry":{"type":"Polygon","coordinates":[[[-82.465948,39.486556],[-82.46587,39.486355],[-82.466084,39.486271],[-82.466139,39.486483],[-82.465948,39.486556]]]},"properties":{"p":"020023020000","o":"SHORT, STEPHEN","a":"","d":"LOGAN-HOCKING LOCAL SCHOOL DISTRICT","t":162.92,"l":"","c":0}},{"type":"Feature","geometry":{"type":"Polygon","coordinates":[[[-82.471044,39.533766],[-82.470719,39.533528],[-82.470746,39.533509],[-82.470773,39.533489],[-82.470917,39.533371],[-82.471239,39.533606],[-82.471044,39.533766]]]},"properties":{"p":"020023690000","o":"ANDERSON, JAMES K.&DEBORAL","a":"","d":"LOGAN-HOCKING LOCAL SCHOOL DISTRICT","t":894.42,"l":"","c":0}},{"type":"Feature","geometry":{"type":"Polygon","coordinates":[[[-82.469804,39.532509],[-82.469775,39.532396],[-82.470148,39.532347],[-82.47019,39.532342],[-82.470192,39.532628],[-82.470104,39.532631],[-82.470017,39.532639],[-82.46993,39.532652],[-82.469845,39.532671],[-82.469804,39.532509]]]},"properties":{"p":"020023830000","o":"COLLINS, THOMAS W& ELIZABETHM","a":"","d":"LOGAN-HOCKING LOCAL SCHOOL DISTRICT","t":171.96,"l":"","c":0}},{"type":"Feature","geometry":{"type":"Polygon","coordinates":[[[-82.472397,39.530751],[-82.472423,39.530505],[-82.472851,39.530532],[-82.472833,39.53071],[-82.472831,39.53072],[-82.472826,39.53073],[-82.47282,39.53074],[-82.472812,39.530749],[-82.472802,39.530756],[-82.472791,39.530763],[-82.472778,39.530768],[-82.472765,39.530771],[-82.472751,39.530773],[-82.472738,39.530773],[-82.472397,39.530751]]]},"properties":{"p":"020023943300","o":"ERVIN, DENNIS W. & MARGARETM","a":"","d":"LOGAN-HOCKING LOCAL SCHOOL DISTRICT","t":663.17,"l":"","c":0}},{"type":"Feature","geometry":{"type":"Polygon","coordinates":[[[-82.501307,39.513786],[-82.501462,39.513036],[-82.502162,39.513169],[-82.502072,39.513568],[-82.501733,39.513551],[-82.501672,39.51381],[-82.501307,39.513786]]]},"properties":{"p":"020027030000","o":"SPEARS, NORMA & ALFRED MARKJR","a":"","d":"LOGAN-HOCKING LOCAL SCHOOL DISTRICT","t":316,"l":"","c":0}},{"type":"Feature","geometry":{"type":"Polygon","coordinates":[[[-82.513004,39.450341],[-82.51311,39.449955],[-82.51435,39.45022],[-82.514414,39.450346],[-82.514363,39.450967],[-82.513004,39.450341]]]},"properties":{"p":"010000080900","o":"LKMC RESIDENTIALLLC","a":"","d":"LOGAN-HOCKING LOCAL SCHOOL DISTRICT","t":3234.58,"l":"","c":0}},{"type":"Feature","geometry":{"type":"Polygon","coordinates":[[[-82.616971,39.441129],[-82.617993,39.441364],[-82.619317,39.441175],[-82.619363,39.4416],[-82.617087,39.442288],[-82.616951,39.442952],[-82.616924,39.443086],[-82.616858,39.443114],[-82.616676,39.443183],[-82.616542,39.443226],[-82.61657,39.44309],[-82.616971,39.441129]]]},"properties":{"p":"010000560600","o":"CKW HOLDINGS, LLC","a":"","d":"LOGAN-HOCKING LOCAL SCHOOL DISTRICT","t":321.81,"l":"","c":0}},{"type":"Feature","geometry":{"type":"Polygon","coordinates":[[[-82.591652,39.443597],[-82.590225,39.44351],[-82.591032,39.44082],[-82.591055,39.440743],[-82.591234,39.44076],[-82.591361,39.440772],[-82.5915,39.440785],[-82.591716,39.440798],[-82.591789,39.440802],[-82.591909,39.440808],[-82.592041,39.440816],[-82.592168,39.440823],[-82.59228,39.440829],[-82.592391,39.440836],[-82.592534,39.440844],[-82.592602,39.440848],[-82.592678,39.440852],[-82.592757,39.440856],[-82.59281,39.440859],[-82.592836,39.440861],[-82.592581,39.442302],[-82.59222,39.443632],[-82.591652,39.443597]]]},"properties":{"p":"010000690200","o":"MCCAULEY, ADAM &SARAH","a":"","d":"LOGAN-HOCKING LOCAL SCHOOL DISTRICT","t":2347.9,"l":"","c":0}},{"type":"Feature","geometry":{"type":"Polygon","coordinates":[[[-82.563092,39.440233],[-82.562873,39.439886],[-82.563472,39.439952],[-82.563615,39.440159],[-82.56369,39.440193],[-82.563606,39.440294],[-82.563483,39.440279],[-82.563092,39.440233]]]},"properties":{"p":"010001030000","o":"RADEL, KRISTIN & MONSOUR, PAUL","a":"","d":"LOGAN-HOCKING LOCAL SCHOOL DISTRICT","t":983.04,"l":"","c":0}},{"type":"Feature","geometry":{"type":"Polygon","coordinates":[[[-82.590017,39.425457],[-82.590064,39.425645],[-82.590014,39.425797],[-82.590044,39.425871],[-82.590192,39.425952],[-82.590245,39.426151],[-82.590328,39.426334],[-82.590343,39.426746],[-82.589329,39.42666],[-82.589454,39.425769],[-82.589468,39.425673],[-82.589511,39.42565],[-82.58974,39.425521],[-82.589966,39.425388],[-82.590017,39.425457]]]},"properties":{"p":"010001810000","o":"SHOEMAKER, GEORGEA& BRENDAL","a":"","d":"LOGAN-HOCKING LOCAL SCHOOL DISTRICT","t":329.8,"l":"","c":0}},{"type":"Feature","geometry":{"type":"Polygon","coordinates":[[[-82.599872,39.419026],[-82.599745,39.418734],[-82.59961,39.41855],[-82.599637,39.418506],[-82.599689,39.418412],[-82.599749,39.418303],[-82.599918,39.418317],[-82.600851,39.418392],[-82.60174,39.418463],[-82.601358,39.418849],[-82.600649,39.419569],[-82.599872,39.419026]]]},"properties":{"p":"010001820000","o":"GECKLER, EDWARD","a":"","d":"LOGAN-HOCKING LOCAL SCHOOL DISTRICT","t":113.6,"l":"","c":0}},{"type":"Feature","geometry":{"type":"Polygon","coordinates":[[[-82.599347,39.410655],[-82.599471,39.410657],[-82.599605,39.410716],[-82.599884,39.411356],[-82.59934,39.411348],[-82.599333,39.411246],[-82.599347,39.410655]]]},"properties":{"p":"010002510000","o":"GECKLER, EDWARD","a":"","d":"LOGAN-HOCKING LOCAL SCHOOL DISTRICT","t":213.65,"l":"","c":0}},{"type":"Feature","geometry":{"type":"Polygon","coordinates":[[[-82.595955,39.410418],[-82.596143,39.408296],[-82.599422,39.408576],[-82.599253,39.410648],[-82.597376,39.410517],[-82.595955,39.410418]]]},"properties":{"p":"010002590000","o":"GECKLER, EDWARD","a":"","d":"LOGAN-HOCKING LOCAL SCHOOL DISTRICT","t":833.39,"l":"","c":0}},{"type":"Feature","geometry":{"type":"Polygon","coordinates":[[[-82.521572,39.403484],[-82.521162,39.403377],[-82.52093,39.403282],[-82.520737,39.403165],[-82.520521,39.40307],[-82.519609,39.402552],[-82.519614,39.402484],[-82.519809,39.39951],[-82.521824,39.399586],[-82.521577,39.40341],[-82.521572,39.403484]]]},"properties":{"p":"010003050200","o":"MURPHY, PHILIPA& MICHELLEW","a":"","d":"LOGAN-HOCKING LOCAL SCHOOL DISTRICT","t":614.87,"l":"","c":0}},{"type":"Feature","geometry":{"type":"Polygon","coordinates":[[[-82.557738,39.397663],[-82.557781,39.397185],[-82.555748,39.397111],[-82.555881,39.395671],[-82.553911,39.395579],[-82.55383,39.396516],[-82.553776,39.396528],[-82.553708,39.396544],[-82.553641,39.396561],[-82.553574,39.39658],[-82.553507,39.396598],[-82.55344,39.396615],[-82.553373,39.396632],[-82.553304,39.396645],[-82.553235,39.396656],[-82.553165,39.396663],[-82.553094,39.396667],[-82.553023,39.396666],[-82.552963,39.396663],[-82.55303,39.395972],[-82.553307,39.393143],[-82.557406,39.393323],[-82.558838,39.393386],[-82.562912,39.393565],[-82.563175,39.390017],[-82.567838,39.390209],[-82.567597,39.393853],[-82.565965,39.397482],[-82.562559,39.397358],[-82.562356,39.399539],[-82.562186,39.399508],[-82.562054,39.399428],[-82.56194,39.399316],[-82.561811,39.399247],[-82.561699,39.399206],[-82.561503,39.399129],[-82.561134,39.398885],[-82.560758,39.39856],[-82.560593,39.398381],[-82.56043,39.398165],[-82.560308,39.398011],[-82.560155,39.39788],[-82.559984,39.397782],[-82.559855,39.397702],[-82.559757,39.397589],[-82.559674,39.397498],[-82.559599,39.397464],[-82.559508,39.397449],[-82.559382,39.397447],[-82.559164,39.397467],[-82.559019,39.397487],[-82.558776,39.397514],[-82.558426,39.397548],[-82.558159,39.39758],[-82.55801,39.397591],[-82.557914,39.397604],[-82.557738,39.397663]]]},"properties":{"p":"010003320000","o":"EFAW, LAURAKATHLEEN TRUSTEE","a":"","d":"LOGAN-HOCKING LOCAL SCHOOL DISTRICT","t":489.4,"l":"","c":0}},{"type":"Feature","geometry":{"type":"Polygon","coordinates":[[[-82.555267,39.388729],[-82.554737,39.388753],[-82.554208,39.388778],[-82.553713,39.3888],[-82.553745,39.388385],[-82.554769,39.388338],[-82.559212,39.387536],[-82.561772,39.387674],[-82.561845,39.387678],[-82.561827,39.387957],[-82.561814,39.388146],[-82.561815,39.388192],[-82.561818,39.388389],[-82.561826,39.388827],[-82.5618,39.389244],[-82.561772,39.389347],[-82.561651,39.389563],[-82.561503,39.389654],[-82.561116,39.389755],[-82.560941,39.389843],[-82.560788,39.389934],[-82.560606,39.389983],[-82.560548,39.389991],[-82.560479,39.39],[-82.56037,39.389991],[-82.559718,39.38994],[-82.559563,39.38996],[-82.559294,39.390021],[-82.559062,39.390045],[-82.559019,39.390044],[-82.558982,39.389852],[-82.558681,39.388283],[-82.55844,39.388294],[-82.55791,39.388319],[-82.557677,39.388329],[-82.557941,39.389865],[-82.557965,39.390004],[-82.557858,39.389994],[-82.557694,39.389978],[-82.557683,39.389922],[-82.55738,39.388343],[-82.55685,39.388367],[-82.557146,39.38991],[-82.557058,39.389895],[-82.556832,39.389897],[-82.556746,39.389926],[-82.556653,39.389956],[-82.556388,39.390104],[-82.556154,39.390223],[-82.556093,39.390246],[-82.555797,39.388705],[-82.555267,39.388729]]]},"properties":{"p":"010003330000","o":"DARST, SHARONL","a":"","d":"LOGAN-HOCKING LOCAL SCHOOL DISTRICT","t":3379.62,"l":"","c":0}},{"type":"Feature","geometry":{"type":"Polygon","coordinates":[[[-82.553635,39.389623],[-82.553713,39.3888],[-82.554208,39.388778],[-82.554527,39.390442],[-82.554218,39.390476],[-82.553936,39.39049],[-82.553557,39.39047],[-82.553635,39.389623]]]},"properties":{"p":"010003330400","o":"DARST, SHARONL","a":"","d":"LOGAN-HOCKING LOCAL SCHOOL DISTRICT","t":1338.39,"l":"","c":0}},{"type":"Feature","geometry":{"type":"Polygon","coordinates":[[[-82.557146,39.38991],[-82.55685,39.388367],[-82.55738,39.388343],[-82.557683,39.389922],[-82.557694,39.389978],[-82.557343,39.389944],[-82.557146,39.38991]]]},"properties":{"p":"010003330700","o":"DARST, SHARONL","a":"","d":"LOGAN-HOCKING LOCAL SCHOOL DISTRICT","t":135.76,"l":"","c":0}},{"type":"Feature","geometry":{"type":"Polygon","coordinates":[[[-82.554527,39.390442],[-82.554208,39.388778],[-82.554737,39.388753],[-82.555002,39.390131],[-82.555047,39.390365],[-82.554833,39.390407],[-82.554613,39.390432],[-82.554527,39.390442]]]},"properties":{"p":"010003330800","o":"DARST, SHARONL","a":"","d":"LOGAN-HOCKING LOCAL SCHOOL DISTRICT","t":2408.87,"l":"","c":0}},{"type":"Feature","geometry":{"type":"Polygon","coordinates":[[[-82.596039,39.397147],[-82.595864,39.397468],[-82.595857,39.39795],[-82.595838,39.399255],[-82.595673,39.399239],[-82.595594,39.399231],[-82.59579,39.396258],[-82.595834,39.395657],[-82.596334,39.395694],[-82.596371,39.395696],[-82.596428,39.396429],[-82.596039,39.397147]]]},"properties":{"p":"010003810100","o":"GOOSECREEK DEVELOPMENTLLC","a":"","d":"LOGAN-HOCKING LOCAL SCHOOL DISTRICT","t":2153.26,"l":"","c":0}},{"type":"Feature","geometry":{"type":"Polygon","coordinates":[[[-82.598163,39.403088],[-82.598017,39.402818],[-82.599322,39.402699],[-82.599837,39.402779],[-82.5998,39.403247],[-82.598497,39.40312],[-82.598392,39.40311],[-82.598314,39.403102],[-82.598163,39.403088]]]},"properties":{"p":"010003860000","o":"DAVIS, LAWRENCEEJR","a":"","d":"LOGAN-HOCKING LOCAL SCHOOL DISTRICT","t":1571.7,"l":"","c":0}},{"type":"Feature","geometry":{"type":"Polygon","coordinates":[[[-82.614143,39.376354],[-82.614334,39.374621],[-82.614633,39.374638],[-82.616607,39.37475],[-82.616419,39.376437],[-82.614143,39.376354]]]},"properties":{"p":"010004220000","o":"BROWN, IMOGENE & SATER, LILLIAN","a":"","d":"LOGAN-HOCKING LOCAL SCHOOL DISTRICT","t":336.45,"l":"","c":0}},{"type":"Feature","geometry":{"type":"Polygon","coordinates":[[[-82.602057,39.378593],[-82.602124,39.377772],[-82.603875,39.377861],[-82.603894,39.377862],[-82.60395,39.377864],[-82.604003,39.377867],[-82.604644,39.377899],[-82.604578,39.37871],[-82.602057,39.378593]]]},"properties":{"p":"010004430100","o":"CANTRELL,HAROLDF","a":"","d":"LOGAN-HOCKING LOCAL SCHOOL DISTRICT","t":1174.2,"l":"","c":0}},{"type":"Feature","geometry":{"type":"Polygon","coordinates":[[[-82.599,39.418624],[-82.599083,39.418474],[-82.599564,39.418637],[-82.599485,39.418788],[-82.599,39.418624]]]},"properties":{"p":"010005150000","o":"HICKMAN, RICHARD","a":"","d":"LOGAN-HOCKING LOCAL SCHOOL DISTRICT","t":867.93,"l":"","c":0}},{"type":"Feature","geometry":{"type":"Polygon","coordinates":[[[-82.184993,39.467494],[-82.184751,39.467734],[-82.184163,39.468318],[-82.183915,39.468314],[-82.184273,39.467151],[-82.184503,39.467165],[-82.18489,39.467424],[-82.184915,39.467441],[-82.184993,39.467494]]]},"properties":{"p":"230000080000","o":"ALVIS, JAMESHIII& TIFFANYL","a":"","d":"NELSONVILLE-YORK CITY SCHOOLS","t":1570.97,"l":"","c":0}},{"type":"Feature","geometry":{"type":"Polygon","coordinates":[[[-82.231883,39.53611],[-82.232701,39.536301],[-82.232879,39.536457],[-82.233138,39.536819],[-82.233302,39.537093],[-82.233516,39.537345],[-82.233801,39.538143],[-82.23384,39.538292],[-82.236281,39.538551],[-82.236208,39.539304],[-82.236071,39.540704],[-82.231291,39.540196],[-82.231181,39.540185],[-82.231227,39.540033],[-82.231269,39.539822],[-82.231322,39.539274],[-82.231383,39.538883],[-82.231515,39.538274],[-82.231666,39.537544],[-82.231683,39.537417],[-82.2317,39.536837],[-82.23172,39.536688],[-82.231774,39.536239],[-82.231776,39.536085],[-82.231883,39.53611]]]},"properties":{"p":"230003070100","o":"SINNETTE, JOHN E.& CHRISTINEP","a":"","d":"NELSONVILLE-YORK CITY SCHOOLS","t":934.86,"l":"","c":0}},{"type":"Feature","geometry":{"type":"Polygon","coordinates":[[[-82.228974,39.532706],[-82.229942,39.53207],[-82.231047,39.53207],[-82.231091,39.532631],[-82.230946,39.53263],[-82.230844,39.532629],[-82.230713,39.532627],[-82.230539,39.532627],[-82.230386,39.532626],[-82.230162,39.532626],[-82.229898,39.532625],[-82.229848,39.532627],[-82.229803,39.532629],[-82.229749,39.532632],[-82.229702,39.532634],[-82.229663,39.532637],[-82.229619,39.53264],[-82.229601,39.532642],[-82.229584,39.532643],[-82.229566,39.532644],[-82.229548,39.532646],[-82.229531,39.532647],[-82.229513,39.532648],[-82.229495,39.53265],[-82.229478,39.532651],[-82.22946,39.532653],[-82.229442,39.532654],[-82.229425,39.532656],[-82.229407,39.532657],[-82.22939,39.532659],[-82.229372,39.53266],[-82.229354,39.532662],[-82.229337,39.532663],[-82.229319,39.532665],[-82.229302,39.532667],[-82.229284,39.532668],[-82.229266,39.53267],[-82.229249,39.532672],[-82.229231,39.532674],[-82.229214,39.532675],[-82.229196,39.532677],[-82.229179,39.532679],[-82.229161,39.532681],[-82.229143,39.532683],[-82.229126,39.532685],[-82.229108,39.532687],[-82.229091,39.532689],[-82.229073,39.532692],[-82.229056,39.532694],[-82.229038,39.532696],[-82.229021,39.532699],[-82.229004,39.532701],[-82.228986,39.532704],[-82.228974,39.532706]]]},"properties":{"p":"230003170000","o":"ROBINETTE, THEODORE AMBROSE","a":"","d":"NELSONVILLE-YORK CITY SCHOOLS","t":543.84,"l":"","c":0}},{"type":"Feature","geometry":{"type":"Polygon","coordinates":[[[-82.680174,39.401329],[-82.680304,39.399523],[-82.685374,39.399779],[-82.685168,39.402075],[-82.684113,39.402022],[-82.684009,39.403269],[-82.680045,39.403136],[-82.680174,39.401329]]]},"properties":{"p":"150003880700","o":"DAVIS,PEGGY","a":"","d":"LOGAN ELM LOCAL SCHOOL DISTRICT","t":1478.65,"l":"","c":0}},{"type":"Feature","geometry":{"type":"Polygon","coordinates":[[[-82.521572,39.582329],[-82.521611,39.582283],[-82.521709,39.582169],[-82.522203,39.582423],[-82.522065,39.582583],[-82.521982,39.58254],[-82.521572,39.582329]]]},"properties":{"p":"050005390000","o":"OSBORN, HUBERTL","a":"","d":"LOGAN-HOCKING LOCAL SCHOOL DISTRICT","t":1050.69,"l":"","c":0}},{"type":"Feature","geometry":{"type":"Polygon","coordinates":[[[-82.38456,39.6528],[-82.384557,39.652825],[-82.384536,39.652825],[-82.384501,39.652828],[-82.384466,39.652831],[-82.384431,39.652836],[-82.384396,39.652841],[-82.384361,39.652848],[-82.384327,39.652856],[-82.384193,39.652892],[-82.384062,39.652935],[-82.383967,39.652971],[-82.383846,39.653028],[-82.38376,39.653077],[-82.383678,39.65313],[-82.383598,39.653184],[-82.383518,39.653239],[-82.383452,39.653287],[-82.383321,39.653386],[-82.383265,39.653473],[-82.383237,39.653518],[-82.383195,39.653594],[-82.383155,39.65367],[-82.383113,39.653746],[-82.383062,39.653818],[-82.383,39.653885],[-82.382932,39.653949],[-82.382834,39.654028],[-82.38273,39.654103],[-82.382623,39.654175],[-82.382511,39.654243],[-82.382421,39.654287],[-82.382315,39.65432],[-82.382218,39.654332],[-82.382147,39.654332],[-82.382042,39.65432],[-82.381904,39.654295],[-82.381834,39.654284],[-82.381728,39.654276],[-82.381622,39.654275],[-82.381515,39.654273],[-82.381409,39.654266],[-82.381338,39.65426],[-82.381197,39.65425],[-82.381055,39.654243],[-82.380978,39.65424],[-82.380772,39.654223],[-82.380621,39.654207],[-82.380706,39.653918],[-82.380681,39.653892],[-82.3794,39.652511],[-82.381121,39.652608],[-82.38456,39.6528]]]},"properties":{"p":"110000010100","o":"SHAHAN, RUTHL.& BEERY,TODDM","a":"","d":"FAIRFIELD UNION LOCAL SCHOOL DISTRICT","t":306.35,"l":"","c":0}},{"type":"Feature","geometry":{"type":"Polygon","coordinates":[[[-82.656537,39.518234],[-82.656495,39.519299],[-82.65648,39.519661],[-82.651858,39.519656],[-82.651775,39.519655],[-82.65182,39.51916],[-82.652168,39.519247],[-82.652472,39.519264],[-82.65258,39.519157],[-82.652765,39.518974],[-82.653689,39.518998],[-82.653905,39.518946],[-82.65429,39.518734],[-82.654803,39.518452],[-82.654838,39.518349],[-82.65484,39.518061],[-82.654993,39.517906],[-82.655372,39.517844],[-82.655497,39.517863],[-82.655905,39.518144],[-82.656087,39.518197],[-82.656287,39.518255],[-82.656537,39.518234]]]},"properties":{"p":"130002290000","o":"ROYER, LYNNA","a":"","d":"LOGAN ELM LOCAL SCHOOL DISTRICT","t":668.35,"l":"","c":0}},{"type":"Feature","geometry":{"type":"Polygon","coordinates":[[[-82.694972,39.479954],[-82.696966,39.480091],[-82.696885,39.481007],[-82.696838,39.481574],[-82.694845,39.481464],[-82.694972,39.479954]]]},"properties":{"p":"130004710000","o":"MARTING, WILLIAM","a":"","d":"LOGAN ELM LOCAL SCHOOL DISTRICT","t":218.47,"l":"","c":0}},{"type":"Feature","geometry":{"type":"Polygon","coordinates":[[[-82.479687,39.412062],[-82.47998,39.408435],[-82.484678,39.408699],[-82.489463,39.408888],[-82.49079,39.408905],[-82.492457,39.409883],[-82.492567,39.409947],[-82.492441,39.409999],[-82.492268,39.410085],[-82.492097,39.410171],[-82.491858,39.410369],[-82.491574,39.410709],[-82.491477,39.410943],[-82.491513,39.41119],[-82.491667,39.411682],[-82.491721,39.411843],[-82.491791,39.412009],[-82.491861,39.412186],[-82.491897,39.412398],[-82.491888,39.412574],[-82.491884,39.41285],[-82.491885,39.41289],[-82.491781,39.412883],[-82.484413,39.412385],[-82.479687,39.412062]]]},"properties":{"p":"190003910300","o":"HABING, GREGORYG&AMY","a":"","d":"LOGAN-HOCKING LOCAL SCHOOL DISTRICT","t":289.11,"l":"","c":0}},{"type":"Feature","geometry":{"type":"Polygon","coordinates":[[[-82.320878,39.474311],[-82.319985,39.473637],[-82.319899,39.473621],[-82.320257,39.4733],[-82.320637,39.472976],[-82.320682,39.473005],[-82.32082,39.473091],[-82.320957,39.473178],[-82.321095,39.473264],[-82.321232,39.473351],[-82.32137,39.473437],[-82.321507,39.473524],[-82.321645,39.47361],[-82.321778,39.473693],[-82.320925,39.474343],[-82.320878,39.474311]]]},"properties":{"p":"160002620201","o":"SAWMILLER, LLC","a":"","d":"LOGAN-HOCKING LOCAL SCHOOL DISTRICT","t":413.22,"l":"","c":0}},{"type":"Feature","geometry":{"type":"Polygon","coordinates":[[[-82.319899,39.473621],[-82.319733,39.47377],[-82.319719,39.473763],[-82.31966,39.473732],[-82.319606,39.473703],[-82.319513,39.473654],[-82.319455,39.473622],[-82.319448,39.473619],[-82.319391,39.473587],[-82.319333,39.473555],[-82.319276,39.473522],[-82.31922,39.473489],[-82.319165,39.473454],[-82.31911,39.473419],[-82.319091,39.473407],[-82.319041,39.473373],[-82.318958,39.473314],[-82.318906,39.473274],[-82.319037,39.471938],[-82.319183,39.472036],[-82.319318,39.472126],[-82.319452,39.472215],[-82.319588,39.472305],[-82.319723,39.472393],[-82.319859,39.472482],[-82.319996,39.47257],[-82.320132,39.472657],[-82.32027,39.472745],[-82.320311,39.472771],[-82.320343,39.472791],[-82.320375,39.472812],[-82.320407,39.472832],[-82.320545,39.472918],[-82.320637,39.472976],[-82.320257,39.4733],[-82.319899,39.473621]]]},"properties":{"p":"160002620201","o":"SAWMILLER, LLC","a":"","d":"LOGAN-HOCKING LOCAL SCHOOL DISTRICT","t":413.22,"l":"","c":0}},{"type":"Feature","geometry":{"type":"Polygon","coordinates":[[[-82.474982,39.471772],[-82.478139,39.471978],[-82.477819,39.472371],[-82.477738,39.472365],[-82.477082,39.472323],[-82.474938,39.472183],[-82.474982,39.471772]]]},"properties":{"p":"190000740402","o":"REWILDRENTALSLLC","a":"","d":"LOGAN-HOCKING LOCAL SCHOOL DISTRICT","t":809.94,"l":"","c":0}},{"type":"Feature","geometry":{"type":"Polygon","coordinates":[[[-82.45776,39.436777],[-82.457854,39.436621],[-82.457857,39.436615],[-82.459571,39.433819],[-82.460018,39.433074],[-82.463772,39.433266],[-82.46349,39.436989],[-82.457944,39.43662],[-82.457981,39.43679],[-82.45776,39.436777]]]},"properties":{"p":"190002910000","o":"HORN, CARL&ILES, JAMESE","a":"","d":"LOGAN-HOCKING LOCAL SCHOOL DISTRICT","t":1031.38,"l":"","c":0}},{"type":"Feature","geometry":{"type":"Polygon","coordinates":[[[-82.455856,39.436665],[-82.455694,39.436487],[-82.455439,39.436206],[-82.455535,39.434908],[-82.455545,39.434779],[-82.455756,39.434799],[-82.455746,39.434931],[-82.455655,39.436158],[-82.455969,39.436503],[-82.456005,39.436543],[-82.456304,39.436691],[-82.455856,39.436665]]]},"properties":{"p":"190002910000","o":"HORN, CARL&ILES, JAMESE","a":"","d":"LOGAN-HOCKING LOCAL SCHOOL DISTRICT","t":1031.38,"l":"","c":0}},{"type":"Feature","geometry":{"type":"Polygon","coordinates":[[[-82.165078,39.513043],[-82.165114,39.512593],[-82.165311,39.512533],[-82.16541,39.512942],[-82.165078,39.513043]]]},"properties":{"p":"180000910000","o":"VASKO, JOESPHE","a":"","d":"NELSONVILLE-YORK CITY SCHOOLS","t":151.14,"l":"","c":0}},{"type":"Feature","geometry":{"type":"Polygon","coordinates":[[[-82.168649,39.514226],[-82.168689,39.513775],[-82.168708,39.513567],[-82.168761,39.51357],[-82.168757,39.513611],[-82.168702,39.514229],[-82.168649,39.514226]]]},"properties":{"p":"180002540000","o":"MCCARTY, LACY & JASON","a":"","d":"NELSONVILLE-YORK CITY SCHOOLS","t":2007.77,"l":"","c":0}},{"type":"Feature","geometry":{"type":"Polygon","coordinates":[[[-82.168761,39.51357],[-82.168826,39.513574],[-82.168827,39.51356],[-82.169116,39.513575],[-82.169111,39.51363],[-82.168757,39.513611],[-82.168761,39.51357]]]},"properties":{"p":"180002540000","o":"MCCARTY, LACY & JASON","a":"","d":"NELSONVILLE-YORK CITY SCHOOLS","t":2007.77,"l":"","c":0}},{"type":"Feature","geometry":{"type":"Polygon","coordinates":[[[-82.169116,39.513575],[-82.169469,39.513594],[-82.169464,39.513649],[-82.169111,39.51363],[-82.169116,39.513575]]]},"properties":{"p":"180002550000","o":"KAPPLE, CAROL & COOK, GARY &","a":"","d":"NELSONVILLE-YORK CITY SCHOOLS","t":172.13,"l":"","c":0}},{"type":"Feature","geometry":{"type":"Polygon","coordinates":[[[-82.169469,39.513594],[-82.169646,39.513604],[-82.169641,39.513659],[-82.169464,39.513649],[-82.169469,39.513594]]]},"properties":{"p":"180002560000","o":"GRAY, JAMESMIl","a":"","d":"NELSONVILLE-YORK CITY SCHOOLS","t":1374.22,"l":"","c":0}},{"type":"Feature","geometry":{"type":"Polygon","coordinates":[[[-82.170525,39.513706],[-82.170535,39.513596],[-82.170653,39.513603],[-82.170643,39.513712],[-82.170525,39.513706]]]},"properties":{"p":"180002610000","o":"LYONS, RACHELJEAN","a":"","d":"NELSONVILLE-YORK CITY SCHOOLS","t":176.9,"l":"","c":0}},{"type":"Feature","geometry":{"type":"Polygon","coordinates":[[[-82.170525,39.513706],[-82.17047,39.514324],[-82.170425,39.514321],[-82.17048,39.513704],[-82.170525,39.513706]]]},"properties":{"p":"180002610000","o":"LYONS, RACHELJEAN","a":"","d":"NELSONVILLE-YORK CITY SCHOOLS","t":176.9,"l":"","c":0}},{"type":"Feature","geometry":{"type":"Polygon","coordinates":[[[-82.170535,39.513596],[-82.170525,39.513706],[-82.17048,39.513704],[-82.17049,39.513594],[-82.170535,39.513596]]]},"properties":{"p":"180002610000","o":"LYONS, RACHELJEAN","a":"","d":"NELSONVILLE-YORK CITY SCHOOLS","t":176.9,"l":"","c":0}},{"type":"Feature","geometry":{"type":"Polygon","coordinates":[[[-82.394209,39.557193],[-82.394469,39.556411],[-82.393837,39.555949],[-82.393426,39.555632],[-82.393583,39.55549],[-82.394027,39.55565],[-82.394273,39.55574],[-82.394358,39.555798],[-82.394635,39.555989],[-82.394978,39.556119],[-82.395121,39.556173],[-82.395823,39.556389],[-82.39588,39.556416],[-82.395843,39.556456],[-82.395411,39.556932],[-82.394661,39.557398],[-82.394209,39.557193]]]},"properties":{"p":"020000120000","o":"NJ DRYWALL SERVICES CORP","a":"","d":"LOGAN-HOCKING LOCAL SCHOOL DISTRICT","t":298.24,"l":"","c":0}},{"type":"Feature","geometry":{"type":"Polygon","coordinates":[[[-82.732552,39.402878],[-82.732756,39.400509],[-82.73276,39.40046],[-82.73311,39.40067],[-82.733106,39.400719],[-82.732919,39.402887],[-82.732552,39.402878]]]},"properties":{"p":"150004400201","o":"CRADLEBAUGH, BRYANTA","a":"","d":"LOGAN ELM LOCAL SCHOOL DISTRICT","t":364.71,"l":"","c":0}},{"type":"Feature","geometry":{"type":"Polygon","coordinates":[[[-82.347503,39.397715],[-82.346973,39.397829],[-82.345477,39.398002],[-82.345246,39.398028],[-82.344811,39.398008],[-82.344955,39.396576],[-82.344974,39.396574],[-82.345136,39.396629],[-82.346075,39.396954],[-82.346215,39.396972],[-82.346704,39.396809],[-82.347207,39.396728],[-82.347609,39.396664],[-82.347603,39.396727],[-82.347597,39.396782],[-82.347503,39.397715]]]},"properties":{"p":"160002790101","o":"COLLINS, CRISTIE","a":"","d":"LOGAN-HOCKING LOCAL SCHOOL DISTRICT","t":285.6,"l":"","c":0}},{"type":"Feature","geometry":{"type":"Polygon","coordinates":[[[-82.350166,39.398301],[-82.347462,39.398151],[-82.347489,39.397862],[-82.347785,39.397795],[-82.347913,39.397771],[-82.348043,39.397754],[-82.348173,39.397744],[-82.348305,39.39774],[-82.348436,39.397744],[-82.348567,39.397754],[-82.348696,39.397772],[-82.348824,39.397796],[-82.348949,39.397826],[-82.349071,39.397864],[-82.34919,39.397907],[-82.349305,39.397957],[-82.349559,39.398076],[-82.349706,39.398141],[-82.349856,39.3982],[-82.350009,39.398254],[-82.350166,39.398301]]]},"properties":{"p":"160002790101","o":"COLLINS, CRISTIE","a":"","d":"LOGAN-HOCKING LOCAL SCHOOL DISTRICT","t":285.6,"l":"","c":0}},{"type":"Feature","geometry":{"type":"Polygon","coordinates":[[[-82.348277,39.396286],[-82.348757,39.396319],[-82.351002,39.396471],[-82.350906,39.397348],[-82.350804,39.39829],[-82.350652,39.398268],[-82.350502,39.398239],[-82.350354,39.398206],[-82.350207,39.398167],[-82.350064,39.398122],[-82.349923,39.398073],[-82.349785,39.398018],[-82.349651,39.397959],[-82.349396,39.397839],[-82.349281,39.397789],[-82.349162,39.397744],[-82.349039,39.397706],[-82.348914,39.397673],[-82.348786,39.397646],[-82.348656,39.397626],[-82.348525,39.397612],[-82.348393,39.397605],[-82.348261,39.397603],[-82.348129,39.397609],[-82.347997,39.39762],[-82.347867,39.397638],[-82.347738,39.397663],[-82.347503,39.397715],[-82.347597,39.396782],[-82.347895,39.39684],[-82.348093,39.396861],[-82.34809,39.396798],[-82.348064,39.39633],[-82.348062,39.396283],[-82.348277,39.396286]]]},"properties":{"p":"160002810000","o":"COLLINS, CRISTIE","a":"","d":"LOGAN-HOCKING LOCAL SCHOOL DISTRICT","t":2037.82,"l":"","c":0}},{"type":"Feature","geometry":{"type":"Polygon","coordinates":[[[-82.32022,39.45962],[-82.320174,39.460112],[-82.320131,39.46008],[-82.320083,39.46004],[-82.320034,39.46],[-82.319977,39.459967],[-82.319917,39.459938],[-82.319856,39.45991],[-82.319795,39.459882],[-82.319736,39.459852],[-82.31968,39.459819],[-82.319625,39.459784],[-82.319571,39.459748],[-82.319518,39.459712],[-82.319464,39.459677],[-82.319409,39.459642],[-82.319353,39.459608],[-82.319295,39.459575],[-82.32022,39.45962]]]},"properties":{"p":"160001210000","o":"ANSEL, JOHN RICHARD & NANCY LEE","a":"","d":"LOGAN-HOCKING LOCAL SCHOOL DISTRICT","t":173.58,"l":"","c":0}},{"type":"Feature","geometry":{"type":"Polygon","coordinates":[[[-82.738119,39.407196],[-82.738121,39.407167],[-82.738158,39.407168],[-82.738225,39.40717],[-82.738298,39.407181],[-82.738332,39.407198],[-82.738377,39.407225],[-82.738407,39.407249],[-82.738465,39.407295],[-82.738612,39.407418],[-82.738716,39.407505],[-82.738796,39.407579],[-82.739015,39.407795],[-82.739088,39.407884],[-82.739117,39.407931],[-82.739136,39.40796],[-82.739151,39.40799],[-82.739191,39.40807],[-82.739212,39.408114],[-82.739226,39.408144],[-82.739197,39.408154],[-82.738508,39.408404],[-82.738053,39.408568],[-82.738119,39.407196]]]},"properties":{"p":"150004500000","o":"SHREVE, DAVIDA. & KIMBERLYD","a":"","d":"LOGAN ELM LOCAL SCHOOL DISTRICT","t":246.99,"l":"","c":0}},{"type":"Feature","geometry":{"type":"Polygon","coordinates":[[[-82.739499,39.408833],[-82.739547,39.408822],[-82.739752,39.409251],[-82.739821,39.409388],[-82.739858,39.409461],[-82.739861,39.409468],[-82.739876,39.409518],[-82.739889,39.409591],[-82.739896,39.409666],[-82.739897,39.409685],[-82.739909,39.409766],[-82.739923,39.409826],[-82.739941,39.40986],[-82.73938,39.40983],[-82.737995,39.409755],[-82.738024,39.409167],[-82.739244,39.408891],[-82.739499,39.408833]]]},"properties":{"p":"150004500000","o":"SHREVE, DAVIDA. & KIMBERLYD","a":"","d":"LOGAN ELM LOCAL SCHOOL DISTRICT","t":246.99,"l":"","c":0}},{"type":"Feature","geometry":{"type":"Polygon","coordinates":[[[-82.727649,39.389891],[-82.727459,39.391664],[-82.726774,39.391635],[-82.726876,39.390558],[-82.727058,39.390166],[-82.727158,39.389948],[-82.727235,39.389727],[-82.727274,39.389616],[-82.727649,39.389891]]]},"properties":{"p":"150004540000","o":"PERRY,LAURAE","a":"","d":"LOGAN ELM LOCAL SCHOOL DISTRICT","t":153.58,"l":"","c":0}},{"type":"Feature","geometry":{"type":"Polygon","coordinates":[[[-82.544649,39.499049],[-82.544576,39.49907],[-82.544552,39.499034],[-82.544617,39.499011],[-82.544655,39.498997],[-82.544649,39.499049]]]},"properties":{"p":"080003430100","o":"WOODLAND RETREATLLC","a":"","d":"LOGAN-HOCKING LOCAL SCHOOL DISTRICT","t":623,"l":"","c":0}},{"type":"Feature","geometry":{"type":"Polygon","coordinates":[[[-82.468505,39.488736],[-82.468599,39.488724],[-82.468605,39.488743],[-82.468612,39.488756],[-82.468619,39.488767],[-82.468629,39.488779],[-82.468643,39.488791],[-82.468489,39.488898],[-82.468505,39.488736]]]},"properties":{"p":"020021000000","o":"BLEM, DAVID J.&DIANAL","a":"","d":"LOGAN-HOCKING LOCAL SCHOOL DISTRICT","t":263.99,"l":"","c":0}},{"type":"Feature","geometry":{"type":"Polygon","coordinates":[[[-82.355119,39.582889],[-82.355163,39.582397],[-82.355427,39.582685],[-82.355119,39.582889]]]},"properties":{"p":"020025570000","o":"LEWIS, JOHN DIN&STEVENW. 1.2","a":"","d":"LOGAN-HOCKING LOCAL SCHOOL DISTRICT","t":4049.18,"l":"","c":0}},{"type":"Feature","geometry":{"type":"Polygon","coordinates":[[[-82.357388,39.58743],[-82.356853,39.587545],[-82.356804,39.587556],[-82.356755,39.587567],[-82.356706,39.587578],[-82.356657,39.587589],[-82.356608,39.5876],[-82.356559,39.587611],[-82.35651,39.587622],[-82.356461,39.587633],[-82.356424,39.587641],[-82.356363,39.587654],[-82.356313,39.587665],[-82.356264,39.587675],[-82.356215,39.587686],[-82.356165,39.587696],[-82.356133,39.587703],[-82.356067,39.587717],[-82.356018,39.587728],[-82.355964,39.587739],[-82.355914,39.58775],[-82.355471,39.587865],[-82.355427,39.587873],[-82.355382,39.587882],[-82.355334,39.58789],[-82.355284,39.587898],[-82.355234,39.587907],[-82.355184,39.587915],[-82.355134,39.587922],[-82.355083,39.58793],[-82.355041,39.587936],[-82.354983,39.587944],[-82.354933,39.587952],[-82.354882,39.58796],[-82.354832,39.587967],[-82.354782,39.587975],[-82.354732,39.587984],[-82.354662,39.587996],[-82.35483,39.586117],[-82.354899,39.585346],[-82.359022,39.585539],[-82.359046,39.585307],[-82.359064,39.585147],[-82.359074,39.585013],[-82.359075,39.584941],[-82.359066,39.584834],[-82.359077,39.584634],[-82.359244,39.581355],[-82.359418,39.581364],[-82.359748,39.58138],[-82.362633,39.581526],[-82.362194,39.586442],[-82.361783,39.586535],[-82.361699,39.586554],[-82.359195,39.587061],[-82.357388,39.58743]]]},"properties":{"p":"020025570000","o":"LEWIS, JOHN DIN&STEVENW. 1.2","a":"","d":"LOGAN-HOCKING LOCAL SCHOOL DISTRICT","t":4049.18,"l":"","c":0}},{"type":"Feature","geometry":{"type":"Polygon","coordinates":[[[-82.592242,39.416399],[-82.592139,39.415496],[-82.592691,39.415686],[-82.593222,39.415822],[-82.592242,39.416399]]]},"properties":{"p":"010002350000","o":"ANDERSON, GALEE","a":"","d":"LOGAN-HOCKING LOCAL SCHOOL DISTRICT","t":553.27,"l":"","c":0}},{"type":"Feature","geometry":{"type":"Polygon","coordinates":[[[-82.592888,39.414324],[-82.592694,39.414117],[-82.592495,39.413903],[-82.594199,39.413994],[-82.59415,39.414445],[-82.593399,39.4143],[-82.592888,39.414324]]]},"properties":{"p":"010002350000","o":"ANDERSON, GALEE","a":"","d":"LOGAN-HOCKING LOCAL SCHOOL DISTRICT","t":553.27,"l":"","c":0}},{"type":"Feature","geometry":{"type":"Polygon","coordinates":[[[-82.601633,39.383572],[-82.601823,39.383371],[-82.602005,39.383166],[-82.602194,39.382961],[-82.602308,39.382842],[-82.60246,39.382698],[-82.602546,39.382622],[-82.602606,39.382651],[-82.602986,39.382835],[-82.603375,39.383023],[-82.603936,39.382341],[-82.60358,39.382132],[-82.603362,39.382004],[-82.603306,39.381971],[-82.603136,39.381872],[-82.603205,39.381793],[-82.60335,39.381624],[-82.603441,39.38152],[-82.603526,39.381525],[-82.604685,39.38159],[-82.604959,39.381606],[-82.606645,39.381678],[-82.606397,39.384472],[-82.606343,39.385088],[-82.606301,39.385389],[-82.601484,39.385108],[-82.601518,39.38473],[-82.601633,39.383572]]]},"properties":{"p":"010004340000","o":"WINE, DANIELL& TAMMYS&","a":"","d":"LOGAN-HOCKING LOCAL SCHOOL DISTRICT","t":2691.74,"l":"","c":0}},{"type":"Feature","geometry":{"type":"Polygon","coordinates":[[[-82.426106,39.539993],[-82.426264,39.539675],[-82.426429,39.539724],[-82.426595,39.539774],[-82.426621,39.539782],[-82.426464,39.540099],[-82.426451,39.540125],[-82.426093,39.540018],[-82.426106,39.539993]]]},"properties":{"p":"020010350000","o":"STEWART, JULIEK","a":"","d":"LOGAN-HOCKING LOCAL SCHOOL DISTRICT","t":316,"l":"","c":0}},{"type":"Feature","geometry":{"type":"Polygon","coordinates":[[[-82.426946,39.538684],[-82.427137,39.5383],[-82.427303,39.538349],[-82.427112,39.538733],[-82.426946,39.538684]]]},"properties":{"p":"020011350000","o":"SIGLER, JIMMIE& CASEYL","a":"","d":"LOGAN-HOCKING LOCAL SCHOOL DISTRICT","t":193.07,"l":"","c":0}},{"type":"Feature","geometry":{"type":"Polygon","coordinates":[[[-82.417812,39.545931],[-82.417824,39.545794],[-82.418168,39.545816],[-82.418153,39.545953],[-82.418139,39.546089],[-82.417801,39.546068],[-82.417812,39.545931]]]},"properties":{"p":"020011930000","o":"KUHN, BRUCEW.SR","a":"","d":"LOGAN-HOCKING LOCAL SCHOOL DISTRICT","t":1283.28,"l":"","c":0}},{"type":"Feature","geometry":{"type":"Polygon","coordinates":[[[-82.417775,39.546387],[-82.417786,39.546249],[-82.418121,39.54627],[-82.418106,39.546407],[-82.417775,39.546387]]]},"properties":{"p":"020011950000","o":"KUHN,BRUCE","a":"","d":"LOGAN-HOCKING LOCAL SCHOOL DISTRICT","t":163.36,"l":"","c":0}},{"type":"Feature","geometry":{"type":"Polygon","coordinates":[[[-82.419184,39.547542],[-82.419195,39.547433],[-82.41962,39.547459],[-82.419608,39.547569],[-82.419597,39.547678],[-82.419586,39.547788],[-82.419574,39.547897],[-82.41915,39.547871],[-82.419161,39.547761],[-82.419173,39.547652],[-82.419184,39.547542]]]},"properties":{"p":"020012150100","o":"SAUNDERS, ROBERTE.JR","a":"","d":"LOGAN-HOCKING LOCAL SCHOOL DISTRICT","t":1833.82,"l":"","c":0}},{"type":"Feature","geometry":{"type":"Polygon","coordinates":[[[-82.428456,39.540722],[-82.428627,39.540379],[-82.428653,39.540387],[-82.428819,39.540436],[-82.428661,39.540754],[-82.428648,39.540779],[-82.428456,39.540722]]]},"properties":{"p":"020013170000","o":"LEACH, PAULE. & JACQUELINEA","a":"","d":"LOGAN-HOCKING LOCAL SCHOOL DISTRICT","t":126.98,"l":"","c":0}},{"type":"Feature","geometry":{"type":"Polygon","coordinates":[[[-82.43069,39.540846],[-82.430881,39.540462],[-82.431046,39.540511],[-82.430855,39.540895],[-82.43069,39.540846]]]},"properties":{"p":"020013360000","o":"FLOWERS, BRYANK &DEANNAK","a":"","d":"LOGAN-HOCKING LOCAL SCHOOL DISTRICT","t":178.06,"l":"","c":0}},{"type":"Feature","geometry":{"type":"Polygon","coordinates":[[[-82.430855,39.540895],[-82.431046,39.540511],[-82.431211,39.54056],[-82.431021,39.540945],[-82.430855,39.540895]]]},"properties":{"p":"020013370000","o":"FLOWERS, BRYAN K &DEANNAK","a":"","d":"LOGAN-HOCKING LOCAL SCHOOL DISTRICT","t":1197.02,"l":"","c":0}},{"type":"Feature","geometry":{"type":"Polygon","coordinates":[[[-82.430021,39.540158],[-82.430211,39.539774],[-82.430377,39.539823],[-82.430186,39.540208],[-82.430021,39.540158]]]},"properties":{"p":"020013450000","o":"SNIDER, HERSHEL","a":"","d":"LOGAN-HOCKING LOCAL SCHOOL DISTRICT","t":178.06,"l":"","c":0}},{"type":"Feature","geometry":{"type":"Polygon","coordinates":[[[-82.42952,39.539789],[-82.429616,39.539597],[-82.429781,39.539646],[-82.429947,39.539695],[-82.429851,39.539887],[-82.429756,39.54008],[-82.42959,39.54003],[-82.429425,39.539981],[-82.42952,39.539789]]]},"properties":{"p":"020013470100","o":"GARREN, BRADY MICHAEL","a":"","d":"LOGAN-HOCKING LOCAL SCHOOL DISTRICT","t":389.26,"l":"","c":0}},{"type":"Feature","geometry":{"type":"Polygon","coordinates":[[[-82.419993,39.544959],[-82.420003,39.544877],[-82.420687,39.544925],[-82.420668,39.545089],[-82.420127,39.545051],[-82.419984,39.545041],[-82.419993,39.544959]]]},"properties":{"p":"040000290000","o":"ARMSTRONG, SHIRLEY JEAN","a":"","d":"LOGAN-HOCKING LOCAL SCHOOL DISTRICT","t":424.97,"l":"","c":0}},{"type":"Feature","geometry":{"type":"Polygon","coordinates":[[[-82.420055,39.544427],[-82.420074,39.544263],[-82.42076,39.544311],[-82.42074,39.544475],[-82.420055,39.544427]]]},"properties":{"p":"040000330000","o":"SHEETS, JAMESA","a":"","d":"LOGAN-HOCKING LOCAL SCHOOL DISTRICT","t":864.08,"l":"","c":0}},{"type":"Feature","geometry":{"type":"Polygon","coordinates":[[[-82.401864,39.537638],[-82.401877,39.537499],[-82.401914,39.5375],[-82.402019,39.5375],[-82.402005,39.537643],[-82.401864,39.537638]]]},"properties":{"p":"040001510000","o":"MASSIE, RAE ANN & CRAMBLIT,N","a":"","d":"LOGAN-HOCKING LOCAL SCHOOL DISTRICT","t":908.99,"l":"","c":0}},{"type":"Feature","geometry":{"type":"Polygon","coordinates":[[[-82.408437,39.524221],[-82.408707,39.524061],[-82.408745,39.524087],[-82.408919,39.52428],[-82.408994,39.524364],[-82.409044,39.524532],[-82.408388,39.524798],[-82.408437,39.524221]]]},"properties":{"p":"040001660200","o":"KEYNES, CHARLES H TRUSTEE","a":"","d":"LOGAN-HOCKING LOCAL SCHOOL DISTRICT","t":6101.24,"l":"","c":0}},{"type":"Feature","geometry":{"type":"Polygon","coordinates":[[[-82.408388,39.524798],[-82.409044,39.524532],[-82.409113,39.524766],[-82.409139,39.524794],[-82.408473,39.524997],[-82.408378,39.524902],[-82.408388,39.524798]]]},"properties":{"p":"040001660400","o":"KEYNES, CHARLES H TRUSTEE","a":"","d":"LOGAN-HOCKING LOCAL SCHOOL DISTRICT","t":584.98,"l":"","c":0}},{"type":"Feature","geometry":{"type":"Polygon","coordinates":[[[-82.408473,39.524997],[-82.409139,39.524794],[-82.409344,39.525018],[-82.40847,39.525172],[-82.408473,39.524997]]]},"properties":{"p":"040001660500","o":"KEYNES, CHARLES H TRUSTEE","a":"","d":"LOGAN-HOCKING LOCAL SCHOOL DISTRICT","t":589.66,"l":"","c":0}},{"type":"Feature","geometry":{"type":"Polygon","coordinates":[[[-82.40847,39.525172],[-82.409344,39.525018],[-82.40941,39.52509],[-82.409449,39.525274],[-82.408467,39.525346],[-82.40847,39.525172]]]},"properties":{"p":"040001660600","o":"KEYNES, CHARLES H TRUSTEE","a":"","d":"LOGAN-HOCKING LOCAL SCHOOL DISTRICT","t":594.8,"l":"","c":0}},{"type":"Feature","geometry":{"type":"Polygon","coordinates":[[[-82.408467,39.525346],[-82.409449,39.525274],[-82.409507,39.525545],[-82.409028,39.525533],[-82.408674,39.525525],[-82.408464,39.52552],[-82.408467,39.525346]]]},"properties":{"p":"040001660700","o":"KEYNES, CHARLES H TRUSTEE","a":"","d":"LOGAN-HOCKING LOCAL SCHOOL DISTRICT","t":599.45,"l":"","c":0}},{"type":"Feature","geometry":{"type":"Polygon","coordinates":[[[-82.408608,39.527509],[-82.408598,39.527611],[-82.408555,39.527608],[-82.408558,39.527583],[-82.408531,39.527582],[-82.408528,39.527606],[-82.408508,39.527605],[-82.408507,39.527613],[-82.408438,39.527609],[-82.408445,39.527548],[-82.408474,39.52755],[-82.408477,39.527518],[-82.408516,39.52752],[-82.408521,39.527477],[-82.408563,39.527479],[-82.40856,39.527506],[-82.408608,39.527509]]]},"properties":{"p":"040002110100","o":"PRITCHARD, COLLEENK","a":"","d":"LOGAN-HOCKING LOCAL SCHOOL DISTRICT","t":959.35,"l":"","c":0}},{"type":"Feature","geometry":{"type":"Polygon","coordinates":[[[-82.409418,39.540686],[-82.409464,39.540279],[-82.409627,39.540291],[-82.409581,39.540697],[-82.409418,39.540686]]]},"properties":{"p":"040002720000","o":"LOGANAFRE,LLC","a":"","d":"LOGAN-HOCKING LOCAL SCHOOL DISTRICT","t":180.93,"l":"","c":0}},{"type":"Feature","geometry":{"type":"Polygon","coordinates":[[[-82.411209,39.539124],[-82.411255,39.538718],[-82.411415,39.538729],[-82.411369,39.539135],[-82.411209,39.539124]]]},"properties":{"p":"040003390000","o":"DINKINS, JAMESM","a":"","d":"LOGAN-HOCKING LOCAL SCHOOL DISTRICT","t":1038.82,"l":"","c":0}},{"type":"Feature","geometry":{"type":"Polygon","coordinates":[[[-82.407224,39.5384],[-82.407255,39.537993],[-82.407518,39.53801],[-82.407659,39.53802],[-82.407848,39.538033],[-82.407806,39.538439],[-82.407748,39.538435],[-82.407613,39.538426],[-82.407472,39.538417],[-82.407224,39.5384]]]},"properties":{"p":"040003750000","o":"SPEEDWAY SUPERAMERICALLC","a":"","d":"LOGAN-HOCKING LOCAL SCHOOL DISTRICT","t":380.11,"l":"","c":0}},{"type":"Feature","geometry":{"type":"Polygon","coordinates":[[[-82.410503,39.538622],[-82.410522,39.538452],[-82.410784,39.53847],[-82.410765,39.53864],[-82.410503,39.538622]]]},"properties":{"p":"040003960000","o":"CALDWELL, JAMES W&DEANNAR","a":"","d":"LOGAN-HOCKING LOCAL SCHOOL DISTRICT","t":1537.79,"l":"","c":0}},{"type":"Feature","geometry":{"type":"Polygon","coordinates":[[[-82.412568,39.540905],[-82.412616,39.540498],[-82.412687,39.540502],[-82.412644,39.54091],[-82.412573,39.540905],[-82.412568,39.540905]]]},"properties":{"p":"040004040000","o":"232 WESTMAIN, LLC","a":"","d":"LOGAN-HOCKING LOCAL SCHOOL DISTRICT","t":976.88,"l":"","c":0}},{"type":"Feature","geometry":{"type":"Polygon","coordinates":[[[-82.404786,39.539172],[-82.404817,39.538878],[-82.404961,39.538887],[-82.40493,39.539181],[-82.404786,39.539172]]]},"properties":{"p":"040004390000","o":"DODSON, BRANDIS","a":"","d":"LOGAN-HOCKING LOCAL SCHOOL DISTRICT","t":1001.75,"l":"","c":0}},{"type":"Feature","geometry":{"type":"Polygon","coordinates":[[[-82.404774,39.539284],[-82.404786,39.539172],[-82.40493,39.539181],[-82.404918,39.539293],[-82.404774,39.539284]]]},"properties":{"p":"040004400000","o":"CLARKE, CHRISTOPHERW","a":"","d":"LOGAN-HOCKING LOCAL SCHOOL DISTRICT","t":717.49,"l":"","c":0}},{"type":"Feature","geometry":{"type":"Polygon","coordinates":[[[-82.413023,39.540078],[-82.413044,39.539877],[-82.41308,39.539879],[-82.413124,39.539843],[-82.41318,39.539885],[-82.413237,39.539996],[-82.413206,39.540296],[-82.413037,39.540285],[-82.413053,39.540131],[-82.413058,39.54008],[-82.413023,39.540078]]]},"properties":{"p":"040004730000","o":"CCOHREALTYLLC","a":"","d":"LOGAN-HOCKING LOCAL SCHOOL DISTRICT","t":1165.75,"l":"","c":0}},{"type":"Feature","geometry":{"type":"Polygon","coordinates":[[[-82.419205,39.542618],[-82.419213,39.542547],[-82.41939,39.542582],[-82.419363,39.542809],[-82.419184,39.542795],[-82.419205,39.542618]]]},"properties":{"p":"040004960000","o":"EDINGER, MARY FRANCIS","a":"","d":"LOGAN-HOCKING LOCAL SCHOOL DISTRICT","t":489.47,"l":"","c":0}},{"type":"Feature","geometry":{"type":"Polygon","coordinates":[[[-82.408624,39.542562],[-82.408643,39.542382],[-82.409168,39.542415],[-82.40923,39.542419],[-82.409211,39.5426],[-82.408624,39.542562]]]},"properties":{"p":"040005450000","o":"CLARKE, ELIZABETH","a":"","d":"LOGAN-HOCKING LOCAL SCHOOL DISTRICT","t":974.62,"l":"","c":0}},{"type":"Feature","geometry":{"type":"Polygon","coordinates":[[[-82.40866,39.542218],[-82.408664,39.542179],[-82.408672,39.542108],[-82.409197,39.542141],[-82.409401,39.542154],[-82.40943,39.542156],[-82.409418,39.542266],[-82.409389,39.542264],[-82.409185,39.542251],[-82.40866,39.542218]]]},"properties":{"p":"040005480000","o":"CLARKE, GARY J.&SUSANM","a":"","d":"LOGAN-HOCKING LOCAL SCHOOL DISTRICT","t":1052.8,"l":"","c":0}},{"type":"Feature","geometry":{"type":"Polygon","coordinates":[[[-82.413193,39.540478],[-82.413313,39.540408],[-82.41355,39.540425],[-82.413392,39.540591],[-82.413193,39.540478]]]},"properties":{"p":"040006660000","o":"JEDADVENTURESLTD","a":"","d":"LOGAN-HOCKING LOCAL SCHOOL DISTRICT","t":508.7,"l":"","c":0}},{"type":"Feature","geometry":{"type":"Polygon","coordinates":[[[-82.401044,39.538456],[-82.401078,39.538149],[-82.401258,39.538161],[-82.401233,39.538382],[-82.401224,39.538467],[-82.401044,39.538456]]]},"properties":{"p":"040007310000","o":"MILLER,DONE","a":"","d":"LOGAN-HOCKING LOCAL SCHOOL DISTRICT","t":586.1,"l":"","c":0}},{"type":"Feature","geometry":{"type":"Polygon","coordinates":[[[-82.405431,39.542218],[-82.405448,39.542051],[-82.405973,39.542085],[-82.405956,39.542251],[-82.405431,39.542218]]]},"properties":{"p":"040007540000","o":"RINEHART, SANDRA& NATHAN","a":"","d":"LOGAN-HOCKING LOCAL SCHOOL DISTRICT","t":922.72,"l":"","c":0}},{"type":"Feature","geometry":{"type":"Polygon","coordinates":[[[-82.402617,39.539405],[-82.402628,39.539301],[-82.402818,39.539313],[-82.402861,39.539316],[-82.40285,39.53942],[-82.402765,39.539414],[-82.402617,39.539405]]]},"properties":{"p":"040007850000","o":"HORN, ANDREW & ELIZABETH","a":"","d":"LOGAN-HOCKING LOCAL SCHOOL DISTRICT","t":777.56,"l":"","c":0}},{"type":"Feature","geometry":{"type":"Polygon","coordinates":[[[-82.403826,39.539906],[-82.403783,39.540312],[-82.403521,39.540295],[-82.403564,39.539889],[-82.403826,39.539906]]]},"properties":{"p":"040008070000","o":"CLARKE, CASEY TRUSTEE","a":"","d":"LOGAN-HOCKING LOCAL SCHOOL DISTRICT","t":4089.77,"l":"","c":0}},{"type":"Feature","geometry":{"type":"Polygon","coordinates":[[[-82.401725,39.538501],[-82.401746,39.538304],[-82.401758,39.538194],[-82.401957,39.538207],[-82.401923,39.538514],[-82.401725,39.538501]]]},"properties":{"p":"040008500000","o":"MILLER, SCOTT","a":"","d":"LOGAN-HOCKING LOCAL SCHOOL DISTRICT","t":1350.87,"l":"","c":0}},{"type":"Feature","geometry":{"type":"Polygon","coordinates":[[[-82.400321,39.542844],[-82.399733,39.542713],[-82.399871,39.542631],[-82.399972,39.542571],[-82.400066,39.54251],[-82.400612,39.542661],[-82.400576,39.542739],[-82.400524,39.542724],[-82.400452,39.542792],[-82.400381,39.542857],[-82.400321,39.542844]]]},"properties":{"p":"040009550000","o":"STAMPER, JEANETTEL","a":"","d":"LOGAN-HOCKING LOCAL SCHOOL DISTRICT","t":437.73,"l":"","c":0}},{"type":"Feature","geometry":{"type":"Polygon","coordinates":[[[-82.401345,39.542083],[-82.40136,39.541911],[-82.401749,39.541931],[-82.401728,39.542189],[-82.401345,39.542083]]]},"properties":{"p":"040010170000","o":"MCCALL, ANNETTE M&CHARLESL","a":"","d":"LOGAN-HOCKING LOCAL SCHOOL DISTRICT","t":733.22,"l":"","c":0}},{"type":"Feature","geometry":{"type":"Polygon","coordinates":[[[-82.414292,39.540091],[-82.414138,39.539931],[-82.414197,39.539897],[-82.414284,39.539987],[-82.414351,39.540057],[-82.414292,39.540091]]]},"properties":{"p":"040010750000","o":"LEACH, KIM","a":"","d":"LOGAN-HOCKING LOCAL SCHOOL DISTRICT","t":156.54,"l":"","c":0}},{"type":"Feature","geometry":{"type":"Polygon","coordinates":[[[-82.414351,39.540057],[-82.414284,39.539987],[-82.414197,39.539897],[-82.414338,39.539816],[-82.414421,39.539768],[-82.414676,39.540032],[-82.414593,39.54008],[-82.414452,39.540161],[-82.414351,39.540057]]]},"properties":{"p":"040010760000","o":"LEACH, KIM","a":"","d":"LOGAN-HOCKING LOCAL SCHOOL DISTRICT","t":1319.47,"l":"","c":0}},{"type":"Feature","geometry":{"type":"Polygon","coordinates":[[[-82.416421,39.539023],[-82.416166,39.538759],[-82.416286,39.538689],[-82.416443,39.538844],[-82.41638,39.538881],[-82.416482,39.538987],[-82.416421,39.539023]]]},"properties":{"p":"040010880000","o":"THE FISHING DRAGONFLY, LLC","a":"","d":"LOGAN-HOCKING LOCAL SCHOOL DISTRICT","t":417.14,"l":"","c":0}},{"type":"Feature","geometry":{"type":"Polygon","coordinates":[[[-82.413819,39.544119],[-82.413823,39.544078],[-82.413832,39.543996],[-82.413839,39.543928],[-82.413843,39.54389],[-82.413849,39.543838],[-82.413853,39.543797],[-82.413857,39.543758],[-82.414087,39.54379],[-82.414049,39.544152],[-82.413819,39.544119]]]},"properties":{"p":"040011440000","o":"HOKE, ELIZABETHANN","a":"","d":"LOGAN-HOCKING LOCAL SCHOOL DISTRICT","t":2109.87,"l":"","c":0}},{"type":"Feature","geometry":{"type":"Polygon","coordinates":[[[-82.4167,39.539766],[-82.416715,39.539757],[-82.416883,39.539932],[-82.416868,39.539941],[-82.416727,39.540022],[-82.416559,39.539847],[-82.4167,39.539766]]]},"properties":{"p":"040011890000","o":"HEMBREE, TEMPEL","a":"","d":"LOGAN-HOCKING LOCAL SCHOOL DISTRICT","t":146.08,"l":"","c":0}},{"type":"Feature","geometry":{"type":"Polygon","coordinates":[[[-82.417164,39.540475],[-82.417499,39.540281],[-82.417604,39.54039],[-82.417269,39.540584],[-82.417164,39.540475]]]},"properties":{"p":"040012330000","o":"COFFILL,R.DANIEL","a":"","d":"LOGAN-HOCKING LOCAL SCHOOL DISTRICT","t":1026.88,"l":"","c":0}},{"type":"Feature","geometry":{"type":"Polygon","coordinates":[[[-82.417035,39.540593],[-82.41705,39.540584],[-82.417129,39.540665],[-82.417176,39.540715],[-82.417033,39.54072],[-82.416798,39.54073],[-82.416907,39.540667],[-82.417035,39.540593]]]},"properties":{"p":"040012360000","o":"STARNER, BRYAN","a":"","d":"LOGAN-HOCKING LOCAL SCHOOL DISTRICT","t":435.51,"l":"","c":0}},{"type":"Feature","geometry":{"type":"Polygon","coordinates":[[[-82.398208,39.541149],[-82.398272,39.541017],[-82.398708,39.541046],[-82.398693,39.541181],[-82.398208,39.541149]]]},"properties":{"p":"040013510000","o":"LANNING, KIMBERLY S&TREVORJ","a":"","d":"LOGAN-HOCKING LOCAL SCHOOL DISTRICT","t":431.08,"l":"","c":0}},{"type":"Feature","geometry":{"type":"Polygon","coordinates":[[[-82.39951,39.54292],[-82.399624,39.542814],[-82.400116,39.543034],[-82.400003,39.543139],[-82.399889,39.543245],[-82.399396,39.543025],[-82.39951,39.54292]]]},"properties":{"p":"040014220000","o":"PARRY, JOHNC TRUSTEE","a":"","d":"LOGAN-HOCKING LOCAL SCHOOL DISTRICT","t":858.03,"l":"","c":0}},{"type":"Feature","geometry":{"type":"Polygon","coordinates":[[[-82.405474,39.546189],[-82.405965,39.546216],[-82.406046,39.546368],[-82.406062,39.546398],[-82.405968,39.546392],[-82.405598,39.546372],[-82.405572,39.546371],[-82.405474,39.546189]]]},"properties":{"p":"040014320000","o":"HANEY,ROGER&MARY","a":"","d":"LOGAN-HOCKING LOCAL SCHOOL DISTRICT","t":1321.78,"l":"","c":0}},{"type":"Feature","geometry":{"type":"Polygon","coordinates":[[[-82.420662,39.541616],[-82.420748,39.541466],[-82.420837,39.541511],[-82.420997,39.541592],[-82.421126,39.541657],[-82.421059,39.541774],[-82.420992,39.541891],[-82.420934,39.541991],[-82.420708,39.541938],[-82.420774,39.541825],[-82.420606,39.541774],[-82.420576,39.541765],[-82.420662,39.541616]]]},"properties":{"p":"040014650000","o":"HUNTER STREET SALOON, LLC","a":"","d":"LOGAN-HOCKING LOCAL SCHOOL DISTRICT","t":2340.55,"l":"","c":0}},{"type":"Feature","geometry":{"type":"Polygon","coordinates":[[[-82.423243,39.543908],[-82.423283,39.543566],[-82.423454,39.543602],[-82.423414,39.543944],[-82.423243,39.543908]]]},"properties":{"p":"040015220000","o":"HOCKING HILLS RENTALS LLC","a":"","d":"LOGAN-HOCKING LOCAL SCHOOL DISTRICT","t":859.02,"l":"","c":0}},{"type":"Feature","geometry":{"type":"Polygon","coordinates":[[[-82.424409,39.544154],[-82.424448,39.543812],[-82.424619,39.543848],[-82.42458,39.54419],[-82.424409,39.544154]]]},"properties":{"p":"040015280000","o":"BUCKEYE POWERCLEANLLC","a":"","d":"LOGAN-HOCKING LOCAL SCHOOL DISTRICT","t":676.85,"l":"","c":0}},{"type":"Feature","geometry":{"type":"Polygon","coordinates":[[[-82.422858,39.544205],[-82.422896,39.543877],[-82.423067,39.543913],[-82.423029,39.544241],[-82.422858,39.544205]]]},"properties":{"p":"040015410000","o":"HARDEN, BRANDYJ","a":"","d":"LOGAN-HOCKING LOCAL SCHOOL DISTRICT","t":429.71,"l":"","c":0}},{"type":"Feature","geometry":{"type":"Polygon","coordinates":[[[-82.423029,39.544241],[-82.423067,39.543913],[-82.423239,39.543949],[-82.4232,39.544278],[-82.423029,39.544241]]]},"properties":{"p":"040015420000","o":"STIMEL,MELISSAL","a":"","d":"LOGAN-HOCKING LOCAL SCHOOL DISTRICT","t":474.33,"l":"","c":0}},{"type":"Feature","geometry":{"type":"Polygon","coordinates":[[[-82.421128,39.544298],[-82.421167,39.543962],[-82.421338,39.543998],[-82.421302,39.544311],[-82.421128,39.544298]]]},"properties":{"p":"040015520000","o":"FIGGINS, MELISSAA","a":"","d":"LOGAN-HOCKING LOCAL SCHOOL DISTRICT","t":1661.98,"l":"","c":0}},{"type":"Feature","geometry":{"type":"Polygon","coordinates":[[[-82.414002,39.543175],[-82.414009,39.543106],[-82.414412,39.543132],[-82.414405,39.5432],[-82.414122,39.543182],[-82.414002,39.543175]]]},"properties":{"p":"040016020000","o":"STIMMEL, JEFFREY & BRANHAM,M.J","a":"","d":"LOGAN-HOCKING LOCAL SCHOOL DISTRICT","t":1014.78,"l":"","c":0}},{"type":"Feature","geometry":{"type":"Polygon","coordinates":[[[-82.417884,39.54476],[-82.417897,39.544615],[-82.418333,39.544646],[-82.418317,39.544791],[-82.417884,39.54476]]]},"properties":{"p":"040016250000","o":"BREINING, BRIAN& SUSAN","a":"","d":"LOGAN-HOCKING LOCAL SCHOOL DISTRICT","t":610.65,"l":"","c":0}},{"type":"Feature","geometry":{"type":"Polygon","coordinates":[[[-82.407627,39.546413],[-82.407638,39.546293],[-82.408063,39.546312],[-82.408052,39.546432],[-82.407627,39.546413]]]},"properties":{"p":"040016430000","o":"MACE, TIMOTHY & MULLINS, GABR","a":"","d":"LOGAN-HOCKING LOCAL SCHOOL DISTRICT","t":1337.22,"l":"","c":0}},{"type":"Feature","geometry":{"type":"Polygon","coordinates":[[[-82.408605,39.531129],[-82.40862,39.530912],[-82.409061,39.530949],[-82.409206,39.531154],[-82.408605,39.531129]]]},"properties":{"p":"040017570000","o":"LEONARD, CHRSTINEL","a":"","d":"LOGAN-HOCKING LOCAL SCHOOL DISTRICT","t":416.26,"l":"","c":0}},{"type":"Feature","geometry":{"type":"Polygon","coordinates":[[[-82.403385,39.541734],[-82.403398,39.54161],[-82.403828,39.541637],[-82.403934,39.541643],[-82.403921,39.541767],[-82.403815,39.541761],[-82.403385,39.541734]]]},"properties":{"p":"040019360000","o":"WALDIE, CHRISTOPHER & DESTINEY","a":"","d":"LOGAN-HOCKING LOCAL SCHOOL DISTRICT","t":663.29,"l":"","c":0}},{"type":"Feature","geometry":{"type":"Polygon","coordinates":[[[-82.407388,39.541754],[-82.407603,39.541767],[-82.407591,39.541893],[-82.407375,39.54188],[-82.407388,39.541754]]]},"properties":{"p":"040019990000","o":"TURBEN, DAVIDA","a":"","d":"LOGAN-HOCKING LOCAL SCHOOL DISTRICT","t":1213.2,"l":"","c":0}},{"type":"Feature","geometry":{"type":"Polygon","coordinates":[[[-82.39672,39.53787],[-82.396746,39.53756],[-82.396923,39.537569],[-82.396897,39.537879],[-82.39672,39.53787]]]},"properties":{"p":"040021510000","o":"GRAHAM, SHANNON","a":"","d":"LOGAN-HOCKING LOCAL SCHOOL DISTRICT","t":895.34,"l":"","c":0}},{"type":"Feature","geometry":{"type":"Polygon","coordinates":[[[-82.395096,39.538591],[-82.395123,39.538267],[-82.3953,39.538276],[-82.395273,39.5386],[-82.395096,39.538591]]]},"properties":{"p":"040021940000","o":"ROSIER, CHARLES B.&MARYK","a":"","d":"LOGAN-HOCKING LOCAL SCHOOL DISTRICT","t":721.96,"l":"","c":0}},{"type":"Feature","geometry":{"type":"Polygon","coordinates":[[[-82.394919,39.538582],[-82.394946,39.538259],[-82.395123,39.538267],[-82.395096,39.538591],[-82.394919,39.538582]]]},"properties":{"p":"040021950000","o":"ROSIER, CHARLES B.&MARYK","a":"","d":"LOGAN-HOCKING LOCAL SCHOOL DISTRICT","t":124.07,"l":"","c":0}},{"type":"Feature","geometry":{"type":"Polygon","coordinates":[[[-82.393826,39.538895],[-82.393854,39.538572],[-82.39403,39.538581],[-82.394003,39.538904],[-82.393826,39.538895]]]},"properties":{"p":"040022080000","o":"KUHN, RODNEYP&MIRIAMR","a":"","d":"LOGAN-HOCKING LOCAL SCHOOL DISTRICT","t":1409.58,"l":"","c":0}},{"type":"Feature","geometry":{"type":"Polygon","coordinates":[[[-82.42633,39.543688],[-82.426435,39.54339],[-82.426521,39.543408],[-82.426606,39.543426],[-82.426692,39.543445],[-82.426777,39.543463],[-82.426863,39.543481],[-82.426757,39.543779],[-82.426672,39.543761],[-82.426586,39.543742],[-82.426501,39.543724],[-82.426415,39.543706],[-82.42633,39.543688]]]},"properties":{"p":"040022470000","o":"SPEEDWAY SUPERAMERICALLC","a":"","d":"LOGAN-HOCKING LOCAL SCHOOL DISTRICT","t":150.74,"l":"","c":0}},{"type":"Feature","geometry":{"type":"Polygon","coordinates":[[[-82.426757,39.543779],[-82.426863,39.543481],[-82.426948,39.543499],[-82.427034,39.543517],[-82.426928,39.543815],[-82.426842,39.543797],[-82.426757,39.543779]]]},"properties":{"p":"040022480000","o":"SPEEDWAY SUPERAMERICALLC","a":"","d":"LOGAN-HOCKING LOCAL SCHOOL DISTRICT","t":210.96,"l":"","c":0}},{"type":"Feature","geometry":{"type":"Polygon","coordinates":[[[-82.42725,39.545137],[-82.427359,39.544828],[-82.427445,39.544846],[-82.42753,39.544865],[-82.427421,39.545174],[-82.427335,39.545155],[-82.42725,39.545137]]]},"properties":{"p":"040022920000","o":"MCCAULEY, JOHN F & TONYABLUHM","a":"","d":"LOGAN-HOCKING LOCAL SCHOOL DISTRICT","t":439.97,"l":"","c":0}},{"type":"Feature","geometry":{"type":"Polygon","coordinates":[[[-82.424977,39.545106],[-82.425014,39.544775],[-82.425207,39.544817],[-82.425174,39.545149],[-82.424977,39.545106]]]},"properties":{"p":"040023450000","o":"ELLIS, DAVIDA. & KATHLEENA","a":"","d":"LOGAN-HOCKING LOCAL SCHOOL DISTRICT","t":488.18,"l":"","c":0}},{"type":"Feature","geometry":{"type":"Polygon","coordinates":[[[-82.410311,39.545238],[-82.410323,39.545111],[-82.410676,39.545136],[-82.410664,39.545259],[-82.410311,39.545238]]]},"properties":{"p":"040023540000","o":"MORGAN, WILLIAMP.TRUSTEE","a":"","d":"LOGAN-HOCKING LOCAL SCHOOL DISTRICT","t":279.84,"l":"","c":0}},{"type":"Feature","geometry":{"type":"Polygon","coordinates":[[[-82.416623,39.546562],[-82.416615,39.546534],[-82.416607,39.546513],[-82.417135,39.546539],[-82.417112,39.546813],[-82.416626,39.546789],[-82.416634,39.546695],[-82.416635,39.546683],[-82.416635,39.546674],[-82.416635,39.546659],[-82.416634,39.546635],[-82.416632,39.546612],[-82.416628,39.546585],[-82.416623,39.546562]]]},"properties":{"p":"040024310000","o":"BOWER,AMY","a":"","d":"LOGAN-HOCKING LOCAL SCHOOL DISTRICT","t":1004.26,"l":"","c":0}},{"type":"Feature","geometry":{"type":"Polygon","coordinates":[[[-82.405037,39.52769],[-82.40504,39.527662],[-82.405067,39.527473],[-82.405068,39.527472],[-82.405068,39.52747],[-82.405068,39.527468],[-82.405068,39.527466],[-82.405069,39.527464],[-82.40507,39.527462],[-82.40507,39.527461],[-82.405071,39.527459],[-82.405072,39.527457],[-82.405073,39.527455],[-82.405073,39.527454],[-82.405075,39.527452],[-82.405076,39.52745],[-82.405077,39.527449],[-82.405078,39.527447],[-82.405079,39.527446],[-82.405081,39.527444],[-82.405082,39.527443],[-82.405084,39.527441],[-82.405085,39.52744],[-82.405087,39.527439],[-82.405089,39.527437],[-82.40509,39.527436],[-82.405092,39.527435],[-82.405094,39.527434],[-82.405096,39.527433],[-82.405098,39.527432],[-82.4051,39.527431],[-82.405102,39.52743],[-82.405104,39.527429],[-82.405106,39.527428],[-82.405108,39.527427],[-82.40511,39.527426],[-82.405113,39.527426],[-82.405115,39.527425],[-82.405117,39.527425],[-82.405119,39.527424],[-82.405122,39.527424],[-82.405124,39.527423],[-82.405126,39.527423],[-82.405129,39.527423],[-82.405131,39.527423],[-82.405134,39.527423],[-82.405136,39.527422],[-82.405138,39.527423],[-82.405141,39.527423],[-82.405405,39.527442],[-82.405374,39.527693],[-82.405037,39.52769]]]},"properties":{"p":"040025260000","o":"COSPER, HAROLD & JACQUELINE","a":"","d":"LOGAN-HOCKING LOCAL SCHOOL DISTRICT","t":155.54,"l":"","c":0}},{"type":"Feature","geometry":{"type":"Polygon","coordinates":[[[-82.393936,39.537206],[-82.393958,39.536924],[-82.394134,39.536937],[-82.394311,39.536951],[-82.394487,39.536964],[-82.394664,39.536978],[-82.394643,39.537257],[-82.394466,39.537249],[-82.394416,39.537246],[-82.394289,39.537239],[-82.394112,39.537225],[-82.393936,39.537206]]]},"properties":{"p":"040026080000","o":"TAGGERT,HEATHERM","a":"","d":"LOGAN-HOCKING LOCAL SCHOOL DISTRICT","t":2894.71,"l":"","c":0}},{"type":"Feature","geometry":{"type":"Polygon","coordinates":[[[-82.397454,39.53739],[-82.397477,39.53715],[-82.397796,39.537168],[-82.397773,39.537405],[-82.397454,39.53739]]]},"properties":{"p":"040026640000","o":"BOWMAN BROCK& DALE","a":"","d":"LOGAN-HOCKING LOCAL SCHOOL DISTRICT","t":736.47,"l":"","c":0}},{"type":"Feature","geometry":{"type":"Polygon","coordinates":[[[-82.426008,39.542299],[-82.426476,39.542329],[-82.426713,39.542344],[-82.426693,39.542619],[-82.426696,39.542675],[-82.426792,39.542712],[-82.426781,39.542805],[-82.426685,39.543064],[-82.42668,39.543077],[-82.426636,39.543199],[-82.425926,39.543065],[-82.425938,39.542952],[-82.426008,39.542299]]]},"properties":{"p":"040026760100","o":"TERRAZA7,LLC","a":"","d":"LOGAN-HOCKING LOCAL SCHOOL DISTRICT","t":941.99,"l":"","c":0}},{"type":"Feature","geometry":{"type":"Polygon","coordinates":[[[-82.429112,39.543247],[-82.429207,39.5431],[-82.429508,39.543147],[-82.42941,39.543266],[-82.429393,39.543286],[-82.429112,39.543247]]]},"properties":{"p":"040026810000","o":"S&K CARWASH, LLC","a":"","d":"LOGAN-HOCKING LOCAL SCHOOL DISTRICT","t":426.11,"l":"","c":0}},{"type":"Feature","geometry":{"type":"Polygon","coordinates":[[[-82.429249,39.543035],[-82.42929,39.542972],[-82.429607,39.543026],[-82.429508,39.543147],[-82.429207,39.5431],[-82.429249,39.543035]]]},"properties":{"p":"040026820000","o":"S&K CARWASH, LLC","a":"","d":"LOGAN-HOCKING LOCAL SCHOOL DISTRICT","t":377.85,"l":"","c":0}},{"type":"Feature","geometry":{"type":"Polygon","coordinates":[[[-82.429369,39.54285],[-82.429448,39.542727],[-82.429797,39.542795],[-82.429702,39.54291],[-82.429607,39.543026],[-82.42929,39.542972],[-82.429369,39.54285]]]},"properties":{"p":"040026830000","o":"S&K CARWASH, LLC","a":"","d":"LOGAN-HOCKING LOCAL SCHOOL DISTRICT","t":1760.52,"l":"","c":0}},{"type":"Feature","geometry":{"type":"Polygon","coordinates":[[[-82.428592,39.54939],[-82.428676,39.54932],[-82.429584,39.549309],[-82.429587,39.549366],[-82.428592,39.54939]]]},"properties":{"p":"040026930200","o":"CUMMIN, DAVID& CRYSTAL","a":"","d":"LOGAN-HOCKING LOCAL SCHOOL DISTRICT","t":1513.19,"l":"","c":0}},{"type":"Feature","geometry":{"type":"Polygon","coordinates":[[[-82.404609,39.548385],[-82.404935,39.548265],[-82.404976,39.54834],[-82.405053,39.548484],[-82.404779,39.548684],[-82.404609,39.548385]]]},"properties":{"p":"040027410000","o":"NO 15 PROPERTIES, LLC","a":"","d":"LOGAN-HOCKING LOCAL SCHOOL DISTRICT","t":179,"l":"","c":0}},{"type":"Feature","geometry":{"type":"Polygon","coordinates":[[[-82.391314,39.546138],[-82.391679,39.546096],[-82.391699,39.546205],[-82.391278,39.546253],[-82.391266,39.546187],[-82.391314,39.546138]]]},"properties":{"p":"040029050000","o":"BARROW, DONALDL","a":"","d":"LOGAN-HOCKING LOCAL SCHOOL DISTRICT","t":692.68,"l":"","c":0}},{"type":"Feature","geometry":{"type":"Polygon","coordinates":[[[-82.391278,39.546253],[-82.391699,39.546205],[-82.39172,39.546313],[-82.391299,39.546361],[-82.391278,39.546253]]]},"properties":{"p":"040029060000","o":"BARROW, DONALDL","a":"","d":"LOGAN-HOCKING LOCAL SCHOOL DISTRICT","t":148.26,"l":"","c":0}},{"type":"Feature","geometry":{"type":"Polygon","coordinates":[[[-82.390946,39.547068],[-82.391367,39.54702],[-82.391388,39.547128],[-82.391408,39.547237],[-82.391438,39.547392],[-82.391003,39.547369],[-82.390987,39.547285],[-82.390967,39.547176],[-82.390946,39.547068]]]},"properties":{"p":"040029120000","o":"WRIGHT, VICKIL","a":"","d":"LOGAN-HOCKING LOCAL SCHOOL DISTRICT","t":1692.77,"l":"","c":0}},{"type":"Feature","geometry":{"type":"Polygon","coordinates":[[[-82.390925,39.546959],[-82.391346,39.546911],[-82.391367,39.54702],[-82.390946,39.547068],[-82.390925,39.546959]]]},"properties":{"p":"040029130000","o":"WRIGHT, VICKIL","a":"","d":"LOGAN-HOCKING LOCAL SCHOOL DISTRICT","t":176.21,"l":"","c":0}},{"type":"Feature","geometry":{"type":"Polygon","coordinates":[[[-82.390905,39.54685],[-82.391326,39.546802],[-82.391346,39.546911],[-82.390925,39.546959],[-82.390905,39.54685]]]},"properties":{"p":"040029140100","o":"WRIGHT, VICKIL","a":"","d":"LOGAN-HOCKING LOCAL SCHOOL DISTRICT","t":122.13,"l":"","c":0}},{"type":"Feature","geometry":{"type":"Polygon","coordinates":[[[-82.390801,39.546307],[-82.391222,39.546259],[-82.391243,39.546368],[-82.390822,39.546416],[-82.390801,39.546307]]]},"properties":{"p":"040029170000","o":"KINDER, KELLI","a":"","d":"LOGAN-HOCKING LOCAL SCHOOL DISTRICT","t":403.88,"l":"","c":0}},{"type":"Feature","geometry":{"type":"Polygon","coordinates":[[[-82.389787,39.545934],[-82.389861,39.545926],[-82.389923,39.546252],[-82.389849,39.54626],[-82.389699,39.546277],[-82.389637,39.545952],[-82.389787,39.545934]]]},"properties":{"p":"040029330000","o":"JOHNSON, MARKS","a":"","d":"LOGAN-HOCKING LOCAL SCHOOL DISTRICT","t":621.61,"l":"","c":0}},{"type":"Feature","geometry":{"type":"Polygon","coordinates":[[[-82.389287,39.544115],[-82.389708,39.544067],[-82.389729,39.544176],[-82.389308,39.544224],[-82.389287,39.544115]]]},"properties":{"p":"040029470000","o":"BROOKS, DAVIDJ&WENDYJ","a":"","d":"LOGAN-HOCKING LOCAL SCHOOL DISTRICT","t":122.13,"l":"","c":0}},{"type":"Feature","geometry":{"type":"Polygon","coordinates":[[[-82.430648,39.543124],[-82.430793,39.542832],[-82.430889,39.54285],[-82.431018,39.542898],[-82.431143,39.542944],[-82.431009,39.543106],[-82.430832,39.543116],[-82.430656,39.543126],[-82.430648,39.543124]]]},"properties":{"p":"040031360000","o":"EWD 6","a":"","d":"LOGAN-HOCKING LOCAL SCHOOL DISTRICT","t":321.16,"l":"","c":0}},{"type":"Feature","geometry":{"type":"Polygon","coordinates":[[[-82.41965,39.525946],[-82.420031,39.525897],[-82.420363,39.525855],[-82.420367,39.525872],[-82.420372,39.525888],[-82.420377,39.525905],[-82.420383,39.525922],[-82.42039,39.525942],[-82.420399,39.525962],[-82.420409,39.525981],[-82.420419,39.526001],[-82.42043,39.52602],[-82.420442,39.526038],[-82.420068,39.526189],[-82.420017,39.52621],[-82.420044,39.526334],[-82.419553,39.526354],[-82.419584,39.526223],[-82.419633,39.526018],[-82.41965,39.525946]]]},"properties":{"p":"040031770000","o":"GREEN, JONATHAN","a":"","d":"LOGAN-HOCKING LOCAL SCHOOL DISTRICT","t":1042.27,"l":"","c":0}},{"type":"Feature","geometry":{"type":"Polygon","coordinates":[[[-82.42153,39.525097],[-82.421551,39.525073],[-82.421571,39.525048],[-82.42159,39.525023],[-82.421608,39.524997],[-82.421625,39.52497],[-82.421641,39.524944],[-82.422752,39.525318],[-82.422934,39.525379],[-82.422964,39.525408],[-82.42328,39.525419],[-82.422936,39.525524],[-82.422441,39.525588],[-82.422336,39.525532],[-82.42153,39.525097]]]},"properties":{"p":"040032070000","o":"GREEN, JONATHAN","a":"","d":"LOGAN-HOCKING LOCAL SCHOOL DISTRICT","t":1178.86,"l":"","c":0}},{"type":"Feature","geometry":{"type":"Polygon","coordinates":[[[-82.421641,39.524944],[-82.421655,39.524917],[-82.421669,39.524889],[-82.421681,39.524861],[-82.421692,39.524833],[-82.421702,39.524805],[-82.42171,39.524776],[-82.422787,39.524956],[-82.422917,39.524978],[-82.422886,39.525081],[-82.42289,39.525337],[-82.422934,39.525379],[-82.422752,39.525318],[-82.421641,39.524944]]]},"properties":{"p":"040032080000","o":"GREEN, JONATHAN","a":"","d":"LOGAN-HOCKING LOCAL SCHOOL DISTRICT","t":1116.86,"l":"","c":0}},{"type":"Feature","geometry":{"type":"Polygon","coordinates":[[[-82.422861,39.524744],[-82.42177,39.524562],[-82.42183,39.524347],[-82.423031,39.524548],[-82.423155,39.524568],[-82.42315,39.524591],[-82.423001,39.524767],[-82.422861,39.524744]]]},"properties":{"p":"040032100000","o":"GREEN, JONATHAN","a":"","d":"LOGAN-HOCKING LOCAL SCHOOL DISTRICT","t":1042.27,"l":"","c":0}},{"type":"Feature","geometry":{"type":"Polygon","coordinates":[[[-82.423031,39.524548],[-82.42183,39.524347],[-82.42189,39.524132],[-82.423095,39.524334],[-82.423205,39.524352],[-82.423155,39.524568],[-82.423031,39.524548]]]},"properties":{"p":"040032110000","o":"GREEN, JONATHAN","a":"","d":"LOGAN-HOCKING LOCAL SCHOOL DISTRICT","t":1042.27,"l":"","c":0}},{"type":"Feature","geometry":{"type":"Polygon","coordinates":[[[-82.421907,39.524069],[-82.422334,39.524087],[-82.423182,39.524124],[-82.423255,39.524136],[-82.423205,39.524352],[-82.423095,39.524334],[-82.42189,39.524132],[-82.421907,39.524069]]]},"properties":{"p":"040032120000","o":"GREEN, JONATHAN","a":"","d":"LOGAN-HOCKING LOCAL SCHOOL DISTRICT","t":1042.27,"l":"","c":0}},{"type":"Feature","geometry":{"type":"Polygon","coordinates":[[[-82.423182,39.524124],[-82.423128,39.524114],[-82.42195,39.523917],[-82.42201,39.523703],[-82.423061,39.523879],[-82.423197,39.523901],[-82.42326,39.524112],[-82.423257,39.524127],[-82.423182,39.524124]]]},"properties":{"p":"040032130000","o":"GREEN, JONATHAN","a":"","d":"LOGAN-HOCKING LOCAL SCHOOL DISTRICT","t":1042.27,"l":"","c":0}},{"type":"Feature","geometry":{"type":"Polygon","coordinates":[[[-82.423085,39.523523],[-82.422437,39.523046],[-82.422632,39.522886],[-82.423466,39.5235],[-82.423579,39.523584],[-82.423197,39.523605],[-82.423085,39.523523]]]},"properties":{"p":"040032170000","o":"GREEN, JONATHAN","a":"","d":"LOGAN-HOCKING LOCAL SCHOOL DISTRICT","t":967.7,"l":"","c":0}},{"type":"Feature","geometry":{"type":"Polygon","coordinates":[[[-82.420182,39.524756],[-82.420188,39.524756],[-82.420194,39.524756],[-82.4202,39.524755],[-82.420206,39.524754],[-82.420212,39.524753],[-82.420218,39.524752],[-82.420224,39.52475],[-82.42023,39.524749],[-82.420235,39.524747],[-82.420241,39.524745],[-82.420247,39.524743],[-82.420252,39.524741],[-82.420257,39.524739],[-82.420263,39.524737],[-82.420268,39.524734],[-82.420273,39.524731],[-82.420278,39.524729],[-82.420283,39.524726],[-82.420287,39.524723],[-82.420292,39.524719],[-82.420296,39.524716],[-82.420301,39.524713],[-82.420305,39.524709],[-82.420309,39.524705],[-82.420312,39.524702],[-82.420316,39.524698],[-82.420319,39.524694],[-82.420323,39.52469],[-82.420326,39.524686],[-82.420329,39.524682],[-82.420331,39.524677],[-82.420334,39.524673],[-82.420336,39.524669],[-82.420338,39.524664],[-82.42034,39.52466],[-82.420342,39.524655],[-82.420343,39.52465],[-82.420344,39.524649],[-82.420345,39.524647],[-82.420345,39.524645],[-82.420346,39.524643],[-82.420347,39.524641],[-82.420348,39.52464],[-82.420349,39.524638],[-82.42035,39.524636],[-82.420351,39.524635],[-82.420353,39.524633],[-82.420354,39.524631],[-82.420356,39.52463],[-82.420357,39.524628],[-82.420359,39.524627],[-82.42036,39.524625],[-82.420362,39.524624],[-82.420364,39.524623],[-82.420366,39.524621],[-82.420367,39.52462],[-82.420369,39.524619],[-82.420371,39.524618],[-82.420373,39.524617],[-82.420375,39.524616],[-82.420378,39.524615],[-82.42038,39.524614],[-82.420382,39.524613],[-82.420384,39.524612],[-82.420386,39.524612],[-82.420389,39.524611],[-82.420391,39.52461],[-82.420393,39.52461],[-82.420396,39.524609],[-82.420398,39.524609],[-82.420401,39.524609],[-82.420403,39.524608],[-82.420405,39.524608],[-82.420408,39.524608],[-82.420489,39.524604],[-82.420523,39.525027],[-82.420394,39.525044],[-82.420207,39.525068],[-82.420182,39.524756]]]},"properties":{"p":"040032480000","o":"GREEN, JONATHAN","a":"","d":"LOGAN-HOCKING LOCAL SCHOOL DISTRICT","t":682.42,"l":"","c":0}},{"type":"Feature","geometry":{"type":"Polygon","coordinates":[[[-82.394496,39.548211],[-82.394723,39.547839],[-82.394803,39.547868],[-82.394883,39.547898],[-82.394915,39.547909],[-82.394941,39.547919],[-82.394896,39.548055],[-82.394806,39.548325],[-82.39478,39.548315],[-82.394656,39.54827],[-82.394576,39.548241],[-82.394496,39.548211]]]},"properties":{"p":"040032920000","o":"WALDECK, GILBERTA","a":"","d":"LOGAN-HOCKING LOCAL SCHOOL DISTRICT","t":185.08,"l":"","c":0}},{"type":"Feature","geometry":{"type":"Polygon","coordinates":[[[-82.394255,39.548123],[-82.394483,39.547751],[-82.394563,39.54778],[-82.394643,39.54781],[-82.394723,39.547839],[-82.394496,39.548211],[-82.394416,39.548182],[-82.394335,39.548153],[-82.394255,39.548123]]]},"properties":{"p":"040032930000","o":"WALDECK, GILBERTA","a":"","d":"LOGAN-HOCKING LOCAL SCHOOL DISTRICT","t":133.33,"l":"","c":0}},{"type":"Feature","geometry":{"type":"Polygon","coordinates":[[[-82.380077,39.53495],[-82.380103,39.534676],[-82.380457,39.534696],[-82.380431,39.53497],[-82.380077,39.53495]]]},"properties":{"p":"070000620600","o":"WALZ, TOMD","a":"","d":"LOGAN-HOCKING LOCAL SCHOOL DISTRICT","t":106.91,"l":"","c":0}},{"type":"Feature","geometry":{"type":"Polygon","coordinates":[[[-82.386566,39.546302],[-82.386641,39.546293],[-82.386703,39.546619],[-82.386628,39.546628],[-82.386479,39.546645],[-82.386417,39.546319],[-82.386566,39.546302]]]},"properties":{"p":"070001140000","o":"MODER, BRENDAN","a":"","d":"LOGAN-HOCKING LOCAL SCHOOL DISTRICT","t":225.6,"l":"","c":0}},{"type":"Feature","geometry":{"type":"Polygon","coordinates":[[[-82.385184,39.545069],[-82.385194,39.54485],[-82.385283,39.544853],[-82.385708,39.544871],[-82.385703,39.54498],[-82.385697,39.54509],[-82.385273,39.545073],[-82.385184,39.545069]]]},"properties":{"p":"070001370000","o":"GUESS, GREGORY &FORESTER, MARCY","a":"","d":"LOGAN-HOCKING LOCAL SCHOOL DISTRICT","t":540.38,"l":"","c":0}},{"type":"Feature","geometry":{"type":"Polygon","coordinates":[[[-82.385174,39.545289],[-82.385184,39.545069],[-82.385273,39.545073],[-82.385697,39.54509],[-82.385692,39.5452],[-82.385687,39.54531],[-82.385263,39.545292],[-82.385174,39.545289]]]},"properties":{"p":"070001370100","o":"GUESS, GREGORY &FORESTER, MARCY","a":"","d":"LOGAN-HOCKING LOCAL SCHOOL DISTRICT","t":129.86,"l":"","c":0}},{"type":"Feature","geometry":{"type":"Polygon","coordinates":[[[-82.41028,39.538013],[-82.410314,39.537624],[-82.410357,39.537625],[-82.410324,39.538015],[-82.41028,39.538013]]]},"properties":{"p":"040001850000","o":"ENDERLE, ALEX & VENKATESH, YR","a":"","d":"LOGAN-HOCKING LOCAL SCHOOL DISTRICT","t":1700.92,"l":"","c":0}},{"type":"Feature","geometry":{"type":"Polygon","coordinates":[[[-82.410324,39.538015],[-82.410357,39.537625],[-82.410494,39.537628],[-82.41046,39.538024],[-82.410324,39.538015]]]},"properties":{"p":"040001850000","o":"ENDERLE, ALEX & VENKATESH, YR","a":"","d":"LOGAN-HOCKING LOCAL SCHOOL DISTRICT","t":1700.92,"l":"","c":0}},{"type":"Feature","geometry":{"type":"Polygon","coordinates":[[[-82.410357,39.537625],[-82.410314,39.537624],[-82.410326,39.537482],[-82.41037,39.537479],[-82.410508,39.537468],[-82.410494,39.537628],[-82.410357,39.537625]]]},"properties":{"p":"040001850000","o":"ENDERLE, ALEX & VENKATESH, YR","a":"","d":"LOGAN-HOCKING LOCAL SCHOOL DISTRICT","t":1700.92,"l":"","c":0}},{"type":"Feature","geometry":{"type":"Polygon","coordinates":[[[-82.415962,39.542361],[-82.415983,39.54218],[-82.416099,39.542189],[-82.416078,39.542369],[-82.415962,39.542361]]]},"properties":{"p":"040006160100","o":"SCOTT, MARCUSALLEN","a":"","d":"LOGAN-HOCKING LOCAL SCHOOL DISTRICT","t":193.05,"l":"","c":0}},{"type":"Feature","geometry":{"type":"Polygon","coordinates":[[[-82.460676,39.560915],[-82.46059,39.56087],[-82.460601,39.560742],[-82.460689,39.560789],[-82.460676,39.560915]]]},"properties":{"p":"020001030400","o":"BROWN, GREGORYK","a":"","d":"LOGAN-HOCKING LOCAL SCHOOL DISTRICT","t":243.35,"l":"","c":0}},{"type":"Feature","geometry":{"type":"Polygon","coordinates":[[[-82.423182,39.524124],[-82.423257,39.524127],[-82.423255,39.524136],[-82.423182,39.524124]]]},"properties":{"p":"040032130000","o":"GREEN, JONATHAN","a":"","d":"LOGAN-HOCKING LOCAL SCHOOL DISTRICT","t":1042.27,"l":"","c":0}},{"type":"Feature","geometry":{"type":"Polygon","coordinates":[[[-82.421907,39.524069],[-82.42195,39.523917],[-82.423128,39.524114],[-82.423182,39.524124],[-82.422334,39.524087],[-82.421907,39.524069]]]},"properties":{"p":"040032120000","o":"GREEN, JONATHAN","a":"","d":"LOGAN-HOCKING LOCAL SCHOOL DISTRICT","t":1042.27,"l":"","c":0}},{"type":"Feature","geometry":{"type":"Polygon","coordinates":[[[-82.408381,39.524255],[-82.408437,39.524221],[-82.408388,39.524798],[-82.408307,39.52483],[-82.408142,39.524663],[-82.407977,39.524496],[-82.4081,39.524423],[-82.408266,39.524323],[-82.408321,39.524291],[-82.408381,39.524255]]]},"properties":{"p":"040001660200","o":"KEYNES, CHARLES H TRUSTEE","a":"","d":"LOGAN-HOCKING LOCAL SCHOOL DISTRICT","t":6101.24,"l":"","c":0}},{"type":"Feature","geometry":{"type":"Polygon","coordinates":[[[-82.408307,39.52483],[-82.408388,39.524798],[-82.408378,39.524902],[-82.408307,39.52483]]]},"properties":{"p":"040001660400","o":"KEYNES, CHARLES H TRUSTEE","a":"","d":"LOGAN-HOCKING LOCAL SCHOOL DISTRICT","t":584.98,"l":"","c":0}},{"type":"Feature","geometry":{"type":"Polygon","coordinates":[[[-82.407255,39.537993],[-82.407224,39.5384],[-82.40721,39.538399],[-82.407255,39.537993]]]},"properties":{"p":"040003750000","o":"SPEEDWAY SUPERAMERICALLC","a":"","d":"LOGAN-HOCKING LOCAL SCHOOL DISTRICT","t":380.11,"l":"","c":0}},{"type":"Feature","geometry":{"type":"Polygon","coordinates":[[[-82.280684,39.517808],[-82.280694,39.517756],[-82.280777,39.517186],[-82.280856,39.51719],[-82.283502,39.517313],[-82.283438,39.517956],[-82.280684,39.517808]]]},"properties":{"p":"060000120200","o":"VADWELLREALESTATELLC","a":"","d":"LOGAN-HOCKING LOCAL SCHOOL DISTRICT","t":3141.29,"l":"","c":0}},{"type":"Feature","geometry":{"type":"Polygon","coordinates":[[[-82.674109,39.549406],[-82.674906,39.549665],[-82.675714,39.549701],[-82.675914,39.549333],[-82.675938,39.549289],[-82.676002,39.54931],[-82.676163,39.549362],[-82.676161,39.549422],[-82.676119,39.550291],[-82.675972,39.550291],[-82.67548,39.550378],[-82.674289,39.550384],[-82.673649,39.55039],[-82.672813,39.550105],[-82.672546,39.55008],[-82.672207,39.54951],[-82.672121,39.549365],[-82.672095,39.549322],[-82.672201,39.549308],[-82.672464,39.54932],[-82.673194,39.549566],[-82.673518,39.549566],[-82.673761,39.549501],[-82.674036,39.549382],[-82.674109,39.549406]]]},"properties":{"p":"130006920700","o":"FOX,LUKEANTHONY","a":"","d":"LOGAN ELM LOCAL SCHOOL DISTRICT","t":452.28,"l":"","c":0}},{"type":"Feature","geometry":{"type":"Polygon","coordinates":[[[-82.686178,39.563321],[-82.686238,39.562642],[-82.686017,39.562627],[-82.686034,39.56238],[-82.686035,39.562353],[-82.686041,39.56227],[-82.686154,39.562275],[-82.687207,39.56232],[-82.6872,39.562402],[-82.687115,39.563361],[-82.686178,39.563321]]]},"properties":{"p":"130005870300","o":"MATUS, SUFYAN","a":"","d":"LOGAN ELM LOCAL SCHOOL DISTRICT","t":1066,"l":"","c":0}},{"type":"Feature","geometry":{"type":"Polygon","coordinates":[[[-82.671055,39.448025],[-82.671113,39.448067],[-82.67168,39.448396],[-82.672241,39.448679],[-82.672448,39.448752],[-82.672695,39.448818],[-82.672865,39.448871],[-82.673032,39.448946],[-82.673173,39.449034],[-82.673311,39.449145],[-82.67359,39.449384],[-82.673701,39.449466],[-82.673654,39.449909],[-82.673646,39.449984],[-82.670846,39.449805],[-82.671039,39.448162],[-82.671055,39.448025]]]},"properties":{"p":"150001800200","o":"LANE REALESTATE INVESTMENTSLLC","a":"","d":"LOGAN ELM LOCAL SCHOOL DISTRICT","t":315.87,"l":"","c":0}},{"type":"Feature","geometry":{"type":"Polygon","coordinates":[[[-82.561004,39.384939],[-82.561036,39.384833],[-82.560918,39.384639],[-82.555778,39.378699],[-82.555774,39.378696],[-82.559262,39.37887],[-82.559225,39.379303],[-82.560029,39.379371],[-82.561592,39.383692],[-82.562417,39.384699],[-82.562218,39.385375],[-82.562197,39.385448],[-82.561783,39.38536],[-82.561602,39.385308],[-82.561482,39.385251],[-82.561294,39.385134],[-82.561004,39.384939]]]},"properties":{"p":"010004580300","o":"BRAMLAGE, CHARLES J& VENETIA","a":"","d":"LOGAN-HOCKING LOCAL SCHOOL DISTRICT","t":11794.04,"l":"","c":0}},{"type":"Feature","geometry":{"type":"Polygon","coordinates":[[[-82.490523,39.611036],[-82.490506,39.611191],[-82.4904,39.611188],[-82.488766,39.61115],[-82.488718,39.611601],[-82.487975,39.611584],[-82.487613,39.610992],[-82.487714,39.61038],[-82.489879,39.610362],[-82.489971,39.610361],[-82.490027,39.610412],[-82.490079,39.610459],[-82.490116,39.610492],[-82.490155,39.61053],[-82.490189,39.610564],[-82.490287,39.610665],[-82.490314,39.610694],[-82.490339,39.610718],[-82.490367,39.610752],[-82.4904,39.610796],[-82.490427,39.610832],[-82.490451,39.610878],[-82.490463,39.610905],[-82.490475,39.610931],[-82.490493,39.610969],[-82.490501,39.610988],[-82.490523,39.611033],[-82.490523,39.611036]]]},"properties":{"p":"100002320000","o":"SPONAGLEFOURLLC","a":"","d":"LOGAN-HOCKING LOCAL SCHOOL DISTRICT","t":1494.22,"l":"","c":0}},{"type":"Feature","geometry":{"type":"Polygon","coordinates":[[[-82.487374,39.614238],[-82.487962,39.612687],[-82.490288,39.612303],[-82.490391,39.612285],[-82.490352,39.612664],[-82.490166,39.614444],[-82.489774,39.614415],[-82.489374,39.614386],[-82.488647,39.614332],[-82.488072,39.61429],[-82.487374,39.614238]]]},"properties":{"p":"100002320200","o":"SPONAGLEFOURLLC","a":"","d":"LOGAN-HOCKING LOCAL SCHOOL DISTRICT","t":384.31,"l":"","c":0}},{"type":"Feature","geometry":{"type":"Polygon","coordinates":[[[-82.488718,39.611601],[-82.488766,39.61115],[-82.4904,39.611188],[-82.490506,39.611191],[-82.490505,39.611201],[-82.49046,39.611642],[-82.490353,39.61164],[-82.488718,39.611601]]]},"properties":{"p":"100002320400","o":"SPONAGLEFOURLLC","a":"","d":"LOGAN-HOCKING LOCAL SCHOOL DISTRICT","t":891.31,"l":"","c":0}},{"type":"Feature","geometry":{"type":"Polygon","coordinates":[[[-82.414361,39.398921],[-82.414205,39.398922],[-82.41208,39.398942],[-82.412183,39.397901],[-82.414254,39.397926],[-82.414327,39.397927],[-82.414278,39.398236],[-82.414253,39.398614],[-82.414254,39.398785],[-82.414255,39.398796],[-82.414257,39.398809],[-82.41426,39.398821],[-82.414264,39.398832],[-82.414269,39.398843],[-82.414275,39.398854],[-82.414283,39.398864],[-82.414293,39.398876],[-82.414304,39.398886],[-82.414314,39.398895],[-82.414329,39.398905],[-82.414343,39.398913],[-82.414361,39.398921]]]},"properties":{"p":"190004470300","o":"TKARK","a":"","d":"LOGAN-HOCKING LOCAL SCHOOL DISTRICT","t":4342.55,"l":"","c":0}},{"type":"Feature","geometry":{"type":"Polygon","coordinates":[[[-82.499656,39.593458],[-82.499375,39.593101],[-82.4992,39.592838],[-82.499104,39.592693],[-82.49915,39.592696],[-82.502813,39.592929],[-82.502802,39.593066],[-82.502115,39.593615],[-82.499712,39.593462],[-82.499656,39.593458]]]},"properties":{"p":"050000040500","o":"BOCOOK, TRACY","a":"","d":"LOGAN-HOCKING LOCAL SCHOOL DISTRICT","t":327.18,"l":"","c":0}},{"type":"Feature","geometry":{"type":"Polygon","coordinates":[[[-82.499104,39.592693],[-82.49904,39.592598],[-82.4987,39.592105],[-82.498487,39.591864],[-82.498634,39.591872],[-82.501835,39.592049],[-82.501845,39.591909],[-82.502508,39.591946],[-82.502671,39.592093],[-82.502879,39.592104],[-82.502813,39.592929],[-82.49915,39.592696],[-82.499104,39.592693]]]},"properties":{"p":"050000040600","o":"BOCOOK, TRACY","a":"","d":"LOGAN-HOCKING LOCAL SCHOOL DISTRICT","t":508.29,"l":"","c":0}},{"type":"Feature","geometry":{"type":"Polygon","coordinates":[[[-82.685027,39.403843],[-82.685019,39.403946],[-82.684977,39.404349],[-82.684552,39.405051],[-82.684901,39.405071],[-82.684747,39.406542],[-82.683776,39.405947],[-82.68323,39.405598],[-82.683121,39.405528],[-82.683227,39.405426],[-82.683549,39.405048],[-82.683634,39.404961],[-82.683718,39.404893],[-82.683799,39.404841],[-82.684065,39.40471],[-82.684214,39.404638],[-82.684359,39.404558],[-82.684492,39.404467],[-82.684609,39.404373],[-82.684719,39.404268],[-82.684829,39.404151],[-82.684881,39.40409],[-82.685027,39.403843]]]},"properties":{"p":"150003900100","o":"FULTZYSKNOBLLC","a":"","d":"LOGAN ELM LOCAL SCHOOL DISTRICT","t":4190.87,"l":"","c":0}},{"type":"Feature","geometry":{"type":"Polygon","coordinates":[[[-82.463524,39.417063],[-82.463571,39.417817],[-82.463235,39.417802],[-82.462911,39.417873],[-82.462665,39.417893],[-82.462577,39.417389],[-82.462439,39.417163],[-82.463524,39.417063]]]},"properties":{"p":"190003770500","o":"SWANEY, WAYNE & TINA","a":"","d":"LOGAN-HOCKING LOCAL SCHOOL DISTRICT","t":102.71,"l":"","c":0}},{"type":"Feature","geometry":{"type":"Polygon","coordinates":[[[-82.489646,39.558299],[-82.490169,39.557184],[-82.490743,39.557233],[-82.490425,39.557744],[-82.491175,39.558184],[-82.490987,39.558569],[-82.489646,39.558299]]]},"properties":{"p":"020001430000","o":"CORBY,ANNAL","a":"","d":"LOGAN-HOCKING LOCAL SCHOOL DISTRICT","t":168.26,"l":"","c":0}},{"type":"Feature","geometry":{"type":"Polygon","coordinates":[[[-82.490368,39.55676],[-82.490337,39.556825],[-82.490169,39.557184],[-82.489712,39.557145],[-82.489746,39.556784],[-82.489747,39.556774],[-82.489753,39.556702],[-82.489775,39.556703],[-82.490042,39.55672],[-82.49029,39.556745],[-82.490368,39.55676]]]},"properties":{"p":"020001850202","o":"CORBY, JOSEPHW","a":"","d":"LOGAN-HOCKING LOCAL SCHOOL DISTRICT","t":320.84,"l":"","c":0}},{"type":"Feature","geometry":{"type":"Polygon","coordinates":[[[-82.539058,39.489918],[-82.539153,39.489651],[-82.540471,39.48908],[-82.540538,39.48905],[-82.540817,39.48922],[-82.540801,39.489336],[-82.540683,39.490191],[-82.539058,39.489918]]]},"properties":{"p":"080003480400","o":"BROCK, KENNETHC &DEBRAS","a":"","d":"LOGAN-HOCKING LOCAL SCHOOL DISTRICT","t":1047.71,"l":"","c":0}},{"type":"Feature","geometry":{"type":"Polygon","coordinates":[[[-82.349863,39.547352],[-82.349857,39.547413],[-82.349808,39.547915],[-82.349571,39.550354],[-82.348416,39.5503],[-82.348458,39.549931],[-82.348711,39.547691],[-82.348641,39.547545],[-82.3487,39.547527],[-82.348765,39.547509],[-82.348822,39.547495],[-82.348892,39.547479],[-82.348953,39.547466],[-82.349021,39.547453],[-82.349081,39.547443],[-82.349151,39.547433],[-82.349689,39.547361],[-82.349729,39.547358],[-82.349776,39.547356],[-82.349818,39.547354],[-82.349863,39.547352]]]},"properties":{"p":"060003460400","o":"MARCUM, DANIELR","a":"","d":"LOGAN-HOCKING LOCAL SCHOOL DISTRICT","t":446.41,"l":"","c":0}},{"type":"Feature","geometry":{"type":"Polygon","coordinates":[[[-82.348711,39.547691],[-82.348458,39.549931],[-82.34499,39.549217],[-82.344852,39.549188],[-82.344875,39.548996],[-82.344881,39.548941],[-82.344906,39.548808],[-82.344928,39.548763],[-82.34493,39.548757],[-82.344944,39.548724],[-82.344992,39.548656],[-82.345041,39.548614],[-82.345056,39.548599],[-82.345099,39.548579],[-82.345212,39.548527],[-82.345365,39.548495],[-82.345963,39.548429],[-82.346884,39.548328],[-82.346906,39.548326],[-82.346952,39.54832],[-82.347006,39.548312],[-82.347056,39.548303],[-82.347105,39.548292],[-82.347152,39.548281],[-82.347201,39.548267],[-82.347246,39.548254],[-82.347296,39.548237],[-82.347339,39.548221],[-82.347387,39.548202],[-82.347428,39.548184],[-82.347475,39.548162],[-82.347513,39.548143],[-82.347559,39.548117],[-82.347597,39.548094],[-82.347639,39.548068],[-82.34789,39.547905],[-82.347942,39.547871],[-82.348,39.547834],[-82.348055,39.547801],[-82.348114,39.547767],[-82.348169,39.547738],[-82.348233,39.547706],[-82.348294,39.547677],[-82.348356,39.547649],[-82.348418,39.547624],[-82.348483,39.547599],[-82.348546,39.547576],[-82.348614,39.547553],[-82.348641,39.547545],[-82.348711,39.547691]]]},"properties":{"p":"060003460404","o":"MARCUM, DANIELR","a":"","d":"LOGAN-HOCKING LOCAL SCHOOL DISTRICT","t":5852.55,"l":"","c":0}},{"type":"Feature","geometry":{"type":"Polygon","coordinates":[[[-82.344827,39.549407],[-82.344852,39.549188],[-82.34499,39.549217],[-82.348458,39.549931],[-82.348416,39.5503],[-82.345959,39.550186],[-82.345244,39.550152],[-82.344889,39.550136],[-82.344747,39.550129],[-82.34475,39.550095],[-82.344751,39.550082],[-82.344798,39.549662],[-82.344827,39.549407]]]},"properties":{"p":"060003460403","o":"MARCUM, TIMOTHY L& DANIELS,B","a":"","d":"LOGAN-HOCKING LOCAL SCHOOL DISTRICT","t":1666.56,"l":"","c":0}},{"type":"Feature","geometry":{"type":"Polygon","coordinates":[[[-82.677918,39.495324],[-82.677875,39.495851],[-82.677866,39.49596],[-82.677513,39.495989],[-82.676102,39.496157],[-82.676095,39.496099],[-82.676088,39.496036],[-82.67613,39.495925],[-82.676111,39.495722],[-82.6767,39.495675],[-82.677841,39.495346],[-82.677918,39.495324]]]},"properties":{"p":"130003240200","o":"PUCKETT, PAMELAJ&GARYL","a":"","d":"LOGAN ELM LOCAL SCHOOL DISTRICT","t":349.77,"l":"","c":0}},{"type":"Feature","geometry":{"type":"Polygon","coordinates":[[[-82.496745,39.580685],[-82.497599,39.580212],[-82.498075,39.580446],[-82.497978,39.58155],[-82.49756,39.581114],[-82.496745,39.580685]]]},"properties":{"p":"100004700600","o":"AMONG THE TREES, LLC","a":"","d":"LOGAN-HOCKING LOCAL SCHOOL DISTRICT","t":1218.06,"l":"","c":0}},{"type":"Feature","geometry":{"type":"Polygon","coordinates":[[[-82.498075,39.580446],[-82.498698,39.580751],[-82.498536,39.582132],[-82.497978,39.58155],[-82.498075,39.580446]]]},"properties":{"p":"050001681200","o":"AMONG THE TREES, LLC","a":"","d":"LOGAN-HOCKING LOCAL SCHOOL DISTRICT","t":342.74,"l":"","c":0}},{"type":"Feature","geometry":{"type":"Polygon","coordinates":[[[-82.615427,39.514634],[-82.615536,39.514653],[-82.618247,39.515113],[-82.618085,39.516903],[-82.616598,39.516859],[-82.616555,39.516778],[-82.616496,39.516649],[-82.61644,39.516523],[-82.616386,39.516382],[-82.616344,39.51628],[-82.616297,39.516189],[-82.616246,39.516099],[-82.616135,39.515938],[-82.616058,39.515826],[-82.615987,39.515705],[-82.615926,39.515584],[-82.615857,39.515457],[-82.615769,39.51529],[-82.615626,39.515008],[-82.615503,39.514772],[-82.615427,39.514634]]]},"properties":{"p":"090000450300","o":"BAKER, JEFFREYC &MARLAJ","a":"","d":"LOGAN ELM LOCAL SCHOOL DISTRICT","t":227.49,"l":"","c":0}},{"type":"Feature","geometry":{"type":"Polygon","coordinates":[[[-82.340172,39.526278],[-82.34238,39.52639],[-82.342498,39.526396],[-82.342467,39.526759],[-82.342446,39.527013],[-82.34234,39.527007],[-82.34012,39.526895],[-82.340172,39.526278]]]},"properties":{"p":"060003350200","o":"HERNANDEZ-CRUZ, MIGUEL & VARGAS","a":"","d":"LOGAN-HOCKING LOCAL SCHOOL DISTRICT","t":221.8,"l":"","c":0}},{"type":"Feature","geometry":{"type":"Polygon","coordinates":[[[-82.378126,39.513732],[-82.3783,39.513491],[-82.378538,39.513565],[-82.380237,39.514098],[-82.379906,39.514361],[-82.379884,39.514379],[-82.379864,39.514396],[-82.379846,39.514413],[-82.379832,39.514426],[-82.379818,39.514438],[-82.379797,39.514459],[-82.379772,39.514486],[-82.379751,39.514508],[-82.379735,39.514526],[-82.379728,39.514534],[-82.378126,39.513732]]]},"properties":{"p":"060005415300","o":"QUESTIRA,INC","a":"","d":"LOGAN-HOCKING LOCAL SCHOOL DISTRICT","t":118.34,"l":"","c":0}},{"type":"Feature","geometry":{"type":"Polygon","coordinates":[[[-82.507709,39.512592],[-82.507573,39.513706],[-82.507568,39.513748],[-82.50693,39.513511],[-82.50609,39.513465],[-82.506104,39.513348],[-82.506236,39.512271],[-82.507739,39.512353],[-82.507709,39.512592]]]},"properties":{"p":"080002010000","o":"LILLY, DOUGLASP","a":"","d":"LOGAN-HOCKING LOCAL SCHOOL DISTRICT","t":1113.65,"l":"","c":0}}]}