{"type":"FeatureCollection","features":[{"type":"Feature","geometry":{"type":"Polygon","coordinates":[[[-82.716802,41.066925],[-82.716797,41.066815],[-82.717186,41.066817],[-82.717191,41.066927],[-82.716802,41.066925]]]},"properties":{"p":"24-028A-03-087-0000","o":"TACKETT JOHNATHON JORDAN","a":"2745 ST RT 99 S WILLARD 44890","d":"WILLARD CITY SCHOOL DISTRICT","t":949.15,"l":"510: Res-Single Family","c":0}},{"type":"Feature","geometry":{"type":"Polygon","coordinates":[[[-82.716797,41.066815],[-82.716792,41.066706],[-82.717181,41.066707],[-82.717186,41.066817],[-82.716797,41.066815]]]},"properties":{"p":"24-028A-03-086-0000","o":"TACKETT JOHNATHON JORDAN","a":"ST RT 99 S WILLARD 44890","d":"WILLARD CITY SCHOOL DISTRICT","t":35,"l":"500: Res-Vacant Land","c":0}},{"type":"Feature","geometry":{"type":"Polygon","coordinates":[[[-82.717659,41.065284],[-82.717145,41.065281],[-82.717141,41.065171],[-82.717654,41.065174],[-82.717659,41.065284]]]},"properties":{"p":"24-028A-03-037-0000","o":"TACKETT JERRY LEE JR & STACEY M","a":"2804 SMITH ST WILLARD 44890","d":"WILLARD CITY SCHOOL DISTRICT","t":312.77,"l":"510: Res-Single Family","c":0}},{"type":"Feature","geometry":{"type":"Polygon","coordinates":[[[-82.718186,41.064409],[-82.717692,41.064406],[-82.717688,41.064297],[-82.718181,41.064299],[-82.718186,41.064409]]]},"properties":{"p":"24-028A-03-008-0000","o":"STRIKER JEROMY A","a":"SMITH ST WILLARD 44890","d":"WILLARD CITY SCHOOL DISTRICT","t":110.44,"l":"500: Res-Vacant Land","c":0}},{"type":"Feature","geometry":{"type":"Polygon","coordinates":[[[-82.682243,41.033496],[-82.682213,41.033497],[-82.682185,41.032954],[-82.682454,41.032947],[-82.682482,41.03349],[-82.682243,41.033496]]]},"properties":{"p":"24-0280-01-151-0000","o":"GARRETT RICHARD LOUIS & LOIS J KELLER ETAL","a":"2705 PRAIRIE ST NEW HAVEN 44850","d":"WILLARD CITY SCHOOL DISTRICT","t":637.12,"l":"500: Res-Vacant Land","c":0}},{"type":"Feature","geometry":{"type":"Polygon","coordinates":[[[-82.683921,41.033544],[-82.683144,41.033564],[-82.68313,41.033292],[-82.683847,41.033274],[-82.683857,41.033455],[-82.683916,41.033454],[-82.683921,41.033544]]]},"properties":{"p":"24-0280-01-114-0000","o":"REED JOSEPH & MOLLIE","a":"3961 WEST ST NEW HAVEN 44850","d":"WILLARD CITY SCHOOL DISTRICT","t":780.62,"l":"560: Res-Mobile Home","c":0}},{"type":"Feature","geometry":{"type":"Polygon","coordinates":[[[-82.681081,41.036153],[-82.681053,41.03561],[-82.681313,41.035604],[-82.681335,41.036147],[-82.681081,41.036153]]]},"properties":{"p":"24-0280-01-081-0000","o":"GARCIA KRISTA L","a":"2666 NORTH ST NEW HAVEN 44850","d":"WILLARD CITY SCHOOL DISTRICT","t":693.19,"l":"560: Res-Mobile Home","c":0}},{"type":"Feature","geometry":{"type":"Polygon","coordinates":[[[-82.704747,41.053458],[-82.704565,41.053456],[-82.704543,41.05295],[-82.704724,41.052952],[-82.704747,41.053458]]]},"properties":{"p":"24-0130-02-001-0000","o":"JACKSON EMILY & DENNIS W/LE ETAL","a":"ST RT 103 WILLARD 44890","d":"WILLARD CITY SCHOOL DISTRICT","t":79.81,"l":"500: Res-Vacant Land","c":0}},{"type":"Feature","geometry":{"type":"Polygon","coordinates":[[[-82.681266,41.023943],[-82.68088,41.024007],[-82.680842,41.023145],[-82.681224,41.023106],[-82.681266,41.023943]]]},"properties":{"p":"24-0040-01-070-0000","o":"NAWALANIEC JOHN L & CHRISTINE E OR SURV","a":"ST RT 61 S PLYMOUTH 44865","d":"WILLARD CITY SCHOOL DISTRICT","t":85.1,"l":"501: Res-Custom Code","c":0}},{"type":"Feature","geometry":{"type":"Polygon","coordinates":[[[-82.705705,41.053508],[-82.705725,41.053991],[-82.706578,41.054001],[-82.706586,41.054186],[-82.704593,41.054146],[-82.704565,41.053456],[-82.705037,41.053464],[-82.705038,41.053502],[-82.705705,41.053508]]]},"properties":{"p":"24-0030-02-037-0000","o":"JACKSON EMILY & DENNIS W/LE ETAL","a":"ST RT 103 AVE WILLARD 44890","d":"WILLARD CITY SCHOOL DISTRICT","t":78.59,"l":"599: Res-Other","c":0}},{"type":"Feature","geometry":{"type":"Polygon","coordinates":[[[-82.684964,41.053258],[-82.682376,41.053224],[-82.682331,41.052674],[-82.684977,41.052712],[-82.684964,41.053258]]]},"properties":{"p":"24-0030-02-018-0100","o":"NEWMAN LAURA L & KEVIN R","a":"2698 ST RT 103 WILLARD 44890","d":"WILLARD CITY SCHOOL DISTRICT","t":994.97,"l":"511: Res-Custom Code","c":0}},{"type":"Feature","geometry":{"type":"Polygon","coordinates":[[[-82.674542,41.03322],[-82.674947,41.034028],[-82.674914,41.034431],[-82.674626,41.034454],[-82.674332,41.034086],[-82.674114,41.034],[-82.674082,41.033217],[-82.674542,41.03322]]]},"properties":{"p":"24-0020-02-054-0300","o":"LUSIGNAN ANASTASIA & RYAN OR SURV","a":"US HWY 224 W PLYMOUTH 44865","d":"WILLARD CITY SCHOOL DISTRICT","t":137.53,"l":"599: Res-Other","c":0}},{"type":"Feature","geometry":{"type":"Polygon","coordinates":[[[-82.655772,41.046671],[-82.655775,41.045529],[-82.656138,41.04553],[-82.656131,41.046673],[-82.655772,41.046671]]]},"properties":{"p":"24-0020-02-023-0100","o":"BOWSER AMANDA","a":"GREEN BUSH RD WILLARD 44890","d":"WILLARD CITY SCHOOL DISTRICT","t":33.98,"l":"500: Res-Vacant Land","c":0}},{"type":"Feature","geometry":{"type":"Polygon","coordinates":[[[-82.668176,41.063948],[-82.668154,41.063511],[-82.668197,41.062989],[-82.669061,41.063001],[-82.669105,41.063923],[-82.668176,41.063948]]]},"properties":{"p":"24-0020-01-026-0100","o":"PHILLIPS BRENT R","a":"2853 ST RT 61 S WILLARD 44857","d":"WILLARD CITY SCHOOL DISTRICT","t":865.96,"l":"511: Res-Custom Code","c":0}},{"type":"Feature","geometry":{"type":"Polygon","coordinates":[[[-82.679313,41.024057],[-82.678975,41.023339],[-82.680842,41.023145],[-82.680876,41.023909],[-82.679313,41.024057]]]},"properties":{"p":"24-0010-02-118-0000","o":"NAWALANIEC JOHN L & CHRISTINE E OR SURV","a":"4331 ST RT 61 S PLYMOUTH 44865","d":"WILLARD CITY SCHOOL DISTRICT","t":1346.79,"l":"511: Res-Custom Code","c":0}},{"type":"Feature","geometry":{"type":"Polygon","coordinates":[[[-82.679313,41.024057],[-82.680876,41.023909],[-82.68088,41.024007],[-82.68046,41.024078],[-82.679366,41.024173],[-82.679313,41.024057]]]},"properties":{"p":"24-0010-02-117-0000","o":"NAWALANIEC JOHN L & CHRISTINE E OR SURV","a":"ST RT 61 S PLYMOUTH 44865","d":"WILLARD CITY SCHOOL DISTRICT","t":103.14,"l":"501: Res-Custom Code","c":0}},{"type":"Feature","geometry":{"type":"Polygon","coordinates":[[[-82.653882,41.018967],[-82.653964,41.020509],[-82.652372,41.020495],[-82.652293,41.018963],[-82.653882,41.018967]]]},"properties":{"p":"24-0010-02-005-0700","o":"MUNCY TYLER P & CIETTA M","a":"4505 MILLS RD PLYMOUTH 44865","d":"WILLARD CITY SCHOOL DISTRICT","t":2273.46,"l":"560: Res-Mobile Home","c":0}},{"type":"Feature","geometry":{"type":"Polygon","coordinates":[[[-82.653882,41.018967],[-82.652293,41.018963],[-82.652285,41.018814],[-82.653882,41.018967]]]},"properties":{"p":"24-0010-02-004-0203","o":"MUNCY TYLER P & CIETTA M","a":"4505 MILLS RD PLYMOUTH 44865","d":"WILLARD CITY SCHOOL DISTRICT","t":36.52,"l":"501: Res-Custom Code","c":0}},{"type":"Feature","geometry":{"type":"Polygon","coordinates":[[[-82.665084,40.996135],[-82.664911,40.996172],[-82.664903,40.995987],[-82.66504,40.995956],[-82.665084,40.996135]]]},"properties":{"p":"23-024E-03-051-0000","o":"MILLER DAVID","a":"9 SPRING ST PLYMOUTH 44865","d":"PLYMOUTH-SHILOH LOCAL SCHOOL DISTRICT","t":298.2,"l":"510: Res-Single Family","c":0}},{"type":"Feature","geometry":{"type":"Polygon","coordinates":[[[-82.665701,40.995867],[-82.665518,40.995909],[-82.665495,40.995852],[-82.665679,40.995811],[-82.665701,40.995867]]]},"properties":{"p":"23-024E-03-039-0000","o":"3B UNLIMITED LLC","a":"24 SANDUSKY ST PLYMOUTH 44865","d":"PLYMOUTH-SHILOH LOCAL SCHOOL DISTRICT","t":730,"l":"435: Com-Drive In","c":0}},{"type":"Feature","geometry":{"type":"Polygon","coordinates":[[[-82.665572,41.000223],[-82.66549,41.000025],[-82.666007,40.999904],[-82.666141,41.000231],[-82.665572,41.000223]]]},"properties":{"p":"23-024E-03-013-0000","o":"GRIFFITTS BILLY L JR","a":"178 MAPLE ST PLYMOUTH 44865","d":"PLYMOUTH-SHILOH LOCAL SCHOOL DISTRICT","t":1008.45,"l":"500: Res-Vacant Land","c":0}},{"type":"Feature","geometry":{"type":"Polygon","coordinates":[[[-82.66768,40.997238],[-82.667198,40.997338],[-82.667111,40.997121],[-82.66767,40.99702],[-82.66768,40.997238]]]},"properties":{"p":"23-024E-02-013-0000","o":"RKN1981 LLC","a":"NEW ST PLYMOUTH 44865","d":"PLYMOUTH-SHILOH LOCAL SCHOOL DISTRICT","t":692.27,"l":"400: Com-Vacant Land","c":0}},{"type":"Feature","geometry":{"type":"Polygon","coordinates":[[[-82.667328,40.99766],[-82.667198,40.997338],[-82.66768,40.997238],[-82.667694,40.997565],[-82.667328,40.99766]]]},"properties":{"p":"23-024E-02-012-0000","o":"RKN1981 LLC","a":"57 BRAZILIAN ST PLYMOUTH 44865","d":"PLYMOUTH-SHILOH LOCAL SCHOOL DISTRICT","t":1856.66,"l":"420: Com-Retail-Small","c":0}},{"type":"Feature","geometry":{"type":"Polygon","coordinates":[[[-82.670554,40.996265],[-82.670511,40.996265],[-82.6705,40.996084],[-82.669945,40.99608],[-82.669933,40.99588],[-82.670531,40.995887],[-82.670554,40.996265]]]},"properties":{"p":"23-024E-01-057-0000","o":"DUNCAN TAMI L & ERIC W","a":"25 PARK AVE PLYMOUTH 44865","d":"PLYMOUTH-SHILOH LOCAL SCHOOL DISTRICT","t":27.99,"l":"510: Res-Single Family","c":0}},{"type":"Feature","geometry":{"type":"Polygon","coordinates":[[[-82.669001,40.996789],[-82.668974,40.996337],[-82.669213,40.996338],[-82.66924,40.99679],[-82.669001,40.996789]]]},"properties":{"p":"23-024E-01-029-0000","o":"SCHEFFLER WILLIS A","a":"101 WALNUT ST PLYMOUTH 44865","d":"PLYMOUTH-SHILOH LOCAL SCHOOL DISTRICT","t":1303.82,"l":"510: Res-Single Family","c":0}},{"type":"Feature","geometry":{"type":"Polygon","coordinates":[[[-82.66823,40.996465],[-82.668218,40.996281],[-82.668519,40.996283],[-82.668518,40.996388],[-82.668562,40.996388],[-82.668562,40.996467],[-82.66823,40.996465]]]},"properties":{"p":"23-024E-01-026-0000","o":"DEBS SHALENA D","a":"WALNUT ST PLYMOUTH 44865","d":"PLYMOUTH-SHILOH LOCAL SCHOOL DISTRICT","t":327.55,"l":"599: Res-Other","c":0}},{"type":"Feature","geometry":{"type":"Polygon","coordinates":[[[-82.668304,40.996785],[-82.66823,40.996465],[-82.668562,40.996467],[-82.668562,40.996388],[-82.668606,40.996388],[-82.668606,40.996334],[-82.668618,40.996334],[-82.668645,40.996787],[-82.668304,40.996785]]]},"properties":{"p":"23-024E-01-025-0000","o":"DEBS SHALENA D","a":"87 WALNUT ST PLYMOUTH 44865","d":"PLYMOUTH-SHILOH LOCAL SCHOOL DISTRICT","t":1310.28,"l":"510: Res-Single Family","c":0}},{"type":"Feature","geometry":{"type":"Polygon","coordinates":[[[-82.670112,40.998799],[-82.6701,40.998608],[-82.670762,40.998613],[-82.67076,40.99881],[-82.670112,40.998799]]]},"properties":{"p":"23-024E-01-008-0000","o":"HALE SANDRA","a":"107 PARK AVE PLYMOUTH 44865","d":"PLYMOUTH-SHILOH LOCAL SCHOOL DISTRICT","t":62.25,"l":"510: Res-Single Family","c":0}},{"type":"Feature","geometry":{"type":"Polygon","coordinates":[[[-82.678218,40.997453],[-82.678209,40.997234],[-82.678823,40.997229],[-82.678832,40.997449],[-82.678218,40.997453]]]},"properties":{"p":"23-024D-02-014-0000","o":"FRISCH DANIEL N","a":"LAKE DR PLYMOUTH 44865","d":"PLYMOUTH-SHILOH LOCAL SCHOOL DISTRICT","t":49.33,"l":"500: Res-Vacant Land","c":0}},{"type":"Feature","geometry":{"type":"Polygon","coordinates":[[[-82.673113,40.996809],[-82.672206,40.996803],[-82.672177,40.996329],[-82.673086,40.996335],[-82.673113,40.996809]]]},"properties":{"p":"23-024D-01-030-0000","o":"STEVENS KATHERINE G","a":"WALNUT ST PLYMOUTH 44865","d":"PLYMOUTH-SHILOH LOCAL SCHOOL DISTRICT","t":2.13,"l":"699: Exm-Custom Code","c":0}},{"type":"Feature","geometry":{"type":"Polygon","coordinates":[[[-82.671655,40.997264],[-82.671365,40.997263],[-82.671345,40.996934],[-82.671779,40.996937],[-82.671799,40.997265],[-82.671655,40.997264]]]},"properties":{"p":"23-024D-01-016-0000","o":"SHIREY RICKY & CHRISTINE","a":"168 WALNUT ST PLYMOUTH 44865","d":"PLYMOUTH-SHILOH LOCAL SCHOOL DISTRICT","t":484.04,"l":"510: Res-Single Family","c":0}},{"type":"Feature","geometry":{"type":"Polygon","coordinates":[[[-82.671456,40.996161],[-82.671463,40.996271],[-82.671224,40.996269],[-82.671168,40.995365],[-82.671407,40.995367],[-82.671456,40.996161]]]},"properties":{"p":"23-024D-01-009-0000","o":"DANNEMILLER RICHARD A II","a":"158 W BROADWAY ST PLYMOUTH 44865","d":"PLYMOUTH-SHILOH LOCAL SCHOOL DISTRICT","t":131.44,"l":"599: Res-Other","c":0}},{"type":"Feature","geometry":{"type":"Polygon","coordinates":[[[-82.785301,41.28396],[-82.785014,41.283153],[-82.786376,41.283192],[-82.786109,41.283761],[-82.785505,41.284025],[-82.785457,41.283892],[-82.785301,41.28396]]]},"properties":{"p":"20-039A-01-045-0700","o":"MEADE JEREMY S","a":"5110 ST RT 4 BELLEVUE 44811","d":"BELLEVUE CITY SCHOOL DISTRICT","t":784.72,"l":"500: Res-Vacant Land","c":0}},{"type":"Feature","geometry":{"type":"Polygon","coordinates":[[[-82.790001,41.284344],[-82.789402,41.284501],[-82.788982,41.283592],[-82.789597,41.283417],[-82.790001,41.284344]]]},"properties":{"p":"20-039A-01-019-0000","o":"MUSSER WILLIAM L & SHARON G","a":"5458 EDMONDS RD BELLEVUE 44811","d":"BELLEVUE CITY SCHOOL DISTRICT","t":29.33,"l":"510: Res-Single Family","c":0}},{"type":"Feature","geometry":{"type":"Polygon","coordinates":[[[-82.751372,41.279024],[-82.754022,41.279104],[-82.754052,41.280304],[-82.750307,41.280252],[-82.751372,41.279024]]]},"properties":{"p":"20-0020-03-013-0000","o":"GARRARD BURNIS C","a":"5049 YINGLING RD BELLEVUE 44811","d":"BELLEVUE CITY SCHOOL DISTRICT","t":80.98,"l":"511: Res-Custom Code","c":0}},{"type":"Feature","geometry":{"type":"Polygon","coordinates":[[[-82.536953,41.155762],[-82.536925,41.154637],[-82.537607,41.154582],[-82.537638,41.155535],[-82.537239,41.155684],[-82.536953,41.155762]]]},"properties":{"p":"19-0250-01-001-0000","o":"STACY BRETT & ERICA L OR SURV","a":"1415 SCRANTON RD NORWALK 44857","d":"WESTERN RESERVE LOCAL SCHOOL DISTRICT","t":1134.17,"l":"560: Res-Mobile Home","c":0}},{"type":"Feature","geometry":{"type":"Polygon","coordinates":[[[-82.519304,41.145352],[-82.518797,41.145351],[-82.518784,41.144828],[-82.519285,41.144831],[-82.519304,41.145352]]]},"properties":{"p":"19-0040-03-023-0100","o":"PLEW SCOTT A & SANDRA J OR SURV","a":"1900 MURRAY RD NEW LONDON 44851","d":"WESTERN RESERVE LOCAL SCHOOL DISTRICT","t":3773.37,"l":"511: Res-Custom Code","c":0}},{"type":"Feature","geometry":{"type":"Polygon","coordinates":[[[-82.501182,41.175347],[-82.501163,41.175347],[-82.501185,41.174436],[-82.501839,41.174445],[-82.501829,41.174889],[-82.501193,41.174881],[-82.501182,41.175347]]]},"properties":{"p":"19-0040-01-030-0100","o":"DECHANT EDISON R","a":"COURT (REAR) RD NORWALK 44857","d":"WESTERN RESERVE LOCAL SCHOOL DISTRICT","t":51.51,"l":"501: Res-Custom Code","c":0}},{"type":"Feature","geometry":{"type":"Polygon","coordinates":[[[-82.492766,41.175978],[-82.492748,41.175416],[-82.492784,41.175417],[-82.492802,41.175951],[-82.493399,41.175956],[-82.493382,41.175425],[-82.493418,41.175425],[-82.493437,41.175983],[-82.492766,41.175978]]]},"properties":{"p":"19-0030-03-036-0000","o":"HINES RICHARD D & PRICILLA JENKINS","a":"COURT RD NORWALK 44857","d":"WESTERN RESERVE LOCAL SCHOOL DISTRICT","t":500,"l":"501: Res-Custom Code","c":0}},{"type":"Feature","geometry":{"type":"Polygon","coordinates":[[[-82.507947,41.210566],[-82.507943,41.210039],[-82.509274,41.210055],[-82.509282,41.210582],[-82.507947,41.210566]]]},"properties":{"p":"19-0030-02-022-0400","o":"CAMP MICKEL & KURT MURRAY","a":"ARCADE RD NORWALK 44857","d":"WESTERN RESERVE LOCAL SCHOOL DISTRICT","t":53.52,"l":"501: Res-Custom Code","c":0}},{"type":"Feature","geometry":{"type":"Polygon","coordinates":[[[-82.507952,41.211093],[-82.507947,41.210566],[-82.509282,41.210582],[-82.509289,41.211109],[-82.507952,41.211093]]]},"properties":{"p":"19-0030-02-022-0000","o":"CAMP MICKEL & KURT MURRAY","a":"2625 ARCADE RD NORWALK 44857","d":"WESTERN RESERVE LOCAL SCHOOL DISTRICT","t":1248.46,"l":"501: Res-Custom Code","c":0}},{"type":"Feature","geometry":{"type":"Polygon","coordinates":[[[-82.503439,41.03022],[-82.503919,41.030228],[-82.503923,41.030297],[-82.504285,41.030304],[-82.50433,41.031208],[-82.503487,41.031194],[-82.503439,41.03022]]]},"properties":{"p":"17-0400-01-003-0000","o":"WIREMAN MELISSA","a":"2234 US HWY 224 E GREENWICH 44837","d":"SOUTH CENTRAL LOCAL SCHOOL DISTRICT","t":599.35,"l":"599: Res-Other","c":0}},{"type":"Feature","geometry":{"type":"Polygon","coordinates":[[[-82.516493,41.020133],[-82.515421,41.020127],[-82.515193,41.016211],[-82.516409,41.016229],[-82.516434,41.01847],[-82.516493,41.020133]]]},"properties":{"p":"17-0040-02-013-0000","o":"POTH ARNOLD L & KATHLEEN","a":"S KNIFFIN ST GREENWICH 44830","d":"SOUTH CENTRAL LOCAL SCHOOL DISTRICT","t":574.15,"l":"110: Agr-CAUV-Vacant Land","c":0}},{"type":"Feature","geometry":{"type":"Polygon","coordinates":[[[-82.515421,41.020127],[-82.510367,41.020085],[-82.510348,41.019235],[-82.510212,41.016124],[-82.515193,41.016211],[-82.515421,41.020127]]]},"properties":{"p":"17-0040-02-012-0000","o":"POTH ARNOLD L & KATHLEEN","a":"4355 ROME GREENWICH RD GREENWICH 44857","d":"SOUTH CENTRAL LOCAL SCHOOL DISTRICT","t":3159.55,"l":"111: Agr-CAUV-Cash-Grain Farm","c":0}},{"type":"Feature","geometry":{"type":"Polygon","coordinates":[[[-82.487405,41.032274],[-82.486552,41.032292],[-82.486532,41.031821],[-82.485987,41.031815],[-82.485954,41.030863],[-82.485967,41.030369],[-82.487311,41.030378],[-82.487405,41.032274]]]},"properties":{"p":"17-0030-05-004-0200","o":"BARNETT MONROE","a":"3941 ST RT 13 (REAR) GREENWICH 44837","d":"SOUTH CENTRAL LOCAL SCHOOL DISTRICT","t":792.41,"l":"511: Res-Custom Code","c":0}},{"type":"Feature","geometry":{"type":"Polygon","coordinates":[[[-82.714177,41.095236],[-82.714184,41.094614],[-82.714456,41.094616],[-82.71445,41.095238],[-82.714177,41.095236]]]},"properties":{"p":"14-0760-02-013-0000","o":"BOYD WILLIAM L","a":"LAKEWOOD RD WILLARD 44890","d":"WILLARD CITY SCHOOL DISTRICT","t":43.61,"l":"500: Res-Vacant Land","c":0}},{"type":"Feature","geometry":{"type":"Polygon","coordinates":[[[-82.715538,41.095245],[-82.715544,41.094622],[-82.715816,41.094624],[-82.71581,41.095246],[-82.715538,41.095245]]]},"properties":{"p":"14-0760-02-008-0000","o":"BOYD WILLIAM L","a":"LAKEWOOD RD WILLARD 44890","d":"WILLARD CITY SCHOOL DISTRICT","t":43.61,"l":"500: Res-Vacant Land","c":0}},{"type":"Feature","geometry":{"type":"Polygon","coordinates":[[[-82.716082,41.095248],[-82.71581,41.095246],[-82.715816,41.094624],[-82.716088,41.094624],[-82.716082,41.095248]]]},"properties":{"p":"14-0760-02-007-0000","o":"BOYD WILLIAM L","a":"LAKEWOOD RD WILLARD 44890","d":"WILLARD CITY SCHOOL DISTRICT","t":43.61,"l":"500: Res-Vacant Land","c":0}},{"type":"Feature","geometry":{"type":"Polygon","coordinates":[[[-82.720265,41.084356],[-82.719717,41.084716],[-82.719531,41.084554],[-82.720078,41.084193],[-82.720265,41.084356]]]},"properties":{"p":"14-0700-01-034-0000","o":"BRANHAM INVESTMENT PROPERTIES LLC","a":"TIMOTHY DR WILLARD 44890","d":"WILLARD CITY SCHOOL DISTRICT","t":44.95,"l":"500: Res-Vacant Land","c":0}},{"type":"Feature","geometry":{"type":"Polygon","coordinates":[[[-82.730917,41.087344],[-82.731224,41.088081],[-82.73065,41.087984],[-82.73079,41.087351],[-82.730917,41.087344]]]},"properties":{"p":"14-0680-01-015-0000","o":"DONAT JOHN DAVID","a":"HICKORY CIR WILLARD 44890","d":"WILLARD CITY SCHOOL DISTRICT","t":127.7,"l":"500: Res-Vacant Land","c":0}},{"type":"Feature","geometry":{"type":"Polygon","coordinates":[[[-82.733463,41.09433],[-82.733211,41.093696],[-82.733467,41.093628],[-82.733781,41.094218],[-82.733463,41.09433]]]},"properties":{"p":"14-0630-02-003-0000","o":"HEANEY PATRICK D","a":"SANDY TRL WILLARD 44890","d":"WILLARD CITY SCHOOL DISTRICT","t":242.22,"l":"500: Res-Vacant Land","c":0}},{"type":"Feature","geometry":{"type":"Polygon","coordinates":[[[-82.696808,41.090336],[-82.696746,41.089326],[-82.697005,41.089327],[-82.697046,41.090339],[-82.696808,41.090336]]]},"properties":{"p":"14-0040-02-037-0000","o":"ALBRIGHT TIMOTHY A","a":"MAPLE RIDGE RD WILLARD 44890","d":"WILLARD CITY SCHOOL DISTRICT","t":219.23,"l":"599: Res-Other","c":0}},{"type":"Feature","geometry":{"type":"Polygon","coordinates":[[[-82.708941,41.06914],[-82.709265,41.069146],[-82.709067,41.070498],[-82.70804,41.07048],[-82.708018,41.069912],[-82.70897,41.069929],[-82.708941,41.06914]]]},"properties":{"p":"14-0040-01-012-0100","o":"LINDSEY KARISTYN & TIMOTHY OR SURV","a":"TOWN LINE RD 12 W WILLARD 44890","d":"WILLARD CITY SCHOOL DISTRICT","t":2.26,"l":"599: Res-Other","c":0}},{"type":"Feature","geometry":{"type":"Polygon","coordinates":[[[-82.643513,41.094384],[-82.643484,41.093835],[-82.644972,41.093863],[-82.644992,41.094412],[-82.643513,41.094384]]]},"properties":{"p":"13-0010-02-029-0100","o":"FRENCH CHRISTOPHER & CHAD","a":"1705 WALNUT RD NORTH FAIRFIELD 44855","d":"SOUTH CENTRAL LOCAL SCHOOL DISTRICT","t":901.36,"l":"511: Res-Custom Code","c":0}},{"type":"Feature","geometry":{"type":"Polygon","coordinates":[[[-82.489326,41.094268],[-82.489354,41.094082],[-82.489819,41.094083],[-82.489826,41.094269],[-82.489326,41.094268]]]},"properties":{"p":"12-0370-01-135-0000","o":"BOYD NOAH","a":"1642 BOWERY ST NEW LONDON 44851","d":"NEW LONDON LOCAL SCHOOL DISTRICT","t":43.71,"l":"511: Res-Custom Code","c":0}},{"type":"Feature","geometry":{"type":"Polygon","coordinates":[[[-82.489703,41.097213],[-82.48938,41.097384],[-82.48935,41.097124],[-82.489535,41.097026],[-82.489703,41.097213]]]},"properties":{"p":"12-0370-01-062-0000","o":"YODER PHENEAS","a":"US HWY 250 S (REAR) NEW LONDON 44851","d":"NEW LONDON LOCAL SCHOOL DISTRICT","t":61.53,"l":"501: Res-Custom Code","c":0}},{"type":"Feature","geometry":{"type":"Polygon","coordinates":[[[-82.489703,41.097213],[-82.489535,41.097026],[-82.490026,41.096766],[-82.490193,41.096954],[-82.489703,41.097213]]]},"properties":{"p":"12-0370-01-061-0000","o":"YODER PHENEAS","a":"1540 US HWY 250 S NEW LONDON 44851","d":"NEW LONDON LOCAL SCHOOL DISTRICT","t":1215.27,"l":"511: Res-Custom Code","c":0}},{"type":"Feature","geometry":{"type":"Polygon","coordinates":[[[-82.489018,41.096525],[-82.48841,41.096552],[-82.488461,41.096231],[-82.48882,41.096221],[-82.489034,41.096462],[-82.488985,41.096488],[-82.489018,41.096525]]]},"properties":{"p":"12-0370-01-023-0000","o":"MAENLE DONALD L","a":"2732 CENTER ST NEW LONDON 44851","d":"NEW LONDON LOCAL SCHOOL DISTRICT","t":2313.81,"l":"511: Res-Custom Code","c":0}},{"type":"Feature","geometry":{"type":"Polygon","coordinates":[[[-82.489034,41.096462],[-82.48882,41.096221],[-82.489361,41.096207],[-82.489376,41.096281],[-82.489034,41.096462]]]},"properties":{"p":"12-0370-01-022-0000","o":"MAENLE DONALD L","a":"2714 CENTER ST NEW LONDON 44851","d":"NEW LONDON LOCAL SCHOOL DISTRICT","t":534.01,"l":"570: Res-Custom Code","c":0}},{"type":"Feature","geometry":{"type":"Polygon","coordinates":[[[-82.535264,41.091766],[-82.535255,41.091492],[-82.537039,41.091513],[-82.537042,41.091788],[-82.535264,41.091766]]]},"properties":{"p":"12-0040-02-034-0302","o":"TAFT PATRICK A & BRANDON","a":"1768 GREENWICH MILAN TOWN LINE RD S GREENWICH 44837","d":"NEW LONDON LOCAL SCHOOL DISTRICT","t":110.9,"l":"501: Res-Custom Code","c":0}},{"type":"Feature","geometry":{"type":"Polygon","coordinates":[[[-82.537044,41.092062],[-82.535272,41.09204],[-82.535264,41.091766],[-82.537042,41.091788],[-82.537044,41.092062]]]},"properties":{"p":"12-0040-02-034-0301","o":"TAFT PATRICK A & BRANDON","a":"1760 GREENWICH MILAN TOWN LINE RD S GREENWICH 44837","d":"NEW LONDON LOCAL SCHOOL DISTRICT","t":1445.27,"l":"560: Res-Mobile Home","c":0}},{"type":"Feature","geometry":{"type":"Polygon","coordinates":[[[-82.533163,41.094137],[-82.532794,41.09413],[-82.532556,41.090903],[-82.532925,41.090908],[-82.533163,41.094137]]]},"properties":{"p":"12-0040-02-034-0100","o":"EZELL WILLIAM I","a":"1499 & 1501 CRESCENT RD GREENWICH 44837","d":"NEW LONDON LOCAL SCHOOL DISTRICT","t":1775.74,"l":"511: Res-Custom Code","c":0}},{"type":"Feature","geometry":{"type":"Polygon","coordinates":[[[-82.487302,41.077798],[-82.48728,41.076876],[-82.487967,41.076867],[-82.487962,41.076699],[-82.48806,41.07641],[-82.488999,41.076415],[-82.489033,41.077796],[-82.487302,41.077798]]]},"properties":{"p":"12-0040-01-003-0204","o":"GROSSWILER JOSHUA","a":"2255 ST RT 13 NEW LONDON 44851","d":"NEW LONDON LOCAL SCHOOL DISTRICT","t":618.35,"l":"511: Res-Custom Code","c":0}},{"type":"Feature","geometry":{"type":"Polygon","coordinates":[[[-82.487967,41.076867],[-82.487873,41.076868],[-82.487869,41.0767],[-82.487962,41.076699],[-82.487967,41.076867]]]},"properties":{"p":"12-0040-01-003-0100","o":"GROSSWILER JOSHUA","a":"2255 ST RT 13 NEW LONDON 44851","d":"NEW LONDON LOCAL SCHOOL DISTRICT","t":13.09,"l":"501: Res-Custom Code","c":0}},{"type":"Feature","geometry":{"type":"Polygon","coordinates":[[[-82.515741,41.125793],[-82.514547,41.12576],[-82.514537,41.125269],[-82.515289,41.125292],[-82.515741,41.125793]]]},"properties":{"p":"12-0030-01-118-0100","o":"BLOOMBERG BRENNAN JAMES","a":"500 US HWY 250 S NEW LONDON 44851","d":"NEW LONDON LOCAL SCHOOL DISTRICT","t":74.32,"l":"511: Res-Custom Code","c":0}},{"type":"Feature","geometry":{"type":"Polygon","coordinates":[[[-82.512345,41.132293],[-82.512372,41.133033],[-82.512014,41.133028],[-82.512033,41.132289],[-82.512345,41.132293]]]},"properties":{"p":"12-0030-01-049-0200","o":"RUNYON BENJAMIN F","a":"PROSPECT RD NEW LONDON 44851","d":"NEW LONDON LOCAL SCHOOL DISTRICT","t":258.65,"l":"599: Res-Other","c":0}},{"type":"Feature","geometry":{"type":"Polygon","coordinates":[[[-82.512631,41.133037],[-82.512372,41.133033],[-82.512345,41.132293],[-82.51265,41.132296],[-82.512631,41.133037]]]},"properties":{"p":"12-0030-01-048-0100","o":"RUNYON BENJAMIN F","a":"2096 PROSPECT RD NEW LONDON 44851","d":"NEW LONDON LOCAL SCHOOL DISTRICT","t":230.71,"l":"570: Res-Custom Code","c":0}},{"type":"Feature","geometry":{"type":"Polygon","coordinates":[[[-82.507088,41.11471],[-82.506249,41.114806],[-82.50548,41.113942],[-82.507028,41.113154],[-82.507088,41.11471]]]},"properties":{"p":"12-0030-01-022-0000","o":"CLEAVENGER WILLIAM & ELLEN W/LE","a":"923 US HWY 250 S NEW LONDON 44851","d":"NEW LONDON LOCAL SCHOOL DISTRICT","t":1623.92,"l":"511: Res-Custom Code","c":0}},{"type":"Feature","geometry":{"type":"Polygon","coordinates":[[[-82.488714,41.109145],[-82.48838,41.109142],[-82.488369,41.108555],[-82.488834,41.108565],[-82.488689,41.108678],[-82.488714,41.109145]]]},"properties":{"p":"12-0030-01-004-0100","o":"SHONKWILER ROY & FRANCIS","a":"1081 FITCHVILLE RIVER RD S NEW LONDON 44851","d":"NEW LONDON LOCAL SCHOOL DISTRICT","t":505.71,"l":"511: Res-Custom Code","c":0}},{"type":"Feature","geometry":{"type":"Polygon","coordinates":[[[-82.480263,41.129253],[-82.479878,41.129147],[-82.479195,41.128073],[-82.479766,41.128086],[-82.479753,41.128479],[-82.480632,41.128496],[-82.480263,41.129253]]]},"properties":{"p":"12-0020-02-075-0100","o":"CHANDLER NORMAN & NORMAN R","a":"366 FITCHVILLE RIVER RD S NEW LONDON 44851","d":"NEW LONDON LOCAL SCHOOL DISTRICT","t":1861.03,"l":"501: Res-Custom Code","c":0}},{"type":"Feature","geometry":{"type":"Polygon","coordinates":[[[-82.487051,41.076421],[-82.486341,41.076411],[-82.486321,41.075615],[-82.487032,41.075625],[-82.487051,41.076421]]]},"properties":{"p":"12-0010-02-065-0000","o":"GROSE KEVIN & MICHELLE OR SURV","a":"2296 ST RT 13 E GREENWICH 44837","d":"NEW LONDON LOCAL SCHOOL DISTRICT","t":34.57,"l":"511: Res-Custom Code","c":0}},{"type":"Feature","geometry":{"type":"Polygon","coordinates":[[[-82.479638,41.096118],[-82.479224,41.096064],[-82.4793,41.09526],[-82.479714,41.095313],[-82.479638,41.096118]]]},"properties":{"p":"12-0010-02-050-0000","o":"LISS JOSEPH J & CYNTHIA A","a":"1570 PALMER RD NEW LONDON 44851","d":"NEW LONDON LOCAL SCHOOL DISTRICT","t":21.51,"l":"570: Res-Custom Code","c":0}},{"type":"Feature","geometry":{"type":"Polygon","coordinates":[[[-82.477014,41.092556],[-82.477454,41.091194],[-82.478038,41.091296],[-82.477598,41.092655],[-82.477014,41.092556]]]},"properties":{"p":"12-0010-02-035-0000","o":"HALE BRUCE","a":"3049 ST RT 162 E NEW LONDON 44851","d":"NEW LONDON LOCAL SCHOOL DISTRICT","t":1497.65,"l":"511: Res-Custom Code","c":0}},{"type":"Feature","geometry":{"type":"Polygon","coordinates":[[[-82.438563,41.097706],[-82.438552,41.097486],[-82.439634,41.097458],[-82.439644,41.097677],[-82.438563,41.097706]]]},"properties":{"p":"12-0010-01-014-0100","o":"LEONARDI SCOTT T","a":"GREENWICH EAST TOWN LINE RD S NEW LONDON 44851","d":"NEW LONDON LOCAL SCHOOL DISTRICT","t":402.62,"l":"501: Res-Custom Code","c":0}},{"type":"Feature","geometry":{"type":"Polygon","coordinates":[[[-82.604803,41.118513],[-82.605474,41.117937],[-82.605529,41.119297],[-82.604988,41.11929],[-82.605,41.118927],[-82.604803,41.118513]]]},"properties":{"p":"11-0030-01-016-0102","o":"BARNHART STEPHEN V","a":"471 HANVILLE CORNERS RD NORTH FAIRFIELD 44855","d":"SOUTH CENTRAL LOCAL SCHOOL DISTRICT","t":3176.92,"l":"511: Res-Custom Code","c":0}},{"type":"Feature","geometry":{"type":"Polygon","coordinates":[[[-82.609516,41.105332],[-82.609518,41.105165],[-82.610163,41.105196],[-82.610162,41.105362],[-82.609516,41.105332]]]},"properties":{"p":"10-014B-02-090-0000","o":"BENNETT CARL JR","a":"10 E ASHTABULA ST NORTH FAIRFIELD 44855","d":"SOUTH CENTRAL LOCAL SCHOOL DISTRICT","t":349.02,"l":"511: Res-Custom Code","c":0}},{"type":"Feature","geometry":{"type":"Polygon","coordinates":[[[-82.606384,41.104947],[-82.606386,41.104068],[-82.607225,41.104079],[-82.607225,41.104703],[-82.607742,41.104708],[-82.607742,41.104734],[-82.607865,41.104733],[-82.607868,41.105021],[-82.606384,41.104947]]]},"properties":{"p":"10-014B-02-076-0101","o":"BLAIR RONALD E SR & GEORGIANN","a":"6 EAST SECOND ST NORTH FAIRFIELD 44855","d":"SOUTH CENTRAL LOCAL SCHOOL DISTRICT","t":2674.44,"l":"520: Res-Two Family","c":0}},{"type":"Feature","geometry":{"type":"Polygon","coordinates":[[[-82.610936,41.106007],[-82.610669,41.106005],[-82.610659,41.105509],[-82.610925,41.105522],[-82.610936,41.106007]]]},"properties":{"p":"10-014B-02-044-0000","o":"ANTILL JEREMY M","a":"5 ASHTABULA ST NORTH FAIRFIELD 44855","d":"SOUTH CENTRAL LOCAL SCHOOL DISTRICT","t":2222.65,"l":"511: Res-Custom Code","c":0}},{"type":"Feature","geometry":{"type":"Polygon","coordinates":[[[-82.610872,41.109057],[-82.610763,41.109055],[-82.610762,41.108945],[-82.610871,41.108947],[-82.610872,41.109057]]]},"properties":{"p":"10-014B-02-008-0000","o":"VIOCK BRANDON & MARCIE VIOCK OR SURV","a":"MILL ST NORTH FAIRFIELD 44855","d":"SOUTH CENTRAL LOCAL SCHOOL DISTRICT","t":0.73,"l":"500: Res-Vacant Land","c":0}},{"type":"Feature","geometry":{"type":"Polygon","coordinates":[[[-82.610763,41.109055],[-82.610546,41.10905],[-82.610543,41.108858],[-82.610761,41.108862],[-82.610763,41.109055]]]},"properties":{"p":"10-014B-02-006-0000","o":"VIOCK BRANDON & MARCIE VIOCK OR SURV","a":"MILL ST NORTH FAIRFIELD 44855","d":"SOUTH CENTRAL LOCAL SCHOOL DISTRICT","t":5.38,"l":"599: Res-Other","c":0}},{"type":"Feature","geometry":{"type":"Polygon","coordinates":[[[-82.610877,41.109269],[-82.610546,41.109262],[-82.610547,41.109133],[-82.610876,41.109139],[-82.610877,41.109269]]]},"properties":{"p":"10-014B-02-003-0000","o":"VIOCK BRANDON & MARCIE VIOCK OR SURV","a":"MILL ST NORTH FAIRFIELD 44855","d":"SOUTH CENTRAL LOCAL SCHOOL DISTRICT","t":0.43,"l":"500: Res-Vacant Land","c":0}},{"type":"Feature","geometry":{"type":"Polygon","coordinates":[[[-82.6117,41.104644],[-82.611694,41.104503],[-82.612112,41.104505],[-82.612113,41.104646],[-82.6117,41.104644]]]},"properties":{"p":"10-014B-01-062-0000","o":"KAMMILLER NEIL A","a":"3 N MAIN ST NORTH FAIRFIELD 44855","d":"SOUTH CENTRAL LOCAL SCHOOL DISTRICT","t":96.39,"l":"447: Com-Office","c":0}},{"type":"Feature","geometry":{"type":"Polygon","coordinates":[[[-82.615134,41.10446],[-82.61513,41.104192],[-82.615399,41.104196],[-82.615403,41.104462],[-82.615134,41.10446]]]},"properties":{"p":"10-014B-01-001-0000","o":"KOCHER MICHELLE L","a":"108 W MAIN ST NORTH FAIRFIELD 44855","d":"SOUTH CENTRAL LOCAL SCHOOL DISTRICT","t":746.91,"l":"511: Res-Custom Code","c":0}},{"type":"Feature","geometry":{"type":"Polygon","coordinates":[[[-82.611929,41.103988],[-82.611679,41.103985],[-82.611667,41.103575],[-82.611943,41.103578],[-82.61195,41.10377],[-82.611921,41.10377],[-82.611929,41.103988]]]},"properties":{"p":"10-014A-01-090-0000","o":"KAMMILLER NEIL","a":"1 W MAIN ST NORTH FAIRFIELD 44855","d":"SOUTH CENTRAL LOCAL SCHOOL DISTRICT","t":121.38,"l":"420: Com-Retail-Small","c":0}},{"type":"Feature","geometry":{"type":"Polygon","coordinates":[[[-82.610542,41.110062],[-82.610546,41.109262],[-82.610877,41.109269],[-82.610883,41.110066],[-82.610542,41.110062]]]},"properties":{"p":"10-0030-01-066-0000","o":"VIOCK BRANDON & MARCIE VIOCK OR SURV","a":"5 MILL ST NORTH FAIRFIELD 44855","d":"SOUTH CENTRAL LOCAL SCHOOL DISTRICT","t":44.82,"l":"510: Res-Single Family","c":0}},{"type":"Feature","geometry":{"type":"Polygon","coordinates":[[[-82.426273,41.193887],[-82.426361,41.19321],[-82.426382,41.193212],[-82.426298,41.193886],[-82.426273,41.193887]]]},"properties":{"p":"08-0390-03-023-0000","o":"STILTNER JESSIE C & LISA L","a":"NORTH ST WAKEMAN 44889","d":"WESTERN RESERVE LOCAL SCHOOL DISTRICT","t":39.84,"l":"500: Res-Vacant Land","c":0}},{"type":"Feature","geometry":{"type":"Polygon","coordinates":[[[-82.426298,41.193886],[-82.426382,41.193212],[-82.426623,41.193235],[-82.426537,41.193882],[-82.426298,41.193886]]]},"properties":{"p":"08-0390-03-022-0000","o":"STILTNER JESSIE C & LISA L","a":"2027 E WENZ RD WAKEMAN 44889","d":"WESTERN RESERVE LOCAL SCHOOL DISTRICT","t":403.43,"l":"599: Res-Other","c":0}},{"type":"Feature","geometry":{"type":"Polygon","coordinates":[[[-82.348441,41.21117],[-82.34834,41.207785],[-82.350725,41.207729],[-82.350772,41.209773],[-82.350187,41.210052],[-82.349632,41.210099],[-82.348559,41.211169],[-82.348441,41.21117]]]},"properties":{"p":"08-0020-01-026-0000","o":"SCHMITTLE SIERRA & MICHAEL BLAKE OR SURV","a":"TOWN LINE RD 162 (REAR) WAKEMAN 44889","d":"WESTERN RESERVE LOCAL SCHOOL DISTRICT","t":404.23,"l":"110: Agr-CAUV-Vacant Land","c":0}},{"type":"Feature","geometry":{"type":"Polygon","coordinates":[[[-82.369244,41.175534],[-82.369238,41.17452],[-82.369839,41.174517],[-82.369848,41.175543],[-82.369244,41.175534]]]},"properties":{"p":"07-0020-02-010-0000","o":"MILLER MATTHEW E","a":"6056 FERRY RD WAKEMAN 44889","d":"WELLINGTON EX VILL SCHOOL DISTRICT","t":488.8,"l":"511: Res-Custom Code","c":0}},{"type":"Feature","geometry":{"type":"Polygon","coordinates":[[[-82.34906,41.153009],[-82.347751,41.15302],[-82.347638,41.151409],[-82.349017,41.151386],[-82.34906,41.153009]]]},"properties":{"p":"07-0010-01-015-0200","o":"KEITH BRANDON & ASHLEY OR SURV","a":"BUTLER RD N NEW LONDON 44851","d":"WELLINGTON EX VILL SCHOOL DISTRICT","t":156.13,"l":"501: Res-Custom Code","c":0}},{"type":"Feature","geometry":{"type":"Polygon","coordinates":[[[-82.339646,41.171352],[-82.339422,41.173172],[-82.339388,41.17316],[-82.339357,41.171352],[-82.339646,41.171352]]]},"properties":{"p":"07-0010-01-008-0000","o":"CRESS JAMES R","a":"6881 ST RT 18 E NEW LONDON 44851","d":"WELLINGTON EX VILL SCHOOL DISTRICT","t":352.86,"l":"500: Res-Vacant Land","c":0}},{"type":"Feature","geometry":{"type":"Polygon","coordinates":[[[-82.426398,41.193033],[-82.426421,41.192853],[-82.427377,41.192948],[-82.42735,41.193134],[-82.426398,41.193033]]]},"properties":{"p":"06-0390-03-010-0000","o":"GRAHAM JEFFERY D","a":"2013 WENZ RD WAKEMAN 44889","d":"NEW LONDON LOCAL SCHOOL DISTRICT","t":115.56,"l":"570: Res-Custom Code","c":0}},{"type":"Feature","geometry":{"type":"Polygon","coordinates":[[[-82.426421,41.192853],[-82.426445,41.192672],[-82.427401,41.192773],[-82.427377,41.192948],[-82.426421,41.192853]]]},"properties":{"p":"06-0390-03-009-0000","o":"GRAHAM JEFFERY D","a":"WENZ RD WAKEMAN 44889","d":"NEW LONDON LOCAL SCHOOL DISTRICT","t":150.59,"l":"599: Res-Other","c":0}},{"type":"Feature","geometry":{"type":"Polygon","coordinates":[[[-82.426445,41.192672],[-82.426468,41.192492],[-82.427426,41.192593],[-82.427401,41.192773],[-82.426445,41.192672]]]},"properties":{"p":"06-0390-03-008-0000","o":"GRAHAM JEFFERY D","a":"2009 & 2011 WENZ RD WAKEMAN 44889","d":"NEW LONDON LOCAL SCHOOL DISTRICT","t":274.04,"l":"599: Res-Other","c":0}},{"type":"Feature","geometry":{"type":"Polygon","coordinates":[[[-82.427774,41.191266],[-82.427785,41.191176],[-82.427845,41.191181],[-82.427856,41.191091],[-82.428571,41.191149],[-82.428549,41.191329],[-82.427774,41.191266]]]},"properties":{"p":"06-0390-01-033-0000","o":"BLAIR CHRISTOPHER J & TIFFANY L OR SURV","a":"1969 FITCHVILLE RIVER RD N WAKEMAN 44889","d":"NEW LONDON LOCAL SCHOOL DISTRICT","t":1072.75,"l":"510: Res-Single Family","c":0}},{"type":"Feature","geometry":{"type":"Polygon","coordinates":[[[-82.426766,41.190185],[-82.426788,41.190005],[-82.427509,41.190066],[-82.427487,41.190246],[-82.426766,41.190185]]]},"properties":{"p":"06-0390-01-019-0000","o":"YODER JOSEPH & MEGAN GRAHAM OR SURV","a":"1919 WENZ RD WAKEMAN 44889","d":"NEW LONDON LOCAL SCHOOL DISTRICT","t":1460.26,"l":"510: Res-Single Family","c":0}},{"type":"Feature","geometry":{"type":"Polygon","coordinates":[[[-82.426788,41.190005],[-82.426811,41.189828],[-82.427531,41.189887],[-82.427509,41.190066],[-82.426788,41.190005]]]},"properties":{"p":"06-0390-01-018-0000","o":"YODER JOSEPH","a":"1911 WENZ RD WAKEMAN 44889","d":"NEW LONDON LOCAL SCHOOL DISTRICT","t":506.9,"l":"599: Res-Other","c":0}},{"type":"Feature","geometry":{"type":"Polygon","coordinates":[[[-82.420746,41.186796],[-82.419221,41.186806],[-82.41936,41.185302],[-82.420103,41.185345],[-82.420061,41.185832],[-82.420737,41.186056],[-82.420746,41.186796]]]},"properties":{"p":"06-0030-07-016-0100","o":"STRICKLER HARRISON S","a":"WENZ RD WAKEMAN 44889","d":"NEW LONDON LOCAL SCHOOL DISTRICT","t":586.93,"l":"501: Res-Custom Code","c":0}},{"type":"Feature","geometry":{"type":"Polygon","coordinates":[[[-82.417433,41.186819],[-82.417577,41.185197],[-82.418677,41.185262],[-82.418518,41.186811],[-82.417433,41.186819]]]},"properties":{"p":"06-0030-07-015-0100","o":"STRICKLER HARRISON S","a":"WENZ RD WAKEMAN 44889","d":"NEW LONDON LOCAL SCHOOL DISTRICT","t":1748.93,"l":"599: Res-Other","c":0}},{"type":"Feature","geometry":{"type":"Polygon","coordinates":[[[-82.538829,41.15413],[-82.538815,41.153703],[-82.539592,41.15343],[-82.539889,41.153776],[-82.538829,41.15413]]]},"properties":{"p":"05-0250-02-029-0000","o":"SPAULDING NATHAN R","a":"500 US HWY 250 N NORWALK 44857","d":"WESTERN RESERVE LOCAL SCHOOL DISTRICT","t":1613.9,"l":"511: Res-Custom Code","c":0}},{"type":"Feature","geometry":{"type":"Polygon","coordinates":[[[-82.588609,41.208228],[-82.588606,41.208039],[-82.590233,41.208058],[-82.590235,41.208252],[-82.588609,41.208228]]]},"properties":{"p":"03-036I-03-024-0000","o":"BEATTY JASON A","a":"OLD STATE RD N NORWALK 44857","d":"NORWALK CITY SCHOOL DISTRICT","t":6.19,"l":"500: Res-Vacant Land","c":0}},{"type":"Feature","geometry":{"type":"Polygon","coordinates":[[[-82.588606,41.208039],[-82.588606,41.207874],[-82.590231,41.207895],[-82.590233,41.208058],[-82.588606,41.208039]]]},"properties":{"p":"03-036I-03-023-0100","o":"BEATTY JASON A","a":"OLD STATE RD N NORWALK 44857","d":"NORWALK CITY SCHOOL DISTRICT","t":8.44,"l":"599: Res-Other","c":0}},{"type":"Feature","geometry":{"type":"Polygon","coordinates":[[[-82.616012,41.211592],[-82.616503,41.211216],[-82.616578,41.211272],[-82.616066,41.211629],[-82.616012,41.211592]]]},"properties":{"p":"03-013D-01-012-0100","o":"HAMILTON LOGAN C","a":"NEW STATE RD N NORWALK 44857","d":"NORWALK CITY SCHOOL DISTRICT","t":32.44,"l":"501: Res-Custom Code","c":0}},{"type":"Feature","geometry":{"type":"Polygon","coordinates":[[[-82.620261,41.198792],[-82.620245,41.198239],[-82.623234,41.198257],[-82.622775,41.198834],[-82.620261,41.198792]]]},"properties":{"p":"03-0030-03-012-0200","o":"TAYLOR CAROL D","a":"N RIDGE RD NORWALK 44857","d":"NORWALK CITY SCHOOL DISTRICT","t":258.46,"l":"501: Res-Custom Code","c":0}},{"type":"Feature","geometry":{"type":"Polygon","coordinates":[[[-82.620245,41.198239],[-82.620227,41.197578],[-82.623742,41.197614],[-82.623234,41.198257],[-82.620245,41.198239]]]},"properties":{"p":"03-0030-03-012-0000","o":"TAYLOR CAROL D","a":"2116 N RIDGE RD NORWALK 44857","d":"NORWALK CITY SCHOOL DISTRICT","t":4072.87,"l":"511: Res-Custom Code","c":0}},{"type":"Feature","geometry":{"type":"Polygon","coordinates":[[[-82.619142,41.199218],[-82.619128,41.198772],[-82.622775,41.198834],[-82.62249,41.199191],[-82.619142,41.199218]]]},"properties":{"p":"03-0030-03-011-0300","o":"TAYLOR CAROL D","a":"N RIDGE RD NORWALK 44857","d":"NORWALK CITY SCHOOL DISTRICT","t":280.52,"l":"501: Res-Custom Code","c":0}},{"type":"Feature","geometry":{"type":"Polygon","coordinates":[[[-82.610337,41.208466],[-82.610211,41.208428],[-82.609737,41.20845],[-82.610223,41.208264],[-82.610525,41.208307],[-82.610891,41.208632],[-82.610337,41.208466]]]},"properties":{"p":"03-0030-01-029-0100","o":"BROWN JASON A & CLARA M OR SURV","a":"BRIARCREST DR NORWALK 44857","d":"NORWALK CITY SCHOOL DISTRICT","t":39.26,"l":"500: Res-Vacant Land","c":0}},{"type":"Feature","geometry":{"type":"Polygon","coordinates":[[[-82.588443,41.186494],[-82.588388,41.185642],[-82.589542,41.185636],[-82.589573,41.186494],[-82.588443,41.186494]]]},"properties":{"p":"03-0020-04-010-0000","o":"BOYCE ERIC CHARLES","a":"1700 OLD STATE RD N NORWALK 44857","d":"NORWALK CITY SCHOOL DISTRICT","t":1454.99,"l":"511: Res-Custom Code","c":0}},{"type":"Feature","geometry":{"type":"Polygon","coordinates":[[[-82.576496,41.15984],[-82.576469,41.158977],[-82.578019,41.159058],[-82.578009,41.158413],[-82.578565,41.158453],[-82.578654,41.159899],[-82.576496,41.15984]]]},"properties":{"p":"03-0010-05-009-0000","o":"JACKSON TRACY T","a":"733 MORIAH RD NORWALK 44857","d":"NORWALK CITY SCHOOL DISTRICT","t":8257.02,"l":"511: Res-Custom Code","c":0}},{"type":"Feature","geometry":{"type":"Polygon","coordinates":[[[-82.637373,41.162155],[-82.636447,41.161779],[-82.636418,41.161819],[-82.634676,41.160903],[-82.634285,41.161426],[-82.63347,41.160998],[-82.633745,41.16031],[-82.633975,41.158511],[-82.637272,41.158499],[-82.636882,41.160296],[-82.636828,41.161008],[-82.637168,41.161813],[-82.637372,41.161948],[-82.637373,41.162155]]]},"properties":{"p":"02-0040-03-006-0000","o":"HAMONS JEREMIAH","a":"1241 PERU OLENA RD W NORWALK 44857","d":"MONROEVILLE LOCAL SCHOOL DISTRICT","t":217.38,"l":"101: Agr-Cash-Grain Farm","c":0}},{"type":"Feature","geometry":{"type":"Polygon","coordinates":[[[-82.681225,41.028804],[-82.681198,41.02853],[-82.681813,41.028537],[-82.681827,41.028811],[-82.681225,41.028804]]]},"properties":{"p":"24-036B-01-014-0000","o":"FRANCZAK CARLA & JAMES OR SURV","a":"4143 ST RT 61 S PLYMOUTH 44865","d":"WILLARD CITY SCHOOL DISTRICT","t":172.52,"l":"511: Res-Custom Code","c":0}},{"type":"Feature","geometry":{"type":"Polygon","coordinates":[[[-82.716807,41.067035],[-82.716802,41.066925],[-82.717191,41.066927],[-82.717196,41.067037],[-82.716807,41.067035]]]},"properties":{"p":"24-028A-03-088-0000","o":"TACKETT JOHNATHON JORDAN","a":"ST RT 99 S WILLARD 44890","d":"WILLARD CITY SCHOOL DISTRICT","t":73.48,"l":"500: Res-Vacant Land","c":0}},{"type":"Feature","geometry":{"type":"Polygon","coordinates":[[[-82.397546,41.085893],[-82.397543,41.085825],[-82.398019,41.085817],[-82.39802,41.085885],[-82.397546,41.085893]]]},"properties":{"p":"26-0180-04-005-0000","o":"COX HOLDING COMPANY LLC","a":"RAILROAD ST NEW LONDON 44851","d":"NEW LONDON LOCAL SCHOOL DISTRICT","t":179.76,"l":"456: Com-Parking Garage","c":0}},{"type":"Feature","geometry":{"type":"Polygon","coordinates":[[[-82.738653,41.093828],[-82.738656,41.093323],[-82.739364,41.093331],[-82.738789,41.093865],[-82.738653,41.093828]]]},"properties":{"p":"36-0650-01-034-0000","o":"FULTON CHRISTOPHER J","a":"LARKSPUR LN WILLARD 44890","d":"WILLARD CITY SCHOOL DISTRICT","t":114.24,"l":"500: Res-Vacant Land","c":0}},{"type":"Feature","geometry":{"type":"Polygon","coordinates":[[[-82.745162,41.032506],[-82.744825,41.027849],[-82.746608,41.027824],[-82.746769,41.025423],[-82.749891,41.025453],[-82.750289,41.032593],[-82.745162,41.032506]]]},"properties":{"p":"40-0010-01-036-0100","o":"HUTCHISON MICHAEL L","a":"BULL HEAD RD WILLARD 44890","d":"WILLARD CITY SCHOOL DISTRICT","t":455.89,"l":"110: Agr-CAUV-Vacant Land","c":0}},{"type":"Feature","geometry":{"type":"Polygon","coordinates":[[[-82.52522,41.28103],[-82.524703,41.281023],[-82.524705,41.280601],[-82.525225,41.280613],[-82.52522,41.28103]]]},"properties":{"p":"48-0030-03-027-0100","o":"AUERHAMER RENEE","a":"1846 WELLS RD COLLINS 44826","d":"WESTERN RESERVE LOCAL SCHOOL DISTRICT","t":4257.87,"l":"510: Res-Single Family","c":0}},{"type":"Feature","geometry":{"type":"Polygon","coordinates":[[[-82.808645,41.144013],[-82.808637,41.143556],[-82.80989,41.143583],[-82.809898,41.144025],[-82.808645,41.144013]]]},"properties":{"p":"47-0040-01-050-0100","o":"MCCLIMANS GARY E & KAMI E","a":"6004 SHERMAN NORWICH RD WILLARD 44890","d":"SENECA EAST LOCAL SCHOOL DISTRICT","t":817.5,"l":"511: Res-Custom Code","c":0}},{"type":"Feature","geometry":{"type":"Polygon","coordinates":[[[-82.773926,41.178736],[-82.774437,41.178341],[-82.774574,41.178283],[-82.775177,41.178106],[-82.775524,41.177957],[-82.776113,41.177662],[-82.776164,41.179149],[-82.773861,41.179103],[-82.773857,41.178857],[-82.773926,41.178736]]]},"properties":{"p":"47-0010-01-083-0100","o":"GILLESPIE ROBERT E JR & ANGELA B OTT","a":"5147 PONTIAC SECTION LINE BELLEVUE 44811","d":"SENECA EAST LOCAL SCHOOL DISTRICT","t":2179.87,"l":"511: Res-Custom Code","c":0}},{"type":"Feature","geometry":{"type":"Polygon","coordinates":[[[-82.787242,41.174878],[-82.78625,41.174899],[-82.786312,41.17432],[-82.78638,41.173901],[-82.786438,41.173804],[-82.786567,41.173678],[-82.787189,41.173235],[-82.787242,41.174878]]]},"properties":{"p":"47-0010-01-080-0101","o":"ROBINSON IAN","a":"1142 SECTION LINE RD 30 N BELLEVUE 44811","d":"SENECA EAST LOCAL SCHOOL DISTRICT","t":790.43,"l":"560: Res-Mobile Home","c":0}},{"type":"Feature","geometry":{"type":"Polygon","coordinates":[[[-82.606037,41.031576],[-82.606035,41.031539],[-82.606397,41.031543],[-82.606399,41.031581],[-82.606037,41.031576]]]},"properties":{"p":"44-0570-01-017-0000","o":"CAUDILL TIMOTHY D","a":"US HWY 224 (REAR) PLYMOUTH 44865","d":"SOUTH CENTRAL LOCAL SCHOOL DISTRICT","t":80.63,"l":"501: Res-Custom Code","c":0}},{"type":"Feature","geometry":{"type":"Polygon","coordinates":[[[-82.606397,41.031543],[-82.606035,41.031539],[-82.606018,41.03124],[-82.60638,41.031245],[-82.606397,41.031543]]]},"properties":{"p":"44-0570-01-012-0000","o":"CAUDILL TIMOTHY D","a":"592 W US HWY 224 WILLARD 44890","d":"SOUTH CENTRAL LOCAL SCHOOL DISTRICT","t":766.2,"l":"599: Res-Other","c":0}},{"type":"Feature","geometry":{"type":"Polygon","coordinates":[[[-82.612624,41.053265],[-82.612352,41.053262],[-82.61231,41.052579],[-82.612582,41.052573],[-82.612624,41.053265]]]},"properties":{"p":"44-0560-02-010-0000","o":"HOWELL DEAN K & AMBER A OR SURV","a":"758 BOUGHTONVILLE RD W WILLARD 44890","d":"SOUTH CENTRAL LOCAL SCHOOL DISTRICT","t":638.59,"l":"510: Res-Single Family","c":0}},{"type":"Feature","geometry":{"type":"Polygon","coordinates":[[[-82.629974,41.022651],[-82.62992,41.022025],[-82.631546,41.022041],[-82.631564,41.022272],[-82.632126,41.022247],[-82.632151,41.022671],[-82.629974,41.022651]]]},"properties":{"p":"44-0040-01-012-0101","o":"STREET KARLA R & BRIAN M OR SURV","a":"4320 TOWN LINE RD 111 PLYMOUTH 44865","d":"SOUTH CENTRAL LOCAL SCHOOL DISTRICT","t":862.55,"l":"570: Res-Custom Code","c":0}},{"type":"Feature","geometry":{"type":"Polygon","coordinates":[[[-82.607942,41.014262],[-82.607695,41.014263],[-82.607078,41.014331],[-82.60706,41.014054],[-82.607932,41.014067],[-82.607942,41.014262]]]},"properties":{"p":"44-0040-01-001-1200","o":"ROBINSON LANA FAYE","a":"4627 NEW STATE RD S WILLARD 44890","d":"SOUTH CENTRAL LOCAL SCHOOL DISTRICT","t":796.58,"l":"560: Res-Mobile Home","c":0}},{"type":"Feature","geometry":{"type":"Polygon","coordinates":[[[-82.606042,41.031678],[-82.606037,41.031576],[-82.607077,41.03159],[-82.60708,41.031643],[-82.607666,41.031651],[-82.607673,41.031748],[-82.606042,41.031678]]]},"properties":{"p":"44-0030-A6-001-0000","o":"CAUDILL TIMOTHY D","a":"US HWY 224 WILLARD 44890","d":"SOUTH CENTRAL LOCAL SCHOOL DISTRICT","t":149.14,"l":"501: Res-Custom Code","c":0}},{"type":"Feature","geometry":{"type":"Polygon","coordinates":[[[-82.58721,41.052651],[-82.586964,41.052652],[-82.586951,41.052162],[-82.586356,41.052163],[-82.586351,41.05195],[-82.587192,41.051934],[-82.58721,41.052651]]]},"properties":{"p":"44-0030-05-005-0200","o":"HURST CARRIE L & BLAINE E","a":"51 BOUGHTONVILLE RD W WILLARD 44890","d":"SOUTH CENTRAL LOCAL SCHOOL DISTRICT","t":899.07,"l":"570: Res-Custom Code","c":0}},{"type":"Feature","geometry":{"type":"Polygon","coordinates":[[[-82.56565,41.052326],[-82.564417,41.052311],[-82.564372,41.050989],[-82.565614,41.051013],[-82.56565,41.052326]]]},"properties":{"p":"44-0020-02-001-0000","o":"HOWELL BOBBIE L","a":"561 BOUGHTONVILLE RD E GREENWICH 44837","d":"SOUTH CENTRAL LOCAL SCHOOL DISTRICT","t":261.99,"l":"560: Res-Mobile Home","c":0}},{"type":"Feature","geometry":{"type":"Polygon","coordinates":[[[-82.706856,41.242184],[-82.706881,41.241946],[-82.707067,41.241981],[-82.707049,41.242157],[-82.706856,41.242184]]]},"properties":{"p":"42-048C-02-033-0000","o":"SMITH CAWTHON CINDY L","a":"288 MONROE ST MONROEVILLE 44847","d":"MONROEVILLE LOCAL SCHOOL DISTRICT","t":888.19,"l":"510: Res-Single Family","c":0}},{"type":"Feature","geometry":{"type":"Polygon","coordinates":[[[-82.706856,41.242184],[-82.70662,41.242217],[-82.706565,41.241887],[-82.706881,41.241946],[-82.706856,41.242184]]]},"properties":{"p":"42-048C-02-032-0000","o":"SMITH CAWTHON CINDY L","a":"MONROE ST MONROEVILLE 44847","d":"MONROEVILLE LOCAL SCHOOL DISTRICT","t":259.45,"l":"500: Res-Vacant Land","c":0}},{"type":"Feature","geometry":{"type":"Polygon","coordinates":[[[-82.706765,41.244175],[-82.705952,41.244158],[-82.705972,41.243882],[-82.706814,41.2439],[-82.706765,41.244175]]]},"properties":{"p":"42-047C-01-020-0000","o":"SEVILLE CATHY & RANDALL SCHAFFER","a":"33 FULTON ST MONROEVILLE 44847","d":"MONROEVILLE LOCAL SCHOOL DISTRICT","t":67.58,"l":"500: Res-Vacant Land","c":0}},{"type":"Feature","geometry":{"type":"Polygon","coordinates":[[[-82.70672,41.244429],[-82.705933,41.244411],[-82.705952,41.244158],[-82.706765,41.244175],[-82.70672,41.244429]]]},"properties":{"p":"42-047C-01-019-0000","o":"SEVILLE CATHY & RANDALL SCHAFFER","a":"33 FULTON ST MONROEVILLE 44847","d":"MONROEVILLE LOCAL SCHOOL DISTRICT","t":89.04,"l":"500: Res-Vacant Land","c":0}},{"type":"Feature","geometry":{"type":"Polygon","coordinates":[[[-82.70596,41.244043],[-82.705241,41.244028],[-82.705253,41.243866],[-82.705972,41.243882],[-82.70596,41.244043]]]},"properties":{"p":"42-047C-01-018-0000","o":"SEVILLE CATHY & RANDALL SCHAFFER","a":"33 FULTON ST MONROEVILLE 44847","d":"MONROEVILLE LOCAL SCHOOL DISTRICT","t":3047.82,"l":"510: Res-Single Family","c":0}},{"type":"Feature","geometry":{"type":"Polygon","coordinates":[[[-82.702488,41.244187],[-82.702725,41.244159],[-82.702808,41.244699],[-82.702571,41.244727],[-82.702488,41.244187]]]},"properties":{"p":"42-047A-02-022-0000","o":"MCQUILLEN MELANEY L","a":"138 BROAD ST MONROEVILLE 44847","d":"MONROEVILLE LOCAL SCHOOL DISTRICT","t":508.12,"l":"510: Res-Single Family","c":0}},{"type":"Feature","geometry":{"type":"Polygon","coordinates":[[[-82.69387,41.245651],[-82.693651,41.245726],[-82.693511,41.245492],[-82.693729,41.245417],[-82.69387,41.245651]]]},"properties":{"p":"42-046A-01-009-0000","o":"SEVILLE PEGGY J","a":"HAMILTON (REAR) AVE MONROEVILLE 44847","d":"MONROEVILLE LOCAL SCHOOL DISTRICT","t":1.61,"l":"500: Res-Vacant Land","c":0}},{"type":"Feature","geometry":{"type":"Polygon","coordinates":[[[-82.693651,41.245726],[-82.693433,41.245801],[-82.693292,41.245568],[-82.693511,41.245492],[-82.693651,41.245726]]]},"properties":{"p":"42-046A-01-008-0000","o":"SEVILLE PEGGY J","a":"24 N HAMILTON ST MONROEVILLE 44847","d":"MONROEVILLE LOCAL SCHOOL DISTRICT","t":709.57,"l":"510: Res-Single Family","c":0}},{"type":"Feature","geometry":{"type":"Polygon","coordinates":[[[-82.702356,41.245743],[-82.701357,41.245864],[-82.701324,41.245715],[-82.702352,41.24559],[-82.702356,41.245743]]]},"properties":{"p":"42-045B-04-007-0000","o":"MORTENSEN DAVID E","a":"79 WEST ST MONROEVILLE 44847","d":"MONROEVILLE LOCAL SCHOOL DISTRICT","t":4208.45,"l":"510: Res-Single Family","c":0}},{"type":"Feature","geometry":{"type":"Polygon","coordinates":[[[-82.703545,41.250171],[-82.703964,41.249714],[-82.704161,41.249818],[-82.703744,41.250273],[-82.703545,41.250171]]]},"properties":{"p":"42-045B-01-006-0000","o":"MCQUILLEN MICHAEL E & MELANEY L","a":"266 SANDUSKY ST MONROEVILLE 44847","d":"MONROEVILLE LOCAL SCHOOL DISTRICT","t":315.01,"l":"510: Res-Single Family","c":0}},{"type":"Feature","geometry":{"type":"Polygon","coordinates":[[[-82.703306,41.218387],[-82.703273,41.217464],[-82.703969,41.217485],[-82.703967,41.217749],[-82.704373,41.218055],[-82.704559,41.217985],[-82.704722,41.218291],[-82.704724,41.218365],[-82.703324,41.218703],[-82.703306,41.218387]]]},"properties":{"p":"41-0570-01-008-0000","o":"GREEN HAYDEN & KRISTI","a":"3108 STANDARDSBURG RD MONROEVILLE 44847","d":"MONROEVILLE LOCAL SCHOOL DISTRICT","t":3537.39,"l":"511: Res-Custom Code","c":0}},{"type":"Feature","geometry":{"type":"Polygon","coordinates":[[[-82.725232,41.284889],[-82.725472,41.285144],[-82.725217,41.285271],[-82.725227,41.28591],[-82.726037,41.285756],[-82.726105,41.285854],[-82.725268,41.286013],[-82.724694,41.285135],[-82.725232,41.284889]]]},"properties":{"p":"41-0560-01-014-0000","o":"HARPEL MICHAEL","a":"ST RT 99 N MONROEVILLE 44847","d":"MONROEVILLE LOCAL SCHOOL DISTRICT","t":149.98,"l":"501: Res-Custom Code","c":0}},{"type":"Feature","geometry":{"type":"Polygon","coordinates":[[[-82.704998,41.228413],[-82.704139,41.228397],[-82.704151,41.228329],[-82.705202,41.228348],[-82.705106,41.228901],[-82.704913,41.228897],[-82.704998,41.228413]]]},"properties":{"p":"41-0040-03-001-0500","o":"REED AMBER & RIGOBERTO HERNANDEZ","a":"ST RT 99 N MONROEVILLE 44847","d":"MONROEVILLE LOCAL SCHOOL DISTRICT","t":64.48,"l":"501: Res-Custom Code","c":0}},{"type":"Feature","geometry":{"type":"Polygon","coordinates":[[[-82.725232,41.284889],[-82.724694,41.285135],[-82.724596,41.284984],[-82.725107,41.284751],[-82.725232,41.284889]]]},"properties":{"p":"41-0030-01-021-0100","o":"HARPEL MICHAEL","a":"ST RT 99 N MONROEVILLE 44847","d":"MONROEVILLE LOCAL SCHOOL DISTRICT","t":404.6,"l":"501: Res-Custom Code","c":0}},{"type":"Feature","geometry":{"type":"Polygon","coordinates":[[[-82.742778,41.054451],[-82.743095,41.05406],[-82.743115,41.054457],[-82.742778,41.054451]]]},"properties":{"p":"40-036D-04-059-0100","o":"VANPELT LINDA L","a":"WILLARD WEST RD WILLARD 44890","d":"WILLARD CITY SCHOOL DISTRICT","t":32.14,"l":"501: Res-Custom Code","c":0}},{"type":"Feature","geometry":{"type":"Polygon","coordinates":[[[-82.743095,41.05406],[-82.743103,41.05388],[-82.743703,41.05389],[-82.743711,41.054071],[-82.743095,41.05406]]]},"properties":{"p":"40-036D-04-048-0000","o":"VANPELT LINDA L","a":"AUSTIN DR WILLARD 44890","d":"WILLARD CITY SCHOOL DISTRICT","t":395.78,"l":"501: Res-Custom Code","c":0}},{"type":"Feature","geometry":{"type":"Polygon","coordinates":[[[-82.74353,41.045748],[-82.74352,41.045542],[-82.74407,41.045552],[-82.744079,41.045758],[-82.74353,41.045748]]]},"properties":{"p":"40-035A-02-024-0000","o":"COLLINS JEREMY A","a":"3549 AUSTIN DR WILLARD 44890","d":"WILLARD CITY SCHOOL DISTRICT","t":2480.04,"l":"510: Res-Single Family","c":0}},{"type":"Feature","geometry":{"type":"Polygon","coordinates":[[[-82.743071,41.061867],[-82.743057,41.061455],[-82.743238,41.061457],[-82.743252,41.061868],[-82.743071,41.061867]]]},"properties":{"p":"40-0350-03-140-0000","o":"HALE WILLIAM E","a":"BROAD ST WILLARD 44890","d":"WILLARD CITY SCHOOL DISTRICT","t":240.67,"l":"500: Res-Vacant Land","c":0}},{"type":"Feature","geometry":{"type":"Polygon","coordinates":[[[-82.74162,41.061855],[-82.741606,41.061444],[-82.741787,41.061445],[-82.741801,41.061857],[-82.74162,41.061855]]]},"properties":{"p":"40-0350-03-133-0000","o":"RINKER MARVIN & NETTIE","a":"BROAD ST WILLARD 44890","d":"WILLARD CITY SCHOOL DISTRICT","t":567.42,"l":"500: Res-Vacant Land","c":0}},{"type":"Feature","geometry":{"type":"Polygon","coordinates":[[[-82.738684,41.061832],[-82.738656,41.06142],[-82.738886,41.061422],[-82.7389,41.061833],[-82.738684,41.061832]]]},"properties":{"p":"40-0350-03-119-0000","o":"JASPER LARRY C","a":"4261 BROAD ST WILLARD 44890","d":"WILLARD CITY SCHOOL DISTRICT","t":173.15,"l":"510: Res-Single Family","c":0}},{"type":"Feature","geometry":{"type":"Polygon","coordinates":[[[-82.739097,41.062279],[-82.739086,41.061972],[-82.739268,41.061973],[-82.739279,41.06231],[-82.739097,41.062279]]]},"properties":{"p":"40-0350-03-116-0000","o":"JASPER LARRY C","a":"BROAD ST WILLARD 44890","d":"WILLARD CITY SCHOOL DISTRICT","t":120.66,"l":"599: Res-Other","c":0}},{"type":"Feature","geometry":{"type":"Polygon","coordinates":[[[-82.739279,41.06231],[-82.739268,41.061973],[-82.739449,41.061975],[-82.739461,41.062342],[-82.739279,41.06231]]]},"properties":{"p":"40-0350-03-115-0000","o":"JASPER LARRY C","a":"BROAD ST WILLARD 44890","d":"WILLARD CITY SCHOOL DISTRICT","t":52.82,"l":"500: Res-Vacant Land","c":0}},{"type":"Feature","geometry":{"type":"Polygon","coordinates":[[[-82.740191,41.062467],[-82.740174,41.061981],[-82.740356,41.061982],[-82.740373,41.062498],[-82.740191,41.062467]]]},"properties":{"p":"40-0350-03-110-0000","o":"TACKETT ARVILLE","a":"4254 BROAD ST WILLARD 44890","d":"WILLARD CITY SCHOOL DISTRICT","t":113.36,"l":"570: Res-Custom Code","c":0}},{"type":"Feature","geometry":{"type":"Polygon","coordinates":[[[-82.741639,41.062404],[-82.741625,41.061992],[-82.741806,41.061994],[-82.74182,41.062406],[-82.741639,41.062404]]]},"properties":{"p":"40-0350-03-103-0000","o":"STRAUSS LOVELL H","a":"BROAD ST WILLARD 44890","d":"WILLARD CITY SCHOOL DISTRICT","t":366.61,"l":"500: Res-Vacant Land","c":0}},{"type":"Feature","geometry":{"type":"Polygon","coordinates":[[[-82.742874,41.061413],[-82.74286,41.061001],[-82.743041,41.061003],[-82.743055,41.061414],[-82.742874,41.061413]]]},"properties":{"p":"40-0350-03-055-0000","o":"ONEY BOBBY L","a":"4330 PLEASANT ST WILLARD 44890","d":"WILLARD CITY SCHOOL DISTRICT","t":278.93,"l":"510: Res-Single Family","c":0}},{"type":"Feature","geometry":{"type":"Polygon","coordinates":[[[-82.743055,41.061414],[-82.743041,41.061003],[-82.743222,41.061004],[-82.743236,41.061416],[-82.743055,41.061414]]]},"properties":{"p":"40-0350-03-054-0000","o":"ONEY BOBBY L","a":"PLEASANT ST WILLARD 44890","d":"WILLARD CITY SCHOOL DISTRICT","t":113.39,"l":"500: Res-Vacant Land","c":0}},{"type":"Feature","geometry":{"type":"Polygon","coordinates":[[[-82.803132,41.036476],[-82.795433,41.036333],[-82.795415,41.034643],[-82.798474,41.0347],[-82.798458,41.033647],[-82.803349,41.033761],[-82.803339,41.034431],[-82.803725,41.03444],[-82.803132,41.036476]]]},"properties":{"p":"40-0030-01-028-0000","o":"MICHAELS JOEL J TRUSTEE","a":"3970 VERNON RD WILLARD 44890","d":"WILLARD CITY SCHOOL DISTRICT","t":111.49,"l":"111: Agr-CAUV-Cash-Grain Farm","c":0}},{"type":"Feature","geometry":{"type":"Polygon","coordinates":[[[-82.810543,41.036616],[-82.803354,41.03648],[-82.803975,41.034345],[-82.804123,41.033778],[-82.810482,41.033899],[-82.810543,41.036616]]]},"properties":{"p":"40-0030-01-028-0000","o":"MICHAELS JOEL J TRUSTEE","a":"3970 VERNON RD WILLARD 44890","d":"WILLARD CITY SCHOOL DISTRICT","t":111.49,"l":"111: Agr-CAUV-Cash-Grain Farm","c":0}},{"type":"Feature","geometry":{"type":"Polygon","coordinates":[[[-82.733285,41.032942],[-82.733314,41.034048],[-82.732005,41.034012],[-82.731967,41.032906],[-82.733285,41.032942]]]},"properties":{"p":"40-0020-02-030-0200","o":"SMITH CHARLES","a":"3905 ST RT 103 S WILLARD 44890","d":"WILLARD CITY SCHOOL DISTRICT","t":0.21,"l":"482: Com-Truck Terminal","c":0}},{"type":"Feature","geometry":{"type":"Polygon","coordinates":[[[-82.759092,41.055493],[-82.75909,41.054837],[-82.759391,41.054843],[-82.759394,41.055661],[-82.759093,41.055657],[-82.759092,41.055493]]]},"properties":{"p":"40-0020-01-026-0000","o":"LILLO RANDY E","a":"4804 WILLARD WEST RD WILLARD 44890","d":"WILLARD CITY SCHOOL DISTRICT","t":1279.4,"l":"511: Res-Custom Code","c":0}},{"type":"Feature","geometry":{"type":"Polygon","coordinates":[[[-82.687873,41.145247],[-82.687856,41.144822],[-82.688557,41.144844],[-82.688683,41.145264],[-82.687873,41.145247]]]},"properties":{"p":"37-0040-01-002-0200","o":"JAMISON KEEGAN","a":"HETTLE RD WILLARD 44890","d":"MONROEVILLE LOCAL SCHOOL DISTRICT","t":3.5,"l":"501: Res-Custom Code","c":0}},{"type":"Feature","geometry":{"type":"Polygon","coordinates":[[[-82.687856,41.144822],[-82.687851,41.144683],[-82.688515,41.144704],[-82.688557,41.144844],[-82.687856,41.144822]]]},"properties":{"p":"37-0040-01-002-0101","o":"JAMISON KEEGAN","a":"HETTLE RD WILLARD 44890","d":"MONROEVILLE LOCAL SCHOOL DISTRICT","t":0.89,"l":"501: Res-Custom Code","c":0}},{"type":"Feature","geometry":{"type":"Polygon","coordinates":[[[-82.733631,41.214828],[-82.733505,41.214825],[-82.733123,41.214209],[-82.733285,41.214212],[-82.733458,41.214305],[-82.733613,41.214507],[-82.733631,41.214828]]]},"properties":{"p":"37-0030-02-053-0100","o":"SCHWAN GERALD R & LOIS S","a":"BOEHLER RD MONROEVILLE 44847","d":"MONROEVILLE LOCAL SCHOOL DISTRICT","t":401.07,"l":"501: Res-Custom Code","c":0}},{"type":"Feature","geometry":{"type":"Polygon","coordinates":[[[-82.724955,41.187462],[-82.72494,41.186562],[-82.725766,41.186553],[-82.725378,41.187458],[-82.724955,41.187462]]]},"properties":{"p":"37-0030-02-003-0100","o":"MATZEK JAMES R","a":"1651 ST RT 99 N MONROEVILLE 44847","d":"MONROEVILLE LOCAL SCHOOL DISTRICT","t":510.85,"l":"570: Res-Custom Code","c":0}},{"type":"Feature","geometry":{"type":"Polygon","coordinates":[[[-82.735043,41.187103],[-82.734966,41.185205],[-82.735412,41.185214],[-82.735486,41.187044],[-82.735043,41.187103]]]},"properties":{"p":"37-0030-02-002-0300","o":"PIFER LEE & JAMES","a":"4014 PONTIAC SECTION LINE RD MONROEVILLE 44847","d":"MONROEVILLE LOCAL SCHOOL DISTRICT","t":1845.27,"l":"511: Res-Custom Code","c":0}},{"type":"Feature","geometry":{"type":"Polygon","coordinates":[[[-82.735486,41.187044],[-82.735412,41.185214],[-82.735888,41.185217],[-82.735957,41.186973],[-82.735486,41.187044]]]},"properties":{"p":"37-0030-02-002-0100","o":"PIFER JAMES & LEE","a":"PONTIAC SECTION LINE RD MONROEVILLE 44847","d":"MONROEVILLE LOCAL SCHOOL DISTRICT","t":219.54,"l":"500: Res-Vacant Land","c":0}},{"type":"Feature","geometry":{"type":"Polygon","coordinates":[[[-82.655236,41.167446],[-82.655216,41.166921],[-82.655578,41.166928],[-82.655599,41.167453],[-82.655236,41.167446]]]},"properties":{"p":"37-0010-02-071-0000","o":"DAVIS ANNA M","a":"1831 SNYDER RD WILLARD 44890","d":"MONROEVILLE LOCAL SCHOOL DISTRICT","t":591.98,"l":"511: Res-Custom Code","c":0}},{"type":"Feature","geometry":{"type":"Polygon","coordinates":[[[-82.740202,41.102971],[-82.740226,41.103478],[-82.739479,41.10299],[-82.740202,41.102971]]]},"properties":{"p":"36-0740-02-024-0000","o":"ATWATER VINCENT","a":"ABBY LN WILLARD 44890","d":"WILLARD CITY SCHOOL DISTRICT","t":1257.51,"l":"500: Res-Vacant Land","c":0}},{"type":"Feature","geometry":{"type":"Polygon","coordinates":[[[-82.73762,41.09402],[-82.737683,41.093639],[-82.738456,41.093921],[-82.738435,41.094007],[-82.738474,41.094087],[-82.73762,41.09402]]]},"properties":{"p":"36-0650-01-031-0000","o":"MCCLANAHAN WILLIAM F & MELODY A","a":"LARKSPUR LN WILLARD 44890","d":"WILLARD CITY SCHOOL DISTRICT","t":171.55,"l":"500: Res-Vacant Land","c":0}},{"type":"Feature","geometry":{"type":"Polygon","coordinates":[[[-82.737583,41.094238],[-82.73762,41.09402],[-82.738474,41.094087],[-82.738525,41.094126],[-82.7385,41.09431],[-82.737583,41.094238]]]},"properties":{"p":"36-0650-01-030-0000","o":"MCCLANAHAN WILLIAM F & MELODY A OR SURV","a":"LARKSPUR LN WILLARD 44890","d":"WILLARD CITY SCHOOL DISTRICT","t":132.09,"l":"500: Res-Vacant Land","c":0}},{"type":"Feature","geometry":{"type":"Polygon","coordinates":[[[-82.735569,41.093033],[-82.735602,41.092888],[-82.736619,41.092909],[-82.736526,41.093118],[-82.735553,41.093105],[-82.735569,41.093033]]]},"properties":{"p":"36-0620-02-041-0000","o":"MARINO JOSEPH F","a":"RUSTIC ROOK RD WILLARD 44890","d":"WILLARD CITY SCHOOL DISTRICT","t":278.47,"l":"500: Res-Vacant Land","c":0}},{"type":"Feature","geometry":{"type":"Polygon","coordinates":[[[-82.739226,41.091523],[-82.739033,41.091568],[-82.738341,41.090898],[-82.738643,41.090743],[-82.739226,41.091523]]]},"properties":{"p":"36-0620-02-004-0000","o":"SMITH AARON R II","a":"LAKE HOLIDAY LN WILLARD 44890","d":"WILLARD CITY SCHOOL DISTRICT","t":299.29,"l":"599: Res-Other","c":0}},{"type":"Feature","geometry":{"type":"Polygon","coordinates":[[[-82.739396,41.091484],[-82.739226,41.091523],[-82.738643,41.090743],[-82.738991,41.090622],[-82.739396,41.091484]]]},"properties":{"p":"36-0620-02-003-0000","o":"SMITH AARON R II & C ARLENE HOOVER","a":"LAKE HOLIDAY LN WILLARD 44890","d":"WILLARD CITY SCHOOL DISTRICT","t":216.35,"l":"500: Res-Vacant Land","c":0}},{"type":"Feature","geometry":{"type":"Polygon","coordinates":[[[-82.756344,41.087599],[-82.756274,41.087599],[-82.75583,41.086996],[-82.755352,41.086408],[-82.75484,41.085837],[-82.753981,41.084984],[-82.753928,41.083685],[-82.754407,41.08369],[-82.754388,41.083323],[-82.754681,41.083328],[-82.754709,41.08391],[-82.756164,41.083927],[-82.756344,41.087599]]]},"properties":{"p":"36-0010-01-090-0000","o":"WATERBECK JASON A","a":"EGYPT RD WILLARD 44890","d":"WILLARD CITY SCHOOL DISTRICT","t":1683.8,"l":"190: Agr-Other","c":0}},{"type":"Feature","geometry":{"type":"Polygon","coordinates":[[[-82.559923,41.277612],[-82.558513,41.278174],[-82.558499,41.277385],[-82.559923,41.277612]]]},"properties":{"p":"31-0020-02-041-0000","o":"ARMAN BARBARA A","a":"909 ST RT 61 E NORWALK 44857","d":"WESTERN RESERVE LOCAL SCHOOL DISTRICT","t":226.48,"l":"570: Res-Custom Code","c":0}},{"type":"Feature","geometry":{"type":"Polygon","coordinates":[[[-82.545448,41.256949],[-82.545044,41.256576],[-82.546007,41.256584],[-82.545448,41.256949]]]},"properties":{"p":"31-0020-01-030-0100","o":"MEGGITT ALFRED GEORGE","a":"ST RT 601 NORWALK 44857","d":"WESTERN RESERVE LOCAL SCHOOL DISTRICT","t":739.35,"l":"599: Res-Other","c":0}},{"type":"Feature","geometry":{"type":"Polygon","coordinates":[[[-82.546007,41.256584],[-82.545044,41.256576],[-82.544885,41.25643],[-82.54524,41.256172],[-82.546071,41.256529],[-82.546007,41.256584]]]},"properties":{"p":"31-0020-01-030-0000","o":"MEGGITT ALFRED GEORGE","a":"4309 ST RT 601 NORWALK 44857","d":"WESTERN RESERVE LOCAL SCHOOL DISTRICT","t":3931.21,"l":"511: Res-Custom Code","c":0}},{"type":"Feature","geometry":{"type":"Polygon","coordinates":[[[-82.544885,41.25643],[-82.544602,41.256169],[-82.544977,41.25593],[-82.54524,41.256172],[-82.544885,41.25643]]]},"properties":{"p":"31-0020-01-029-0000","o":"MILLER CAROL & ROSE A HUMMEL & JAMES E MILLER","a":"4303 ST RT 601 NORWALK 44857","d":"WESTERN RESERVE LOCAL SCHOOL DISTRICT","t":292.42,"l":"511: Res-Custom Code","c":0}},{"type":"Feature","geometry":{"type":"Polygon","coordinates":[[[-82.546323,41.25007],[-82.545726,41.250061],[-82.545723,41.249411],[-82.546321,41.249419],[-82.546323,41.25007]]]},"properties":{"p":"31-0020-01-020-0100","o":"CARBERRY PHYLLIS A","a":"1260 US HWY 20 E NORWALK 44857","d":"WESTERN RESERVE LOCAL SCHOOL DISTRICT","t":168.07,"l":"511: Res-Custom Code","c":0}},{"type":"Feature","geometry":{"type":"Polygon","coordinates":[[[-82.553231,41.228114],[-82.553101,41.225833],[-82.553764,41.225838],[-82.553789,41.226887],[-82.558389,41.227023],[-82.558412,41.228157],[-82.553231,41.228114]]]},"properties":{"p":"31-0010-04-058-0000","o":"DELLISANTI JAKE K & PAIGE NICOLE","a":"E ST RT 18(REAR) NORWALK 44857","d":"WESTERN RESERVE LOCAL SCHOOL DISTRICT","t":338.62,"l":"110: Agr-CAUV-Vacant Land","c":0}},{"type":"Feature","geometry":{"type":"Polygon","coordinates":[[[-82.553266,41.228719],[-82.553231,41.228114],[-82.558412,41.228157],[-82.558426,41.228837],[-82.553266,41.228719]]]},"properties":{"p":"31-0010-04-057-0000","o":"DELLISANTI JAKE K & PAIGE NICOLE","a":"E ST RT 18 (REAR) NORWALK 44857","d":"WESTERN RESERVE LOCAL SCHOOL DISTRICT","t":141.97,"l":"110: Agr-CAUV-Vacant Land","c":0}},{"type":"Feature","geometry":{"type":"Polygon","coordinates":[[[-82.55857,41.234977],[-82.555236,41.234983],[-82.555234,41.229554],[-82.55846,41.230496],[-82.55857,41.234977]]]},"properties":{"p":"31-0010-04-056-0000","o":"DELLISANTI JAKE K & PAIGE NICOLE","a":"ST RT 18 NORWALK 44857","d":"WESTERN RESERVE LOCAL SCHOOL DISTRICT","t":1032.88,"l":"110: Agr-CAUV-Vacant Land","c":0}},{"type":"Feature","geometry":{"type":"Polygon","coordinates":[[[-82.55522,41.228763],[-82.558426,41.228837],[-82.558455,41.230314],[-82.555231,41.229376],[-82.55522,41.228763]]]},"properties":{"p":"31-0010-04-056-0000","o":"DELLISANTI JAKE K & PAIGE NICOLE","a":"ST RT 18 NORWALK 44857","d":"WESTERN RESERVE LOCAL SCHOOL DISTRICT","t":1032.88,"l":"110: Agr-CAUV-Vacant Land","c":0}},{"type":"Feature","geometry":{"type":"Polygon","coordinates":[[[-82.555236,41.234983],[-82.554896,41.234983],[-82.554917,41.236058],[-82.554509,41.235982],[-82.554676,41.2357],[-82.554564,41.235584],[-82.554562,41.235295],[-82.554498,41.234912],[-82.554362,41.234509],[-82.554309,41.23425],[-82.554051,41.234279],[-82.553646,41.234284],[-82.553382,41.23427],[-82.55328,41.228971],[-82.555234,41.229554],[-82.555236,41.234983]]]},"properties":{"p":"31-0010-04-055-0200","o":"DELLISANTI JAKE K & PAIGE NICOLE","a":"ST RT 18 NORWALK 44857","d":"WESTERN RESERVE LOCAL SCHOOL DISTRICT","t":652.62,"l":"110: Agr-CAUV-Vacant Land","c":0}},{"type":"Feature","geometry":{"type":"Polygon","coordinates":[[[-82.56874,41.271897],[-82.568625,41.271981],[-82.568461,41.271845],[-82.568572,41.271768],[-82.56874,41.271897]]]},"properties":{"p":"30-0100-02-022-0000","o":"EAST NORWALK CHURCH OF CHRIST","a":"ST RT 61 E NORWALK 44857","d":"WESTERN RESERVE LOCAL SCHOOL DISTRICT","t":412.11,"l":"501: Res-Custom Code","c":0}},{"type":"Feature","geometry":{"type":"Polygon","coordinates":[[[-82.578463,41.274031],[-82.578287,41.274162],[-82.577212,41.274149],[-82.577875,41.273581],[-82.578463,41.274031]]]},"properties":{"p":"30-0100-01-014-0200","o":"BROCK BRETT M","a":"ST RT 601(REAR) NORWALK 44857","d":"NORWALK CITY SCHOOL DISTRICT","t":490.66,"l":"599: Res-Other","c":0}},{"type":"Feature","geometry":{"type":"Polygon","coordinates":[[[-82.579315,41.255399],[-82.578808,41.25491],[-82.579422,41.254523],[-82.579926,41.255009],[-82.579315,41.255399]]]},"properties":{"p":"30-0090-03-053-0000","o":"HORNING BEAULAH J","a":"327 GIBBS RD NORWALK 44857","d":"NORWALK CITY SCHOOL DISTRICT","t":886.16,"l":"511: Res-Custom Code","c":0}},{"type":"Feature","geometry":{"type":"Polygon","coordinates":[[[-82.548889,41.250718],[-82.548835,41.24945],[-82.549496,41.249458],[-82.549546,41.250721],[-82.548889,41.250718]]]},"properties":{"p":"30-0020-01-017-0100","o":"MOYER DONALD A & JOANNE M","a":"1144 US HWY 20 E NORWALK 44857","d":"NORWALK CITY SCHOOL DISTRICT","t":996.74,"l":"510: Res-Single Family","c":0}},{"type":"Feature","geometry":{"type":"Polygon","coordinates":[[[-82.564243,41.279714],[-82.563913,41.279713],[-82.563925,41.279631],[-82.563908,41.279549],[-82.563864,41.279473],[-82.56379,41.279405],[-82.564243,41.279035],[-82.564243,41.279714]]]},"properties":{"p":"27-013G-01-009-0000","o":"BARNETT GARY L","a":"JACQUIE LN NORWALK 44857","d":"BERLIN-MILAN LOCAL SCHOOL DISTRICT","t":269.26,"l":"599: Res-Other","c":0}},{"type":"Feature","geometry":{"type":"Polygon","coordinates":[[[-82.591607,41.271534],[-82.590433,41.271522],[-82.590422,41.271179],[-82.591594,41.27119],[-82.591607,41.271534]]]},"properties":{"p":"27-0020-06-005-0000","o":"LEBER ALICE V & JAMES N","a":"4836 OLD STATE RD N NORWALK 44857","d":"BERLIN-MILAN LOCAL SCHOOL DISTRICT","t":1346.39,"l":"511: Res-Custom Code","c":0}},{"type":"Feature","geometry":{"type":"Polygon","coordinates":[[[-82.578075,41.274319],[-82.577873,41.274157],[-82.578287,41.274162],[-82.578075,41.274319]]]},"properties":{"p":"27-0020-05-011-0200","o":"BROCK BRETT M","a":"ST RT 601(REAR) NORWALK 44857","d":"BERLIN-MILAN LOCAL SCHOOL DISTRICT","t":83.41,"l":"599: Res-Other","c":0}},{"type":"Feature","geometry":{"type":"Polygon","coordinates":[[[-82.577355,41.27445],[-82.577098,41.274247],[-82.577212,41.274149],[-82.577778,41.274155],[-82.577355,41.27445]]]},"properties":{"p":"27-0020-05-011-0200","o":"BROCK BRETT M","a":"ST RT 601(REAR) NORWALK 44857","d":"BERLIN-MILAN LOCAL SCHOOL DISTRICT","t":83.41,"l":"599: Res-Other","c":0}},{"type":"Feature","geometry":{"type":"Polygon","coordinates":[[[-82.578075,41.274319],[-82.576918,41.275178],[-82.576883,41.275157],[-82.577582,41.274638],[-82.577355,41.27445],[-82.577778,41.274155],[-82.577873,41.274157],[-82.578075,41.274319]]]},"properties":{"p":"27-0020-05-011-0100","o":"BROCK BRETT M","a":"4973 ST RT 601 NORWALK 44857","d":"BERLIN-MILAN LOCAL SCHOOL DISTRICT","t":2342.44,"l":"521: Res-Custom Code","c":0}},{"type":"Feature","geometry":{"type":"Polygon","coordinates":[[[-82.40443,41.087435],[-82.404281,41.087437],[-82.404278,41.087065],[-82.404425,41.087061],[-82.40443,41.087435]]]},"properties":{"p":"26-022A-09-022-0000","o":"SHUPP KENDRA D","a":"69 SHERMAN ST NEW LONDON 44851","d":"NEW LONDON LOCAL SCHOOL DISTRICT","t":385.57,"l":"599: Res-Other","c":0}},{"type":"Feature","geometry":{"type":"Polygon","coordinates":[[[-82.404233,41.087438],[-82.404231,41.087066],[-82.404278,41.087065],[-82.404281,41.087437],[-82.404233,41.087438]]]},"properties":{"p":"26-022A-09-021-0000","o":"SHUPP KENDRA D","a":"SHERMAN ST NEW LONDON 44851","d":"NEW LONDON LOCAL SCHOOL DISTRICT","t":59.84,"l":"500: Res-Vacant Land","c":0}},{"type":"Feature","geometry":{"type":"Polygon","coordinates":[[[-82.404551,41.086222],[-82.404363,41.086208],[-82.404363,41.085694],[-82.404558,41.085708],[-82.404551,41.086222]]]},"properties":{"p":"26-022A-09-002-0000","o":"HOFACKER JOHN L","a":"140 W MAIN ST NEW LONDON 44851","d":"NEW LONDON LOCAL SCHOOL DISTRICT","t":2351.45,"l":"510: Res-Single Family","c":0}},{"type":"Feature","geometry":{"type":"Polygon","coordinates":[[[-82.400829,41.087183],[-82.400169,41.087186],[-82.40013,41.087085],[-82.400824,41.087083],[-82.400829,41.087183]]]},"properties":{"p":"26-022A-07-012-0000","o":"MCCALLISTER MARVIN","a":"N MAIN ST NEW LONDON 44851","d":"NEW LONDON LOCAL SCHOOL DISTRICT","t":1232.15,"l":"455: Com-Garage","c":0}},{"type":"Feature","geometry":{"type":"Polygon","coordinates":[[[-82.400432,41.087084],[-82.400418,41.08691],[-82.400815,41.086909],[-82.400824,41.087083],[-82.400432,41.087084]]]},"properties":{"p":"26-022A-07-011-0000","o":"MCCALLISTER MARVIN","a":"N MAIN ST NEW LONDON 44851","d":"NEW LONDON LOCAL SCHOOL DISTRICT","t":66.57,"l":"400: Com-Vacant Land","c":0}},{"type":"Feature","geometry":{"type":"Polygon","coordinates":[[[-82.397887,41.082091],[-82.397602,41.082134],[-82.397595,41.082019],[-82.397839,41.081979],[-82.397887,41.082091]]]},"properties":{"p":"26-022A-06-021-0000","o":"HARP WILBERT E JR","a":"111 S MAIN ST NEW LONDON 44851","d":"NEW LONDON LOCAL SCHOOL DISTRICT","t":2061.5,"l":"510: Res-Single Family","c":0}},{"type":"Feature","geometry":{"type":"Polygon","coordinates":[[[-82.398883,41.082423],[-82.398311,41.082557],[-82.398228,41.082358],[-82.3988,41.082225],[-82.398883,41.082423]]]},"properties":{"p":"26-022A-05-003-0000","o":"GROBOSKE BONNIE","a":"100 S MAIN ST NEW LONDON 44851","d":"NEW LONDON LOCAL SCHOOL DISTRICT","t":498.48,"l":"510: Res-Single Family","c":0}},{"type":"Feature","geometry":{"type":"Polygon","coordinates":[[[-82.405597,41.087251],[-82.405591,41.087069],[-82.405695,41.087067],[-82.405702,41.087249],[-82.405597,41.087251]]]},"properties":{"p":"26-021C-02-014-1400","o":"BLACK KEVIN S & CRYSTAL M POOLE","a":"SHADYSIDE (REAR) AVE NEW LONDON 44851","d":"NEW LONDON LOCAL SCHOOL DISTRICT","t":334.79,"l":"501: Res-Custom Code","c":0}},{"type":"Feature","geometry":{"type":"Polygon","coordinates":[[[-82.406925,41.085719],[-82.406909,41.085307],[-82.406989,41.085313],[-82.407005,41.085725],[-82.406925,41.085719]]]},"properties":{"p":"26-021C-01-012-0000","o":"HALE ALLEN & KENNETH HALE & LAWRENCE HALE ETAL","a":"W MAIN ST NEW LONDON 44851","d":"NEW LONDON LOCAL SCHOOL DISTRICT","t":281.64,"l":"400: Com-Vacant Land","c":0}},{"type":"Feature","geometry":{"type":"Polygon","coordinates":[[[-82.406755,41.085706],[-82.406739,41.085295],[-82.406909,41.085307],[-82.406925,41.085719],[-82.406755,41.085706]]]},"properties":{"p":"26-021C-01-011-0000","o":"HALE ALLEN & KENNETH HALE & LAWRENCE HALE ETAL","a":"177 W MAIN ST NEW LONDON 44851","d":"NEW LONDON LOCAL SCHOOL DISTRICT","t":2760.26,"l":"429: Com-Other","c":0}},{"type":"Feature","geometry":{"type":"Polygon","coordinates":[[[-82.406004,41.090118],[-82.405992,41.089842],[-82.405654,41.089843],[-82.405654,41.089794],[-82.406103,41.089799],[-82.406661,41.089976],[-82.406592,41.090206],[-82.406284,41.090207],[-82.406004,41.090118]]]},"properties":{"p":"26-021B-01-021-0300","o":"HALL MICHAEL L & JULIA HALL OR SURV","a":"42 W WASHBURN NEW LONDON 44851","d":"NEW LONDON LOCAL SCHOOL DISTRICT","t":115.96,"l":"511: Res-Custom Code","c":0}},{"type":"Feature","geometry":{"type":"Polygon","coordinates":[[[-82.407391,41.089683],[-82.407546,41.089403],[-82.40779,41.089481],[-82.407635,41.089761],[-82.407391,41.089683]]]},"properties":{"p":"26-021B-01-009-0000","o":"MESSERSMITH KIMBERLY J","a":"65 W WASHBURN ST NEW LONDON 44851","d":"NEW LONDON LOCAL SCHOOL DISTRICT","t":330.05,"l":"570: Res-Custom Code","c":0}},{"type":"Feature","geometry":{"type":"Polygon","coordinates":[[[-82.399734,41.090329],[-82.39974,41.09076],[-82.399559,41.090766],[-82.399553,41.090335],[-82.399734,41.090329]]]},"properties":{"p":"26-021A-06-010-0000","o":"DAMRON JACK & BILL","a":"23 CEDAR ST NEW LONDON 44851","d":"NEW LONDON LOCAL SCHOOL DISTRICT","t":579.44,"l":"510: Res-Single Family","c":0}},{"type":"Feature","geometry":{"type":"Polygon","coordinates":[[[-82.399401,41.091337],[-82.399582,41.091331],[-82.399589,41.091768],[-82.399407,41.091774],[-82.399401,41.091337]]]},"properties":{"p":"26-021A-05-011-0000","o":"HARVEY KASSANDRA","a":"27 E FIR ST NEW LONDON 44851","d":"NEW LONDON LOCAL SCHOOL DISTRICT","t":1306.71,"l":"560: Res-Mobile Home","c":0}},{"type":"Feature","geometry":{"type":"Polygon","coordinates":[[[-82.396552,41.082917],[-82.396492,41.082917],[-82.396476,41.082452],[-82.396536,41.082452],[-82.396552,41.082917]]]},"properties":{"p":"26-019C-04-061-0000","o":"CRANMORE JESSICA & ALBERT HANSLEY SR OR SURV","a":"HIGH ST NEW LONDON 44851","d":"NEW LONDON LOCAL SCHOOL DISTRICT","t":61.55,"l":"500: Res-Vacant Land","c":0}},{"type":"Feature","geometry":{"type":"Polygon","coordinates":[[[-82.396492,41.082917],[-82.396223,41.082918],[-82.396206,41.082453],[-82.396476,41.082452],[-82.396492,41.082917]]]},"properties":{"p":"26-019C-04-060-0000","o":"CRANMORE JESSICA & ALBERT HANSLEY SR OR SURV","a":"102 HIGH ST NEW LONDON 44851","d":"NEW LONDON LOCAL SCHOOL DISTRICT","t":1606.89,"l":"510: Res-Single Family","c":0}},{"type":"Feature","geometry":{"type":"Polygon","coordinates":[[[-82.394826,41.08181],[-82.39481,41.081347],[-82.394929,41.081346],[-82.394946,41.08181],[-82.394826,41.08181]]]},"properties":{"p":"26-019C-03-025-0000","o":"HOWELL ESTHER","a":"50 THIRD ST NEW LONDON 44851","d":"NEW LONDON LOCAL SCHOOL DISTRICT","t":1833.7,"l":"510: Res-Single Family","c":0}},{"type":"Feature","geometry":{"type":"Polygon","coordinates":[[[-82.394587,41.081811],[-82.39457,41.081348],[-82.39481,41.081347],[-82.394826,41.08181],[-82.394587,41.081811]]]},"properties":{"p":"26-019C-03-024-0000","o":"HOWELL ESTHER","a":"THIRD ST NEW LONDON 44851","d":"NEW LONDON LOCAL SCHOOL DISTRICT","t":238.67,"l":"500: Res-Vacant Land","c":0}},{"type":"Feature","geometry":{"type":"Polygon","coordinates":[[[-82.389456,41.085181],[-82.389427,41.084613],[-82.389635,41.084627],[-82.389637,41.085193],[-82.389456,41.085181]]]},"properties":{"p":"26-019C-01-004-0000","o":"MARKEN TASHA","a":"227 E MAIN ST NEW LONDON 44851","d":"NEW LONDON LOCAL SCHOOL DISTRICT","t":120.24,"l":"510: Res-Single Family","c":0}},{"type":"Feature","geometry":{"type":"Polygon","coordinates":[[[-82.396232,41.085467],[-82.396216,41.085097],[-82.396327,41.085104],[-82.396343,41.085474],[-82.396232,41.085467]]]},"properties":{"p":"26-019B-03-009-0000","o":"YATES BARBARA & KELLY OR SURV","a":"105 E MAIN ST NEW LONDON 44851","d":"NEW LONDON LOCAL SCHOOL DISTRICT","t":48.56,"l":"500: Res-Vacant Land","c":0}},{"type":"Feature","geometry":{"type":"Polygon","coordinates":[[[-82.396526,41.085486],[-82.396343,41.085474],[-82.396327,41.085104],[-82.39651,41.085116],[-82.396526,41.085486]]]},"properties":{"p":"26-019B-03-008-0000","o":"YATES BARBARA & KELLY OR SURV","a":"105 E MAIN ST NEW LONDON 44851","d":"NEW LONDON LOCAL SCHOOL DISTRICT","t":814.06,"l":"510: Res-Single Family","c":0}},{"type":"Feature","geometry":{"type":"Polygon","coordinates":[[[-82.39651,41.085116],[-82.396565,41.08512],[-82.396581,41.08549],[-82.396526,41.085486],[-82.39651,41.085116]]]},"properties":{"p":"26-019B-03-007-0000","o":"LONGWELL HARRY M & THOMAS R OR SURV","a":"E MAIN ST NEW LONDON 44857","d":"NEW LONDON LOCAL SCHOOL DISTRICT","t":9.41,"l":"500: Res-Vacant Land","c":0}},{"type":"Feature","geometry":{"type":"Polygon","coordinates":[[[-82.396581,41.08549],[-82.396565,41.08512],[-82.396804,41.085135],[-82.39682,41.085506],[-82.396581,41.08549]]]},"properties":{"p":"26-019B-03-006-0000","o":"LONGWELL HARRY M & THOMAS R OR SURV","a":"101 E MAIN ST NEW LONDON 44851","d":"NEW LONDON LOCAL SCHOOL DISTRICT","t":1201.65,"l":"510: Res-Single Family","c":0}},{"type":"Feature","geometry":{"type":"Polygon","coordinates":[[[-82.396489,41.0883],[-82.395824,41.088459],[-82.3958,41.087914],[-82.396269,41.087708],[-82.396489,41.0883]]]},"properties":{"p":"26-019A-01-004-0000","o":"PARSONS JUDITH F","a":"71 N RAILROAD ST NEW LONDON 44851","d":"NEW LONDON LOCAL SCHOOL DISTRICT","t":118.04,"l":"510: Res-Single Family","c":0}},{"type":"Feature","geometry":{"type":"Polygon","coordinates":[[[-82.396888,41.088127],[-82.39668,41.088217],[-82.396522,41.08778],[-82.39673,41.08769],[-82.396888,41.088127]]]},"properties":{"p":"26-019A-01-002-0000","o":"HALE ALLEN","a":"61 N RAILROAD ST NEW LONDON 44851","d":"NEW LONDON LOCAL SCHOOL DISTRICT","t":488.91,"l":"599: Res-Other","c":0}},{"type":"Feature","geometry":{"type":"Polygon","coordinates":[[[-82.397103,41.088034],[-82.396888,41.088127],[-82.39673,41.08769],[-82.396939,41.087602],[-82.397103,41.088034]]]},"properties":{"p":"26-019A-01-001-0000","o":"HALE ALLEN","a":"57 N RAILROAD ST NEW LONDON 44851","d":"NEW LONDON LOCAL SCHOOL DISTRICT","t":2547.28,"l":"510: Res-Single Family","c":0}},{"type":"Feature","geometry":{"type":"Polygon","coordinates":[[[-82.398937,41.08487],[-82.399024,41.084841],[-82.399035,41.084867],[-82.398937,41.08487]]]},"properties":{"p":"26-0180-05-011-0000","o":"CHERRY TAMMIE L","a":"23 S MAIN ST NEW LONDON 44851","d":"NEW LONDON LOCAL SCHOOL DISTRICT","t":327.15,"l":"429: Com-Other","c":0}},{"type":"Feature","geometry":{"type":"Polygon","coordinates":[[[-82.398946,41.084881],[-82.398943,41.084869],[-82.399035,41.084867],[-82.398946,41.084881]]]},"properties":{"p":"26-0180-05-010-0100","o":"CHERRY TAMMIE L","a":"E MAIN (REAR) ST NEW LONDON 44851","d":"NEW LONDON LOCAL SCHOOL DISTRICT","t":73.25,"l":"400: Com-Vacant Land","c":0}},{"type":"Feature","geometry":{"type":"Polygon","coordinates":[[[-82.397543,41.085825],[-82.39754,41.085756],[-82.398018,41.085748],[-82.398019,41.085817],[-82.397543,41.085825]]]},"properties":{"p":"26-0180-04-006-0000","o":"COX HOLDING COMPANY LLC","a":"RAILROAD ST NEW LONDON 44851","d":"NEW LONDON LOCAL SCHOOL DISTRICT","t":1354.05,"l":"453: Com-Car Wash","c":0}},{"type":"Feature","geometry":{"type":"Polygon","coordinates":[[[-82.397548,41.085962],[-82.397546,41.085893],[-82.39802,41.085885],[-82.398022,41.085954],[-82.397548,41.085962]]]},"properties":{"p":"26-0180-04-004-0000","o":"COX HOLDING COMPANY LLC","a":"40 RAILROAD ST NEW LONDON 44851","d":"NEW LONDON LOCAL SCHOOL DISTRICT","t":816.65,"l":"499: Com-Other","c":0}},{"type":"Feature","geometry":{"type":"Polygon","coordinates":[[[-82.397782,41.08634],[-82.397515,41.086452],[-82.397496,41.086004],[-82.397768,41.085999],[-82.397782,41.08634]]]},"properties":{"p":"26-0180-04-003-0000","o":"COX HOLDING COMPANY LLC","a":"71 S RAILROAD ST NEW LONDON 44851","d":"NEW LONDON LOCAL SCHOOL DISTRICT","t":226.7,"l":"400: Com-Vacant Land","c":0}},{"type":"Feature","geometry":{"type":"Polygon","coordinates":[[[-82.397782,41.08634],[-82.397768,41.085999],[-82.397858,41.085998],[-82.397872,41.086303],[-82.397782,41.08634]]]},"properties":{"p":"26-0180-04-002-0000","o":"COX HOLDING COMPANY LLC","a":"S RAILROAD ST NEW LONDON 44851","d":"NEW LONDON LOCAL SCHOOL DISTRICT","t":167.29,"l":"400: Com-Vacant Land","c":0}},{"type":"Feature","geometry":{"type":"Polygon","coordinates":[[[-82.397872,41.086303],[-82.397858,41.085998],[-82.398023,41.085995],[-82.398027,41.086237],[-82.397872,41.086303]]]},"properties":{"p":"26-0180-04-001-0000","o":"COX HOLDING COMPANY LLC","a":"71 S RAILROAD ST NEW LONDON 44851","d":"NEW LONDON LOCAL SCHOOL DISTRICT","t":3709.41,"l":"453: Com-Car Wash","c":0}},{"type":"Feature","geometry":{"type":"Polygon","coordinates":[[[-82.388229,41.101997],[-82.388122,41.100286],[-82.388304,41.100287],[-82.388339,41.100891],[-82.389224,41.100913],[-82.389284,41.101996],[-82.388229,41.101997]]]},"properties":{"p":"25-0040-02-001-0100","o":"ASMUS SANDRA","a":"5495 NEW LONDON SECT RD NEW LONDON 44851","d":"NEW LONDON LOCAL SCHOOL DISTRICT","t":2040.34,"l":"511: Res-Custom Code","c":0}},{"type":"Feature","geometry":{"type":"Polygon","coordinates":[[[-82.414611,41.07342],[-82.414575,41.072559],[-82.417194,41.07258],[-82.416819,41.073432],[-82.414611,41.07342]]]},"properties":{"p":"25-0040-01-027-0300","o":"KLEINHENZ LYNN M","a":"2414 EUCLID AVE NEW LONDON 44851","d":"NEW LONDON LOCAL SCHOOL DISTRICT","t":113.33,"l":"511: Res-Custom Code","c":0}},{"type":"Feature","geometry":{"type":"Polygon","coordinates":[[[-82.681994,41.028539],[-82.681987,41.028404],[-82.68322,41.028418],[-82.683146,41.028552],[-82.681994,41.028539]]]},"properties":{"p":"24-036B-01-003-0100","o":"WALLACE BRITTANEY M","a":"ST RT 598 PLYMOUTH 44865","d":"WILLARD CITY SCHOOL DISTRICT","t":13.31,"l":"500: Res-Vacant Land","c":0}},{"type":"Feature","geometry":{"type":"Polygon","coordinates":[[[-82.754709,41.08391],[-82.754681,41.083328],[-82.75541,41.083341],[-82.755438,41.083918],[-82.754709,41.08391]]]},"properties":{"p":"36-0010-01-092-0000","o":"WATERBECK JASON A","a":"4656 EGYPT RD WILLARD 44890","d":"WILLARD CITY SCHOOL DISTRICT","t":3635.72,"l":"511: Res-Custom Code","c":0}},{"type":"Feature","geometry":{"type":"Polygon","coordinates":[[[-82.767803,41.072939],[-82.767786,41.072571],[-82.767909,41.072573],[-82.767803,41.072939]]]},"properties":{"p":"36-0010-01-022-0100","o":"SCHLARB BEVERLY","a":"MILLER RD WILLARD 44890","d":"WILLARD CITY SCHOOL DISTRICT","t":30.41,"l":"501: Res-Custom Code","c":0}},{"type":"Feature","geometry":{"type":"Polygon","coordinates":[[[-82.78198,41.083035],[-82.781334,41.083024],[-82.78136,41.082131],[-82.782008,41.082143],[-82.78198,41.083035]]]},"properties":{"p":"36-0010-01-013-0600","o":"SWARTZ HOWARD A & TAMMARA S OR SURV","a":"EGYPT RD WILLARD 44890","d":"WILLARD CITY SCHOOL DISTRICT","t":97.78,"l":"501: Res-Custom Code","c":0}},{"type":"Feature","geometry":{"type":"Polygon","coordinates":[[[-82.832882,41.086642],[-82.831775,41.086669],[-82.831867,41.088827],[-82.823486,41.088661],[-82.823328,41.084587],[-82.823437,41.08459],[-82.823406,41.083768],[-82.832771,41.083976],[-82.832882,41.086642]]]},"properties":{"p":"35-0040-A1-010-0000","o":"MARTIN EDWIN A","a":"6684 EGYPT RD ATTICA 44807","d":"SENECA EAST LOCAL SCHOOL DISTRICT","t":55867.04,"l":"101: Agr-Cash-Grain Farm","c":0}},{"type":"Feature","geometry":{"type":"Polygon","coordinates":[[[-82.555231,41.229376],[-82.55327,41.228791],[-82.553266,41.228719],[-82.55522,41.228763],[-82.555231,41.229376]]]},"properties":{"p":"31-0010-04-055-0200","o":"DELLISANTI JAKE K & PAIGE NICOLE","a":"ST RT 18 NORWALK 44857","d":"WESTERN RESERVE LOCAL SCHOOL DISTRICT","t":652.62,"l":"110: Agr-CAUV-Vacant Land","c":0}},{"type":"Feature","geometry":{"type":"Polygon","coordinates":[[[-82.398789,41.08568],[-82.398721,41.085681],[-82.398721,41.085557],[-82.398821,41.085561],[-82.398825,41.085665],[-82.398789,41.08568]]]},"properties":{"p":"26-0180-03-006-0000","o":"SHARED VISION & INVESTMENT","a":"E MAIN ST NEW LONDON 44851","d":"NEW LONDON LOCAL SCHOOL DISTRICT","t":217.8,"l":"456: Com-Parking Garage","c":0}},{"type":"Feature","geometry":{"type":"Polygon","coordinates":[[[-82.839073,41.275853],[-82.838651,41.275794],[-82.838661,41.275751],[-82.839083,41.275809],[-82.839112,41.275674],[-82.839497,41.275727],[-82.839458,41.275906],[-82.839073,41.275853]]]},"properties":{"p":"01-0010-08-015-0000","o":"F & A SOFIOS PROPERTIES LTD","a":"SANDUSKY ST BELLEVUE 44811","d":"BELLEVUE CITY SCHOOL DISTRICT","t":329.72,"l":"500: Res-Vacant Land","c":0}},{"type":"Feature","geometry":{"type":"Polygon","coordinates":[[[-82.613523,41.246267],[-82.613064,41.246483],[-82.612904,41.246291],[-82.613364,41.246075],[-82.613523,41.246267]]]},"properties":{"p":"33-0210-08-052-0000","o":"COOPER MATTHEW P","a":"52 WOOSTER ST NORWALK 44857","d":"NORWALK CITY SCHOOL DISTRICT","t":27.48,"l":"510: Res-Single Family","c":0}},{"type":"Feature","geometry":{"type":"Polygon","coordinates":[[[-82.616449,41.241801],[-82.616237,41.241902],[-82.616043,41.24167],[-82.616062,41.241661],[-82.616105,41.241712],[-82.616298,41.241621],[-82.616449,41.241801]]]},"properties":{"p":"33-0240-10-017-0100","o":"BOLDEN LYNNITTA","a":"W MAIN ST NORWALK 44857","d":"NORWALK CITY SCHOOL DISTRICT","t":2068.88,"l":"400: Com-Vacant Land","c":0}},{"type":"Feature","geometry":{"type":"Polygon","coordinates":[[[-82.612685,41.242089],[-82.612618,41.24212],[-82.612456,41.241926],[-82.612521,41.241895],[-82.612685,41.242089]]]},"properties":{"p":"33-0240-12-007-0000","o":"JUST LIKE HOME LAUNDROMAT LLC","a":"BANK ST NORWALK 44857","d":"NORWALK CITY SCHOOL DISTRICT","t":243.74,"l":"400: Com-Vacant Land","c":0}},{"type":"Feature","geometry":{"type":"Polygon","coordinates":[[[-82.614744,41.241479],[-82.614578,41.241556],[-82.614513,41.241479],[-82.614698,41.241391],[-82.614744,41.241479]]]},"properties":{"p":"33-0240-13-006-0000","o":"BLOOMBERG BRENNAN JAMES","a":"29 BENEDICT AVE NORWALK 44857","d":"NORWALK CITY SCHOOL DISTRICT","t":446.9,"l":"420: Com-Retail-Small","c":0}},{"type":"Feature","geometry":{"type":"Polygon","coordinates":[[[-82.611271,41.241055],[-82.610973,41.240678],[-82.611166,41.240591],[-82.611498,41.241011],[-82.611271,41.241055]]]},"properties":{"p":"33-0240-14-010-0000","o":"JONES JAYNE L","a":"27 SUMMIT ST NORWALK 44857","d":"NORWALK CITY SCHOOL DISTRICT","t":2447.86,"l":"520: Res-Two Family","c":0}},{"type":"Feature","geometry":{"type":"Polygon","coordinates":[[[-82.610544,41.241077],[-82.610625,41.24101],[-82.61081,41.240802],[-82.610973,41.240678],[-82.611271,41.241055],[-82.610652,41.241194],[-82.610544,41.241077]]]},"properties":{"p":"33-0240-14-011-0000","o":"JONES JAYNE L","a":"SUMMIT ST NORWALK 44857","d":"NORWALK CITY SCHOOL DISTRICT","t":845.98,"l":"500: Res-Vacant Land","c":0}},{"type":"Feature","geometry":{"type":"Polygon","coordinates":[[[-82.617694,41.25602],[-82.617548,41.25602],[-82.617546,41.255609],[-82.617692,41.255609],[-82.617694,41.25602]]]},"properties":{"p":"33-0320-01-024-0000","o":"BROWN NICOLE","a":"GLOVER AVE NORWALK 44857","d":"NORWALK CITY SCHOOL DISTRICT","t":284.15,"l":"500: Res-Vacant Land","c":0}},{"type":"Feature","geometry":{"type":"Polygon","coordinates":[[[-82.615623,41.256547],[-82.615621,41.256163],[-82.615767,41.256163],[-82.615769,41.256547],[-82.615623,41.256547]]]},"properties":{"p":"33-0320-02-029-0000","o":"GRAY KATHY S","a":"26 GLOVER AVE NORWALK 44857","d":"NORWALK CITY SCHOOL DISTRICT","t":808.06,"l":"510: Res-Single Family","c":0}},{"type":"Feature","geometry":{"type":"Polygon","coordinates":[[[-82.607259,41.257519],[-82.607249,41.257135],[-82.607394,41.257134],[-82.607404,41.257519],[-82.607259,41.257519]]]},"properties":{"p":"33-0330-06-022-0000","o":"HARKNESS MARGARET","a":"WILLARD AVE NORWALK 44857","d":"NORWALK CITY SCHOOL DISTRICT","t":47.63,"l":"500: Res-Vacant Land","c":0}},{"type":"Feature","geometry":{"type":"Polygon","coordinates":[[[-82.598148,41.226281],[-82.598194,41.226075],[-82.598619,41.226075],[-82.598561,41.226333],[-82.598148,41.226281]]]},"properties":{"p":"33-0370-02-037-2100","o":"KANGARS MARCIE A","a":"3 WEDGEWOOD DR NORWALK 44857","d":"NORWALK CITY SCHOOL DISTRICT","t":6544.24,"l":"510: Res-Single Family","c":0}},{"type":"Feature","geometry":{"type":"Polygon","coordinates":[[[-82.590307,41.252545],[-82.590247,41.252544],[-82.59024,41.252173],[-82.590303,41.252173],[-82.590307,41.252545]]]},"properties":{"p":"33-175D-03-007-0100","o":"KROPF AMY L","a":"GIBBS RD NORWALK 44857","d":"NORWALK CITY SCHOOL DISTRICT","t":234.65,"l":"500: Res-Vacant Land","c":0}},{"type":"Feature","geometry":{"type":"Polygon","coordinates":[[[-82.461537,41.214612],[-82.460794,41.214602],[-82.460601,41.214307],[-82.461344,41.214317],[-82.461537,41.214612]]]},"properties":{"p":"48-0010-A1-074-0200","o":"BURT STEPHANIE R & STEPHANIE R SCHMITZ","a":"DERUSSEY REAR RD COLLINS 44857","d":"WESTERN RESERVE LOCAL SCHOOL DISTRICT","t":448.49,"l":"501: Res-Custom Code","c":0}},{"type":"Feature","geometry":{"type":"Polygon","coordinates":[[[-82.461537,41.214612],[-82.460794,41.214602],[-82.460601,41.214307],[-82.461344,41.214317],[-82.461537,41.214612]]]},"properties":{"p":"48-0010-A1-074-0200","o":"BURT STEPHANIE R & STEPHANIE R SCHMITZ","a":"DERUSSEY REAR RD COLLINS 44857","d":"WESTERN RESERVE LOCAL SCHOOL DISTRICT","t":448.49,"l":"501: Res-Custom Code","c":0}},{"type":"Feature","geometry":{"type":"Polygon","coordinates":[[[-82.532379,41.264967],[-82.532379,41.26555],[-82.531319,41.265446],[-82.531182,41.265377],[-82.531185,41.264938],[-82.532379,41.264967]]]},"properties":{"p":"48-0030-02-044-0100","o":"DELLISANTI JAKE K","a":"4654 MEDUSA RD NORWALK 44857","d":"WESTERN RESERVE LOCAL SCHOOL DISTRICT","t":4968.74,"l":"511: Res-Custom Code","c":0}},{"type":"Feature","geometry":{"type":"Polygon","coordinates":[[[-82.525214,41.28188],[-82.524699,41.281879],[-82.524703,41.281023],[-82.52522,41.28103],[-82.525214,41.28188]]]},"properties":{"p":"48-0030-03-027-0200","o":"AUERHAMER RENEE","a":"WELLS (REAR) RD COLLINS 44826","d":"WESTERN RESERVE LOCAL SCHOOL DISTRICT","t":848.55,"l":"599: Res-Other","c":0}},{"type":"Feature","geometry":{"type":"Polygon","coordinates":[[[-82.492393,41.249612],[-82.491699,41.249594],[-82.491698,41.249425],[-82.492394,41.249443],[-82.492393,41.249612]]]},"properties":{"p":"48-0530-02-008-0000","o":"BRADEN SR RONALD E TRUSTEE","a":"4085 HARTALAND CENTER RD COLLINS 44826","d":"WESTERN RESERVE LOCAL SCHOOL DISTRICT","t":2696.62,"l":"510: Res-Single Family","c":0}},{"type":"Feature","geometry":{"type":"Polygon","coordinates":[[[-82.492392,41.249693],[-82.4917,41.249672],[-82.491699,41.249594],[-82.492393,41.249612],[-82.492392,41.249693]]]},"properties":{"p":"48-0530-02-009-0000","o":"BRADEN SR RONALD E TRUSTEE","a":"4085 HARTALAND CENTER RD COLLINS 44826","d":"WESTERN RESERVE LOCAL SCHOOL DISTRICT","t":763.09,"l":"599: Res-Other","c":0}},{"type":"Feature","geometry":{"type":"Polygon","coordinates":[[[-82.492388,41.25015],[-82.491702,41.250133],[-82.4917,41.249672],[-82.492392,41.249693],[-82.492388,41.25015]]]},"properties":{"p":"48-0530-02-010-0000","o":"BRADEN SR RONALD E TRUSTEE","a":"HARTLAND CENTER RD COLLINS 44826","d":"WESTERN RESERVE LOCAL SCHOOL DISTRICT","t":650.02,"l":"500: Res-Vacant Land","c":0}},{"type":"Feature","geometry":{"type":"Polygon","coordinates":[[[-82.491463,41.250253],[-82.490495,41.250237],[-82.490494,41.250094],[-82.491462,41.25011],[-82.491463,41.250253]]]},"properties":{"p":"48-0530-03-028-0000","o":"FABERY JOHN A SR","a":"4108 HARTLAND CENTER RD COLLINS 44826","d":"WESTERN RESERVE LOCAL SCHOOL DISTRICT","t":2634.42,"l":"510: Res-Single Family","c":0}},{"type":"Feature","geometry":{"type":"Polygon","coordinates":[[[-82.491462,41.25011],[-82.490494,41.250094],[-82.490492,41.249915],[-82.491461,41.249926],[-82.491462,41.25011]]]},"properties":{"p":"48-0530-03-029-0000","o":"FABERY JOHN A SR","a":"HARTLAND CENTER RD COLLINS 44826","d":"WESTERN RESERVE LOCAL SCHOOL DISTRICT","t":226.39,"l":"500: Res-Vacant Land","c":0}},{"type":"Feature","geometry":{"type":"Polygon","coordinates":[[[-82.490357,41.248113],[-82.490254,41.248111],[-82.490329,41.247542],[-82.490395,41.247544],[-82.490357,41.248113]]]},"properties":{"p":"48-0530-04-018-0100","o":"GROSE LINDA G TRUSTEE","a":"US HWY 20 E COLLINS 44826","d":"WESTERN RESERVE LOCAL SCHOOL DISTRICT","t":76.5,"l":"500: Res-Vacant Land","c":0}},{"type":"Feature","geometry":{"type":"Polygon","coordinates":[[[-82.490552,41.248118],[-82.490357,41.248113],[-82.490395,41.247544],[-82.490578,41.247548],[-82.490552,41.248118]]]},"properties":{"p":"48-0530-04-019-0000","o":"GROSE LINDA G TRUSTEE","a":"2789 US HWY 20 E COLLINS 44826","d":"WESTERN RESERVE LOCAL SCHOOL DISTRICT","t":1417.36,"l":"510: Res-Single Family","c":0}},{"type":"Feature","geometry":{"type":"Polygon","coordinates":[[[-82.496344,41.258614],[-82.495696,41.258594],[-82.495694,41.258538],[-82.496344,41.25855],[-82.496344,41.258614]]]},"properties":{"p":"48-0540-05-036-0114","o":"OGLE JORDAN LEIGH & JAIMIE LEIGH & RYAN JAMES ETAL","a":"RAILROAD COLLINS 44826","d":"WESTERN RESERVE LOCAL SCHOOL DISTRICT","t":124.06,"l":"500: Res-Vacant Land","c":0}},{"type":"Feature","geometry":{"type":"Polygon","coordinates":[[[-82.495536,41.258775],[-82.495539,41.25853],[-82.495694,41.258538],[-82.495678,41.258883],[-82.495535,41.258879],[-82.495536,41.258775]]]},"properties":{"p":"48-0540-05-037-0000","o":"OGLE JORDAN LEIGH & JAIMIE LEIGH & RYAN JAMES ETAL","a":"RAILROAD ST COLLINS 44826","d":"WESTERN RESERVE LOCAL SCHOOL DISTRICT","t":143.79,"l":"599: Res-Other","c":0}},{"type":"Feature","geometry":{"type":"Polygon","coordinates":[[[-82.495878,41.2586],[-82.49586,41.258889],[-82.495678,41.258883],[-82.495696,41.258594],[-82.495878,41.2586]]]},"properties":{"p":"48-0540-05-038-0000","o":"OGLE JORDAN LEIGH & JAIMIE LEIGH & RYAN JAMES ETAL","a":"MAIN ST COLLINS 44826","d":"WESTERN RESERVE LOCAL SCHOOL DISTRICT","t":250.13,"l":"599: Res-Other","c":0}},{"type":"Feature","geometry":{"type":"Polygon","coordinates":[[[-82.496097,41.258606],[-82.496078,41.258896],[-82.49586,41.258889],[-82.495878,41.2586],[-82.496097,41.258606]]]},"properties":{"p":"48-0540-05-039-0000","o":"OGLE JORDAN LEIGH & JAIMIE LEIGH & RYAN JAMES ETAL","a":"2621 N RAILROAD ST COLLINS 44826","d":"WESTERN RESERVE LOCAL SCHOOL DISTRICT","t":161.7,"l":"500: Res-Vacant Land","c":0}},{"type":"Feature","geometry":{"type":"Polygon","coordinates":[[[-82.496267,41.258786],[-82.49626,41.258902],[-82.496078,41.258896],[-82.496097,41.258606],[-82.496277,41.258612],[-82.496267,41.258786]]]},"properties":{"p":"48-0540-05-040-0000","o":"OGLE JORDAN LEIGH & JAIMIE LEIGH & RYAN JAMES ETAL","a":"MAIN ST COLLINS 44826","d":"WESTERN RESERVE LOCAL SCHOOL DISTRICT","t":134.8,"l":"500: Res-Vacant Land","c":0}},{"type":"Feature","geometry":{"type":"Polygon","coordinates":[[[-82.365916,41.254945],[-82.365513,41.254943],[-82.365511,41.254456],[-82.365914,41.25465],[-82.365916,41.254945]]]},"properties":{"p":"49-0020-01-013-0100","o":"MIHAJLOVICH DAVID L JR & JENNIFER LYNN OR SURV","a":"US HWY 20 E WAKEMAN 44889","d":"WESTERN RESERVE LOCAL SCHOOL DISTRICT","t":89.94,"l":"501: Res-Custom Code","c":0}},{"type":"Feature","geometry":{"type":"Polygon","coordinates":[[[-82.364337,41.253916],[-82.364528,41.253917],[-82.364528,41.254107],[-82.364318,41.254006],[-82.361517,41.254086],[-82.361515,41.254004],[-82.364337,41.253916]]]},"properties":{"p":"49-0020-01-013-0106","o":"MIHAJLOVICH DAVID L JR ETAL","a":"4265 BUTLER RD N WAKEMAN 44889","d":"WESTERN RESERVE LOCAL SCHOOL DISTRICT","t":289.54,"l":"300: Ind-Vacant Land","c":0}},{"type":"Feature","geometry":{"type":"Polygon","coordinates":[[[-82.366466,41.254947],[-82.365916,41.254945],[-82.365914,41.25465],[-82.365511,41.254456],[-82.365509,41.253918],[-82.366457,41.253919],[-82.366466,41.254947]]]},"properties":{"p":"49-0020-01-013-0110","o":"MIHAJLOVICH DAVID L JR & JENNIFER LYNN OR SURV","a":"US HWY 20 E WAKEMAN 44889","d":"WESTERN RESERVE LOCAL SCHOOL DISTRICT","t":1545.51,"l":"501: Res-Custom Code","c":0}},{"type":"Feature","geometry":{"type":"Polygon","coordinates":[[[-82.389085,41.251834],[-82.388401,41.251839],[-82.388303,41.250087],[-82.388986,41.25007],[-82.389085,41.251834]]]},"properties":{"p":"49-0020-04-035-0000","o":"WILSON CAROL S & MICHAEL TINKHAM","a":"5571 US HWY 20 E WAKEMAN 44889","d":"WESTERN RESERVE LOCAL SCHOOL DISTRICT","t":4763.14,"l":"511: Res-Custom Code","c":0}},{"type":"Feature","geometry":{"type":"Polygon","coordinates":[[[-82.436557,41.276668],[-82.436569,41.277815],[-82.435907,41.277817],[-82.435717,41.278012],[-82.434371,41.278014],[-82.434356,41.276606],[-82.435265,41.276604],[-82.435272,41.277242],[-82.436519,41.277239],[-82.436513,41.276668],[-82.436557,41.276668]]]},"properties":{"p":"49-0030-05-003-0300","o":"PEREZ TIMOTHY R","a":"WAKEMAN TOWN LINE RD (REAR) WAKEMAN 44889","d":"WESTERN RESERVE LOCAL SCHOOL DISTRICT","t":17.19,"l":"110: Agr-CAUV-Vacant Land","c":0}},{"type":"Feature","geometry":{"type":"Polygon","coordinates":[[[-82.406002,41.257163],[-82.40571,41.257152],[-82.405761,41.256445],[-82.406053,41.256457],[-82.406002,41.257163]]]},"properties":{"p":"50-055A-01-011-0400","o":"WIGGINS RHONDA & ROCHELLE SKORVANIK","a":"102 104 FRANKLIN ST WAKEMAN 44889","d":"WESTERN RESERVE LOCAL SCHOOL DISTRICT","t":3567.66,"l":"520: Res-Two Family","c":0}},{"type":"Feature","geometry":{"type":"Polygon","coordinates":[[[-82.404303,41.254683],[-82.404187,41.254679],[-82.404177,41.254287],[-82.404298,41.254287],[-82.404303,41.254683]]]},"properties":{"p":"50-055A-04-019-0000","o":"GRUDE AMY & ADAM FREY SUCCESSOR CO TRUSTEES","a":"37 W MAIN ST WAKEMAN 44889","d":"WESTERN RESERVE LOCAL SCHOOL DISTRICT","t":1378.46,"l":"429: Com-Other","c":0}},{"type":"Feature","geometry":{"type":"Polygon","coordinates":[[[-82.404475,41.25469],[-82.40443,41.254688],[-82.404422,41.254286],[-82.404654,41.254285],[-82.404655,41.254346],[-82.404467,41.254348],[-82.404475,41.25469]]]},"properties":{"p":"50-055A-04-021-0100","o":"GRUDE AMY & ADAM FREY SUCCESSOR CO TRUSTEES","a":"DEPOT ST WAKEMAN 44889","d":"WESTERN RESERVE LOCAL SCHOOL DISTRICT","t":177.22,"l":"400: Com-Vacant Land","c":0}},{"type":"Feature","geometry":{"type":"Polygon","coordinates":[[[-82.401948,41.253136],[-82.401471,41.253145],[-82.401466,41.252919],[-82.401944,41.252912],[-82.401948,41.253136]]]},"properties":{"p":"50-055A-07-004-0000","o":"HILAMAN JAMIE","a":"25 PLEASANT ST WAKEMAN 44889","d":"WESTERN RESERVE LOCAL SCHOOL DISTRICT","t":3051.54,"l":"510: Res-Single Family","c":0}},{"type":"Feature","geometry":{"type":"Polygon","coordinates":[[[-82.609517,41.273376],[-82.608889,41.273381],[-82.608967,41.273057],[-82.609448,41.273053],[-82.609499,41.272838],[-82.609646,41.272837],[-82.609517,41.273376]]]},"properties":{"p":"52-012A-01-007-0000","o":"KING KIM CORPORATION","a":"415 MILAN AVE NORWALK 44857","d":"BERLIN-MILAN LOCAL SCHOOL DISTRICT","t":17714.89,"l":"410: Com-Motel","c":0}},{"type":"Feature","geometry":{"type":"Polygon","coordinates":[[[-82.436519,41.277239],[-82.435272,41.277242],[-82.435265,41.276604],[-82.442365,41.276589],[-82.442365,41.276651],[-82.436513,41.276668],[-82.436519,41.277239]]]},"properties":{"p":"49-0030-05-003-0100","o":"PEREZ TIMOTHY R","a":"5090 WAKEMAN TOWN LINE RD COLLINS 44826","d":"WESTERN RESERVE LOCAL SCHOOL DISTRICT","t":1158.22,"l":"111: Agr-CAUV-Cash-Grain Farm","c":0}},{"type":"Feature","geometry":{"type":"Polygon","coordinates":[[[-82.380439,41.284198],[-82.378703,41.284191],[-82.378724,41.283707],[-82.380706,41.283707],[-82.380439,41.284198]]]},"properties":{"p":"49-0020-02-038-0100","o":"MULLINS GREGORY S","a":"5404 ST RT 60 N WAKEMAN 44889","d":"WESTERN RESERVE LOCAL SCHOOL DISTRICT","t":6285.99,"l":"511: Res-Custom Code","c":0}},{"type":"Feature","geometry":{"type":"Polygon","coordinates":[[[-82.365511,41.254456],[-82.365096,41.254257],[-82.365095,41.253917],[-82.365509,41.253918],[-82.365511,41.254456]]]},"properties":{"p":"49-0020-01-013-0111","o":"MIHAJLOVICH DAVID L JR & JENNIFER LYNN OR SURV","a":"US HWY 20 E WAKEMAN 0","d":"WESTERN RESERVE LOCAL SCHOOL DISTRICT","t":97.2,"l":"501: Res-Custom Code","c":0}},{"type":"Feature","geometry":{"type":"Polygon","coordinates":[[[-82.496267,41.258786],[-82.496277,41.258612],[-82.496344,41.258614],[-82.496328,41.258904],[-82.49626,41.258902],[-82.496267,41.258786]]]},"properties":{"p":"48-0540-05-041-0000","o":"OGLE JORDAN LEIGH & JAIMIE LEIGH & RYAN JAMES ETAL","a":"MAIN ST COLLINS 44826","d":"WESTERN RESERVE LOCAL SCHOOL DISTRICT","t":427.44,"l":"599: Res-Other","c":0}},{"type":"Feature","geometry":{"type":"Polygon","coordinates":[[[-82.518985,41.280945],[-82.518996,41.280473],[-82.520648,41.280515],[-82.520646,41.280984],[-82.518985,41.280945]]]},"properties":{"p":"48-0030-03-033-0000","o":"HARLOW JAMES & SHIRLEY ANN OR SURV","a":"1974 WELLS RD COLLINS 44826","d":"WESTERN RESERVE LOCAL SCHOOL DISTRICT","t":615.27,"l":"511: Res-Custom Code","c":0}},{"type":"Feature","geometry":{"type":"Polygon","coordinates":[[[-82.490462,41.217001],[-82.490561,41.216108],[-82.491219,41.216383],[-82.491226,41.217018],[-82.490462,41.217001]]]},"properties":{"p":"48-0010-03-057-0000","o":"SAMS CLIFFORD & KRISTENA OR SURV","a":"2754 ST RT 18 COLLINS 44826","d":"WESTERN RESERVE LOCAL SCHOOL DISTRICT","t":2657.4,"l":"420: Com-Retail-Small","c":0}},{"type":"Feature","geometry":{"type":"Polygon","coordinates":[[[-82.590307,41.252545],[-82.590303,41.252173],[-82.590485,41.252174],[-82.590489,41.252547],[-82.590307,41.252545]]]},"properties":{"p":"33-175D-03-006-0000","o":"KROPF AMY L","a":"28 GIBBS RD NORWALK 44857","d":"NORWALK CITY SCHOOL DISTRICT","t":5700.56,"l":"510: Res-Single Family","c":0}},{"type":"Feature","geometry":{"type":"Polygon","coordinates":[[[-82.599602,41.254241],[-82.599377,41.253959],[-82.599563,41.253874],[-82.599789,41.254156],[-82.599602,41.254241]]]},"properties":{"p":"33-0350-06-002-0000","o":"CHAPMAN IRA L JR","a":"194 TUCKER AVE NORWALK 44857","d":"NORWALK CITY SCHOOL DISTRICT","t":2116.23,"l":"510: Res-Single Family","c":0}},{"type":"Feature","geometry":{"type":"Polygon","coordinates":[[[-82.603752,41.253563],[-82.603491,41.253575],[-82.603245,41.253612],[-82.603211,41.253566],[-82.603752,41.253563]]]},"properties":{"p":"33-0350-04-049-0000","o":"CARNEY JAMES M JR & TRUSTEE CARNEY ETAL","a":"PARSONS ST NORWALK 44857","d":"NORWALK CITY SCHOOL DISTRICT","t":844.52,"l":"500: Res-Vacant Land","c":0}},{"type":"Feature","geometry":{"type":"Polygon","coordinates":[[[-82.607404,41.257519],[-82.607394,41.257134],[-82.60754,41.257134],[-82.60755,41.257518],[-82.607404,41.257519]]]},"properties":{"p":"33-0330-06-021-0000","o":"HARKNESS MARGARET","a":"WILLARD AVE NORWALK 44857","d":"NORWALK CITY SCHOOL DISTRICT","t":47.63,"l":"500: Res-Vacant Land","c":0}},{"type":"Feature","geometry":{"type":"Polygon","coordinates":[[[-82.608313,41.257514],[-82.608303,41.25713],[-82.608449,41.257129],[-82.608459,41.257513],[-82.608313,41.257514]]]},"properties":{"p":"33-0330-06-017-0000","o":"LAWRENCE GERALD & JANICE","a":"WILLARD AVE APT K NORWALK 44857","d":"NORWALK CITY SCHOOL DISTRICT","t":94.97,"l":"500: Res-Vacant Land","c":0}},{"type":"Feature","geometry":{"type":"Polygon","coordinates":[[[-82.621105,41.250648],[-82.62056,41.250837],[-82.620466,41.250682],[-82.621012,41.250493],[-82.621105,41.250648]]]},"properties":{"p":"33-0310-06-014-0000","o":"KNUDSEN JOSEPH H","a":"168 WHITTLESEY AVE NORWALK 44857","d":"NORWALK CITY SCHOOL DISTRICT","t":1272.51,"l":"510: Res-Single Family","c":0}},{"type":"Feature","geometry":{"type":"Polygon","coordinates":[[[-82.615634,41.252941],[-82.615636,41.253369],[-82.615156,41.25337],[-82.615154,41.252943],[-82.615634,41.252941]]]},"properties":{"p":"33-0310-04-030-0000","o":"HOWELL ARIEL","a":"57 FRUEN ST NORWALK 44857","d":"NORWALK CITY SCHOOL DISTRICT","t":1546.63,"l":"510: Res-Single Family","c":0}},{"type":"Feature","geometry":{"type":"Polygon","coordinates":[[[-82.623437,41.250343],[-82.623435,41.249891],[-82.623675,41.249891],[-82.623677,41.250344],[-82.623437,41.250343]]]},"properties":{"p":"33-0300-01-022-0000","o":"GREAVES KELLIE N","a":"26 W WASHINGTON ST NORWALK 44857","d":"NORWALK CITY SCHOOL DISTRICT","t":2123.14,"l":"510: Res-Single Family","c":0}},{"type":"Feature","geometry":{"type":"Polygon","coordinates":[[[-82.606817,41.244683],[-82.606608,41.244425],[-82.606718,41.244372],[-82.606927,41.24463],[-82.606817,41.244683]]]},"properties":{"p":"33-0250-07-024-0000","o":"BECKER LARRY","a":"30 GRAY ST NORWALK 44857","d":"NORWALK CITY SCHOOL DISTRICT","t":613.9,"l":"510: Res-Single Family","c":0}},{"type":"Feature","geometry":{"type":"Polygon","coordinates":[[[-82.607159,41.244162],[-82.607375,41.24406],[-82.607544,41.244137],[-82.607251,41.244276],[-82.607159,41.244162]]]},"properties":{"p":"33-0250-07-016-0000","o":"GARWOOD AMANDA","a":"21 CORWIN ST NORWALK 44857","d":"NORWALK CITY SCHOOL DISTRICT","t":1903.87,"l":"510: Res-Single Family","c":0}},{"type":"Feature","geometry":{"type":"Polygon","coordinates":[[[-82.607251,41.244276],[-82.607544,41.244137],[-82.607684,41.244201],[-82.607327,41.244369],[-82.607251,41.244276]]]},"properties":{"p":"33-0250-07-015-0000","o":"GARWOOD AMANDA","a":"CORWIN ST NORWALK 44857","d":"NORWALK CITY SCHOOL DISTRICT","t":386.33,"l":"599: Res-Other","c":0}},{"type":"Feature","geometry":{"type":"Polygon","coordinates":[[[-82.610881,41.240546],[-82.61046,41.24002],[-82.61065,41.23993],[-82.611073,41.240457],[-82.610881,41.240546]]]},"properties":{"p":"33-0240-14-015-0000","o":"FORTNER ROGER D & JODIE L","a":"28 SUMMIT ST NORWALK 44857","d":"NORWALK CITY SCHOOL DISTRICT","t":2173.67,"l":"510: Res-Single Family","c":0}},{"type":"Feature","geometry":{"type":"Polygon","coordinates":[[[-82.612456,41.241926],[-82.612111,41.242088],[-82.61202,41.241982],[-82.612364,41.24182],[-82.612456,41.241926]]]},"properties":{"p":"33-0240-12-009-0000","o":"JUST LIKE HOME LAUNDROMAT LLC","a":"WATER ST NORWALK 44857","d":"NORWALK CITY SCHOOL DISTRICT","t":284.16,"l":"499: Com-Other","c":0}},{"type":"Feature","geometry":{"type":"Polygon","coordinates":[[[-82.612493,41.241908],[-82.612456,41.241926],[-82.612364,41.24182],[-82.61202,41.241982],[-82.611699,41.24161],[-82.612118,41.241477],[-82.612493,41.241908]]]},"properties":{"p":"33-0240-12-008-0000","o":"JUST LIKE HOME LAUNDROMAT LLC","a":"BANK ST NORWALK 44857","d":"NORWALK CITY SCHOOL DISTRICT","t":764.04,"l":"400: Com-Vacant Land","c":0}},{"type":"Feature","geometry":{"type":"Polygon","coordinates":[[[-82.612618,41.24212],[-82.612432,41.242206],[-82.612272,41.242014],[-82.612456,41.241926],[-82.612618,41.24212]]]},"properties":{"p":"33-0240-12-006-0000","o":"JUST LIKE HOME LAUNDROMAT LLC","a":"2 BANK ST NORWALK 44857","d":"NORWALK CITY SCHOOL DISTRICT","t":4096.12,"l":"440: Com-Dry Cleaning","c":0}},{"type":"Feature","geometry":{"type":"Polygon","coordinates":[[[-82.612432,41.242206],[-82.612226,41.242301],[-82.612066,41.242109],[-82.612272,41.242014],[-82.612432,41.242206]]]},"properties":{"p":"33-0240-12-005-0000","o":"JUST LIKE HOME LAUNDROMAT LLC","a":"BANK ST NORWALK 44857","d":"NORWALK CITY SCHOOL DISTRICT","t":670.34,"l":"456: Com-Parking Garage","c":0}},{"type":"Feature","geometry":{"type":"Polygon","coordinates":[[[-82.613915,41.249433],[-82.613908,41.248914],[-82.614026,41.248858],[-82.614034,41.249432],[-82.613915,41.249433]]]},"properties":{"p":"33-0210-07-020-0000","o":"DAILEY BRADLEY R","a":"47 FRANKLIN ST NORWALK 44857","d":"NORWALK CITY SCHOOL DISTRICT","t":2103.02,"l":"500: Res-Vacant Land","c":0}},{"type":"Feature","geometry":{"type":"Polygon","coordinates":[[[-82.621575,41.245025],[-82.621955,41.244844],[-82.621979,41.244872],[-82.621599,41.245054],[-82.621575,41.245025]]]},"properties":{"p":"33-0200-09-022-0000","o":"KLOTZ ALICEON","a":"STATE ST NORWALK 44857","d":"NORWALK CITY SCHOOL DISTRICT","t":100.76,"l":"500: Res-Vacant Land","c":0}},{"type":"Feature","geometry":{"type":"Polygon","coordinates":[[[-82.621525,41.244331],[-82.621905,41.24415],[-82.622014,41.24428],[-82.621634,41.244461],[-82.621525,41.244331]]]},"properties":{"p":"33-0200-09-011-0000","o":"DIETRICH DANIEL A JR","a":"4 BAKER ST NORWALK 44857","d":"NORWALK CITY SCHOOL DISTRICT","t":1443.51,"l":"599: Res-Other","c":0}},{"type":"Feature","geometry":{"type":"Polygon","coordinates":[[[-82.620373,41.241018],[-82.620141,41.241131],[-82.620043,41.241016],[-82.620274,41.240903],[-82.620373,41.241018]]]},"properties":{"p":"33-0200-03-032-0000","o":"GIBSON STEPHANIE F","a":"2 MINARD PL PL NORWALK 44857","d":"NORWALK CITY SCHOOL DISTRICT","t":5161.17,"l":"510: Res-Single Family","c":0}},{"type":"Feature","geometry":{"type":"Polygon","coordinates":[[[-82.62208,41.242223],[-82.621758,41.242379],[-82.621628,41.242227],[-82.621949,41.242071],[-82.62208,41.242223]]]},"properties":{"p":"33-0200-03-012-0000","o":"CANNON STACIA L","a":"28 NEWTON ST NORWALK 44857","d":"NORWALK CITY SCHOOL DISTRICT","t":1739.27,"l":"510: Res-Single Family","c":0}},{"type":"Feature","geometry":{"type":"Polygon","coordinates":[[[-82.617462,41.242859],[-82.617842,41.242678],[-82.617927,41.24278],[-82.617547,41.242961],[-82.617462,41.242859]]]},"properties":{"p":"33-0200-01-044-0000","o":"6 BLESSINGS LLC","a":"33 N HESTER ST NORWALK 44857","d":"NORWALK CITY SCHOOL DISTRICT","t":1579.58,"l":"520: Res-Two Family","c":0}},{"type":"Feature","geometry":{"type":"Polygon","coordinates":[[[-82.620294,41.247154],[-82.620611,41.247539],[-82.620351,41.247665],[-82.620102,41.247247],[-82.620294,41.247154]]]},"properties":{"p":"33-0190-03-026-0000","o":"LODEN CATHERINE M","a":"10 W LEAGUE ST NORWALK 44857","d":"NORWALK CITY SCHOOL DISTRICT","t":2000.03,"l":"510: Res-Single Family","c":0}},{"type":"Feature","geometry":{"type":"Polygon","coordinates":[[[-82.625969,41.242687],[-82.625741,41.242749],[-82.625542,41.242321],[-82.62577,41.242259],[-82.625969,41.242687]]]},"properties":{"p":"33-0160-04-039-0000","o":"JACKSON REGGIENALD D","a":"50 JEFFERSON ST NORWALK 44857","d":"NORWALK CITY SCHOOL DISTRICT","t":647.02,"l":"510: Res-Single Family","c":0}},{"type":"Feature","geometry":{"type":"Polygon","coordinates":[[[-82.625969,41.242687],[-82.62577,41.242259],[-82.625975,41.242202],[-82.626174,41.242631],[-82.625969,41.242687]]]},"properties":{"p":"33-0160-04-038-0000","o":"JACKSON REGGIENALD D","a":"52 JEFFERSON ST NORWALK 44857","d":"NORWALK CITY SCHOOL DISTRICT","t":605.23,"l":"570: Res-Custom Code","c":0}},{"type":"Feature","geometry":{"type":"Polygon","coordinates":[[[-82.635426,41.235624],[-82.635459,41.235614],[-82.63568,41.236064],[-82.635646,41.236074],[-82.635426,41.235624]]]},"properties":{"p":"33-0130-02-021-0000","o":"BARMAN JEFFREY B","a":"W MAIN ST NORWALK 44857","d":"NORWALK CITY SCHOOL DISTRICT","t":508.07,"l":"500: Res-Vacant Land","c":0}},{"type":"Feature","geometry":{"type":"Polygon","coordinates":[[[-82.595844,41.241558],[-82.595844,41.241283],[-82.596526,41.241282],[-82.596526,41.241557],[-82.595844,41.241558]]]},"properties":{"p":"33-009A-01-011-0000","o":"GFELL MICHAEL & CHERYL OR SURV","a":"1 MEAD AVE NORWALK 44857","d":"NORWALK CITY SCHOOL DISTRICT","t":4874.7,"l":"510: Res-Single Family","c":0}},{"type":"Feature","geometry":{"type":"Polygon","coordinates":[[[-82.608968,41.235319],[-82.60863,41.235491],[-82.608523,41.235369],[-82.608862,41.235198],[-82.608968,41.235319]]]},"properties":{"p":"33-0060-05-055-0000","o":"FLEW SETH R","a":"118 S LINWOOD AVE NORWALK 44857","d":"NORWALK CITY SCHOOL DISTRICT","t":108.47,"l":"510: Res-Single Family","c":0}},{"type":"Feature","geometry":{"type":"Polygon","coordinates":[[[-82.608319,41.235135],[-82.608838,41.234874],[-82.60894,41.234991],[-82.608421,41.235252],[-82.608319,41.235135]]]},"properties":{"p":"33-0060-05-053-0000","o":"FLEW SETH R","a":"124 S LINWOOD AVE NORWALK 44857","d":"NORWALK CITY SCHOOL DISTRICT","t":134.58,"l":"510: Res-Single Family","c":0}},{"type":"Feature","geometry":{"type":"Polygon","coordinates":[[[-82.608217,41.235018],[-82.608736,41.234757],[-82.608838,41.234874],[-82.608319,41.235135],[-82.608217,41.235018]]]},"properties":{"p":"33-0060-05-052-0000","o":"FLEW SETH R","a":"S LINWOOD AVE NORWALK 44857","d":"NORWALK CITY SCHOOL DISTRICT","t":18.4,"l":"500: Res-Vacant Land","c":0}},{"type":"Feature","geometry":{"type":"Polygon","coordinates":[[[-82.614054,41.23356],[-82.614011,41.233216],[-82.614243,41.233514],[-82.614054,41.23356]]]},"properties":{"p":"33-0050-04-024-0000","o":"COLISH STEVE D","a":"STOUTENBURG DR NORWALK 4857","d":"NORWALK CITY SCHOOL DISTRICT","t":100.92,"l":"500: Res-Vacant Land","c":0}},{"type":"Feature","geometry":{"type":"Polygon","coordinates":[[[-82.587418,41.241392],[-82.586971,41.241328],[-82.586964,41.241065],[-82.58741,41.241126],[-82.587418,41.241392]]]},"properties":{"p":"33-0020-01-004-0100","o":"CHASE JENNIFER A & CARL D JACKSON OR SURV","a":"WOODLAWN (REAR) AVE NORWALK 44857","d":"NORWALK CITY SCHOOL DISTRICT","t":280.63,"l":"500: Res-Vacant Land","c":0}},{"type":"Feature","geometry":{"type":"Polygon","coordinates":[[[-82.58741,41.241126],[-82.586964,41.241065],[-82.586953,41.240709],[-82.5874,41.240771],[-82.58741,41.241126]]]},"properties":{"p":"33-0020-01-004-0000","o":"CHASE JENNIFER A & CARL D JACKSON OR SURV","a":"225 WOODLAWN AVE NORWALK 44857","d":"NORWALK CITY SCHOOL DISTRICT","t":2199.44,"l":"510: Res-Single Family","c":0}},{"type":"Feature","geometry":{"type":"Polygon","coordinates":[[[-82.517288,41.022137],[-82.517233,41.022033],[-82.517204,41.021924],[-82.5172,41.021814],[-82.517221,41.021704],[-82.51731,41.021718],[-82.517291,41.021811],[-82.517293,41.02191],[-82.517318,41.022007],[-82.517364,41.022099],[-82.517288,41.022137]]]},"properties":{"p":"16-044B-01-037-0066","o":"JONES SANDRA A","a":"BEACHWOOD DR GREENWICH 44837","d":"SOUTH CENTRAL LOCAL SCHOOL DISTRICT","t":506.05,"l":"500: Res-Vacant Land","c":0}},{"type":"Feature","geometry":{"type":"Polygon","coordinates":[[[-82.515472,41.021348],[-82.512051,41.021301],[-82.512027,41.02067],[-82.510395,41.020655],[-82.510367,41.020085],[-82.515421,41.020127],[-82.515472,41.021348]]]},"properties":{"p":"16-044A-01-008-0000","o":"POTH ARNOLD L & KATHLEEN","a":"KNIFFIN ST GREENWICH 44837","d":"SOUTH CENTRAL LOCAL SCHOOL DISTRICT","t":1417,"l":"199: Agr-CAUV-Other","c":0}},{"type":"Feature","geometry":{"type":"Polygon","coordinates":[[[-82.513093,41.029753],[-82.513067,41.029237],[-82.513248,41.029238],[-82.513274,41.029754],[-82.513093,41.029753]]]},"properties":{"p":"16-043C-02-061-0000","o":"CARNEY JASON T & MAELYN","a":"24 E MAIN ST GREENWICH 44837","d":"SOUTH CENTRAL LOCAL SCHOOL DISTRICT","t":189.36,"l":"510: Res-Single Family","c":0}},{"type":"Feature","geometry":{"type":"Polygon","coordinates":[[[-82.513549,41.029019],[-82.51331,41.029018],[-82.513292,41.02866],[-82.513669,41.028663],[-82.51367,41.02902],[-82.513549,41.029019]]]},"properties":{"p":"16-043C-02-034-0200","o":"LENGYEL KARL JR","a":"21 ORCHARD ST GREENWICH 44837","d":"SOUTH CENTRAL LOCAL SCHOOL DISTRICT","t":5114.6,"l":"510: Res-Single Family","c":0}},{"type":"Feature","geometry":{"type":"Polygon","coordinates":[[[-82.515759,41.028693],[-82.514454,41.028683],[-82.514452,41.028628],[-82.515756,41.028638],[-82.515759,41.028693]]]},"properties":{"p":"16-043C-02-029-0000","o":"THOMAS FLORENCE","a":"ORCHARD ST GREENWICH 44837","d":"SOUTH CENTRAL LOCAL SCHOOL DISTRICT","t":37.5,"l":"500: Res-Vacant Land","c":0}},{"type":"Feature","geometry":{"type":"Polygon","coordinates":[[[-82.513009,41.027577],[-82.513005,41.027358],[-82.512112,41.027179],[-82.511968,41.026782],[-82.512914,41.026781],[-82.512944,41.02721],[-82.514303,41.027209],[-82.514341,41.027915],[-82.513123,41.027905],[-82.513009,41.027577]]]},"properties":{"p":"16-043C-02-027-0200","o":"INMON CLESTER & BETTY A","a":"7 SENIOR DR GREENWICH 44837","d":"SOUTH CENTRAL LOCAL SCHOOL DISTRICT","t":2612.81,"l":"510: Res-Single Family","c":0}},{"type":"Feature","geometry":{"type":"Polygon","coordinates":[[[-82.519049,41.029311],[-82.518965,41.029368],[-82.518711,41.029154],[-82.518717,41.028898],[-82.518829,41.028895],[-82.518834,41.029153],[-82.519236,41.029184],[-82.519049,41.029311]]]},"properties":{"p":"16-043B-01-036-0000","o":"PARLETT MICHAEL A & TABETHA M","a":"15 S RAILROAD ST GREENWICH 44837","d":"SOUTH CENTRAL LOCAL SCHOOL DISTRICT","t":48.38,"l":"520: Res-Two Family","c":0}},{"type":"Feature","geometry":{"type":"Polygon","coordinates":[[[-82.518128,41.029816],[-82.518131,41.029436],[-82.518335,41.029438],[-82.518344,41.02979],[-82.518302,41.029818],[-82.518128,41.029816]]]},"properties":{"p":"16-043B-01-029-0000","o":"CUSON JASON M & CANDY J","a":"6 MAIN ST GREENWICH 44837","d":"SOUTH CENTRAL LOCAL SCHOOL DISTRICT","t":1097.36,"l":"520: Res-Two Family","c":0}},{"type":"Feature","geometry":{"type":"Polygon","coordinates":[[[-82.516806,41.029963],[-82.516798,41.030231],[-82.516704,41.03023],[-82.516712,41.029962],[-82.516806,41.029963]]]},"properties":{"p":"16-042C-02-056-0000","o":"EDDINGTON BRIAN","a":"37 MAIN ST GREENWICH 44837","d":"SOUTH CENTRAL LOCAL SCHOOL DISTRICT","t":616.91,"l":"429: Com-Other","c":0}},{"type":"Feature","geometry":{"type":"Polygon","coordinates":[[[-82.520896,41.029038],[-82.520903,41.029257],[-82.520608,41.029254],[-82.520601,41.029047],[-82.520618,41.029034],[-82.520896,41.029038]]]},"properties":{"p":"16-042C-01-113-0100","o":"ABERNATHY JOHN WILLIAM & REBECCA RUTH ELLEN","a":"SOUTH (REAR) ST GREENWICH 44837","d":"SOUTH CENTRAL LOCAL SCHOOL DISTRICT","t":82.84,"l":"599: Res-Other","c":0}},{"type":"Feature","geometry":{"type":"Polygon","coordinates":[[[-82.5213,41.029223],[-82.520902,41.029219],[-82.520896,41.029038],[-82.521294,41.029042],[-82.5213,41.029223]]]},"properties":{"p":"16-042C-01-113-0000","o":"ABERNATHY JOHN W & REBECCA R","a":"7 S SOUTH ST GREENWICH 44837","d":"SOUTH CENTRAL LOCAL SCHOOL DISTRICT","t":1102.94,"l":"560: Res-Mobile Home","c":0}},{"type":"Feature","geometry":{"type":"Polygon","coordinates":[[[-82.523226,41.027516],[-82.523219,41.0279],[-82.52231,41.027886],[-82.522309,41.027861],[-82.522821,41.02751],[-82.523226,41.027516]]]},"properties":{"p":"16-042C-01-100-0100","o":"MAY RODNEY CHARLES & DEBRA SUE","a":"S PLEASANT (REAR) ST GREENWICH 44837","d":"SOUTH CENTRAL LOCAL SCHOOL DISTRICT","t":182.97,"l":"599: Res-Other","c":0}},{"type":"Feature","geometry":{"type":"Polygon","coordinates":[[[-82.523813,41.027524],[-82.522821,41.02751],[-82.523467,41.027067],[-82.523819,41.027244],[-82.523813,41.027524]]]},"properties":{"p":"16-042C-01-100-0100","o":"MAY RODNEY CHARLES & DEBRA SUE","a":"S PLEASANT (REAR) ST GREENWICH 44837","d":"SOUTH CENTRAL LOCAL SCHOOL DISTRICT","t":182.97,"l":"599: Res-Other","c":0}},{"type":"Feature","geometry":{"type":"Polygon","coordinates":[[[-82.523215,41.028064],[-82.523219,41.0279],[-82.523914,41.027908],[-82.523911,41.028072],[-82.523215,41.028064]]]},"properties":{"p":"16-042C-01-098-0000","o":"PATTERSON MONICA","a":"16 S PLEASANT ST GREENWICH 44837","d":"SOUTH CENTRAL LOCAL SCHOOL DISTRICT","t":290.3,"l":"570: Res-Custom Code","c":0}},{"type":"Feature","geometry":{"type":"Polygon","coordinates":[[[-82.52201,41.029864],[-82.521989,41.029225],[-82.52217,41.029227],[-82.522192,41.029866],[-82.52201,41.029864]]]},"properties":{"p":"16-042C-01-084-0000","o":"BEAL MARLENE","a":"27 W MAIN ST GREENWICH 44837","d":"SOUTH CENTRAL LOCAL SCHOOL DISTRICT","t":1055.22,"l":"510: Res-Single Family","c":0}},{"type":"Feature","geometry":{"type":"Polygon","coordinates":[[[-82.523422,41.030607],[-82.523401,41.030058],[-82.523582,41.030061],[-82.523603,41.03061],[-82.523422,41.030607]]]},"properties":{"p":"16-042C-01-056-0000","o":"BAKER MICHAEL K JR & ANGELA D","a":"42 W MAIN ST GREENWICH 44837","d":"SOUTH CENTRAL LOCAL SCHOOL DISTRICT","t":882.43,"l":"510: Res-Single Family","c":0}},{"type":"Feature","geometry":{"type":"Polygon","coordinates":[[[-82.520708,41.032089],[-82.52069,41.031636],[-82.520861,41.031638],[-82.520878,41.032091],[-82.520708,41.032089]]]},"properties":{"p":"16-042C-01-010-0100","o":"MURRAY TIMOTHY W SR & EVA L OR SURV","a":"21 SEMINARY ST GREENWICH 44837","d":"SOUTH CENTRAL LOCAL SCHOOL DISTRICT","t":303.19,"l":"510: Res-Single Family","c":0}},{"type":"Feature","geometry":{"type":"Polygon","coordinates":[[[-82.510914,41.031751],[-82.510908,41.031614],[-82.511419,41.031618],[-82.511425,41.031755],[-82.510914,41.031751]]]},"properties":{"p":"16-041C-02-056-0000","o":"WIREMAN MARK A","a":"N KNIFFIN ST GREENWICH 44837","d":"SOUTH CENTRAL LOCAL SCHOOL DISTRICT","t":0.06,"l":"500: Res-Vacant Land","c":0}},{"type":"Feature","geometry":{"type":"Polygon","coordinates":[[[-82.511419,41.031618],[-82.511413,41.031481],[-82.511925,41.031485],[-82.51193,41.031622],[-82.511419,41.031618]]]},"properties":{"p":"16-041C-02-043-0000","o":"BABCOCK CONSTANCE A","a":"PIERCE ST GREENWICH 44837","d":"SOUTH CENTRAL LOCAL SCHOOL DISTRICT","t":5.77,"l":"599: Res-Other","c":0}},{"type":"Feature","geometry":{"type":"Polygon","coordinates":[[[-82.511437,41.032029],[-82.511431,41.031892],[-82.511942,41.031896],[-82.511948,41.032033],[-82.511437,41.032029]]]},"properties":{"p":"16-041C-02-040-0000","o":"HALE JAMES I","a":"14 PIERCE ST GREENWICH 44837","d":"SOUTH CENTRAL LOCAL SCHOOL DISTRICT","t":744.23,"l":"570: Res-Custom Code","c":0}},{"type":"Feature","geometry":{"type":"Polygon","coordinates":[[[-82.512202,41.03368],[-82.512196,41.033543],[-82.512707,41.033547],[-82.512713,41.033684],[-82.512202,41.03368]]]},"properties":{"p":"16-041C-02-025-0000","o":"JOHNSON HEATHER N","a":"39 PIERCE ST GREENWICH 44837","d":"SOUTH CENTRAL LOCAL SCHOOL DISTRICT","t":199.5,"l":"570: Res-Custom Code","c":0}},{"type":"Feature","geometry":{"type":"Polygon","coordinates":[[[-82.512339,41.03135],[-82.51232,41.030898],[-82.512501,41.030899],[-82.51252,41.031352],[-82.512339,41.03135]]]},"properties":{"p":"16-041C-02-006-0000","o":"MILLS PAULINE M","a":"41 TILTON ST GREENWICH 44837","d":"SOUTH CENTRAL LOCAL SCHOOL DISTRICT","t":2252.56,"l":"510: Res-Single Family","c":0}},{"type":"Feature","geometry":{"type":"Polygon","coordinates":[[[-82.823589,41.278925],[-82.8218,41.278894],[-82.821786,41.275926],[-82.82285,41.275913],[-82.822835,41.275226],[-82.823526,41.27523],[-82.823592,41.278208],[-82.823589,41.278925]]]},"properties":{"p":"01-0120-01-011-0000","o":"SOFIOS RENTALS B LTD ETAL ETAL","a":"RIDGE REAR DR BELLEVUE 44811","d":"BELLEVUE CITY SCHOOL DISTRICT","t":2249.75,"l":"100: Agr-Vacant Land","c":0}},{"type":"Feature","geometry":{"type":"Polygon","coordinates":[[[-82.837163,41.286105],[-82.837168,41.286089],[-82.837653,41.286105],[-82.837652,41.286121],[-82.837163,41.286105]]]},"properties":{"p":"01-007A-02-001-0100","o":"DAHM KATHLYN B","a":"CASTALIA ST BELLEVUE 44811","d":"BELLEVUE CITY SCHOOL DISTRICT","t":162.39,"l":"500: Res-Vacant Land","c":0}},{"type":"Feature","geometry":{"type":"Polygon","coordinates":[[[-82.83827,41.282809],[-82.838315,41.282679],[-82.838826,41.282694],[-82.83882,41.282826],[-82.83827,41.282809]]]},"properties":{"p":"01-0070-02-029-0000","o":"HACKENBURG ROBERT W","a":"805 CASTALIA BELLEVUE 44811","d":"BELLEVUE CITY SCHOOL DISTRICT","t":5663.17,"l":"510: Res-Single Family","c":0}},{"type":"Feature","geometry":{"type":"Polygon","coordinates":[[[-82.839687,41.284386],[-82.839717,41.283975],[-82.839906,41.28398],[-82.839876,41.284391],[-82.839687,41.284386]]]},"properties":{"p":"01-0070-01-013-0000","o":"MCDONNELL VICKI V","a":"136 AIGLER BLVD BELLEVUE 44811","d":"BELLEVUE CITY SCHOOL DISTRICT","t":3557.59,"l":"510: Res-Single Family","c":0}},{"type":"Feature","geometry":{"type":"Polygon","coordinates":[[[-82.83096,41.266586],[-82.83076,41.266379],[-82.830754,41.26624],[-82.830788,41.266221],[-82.831077,41.266521],[-82.83096,41.266586]]]},"properties":{"p":"01-0060-01-015-0000","o":"HOWELL JENNIFER","a":"136 HOBSON BELLEVUE 44811","d":"BELLEVUE CITY SCHOOL DISTRICT","t":370.1,"l":"510: Res-Single Family","c":0}},{"type":"Feature","geometry":{"type":"Polygon","coordinates":[[[-82.83096,41.266586],[-82.830775,41.266687],[-82.83076,41.266379],[-82.83096,41.266586]]]},"properties":{"p":"01-0060-01-014-0000","o":"HOWELL JENNIFER","a":"HOBSON BELLEVUE 44811","d":"BELLEVUE CITY SCHOOL DISTRICT","t":84.27,"l":"599: Res-Other","c":0}},{"type":"Feature","geometry":{"type":"Polygon","coordinates":[[[-82.831919,41.265109],[-82.832317,41.26489],[-82.832404,41.264979],[-82.832005,41.265197],[-82.831919,41.265109]]]},"properties":{"p":"01-0050-03-016-0000","o":"SCOTT MICHALENE C","a":"725 MONROE BELLEVUE 44811","d":"BELLEVUE CITY SCHOOL DISTRICT","t":3312.27,"l":"510: Res-Single Family","c":0}},{"type":"Feature","geometry":{"type":"Polygon","coordinates":[[[-82.832005,41.265197],[-82.832404,41.264979],[-82.832447,41.265023],[-82.832048,41.265242],[-82.832005,41.265197]]]},"properties":{"p":"01-0050-03-015-0000","o":"SCOTT MICHALENE C","a":"MONROE BELLEVUE 44811","d":"BELLEVUE CITY SCHOOL DISTRICT","t":308.72,"l":"500: Res-Vacant Land","c":0}},{"type":"Feature","geometry":{"type":"Polygon","coordinates":[[[-82.829798,41.272429],[-82.829618,41.272416],[-82.829614,41.272279],[-82.829643,41.272281],[-82.829637,41.272103],[-82.829608,41.2721],[-82.829598,41.27177],[-82.829778,41.271784],[-82.829798,41.272429]]]},"properties":{"p":"01-0040-03-052-0000","o":"VIOCK MICHAEL A JR & BRANDON L","a":"738 MAIN BELLEVUE 44811","d":"BELLEVUE CITY SCHOOL DISTRICT","t":617.61,"l":"510: Res-Single Family","c":0}},{"type":"Feature","geometry":{"type":"Polygon","coordinates":[[[-82.828329,41.270911],[-82.828329,41.271057],[-82.827738,41.271067],[-82.827733,41.270875],[-82.828329,41.270911]]]},"properties":{"p":"01-0040-03-029-0000","o":"GYURKE RONALD L JR & JOAN OR SURV","a":"132 ORCHARD BELLEVUE 44811","d":"BELLEVUE CITY SCHOOL DISTRICT","t":478.7,"l":"510: Res-Single Family","c":0}},{"type":"Feature","geometry":{"type":"Polygon","coordinates":[[[-82.837887,41.271092],[-82.837293,41.270857],[-82.837371,41.270739],[-82.837968,41.270976],[-82.837887,41.271092]]]},"properties":{"p":"01-0030-11-017-0000","o":"STRAUB ROBERT A","a":"225 NE BROAD BLVD BELLEVUE 44811","d":"BELLEVUE CITY SCHOOL DISTRICT","t":618.59,"l":"510: Res-Single Family","c":0}},{"type":"Feature","geometry":{"type":"Polygon","coordinates":[[[-82.84009,41.268007],[-82.840186,41.267879],[-82.840441,41.267878],[-82.840446,41.267999],[-82.84009,41.268007]]]},"properties":{"p":"01-0030-10-014-0000","o":"VALLIMONT VERNETTA M","a":"303 SOUTHWEST BELLEVUE 44811","d":"BELLEVUE CITY SCHOOL DISTRICT","t":65.46,"l":"510: Res-Single Family","c":0}},{"type":"Feature","geometry":{"type":"Polygon","coordinates":[[[-82.833127,41.269856],[-82.833129,41.26991],[-82.832456,41.269894],[-82.832451,41.269733],[-82.833412,41.269771],[-82.833414,41.269863],[-82.833127,41.269856]]]},"properties":{"p":"01-0030-06-011-0000","o":"MCGOWAN MICHAEL ALLEN & CELINA OR SURV","a":"218 MCKIM ST BELLEVUE 44811","d":"BELLEVUE CITY SCHOOL DISTRICT","t":1557.34,"l":"510: Res-Single Family","c":0}},{"type":"Feature","geometry":{"type":"Polygon","coordinates":[[[-82.832689,41.272596],[-82.832673,41.272075],[-82.832895,41.272087],[-82.832909,41.272608],[-82.832689,41.272596]]]},"properties":{"p":"01-0030-05-035-0000","o":"PTAK ANTHONY J","a":"540 MAIN BELLEVUE 44811","d":"BELLEVUE CITY SCHOOL DISTRICT","t":357.96,"l":"510: Res-Single Family","c":0}},{"type":"Feature","geometry":{"type":"Polygon","coordinates":[[[-82.832915,41.271094],[-82.832785,41.271085],[-82.832788,41.270953],[-82.832918,41.270964],[-82.832915,41.271094]]]},"properties":{"p":"01-0030-05-021-0000","o":"CHAPMAN DONALD R","a":"CENTER (REAR) BELLEVUE 44811","d":"BELLEVUE CITY SCHOOL DISTRICT","t":322.81,"l":"599: Res-Other","c":0}},{"type":"Feature","geometry":{"type":"Polygon","coordinates":[[[-82.832932,41.271055],[-82.832916,41.271056],[-82.832924,41.270689],[-82.832941,41.27069],[-82.832932,41.271055]]]},"properties":{"p":"01-0030-05-020-0000","o":"CHAPMAN DONALD R","a":"CENTER BELLEVUE 44811","d":"BELLEVUE CITY SCHOOL DISTRICT","t":263.29,"l":"500: Res-Vacant Land","c":0}},{"type":"Feature","geometry":{"type":"Polygon","coordinates":[[[-82.838852,41.271794],[-82.838487,41.271985],[-82.838373,41.271864],[-82.838738,41.271673],[-82.838852,41.271794]]]},"properties":{"p":"01-0030-03-005-0000","o":"FORTNEY CHRISTOPHER P","a":"219 MONROE BELLEVUE 44811","d":"BELLEVUE CITY SCHOOL DISTRICT","t":1781.1,"l":"510: Res-Single Family","c":0}},{"type":"Feature","geometry":{"type":"Polygon","coordinates":[[[-82.839026,41.271978],[-82.838763,41.272116],[-82.838695,41.272043],[-82.838958,41.271905],[-82.839026,41.271978]]]},"properties":{"p":"01-0030-03-003-0000","o":"SMITH AMY D","a":"211 MONROE ST BELLEVUE 44811","d":"BELLEVUE CITY SCHOOL DISTRICT","t":306.19,"l":"455: Com-Garage","c":0}},{"type":"Feature","geometry":{"type":"Polygon","coordinates":[[[-82.839061,41.272015],[-82.838797,41.272153],[-82.838716,41.272141],[-82.839026,41.271978],[-82.839061,41.272015]]]},"properties":{"p":"01-0030-03-002-0000","o":"SMITH AMY D","a":"MONROE ST BELLEVUE 44811","d":"BELLEVUE CITY SCHOOL DISTRICT","t":41.15,"l":"455: Com-Garage","c":0}},{"type":"Feature","geometry":{"type":"Polygon","coordinates":[[[-82.839163,41.272208],[-82.838797,41.272153],[-82.839061,41.272015],[-82.839172,41.272132],[-82.839163,41.272208]]]},"properties":{"p":"01-0030-03-001-0000","o":"SMITH AMY D","a":"211 MONROE ST BELLEVUE 44811","d":"BELLEVUE CITY SCHOOL DISTRICT","t":132.53,"l":"400: Com-Vacant Land","c":0}},{"type":"Feature","geometry":{"type":"Polygon","coordinates":[[[-82.838919,41.272331],[-82.838876,41.272504],[-82.838822,41.272496],[-82.838795,41.272604],[-82.838734,41.272595],[-82.838805,41.272315],[-82.838919,41.272331]]]},"properties":{"p":"01-0030-02-003-0000","o":"HANSEN BRANDIE A","a":"207 CENTER BELLEVUE 44811","d":"BELLEVUE CITY SCHOOL DISTRICT","t":2187.69,"l":"510: Res-Single Family","c":0}},{"type":"Feature","geometry":{"type":"Polygon","coordinates":[[[-82.83101,41.27584],[-82.831007,41.275703],[-82.831605,41.275741],[-82.831609,41.275878],[-82.83101,41.27584]]]},"properties":{"p":"01-0020-10-022-0000","o":"MOSLEY STACY J","a":"176 SINCLAIR APT 4 BELLEVUE 44811","d":"BELLEVUE CITY SCHOOL DISTRICT","t":1779.34,"l":"510: Res-Single Family","c":0}},{"type":"Feature","geometry":{"type":"Polygon","coordinates":[[[-82.830943,41.273338],[-82.830927,41.272704],[-82.831046,41.272712],[-82.831063,41.273345],[-82.830943,41.273338]]]},"properties":{"p":"01-0020-09-023-0000","o":"MCCONNELL THOMAS E","a":"713 MAIN BELLEVUE 44811","d":"BELLEVUE CITY SCHOOL DISTRICT","t":2870.15,"l":"510: Res-Single Family","c":0}},{"type":"Feature","geometry":{"type":"Polygon","coordinates":[[[-82.831293,41.273001],[-82.831286,41.272727],[-82.831525,41.272742],[-82.831532,41.273016],[-82.831293,41.273001]]]},"properties":{"p":"01-0020-09-020-0000","o":"FOUR BROTHERS HOLDINGS LLC","a":"701 1/2 E MAIN ST BELLEVUE 44811","d":"BELLEVUE CITY SCHOOL DISTRICT","t":2233.09,"l":"530: Res-Three Family","c":0}},{"type":"Feature","geometry":{"type":"Polygon","coordinates":[[[-82.830477,41.273699],[-82.830468,41.273333],[-82.830548,41.273339],[-82.830556,41.2737],[-82.830477,41.273699]]]},"properties":{"p":"01-0020-09-009-0000","o":"SMITH JUDY","a":"KERN BELLEVUE 44811","d":"BELLEVUE CITY SCHOOL DISTRICT","t":52.49,"l":"500: Res-Vacant Land","c":0}},{"type":"Feature","geometry":{"type":"Polygon","coordinates":[[[-82.82577,41.272809],[-82.825763,41.272312],[-82.82596,41.272327],[-82.825967,41.272806],[-82.82577,41.272809]]]},"properties":{"p":"01-0020-07-026-0000","o":"LEWIS RANDAL","a":"1017 MAIN BELLEVUE 44811","d":"BELLEVUE CITY SCHOOL DISTRICT","t":1876.52,"l":"510: Res-Single Family","c":0}},{"type":"Feature","geometry":{"type":"Polygon","coordinates":[[[-82.825574,41.272812],[-82.825566,41.272296],[-82.825763,41.272312],[-82.82577,41.272809],[-82.825574,41.272812]]]},"properties":{"p":"01-0020-07-001-0000","o":"WARREN ROBERT HAROLD & JAMIE LYNNE MOYER OR SURV","a":"1021 E MAIN ST BELLEVUE 44811","d":"BELLEVUE CITY SCHOOL DISTRICT","t":3003.21,"l":"510: Res-Single Family","c":0}},{"type":"Feature","geometry":{"type":"Polygon","coordinates":[[[-82.8268,41.276391],[-82.82615,41.276372],[-82.826145,41.276221],[-82.826797,41.27624],[-82.8268,41.276391]]]},"properties":{"p":"01-0020-04-019-0000","o":"DIDION AMY S","a":"194 SHEFFIELD BELLEVUE 44811","d":"BELLEVUE CITY SCHOOL DISTRICT","t":1865.49,"l":"510: Res-Single Family","c":0}},{"type":"Feature","geometry":{"type":"Polygon","coordinates":[[[-82.831783,41.274295],[-82.831778,41.274114],[-82.832377,41.274152],[-82.832381,41.274333],[-82.831783,41.274295]]]},"properties":{"p":"01-0020-01-010-0000","o":"CANODE GLORIA J","a":"143 SINCLAIR BELLEVUE 44811","d":"BELLEVUE CITY SCHOOL DISTRICT","t":3522.29,"l":"510: Res-Single Family","c":0}},{"type":"Feature","geometry":{"type":"Polygon","coordinates":[[[-82.837804,41.279206],[-82.837029,41.279187],[-82.83705,41.279028],[-82.83782,41.279116],[-82.837804,41.279206]]]},"properties":{"p":"01-0010-14-001-0000","o":"GLOVER ROBERTA L","a":"516 N SANDUSKY ST BELLEVUE 44811","d":"BELLEVUE CITY SCHOOL DISTRICT","t":4737.77,"l":"510: Res-Single Family","c":0}},{"type":"Feature","geometry":{"type":"Polygon","coordinates":[[[-82.836856,41.277833],[-82.836864,41.277699],[-82.83746,41.277746],[-82.837445,41.277874],[-82.836856,41.277833]]]},"properties":{"p":"01-0010-13-006-0000","o":"SANDERS MICHELLE I","a":"413 LYME ST BELLEVUE 44811","d":"BELLEVUE CITY SCHOOL DISTRICT","t":982.87,"l":"510: Res-Single Family","c":0}},{"type":"Feature","geometry":{"type":"Polygon","coordinates":[[[-82.836903,41.277002],[-82.836914,41.27682],[-82.837265,41.276868],[-82.837244,41.277049],[-82.836903,41.277002]]]},"properties":{"p":"01-0010-11-012-0000","o":"HESSLER AMBER","a":"325 LYME ST BELLEVUE 44811","d":"BELLEVUE CITY SCHOOL DISTRICT","t":3261.06,"l":"510: Res-Single Family","c":0}},{"type":"Feature","geometry":{"type":"Polygon","coordinates":[[[-82.84077,41.27596],[-82.840572,41.275939],[-82.840744,41.275425],[-82.84077,41.27596]]]},"properties":{"p":"01-0010-09-001-0000","o":"WARNER DANIEL R & NICOLE L OR SURV","a":"NORTHWEST ST BELLEVUE 44811","d":"BELLEVUE CITY SCHOOL DISTRICT","t":94.41,"l":"500: Res-Vacant Land","c":0}},{"type":"Feature","geometry":{"type":"Polygon","coordinates":[[[-82.839035,41.276031],[-82.839073,41.275853],[-82.839446,41.275904],[-82.839399,41.276081],[-82.839035,41.276031]]]},"properties":{"p":"01-0010-08-014-0000","o":"F & A SOFIOS PROPERTIES LTD","a":"SANDUSKY ST BELLEVUE 44811","d":"BELLEVUE CITY SCHOOL DISTRICT","t":156.35,"l":"500: Res-Vacant Land","c":0}},{"type":"Feature","geometry":{"type":"Polygon","coordinates":[[[-82.839411,41.276267],[-82.83911,41.276225],[-82.839149,41.276047],[-82.839458,41.276089],[-82.839411,41.276267]]]},"properties":{"p":"01-0010-08-011-0000","o":"F & A SOFIOS PROPERTIES LTD","a":"120 GREEN ST BELLEVUE 44811","d":"BELLEVUE CITY SCHOOL DISTRICT","t":329.86,"l":"500: Res-Vacant Land","c":0}},{"type":"Feature","geometry":{"type":"Polygon","coordinates":[[[-82.838612,41.275973],[-82.838651,41.275794],[-82.839073,41.275853],[-82.839035,41.276031],[-82.838612,41.275973]]]},"properties":{"p":"01-0010-08-009-0000","o":"F & A SOFIOS PROPERTIES LTD","a":"SANDUSKY ST BELLEVUE 44811","d":"BELLEVUE CITY SCHOOL DISTRICT","t":383.75,"l":"500: Res-Vacant Land","c":0}},{"type":"Feature","geometry":{"type":"Polygon","coordinates":[[[-82.838661,41.275751],[-82.83869,41.275616],[-82.839112,41.275674],[-82.839083,41.275809],[-82.838661,41.275751]]]},"properties":{"p":"01-0010-08-008-0000","o":"F & A SOFIOS PROPERTIES LTD","a":"229 N SANDUSKY ST BELLEVUE 44811","d":"BELLEVUE CITY SCHOOL DISTRICT","t":319.47,"l":"500: Res-Vacant Land","c":0}},{"type":"Feature","geometry":{"type":"Polygon","coordinates":[[[-82.837253,41.275103],[-82.837291,41.274968],[-82.837295,41.274969],[-82.837253,41.275103]]]},"properties":{"p":"01-0010-07-001-0100","o":"BEGGS DENNIS R & CONNIE L","a":"LYME ST BELLEVUE 44811","d":"BELLEVUE CITY SCHOOL DISTRICT","t":295.34,"l":"500: Res-Vacant Land","c":0}},{"type":"Feature","geometry":{"type":"Polygon","coordinates":[[[-82.835899,41.274817],[-82.835421,41.274832],[-82.83542,41.274667],[-82.835893,41.274652],[-82.835899,41.274817]]]},"properties":{"p":"01-0010-03-052-0000","o":"MYERS JOHN C JR & TABITHA OR SURV","a":"146 HIGH ST BELLEVUE 44811","d":"BELLEVUE CITY SCHOOL DISTRICT","t":675.64,"l":"520: Res-Two Family","c":0}},{"type":"Feature","geometry":{"type":"Polygon","coordinates":[[[-82.834742,41.276747],[-82.834745,41.276609],[-82.835324,41.276609],[-82.835321,41.276746],[-82.834742,41.276747]]]},"properties":{"p":"01-0010-03-025-0000","o":"MEDINA OSCAR H & MARIA I","a":"219 N BUCKEYE ST BELLEVUE 44811","d":"BELLEVUE CITY SCHOOL DISTRICT","t":1188.7,"l":"520: Res-Two Family","c":0}},{"type":"Feature","geometry":{"type":"Polygon","coordinates":[[[-82.833936,41.273434],[-82.833906,41.272892],[-82.834054,41.272902],[-82.834088,41.273428],[-82.833936,41.273434]]]},"properties":{"p":"01-0010-01-005-0000","o":"SLONE NINA","a":"511 MAIN BELLEVUE 44811","d":"BELLEVUE CITY SCHOOL DISTRICT","t":552.34,"l":"510: Res-Single Family","c":0}},{"type":"Feature","geometry":{"type":"Polygon","coordinates":[[[-82.404664,41.250922],[-82.404695,41.250922],[-82.404707,41.251402],[-82.404664,41.250922]]]},"properties":{"p":"50-055C-06-019-0100","o":"BETHARD KORA M","a":"CECILE (REAR) ST WAKEMAN 44889","d":"WESTERN RESERVE LOCAL SCHOOL DISTRICT","t":22.4,"l":"501: Res-Custom Code","c":0}},{"type":"Feature","geometry":{"type":"Polygon","coordinates":[[[-82.401941,41.251369],[-82.401395,41.251377],[-82.401391,41.251224],[-82.401549,41.251217],[-82.401548,41.251165],[-82.401937,41.251159],[-82.401941,41.251369]]]},"properties":{"p":"50-055C-01-009-0100","o":"HILAMAN JAMIE L","a":"41 PLEASANT ST WAKEMAN 44889","d":"WESTERN RESERVE LOCAL SCHOOL DISTRICT","t":3691.67,"l":"510: Res-Single Family","c":0}},{"type":"Feature","geometry":{"type":"Polygon","coordinates":[[[-82.40443,41.254688],[-82.404303,41.254683],[-82.404298,41.254287],[-82.404422,41.254286],[-82.40443,41.254688]]]},"properties":{"p":"50-055A-04-020-0000","o":"GRUDE AMY & ADAM FREY SUCCESSOR CO TRUSTEES","a":"39 W MAIN ST WAKEMAN 44889","d":"WESTERN RESERVE LOCAL SCHOOL DISTRICT","t":1417.28,"l":"455: Com-Garage","c":0}},{"type":"Feature","geometry":{"type":"Polygon","coordinates":[[[-82.632805,41.238512],[-82.633369,41.238359],[-82.633432,41.238487],[-82.632868,41.238641],[-82.632805,41.238512]]]},"properties":{"p":"33-0130-04-037-0000","o":"SHANE LORRI J","a":"19 N WEST ST NORWALK 44857","d":"NORWALK CITY SCHOOL DISTRICT","t":2015.6,"l":"510: Res-Single Family","c":0}},{"type":"Feature","geometry":{"type":"Polygon","coordinates":[[[-82.639832,41.240201],[-82.639366,41.240144],[-82.63936,41.240073],[-82.639321,41.240015],[-82.63969,41.239793],[-82.639832,41.240201]]]},"properties":{"p":"33-0150-01-004-2300","o":"WRIGHT KATHRYN L","a":"47 VALLEY PARK DR NORWALK 44857","d":"NORWALK CITY SCHOOL DISTRICT","t":6804.16,"l":"510: Res-Single Family","c":0}},{"type":"Feature","geometry":{"type":"Polygon","coordinates":[[[-82.612655,41.250352],[-82.61265,41.250171],[-82.612875,41.250169],[-82.612881,41.250351],[-82.612655,41.250352]]]},"properties":{"p":"33-0220-10-028-0088","o":"MCLAUGHLIN BENJAMIN","a":"E LEAGUE ST NORWALK 44857","d":"NORWALK CITY SCHOOL DISTRICT","t":106.28,"l":"500: Res-Vacant Land","c":0}},{"type":"Feature","geometry":{"type":"Polygon","coordinates":[[[-82.596014,41.251403],[-82.595449,41.250701],[-82.595661,41.250603],[-82.59622,41.25131],[-82.596014,41.251403]]]},"properties":{"p":"33-0270-03-021-0000","o":"REIDY JESSICA RUTH","a":"258 E MAIN ST NORWALK 44857","d":"NORWALK CITY SCHOOL DISTRICT","t":3809.5,"l":"510: Res-Single Family","c":0}},{"type":"Feature","geometry":{"type":"Polygon","coordinates":[[[-82.622495,41.252545],[-82.62304,41.252355],[-82.623141,41.25252],[-82.622595,41.252709],[-82.622495,41.252545]]]},"properties":{"p":"33-0300-02-026-0000","o":"VANNATTA CARLO","a":"193 WHITTLESEY AVE NORWALK 44857","d":"NORWALK CITY SCHOOL DISTRICT","t":769.68,"l":"510: Res-Single Family","c":0}},{"type":"Feature","geometry":{"type":"Polygon","coordinates":[[[-82.607474,41.26033],[-82.607466,41.260015],[-82.607612,41.260014],[-82.60762,41.26033],[-82.607474,41.26033]]]},"properties":{"p":"33-0330-09-020-0000","o":"WILCOX ORON K III","a":"GALLUP AVE NORWALK 44857","d":"NORWALK CITY SCHOOL DISTRICT","t":374.07,"l":"599: Res-Other","c":0}},{"type":"Feature","geometry":{"type":"Polygon","coordinates":[[[-82.606892,41.260333],[-82.606884,41.260018],[-82.60703,41.260017],[-82.607038,41.260333],[-82.606892,41.260333]]]},"properties":{"p":"33-0330-09-024-0000","o":"WILCOX ORON K III","a":"GALLUP AVE NORWALK 44857","d":"NORWALK CITY SCHOOL DISTRICT","t":187.79,"l":"500: Res-Vacant Land","c":0}},{"type":"Feature","geometry":{"type":"Polygon","coordinates":[[[-82.599774,41.253196],[-82.599549,41.252914],[-82.599735,41.252829],[-82.599961,41.253111],[-82.599774,41.253196]]]},"properties":{"p":"33-0350-06-013-0000","o":"LONG MERIANNE","a":"188 COLLINGWOOD AVE NORWALK 44857","d":"NORWALK CITY SCHOOL DISTRICT","t":594.88,"l":"510: Res-Single Family","c":0}},{"type":"Feature","geometry":{"type":"Polygon","coordinates":[[[-82.733312,41.064178],[-82.73331,41.06409],[-82.734126,41.064104],[-82.734129,41.064196],[-82.733312,41.064178]]]},"properties":{"p":"51-0020-04-111-0000","o":"BACK RUSSELL LEE","a":"411 N MAIN ST WILLARD 44890","d":"WILLARD CITY SCHOOL DISTRICT","t":595.61,"l":"570: Res-Custom Code","c":0}},{"type":"Feature","geometry":{"type":"Polygon","coordinates":[[[-82.724886,41.065111],[-82.724855,41.064356],[-82.725709,41.064374],[-82.725684,41.065128],[-82.724886,41.065111]]]},"properties":{"p":"51-0030-01-014-0000","o":"HIDDEN ACRES RENEWAL RANCH LLC","a":"522 KEEFER (REAR) RD WILLARD 44890","d":"WILLARD CITY SCHOOL DISTRICT","t":193.75,"l":"599: Res-Other","c":0}},{"type":"Feature","geometry":{"type":"Polygon","coordinates":[[[-82.736668,41.058855],[-82.736974,41.058606],[-82.736981,41.058794],[-82.736755,41.058975],[-82.736668,41.058855]]]},"properties":{"p":"51-0260-01-037-0000","o":"MARINO JOSEPH & PAMELA","a":"WEST AVE WILLARD 44890","d":"WILLARD CITY SCHOOL DISTRICT","t":144.29,"l":"500: Res-Vacant Land","c":0}},{"type":"Feature","geometry":{"type":"Polygon","coordinates":[[[-82.735701,41.055885],[-82.735212,41.055873],[-82.735198,41.055461],[-82.735687,41.055473],[-82.735701,41.055885]]]},"properties":{"p":"51-0260-01-083-0000","o":"SEXTON DONALD","a":"554 W EMERALD ST WILLARD 44890","d":"WILLARD CITY SCHOOL DISTRICT","t":6181.94,"l":"510: Res-Single Family","c":0}},{"type":"Feature","geometry":{"type":"Polygon","coordinates":[[[-82.734016,41.055888],[-82.734153,41.055891],[-82.734172,41.056303],[-82.733991,41.056298],[-82.734016,41.055888]]]},"properties":{"p":"51-0260-02-019-0000","o":"DOMBEK HOLLIE","a":"523 W PEARL ST WILLARD 44890","d":"WILLARD CITY SCHOOL DISTRICT","t":900.32,"l":"510: Res-Single Family","c":0}},{"type":"Feature","geometry":{"type":"Polygon","coordinates":[[[-82.730827,41.057805],[-82.730841,41.057394],[-82.731023,41.057398],[-82.731008,41.057809],[-82.730827,41.057805]]]},"properties":{"p":"51-0260-03-012-0000","o":"BUNNER DANNY W","a":"320 W MAPLE ST WILLARD 44890","d":"WILLARD CITY SCHOOL DISTRICT","t":623.1,"l":"510: Res-Single Family","c":0}},{"type":"Feature","geometry":{"type":"Polygon","coordinates":[[[-82.731573,41.058275],[-82.731582,41.058015],[-82.731763,41.058019],[-82.731754,41.05828],[-82.731573,41.058275]]]},"properties":{"p":"51-0260-03-025-0000","o":"IRACHETA SANDRA","a":"403 WOODLAND AVE WILLARD 44890","d":"WILLARD CITY SCHOOL DISTRICT","t":2517.57,"l":"510: Res-Single Family","c":0}},{"type":"Feature","geometry":{"type":"Polygon","coordinates":[[[-82.730303,41.057217],[-82.730317,41.056805],[-82.730499,41.056809],[-82.730484,41.057221],[-82.730303,41.057217]]]},"properties":{"p":"51-0260-03-052-0000","o":"NEWMAN BRENDA L","a":"305 W MAPLE ST WILLARD 44890","d":"WILLARD CITY SCHOOL DISTRICT","t":1736.46,"l":"510: Res-Single Family","c":0}},{"type":"Feature","geometry":{"type":"Polygon","coordinates":[[[-82.730347,41.055944],[-82.730166,41.055941],[-82.730172,41.055749],[-82.730353,41.055752],[-82.730347,41.055944]]]},"properties":{"p":"51-0260-04-080-0000","o":"MANDATO MICHAEL & LEIA MARIE OR SURV","a":"210 CLARK ST WILLARD 44890","d":"WILLARD CITY SCHOOL DISTRICT","t":744.66,"l":"510: Res-Single Family","c":0}},{"type":"Feature","geometry":{"type":"Polygon","coordinates":[[[-82.733528,41.04787],[-82.733293,41.047868],[-82.733304,41.047338],[-82.73354,41.047341],[-82.733528,41.04787]]]},"properties":{"p":"51-026B-01-109-0000","o":"DIMICK SKYLAR","a":"512 COTTONWOOD DR WILLARD 44890","d":"WILLARD CITY SCHOOL DISTRICT","t":2206.82,"l":"510: Res-Single Family","c":0}},{"type":"Feature","geometry":{"type":"Polygon","coordinates":[[[-82.736537,41.044633],[-82.735917,41.044649],[-82.735915,41.044594],[-82.736536,41.044578],[-82.736537,41.044633]]]},"properties":{"p":"51-026B-01-130-3900","o":"LEE SEAN PATRICK & ADA LYNN OR SURV","a":"ARMSTRONG ST WILLARD 44890","d":"WILLARD CITY SCHOOL DISTRICT","t":167.62,"l":"500: Res-Vacant Land","c":0}},{"type":"Feature","geometry":{"type":"Polygon","coordinates":[[[-82.732056,41.049011],[-82.732055,41.048942],[-82.732495,41.04895],[-82.732498,41.049019],[-82.732056,41.049011]]]},"properties":{"p":"51-0270-01-028-0000","o":"DIALS ERIC M","a":"S MAIN ST WILLARD 44890","d":"WILLARD CITY SCHOOL DISTRICT","t":89,"l":"500: Res-Vacant Land","c":0}},{"type":"Feature","geometry":{"type":"Polygon","coordinates":[[[-82.729859,41.049043],[-82.729865,41.048905],[-82.730227,41.048911],[-82.730222,41.049049],[-82.729859,41.049043]]]},"properties":{"p":"51-0270-03-032-0000","o":"DEL ANGEL & MARCOS","a":"733 CLARK ST WILLARD 44890","d":"WILLARD CITY SCHOOL DISTRICT","t":583.36,"l":"510: Res-Single Family","c":0}},{"type":"Feature","geometry":{"type":"Polygon","coordinates":[[[-82.725738,41.065129],[-82.725743,41.064992],[-82.726287,41.065003],[-82.726282,41.06514],[-82.725738,41.065129]]]},"properties":{"p":"51-028A-02-019-0000","o":"PATRICK VANCE E","a":"602 KEEFER ST WILLARD 44890","d":"WILLARD CITY SCHOOL DISTRICT","t":217.14,"l":"500: Res-Vacant Land","c":0}},{"type":"Feature","geometry":{"type":"Polygon","coordinates":[[[-82.725715,41.065815],[-82.72572,41.065678],[-82.726264,41.065689],[-82.726259,41.065826],[-82.725715,41.065815]]]},"properties":{"p":"51-028A-02-024-0000","o":"DURHAM CLARA B","a":"618 KEEFER ST WILLARD 44890","d":"WILLARD CITY SCHOOL DISTRICT","t":68.18,"l":"500: Res-Vacant Land","c":0}},{"type":"Feature","geometry":{"type":"Polygon","coordinates":[[[-82.724129,41.059789],[-82.723767,41.059731],[-82.723772,41.059419],[-82.724135,41.059423],[-82.724129,41.059789]]]},"properties":{"p":"51-0290-01-048-0000","o":"STERLING EDINSON & ANNY Z OR SURV","a":"109 MOTSON ST WILLARD 44890","d":"WILLARD CITY SCHOOL DISTRICT","t":1544.63,"l":"520: Res-Two Family","c":0}},{"type":"Feature","geometry":{"type":"Polygon","coordinates":[[[-82.726024,41.062413],[-82.726027,41.062276],[-82.72639,41.062282],[-82.726387,41.062419],[-82.726024,41.062413]]]},"properties":{"p":"51-0290-02-008-0000","o":"MD OH LLC","a":"KEEFER ST WILLARD 44890","d":"WILLARD CITY SCHOOL DISTRICT","t":135.97,"l":"500: Res-Vacant Land","c":0}},{"type":"Feature","geometry":{"type":"Polygon","coordinates":[[[-82.72339,41.061471],[-82.723398,41.061059],[-82.723564,41.061062],[-82.723557,41.061473],[-82.72339,41.061471]]]},"properties":{"p":"51-0290-02-032-0000","o":"BARNETT JOB","a":"WASHINGTON ST WILLARD 44890","d":"WILLARD CITY SCHOOL DISTRICT","t":72.55,"l":"500: Res-Vacant Land","c":0}},{"type":"Feature","geometry":{"type":"Polygon","coordinates":[[[-82.723557,41.061473],[-82.723564,41.061062],[-82.723731,41.061064],[-82.723724,41.061476],[-82.723557,41.061473]]]},"properties":{"p":"51-0290-02-033-0000","o":"BARNETT JOB","a":"WASHINGTON ST WILLARD 44890","d":"WILLARD CITY SCHOOL DISTRICT","t":72.54,"l":"500: Res-Vacant Land","c":0}},{"type":"Feature","geometry":{"type":"Polygon","coordinates":[[[-82.72582,41.061517],[-82.725827,41.061105],[-82.726009,41.061108],[-82.726001,41.061519],[-82.72582,41.061517]]]},"properties":{"p":"51-0290-02-046-0000","o":"SCRUGGS LINDA J","a":"10 WASHINGTON ST WILLARD 44890","d":"WILLARD CITY SCHOOL DISTRICT","t":558.6,"l":"510: Res-Single Family","c":0}},{"type":"Feature","geometry":{"type":"Polygon","coordinates":[[[-82.724048,41.063519],[-82.724056,41.063143],[-82.724357,41.06315],[-82.724349,41.063525],[-82.724048,41.063519]]]},"properties":{"p":"51-0290-02-084-0000","o":"DUNCAN TAMI L","a":"418 FIRST ST WILLARD 44890","d":"WILLARD CITY SCHOOL DISTRICT","t":51.62,"l":"520: Res-Two Family","c":0}},{"type":"Feature","geometry":{"type":"Polygon","coordinates":[[[-82.727676,41.061915],[-82.728016,41.06192],[-82.728016,41.061948],[-82.727676,41.061942],[-82.727676,41.061915]]]},"properties":{"p":"51-0290-03-006-0000","o":"MCKINNEY CHRISTOPHER KEITH ETAL","a":"ELIZABETH ST WILLARD 44890","d":"WILLARD CITY SCHOOL DISTRICT","t":26.02,"l":"500: Res-Vacant Land","c":0}},{"type":"Feature","geometry":{"type":"Polygon","coordinates":[[[-82.728523,41.062242],[-82.72807,41.062234],[-82.72807,41.062166],[-82.728523,41.062173],[-82.728523,41.062242]]]},"properties":{"p":"51-0290-03-037-0000","o":"NEWSOME SANDRA G","a":"FRONT ST WILLARD 44890","d":"WILLARD CITY SCHOOL DISTRICT","t":78.5,"l":"500: Res-Vacant Land","c":0}},{"type":"Feature","geometry":{"type":"Polygon","coordinates":[[[-82.72807,41.062166],[-82.72807,41.062048],[-82.728419,41.062053],[-82.728523,41.062145],[-82.728523,41.062173],[-82.72807,41.062166]]]},"properties":{"p":"51-0290-03-038-0000","o":"NEWSOME SANDRA G","a":"314 N FRONT ST WILLARD 44890","d":"WILLARD CITY SCHOOL DISTRICT","t":716.3,"l":"510: Res-Single Family","c":0}},{"type":"Feature","geometry":{"type":"Polygon","coordinates":[[[-82.727118,41.063061],[-82.727096,41.062677],[-82.727354,41.06268],[-82.727357,41.063064],[-82.727118,41.063061]]]},"properties":{"p":"51-0290-03-058-0000","o":"MCKINNEY CHRISTOPHER & LORETHA","a":"13 SANDUSKY ST WILLARD 44890","d":"WILLARD CITY SCHOOL DISTRICT","t":222.95,"l":"500: Res-Vacant Land","c":0}},{"type":"Feature","geometry":{"type":"Polygon","coordinates":[[[-82.727787,41.063553],[-82.727799,41.063216],[-82.727821,41.063216],[-82.727809,41.063554],[-82.727787,41.063553]]]},"properties":{"p":"51-0290-03-085-0000","o":"MCKINNEY CHRISTOPHER & LORETHA","a":"SANDUSKY ST WILLARD 44890","d":"WILLARD CITY SCHOOL DISTRICT","t":18.9,"l":"500: Res-Vacant Land","c":0}},{"type":"Feature","geometry":{"type":"Polygon","coordinates":[[[-82.722711,41.059227],[-82.722721,41.058774],[-82.722928,41.058777],[-82.722918,41.05923],[-82.722711,41.059227]]]},"properties":{"p":"51-0300-01-114-0000","o":"TORRES JESSE ISIDRO","a":"202 MOTSON ST WILLARD 44890","d":"WILLARD CITY SCHOOL DISTRICT","t":3988.73,"l":"510: Res-Single Family","c":0}},{"type":"Feature","geometry":{"type":"Polygon","coordinates":[[[-82.719975,41.060944],[-82.719984,41.060519],[-82.720165,41.060522],[-82.720156,41.060947],[-82.719975,41.060944]]]},"properties":{"p":"51-0300-02-019-0000","o":"TACKETT KATHY J & HAROLD D JR","a":"319 SPRING ST WILLARD 44890","d":"WILLARD CITY SCHOOL DISTRICT","t":84.77,"l":"500: Res-Vacant Land","c":0}},{"type":"Feature","geometry":{"type":"Polygon","coordinates":[[[-82.728889,41.053406],[-82.728893,41.053298],[-82.729437,41.0533],[-82.729433,41.05341],[-82.728889,41.053406]]]},"properties":{"p":"51-0310-01-018-0000","o":"WEBB KARI LYNN","a":"422 PARK ST WILLARD 44890","d":"WILLARD CITY SCHOOL DISTRICT","t":1597.32,"l":"510: Res-Single Family","c":0}},{"type":"Feature","geometry":{"type":"Polygon","coordinates":[[[-82.726703,41.053705],[-82.726159,41.053696],[-82.726162,41.053607],[-82.726705,41.053616],[-82.726703,41.053705]]]},"properties":{"p":"51-0310-03-053-0000","o":"SMOTHERMAN RAYSHAWN","a":"412 MYRTLE AVE WILLARD 44890","d":"WILLARD CITY SCHOOL DISTRICT","t":1801.99,"l":"510: Res-Single Family","c":0}},{"type":"Feature","geometry":{"type":"Polygon","coordinates":[[[-82.72642,41.057144],[-82.726039,41.057138],[-82.726044,41.057],[-82.726421,41.057006],[-82.72642,41.057144]]]},"properties":{"p":"51-0310-03-087-0100","o":"MD OH LLC","a":"102 S MYRTLE AVE WILLARD 44890","d":"WILLARD CITY SCHOOL DISTRICT","t":971.56,"l":"429: Com-Other","c":0}},{"type":"Feature","geometry":{"type":"Polygon","coordinates":[[[-82.725427,41.057276],[-82.725425,41.057345],[-82.725302,41.057343],[-82.725304,41.057274],[-82.725427,41.057276]]]},"properties":{"p":"51-0310-04-014-0000","o":"SWARTZ TAMMY S & HOWARD A","a":"9 MAPLE ST WILLARD 44890","d":"WILLARD CITY SCHOOL DISTRICT","t":254.4,"l":"420: Com-Retail-Small","c":0}},{"type":"Feature","geometry":{"type":"Polygon","coordinates":[[[-82.724071,41.055925],[-82.724225,41.055927],[-82.724223,41.056064],[-82.724069,41.056062],[-82.724071,41.055925]]]},"properties":{"p":"51-0310-05-012-0100","o":"MD OH LLC","a":"PEARL ST WILLARD 44890","d":"WILLARD CITY SCHOOL DISTRICT","t":94.88,"l":"500: Res-Vacant Land","c":0}},{"type":"Feature","geometry":{"type":"Polygon","coordinates":[[[-82.721649,41.054921],[-82.721267,41.054579],[-82.72134,41.05458],[-82.721362,41.0546],[-82.721656,41.054603],[-82.721649,41.054921]]]},"properties":{"p":"51-0320-01-008-0000","o":"BARNETT JOSEPH M","a":"ASH ST WILLARD 44890","d":"WILLARD CITY SCHOOL DISTRICT","t":445.75,"l":"400: Com-Vacant Land","c":0}},{"type":"Feature","geometry":{"type":"Polygon","coordinates":[[[-82.721656,41.054562],[-82.721317,41.054559],[-82.72134,41.05458],[-82.721267,41.054579],[-82.721088,41.054419],[-82.721659,41.054425],[-82.721656,41.054562]]]},"properties":{"p":"51-0320-01-009-0000","o":"BARNETT JOSEPH M","a":"ASH ST WILLARD 44890","d":"WILLARD CITY SCHOOL DISTRICT","t":585.18,"l":"400: Com-Vacant Land","c":0}},{"type":"Feature","geometry":{"type":"Polygon","coordinates":[[[-82.721662,41.054288],[-82.720933,41.054281],[-82.720778,41.054142],[-82.721665,41.05415],[-82.721662,41.054288]]]},"properties":{"p":"51-0320-01-011-0000","o":"BARNETT JOSEPH M","a":"ASH & LAUREL WILLARD 44890","d":"WILLARD CITY SCHOOL DISTRICT","t":693.91,"l":"400: Com-Vacant Land","c":0}},{"type":"Feature","geometry":{"type":"Polygon","coordinates":[[[-82.734008,41.060802],[-82.734034,41.060353],[-82.734274,41.060361],[-82.734247,41.06081],[-82.734008,41.060802]]]},"properties":{"p":"51-0330-01-057-0000","o":"BARNETT KENNETH R SR & CONNIE F","a":"521 PLEASANT ST WILLARD 44890","d":"WILLARD CITY SCHOOL DISTRICT","t":293.75,"l":"510: Res-Single Family","c":0}},{"type":"Feature","geometry":{"type":"Polygon","coordinates":[[[-82.733769,41.060795],[-82.733795,41.060344],[-82.734034,41.060353],[-82.734008,41.060802],[-82.733769,41.060795]]]},"properties":{"p":"51-0330-01-058-0000","o":"BARNETT JOB","a":"515 PLEASANT ST WILLARD 44890","d":"WILLARD CITY SCHOOL DISTRICT","t":199.12,"l":"510: Res-Single Family","c":0}},{"type":"Feature","geometry":{"type":"Polygon","coordinates":[[[-82.734276,41.060312],[-82.734303,41.059859],[-82.734542,41.059868],[-82.734515,41.06032],[-82.734276,41.060312]]]},"properties":{"p":"51-0330-01-061-0000","o":"LOPEZ DANIELA LOPEZ","a":"528 FINK ST WILLARD 44890","d":"WILLARD CITY SCHOOL DISTRICT","t":1451.96,"l":"510: Res-Single Family","c":0}},{"type":"Feature","geometry":{"type":"Polygon","coordinates":[[[-82.735701,41.06036],[-82.73573,41.059826],[-82.735979,41.059834],[-82.735952,41.060367],[-82.735701,41.06036]]]},"properties":{"p":"51-0330-01-066-0000","o":"RILEY KEVIN G","a":"FINK (REAR) ST WILLARD 44890","d":"WILLARD CITY SCHOOL DISTRICT","t":1043.65,"l":"500: Res-Vacant Land","c":0}},{"type":"Feature","geometry":{"type":"Polygon","coordinates":[[[-82.734234,41.064106],[-82.73331,41.06409],[-82.73331,41.06408],[-82.734234,41.064096],[-82.734234,41.064106]]]},"properties":{"p":"51-0330-02-014-0000","o":"BACK RUSSELL LEE","a":"MAIN ST WILLARD 44890","d":"WILLARD CITY SCHOOL DISTRICT","t":46.48,"l":"500: Res-Vacant Land","c":0}},{"type":"Feature","geometry":{"type":"Polygon","coordinates":[[[-82.723367,41.050343],[-82.723377,41.050205],[-82.723964,41.05021],[-82.723954,41.050347],[-82.723367,41.050343]]]},"properties":{"p":"51-0340-01-044-0000","o":"ANGLES BRANDON A","a":"MAPLEWOOD AVE WILLARD 44890","d":"WILLARD CITY SCHOOL DISTRICT","t":302.55,"l":"599: Res-Other","c":0}},{"type":"Feature","geometry":{"type":"Polygon","coordinates":[[[-82.727988,41.043598],[-82.727734,41.043593],[-82.727726,41.043399],[-82.72798,41.043404],[-82.727988,41.043598]]]},"properties":{"p":"51-0360-01-026-0500","o":"GUARDIAN DST SERVICES LLC","a":"US HWY 224 WILLARD 44890","d":"WILLARD CITY SCHOOL DISTRICT","t":384.08,"l":"499: Com-Other","c":0}},{"type":"Feature","geometry":{"type":"Polygon","coordinates":[[[-82.728169,41.043601],[-82.727988,41.043598],[-82.72798,41.043404],[-82.728161,41.043407],[-82.728169,41.043601]]]},"properties":{"p":"51-0360-01-026-0600","o":"GUARDIAN DST SERVICES LLC","a":"RAE CT WILLARD 44890","d":"WILLARD CITY SCHOOL DISTRICT","t":94.88,"l":"400: Com-Vacant Land","c":0}},{"type":"Feature","geometry":{"type":"Polygon","coordinates":[[[-82.727973,41.043212],[-82.727719,41.043207],[-82.727705,41.042823],[-82.727959,41.042827],[-82.727973,41.043212]]]},"properties":{"p":"51-0360-01-045-0000","o":"GUARDIAN DST SERVICES LLC","a":"106 WALTON ST (US HWY 224) WILLARD 44890","d":"WILLARD CITY SCHOOL DISTRICT","t":1028.71,"l":"420: Com-Retail-Small","c":0}},{"type":"Feature","geometry":{"type":"Polygon","coordinates":[[[-82.72798,41.043404],[-82.727726,41.043399],[-82.727719,41.043207],[-82.727973,41.043212],[-82.72798,41.043404]]]},"properties":{"p":"51-0360-01-046-0000","o":"GUARDIAN DST SERVICES LLC","a":"US HWY 224 (REAR) WILLARD 44890","d":"WILLARD CITY SCHOOL DISTRICT","t":24.6,"l":"400: Com-Vacant Land","c":0}},{"type":"Feature","geometry":{"type":"Polygon","coordinates":[[[-82.726206,41.044047],[-82.7262,41.043909],[-82.726745,41.043918],[-82.72675,41.044055],[-82.726206,41.044047]]]},"properties":{"p":"51-0360-02-016-0000","o":"NIEDERMEIER TARAN","a":"1022 MYRTLE AVE WILLARD 44890","d":"WILLARD CITY SCHOOL DISTRICT","t":300,"l":"510: Res-Single Family","c":0}},{"type":"Feature","geometry":{"type":"Polygon","coordinates":[[[-82.726274,41.04572],[-82.726269,41.045583],[-82.726813,41.045592],[-82.726819,41.045729],[-82.726274,41.04572]]]},"properties":{"p":"51-0360-02-027-0000","o":"BUSS ANGELA","a":"934 MYRTLE AVE WILLARD 44890","d":"WILLARD CITY SCHOOL DISTRICT","t":916.75,"l":"510: Res-Single Family","c":0}},{"type":"Feature","geometry":{"type":"Polygon","coordinates":[[[-82.725457,41.04742],[-82.725451,41.047283],[-82.726049,41.047293],[-82.726054,41.04743],[-82.725457,41.04742]]]},"properties":{"p":"51-0360-03-005-0000","o":"TRICKLE CHRIS","a":"MYRTLE AVE WILLARD 44890","d":"WILLARD CITY SCHOOL DISTRICT","t":209.01,"l":"500: Res-Vacant Land","c":0}},{"type":"Feature","geometry":{"type":"Polygon","coordinates":[[[-82.725451,41.047283],[-82.725446,41.047146],[-82.726043,41.047156],[-82.726049,41.047293],[-82.725451,41.047283]]]},"properties":{"p":"51-0360-03-006-0000","o":"TRICKLE CHRIS","a":"837 MYRTLE AVE WILLARD 44890","d":"WILLARD CITY SCHOOL DISTRICT","t":1322.29,"l":"510: Res-Single Family","c":0}},{"type":"Feature","geometry":{"type":"Polygon","coordinates":[[[-82.7253,41.043579],[-82.725295,41.043442],[-82.725892,41.043452],[-82.725897,41.043589],[-82.7253,41.043579]]]},"properties":{"p":"51-0360-03-032-0000","o":"ROBINSON BROOKE","a":"1033 MYRTLE AVE AVE WILLARD 44890","d":"WILLARD CITY SCHOOL DISTRICT","t":790.15,"l":"510: Res-Single Family","c":0}},{"type":"Feature","geometry":{"type":"Polygon","coordinates":[[[-82.722173,41.043114],[-82.722155,41.042709],[-82.722394,41.042712],[-82.722412,41.043117],[-82.722173,41.043114]]]},"properties":{"p":"51-036A-02-003-0000","o":"IMPACT FINANCE INVESTMENTS LLC","a":"217 E WALTON ST WILLARD 44890","d":"WILLARD CITY SCHOOL DISTRICT","t":1497.64,"l":"442: Com-Medical Clinic","c":0}},{"type":"Feature","geometry":{"type":"Polygon","coordinates":[[[-82.715892,41.045395],[-82.715884,41.045217],[-82.716427,41.045202],[-82.716436,41.045381],[-82.715892,41.045395]]]},"properties":{"p":"51-036A-02-018-0000","o":"SHOEMAKER LORETTA","a":"1018 CONWELL AVE WILLARD 44890","d":"WILLARD CITY SCHOOL DISTRICT","t":65.96,"l":"510: Res-Single Family","c":0}},{"type":"Feature","geometry":{"type":"Polygon","coordinates":[[[-82.718391,41.045016],[-82.71854,41.045016],[-82.71854,41.045092],[-82.718391,41.045092],[-82.718391,41.045016]]]},"properties":{"p":"51-036A-A2-012-5300","o":"BUURMA NATHAN J","a":"28 WEDGEWOOD DR WILLARD 44890","d":"WILLARD CITY SCHOOL DISTRICT","t":5892.54,"l":"550: Res-Condo","c":0}},{"type":"Feature","geometry":{"type":"Polygon","coordinates":[[[-82.72167,41.053354],[-82.721307,41.053351],[-82.721308,41.053198],[-82.72167,41.0532],[-82.72167,41.053354]]]},"properties":{"p":"51-0320-01-045-0000","o":"RODRIGUEZ DIANA","a":"301 E TIFFIN ST WILLARD 44890","d":"WILLARD CITY SCHOOL DISTRICT","t":19.2,"l":"499: Com-Other","c":0}},{"type":"Feature","geometry":{"type":"Polygon","coordinates":[[[-82.723019,41.054438],[-82.722475,41.054433],[-82.72248,41.054158],[-82.723024,41.054163],[-82.723019,41.054438]]]},"properties":{"p":"51-0320-01-032-0000","o":"RESIDENT CONNECTION LLC","a":"321 MAPLEWOOD ST WILLARD 44890","d":"WILLARD CITY SCHOOL DISTRICT","t":1829.85,"l":"499: Com-Other","c":0}},{"type":"Feature","geometry":{"type":"Polygon","coordinates":[[[-82.722418,41.054569],[-82.722055,41.054566],[-82.722063,41.054154],[-82.722426,41.054158],[-82.722418,41.054569]]]},"properties":{"p":"51-0320-01-032-0000","o":"RESIDENT CONNECTION LLC","a":"321 MAPLEWOOD ST WILLARD 44890","d":"WILLARD CITY SCHOOL DISTRICT","t":1829.85,"l":"499: Com-Other","c":0}},{"type":"Feature","geometry":{"type":"Polygon","coordinates":[[[-82.721659,41.054425],[-82.721088,41.054419],[-82.720933,41.054281],[-82.721662,41.054288],[-82.721659,41.054425]]]},"properties":{"p":"51-0320-01-010-0000","o":"BARNETT JOSEPH M","a":"301 ASH ST WILLARD 44890","d":"WILLARD CITY SCHOOL DISTRICT","t":1217.24,"l":"499: Com-Other","c":0}},{"type":"Feature","geometry":{"type":"Polygon","coordinates":[[[-82.724408,41.055931],[-82.724407,41.056066],[-82.724226,41.056064],[-82.724228,41.055929],[-82.724408,41.055931]]]},"properties":{"p":"51-0310-05-010-0000","o":"MD OH LLC","a":"205 WOODBINE DR WILLARD 44890","d":"WILLARD CITY SCHOOL DISTRICT","t":5.19,"l":"500: Res-Vacant Land","c":0}},{"type":"Feature","geometry":{"type":"Polygon","coordinates":[[[-82.725734,41.05735],[-82.725516,41.057346],[-82.725518,41.057278],[-82.725736,41.057281],[-82.725734,41.05735]]]},"properties":{"p":"51-0310-04-012-0000","o":"GONZALEZ MIRELY & KRISTINA RAMOS OR SURV","a":"23 MYRTLE AVE WILLARD 44890","d":"WILLARD CITY SCHOOL DISTRICT","t":1945.35,"l":"420: Com-Retail-Small","c":0}},{"type":"Feature","geometry":{"type":"Polygon","coordinates":[[[-82.728664,41.053627],[-82.72812,41.053618],[-82.728123,41.053504],[-82.728667,41.053514],[-82.728664,41.053627]]]},"properties":{"p":"51-0310-02-031-0000","o":"BROWN TONI","a":"413 PARK ST WILLARD 44890","d":"WILLARD CITY SCHOOL DISTRICT","t":1867.04,"l":"510: Res-Single Family","c":0}},{"type":"Feature","geometry":{"type":"Polygon","coordinates":[[[-82.720156,41.060947],[-82.720165,41.060522],[-82.720347,41.060524],[-82.720337,41.06095],[-82.720156,41.060947]]]},"properties":{"p":"51-0300-02-018-0000","o":"TACKETT KATHY J & HAROLD D JR","a":"319 SPRING ST WILLARD 44890","d":"WILLARD CITY SCHOOL DISTRICT","t":388.26,"l":"510: Res-Single Family","c":0}},{"type":"Feature","geometry":{"type":"Polygon","coordinates":[[[-82.72007,41.058766],[-82.720065,41.059008],[-82.719884,41.05898],[-82.719891,41.05864],[-82.720073,41.058643],[-82.72007,41.058766]]]},"properties":{"p":"51-0300-01-098-0000","o":"BACON PROPERTIES LTD LLC","a":"328 W MOTSON ST WILLARD 44890","d":"WILLARD CITY SCHOOL DISTRICT","t":22505.88,"l":"520: Res-Two Family","c":0}},{"type":"Feature","geometry":{"type":"Polygon","coordinates":[[[-82.72241,41.060016],[-82.722414,41.059769],[-82.722558,41.059793],[-82.722555,41.060018],[-82.72241,41.060016]]]},"properties":{"p":"51-0300-01-073-0000","o":"FULTON CHRISTOPHER J","a":"212 SPRING CT WILLARD 44890","d":"WILLARD CITY SCHOOL DISTRICT","t":651.93,"l":"510: Res-Single Family","c":0}},{"type":"Feature","geometry":{"type":"Polygon","coordinates":[[[-82.722211,41.058721],[-82.722221,41.058268],[-82.72246,41.058272],[-82.72245,41.058724],[-82.722211,41.058721]]]},"properties":{"p":"51-0300-01-005-0000","o":"MOSER KELLY M","a":"215 CENTRAL AVE WILLARD 44890","d":"WILLARD CITY SCHOOL DISTRICT","t":3622.6,"l":"510: Res-Single Family","c":0}},{"type":"Feature","geometry":{"type":"Polygon","coordinates":[[[-82.72733,41.063546],[-82.727342,41.063212],[-82.727581,41.063214],[-82.727569,41.06355],[-82.72733,41.063546]]]},"properties":{"p":"51-0290-03-087-0000","o":"MCKINNEY CHRISTOPHER & LORETHA","a":"SANDUSKY ST WILLARD 44890","d":"WILLARD CITY SCHOOL DISTRICT","t":204.88,"l":"500: Res-Vacant Land","c":0}},{"type":"Feature","geometry":{"type":"Polygon","coordinates":[[[-82.727569,41.06355],[-82.727581,41.063214],[-82.727799,41.063216],[-82.727787,41.063553],[-82.727569,41.06355]]]},"properties":{"p":"51-0290-03-086-0000","o":"MCKINNEY CHRISTOPHER & LORETHA","a":"SANDUSKY ST WILLARD 44890","d":"WILLARD CITY SCHOOL DISTRICT","t":188.52,"l":"500: Res-Vacant Land","c":0}},{"type":"Feature","geometry":{"type":"Polygon","coordinates":[[[-82.726597,41.061358],[-82.726598,41.061247],[-82.727087,41.061255],[-82.727088,41.061363],[-82.726597,41.061358]]]},"properties":{"p":"51-0290-03-044-0000","o":"MCKINNEY MICHAEL","a":"219 KEEFER ST WILLARD 44890","d":"WILLARD CITY SCHOOL DISTRICT","t":1184.37,"l":"520: Res-Two Family","c":0}},{"type":"Feature","geometry":{"type":"Polygon","coordinates":[[[-82.728854,41.062379],[-82.728651,41.062377],[-82.728649,41.062198],[-82.728854,41.062379]]]},"properties":{"p":"51-0290-03-028-0000","o":"MCKINNEY CHRISTOPHER & LORETHA","a":"FRONT ST WILLARD 44890","d":"WILLARD CITY SCHOOL DISTRICT","t":74.32,"l":"500: Res-Vacant Land","c":0}},{"type":"Feature","geometry":{"type":"Polygon","coordinates":[[[-82.727676,41.061915],[-82.727676,41.061832],[-82.728016,41.061838],[-82.728016,41.06192],[-82.727676,41.061915]]]},"properties":{"p":"51-0290-03-005-0000","o":"MCKINNEY CHRISTOPHER KEITH ETAL","a":"305 ELIZABETH ST WILLARD 44890","d":"WILLARD CITY SCHOOL DISTRICT","t":387.02,"l":"510: Res-Single Family","c":0}},{"type":"Feature","geometry":{"type":"Polygon","coordinates":[[[-82.725467,41.060236],[-82.725461,41.060406],[-82.725244,41.060403],[-82.72525,41.0602],[-82.725467,41.060236]]]},"properties":{"p":"51-0290-01-077-0000","o":"BARNETT JOB","a":"28 SPRING ST WILLARD 44890","d":"WILLARD CITY SCHOOL DISTRICT","t":207.23,"l":"510: Res-Single Family","c":0}},{"type":"Feature","geometry":{"type":"Polygon","coordinates":[[[-82.726253,41.066004],[-82.725682,41.065993],[-82.725687,41.065856],[-82.726258,41.065867],[-82.726253,41.066004]]]},"properties":{"p":"51-028A-02-025-0000","o":"DURHAM CLARA B","a":"620 KEEFER ST WILLARD 44890","d":"WILLARD CITY SCHOOL DISTRICT","t":683.03,"l":"510: Res-Single Family","c":0}},{"type":"Feature","geometry":{"type":"Polygon","coordinates":[[[-82.725725,41.065541],[-82.725729,41.065404],[-82.726273,41.065414],[-82.726268,41.065551],[-82.725725,41.065541]]]},"properties":{"p":"51-028A-02-022-0000","o":"DURHAM CLARA B","a":"KEEFER ST WILLARD 44890","d":"WILLARD CITY SCHOOL DISTRICT","t":102.77,"l":"599: Res-Other","c":0}},{"type":"Feature","geometry":{"type":"Polygon","coordinates":[[[-82.728151,41.052839],[-82.728157,41.052701],[-82.728702,41.052711],[-82.728696,41.052848],[-82.728151,41.052839]]]},"properties":{"p":"51-0270-04-004-0000","o":"MORRISON DANIEL M & BONNIE J MORRISON ETAL","a":"509 PARK ST WILLARD 44890","d":"WILLARD CITY SCHOOL DISTRICT","t":1379.03,"l":"510: Res-Single Family","c":0}},{"type":"Feature","geometry":{"type":"Polygon","coordinates":[[[-82.735915,41.044594],[-82.735907,41.044416],[-82.736533,41.0444],[-82.736536,41.044578],[-82.735915,41.044594]]]},"properties":{"p":"51-026B-01-063-0000","o":"LEE SEAN PATRICK & ADA LYNN OR SURV","a":"ARMSTRONG ST WILLARD 44890","d":"WILLARD CITY SCHOOL DISTRICT","t":544.71,"l":"500: Res-Vacant Land","c":0}},{"type":"Feature","geometry":{"type":"Polygon","coordinates":[[[-82.732204,41.055745],[-82.732218,41.055333],[-82.732399,41.055337],[-82.732385,41.055748],[-82.732204,41.055745]]]},"properties":{"p":"51-0260-04-062-0000","o":"HATTON MARY & ANN HATTON & MARGARET E ELLIS","a":"416 W EMERALD ST WILLARD 44890","d":"WILLARD CITY SCHOOL DISTRICT","t":8.52,"l":"510: Res-Single Family","c":0}},{"type":"Feature","geometry":{"type":"Polygon","coordinates":[[[-82.732571,41.055615],[-82.73258,41.05534],[-82.732766,41.055344],[-82.732778,41.055618],[-82.732571,41.055615]]]},"properties":{"p":"51-0260-04-004-0000","o":"PUGH DAVID A","a":"424 W EMERALDST SQ WILLARD 44890","d":"WILLARD CITY SCHOOL DISTRICT","t":3723.69,"l":"510: Res-Single Family","c":0}},{"type":"Feature","geometry":{"type":"Polygon","coordinates":[[[-82.730847,41.057229],[-82.730861,41.056818],[-82.731042,41.056822],[-82.731028,41.057233],[-82.730847,41.057229]]]},"properties":{"p":"51-0260-03-055-0000","o":"LOPEZ BRAVO ELIASAR & ROSARIO LOPEZ ETAL","a":"319 W MAPLE ST WILLARD 44890","d":"WILLARD CITY SCHOOL DISTRICT","t":475.7,"l":"510: Res-Single Family","c":0}},{"type":"Feature","geometry":{"type":"Polygon","coordinates":[[[-82.734153,41.055891],[-82.734197,41.055892],[-82.734172,41.056303],[-82.734153,41.055891]]]},"properties":{"p":"51-0260-02-020-0000","o":"DOMBEK HOLLIE","a":"W PEARL ST WILLARD 44890","d":"WILLARD CITY SCHOOL DISTRICT","t":57.75,"l":"500: Res-Vacant Land","c":0}},{"type":"Feature","geometry":{"type":"Polygon","coordinates":[[[-82.736502,41.055336],[-82.736485,41.054952],[-82.736677,41.054955],[-82.736694,41.055339],[-82.736502,41.055336]]]},"properties":{"p":"51-0260-01-104-0000","o":"MILLER STEWART & VIRGINIA","a":"573 W EMERALD ST WILLARD 44890","d":"WILLARD CITY SCHOOL DISTRICT","t":170.76,"l":"510: Res-Single Family","c":0}},{"type":"Feature","geometry":{"type":"Polygon","coordinates":[[[-82.736755,41.058975],[-82.736981,41.058794],[-82.736996,41.059248],[-82.736954,41.059247],[-82.736755,41.058975]]]},"properties":{"p":"51-0260-01-038-0000","o":"MARINO JOSEPH & PAMELA","a":"WEST AVE WILLARD 44890","d":"WILLARD CITY SCHOOL DISTRICT","t":344.81,"l":"599: Res-Other","c":0}},{"type":"Feature","geometry":{"type":"Polygon","coordinates":[[[-82.736668,41.058855],[-82.73658,41.058735],[-82.736672,41.058639],[-82.736669,41.058574],[-82.736974,41.058581],[-82.736974,41.058606],[-82.736668,41.058855]]]},"properties":{"p":"51-0260-01-036-0000","o":"MARINO JOSEPH & PAMELA","a":"S WEST AVE WILLARD 44890","d":"WILLARD CITY SCHOOL DISTRICT","t":158.85,"l":"500: Res-Vacant Land","c":0}},{"type":"Feature","geometry":{"type":"Polygon","coordinates":[[[-82.725682,41.065993],[-82.724923,41.065977],[-82.724886,41.065111],[-82.725684,41.065128],[-82.72566,41.065855],[-82.725687,41.065856],[-82.725682,41.065993]]]},"properties":{"p":"51-0030-01-012-0000","o":"HURON SHAMROCK CORP","a":"533 W PEARL ST WILLARD 44890","d":"WILLARD CITY SCHOOL DISTRICT","t":158.08,"l":"500: Res-Vacant Land","c":0}},{"type":"Feature","geometry":{"type":"Polygon","coordinates":[[[-82.591307,41.264763],[-82.590721,41.264756],[-82.590727,41.264482],[-82.590265,41.264047],[-82.59018,41.263664],[-82.590166,41.263239],[-82.590475,41.263233],[-82.590489,41.263658],[-82.590635,41.263656],[-82.590641,41.263848],[-82.591096,41.264416],[-82.591307,41.264763]]]},"properties":{"p":"33-175C-06-021-4900","o":"MAPLE CITY ICE COMPANY AN OHIO CORPORATION","a":"N OLD STATE RD NORWALK 44857","d":"NORWALK CITY SCHOOL DISTRICT","t":869.08,"l":"500: Res-Vacant Land","c":0}},{"type":"Feature","geometry":{"type":"Polygon","coordinates":[[[-82.607038,41.260333],[-82.60703,41.260017],[-82.607175,41.260016],[-82.607183,41.260332],[-82.607038,41.260333]]]},"properties":{"p":"33-0330-09-023-0000","o":"WILCOX ORON K III","a":"GALLUP AVE NORWALK 44857","d":"NORWALK CITY SCHOOL DISTRICT","t":187.79,"l":"500: Res-Vacant Land","c":0}},{"type":"Feature","geometry":{"type":"Polygon","coordinates":[[[-82.607183,41.260332],[-82.607175,41.260016],[-82.607321,41.260016],[-82.607329,41.260331],[-82.607183,41.260332]]]},"properties":{"p":"33-0330-09-022-0000","o":"WILCOX ORON K III","a":"GALLUP AVE NORWALK 44857","d":"NORWALK CITY SCHOOL DISTRICT","t":187.79,"l":"599: Res-Other","c":0}},{"type":"Feature","geometry":{"type":"Polygon","coordinates":[[[-82.607329,41.260331],[-82.607321,41.260016],[-82.607466,41.260015],[-82.607474,41.26033],[-82.607329,41.260331]]]},"properties":{"p":"33-0330-09-021-0000","o":"WILCOX ORON K III","a":"49 GALLUP AVE NORWALK 44857","d":"NORWALK CITY SCHOOL DISTRICT","t":1716.11,"l":"510: Res-Single Family","c":0}},{"type":"Feature","geometry":{"type":"Polygon","coordinates":[[[-82.608417,41.255653],[-82.608428,41.256025],[-82.608239,41.256026],[-82.608228,41.255654],[-82.608417,41.255653]]]},"properties":{"p":"33-0330-03-015-0000","o":"SMITH WAYNE C","a":"48 WILLIAMS AVE NORWALK 44857","d":"NORWALK CITY SCHOOL DISTRICT","t":3564.16,"l":"510: Res-Single Family","c":0}},{"type":"Feature","geometry":{"type":"Polygon","coordinates":[[[-82.622495,41.252545],[-82.62304,41.252355],[-82.623141,41.25252],[-82.622595,41.252709],[-82.622495,41.252545]]]},"properties":{"p":"33-0300-02-026-0000","o":"VANNATTA CARLO","a":"193 WHITTLESEY AVE NORWALK 44857","d":"NORWALK CITY SCHOOL DISTRICT","t":769.68,"l":"510: Res-Single Family","c":0}},{"type":"Feature","geometry":{"type":"Polygon","coordinates":[[[-82.599269,41.257951],[-82.599197,41.257951],[-82.599197,41.257817],[-82.599268,41.257817],[-82.599269,41.257951]]]},"properties":{"p":"33-0280-07-024-0200","o":"SOFIOS RENTALS N LTD","a":"EASTWOOD (REAR) DR NORWALK 44857","d":"NORWALK CITY SCHOOL DISTRICT","t":15.77,"l":"500: Res-Vacant Land","c":0}},{"type":"Feature","geometry":{"type":"Polygon","coordinates":[[[-82.599951,41.259863],[-82.599997,41.259658],[-82.600388,41.259738],[-82.600387,41.259867],[-82.599951,41.259863]]]},"properties":{"p":"33-0280-06-034-0000","o":"RISNER PATRICIA A","a":"3 NORTH ST NORWALK 44857","d":"NORWALK CITY SCHOOL DISTRICT","t":2854.24,"l":"510: Res-Single Family","c":0}},{"type":"Feature","geometry":{"type":"Polygon","coordinates":[[[-82.603582,41.259546],[-82.603122,41.259495],[-82.603124,41.259482],[-82.603582,41.259546]]]},"properties":{"p":"33-0280-06-019-0100","o":"SOFIOS RENTALS N LTD","a":"ARLINGTON CIR NORWALK 44857","d":"NORWALK CITY SCHOOL DISTRICT","t":18.74,"l":"500: Res-Vacant Land","c":0}},{"type":"Feature","geometry":{"type":"Polygon","coordinates":[[[-82.603265,41.256035],[-82.603264,41.255857],[-82.603795,41.255854],[-82.603798,41.256033],[-82.603265,41.256035]]]},"properties":{"p":"33-0280-04-011-0000","o":"STRIKER JEROMY A","a":"65 PARSONS ST NORWALK 44857","d":"NORWALK CITY SCHOOL DISTRICT","t":3749.02,"l":"510: Res-Single Family","c":0}},{"type":"Feature","geometry":{"type":"Polygon","coordinates":[[[-82.596208,41.255185],[-82.596304,41.254913],[-82.596674,41.254738],[-82.59683,41.254906],[-82.59647,41.255184],[-82.596208,41.255185]]]},"properties":{"p":"33-0270-02-014-1900","o":"MAGILL KENNETH & NANCY","a":"22 OAKWOOD DR NORWALK 44857","d":"NORWALK CITY SCHOOL DISTRICT","t":5360.06,"l":"510: Res-Single Family","c":0}},{"type":"Feature","geometry":{"type":"Polygon","coordinates":[[[-82.59888,41.251338],[-82.598569,41.25095],[-82.598774,41.250856],[-82.599085,41.251244],[-82.59888,41.251338]]]},"properties":{"p":"33-0270-01-011-0000","o":"SHANE LORRI J","a":"180 ST MARYS ST NORWALK 44857","d":"NORWALK CITY SCHOOL DISTRICT","t":3091.17,"l":"510: Res-Single Family","c":0}},{"type":"Feature","geometry":{"type":"Polygon","coordinates":[[[-82.612118,41.249402],[-82.611933,41.249395],[-82.612118,41.249394],[-82.612118,41.249402]]]},"properties":{"p":"33-0220-10-015-0100","o":"MESSER JOHN K","a":"MILAN AVE NORWALK 44857","d":"NORWALK CITY SCHOOL DISTRICT","t":361.45,"l":"500: Res-Vacant Land","c":0}},{"type":"Feature","geometry":{"type":"Polygon","coordinates":[[[-82.616855,41.246469],[-82.61659,41.246594],[-82.616571,41.246571],[-82.616835,41.246445],[-82.616855,41.246469]]]},"properties":{"p":"33-0210-12-002-0101","o":"SANDERS CHARLES S","a":"PROSPECT ST NORWALK 44857","d":"NORWALK CITY SCHOOL DISTRICT","t":23.72,"l":"400: Com-Vacant Land","c":0}},{"type":"Feature","geometry":{"type":"Polygon","coordinates":[[[-82.616835,41.246445],[-82.616571,41.246571],[-82.616315,41.246264],[-82.616577,41.24614],[-82.616835,41.246445]]]},"properties":{"p":"33-0210-12-002-0000","o":"SANDERS CHARLES S","a":"67 N PROSPECT ST NORWALK 44857","d":"NORWALK CITY SCHOOL DISTRICT","t":1245.42,"l":"480: Com-Warehouse","c":0}},{"type":"Feature","geometry":{"type":"Polygon","coordinates":[[[-82.616908,41.246443],[-82.616855,41.246469],[-82.616577,41.24614],[-82.616629,41.246115],[-82.616908,41.246443]]]},"properties":{"p":"33-0210-12-001-0300","o":"SANDERS CHARLES S","a":"N PROSPECT (REAR) ST NORWALK 44857","d":"NORWALK CITY SCHOOL DISTRICT","t":32.97,"l":"400: Com-Vacant Land","c":0}},{"type":"Feature","geometry":{"type":"Polygon","coordinates":[[[-82.613777,41.243825],[-82.613491,41.243483],[-82.613696,41.243387],[-82.613982,41.243728],[-82.613777,41.243825]]]},"properties":{"p":"33-0210-04-001-0100","o":"SHULTS DENISE M","a":"55 E MAIN ST NORWALK 44857","d":"NORWALK CITY SCHOOL DISTRICT","t":2759.14,"l":"510: Res-Single Family","c":0}},{"type":"Feature","geometry":{"type":"Polygon","coordinates":[[[-82.624248,41.243591],[-82.623508,41.243631],[-82.623336,41.243423],[-82.624159,41.243475],[-82.624248,41.243591]]]},"properties":{"p":"33-0200-07-006-0000","o":"RATLIFF DON V & DON C","a":"NEWTON ST NORWALK 44857","d":"NORWALK CITY SCHOOL DISTRICT","t":2251.99,"l":"500: Res-Vacant Land","c":0}},{"type":"Feature","geometry":{"type":"Polygon","coordinates":[[[-82.622563,41.240922],[-82.623394,41.240562],[-82.623516,41.240718],[-82.622693,41.241074],[-82.622563,41.240922]]]},"properties":{"p":"33-0200-04-022-0000","o":"TERRY TONIA L","a":"22 N PLEASANT ST NORWALK 44857","d":"NORWALK CITY SCHOOL DISTRICT","t":898.02,"l":"510: Res-Single Family","c":0}},{"type":"Feature","geometry":{"type":"Polygon","coordinates":[[[-82.623832,41.242815],[-82.623231,41.242115],[-82.623357,41.242054],[-82.623959,41.242754],[-82.623832,41.242815]]]},"properties":{"p":"33-0200-04-006-0000","o":"RUSH ROBERT J & MCHELLE JEAN OR SURV","a":"35 JEFFERSON ST NORWALK 44857","d":"NORWALK CITY SCHOOL DISTRICT","t":900.73,"l":"510: Res-Single Family","c":0}},{"type":"Feature","geometry":{"type":"Polygon","coordinates":[[[-82.620782,41.242792],[-82.620528,41.242912],[-82.620407,41.242767],[-82.620661,41.242647],[-82.620782,41.242792]]]},"properties":{"p":"33-0200-02-016-0000","o":"WITMER GEORGE R","a":"6 MANAHAN AVE NORWALK 44857","d":"NORWALK CITY SCHOOL DISTRICT","t":137.7,"l":"599: Res-Other","c":0}},{"type":"Feature","geometry":{"type":"Polygon","coordinates":[[[-82.620951,41.242711],[-82.620782,41.242792],[-82.620615,41.242592],[-82.620782,41.242513],[-82.620951,41.242711]]]},"properties":{"p":"33-0200-02-015-0000","o":"WITMER GEORGE R","a":"6 MANAHAN AVE NORWALK 44857","d":"NORWALK CITY SCHOOL DISTRICT","t":3148.21,"l":"510: Res-Single Family","c":0}},{"type":"Feature","geometry":{"type":"Polygon","coordinates":[[[-82.621939,41.243731],[-82.62181,41.243793],[-82.621479,41.243406],[-82.621608,41.243344],[-82.621939,41.243731]]]},"properties":{"p":"33-0200-02-004-0000","o":"SALMONS NATHAN R","a":"11 JEFFERSON ST NORWALK 44857","d":"NORWALK CITY SCHOOL DISTRICT","t":0.01,"l":"510: Res-Single Family","c":0}},{"type":"Feature","geometry":{"type":"Polygon","coordinates":[[[-82.619237,41.24336],[-82.619524,41.243223],[-82.619603,41.243318],[-82.619308,41.243459],[-82.619237,41.24336]]]},"properties":{"p":"33-0200-01-009-0000","o":"SCHMIDLIN RYAN KENNETH ALVIN","a":"17 FORD AVE NORWALK 44857","d":"NORWALK CITY SCHOOL DISTRICT","t":0.01,"l":"510: Res-Single Family","c":0}},{"type":"Feature","geometry":{"type":"Polygon","coordinates":[[[-82.619467,41.243678],[-82.619352,41.243519],[-82.619549,41.243425],[-82.619664,41.243585],[-82.619467,41.243678]]]},"properties":{"p":"33-0200-01-008-0000","o":"THOMPSON WILLIAM H","a":"18 FORD AVE NORWALK 44857","d":"NORWALK CITY SCHOOL DISTRICT","t":994.86,"l":"510: Res-Single Family","c":0}},{"type":"Feature","geometry":{"type":"Polygon","coordinates":[[[-82.618692,41.249437],[-82.618947,41.249746],[-82.618405,41.249751],[-82.618299,41.249622],[-82.618692,41.249437]]]},"properties":{"p":"33-0190-04-029-0000","o":"ROGERS KEITH & TAMERA M","a":"104 N PROSPECT ST NORWALK 44857","d":"NORWALK CITY SCHOOL DISTRICT","t":3507.88,"l":"510: Res-Single Family","c":0}},{"type":"Feature","geometry":{"type":"Polygon","coordinates":[[[-82.624536,41.249468],[-82.624304,41.249191],[-82.624711,41.248997],[-82.624942,41.249275],[-82.624536,41.249468]]]},"properties":{"p":"33-0190-02-005-0000","o":"STOKES VERA","a":"110 STATE ST NORWALK 44857","d":"NORWALK CITY SCHOOL DISTRICT","t":1576.62,"l":"510: Res-Single Family","c":0}},{"type":"Feature","geometry":{"type":"Polygon","coordinates":[[[-82.633419,41.237149],[-82.633248,41.237195],[-82.63316,41.237015],[-82.633331,41.236969],[-82.633419,41.237149]]]},"properties":{"p":"33-0130-04-014-0100","o":"SMITH MARTHA","a":"VINEWOOD (REAR) AVE NORWALK 44857","d":"NORWALK CITY SCHOOL DISTRICT","t":0.47,"l":"500: Res-Vacant Land","c":0}},{"type":"Feature","geometry":{"type":"Polygon","coordinates":[[[-82.633419,41.237149],[-82.633331,41.236969],[-82.633862,41.236824],[-82.63395,41.237004],[-82.633419,41.237149]]]},"properties":{"p":"33-0130-04-014-0000","o":"SMITH MARTHA","a":"8 VINEWOOD DR NORWALK 44857","d":"NORWALK CITY SCHOOL DISTRICT","t":71.75,"l":"510: Res-Single Family","c":0}},{"type":"Feature","geometry":{"type":"Polygon","coordinates":[[[-82.629106,41.233849],[-82.628958,41.23387],[-82.62867,41.233828],[-82.628413,41.233751],[-82.628314,41.233547],[-82.628884,41.233392],[-82.629106,41.233849]]]},"properties":{"p":"33-0110-02-012-0000","o":"WHITE ROOFING & LUMBER CO","a":"S WEST ST NORWALK 44857","d":"NORWALK CITY SCHOOL DISTRICT","t":738.97,"l":"500: Res-Vacant Land","c":0}},{"type":"Feature","geometry":{"type":"Polygon","coordinates":[[[-82.595664,41.242793],[-82.595229,41.242793],[-82.595229,41.242588],[-82.595663,41.242587],[-82.595664,41.242793]]]},"properties":{"p":"33-009A-01-032-0000","o":"WELCH SONYA L","a":"12 MEAD AVE NORWALK 44857","d":"NORWALK CITY SCHOOL DISTRICT","t":1339.89,"l":"510: Res-Single Family","c":0}},{"type":"Feature","geometry":{"type":"Polygon","coordinates":[[[-82.595931,41.240665],[-82.595926,41.240088],[-82.596144,41.240089],[-82.596149,41.240666],[-82.595931,41.240665]]]},"properties":{"p":"33-0070-02-001-0000","o":"NICKOLI WILLIAM J","a":"154 WOODLAWN AVE NORWALK 44857","d":"NORWALK CITY SCHOOL DISTRICT","t":1265.93,"l":"510: Res-Single Family","c":0}},{"type":"Feature","geometry":{"type":"Polygon","coordinates":[[[-82.595669,41.240664],[-82.595664,41.240086],[-82.595926,41.240088],[-82.595931,41.240665],[-82.595669,41.240664]]]},"properties":{"p":"33-0070-01-011-0000","o":"WOHLERS JULIE","a":"154 1/2 WOODLAWN AVE NORWALK 44857","d":"NORWALK CITY SCHOOL DISTRICT","t":3777.53,"l":"510: Res-Single Family","c":0}},{"type":"Feature","geometry":{"type":"Polygon","coordinates":[[[-82.608662,41.234592],[-82.609131,41.234356],[-82.609152,41.23438],[-82.608683,41.234616],[-82.608662,41.234592]]]},"properties":{"p":"33-0060-05-067-0000","o":"ROGERS RENEE G","a":"BENEDICT AVE NORWALK 44857","d":"NORWALK CITY SCHOOL DISTRICT","t":82.32,"l":"500: Res-Vacant Land","c":0}},{"type":"Feature","geometry":{"type":"Polygon","coordinates":[[[-82.608683,41.234616],[-82.609152,41.23438],[-82.609255,41.234497],[-82.608786,41.234732],[-82.608683,41.234616]]]},"properties":{"p":"33-0060-05-066-0000","o":"ROGERS RENEE G","a":"BENEDICT AVE NORWALK 44857","d":"NORWALK CITY SCHOOL DISTRICT","t":863.21,"l":"599: Res-Other","c":0}},{"type":"Feature","geometry":{"type":"Polygon","coordinates":[[[-82.610443,41.237556],[-82.610898,41.237329],[-82.610971,41.237415],[-82.610516,41.237641],[-82.610443,41.237556]]]},"properties":{"p":"33-0060-03-029-0000","o":"RAYMOND JOHN & VALERIE G OR SURV","a":"88 S LINWOOD AVE NORWALK 44857","d":"NORWALK CITY SCHOOL DISTRICT","t":770.12,"l":"510: Res-Single Family","c":0}},{"type":"Feature","geometry":{"type":"Polygon","coordinates":[[[-82.611455,41.234955],[-82.611303,41.235031],[-82.611,41.234686],[-82.611152,41.23461],[-82.611455,41.234955]]]},"properties":{"p":"33-0060-01-053-0000","o":"MYERS DELINDA L","a":"14 W CHESTNUT ST NORWALK 44857","d":"NORWALK CITY SCHOOL DISTRICT","t":49.83,"l":"510: Res-Single Family","c":0}}]}