{"type":"FeatureCollection","features":[{"type":"Feature","geometry":{"type":"Polygon","coordinates":[[[-84.684923,40.177495],[-84.684905,40.175025],[-84.685603,40.175023],[-84.685621,40.177493],[-84.684923,40.177495]]]},"properties":{"p":"F25-0-212-05-00-00-40900","o":"WHITMIRE CINDY L & CHOO MEGAN A & WHITMIRE LUCAS D","a":"8876  MCMECHAM","d":"ANSONIA LOCAL SCHOOL DISTRICT","t":2925.03,"l":"510: Res-Single Family","c":0}},{"type":"Feature","geometry":{"type":"Polygon","coordinates":[[[-84.604774,40.162344],[-84.604854,40.162198],[-84.605533,40.162406],[-84.605453,40.162551],[-84.604774,40.162344]]]},"properties":{"p":"F24-3-212-12-01-02-10700","o":"SPENCER NYCOLE","a":"8409  GRNVILLE-ST MARYS","d":"GREENVILLE CITY SCHOOL DISTRICT","t":2046.35,"l":"510: Res-Single Family","c":0}},{"type":"Feature","geometry":{"type":"Polygon","coordinates":[[[-84.702073,40.135071],[-84.701856,40.135],[-84.702075,40.134587],[-84.702292,40.134659],[-84.702073,40.135071]]]},"properties":{"p":"F24-1-212-19-04-01-12300","o":"RUNNER BRUCE ALLEN, RUNNER RALPH ALEXANDER & RUNNER THOMAS JOSEPH","a":"2840  ST RT 571 W","d":"GREENVILLE CITY SCHOOL DISTRICT","t":6361.74,"l":"510: Res-Single Family","c":0}},{"type":"Feature","geometry":{"type":"Polygon","coordinates":[[[-84.700809,40.134654],[-84.701048,40.134248],[-84.701482,40.134392],[-84.701243,40.134797],[-84.700809,40.134654]]]},"properties":{"p":"F24-1-212-19-04-01-12000","o":"ETZLER EUGENE F TRUSTEE OR SUCCESSOR TRUSTEES OF THE ETZLER FAMILY TRUST","a":"2860  ST RT 571","d":"GREENVILLE CITY SCHOOL DISTRICT","t":267.56,"l":"510: Res-Single Family","c":0}},{"type":"Feature","geometry":{"type":"Polygon","coordinates":[[[-84.700161,40.134884],[-84.700255,40.134717],[-84.700691,40.134861],[-84.700596,40.135027],[-84.700161,40.134884]]]},"properties":{"p":"F24-1-212-19-04-01-11502","o":"HANES RONDA M & ERIC C JT SURV","a":"COLE","d":"GREENVILLE CITY SCHOOL DISTRICT","t":64.7,"l":"500: Res-Vacant Land","c":0}},{"type":"Feature","geometry":{"type":"Polygon","coordinates":[[[-84.564684,40.105749],[-84.565215,40.105687],[-84.565291,40.106166],[-84.564781,40.106228],[-84.564684,40.105749]]]},"properties":{"p":"F24-0-310-32-00-00-11500","o":"J AND A HOMES LLC","a":"US RT 36 E","d":"GREENVILLE CITY SCHOOL DISTRICT","t":172.06,"l":"500: Res-Vacant Land","c":0}},{"type":"Feature","geometry":{"type":"Polygon","coordinates":[[[-84.663439,40.116151],[-84.66344,40.115674],[-84.664494,40.115661],[-84.664491,40.116138],[-84.663439,40.116151]]]},"properties":{"p":"F24-0-212-28-00-00-13600","o":"BONFIGLIO STEPHEN & BONFIGLIO CHRISTA","a":"6818  WHITE SPRINGS","d":"GREENVILLE CITY SCHOOL DISTRICT","t":1521.55,"l":"510: Res-Single Family","c":0}},{"type":"Feature","geometry":{"type":"Polygon","coordinates":[[[-84.609996,40.122412],[-84.609878,40.122523],[-84.609686,40.122656],[-84.609268,40.122385],[-84.609548,40.122132],[-84.609996,40.122412]]]},"properties":{"p":"F24-0-212-24-00-00-30400","o":"WOODRUFF NANNETTE K","a":"7053  ST RT 121 N","d":"GREENVILLE CITY SCHOOL DISTRICT","t":20228.44,"l":"510: Res-Single Family","c":0}},{"type":"Feature","geometry":{"type":"Polygon","coordinates":[[[-84.648829,40.124982],[-84.651473,40.124984],[-84.651482,40.125883],[-84.650165,40.125884],[-84.649511,40.126047],[-84.648829,40.124982]]]},"properties":{"p":"F24-0-212-22-00-00-31200","o":"HAYES MARLENE HOPE AKA HAYES MARLENE H","a":"7130  ST RT 49 N","d":"GREENVILLE CITY SCHOOL DISTRICT","t":934.54,"l":"511: Res-Custom Code","c":0}},{"type":"Feature","geometry":{"type":"Polygon","coordinates":[[[-84.686089,40.121435],[-84.6877,40.121441],[-84.687694,40.122017],[-84.687609,40.122018],[-84.68761,40.122724],[-84.68609,40.122729],[-84.686089,40.121435]]]},"properties":{"p":"F24-0-212-20-00-00-30603","o":"HUNT DALE L","a":"3138  WILDCAT","d":"GREENVILLE CITY SCHOOL DISTRICT","t":1252.6,"l":"511: Res-Custom Code","c":0}},{"type":"Feature","geometry":{"type":"Polygon","coordinates":[[[-84.67977,40.12375],[-84.67873,40.12295],[-84.678755,40.122835],[-84.680126,40.123868],[-84.680473,40.12409],[-84.68043,40.124183],[-84.67977,40.12375]]]},"properties":{"p":"F24-0-212-20-00-00-22700","o":"HOLMAN JEREMIAH A","a":"ST RT 571 W","d":"GREENVILLE CITY SCHOOL DISTRICT","t":287.93,"l":"501: Res-Custom Code","c":0}},{"type":"Feature","geometry":{"type":"Polygon","coordinates":[[[-84.607991,40.170718],[-84.607457,40.169952],[-84.607815,40.169952],[-84.608004,40.170526],[-84.607991,40.170718]]]},"properties":{"p":"F24-0-212-01-00-00-24001","o":"HOCKER RONALD E & HOCKER CHLORINDA L JT SURV","a":"TAMARACK TR","d":"GREENVILLE CITY SCHOOL DISTRICT","t":40.83,"l":"501: Res-Custom Code","c":0}},{"type":"Feature","geometry":{"type":"Polygon","coordinates":[[[-84.650184,40.067466],[-84.650965,40.067406],[-84.650923,40.067506],[-84.650933,40.067574],[-84.650117,40.06763],[-84.650135,40.06747],[-84.650184,40.067466]]]},"properties":{"p":"F24-0-211-10-00-00-31000","o":"HAWTHORNE HILLS A PARTNERSHIP","a":"ST RT 121 S","d":"GREENVILLE CITY SCHOOL DISTRICT","t":1482.98,"l":"500: Res-Vacant Land","c":0}},{"type":"Feature","geometry":{"type":"Polygon","coordinates":[[[-84.64485,40.077728],[-84.644523,40.077724],[-84.644524,40.077274],[-84.644847,40.077279],[-84.64485,40.077728]]]},"properties":{"p":"F24-0-211-10-00-00-11200","o":"JEFFRIES CARMEN M","a":"517  EIDSON","d":"GREENVILLE CITY SCHOOL DISTRICT","t":8142.75,"l":"510: Res-Single Family","c":0}},{"type":"Feature","geometry":{"type":"Polygon","coordinates":[[[-84.66227,40.076644],[-84.662691,40.075223],[-84.66567,40.07521],[-84.665695,40.077621],[-84.66198,40.077645],[-84.66227,40.076644]]]},"properties":{"p":"F24-0-211-09-00-00-11000","o":"BRODERICK JAMES R 1/2 INT & ARTHUR JANICE E 1/2 INT","a":"5456  BAKERS STORE-GRV","d":"GREENVILLE CITY SCHOOL DISTRICT","t":891.36,"l":"513: Res-Custom Code","c":0}},{"type":"Feature","geometry":{"type":"Polygon","coordinates":[[[-84.675236,40.075353],[-84.676173,40.07535],[-84.676179,40.077597],[-84.675237,40.077572],[-84.675236,40.075353]]]},"properties":{"p":"F24-0-211-08-00-00-10104","o":"MATTIE DAVID","a":"3445  STINGLEY","d":"GREENVILLE CITY SCHOOL DISTRICT","t":2043.85,"l":"501: Res-Custom Code","c":0}},{"type":"Feature","geometry":{"type":"Polygon","coordinates":[[[-84.644792,40.081713],[-84.645118,40.081819],[-84.648273,40.08183],[-84.648065,40.082178],[-84.64452,40.082171],[-84.644792,40.081713]]]},"properties":{"p":"F24-0-211-03-00-00-20600","o":"MATRE GREGORY F","a":"1326  FT JEFFERSON","d":"GREENVILLE CITY SCHOOL DISTRICT","t":3503.96,"l":"511: Res-Custom Code","c":0}},{"type":"Feature","geometry":{"type":"Polygon","coordinates":[[[-84.469006,40.035022],[-84.469399,40.035021],[-84.469418,40.035698],[-84.469025,40.035705],[-84.469006,40.035022]]]},"properties":{"p":"E83-1-408-29-04-01-11900","o":"HART ROBERT J & HART ANGELA F","a":"PAINTER CK-ARCANUM","d":"FRANKLIN-MONROE LOCAL SCHOOL DISTRICT","t":218.77,"l":"400: Com-Vacant Land","c":0}},{"type":"Feature","geometry":{"type":"Polygon","coordinates":[[[-84.468626,40.035601],[-84.468773,40.035022],[-84.469006,40.035022],[-84.469025,40.035705],[-84.468834,40.035708],[-84.468626,40.035601]]]},"properties":{"p":"E83-1-408-29-04-01-11800","o":"HART ROBERT J & HART ANGELA F","a":"9019  ST RT 571","d":"FRANKLIN-MONROE LOCAL SCHOOL DISTRICT","t":1077.61,"l":"420: Com-Retail-Small","c":0}},{"type":"Feature","geometry":{"type":"Polygon","coordinates":[[[-84.464938,40.035772],[-84.464545,40.035779],[-84.464523,40.035237],[-84.464916,40.035229],[-84.464938,40.035772]]]},"properties":{"p":"E83-1-408-29-04-01-10100","o":"GANTT BRIAN","a":"9119  PAINTER CK-ARCANUM","d":"FRANKLIN-MONROE LOCAL SCHOOL DISTRICT","t":1224.6,"l":"510: Res-Single Family","c":0}},{"type":"Feature","geometry":{"type":"Polygon","coordinates":[[[-84.457194,40.027932],[-84.457343,40.027526],[-84.457656,40.027495],[-84.457925,40.027426],[-84.458199,40.027437],[-84.458289,40.027526],[-84.458718,40.027556],[-84.458749,40.028667],[-84.458594,40.028669],[-84.457194,40.027932]]]},"properties":{"p":"E83-0-408-29-00-00-20600","o":"BARTON ADAM R","a":"9295  ST RT 571","d":"FRANKLIN-MONROE LOCAL SCHOOL DISTRICT","t":3737.43,"l":"511: Res-Custom Code","c":0}},{"type":"Feature","geometry":{"type":"Polygon","coordinates":[[[-84.432677,40.050708],[-84.43267,40.050151],[-84.433117,40.050148],[-84.433123,40.050705],[-84.432677,40.050708]]]},"properties":{"p":"E22-0-408-21-00-00-10400","o":"ROETH PAULA J","a":"9905  HOGPATH","d":"NEWTON LOCAL SCHOOL DISTRICT","t":1019.93,"l":"510: Res-Single Family","c":0}},{"type":"Feature","geometry":{"type":"Polygon","coordinates":[[[-84.509164,40.082367],[-84.504171,40.08246],[-84.504176,40.082419],[-84.508783,40.082337],[-84.509164,40.082367]]]},"properties":{"p":"E20-0-309-01-00-00-31200","o":"SOLUM EQUITY CORP","a":"STOLTZ","d":"FRANKLIN-MONROE LOCAL SCHOOL DISTRICT","t":94.1,"l":"501: Res-Custom Code","c":0}},{"type":"Feature","geometry":{"type":"Polygon","coordinates":[[[-84.663701,39.988836],[-84.663698,39.988473],[-84.663876,39.988478],[-84.66388,39.98884],[-84.663701,39.988836]]]},"properties":{"p":"D81-1-210-09-04-01-10601","o":"BALTES DARREN & IMOGENE","a":"3714  RIEGLE","d":"ARCANUM BUTLER LOCAL SCHOOL DISTRICT","t":649.37,"l":"510: Res-Single Family","c":0}},{"type":"Feature","geometry":{"type":"Polygon","coordinates":[[[-84.66388,39.98884],[-84.663876,39.988478],[-84.664055,39.988482],[-84.664058,39.988845],[-84.66388,39.98884]]]},"properties":{"p":"D81-1-210-09-04-01-10600","o":"BALTES DARREN & IMOGENE","a":"3708  RIEGLE","d":"ARCANUM BUTLER LOCAL SCHOOL DISTRICT","t":1205.54,"l":"510: Res-Single Family","c":0}},{"type":"Feature","geometry":{"type":"Polygon","coordinates":[[[-84.654981,39.961051],[-84.654969,39.960342],[-84.657431,39.96037],[-84.657438,39.961084],[-84.654981,39.961051]]]},"properties":{"p":"D81-0-210-16-00-00-20200","o":"BROWN JEFFREY L & LACY J JT SURV","a":"3926  GRUBBS-REX","d":"ARCANUM BUTLER LOCAL SCHOOL DISTRICT","t":1812.9,"l":"511: Res-Custom Code","c":0}},{"type":"Feature","geometry":{"type":"Polygon","coordinates":[[[-84.625079,39.931205],[-84.625077,39.930934],[-84.625202,39.930933],[-84.625204,39.931205],[-84.625079,39.931205]]]},"properties":{"p":"D18-2-210-35-04-01-11200","o":"FOSTER TODD D & NANCY D","a":"206  ELM","d":"ARCANUM BUTLER LOCAL SCHOOL DISTRICT","t":188.86,"l":"499: Com-Other","c":0}},{"type":"Feature","geometry":{"type":"Polygon","coordinates":[[[-84.625204,39.931205],[-84.625202,39.930933],[-84.625548,39.930933],[-84.62555,39.931205],[-84.625204,39.931205]]]},"properties":{"p":"D18-2-210-35-04-01-11100","o":"FOSTER TODD D & NANCY D","a":"208  ELM W","d":"ARCANUM BUTLER LOCAL SCHOOL DISTRICT","t":862.38,"l":"510: Res-Single Family","c":0}},{"type":"Feature","geometry":{"type":"Polygon","coordinates":[[[-84.695723,39.932753],[-84.694836,39.931212],[-84.696004,39.931209],[-84.696139,39.932752],[-84.695723,39.932753]]]},"properties":{"p":"D17-0-210-30-00-00-20800","o":"HARTMAN MICHAEL I & LISA K JT SURV","a":"504  ST RT 726","d":"TRI-VILLAGE LOCAL SCHOOL DISTRICT","t":1573.14,"l":"511: Res-Custom Code","c":0}},{"type":"Feature","geometry":{"type":"Polygon","coordinates":[[[-84.680908,39.942096],[-84.67445,39.942131],[-84.674465,39.939961],[-84.683281,39.939909],[-84.683298,39.942083],[-84.680908,39.942096]]]},"properties":{"p":"D17-0-210-29-00-00-10503","o":"BROWN JEFFREY L & LACY J JT SURV","a":"PREBLE-BUTLER TWP","d":"TRI-VILLAGE LOCAL SCHOOL DISTRICT","t":950.96,"l":"101: Agr-Cash-Grain Farm","c":0}},{"type":"Feature","geometry":{"type":"Polygon","coordinates":[[[-84.619195,39.922108],[-84.619191,39.920477],[-84.624267,39.920436],[-84.624267,39.920518],[-84.619915,39.920554],[-84.619919,39.922102],[-84.619195,39.922108]]]},"properties":{"p":"D16-0-210-35-00-00-20100","o":"DUKE LYLE ALLEN","a":"137  US RT 127","d":"ARCANUM BUTLER LOCAL SCHOOL DISTRICT","t":672.67,"l":"511: Res-Custom Code","c":0}},{"type":"Feature","geometry":{"type":"Polygon","coordinates":[[[-84.629303,39.961189],[-84.629296,39.960411],[-84.631723,39.960406],[-84.631712,39.961184],[-84.629303,39.961189]]]},"properties":{"p":"D16-0-210-14-00-00-30300","o":"YANT ROBERT J & CATHERINE J JT SURV","a":"4560  GRUBBS-REX","d":"ARCANUM BUTLER LOCAL SCHOOL DISTRICT","t":3753.39,"l":"511: Res-Custom Code","c":0}},{"type":"Feature","geometry":{"type":"Polygon","coordinates":[[[-84.628717,39.990126],[-84.629074,39.990124],[-84.629086,39.990662],[-84.628729,39.990665],[-84.628717,39.990126]]]},"properties":{"p":"D16-0-210-02-00-00-30300","o":"BEVINS DOUG L AKA DOUGLAS L BEVINS","a":"4656  HOLLANSBRG-ARCANUM","d":"ARCANUM BUTLER LOCAL SCHOOL DISTRICT","t":5575.68,"l":"510: Res-Single Family","c":0}},{"type":"Feature","geometry":{"type":"Polygon","coordinates":[[[-84.617215,39.990154],[-84.617018,39.989984],[-84.61721,39.989983],[-84.617215,39.990154]]]},"properties":{"p":"D16-0-210-02-00-00-20800","o":"JORGAN JOSEPH M","a":"ST RT 503","d":"ARCANUM BUTLER LOCAL SCHOOL DISTRICT","t":156.69,"l":"501: Res-Custom Code","c":0}},{"type":"Feature","geometry":{"type":"Polygon","coordinates":[[[-84.636224,40.209593],[-84.636225,40.20948],[-84.636816,40.209481],[-84.636815,40.209593],[-84.636224,40.209593]]]},"properties":{"p":"C15-2-213-22-02-10-12100","o":"BATTEN HAZEL J","a":"515  MAIN S","d":"ANSONIA LOCAL SCHOOL DISTRICT","t":4533.21,"l":"500: Res-Vacant Land","c":0}},{"type":"Feature","geometry":{"type":"Polygon","coordinates":[[[-84.636233,40.208301],[-84.636235,40.208078],[-84.636826,40.208079],[-84.636824,40.208301],[-84.636233,40.208301]]]},"properties":{"p":"C15-2-213-22-02-10-11500","o":"CLINE ELIZABETH M","a":"623  MAIN S","d":"ANSONIA LOCAL SCHOOL DISTRICT","t":1766.02,"l":"510: Res-Single Family","c":0}},{"type":"Feature","geometry":{"type":"Polygon","coordinates":[[[-84.638214,40.212496],[-84.638214,40.212098],[-84.63835,40.212088],[-84.63835,40.212496],[-84.638214,40.212496]]]},"properties":{"p":"C15-2-213-22-02-05-13600","o":"PEACE JANN L","a":"203  HIGH W","d":"ANSONIA LOCAL SCHOOL DISTRICT","t":82.09,"l":"510: Res-Single Family","c":0}},{"type":"Feature","geometry":{"type":"Polygon","coordinates":[[[-84.637044,40.21274],[-84.637044,40.212679],[-84.637635,40.212677],[-84.637635,40.212737],[-84.637044,40.21274]]]},"properties":{"p":"C15-2-213-22-02-05-13000","o":"RAVEN TRANSFER LLC","a":"124  MAIN S","d":"ANSONIA LOCAL SCHOOL DISTRICT","t":3047.63,"l":"440: Com-Dry Cleaning","c":0}},{"type":"Feature","geometry":{"type":"Polygon","coordinates":[[[-84.638566,40.213926],[-84.638567,40.213586],[-84.639227,40.213586],[-84.639227,40.213767],[-84.638785,40.213767],[-84.638785,40.213926],[-84.638566,40.213926]]]},"properties":{"p":"C15-2-213-22-02-02-12200","o":"NAVA SHANNON, APGAR KATRINA, DENNEY BRITTNEY, & HAYNES BILLY JR JT SURV","a":"216  WELLER W","d":"ANSONIA LOCAL SCHOOL DISTRICT","t":1182.72,"l":"510: Res-Single Family","c":0}},{"type":"Feature","geometry":{"type":"Polygon","coordinates":[[[-84.639226,40.214311],[-84.639003,40.214311],[-84.639004,40.21397],[-84.639226,40.21397],[-84.639226,40.214311]]]},"properties":{"p":"C15-2-213-22-02-02-11100","o":"BEST ANITA","a":"223  CANAL W","d":"ANSONIA LOCAL SCHOOL DISTRICT","t":2053.33,"l":"510: Res-Single Family","c":0}},{"type":"Feature","geometry":{"type":"Polygon","coordinates":[[[-84.638235,40.214129],[-84.638236,40.21397],[-84.638566,40.21397],[-84.638566,40.214129],[-84.638235,40.214129]]]},"properties":{"p":"C15-2-213-22-02-02-10700","o":"LOVEJOY JACKIE H JR","a":"116  PEARL N","d":"ANSONIA LOCAL SCHOOL DISTRICT","t":2487.06,"l":"510: Res-Single Family","c":0}},{"type":"Feature","geometry":{"type":"Polygon","coordinates":[[[-84.635941,40.213919],[-84.635942,40.213579],[-84.636157,40.21358],[-84.636156,40.21392],[-84.635941,40.213919]]]},"properties":{"p":"C15-2-213-22-02-01-11200","o":"PFLEDDERER SCOTT A","a":"120  WELLER E","d":"ANSONIA LOCAL SCHOOL DISTRICT","t":1491.15,"l":"510: Res-Single Family","c":0}},{"type":"Feature","geometry":{"type":"Polygon","coordinates":[[[-84.636312,40.217781],[-84.636314,40.217617],[-84.636787,40.217619],[-84.636785,40.217784],[-84.636312,40.217781]]]},"properties":{"p":"C15-2-213-22-01-01-11400","o":"DAVIS KATHY M","a":"427  MAIN N","d":"ANSONIA LOCAL SCHOOL DISTRICT","t":748.81,"l":"510: Res-Single Family","c":0}},{"type":"Feature","geometry":{"type":"Polygon","coordinates":[[[-84.636299,40.219066],[-84.6363,40.218956],[-84.636774,40.218959],[-84.636773,40.219068],[-84.636299,40.219066]]]},"properties":{"p":"C15-2-213-22-01-01-10600","o":"JENKINS JOHN E & SUSAN JT SURV","a":"617  MAIN N","d":"ANSONIA LOCAL SCHOOL DISTRICT","t":1569.34,"l":"510: Res-Single Family","c":0}},{"type":"Feature","geometry":{"type":"Polygon","coordinates":[[[-84.645956,40.192679],[-84.645939,40.191733],[-84.646529,40.191727],[-84.646537,40.192673],[-84.645956,40.192679]]]},"properties":{"p":"C13-0-213-34-00-00-40100","o":"HOBLIT GOLDIE S A","a":"4165  BEAMSVILLE-U C","d":"ANSONIA LOCAL SCHOOL DISTRICT","t":1402.74,"l":"511: Res-Custom Code","c":0}},{"type":"Feature","geometry":{"type":"Polygon","coordinates":[[[-84.676294,40.188566],[-84.676283,40.185668],[-84.679594,40.185655],[-84.679582,40.185682],[-84.679685,40.185806],[-84.679999,40.186804],[-84.677321,40.187232],[-84.677137,40.187663],[-84.676294,40.188651],[-84.676294,40.188566]]]},"properties":{"p":"C13-0-213-32-00-00-10401","o":"WESTFALL KEVIN M & JENNETTE M JT SURV","a":"9269  ST RT 49","d":"ANSONIA LOCAL SCHOOL DISTRICT","t":4800.28,"l":"512: Res-Custom Code","c":0}},{"type":"Feature","geometry":{"type":"Polygon","coordinates":[[[-84.654021,40.193571],[-84.65399,40.19276],[-84.654707,40.192762],[-84.654739,40.193574],[-84.654021,40.193571]]]},"properties":{"p":"C13-0-213-28-00-00-20202","o":"CHEADLE ROBERT L & WILKE JULIA LYNN JT SURV","a":"3954  BEAMSVILLE-U C","d":"ANSONIA LOCAL SCHOOL DISTRICT","t":3494.31,"l":"511: Res-Custom Code","c":0}},{"type":"Feature","geometry":{"type":"Polygon","coordinates":[[[-84.652821,40.238273],[-84.652823,40.237182],[-84.654448,40.237191],[-84.654446,40.238281],[-84.652821,40.238273]]]},"properties":{"p":"C13-0-213-09-00-00-20202","o":"J & K SWINE FARM LLC AN OHIO LIMITED LIABILITY COMPANY","a":"11054  MICHAEL","d":"ANSONIA LOCAL SCHOOL DISTRICT","t":8818.27,"l":"102: Agr-Livestock Farm","c":0}},{"type":"Feature","geometry":{"type":"Polygon","coordinates":[[[-84.639484,40.282058],[-84.639305,40.282059],[-84.63931,40.281651],[-84.639662,40.281653],[-84.639656,40.282058],[-84.639484,40.282058]]]},"properties":{"p":"B12-6-214-27-02-01-15500","o":"MARTIN RANDALL L","a":"221  ROYAL","d":"ANSONIA LOCAL SCHOOL DISTRICT","t":13341.91,"l":"510: Res-Single Family","c":0}},{"type":"Feature","geometry":{"type":"Polygon","coordinates":[[[-84.639468,40.280691],[-84.638938,40.28069],[-84.638941,40.280292],[-84.639473,40.280293],[-84.639468,40.280691]]]},"properties":{"p":"B12-6-214-27-02-01-14400","o":"RODEHEFFER RODNEY L & DIANE","a":"216  NORTON","d":"ANSONIA LOCAL SCHOOL DISTRICT","t":1550,"l":"510: Res-Single Family","c":0}},{"type":"Feature","geometry":{"type":"Polygon","coordinates":[[[-84.645675,40.33895],[-84.645043,40.338945],[-84.645053,40.338516],[-84.645685,40.338522],[-84.645675,40.33895]]]},"properties":{"p":"B11-4-214-03-02-01-13600","o":"PITSENBARGER CLARENCE","a":"602  WALNUT","d":"ANSONIA LOCAL SCHOOL DISTRICT","t":6373.41,"l":"510: Res-Single Family","c":0}},{"type":"Feature","geometry":{"type":"Polygon","coordinates":[[[-84.644785,40.338942],[-84.644795,40.338514],[-84.645053,40.338516],[-84.645043,40.338945],[-84.644785,40.338942]]]},"properties":{"p":"B11-4-214-03-02-01-13500","o":"PITSENBARGER ROBERT","a":"508  WALNUT","d":"ANSONIA LOCAL SCHOOL DISTRICT","t":7102.83,"l":"510: Res-Single Family","c":0}},{"type":"Feature","geometry":{"type":"Polygon","coordinates":[[[-84.642676,40.338884],[-84.642681,40.338497],[-84.642896,40.338498],[-84.642891,40.338885],[-84.642676,40.338884]]]},"properties":{"p":"B11-4-214-03-02-01-12900","o":"HIATT JASON","a":"408  WALNUT","d":"ANSONIA LOCAL SCHOOL DISTRICT","t":5986.64,"l":"510: Res-Single Family","c":0}},{"type":"Feature","geometry":{"type":"Polygon","coordinates":[[[-84.645417,40.351735],[-84.645416,40.351339],[-84.645603,40.35134],[-84.645604,40.351735],[-84.645417,40.351735]]]},"properties":{"p":"B10-2-214-03-01-02-10200","o":"WENDEL JAMIE LYNN","a":"58  MAIN W","d":"ST HENRY CONSOLIDATED LOCAL SCHOOL DISTRICT","t":11480.37,"l":"511: Res-Custom Code","c":0}},{"type":"Feature","geometry":{"type":"Polygon","coordinates":[[[-84.643632,40.35173],[-84.643629,40.351334],[-84.643819,40.351335],[-84.643822,40.35173],[-84.643632,40.35173]]]},"properties":{"p":"B10-2-214-03-01-01-10100","o":"WERLING EDWARD ANTHONY","a":"8  MAIN W","d":"ST HENRY CONSOLIDATED LOCAL SCHOOL DISTRICT","t":1156.94,"l":"530: Res-Three Family","c":0}},{"type":"Feature","geometry":{"type":"Polygon","coordinates":[[[-84.694017,40.290419],[-84.688239,40.290364],[-84.688262,40.28676],[-84.694055,40.286793],[-84.694017,40.290419]]]},"properties":{"p":"B08-0-214-29-00-00-40200","o":"HORNE JULIE D TRUSTEE OR HER SUCCESSORS IN TRUST UNDER THE DELORA A CLAPP IRREVOCABLE TRUST AGREEMEN","a":"COCHRAN","d":"MISSISSINAWA VALLEY LOCAL SCHOOL DISTRICT","t":73.24,"l":"101: Agr-Cash-Grain Farm","c":0}},{"type":"Feature","geometry":{"type":"Polygon","coordinates":[[[-84.665195,40.28011],[-84.665203,40.27945],[-84.665758,40.279451],[-84.665751,40.280115],[-84.665195,40.28011]]]},"properties":{"p":"B08-0-214-28-00-00-20400","o":"CURTIS TERRY C","a":"3750  ROSSBRG-LIGHTVILE","d":"MISSISSINAWA VALLEY LOCAL SCHOOL DISTRICT","t":1333.38,"l":"599: Res-Other","c":0}},{"type":"Feature","geometry":{"type":"Polygon","coordinates":[[[-84.636322,40.268342],[-84.636304,40.269461],[-84.634496,40.269461],[-84.634514,40.268342],[-84.636322,40.268342]]]},"properties":{"p":"B06-0-214-35-00-00-30401","o":"HABER CHARLES R JR & BEVERLY JT SURV","a":"12129  ST RT 118","d":"ANSONIA LOCAL SCHOOL DISTRICT","t":4746.33,"l":"511: Res-Custom Code","c":0}},{"type":"Feature","geometry":{"type":"Polygon","coordinates":[[[-84.491189,40.112283],[-84.491197,40.112638],[-84.490033,40.112728],[-84.490105,40.112497],[-84.491189,40.112283]]]},"properties":{"p":"A05-4-409-30-03-01-12400","o":"WCO RENTALS LTD","a":"301  MAIN E","d":"GREENVILLE CITY SCHOOL DISTRICT","t":4662.42,"l":"420: Com-Retail-Small","c":0}},{"type":"Feature","geometry":{"type":"Polygon","coordinates":[[[-84.490596,40.113768],[-84.491132,40.113755],[-84.491139,40.114029],[-84.490602,40.114043],[-84.490596,40.113768]]]},"properties":{"p":"A05-4-409-30-03-01-11800","o":"WCO RENTALS LTD","a":"401  AULD ST","d":"GREENVILLE CITY SCHOOL DISTRICT","t":3422.83,"l":"499: Com-Other","c":0}},{"type":"Feature","geometry":{"type":"Polygon","coordinates":[[[-84.497931,40.112355],[-84.497459,40.11236],[-84.497455,40.112179],[-84.497927,40.112174],[-84.497931,40.112355]]]},"properties":{"p":"A05-4-310-25-03-01-11100","o":"BUZARD JAMES R & DARLENE A","a":"213  SHORT ST","d":"GREENVILLE CITY SCHOOL DISTRICT","t":19326.61,"l":"510: Res-Single Family","c":0}},{"type":"Feature","geometry":{"type":"Polygon","coordinates":[[[-84.495991,40.111033],[-84.496167,40.110982],[-84.496317,40.111285],[-84.496141,40.111337],[-84.495991,40.111033]]]},"properties":{"p":"A05-4-310-25-02-03-10500","o":"GREEN JESSE A","a":"111  MAIN W","d":"GREENVILLE CITY SCHOOL DISTRICT","t":9452.85,"l":"510: Res-Single Family","c":0}},{"type":"Feature","geometry":{"type":"Polygon","coordinates":[[[-84.49616,40.11204],[-84.496283,40.112004],[-84.496221,40.111881],[-84.496521,40.111796],[-84.496666,40.112085],[-84.496241,40.112211],[-84.49616,40.11204]]]},"properties":{"p":"A05-4-310-25-02-02-13700","o":"HARTLE ANDREA M","a":"209  CORWIN ST","d":"GREENVILLE CITY SCHOOL DISTRICT","t":2286.92,"l":"510: Res-Single Family","c":0}},{"type":"Feature","geometry":{"type":"Polygon","coordinates":[[[-84.491866,40.113524],[-84.491867,40.113499],[-84.491921,40.113489],[-84.491914,40.113711],[-84.491857,40.113717],[-84.491866,40.113524]]]},"properties":{"p":"A05-4-310-25-02-02-11301","o":"MILLER THELMA M","a":"GEORGE","d":"GREENVILLE CITY SCHOOL DISTRICT","t":363.38,"l":"500: Res-Vacant Land","c":0}},{"type":"Feature","geometry":{"type":"Polygon","coordinates":[[[-84.491914,40.113711],[-84.491921,40.113489],[-84.492087,40.113469],[-84.492319,40.113406],[-84.492449,40.113691],[-84.491913,40.113837],[-84.491914,40.113711]]]},"properties":{"p":"A05-4-310-25-02-02-11200","o":"STEPHENSON TABB K","a":"309  AULD ST","d":"GREENVILLE CITY SCHOOL DISTRICT","t":7684.93,"l":"510: Res-Single Family","c":0}},{"type":"Feature","geometry":{"type":"Polygon","coordinates":[[[-84.495699,40.114105],[-84.495627,40.113965],[-84.49612,40.113823],[-84.496198,40.11399],[-84.495699,40.114105]]]},"properties":{"p":"A05-4-310-25-02-01-13800","o":"LYNCH RONALD","a":"DORWIN","d":"GREENVILLE CITY SCHOOL DISTRICT","t":111.11,"l":"400: Com-Vacant Land","c":0}},{"type":"Feature","geometry":{"type":"Polygon","coordinates":[[[-84.496885,40.113506],[-84.497411,40.113362],[-84.497413,40.113703],[-84.497015,40.113801],[-84.496885,40.113506]]]},"properties":{"p":"A05-4-310-25-02-01-11200","o":"REYNOLDS DAVID L","a":"256  BRIDGE ST","d":"GREENVILLE CITY SCHOOL DISTRICT","t":1651.89,"l":"510: Res-Single Family","c":0}},{"type":"Feature","geometry":{"type":"Polygon","coordinates":[[[-84.496483,40.113662],[-84.496225,40.113737],[-84.496141,40.113549],[-84.496395,40.113475],[-84.496483,40.113662]]]},"properties":{"p":"A05-4-310-25-02-01-10900","o":"LEAR TIMOTHY J & MELISSA A JT SURV","a":"228  DORWIN","d":"GREENVILLE CITY SCHOOL DISTRICT","t":708.66,"l":"510: Res-Single Family","c":0}},{"type":"Feature","geometry":{"type":"Polygon","coordinates":[[[-84.494668,40.113975],[-84.49601,40.113587],[-84.49612,40.113823],[-84.495627,40.113965],[-84.495699,40.114105],[-84.494825,40.114307],[-84.494668,40.113975]]]},"properties":{"p":"A05-4-310-25-02-01-10800","o":"LYNCH RONALD","a":"DORWIN","d":"GREENVILLE CITY SCHOOL DISTRICT","t":3895.36,"l":"480: Com-Warehouse","c":0}},{"type":"Feature","geometry":{"type":"Polygon","coordinates":[[[-84.496721,40.117553],[-84.496712,40.117186],[-84.496621,40.117187],[-84.49662,40.117148],[-84.496948,40.117143],[-84.496958,40.11755],[-84.496721,40.117553]]]},"properties":{"p":"A05-4-310-25-01-02-10500","o":"SPONAUGLE STEVEN C","a":"111  PARK","d":"GREENVILLE CITY SCHOOL DISTRICT","t":4976.31,"l":"455: Com-Garage","c":0}},{"type":"Feature","geometry":{"type":"Polygon","coordinates":[[[-84.494374,40.117565],[-84.493925,40.117569],[-84.493921,40.117297],[-84.494372,40.117293],[-84.494374,40.117565]]]},"properties":{"p":"A05-4-310-25-01-01-13900","o":"ERNST DANIEL L & FRANCIS JOHN T","a":"126  RUTH AVE","d":"GREENVILLE CITY SCHOOL DISTRICT","t":2184.83,"l":"510: Res-Single Family","c":0}},{"type":"Feature","geometry":{"type":"Polygon","coordinates":[[[-84.493705,40.116138],[-84.493262,40.116142],[-84.493258,40.115961],[-84.493701,40.115957],[-84.493705,40.116138]]]},"properties":{"p":"A05-4-310-25-01-01-13100","o":"J & A HOMES LLC A WYOMING LIMITED LIABILITY COMPANY","a":"RUTH AVE","d":"GREENVILLE CITY SCHOOL DISTRICT","t":175.28,"l":"500: Res-Vacant Land","c":0}},{"type":"Feature","geometry":{"type":"Polygon","coordinates":[[[-84.432052,40.125339],[-84.432042,40.124903],[-84.432364,40.124899],[-84.432374,40.125335],[-84.432052,40.125339]]]},"properties":{"p":"A04-2-409-21-02-06-12500","o":"BLACK DELORES J","a":"618  HARRISON","d":"BRADFORD EX VILL SCHOOL DISTRICT","t":1327.5,"l":"510: Res-Single Family","c":0}},{"type":"Feature","geometry":{"type":"Polygon","coordinates":[[[-84.433075,40.125887],[-84.432868,40.12589],[-84.432862,40.125659],[-84.433247,40.125655],[-84.433254,40.125885],[-84.433075,40.125887]]]},"properties":{"p":"A04-2-409-21-02-05-10300","o":"MELGAARD MATTHEW S & MELGAARD JENNIFER M","a":"526  HIGH S","d":"BRADFORD EX VILL SCHOOL DISTRICT","t":2786.09,"l":"510: Res-Single Family","c":0}},{"type":"Feature","geometry":{"type":"Polygon","coordinates":[[[-84.432919,40.126326],[-84.43257,40.126329],[-84.432559,40.125893],[-84.433075,40.125887],[-84.433086,40.126324],[-84.432919,40.126326]]]},"properties":{"p":"A04-2-409-21-02-05-10200","o":"J & A HOMES LLC A WYOMING LIMITED LIABILITY COMPANY","a":"201  JAMES ST","d":"BRADFORD EX VILL SCHOOL DISTRICT","t":175.48,"l":"510: Res-Single Family","c":0}},{"type":"Feature","geometry":{"type":"Polygon","coordinates":[[[-84.431428,40.126679],[-84.431429,40.126466],[-84.431604,40.126464],[-84.431609,40.126677],[-84.431428,40.126679]]]},"properties":{"p":"A04-2-409-21-02-04-12300","o":"MC NUTT CHRISTOPHER","a":"118  JAMES ST","d":"BRADFORD EX VILL SCHOOL DISTRICT","t":7138.96,"l":"510: Res-Single Family","c":0}},{"type":"Feature","geometry":{"type":"Polygon","coordinates":[[[-84.430906,40.128662],[-84.430901,40.128475],[-84.431647,40.128467],[-84.431651,40.128654],[-84.430906,40.128662]]]},"properties":{"p":"A04-2-409-21-02-04-10700","o":"FULL SPECTRUM INTERIORS LLC AN OHIO LIMITED LIABILITY COMPANY","a":"217  MIAMI S","d":"BRADFORD EX VILL SCHOOL DISTRICT","t":3158.33,"l":"510: Res-Single Family","c":0}},{"type":"Feature","geometry":{"type":"Polygon","coordinates":[[[-84.432993,40.127675],[-84.432936,40.127675],[-84.432931,40.127446],[-84.43328,40.127443],[-84.433284,40.127672],[-84.432993,40.127675]]]},"properties":{"p":"A04-2-409-21-02-03-11400","o":"BEISNER ERIC & MONICA JT SURV","a":"218  CHURCH ST W","d":"BRADFORD EX VILL SCHOOL DISTRICT","t":1057.42,"l":"510: Res-Single Family","c":0}},{"type":"Feature","geometry":{"type":"Polygon","coordinates":[[[-84.431604,40.131938],[-84.431393,40.131899],[-84.430984,40.131907],[-84.430981,40.131772],[-84.431682,40.131924],[-84.431683,40.131952],[-84.431604,40.131938]]]},"properties":{"p":"A04-2-409-21-01-05-11200","o":"NEWMAN MILDRED F ETAL","a":"MIAMI","d":"BRADFORD EX VILL SCHOOL DISTRICT","t":5516.1,"l":"400: Com-Vacant Land","c":0}},{"type":"Feature","geometry":{"type":"Polygon","coordinates":[[[-84.431028,40.133723],[-84.431026,40.133655],[-84.431384,40.13365],[-84.431385,40.133718],[-84.431028,40.133723]]]},"properties":{"p":"A04-2-409-21-01-02-10800","o":"PAINTER JOHN P & TAMMI L JT SURV","a":"401  MIAMI N","d":"BRADFORD EX VILL SCHOOL DISTRICT","t":1189.54,"l":"510: Res-Single Family","c":0}},{"type":"Feature","geometry":{"type":"Polygon","coordinates":[[[-84.431706,40.135144],[-84.431698,40.134815],[-84.431877,40.134813],[-84.431885,40.135142],[-84.431706,40.135144]]]},"properties":{"p":"A04-2-409-21-01-01-12300","o":"BOLEN JAMES & DANIELLE","a":"120  TAYLOR","d":"BRADFORD EX VILL SCHOOL DISTRICT","t":230.4,"l":"500: Res-Vacant Land","c":0}},{"type":"Feature","geometry":{"type":"Polygon","coordinates":[[[-84.431612,40.135409],[-84.431606,40.135162],[-84.431785,40.13516],[-84.431791,40.135407],[-84.431612,40.135409]]]},"properties":{"p":"A04-2-409-21-01-01-11800","o":"BOLEN JAMES & DANIELLE","a":"KELLER ST","d":"BRADFORD EX VILL SCHOOL DISTRICT","t":200.45,"l":"500: Res-Vacant Land","c":0}},{"type":"Feature","geometry":{"type":"Polygon","coordinates":[[[-84.431791,40.135407],[-84.431785,40.13516],[-84.431964,40.135158],[-84.43197,40.135405],[-84.431791,40.135407]]]},"properties":{"p":"A04-2-409-21-01-01-11700","o":"KESLER MICHAEL & KESLER ROBERT","a":"120  KELLER ST W","d":"BRADFORD EX VILL SCHOOL DISTRICT","t":1116.93,"l":"510: Res-Single Family","c":0}},{"type":"Feature","geometry":{"type":"Polygon","coordinates":[[[-84.431809,40.13614],[-84.431801,40.135831],[-84.432159,40.135826],[-84.432166,40.136135],[-84.431809,40.13614]]]},"properties":{"p":"A04-2-409-21-01-01-10400","o":"GROSS TERESA","a":"125  WISE ST","d":"BRADFORD EX VILL SCHOOL DISTRICT","t":4638.54,"l":"510: Res-Single Family","c":0}},{"type":"Feature","geometry":{"type":"Polygon","coordinates":[[[-84.555848,40.100448],[-84.555464,40.10063],[-84.55496,40.100897],[-84.554112,40.101143],[-84.553392,40.101073],[-84.553182,40.10117],[-84.552866,40.101369],[-84.552167,40.101605],[-84.551834,40.101788],[-84.551237,40.102005],[-84.551097,40.102025],[-84.551087,40.101531],[-84.555841,40.100013],[-84.555848,40.100448]]]},"properties":{"p":"A02-0-310-33-00-00-43100","o":"ALLREAD EMIL","a":"HARTZELL","d":"GREENVILLE CITY SCHOOL DISTRICT","t":6443.61,"l":"501: Res-Custom Code","c":0}},{"type":"Feature","geometry":{"type":"Polygon","coordinates":[[[-84.541955,40.107587],[-84.543316,40.106479],[-84.543417,40.107569],[-84.541955,40.107587]]]},"properties":{"p":"A02-0-310-33-00-00-10200","o":"BURR CRYSTAL A","a":"ARCANUM-BEARS MILL","d":"GREENVILLE CITY SCHOOL DISTRICT","t":9.89,"l":"501: Res-Custom Code","c":0}},{"type":"Feature","geometry":{"type":"Polygon","coordinates":[[[-84.541795,40.107589],[-84.543417,40.107569],[-84.543486,40.108317],[-84.542018,40.108422],[-84.542022,40.108682],[-84.541794,40.10869],[-84.541795,40.107589]]]},"properties":{"p":"A02-0-310-28-00-00-22400","o":"BURR CRYSTAL A","a":"ARCANUM-BEARS MILL","d":"GREENVILLE CITY SCHOOL DISTRICT","t":22.99,"l":"599: Res-Other","c":0}},{"type":"Feature","geometry":{"type":"Polygon","coordinates":[[[-84.541794,40.108935],[-84.541794,40.10869],[-84.542022,40.108682],[-84.542018,40.108422],[-84.543486,40.108317],[-84.543535,40.108845],[-84.541794,40.108935]]]},"properties":{"p":"A02-0-310-28-00-00-22300","o":"BURR CRYSTAL A","a":"6594  ARCANUM-BEARS MILL","d":"GREENVILLE CITY SCHOOL DISTRICT","t":72.16,"l":"560: Res-Mobile Home","c":0}},{"type":"Feature","geometry":{"type":"Polygon","coordinates":[[[-84.541794,40.108935],[-84.543535,40.108845],[-84.543647,40.11006],[-84.541792,40.110386],[-84.541794,40.108935]]]},"properties":{"p":"A02-0-310-28-00-00-22200","o":"BURR CRYSTAL A","a":"6610  ARCANUM-BEARS MILL","d":"GREENVILLE CITY SCHOOL DISTRICT","t":28.88,"l":"599: Res-Other","c":0}},{"type":"Feature","geometry":{"type":"Polygon","coordinates":[[[-84.544542,40.111814],[-84.544517,40.110534],[-84.546962,40.110108],[-84.547546,40.109969],[-84.548221,40.109771],[-84.548255,40.111893],[-84.544545,40.111957],[-84.544542,40.111814]]]},"properties":{"p":"A02-0-310-28-00-00-21600","o":"FLORA EDWARD & FLORA KAREN TRUSTEES OR HIS/HER/THEIR SUCCESSOR OF THE EDWARD FLORA & KAREN FLORA JOI","a":"6914  US RT 36","d":"GREENVILLE CITY SCHOOL DISTRICT","t":1948.66,"l":"512: Res-Custom Code","c":0}},{"type":"Feature","geometry":{"type":"Polygon","coordinates":[[[-84.542752,40.115098],[-84.542066,40.115113],[-84.541987,40.114803],[-84.542693,40.114796],[-84.542752,40.115098]]]},"properties":{"p":"A02-0-310-28-00-00-12200","o":"BARTON ADAM R","a":"6994  REQUARTH","d":"GREENVILLE CITY SCHOOL DISTRICT","t":2698.49,"l":"510: Res-Single Family","c":0}},{"type":"Feature","geometry":{"type":"Polygon","coordinates":[[[-84.499358,40.134141],[-84.497992,40.134173],[-84.497984,40.133892],[-84.499347,40.133858],[-84.499358,40.134141]]]},"properties":{"p":"A02-0-310-24-00-00-40500","o":"MADER ANTHONY FRANCIS","a":"7388  AULD","d":"GREENVILLE CITY SCHOOL DISTRICT","t":1359.44,"l":"511: Res-Custom Code","c":0}},{"type":"Feature","geometry":{"type":"Polygon","coordinates":[[[-84.44976,40.124469],[-84.449753,40.124207],[-84.450874,40.124195],[-84.450876,40.124463],[-84.44976,40.124469]]]},"properties":{"p":"A01-0-409-20-00-00-20500","o":"WILLIS REX G","a":"7034  ZERBER","d":"BRADFORD EX VILL SCHOOL DISTRICT","t":1921.92,"l":"599: Res-Other","c":0}},{"type":"Feature","geometry":{"type":"Polygon","coordinates":[[[-84.447066,40.160726],[-84.447373,40.160815],[-84.447388,40.161444],[-84.447081,40.161352],[-84.447066,40.160726]],[[-84.447212,40.160912],[-84.447212,40.160926],[-84.44723,40.160926],[-84.44723,40.160912],[-84.447212,40.160912]]]},"properties":{"p":"A01-0-409-09-00-00-40500","o":"PURPUS BRYAN","a":"8485  ST RT 185","d":"BRADFORD EX VILL SCHOOL DISTRICT","t":3884.51,"l":"510: Res-Single Family","c":0}},{"type":"Feature","geometry":{"type":"Polygon","coordinates":[[[-84.447388,40.161444],[-84.447373,40.160815],[-84.447684,40.160906],[-84.447696,40.161536],[-84.447388,40.161444]],[[-84.447522,40.161006],[-84.447522,40.161019],[-84.44754,40.161019],[-84.44754,40.161005],[-84.447522,40.161006]]]},"properties":{"p":"A01-0-409-09-00-00-40400","o":"RIFFELL PAUL A & KEIHL JOYCE A","a":"8490  ST RT 185","d":"BRADFORD EX VILL SCHOOL DISTRICT","t":6479.06,"l":"510: Res-Single Family","c":0}},{"type":"Feature","geometry":{"type":"Polygon","coordinates":[[[-84.62102,40.109874],[-84.620697,40.109468],[-84.620997,40.109335],[-84.621092,40.109454],[-84.6209,40.109588],[-84.620935,40.109642],[-84.62106,40.10956],[-84.621655,40.110063],[-84.621582,40.110113],[-84.621213,40.109787],[-84.62102,40.109874]]]},"properties":{"p":"F27-2-212-26-02-02-16000","o":"BYRAM ROBERT J","a":"MAIN E","d":"GREENVILLE CITY SCHOOL DISTRICT","t":1180.61,"l":"400: Com-Vacant Land","c":0}},{"type":"Feature","geometry":{"type":"Polygon","coordinates":[[[-84.627621,40.119246],[-84.627268,40.119247],[-84.627267,40.119017],[-84.62762,40.119016],[-84.627621,40.119246]]]},"properties":{"p":"F27-2-212-26-01-05-15900","o":"HALL SHANE O & AMBER L JT SURV","a":"1214  SUGAR MAPLE","d":"GREENVILLE CITY SCHOOL DISTRICT","t":4337.82,"l":"510: Res-Single Family","c":0}},{"type":"Feature","geometry":{"type":"Polygon","coordinates":[[[-84.615241,40.11835],[-84.615633,40.117982],[-84.615636,40.118438],[-84.615535,40.118444],[-84.61546,40.118486],[-84.615241,40.11835]]]},"properties":{"p":"F27-2-212-25-04-01-11000","o":"GRAGORACE SUSAN L","a":"1233  NOTTINGHAM PL","d":"GREENVILLE CITY SCHOOL DISTRICT","t":660.27,"l":"510: Res-Single Family","c":0}},{"type":"Feature","geometry":{"type":"Polygon","coordinates":[[[-84.632446,40.124114],[-84.632443,40.123876],[-84.632866,40.123875],[-84.632868,40.124066],[-84.632836,40.124104],[-84.632446,40.124114]]]},"properties":{"p":"F27-2-212-23-03-02-10400","o":"BYRAM SHIRLEY M LE & BYRAM DAVID S","a":"101  CANTERBURY DR","d":"GREENVILLE CITY SCHOOL DISTRICT","t":2390.04,"l":"510: Res-Single Family","c":0}},{"type":"Feature","geometry":{"type":"Polygon","coordinates":[[[-84.636138,40.091013],[-84.636128,40.090537],[-84.6363,40.090536],[-84.636306,40.091012],[-84.636138,40.091013]]]},"properties":{"p":"F27-2-211-02-04-17-11500","o":"KINNISON LINDA SUE","a":"134  SHERMAN","d":"GREENVILLE CITY SCHOOL DISTRICT","t":400,"l":"510: Res-Single Family","c":0}},{"type":"Feature","geometry":{"type":"Polygon","coordinates":[[[-84.628377,40.091824],[-84.628198,40.091825],[-84.628198,40.091719],[-84.628505,40.091719],[-84.628506,40.091824],[-84.628377,40.091824]]]},"properties":{"p":"F27-2-211-02-04-01-12000","o":"DITTY CHARLES D III","a":"707  GRAY","d":"GREENVILLE CITY SCHOOL DISTRICT","t":126.72,"l":"560: Res-Mobile Home","c":0}},{"type":"Feature","geometry":{"type":"Polygon","coordinates":[[[-84.628377,40.091841],[-84.628377,40.091824],[-84.628506,40.091824],[-84.628505,40.091719],[-84.628712,40.091718],[-84.628713,40.091919],[-84.628556,40.091919],[-84.628556,40.091841],[-84.628377,40.091841]]]},"properties":{"p":"F27-2-211-02-04-01-11900","o":"DITTY CHARLES D III","a":"707  GRAY","d":"GREENVILLE CITY SCHOOL DISTRICT","t":95.02,"l":"599: Res-Other","c":0}},{"type":"Feature","geometry":{"type":"Polygon","coordinates":[[[-84.627683,40.091576],[-84.627682,40.091365],[-84.627707,40.091365],[-84.627705,40.091091],[-84.628174,40.09109],[-84.628175,40.091365],[-84.628196,40.091365],[-84.628197,40.091576],[-84.627683,40.091576]]]},"properties":{"p":"F27-2-211-02-04-01-10500","o":"SULLIVAN HEATHER M AHLERING","a":"732  JACKSON","d":"GREENVILLE CITY SCHOOL DISTRICT","t":12380.15,"l":"499: Com-Other","c":0}},{"type":"Feature","geometry":{"type":"Polygon","coordinates":[[[-84.604854,40.162198],[-84.604933,40.162053],[-84.605612,40.16226],[-84.605533,40.162406],[-84.604854,40.162198]]]},"properties":{"p":"F24-3-212-12-01-02-10800","o":"SPENCER NYCOLE","a":"8401  GRNVILLE-ST MARYS","d":"GREENVILLE CITY SCHOOL DISTRICT","t":5535.18,"l":"510: Res-Single Family","c":0}},{"type":"Feature","geometry":{"type":"Polygon","coordinates":[[[-84.741268,40.002857],[-84.741371,40.003071],[-84.741491,40.003234],[-84.741239,40.003703],[-84.741268,40.002857]]]},"properties":{"p":"G28-0-110-03-00-00-11400","o":"KERST JENNIE D","a":"RICHMND-PALESTINE","d":"TRI-VILLAGE LOCAL SCHOOL DISTRICT","t":555.32,"l":"500: Res-Vacant Land","c":0}},{"type":"Feature","geometry":{"type":"Polygon","coordinates":[[[-84.794868,39.996795],[-84.794869,39.996729],[-84.795164,39.996734],[-84.795161,39.996829],[-84.794867,39.996825],[-84.794868,39.996795]]]},"properties":{"p":"G28-0-110-05-00-00-31500","o":"RICHARDSON ROBIN","a":"UNION W","d":"TRI-VILLAGE LOCAL SCHOOL DISTRICT","t":89.05,"l":"501: Res-Custom Code","c":0}},{"type":"Feature","geometry":{"type":"Polygon","coordinates":[[[-84.791707,40.001461],[-84.790332,40.00144],[-84.790624,40.001086],[-84.791965,40.001103],[-84.791961,40.001465],[-84.791707,40.001461]]]},"properties":{"p":"G28-0-110-05-00-00-40600","o":"SHEPPARD SETH E & DANIELLE JO JT SURV","a":"ELM N","d":"TRI-VILLAGE LOCAL SCHOOL DISTRICT","t":74.75,"l":"501: Res-Custom Code","c":0}},{"type":"Feature","geometry":{"type":"Polygon","coordinates":[[[-84.794034,40.001065],[-84.794032,40.000983],[-84.794201,40.000988],[-84.794191,40.000631],[-84.794512,40.000629],[-84.794502,40.000244],[-84.795955,40.000266],[-84.795926,40.001097],[-84.794034,40.001065]]]},"properties":{"p":"G28-0-110-05-00-00-40700","o":"SMITH ROBERT M & NICOLE R JT SURV","a":"195  MAIN ST","d":"TRI-VILLAGE LOCAL SCHOOL DISTRICT","t":5331.11,"l":"511: Res-Custom Code","c":0}},{"type":"Feature","geometry":{"type":"MultiPolygon","coordinates":[[[[-84.769117,39.977624],[-84.769181,39.977595],[-84.769254,39.977586],[-84.769563,39.977605],[-84.769655,39.977585],[-84.769743,39.977544],[-84.769877,39.982485],[-84.766633,39.982485],[-84.767416,39.980907],[-84.769054,39.97769],[-84.769117,39.977624]]],[[[-84.76549,39.982485],[-84.765373,39.979391],[-84.767743,39.979963],[-84.76648,39.982485],[-84.76549,39.982485]]]]},"properties":{"p":"G28-0-110-09-00-00-20100","o":"MC LEAR BENJAMIN W","a":"2207  HARRISON","d":"TRI-VILLAGE LOCAL SCHOOL DISTRICT","t":4136.6,"l":"101: Agr-Cash-Grain Farm","c":0}},{"type":"Feature","geometry":{"type":"Polygon","coordinates":[[[-84.755131,39.978736],[-84.755143,39.977763],[-84.755186,39.977526],[-84.755281,39.977373],[-84.75548,39.977297],[-84.756184,39.977297],[-84.756381,39.977252],[-84.756529,39.977128],[-84.756635,39.976983],[-84.756651,39.977762],[-84.756073,39.977781],[-84.756116,39.978743],[-84.755131,39.978736]]]},"properties":{"p":"G28-0-110-10-00-00-30100","o":"MC COMBS KATHERINE C & JOSEPH O JT SURV","a":"1129  DOWNING","d":"TRI-VILLAGE LOCAL SCHOOL DISTRICT","t":2334.97,"l":"511: Res-Custom Code","c":0}},{"type":"Feature","geometry":{"type":"Polygon","coordinates":[[[-84.71572,39.967574],[-84.715431,39.967574],[-84.715422,39.96673],[-84.71571,39.966565],[-84.71572,39.967574]]]},"properties":{"p":"G28-0-110-13-00-00-30300","o":"PEASE AMANDA JO","a":"2231  RUSH","d":"TRI-VILLAGE LOCAL SCHOOL DISTRICT","t":2247.21,"l":"511: Res-Custom Code","c":0}},{"type":"Feature","geometry":{"type":"Polygon","coordinates":[[[-84.808686,39.949443],[-84.808628,39.946489],[-84.808783,39.946491],[-84.80881,39.948002],[-84.80867,39.948014],[-84.808686,39.949443]]]},"properties":{"p":"G28-0-110-19-00-00-30801","o":"BREWER RYAN MITCHELL","a":"HOLLANSBRG-RICHMND","d":"TRI-VILLAGE LOCAL SCHOOL DISTRICT","t":550.52,"l":"501: Res-Custom Code","c":0}},{"type":"Feature","geometry":{"type":"Polygon","coordinates":[[[-84.776283,39.951847],[-84.776256,39.953451],[-84.774297,39.95342],[-84.7743,39.95255],[-84.776283,39.951847]]]},"properties":{"p":"G28-0-110-21-00-00-30400","o":"MC NAMARA CHERYL ANN","a":"1278  RICHMND-PALESTINE","d":"TRI-VILLAGE LOCAL SCHOOL DISTRICT","t":1600,"l":"511: Res-Custom Code","c":0}},{"type":"Feature","geometry":{"type":"Polygon","coordinates":[[[-84.724377,39.952332],[-84.723004,39.952349],[-84.723,39.952155],[-84.724372,39.952138],[-84.724377,39.952332]]]},"properties":{"p":"G28-0-110-23-00-00-20700","o":"LAWRENCE ELAM","a":"ST RT 121","d":"TRI-VILLAGE LOCAL SCHOOL DISTRICT","t":1609.51,"l":"500: Res-Vacant Land","c":0}},{"type":"Feature","geometry":{"type":"Polygon","coordinates":[[[-84.723206,39.938078],[-84.72324,39.936778],[-84.723613,39.93666],[-84.724183,39.936014],[-84.72374,39.936003],[-84.723752,39.93554],[-84.723273,39.935527],[-84.723314,39.933965],[-84.725646,39.934025],[-84.725643,39.934161],[-84.724804,39.93414],[-84.724657,39.935466],[-84.725316,39.93547],[-84.725247,39.938089],[-84.723206,39.938078]]]},"properties":{"p":"G28-0-110-26-00-00-20400","o":"EVANS ROBYN E GRANT","a":"642  BILLMAN","d":"TRI-VILLAGE LOCAL SCHOOL DISTRICT","t":931.54,"l":"101: Agr-Cash-Grain Farm","c":0}},{"type":"Feature","geometry":{"type":"Polygon","coordinates":[[[-84.741886,39.945076],[-84.742045,39.939718],[-84.744738,39.939768],[-84.744773,39.938228],[-84.747263,39.938275],[-84.747009,39.942826],[-84.745096,39.94331],[-84.745206,39.943862],[-84.74457,39.943966],[-84.744563,39.944093],[-84.743272,39.944081],[-84.743204,39.944893],[-84.742881,39.944989],[-84.74233,39.945101],[-84.741886,39.945076]]]},"properties":{"p":"G28-0-110-27-00-00-10100","o":"CUMMINS RICHARD A & TERRI L","a":"1396  NEW GARDEN","d":"TRI-VILLAGE LOCAL SCHOOL DISTRICT","t":2156,"l":"101: Agr-Cash-Grain Farm","c":0}},{"type":"Feature","geometry":{"type":"MultiPolygon","coordinates":[[[[-84.74243,39.925793],[-84.742512,39.923575],[-84.747189,39.923635],[-84.74703,39.927867],[-84.746372,39.928143],[-84.746012,39.928325],[-84.745666,39.928523],[-84.743776,39.929731],[-84.742916,39.930359],[-84.74229,39.930357],[-84.74243,39.925793]]],[[[-84.746994,39.928065],[-84.747023,39.928053],[-84.746929,39.930564],[-84.743804,39.930464],[-84.743413,39.930203],[-84.743917,39.929855],[-84.745802,39.92865],[-84.746379,39.928334],[-84.746994,39.928065]]]]},"properties":{"p":"G28-0-110-34-00-00-10200","o":"FUDGE JUDITH A","a":"461  ST RT 121","d":"TRI-VILLAGE LOCAL SCHOOL DISTRICT","t":2439.17,"l":"101: Agr-Cash-Grain Farm","c":0}},{"type":"Feature","geometry":{"type":"Polygon","coordinates":[[[-84.75921,39.925324],[-84.758874,39.925464],[-84.75888,39.925197],[-84.7591,39.925118],[-84.75921,39.925324]]]},"properties":{"p":"G28-0-110-34-00-00-41100","o":"NOGGLE E E","a":"BRAFFETSVILLE N","d":"TRI-VILLAGE LOCAL SCHOOL DISTRICT","t":390.86,"l":"500: Res-Vacant Land","c":0}},{"type":"Feature","geometry":{"type":"Polygon","coordinates":[[[-84.761389,39.919588],[-84.762385,39.919261],[-84.762415,39.9195],[-84.761912,39.919665],[-84.761961,39.920095],[-84.761615,39.92018],[-84.761479,39.91991],[-84.761389,39.919588]]]},"properties":{"p":"G29-0-110-33-00-00-20701","o":"LAW SANDRA R","a":"114  WOODENS","d":"NATIONAL TRAIL LOCAL SCHOOL DISTRICT","t":60.6,"l":"599: Res-Other","c":0}},{"type":"Feature","geometry":{"type":"Polygon","coordinates":[[[-84.790626,39.997247],[-84.790636,39.996794],[-84.790931,39.996799],[-84.79092,39.997251],[-84.790626,39.997247]]]},"properties":{"p":"G30-2-110-05-03-01-10200","o":"PEDEN SUSAN","a":"146  UNION ST","d":"TRI-VILLAGE LOCAL SCHOOL DISTRICT","t":5599.95,"l":"500: Res-Vacant Land","c":0}},{"type":"Feature","geometry":{"type":"Polygon","coordinates":[[[-84.79092,39.997251],[-84.790931,39.996799],[-84.791332,39.996804],[-84.791322,39.997257],[-84.79092,39.997251]]]},"properties":{"p":"G30-2-110-05-03-01-10300","o":"PEDEN SUSAN","a":"140  UNION ST","d":"TRI-VILLAGE LOCAL SCHOOL DISTRICT","t":5240.41,"l":"500: Res-Vacant Land","c":0}},{"type":"Feature","geometry":{"type":"Polygon","coordinates":[[[-84.792485,39.997274],[-84.792496,39.996821],[-84.792681,39.996824],[-84.792671,39.997277],[-84.792485,39.997274]]]},"properties":{"p":"G30-2-110-05-03-01-10800","o":"COMER RIKKI R","a":"116  UNION ST E","d":"TRI-VILLAGE LOCAL SCHOOL DISTRICT","t":6673.33,"l":"510: Res-Single Family","c":0}},{"type":"Feature","geometry":{"type":"Polygon","coordinates":[[[-84.793244,39.995715],[-84.793286,39.99555],[-84.793889,39.995593],[-84.793819,39.995813],[-84.793244,39.995715]]]},"properties":{"p":"G30-2-110-05-03-01-11300","o":"FLATTER MICHAEL T & BAKER ASHLEY","a":"134  MAIN S","d":"TRI-VILLAGE LOCAL SCHOOL DISTRICT","t":11168.53,"l":"510: Res-Single Family","c":0}},{"type":"Feature","geometry":{"type":"Polygon","coordinates":[[[-84.794867,39.996825],[-84.795161,39.996829],[-84.795148,39.997312],[-84.794854,39.997308],[-84.794867,39.996825]]]},"properties":{"p":"G30-2-110-05-03-02-10400","o":"RICHARDSON ROBIN","a":"128  UNION ST W","d":"TRI-VILLAGE LOCAL SCHOOL DISTRICT","t":5387.35,"l":"510: Res-Single Family","c":0}},{"type":"Feature","geometry":{"type":"Polygon","coordinates":[[[-84.794158,39.997298],[-84.79417,39.996845],[-84.794465,39.996849],[-84.794452,39.997302],[-84.794158,39.997298]]]},"properties":{"p":"G30-2-110-05-03-02-10600","o":"RICHARDSON HANK","a":"116  UNION ST W","d":"TRI-VILLAGE LOCAL SCHOOL DISTRICT","t":21845.32,"l":"510: Res-Single Family","c":0}},{"type":"Feature","geometry":{"type":"Polygon","coordinates":[[[-84.793775,39.99665],[-84.793844,39.99643],[-84.794113,39.996475],[-84.794043,39.996696],[-84.793775,39.99665]]]},"properties":{"p":"G30-2-110-05-03-02-11000","o":"O'DELL ERIC RICHARD","a":"115  MAIN S","d":"TRI-VILLAGE LOCAL SCHOOL DISTRICT","t":8723.44,"l":"510: Res-Single Family","c":0}},{"type":"Feature","geometry":{"type":"Polygon","coordinates":[[[-84.790625,39.998045],[-84.791214,39.998054],[-84.791212,39.998175],[-84.790623,39.998165],[-84.790625,39.998045]]]},"properties":{"p":"G30-2-110-05-04-01-10900","o":"MOORE SAMMY JAY","a":"122  ELM","d":"TRI-VILLAGE LOCAL SCHOOL DISTRICT","t":4036.06,"l":"599: Res-Other","c":0}},{"type":"Feature","geometry":{"type":"Polygon","coordinates":[[[-84.791412,39.999302],[-84.792001,39.999311],[-84.792006,39.999493],[-84.791417,39.999483],[-84.791412,39.999302]]]},"properties":{"p":"G30-2-110-05-04-02-10100","o":"BULMER LINDA","a":"157  ELM N","d":"TRI-VILLAGE LOCAL SCHOOL DISTRICT","t":1292.67,"l":"510: Res-Single Family","c":0}},{"type":"Feature","geometry":{"type":"Polygon","coordinates":[[[-84.792654,39.999503],[-84.792065,39.999494],[-84.792055,39.999131],[-84.792645,39.99914],[-84.792654,39.999503]]]},"properties":{"p":"G30-2-110-05-04-02-10200","o":"DILLMAN JEREMY A & KASEY M JT SURV","a":"151  DEFORD LANE","d":"TRI-VILLAGE LOCAL SCHOOL DISTRICT","t":1564.15,"l":"599: Res-Other","c":0}},{"type":"Feature","geometry":{"type":"Polygon","coordinates":[[[-84.792958,39.999508],[-84.792708,39.999504],[-84.792703,39.999323],[-84.792953,39.999327],[-84.792958,39.999508]]]},"properties":{"p":"G30-2-110-05-04-02-10300","o":"DAY ARTHUR L & BETTY E JT & SURV","a":"MAIN","d":"TRI-VILLAGE LOCAL SCHOOL DISTRICT","t":203.42,"l":"500: Res-Vacant Land","c":0}},{"type":"Feature","geometry":{"type":"Polygon","coordinates":[[[-84.792001,39.999311],[-84.791412,39.999302],[-84.791407,39.999121],[-84.791997,39.99913],[-84.792001,39.999311]]]},"properties":{"p":"G30-2-110-05-04-02-10600","o":"KUNKA KAREN","a":"151  ELM","d":"TRI-VILLAGE LOCAL SCHOOL DISTRICT","t":111.15,"l":"500: Res-Vacant Land","c":0}},{"type":"Feature","geometry":{"type":"Polygon","coordinates":[[[-84.792706,39.998933],[-84.792709,39.998752],[-84.793298,39.998762],[-84.793295,39.998943],[-84.792706,39.998933]]]},"properties":{"p":"G30-2-110-05-04-02-11000","o":"WOGOMAN THOMAS L & MARIA A JT SURV","a":"140  MAIN N","d":"TRI-VILLAGE LOCAL SCHOOL DISTRICT","t":1125.15,"l":"510: Res-Single Family","c":0}},{"type":"Feature","geometry":{"type":"Polygon","coordinates":[[[-84.792951,39.99802],[-84.792719,39.998016],[-84.792721,39.997835],[-84.79331,39.997845],[-84.793308,39.998026],[-84.792951,39.99802]]]},"properties":{"p":"G30-2-110-05-04-02-13000","o":"JONES DAVID ALLEN & JONES RICHARDSON SARA LOUISE JT SURV","a":"116  MAIN N","d":"TRI-VILLAGE LOCAL SCHOOL DISTRICT","t":1795.42,"l":"510: Res-Single Family","c":0}},{"type":"Feature","geometry":{"type":"Polygon","coordinates":[[[-84.793521,39.998097],[-84.793522,39.997986],[-84.794111,39.997994],[-84.79411,39.998075],[-84.793674,39.998072],[-84.793674,39.998098],[-84.793521,39.998097]]]},"properties":{"p":"G30-2-110-05-04-03-10600","o":"WEATHERLY BEATRICE JOY AKA BEATRICE J WEATHERLY","a":"121  MAIN N","d":"TRI-VILLAGE LOCAL SCHOOL DISTRICT","t":2708.92,"l":"499: Com-Other","c":0}},{"type":"Feature","geometry":{"type":"Polygon","coordinates":[[[-84.791561,39.999781],[-84.791146,39.999774],[-84.791244,39.99964],[-84.792016,39.999652],[-84.792013,39.999788],[-84.791561,39.999781]]]},"properties":{"p":"G30-2-110-05-04-04-10700","o":"BROCK LYNETTE MARIE & CHRISTOPHER SHANE","a":"165  ELM","d":"TRI-VILLAGE LOCAL SCHOOL DISTRICT","t":1774.34,"l":"500: Res-Vacant Land","c":0}},{"type":"Feature","geometry":{"type":"Polygon","coordinates":[[[-84.792867,40.001117],[-84.791965,40.001103],[-84.791972,40.000815],[-84.79285,40.000829],[-84.792851,40.000859],[-84.793333,40.000867],[-84.79334,40.001125],[-84.792867,40.001117]]]},"properties":{"p":"G30-2-110-05-04-04-11500","o":"RICHARDSON HANK","a":"200  MAIN N","d":"TRI-VILLAGE LOCAL SCHOOL DISTRICT","t":33885.53,"l":"510: Res-Single Family","c":0}},{"type":"Feature","geometry":{"type":"Polygon","coordinates":[[[-84.793557,40.000979],[-84.794032,40.000983],[-84.794034,40.001065],[-84.793559,40.001061],[-84.793557,40.000979]]]},"properties":{"p":"G30-2-110-05-04-04-12601","o":"SMITH ROBERT M & NICOLE R JT SURV","a":"MAIN N","d":"TRI-VILLAGE LOCAL SCHOOL DISTRICT","t":170,"l":"500: Res-Vacant Land","c":0}},{"type":"Feature","geometry":{"type":"Polygon","coordinates":[[[-84.713291,39.968973],[-84.7134,39.968586],[-84.713667,39.968676],[-84.71357,39.96902],[-84.713291,39.968973]]]},"properties":{"p":"G31-4-110-13-01-02-13200","o":"BACK MECHELE LYNN","a":"268  WASHINGTON ST W","d":"TRI-VILLAGE LOCAL SCHOOL DISTRICT","t":800,"l":"510: Res-Single Family","c":0}},{"type":"Feature","geometry":{"type":"Polygon","coordinates":[[[-84.709095,39.968815],[-84.70919,39.968707],[-84.709679,39.96898],[-84.709593,39.969074],[-84.709095,39.968815]]]},"properties":{"p":"G31-4-110-13-01-03-12000","o":"BURTON VICKIE","a":"130  MAIN N","d":"TRI-VILLAGE LOCAL SCHOOL DISTRICT","t":2493.27,"l":"510: Res-Single Family","c":0}},{"type":"Feature","geometry":{"type":"Polygon","coordinates":[[[-84.708061,39.967461],[-84.708227,39.967274],[-84.708396,39.967363],[-84.708229,39.96755],[-84.708061,39.967461]]]},"properties":{"p":"G31-4-110-13-01-05-11100","o":"NORROD GARY MICHAEL II & BRANDY JT SURV","a":"201  WASHINGTON ST E","d":"TRI-VILLAGE LOCAL SCHOOL DISTRICT","t":4099.22,"l":"510: Res-Single Family","c":0}},{"type":"Feature","geometry":{"type":"Polygon","coordinates":[[[-84.712338,39.966854],[-84.712727,39.967059],[-84.71264,39.967156],[-84.712251,39.966951],[-84.712338,39.966854]]]},"properties":{"p":"G31-4-110-13-02-01-11000","o":"ROBINSON JAMES & JOHANNA","a":"214  JEFFERSON","d":"TRI-VILLAGE LOCAL SCHOOL DISTRICT","t":1278.52,"l":"510: Res-Single Family","c":0}},{"type":"Feature","geometry":{"type":"Polygon","coordinates":[[[-84.70904,39.9672],[-84.709213,39.967292],[-84.709047,39.967479],[-84.708874,39.967387],[-84.70904,39.9672]]]},"properties":{"p":"G31-4-110-13-02-02-13000","o":"HILEMAN KEVIN L & KRISTEEN D JT SURV & DEATON MELVIN A & DENISE L JT SURV","a":"126  WASHINGTON ST E","d":"TRI-VILLAGE LOCAL SCHOOL DISTRICT","t":3168.57,"l":"510: Res-Single Family","c":0}},{"type":"Feature","geometry":{"type":"Polygon","coordinates":[[[-84.709047,39.967479],[-84.709213,39.967292],[-84.709378,39.967378],[-84.709394,39.96736],[-84.709468,39.967399],[-84.709452,39.967417],[-84.709437,39.96741],[-84.709273,39.967597],[-84.709047,39.967479]]]},"properties":{"p":"G31-4-110-13-02-02-13200","o":"COOKE JAMES R","a":"118  WASHINGTON ST E","d":"TRI-VILLAGE LOCAL SCHOOL DISTRICT","t":2164.9,"l":"465: Com-Lodge Hall","c":0}},{"type":"Feature","geometry":{"type":"Polygon","coordinates":[[[-84.710299,39.965176],[-84.7103,39.965231],[-84.710204,39.965345],[-84.710299,39.965176]]]},"properties":{"p":"G31-4-110-13-02-03-11202","o":"BEAM NATHAN A","a":"HARRISON ST S","d":"TRI-VILLAGE LOCAL SCHOOL DISTRICT","t":10.92,"l":"500: Res-Vacant Land","c":0}},{"type":"Feature","geometry":{"type":"Polygon","coordinates":[[[-84.712318,39.963394],[-84.712709,39.963586],[-84.712551,39.963777],[-84.71216,39.963585],[-84.712318,39.963394]]]},"properties":{"p":"G31-4-110-13-02-04-12100","o":"FILBY ALLEN E & SHARON S JT SURV","a":"174  ARNOLD ST","d":"TRI-VILLAGE LOCAL SCHOOL DISTRICT","t":1438.49,"l":"510: Res-Single Family","c":0}},{"type":"Feature","geometry":{"type":"Polygon","coordinates":[[[-84.803847,40.201086],[-84.803848,40.20096],[-84.80426,40.200964],[-84.804258,40.20109],[-84.803847,40.201086]]]},"properties":{"p":"H33-2-113-30-02-01-10300","o":"RUE DONALD J","a":"219  WALNUT N","d":"MISSISSINAWA VALLEY LOCAL SCHOOL DISTRICT","t":306.01,"l":"510: Res-Single Family","c":0}},{"type":"Feature","geometry":{"type":"Polygon","coordinates":[[[-84.805186,40.203721],[-84.80519,40.203585],[-84.805783,40.203596],[-84.805778,40.203732],[-84.805186,40.203721]]]},"properties":{"p":"H33-2-113-30-01-02-14200","o":"GUEVARA RONY","a":"408  STATE LINE N","d":"MISSISSINAWA VALLEY LOCAL SCHOOL DISTRICT","t":2448.96,"l":"510: Res-Single Family","c":0}},{"type":"Feature","geometry":{"type":"Polygon","coordinates":[[[-84.805384,40.201647],[-84.805385,40.201461],[-84.805519,40.201463],[-84.805517,40.201697],[-84.805383,40.201697],[-84.805384,40.201647]]]},"properties":{"p":"H33-2-113-30-01-02-12300","o":"MARENTES JUAN","a":"109  NORTH E","d":"MISSISSINAWA VALLEY LOCAL SCHOOL DISTRICT","t":8506.82,"l":"510: Res-Single Family","c":0}},{"type":"Feature","geometry":{"type":"Polygon","coordinates":[[[-84.803857,40.202233],[-84.803858,40.202065],[-84.804543,40.202067],[-84.804542,40.202238],[-84.803857,40.202233]]]},"properties":{"p":"H33-2-113-30-01-02-11300","o":"WESTFALL KEVIN M & JENNETTE M JT SURV","a":"325  WALNUT N","d":"MISSISSINAWA VALLEY LOCAL SCHOOL DISTRICT","t":7580.5,"l":"520: Res-Two Family","c":0}},{"type":"Feature","geometry":{"type":"Polygon","coordinates":[[[-84.804357,40.202608],[-84.804357,40.202422],[-84.805192,40.202434],[-84.80519,40.202616],[-84.804357,40.202608]]]},"properties":{"p":"H33-2-113-30-01-02-11000","o":"WRIGHT VICTOR LEE","a":"337 1/2  WALNUT","d":"MISSISSINAWA VALLEY LOCAL SCHOOL DISTRICT","t":554.79,"l":"599: Res-Other","c":0}},{"type":"Feature","geometry":{"type":"Polygon","coordinates":[[[-84.803845,40.203974],[-84.803846,40.203826],[-84.804439,40.203835],[-84.804438,40.203983],[-84.803845,40.203974]]]},"properties":{"p":"H33-2-113-30-01-02-10200","o":"REAL ESTATE REBORN LLC","a":"417  WALNUT N","d":"MISSISSINAWA VALLEY LOCAL SCHOOL DISTRICT","t":378.88,"l":"510: Res-Single Family","c":0}},{"type":"Feature","geometry":{"type":"Polygon","coordinates":[[[-84.804331,40.204493],[-84.804332,40.204186],[-84.804498,40.204188],[-84.804497,40.204496],[-84.804331,40.204493]]]},"properties":{"p":"H33-2-113-30-01-01-11600","o":"PETTY CHRISTINA","a":"139  CAROLINE","d":"MISSISSINAWA VALLEY LOCAL SCHOOL DISTRICT","t":15641.53,"l":"510: Res-Single Family","c":0}},{"type":"Feature","geometry":{"type":"Polygon","coordinates":[[[-84.803843,40.204351],[-84.803844,40.204178],[-84.804332,40.204186],[-84.804331,40.204359],[-84.803843,40.204351]]]},"properties":{"p":"H33-2-113-30-01-01-11500","o":"RUE JUSTIN L & MANGEN TASHA L","a":"501  WALNUT N","d":"MISSISSINAWA VALLEY LOCAL SCHOOL DISTRICT","t":838.89,"l":"510: Res-Single Family","c":0}},{"type":"Feature","geometry":{"type":"Polygon","coordinates":[[[-84.802743,40.204613],[-84.802744,40.20447],[-84.803664,40.20448],[-84.803663,40.204622],[-84.802743,40.204613]]]},"properties":{"p":"H33-2-113-29-04-04-15400","o":"EVANS DIANA & EVANS JEREMY R JT SURV","a":"512  WALNUT N","d":"MISSISSINAWA VALLEY LOCAL SCHOOL DISTRICT","t":238.08,"l":"510: Res-Single Family","c":0}},{"type":"Feature","geometry":{"type":"Polygon","coordinates":[[[-84.80177,40.201404],[-84.80204,40.201407],[-84.802033,40.201667],[-84.801764,40.201664],[-84.80177,40.201404]]]},"properties":{"p":"H33-2-113-29-04-04-12000","o":"BARKER FRANKIE F JR","a":"421  NORTH E","d":"MISSISSINAWA VALLEY LOCAL SCHOOL DISTRICT","t":1238.13,"l":"510: Res-Single Family","c":0}},{"type":"Feature","geometry":{"type":"Polygon","coordinates":[[[-84.802366,40.202665],[-84.802369,40.202513],[-84.802727,40.202519],[-84.802733,40.202881],[-84.802363,40.202874],[-84.802366,40.202665]]]},"properties":{"p":"H33-2-113-29-04-04-11700","o":"BROERMAN ASHLEY LYNN","a":"407  JOHNSON","d":"MISSISSINAWA VALLEY LOCAL SCHOOL DISTRICT","t":599.06,"l":"510: Res-Single Family","c":0}},{"type":"Feature","geometry":{"type":"Polygon","coordinates":[[[-84.802224,40.203739],[-84.802496,40.203741],[-84.802495,40.204089],[-84.802223,40.204086],[-84.802224,40.203739]]]},"properties":{"p":"H33-2-113-29-04-04-10800","o":"KISER DAVID M","a":"240  CAROLINE","d":"MISSISSINAWA VALLEY LOCAL SCHOOL DISTRICT","t":2397.93,"l":"510: Res-Single Family","c":0}},{"type":"Feature","geometry":{"type":"Polygon","coordinates":[[[-84.802244,40.204608],[-84.802245,40.204392],[-84.802209,40.204392],[-84.80221,40.204168],[-84.802407,40.20417],[-84.802405,40.204609],[-84.802244,40.204608]]]},"properties":{"p":"H33-2-113-29-04-04-10400","o":"STARR MISTY","a":"249  CAROLINE","d":"MISSISSINAWA VALLEY LOCAL SCHOOL DISTRICT","t":362.2,"l":"510: Res-Single Family","c":0}},{"type":"Feature","geometry":{"type":"Polygon","coordinates":[[[-84.799801,40.202406],[-84.799817,40.201802],[-84.800007,40.201805],[-84.799998,40.202405],[-84.799801,40.202406]]]},"properties":{"p":"H33-2-113-29-04-03-12100","o":"REICHARD DUSTIN & JESSICA JT SURV","a":"619  NORTH E","d":"MISSISSINAWA VALLEY LOCAL SCHOOL DISTRICT","t":3595.21,"l":"510: Res-Single Family","c":0}},{"type":"Feature","geometry":{"type":"Polygon","coordinates":[[[-84.799818,40.201769],[-84.799824,40.201373],[-84.800013,40.201376],[-84.800007,40.201772],[-84.799818,40.201769]]]},"properties":{"p":"H33-2-113-29-04-03-12100","o":"REICHARD DUSTIN & JESSICA JT SURV","a":"619  NORTH E","d":"MISSISSINAWA VALLEY LOCAL SCHOOL DISTRICT","t":3595.21,"l":"510: Res-Single Family","c":0}},{"type":"Feature","geometry":{"type":"Polygon","coordinates":[[[-84.799067,40.201772],[-84.799068,40.201353],[-84.79943,40.201363],[-84.799424,40.201778],[-84.799067,40.201772]]]},"properties":{"p":"H33-2-113-29-04-03-11900","o":"FUNK ERIC D","a":"631  NORTH E","d":"MISSISSINAWA VALLEY LOCAL SCHOOL DISTRICT","t":20.11,"l":"510: Res-Single Family","c":0}},{"type":"Feature","geometry":{"type":"Polygon","coordinates":[[[-84.800817,40.204094],[-84.801082,40.204352],[-84.800806,40.204535],[-84.800541,40.204275],[-84.800817,40.204094]]]},"properties":{"p":"H33-2-113-29-04-03-10500","o":"IBARRA TOMAS & NORMA JT SURV","a":"330  DEERFIELD N","d":"MISSISSINAWA VALLEY LOCAL SCHOOL DISTRICT","t":2398.15,"l":"510: Res-Single Family","c":0}},{"type":"Feature","geometry":{"type":"Polygon","coordinates":[[[-84.801082,40.204352],[-84.801215,40.204481],[-84.800938,40.204664],[-84.800806,40.204535],[-84.801082,40.204352]]]},"properties":{"p":"H33-2-113-29-04-03-10400","o":"GALLEGOS BRYAN","a":"334  DEERFIELD N","d":"MISSISSINAWA VALLEY LOCAL SCHOOL DISTRICT","t":252.58,"l":"500: Res-Vacant Land","c":0}},{"type":"Feature","geometry":{"type":"Polygon","coordinates":[[[-84.795748,40.202144],[-84.795747,40.201953],[-84.79565,40.201953],[-84.79565,40.201853],[-84.795993,40.201854],[-84.795994,40.202143],[-84.795748,40.202144]]]},"properties":{"p":"H33-2-113-29-04-02-12900","o":"HUNT JERRY L & HUNT DAVID R","a":"105  MAPLE N","d":"MISSISSINAWA VALLEY LOCAL SCHOOL DISTRICT","t":171.99,"l":"510: Res-Single Family","c":0}},{"type":"Feature","geometry":{"type":"Polygon","coordinates":[[[-84.79565,40.201853],[-84.795649,40.201613],[-84.795992,40.201528],[-84.795993,40.201854],[-84.79565,40.201853]]]},"properties":{"p":"H33-2-113-29-04-02-12800","o":"FOREMAN STEVE","a":"901  ELM E","d":"MISSISSINAWA VALLEY LOCAL SCHOOL DISTRICT","t":5572.86,"l":"447: Com-Office","c":0}},{"type":"Feature","geometry":{"type":"Polygon","coordinates":[[[-84.797694,40.204337],[-84.797696,40.203889],[-84.797983,40.20389],[-84.79798,40.204339],[-84.797694,40.204337]]]},"properties":{"p":"H33-2-113-29-04-01-11801","o":"LIVINGSTON SHANE D","a":"704  LYNWOOD ST","d":"MISSISSINAWA VALLEY LOCAL SCHOOL DISTRICT","t":7849.09,"l":"510: Res-Single Family","c":0}},{"type":"Feature","geometry":{"type":"Polygon","coordinates":[[[-84.801268,40.199809],[-84.801318,40.199988],[-84.800906,40.20006],[-84.800856,40.199881],[-84.801268,40.199809]]]},"properties":{"p":"H33-2-113-29-03-06-15400","o":"GREEN JOSHUA A","a":"SYCAMORE N","d":"MISSISSINAWA VALLEY LOCAL SCHOOL DISTRICT","t":3721.12,"l":"400: Com-Vacant Land","c":0}},{"type":"Feature","geometry":{"type":"Polygon","coordinates":[[[-84.800407,40.199458],[-84.800539,40.199435],[-84.800603,40.199662],[-84.800321,40.199711],[-84.800257,40.199485],[-84.800407,40.199458]]]},"properties":{"p":"H33-2-113-29-03-06-14400","o":"WOOD ROBERT D","a":"517  RAILROAD","d":"MISSISSINAWA VALLEY LOCAL SCHOOL DISTRICT","t":100.59,"l":"510: Res-Single Family","c":0}},{"type":"Feature","geometry":{"type":"Polygon","coordinates":[[[-84.79973,40.200077],[-84.799718,40.200361],[-84.799717,40.200291],[-84.799664,40.20029],[-84.79965,40.200091],[-84.79973,40.200077]]]},"properties":{"p":"H33-2-113-29-03-06-14001","o":"WESTFALL JENNETTE M","a":"DIVISION N","d":"MISSISSINAWA VALLEY LOCAL SCHOOL DISTRICT","t":21.54,"l":"500: Res-Vacant Land","c":0}},{"type":"Feature","geometry":{"type":"Polygon","coordinates":[[[-84.800689,40.200605],[-84.800741,40.200596],[-84.800832,40.200902],[-84.800676,40.200929],[-84.800585,40.200623],[-84.800689,40.200605]]]},"properties":{"p":"H33-2-113-29-03-06-12600","o":"FIELDS JOHN H & VIRGINIA P","a":"523  ELM E","d":"MISSISSINAWA VALLEY LOCAL SCHOOL DISTRICT","t":2578.56,"l":"510: Res-Single Family","c":0}},{"type":"Feature","geometry":{"type":"Polygon","coordinates":[[[-84.799437,40.196785],[-84.79973,40.196789],[-84.799722,40.197151],[-84.799427,40.197146],[-84.799437,40.196785]]]},"properties":{"p":"H33-2-113-29-03-03-13000","o":"COBLENTZ GERALD","a":"516  MAIN E","d":"MISSISSINAWA VALLEY LOCAL SCHOOL DISTRICT","t":2148.9,"l":"510: Res-Single Family","c":0}},{"type":"Feature","geometry":{"type":"Polygon","coordinates":[[[-84.798606,40.197656],[-84.798611,40.197318],[-84.798906,40.197322],[-84.798904,40.197661],[-84.798606,40.197656]]]},"properties":{"p":"H33-2-113-29-03-02-11900","o":"SINK AMY J","a":"601  MAIN E","d":"MISSISSINAWA VALLEY LOCAL SCHOOL DISTRICT","t":2387.5,"l":"510: Res-Single Family","c":0}},{"type":"Feature","geometry":{"type":"Polygon","coordinates":[[[-84.797092,40.200724],[-84.797224,40.200694],[-84.797547,40.201],[-84.797071,40.201117],[-84.796938,40.20076],[-84.797092,40.200724]]]},"properties":{"p":"H33-2-113-29-03-01-13200","o":"CROSSROADS WESLEYAN CHURCH REV JOHN HANNAN REVERAND","a":"800  ELM","d":"MISSISSINAWA VALLEY LOCAL SCHOOL DISTRICT","t":6990.08,"l":"435: Com-Drive In","c":0}},{"type":"Feature","geometry":{"type":"Polygon","coordinates":[[[-84.796784,40.200796],[-84.796938,40.20076],[-84.797071,40.201117],[-84.796764,40.201193],[-84.79663,40.200832],[-84.796784,40.200796]]]},"properties":{"p":"H33-2-113-29-03-01-13100","o":"CROSSROADS WESLEYAN CHURCH REV JOHN HANNAN REVERAND","a":"820  ELM E","d":"MISSISSINAWA VALLEY LOCAL SCHOOL DISTRICT","t":530.37,"l":"499: Com-Other","c":0}},{"type":"Feature","geometry":{"type":"Polygon","coordinates":[[[-84.797124,40.200599],[-84.797224,40.200694],[-84.796784,40.200796],[-84.797124,40.200599]]]},"properties":{"p":"H33-2-113-29-03-01-12800","o":"CROSSROADS WESLEYAN CHURCH REV JOHN HANNAN REVERAND","a":"DEERFIELD S","d":"MISSISSINAWA VALLEY LOCAL SCHOOL DISTRICT","t":65.54,"l":"499: Com-Other","c":0}},{"type":"Feature","geometry":{"type":"Polygon","coordinates":[[[-84.796469,40.19972],[-84.79678,40.199512],[-84.79702,40.199751],[-84.796585,40.199825],[-84.796469,40.19972]]]},"properties":{"p":"H33-2-113-29-03-01-12100","o":"GLANCY LARRY & OWEN KAREN JT SURV","a":"201  DEERFIELD S","d":"MISSISSINAWA VALLEY LOCAL SCHOOL DISTRICT","t":2306.31,"l":"500: Res-Vacant Land","c":0}},{"type":"Feature","geometry":{"type":"Polygon","coordinates":[[[-84.796349,40.199611],[-84.796667,40.199399],[-84.79678,40.199512],[-84.796469,40.19972],[-84.796349,40.199611]]]},"properties":{"p":"H33-2-113-29-03-01-12000","o":"JENNINGS JERRY L","a":"203  DEERFIELD S","d":"MISSISSINAWA VALLEY LOCAL SCHOOL DISTRICT","t":9004.27,"l":"560: Res-Mobile Home","c":0}},{"type":"Feature","geometry":{"type":"Polygon","coordinates":[[[-84.796181,40.199454],[-84.796398,40.19913],[-84.796667,40.199399],[-84.796349,40.199611],[-84.796181,40.199454]]]},"properties":{"p":"H33-2-113-29-03-01-11900","o":"BOBO RICKEY L & DAVIS LORI L","a":"114  JOHN","d":"MISSISSINAWA VALLEY LOCAL SCHOOL DISTRICT","t":503.03,"l":"510: Res-Single Family","c":0}},{"type":"Feature","geometry":{"type":"Polygon","coordinates":[[[-84.796638,40.198586],[-84.796838,40.198266],[-84.797339,40.198357],[-84.797249,40.198699],[-84.796638,40.198586]]]},"properties":{"p":"H33-2-113-29-03-01-10900","o":"SPEARS JOHN & DIANE J JT SURV","a":"762  WARD","d":"MISSISSINAWA VALLEY LOCAL SCHOOL DISTRICT","t":2856.97,"l":"510: Res-Single Family","c":0}},{"type":"Feature","geometry":{"type":"Polygon","coordinates":[[[-84.727658,40.185547],[-84.7268,40.18542],[-84.726796,40.184199],[-84.727653,40.184197],[-84.727658,40.185547]]]},"properties":{"p":"H32-0-113-36-00-00-30301","o":"DEETER JAMEY L","a":"9205  YOUNG","d":"MISSISSINAWA VALLEY LOCAL SCHOOL DISTRICT","t":1142.68,"l":"599: Res-Other","c":0}},{"type":"Feature","geometry":{"type":"Polygon","coordinates":[[[-84.786328,40.192372],[-84.786062,40.192188],[-84.786467,40.19184],[-84.786733,40.192024],[-84.786328,40.192372]]]},"properties":{"p":"H32-0-113-32-00-00-11900","o":"BECKLEY BRITTANY & AARON JT SURV","a":"437  ST RT 571","d":"MISSISSINAWA VALLEY LOCAL SCHOOL DISTRICT","t":915.42,"l":"511: Res-Custom Code","c":0}},{"type":"Feature","geometry":{"type":"Polygon","coordinates":[[[-84.798809,40.205917],[-84.79879,40.205076],[-84.798931,40.205061],[-84.798946,40.205917],[-84.798809,40.205917]]]},"properties":{"p":"H32-0-113-29-00-00-40600","o":"ARCHARD WILLIAM EX UX","a":"ST RT 47 NW","d":"MISSISSINAWA VALLEY LOCAL SCHOOL DISTRICT","t":169.36,"l":"501: Res-Custom Code","c":0}},{"type":"Feature","geometry":{"type":"Polygon","coordinates":[[[-84.793248,40.211222],[-84.793249,40.211085],[-84.793989,40.211096],[-84.793988,40.211233],[-84.793248,40.211222]]]},"properties":{"p":"H32-0-113-20-00-00-23200","o":"PHENIS MASON SHAWN","a":"ST RT 47 NW","d":"MISSISSINAWA VALLEY LOCAL SCHOOL DISTRICT","t":36.59,"l":"501: Res-Custom Code","c":0}},{"type":"Feature","geometry":{"type":"Polygon","coordinates":[[[-84.75618,40.229835],[-84.756162,40.222642],[-84.756189,40.222643],[-84.756207,40.229836],[-84.75618,40.229835]]]},"properties":{"p":"H32-0-113-15-00-00-20702","o":"RIGGS GEORGE B ET AL","a":"ST RT 47","d":"MISSISSINAWA VALLEY LOCAL SCHOOL DISTRICT","t":339.37,"l":"500: Res-Vacant Land","c":0}},{"type":"Feature","geometry":{"type":"Polygon","coordinates":[[[-84.748475,40.244393],[-84.749352,40.244409],[-84.749357,40.24493],[-84.748479,40.244913],[-84.748475,40.244393]]]},"properties":{"p":"H32-0-113-10-00-00-10400","o":"WHITLEY DANIEL S","a":"1454  ZUMBRUM","d":"MISSISSINAWA VALLEY LOCAL SCHOOL DISTRICT","t":1709.06,"l":"511: Res-Custom Code","c":0}},{"type":"Feature","geometry":{"type":"Polygon","coordinates":[[[-84.786974,40.245454],[-84.789809,40.24552],[-84.789848,40.246295],[-84.786964,40.246228],[-84.786974,40.245454]]]},"properties":{"p":"H32-0-113-08-00-00-10101","o":"ADKINS DONNA PAULA","a":"440  ZUMBRUM","d":"MISSISSINAWA VALLEY LOCAL SCHOOL DISTRICT","t":1600,"l":"511: Res-Custom Code","c":0}},{"type":"Feature","geometry":{"type":"MultiPolygon","coordinates":[[[[-84.716806,39.955131],[-84.716669,39.956387],[-84.716119,39.956313],[-84.716806,39.955131]]],[[[-84.715986,39.95614],[-84.716011,39.955771],[-84.7162,39.955771],[-84.715986,39.95614]]]]},"properties":{"p":"G28-0-110-24-00-00-40700","o":"LIGHT WAYNE R & TERESA A JT SURV","a":"1478  ST RT 121","d":"TRI-VILLAGE LOCAL SCHOOL DISTRICT","t":1760.94,"l":"511: Res-Custom Code","c":0}},{"type":"Feature","geometry":{"type":"Polygon","coordinates":[[[-84.633469,40.100368],[-84.633642,40.100253],[-84.633704,40.100308],[-84.633531,40.100423],[-84.633469,40.100368]]]},"properties":{"p":"F27-2-212-35-04-11-11400","o":"DEAL DOUGLAS","a":"414  SYCAMORE","d":"GREENVILLE CITY SCHOOL DISTRICT","t":576.54,"l":"510: Res-Single Family","c":0}},{"type":"Feature","geometry":{"type":"Polygon","coordinates":[[[-84.636164,40.10045],[-84.63578,40.100102],[-84.635905,40.10002],[-84.635942,40.100053],[-84.636288,40.100368],[-84.636164,40.10045]]]},"properties":{"p":"F27-2-212-35-04-10-12200","o":"PELFREY STEPHEN T & PELFREY STANLEY","a":"311  MAIN W","d":"GREENVILLE CITY SCHOOL DISTRICT","t":3600,"l":"510: Res-Single Family","c":0}},{"type":"Feature","geometry":{"type":"Polygon","coordinates":[[[-84.636186,40.101387],[-84.636342,40.101287],[-84.636723,40.101632],[-84.636567,40.101733],[-84.636186,40.101387]]]},"properties":{"p":"F27-2-212-35-04-09-12000","o":"SMITH KATHY S","a":"243  WATER W","d":"GREENVILLE CITY SCHOOL DISTRICT","t":1460.97,"l":"510: Res-Single Family","c":0}},{"type":"Feature","geometry":{"type":"Polygon","coordinates":[[[-84.635689,40.104458],[-84.636196,40.104142],[-84.636558,40.104476],[-84.636057,40.104798],[-84.635689,40.104458]]]},"properties":{"p":"F27-2-212-35-04-09-10200","o":"HAMILTON LYNN E & HAMILTON TENNESSIE C CO-TRUSTEES OR THEIR SUCCESSORS IN TRUST OF THE LYNN E HAMILT","a":"110-120  BROADWAY N","d":"GREENVILLE CITY SCHOOL DISTRICT","t":2093.67,"l":"420: Com-Retail-Small","c":0}},{"type":"Feature","geometry":{"type":"Polygon","coordinates":[[[-84.635459,40.104214],[-84.63594,40.103906],[-84.636196,40.104142],[-84.635989,40.104271],[-84.635846,40.104139],[-84.635549,40.104328],[-84.635456,40.104242],[-84.635459,40.104214]]]},"properties":{"p":"F27-2-212-35-04-09-10102","o":"HAMILTON LYNN E & HAMILTON TENNESSIE C CO-TRUSTEES OR THEIR SUCCESSORS IN TRUST OF THE LYNN E HAMILT","a":"BROADWAY N","d":"GREENVILLE CITY SCHOOL DISTRICT","t":14.05,"l":"499: Com-Other","c":0}},{"type":"Feature","geometry":{"type":"Polygon","coordinates":[[[-84.636057,40.104798],[-84.636558,40.104476],[-84.63594,40.103906],[-84.636692,40.103174],[-84.637067,40.102901],[-84.637079,40.105638],[-84.636966,40.105638],[-84.636057,40.104798]]]},"properties":{"p":"F27-2-212-35-04-09-10100","o":"HAMILTON LYNN E & HAMILTON TENNESSIE C CO-TRUSTEES OR THEIR SUCCESSORS IN TRUST OF THE LYNN E HAMILT","a":"BROADWAY N","d":"GREENVILLE CITY SCHOOL DISTRICT","t":1004.81,"l":"400: Com-Vacant Land","c":0}},{"type":"Feature","geometry":{"type":"Polygon","coordinates":[[[-84.628314,40.101724],[-84.6282,40.10162],[-84.628467,40.101446],[-84.628581,40.101549],[-84.628314,40.101724]]]},"properties":{"p":"F27-2-212-35-04-06-10700","o":"KREITZER MARY L","a":"238  5TH E","d":"GREENVILLE CITY SCHOOL DISTRICT","t":2462.54,"l":"510: Res-Single Family","c":0}},{"type":"Feature","geometry":{"type":"Polygon","coordinates":[[[-84.630703,40.105012],[-84.630837,40.104924],[-84.631196,40.105254],[-84.631062,40.105342],[-84.630703,40.105012]]]},"properties":{"p":"F27-2-212-35-04-03-11500","o":"SALEM TAMER","a":"319  WATER E","d":"GREENVILLE CITY SCHOOL DISTRICT","t":3760.7,"l":"520: Res-Two Family","c":0}},{"type":"Feature","geometry":{"type":"Polygon","coordinates":[[[-84.631331,40.105166],[-84.631196,40.105254],[-84.630837,40.104924],[-84.630972,40.104836],[-84.631331,40.105166]]]},"properties":{"p":"F27-2-212-35-04-03-11400","o":"DAVIDSON ANDREW & ALICIA JT SURV","a":"317  WATER E","d":"GREENVILLE CITY SCHOOL DISTRICT","t":907.1,"l":"510: Res-Single Family","c":0}},{"type":"Feature","geometry":{"type":"Polygon","coordinates":[[[-84.627796,40.102053],[-84.628131,40.101838],[-84.628191,40.101893],[-84.627856,40.102107],[-84.627796,40.102053]]]},"properties":{"p":"F27-2-212-35-04-02-14200","o":"ODUM JOHN & AMANDA JT SURV","a":"523  ASH","d":"GREENVILLE CITY SCHOOL DISTRICT","t":9058.98,"l":"510: Res-Single Family","c":0}},{"type":"Feature","geometry":{"type":"Polygon","coordinates":[[[-84.627436,40.102751],[-84.627525,40.102692],[-84.627886,40.103021],[-84.627797,40.10308],[-84.627436,40.102751]]]},"properties":{"p":"F27-2-212-35-04-02-13000","o":"DESMOND R JOHN","a":"337  4TH E","d":"GREENVILLE CITY SCHOOL DISTRICT","t":2000,"l":"520: Res-Two Family","c":0}},{"type":"Feature","geometry":{"type":"Polygon","coordinates":[[[-84.627485,40.104146],[-84.627846,40.104473],[-84.62775,40.104535],[-84.627389,40.104208],[-84.627485,40.104146]]]},"properties":{"p":"F27-2-212-35-04-02-10600","o":"STARK JENETTE","a":"425  3RD E","d":"GREENVILLE CITY SCHOOL DISTRICT","t":2408.23,"l":"510: Res-Single Family","c":0}},{"type":"Feature","geometry":{"type":"Polygon","coordinates":[[[-84.627389,40.104208],[-84.62775,40.104535],[-84.627622,40.10462],[-84.627261,40.104292],[-84.627389,40.104208]]]},"properties":{"p":"F27-2-212-35-04-02-10500","o":"WRIGHT ANTHONY & BRITTANY JT SURV","a":"429  3RD E","d":"GREENVILLE CITY SCHOOL DISTRICT","t":662.07,"l":"520: Res-Two Family","c":0}},{"type":"Feature","geometry":{"type":"Polygon","coordinates":[[[-84.628494,40.104912],[-84.628641,40.104815],[-84.629036,40.105182],[-84.628889,40.105278],[-84.628494,40.104912]]]},"properties":{"p":"F27-2-212-35-04-01-14700","o":"HOUDESHELL JACOB T & SABRINA N JT SURV","a":"415  MAIN E","d":"GREENVILLE CITY SCHOOL DISTRICT","t":480.34,"l":"520: Res-Two Family","c":0}},{"type":"Feature","geometry":{"type":"Polygon","coordinates":[[[-84.635867,40.0963],[-84.636298,40.096299],[-84.636316,40.096423],[-84.635868,40.096423],[-84.635867,40.0963]]]},"properties":{"p":"F27-2-212-35-03-13-12600","o":"TOWNSEND BRIAN D","a":"205  SWEITZER","d":"GREENVILLE CITY SCHOOL DISTRICT","t":694.42,"l":"510: Res-Single Family","c":0}},{"type":"Feature","geometry":{"type":"Polygon","coordinates":[[[-84.636387,40.092884],[-84.635979,40.09292],[-84.635956,40.092784],[-84.636365,40.092757],[-84.636387,40.092884]]]},"properties":{"p":"F27-2-212-35-03-12-12800","o":"BARNHARDT SAUNDRA K","a":"524  SWEITZER","d":"GREENVILLE CITY SCHOOL DISTRICT","t":7891.75,"l":"520: Res-Two Family","c":0}},{"type":"Feature","geometry":{"type":"Polygon","coordinates":[[[-84.635675,40.09413],[-84.635661,40.093949],[-84.635969,40.093949],[-84.635996,40.09413],[-84.635675,40.09413]]]},"properties":{"p":"F27-2-212-35-03-12-10700","o":"CURTIS CORY L","a":"415  SWEITZER","d":"GREENVILLE CITY SCHOOL DISTRICT","t":1988.11,"l":"510: Res-Single Family","c":0}},{"type":"Feature","geometry":{"type":"Polygon","coordinates":[[[-84.633347,40.094237],[-84.633347,40.094158],[-84.633902,40.094158],[-84.633903,40.094237],[-84.633347,40.094237]]]},"properties":{"p":"F27-2-212-35-03-10-11800","o":"HENNINGER STEVEN C","a":"513  CENTRAL","d":"GREENVILLE CITY SCHOOL DISTRICT","t":1439.46,"l":"510: Res-Single Family","c":0}},{"type":"Feature","geometry":{"type":"Polygon","coordinates":[[[-84.632781,40.097624],[-84.63278,40.097538],[-84.633273,40.097538],[-84.633273,40.097596],[-84.633155,40.097596],[-84.633155,40.097624],[-84.632781,40.097624]]]},"properties":{"p":"F27-2-212-35-03-09-10600","o":"FISHER RODNEY E","a":"204  HARRISON AVE","d":"GREENVILLE CITY SCHOOL DISTRICT","t":133.58,"l":"510: Res-Single Family","c":0}},{"type":"Feature","geometry":{"type":"Polygon","coordinates":[[[-84.635877,40.098003],[-84.635975,40.097939],[-84.636336,40.098268],[-84.636238,40.098332],[-84.635877,40.098003]]]},"properties":{"p":"F27-2-212-35-03-08-13400","o":"MIKESELL TONYA","a":"422  4TH W","d":"GREENVILLE CITY SCHOOL DISTRICT","t":2562.42,"l":"510: Res-Single Family","c":0}},{"type":"Feature","geometry":{"type":"Polygon","coordinates":[[[-84.632244,40.098734],[-84.631916,40.098952],[-84.631675,40.098734],[-84.632244,40.098734]]]},"properties":{"p":"F27-2-212-35-03-07-13600","o":"WRIGHT CLINT D & CHARLENE E JT SURV","a":"201  5TH W","d":"GREENVILLE CITY SCHOOL DISTRICT","t":5133.33,"l":"510: Res-Single Family","c":0}},{"type":"Feature","geometry":{"type":"Polygon","coordinates":[[[-84.63018,40.093925],[-84.63018,40.093768],[-84.630523,40.093768],[-84.630524,40.093925],[-84.63018,40.093925]]]},"properties":{"p":"F27-2-212-35-03-05-11100","o":"DARKE COUNTY METROPOLITAN HOUSING AUTHORITY","a":"542  WASHINGTON AVE","d":"GREENVILLE CITY SCHOOL DISTRICT","t":1244.64,"l":"645: Exm-Metro Housing","c":0}},{"type":"Feature","geometry":{"type":"Polygon","coordinates":[[[-84.630172,40.093446],[-84.630694,40.093446],[-84.630696,40.093603],[-84.630174,40.093603],[-84.630172,40.093446]]]},"properties":{"p":"F27-2-212-35-03-04-10100","o":"GIBBONEY ROBERT & GIBBONEY DAWN JT SURV","a":"600  WASHINGTON AVE","d":"GREENVILLE CITY SCHOOL DISTRICT","t":5869.48,"l":"510: Res-Single Family","c":0}},{"type":"Feature","geometry":{"type":"Polygon","coordinates":[[[-84.628902,40.092503],[-84.628901,40.092346],[-84.629384,40.092345],[-84.629386,40.092503],[-84.628902,40.092503]]]},"properties":{"p":"F27-2-212-35-03-03-10900","o":"SEIFER GEORGE","a":"636  GRAY","d":"GREENVILLE CITY SCHOOL DISTRICT","t":2908.53,"l":"520: Res-Two Family","c":0}},{"type":"Feature","geometry":{"type":"Polygon","coordinates":[[[-84.629255,40.096787],[-84.628921,40.096787],[-84.62892,40.096658],[-84.629416,40.096658],[-84.629416,40.096787],[-84.629255,40.096787]]]},"properties":{"p":"F27-2-212-35-03-02-12300","o":"RIFFELL JOSHUA D & ANDREA L","a":"404  GRAY","d":"GREENVILLE CITY SCHOOL DISTRICT","t":5658.26,"l":"510: Res-Single Family","c":0}},{"type":"Feature","geometry":{"type":"Polygon","coordinates":[[[-84.628708,40.097524],[-84.628213,40.097523],[-84.628213,40.097437],[-84.628708,40.097438],[-84.628708,40.097524]]]},"properties":{"p":"F27-2-212-35-03-02-12000","o":"YORK TIMOTHY W & YORK JENIFER L","a":"301  GRAY","d":"GREENVILLE CITY SCHOOL DISTRICT","t":2489.69,"l":"520: Res-Two Family","c":0}},{"type":"Feature","geometry":{"type":"Polygon","coordinates":[[[-84.628708,40.097339],[-84.628212,40.097339],[-84.628212,40.097232],[-84.628707,40.097232],[-84.628708,40.097339]]]},"properties":{"p":"F27-2-212-35-03-02-11800","o":"SELL GLEN JR","a":"309  GRAY","d":"GREENVILLE CITY SCHOOL DISTRICT","t":1600,"l":"510: Res-Single Family","c":0}},{"type":"Feature","geometry":{"type":"Polygon","coordinates":[[[-84.628211,40.098341],[-84.628211,40.09821],[-84.628707,40.09821],[-84.628707,40.098341],[-84.628211,40.098341]]]},"properties":{"p":"F27-2-212-35-03-01-11200","o":"KERG KYLE","a":"211  GRAY","d":"GREENVILLE CITY SCHOOL DISTRICT","t":1878.78,"l":"510: Res-Single Family","c":0}},{"type":"Feature","geometry":{"type":"Polygon","coordinates":[[[-84.625658,40.092806],[-84.625658,40.092354],[-84.625986,40.092353],[-84.625987,40.092805],[-84.625658,40.092806]]]},"properties":{"p":"F27-2-212-35-02-08-11401","o":"AZOR SCRIBNERS FAMILY RESTAURANT & LOUNGE INC","a":"SATER","d":"GREENVILLE CITY SCHOOL DISTRICT","t":400.13,"l":"599: Res-Other","c":0}},{"type":"Feature","geometry":{"type":"Polygon","coordinates":[[[-84.625091,40.092808],[-84.625091,40.092357],[-84.625658,40.092354],[-84.625658,40.092806],[-84.625091,40.092808]]]},"properties":{"p":"F27-2-212-35-02-08-11300","o":"AZOR SCRIBNERS FAMILY RESTAURANT & LOUNGE INC","a":"726  SATER","d":"GREENVILLE CITY SCHOOL DISTRICT","t":2903.55,"l":"430: Com-Retaurant","c":0}},{"type":"Feature","geometry":{"type":"Polygon","coordinates":[[[-84.625324,40.097551],[-84.625231,40.097551],[-84.625232,40.097137],[-84.625325,40.097137],[-84.625324,40.097551]]]},"properties":{"p":"F27-2-212-35-02-07-13100","o":"SNIDER KYLE","a":"325  12TH","d":"GREENVILLE CITY SCHOOL DISTRICT","t":479.79,"l":"510: Res-Single Family","c":0}},{"type":"Feature","geometry":{"type":"Polygon","coordinates":[[[-84.625619,40.098928],[-84.625619,40.098732],[-84.625791,40.098732],[-84.62579,40.098927],[-84.625619,40.098928]]]},"properties":{"p":"F27-2-212-35-02-06-14601","o":"WRIGHT LORENA M","a":"11TH ST","d":"GREENVILLE CITY SCHOOL DISTRICT","t":436.82,"l":"500: Res-Vacant Land","c":0}},{"type":"Feature","geometry":{"type":"Polygon","coordinates":[[[-84.62578,40.098592],[-84.625627,40.098593],[-84.625627,40.098275],[-84.625781,40.098275],[-84.62578,40.098592]]]},"properties":{"p":"F27-2-212-35-02-06-13900","o":"KUHLMAN JAY","a":"211  11TH","d":"GREENVILLE CITY SCHOOL DISTRICT","t":1603.02,"l":"510: Res-Single Family","c":0}},{"type":"Feature","geometry":{"type":"Polygon","coordinates":[[[-84.622886,40.099348],[-84.622885,40.099017],[-84.623042,40.099017],[-84.623044,40.099362],[-84.622886,40.099348]]]},"properties":{"p":"F27-2-212-35-02-05-12800","o":"MEADE DOUG S & AMY M","a":"621  MARTIN ST","d":"GREENVILLE CITY SCHOOL DISTRICT","t":1289.86,"l":"510: Res-Single Family","c":0}},{"type":"Feature","geometry":{"type":"Polygon","coordinates":[[[-84.621583,40.097459],[-84.62203,40.097458],[-84.62203,40.097585],[-84.621583,40.097586],[-84.621583,40.097459]]]},"properties":{"p":"F27-2-212-35-02-04-10100","o":"MARCOV PAMELA G","a":"300  MARKWITH","d":"GREENVILLE CITY SCHOOL DISTRICT","t":627.04,"l":"510: Res-Single Family","c":0}},{"type":"Feature","geometry":{"type":"Polygon","coordinates":[[[-84.620445,40.09592],[-84.620446,40.095499],[-84.620589,40.095498],[-84.620588,40.095921],[-84.620445,40.09592]]]},"properties":{"p":"F27-2-212-35-02-02-15000","o":"BRYANT GLEN J","a":"1110  FRONT","d":"GREENVILLE CITY SCHOOL DISTRICT","t":1709.05,"l":"510: Res-Single Family","c":0}},{"type":"Feature","geometry":{"type":"Polygon","coordinates":[[[-84.620159,40.095917],[-84.62016,40.095499],[-84.620303,40.095499],[-84.620302,40.095918],[-84.620159,40.095917]]]},"properties":{"p":"F27-2-212-35-02-02-13500","o":"WYNN JOSHUA A","a":"1114  FRONT","d":"GREENVILLE CITY SCHOOL DISTRICT","t":1148.92,"l":"510: Res-Single Family","c":0}},{"type":"Feature","geometry":{"type":"Polygon","coordinates":[[[-84.619116,40.097596],[-84.618587,40.097596],[-84.618587,40.097503],[-84.619116,40.097502],[-84.619116,40.097596]]]},"properties":{"p":"F27-2-212-35-02-02-12200","o":"BANNON GLADYS I","a":"201  TILLMAN AVE","d":"GREENVILLE CITY SCHOOL DISTRICT","t":16699.05,"l":"500: Res-Vacant Land","c":0}},{"type":"Feature","geometry":{"type":"Polygon","coordinates":[[[-84.624939,40.100996],[-84.624749,40.100995],[-84.624745,40.100691],[-84.624934,40.100691],[-84.624939,40.100996]]]},"properties":{"p":"F27-2-212-35-01-08-12500","o":"VIA LINNEA ANNE","a":"212  HALL","d":"GREENVILLE CITY SCHOOL DISTRICT","t":2584.83,"l":"520: Res-Two Family","c":0}},{"type":"Feature","geometry":{"type":"Polygon","coordinates":[[[-84.6205,40.099752],[-84.620561,40.099325],[-84.620739,40.099339],[-84.620678,40.099766],[-84.6205,40.099752]]]},"properties":{"p":"F27-2-212-35-01-06-14600","o":"BURKE ANGELA","a":"726  MARTIN ST","d":"GREENVILLE CITY SCHOOL DISTRICT","t":5080.08,"l":"510: Res-Single Family","c":0}},{"type":"Feature","geometry":{"type":"Polygon","coordinates":[[[-84.621103,40.105898],[-84.620458,40.105271],[-84.621843,40.104361],[-84.622606,40.105035],[-84.621152,40.105987],[-84.621103,40.105898]]]},"properties":{"p":"F27-2-212-35-01-04-10300","o":"EIBE MICHAEL","a":"801  5TH E","d":"GREENVILLE CITY SCHOOL DISTRICT","t":8830,"l":"511: Res-Custom Code","c":0}},{"type":"Feature","geometry":{"type":"Polygon","coordinates":[[[-84.624647,40.103937],[-84.624745,40.103872],[-84.625106,40.104202],[-84.625007,40.104265],[-84.624647,40.103937]]]},"properties":{"p":"F27-2-212-35-01-03-15700","o":"YORK COURTNEY ANN","a":"522  5TH E","d":"GREENVILLE CITY SCHOOL DISTRICT","t":1351.55,"l":"510: Res-Single Family","c":0}},{"type":"Feature","geometry":{"type":"Polygon","coordinates":[[[-84.626695,40.104033],[-84.626864,40.103923],[-84.627225,40.104252],[-84.627055,40.104362],[-84.626695,40.104033]]]},"properties":{"p":"F27-2-212-35-01-03-10900","o":"HELMER RALPH W","a":"436  4TH E","d":"GREENVILLE CITY SCHOOL DISTRICT","t":5038.02,"l":"510: Res-Single Family","c":0}},{"type":"Feature","geometry":{"type":"Polygon","coordinates":[[[-84.621984,40.105681],[-84.622399,40.105409],[-84.622779,40.105751],[-84.62164,40.106492],[-84.621276,40.106145],[-84.621984,40.105681]]]},"properties":{"p":"F27-2-212-35-01-02-13600","o":"LANDIS CHRISTOPHER G & JESSICA E JT SURV","a":"800  5TH E","d":"GREENVILLE CITY SCHOOL DISTRICT","t":3823.02,"l":"510: Res-Single Family","c":0}},{"type":"Feature","geometry":{"type":"Polygon","coordinates":[[[-84.623772,40.105939],[-84.623862,40.10588],[-84.624222,40.106209],[-84.624133,40.106268],[-84.623772,40.105939]]]},"properties":{"p":"F27-2-212-35-01-02-11100","o":"SCHMIDT EMILY L","a":"712  4TH E","d":"GREENVILLE CITY SCHOOL DISTRICT","t":402.78,"l":"510: Res-Single Family","c":0}},{"type":"Feature","geometry":{"type":"Polygon","coordinates":[[[-84.623862,40.10588],[-84.623967,40.10581],[-84.624328,40.106139],[-84.624222,40.106209],[-84.623862,40.10588]]]},"properties":{"p":"F27-2-212-35-01-02-11000","o":"SHEPHERD DAVID KENT","a":"708  4TH E","d":"GREENVILLE CITY SCHOOL DISTRICT","t":1527.44,"l":"510: Res-Single Family","c":0}},{"type":"Feature","geometry":{"type":"Polygon","coordinates":[[[-84.637085,40.097159],[-84.637084,40.096977],[-84.637599,40.096974],[-84.6376,40.097155],[-84.637085,40.097159]]]},"properties":{"p":"F27-2-212-34-02-02-10300","o":"SPURLOCK LOUISE F","a":"311  CHESTNUT","d":"GREENVILLE CITY SCHOOL DISTRICT","t":16560.21,"l":"500: Res-Vacant Land","c":0}},{"type":"Feature","geometry":{"type":"Polygon","coordinates":[[[-84.637088,40.098128],[-84.637088,40.098004],[-84.637603,40.098001],[-84.637603,40.098124],[-84.637088,40.098128]]]},"properties":{"p":"F27-2-212-34-02-01-11800","o":"SMITH BRETT A & SMITH SARAH A JT SURV","a":"209  CHESTNUT","d":"GREENVILLE CITY SCHOOL DISTRICT","t":87.24,"l":"510: Res-Single Family","c":0}},{"type":"Feature","geometry":{"type":"Polygon","coordinates":[[[-84.637103,40.099],[-84.637102,40.098638],[-84.637276,40.098637],[-84.637277,40.098999],[-84.637103,40.099]]]},"properties":{"p":"F27-2-212-34-02-01-11600","o":"MEADE DOUGLAS S & AMY M","a":"432  3RD W","d":"GREENVILLE CITY SCHOOL DISTRICT","t":1523.02,"l":"510: Res-Single Family","c":0}},{"type":"Feature","geometry":{"type":"Polygon","coordinates":[[[-84.638264,40.100786],[-84.638736,40.100473],[-84.638758,40.100655],[-84.638389,40.1009],[-84.638264,40.100786]]]},"properties":{"p":"F27-2-212-34-01-03-14400","o":"WION CHARLENE & WION DALE R","a":"114  VINE","d":"GREENVILLE CITY SCHOOL DISTRICT","t":6530.95,"l":"510: Res-Single Family","c":0}},{"type":"Feature","geometry":{"type":"Polygon","coordinates":[[[-84.6385,40.101662],[-84.638754,40.101497],[-84.638916,40.101644],[-84.638955,40.101947],[-84.638726,40.102006],[-84.638412,40.101719],[-84.6385,40.101662]]]},"properties":{"p":"F27-2-212-34-01-03-10100","o":"OAKES CODY A","a":"103  VINE","d":"GREENVILLE CITY SCHOOL DISTRICT","t":2080.74,"l":"510: Res-Single Family","c":0}},{"type":"Feature","geometry":{"type":"Polygon","coordinates":[[[-84.637075,40.105229],[-84.637067,40.102826],[-84.637336,40.102648],[-84.638121,40.102921],[-84.638118,40.103758],[-84.638137,40.10478],[-84.637893,40.104779],[-84.637892,40.104999],[-84.637581,40.104998],[-84.637581,40.105231],[-84.637075,40.105229]]]},"properties":{"p":"F27-2-212-34-01-01-15100","o":"HAMILTON LYNN E & HAMILTON TENNESSIE C CO-TRUSTEES OR THEIR SUCCESSORS IN TRUST OF THE LYNN E HAMILT","a":"SPRING","d":"GREENVILLE CITY SCHOOL DISTRICT","t":30.52,"l":"500: Res-Vacant Land","c":0}},{"type":"Feature","geometry":{"type":"Polygon","coordinates":[[[-84.638377,40.105642],[-84.638378,40.10528],[-84.638614,40.105281],[-84.638613,40.105643],[-84.638377,40.105642]]]},"properties":{"p":"F27-2-212-34-01-01-13000","o":"MROM GROUP OH, LLC","a":"203  MAIN N","d":"GREENVILLE CITY SCHOOL DISTRICT","t":605.42,"l":"520: Res-Two Family","c":0}},{"type":"Feature","geometry":{"type":"Polygon","coordinates":[[[-84.640945,40.11257],[-84.640942,40.112153],[-84.64121,40.112107],[-84.641213,40.112571],[-84.640945,40.11257]]]},"properties":{"p":"F27-2-212-27-02-02-13300","o":"RAPIER CLIFFORD L & DORIS JT SURV","a":"136  HARMON W","d":"GREENVILLE CITY SCHOOL DISTRICT","t":269.86,"l":"510: Res-Single Family","c":0}},{"type":"Feature","geometry":{"type":"Polygon","coordinates":[[[-84.637227,40.112572],[-84.637226,40.112363],[-84.637855,40.112365],[-84.637857,40.112574],[-84.637227,40.112572]]]},"properties":{"p":"F27-2-212-27-02-02-11500","o":"MARKLEY DONNA M","a":"706  BROADWAY N","d":"GREENVILLE CITY SCHOOL DISTRICT","t":2306.35,"l":"510: Res-Single Family","c":0}},{"type":"Feature","geometry":{"type":"Polygon","coordinates":[[[-84.639394,40.114079],[-84.639389,40.113801],[-84.639648,40.113801],[-84.639653,40.114079],[-84.639394,40.114079]]]},"properties":{"p":"F27-2-212-27-02-01-10700","o":"SCHLECHTY BRENDA","a":"440  MEDALLION","d":"GREENVILLE CITY SCHOOL DISTRICT","t":3026.88,"l":"510: Res-Single Family","c":0}},{"type":"Feature","geometry":{"type":"Polygon","coordinates":[[[-84.636622,40.115745],[-84.63559,40.115745],[-84.635581,40.114814],[-84.637038,40.11481],[-84.637048,40.115745],[-84.636622,40.115745]]]},"properties":{"p":"F27-2-212-26-04-03-11900","o":"HAMILTON LYNN E & HAMILTON TENNESSIE C CO-TRUSTEES OR THEIR SUCCESSORS IN TRUST OF THE LYNN E HAMILT","a":"1103  BROADWAY N","d":"GREENVILLE CITY SCHOOL DISTRICT","t":2983.59,"l":"511: Res-Custom Code","c":0}},{"type":"Feature","geometry":{"type":"Polygon","coordinates":[[[-84.629302,40.116384],[-84.628806,40.116382],[-84.628806,40.116175],[-84.629302,40.116177],[-84.629302,40.116384]]]},"properties":{"p":"F27-2-212-26-04-02-13300","o":"DEAL DOUGLAS","a":"1085  PARKWAY","d":"GREENVILLE CITY SCHOOL DISTRICT","t":733.57,"l":"510: Res-Single Family","c":0}},{"type":"Feature","geometry":{"type":"Polygon","coordinates":[[[-84.628005,40.114036],[-84.628397,40.11389],[-84.628493,40.114061],[-84.628463,40.114093],[-84.628121,40.114218],[-84.628005,40.114036]]]},"properties":{"p":"F27-2-212-26-04-02-11600","o":"FEURER MELISSA","a":"107  ARK","d":"GREENVILLE CITY SCHOOL DISTRICT","t":3301.71,"l":"510: Res-Single Family","c":0}},{"type":"Feature","geometry":{"type":"Polygon","coordinates":[[[-84.628594,40.12073],[-84.628007,40.120728],[-84.628007,40.120464],[-84.628594,40.120466],[-84.628594,40.12073]]]},"properties":{"p":"F27-2-212-26-04-01-10400","o":"DIEDENHOFER KENNETH G & CAROLE L","a":"830  DOROTHY LANE","d":"GREENVILLE CITY SCHOOL DISTRICT","t":299.25,"l":"510: Res-Single Family","c":0}},{"type":"Feature","geometry":{"type":"Polygon","coordinates":[[[-84.624925,40.107258],[-84.625016,40.107199],[-84.625415,40.107558],[-84.625324,40.107617],[-84.624925,40.107258]]]},"properties":{"p":"F27-2-212-26-02-03-15600","o":"DISPENNETTE JAMES KEITH & HOWARD DEBORAH R","a":"719  MAIN E","d":"GREENVILLE CITY SCHOOL DISTRICT","t":2913.12,"l":"510: Res-Single Family","c":0}},{"type":"Feature","geometry":{"type":"Polygon","coordinates":[[[-84.624405,40.107965],[-84.624318,40.107887],[-84.624388,40.10784],[-84.624805,40.107568],[-84.624892,40.107646],[-84.624405,40.107965]]]},"properties":{"p":"F27-2-212-26-02-03-12900","o":"EDGER KASHISH LEE KEHLI","a":"309  TECUMSEH","d":"GREENVILLE CITY SCHOOL DISTRICT","t":11590.73,"l":"510: Res-Single Family","c":0}},{"type":"Feature","geometry":{"type":"Polygon","coordinates":[[[-84.623938,40.10679],[-84.623434,40.107128],[-84.623344,40.107046],[-84.623849,40.10671],[-84.623938,40.10679]]]},"properties":{"p":"F27-2-212-26-02-03-12300","o":"STOCKER TRAVIS S","a":"409  TECUMSEH","d":"GREENVILLE CITY SCHOOL DISTRICT","t":2342.51,"l":"510: Res-Single Family","c":0}},{"type":"Feature","geometry":{"type":"Polygon","coordinates":[[[-84.62187,40.108383],[-84.622246,40.108152],[-84.622364,40.108269],[-84.621997,40.108507],[-84.62187,40.108383]]]},"properties":{"p":"F27-2-212-26-02-03-11000","o":"HOWARD HERSCHEL L TRUSTEE OF THE HERSCHEL L HOWARD REVOCABLE LIVING TRUST","a":"108  IMO BLVD","d":"GREENVILLE CITY SCHOOL DISTRICT","t":690.33,"l":"511: Res-Custom Code","c":0}},{"type":"Feature","geometry":{"type":"Polygon","coordinates":[[[-84.62064,40.109068],[-84.620715,40.109074],[-84.620777,40.10906],[-84.620997,40.109335],[-84.620697,40.109468],[-84.620655,40.109414],[-84.620513,40.109478],[-84.62064,40.109068]]]},"properties":{"p":"F27-2-212-26-02-02-16100","o":"BYRAM ROBERT J","a":"CHERRY HILL DR","d":"GREENVILLE CITY SCHOOL DISTRICT","t":1161.1,"l":"500: Res-Vacant Land","c":0}},{"type":"Feature","geometry":{"type":"Polygon","coordinates":[[[-84.804687,40.199943],[-84.804695,40.19964],[-84.804769,40.199618],[-84.80476,40.199944],[-84.804687,40.199943]]]},"properties":{"p":"H33-2-113-30-02-01-12000","o":"MEGA PROPERTIES & INVESTMENTS LLC","a":"201  ELM E","d":"MISSISSINAWA VALLEY LOCAL SCHOOL DISTRICT","t":247.76,"l":"429: Com-Other","c":0}},{"type":"Feature","geometry":{"type":"Polygon","coordinates":[[[-84.80415,40.200908],[-84.804158,40.200531],[-84.804305,40.200533],[-84.804297,40.20091],[-84.80415,40.200908]]]},"properties":{"p":"H33-2-113-30-02-01-11000","o":"BLOWERS LARRY & TWILA JT SURV","a":"215  OAK E","d":"MISSISSINAWA VALLEY LOCAL SCHOOL DISTRICT","t":820,"l":"510: Res-Single Family","c":0}},{"type":"Feature","geometry":{"type":"Polygon","coordinates":[[[-84.805433,40.201102],[-84.805436,40.20098],[-84.805838,40.200987],[-84.805837,40.201108],[-84.805433,40.201102]]]},"properties":{"p":"H33-2-113-30-02-01-15200","o":"DESMOND R JOHN","a":"218  STATE LINE N","d":"MISSISSINAWA VALLEY LOCAL SCHOOL DISTRICT","t":5106.19,"l":"510: Res-Single Family","c":0}},{"type":"Feature","geometry":{"type":"Polygon","coordinates":[[[-84.804527,40.196628],[-84.803935,40.19662],[-84.80394,40.196439],[-84.804532,40.196447],[-84.804527,40.196628]]]},"properties":{"p":"H33-2-113-30-02-02-10401","o":"DESMOND R JOHN","a":"223  MARKET S","d":"MISSISSINAWA VALLEY LOCAL SCHOOL DISTRICT","t":600,"l":"510: Res-Single Family","c":0}},{"type":"Feature","geometry":{"type":"Polygon","coordinates":[[[-84.803957,40.195805],[-84.803961,40.195669],[-84.804553,40.195668],[-84.80455,40.195807],[-84.803957,40.195805]]]},"properties":{"p":"H33-2-113-30-02-02-10800","o":"WOGOMAN DAVID R","a":"319  MARKET","d":"MISSISSINAWA VALLEY LOCAL SCHOOL DISTRICT","t":263.98,"l":"500: Res-Vacant Land","c":0}},{"type":"Feature","geometry":{"type":"Polygon","coordinates":[[[-84.803961,40.195669],[-84.803965,40.195534],[-84.804557,40.195536],[-84.804553,40.195668],[-84.803961,40.195669]]]},"properties":{"p":"H33-2-113-30-02-02-10900","o":"WOGOMAN DAVID R","a":"319  MARKET","d":"MISSISSINAWA VALLEY LOCAL SCHOOL DISTRICT","t":654.49,"l":"510: Res-Single Family","c":0}},{"type":"Feature","geometry":{"type":"Polygon","coordinates":[[[-84.805436,40.195082],[-84.80544,40.194955],[-84.806013,40.194963],[-84.80601,40.19509],[-84.805436,40.195082]]]},"properties":{"p":"H33-2-113-30-02-02-14300","o":"HERNANDEZ CRISTINA C","a":"343  STATE LINE S","d":"MISSISSINAWA VALLEY LOCAL SCHOOL DISTRICT","t":2974.32,"l":"510: Res-Single Family","c":0}},{"type":"Feature","geometry":{"type":"Polygon","coordinates":[[[-84.802219,40.092446],[-84.802219,40.092103],[-84.802747,40.092113],[-84.802746,40.092456],[-84.802219,40.092446]]]},"properties":{"p":"I34-0-111-06-00-00-10100","o":"TOWNSEND BRIAN","a":"171  GRNVILLE-NASHVILLE","d":"TRI-VILLAGE LOCAL SCHOOL DISTRICT","t":796.75,"l":"511: Res-Custom Code","c":0}},{"type":"Feature","geometry":{"type":"Polygon","coordinates":[[[-84.800703,40.084589],[-84.799989,40.084574],[-84.799934,40.08176],[-84.801097,40.081787],[-84.801084,40.081243],[-84.802109,40.081266],[-84.802146,40.084618],[-84.800703,40.084589]]]},"properties":{"p":"I34-0-111-06-00-00-20300","o":"THE GRACE JONES FAMILY REVOCABLE TRUST, FRANK T BRADSHAW TRUSTEE","a":"5640  HOLLANSBRG-TAMPICO","d":"TRI-VILLAGE LOCAL SCHOOL DISTRICT","t":1903.29,"l":"512: Res-Custom Code","c":0}},{"type":"Feature","geometry":{"type":"Polygon","coordinates":[[[-84.800283,40.078158],[-84.800252,40.078157],[-84.80025,40.077993],[-84.80043,40.077997],[-84.800432,40.078162],[-84.800283,40.078158]]]},"properties":{"p":"I34-0-111-07-00-00-10200","o":"WATKINS WANDA LOUISE ET AL","a":"233  STINGLEY","d":"TRI-VILLAGE LOCAL SCHOOL DISTRICT","t":3098.51,"l":"501: Res-Custom Code","c":0}},{"type":"Feature","geometry":{"type":"Polygon","coordinates":[[[-84.800462,40.078162],[-84.800432,40.078162],[-84.800426,40.077514],[-84.800998,40.077527],[-84.800983,40.078174],[-84.800462,40.078162]]]},"properties":{"p":"I34-0-111-07-00-00-10400","o":"SMITH ROBYN","a":"225  STINGLEY","d":"TRI-VILLAGE LOCAL SCHOOL DISTRICT","t":2848.07,"l":"511: Res-Custom Code","c":0}},{"type":"Feature","geometry":{"type":"Polygon","coordinates":[[[-84.737726,40.029865],[-84.730116,40.029804],[-84.730109,40.027904],[-84.743055,40.027996],[-84.743062,40.029396],[-84.73868,40.02938],[-84.738682,40.02987],[-84.737726,40.029865]]]},"properties":{"p":"I34-0-111-26-00-00-40200","o":"ASHBY TODD","a":"3855  RICHMND-PALESTINE","d":"TRI-VILLAGE LOCAL SCHOOL DISTRICT","t":184.44,"l":"101: Agr-Cash-Grain Farm","c":0}},{"type":"Feature","geometry":{"type":"Polygon","coordinates":[[[-84.743189,40.026067],[-84.743186,40.024921],[-84.744605,40.02494],[-84.744608,40.026086],[-84.743189,40.026067]]]},"properties":{"p":"I34-0-111-27-00-00-20100","o":"CLEMENS LINDA S","a":"3742  RICHMND-PALESTINE","d":"TRI-VILLAGE LOCAL SCHOOL DISTRICT","t":842.29,"l":"511: Res-Custom Code","c":0}},{"type":"Feature","geometry":{"type":"Polygon","coordinates":[[[-84.788543,40.005497],[-84.78864,40.00473],[-84.790827,40.004758],[-84.790818,40.006501],[-84.790307,40.006174],[-84.789911,40.005993],[-84.789302,40.005754],[-84.788543,40.005497]]]},"properties":{"p":"I34-0-111-32-00-00-20400","o":"HAYS CATHERINE M","a":"3034  PALESTINE-HOLNSBRG","d":"TRI-VILLAGE LOCAL SCHOOL DISTRICT","t":46.12,"l":"511: Res-Custom Code","c":0}},{"type":"Feature","geometry":{"type":"Polygon","coordinates":[[[-84.793144,40.009715],[-84.793027,40.009714],[-84.793026,40.009686],[-84.793614,40.009689],[-84.793615,40.009723],[-84.793144,40.009715]]]},"properties":{"p":"I34-0-111-32-00-00-30600","o":"DOTSON JOHN F & DAVIS HEATHER JT SURV","a":"HOLLANSBRG-TAMPICO","d":"TRI-VILLAGE LOCAL SCHOOL DISTRICT","t":10.15,"l":"501: Res-Custom Code","c":0}},{"type":"Feature","geometry":{"type":"Polygon","coordinates":[[[-84.793143,40.009847],[-84.793144,40.009715],[-84.793615,40.009723],[-84.793618,40.009849],[-84.793143,40.009847]]]},"properties":{"p":"I34-0-111-32-00-00-30601","o":"DOTSON JOHN F & DAVIS HEATHER M JT SURV","a":"3157  HOLLANSBRG-TAMPICO","d":"TRI-VILLAGE LOCAL SCHOOL DISTRICT","t":2219.75,"l":"560: Res-Mobile Home","c":0}},{"type":"Feature","geometry":{"type":"Polygon","coordinates":[[[-84.794217,40.008009],[-84.793698,40.00801],[-84.793688,40.007719],[-84.794207,40.007718],[-84.794217,40.008009]]]},"properties":{"p":"I34-0-111-32-00-00-31600","o":"BLANKEN ANISSA A & FOSTER LARRY L & BETTY K LE (H&W)","a":"3098  HOLLANSBRG-TAMPICO","d":"TRI-VILLAGE LOCAL SCHOOL DISTRICT","t":2401.19,"l":"511: Res-Custom Code","c":0}},{"type":"Feature","geometry":{"type":"Polygon","coordinates":[[[-84.793764,40.00998],[-84.794467,40.00999],[-84.794468,40.010154],[-84.793769,40.010143],[-84.793764,40.00998]]]},"properties":{"p":"I34-0-111-32-00-00-32100","o":"KIRTLEY WAYNE A","a":"3166  HOLLANSBRG-TAMPICO","d":"TRI-VILLAGE LOCAL SCHOOL DISTRICT","t":692.58,"l":"501: Res-Custom Code","c":0}},{"type":"Feature","geometry":{"type":"Polygon","coordinates":[[[-84.793236,40.008991],[-84.793045,40.008991],[-84.793026,40.008458],[-84.793256,40.008599],[-84.79327,40.008991],[-84.793236,40.008991]]]},"properties":{"p":"I34-1-111-32-03-01-10700","o":"BLANKEN JERRY W","a":"3127  HOLLANSBRG-TAMPICO","d":"TRI-VILLAGE LOCAL SCHOOL DISTRICT","t":1754.57,"l":"599: Res-Other","c":0}},{"type":"Feature","geometry":{"type":"Polygon","coordinates":[[[-84.79327,40.008991],[-84.793256,40.008599],[-84.793556,40.008786],[-84.793563,40.00899],[-84.79327,40.008991]]]},"properties":{"p":"I34-1-111-32-03-01-10800","o":"BLANKEN JERRY","a":"3125  HOLLANSBRG-TAMPICO","d":"TRI-VILLAGE LOCAL SCHOOL DISTRICT","t":3536.99,"l":"510: Res-Single Family","c":0}},{"type":"Feature","geometry":{"type":"Polygon","coordinates":[[[-84.793791,40.00998],[-84.793787,40.009814],[-84.794466,40.009818],[-84.794467,40.00999],[-84.793791,40.00998]]]},"properties":{"p":"I34-1-111-32-03-01-11300","o":"YORK DAVID F","a":"3162  HOLLANSBRG-TAMPICO","d":"TRI-VILLAGE LOCAL SCHOOL DISTRICT","t":8258.01,"l":"510: Res-Single Family","c":0}},{"type":"Feature","geometry":{"type":"Polygon","coordinates":[[[-84.793069,40.009686],[-84.793064,40.00953],[-84.793582,40.009532],[-84.793587,40.009689],[-84.793069,40.009686]]]},"properties":{"p":"I34-1-111-32-03-01-11600","o":"DOTSON JOHN F & DAVIS HEATHER JT SURV","a":"3151  HOLLANSBRG-TAMPICO","d":"TRI-VILLAGE LOCAL SCHOOL DISTRICT","t":1782.35,"l":"510: Res-Single Family","c":0}},{"type":"Feature","geometry":{"type":"Polygon","coordinates":[[[-84.808824,40.092565],[-84.804424,40.092486],[-84.804432,40.086347],[-84.804382,40.08542],[-84.80896,40.085473],[-84.808824,40.092565]]]},"properties":{"p":"I35-0-111-06-00-00-40100","o":"TOWNSEND BRIAN D","a":"25  GRNVILLE-NASHVILLE","d":"GREENVILLE CITY SCHOOL DISTRICT","t":8239.79,"l":"101: Agr-Cash-Grain Farm","c":0}},{"type":"Feature","geometry":{"type":"Polygon","coordinates":[[[-84.742965,40.049124],[-84.742963,40.048943],[-84.743431,40.048939],[-84.743433,40.04912],[-84.742965,40.049124]]]},"properties":{"p":"I36-2-111-14-03-01-11800","o":"REYNOLDS SHERRY","a":"112  MAIN S","d":"TRI-VILLAGE LOCAL SCHOOL DISTRICT","t":2982.99,"l":"510: Res-Single Family","c":0}},{"type":"Feature","geometry":{"type":"Polygon","coordinates":[[[-84.742965,40.049124],[-84.743433,40.04912],[-84.743436,40.049301],[-84.742968,40.049305],[-84.742965,40.049124]]]},"properties":{"p":"I36-2-111-14-03-01-11900","o":"PACK KEESHA","a":"108  MAIN S","d":"TRI-VILLAGE LOCAL SCHOOL DISTRICT","t":457,"l":"510: Res-Single Family","c":0}},{"type":"Feature","geometry":{"type":"Polygon","coordinates":[[[-84.744182,40.051606],[-84.74371,40.051609],[-84.743708,40.051428],[-84.744179,40.051425],[-84.744182,40.051606]]]},"properties":{"p":"I36-2-111-15-02-01-10400","o":"FULGHUM DAN & DOWLER CRYSTAL JT SURV","a":"205  MAIN N","d":"TRI-VILLAGE LOCAL SCHOOL DISTRICT","t":421.86,"l":"510: Res-Single Family","c":0}},{"type":"Feature","geometry":{"type":"Polygon","coordinates":[[[-84.744179,40.051425],[-84.743708,40.051428],[-84.743705,40.051247],[-84.744176,40.051243],[-84.744179,40.051425]]]},"properties":{"p":"I36-2-111-15-02-01-10500","o":"FULGHUM DANIEL & DOWLER CRYSTAL JT SURV","a":"201 N MAIN","d":"TRI-VILLAGE LOCAL SCHOOL DISTRICT","t":863.74,"l":"510: Res-Single Family","c":0}},{"type":"Feature","geometry":{"type":"Polygon","coordinates":[[[-84.745176,40.051057],[-84.745171,40.050695],[-84.745406,40.050695],[-84.745412,40.051057],[-84.745176,40.051057]]]},"properties":{"p":"I36-2-111-15-02-01-13500","o":"REEVES NATHAN","a":"206  2ND CROSS ST","d":"TRI-VILLAGE LOCAL SCHOOL DISTRICT","t":947.89,"l":"510: Res-Single Family","c":0}},{"type":"Feature","geometry":{"type":"Polygon","coordinates":[[[-84.724666,40.309425],[-84.723492,40.309439],[-84.723497,40.308739],[-84.725401,40.308763],[-84.725407,40.309105],[-84.725052,40.309116],[-84.725072,40.30942],[-84.724666,40.309425]]]},"properties":{"p":"J37-0-114-14-00-00-30200","o":"GONZALEZ RAFAEL RAMIREZ","a":"MCFEELEY-PETRY","d":"MISSISSINAWA VALLEY LOCAL SCHOOL DISTRICT","t":533.61,"l":"501: Res-Custom Code","c":0}},{"type":"Feature","geometry":{"type":"Polygon","coordinates":[[[-84.75747,40.309903],[-84.756591,40.309893],[-84.756598,40.309344],[-84.757474,40.309354],[-84.75747,40.309903]]]},"properties":{"p":"J37-0-114-16-00-00-30200","o":"TURNER SCOTT LEON","a":"13526  SCHOOL","d":"MISSISSINAWA VALLEY LOCAL SCHOOL DISTRICT","t":786.24,"l":"511: Res-Custom Code","c":0}},{"type":"Feature","geometry":{"type":"Polygon","coordinates":[[[-84.725406,40.309051],[-84.725401,40.308763],[-84.72567,40.308767],[-84.725854,40.309087],[-84.725407,40.309105],[-84.725406,40.309051]]]},"properties":{"p":"J37-1-114-14-03-01-10300","o":"GONZALEZ RAFAEL RAMIREZ","a":"13503  ST RT 49","d":"MISSISSINAWA VALLEY LOCAL SCHOOL DISTRICT","t":27.95,"l":"511: Res-Custom Code","c":0}},{"type":"Feature","geometry":{"type":"Polygon","coordinates":[[[-84.711241,40.28469],[-84.711724,40.284533],[-84.711856,40.284761],[-84.71136,40.284922],[-84.711229,40.284693],[-84.711241,40.28469]]]},"properties":{"p":"J37-3-114-26-02-01-10700","o":"MAYO ASHLEY N","a":"12673  ST RT 49","d":"MISSISSINAWA VALLEY LOCAL SCHOOL DISTRICT","t":1418.59,"l":"511: Res-Custom Code","c":0}},{"type":"Feature","geometry":{"type":"Polygon","coordinates":[[[-84.50256,39.939922],[-84.503288,39.939907],[-84.503327,39.941047],[-84.502599,39.941048],[-84.50256,39.939922]]]},"properties":{"p":"K39-0-308-25-00-00-40101","o":"REDER ANDREW C","a":"752  KARR","d":"FRANKLIN-MONROE LOCAL SCHOOL DISTRICT","t":734.32,"l":"511: Res-Custom Code","c":0}},{"type":"Feature","geometry":{"type":"Polygon","coordinates":[[[-84.50053,39.946006],[-84.500494,39.944699],[-84.502137,39.944667],[-84.502173,39.945974],[-84.50053,39.946006]]]},"properties":{"p":"K39-0-308-25-00-00-40300","o":"BOSTON PATRICK J","a":"926  KARR","d":"FRANKLIN-MONROE LOCAL SCHOOL DISTRICT","t":9764.37,"l":"340: Ind-Manufacturing-Light","c":0}},{"type":"Feature","geometry":{"type":"Polygon","coordinates":[[[-84.437576,40.007029],[-84.43616,40.007047],[-84.436102,40.005181],[-84.437518,40.005163],[-84.437576,40.007029]]]},"properties":{"p":"K39-0-407-04-00-00-10300","o":"EDGER TERESA M & O DELL LONNIE J JT SURV","a":"9787  HOLLANSBRG-SAMPSON","d":"FRANKLIN-MONROE LOCAL SCHOOL DISTRICT","t":198.1,"l":"511: Res-Custom Code","c":0}},{"type":"Feature","geometry":{"type":"Polygon","coordinates":[[[-84.458164,39.977288],[-84.458496,39.977284],[-84.458511,39.978237],[-84.458179,39.978243],[-84.458164,39.977288]]]},"properties":{"p":"K39-0-407-08-00-00-30900","o":"ABBOTT CLINTON","a":"9172  STOCKER","d":"FRANKLIN-MONROE LOCAL SCHOOL DISTRICT","t":464.12,"l":"599: Res-Other","c":0}},{"type":"Feature","geometry":{"type":"Polygon","coordinates":[[[-84.46116,39.978192],[-84.460829,39.978198],[-84.460814,39.97725],[-84.461145,39.977245],[-84.46116,39.978192]]]},"properties":{"p":"K39-0-407-08-00-00-31700","o":"TIELBUR GREGORY & SHAUNNA JT SURV","a":"9104  STOCKER","d":"FRANKLIN-MONROE LOCAL SCHOOL DISTRICT","t":1040,"l":"560: Res-Mobile Home","c":0}},{"type":"Feature","geometry":{"type":"Polygon","coordinates":[[[-84.463464,39.977211],[-84.463795,39.977206],[-84.46381,39.978147],[-84.463479,39.978152],[-84.463464,39.977211]]]},"properties":{"p":"K39-0-407-08-00-00-32400","o":"SHORTRIDGE CLIFFORD WILLIAM JR","a":"9034  STOCKER","d":"FRANKLIN-MONROE LOCAL SCHOOL DISTRICT","t":919.2,"l":"599: Res-Other","c":0}},{"type":"Feature","geometry":{"type":"Polygon","coordinates":[[[-84.464124,39.977531],[-84.464119,39.977201],[-84.464842,39.97719],[-84.464847,39.97752],[-84.464124,39.977531]]]},"properties":{"p":"K39-0-407-08-00-00-32600","o":"WHEELER STEVEN R","a":"2053  SCHNORF-JONES","d":"FRANKLIN-MONROE LOCAL SCHOOL DISTRICT","t":2188.11,"l":"599: Res-Other","c":0}},{"type":"Feature","geometry":{"type":"Polygon","coordinates":[[[-84.432297,39.992204],[-84.42983,39.992245],[-84.429745,39.988798],[-84.432258,39.988777],[-84.432297,39.992204]]]},"properties":{"p":"K39-0-407-09-00-00-10100","o":"RENCH CRYSTAL L","a":"9923  PITSBURG-LAURA","d":"FRANKLIN-MONROE LOCAL SCHOOL DISTRICT","t":1026.66,"l":"513: Res-Custom Code","c":0}},{"type":"Feature","geometry":{"type":"Polygon","coordinates":[[[-84.43371,39.936277],[-84.433292,39.936285],[-84.433252,39.934326],[-84.433905,39.934313],[-84.433917,39.934905],[-84.433693,39.934909],[-84.43371,39.936277]]]},"properties":{"p":"K39-0-407-28-00-00-20300","o":"STRANGE MICHAEL D","a":"9814  CASTINE-GORDON","d":"FRANKLIN-MONROE LOCAL SCHOOL DISTRICT","t":860.64,"l":"511: Res-Custom Code","c":0}},{"type":"Feature","geometry":{"type":"Polygon","coordinates":[[[-84.489538,39.989952],[-84.488994,39.989959],[-84.488988,39.989799],[-84.489534,39.989792],[-84.489538,39.989952]]]},"properties":{"p":"K43-2-308-12-01-01-11700","o":"SIMASON CAROL","a":"320  BAKER ST","d":"FRANKLIN-MONROE LOCAL SCHOOL DISTRICT","t":202.23,"l":"510: Res-Single Family","c":0}},{"type":"Feature","geometry":{"type":"Polygon","coordinates":[[[-84.488234,39.990977],[-84.487699,39.990984],[-84.487692,39.990778],[-84.488227,39.990771],[-84.488234,39.990977]]]},"properties":{"p":"K43-2-308-12-01-02-10100","o":"THE VILLAGE OF PITSBURG, OHIO","a":"8461  PITSBURG-LAURA","d":"FRANKLIN-MONROE LOCAL SCHOOL DISTRICT","t":14994.75,"l":"452: Com-Auto Service","c":0}},{"type":"Feature","geometry":{"type":"Polygon","coordinates":[[[-84.487577,39.987464],[-84.487571,39.987299],[-84.488,39.987295],[-84.488005,39.98746],[-84.487577,39.987464]]]},"properties":{"p":"K43-2-308-12-01-03-10500","o":"MEESE ANDREW","a":"110  JEFFERSON","d":"FRANKLIN-MONROE LOCAL SCHOOL DISTRICT","t":2400,"l":"510: Res-Single Family","c":0}},{"type":"Feature","geometry":{"type":"Polygon","coordinates":[[[-84.488036,39.986805],[-84.488029,39.986475],[-84.488458,39.986469],[-84.488464,39.986798],[-84.488036,39.986805]]]},"properties":{"p":"K43-2-308-12-01-04-10100","o":"BRINKMAN STOUT RACHAEL NKA BRINKMAN RACHAEL NICOLE","a":"213  LUMBER ST","d":"FRANKLIN-MONROE LOCAL SCHOOL DISTRICT","t":4677.08,"l":"510: Res-Single Family","c":0}},{"type":"Feature","geometry":{"type":"Polygon","coordinates":[[[-84.487972,39.986461],[-84.487544,39.986466],[-84.487539,39.986301],[-84.487967,39.986297],[-84.487972,39.986461]]]},"properties":{"p":"K43-2-308-12-01-04-10600","o":"LOOKOUT POINT INC","a":"220  JEFFERSON","d":"FRANKLIN-MONROE LOCAL SCHOOL DISTRICT","t":10901.78,"l":"680: Exm-Charitable","c":0}},{"type":"Feature","geometry":{"type":"Polygon","coordinates":[[[-84.488965,39.985135],[-84.489473,39.985137],[-84.48949,39.98564],[-84.488982,39.985654],[-84.488965,39.985135]]]},"properties":{"p":"K43-2-308-12-01-04-11800","o":"WHOLAVER SCOTT H & FAITH L JT SURV","a":"105  MERRIE","d":"FRANKLIN-MONROE LOCAL SCHOOL DISTRICT","t":1797.53,"l":"510: Res-Single Family","c":0}},{"type":"Feature","geometry":{"type":"Polygon","coordinates":[[[-84.491501,39.985643],[-84.491869,39.985633],[-84.491883,39.986195],[-84.491515,39.986206],[-84.491501,39.985643]]]},"properties":{"p":"K43-2-308-12-01-06-10600","o":"SPITLER PENNI J","a":"106  WOODSIDE","d":"FRANKLIN-MONROE LOCAL SCHOOL DISTRICT","t":2811.04,"l":"510: Res-Single Family","c":0}},{"type":"Feature","geometry":{"type":"Polygon","coordinates":[[[-84.487021,39.990163],[-84.487016,39.990032],[-84.487059,39.990031],[-84.487062,39.990133],[-84.487491,39.990128],[-84.487492,39.990157],[-84.487021,39.990163]]]},"properties":{"p":"K43-2-407-07-04-01-11700","o":"GREEN ALBERT","a":"JEFFERSON","d":"FRANKLIN-MONROE LOCAL SCHOOL DISTRICT","t":1439.31,"l":"500: Res-Vacant Land","c":0}},{"type":"Feature","geometry":{"type":"Polygon","coordinates":[[[-84.605065,40.049869],[-84.605073,40.048411],[-84.605287,40.048407],[-84.605275,40.050332],[-84.605061,40.050336],[-84.605065,40.049869]]]},"properties":{"p":"L44-0-211-13-00-00-23000","o":"COVAULT ENTERPRISES INC","a":"HOGPATH","d":"GREENVILLE CITY SCHOOL DISTRICT","t":2707.49,"l":"501: Res-Custom Code","c":0}},{"type":"Feature","geometry":{"type":"Polygon","coordinates":[[[-84.67635,40.02625],[-84.676477,40.025593],[-84.677088,40.025607],[-84.676961,40.026263],[-84.67635,40.02625]]]},"properties":{"p":"L45-0-211-29-00-00-20100","o":"DARKE COUNTY RENOS & RENTALS LLC","a":"3449  WEAVER-FT JEFFERSN","d":"TRI-VILLAGE LOCAL SCHOOL DISTRICT","t":1365.62,"l":"511: Res-Custom Code","c":0}},{"type":"Feature","geometry":{"type":"Polygon","coordinates":[[[-84.677272,40.006145],[-84.677642,40.005856],[-84.677608,40.005803],[-84.677608,40.005743],[-84.677635,40.005695],[-84.677707,40.005629],[-84.677588,40.005169],[-84.6776,40.004939],[-84.67774,40.00431],[-84.677722,40.004281],[-84.677686,40.004264],[-84.677971,40.004263],[-84.677939,40.004273],[-84.677924,40.004297],[-84.677775,40.004963],[-84.677765,40.005157],[-84.677886,40.005651],[-84.677952,40.005728],[-84.677954,40.00581],[-84.677909,40.005869],[-84.67782,40.005906],[-84.677371,40.006259],[-84.677272,40.006145]]]},"properties":{"p":"L45-0-211-32-00-00-20101","o":"MESSMER WILLIAM K & MARY E","a":"RIDGE","d":"TRI-VILLAGE LOCAL SCHOOL DISTRICT","t":2608.61,"l":"501: Res-Custom Code","c":0}},{"type":"Feature","geometry":{"type":"Polygon","coordinates":[[[-84.67759,40.026387],[-84.677535,40.026745],[-84.677266,40.026741],[-84.677334,40.026381],[-84.67759,40.026387]]]},"properties":{"p":"L45-3-211-29-01-01-10200","o":"CURTNER PAMELA","a":"3422  WEAVER-FT JEFFERSON","d":"TRI-VILLAGE LOCAL SCHOOL DISTRICT","t":671.22,"l":"599: Res-Other","c":0}},{"type":"Feature","geometry":{"type":"Polygon","coordinates":[[[-84.678675,40.026289],[-84.678401,40.026287],[-84.678406,40.025969],[-84.67868,40.025971],[-84.678675,40.026289]]]},"properties":{"p":"L45-3-211-29-02-01-10500","o":"CURTNER RICK L","a":"3395  WEAVER-FT JEFFERSN","d":"TRI-VILLAGE LOCAL SCHOOL DISTRICT","t":3084.27,"l":"520: Res-Two Family","c":0}},{"type":"Feature","geometry":{"type":"Polygon","coordinates":[[[-84.657784,40.020263],[-84.657612,40.020007],[-84.657741,40.019938],[-84.657752,40.019726],[-84.658152,40.020036],[-84.658043,40.020261],[-84.657784,40.020263]]]},"properties":{"p":"L80-2-211-28-02-02-10900","o":"BARGER LOREN DOUGLAS & TAMMY L JT SURV","a":"HICKORY DR","d":"GREENVILLE CITY SCHOOL DISTRICT","t":160.99,"l":"500: Res-Vacant Land","c":0}},{"type":"Feature","geometry":{"type":"Polygon","coordinates":[[[-84.658732,40.020254],[-84.658043,40.020261],[-84.658295,40.019742],[-84.658724,40.019746],[-84.658722,40.019875],[-84.658751,40.019966],[-84.658847,40.020134],[-84.658811,40.020266],[-84.658776,40.020319],[-84.65868,40.020728],[-84.658732,40.020254]]]},"properties":{"p":"L80-2-211-28-02-02-12500","o":"BARGER LOREN DOUGLAS & TAMMY L JT SURV","a":"HICKORY DR","d":"GREENVILLE CITY SCHOOL DISTRICT","t":72.7,"l":"500: Res-Vacant Land","c":0}},{"type":"Feature","geometry":{"type":"Polygon","coordinates":[[[-84.662907,40.017133],[-84.662917,40.017028],[-84.663332,40.017114],[-84.663477,40.017171],[-84.663395,40.017242],[-84.663302,40.017162],[-84.662907,40.017133]]]},"properties":{"p":"L80-2-211-33-01-01-12100","o":"DIEHL DONOVAN","a":"3790  MIDDLE DR","d":"GREENVILLE CITY SCHOOL DISTRICT","t":68.57,"l":"500: Res-Vacant Land","c":0}},{"type":"Feature","geometry":{"type":"Polygon","coordinates":[[[-84.662891,40.017284],[-84.662907,40.017133],[-84.663302,40.017162],[-84.663395,40.017242],[-84.66324,40.017334],[-84.662891,40.017284]]]},"properties":{"p":"L80-2-211-33-01-01-12200","o":"DIEHL DONOVAN","a":"3788  MIDDLE DR S","d":"GREENVILLE CITY SCHOOL DISTRICT","t":972.85,"l":"510: Res-Single Family","c":0}},{"type":"Feature","geometry":{"type":"Polygon","coordinates":[[[-84.664818,40.01708],[-84.664765,40.01712],[-84.66452,40.016955],[-84.664589,40.016921],[-84.664818,40.01708]]]},"properties":{"p":"L80-2-211-33-04-01-10700","o":"WERLING COURTNEY N & DAUGHERTY TIMOTHY M","a":"WEST DR","d":"GREENVILLE CITY SCHOOL DISTRICT","t":528.8,"l":"500: Res-Vacant Land","c":0}},{"type":"Feature","geometry":{"type":"Polygon","coordinates":[[[-84.664551,40.015732],[-84.665121,40.01547],[-84.665273,40.015714],[-84.665165,40.015688],[-84.665154,40.015696],[-84.665177,40.015706],[-84.665175,40.015721],[-84.665096,40.015729],[-84.66499,40.015765],[-84.664938,40.015746],[-84.664835,40.015761],[-84.664785,40.015727],[-84.664718,40.015743],[-84.664551,40.015732]]]},"properties":{"p":"L80-2-211-33-04-01-11700","o":"FUNK ANDREW J & ALISHIA S JT SURV","a":"3815  WEST DR","d":"GREENVILLE CITY SCHOOL DISTRICT","t":12605.14,"l":"510: Res-Single Family","c":0}},{"type":"Feature","geometry":{"type":"Polygon","coordinates":[[[-84.664834,40.012533],[-84.665172,40.012516],[-84.665165,40.012798],[-84.66496,40.012937],[-84.6649,40.012844],[-84.664834,40.012533]]]},"properties":{"p":"L80-2-211-33-04-02-11900","o":"WEAVER ROBERT E & LINDA S","a":"SOUTH LN","d":"GREENVILLE CITY SCHOOL DISTRICT","t":1254.82,"l":"500: Res-Vacant Land","c":0}},{"type":"Feature","geometry":{"type":"Polygon","coordinates":[[[-84.66534,40.013027],[-84.665269,40.013084],[-84.66496,40.012937],[-84.665165,40.012798],[-84.66534,40.013027]]]},"properties":{"p":"L80-2-211-33-04-02-12000","o":"WEAVER ROBERT E & LINDA S","a":"3858  SOUTH LN","d":"GREENVILLE CITY SCHOOL DISTRICT","t":13830.27,"l":"510: Res-Single Family","c":0}},{"type":"Feature","geometry":{"type":"Polygon","coordinates":[[[-84.665269,40.013084],[-84.66534,40.013027],[-84.665229,40.012882],[-84.665555,40.012894],[-84.665603,40.013148],[-84.665269,40.013084]]]},"properties":{"p":"L80-2-211-33-04-02-12100","o":"WEAVER CORY P","a":"1187  MAIN DR","d":"GREENVILLE CITY SCHOOL DISTRICT","t":2017.39,"l":"510: Res-Single Family","c":0}},{"type":"Feature","geometry":{"type":"Polygon","coordinates":[[[-84.665328,40.041086],[-84.665276,40.041117],[-84.665266,40.041317],[-84.665222,40.041454],[-84.664888,40.041976],[-84.664882,40.042117],[-84.664864,40.042166],[-84.664812,40.042214],[-84.664739,40.042239],[-84.664657,40.042237],[-84.664587,40.042208],[-84.664529,40.042134],[-84.66454,40.042048],[-84.664583,40.042003],[-84.664731,40.041914],[-84.665067,40.041378],[-84.66509,40.04129],[-84.665097,40.041122],[-84.665082,40.041094],[-84.665049,40.04108],[-84.665328,40.041086]]]},"properties":{"p":"L82-0-211-21-00-00-12200","o":"FEITSHANS BYRON ET AL","a":"ALANA DR","d":"GREENVILLE CITY SCHOOL DISTRICT","t":430.53,"l":"500: Res-Vacant Land","c":0}},{"type":"Feature","geometry":{"type":"Polygon","coordinates":[[[-84.446223,40.327554],[-84.448835,40.327554],[-84.448842,40.330267],[-84.44611,40.330751],[-84.444108,40.333979],[-84.444099,40.329951],[-84.446223,40.327554]]]},"properties":{"p":"M47-0-411-09-00-00-30102","o":"BOHMAN JOHN R & JANICE M JT SURV","a":"WILLOWDELL","d":"MINSTER LOCAL SCHOOL DISTRICT","t":2976.14,"l":"100: Agr-Vacant Land","c":0}},{"type":"Feature","geometry":{"type":"Polygon","coordinates":[[[-84.445631,40.327389],[-84.445634,40.326861],[-84.446597,40.326839],[-84.445628,40.327932],[-84.445631,40.327389]]]},"properties":{"p":"M47-0-411-09-00-00-30200","o":"BOHMAN JOHN R & JANICE M","a":"14033  WILLOWDELL","d":"MINSTER LOCAL SCHOOL DISTRICT","t":7220.02,"l":"511: Res-Custom Code","c":0}},{"type":"Feature","geometry":{"type":"Polygon","coordinates":[[[-84.471823,40.317302],[-84.471819,40.316891],[-84.472461,40.316893],[-84.472464,40.317306],[-84.471823,40.317302]]]},"properties":{"p":"M50-0-411-17-00-00-30300","o":"SWALLOW RICHARD L","a":"13619  SPENCER","d":"VERSAILLES EX VILL SCHOOL DISTRICT","t":4532,"l":"511: Res-Custom Code","c":0}},{"type":"Feature","geometry":{"type":"Polygon","coordinates":[[[-84.471826,40.317714],[-84.472467,40.317718],[-84.472469,40.317987],[-84.471828,40.317982],[-84.471826,40.317714]]]},"properties":{"p":"M50-0-411-17-00-00-30301","o":"SWALLOW RICHARD L","a":"SPENCER","d":"VERSAILLES EX VILL SCHOOL DISTRICT","t":392.47,"l":"501: Res-Custom Code","c":0}},{"type":"Feature","geometry":{"type":"Polygon","coordinates":[[[-84.471826,40.317714],[-84.471823,40.317302],[-84.472464,40.317306],[-84.472467,40.317718],[-84.471826,40.317714]]]},"properties":{"p":"M50-0-411-17-00-00-30402","o":"SWALLOW RICHARD L","a":"13625  SPENCER","d":"VERSAILLES EX VILL SCHOOL DISTRICT","t":15212.41,"l":"511: Res-Custom Code","c":0}},{"type":"Feature","geometry":{"type":"Polygon","coordinates":[[[-84.468229,40.277154],[-84.467444,40.277159],[-84.467427,40.27613],[-84.468219,40.276122],[-84.468229,40.277154]]]},"properties":{"p":"M50-0-411-32-00-00-30101","o":"BOHMAN JOHN R","a":"DAY","d":"VERSAILLES EX VILL SCHOOL DISTRICT","t":433.41,"l":"501: Res-Custom Code","c":0}},{"type":"Feature","geometry":{"type":"Polygon","coordinates":[[[-84.495421,40.326668],[-84.495425,40.325949],[-84.496354,40.325942],[-84.496354,40.32612],[-84.496534,40.326118],[-84.496533,40.325941],[-84.497009,40.325937],[-84.497015,40.326651],[-84.495421,40.326668]]]},"properties":{"p":"M52-4-312-12-02-01-10200","o":"SLAYTON MELINDA SUE","a":"152  EAST","d":"VERSAILLES EX VILL SCHOOL DISTRICT","t":540.65,"l":"511: Res-Custom Code","c":0}},{"type":"Feature","geometry":{"type":"Polygon","coordinates":[[[-84.497584,40.324333],[-84.49756,40.324333],[-84.497542,40.324003],[-84.497572,40.324003],[-84.497555,40.323563],[-84.498101,40.323562],[-84.498131,40.324332],[-84.497584,40.324333]]]},"properties":{"p":"M52-4-312-13-01-01-11800","o":"GILL BRYAN K & KELLY S JT & SURV","a":"39  HIEMS ST","d":"VERSAILLES EX VILL SCHOOL DISTRICT","t":1689.29,"l":"511: Res-Custom Code","c":0}},{"type":"Feature","geometry":{"type":"Polygon","coordinates":[[[-84.496999,40.324334],[-84.496976,40.323564],[-84.497555,40.323563],[-84.497572,40.324003],[-84.497542,40.324003],[-84.49756,40.324333],[-84.496999,40.324334]]]},"properties":{"p":"M52-4-312-13-01-01-11801","o":"GILL BRYAN K & KELLY S JT & SURV","a":"HIEMS ST","d":"VERSAILLES EX VILL SCHOOL DISTRICT","t":84.95,"l":"500: Res-Vacant Land","c":0}},{"type":"Feature","geometry":{"type":"Polygon","coordinates":[[[-84.496775,40.323926],[-84.496517,40.323927],[-84.496503,40.323564],[-84.496976,40.323564],[-84.49699,40.323926],[-84.496775,40.323926]]]},"properties":{"p":"M52-4-312-13-01-01-11901","o":"SCHWARTZ KIMBERLY A","a":"204  YORK ST","d":"VERSAILLES EX VILL SCHOOL DISTRICT","t":7776.39,"l":"510: Res-Single Family","c":0}},{"type":"Feature","geometry":{"type":"Polygon","coordinates":[[[-84.49427,40.325816],[-84.494272,40.325396],[-84.494631,40.325395],[-84.494639,40.326336],[-84.494276,40.326336],[-84.49427,40.325816]]]},"properties":{"p":"M52-4-411-07-03-01-10400","o":"HEMMERT ANTHONY & ANGELA JT SURV","a":"12  MAIN E","d":"VERSAILLES EX VILL SCHOOL DISTRICT","t":1223.7,"l":"510: Res-Single Family","c":0}},{"type":"Feature","geometry":{"type":"Polygon","coordinates":[[[-84.587562,40.161688],[-84.587546,40.160353],[-84.588972,40.160612],[-84.588904,40.161365],[-84.589729,40.161383],[-84.589733,40.161685],[-84.587562,40.161688]]]},"properties":{"p":"N54-0-310-07-00-00-10200","o":"GESSLER SETH A & MICHAEL A","a":"8371  LARIMER","d":"GREENVILLE CITY SCHOOL DISTRICT","t":1359.91,"l":"511: Res-Custom Code","c":0}},{"type":"Feature","geometry":{"type":"Polygon","coordinates":[[[-84.575393,40.158158],[-84.574404,40.15817],[-84.574402,40.157977],[-84.575393,40.158158]]]},"properties":{"p":"N54-0-310-08-00-00-30300","o":"SELLMAN VIRGIL WILLIAM","a":"OLIVER","d":"GREENVILLE CITY SCHOOL DISTRICT","t":717.01,"l":"501: Res-Custom Code","c":0}},{"type":"Feature","geometry":{"type":"Polygon","coordinates":[[[-84.540703,40.161222],[-84.54067,40.160124],[-84.542571,40.160102],[-84.542586,40.16119],[-84.540703,40.161222]]]},"properties":{"p":"N54-0-310-10-00-00-40200","o":"ERISMAN TIMOTHY A","a":"8303  HORNER","d":"GREENVILLE CITY SCHOOL DISTRICT","t":2607.4,"l":"511: Res-Custom Code","c":0}},{"type":"Feature","geometry":{"type":"Polygon","coordinates":[[[-84.5843,40.187223],[-84.584108,40.187225],[-84.584098,40.186772],[-84.58429,40.18677],[-84.5843,40.187223]]]},"properties":{"p":"N54-1-311-32-03-01-10300","o":"DIAZ CRYSTAL","a":"6165  BEAMSVILLE-WEBSTER","d":"GREENVILLE CITY SCHOOL DISTRICT","t":425.14,"l":"510: Res-Single Family","c":0}},{"type":"Feature","geometry":{"type":"Polygon","coordinates":[[[-84.551495,40.15338],[-84.551493,40.15318],[-84.551216,40.153185],[-84.551214,40.152996],[-84.551858,40.152986],[-84.551863,40.153499],[-84.551495,40.15338]]]},"properties":{"p":"N54-3-310-09-02-01-12700","o":"TOUCH PROPERTIES LLC","a":"8052  ARCANUM-BEARS MILL","d":"GREENVILLE CITY SCHOOL DISTRICT","t":4100,"l":"510: Res-Single Family","c":0}},{"type":"Feature","geometry":{"type":"Polygon","coordinates":[[[-84.558602,40.202196],[-84.559371,40.202186],[-84.559394,40.202936],[-84.558625,40.202945],[-84.558602,40.202196]]]},"properties":{"p":"N55-0-311-28-00-00-10301","o":"OLIVER MICHAEL","a":"6718  OLD ST RT 242","d":"VERSAILLES EX VILL SCHOOL DISTRICT","t":2379.84,"l":"511: Res-Custom Code","c":0}},{"type":"Feature","geometry":{"type":"Polygon","coordinates":[[[-84.569621,40.216781],[-84.569618,40.216625],[-84.572484,40.21659],[-84.573903,40.216543],[-84.569622,40.216858],[-84.569621,40.216781]]]},"properties":{"p":"N86-0-311-20-00-00-11000","o":"JOHNSON LEWIS WESLEY","a":"BURCH","d":"ANSONIA LOCAL SCHOOL DISTRICT","t":3594.43,"l":"501: Res-Custom Code","c":0}},{"type":"Feature","geometry":{"type":"Polygon","coordinates":[[[-84.545555,39.935719],[-84.544633,39.935262],[-84.544604,39.933834],[-84.5458,39.933812],[-84.545855,39.935843],[-84.545555,39.935719]]]},"properties":{"p":"P56-0-308-28-00-00-20300","o":"LONG GRIESHOP LORA MARIE","a":"6999  ST RT 722","d":"ARCANUM BUTLER LOCAL SCHOOL DISTRICT","t":13883.26,"l":"511: Res-Custom Code","c":0}},{"type":"Feature","geometry":{"type":"Polygon","coordinates":[[[-84.549974,39.936084],[-84.549118,39.936056],[-84.549106,39.934813],[-84.548748,39.934819],[-84.548752,39.933758],[-84.550192,39.933732],[-84.550218,39.935469],[-84.549961,39.935457],[-84.549974,39.936084]]]},"properties":{"p":"P56-0-308-28-00-00-20700","o":"HAMLIN JOHN H III & HAMLIN ANGELA M JT SURV","a":"6871  ST RT 722","d":"ARCANUM BUTLER LOCAL SCHOOL DISTRICT","t":3947.33,"l":"511: Res-Custom Code","c":0}},{"type":"Feature","geometry":{"type":"Polygon","coordinates":[[[-84.585027,39.938792],[-84.584426,39.938798],[-84.584438,39.938475],[-84.585039,39.938473],[-84.585027,39.938792]]]},"properties":{"p":"P56-0-308-30-00-00-20700","o":"MOWEN CRYSTAL S","a":"5823  ST RT 722","d":"ARCANUM BUTLER LOCAL SCHOOL DISTRICT","t":1265.45,"l":"560: Res-Mobile Home","c":0}},{"type":"Feature","geometry":{"type":"Polygon","coordinates":[[[-84.561266,39.931914],[-84.560493,39.931924],[-84.560489,39.931658],[-84.561259,39.931648],[-84.561266,39.931914]]]},"properties":{"p":"P56-0-308-33-00-00-40600","o":"GARBER BRUCE","a":"501  FRIDAY","d":"ARCANUM BUTLER LOCAL SCHOOL DISTRICT","t":2477.86,"l":"511: Res-Custom Code","c":0}},{"type":"Feature","geometry":{"type":"Polygon","coordinates":[[[-84.554013,39.990704],[-84.554009,39.990543],[-84.554216,39.990539],[-84.554221,39.990699],[-84.554013,39.990704]]]},"properties":{"p":"P59-2-308-04-03-03-14000","o":"4W INVESTMENTS LLC","a":"7  HIGH N","d":"ARCANUM BUTLER LOCAL SCHOOL DISTRICT","t":244.24,"l":"429: Com-Other","c":0}},{"type":"Feature","geometry":{"type":"Polygon","coordinates":[[[-84.556257,39.991577],[-84.556458,39.991572],[-84.556474,39.991901],[-84.556262,39.991906],[-84.556257,39.991577]]]},"properties":{"p":"P59-2-308-04-03-04-10200","o":"MC VEY MATTHEW T & STEPHANIE M JT SURV","a":"204  NORTH W","d":"ARCANUM BUTLER LOCAL SCHOOL DISTRICT","t":2400,"l":"510: Res-Single Family","c":0}},{"type":"Feature","geometry":{"type":"Polygon","coordinates":[[[-84.55938,39.991835],[-84.559367,39.991506],[-84.559578,39.991501],[-84.559583,39.99183],[-84.55938,39.991835]]]},"properties":{"p":"P59-2-308-04-03-05-10100","o":"MYERS ERIC","a":"502  NORTH W","d":"ARCANUM BUTLER LOCAL SCHOOL DISTRICT","t":3374.04,"l":"510: Res-Single Family","c":0}},{"type":"Feature","geometry":{"type":"Polygon","coordinates":[[[-84.561789,39.99178],[-84.561784,39.99145],[-84.56199,39.991446],[-84.562004,39.991775],[-84.561789,39.99178]]]},"properties":{"p":"P59-2-308-04-03-05-10900","o":"SCHONDELMYER JENIFER M & SCHONDELYMER JASON G","a":"704  NORTH W","d":"ARCANUM BUTLER LOCAL SCHOOL DISTRICT","t":78.83,"l":"520: Res-Two Family","c":0}},{"type":"Feature","geometry":{"type":"Polygon","coordinates":[[[-84.561752,39.990907],[-84.561744,39.990577],[-84.561952,39.990573],[-84.561966,39.990902],[-84.561752,39.990907]]]},"properties":{"p":"P59-2-308-04-03-05-13300","o":"GREGG CHRISTINE A","a":"704  GEORGE W","d":"ARCANUM BUTLER LOCAL SCHOOL DISTRICT","t":1974.43,"l":"510: Res-Single Family","c":0}},{"type":"Feature","geometry":{"type":"Polygon","coordinates":[[[-84.562521,39.990681],[-84.562515,39.990187],[-84.562733,39.990185],[-84.562693,39.990224],[-84.5627,39.990679],[-84.562521,39.990681]]]},"properties":{"p":"P59-2-308-05-02-01-10200","o":"FRIEDLINE VANE L & KITTIE E","a":"HOLLANSBRG-ARCANUM","d":"ARCANUM BUTLER LOCAL SCHOOL DISTRICT","t":274.26,"l":"500: Res-Vacant Land","c":0}},{"type":"Feature","geometry":{"type":"Polygon","coordinates":[[[-84.55371,39.987972],[-84.553704,39.987769],[-84.554132,39.987764],[-84.554138,39.987967],[-84.55371,39.987972]]]},"properties":{"p":"P59-2-308-09-04-01-15100","o":"ARCANUM PROPERTY LLC AN OHIO LIMITED LIABILITY COMPANY","a":"207  HIGH S","d":"ARCANUM BUTLER LOCAL SCHOOL DISTRICT","t":539.95,"l":"429: Com-Other","c":0}},{"type":"Feature","geometry":{"type":"Polygon","coordinates":[[[-84.55371,39.985757],[-84.553708,39.985593],[-84.554136,39.985588],[-84.554138,39.985753],[-84.55371,39.985757]]]},"properties":{"p":"P59-2-308-09-04-02-11300","o":"DAUGHERTY KENNETH E","a":"405  HIGH S","d":"ARCANUM BUTLER LOCAL SCHOOL DISTRICT","t":538.38,"l":"510: Res-Single Family","c":0}},{"type":"Feature","geometry":{"type":"Polygon","coordinates":[[[-84.553211,39.984004],[-84.553209,39.983839],[-84.553637,39.983835],[-84.553639,39.984],[-84.553211,39.984004]]]},"properties":{"p":"P59-2-308-09-04-03-10700","o":"SIMPSON LISA K","a":"604  MAIN S","d":"ARCANUM BUTLER LOCAL SCHOOL DISTRICT","t":553.58,"l":"510: Res-Single Family","c":0}},{"type":"Feature","geometry":{"type":"Polygon","coordinates":[[[-84.558158,39.989227],[-84.558145,39.988898],[-84.558359,39.988892],[-84.558372,39.989221],[-84.558158,39.989227]]]},"properties":{"p":"P59-2-308-09-04-04-10900","o":"NORTH JASON D & JESSICA A","a":"402  1ST ST W","d":"ARCANUM BUTLER LOCAL SCHOOL DISTRICT","t":1563.77,"l":"510: Res-Single Family","c":0}},{"type":"Feature","geometry":{"type":"Polygon","coordinates":[[[-84.515708,40.078657],[-84.515679,40.07771],[-84.51675,40.077688],[-84.51678,40.078638],[-84.515708,40.078657]]]},"properties":{"p":"Q62-0-309-11-00-00-10400","o":"PENNY ROBERT G","a":"7791  MCCOOL","d":"FRANKLIN-MONROE LOCAL SCHOOL DISTRICT","t":1400,"l":"511: Res-Custom Code","c":0}},{"type":"Feature","geometry":{"type":"Polygon","coordinates":[[[-84.598121,40.049281],[-84.598116,40.048555],[-84.598134,40.048555],[-84.598139,40.049305],[-84.598121,40.049281]]]},"properties":{"p":"Q62-0-309-18-00-00-31300","o":"MC COOL W H H","a":"HOGPATH","d":"FRANKLIN-MONROE LOCAL SCHOOL DISTRICT","t":175.32,"l":"501: Res-Custom Code","c":0}},{"type":"Feature","geometry":{"type":"Polygon","coordinates":[[[-84.55494,40.034393],[-84.55492,40.033471],[-84.559616,40.033425],[-84.559634,40.034347],[-84.55494,40.034393]]]},"properties":{"p":"Q63-0-309-28-00-00-40100","o":"SINK KEVIN J & KIMBERLY J JT SURV","a":"3991  KILBOURN","d":"ARCANUM BUTLER LOCAL SCHOOL DISTRICT","t":3100,"l":"512: Res-Custom Code","c":0}},{"type":"Feature","geometry":{"type":"Polygon","coordinates":[[[-84.570919,40.031483],[-84.571006,40.031406],[-84.571059,40.031329],[-84.571091,40.031245],[-84.571101,40.031128],[-84.57208,40.031115],[-84.57209,40.031464],[-84.570919,40.031483]]]},"properties":{"p":"Q63-0-309-29-00-00-14000","o":"BAILEY WILLIAM RAY & BAILEY ELIZABETH ANN & CLAYBAKER NICOLE RENEE","a":"3936  DREW","d":"ARCANUM BUTLER LOCAL SCHOOL DISTRICT","t":2567.36,"l":"511: Res-Custom Code","c":0}},{"type":"Feature","geometry":{"type":"Polygon","coordinates":[[[-84.568216,40.021417],[-84.568172,40.019688],[-84.568879,40.019678],[-84.568923,40.021407],[-84.568216,40.021417]]]},"properties":{"p":"Q63-0-309-29-00-00-20700","o":"LE GRANDE RONNIE L & DAWNA D JT SURV","a":"6386  DELISLE-FOURMAN","d":"ARCANUM BUTLER LOCAL SCHOOL DISTRICT","t":1569.4,"l":"511: Res-Custom Code","c":0}},{"type":"Feature","geometry":{"type":"Polygon","coordinates":[[[-84.583918,40.030381],[-84.583438,40.03038],[-84.583421,40.029518],[-84.584038,40.030378],[-84.583918,40.030381]]]},"properties":{"p":"Q63-0-309-30-00-00-10200","o":"RADEMACHIR DARLA S","a":"3878  MYERS-TILLMAN","d":"ARCANUM BUTLER LOCAL SCHOOL DISTRICT","t":1758.38,"l":"511: Res-Custom Code","c":0}},{"type":"Feature","geometry":{"type":"Polygon","coordinates":[[[-84.548233,40.015096],[-84.5471,40.014306],[-84.548323,40.013722],[-84.548697,40.013684],[-84.548233,40.015096]]]},"properties":{"p":"Q63-0-309-33-00-00-11100","o":"PENNY ROBERT G","a":"3329  ALT ST RT 49","d":"ARCANUM BUTLER LOCAL SCHOOL DISTRICT","t":1400,"l":"511: Res-Custom Code","c":0}},{"type":"Feature","geometry":{"type":"Polygon","coordinates":[[[-84.548834,40.013938],[-84.548902,40.013731],[-84.549616,40.013722],[-84.549534,40.014069],[-84.548834,40.013938]]]},"properties":{"p":"Q63-0-309-33-00-00-11700","o":"IRWIN JOHN A & DEBRA K JT SURV","a":"3312  ALT ST RT 49","d":"ARCANUM BUTLER LOCAL SCHOOL DISTRICT","t":3428.81,"l":"510: Res-Single Family","c":0}},{"type":"Feature","geometry":{"type":"Polygon","coordinates":[[[-84.574226,40.017229],[-84.575084,40.018383],[-84.574237,40.018394],[-84.574226,40.017229]]]},"properties":{"p":"Q63-1-309-32-04-01-10800","o":"MC KINLEY CHRISTOPHER","a":"6219  SOUTH","d":"ARCANUM BUTLER LOCAL SCHOOL DISTRICT","t":694.56,"l":"510: Res-Single Family","c":0}},{"type":"Feature","geometry":{"type":"Polygon","coordinates":[[[-84.546712,40.08361],[-84.546669,40.081855],[-84.556092,40.081734],[-84.556131,40.083512],[-84.546712,40.08361]]]},"properties":{"p":"Q64-0-309-04-00-00-20100","o":"WETZEL SHANE DAVID","a":"5690  ARCANUM-BEARS MILL","d":"GREENVILLE CITY SCHOOL DISTRICT","t":3611.23,"l":"101: Agr-Cash-Grain Farm","c":0}},{"type":"Feature","geometry":{"type":"Polygon","coordinates":[[[-84.574238,40.311571],[-84.574213,40.310015],[-84.577081,40.309992],[-84.577107,40.311548],[-84.574238,40.311571]]]},"properties":{"p":"R65-0-312-17-00-00-20700","o":"BERGMAN JAY JERALD","a":"6364  COHEE","d":"VERSAILLES EX VILL SCHOOL DISTRICT","t":19358.68,"l":"512: Res-Custom Code","c":0}},{"type":"Feature","geometry":{"type":"Polygon","coordinates":[[[-84.751125,40.148385],[-84.751155,40.147322],[-84.755829,40.147376],[-84.755788,40.148439],[-84.751125,40.148385]]]},"properties":{"p":"S70-0-112-16-00-00-10100","o":"SPRINKLE JOEL & MARIA JT SURV","a":"7906  PALESTINE-U C","d":"GREENVILLE CITY SCHOOL DISTRICT","t":5600,"l":"101: Agr-Cash-Grain Farm","c":0}},{"type":"Feature","geometry":{"type":"Polygon","coordinates":[[[-84.759367,40.148461],[-84.755788,40.148439],[-84.755829,40.147376],[-84.758113,40.147426],[-84.760577,40.147443],[-84.760549,40.148472],[-84.759367,40.148461]]]},"properties":{"p":"S70-0-112-16-00-00-10401","o":"SPRINKLE MARIA & JOEL","a":"WASSON","d":"GREENVILLE CITY SCHOOL DISTRICT","t":3736.25,"l":"502: Res-Custom Code","c":0}},{"type":"Feature","geometry":{"type":"Polygon","coordinates":[[[-84.746285,40.131821],[-84.746623,40.131825],[-84.746662,40.132921],[-84.74642,40.132491],[-84.746285,40.131821]]]},"properties":{"p":"S70-0-112-22-00-00-40700","o":"WENGER LYDIA","a":"PALESTINE-U C","d":"GREENVILLE CITY SCHOOL DISTRICT","t":1501.43,"l":"501: Res-Custom Code","c":0}},{"type":"Feature","geometry":{"type":"Polygon","coordinates":[[[-84.707285,40.097372],[-84.707265,40.096089],[-84.708827,40.096099],[-84.708847,40.097383],[-84.707285,40.097372]]]},"properties":{"p":"S70-0-112-36-00-00-20200","o":"BYRAM DAVID S","a":"6180  N MADISON-COLETWN","d":"GREENVILLE CITY SCHOOL DISTRICT","t":622.57,"l":"599: Res-Other","c":0}},{"type":"Feature","geometry":{"type":"Polygon","coordinates":[[[-84.769844,40.161685],[-84.769855,40.161119],[-84.770647,40.161134],[-84.770636,40.161699],[-84.769844,40.161685]]]},"properties":{"p":"S71-0-112-08-00-00-10101","o":"GIRTON CHAD A","a":"8374  HILGRV-SOUTHERN","d":"MISSISSINAWA VALLEY LOCAL SCHOOL DISTRICT","t":1646.59,"l":"511: Res-Custom Code","c":0}},{"type":"Feature","geometry":{"type":"Polygon","coordinates":[[[-84.754323,40.163136],[-84.754803,40.163632],[-84.754257,40.163839],[-84.753739,40.163352],[-84.754323,40.163136]]]},"properties":{"p":"S71-0-112-09-00-00-10900","o":"STUMP BRIAN J & HOLLY B","a":"1340  CONVERSE","d":"MISSISSINAWA VALLEY LOCAL SCHOOL DISTRICT","t":841.8,"l":"511: Res-Custom Code","c":0}},{"type":"Feature","geometry":{"type":"Polygon","coordinates":[[[-84.789016,40.123416],[-84.783792,40.123387],[-84.783777,40.124476],[-84.784422,40.12448],[-84.784436,40.123424],[-84.789016,40.123449],[-84.788953,40.125804],[-84.77748,40.125633],[-84.777569,40.121326],[-84.789068,40.121467],[-84.789016,40.123416]]]},"properties":{"p":"S71-0-112-20-00-00-30200","o":"ROPP SHARON K","a":"612  WILDCAT","d":"MISSISSINAWA VALLEY LOCAL SCHOOL DISTRICT","t":7227.71,"l":"101: Agr-Cash-Grain Farm","c":0}},{"type":"Feature","geometry":{"type":"Polygon","coordinates":[[[-84.789425,40.114597],[-84.789439,40.114133],[-84.796475,40.114277],[-84.796459,40.114759],[-84.789425,40.114597]]]},"properties":{"p":"S71-0-112-30-00-00-10300","o":"BLAND JOSHUA E","a":"6762  SPRING HILL","d":"MISSISSINAWA VALLEY LOCAL SCHOOL DISTRICT","t":2418.06,"l":"511: Res-Custom Code","c":0}},{"type":"Feature","geometry":{"type":"Polygon","coordinates":[[[-84.767714,40.177469],[-84.767425,40.177183],[-84.767798,40.176961],[-84.768088,40.177247],[-84.767714,40.177469]]]},"properties":{"p":"S71-1-112-04-04-01-11700","o":"CALLIHAN LISA","a":"1036  ST RT 571 W","d":"MISSISSINAWA VALLEY LOCAL SCHOOL DISTRICT","t":1899.71,"l":"510: Res-Single Family","c":0}},{"type":"Feature","geometry":{"type":"Polygon","coordinates":[[[-84.470049,40.184465],[-84.470094,40.184498],[-84.470263,40.184377],[-84.470961,40.184947],[-84.470807,40.185056],[-84.470031,40.184479],[-84.470049,40.184465]]]},"properties":{"p":"T73-0-410-32-00-00-30900","o":"COLLINS DAVID L & COLLINS JACK & COLLINS LINDA C & DUNCAN LEO E & MARY L","a":"SEIBT","d":"VERSAILLES EX VILL SCHOOL DISTRICT","t":396.54,"l":"501: Res-Custom Code","c":0}},{"type":"Feature","geometry":{"type":"Polygon","coordinates":[[[-84.477564,40.187539],[-84.477561,40.187198],[-84.477865,40.187195],[-84.477856,40.187535],[-84.477564,40.187539]]]},"properties":{"p":"T73-1-410-31-02-01-11500","o":"GRILLOT ELEANOR R","a":"9221  ST RT 185","d":"VERSAILLES EX VILL SCHOOL DISTRICT","t":5984.24,"l":"510: Res-Single Family","c":0}},{"type":"Feature","geometry":{"type":"Polygon","coordinates":[[[-84.477561,40.187198],[-84.477559,40.186995],[-84.477868,40.186991],[-84.477865,40.187195],[-84.477561,40.187198]]]},"properties":{"p":"T73-1-410-31-02-01-11600","o":"GRILLOT ELEANOR ROSE","a":"9211  ST RT 185","d":"VERSAILLES EX VILL SCHOOL DISTRICT","t":1298.92,"l":"455: Com-Garage","c":0}},{"type":"Feature","geometry":{"type":"Polygon","coordinates":[[[-84.477559,40.186995],[-84.477557,40.186814],[-84.477871,40.18681],[-84.477868,40.186991],[-84.477559,40.186995]]]},"properties":{"p":"T73-1-410-31-02-01-11700","o":"GRILLOT ELEANOR R","a":"8802  SEIBT","d":"VERSAILLES EX VILL SCHOOL DISTRICT","t":1099.48,"l":"510: Res-Single Family","c":0}},{"type":"Feature","geometry":{"type":"Polygon","coordinates":[[[-84.439216,40.262747],[-84.437965,40.262752],[-84.437901,40.26112],[-84.439383,40.261025],[-84.439465,40.262746],[-84.439216,40.262747]]]},"properties":{"p":"T75-0-410-04-00-00-20100","o":"KRUCKEBERG ROBERT J & DIANA G JT SURV","a":"11918  ST RT 47","d":"RUSSIA LOCAL SCHOOL DISTRICT","t":1567.46,"l":"511: Res-Custom Code","c":0}},{"type":"Feature","geometry":{"type":"Polygon","coordinates":[[[-84.486538,40.228617],[-84.486976,40.228609],[-84.48698,40.228746],[-84.486541,40.228754],[-84.486538,40.228617]]]},"properties":{"p":"T76-2-410-18-03-01-12900","o":"WORDEN GEORGE H JR & JULIA BETH JT SURV","a":"643  CHESTNUT","d":"VERSAILLES EX VILL SCHOOL DISTRICT","t":5487.9,"l":"599: Res-Other","c":0}},{"type":"Feature","geometry":{"type":"Polygon","coordinates":[[[-84.492118,40.217522],[-84.492124,40.217275],[-84.492508,40.217283],[-84.492505,40.21753],[-84.492118,40.217522]]]},"properties":{"p":"T76-2-410-19-03-01-16400","o":"IVY COMMUNITIES OF WEST OHIO LLC","a":"51  MONET LN","d":"VERSAILLES EX VILL SCHOOL DISTRICT","t":280.93,"l":"500: Res-Vacant Land","c":0}},{"type":"Feature","geometry":{"type":"Polygon","coordinates":[[[-84.492124,40.217275],[-84.492065,40.217038],[-84.492508,40.217039],[-84.492508,40.217283],[-84.492124,40.217275]]]},"properties":{"p":"T76-2-410-19-03-01-16500","o":"IVY COMMUNITIES OF WEST OHIO LLC","a":"69  MONET LN","d":"VERSAILLES EX VILL SCHOOL DISTRICT","t":289.59,"l":"500: Res-Vacant Land","c":0}},{"type":"Feature","geometry":{"type":"Polygon","coordinates":[[[-84.492065,40.217038],[-84.492004,40.216791],[-84.492507,40.216792],[-84.492508,40.217039],[-84.492065,40.217038]]]},"properties":{"p":"T76-2-410-19-03-01-16600","o":"IVY COMMUNITIES OF WEST OHIO LLC","a":"87  MONET LN","d":"VERSAILLES EX VILL SCHOOL DISTRICT","t":325.85,"l":"500: Res-Vacant Land","c":0}},{"type":"Feature","geometry":{"type":"Polygon","coordinates":[[[-84.492004,40.216791],[-84.491871,40.216253],[-84.492281,40.216502],[-84.492332,40.216576],[-84.492463,40.21663],[-84.492504,40.216683],[-84.492507,40.216792],[-84.492004,40.216791]]]},"properties":{"p":"T76-2-410-19-03-01-16700","o":"IVY COMMUNITIES OF WEST OHIO LLC","a":"118  MONET LN","d":"VERSAILLES EX VILL SCHOOL DISTRICT","t":494.38,"l":"500: Res-Vacant Land","c":0}},{"type":"Feature","geometry":{"type":"Polygon","coordinates":[[[-84.491871,40.216253],[-84.491816,40.21603],[-84.492501,40.21603],[-84.492513,40.216325],[-84.492411,40.216333],[-84.492327,40.216378],[-84.492282,40.216449],[-84.492281,40.216502],[-84.491871,40.216253]]]},"properties":{"p":"T76-2-410-19-03-01-16800","o":"IVY COMMUNITIES OF WEST OHIO LLC","a":"137  MONET LN","d":"VERSAILLES EX VILL SCHOOL DISTRICT","t":504.84,"l":"500: Res-Vacant Land","c":0}},{"type":"Feature","geometry":{"type":"Polygon","coordinates":[[[-84.492513,40.216325],[-84.492501,40.21603],[-84.493082,40.21603],[-84.493087,40.21619],[-84.492667,40.216417],[-84.492605,40.216356],[-84.492513,40.216325]]]},"properties":{"p":"T76-2-410-19-03-01-16900","o":"IVY COMMUNITIES OF WEST OHIO LLC","a":"126  MONET LN","d":"VERSAILLES EX VILL SCHOOL DISTRICT","t":425.5,"l":"500: Res-Vacant Land","c":0}},{"type":"Feature","geometry":{"type":"Polygon","coordinates":[[[-84.492684,40.216545],[-84.492667,40.216417],[-84.493087,40.21619],[-84.4931,40.216546],[-84.492684,40.216545]]]},"properties":{"p":"T76-2-410-19-03-01-17000","o":"IVY COMMUNITIES OF WEST OHIO LLC","a":"116  MONET LN","d":"VERSAILLES EX VILL SCHOOL DISTRICT","t":283.98,"l":"500: Res-Vacant Land","c":0}},{"type":"Feature","geometry":{"type":"Polygon","coordinates":[[[-84.492686,40.216792],[-84.492684,40.216545],[-84.4931,40.216546],[-84.493108,40.216793],[-84.492686,40.216792]]]},"properties":{"p":"T76-2-410-19-03-01-17100","o":"IVY COMMUNITIES OF WEST OHIO LLC","a":"100  MONET LN","d":"VERSAILLES EX VILL SCHOOL DISTRICT","t":298.16,"l":"500: Res-Vacant Land","c":0}},{"type":"Feature","geometry":{"type":"Polygon","coordinates":[[[-84.492687,40.217039],[-84.492686,40.216792],[-84.493108,40.216793],[-84.493117,40.21704],[-84.492687,40.217039]]]},"properties":{"p":"T76-2-410-19-03-01-17200","o":"IVY COMMUNITIES OF WEST OHIO LLC","a":"82  MONET LN","d":"VERSAILLES EX VILL SCHOOL DISTRICT","t":303.08,"l":"500: Res-Vacant Land","c":0}},{"type":"Feature","geometry":{"type":"Polygon","coordinates":[[[-84.492687,40.217039],[-84.493117,40.21704],[-84.493128,40.21735],[-84.492734,40.217342],[-84.492703,40.21733],[-84.492686,40.2173],[-84.492687,40.217039]]]},"properties":{"p":"T76-2-410-19-03-01-17300","o":"IVY COMMUNITIES OF WEST OHIO LLC","a":"REMIS CT OR MONET LN","d":"VERSAILLES EX VILL SCHOOL DISTRICT","t":382.37,"l":"500: Res-Vacant Land","c":0}},{"type":"Feature","geometry":{"type":"Polygon","coordinates":[[[-84.484125,40.216048],[-84.484126,40.215809],[-84.484584,40.215806],[-84.484586,40.216045],[-84.484125,40.216048]]]},"properties":{"p":"T76-2-410-19-03-02-10800","o":"KRUCKEBERG BRIAN R","a":"696  CENTER S","d":"VERSAILLES EX VILL SCHOOL DISTRICT","t":7186.66,"l":"510: Res-Single Family","c":0}},{"type":"Feature","geometry":{"type":"Polygon","coordinates":[[[-84.485146,40.223971],[-84.485142,40.223631],[-84.485245,40.22363],[-84.48525,40.22397],[-84.485146,40.223971]]]},"properties":{"p":"T76-2-410-19-04-01-12200","o":"JOHNSON WILLIAM E","a":"41  WATER W","d":"VERSAILLES EX VILL SCHOOL DISTRICT","t":2464,"l":"520: Res-Two Family","c":0}},{"type":"Feature","geometry":{"type":"Polygon","coordinates":[[[-84.485071,40.223972],[-84.48506,40.223972],[-84.485059,40.22378],[-84.485041,40.22378],[-84.485038,40.223632],[-84.485142,40.223631],[-84.485146,40.223971],[-84.485071,40.223972]]]},"properties":{"p":"T76-2-410-19-04-01-12300","o":"TORK SOHIER","a":"31  WATER W","d":"VERSAILLES EX VILL SCHOOL DISTRICT","t":1531.08,"l":"520: Res-Two Family","c":0}},{"type":"Feature","geometry":{"type":"Polygon","coordinates":[[[-84.487281,40.220381],[-84.487525,40.220377],[-84.487537,40.220717],[-84.487294,40.220721],[-84.487281,40.220381]]]},"properties":{"p":"T76-2-410-19-04-05-10200","o":"SHAFER BRYAN S & SHAFER TAMMY M JT SURV","a":"222  WARD W","d":"VERSAILLES EX VILL SCHOOL DISTRICT","t":1742.85,"l":"510: Res-Single Family","c":0}},{"type":"Feature","geometry":{"type":"Polygon","coordinates":[[[-84.559368,40.266887],[-84.55892,40.266635],[-84.559393,40.26663],[-84.559368,40.266887]]]},"properties":{"p":"U78-1-312-33-02-01-10400","o":"LITTLE TAMMY","a":"12002  GRNVILLE-ST MARYS","d":"VERSAILLES EX VILL SCHOOL DISTRICT","t":3641.4,"l":"511: Res-Custom Code","c":0}},{"type":"Feature","geometry":{"type":"Polygon","coordinates":[[[-84.558678,40.267139],[-84.558752,40.266955],[-84.559155,40.267141],[-84.559101,40.26728],[-84.558678,40.267139]]]},"properties":{"p":"U78-1-312-33-02-01-10800","o":"JONES SHAWN & JONES DEBRA MICHELLE JT SURV","a":"12018  GRNVILLE-ST MARYS","d":"VERSAILLES EX VILL SCHOOL DISTRICT","t":752.97,"l":"511: Res-Custom Code","c":0}}]}