{"type":"FeatureCollection","features":[{"type":"Feature","geometry":{"type":"Polygon","coordinates":[[[-83.206317,41.107421],[-83.206818,41.107417],[-83.206819,41.107532],[-83.206316,41.107538],[-83.206317,41.107421]]]},"properties":{"p":"F23-00-036748-00-00","o":"ESTEP WILLIAM A II & CARLA M JORDAN","a":"0 S BON AIR AVE","d":"TIFFIN CITY SCHOOL DISTRICT","t":292.32,"l":"500: Res-Vacant Land","c":0}},{"type":"Feature","geometry":{"type":"Polygon","coordinates":[[[-83.245768,41.181927],[-83.245812,41.181084],[-83.246257,41.181083],[-83.246244,41.181424],[-83.247053,41.181438],[-83.247032,41.182005],[-83.245768,41.181927]]]},"properties":{"p":"H26-00-043044-00-00","o":"HEILMAN SHERRILL K & COURTNEY KAY DAYTON ETAL","a":"4015 W CR 592","d":"OLD FORT LOCAL SCHOOL DISTRICT","t":4815.8,"l":"511: Res-Custom Code","c":0}},{"type":"Feature","geometry":{"type":"Polygon","coordinates":[[[-83.227929,41.246204],[-83.227922,41.245372],[-83.22812,41.245371],[-83.228118,41.245853],[-83.228177,41.245853],[-83.228175,41.246201],[-83.227929,41.246204]]]},"properties":{"p":"H26-00-042764-00-00","o":"HOSSLER DIANNA M & DAVIS MATTHEW L JT SUR","a":"0 W CR 61","d":"OLD FORT LOCAL SCHOOL DISTRICT","t":1.48,"l":"501: Res-Custom Code","c":0}},{"type":"Feature","geometry":{"type":"Polygon","coordinates":[[[-83.254638,41.199389],[-83.256182,41.199392],[-83.255664,41.201054],[-83.25566,41.201217],[-83.25456,41.201236],[-83.254638,41.199389]]]},"properties":{"p":"H26-00-042640-02-00","o":"COOK VICKI K","a":"5264 N TR 69","d":"OLD FORT LOCAL SCHOOL DISTRICT","t":1186.99,"l":"101: Agr-Cash-Grain Farm","c":0}},{"type":"Feature","geometry":{"type":"Polygon","coordinates":[[[-83.225085,41.240515],[-83.225082,41.240246],[-83.225809,41.240242],[-83.225812,41.240511],[-83.225085,41.240515]]]},"properties":{"p":"H26-00-042412-00-00","o":"BROSKI EDWARD A III","a":"8051 N CR 31","d":"OLD FORT LOCAL SCHOOL DISTRICT","t":775.88,"l":"569: Res-Custom Code","c":0}},{"type":"Feature","geometry":{"type":"Polygon","coordinates":[[[-83.416067,41.196647],[-83.415949,41.195982],[-83.416579,41.195978],[-83.416588,41.196619],[-83.416067,41.196647]]]},"properties":{"p":"G25-00-041780-00-00","o":"DIAZ EPIFANIO JR","a":"0 N TR 84","d":"LAKOTA LOCAL SCHOOL DISTRICT","t":2203.41,"l":"501: Res-Custom Code","c":0}},{"type":"Feature","geometry":{"type":"Polygon","coordinates":[[[-83.323278,41.201286],[-83.324132,41.201301],[-83.324121,41.20207],[-83.323268,41.202056],[-83.323278,41.201286]]]},"properties":{"p":"G25-00-041776-00-00","o":"MILLER CHERYL S","a":"5398 N CR 5","d":"LAKOTA LOCAL SCHOOL DISTRICT","t":1554.87,"l":"511: Res-Custom Code","c":0}},{"type":"Feature","geometry":{"type":"Polygon","coordinates":[[[-83.357441,41.195365],[-83.35745,41.195839],[-83.357083,41.196093],[-83.356584,41.196091],[-83.357324,41.19559],[-83.357408,41.195486],[-83.357441,41.195365]]]},"properties":{"p":"G25-00-041156-00-00","o":"RUNION TIM","a":"0 W TR 84","d":"LAKOTA LOCAL SCHOOL DISTRICT","t":318.44,"l":"501: Res-Custom Code","c":0}},{"type":"Feature","geometry":{"type":"Polygon","coordinates":[[[-83.420452,41.21605],[-83.420447,41.216411],[-83.419522,41.2164],[-83.41946,41.216042],[-83.420452,41.21605]]]},"properties":{"p":"G25-00-040884-00-00","o":"NYE TOMMY J & DARLA","a":"6379 N US 23","d":"LAKOTA LOCAL SCHOOL DISTRICT","t":367.81,"l":"569: Res-Custom Code","c":0}},{"type":"Feature","geometry":{"type":"Polygon","coordinates":[[[-83.420428,41.217825],[-83.419767,41.217828],[-83.419573,41.216698],[-83.420443,41.216697],[-83.420428,41.217825]]]},"properties":{"p":"G25-00-040764-00-00","o":"DEAN RONALD P","a":"12994 W CR 28","d":"LAKOTA LOCAL SCHOOL DISTRICT","t":1364.37,"l":"501: Res-Custom Code","c":0}},{"type":"Feature","geometry":{"type":"Polygon","coordinates":[[[-83.358907,41.196097],[-83.358493,41.196096],[-83.358452,41.19537],[-83.358894,41.195067],[-83.358907,41.196097]]]},"properties":{"p":"G25-00-040616-02-00","o":"BUSH R CHRIS & RYAN C","a":"9790 W TR 84","d":"LAKOTA LOCAL SCHOOL DISTRICT","t":4718.71,"l":"511: Res-Custom Code","c":0}},{"type":"Feature","geometry":{"type":"Polygon","coordinates":[[[-83.357447,41.195968],[-83.358334,41.195359],[-83.358341,41.195446],[-83.358452,41.19537],[-83.358493,41.196096],[-83.357345,41.196093],[-83.357447,41.196023],[-83.357447,41.195968]]]},"properties":{"p":"G25-00-040616-02-00","o":"BUSH R CHRIS & RYAN C","a":"9790 W TR 84","d":"LAKOTA LOCAL SCHOOL DISTRICT","t":4718.71,"l":"511: Res-Custom Code","c":0}},{"type":"Feature","geometry":{"type":"Polygon","coordinates":[[[-83.404045,41.227766],[-83.404033,41.227643],[-83.403509,41.227663],[-83.403504,41.22723],[-83.405594,41.227226],[-83.405591,41.227781],[-83.404045,41.227766]]]},"properties":{"p":"G25-00-040472-05-01","o":"CORTEZ FRANCISCO JR","a":"7113 N TR 63","d":"LAKOTA LOCAL SCHOOL DISTRICT","t":314.15,"l":"569: Res-Custom Code","c":0}},{"type":"Feature","geometry":{"type":"Polygon","coordinates":[[[-83.403201,41.229523],[-83.403192,41.229243],[-83.405585,41.229259],[-83.40558,41.230312],[-83.403212,41.230326],[-83.403201,41.229523]]]},"properties":{"p":"G25-00-040472-01-00","o":"DIBLE ROBERT VEASY","a":"7315 N TR 63","d":"LAKOTA LOCAL SCHOOL DISTRICT","t":9224.77,"l":"101: Agr-Cash-Grain Farm","c":0}},{"type":"Feature","geometry":{"type":"Polygon","coordinates":[[[-83.327982,41.216912],[-83.32737,41.216914],[-83.32737,41.216616],[-83.328158,41.216614],[-83.328159,41.216912],[-83.327982,41.216912]]]},"properties":{"p":"G25-00-040052-00-00","o":"BUSACK ROBERT G","a":"6400 N TR 1002","d":"LAKOTA LOCAL SCHOOL DISTRICT","t":2960.14,"l":"569: Res-Custom Code","c":0}},{"type":"Feature","geometry":{"type":"Polygon","coordinates":[[[-83.312355,41.209639],[-83.312019,41.209684],[-83.311896,41.209054],[-83.312233,41.209009],[-83.312355,41.209639]]]},"properties":{"p":"G25-00-039768-01-00","o":"PHILLIPS JUSTIN A","a":"7451 W SR 12","d":"LAKOTA LOCAL SCHOOL DISTRICT","t":176.83,"l":"569: Res-Custom Code","c":0}},{"type":"Feature","geometry":{"type":"Polygon","coordinates":[[[-83.37549,41.185836],[-83.375965,41.185834],[-83.375968,41.186442],[-83.375261,41.186439],[-83.375244,41.185837],[-83.37549,41.185836]]]},"properties":{"p":"G25-00-039752-00-00","o":"DEITRICH DARIN D","a":"0 W TR 41","d":"LAKOTA LOCAL SCHOOL DISTRICT","t":902.65,"l":"501: Res-Custom Code","c":0}},{"type":"Feature","geometry":{"type":"Polygon","coordinates":[[[-83.3429,41.226845],[-83.343663,41.226853],[-83.343679,41.227445],[-83.342895,41.227458],[-83.3429,41.226845]]]},"properties":{"p":"G25-00-039724-00-00","o":"FELL CRAIG","a":"7126 N TR 51","d":"LAKOTA LOCAL SCHOOL DISTRICT","t":431.24,"l":"511: Res-Custom Code","c":0}},{"type":"Feature","geometry":{"type":"Polygon","coordinates":[[[-83.37605,41.185834],[-83.376552,41.185824],[-83.376628,41.185786],[-83.376673,41.185701],[-83.376653,41.186446],[-83.375968,41.186442],[-83.375965,41.185834],[-83.37605,41.185834]]]},"properties":{"p":"G25-00-039544-00-00","o":"DEITRICH DARIN D","a":"10725 W TR 41","d":"LAKOTA LOCAL SCHOOL DISTRICT","t":5227.29,"l":"511: Res-Custom Code","c":0}},{"type":"Feature","geometry":{"type":"Polygon","coordinates":[[[-83.346223,41.236151],[-83.346972,41.236153],[-83.346912,41.236238],[-83.346755,41.236261],[-83.346593,41.236332],[-83.346437,41.236487],[-83.346371,41.236721],[-83.346478,41.23712],[-83.346451,41.237529],[-83.346412,41.237757],[-83.346234,41.237891],[-83.346223,41.236151]]]},"properties":{"p":"G25-00-039420-00-00","o":"CESSNA DARL R","a":"9228 W TR 36","d":"LAKOTA LOCAL SCHOOL DISTRICT","t":951.86,"l":"111: Agr-CAUV-Cash-Grain Farm","c":0}},{"type":"Feature","geometry":{"type":"Polygon","coordinates":[[[-83.346371,41.236721],[-83.346437,41.236487],[-83.346593,41.236332],[-83.346755,41.236261],[-83.346912,41.236238],[-83.346972,41.236153],[-83.347705,41.236155],[-83.347664,41.239757],[-83.346245,41.239748],[-83.346234,41.237891],[-83.346412,41.237757],[-83.346451,41.237529],[-83.346478,41.23712],[-83.346371,41.236721]]]},"properties":{"p":"G25-00-039420-00-00","o":"CESSNA DARL R","a":"9228 W TR 36","d":"LAKOTA LOCAL SCHOOL DISTRICT","t":951.86,"l":"111: Agr-CAUV-Cash-Grain Farm","c":0}},{"type":"Feature","geometry":{"type":"Polygon","coordinates":[[[-83.33059,41.180952],[-83.330535,41.181511],[-83.328984,41.181515],[-83.33059,41.180952]]]},"properties":{"p":"G25-00-039328-00-00","o":"FUGITT QUENTIN J","a":"8352 W CR 592","d":"LAKOTA LOCAL SCHOOL DISTRICT","t":259.22,"l":"511: Res-Custom Code","c":0}},{"type":"Feature","geometry":{"type":"Polygon","coordinates":[[[-83.326427,41.215713],[-83.326402,41.215464],[-83.326613,41.215443],[-83.326701,41.216096],[-83.326482,41.21613],[-83.326427,41.215713]]]},"properties":{"p":"G25-00-039212-00-00","o":"FREDERICK SHAWN J","a":"8190 W CR 28","d":"LAKOTA LOCAL SCHOOL DISTRICT","t":264.71,"l":"510: Res-Single Family","c":0}},{"type":"Feature","geometry":{"type":"Polygon","coordinates":[[[-83.320885,41.181933],[-83.320881,41.18152],[-83.322056,41.181525],[-83.322062,41.181945],[-83.320885,41.181933]]]},"properties":{"p":"G25-00-039152-00-00","o":"PATTERSON LINDA MARIE BECKMAN","a":"7881 W CR 592","d":"LAKOTA LOCAL SCHOOL DISTRICT","t":1477.58,"l":"511: Res-Custom Code","c":0}},{"type":"Feature","geometry":{"type":"Polygon","coordinates":[[[-83.402573,41.173421],[-83.402715,41.174188],[-83.401751,41.174184],[-83.402573,41.173421]]]},"properties":{"p":"G24-00-038220-00-00","o":"ANDRUS KALEB A & MATTHEW J ANDRUS ETAL","a":"1317  STONER RD","d":"FOSTORIA CITY SCHOOL DISTRICT","t":2246.67,"l":"511: Res-Custom Code","c":0}},{"type":"Feature","geometry":{"type":"Polygon","coordinates":[[[-83.202143,41.123328],[-83.202132,41.122511],[-83.203117,41.122657],[-83.203112,41.12333],[-83.202143,41.123328]]]},"properties":{"p":"F23-00-037396-00-00","o":"WHITMER BENJAMIN","a":"1658 W TR 198","d":"TIFFIN CITY SCHOOL DISTRICT","t":3599.64,"l":"511: Res-Custom Code","c":0}},{"type":"Feature","geometry":{"type":"Polygon","coordinates":[[[-83.206384,41.107307],[-83.206812,41.10692],[-83.206816,41.107302],[-83.206384,41.107307]]]},"properties":{"p":"F23-00-036752-00-00","o":"ESTEP WILLIAM A II & CARLA M JORDAN","a":"1136 S BON AIR AVE","d":"TIFFIN CITY SCHOOL DISTRICT","t":2752.06,"l":"510: Res-Single Family","c":0}},{"type":"Feature","geometry":{"type":"Polygon","coordinates":[[[-83.206384,41.107307],[-83.206816,41.107302],[-83.206818,41.107417],[-83.206317,41.107421],[-83.206317,41.107367],[-83.206384,41.107307]]]},"properties":{"p":"F23-00-036752-00-00","o":"ESTEP WILLIAM A II & CARLA M JORDAN","a":"1136 S BON AIR AVE","d":"TIFFIN CITY SCHOOL DISTRICT","t":2752.06,"l":"510: Res-Single Family","c":0}},{"type":"Feature","geometry":{"type":"Polygon","coordinates":[[[-83.195559,41.106594],[-83.19564,41.10653],[-83.196071,41.106825],[-83.195971,41.106904],[-83.195559,41.106594]]]},"properties":{"p":"F23-00-036160-00-00","o":"WOLF ANGELA & FREDERICK JT SUR","a":"0 S CENTRAL AVE","d":"TIFFIN CITY SCHOOL DISTRICT","t":607.69,"l":"500: Res-Vacant Land","c":0}},{"type":"Feature","geometry":{"type":"Polygon","coordinates":[[[-83.205576,41.11066],[-83.205576,41.110716],[-83.205039,41.110716],[-83.205039,41.110663],[-83.205576,41.11066]]]},"properties":{"p":"F23-00-035744-00-00","o":"ADAMS DOYLE SHARLENE & CHARLES D ADAMS ETAL","a":"910 S BON AIR AVE","d":"TIFFIN CITY SCHOOL DISTRICT","t":1614.74,"l":"499: Com-Other","c":0}},{"type":"Feature","geometry":{"type":"Polygon","coordinates":[[[-83.205041,41.110445],[-83.205041,41.110431],[-83.205561,41.110429],[-83.205562,41.110544],[-83.20504,41.11055],[-83.205041,41.110445]]]},"properties":{"p":"F23-00-035744-00-00","o":"ADAMS DOYLE SHARLENE & CHARLES D ADAMS ETAL","a":"910 S BON AIR AVE","d":"TIFFIN CITY SCHOOL DISTRICT","t":1614.74,"l":"499: Com-Other","c":0}},{"type":"Feature","geometry":{"type":"Polygon","coordinates":[[[-83.20504,41.11055],[-83.205562,41.110544],[-83.205566,41.11066],[-83.205039,41.110663],[-83.20504,41.11055]]]},"properties":{"p":"F23-00-035744-00-00","o":"ADAMS DOYLE SHARLENE & CHARLES D ADAMS ETAL","a":"910 S BON AIR AVE","d":"TIFFIN CITY SCHOOL DISTRICT","t":1614.74,"l":"499: Com-Other","c":0}},{"type":"Feature","geometry":{"type":"Polygon","coordinates":[[[-83.204281,41.110262],[-83.204281,41.110251],[-83.204862,41.110249],[-83.204861,41.110303],[-83.204281,41.110306],[-83.204281,41.110262]]]},"properties":{"p":"F23-00-035320-00-00","o":"ADAMS TANDY BERT","a":"923 S BON AIR AVE","d":"TIFFIN CITY SCHOOL DISTRICT","t":1880.31,"l":"510: Res-Single Family","c":0}},{"type":"Feature","geometry":{"type":"Polygon","coordinates":[[[-83.204281,41.11034],[-83.204281,41.110306],[-83.204861,41.110303],[-83.204861,41.110372],[-83.204281,41.110374],[-83.204281,41.11034]]]},"properties":{"p":"F23-00-035320-00-00","o":"ADAMS TANDY BERT","a":"923 S BON AIR AVE","d":"TIFFIN CITY SCHOOL DISTRICT","t":1880.31,"l":"510: Res-Single Family","c":0}},{"type":"Feature","geometry":{"type":"Polygon","coordinates":[[[-83.248053,41.104238],[-83.248289,41.104208],[-83.248446,41.104796],[-83.247188,41.104976],[-83.247202,41.104248],[-83.248053,41.104238]]]},"properties":{"p":"F20-00-033964-01-00","o":"ZOELLER CORWIN T","a":"4032 W US 224","d":"HOPEWELL-LOUDON LOCAL SCHOOL DISTRICT","t":1887.16,"l":"511: Res-Custom Code","c":0}},{"type":"Feature","geometry":{"type":"Polygon","coordinates":[[[-83.283312,41.134041],[-83.283287,41.133662],[-83.28374,41.133686],[-83.283767,41.134108],[-83.283312,41.134041]]]},"properties":{"p":"F20-00-033544-00-00","o":"MILLER HARRY R JR & MELANIE A JT SUR","a":"5909 W POPLAR ST","d":"HOPEWELL-LOUDON LOCAL SCHOOL DISTRICT","t":579.48,"l":"510: Res-Single Family","c":0}},{"type":"Feature","geometry":{"type":"Polygon","coordinates":[[[-83.199693,41.097033],[-83.199525,41.097282],[-83.198553,41.096712],[-83.199274,41.096195],[-83.199526,41.095942],[-83.201047,41.096525],[-83.200875,41.096795],[-83.200074,41.096442],[-83.199693,41.097033]]]},"properties":{"p":"F20-00-031976-00-00","o":"STATE OF OHIO","a":"0 S SR 53","d":"HOPEWELL-LOUDON LOCAL SCHOOL DISTRICT","t":375.92,"l":"501: Res-Custom Code","c":0}},{"type":"Feature","geometry":{"type":"Polygon","coordinates":[[[-83.203886,41.15674],[-83.203979,41.156918],[-83.203288,41.157107],[-83.203201,41.156926],[-83.203886,41.15674]]]},"properties":{"p":"F20-00-031572-02-00","o":"BARRICK ADAM C & JESSICA M JT SUR","a":"0 N CR 11","d":"HOPEWELL-LOUDON LOCAL SCHOOL DISTRICT","t":1334.33,"l":"599: Res-Other","c":0}},{"type":"Feature","geometry":{"type":"Polygon","coordinates":[[[-83.255258,41.122797],[-83.255279,41.122797],[-83.255297,41.123357],[-83.254623,41.12337],[-83.254614,41.122804],[-83.255258,41.122797]]]},"properties":{"p":"F20-00-031516-00-00","o":"BABCOCK MICHAEL ERIC","a":"4416 W TR 112","d":"HOPEWELL-LOUDON LOCAL SCHOOL DISTRICT","t":928.88,"l":"511: Res-Custom Code","c":0}},{"type":"Feature","geometry":{"type":"Polygon","coordinates":[[[-83.261528,41.11529],[-83.261528,41.115274],[-83.262291,41.115292],[-83.262269,41.115866],[-83.261524,41.115832],[-83.261528,41.11529]]]},"properties":{"p":"F20-00-031508-00-00","o":"HARRISON JULIE A","a":"782 W TR 110","d":"HOPEWELL-LOUDON LOCAL SCHOOL DISTRICT","t":474.14,"l":"511: Res-Custom Code","c":0}},{"type":"Feature","geometry":{"type":"Polygon","coordinates":[[[-83.262291,41.115292],[-83.263289,41.115316],[-83.263003,41.115708],[-83.262942,41.11577],[-83.262786,41.115853],[-83.262595,41.115882],[-83.262269,41.115866],[-83.262291,41.115292]]]},"properties":{"p":"F20-00-031508-00-00","o":"HARRISON JULIE A","a":"782 W TR 110","d":"HOPEWELL-LOUDON LOCAL SCHOOL DISTRICT","t":474.14,"l":"511: Res-Custom Code","c":0}},{"type":"Feature","geometry":{"type":"Polygon","coordinates":[[[-83.24928,41.083807],[-83.249149,41.083887],[-83.248807,41.083949],[-83.248619,41.084094],[-83.247385,41.084087],[-83.247389,41.083799],[-83.24928,41.083807]]]},"properties":{"p":"F20-00-031408-00-00","o":"MCGEE THOMAS M","a":"2710 S TR 113","d":"HOPEWELL-LOUDON LOCAL SCHOOL DISTRICT","t":2148.5,"l":"511: Res-Custom Code","c":0}},{"type":"Feature","geometry":{"type":"Polygon","coordinates":[[[-83.208051,41.091511],[-83.207474,41.090947],[-83.207462,41.090539],[-83.20838,41.090524],[-83.20839,41.091467],[-83.208051,41.091511]]]},"properties":{"p":"F20-00-031334-04-00","o":"TORRES LISET","a":"2095  TIMBER CREEK DR","d":"HOPEWELL-LOUDON LOCAL SCHOOL DISTRICT","t":115.48,"l":"510: Res-Single Family","c":0}},{"type":"Feature","geometry":{"type":"Polygon","coordinates":[[[-83.285216,41.138969],[-83.285913,41.138964],[-83.285921,41.139697],[-83.285206,41.139702],[-83.285216,41.138969]]]},"properties":{"p":"F20-00-031068-01-00","o":"SMIDUTZ CAROL E & GARY D JT SUR","a":"1092 N SR 635","d":"HOPEWELL-LOUDON LOCAL SCHOOL DISTRICT","t":583.93,"l":"511: Res-Custom Code","c":0}},{"type":"Feature","geometry":{"type":"Polygon","coordinates":[[[-83.291359,41.133026],[-83.291137,41.133022],[-83.29115,41.132369],[-83.291354,41.132367],[-83.291359,41.133026]]]},"properties":{"p":"F20-00-030472-00-00","o":"GOSHE RICKIE N","a":"6310 W TIFFIN ST","d":"HOPEWELL-LOUDON LOCAL SCHOOL DISTRICT","t":2792.12,"l":"510: Res-Single Family","c":0}},{"type":"Feature","geometry":{"type":"Polygon","coordinates":[[[-83.21619,41.116404],[-83.216787,41.116398],[-83.216183,41.117282],[-83.215685,41.117095],[-83.21619,41.116404]]]},"properties":{"p":"F20-00-030300-01-00","o":"BELL STEPHEN P","a":"2346 W CR 26","d":"HOPEWELL-LOUDON LOCAL SCHOOL DISTRICT","t":583.87,"l":"569: Res-Custom Code","c":0}},{"type":"Feature","geometry":{"type":"Polygon","coordinates":[[[-83.282791,41.133545],[-83.282809,41.133365],[-83.283282,41.133389],[-83.283269,41.13357],[-83.282791,41.133545]]]},"properties":{"p":"F20-00-030220-00-00","o":"LANG JOSHUA A","a":"5886 W POPLAR ST","d":"HOPEWELL-LOUDON LOCAL SCHOOL DISTRICT","t":171.5,"l":"500: Res-Vacant Land","c":0}},{"type":"Feature","geometry":{"type":"Polygon","coordinates":[[[-83.166645,41.014914],[-83.166647,41.015875],[-83.165742,41.015887],[-83.165736,41.014918],[-83.166645,41.014914]]]},"properties":{"p":"E18-00-028876-00-00","o":"WADSWORTH LORI J","a":"209 E TR 28","d":"MOHAWK LOCAL SCHOOL DISTRICT","t":1267.85,"l":"511: Res-Custom Code","c":0}},{"type":"Feature","geometry":{"type":"Polygon","coordinates":[[[-83.13416,41.080673],[-83.13416,41.079892],[-83.133665,41.079898],[-83.133644,41.07812],[-83.134363,41.078118],[-83.134734,41.078534],[-83.135272,41.079061],[-83.13616,41.079734],[-83.13626,41.079867],[-83.134232,41.079891],[-83.134233,41.080673],[-83.13416,41.080673]]]},"properties":{"p":"E18-00-028620-00-00","o":"STEYER GREGORY J","a":"1832 E US 224","d":"MOHAWK LOCAL SCHOOL DISTRICT","t":2085.55,"l":"101: Agr-Cash-Grain Farm","c":0}},{"type":"Feature","geometry":{"type":"Polygon","coordinates":[[[-83.107968,41.026716],[-83.107304,41.026322],[-83.107596,41.025854],[-83.107738,41.02587],[-83.107703,41.026027],[-83.108264,41.026177],[-83.108212,41.026636],[-83.108068,41.026755],[-83.107968,41.026716]]]},"properties":{"p":"E18-00-028112-00-00","o":"COPUS JAMES DONALD","a":"6735 S SR 67","d":"MOHAWK LOCAL SCHOOL DISTRICT","t":311.04,"l":"511: Res-Custom Code","c":0}},{"type":"Feature","geometry":{"type":"Polygon","coordinates":[[[-83.107744,41.025853],[-83.107738,41.02587],[-83.107596,41.025854],[-83.107606,41.025837],[-83.107744,41.025853]]]},"properties":{"p":"E18-00-028112-00-00","o":"COPUS JAMES DONALD","a":"6735 S SR 67","d":"MOHAWK LOCAL SCHOOL DISTRICT","t":311.04,"l":"511: Res-Custom Code","c":0}},{"type":"Feature","geometry":{"type":"Polygon","coordinates":[[[-83.120897,41.007927],[-83.122344,41.007907],[-83.115284,41.015279],[-83.112703,41.015289],[-83.112717,41.011761],[-83.115415,41.011718],[-83.115421,41.011941],[-83.116749,41.01192],[-83.116726,41.011113],[-83.115398,41.011134],[-83.11541,41.011553],[-83.112718,41.011596],[-83.112732,41.008043],[-83.120897,41.007927]]]},"properties":{"p":"E18-00-027316-00-00","o":"LUHRING ROGER A","a":"7731 S SR 67","d":"MOHAWK LOCAL SCHOOL DISTRICT","t":5109.51,"l":"111: Agr-CAUV-Cash-Grain Farm","c":0}},{"type":"Feature","geometry":{"type":"Polygon","coordinates":[[[-83.10989,41.067908],[-83.109889,41.067403],[-83.110155,41.066974],[-83.110777,41.066895],[-83.111226,41.066725],[-83.11171,41.066251],[-83.111835,41.066016],[-83.112644,41.06601],[-83.112648,41.066654],[-83.110853,41.067382],[-83.110854,41.067906],[-83.10989,41.067908]]]},"properties":{"p":"E18-00-025892-05-00","o":"SUMMER NANCY E","a":"0 E CR 16","d":"MOHAWK LOCAL SCHOOL DISTRICT","t":664.54,"l":"110: Agr-CAUV-Vacant Land","c":0}},{"type":"Feature","geometry":{"type":"Polygon","coordinates":[[[-83.157458,41.118318],[-83.157459,41.118206],[-83.157958,41.118212],[-83.157955,41.118322],[-83.157458,41.118318]]]},"properties":{"p":"D17-00-024692-00-00","o":"COOPER LESSIE L & JERRI L CASTLE","a":"405 S HURON ST","d":"TIFFIN CITY SCHOOL DISTRICT","t":2170.52,"l":"510: Res-Single Family","c":0}},{"type":"Feature","geometry":{"type":"Polygon","coordinates":[[[-83.157458,41.118426],[-83.157458,41.118318],[-83.157955,41.118322],[-83.157953,41.118432],[-83.157458,41.118426]]]},"properties":{"p":"D17-00-024692-00-00","o":"COOPER LESSIE L & JERRI L CASTLE","a":"405 S HURON ST","d":"TIFFIN CITY SCHOOL DISTRICT","t":2170.52,"l":"510: Res-Single Family","c":0}},{"type":"Feature","geometry":{"type":"Polygon","coordinates":[[[-83.138996,41.124858],[-83.139036,41.124857],[-83.139,41.125208],[-83.139008,41.125797],[-83.13856,41.125802],[-83.138563,41.124866],[-83.138996,41.124858]]]},"properties":{"p":"D17-00-024524-01-00","o":"CHAPMAN DOUGLAS H","a":"0 E SR 18","d":"TIFFIN CITY SCHOOL DISTRICT","t":3.22,"l":"501: Res-Custom Code","c":0}},{"type":"Feature","geometry":{"type":"Polygon","coordinates":[[[-83.131041,41.123026],[-83.131761,41.123001],[-83.131772,41.123583],[-83.131005,41.123603],[-83.131011,41.123027],[-83.131041,41.123026]]]},"properties":{"p":"D17-00-024508-00-00","o":"HICKEY MICHELLE T","a":"70 S TR 15","d":"TIFFIN CITY SCHOOL DISTRICT","t":2748.9,"l":"511: Res-Custom Code","c":0}},{"type":"Feature","geometry":{"type":"Polygon","coordinates":[[[-83.178557,41.093891],[-83.178611,41.094012],[-83.178117,41.094126],[-83.178557,41.093891]]]},"properties":{"p":"D17-00-024120-00-00","o":"LIPCSEY MICHELLE A & JARED M SHANK JT SUR","a":"0 W LELAR ST","d":"TIFFIN CITY SCHOOL DISTRICT","t":427.6,"l":"500: Res-Vacant Land","c":0}},{"type":"Feature","geometry":{"type":"Polygon","coordinates":[[[-83.18408,41.134009],[-83.184225,41.134008],[-83.184235,41.134322],[-83.184091,41.134323],[-83.18408,41.134009]]]},"properties":{"p":"D17-00-023916-00-00","o":"MORROW KLINGMAN S & JOYCE M JT SUR","a":"0 W EIGHTH AVE","d":"TIFFIN CITY SCHOOL DISTRICT","t":181.78,"l":"500: Res-Vacant Land","c":0}},{"type":"Feature","geometry":{"type":"Polygon","coordinates":[[[-83.184091,41.134323],[-83.184235,41.134322],[-83.184235,41.134338],[-83.184091,41.134339],[-83.184091,41.134323]]]},"properties":{"p":"D17-00-023916-00-00","o":"MORROW KLINGMAN S & JOYCE M JT SUR","a":"0 W EIGHTH AVE","d":"TIFFIN CITY SCHOOL DISTRICT","t":181.78,"l":"500: Res-Vacant Land","c":0}},{"type":"Feature","geometry":{"type":"Polygon","coordinates":[[[-83.183789,41.134012],[-83.183935,41.134011],[-83.183947,41.134324],[-83.183797,41.134324],[-83.183789,41.134012]]]},"properties":{"p":"D17-00-023912-00-00","o":"MORROW KLINGMAN S & JOYCE M JT SUR","a":"210 W EIGHTH AVE","d":"TIFFIN CITY SCHOOL DISTRICT","t":329.26,"l":"599: Res-Other","c":0}},{"type":"Feature","geometry":{"type":"Polygon","coordinates":[[[-83.183798,41.134341],[-83.183797,41.134324],[-83.183947,41.134324],[-83.183948,41.13434],[-83.183798,41.134341]]]},"properties":{"p":"D17-00-023912-00-00","o":"MORROW KLINGMAN S & JOYCE M JT SUR","a":"210 W EIGHTH AVE","d":"TIFFIN CITY SCHOOL DISTRICT","t":329.26,"l":"599: Res-Other","c":0}},{"type":"Feature","geometry":{"type":"Polygon","coordinates":[[[-83.08707,41.110563],[-83.087059,41.110013],[-83.087422,41.110014],[-83.087433,41.110564],[-83.08707,41.110563]]]},"properties":{"p":"D17-00-023692-00-00","o":"HARTSEL GUY G","a":"4295 E CR 50","d":"TIFFIN CITY SCHOOL DISTRICT","t":381.19,"l":"511: Res-Custom Code","c":0}},{"type":"Feature","geometry":{"type":"Polygon","coordinates":[[[-83.157513,41.142632],[-83.157265,41.142951],[-83.156541,41.142915],[-83.15654,41.142623],[-83.157513,41.142632]]]},"properties":{"p":"D17-00-023540-00-00","o":"FABER HERBERT A TRUSTEE","a":"575 E TR 122","d":"TIFFIN CITY SCHOOL DISTRICT","t":2010.8,"l":"520: Res-Two Family","c":0}},{"type":"Feature","geometry":{"type":"Polygon","coordinates":[[[-83.18179,41.134034],[-83.1818,41.134337],[-83.181781,41.134337],[-83.18177,41.134034],[-83.18179,41.134034]]]},"properties":{"p":"D17-00-023308-00-00","o":"HICKMAN JAMEY L","a":"0 W EIGHTH AVE","d":"TIFFIN CITY SCHOOL DISTRICT","t":470.23,"l":"500: Res-Vacant Land","c":0}},{"type":"Feature","geometry":{"type":"Polygon","coordinates":[[[-83.181781,41.134337],[-83.1818,41.134337],[-83.181801,41.134354],[-83.181782,41.134354],[-83.181781,41.134337]]]},"properties":{"p":"D17-00-023308-00-00","o":"HICKMAN JAMEY L","a":"0 W EIGHTH AVE","d":"TIFFIN CITY SCHOOL DISTRICT","t":470.23,"l":"500: Res-Vacant Land","c":0}},{"type":"Feature","geometry":{"type":"Polygon","coordinates":[[[-83.181656,41.134035],[-83.18177,41.134034],[-83.181781,41.134337],[-83.181658,41.134338],[-83.181656,41.134035]]]},"properties":{"p":"D17-00-023308-00-00","o":"HICKMAN JAMEY L","a":"0 W EIGHTH AVE","d":"TIFFIN CITY SCHOOL DISTRICT","t":470.23,"l":"500: Res-Vacant Land","c":0}},{"type":"Feature","geometry":{"type":"Polygon","coordinates":[[[-83.138153,41.124218],[-83.138565,41.124213],[-83.138563,41.124866],[-83.138117,41.124876],[-83.13812,41.124218],[-83.138153,41.124218]]]},"properties":{"p":"D17-00-022228-00-00","o":"CHAPMAN DOUGLAS H","a":"0 E SR 18","d":"TIFFIN CITY SCHOOL DISTRICT","t":11.28,"l":"501: Res-Custom Code","c":0}},{"type":"Feature","geometry":{"type":"Polygon","coordinates":[[[-83.157458,41.118652],[-83.157458,41.118534],[-83.15795,41.118542],[-83.157948,41.118652],[-83.157458,41.118652]]]},"properties":{"p":"D17-00-022100-00-00","o":"BLUST JOHN S & RHEA JEAN JT SUR","a":"389 S HURON ST","d":"TIFFIN CITY SCHOOL DISTRICT","t":1927.98,"l":"560: Res-Mobile Home","c":0}},{"type":"Feature","geometry":{"type":"Polygon","coordinates":[[[-83.157458,41.118534],[-83.157458,41.118426],[-83.157953,41.118432],[-83.15795,41.118542],[-83.157458,41.118534]]]},"properties":{"p":"D17-00-022100-00-00","o":"BLUST JOHN S & RHEA JEAN JT SUR","a":"389 S HURON ST","d":"TIFFIN CITY SCHOOL DISTRICT","t":1927.98,"l":"560: Res-Mobile Home","c":0}},{"type":"Feature","geometry":{"type":"Polygon","coordinates":[[[-83.182082,41.134031],[-83.182104,41.13403],[-83.182117,41.134335],[-83.18197,41.134336],[-83.181959,41.134032],[-83.182082,41.134031]]]},"properties":{"p":"D17-00-021288-00-00","o":"JARVIS JESSIE J SR","a":"152 W EIGHTH AVE","d":"TIFFIN CITY SCHOOL DISTRICT","t":841.09,"l":"510: Res-Single Family","c":0}},{"type":"Feature","geometry":{"type":"Polygon","coordinates":[[[-83.123321,41.124346],[-83.123318,41.123797],[-83.123709,41.123794],[-83.123713,41.124344],[-83.123321,41.124346]]]},"properties":{"p":"D17-00-021264-00-00","o":"DERR DUANE D","a":"2396 E SR 18","d":"TIFFIN CITY SCHOOL DISTRICT","t":2083.61,"l":"511: Res-Custom Code","c":0}},{"type":"Feature","geometry":{"type":"Polygon","coordinates":[[[-83.156004,41.142996],[-83.156003,41.142617],[-83.15654,41.142623],[-83.156541,41.143002],[-83.156004,41.142996]]]},"properties":{"p":"D17-00-020948-00-00","o":"FABER HERBERT A TRUSTEE","a":"605 E TR 122","d":"TIFFIN CITY SCHOOL DISTRICT","t":891.33,"l":"511: Res-Custom Code","c":0}},{"type":"Feature","geometry":{"type":"Polygon","coordinates":[[[-83.18182,41.134337],[-83.18197,41.134336],[-83.181971,41.134353],[-83.181821,41.134354],[-83.18182,41.134337]]]},"properties":{"p":"D17-00-020668-00-00","o":"HICKMAN JAMEY L","a":"150 W EIGHTH AVE","d":"TIFFIN CITY SCHOOL DISTRICT","t":3480.11,"l":"510: Res-Single Family","c":0}},{"type":"Feature","geometry":{"type":"Polygon","coordinates":[[[-83.181937,41.134032],[-83.181959,41.134032],[-83.18197,41.134336],[-83.18182,41.134337],[-83.181814,41.134033],[-83.181937,41.134032]]]},"properties":{"p":"D17-00-020668-00-00","o":"HICKMAN JAMEY L","a":"150 W EIGHTH AVE","d":"TIFFIN CITY SCHOOL DISTRICT","t":3480.11,"l":"510: Res-Single Family","c":0}},{"type":"Feature","geometry":{"type":"Polygon","coordinates":[[[-83.110623,41.089795],[-83.111355,41.089799],[-83.111348,41.09021],[-83.110625,41.090202],[-83.110623,41.089795]]]},"properties":{"p":"D17-00-020148-09-00","o":"BOES ALVERN N III & RENEE A JT SUR","a":"2267 S TR 159","d":"TIFFIN CITY SCHOOL DISTRICT","t":6012.26,"l":"510: Res-Single Family","c":0}},{"type":"Feature","geometry":{"type":"Polygon","coordinates":[[[-83.157333,41.142859],[-83.157609,41.142521],[-83.158039,41.142734],[-83.157833,41.143058],[-83.157333,41.142859]]]},"properties":{"p":"D17-00-019864-00-00","o":"FABER HERBERT A TRUSTEE","a":"1290 N TR 73","d":"TIFFIN CITY SCHOOL DISTRICT","t":901.1,"l":"521: Res-Custom Code","c":0}},{"type":"Feature","geometry":{"type":"Polygon","coordinates":[[[-83.138987,41.124207],[-83.139104,41.124206],[-83.139036,41.124857],[-83.138563,41.124866],[-83.138565,41.124213],[-83.138987,41.124207]]]},"properties":{"p":"D17-00-019732-00-00","o":"CHAPMAN DOUGLAS H","a":"1613 E SR 18","d":"TIFFIN CITY SCHOOL DISTRICT","t":109.22,"l":"511: Res-Custom Code","c":0}},{"type":"Feature","geometry":{"type":"Polygon","coordinates":[[[-83.157613,41.119022],[-83.157613,41.119588],[-83.157459,41.119628],[-83.157457,41.119022],[-83.157613,41.119022]]]},"properties":{"p":"D17-00-019184-00-00","o":"BURNS DANIEL J","a":"624 E SR 18","d":"TIFFIN CITY SCHOOL DISTRICT","t":106.41,"l":"500: Res-Vacant Land","c":0}},{"type":"Feature","geometry":{"type":"Polygon","coordinates":[[[-83.157613,41.119588],[-83.157613,41.119022],[-83.157776,41.119022],[-83.157772,41.119546],[-83.157613,41.119588]]]},"properties":{"p":"D17-00-019180-00-00","o":"BURNS DANIEL J","a":"616 E SR 18","d":"TIFFIN CITY SCHOOL DISTRICT","t":1288.5,"l":"510: Res-Single Family","c":0}},{"type":"Feature","geometry":{"type":"Polygon","coordinates":[[[-83.012654,41.052004],[-83.012655,41.051684],[-83.01327,41.051682],[-83.013268,41.052013],[-83.012654,41.052004]]]},"properties":{"p":"C14-00-517632-00-00","o":"JESUS WAY OF LIFE MINISTRY","a":"26 E NEW HAVEN ST","d":"BUCKEYE CENTRAL LOCAL SCHOOL DISTRICT","t":19000.29,"l":"499: Com-Other","c":0}},{"type":"Feature","geometry":{"type":"Polygon","coordinates":[[[-83.013146,41.051645],[-83.012655,41.051645],[-83.012655,41.051473],[-83.013271,41.051473],[-83.01327,41.051645],[-83.013146,41.051645]]]},"properties":{"p":"C14-00-517632-00-00","o":"JESUS WAY OF LIFE MINISTRY","a":"26 E NEW HAVEN ST","d":"BUCKEYE CENTRAL LOCAL SCHOOL DISTRICT","t":19000.29,"l":"499: Com-Other","c":0}},{"type":"Feature","geometry":{"type":"Polygon","coordinates":[[[-83.015495,41.049717],[-83.015496,41.049536],[-83.015998,41.049543],[-83.015995,41.049724],[-83.015495,41.049717]]]},"properties":{"p":"C14-00-017492-00-00","o":"HACKER JEREMIAH & CALEB HACKER","a":"50 S MARION ST","d":"BUCKEYE CENTRAL LOCAL SCHOOL DISTRICT","t":275.05,"l":"510: Res-Single Family","c":0}},{"type":"Feature","geometry":{"type":"Polygon","coordinates":[[[-83.009638,41.05253],[-83.009949,41.052535],[-83.00995,41.053002],[-83.009634,41.052809],[-83.009638,41.05253]]]},"properties":{"p":"C14-00-017316-00-00","o":"ROHE JESSICA L","a":"0  PROSPECT (REAR) ST","d":"BUCKEYE CENTRAL LOCAL SCHOOL DISTRICT","t":2728.06,"l":"500: Res-Vacant Land","c":0}},{"type":"Feature","geometry":{"type":"Polygon","coordinates":[[[-83.020157,41.051283],[-83.020592,41.05129],[-83.020587,41.052089],[-83.020152,41.052085],[-83.020157,41.051283]]]},"properties":{"p":"C14-00-017300-00-00","o":"CARTER DEBORAH K","a":"39 W NEW HAVEN ST","d":"BUCKEYE CENTRAL LOCAL SCHOOL DISTRICT","t":2209.43,"l":"510: Res-Single Family","c":0}},{"type":"Feature","geometry":{"type":"Polygon","coordinates":[[[-83.010266,41.048459],[-83.010263,41.048813],[-83.009961,41.048812],[-83.009963,41.048457],[-83.010266,41.048459]]]},"properties":{"p":"C14-00-016836-02-00","o":"KOPP ANTHONY M","a":"0  LINDA LN","d":"BUCKEYE CENTRAL LOCAL SCHOOL DISTRICT","t":833.62,"l":"500: Res-Vacant Land","c":0}},{"type":"Feature","geometry":{"type":"Polygon","coordinates":[[[-83.010263,41.048813],[-83.010266,41.048459],[-83.010557,41.048462],[-83.010556,41.048814],[-83.010263,41.048813]]]},"properties":{"p":"C14-00-016836-01-00","o":"KOPP ANTHONY M","a":"12  LINDA LN","d":"BUCKEYE CENTRAL LOCAL SCHOOL DISTRICT","t":686.27,"l":"569: Res-Custom Code","c":0}},{"type":"Feature","geometry":{"type":"Polygon","coordinates":[[[-83.009238,41.048809],[-83.008915,41.048808],[-83.008913,41.04845],[-83.00927,41.048453],[-83.009263,41.04881],[-83.009238,41.048809]]]},"properties":{"p":"C14-00-016836-00-00","o":"REINHART DANIEL E & CASSANDRA V JT SUR","a":"18  LINDA LN","d":"BUCKEYE CENTRAL LOCAL SCHOOL DISTRICT","t":496.82,"l":"510: Res-Single Family","c":0}},{"type":"Feature","geometry":{"type":"Polygon","coordinates":[[[-83.015229,41.052649],[-83.015228,41.052771],[-83.014733,41.052767],[-83.014736,41.052638],[-83.015229,41.052649]]]},"properties":{"p":"C14-00-016424-00-00","o":"MCGEE JANET S","a":"0 N MARION ST","d":"BUCKEYE CENTRAL LOCAL SCHOOL DISTRICT","t":156.19,"l":"599: Res-Other","c":0}},{"type":"Feature","geometry":{"type":"Polygon","coordinates":[[[-83.01523,41.052586],[-83.015229,41.052649],[-83.014736,41.052638],[-83.014737,41.052581],[-83.01523,41.052586]]]},"properties":{"p":"C14-00-016420-00-00","o":"MCGEE JANET S","a":"14 N MARION ST","d":"BUCKEYE CENTRAL LOCAL SCHOOL DISTRICT","t":695.37,"l":"510: Res-Single Family","c":0}},{"type":"Feature","geometry":{"type":"Polygon","coordinates":[[[-83.011255,41.052728],[-83.011259,41.052553],[-83.011726,41.052561],[-83.011723,41.052734],[-83.011255,41.052728]]]},"properties":{"p":"C14-00-016336-00-00","o":"DOMINGUEZ KIMBERLY A","a":"10 N MAPLE ST","d":"BUCKEYE CENTRAL LOCAL SCHOOL DISTRICT","t":2463.59,"l":"510: Res-Single Family","c":0}},{"type":"Feature","geometry":{"type":"Polygon","coordinates":[[[-83.014767,41.049796],[-83.014768,41.04978],[-83.015255,41.04978],[-83.015254,41.049929],[-83.014767,41.049929],[-83.014767,41.049796]]]},"properties":{"p":"C14-00-016196-00-00","o":"DEMOSS AMANDA","a":"55 S MARION ST","d":"BUCKEYE CENTRAL LOCAL SCHOOL DISTRICT","t":1029.74,"l":"510: Res-Single Family","c":0}},{"type":"Feature","geometry":{"type":"Polygon","coordinates":[[[-83.015254,41.049929],[-83.015254,41.04994],[-83.014767,41.049939],[-83.014767,41.049929],[-83.015254,41.049929]]]},"properties":{"p":"C14-00-016196-00-00","o":"DEMOSS AMANDA","a":"55 S MARION ST","d":"BUCKEYE CENTRAL LOCAL SCHOOL DISTRICT","t":1029.74,"l":"510: Res-Single Family","c":0}},{"type":"Feature","geometry":{"type":"Polygon","coordinates":[[[-83.012096,41.05216],[-83.01224,41.052162],[-83.012237,41.052549],[-83.012086,41.052548],[-83.012096,41.05216]]]},"properties":{"p":"C14-00-016180-00-00","o":"HOY MATTHEW J & ASHLEY L SINES","a":"31 E NEW HAVEN ST","d":"BUCKEYE CENTRAL LOCAL SCHOOL DISTRICT","t":4205.37,"l":"510: Res-Single Family","c":0}},{"type":"Feature","geometry":{"type":"Polygon","coordinates":[[[-83.017287,41.04905],[-83.017289,41.048886],[-83.01773,41.048893],[-83.017727,41.049056],[-83.017287,41.04905]]]},"properties":{"p":"C14-00-016124-00-00","o":"HAMILTON LINDA L","a":"17  KLAHR ST","d":"BUCKEYE CENTRAL LOCAL SCHOOL DISTRICT","t":1772.6,"l":"510: Res-Single Family","c":0}},{"type":"Feature","geometry":{"type":"Polygon","coordinates":[[[-83.017285,41.049209],[-83.017287,41.04905],[-83.017727,41.049056],[-83.017725,41.049211],[-83.017285,41.049209]]]},"properties":{"p":"C14-00-016124-00-00","o":"HAMILTON LINDA L","a":"17  KLAHR ST","d":"BUCKEYE CENTRAL LOCAL SCHOOL DISTRICT","t":1772.6,"l":"510: Res-Single Family","c":0}},{"type":"Feature","geometry":{"type":"Polygon","coordinates":[[[-83.017282,41.049384],[-83.017283,41.049362],[-83.017723,41.049369],[-83.017723,41.04939],[-83.017282,41.049384]]]},"properties":{"p":"C14-00-016124-00-00","o":"HAMILTON LINDA L","a":"17  KLAHR ST","d":"BUCKEYE CENTRAL LOCAL SCHOOL DISTRICT","t":1772.6,"l":"510: Res-Single Family","c":0}},{"type":"Feature","geometry":{"type":"Polygon","coordinates":[[[-83.017253,41.049384],[-83.017259,41.048886],[-83.017289,41.048886],[-83.017282,41.049384],[-83.017253,41.049384]]]},"properties":{"p":"C14-00-016124-00-00","o":"HAMILTON LINDA L","a":"17  KLAHR ST","d":"BUCKEYE CENTRAL LOCAL SCHOOL DISTRICT","t":1772.6,"l":"510: Res-Single Family","c":0}},{"type":"Feature","geometry":{"type":"Polygon","coordinates":[[[-83.017283,41.049362],[-83.017285,41.049209],[-83.017725,41.049211],[-83.017723,41.049369],[-83.017283,41.049362]]]},"properties":{"p":"C14-00-016124-00-00","o":"HAMILTON LINDA L","a":"17  KLAHR ST","d":"BUCKEYE CENTRAL LOCAL SCHOOL DISTRICT","t":1772.6,"l":"510: Res-Single Family","c":0}},{"type":"Feature","geometry":{"type":"Polygon","coordinates":[[[-83.013099,41.052914],[-83.013097,41.053094],[-83.01264,41.053088],[-83.012642,41.052913],[-83.013099,41.052914]]]},"properties":{"p":"C14-00-016052-00-00","o":"B&A AUBLE PROPERTIES LLC","a":"15 N HIGH ST","d":"BUCKEYE CENTRAL LOCAL SCHOOL DISTRICT","t":19.59,"l":"510: Res-Single Family","c":0}},{"type":"Feature","geometry":{"type":"Polygon","coordinates":[[[-83.015839,41.05251],[-83.01547,41.052506],[-83.015471,41.052333],[-83.015504,41.052332],[-83.015504,41.052361],[-83.015838,41.052367],[-83.015839,41.05251]]]},"properties":{"p":"C14-00-016000-00-00","o":"HAMMOND KELLY R","a":"15 N MARION ST","d":"BUCKEYE CENTRAL LOCAL SCHOOL DISTRICT","t":3821.53,"l":"510: Res-Single Family","c":0}},{"type":"Feature","geometry":{"type":"Polygon","coordinates":[[[-83.013097,41.053094],[-83.013096,41.053272],[-83.012637,41.053266],[-83.01264,41.053088],[-83.013097,41.053094]]]},"properties":{"p":"C14-00-015992-00-00","o":"B&A AUBLE PROPERTIES LLC","a":"17  HIGH ST","d":"BUCKEYE CENTRAL LOCAL SCHOOL DISTRICT","t":19.73,"l":"510: Res-Single Family","c":0}},{"type":"Feature","geometry":{"type":"Polygon","coordinates":[[[-83.016728,41.05204],[-83.016733,41.051773],[-83.016975,41.051775],[-83.016974,41.052042],[-83.016728,41.05204]]]},"properties":{"p":"C14-00-015484-00-00","o":"HOFFERT TONIA M","a":"15 W NEW HAVEN ST","d":"BUCKEYE CENTRAL LOCAL SCHOOL DISTRICT","t":1896.11,"l":"520: Res-Two Family","c":0}},{"type":"Feature","geometry":{"type":"Polygon","coordinates":[[[-83.017649,41.052231],[-83.017644,41.052695],[-83.017282,41.052693],[-83.017285,41.052227],[-83.017649,41.052231]]]},"properties":{"p":"C14-00-015452-00-00","o":"LARICK RICHARD A","a":"24 W NEW HAVEN ST","d":"BUCKEYE CENTRAL LOCAL SCHOOL DISTRICT","t":3862.02,"l":"510: Res-Single Family","c":0}},{"type":"Feature","geometry":{"type":"Polygon","coordinates":[[[-83.016733,41.0506],[-83.016737,41.050403],[-83.017231,41.05041],[-83.017228,41.050603],[-83.016733,41.0506]]]},"properties":{"p":"C14-00-015220-00-00","o":"JOHNSON RONDA G","a":"20 S CLINTON ST","d":"BUCKEYE CENTRAL LOCAL SCHOOL DISTRICT","t":1585.01,"l":"510: Res-Single Family","c":0}},{"type":"Feature","geometry":{"type":"Polygon","coordinates":[[[-83.0136,41.050536],[-83.013598,41.050365],[-83.014074,41.050372],[-83.014073,41.050536],[-83.0136,41.050536]]]},"properties":{"p":"C14-00-015052-00-00","o":"GERNERT AARON J & RACHAEL JT SUR","a":"23  JEFFERSON ST","d":"BUCKEYE CENTRAL LOCAL SCHOOL DISTRICT","t":2912.46,"l":"510: Res-Single Family","c":0}},{"type":"Feature","geometry":{"type":"Polygon","coordinates":[[[-83.071499,41.037412],[-83.071495,41.035865],[-83.072085,41.036116],[-83.072788,41.035564],[-83.073953,41.035863],[-83.073946,41.036277],[-83.07275,41.037408],[-83.071499,41.037412]]]},"properties":{"p":"C13-00-014412-00-00","o":"HOFFERT TONIA M","a":"5290 S TR 171","d":"BUCKEYE CENTRAL LOCAL SCHOOL DISTRICT","t":2813.05,"l":"111: Agr-CAUV-Cash-Grain Farm","c":0}},{"type":"Feature","geometry":{"type":"Polygon","coordinates":[[[-82.973399,41.065732],[-82.974291,41.065736],[-82.974299,41.066432],[-82.973408,41.066441],[-82.973399,41.065732]]]},"properties":{"p":"C13-00-013196-01-00","o":"BILKA JONATHAN M","a":"10170 E TR 12","d":"BUCKEYE CENTRAL LOCAL SCHOOL DISTRICT","t":4755.33,"l":"511: Res-Custom Code","c":0}},{"type":"Feature","geometry":{"type":"Polygon","coordinates":[[[-82.998549,41.056219],[-82.998523,41.057178],[-82.996231,41.057186],[-82.996236,41.056822],[-82.996975,41.056826],[-82.99697,41.056222],[-82.998549,41.056219]]]},"properties":{"p":"C13-00-012908-00-00","o":"MOYER DAVID BYRON & MARIAEVA JT SUR","a":"4648 S CR 49","d":"BUCKEYE CENTRAL LOCAL SCHOOL DISTRICT","t":448.37,"l":"199: Agr-CAUV-Other","c":0}},{"type":"Feature","geometry":{"type":"Polygon","coordinates":[[[-83.419095,41.027064],[-83.420499,41.02706],[-83.420519,41.028799],[-83.418891,41.02879],[-83.418869,41.026942],[-83.419095,41.027064]]]},"properties":{"p":"B10-00-010696-06-00","o":"WALDOCK BRYAN & HEIDI N JT SUR","a":"12944 W CR 6","d":"VANLUE LOCAL SCHOOL DISTRICT","t":16558.4,"l":"101: Agr-Cash-Grain Farm","c":0}},{"type":"Feature","geometry":{"type":"Polygon","coordinates":[[[-83.381199,41.049877],[-83.381762,41.049873],[-83.381761,41.050335],[-83.381199,41.050339],[-83.381199,41.049877]]]},"properties":{"p":"B09-00-010016-00-00","o":"TIELL JEFFREY A","a":"10964 W CR 10","d":"NEW RIEGEL LOCAL SCHOOL DISTRICT","t":2003.35,"l":"511: Res-Custom Code","c":0}},{"type":"Feature","geometry":{"type":"Polygon","coordinates":[[[-83.381762,41.049873],[-83.382308,41.049869],[-83.382311,41.050331],[-83.381761,41.050335],[-83.381762,41.049873]]]},"properties":{"p":"B09-00-010008-01-00","o":"TIELL JEFFREY A","a":"0 W CR 10","d":"NEW RIEGEL LOCAL SCHOOL DISTRICT","t":252.3,"l":"500: Res-Vacant Land","c":0}},{"type":"Feature","geometry":{"type":"Polygon","coordinates":[[[-83.405172,41.049666],[-83.40535,41.049665],[-83.405357,41.050075],[-83.405181,41.050077],[-83.405172,41.049666]]]},"properties":{"p":"B09-00-009848-00-00","o":"HERNANDEZ ANTONIO M","a":"12190 W CR 10","d":"NEW RIEGEL LOCAL SCHOOL DISTRICT","t":787.25,"l":"510: Res-Single Family","c":0}},{"type":"Feature","geometry":{"type":"Polygon","coordinates":[[[-83.404325,41.049673],[-83.404538,41.049671],[-83.404544,41.050082],[-83.404333,41.050084],[-83.404325,41.049673]]]},"properties":{"p":"B09-00-009352-00-00","o":"SLOAT JESTIN","a":"12140 W CR 10","d":"NEW RIEGEL LOCAL SCHOOL DISTRICT","t":2249.62,"l":"511: Res-Custom Code","c":0}},{"type":"Feature","geometry":{"type":"Polygon","coordinates":[[[-83.404954,41.049613],[-83.404947,41.049047],[-83.405157,41.049045],[-83.40517,41.049611],[-83.404954,41.049613]]]},"properties":{"p":"B09-00-009296-00-00","o":"COUCH WAYNE V","a":"0  SMITH ST","d":"NEW RIEGEL LOCAL SCHOOL DISTRICT","t":135.24,"l":"500: Res-Vacant Land","c":0}},{"type":"Feature","geometry":{"type":"Polygon","coordinates":[[[-83.40187,41.050106],[-83.401645,41.050108],[-83.401647,41.049696],[-83.401861,41.049694],[-83.40187,41.050106]]]},"properties":{"p":"B09-00-009284-00-00","o":"LAKE RICHARD A","a":"5010 S SR 23","d":"NEW RIEGEL LOCAL SCHOOL DISTRICT","t":3938.18,"l":"510: Res-Single Family","c":0}},{"type":"Feature","geometry":{"type":"Polygon","coordinates":[[[-83.401861,41.049694],[-83.402039,41.049693],[-83.402046,41.050105],[-83.40187,41.050106],[-83.401861,41.049694]]]},"properties":{"p":"B09-00-009280-00-00","o":"LAKE RICHARD A","a":"0 W CR 10","d":"NEW RIEGEL LOCAL SCHOOL DISTRICT","t":187.86,"l":"599: Res-Other","c":0}},{"type":"Feature","geometry":{"type":"Polygon","coordinates":[[[-83.405157,41.049045],[-83.405376,41.049044],[-83.405384,41.049609],[-83.40517,41.049611],[-83.405157,41.049045]]]},"properties":{"p":"B09-00-009276-00-00","o":"COUCH WAYNE V","a":"12194 W CR 10","d":"NEW RIEGEL LOCAL SCHOOL DISTRICT","t":755.07,"l":"510: Res-Single Family","c":0}},{"type":"Feature","geometry":{"type":"Polygon","coordinates":[[[-83.401563,41.048767],[-83.401564,41.048488],[-83.402424,41.048493],[-83.402412,41.048765],[-83.401563,41.048767]]]},"properties":{"p":"B09-00-008892-01-00","o":"ARTRESSIA SHANNON R","a":"5100 S US 23","d":"NEW RIEGEL LOCAL SCHOOL DISTRICT","t":1231.53,"l":"511: Res-Custom Code","c":0}},{"type":"Feature","geometry":{"type":"Polygon","coordinates":[[[-83.401874,41.07546],[-83.402527,41.075456],[-83.402531,41.075717],[-83.401878,41.07572],[-83.401874,41.07546]]]},"properties":{"p":"B09-00-008744-00-00","o":"EVANS JAMES A JR","a":"0 S SR 23","d":"NEW RIEGEL LOCAL SCHOOL DISTRICT","t":616.83,"l":"500: Res-Vacant Land","c":0}},{"type":"Feature","geometry":{"type":"Polygon","coordinates":[[[-83.322641,41.000499],[-83.322865,41.000562],[-83.322604,41.001062],[-83.32238,41.000998],[-83.322641,41.000499]]]},"properties":{"p":"B07-00-006900-00-00","o":"HILL KYLE","a":"7912 W CR 59","d":"CAREY EX VILL SCHOOL DISTRICT","t":600.32,"l":"510: Res-Single Family","c":0}},{"type":"Feature","geometry":{"type":"Polygon","coordinates":[[[-83.384604,41.008923],[-83.384606,41.008624],[-83.385099,41.008625],[-83.385097,41.008925],[-83.384604,41.008923]]]},"properties":{"p":"B07-00-006784-01-00","o":"HILL CONSTANCE","a":"0  SOUTH ST","d":"CAREY EX VILL SCHOOL DISTRICT","t":12.32,"l":"500: Res-Vacant Land","c":0}},{"type":"Feature","geometry":{"type":"Polygon","coordinates":[[[-83.385262,41.008626],[-83.38526,41.008925],[-83.385097,41.008925],[-83.385099,41.008625],[-83.385262,41.008626]]]},"properties":{"p":"B07-00-006784-00-00","o":"WALTER CONSTANCE SUE","a":"0  CR 59","d":"CAREY EX VILL SCHOOL DISTRICT","t":7.53,"l":"500: Res-Vacant Land","c":0}},{"type":"Feature","geometry":{"type":"Polygon","coordinates":[[[-83.384602,41.009162],[-83.384602,41.00914],[-83.384878,41.009141],[-83.384876,41.009657],[-83.384598,41.009656],[-83.384602,41.009162]]]},"properties":{"p":"B07-00-006780-00-00","o":"HILL CONSTANCE","a":"11134 W CR 59","d":"CAREY EX VILL SCHOOL DISTRICT","t":3365.9,"l":"510: Res-Single Family","c":0}},{"type":"Feature","geometry":{"type":"Polygon","coordinates":[[[-83.384877,41.008924],[-83.38526,41.008925],[-83.385258,41.009142],[-83.384602,41.00914],[-83.384604,41.008923],[-83.384877,41.008924]]]},"properties":{"p":"B07-00-006776-00-00","o":"HILL CONSTANCE","a":"0 W CR 59","d":"CAREY EX VILL SCHOOL DISTRICT","t":11.96,"l":"500: Res-Vacant Land","c":0}},{"type":"Feature","geometry":{"type":"Polygon","coordinates":[[[-83.324108,41.000823],[-83.324022,41.000797],[-83.324291,41.000309],[-83.324295,41.000809],[-83.324262,41.000869],[-83.324108,41.000823]]]},"properties":{"p":"B07-00-006476-00-00","o":"MESSERSMITH JAMES H","a":"8011 W TR 1074","d":"CAREY EX VILL SCHOOL DISTRICT","t":238.81,"l":"569: Res-Custom Code","c":0}},{"type":"Feature","geometry":{"type":"Polygon","coordinates":[[[-83.321968,41.001709],[-83.321749,41.001645],[-83.322016,41.001127],[-83.322253,41.001196],[-83.321994,41.001717],[-83.321968,41.001709]]]},"properties":{"p":"B07-00-006324-00-00","o":"CHAPIN CHRISTOPHER A & LYNDSEY M BROWN JT SUR","a":"7895 W CR 59","d":"CAREY EX VILL SCHOOL DISTRICT","t":1924.22,"l":"510: Res-Single Family","c":0}},{"type":"Feature","geometry":{"type":"Polygon","coordinates":[[[-83.321744,41.001644],[-83.321504,41.001573],[-83.321765,41.001056],[-83.322016,41.001127],[-83.321744,41.001644]]]},"properties":{"p":"B07-00-006320-00-00","o":"CHAPIN CHRISTOPHER A & LYNDSEY M BROWN JT SUR","a":"0 W CR 59","d":"CAREY EX VILL SCHOOL DISTRICT","t":170.59,"l":"500: Res-Vacant Land","c":0}},{"type":"Feature","geometry":{"type":"Polygon","coordinates":[[[-83.053416,41.251609],[-83.053498,41.251456],[-83.05419,41.251663],[-83.054189,41.25184],[-83.053416,41.251609]]]},"properties":{"p":"A05-00-005356-00-00","o":"BOWER STEVEN THOMAS & BETHANY K JT SUR","a":"411 S BROADWAY ST","d":"CLYDE-GREEN SPRINGS EX VILL SCHOOL DISTRICT","t":5043.44,"l":"520: Res-Two Family","c":0}},{"type":"Feature","geometry":{"type":"Polygon","coordinates":[[[-83.04844,41.254789],[-83.048432,41.254982],[-83.047934,41.254973],[-83.04794,41.254779],[-83.04844,41.254789]]]},"properties":{"p":"A05-00-005212-01-08","o":"WOLF MARY E & JOHN M BRUNDAGE JT SUR","a":"127 S LEONARD ST","d":"CLYDE-GREEN SPRINGS EX VILL SCHOOL DISTRICT","t":5338.77,"l":"510: Res-Single Family","c":0}},{"type":"Feature","geometry":{"type":"Polygon","coordinates":[[[-83.059318,41.25388],[-83.059317,41.253743],[-83.060517,41.253739],[-83.060518,41.253876],[-83.059318,41.25388]]]},"properties":{"p":"A05-00-005126-13-00","o":"BARRICK INVESTMENTS LTD","a":"0  PERRY ST","d":"CLYDE-GREEN SPRINGS EX VILL SCHOOL DISTRICT","t":1057.27,"l":"500: Res-Vacant Land","c":0}},{"type":"Feature","geometry":{"type":"Polygon","coordinates":[[[-83.059331,41.255549],[-83.05933,41.255397],[-83.059838,41.2554],[-83.059839,41.255553],[-83.059331,41.255549]]]},"properties":{"p":"A05-00-005126-00-00","o":"BARRICK INVESTMENTS LTD","a":"0 W ADAMS ST","d":"CLYDE-GREEN SPRINGS EX VILL SCHOOL DISTRICT","t":493,"l":"500: Res-Vacant Land","c":0}},{"type":"Feature","geometry":{"type":"Polygon","coordinates":[[[-83.052259,41.254556],[-83.052262,41.254399],[-83.052907,41.254407],[-83.052906,41.254556],[-83.052259,41.254556]]]},"properties":{"p":"A05-00-005064-00-00","o":"TUCKER RANDALL & SHERRY JT SUR","a":"219 S BROADWAY ST","d":"CLYDE-GREEN SPRINGS EX VILL SCHOOL DISTRICT","t":1395.35,"l":"510: Res-Single Family","c":0}},{"type":"Feature","geometry":{"type":"Polygon","coordinates":[[[-83.051586,41.25647],[-83.051793,41.256469],[-83.051791,41.256534],[-83.051946,41.256535],[-83.051946,41.256632],[-83.051295,41.256627],[-83.051293,41.256471],[-83.051586,41.25647]]]},"properties":{"p":"A05-00-004596-00-00","o":"BOWER STEVEN T & BETHANY K JT SUR","a":"100 S BROADWAY ST","d":"CLYDE-GREEN SPRINGS EX VILL SCHOOL DISTRICT","t":2739.92,"l":"420: Com-Retail-Small","c":0}},{"type":"Feature","geometry":{"type":"Polygon","coordinates":[[[-83.051293,41.256471],[-83.051292,41.25639],[-83.051588,41.256392],[-83.051586,41.25647],[-83.051293,41.256471]]]},"properties":{"p":"A05-00-004596-00-00","o":"BOWER STEVEN T & BETHANY K JT SUR","a":"100 S BROADWAY ST","d":"CLYDE-GREEN SPRINGS EX VILL SCHOOL DISTRICT","t":2739.92,"l":"420: Com-Retail-Small","c":0}},{"type":"Feature","geometry":{"type":"Polygon","coordinates":[[[-83.053825,41.255762],[-83.053829,41.255605],[-83.054225,41.255611],[-83.054231,41.255769],[-83.053825,41.255762]]]},"properties":{"p":"A05-00-004516-00-00","o":"MIRACLE JEREMY L & TERINEE J BEIER JT SUR","a":"120 W EUCLID ST","d":"CLYDE-GREEN SPRINGS EX VILL SCHOOL DISTRICT","t":411.15,"l":"510: Res-Single Family","c":0}},{"type":"Feature","geometry":{"type":"Polygon","coordinates":[[[-83.051208,41.255487],[-83.051209,41.255593],[-83.050938,41.255593],[-83.050939,41.255415],[-83.051018,41.255416],[-83.051073,41.255461],[-83.051207,41.255462],[-83.051208,41.255487]]]},"properties":{"p":"A05-00-004316-00-00","o":"ALT PATRICK J","a":"0 W EUCLID ST","d":"CLYDE-GREEN SPRINGS EX VILL SCHOOL DISTRICT","t":1583.89,"l":"480: Com-Warehouse","c":0}},{"type":"Feature","geometry":{"type":"Polygon","coordinates":[[[-83.053792,41.254296],[-83.053787,41.254039],[-83.054178,41.254042],[-83.054181,41.254311],[-83.053792,41.254312],[-83.053792,41.254296]]]},"properties":{"p":"A05-00-004152-00-00","o":"P & A RENTAL","a":"214 S KANSAS ST","d":"CLYDE-GREEN SPRINGS EX VILL SCHOOL DISTRICT","t":166.01,"l":"510: Res-Single Family","c":0}},{"type":"Feature","geometry":{"type":"Polygon","coordinates":[[[-83.054398,41.254217],[-83.054396,41.25397],[-83.054905,41.253966],[-83.054908,41.254213],[-83.054398,41.254217]]]},"properties":{"p":"A05-00-004144-00-00","o":"SMITH RONALD J","a":"217  KANSAS ST","d":"CLYDE-GREEN SPRINGS EX VILL SCHOOL DISTRICT","t":1736.23,"l":"510: Res-Single Family","c":0}},{"type":"Feature","geometry":{"type":"Polygon","coordinates":[[[-83.048177,41.254784],[-83.048186,41.254119],[-83.048405,41.254119],[-83.048398,41.254788],[-83.048177,41.254784]]]},"properties":{"p":"A05-00-004088-00-00","o":"GARCIA REBECCA","a":"218  SMITH ST","d":"CLYDE-GREEN SPRINGS EX VILL SCHOOL DISTRICT","t":468.27,"l":"569: Res-Custom Code","c":0}},{"type":"Feature","geometry":{"type":"Polygon","coordinates":[[[-83.058581,41.220868],[-83.05908,41.220853],[-83.059072,41.221733],[-83.056619,41.221763],[-83.056616,41.221586],[-83.054342,41.221573],[-83.05434,41.221398],[-83.057018,41.22136],[-83.058207,41.220947],[-83.058581,41.220868]]]},"properties":{"p":"A02-00-002412-01-00","o":"FRISCH MATTHEW B","a":"6580 N SR 19","d":"CLYDE-GREEN SPRINGS EX VILL SCHOOL DISTRICT","t":541.77,"l":"599: Res-Other","c":0}},{"type":"Feature","geometry":{"type":"Polygon","coordinates":[[[-82.993976,41.24587],[-82.994519,41.245856],[-82.99451,41.246668],[-82.993976,41.247012],[-82.993976,41.24587]]]},"properties":{"p":"A02-00-002320-01-00","o":"BOWSER JESSICA A","a":"8233 N TR 179","d":"CLYDE-GREEN SPRINGS EX VILL SCHOOL DISTRICT","t":4094.65,"l":"511: Res-Custom Code","c":0}},{"type":"Feature","geometry":{"type":"Polygon","coordinates":[[[-83.039797,41.183913],[-83.039772,41.18584],[-83.039575,41.185783],[-83.039149,41.185777],[-83.038645,41.185745],[-83.038252,41.185753],[-83.03808,41.185775],[-83.03713,41.185757],[-83.037057,41.185767],[-83.036614,41.185747],[-83.03616,41.185775],[-83.035981,41.185765],[-83.0338,41.185798],[-83.033777,41.183847],[-83.039797,41.183913]]]},"properties":{"p":"A02-00-001992-03-00","o":"DRUMMOND ALEXANDER M","a":"4046 N TR 175","d":"CLYDE-GREEN SPRINGS EX VILL SCHOOL DISTRICT","t":177.27,"l":"101: Agr-Cash-Grain Farm","c":0}},{"type":"Feature","geometry":{"type":"Polygon","coordinates":[[[-83.004841,41.223244],[-83.004837,41.222671],[-83.00542,41.222671],[-83.005418,41.223241],[-83.004841,41.223244]]]},"properties":{"p":"A02-00-001704-02-00","o":"CARTER DUSTIN L & THERESA M JT SUR","a":"6671 N TR 190","d":"CLYDE-GREEN SPRINGS EX VILL SCHOOL DISTRICT","t":1187.98,"l":"569: Res-Custom Code","c":0}},{"type":"Feature","geometry":{"type":"Polygon","coordinates":[[[-83.007471,41.227404],[-83.007099,41.227401],[-83.007094,41.226249],[-83.007476,41.226251],[-83.007471,41.227404]]]},"properties":{"p":"A02-00-001440-00-00","o":"FITZPATRICK LOWELL D & KIMBERLY JT SUR","a":"8404 E TR 178","d":"CLYDE-GREEN SPRINGS EX VILL SCHOOL DISTRICT","t":3362.1,"l":"569: Res-Custom Code","c":0}},{"type":"Feature","geometry":{"type":"Polygon","coordinates":[[[-83.033593,41.208835],[-83.034406,41.208798],[-83.034458,41.209911],[-83.033677,41.209944],[-83.033593,41.208835]]]},"properties":{"p":"A02-00-001260-01-00","o":"GRINE ERIC S","a":"5773 N TR 175","d":"CLYDE-GREEN SPRINGS EX VILL SCHOOL DISTRICT","t":1113.82,"l":"511: Res-Custom Code","c":0}},{"type":"Feature","geometry":{"type":"Polygon","coordinates":[[[-83.150133,41.043912],[-83.151156,41.043899],[-83.151154,41.04425],[-83.150139,41.044395],[-83.150133,41.043912]]]},"properties":{"p":"E18-00-027100-01-00","o":"REITER KENNETH A","a":"5491 S TR 151","d":"MOHAWK LOCAL SCHOOL DISTRICT","t":3134.93,"l":"511: Res-Custom Code","c":0}},{"type":"Feature","geometry":{"type":"Polygon","coordinates":[[[-83.181658,41.134338],[-83.181781,41.134337],[-83.181782,41.134354],[-83.181659,41.134355],[-83.181658,41.134338]]]},"properties":{"p":"D17-00-023308-00-00","o":"HICKMAN JAMEY L","a":"0 W EIGHTH AVE","d":"TIFFIN CITY SCHOOL DISTRICT","t":470.23,"l":"500: Res-Vacant Land","c":0}},{"type":"Feature","geometry":{"type":"Polygon","coordinates":[[[-83.18197,41.134336],[-83.182117,41.134335],[-83.182118,41.134351],[-83.181971,41.134353],[-83.18197,41.134336]]]},"properties":{"p":"D17-00-021288-00-00","o":"JARVIS JESSIE J SR","a":"152 W EIGHTH AVE","d":"TIFFIN CITY SCHOOL DISTRICT","t":841.09,"l":"510: Res-Single Family","c":0}},{"type":"Feature","geometry":{"type":"Polygon","coordinates":[[[-83.181801,41.134354],[-83.1818,41.134337],[-83.18182,41.134337],[-83.181821,41.134354],[-83.181801,41.134354]]]},"properties":{"p":"D17-00-020668-00-00","o":"HICKMAN JAMEY L","a":"150 W EIGHTH AVE","d":"TIFFIN CITY SCHOOL DISTRICT","t":3480.11,"l":"510: Res-Single Family","c":0}},{"type":"Feature","geometry":{"type":"Polygon","coordinates":[[[-83.1818,41.134337],[-83.18179,41.134034],[-83.181814,41.134033],[-83.18182,41.134337],[-83.1818,41.134337]]]},"properties":{"p":"D17-00-020668-00-00","o":"HICKMAN JAMEY L","a":"150 W EIGHTH AVE","d":"TIFFIN CITY SCHOOL DISTRICT","t":3480.11,"l":"510: Res-Single Family","c":0}},{"type":"Feature","geometry":{"type":"Polygon","coordinates":[[[-83.014339,41.065647],[-83.014356,41.06561],[-83.015255,41.065619],[-83.015251,41.066644],[-83.014396,41.066663],[-83.013994,41.066645],[-83.01411,41.066403],[-83.014339,41.065647]]]},"properties":{"p":"C13-00-013668-00-00","o":"PHILLIPS RANDY W","a":"4005 S SR 19","d":"BUCKEYE CENTRAL LOCAL SCHOOL DISTRICT","t":585.75,"l":"511: Res-Custom Code","c":0}},{"type":"Feature","geometry":{"type":"Polygon","coordinates":[[[-82.99697,41.056222],[-82.996975,41.056826],[-82.996236,41.056822],[-82.996243,41.056224],[-82.99697,41.056222]]]},"properties":{"p":"C13-00-012908-01-00","o":"STURGILL CLARK W & DANIEL V WILDER ETAL","a":"4660 S CR 49","d":"BUCKEYE CENTRAL LOCAL SCHOOL DISTRICT","t":421.86,"l":"511: Res-Custom Code","c":0}},{"type":"Feature","geometry":{"type":"Polygon","coordinates":[[[-83.015482,41.039837],[-83.015511,41.037608],[-83.017026,41.037616],[-83.016541,41.038863],[-83.015481,41.03998],[-83.015482,41.039837]]]},"properties":{"p":"C13-00-012764-00-00","o":"DELONG ROBERT ALLEN","a":"5985 S SR 19","d":"BUCKEYE CENTRAL LOCAL SCHOOL DISTRICT","t":5038.94,"l":"511: Res-Custom Code","c":0}},{"type":"Feature","geometry":{"type":"Polygon","coordinates":[[[-83.324293,41.000304],[-83.324526,41.000374],[-83.324295,41.000809],[-83.324293,41.000304]]]},"properties":{"p":"B07-00-006476-00-00","o":"MESSERSMITH JAMES H","a":"8011 W TR 1074","d":"CAREY EX VILL SCHOOL DISTRICT","t":238.81,"l":"569: Res-Custom Code","c":0}},{"type":"Feature","geometry":{"type":"Polygon","coordinates":[[[-83.007471,41.227404],[-83.007475,41.226475],[-83.007913,41.226473],[-83.007952,41.227428],[-83.007471,41.227404]]]},"properties":{"p":"A02-00-001432-05-00","o":"CRAWFORD JOHN II","a":"8400 E TR 178   GREEN SPRINGS 44836","d":"CLYDE-GREEN SPRINGS EX VILL SCHOOL DISTRICT","t":338.75,"l":"560: Res-Mobile Home","c":0}},{"type":"Feature","geometry":{"type":"Polygon","coordinates":[[[-82.989964,41.249016],[-82.99086,41.249024],[-82.989987,41.249587],[-82.989964,41.249016]]]},"properties":{"p":"A02-00-001152-00-00","o":"BAILEY JANET A","a":"8585 N SR 101","d":"CLYDE-GREEN SPRINGS EX VILL SCHOOL DISTRICT","t":5962.14,"l":"511: Res-Custom Code","c":0}},{"type":"Feature","geometry":{"type":"Polygon","coordinates":[[[-82.989122,41.249009],[-82.989964,41.249016],[-82.989987,41.249587],[-82.989691,41.249778],[-82.989674,41.249066],[-82.9893,41.249071],[-82.989328,41.250012],[-82.989141,41.250133],[-82.989122,41.249009]]]},"properties":{"p":"A02-00-001148-01-00","o":"BAILEY JANET A","a":"0 N SR 101","d":"CLYDE-GREEN SPRINGS EX VILL SCHOOL DISTRICT","t":242.04,"l":"599: Res-Other","c":0}},{"type":"Feature","geometry":{"type":"Polygon","coordinates":[[[-82.9893,41.249071],[-82.989674,41.249066],[-82.989691,41.249778],[-82.989328,41.250012],[-82.9893,41.249071]]]},"properties":{"p":"A02-00-001148-00-00","o":"BAILEY JANET A","a":"8595 N SR 101","d":"CLYDE-GREEN SPRINGS EX VILL SCHOOL DISTRICT","t":3439.59,"l":"511: Res-Custom Code","c":0}},{"type":"Feature","geometry":{"type":"Polygon","coordinates":[[[-83.01635,41.22408],[-83.017107,41.224082],[-83.016977,41.225035],[-83.016755,41.225025],[-83.01668,41.225572],[-83.015178,41.225334],[-83.015179,41.224961],[-83.01627,41.225005],[-83.01635,41.22408]]]},"properties":{"p":"A02-00-001140-03-00","o":"HALBEISEN JEREMY A","a":"6816 N SR 228","d":"CLYDE-GREEN SPRINGS EX VILL SCHOOL DISTRICT","t":1055.18,"l":"560: Res-Mobile Home","c":0}},{"type":"Feature","geometry":{"type":"Polygon","coordinates":[[[-83.015194,41.221295],[-83.01519,41.222327],[-83.007428,41.222353],[-83.007412,41.220355],[-83.015197,41.22047],[-83.015196,41.220825],[-83.01427,41.220829],[-83.014268,41.221299],[-83.015194,41.221295]]]},"properties":{"p":"A01-00-001972-00-00","o":"CHESTNUTTE DAWN PATTEN","a":"6573 N SR 228","d":"BELLEVUE CITY SCHOOL DISTRICT","t":670.57,"l":"111: Agr-CAUV-Cash-Grain Farm","c":0}},{"type":"Feature","geometry":{"type":"Polygon","coordinates":[[[-82.995049,41.206321],[-82.995062,41.205599],[-82.996466,41.205594],[-82.99646,41.206412],[-82.995047,41.206423],[-82.995049,41.206321]]]},"properties":{"p":"A01-00-000592-01-00","o":"FERRELL SHAWN E","a":"5520  TR 179","d":"BELLEVUE CITY SCHOOL DISTRICT","t":3656.63,"l":"599: Res-Other","c":0}},{"type":"Feature","geometry":{"type":"Polygon","coordinates":[[[-82.99646,41.206412],[-82.996466,41.205594],[-82.995062,41.205599],[-82.995065,41.205384],[-82.997563,41.205397],[-82.99756,41.206784],[-82.996468,41.206815],[-82.99646,41.206412]]]},"properties":{"p":"A01-00-000592-00-00","o":"FERRELL SHAWN","a":"0  TR 179","d":"BELLEVUE CITY SCHOOL DISTRICT","t":1863.98,"l":"501: Res-Custom Code","c":0}},{"type":"Feature","geometry":{"type":"Polygon","coordinates":[[[-82.976413,41.238078],[-82.97641,41.238436],[-82.975549,41.238438],[-82.975555,41.238069],[-82.976413,41.238078]]]},"properties":{"p":"A01-00-000456-01-00","o":"HALL ROBERT J","a":"7740 N CR 21","d":"BELLEVUE CITY SCHOOL DISTRICT","t":1296.19,"l":"511: Res-Custom Code","c":0}},{"type":"Feature","geometry":{"type":"Polygon","coordinates":[[[-82.975311,41.212614],[-82.974704,41.212609],[-82.97468,41.210861],[-82.975967,41.210854],[-82.975947,41.21262],[-82.975311,41.212614]]]},"properties":{"p":"A01-00-000152-01-00","o":"FRITZ DANIEL G","a":"5949 N CR 21","d":"BELLEVUE CITY SCHOOL DISTRICT","t":1079.24,"l":"111: Agr-CAUV-Cash-Grain Farm","c":0}},{"type":"Feature","geometry":{"type":"Polygon","coordinates":[[[-82.99468,41.23371],[-82.994672,41.234536],[-82.993407,41.234538],[-82.993342,41.234267],[-82.993763,41.234023],[-82.99468,41.23371]]]},"properties":{"p":"A01-00-000016-01-00","o":"BICKELHAUPT CHAD & MISTIE G JT SUR","a":"7475 N TR 179","d":"BELLEVUE CITY SCHOOL DISTRICT","t":4018.64,"l":"511: Res-Custom Code","c":0}},{"type":"Feature","geometry":{"type":"Polygon","coordinates":[[[-83.413159,41.140667],[-83.413158,41.14027],[-83.413267,41.140269],[-83.413268,41.140667],[-83.413159,41.140667]]]},"properties":{"p":"I33-00-052120-00-00","o":"WEAVER KEVIN E","a":"0 W ALLEN ST","d":"FOSTORIA CITY SCHOOL DISTRICT","t":119.39,"l":"500: Res-Vacant Land","c":0}},{"type":"Feature","geometry":{"type":"Polygon","coordinates":[[[-83.412948,41.140271],[-83.413049,41.14027],[-83.41305,41.140668],[-83.412941,41.140668],[-83.412948,41.140271]]]},"properties":{"p":"I33-00-052140-00-00","o":"WEAVER KEVIN E","a":"0 W ALLEN ST","d":"FOSTORIA CITY SCHOOL DISTRICT","t":229.08,"l":"599: Res-Other","c":0}},{"type":"Feature","geometry":{"type":"Polygon","coordinates":[[[-83.053718,41.134633],[-83.053729,41.133698],[-83.054562,41.133841],[-83.054552,41.134639],[-83.053718,41.134633]]]},"properties":{"p":"L41-00-064888-05-00","o":"MYERS DAVID S","a":"","d":"SENECA EAST LOCAL SCHOOL DISTRICT","t":1376.98,"l":"","c":0}},{"type":"Feature","geometry":{"type":"Polygon","coordinates":[[[-83.300091,41.028325],[-83.300151,41.028325],[-83.300149,41.028782],[-83.300097,41.028782],[-83.300091,41.028325]]]},"properties":{"p":"M44-00-071644-00-00","o":"DULANEY JESSE L & JESSICA Y JT SUR","a":"6710 W CR 6","d":"MOHAWK LOCAL SCHOOL DISTRICT","t":616.44,"l":"510: Res-Single Family","c":0}},{"type":"Feature","geometry":{"type":"Polygon","coordinates":[[[-82.920003,40.997792],[-82.920046,40.997707],[-82.920527,40.997911],[-82.920449,40.998069],[-82.920003,40.997792]]]},"properties":{"p":"O49-00-078452-00-00","o":"WYANDT SHAWN M & JESSICA M JT SUR","a":"8705 S SR 4","d":"SENECA EAST LOCAL SCHOOL DISTRICT","t":1610.85,"l":"510: Res-Single Family","c":0}},{"type":"Feature","geometry":{"type":"Polygon","coordinates":[[[-82.922042,40.997741],[-82.922013,40.997741],[-82.922015,40.997543],[-82.922044,40.997543],[-82.922042,40.997741]]]},"properties":{"p":"O49-00-078440-00-00","o":"BREWSTER CANDISS M & ELBERT A","a":"12910  TR 1065","d":"SENECA EAST LOCAL SCHOOL DISTRICT","t":1135.22,"l":"510: Res-Single Family","c":0}},{"type":"Feature","geometry":{"type":"Polygon","coordinates":[[[-82.922261,40.997544],[-82.922259,40.99774],[-82.922042,40.997741],[-82.922044,40.997543],[-82.922261,40.997544]]]},"properties":{"p":"O49-00-078440-00-00","o":"BREWSTER CANDISS M & ELBERT A","a":"12910  TR 1065","d":"SENECA EAST LOCAL SCHOOL DISTRICT","t":1135.22,"l":"510: Res-Single Family","c":0}},{"type":"Feature","geometry":{"type":"Polygon","coordinates":[[[-82.869292,41.191082],[-82.869273,41.189847],[-82.870045,41.189858],[-82.870023,41.19108],[-82.869292,41.191082]]]},"properties":{"p":"N47-00-077287-01-00","o":"SDM EQUITY LLC","a":"15581 E CR 46","d":"SENECA EAST LOCAL SCHOOL DISTRICT","t":79.64,"l":"480: Com-Warehouse","c":0}},{"type":"Feature","geometry":{"type":"Polygon","coordinates":[[[-82.918938,41.170988],[-82.918936,41.171084],[-82.91769,41.170993],[-82.917689,41.171237],[-82.915796,41.171244],[-82.915802,41.170379],[-82.917695,41.170373],[-82.917691,41.170897],[-82.918938,41.170988]]]},"properties":{"p":"N47-00-077232-01-00","o":"ROOT ROGER J & ANN M JT SUR","a":"3135 N TR 80","d":"SENECA EAST LOCAL SCHOOL DISTRICT","t":4417.47,"l":"511: Res-Custom Code","c":0}},{"type":"Feature","geometry":{"type":"Polygon","coordinates":[[[-82.857601,41.235618],[-82.857308,41.235616],[-82.857311,41.235396],[-82.857957,41.235404],[-82.857955,41.235622],[-82.857601,41.235618]]]},"properties":{"p":"N46-00-076352-00-00","o":"HICKS JONATHAN","a":"7651  WASHINGTON ST","d":"BELLEVUE CITY SCHOOL DISTRICT","t":2276.52,"l":"560: Res-Mobile Home","c":0}},{"type":"Feature","geometry":{"type":"Polygon","coordinates":[[[-82.861489,41.233707],[-82.861488,41.233479],[-82.862004,41.233486],[-82.861853,41.233714],[-82.861489,41.233707]]]},"properties":{"p":"N46-00-076328-00-00","o":"BRADEN CLAYTON & LISA MILLER JT SUR","a":"0  TR 199","d":"BELLEVUE CITY SCHOOL DISTRICT","t":208.92,"l":"500: Res-Vacant Land","c":0}},{"type":"Feature","geometry":{"type":"Polygon","coordinates":[[[-82.886388,41.212343],[-82.886397,41.211783],[-82.887925,41.211793],[-82.887914,41.212379],[-82.886388,41.212343]]]},"properties":{"p":"N46-00-075996-00-00","o":"GIBBS ROY R","a":"14599 E CR 32","d":"BELLEVUE CITY SCHOOL DISTRICT","t":0.01,"l":"511: Res-Custom Code","c":0}},{"type":"Feature","geometry":{"type":"Polygon","coordinates":[[[-82.935447,41.229221],[-82.935449,41.229209],[-82.93704,41.229203],[-82.937037,41.229614],[-82.935285,41.229621],[-82.935447,41.229221]]]},"properties":{"p":"N46-00-075792-00-00","o":"ELDER ROBERT","a":"0 E TR 178","d":"BELLEVUE CITY SCHOOL DISTRICT","t":4374.69,"l":"501: Res-Custom Code","c":0}},{"type":"Feature","geometry":{"type":"Polygon","coordinates":[[[-82.859681,41.235742],[-82.859682,41.235714],[-82.860161,41.23572],[-82.86016,41.235748],[-82.859681,41.235742]]]},"properties":{"p":"N46-00-075748-00-00","o":"ROOT ROGER J","a":"7670  MAIN ST","d":"BELLEVUE CITY SCHOOL DISTRICT","t":2429.36,"l":"510: Res-Single Family","c":0}},{"type":"Feature","geometry":{"type":"Polygon","coordinates":[[[-82.859678,41.235923],[-82.859681,41.235742],[-82.86016,41.235748],[-82.860156,41.235929],[-82.859678,41.235923]]]},"properties":{"p":"N46-00-075748-00-00","o":"ROOT ROGER J","a":"7670  MAIN ST","d":"BELLEVUE CITY SCHOOL DISTRICT","t":2429.36,"l":"510: Res-Single Family","c":0}},{"type":"Feature","geometry":{"type":"Polygon","coordinates":[[[-82.858523,41.240674],[-82.85853,41.240253],[-82.858763,41.240256],[-82.858756,41.240677],[-82.858523,41.240674]]]},"properties":{"p":"N46-00-075688-00-00","o":"THOMAS PATRICK K","a":"16040 E CR 34","d":"BELLEVUE CITY SCHOOL DISTRICT","t":5335.39,"l":"510: Res-Single Family","c":0}},{"type":"Feature","geometry":{"type":"Polygon","coordinates":[[[-82.85966,41.191659],[-82.860574,41.19164],[-82.860573,41.191688],[-82.859661,41.191707],[-82.85966,41.191659]]]},"properties":{"p":"N46-00-075457-03-00","o":"MILLER ROSE MARIE LE ETAL","a":"0 N CR 29","d":"BELLEVUE CITY SCHOOL DISTRICT","t":128.03,"l":"501: Res-Custom Code","c":0}},{"type":"Feature","geometry":{"type":"Polygon","coordinates":[[[-82.859318,41.237419],[-82.859211,41.237585],[-82.858832,41.237587],[-82.858835,41.237421],[-82.859318,41.237419]]]},"properties":{"p":"N46-00-075200-00-00","o":"BLACK AMY L","a":"7777  MAIN ST","d":"BELLEVUE CITY SCHOOL DISTRICT","t":6281.74,"l":"510: Res-Single Family","c":0}},{"type":"Feature","geometry":{"type":"Polygon","coordinates":[[[-82.858832,41.237587],[-82.859211,41.237585],[-82.859001,41.237912],[-82.858827,41.237912],[-82.858832,41.237587]]]},"properties":{"p":"N46-00-075196-00-00","o":"BLACK AMY L","a":"0  MAIN ST","d":"BELLEVUE CITY SCHOOL DISTRICT","t":499.79,"l":"500: Res-Vacant Land","c":0}},{"type":"Feature","geometry":{"type":"Polygon","coordinates":[[[-82.879297,41.214006],[-82.879306,41.213412],[-82.880895,41.213421],[-82.880878,41.214016],[-82.879297,41.214006]]]},"properties":{"p":"N46-00-075132-00-00","o":"PHIPPS RAELENE","a":"6140 N TR 82","d":"BELLEVUE CITY SCHOOL DISTRICT","t":9841.1,"l":"511: Res-Custom Code","c":0}},{"type":"Feature","geometry":{"type":"Polygon","coordinates":[[[-82.860436,41.234928],[-82.860261,41.234926],[-82.860261,41.234501],[-82.860443,41.234503],[-82.860436,41.234928]]]},"properties":{"p":"N46-00-075028-00-00","o":"STEVENS WILLIAM","a":"15960  WATER ST","d":"BELLEVUE CITY SCHOOL DISTRICT","t":7666.54,"l":"510: Res-Single Family","c":0}},{"type":"Feature","geometry":{"type":"Polygon","coordinates":[[[-82.859711,41.23434],[-82.859711,41.234299],[-82.860193,41.234305],[-82.860192,41.234346],[-82.859711,41.23434]]]},"properties":{"p":"N46-00-074740-00-00","o":"SPANFELLNER BART N","a":"0  MAIN ST","d":"BELLEVUE CITY SCHOOL DISTRICT","t":510.9,"l":"500: Res-Vacant Land","c":0}},{"type":"Feature","geometry":{"type":"Polygon","coordinates":[[[-82.85829,41.240671],[-82.858297,41.240249],[-82.85853,41.240253],[-82.858523,41.240674],[-82.85829,41.240671]]]},"properties":{"p":"N46-00-074720-00-00","o":"WORSTALL ROBERT S","a":"0 E CR 34","d":"BELLEVUE CITY SCHOOL DISTRICT","t":989.51,"l":"500: Res-Vacant Land","c":0}},{"type":"Feature","geometry":{"type":"Polygon","coordinates":[[[-83.298673,41.028226],[-83.299146,41.028223],[-83.299193,41.028278],[-83.298671,41.028278],[-83.298673,41.028226]]]},"properties":{"p":"M44-00-073040-00-00","o":"BURD RANDY S & MICHELLE D LAUGHERTY JT SUR","a":"6565  TR 1127","d":"MOHAWK LOCAL SCHOOL DISTRICT","t":594.39,"l":"560: Res-Mobile Home","c":0}},{"type":"Feature","geometry":{"type":"Polygon","coordinates":[[[-83.298456,41.028228],[-83.298387,41.028152],[-83.298408,41.028142],[-83.298486,41.028228],[-83.298456,41.028228]]]},"properties":{"p":"M44-00-073040-00-00","o":"BURD RANDY S & MICHELLE D LAUGHERTY JT SUR","a":"6565  TR 1127","d":"MOHAWK LOCAL SCHOOL DISTRICT","t":594.39,"l":"560: Res-Mobile Home","c":0}},{"type":"Feature","geometry":{"type":"Polygon","coordinates":[[[-83.29901,41.028065],[-83.298673,41.028226],[-83.298486,41.028228],[-83.298408,41.028142],[-83.29888,41.027913],[-83.29901,41.028065]]]},"properties":{"p":"M44-00-073040-00-00","o":"BURD RANDY S & MICHELLE D LAUGHERTY JT SUR","a":"6565  TR 1127","d":"MOHAWK LOCAL SCHOOL DISTRICT","t":594.39,"l":"560: Res-Mobile Home","c":0}},{"type":"Feature","geometry":{"type":"Polygon","coordinates":[[[-83.298673,41.028226],[-83.29901,41.028065],[-83.299146,41.028223],[-83.298673,41.028226]]]},"properties":{"p":"M44-00-073040-00-00","o":"BURD RANDY S & MICHELLE D LAUGHERTY JT SUR","a":"6565  TR 1127","d":"MOHAWK LOCAL SCHOOL DISTRICT","t":594.39,"l":"560: Res-Mobile Home","c":0}},{"type":"Feature","geometry":{"type":"Polygon","coordinates":[[[-83.298478,41.028228],[-83.298673,41.028226],[-83.298671,41.028278],[-83.298497,41.028278],[-83.298456,41.028228],[-83.298478,41.028228]]]},"properties":{"p":"M44-00-073040-00-00","o":"BURD RANDY S & MICHELLE D LAUGHERTY JT SUR","a":"6565  TR 1127","d":"MOHAWK LOCAL SCHOOL DISTRICT","t":594.39,"l":"560: Res-Mobile Home","c":0}},{"type":"Feature","geometry":{"type":"Polygon","coordinates":[[[-83.258347,40.992934],[-83.258492,40.992782],[-83.259324,40.992779],[-83.259338,40.993264],[-83.258862,40.993271],[-83.258322,40.992959],[-83.258347,40.992934]]]},"properties":{"p":"M44-00-072668-00-00","o":"HEILMAN DANIEL H","a":"8994 S SR 53","d":"MOHAWK LOCAL SCHOOL DISTRICT","t":107.06,"l":"511: Res-Custom Code","c":0}},{"type":"Feature","geometry":{"type":"Polygon","coordinates":[[[-83.212035,41.027915],[-83.212181,41.026423],[-83.212994,41.027063],[-83.213679,41.027521],[-83.21368,41.027976],[-83.212035,41.027915]]]},"properties":{"p":"M44-00-072632-00-00","o":"BLOOM CHEYENNE W","a":"6625 S TR 131","d":"MOHAWK LOCAL SCHOOL DISTRICT","t":2600.15,"l":"511: Res-Custom Code","c":0}},{"type":"Feature","geometry":{"type":"Polygon","coordinates":[[[-83.21368,41.027976],[-83.213679,41.027521],[-83.213967,41.027687],[-83.214297,41.027806],[-83.214309,41.028003],[-83.21368,41.027976]]]},"properties":{"p":"M44-00-072628-00-00","o":"BLOOM CHEYENNE W","a":"0 S TR 131","d":"MOHAWK LOCAL SCHOOL DISTRICT","t":183.83,"l":"501: Res-Custom Code","c":0}},{"type":"Feature","geometry":{"type":"Polygon","coordinates":[[[-83.255553,40.99328],[-83.255555,40.992877],[-83.255775,40.992876],[-83.255771,40.993282],[-83.255553,40.99328]]]},"properties":{"p":"M44-00-072140-00-00","o":"DANNER EMILY S","a":"4425 W CR 58","d":"MOHAWK LOCAL SCHOOL DISTRICT","t":4757.05,"l":"510: Res-Single Family","c":0}},{"type":"Feature","geometry":{"type":"Polygon","coordinates":[[[-83.255294,40.993277],[-83.255294,40.992878],[-83.255555,40.992877],[-83.255553,40.99328],[-83.255294,40.993277]]]},"properties":{"p":"M44-00-072140-00-00","o":"DANNER EMILY S","a":"4425 W CR 58","d":"MOHAWK LOCAL SCHOOL DISTRICT","t":4757.05,"l":"510: Res-Single Family","c":0}},{"type":"Feature","geometry":{"type":"Polygon","coordinates":[[[-83.300945,41.000351],[-83.300926,40.999848],[-83.301424,40.999847],[-83.301425,41.000349],[-83.300945,41.000351]]]},"properties":{"p":"M44-00-071980-00-00","o":"FREDRITZ EDWARD & DOLORES JT SUR","a":"6800 W CR 59","d":"MOHAWK LOCAL SCHOOL DISTRICT","t":1279.94,"l":"560: Res-Mobile Home","c":0}},{"type":"Feature","geometry":{"type":"Polygon","coordinates":[[[-83.299842,41.028782],[-83.299451,41.028326],[-83.299842,41.028326],[-83.299842,41.028782]]]},"properties":{"p":"M44-00-071648-00-00","o":"DULANEY JESSE L & JESSICA Y JT SUR","a":"0 W CR 6","d":"MOHAWK LOCAL SCHOOL DISTRICT","t":56.04,"l":"500: Res-Vacant Land","c":0}},{"type":"Feature","geometry":{"type":"Polygon","coordinates":[[[-83.300091,41.028325],[-83.300091,41.02827],[-83.300151,41.02827],[-83.300151,41.028325],[-83.300091,41.028325]]]},"properties":{"p":"M44-00-071644-00-00","o":"DULANEY JESSE L & JESSICA Y JT SUR","a":"6710 W CR 6","d":"MOHAWK LOCAL SCHOOL DISTRICT","t":616.44,"l":"510: Res-Single Family","c":0}},{"type":"Feature","geometry":{"type":"Polygon","coordinates":[[[-83.299842,41.028326],[-83.299841,41.028271],[-83.300091,41.02827],[-83.300091,41.028325],[-83.299842,41.028326]]]},"properties":{"p":"M44-00-071644-00-00","o":"DULANEY JESSE L & JESSICA Y JT SUR","a":"6710 W CR 6","d":"MOHAWK LOCAL SCHOOL DISTRICT","t":616.44,"l":"510: Res-Single Family","c":0}},{"type":"Feature","geometry":{"type":"Polygon","coordinates":[[[-83.299842,41.028326],[-83.300091,41.028325],[-83.300097,41.028782],[-83.299842,41.028782],[-83.299842,41.028326]]]},"properties":{"p":"M44-00-071644-00-00","o":"DULANEY JESSE L & JESSICA Y JT SUR","a":"6710 W CR 6","d":"MOHAWK LOCAL SCHOOL DISTRICT","t":616.44,"l":"510: Res-Single Family","c":0}},{"type":"Feature","geometry":{"type":"Polygon","coordinates":[[[-83.299451,41.028326],[-83.299406,41.028274],[-83.299841,41.028271],[-83.299842,41.028326],[-83.299451,41.028326]]]},"properties":{"p":"M44-00-071640-00-00","o":"DULANEY JESSE L & JESSICA Y JT SUR","a":"0  TR 1127","d":"MOHAWK LOCAL SCHOOL DISTRICT","t":56.47,"l":"500: Res-Vacant Land","c":0}},{"type":"Feature","geometry":{"type":"Polygon","coordinates":[[[-83.299362,41.028223],[-83.300151,41.028215],[-83.300151,41.02827],[-83.299406,41.028274],[-83.299362,41.028223]]]},"properties":{"p":"M44-00-071640-00-00","o":"DULANEY JESSE L & JESSICA Y JT SUR","a":"0  TR 1127","d":"MOHAWK LOCAL SCHOOL DISTRICT","t":56.47,"l":"500: Res-Vacant Land","c":0}},{"type":"Feature","geometry":{"type":"Polygon","coordinates":[[[-83.299799,41.02789],[-83.29982,41.027881],[-83.300118,41.028215],[-83.300089,41.028215],[-83.299799,41.02789]]]},"properties":{"p":"M44-00-071640-00-00","o":"DULANEY JESSE L & JESSICA Y JT SUR","a":"0  TR 1127","d":"MOHAWK LOCAL SCHOOL DISTRICT","t":56.47,"l":"500: Res-Vacant Land","c":0}},{"type":"Feature","geometry":{"type":"Polygon","coordinates":[[[-83.299763,41.027905],[-83.299799,41.02789],[-83.300089,41.028215],[-83.299362,41.028223],[-83.29929,41.02814],[-83.299763,41.027905]]]},"properties":{"p":"M44-00-071640-00-00","o":"DULANEY JESSE L & JESSICA Y JT SUR","a":"0  TR 1127","d":"MOHAWK LOCAL SCHOOL DISTRICT","t":56.47,"l":"500: Res-Vacant Land","c":0}},{"type":"Feature","geometry":{"type":"Polygon","coordinates":[[[-83.200805,40.995512],[-83.201508,40.99534],[-83.200855,40.996811],[-83.200805,40.995512]]]},"properties":{"p":"M44-00-071372-02-00","o":"NORTHWESTERN OHIO CHRISTIAN","a":"0 S TR 28","d":"MOHAWK LOCAL SCHOOL DISTRICT","t":93.11,"l":"501: Res-Custom Code","c":0}},{"type":"Feature","geometry":{"type":"Polygon","coordinates":[[[-83.204475,41.029255],[-83.204535,41.029138],[-83.204748,41.029034],[-83.204844,41.029003],[-83.204829,41.029313],[-83.204475,41.029255]]]},"properties":{"p":"M44-00-071136-00-00","o":"ELCHERT MICHELLE L","a":"0 W CR 6","d":"MOHAWK LOCAL SCHOOL DISTRICT","t":179.14,"l":"500: Res-Vacant Land","c":0}},{"type":"Feature","geometry":{"type":"Polygon","coordinates":[[[-83.299143,41.028317],[-83.299141,41.028278],[-83.299193,41.028278],[-83.299226,41.028316],[-83.299143,41.028317]]]},"properties":{"p":"M44-00-071088-00-00","o":"BURD RANDY S & MICHELLE D LAUGHERTY JT SUR","a":"0 W CR 6","d":"MOHAWK LOCAL SCHOOL DISTRICT","t":198.44,"l":"500: Res-Vacant Land","c":0}},{"type":"Feature","geometry":{"type":"Polygon","coordinates":[[[-83.299143,41.028317],[-83.299226,41.028316],[-83.29939,41.028508],[-83.299382,41.028781],[-83.299149,41.028781],[-83.299143,41.028317]]]},"properties":{"p":"M44-00-071088-00-00","o":"BURD RANDY S & MICHELLE D LAUGHERTY JT SUR","a":"0 W CR 6","d":"MOHAWK LOCAL SCHOOL DISTRICT","t":198.44,"l":"500: Res-Vacant Land","c":0}},{"type":"Feature","geometry":{"type":"Polygon","coordinates":[[[-83.29939,41.028508],[-83.299626,41.028782],[-83.299382,41.028781],[-83.29939,41.028508]]]},"properties":{"p":"M44-00-071084-00-00","o":"BURD RANDY S & MICHELLE D LAUGHTERTY JT SUR","a":"0 W CR 6","d":"MOHAWK LOCAL SCHOOL DISTRICT","t":114.28,"l":"500: Res-Vacant Land","c":0}},{"type":"Feature","geometry":{"type":"Polygon","coordinates":[[[-83.206007,41.029506],[-83.204829,41.029313],[-83.204844,41.029003],[-83.204944,41.028972],[-83.204843,41.02856],[-83.205933,41.028406],[-83.206007,41.029506]]]},"properties":{"p":"M44-00-070420-00-00","o":"ELCHERT MICHELLE L","a":"1770 W CR 6","d":"MOHAWK LOCAL SCHOOL DISTRICT","t":910.01,"l":"511: Res-Custom Code","c":0}},{"type":"Feature","geometry":{"type":"Polygon","coordinates":[[[-83.244323,41.007244],[-83.244499,41.007022],[-83.244912,41.007149],[-83.244952,41.007102],[-83.245292,41.007211],[-83.24563,41.006767],[-83.246355,41.006996],[-83.24624,41.007321],[-83.244105,41.007335],[-83.244323,41.007244]]]},"properties":{"p":"M44-00-069980-00-00","o":"BEIDELSCHIES MICHAEL ESTATE OF BRIDINGER BRIAN J & AMY LYNE","a":"0 W TR 26","d":"MOHAWK LOCAL SCHOOL DISTRICT","t":487.46,"l":"501: Res-Custom Code","c":0}},{"type":"Feature","geometry":{"type":"Polygon","coordinates":[[[-83.29905,41.029754],[-83.299562,41.029521],[-83.299696,41.029672],[-83.299183,41.029905],[-83.29905,41.029754]]]},"properties":{"p":"M44-00-069956-00-00","o":"JACOBS SHAYLEEN MARIE","a":"6464 S SR 587","d":"MOHAWK LOCAL SCHOOL DISTRICT","t":764.34,"l":"510: Res-Single Family","c":0}},{"type":"Feature","geometry":{"type":"Polygon","coordinates":[[[-83.215337,41.062186],[-83.216431,41.062175],[-83.216285,41.062475],[-83.215256,41.062481],[-83.215337,41.062186]]]},"properties":{"p":"M43-00-069336-01-00","o":"RUMSCHLAG GERALD A","a":"4185 S SR 53","d":"HOPEWELL-LOUDON LOCAL SCHOOL DISTRICT","t":873.27,"l":"511: Res-Custom Code","c":0}},{"type":"Feature","geometry":{"type":"Polygon","coordinates":[[[-83.209321,41.078921],[-83.209331,41.079751],[-83.208737,41.07976],[-83.208733,41.079376],[-83.20814,41.079377],[-83.208346,41.078928],[-83.209321,41.078921]]]},"properties":{"p":"M43-00-069148-00-00","o":"GURNEY ANTHONY","a":"0 S SR 53","d":"HOPEWELL-LOUDON LOCAL SCHOOL DISTRICT","t":1498.9,"l":"500: Res-Vacant Land","c":0}},{"type":"Feature","geometry":{"type":"Polygon","coordinates":[[[-83.015676,41.123049],[-83.015675,41.122878],[-83.016329,41.122876],[-83.01633,41.123048],[-83.015676,41.123049]]]},"properties":{"p":"L42-00-068268-00-00","o":"BANNISTER DENNIS E & DIA J JT SUR","a":"206 S MADISON ST","d":"SENECA EAST LOCAL SCHOOL DISTRICT","t":4098.33,"l":"510: Res-Single Family","c":0}},{"type":"Feature","geometry":{"type":"Polygon","coordinates":[[[-83.015677,41.123131],[-83.015676,41.123049],[-83.01633,41.123048],[-83.01633,41.123129],[-83.015677,41.123131]]]},"properties":{"p":"L42-00-068264-00-00","o":"BANNISTER DENNIS E & DIA J JT SUR","a":"0 S MADISON ST","d":"SENECA EAST LOCAL SCHOOL DISTRICT","t":181.18,"l":"500: Res-Vacant Land","c":0}},{"type":"Feature","geometry":{"type":"Polygon","coordinates":[[[-83.016708,41.126058],[-83.0173,41.125313],[-83.017889,41.125314],[-83.017893,41.125866],[-83.017959,41.125865],[-83.017959,41.126104],[-83.016708,41.126058]]]},"properties":{"p":"L42-00-068188-00-00","o":"AICHHOLZ STEVEN J & KAREN A JT SUR","a":"306  JEFFERSON (REAR) ST","d":"SENECA EAST LOCAL SCHOOL DISTRICT","t":444.59,"l":"599: Res-Other","c":0}},{"type":"Feature","geometry":{"type":"Polygon","coordinates":[[[-83.016467,41.118383],[-83.017019,41.118376],[-83.017026,41.118736],[-83.016368,41.118745],[-83.016368,41.118384],[-83.016467,41.118383]]]},"properties":{"p":"L42-00-068048-00-00","o":"DROWN JASON L & KRISTINA M JT SUR","a":"511  WASHINGTON ST","d":"SENECA EAST LOCAL SCHOOL DISTRICT","t":3529.88,"l":"510: Res-Single Family","c":0}},{"type":"Feature","geometry":{"type":"Polygon","coordinates":[[[-83.015606,41.11826],[-83.016466,41.118251],[-83.016467,41.118383],[-83.016368,41.118384],[-83.016368,41.118745],[-83.015614,41.118755],[-83.015606,41.11826]]]},"properties":{"p":"L42-00-067932-00-00","o":"DROWN JASON L & KRISTINA M JT SUR","a":"0 S MADISON ST","d":"SENECA EAST LOCAL SCHOOL DISTRICT","t":500.04,"l":"500: Res-Vacant Land","c":0}},{"type":"Feature","geometry":{"type":"Polygon","coordinates":[[[-83.015682,41.12424],[-83.015681,41.124088],[-83.01634,41.124093],[-83.016343,41.124238],[-83.015682,41.12424]]]},"properties":{"p":"L42-00-067688-00-00","o":"DUSTON CYNTHIA","a":"0 S MADISON ST","d":"SENECA EAST LOCAL SCHOOL DISTRICT","t":526.7,"l":"500: Res-Vacant Land","c":0}},{"type":"Feature","geometry":{"type":"Polygon","coordinates":[[[-83.019605,41.123359],[-83.019496,41.123359],[-83.019495,41.123125],[-83.019605,41.123125],[-83.019605,41.123359]]]},"properties":{"p":"L42-00-067504-00-00","o":"EDWARDS GARY C","a":"403  NORTH ST","d":"SENECA EAST LOCAL SCHOOL DISTRICT","t":2256.65,"l":"510: Res-Single Family","c":0}},{"type":"Feature","geometry":{"type":"Polygon","coordinates":[[[-83.019423,41.123359],[-83.019333,41.123359],[-83.019325,41.123059],[-83.019416,41.123057],[-83.019423,41.123359]]]},"properties":{"p":"L42-00-067501-00-00","o":"EDWARDS GARY C","a":"0  NORTH ST","d":"SENECA EAST LOCAL SCHOOL DISTRICT","t":89.28,"l":"500: Res-Vacant Land","c":0}},{"type":"Feature","geometry":{"type":"Polygon","coordinates":[[[-83.019423,41.123359],[-83.019416,41.123057],[-83.019605,41.123056],[-83.019605,41.123125],[-83.019495,41.123125],[-83.019496,41.123359],[-83.019423,41.123359]]]},"properties":{"p":"L42-00-067500-00-00","o":"EDWARDS GARY C","a":"0  NORTH ST","d":"SENECA EAST LOCAL SCHOOL DISTRICT","t":83.6,"l":"500: Res-Vacant Land","c":0}},{"type":"Feature","geometry":{"type":"Polygon","coordinates":[[[-83.017281,41.121607],[-83.017278,41.121444],[-83.01794,41.121442],[-83.017939,41.12161],[-83.017281,41.121607]]]},"properties":{"p":"L42-00-067232-00-00","o":"BANNISTER DENNIS E & DIA J JT SUR","a":"308  WASHINGTON ST","d":"SENECA EAST LOCAL SCHOOL DISTRICT","t":4560.97,"l":"510: Res-Single Family","c":0}},{"type":"Feature","geometry":{"type":"Polygon","coordinates":[[[-83.02129,41.1216],[-83.021287,41.121452],[-83.021984,41.121453],[-83.021983,41.1216],[-83.02129,41.1216]]]},"properties":{"p":"L42-00-067040-00-00","o":"J & R SCREAMINGEAGLE LLC","a":"0  PARK ST","d":"SENECA EAST LOCAL SCHOOL DISTRICT","t":182.96,"l":"500: Res-Vacant Land","c":0}},{"type":"Feature","geometry":{"type":"Polygon","coordinates":[[[-83.021283,41.121287],[-83.021278,41.121095],[-83.021987,41.121096],[-83.021985,41.121288],[-83.021283,41.121287]]]},"properties":{"p":"L42-00-067036-00-00","o":"J & R SCREAMINGEAGLE LLC","a":"0  PARK ST","d":"SENECA EAST LOCAL SCHOOL DISTRICT","t":182.96,"l":"500: Res-Vacant Land","c":0}},{"type":"Feature","geometry":{"type":"Polygon","coordinates":[[[-83.021287,41.121452],[-83.021283,41.121287],[-83.021985,41.121288],[-83.021984,41.121453],[-83.021287,41.121452]]]},"properties":{"p":"L42-00-067032-00-00","o":"J & R SCREAMINGEAGLE LLC","a":"0  PARK ST","d":"SENECA EAST LOCAL SCHOOL DISTRICT","t":182.96,"l":"500: Res-Vacant Land","c":0}},{"type":"Feature","geometry":{"type":"Polygon","coordinates":[[[-83.021983,41.1216],[-83.021987,41.12106],[-83.022737,41.121061],[-83.022735,41.121598],[-83.021983,41.1216]]]},"properties":{"p":"L42-00-067028-00-00","o":"J & R SCREAMINGEAGLE LLC","a":"602  PARK ST","d":"SENECA EAST LOCAL SCHOOL DISTRICT","t":858,"l":"510: Res-Single Family","c":0}},{"type":"Feature","geometry":{"type":"Polygon","coordinates":[[[-83.020332,41.121286],[-83.02033,41.121451],[-83.020093,41.121451],[-83.019976,41.121365],[-83.020047,41.121286],[-83.020332,41.121286]]]},"properties":{"p":"L42-00-067000-00-00","o":"DEEL DANA J","a":"310  KILBOURNE ST","d":"SENECA EAST LOCAL SCHOOL DISTRICT","t":1403.17,"l":"510: Res-Single Family","c":0}},{"type":"Feature","geometry":{"type":"Polygon","coordinates":[[[-83.020047,41.121286],[-83.020218,41.121094],[-83.020332,41.121095],[-83.020332,41.121286],[-83.020047,41.121286]]]},"properties":{"p":"L42-00-066996-00-00","o":"DEEL DANA J","a":"0  KILBOURNE ST","d":"SENECA EAST LOCAL SCHOOL DISTRICT","t":377.15,"l":"500: Res-Vacant Land","c":0}},{"type":"Feature","geometry":{"type":"Polygon","coordinates":[[[-83.0202,41.121519],[-83.020093,41.121451],[-83.02033,41.121451],[-83.02033,41.121519],[-83.0202,41.121519]]]},"properties":{"p":"L42-00-066992-00-00","o":"DEEL DANA J","a":"0  KILBOURNE ST","d":"SENECA EAST LOCAL SCHOOL DISTRICT","t":173.74,"l":"500: Res-Vacant Land","c":0}},{"type":"Feature","geometry":{"type":"Polygon","coordinates":[[[-83.019176,41.123025],[-83.01917,41.12286],[-83.019388,41.12286],[-83.019393,41.123024],[-83.019176,41.123025]]]},"properties":{"p":"L42-00-066692-00-00","o":"EDWARDS GARY C","a":"0  BROADWAY ST","d":"SENECA EAST LOCAL SCHOOL DISTRICT","t":365.1,"l":"599: Res-Other","c":0}},{"type":"Feature","geometry":{"type":"Polygon","coordinates":[[[-83.018934,41.122881],[-83.018934,41.122862],[-83.01917,41.12286],[-83.019176,41.123025],[-83.018936,41.123026],[-83.018934,41.122881]]]},"properties":{"p":"L42-00-066692-00-00","o":"EDWARDS GARY C","a":"0  BROADWAY ST","d":"SENECA EAST LOCAL SCHOOL DISTRICT","t":365.1,"l":"599: Res-Other","c":0}},{"type":"Feature","geometry":{"type":"Polygon","coordinates":[[[-83.019604,41.122859],[-83.019604,41.123025],[-83.019393,41.123024],[-83.019388,41.12286],[-83.019604,41.122859]]]},"properties":{"p":"L42-00-066692-00-00","o":"EDWARDS GARY C","a":"0  BROADWAY ST","d":"SENECA EAST LOCAL SCHOOL DISTRICT","t":365.1,"l":"599: Res-Other","c":0}},{"type":"Feature","geometry":{"type":"Polygon","coordinates":[[[-83.017261,41.119213],[-83.0176,41.119212],[-83.017601,41.119459],[-83.017263,41.11946],[-83.017261,41.119213]]]},"properties":{"p":"L42-00-066684-00-00","o":"DROWN RODNEY L","a":"506  WASHINGTON ST","d":"SENECA EAST LOCAL SCHOOL DISTRICT","t":4131.67,"l":"510: Res-Single Family","c":0}},{"type":"Feature","geometry":{"type":"Polygon","coordinates":[[[-83.0176,41.119212],[-83.017958,41.119211],[-83.017959,41.119458],[-83.017601,41.119459],[-83.0176,41.119212]]]},"properties":{"p":"L42-00-066680-00-00","o":"DROWN RODNEY L","a":"504  WASHINGTON ST","d":"SENECA EAST LOCAL SCHOOL DISTRICT","t":2915.69,"l":"510: Res-Single Family","c":0}},{"type":"Feature","geometry":{"type":"Polygon","coordinates":[[[-82.976549,41.150827],[-82.977141,41.150824],[-82.97715,41.152136],[-82.97655,41.152139],[-82.976549,41.150827]]]},"properties":{"p":"L41-00-065288-01-00","o":"POTTS KARILYNN","a":"1840 N TR 77","d":"SENECA EAST LOCAL SCHOOL DISTRICT","t":4102.05,"l":"511: Res-Custom Code","c":0}},{"type":"Feature","geometry":{"type":"Polygon","coordinates":[[[-82.988927,41.086513],[-82.990123,41.086519],[-82.990137,41.088468],[-82.98638,41.088468],[-82.986384,41.083581],[-82.988398,41.083575],[-82.9884,41.083338],[-82.995409,41.083354],[-82.99541,41.083289],[-82.996027,41.08329],[-82.996028,41.08348],[-82.988809,41.083483],[-82.988927,41.086513]]]},"properties":{"p":"L41-00-065124-04-00","o":"DAVIS MICHAEL G & PAMELA J JT SUR","a":"0  TR 181","d":"SENECA EAST LOCAL SCHOOL DISTRICT","t":1082.74,"l":"110: Agr-CAUV-Vacant Land","c":0}},{"type":"Feature","geometry":{"type":"Polygon","coordinates":[[[-83.058078,41.09638],[-83.058061,41.095178],[-83.058659,41.095174],[-83.058669,41.096365],[-83.058585,41.09638],[-83.058078,41.09638]]]},"properties":{"p":"L41-00-065084-01-00","o":"JOHNSON BILLIE L","a":"5771 E TR 106","d":"SENECA EAST LOCAL SCHOOL DISTRICT","t":2315.94,"l":"511: Res-Custom Code","c":0}},{"type":"Feature","geometry":{"type":"Polygon","coordinates":[[[-83.054629,41.090286],[-83.055036,41.09028],[-83.055051,41.090954],[-83.053818,41.090964],[-83.053818,41.090294],[-83.054629,41.090286]]]},"properties":{"p":"L41-00-064980-07-00","o":"NEMER RAYMOND TODD","a":"2280 S CR 43","d":"SENECA EAST LOCAL SCHOOL DISTRICT","t":4339.17,"l":"511: Res-Custom Code","c":0}},{"type":"Feature","geometry":{"type":"Polygon","coordinates":[[[-83.047814,41.124271],[-83.047851,41.12427],[-83.047811,41.131611],[-83.044167,41.1316],[-83.044238,41.125614],[-83.046349,41.125352],[-83.046724,41.125287],[-83.046851,41.125205],[-83.047543,41.124386],[-83.047574,41.124276],[-83.047814,41.124271]]]},"properties":{"p":"L41-00-064912-01-00","o":"SCHIFER DONALD P","a":"0 E SR 18","d":"SENECA EAST LOCAL SCHOOL DISTRICT","t":10604.11,"l":"110: Agr-CAUV-Vacant Land","c":0}},{"type":"Feature","geometry":{"type":"Polygon","coordinates":[[[-82.849874,41.152731],[-82.850371,41.151496],[-82.850969,41.151666],[-82.850799,41.152975],[-82.849874,41.152731]]]},"properties":{"p":"K40-00-063020-02-01","o":"SPYKER CHARLES NATHAN","a":"16424 E TR 126","d":"SENECA EAST LOCAL SCHOOL DISTRICT","t":4404.81,"l":"511: Res-Custom Code","c":0}},{"type":"Feature","geometry":{"type":"Polygon","coordinates":[[[-82.837771,41.091851],[-82.837709,41.09178],[-82.837319,41.091508],[-82.837114,41.091401],[-82.836633,41.090761],[-82.835663,41.090097],[-82.8344,41.089569],[-82.833581,41.087966],[-82.8418,41.08792],[-82.841336,41.088987],[-82.841284,41.089212],[-82.841464,41.089799],[-82.84166,41.090219],[-82.841762,41.090569],[-82.841656,41.091613],[-82.842307,41.091613],[-82.842306,41.091647],[-82.841648,41.091648],[-82.841057,41.09226],[-82.839656,41.092279],[-82.839034,41.092649],[-82.838476,41.092612],[-82.837771,41.091851]]]},"properties":{"p":"K40-00-062684-00-00","o":"MARTIN EDWIN A","a":"0 S TR 197","d":"SENECA EAST LOCAL SCHOOL DISTRICT","t":29175.39,"l":"100: Agr-Vacant Land","c":0}},{"type":"Feature","geometry":{"type":"Polygon","coordinates":[[[-82.863774,41.115413],[-82.863977,41.114976],[-82.864646,41.115159],[-82.864447,41.115574],[-82.863774,41.115413]]]},"properties":{"p":"K40-00-062228-00-00","o":"NAWALANIEC JOHN & CHRISTINE JT SUR","a":"622 N SR 4","d":"SENECA EAST LOCAL SCHOOL DISTRICT","t":1987.54,"l":"511: Res-Custom Code","c":0}},{"type":"Feature","geometry":{"type":"Polygon","coordinates":[[[-82.937704,41.152861],[-82.938182,41.15285],[-82.938171,41.153634],[-82.937717,41.153628],[-82.937704,41.152861]]]},"properties":{"p":"K40-00-061940-01-00","o":"HOEPF JASON A & MICHELLE A SHADE JT SUR","a":"1957 N CR 27","d":"SENECA EAST LOCAL SCHOOL DISTRICT","t":208.75,"l":"511: Res-Custom Code","c":0}},{"type":"Feature","geometry":{"type":"Polygon","coordinates":[[[-82.92069,41.161025],[-82.9215,41.161033],[-82.921511,41.161487],[-82.920678,41.161499],[-82.92069,41.161025]]]},"properties":{"p":"K39-00-061356-01-00","o":"GAHRIS WILLIAM D","a":"12873 E CR 24","d":"BELLEVUE CITY SCHOOL DISTRICT","t":766.11,"l":"511: Res-Custom Code","c":0}},{"type":"Feature","geometry":{"type":"Polygon","coordinates":[[[-83.16677,41.20891],[-83.166774,41.208756],[-83.16743,41.208773],[-83.167426,41.208935],[-83.16677,41.20891]]]},"properties":{"p":"J37-00-059496-00-00","o":"WEBB EDWARD A","a":"5820 N SR 53","d":"OLD FORT LOCAL SCHOOL DISTRICT","t":982.77,"l":"510: Res-Single Family","c":0}},{"type":"Feature","geometry":{"type":"Polygon","coordinates":[[[-83.170216,41.211143],[-83.169544,41.211134],[-83.169556,41.210666],[-83.170228,41.210675],[-83.170216,41.211143]]]},"properties":{"p":"J37-00-059492-00-00","o":"STULL MARGARET C","a":"130 W CR 30","d":"OLD FORT LOCAL SCHOOL DISTRICT","t":3590.65,"l":"511: Res-Custom Code","c":0}},{"type":"Feature","geometry":{"type":"Polygon","coordinates":[[[-83.147272,41.23877],[-83.147273,41.238618],[-83.147924,41.238631],[-83.147919,41.238799],[-83.147272,41.238802],[-83.147272,41.23877]]]},"properties":{"p":"J37-00-059096-00-00","o":"HAMMONS RAY","a":"7917  FORT ST","d":"OLD FORT LOCAL SCHOOL DISTRICT","t":2155.23,"l":"510: Res-Single Family","c":0}},{"type":"Feature","geometry":{"type":"Polygon","coordinates":[[[-83.166945,41.188643],[-83.168308,41.188705],[-83.168286,41.18905],[-83.167667,41.189031],[-83.167645,41.189355],[-83.167408,41.189344],[-83.167354,41.189942],[-83.166862,41.189913],[-83.166789,41.190685],[-83.165805,41.190653],[-83.165904,41.188595],[-83.166945,41.188643]]]},"properties":{"p":"J37-00-059092-01-00","o":"WARD JASON E","a":"4511 N SR 53","d":"OLD FORT LOCAL SCHOOL DISTRICT","t":4828.04,"l":"101: Agr-Cash-Grain Farm","c":0}},{"type":"Feature","geometry":{"type":"Polygon","coordinates":[[[-83.112102,41.230967],[-83.111688,41.230977],[-83.111779,41.229557],[-83.112193,41.229547],[-83.112102,41.230967]]]},"properties":{"p":"J37-00-058756-00-00","o":"BOCKBRADER THOMAS","a":"7343 N TR 75","d":"OLD FORT LOCAL SCHOOL DISTRICT","t":2050.92,"l":"511: Res-Custom Code","c":0}},{"type":"Feature","geometry":{"type":"Polygon","coordinates":[[[-83.147956,41.237582],[-83.147951,41.237753],[-83.147249,41.237756],[-83.14735,41.237579],[-83.147956,41.237582]]]},"properties":{"p":"J37-00-058080-00-00","o":"MCGOWAN TRUSTEE MEGAN","a":"7837  FORT ST","d":"OLD FORT LOCAL SCHOOL DISTRICT","t":953.93,"l":"510: Res-Single Family","c":0}},{"type":"Feature","geometry":{"type":"Polygon","coordinates":[[[-83.096557,41.241333],[-83.095979,41.241351],[-83.096006,41.240909],[-83.096583,41.240891],[-83.096557,41.241333]]]},"properties":{"p":"J37-00-057676-00-00","o":"BRYANT TODD","a":"3841 E CR 34","d":"OLD FORT LOCAL SCHOOL DISTRICT","t":1574.61,"l":"500: Res-Vacant Land","c":0}},{"type":"Feature","geometry":{"type":"Polygon","coordinates":[[[-83.412506,41.140669],[-83.412505,41.140273],[-83.412614,41.140273],[-83.412615,41.140669],[-83.412506,41.140669]]]},"properties":{"p":"I33-00-052148-00-00","o":"WEAVER KEVIN E","a":"0 W ALLEN ST","d":"FOSTORIA CITY SCHOOL DISTRICT","t":1049.14,"l":"500: Res-Vacant Land","c":0}},{"type":"Feature","geometry":{"type":"Polygon","coordinates":[[[-83.412615,41.140669],[-83.412614,41.140273],[-83.412723,41.140272],[-83.412724,41.140669],[-83.412615,41.140669]]]},"properties":{"p":"I33-00-052144-00-00","o":"WEAVER KEVIN E","a":"0 W ALLEN ST","d":"FOSTORIA CITY SCHOOL DISTRICT","t":1049.14,"l":"500: Res-Vacant Land","c":0}},{"type":"Feature","geometry":{"type":"Polygon","coordinates":[[[-83.412833,41.140668],[-83.412831,41.140272],[-83.41294,41.140271],[-83.412941,41.140668],[-83.412833,41.140668]]]},"properties":{"p":"I33-00-052128-00-00","o":"WEAVER KEVIN E","a":"0 W ALLEN ST","d":"FOSTORIA CITY SCHOOL DISTRICT","t":254.78,"l":"599: Res-Other","c":0}},{"type":"Feature","geometry":{"type":"Polygon","coordinates":[[[-83.413268,41.140667],[-83.413267,41.140269],[-83.413376,41.140269],[-83.413377,41.140666],[-83.413268,41.140667]]]},"properties":{"p":"I33-00-052124-00-00","o":"WEAVER KEVIN E","a":"0 W ALLEN ST","d":"FOSTORIA CITY SCHOOL DISTRICT","t":139.07,"l":"500: Res-Vacant Land","c":0}},{"type":"Feature","geometry":{"type":"Polygon","coordinates":[[[-83.41305,41.140668],[-83.413049,41.14027],[-83.413158,41.14027],[-83.413159,41.140667],[-83.41305,41.140668]]]},"properties":{"p":"I33-00-052116-00-00","o":"WEAVER KEVIN E","a":"12590 W ALLEN ST","d":"FOSTORIA CITY SCHOOL DISTRICT","t":943.51,"l":"510: Res-Single Family","c":0}},{"type":"Feature","geometry":{"type":"Polygon","coordinates":[[[-83.410056,41.143379],[-83.410238,41.143378],[-83.410244,41.143788],[-83.410062,41.14379],[-83.410056,41.143379]]]},"properties":{"p":"I33-00-052088-00-00","o":"LAYTON MELINDA S & THOMAS J LAYTON ETAL","a":"0 W WAGNER ST","d":"FOSTORIA CITY SCHOOL DISTRICT","t":883.17,"l":"500: Res-Vacant Land","c":0}},{"type":"Feature","geometry":{"type":"Polygon","coordinates":[[[-83.409875,41.14338],[-83.410056,41.143379],[-83.410062,41.14379],[-83.409881,41.143792],[-83.409875,41.14338]]]},"properties":{"p":"I33-00-052052-00-00","o":"LAYTON MELINDA S & THOMAS J LAYTON ETAL","a":"12434 W WAGNER ST","d":"FOSTORIA CITY SCHOOL DISTRICT","t":2630.46,"l":"560: Res-Mobile Home","c":0}},{"type":"Feature","geometry":{"type":"Polygon","coordinates":[[[-83.413304,41.144373],[-83.413221,41.144373],[-83.413219,41.143951],[-83.413406,41.143949],[-83.413414,41.144372],[-83.413304,41.144373]]]},"properties":{"p":"I33-00-051844-00-00","o":"MARTIN FANNIE R","a":"0 W WAGNER ST","d":"FOSTORIA CITY SCHOOL DISTRICT","t":208.86,"l":"500: Res-Vacant Land","c":0}},{"type":"Feature","geometry":{"type":"Polygon","coordinates":[[[-83.413099,41.144374],[-83.413053,41.144374],[-83.413051,41.143952],[-83.413219,41.143951],[-83.413221,41.144373],[-83.413099,41.144374]]]},"properties":{"p":"I33-00-051840-00-00","o":"MARTIN FANNIE R","a":"12601 W WAGNER ST","d":"FOSTORIA CITY SCHOOL DISTRICT","t":4399.37,"l":"510: Res-Single Family","c":0}},{"type":"Feature","geometry":{"type":"Polygon","coordinates":[[[-83.412944,41.144375],[-83.412885,41.144375],[-83.412884,41.143953],[-83.413051,41.143952],[-83.413053,41.144374],[-83.412944,41.144375]]]},"properties":{"p":"I33-00-051836-00-00","o":"MARTIN FANNIE R","a":"0 W WAGNER ST","d":"FOSTORIA CITY SCHOOL DISTRICT","t":275.6,"l":"500: Res-Vacant Land","c":0}},{"type":"Feature","geometry":{"type":"Polygon","coordinates":[[[-83.411998,41.142593],[-83.411999,41.142737],[-83.411455,41.142741],[-83.411454,41.142596],[-83.411998,41.142593]]]},"properties":{"p":"I33-00-050984-00-00","o":"BUTLER BRYAN E","a":"0 N TR 21","d":"FOSTORIA CITY SCHOOL DISTRICT","t":50.43,"l":"500: Res-Vacant Land","c":0}},{"type":"Feature","geometry":{"type":"Polygon","coordinates":[[[-83.413389,41.142312],[-83.413979,41.142309],[-83.413978,41.142443],[-83.41339,41.142449],[-83.413389,41.142312]]]},"properties":{"p":"I33-00-050976-00-00","o":"NAUTH SPENCER & ALEXIS CORNETT JT SUR","a":"0 S MAIN ST","d":"FOSTORIA CITY SCHOOL DISTRICT","t":200.45,"l":"599: Res-Other","c":0}},{"type":"Feature","geometry":{"type":"Polygon","coordinates":[[[-83.413432,41.140325],[-83.413983,41.140321],[-83.413983,41.140403],[-83.413432,41.140406],[-83.413432,41.140325]]]},"properties":{"p":"I33-00-050756-00-00","o":"JARRETT EVERETT","a":"0 S MAIN ST","d":"FOSTORIA CITY SCHOOL DISTRICT","t":1510.93,"l":"500: Res-Vacant Land","c":0}},{"type":"Feature","geometry":{"type":"Polygon","coordinates":[[[-83.413432,41.140243],[-83.413983,41.140238],[-83.413983,41.140321],[-83.413432,41.140323],[-83.413432,41.140243]]]},"properties":{"p":"I33-00-050752-00-00","o":"JARRETT EVERETT","a":"0 S MAIN ST","d":"FOSTORIA CITY SCHOOL DISTRICT","t":1121.98,"l":"599: Res-Other","c":0}},{"type":"Feature","geometry":{"type":"Polygon","coordinates":[[[-83.413983,41.140403],[-83.413982,41.14054],[-83.413432,41.140543],[-83.413432,41.140406],[-83.413983,41.140403]]]},"properties":{"p":"I33-00-050748-00-00","o":"JARRETT EVERETT","a":"1173 N TR 20","d":"FOSTORIA CITY SCHOOL DISTRICT","t":10304.94,"l":"510: Res-Single Family","c":0}},{"type":"Feature","geometry":{"type":"Polygon","coordinates":[[[-83.411223,41.1441],[-83.411224,41.144237],[-83.410671,41.14424],[-83.410669,41.144103],[-83.411223,41.1441]]]},"properties":{"p":"I33-00-050668-00-00","o":"DURYEA JEREMY","a":"1405 N TR 21","d":"FOSTORIA CITY SCHOOL DISTRICT","t":87.66,"l":"569: Res-Custom Code","c":0}},{"type":"Feature","geometry":{"type":"Polygon","coordinates":[[[-83.385387,41.146572],[-83.385385,41.146593],[-83.384813,41.14651],[-83.38497,41.145867],[-83.385444,41.145929],[-83.385387,41.146572]]]},"properties":{"p":"I33-00-050660-07-02","o":"BRANDEBERRY DAVID W","a":"0 W TR 116","d":"FOSTORIA CITY SCHOOL DISTRICT","t":217,"l":"599: Res-Other","c":0}},{"type":"Feature","geometry":{"type":"Polygon","coordinates":[[[-83.385444,41.145929],[-83.385807,41.145961],[-83.385814,41.146627],[-83.385387,41.146572],[-83.385444,41.145929]]]},"properties":{"p":"I33-00-050660-06-00","o":"BRANDEBERRY DAVID W","a":"11161 W TR 116","d":"FOSTORIA CITY SCHOOL DISTRICT","t":1261.95,"l":"511: Res-Custom Code","c":0}},{"type":"Feature","geometry":{"type":"Polygon","coordinates":[[[-83.234427,41.246868],[-83.234439,41.247308],[-83.234291,41.247309],[-83.23428,41.246871],[-83.234427,41.246868]]]},"properties":{"p":"H31-00-049464-00-00","o":"TIMMONS INVESTMENTS LLC","a":"303  UNION ST","d":"OLD FORT LOCAL SCHOOL DISTRICT","t":2087.3,"l":"510: Res-Single Family","c":0}},{"type":"Feature","geometry":{"type":"Polygon","coordinates":[[[-83.232617,41.245109],[-83.233128,41.245106],[-83.233122,41.245279],[-83.232615,41.245282],[-83.232617,41.245109]]]},"properties":{"p":"H31-00-049456-00-00","o":"SHARP RODNEY G JR","a":"115  WASHINGTON ST","d":"OLD FORT LOCAL SCHOOL DISTRICT","t":3898.94,"l":"510: Res-Single Family","c":0}},{"type":"Feature","geometry":{"type":"Polygon","coordinates":[[[-83.230064,41.247443],[-83.230035,41.247443],[-83.230029,41.24727],[-83.230058,41.24727],[-83.230064,41.247443]]]},"properties":{"p":"H31-00-049360-01-00","o":"GLICK VALARIE S","a":"0  SULLIVAN ST","d":"OLD FORT LOCAL SCHOOL DISTRICT","t":20.34,"l":"500: Res-Vacant Land","c":0}},{"type":"Feature","geometry":{"type":"Polygon","coordinates":[[[-83.229929,41.247444],[-83.229923,41.247272],[-83.230029,41.24727],[-83.230035,41.247443],[-83.229929,41.247444]]]},"properties":{"p":"H31-00-049360-01-00","o":"GLICK VALARIE S","a":"0  SULLIVAN ST","d":"OLD FORT LOCAL SCHOOL DISTRICT","t":20.34,"l":"500: Res-Vacant Land","c":0}},{"type":"Feature","geometry":{"type":"Polygon","coordinates":[[[-83.230087,41.247269],[-83.230093,41.247442],[-83.230064,41.247443],[-83.230058,41.24727],[-83.230087,41.247269]]]},"properties":{"p":"H31-00-049360-00-00","o":"GLICK VALARIE S","a":"114  SULLIVAN ST","d":"OLD FORT LOCAL SCHOOL DISTRICT","t":1653.85,"l":"510: Res-Single Family","c":0}},{"type":"Feature","geometry":{"type":"Polygon","coordinates":[[[-83.230469,41.247264],[-83.230475,41.247437],[-83.230093,41.247442],[-83.230087,41.247269],[-83.230469,41.247264]]]},"properties":{"p":"H31-00-049360-00-00","o":"GLICK VALARIE S","a":"114  SULLIVAN ST","d":"OLD FORT LOCAL SCHOOL DISTRICT","t":1653.85,"l":"510: Res-Single Family","c":0}},{"type":"Feature","geometry":{"type":"Polygon","coordinates":[[[-83.233571,41.247138],[-83.23383,41.247369],[-83.23374,41.247443],[-83.233473,41.247203],[-83.233571,41.247138]]]},"properties":{"p":"H31-00-049136-00-00","o":"ALLOWAY ALAN D","a":"127  STATE ST","d":"OLD FORT LOCAL SCHOOL DISTRICT","t":35.78,"l":"510: Res-Single Family","c":0}},{"type":"Feature","geometry":{"type":"Polygon","coordinates":[[[-83.23383,41.247369],[-83.233912,41.247367],[-83.233764,41.247466],[-83.23374,41.247443],[-83.23383,41.247369]]]},"properties":{"p":"H31-00-049136-00-00","o":"ALLOWAY ALAN D","a":"127  STATE ST","d":"OLD FORT LOCAL SCHOOL DISTRICT","t":35.78,"l":"510: Res-Single Family","c":0}},{"type":"Feature","geometry":{"type":"Polygon","coordinates":[[[-83.233748,41.247509],[-83.233991,41.247365],[-83.234114,41.247363],[-83.234148,41.247582],[-83.23388,41.247597],[-83.233748,41.247509]]]},"properties":{"p":"H31-00-049132-00-00","o":"ALLOWAY ALAN D","a":"0  STATE ST","d":"OLD FORT LOCAL SCHOOL DISTRICT","t":3.64,"l":"501: Res-Custom Code","c":0}},{"type":"Feature","geometry":{"type":"Polygon","coordinates":[[[-83.238875,41.24204],[-83.238307,41.242538],[-83.23827,41.242506],[-83.238198,41.24248],[-83.238209,41.242091],[-83.238875,41.24204]]]},"properties":{"p":"H31-00-049048-00-00","o":"MAYS THOMAS R","a":"417  THOMAS ST","d":"OLD FORT LOCAL SCHOOL DISTRICT","t":1504.61,"l":"560: Res-Mobile Home","c":0}},{"type":"Feature","geometry":{"type":"Polygon","coordinates":[[[-83.230551,41.243307],[-83.231054,41.243302],[-83.231054,41.243575],[-83.230551,41.243583],[-83.230551,41.243307]]]},"properties":{"p":"H31-00-048912-00-00","o":"MCHAFFIE SALLY L & BECKY LYNN MOORE JT SUR","a":"309  SULLIVAN ST","d":"OLD FORT LOCAL SCHOOL DISTRICT","t":924.57,"l":"510: Res-Single Family","c":0}},{"type":"Feature","geometry":{"type":"Polygon","coordinates":[[[-83.233455,41.24571],[-83.233109,41.245772],[-83.233128,41.245106],[-83.233387,41.245105],[-83.233374,41.245524],[-83.233453,41.245524],[-83.233455,41.24571]]]},"properties":{"p":"H31-00-048840-00-00","o":"FREIDLY MINDY S","a":"115  WASHINGTON ST","d":"OLD FORT LOCAL SCHOOL DISTRICT","t":1129.86,"l":"510: Res-Single Family","c":0}},{"type":"Feature","geometry":{"type":"Polygon","coordinates":[[[-83.234608,41.244058],[-83.234854,41.244057],[-83.234861,41.244439],[-83.234614,41.244442],[-83.234608,41.244058]]]},"properties":{"p":"H31-00-048688-00-00","o":"CHRISTIAN CHRISTINE","a":"502  DAVID ST","d":"OLD FORT LOCAL SCHOOL DISTRICT","t":3158.13,"l":"510: Res-Single Family","c":0}},{"type":"Feature","geometry":{"type":"Polygon","coordinates":[[[-83.233118,41.245433],[-83.233113,41.245598],[-83.23261,41.245601],[-83.232612,41.245436],[-83.233118,41.245433]]]},"properties":{"p":"H31-00-048680-00-00","o":"WEBB AMY S","a":"111  WASHINGTON ST","d":"OLD FORT LOCAL SCHOOL DISTRICT","t":1921.71,"l":"510: Res-Single Family","c":0}},{"type":"Feature","geometry":{"type":"Polygon","coordinates":[[[-83.237842,41.242986],[-83.238044,41.24286],[-83.238379,41.24315],[-83.238177,41.243276],[-83.237842,41.242986]]]},"properties":{"p":"H31-00-048368-00-00","o":"HERNANDEZ MARIANO SALOMON","a":"409  THOMAS ST","d":"OLD FORT LOCAL SCHOOL DISTRICT","t":200.15,"l":"569: Res-Custom Code","c":0}},{"type":"Feature","geometry":{"type":"Polygon","coordinates":[[[-83.228825,41.245458],[-83.228824,41.245692],[-83.228177,41.245695],[-83.228178,41.245466],[-83.228825,41.245458]]]},"properties":{"p":"H31-00-048244-00-00","o":"HOSSLER DIANNA M & DAVIS MATTHEW L ST SUR","a":"0  MONROE ST","d":"OLD FORT LOCAL SCHOOL DISTRICT","t":12.72,"l":"599: Res-Other","c":0}},{"type":"Feature","geometry":{"type":"Polygon","coordinates":[[[-83.228825,41.245375],[-83.228825,41.245458],[-83.228178,41.245466],[-83.228178,41.245379],[-83.228825,41.245375]]]},"properties":{"p":"H31-00-048240-00-00","o":"HOSSLER DIANNA M & DAVIS MATTHEW L JT SUR","a":"0  MONROE ST","d":"OLD FORT LOCAL SCHOOL DISTRICT","t":3.53,"l":"500: Res-Vacant Land","c":0}},{"type":"Feature","geometry":{"type":"Polygon","coordinates":[[[-83.228824,41.245692],[-83.228822,41.246195],[-83.228175,41.246201],[-83.228177,41.245695],[-83.228824,41.245692]]]},"properties":{"p":"H31-00-048236-00-00","o":"HOSSLER DIANNA M & DAVIS MATTHEW L JT SUR","a":"108  MONROE ST","d":"OLD FORT LOCAL SCHOOL DISTRICT","t":99.21,"l":"510: Res-Single Family","c":0}},{"type":"Feature","geometry":{"type":"Polygon","coordinates":[[[-83.236073,41.246521],[-83.23656,41.246202],[-83.236735,41.24635],[-83.236224,41.246649],[-83.236073,41.246521]]]},"properties":{"p":"H31-00-048228-00-00","o":"WALL ROBERT B","a":"107  LIBERTY ST","d":"OLD FORT LOCAL SCHOOL DISTRICT","t":1512.35,"l":"510: Res-Single Family","c":0}},{"type":"Feature","geometry":{"type":"Polygon","coordinates":[[[-83.237444,41.246835],[-83.237141,41.246837],[-83.237152,41.246469],[-83.237101,41.246397],[-83.237259,41.24634],[-83.237444,41.246835]]]},"properties":{"p":"H31-00-047752-00-00","o":"MAY JESSICA D","a":"398  UNION ST","d":"OLD FORT LOCAL SCHOOL DISTRICT","t":1535.44,"l":"569: Res-Custom Code","c":0}},{"type":"Feature","geometry":{"type":"Polygon","coordinates":[[[-83.236974,41.246454],[-83.237101,41.246397],[-83.237152,41.246469],[-83.237141,41.246837],[-83.236438,41.246841],[-83.236369,41.246773],[-83.236974,41.246454]]]},"properties":{"p":"H31-00-047748-00-00","o":"MAY JESSICA D","a":"398  UNION ST","d":"OLD FORT LOCAL SCHOOL DISTRICT","t":1338.2,"l":"599: Res-Other","c":0}},{"type":"Feature","geometry":{"type":"Polygon","coordinates":[[[-83.224792,41.183268],[-83.224805,41.18301],[-83.226367,41.182986],[-83.226336,41.183425],[-83.224792,41.183268]]]},"properties":{"p":"H29-00-046540-02-00","o":"NAUGLE DANIEL A","a":"4125 N CR 31","d":"OLD FORT LOCAL SCHOOL DISTRICT","t":2019.08,"l":"511: Res-Custom Code","c":0}},{"type":"Feature","geometry":{"type":"Polygon","coordinates":[[[-83.268798,41.253393],[-83.268797,41.250018],[-83.273742,41.250129],[-83.273734,41.2513],[-83.272113,41.252337],[-83.271552,41.252726],[-83.270475,41.253419],[-83.268798,41.253393]]]},"properties":{"p":"H28-00-045940-00-00","o":"HAUBERT WALTER J","a":"0 W CR 62","d":"LAKOTA LOCAL SCHOOL DISTRICT","t":1657.06,"l":"110: Agr-CAUV-Vacant Land","c":0}},{"type":"Feature","geometry":{"type":"Polygon","coordinates":[[[-83.271552,41.252726],[-83.272113,41.252337],[-83.272236,41.252438],[-83.271555,41.252911],[-83.271552,41.252726]]]},"properties":{"p":"H28-00-045940-00-00","o":"HAUBERT WALTER J","a":"0 W CR 62","d":"LAKOTA LOCAL SCHOOL DISTRICT","t":1657.06,"l":"110: Agr-CAUV-Vacant Land","c":0}},{"type":"Feature","geometry":{"type":"Polygon","coordinates":[[[-83.27156,41.25323],[-83.27373,41.251842],[-83.273718,41.253471],[-83.27154,41.253436],[-83.271545,41.253239],[-83.27156,41.25323]]]},"properties":{"p":"H28-00-045940-00-00","o":"HAUBERT WALTER J","a":"0 W CR 62","d":"LAKOTA LOCAL SCHOOL DISTRICT","t":1657.06,"l":"110: Agr-CAUV-Vacant Land","c":0}},{"type":"Feature","geometry":{"type":"Polygon","coordinates":[[[-83.27373,41.251842],[-83.271545,41.253239],[-83.271555,41.252911],[-83.272236,41.252438],[-83.273732,41.25148],[-83.27373,41.251842]]]},"properties":{"p":"H28-00-045937-00-00","o":"HAUBERT WALTER J","a":"0 W CR 62","d":"LAKOTA LOCAL SCHOOL DISTRICT","t":183.48,"l":"501: Res-Custom Code","c":0}},{"type":"Feature","geometry":{"type":"Polygon","coordinates":[[[-83.283298,41.208056],[-83.284369,41.208047],[-83.284375,41.208467],[-83.283316,41.208474],[-83.283298,41.208056]]]},"properties":{"p":"H28-00-045908-03-00","o":"THOMAS MARK J","a":"5849 N SR 635","d":"LAKOTA LOCAL SCHOOL DISTRICT","t":1055.92,"l":"560: Res-Mobile Home","c":0}},{"type":"Feature","geometry":{"type":"Polygon","coordinates":[[[-83.273734,41.2513],[-83.273732,41.25148],[-83.272236,41.252438],[-83.272113,41.252337],[-83.273734,41.2513]]]},"properties":{"p":"H28-00-045628-00-00","o":"HAUBERT WALTER J","a":"0 W CR 62","d":"LAKOTA LOCAL SCHOOL DISTRICT","t":246.06,"l":"501: Res-Custom Code","c":0}},{"type":"Feature","geometry":{"type":"Polygon","coordinates":[[[-83.28123,41.24602],[-83.281231,41.245527],[-83.281424,41.245531],[-83.281422,41.246021],[-83.28123,41.24602]]]},"properties":{"p":"H28-00-044816-00-00","o":"STEVENSON RONALD D & TRACY J","a":"5874 N TR 1016","d":"LAKOTA LOCAL SCHOOL DISTRICT","t":1697.46,"l":"510: Res-Single Family","c":0}},{"type":"Feature","geometry":{"type":"Polygon","coordinates":[[[-83.02731,41.124547],[-83.026503,41.124554],[-83.026472,41.123283],[-83.027584,41.123267],[-83.027591,41.124544],[-83.02731,41.124547]]]},"properties":{"p":"L41-00-064612-00-00","o":"STURGILL JESSICA A","a":"7390 E SR 18","d":"SENECA EAST LOCAL SCHOOL DISTRICT","t":1820.69,"l":"511: Res-Custom Code","c":0}},{"type":"Feature","geometry":{"type":"Polygon","coordinates":[[[-82.98273,41.110302],[-82.98342,41.110302],[-82.983422,41.110844],[-82.982733,41.110839],[-82.98273,41.110302]]]},"properties":{"p":"L41-00-064584-01-00","o":"RUNION TARA L","a":"9673 E TR 8","d":"SENECA EAST LOCAL SCHOOL DISTRICT","t":1390.84,"l":"569: Res-Custom Code","c":0}},{"type":"Feature","geometry":{"type":"Polygon","coordinates":[[[-83.045774,41.153079],[-83.045795,41.152382],[-83.046503,41.152394],[-83.046482,41.153091],[-83.045774,41.153079]]]},"properties":{"p":"L41-00-064384-01-00","o":"HAMONS JEDEDIAH J","a":"6404 E TR 130","d":"SENECA EAST LOCAL SCHOOL DISTRICT","t":3833.72,"l":"511: Res-Custom Code","c":0}},{"type":"Feature","geometry":{"type":"Polygon","coordinates":[[[-82.88154,41.12489],[-82.881544,41.124474],[-82.881784,41.124475],[-82.881784,41.125141],[-82.881535,41.125139],[-82.88154,41.12489]]]},"properties":{"p":"K40-00-063208-00-00","o":"NAUGLE KANE A","a":"14941 E SR 162","d":"SENECA EAST LOCAL SCHOOL DISTRICT","t":718.4,"l":"599: Res-Other","c":0}},{"type":"Feature","geometry":{"type":"Polygon","coordinates":[[[-83.111688,41.230977],[-83.11152,41.230981],[-83.111612,41.229561],[-83.111779,41.229557],[-83.111688,41.230977]]]},"properties":{"p":"J37-00-058756-00-00","o":"BOCKBRADER THOMAS","a":"7343 N TR 75","d":"OLD FORT LOCAL SCHOOL DISTRICT","t":2050.92,"l":"511: Res-Custom Code","c":0}},{"type":"Feature","geometry":{"type":"Polygon","coordinates":[[[-83.169104,41.20701],[-83.168428,41.207],[-83.16843,41.206813],[-83.169109,41.206811],[-83.169104,41.20701]]]},"properties":{"p":"J37-00-057928-00-00","o":"CHELLIS KIETH","a":"60 W TR 143","d":"OLD FORT LOCAL SCHOOL DISTRICT","t":199.12,"l":"569: Res-Custom Code","c":0}},{"type":"Feature","geometry":{"type":"Polygon","coordinates":[[[-83.167645,41.189355],[-83.167667,41.189031],[-83.168286,41.18905],[-83.168264,41.189382],[-83.167645,41.189355]]]},"properties":{"p":"J37-00-057788-00-00","o":"ZIMMERMAN MARK A JR","a":"4519 N SR 53","d":"OLD FORT LOCAL SCHOOL DISTRICT","t":536.27,"l":"511: Res-Custom Code","c":0}},{"type":"Feature","geometry":{"type":"Polygon","coordinates":[[[-83.284027,41.245098],[-83.284202,41.2451],[-83.2842,41.245303],[-83.283906,41.245301],[-83.283907,41.245178],[-83.284027,41.245098]]]},"properties":{"p":"H28-00-045288-00-00","o":"OWENS EUGENE & DEA JO JT SUR","a":"6017  MAIN ST","d":"LAKOTA LOCAL SCHOOL DISTRICT","t":222.88,"l":"510: Res-Single Family","c":0}},{"type":"Feature","geometry":{"type":"Polygon","coordinates":[[[-83.282412,41.246661],[-83.28223,41.24666],[-83.282241,41.246191],[-83.282422,41.246192],[-83.282412,41.246661]]]},"properties":{"p":"H28-00-044632-00-00","o":"CESSNA DARL R & BRANDY M JT SUR","a":"5929 N TR 1016","d":"LAKOTA LOCAL SCHOOL DISTRICT","t":699.23,"l":"510: Res-Single Family","c":0}},{"type":"Feature","geometry":{"type":"Polygon","coordinates":[[[-83.282229,41.246682],[-83.28223,41.24666],[-83.282439,41.246661],[-83.282438,41.246684],[-83.282229,41.246682]]]},"properties":{"p":"H28-00-044632-00-00","o":"CESSNA DARL R & BRANDY M JT SUR","a":"5929 N TR 1016","d":"LAKOTA LOCAL SCHOOL DISTRICT","t":699.23,"l":"510: Res-Single Family","c":0}},{"type":"Feature","geometry":{"type":"Polygon","coordinates":[[[-83.226987,41.172852],[-83.228913,41.174061],[-83.228349,41.174071],[-83.22834,41.173892],[-83.226973,41.173035],[-83.226987,41.172852]]]},"properties":{"p":"H27-00-044200-00-00","o":"BRICKNER THOMAS W","a":"0 N CR 11","d":"HOPEWELL-LOUDON LOCAL SCHOOL DISTRICT","t":450.53,"l":"599: Res-Other","c":0}},{"type":"Feature","geometry":{"type":"Polygon","coordinates":[[[-83.225804,41.239638],[-83.225807,41.240035],[-83.22508,41.240047],[-83.225076,41.239653],[-83.225804,41.239638]]]},"properties":{"p":"H26-00-043668-00-00","o":"HARRISON SHANE A","a":"0 N CR 31","d":"OLD FORT LOCAL SCHOOL DISTRICT","t":205.17,"l":"500: Res-Vacant Land","c":0}},{"type":"Feature","geometry":{"type":"Polygon","coordinates":[[[-83.225082,41.240246],[-83.22508,41.240047],[-83.225807,41.240035],[-83.225809,41.240242],[-83.225082,41.240246]]]},"properties":{"p":"H26-00-043664-00-00","o":"HARRISON SHANE A","a":"8035 N CR 31","d":"OLD FORT LOCAL SCHOOL DISTRICT","t":974.12,"l":"510: Res-Single Family","c":0}},{"type":"Feature","geometry":{"type":"Polygon","coordinates":[[[-83.225087,41.240784],[-83.225085,41.240515],[-83.225812,41.240511],[-83.225815,41.24078],[-83.225087,41.240784]]]},"properties":{"p":"H26-00-043564-00-00","o":"BROSKI NICOLE & EDWARD JT SUR","a":"8065 N CR 31","d":"OLD FORT LOCAL SCHOOL DISTRICT","t":336.71,"l":"569: Res-Custom Code","c":0}},{"type":"Feature","geometry":{"type":"Polygon","coordinates":[[[-83.249287,41.209402],[-83.25423,41.207672],[-83.254086,41.210297],[-83.249234,41.210283],[-83.249287,41.209402]]]},"properties":{"p":"H26-00-043264-00-00","o":"FURRY KARLA M","a":"0 N TR 69","d":"OLD FORT LOCAL SCHOOL DISTRICT","t":663.67,"l":"110: Agr-CAUV-Vacant Land","c":0}},{"type":"Feature","geometry":{"type":"Polygon","coordinates":[[[-83.246244,41.181424],[-83.246257,41.181083],[-83.247066,41.181082],[-83.247053,41.181438],[-83.246244,41.181424]]]},"properties":{"p":"H26-00-043224-00-00","o":"HEILMAN SHERRILL K & COURTNEY KAY DAYTON ETAL","a":"0 W CR 592","d":"OLD FORT LOCAL SCHOOL DISTRICT","t":8977.81,"l":"501: Res-Custom Code","c":0}},{"type":"Feature","geometry":{"type":"Polygon","coordinates":[[[-83.221495,41.23933],[-83.222258,41.239325],[-83.222262,41.239713],[-83.221502,41.239729],[-83.221495,41.23933]]]},"properties":{"p":"H26-00-043184-00-00","o":"MONTGOMERY JAMES & ELLIE M DEWEESE","a":"2802 W TR 170","d":"OLD FORT LOCAL SCHOOL DISTRICT","t":2338.75,"l":"511: Res-Custom Code","c":0}},{"type":"Feature","geometry":{"type":"Polygon","coordinates":[[[-83.225858,41.245884],[-83.22586,41.246087],[-83.225258,41.246096],[-83.225256,41.245893],[-83.225858,41.245884]]]},"properties":{"p":"H26-00-043072-02-00","o":"GERHARDSTEIN DUSTIN RAY","a":"8435 N CR 31","d":"OLD FORT LOCAL SCHOOL DISTRICT","t":277.25,"l":"511: Res-Custom Code","c":0}},{"type":"Feature","geometry":{"type":"Polygon","coordinates":[[[-82.920864,40.997697],[-82.920886,40.997652],[-82.921092,40.997666],[-82.921091,40.997607],[-82.921488,40.997605],[-82.921491,40.997742],[-82.920842,40.997743],[-82.920864,40.997697]]]},"properties":{"p":"O49-00-078608-00-00","o":"WYANDT JESSICA M","a":"0 S SR 4","d":"SENECA EAST LOCAL SCHOOL DISTRICT","t":1834.19,"l":"420: Com-Retail-Small","c":0}},{"type":"Feature","geometry":{"type":"Polygon","coordinates":[[[-82.891433,41.05256],[-82.891664,41.05218],[-82.891744,41.052207],[-82.891511,41.052586],[-82.891433,41.05256]]]},"properties":{"p":"O49-00-079172-00-00","o":"OWENS ROBERT R","a":"4965 S TR 1058","d":"SENECA EAST LOCAL SCHOOL DISTRICT","t":3569.78,"l":"510: Res-Single Family","c":0}},{"type":"Feature","geometry":{"type":"Polygon","coordinates":[[[-82.921483,40.997336],[-82.921515,40.997336],[-82.921515,40.997467],[-82.921486,40.997467],[-82.921483,40.997336]]]},"properties":{"p":"O49-00-079660-00-00","o":"PATRICK SARAH","a":"8744 S SR 4","d":"SENECA EAST LOCAL SCHOOL DISTRICT","t":3038.58,"l":"510: Res-Single Family","c":0}},{"type":"Feature","geometry":{"type":"Polygon","coordinates":[[[-82.920908,40.997609],[-82.921091,40.997607],[-82.921092,40.997666],[-82.920886,40.997652],[-82.920908,40.997609]]]},"properties":{"p":"O49-00-078568-00-00","o":"MARVIN TIMOTHY A","a":"8734 S SR 4","d":"SENECA EAST LOCAL SCHOOL DISTRICT","t":1209.08,"l":"510: Res-Single Family","c":0}},{"type":"Feature","geometry":{"type":"Polygon","coordinates":[[[-82.920096,40.997608],[-82.920128,40.997545],[-82.920657,40.997646],[-82.920592,40.997778],[-82.920087,40.997626],[-82.920096,40.997608]]]},"properties":{"p":"O49-00-078612-00-00","o":"MAZUR BOHDAN","a":"8727 S SR 4","d":"SENECA EAST LOCAL SCHOOL DISTRICT","t":2273.68,"l":"510: Res-Single Family","c":0}},{"type":"Feature","geometry":{"type":"Polygon","coordinates":[[[-82.920774,40.99788],[-82.921275,40.997879],[-82.921276,40.998038],[-82.920693,40.998045],[-82.920774,40.99788]]]},"properties":{"p":"O49-00-080288-00-00","o":"VICKERS PATTY","a":"8710 S SR 4","d":"SENECA EAST LOCAL SCHOOL DISTRICT","t":775.24,"l":"420: Com-Retail-Small","c":0}},{"type":"Feature","geometry":{"type":"Polygon","coordinates":[[[-82.911749,41.053365],[-82.911752,41.052934],[-82.914608,41.052991],[-82.914606,41.053753],[-82.911749,41.053365]]]},"properties":{"p":"O49-00-080412-00-00","o":"THOMPSON AARON P & KAREN G FRAELICH JT SUR","a":"13290 E CR 12","d":"SENECA EAST LOCAL SCHOOL DISTRICT","t":1912.14,"l":"511: Res-Custom Code","c":0}},{"type":"Feature","geometry":{"type":"Polygon","coordinates":[[[-82.893132,41.052081],[-82.893224,41.051923],[-82.893512,41.052011],[-82.893416,41.052177],[-82.893132,41.052081]]]},"properties":{"p":"O49-00-080484-00-00","o":"FREEMAN ANDREW L & LINDSEY N JT SUR","a":"4985 S SR 4","d":"SENECA EAST LOCAL SCHOOL DISTRICT","t":13075.19,"l":"520: Res-Two Family","c":0}},{"type":"Feature","geometry":{"type":"Polygon","coordinates":[[[-82.888026,41.063879],[-82.888034,41.063862],[-82.888674,41.064001],[-82.888624,41.064109],[-82.887988,41.063962],[-82.888026,41.063879]]]},"properties":{"p":"O50-00-081548-00-00","o":"TREFT EDWARD M & DOROTHY L JT SUR","a":"0 S MAIN ST","d":"SENECA EAST LOCAL SCHOOL DISTRICT","t":1948.36,"l":"599: Res-Other","c":0}},{"type":"Feature","geometry":{"type":"Polygon","coordinates":[[[-82.88555,41.070591],[-82.884981,41.070446],[-82.885048,41.070302],[-82.885666,41.070469],[-82.885604,41.070605],[-82.88555,41.070591]]]},"properties":{"p":"O50-00-082020-00-00","o":"PUCKETT LAURIE & LAURA A PUCKETT","a":"406 N MAIN ST","d":"SENECA EAST LOCAL SCHOOL DISTRICT","t":2426.49,"l":"510: Res-Single Family","c":0}},{"type":"Feature","geometry":{"type":"Polygon","coordinates":[[[-82.8854,41.062987],[-82.885157,41.063426],[-82.885139,41.063421],[-82.885383,41.062982],[-82.8854,41.062987]]]},"properties":{"p":"O50-00-082648-00-00","o":"HAMILTON MARY","a":"111  EDEN ST","d":"SENECA EAST LOCAL SCHOOL DISTRICT","t":2180.35,"l":"510: Res-Single Family","c":0}},{"type":"Feature","geometry":{"type":"Polygon","coordinates":[[[-82.889197,41.065146],[-82.889614,41.064381],[-82.889635,41.064386],[-82.889217,41.065153],[-82.889197,41.065146]]]},"properties":{"p":"O50-00-082780-00-00","o":"STANFIELD RAFAELA MERCEDEZ PAZMINO","a":"114 W TIFFIN ST","d":"SENECA EAST LOCAL SCHOOL DISTRICT","t":8680.44,"l":"510: Res-Single Family","c":0}},{"type":"Feature","geometry":{"type":"Polygon","coordinates":[[[-83.408558,41.172821],[-83.40857,41.172961],[-83.408127,41.172964],[-83.408114,41.172824],[-83.408558,41.172821]]]},"properties":{"p":"P51-01-088816-00-00","o":"BALTZ MATTHEW S","a":"0  LYNN ST","d":"FOSTORIA CITY SCHOOL DISTRICT","t":542.14,"l":"500: Res-Vacant Land","c":0}},{"type":"Feature","geometry":{"type":"Polygon","coordinates":[[[-83.418713,41.169387],[-83.41921,41.169385],[-83.419209,41.169559],[-83.418711,41.169561],[-83.418713,41.169387]]]},"properties":{"p":"P51-01-089704-00-00","o":"ANGELL TIMOTHY SHAWN","a":"1017 N UNION ST","d":"FOSTORIA CITY SCHOOL DISTRICT","t":3007.46,"l":"510: Res-Single Family","c":0}},{"type":"Feature","geometry":{"type":"Polygon","coordinates":[[[-83.413068,41.159613],[-83.413288,41.159503],[-83.413292,41.159914],[-83.412849,41.159915],[-83.412847,41.159723],[-83.413068,41.159613]]]},"properties":{"p":"P51-03-091976-00-00","o":"AMERICAN LEGION POST","a":"0  SANDUSKY ST","d":"FOSTORIA CITY SCHOOL DISTRICT","t":3178.09,"l":"400: Com-Vacant Land","c":0}},{"type":"Feature","geometry":{"type":"Polygon","coordinates":[[[-83.41956,41.158752],[-83.419717,41.158753],[-83.41972,41.158851],[-83.419559,41.158851],[-83.41956,41.158752]]]},"properties":{"p":"P51-03-092108-00-00","o":"BECK MALCOLM F & MALCOLM F & YVONNE L BECK JT SUR","a":"320 W NORTH ST","d":"FOSTORIA CITY SCHOOL DISTRICT","t":1516.96,"l":"520: Res-Two Family","c":0}},{"type":"Feature","geometry":{"type":"Polygon","coordinates":[[[-83.413348,41.159515],[-83.413954,41.159513],[-83.413954,41.159619],[-83.413349,41.15962],[-83.413348,41.159515]]]},"properties":{"p":"P51-03-093460-00-00","o":"AMERICAN LEGION EARL","a":"300 N MAIN ST","d":"FOSTORIA CITY SCHOOL DISTRICT","t":4675.41,"l":"499: Com-Other","c":0}},{"type":"Feature","geometry":{"type":"Polygon","coordinates":[[[-83.400153,41.150041],[-83.400289,41.149945],[-83.40058,41.150183],[-83.400441,41.15028],[-83.400153,41.150041]]]},"properties":{"p":"P51-04-097192-00-00","o":"BECK MALCOLM F","a":"114  NICHOLS ST","d":"FOSTORIA CITY SCHOOL DISTRICT","t":765.13,"l":"510: Res-Single Family","c":0}},{"type":"Feature","geometry":{"type":"Polygon","coordinates":[[[-82.920055,40.99769],[-82.920087,40.997626],[-82.920592,40.997778],[-82.920527,40.997911],[-82.920046,40.997707],[-82.920055,40.99769]]]},"properties":{"p":"O49-00-078456-00-00","o":"WYANDT JESSICA M","a":"0 S SR 4","d":"SENECA EAST LOCAL SCHOOL DISTRICT","t":234.66,"l":"599: Res-Other","c":0}},{"type":"Feature","geometry":{"type":"Polygon","coordinates":[[[-82.921486,40.997467],[-82.921515,40.997467],[-82.921516,40.997604],[-82.921488,40.997605],[-82.921486,40.997467]]]},"properties":{"p":"O49-00-078568-00-00","o":"MARVIN TIMOTHY A","a":"8734 S SR 4","d":"SENECA EAST LOCAL SCHOOL DISTRICT","t":1209.08,"l":"510: Res-Single Family","c":0}},{"type":"Feature","geometry":{"type":"Polygon","coordinates":[[[-82.921491,40.997742],[-82.921488,40.997605],[-82.921516,40.997604],[-82.921517,40.997742],[-82.921491,40.997742]]]},"properties":{"p":"O49-00-078608-00-00","o":"WYANDT JESSICA M","a":"0 S SR 4","d":"SENECA EAST LOCAL SCHOOL DISTRICT","t":1834.19,"l":"420: Com-Retail-Small","c":0}},{"type":"Feature","geometry":{"type":"Polygon","coordinates":[[[-82.891425,41.052557],[-82.891537,41.052135],[-82.891664,41.05218],[-82.891425,41.052557]]]},"properties":{"p":"O49-00-079172-00-00","o":"OWENS ROBERT R","a":"4965 S TR 1058","d":"SENECA EAST LOCAL SCHOOL DISTRICT","t":3569.78,"l":"510: Res-Single Family","c":0}},{"type":"Feature","geometry":{"type":"Polygon","coordinates":[[[-82.920976,40.99747],[-82.921043,40.997335],[-82.921483,40.997336],[-82.921486,40.997467],[-82.920976,40.99747]]]},"properties":{"p":"O49-00-079660-00-00","o":"PATRICK SARAH","a":"8744 S SR 4","d":"SENECA EAST LOCAL SCHOOL DISTRICT","t":3038.58,"l":"510: Res-Single Family","c":0}},{"type":"Feature","geometry":{"type":"Polygon","coordinates":[[[-82.893224,41.051923],[-82.893322,41.051758],[-82.893603,41.051853],[-82.893512,41.052011],[-82.893224,41.051923]]]},"properties":{"p":"O49-00-080484-00-00","o":"FREEMAN ANDREW L & LINDSEY N JT SUR","a":"4985 S SR 4","d":"SENECA EAST LOCAL SCHOOL DISTRICT","t":13075.19,"l":"520: Res-Two Family","c":0}},{"type":"Feature","geometry":{"type":"Polygon","coordinates":[[[-82.885157,41.063426],[-82.8854,41.062987],[-82.885495,41.063016],[-82.885257,41.063459],[-82.885157,41.063426]]]},"properties":{"p":"O50-00-082648-00-00","o":"HAMILTON MARY","a":"111  EDEN ST","d":"SENECA EAST LOCAL SCHOOL DISTRICT","t":2180.35,"l":"510: Res-Single Family","c":0}},{"type":"Feature","geometry":{"type":"Polygon","coordinates":[[[-82.885112,41.06535],[-82.885006,41.065322],[-82.88513,41.065063],[-82.885231,41.065093],[-82.885112,41.06535]]]},"properties":{"p":"O50-00-083016-00-00","o":"SAYRE WILLIAM S","a":"27 N LIBERTY ST","d":"SENECA EAST LOCAL SCHOOL DISTRICT","t":2469.45,"l":"510: Res-Single Family","c":0}},{"type":"Feature","geometry":{"type":"Polygon","coordinates":[[[-83.411044,41.161725],[-83.410767,41.161726],[-83.410777,41.161247],[-83.411042,41.161246],[-83.411044,41.161725]]]},"properties":{"p":"P51-01-084020-00-00","o":"BECK MALCOLM F","a":"313 E HIGH ST","d":"FOSTORIA CITY SCHOOL DISTRICT","t":3277.21,"l":"420: Com-Retail-Small","c":0}},{"type":"Feature","geometry":{"type":"Polygon","coordinates":[[[-83.419717,41.158753],[-83.41956,41.158752],[-83.419561,41.158725],[-83.419716,41.158725],[-83.419717,41.158753]]]},"properties":{"p":"P51-03-092108-00-00","o":"BECK MALCOLM F & MALCOLM F & YVONNE L BECK JT SUR","a":"320 W NORTH ST","d":"FOSTORIA CITY SCHOOL DISTRICT","t":1516.96,"l":"520: Res-Two Family","c":0}},{"type":"Feature","geometry":{"type":"Polygon","coordinates":[[[-83.402463,41.149923],[-83.402455,41.149499],[-83.402637,41.1495],[-83.402643,41.149923],[-83.402463,41.149923]]]},"properties":{"p":"P51-04-097088-00-00","o":"AV HOLDINGS LLC","a":"532  GORMLEY ST","d":"FOSTORIA CITY SCHOOL DISTRICT","t":455.67,"l":"510: Res-Single Family","c":0}},{"type":"Feature","geometry":{"type":"Polygon","coordinates":[[[-83.411063,41.155248],[-83.411063,41.155167],[-83.411257,41.155168],[-83.411257,41.155249],[-83.411063,41.155248]]]},"properties":{"p":"P51-04-103012-00-00","o":"AGUILAR ERICA GARCIA","a":"310 S POPLAR ST","d":"FOSTORIA CITY SCHOOL DISTRICT","t":50.61,"l":"510: Res-Single Family","c":0}},{"type":"Feature","geometry":{"type":"Polygon","coordinates":[[[-83.186112,41.125976],[-83.186332,41.125971],[-83.186351,41.126313],[-83.186123,41.126319],[-83.186112,41.125976]]]},"properties":{"p":"Q53-02-110904-00-00","o":"BENFER DALANA K","a":"0 W DAVIS ST","d":"TIFFIN CITY SCHOOL DISTRICT","t":10.59,"l":"500: Res-Vacant Land","c":0}},{"type":"Feature","geometry":{"type":"Polygon","coordinates":[[[-83.180155,41.117765],[-83.180177,41.117733],[-83.180376,41.117809],[-83.180537,41.117847],[-83.180629,41.117717],[-83.180817,41.11779],[-83.180656,41.117954],[-83.180155,41.117765]]]},"properties":{"p":"Q53-02-111020-00-00","o":"BROWN MATTHEW G TRUSTEE","a":"0  BENNER ST","d":"TIFFIN CITY SCHOOL DISTRICT","t":4560.06,"l":"499: Com-Other","c":0}},{"type":"Feature","geometry":{"type":"Polygon","coordinates":[[[-83.177546,41.130093],[-83.177993,41.130085],[-83.177994,41.130204],[-83.17755,41.130213],[-83.177546,41.130093]]]},"properties":{"p":"Q53-02-113588-00-00","o":"BENNETT DONALD W & MADONNA C LE JT SUR ETAL","a":"39  PARK AVE","d":"TIFFIN CITY SCHOOL DISTRICT","t":1030.98,"l":"510: Res-Single Family","c":0}},{"type":"Feature","geometry":{"type":"Polygon","coordinates":[[[-82.921446,40.997467],[-82.921486,40.997467],[-82.921488,40.997605],[-82.920908,40.997609],[-82.920976,40.99747],[-82.921446,40.997467]]]},"properties":{"p":"O49-00-078568-00-00","o":"MARVIN TIMOTHY A","a":"8734 S SR 4","d":"SENECA EAST LOCAL SCHOOL DISTRICT","t":1209.08,"l":"510: Res-Single Family","c":0}},{"type":"Feature","geometry":{"type":"Polygon","coordinates":[[[-82.891245,41.052498],[-82.891468,41.052112],[-82.891537,41.052135],[-82.891425,41.052557],[-82.891245,41.052498]]]},"properties":{"p":"O49-00-079172-00-00","o":"OWENS ROBERT R","a":"4965 S TR 1058","d":"SENECA EAST LOCAL SCHOOL DISTRICT","t":3569.78,"l":"510: Res-Single Family","c":0}},{"type":"Feature","geometry":{"type":"Polygon","coordinates":[[[-82.921216,40.996765],[-82.921944,40.996852],[-82.921814,40.997079],[-82.921072,40.997047],[-82.921216,40.996765]]]},"properties":{"p":"O49-00-080368-00-00","o":"CARROLL LISA M","a":"8788 S SR 4","d":"SENECA EAST LOCAL SCHOOL DISTRICT","t":155.87,"l":"599: Res-Other","c":0}},{"type":"Feature","geometry":{"type":"Polygon","coordinates":[[[-82.883328,41.070074],[-82.883406,41.070074],[-82.883492,41.069891],[-82.884096,41.07005],[-82.883877,41.070514],[-82.88321,41.070319],[-82.883328,41.070074]]]},"properties":{"p":"O50-00-081532-00-00","o":"DANNEMILLER RICHARD A II","a":"406  MAPLE ST","d":"SENECA EAST LOCAL SCHOOL DISTRICT","t":1222.08,"l":"510: Res-Single Family","c":0}},{"type":"Feature","geometry":{"type":"Polygon","coordinates":[[[-82.886317,41.063762],[-82.886531,41.063298],[-82.886737,41.063352],[-82.886522,41.063818],[-82.886317,41.063762]]]},"properties":{"p":"O50-00-082096-00-00","o":"GEORGE MELISSA M","a":"25  EDEN ST","d":"SENECA EAST LOCAL SCHOOL DISTRICT","t":143.17,"l":"510: Res-Single Family","c":0}},{"type":"Feature","geometry":{"type":"Polygon","coordinates":[[[-82.889217,41.065153],[-82.889635,41.064386],[-82.889878,41.064438],[-82.889428,41.065227],[-82.889217,41.065153]]]},"properties":{"p":"O50-00-082780-00-00","o":"STANFIELD RAFAELA MERCEDEZ PAZMINO","a":"114 W TIFFIN ST","d":"SENECA EAST LOCAL SCHOOL DISTRICT","t":8680.44,"l":"510: Res-Single Family","c":0}},{"type":"Feature","geometry":{"type":"Polygon","coordinates":[[[-83.410767,41.161726],[-83.410411,41.161727],[-83.41033,41.161365],[-83.410328,41.161094],[-83.410764,41.160865],[-83.410891,41.160775],[-83.411039,41.160774],[-83.411042,41.161246],[-83.410777,41.161247],[-83.410767,41.161726]]]},"properties":{"p":"P51-01-084020-00-00","o":"BECK MALCOLM F","a":"313 E HIGH ST","d":"FOSTORIA CITY SCHOOL DISTRICT","t":3277.21,"l":"420: Com-Retail-Small","c":0}},{"type":"Feature","geometry":{"type":"Polygon","coordinates":[[[-83.420922,41.180328],[-83.420924,41.180754],[-83.419073,41.180747],[-83.419079,41.180321],[-83.420922,41.180328]]]},"properties":{"p":"P51-01-085164-03-00","o":"ASHVA HOSPITALITY INC","a":"1690 N COUNTYLINE ST","d":"FOSTORIA CITY SCHOOL DISTRICT","t":16049.42,"l":"410: Com-Motel","c":0}},{"type":"Feature","geometry":{"type":"Polygon","coordinates":[[[-83.417158,41.170738],[-83.417159,41.17082],[-83.416768,41.170821],[-83.416768,41.17074],[-83.417158,41.170738]]]},"properties":{"p":"P51-01-087120-00-00","o":"BARNETT JOHN P & SHERRY M JT SUR","a":"0  GERLOCK DR","d":"FOSTORIA CITY SCHOOL DISTRICT","t":382.01,"l":"500: Res-Vacant Land","c":0}},{"type":"Feature","geometry":{"type":"Polygon","coordinates":[[[-83.408101,41.172684],[-83.408547,41.172681],[-83.408558,41.172821],[-83.408114,41.172824],[-83.408101,41.172684]]]},"properties":{"p":"P51-01-088820-00-00","o":"BALTZ MATTHEW S","a":"0  LYNN ST","d":"FOSTORIA CITY SCHOOL DISTRICT","t":542.14,"l":"500: Res-Vacant Land","c":0}},{"type":"Feature","geometry":{"type":"Polygon","coordinates":[[[-83.419208,41.169578],[-83.418711,41.169581],[-83.418711,41.169561],[-83.419209,41.169559],[-83.419208,41.169578]]]},"properties":{"p":"P51-01-089704-00-00","o":"ANGELL TIMOTHY SHAWN","a":"1017 N UNION ST","d":"FOSTORIA CITY SCHOOL DISTRICT","t":3007.46,"l":"510: Res-Single Family","c":0}},{"type":"Feature","geometry":{"type":"Polygon","coordinates":[[[-83.419563,41.158582],[-83.419563,41.15857],[-83.419712,41.158569],[-83.419716,41.158725],[-83.419561,41.158725],[-83.419563,41.158582]]]},"properties":{"p":"P51-03-092108-00-00","o":"BECK MALCOLM F & MALCOLM F & YVONNE L BECK JT SUR","a":"320 W NORTH ST","d":"FOSTORIA CITY SCHOOL DISTRICT","t":1516.96,"l":"520: Res-Two Family","c":0}},{"type":"Feature","geometry":{"type":"Polygon","coordinates":[[[-83.41293,41.156891],[-83.41285,41.156891],[-83.412849,41.15671],[-83.412928,41.15671],[-83.41293,41.156891]]]},"properties":{"p":"P51-03-094280-00-00","o":"AURAND MICHAEL GENE & TIFFANI MARIEL","a":"134 E TIFFIN ST","d":"FOSTORIA CITY SCHOOL DISTRICT","t":820.26,"l":"429: Com-Other","c":0}},{"type":"Feature","geometry":{"type":"Polygon","coordinates":[[[-83.408755,41.146212],[-83.408753,41.146001],[-83.408899,41.146002],[-83.408901,41.146212],[-83.408755,41.146212]]]},"properties":{"p":"P51-04-103536-00-00","o":"BECK MALCOLM F","a":"1047  STATE ST","d":"FOSTORIA CITY SCHOOL DISTRICT","t":1501.58,"l":"510: Res-Single Family","c":0}},{"type":"Feature","geometry":{"type":"Polygon","coordinates":[[[-83.186552,41.125966],[-83.186751,41.125961],[-83.18676,41.1263],[-83.186572,41.126306],[-83.186552,41.125966]]]},"properties":{"p":"Q53-02-110896-00-00","o":"BENFER DALANA K","a":"234 W DAVIS ST","d":"TIFFIN CITY SCHOOL DISTRICT","t":144.29,"l":"510: Res-Single Family","c":0}},{"type":"Feature","geometry":{"type":"Polygon","coordinates":[[[-83.180629,41.117717],[-83.180638,41.117704],[-83.180697,41.117726],[-83.180854,41.117667],[-83.180899,41.117622],[-83.180963,41.117648],[-83.180817,41.11779],[-83.180629,41.117717]]]},"properties":{"p":"Q53-02-111020-00-00","o":"BROWN MATTHEW G TRUSTEE","a":"0  BENNER ST","d":"TIFFIN CITY SCHOOL DISTRICT","t":4560.06,"l":"499: Com-Other","c":0}},{"type":"Feature","geometry":{"type":"Polygon","coordinates":[[[-83.181361,41.131417],[-83.181573,41.131414],[-83.18158,41.131741],[-83.181366,41.131744],[-83.181361,41.131417]]]},"properties":{"p":"Q53-02-111552-00-00","o":"BIRCH PAUL A & KIMBERLY M JT SUR","a":"190  FIFTH AVE","d":"TIFFIN CITY SCHOOL DISTRICT","t":426.41,"l":"510: Res-Single Family","c":0}},{"type":"Feature","geometry":{"type":"Polygon","coordinates":[[[-83.169187,41.128327],[-83.169405,41.128326],[-83.169422,41.128685],[-83.169204,41.128686],[-83.169187,41.128327]]]},"properties":{"p":"Q53-02-112084-00-00","o":"BUCCIONE JOYCE L ETAL","a":"186  TOMB ST","d":"TIFFIN CITY SCHOOL DISTRICT","t":2.51,"l":"510: Res-Single Family","c":0}},{"type":"Feature","geometry":{"type":"Polygon","coordinates":[[[-83.175232,41.121253],[-83.175228,41.121226],[-83.175864,41.121169],[-83.175889,41.121328],[-83.175255,41.121386],[-83.175232,41.121253]]]},"properties":{"p":"Q53-02-116920-00-00","o":"ALBERT CARRI","a":"26  MINERVA ST","d":"TIFFIN CITY SCHOOL DISTRICT","t":1261.5,"l":"510: Res-Single Family","c":0}},{"type":"Feature","geometry":{"type":"Polygon","coordinates":[[[-83.184868,41.121385],[-83.184855,41.12138],[-83.185069,41.121085],[-83.185193,41.121134],[-83.184987,41.121432],[-83.184868,41.121385]]]},"properties":{"p":"Q53-02-118008-00-00","o":"BAUMAN MICHAEL C","a":"46  GRACE ST","d":"TIFFIN CITY SCHOOL DISTRICT","t":13259.25,"l":"510: Res-Single Family","c":0}},{"type":"Feature","geometry":{"type":"Polygon","coordinates":[[[-82.884514,41.070918],[-82.884324,41.071327],[-82.883745,41.071182],[-82.883944,41.070754],[-82.884514,41.070918]]]},"properties":{"p":"O50-00-082028-00-00","o":"MYERS ANTHONY J","a":"503 N MAIN ST","d":"SENECA EAST LOCAL SCHOOL DISTRICT","t":2972.55,"l":"435: Com-Drive In","c":0}},{"type":"Feature","geometry":{"type":"Polygon","coordinates":[[[-82.886542,41.067102],[-82.88663,41.066912],[-82.887245,41.067078],[-82.887158,41.067265],[-82.886542,41.067102]]]},"properties":{"p":"O50-00-082420-00-00","o":"ICKES TONYA","a":"114 N MAIN ST","d":"SENECA EAST LOCAL SCHOOL DISTRICT","t":2143.36,"l":"510: Res-Single Family","c":0}},{"type":"Feature","geometry":{"type":"Polygon","coordinates":[[[-82.885112,41.06535],[-82.885231,41.065093],[-82.885437,41.06515],[-82.885317,41.065405],[-82.885112,41.06535]]]},"properties":{"p":"O50-00-083016-00-00","o":"SAYRE WILLIAM S","a":"27 N LIBERTY ST","d":"SENECA EAST LOCAL SCHOOL DISTRICT","t":2469.45,"l":"510: Res-Single Family","c":0}},{"type":"Feature","geometry":{"type":"Polygon","coordinates":[[[-83.411044,41.161725],[-83.411042,41.161253],[-83.411064,41.161253],[-83.411066,41.161725],[-83.411044,41.161725]]]},"properties":{"p":"P51-01-084020-00-00","o":"BECK MALCOLM F","a":"313 E HIGH ST","d":"FOSTORIA CITY SCHOOL DISTRICT","t":3277.21,"l":"420: Com-Retail-Small","c":0}},{"type":"Feature","geometry":{"type":"Polygon","coordinates":[[[-83.417221,41.167668],[-83.417225,41.167487],[-83.417853,41.167486],[-83.41785,41.167667],[-83.417221,41.167668]]]},"properties":{"p":"P51-01-087204-00-00","o":"BEESON LESLIE A","a":"825  WALNUT ST","d":"FOSTORIA CITY SCHOOL DISTRICT","t":4133.37,"l":"510: Res-Single Family","c":0}},{"type":"Feature","geometry":{"type":"Polygon","coordinates":[[[-83.420884,41.170032],[-83.420393,41.170034],[-83.420396,41.169897],[-83.420886,41.169895],[-83.420884,41.170032]]]},"properties":{"p":"P51-01-088108-00-00","o":"BARLETT EMILY","a":"1050 N COUNTYLINE ST","d":"FOSTORIA CITY SCHOOL DISTRICT","t":3415.76,"l":"510: Res-Single Family","c":0}},{"type":"Feature","geometry":{"type":"Polygon","coordinates":[[[-83.408535,41.172542],[-83.408547,41.172681],[-83.408101,41.172684],[-83.408088,41.172545],[-83.408535,41.172542]]]},"properties":{"p":"P51-01-088824-00-00","o":"BALTZ MATTHEW S","a":"1062  LYNN ST","d":"FOSTORIA CITY SCHOOL DISTRICT","t":547.6,"l":"500: Res-Vacant Land","c":0}},{"type":"Feature","geometry":{"type":"Polygon","coordinates":[[[-83.398811,41.161799],[-83.40001,41.161808],[-83.400024,41.162378],[-83.39882,41.162376],[-83.398811,41.161799]]]},"properties":{"p":"P51-03-094284-00-00","o":"BAXTER JEFFERY R","a":"0 E HIGH ST","d":"FOSTORIA CITY SCHOOL DISTRICT","t":290.72,"l":"500: Res-Vacant Land","c":0}},{"type":"Feature","geometry":{"type":"Polygon","coordinates":[[[-83.400955,41.161808],[-83.400965,41.162198],[-83.40079,41.162198],[-83.400781,41.161808],[-83.400955,41.161808]]]},"properties":{"p":"P51-03-094500-00-00","o":"BAXTER JEFF","a":"0 E HIGH ST","d":"FOSTORIA CITY SCHOOL DISTRICT","t":66.71,"l":"500: Res-Vacant Land","c":0}},{"type":"Feature","geometry":{"type":"Polygon","coordinates":[[[-83.411482,41.146971],[-83.41148,41.146842],[-83.411938,41.146848],[-83.411941,41.146973],[-83.411482,41.146971]]]},"properties":{"p":"P51-04-098908-00-00","o":"AV HOLDINGS LLC","a":"1001 S POPLAR ST","d":"FOSTORIA CITY SCHOOL DISTRICT","t":540.28,"l":"510: Res-Single Family","c":0}},{"type":"Feature","geometry":{"type":"Polygon","coordinates":[[[-83.411024,41.155248],[-83.410882,41.155247],[-83.410882,41.155166],[-83.411063,41.155167],[-83.411063,41.155248],[-83.411024,41.155248]]]},"properties":{"p":"P51-04-103012-00-00","o":"AGUILAR ERICA GARCIA","a":"310 S POPLAR ST","d":"FOSTORIA CITY SCHOOL DISTRICT","t":50.61,"l":"510: Res-Single Family","c":0}},{"type":"Feature","geometry":{"type":"Polygon","coordinates":[[[-83.408616,41.146212],[-83.408616,41.146],[-83.408753,41.146001],[-83.408755,41.146212],[-83.408616,41.146212]]]},"properties":{"p":"P51-04-103536-00-00","o":"BECK MALCOLM F","a":"1047  STATE ST","d":"FOSTORIA CITY SCHOOL DISTRICT","t":1501.58,"l":"510: Res-Single Family","c":0}},{"type":"Feature","geometry":{"type":"Polygon","coordinates":[[[-83.170993,41.112396],[-83.17107,41.112882],[-83.170977,41.11289],[-83.170894,41.112405],[-83.170993,41.112396]]]},"properties":{"p":"Q53-01-107608-00-00","o":"BURGER ROBERT J","a":"12  REBECCA ST","d":"TIFFIN CITY SCHOOL DISTRICT","t":11989.06,"l":"510: Res-Single Family","c":0}},{"type":"Feature","geometry":{"type":"Polygon","coordinates":[[[-83.186332,41.125971],[-83.186552,41.125966],[-83.186572,41.126306],[-83.186351,41.126313],[-83.186332,41.125971]]]},"properties":{"p":"Q53-02-110900-00-00","o":"BENFER DALANA K","a":"0 W DAVIS ST","d":"TIFFIN CITY SCHOOL DISTRICT","t":10.59,"l":"500: Res-Vacant Land","c":0}},{"type":"Feature","geometry":{"type":"Polygon","coordinates":[[[-83.18048,41.117834],[-83.180577,41.117697],[-83.180629,41.117717],[-83.180537,41.117847],[-83.18048,41.117834]]]},"properties":{"p":"Q53-02-116820-00-00","o":"BROWN MATTHEW G TRUSTEE","a":"44  MIAMI ST","d":"TIFFIN CITY SCHOOL DISTRICT","t":10175.35,"l":"520: Res-Two Family","c":0}},{"type":"Feature","geometry":{"type":"Polygon","coordinates":[[[-83.172574,41.123422],[-83.172609,41.123304],[-83.17295,41.123381],[-83.172887,41.12351],[-83.172569,41.123438],[-83.172574,41.123422]]]},"properties":{"p":"Q53-02-110908-00-00","o":"BACON FRANK L","a":"0  WATER ST","d":"TIFFIN CITY SCHOOL DISTRICT","t":711.2,"l":"500: Res-Vacant Land","c":0}},{"type":"Feature","geometry":{"type":"Polygon","coordinates":[[[-83.180899,41.117622],[-83.181046,41.117476],[-83.181109,41.117501],[-83.180963,41.117648],[-83.180899,41.117622]]]},"properties":{"p":"Q53-02-111020-00-00","o":"BROWN MATTHEW G TRUSTEE","a":"0  BENNER ST","d":"TIFFIN CITY SCHOOL DISTRICT","t":4560.06,"l":"499: Com-Other","c":0}},{"type":"Feature","geometry":{"type":"Polygon","coordinates":[[[-83.180376,41.117809],[-83.180478,41.117658],[-83.180577,41.117697],[-83.18048,41.117834],[-83.180376,41.117809]]]},"properties":{"p":"Q53-02-116820-00-00","o":"BROWN MATTHEW G TRUSTEE","a":"44  MIAMI ST","d":"TIFFIN CITY SCHOOL DISTRICT","t":10175.35,"l":"520: Res-Two Family","c":0}},{"type":"Feature","geometry":{"type":"Polygon","coordinates":[[[-83.181519,41.124309],[-83.181648,41.124312],[-83.181668,41.124726],[-83.181542,41.124729],[-83.181519,41.124309]]]},"properties":{"p":"Q53-02-117208-00-00","o":"59 APPLE LLC","a":"59  APPLE ST","d":"TIFFIN CITY SCHOOL DISTRICT","t":407.79,"l":"500: Res-Vacant Land","c":0}},{"type":"Feature","geometry":{"type":"Polygon","coordinates":[[[-83.196894,41.099543],[-83.19706,41.099627],[-83.196801,41.099925],[-83.196633,41.09984],[-83.196894,41.099543]]]},"properties":{"p":"Q53-03-124460-00-00","o":"ALSPACH JANET M","a":"42  GARY LN","d":"TIFFIN CITY SCHOOL DISTRICT","t":5283.04,"l":"510: Res-Single Family","c":0}},{"type":"Feature","geometry":{"type":"Polygon","coordinates":[[[-83.183298,41.113359],[-83.183357,41.113353],[-83.183453,41.113845],[-83.183388,41.113852],[-83.183298,41.113359]]]},"properties":{"p":"Q53-03-125740-00-00","o":"BURD BARRY E TRUSTEE","a":"0 W MARKET ST","d":"TIFFIN CITY SCHOOL DISTRICT","t":8.12,"l":"500: Res-Vacant Land","c":0}},{"type":"Feature","geometry":{"type":"Polygon","coordinates":[[[-83.176024,41.109485],[-83.176592,41.10943],[-83.176619,41.10959],[-83.1759,41.109662],[-83.175895,41.109633],[-83.176024,41.109485]]]},"properties":{"p":"Q53-04-133680-00-00","o":"3 EC DEVELOPMENT LLC","a":"2  SYCAMORE ST","d":"TIFFIN CITY SCHOOL DISTRICT","t":4450.64,"l":"447: Com-Office","c":0}},{"type":"Feature","geometry":{"type":"Polygon","coordinates":[[[-83.172107,41.099498],[-83.172102,41.099015],[-83.17348,41.099009],[-83.173589,41.099482],[-83.172223,41.099518],[-83.172107,41.099498]]]},"properties":{"p":"Q53-04-197330-00-00","o":"3 EC DEVELOPMENT LLC","a":"65  ST FRANCIS AVE","d":"TIFFIN CITY SCHOOL DISTRICT","t":14955.75,"l":"447: Com-Office","c":0}},{"type":"Feature","geometry":{"type":"Polygon","coordinates":[[[-83.180638,41.117704],[-83.180629,41.117717],[-83.180478,41.117658],[-83.180693,41.117338],[-83.180889,41.117415],[-83.180681,41.11772],[-83.180638,41.117704]]]},"properties":{"p":"Q53-02-116820-00-00","o":"BROWN MATTHEW G TRUSTEE","a":"44  MIAMI ST","d":"TIFFIN CITY SCHOOL DISTRICT","t":10175.35,"l":"520: Res-Two Family","c":0}},{"type":"Feature","geometry":{"type":"Polygon","coordinates":[[[-83.193166,41.115395],[-83.19319,41.115388],[-83.193379,41.115704],[-83.193348,41.115714],[-83.193166,41.115395]]]},"properties":{"p":"Q53-03-120764-00-00","o":"BIRCH CONI & NIKKI BIRCH JT SUR","a":"90  ELMER ST","d":"TIFFIN CITY SCHOOL DISTRICT","t":3578.67,"l":"510: Res-Single Family","c":0}},{"type":"Feature","geometry":{"type":"Polygon","coordinates":[[[-83.183357,41.113353],[-83.183413,41.113347],[-83.183497,41.113841],[-83.183453,41.113845],[-83.183357,41.113353]]]},"properties":{"p":"Q53-03-125740-00-00","o":"BURD BARRY E TRUSTEE","a":"0 W MARKET ST","d":"TIFFIN CITY SCHOOL DISTRICT","t":8.12,"l":"500: Res-Vacant Land","c":0}},{"type":"Feature","geometry":{"type":"Polygon","coordinates":[[[-83.173589,41.099482],[-83.173947,41.099474],[-83.173941,41.099885],[-83.173579,41.099888],[-83.173589,41.099482]]]},"properties":{"p":"Q53-04-129108-00-00","o":"3 EC DEVELOPMENT LLC","a":"0  ORCHARD PARK","d":"TIFFIN CITY SCHOOL DISTRICT","t":673.97,"l":"400: Com-Vacant Land","c":0}},{"type":"Feature","geometry":{"type":"Polygon","coordinates":[[[-83.173493,41.098529],[-83.173474,41.098791],[-83.17348,41.099009],[-83.172102,41.099015],[-83.1721,41.098825],[-83.171489,41.098829],[-83.171503,41.098108],[-83.17316,41.098104],[-83.173151,41.098529],[-83.173493,41.098529]]]},"properties":{"p":"Q53-04-197330-00-00","o":"3 EC DEVELOPMENT LLC","a":"65  ST FRANCIS AVE","d":"TIFFIN CITY SCHOOL DISTRICT","t":14955.75,"l":"447: Com-Office","c":0}},{"type":"Feature","geometry":{"type":"Polygon","coordinates":[[[-83.173579,41.099888],[-83.172893,41.099893],[-83.172905,41.099502],[-83.173589,41.099482],[-83.173579,41.099888]]]},"properties":{"p":"Q53-04-197330-00-00","o":"3 EC DEVELOPMENT LLC","a":"65  ST FRANCIS AVE","d":"TIFFIN CITY SCHOOL DISTRICT","t":14955.75,"l":"447: Com-Office","c":0}},{"type":"Feature","geometry":{"type":"Polygon","coordinates":[[[-83.19319,41.115388],[-83.193473,41.115309],[-83.193488,41.115669],[-83.193379,41.115704],[-83.19319,41.115388]]]},"properties":{"p":"Q53-03-120764-00-00","o":"BIRCH CONI & NIKKI BIRCH JT SUR","a":"90  ELMER ST","d":"TIFFIN CITY SCHOOL DISTRICT","t":3578.67,"l":"510: Res-Single Family","c":0}},{"type":"Feature","geometry":{"type":"Polygon","coordinates":[[[-83.171485,41.099027],[-83.171476,41.099507],[-83.171013,41.099513],[-83.17128,41.099029],[-83.171485,41.099027]]]},"properties":{"p":"Q53-04-129116-00-00","o":"3 EC DEVELOPMENT LLC","a":"0  ST FRANCIS AVE","d":"TIFFIN CITY SCHOOL DISTRICT","t":46.08,"l":"400: Com-Vacant Land","c":0}}]}