{"type":"FeatureCollection","features":[{"type":"Feature","geometry":{"type":"Polygon","coordinates":[[[-82.752921,39.731757],[-82.753149,39.729479],[-82.754884,39.729489],[-82.755147,39.729505],[-82.754925,39.731889],[-82.752921,39.731757]]]},"properties":{"p":"0010004700","o":"JAYJOHN LYNDA A & ERIC E SURV","a":"0  ROYALTON RD","d":"AMANDA-CLEARCREEK LOCAL SCHOOL DISTRICT","t":289.57,"l":"100: Agr-Vacant Land","c":0}},{"type":"Feature","geometry":{"type":"Polygon","coordinates":[[[-82.764974,39.731689],[-82.76467,39.731669],[-82.76472,39.731323],[-82.765024,39.731317],[-82.764974,39.731689]]]},"properties":{"p":"0010006000","o":"MATHES ALFORD L JR","a":"0  HARDBARGER LN","d":"AMANDA-CLEARCREEK LOCAL SCHOOL DISTRICT","t":92.44,"l":"501: Res-Custom Code","c":0}},{"type":"Feature","geometry":{"type":"Polygon","coordinates":[[[-82.764374,39.731807],[-82.764443,39.731228],[-82.766019,39.731209],[-82.766018,39.731339],[-82.766516,39.731394],[-82.766505,39.731467],[-82.765991,39.731431],[-82.765819,39.731317],[-82.764513,39.731322],[-82.764334,39.732508],[-82.764291,39.732505],[-82.764374,39.731807]]]},"properties":{"p":"0010006300","o":"ROARK HAROLD & MACEL E","a":"8611  DAVIS LN","d":"AMANDA-CLEARCREEK LOCAL SCHOOL DISTRICT","t":2078.8,"l":"501: Res-Custom Code","c":0}},{"type":"Feature","geometry":{"type":"Polygon","coordinates":[[[-82.72155,39.678348],[-82.721684,39.676858],[-82.723097,39.676935],[-82.723035,39.677633],[-82.722504,39.677602],[-82.722436,39.678398],[-82.72155,39.678348]]]},"properties":{"p":"0010018410","o":"CURTIS THOMAS W & CURTIS VINCENT S","a":"6135  DUNCAN RD","d":"AMANDA-CLEARCREEK LOCAL SCHOOL DISTRICT","t":4280.69,"l":"511: Res-Custom Code","c":0}},{"type":"Feature","geometry":{"type":"Polygon","coordinates":[[[-82.782496,39.64988],[-82.782006,39.650141],[-82.781551,39.649528],[-82.781675,39.648332],[-82.784009,39.647977],[-82.784445,39.648323],[-82.783719,39.648696],[-82.784013,39.649067],[-82.782496,39.64988]]]},"properties":{"p":"0010026800","o":"CRITES WILLISON T & TRACY SURV","a":"9155  CINCINNATI-ZANESVILLE RD","d":"AMANDA-CLEARCREEK LOCAL SCHOOL DISTRICT","t":4720.97,"l":"511: Res-Custom Code","c":0}},{"type":"Feature","geometry":{"type":"Polygon","coordinates":[[[-82.755777,39.656176],[-82.755733,39.655602],[-82.755588,39.655201],[-82.758014,39.655344],[-82.75792,39.656302],[-82.755777,39.656176]]]},"properties":{"p":"0010030114","o":"AMANDA CORE PROPERTIES LLC","a":"5115  AMANDA-NORTHERN RD  AMANDA 43102","d":"AMANDA-CLEARCREEK LOCAL SCHOOL DISTRICT","t":4095.24,"l":"442: Com-Medical Clinic","c":0}},{"type":"Feature","geometry":{"type":"Polygon","coordinates":[[[-82.72617,39.647045],[-82.726413,39.646763],[-82.727353,39.647247],[-82.727283,39.647965],[-82.725963,39.647286],[-82.72617,39.647045]]]},"properties":{"p":"0010034300","o":"CANFIELD JAMES & CANFIELD JAMES M","a":"5715  CHILLICOTHE-LANCASTER RD  AMANDA 43102","d":"AMANDA-CLEARCREEK LOCAL SCHOOL DISTRICT","t":1750.34,"l":"511: Res-Custom Code","c":0}},{"type":"Feature","geometry":{"type":"Polygon","coordinates":[[[-82.767912,39.727605],[-82.767955,39.727244],[-82.768338,39.727183],[-82.768295,39.727543],[-82.767912,39.727605]]]},"properties":{"p":"0010036100","o":"CRICKET HOLDINGS LLC","a":"8762  ROYALTON RD  AMANDA 43102","d":"AMANDA-CLEARCREEK LOCAL SCHOOL DISTRICT","t":516.28,"l":"510: Res-Single Family","c":0}},{"type":"Feature","geometry":{"type":"Polygon","coordinates":[[[-82.767572,39.727306],[-82.767955,39.727244],[-82.767912,39.727605],[-82.767665,39.727645],[-82.767641,39.727543],[-82.767653,39.72754],[-82.767572,39.727306]]]},"properties":{"p":"0010036200","o":"CRICKET HOLDINGS LLC","a":"8742  ROYALTON RD  AMANDA 43102","d":"AMANDA-CLEARCREEK LOCAL SCHOOL DISTRICT","t":351.94,"l":"510: Res-Single Family","c":0}},{"type":"Feature","geometry":{"type":"Polygon","coordinates":[[[-82.767387,39.727335],[-82.767572,39.727306],[-82.767653,39.72754],[-82.767641,39.727543],[-82.767665,39.727645],[-82.767425,39.727683],[-82.767387,39.727335]]]},"properties":{"p":"0010036300","o":"CRICKET HOLDINGS LLC","a":"0  ROYALTON RD  AMANDA 43102","d":"AMANDA-CLEARCREEK LOCAL SCHOOL DISTRICT","t":871.96,"l":"599: Res-Other","c":0}},{"type":"Feature","geometry":{"type":"Polygon","coordinates":[[[-82.788689,39.719402],[-82.792946,39.71969],[-82.792207,39.726209],[-82.787916,39.726337],[-82.788689,39.719402]]]},"properties":{"p":"0020050610","o":"WILLIAMS PHYLLIS M","a":"9775  ROYALTON RD  AMANDA 43102","d":"TEAYS VALLEY LOCAL SCHOOL DISTRICT","t":127.97,"l":"110: Agr-CAUV-Vacant Land","c":0}},{"type":"Feature","geometry":{"type":"Polygon","coordinates":[[[-82.798662,39.712645],[-82.79908,39.708958],[-82.803936,39.709295],[-82.803523,39.712943],[-82.798662,39.712645]]]},"properties":{"p":"0020055700","o":"WILLIAMS PHYLLIS M","a":"10120  REIGLE RD  AMANDA 43102","d":"TEAYS VALLEY LOCAL SCHOOL DISTRICT","t":295.01,"l":"111: Agr-CAUV-Cash-Grain Farm","c":0}},{"type":"Feature","geometry":{"type":"Polygon","coordinates":[[[-82.793797,39.712378],[-82.793805,39.712315],[-82.798389,39.712628],[-82.797972,39.716322],[-82.793376,39.715996],[-82.793797,39.712378]]]},"properties":{"p":"0020055700","o":"WILLIAMS PHYLLIS M","a":"10120  REIGLE RD  AMANDA 43102","d":"TEAYS VALLEY LOCAL SCHOOL DISTRICT","t":295.01,"l":"111: Agr-CAUV-Cash-Grain Farm","c":0}},{"type":"Feature","geometry":{"type":"Polygon","coordinates":[[[-82.788691,39.715765],[-82.789108,39.71205],[-82.793797,39.712378],[-82.792946,39.71969],[-82.788287,39.719375],[-82.788691,39.715765]]]},"properties":{"p":"0020057000","o":"WILLIAMS PHYLLIS M","a":"9970  REIGLE RD  AMANDA 43102","d":"TEAYS VALLEY LOCAL SCHOOL DISTRICT","t":218,"l":"111: Agr-CAUV-Cash-Grain Farm","c":0}},{"type":"Feature","geometry":{"type":"Polygon","coordinates":[[[-82.835717,39.652585],[-82.835511,39.652428],[-82.837345,39.652517],[-82.837319,39.652791],[-82.835895,39.652714],[-82.835717,39.652585]]]},"properties":{"p":"0020068410","o":"CLIFTON ERICA R","a":"5735  WINCHESTER-SOUTHERN RD","d":"TEAYS VALLEY LOCAL SCHOOL DISTRICT","t":2105.54,"l":"511: Res-Custom Code","c":0}},{"type":"Feature","geometry":{"type":"Polygon","coordinates":[[[-82.819886,39.661691],[-82.819878,39.660594],[-82.82041,39.660625],[-82.820421,39.662326],[-82.819339,39.662281],[-82.819021,39.661895],[-82.819886,39.661691]]]},"properties":{"p":"0020069110","o":"BLY MICHAEL D","a":"4975  FOSNAUGH SCHOOL RD","d":"TEAYS VALLEY LOCAL SCHOOL DISTRICT","t":2605.76,"l":"511: Res-Custom Code","c":0}},{"type":"Feature","geometry":{"type":"Polygon","coordinates":[[[-82.819126,39.653676],[-82.819168,39.65326],[-82.819785,39.653335],[-82.819855,39.652288],[-82.821256,39.652355],[-82.821206,39.652942],[-82.822172,39.653006],[-82.822126,39.653853],[-82.821274,39.654029],[-82.8212,39.655436],[-82.822977,39.657328],[-82.818785,39.657054],[-82.819126,39.653676]]]},"properties":{"p":"0020069300","o":"CLINE WILLIAM R","a":"5615  FOSNAUGH SCHOOL RD  STOUTSVILLE 43154","d":"TEAYS VALLEY LOCAL SCHOOL DISTRICT","t":9322.08,"l":"101: Agr-Cash-Grain Farm","c":0}},{"type":"Feature","geometry":{"type":"Polygon","coordinates":[[[-82.816694,39.652571],[-82.816814,39.651538],[-82.819321,39.651677],[-82.819224,39.652706],[-82.816694,39.652571]]]},"properties":{"p":"0020071100","o":"PENCE JERRY EDWARD","a":"5770  FOSNAUGH SCHOOL RD  STOUTSVILLE 43154","d":"TEAYS VALLEY LOCAL SCHOOL DISTRICT","t":1663.61,"l":"511: Res-Custom Code","c":0}},{"type":"Feature","geometry":{"type":"Polygon","coordinates":[[[-82.805237,39.690946],[-82.805268,39.690629],[-82.805794,39.690663],[-82.805763,39.690981],[-82.805237,39.690946]]]},"properties":{"p":"0020801500","o":"CEDAR HILL COMMUNITY HALL","a":"10499  WESTFALL RD","d":"TEAYS VALLEY LOCAL SCHOOL DISTRICT","t":291.63,"l":"630: Exm-Township","c":0}},{"type":"Feature","geometry":{"type":"Polygon","coordinates":[[[-82.750643,39.65021],[-82.750628,39.650253],[-82.750445,39.65021],[-82.75057,39.649842],[-82.750795,39.649766],[-82.750643,39.65021]]]},"properties":{"p":"0030071500","o":"MOORE YAVETTA & LAGUNAS ERMILO L","a":"0  FRANCIS ST  AMANDA 43102","d":"AMANDA-CLEARCREEK LOCAL SCHOOL DISTRICT","t":25.23,"l":"501: Res-Custom Code","c":0}},{"type":"Feature","geometry":{"type":"Polygon","coordinates":[[[-82.73765,39.652648],[-82.737683,39.652287],[-82.737861,39.652298],[-82.737824,39.652704],[-82.737645,39.652693],[-82.73765,39.652648]]]},"properties":{"p":"0030076011","o":"SCHWARTZ JEFFREY D & CHRISTINA L SURV","a":"0 E LUTZ AVE  AMANDA 43102","d":"AMANDA-CLEARCREEK LOCAL SCHOOL DISTRICT","t":2.96,"l":"501: Res-Custom Code","c":0}},{"type":"Feature","geometry":{"type":"Polygon","coordinates":[[[-82.74277,39.649737],[-82.742611,39.649708],[-82.742709,39.649353],[-82.742811,39.649372],[-82.74277,39.649737]]]},"properties":{"p":"0030080000","o":"LIND KEVIN","a":"126 E MAIN ST","d":"AMANDA-CLEARCREEK LOCAL SCHOOL DISTRICT","t":3207.14,"l":"430: Com-Retaurant","c":0}},{"type":"Feature","geometry":{"type":"Polygon","coordinates":[[[-82.745797,39.649366],[-82.745763,39.649514],[-82.74578,39.649363],[-82.745797,39.649366]]]},"properties":{"p":"0030082110","o":"BRINKMAN SHAWN & GEORGIA SURV","a":"0 W MAIN ST  AMANDA 43102","d":"AMANDA-CLEARCREEK LOCAL SCHOOL DISTRICT","t":10.52,"l":"500: Res-Vacant Land","c":0}},{"type":"Feature","geometry":{"type":"Polygon","coordinates":[[[-82.750517,39.651616],[-82.750234,39.651556],[-82.750358,39.651206],[-82.750641,39.651266],[-82.750517,39.651616]]]},"properties":{"p":"0030087400","o":"PICKERING STEVEN D","a":"323 W HIGH ST  AMANDA 43102","d":"AMANDA-CLEARCREEK LOCAL SCHOOL DISTRICT","t":940.78,"l":"560: Res-Mobile Home","c":0}},{"type":"Feature","geometry":{"type":"Polygon","coordinates":[[[-82.750282,39.650631],[-82.750445,39.65021],[-82.750628,39.650253],[-82.750466,39.650674],[-82.750282,39.650631]]]},"properties":{"p":"0030094200","o":"MOORE YAVETTA & LAGUNAS ERMILO L","a":"0 W MAIN ST","d":"AMANDA-CLEARCREEK LOCAL SCHOOL DISTRICT","t":207.83,"l":"599: Res-Other","c":0}},{"type":"Feature","geometry":{"type":"Polygon","coordinates":[[[-82.750282,39.650631],[-82.750058,39.65058],[-82.7502,39.650211],[-82.750424,39.650263],[-82.750282,39.650631]]]},"properties":{"p":"0030094300","o":"MOORE YAVETTA & LAGUNAS ERMILO L","a":"323 W MAIN ST","d":"AMANDA-CLEARCREEK LOCAL SCHOOL DISTRICT","t":2053.12,"l":"510: Res-Single Family","c":0}},{"type":"Feature","geometry":{"type":"Polygon","coordinates":[[[-82.750173,39.649972],[-82.75057,39.649842],[-82.750424,39.650263],[-82.7502,39.650211],[-82.750236,39.650117],[-82.750071,39.650079],[-82.750169,39.650048],[-82.750173,39.649972]]]},"properties":{"p":"0030094600","o":"MOORE YAVETTA & LAGUNAS ERMILO L","a":"0 W MAIN ST","d":"AMANDA-CLEARCREEK LOCAL SCHOOL DISTRICT","t":31.78,"l":"501: Res-Custom Code","c":0}},{"type":"Feature","geometry":{"type":"Polygon","coordinates":[[[-82.745417,39.651108],[-82.745455,39.650747],[-82.745628,39.650778],[-82.74559,39.651139],[-82.745417,39.651108]]]},"properties":{"p":"0030107400","o":"CAMPBELL CAROL A","a":"0 W HIGH ST  AMANDA 43102","d":"AMANDA-CLEARCREEK LOCAL SCHOOL DISTRICT","t":2898.35,"l":"599: Res-Other","c":0}},{"type":"Feature","geometry":{"type":"Polygon","coordinates":[[[-82.592797,39.697527],[-82.592394,39.697514],[-82.592196,39.697363],[-82.592037,39.69709],[-82.593263,39.696212],[-82.593665,39.697556],[-82.592797,39.697527]]]},"properties":{"p":"0040002400","o":"HOLLETT ADAM T & MARY E SURV","a":"1761  LOGAN ST  LANCASTER 43130","d":"BERNE UNION LOCAL SCHOOL DISTRICT","t":8931.41,"l":"511: Res-Custom Code","c":0}},{"type":"Feature","geometry":{"type":"Polygon","coordinates":[[[-82.593665,39.697556],[-82.593263,39.696212],[-82.595512,39.695919],[-82.595408,39.697614],[-82.593665,39.697556]]]},"properties":{"p":"0040002500","o":"HOLLETT ADAM T & MARY E SURV","a":"0  LOGAN ST","d":"BERNE UNION LOCAL SCHOOL DISTRICT","t":784.04,"l":"501: Res-Custom Code","c":0}},{"type":"Feature","geometry":{"type":"Polygon","coordinates":[[[-82.562649,39.703473],[-82.56267,39.703186],[-82.562848,39.703195],[-82.562789,39.70388],[-82.562619,39.703872],[-82.562649,39.703473]]]},"properties":{"p":"0040002900","o":"STROSNIDER VINCENT ROY","a":"1981  DUFFY RD","d":"BERNE UNION LOCAL SCHOOL DISTRICT","t":2001.75,"l":"511: Res-Custom Code","c":0}},{"type":"Feature","geometry":{"type":"Polygon","coordinates":[[[-82.536992,39.700538],[-82.537036,39.699345],[-82.537954,39.699388],[-82.537917,39.700395],[-82.537495,39.700375],[-82.536992,39.700538]]]},"properties":{"p":"0040008000","o":"MILLER MAREK & TEMPLE SURV","a":"3370  DUFFY RD  LANCASTER 43130","d":"BERNE UNION LOCAL SCHOOL DISTRICT","t":2257.7,"l":"511: Res-Custom Code","c":0}},{"type":"Feature","geometry":{"type":"Polygon","coordinates":[[[-82.504688,39.676648],[-82.50477,39.675909],[-82.507523,39.676059],[-82.507728,39.676582],[-82.506829,39.676699],[-82.504688,39.676648]]]},"properties":{"p":"0040012100","o":"MILLER JERRY D","a":"3041  BAUMAN HILL RD","d":"BERNE UNION LOCAL SCHOOL DISTRICT","t":51.11,"l":"501: Res-Custom Code","c":0}},{"type":"Feature","geometry":{"type":"Polygon","coordinates":[[[-82.503349,39.675827],[-82.50477,39.675909],[-82.504633,39.677154],[-82.504437,39.677062],[-82.503045,39.676933],[-82.503235,39.676511],[-82.50317,39.676201],[-82.503349,39.675827]]]},"properties":{"p":"0040012700","o":"MILLER JERRY D","a":"3041  CHICKEN COOP HILL RD","d":"BERNE UNION LOCAL SCHOOL DISTRICT","t":36.23,"l":"499: Com-Other","c":0}},{"type":"Feature","geometry":{"type":"Polygon","coordinates":[[[-82.52452,39.687837],[-82.516704,39.687459],[-82.516807,39.68601],[-82.518021,39.686006],[-82.519178,39.685628],[-82.51923,39.685025],[-82.519951,39.68476],[-82.521006,39.684128],[-82.520972,39.684549],[-82.521993,39.684943],[-82.522259,39.684956],[-82.523107,39.685757],[-82.523206,39.685761],[-82.523417,39.686976],[-82.523441,39.687381],[-82.524496,39.687425],[-82.52452,39.687837]]]},"properties":{"p":"0040016200","o":"TXB","a":"2307  LUTHERAN CHURCH RD  LANCASTER 43130","d":"BERNE UNION LOCAL SCHOOL DISTRICT","t":90306.64,"l":"199: Agr-CAUV-Other","c":0}},{"type":"Feature","geometry":{"type":"Polygon","coordinates":[[[-82.530495,39.681324],[-82.529311,39.681249],[-82.529458,39.679582],[-82.529895,39.679983],[-82.530041,39.680094],[-82.530227,39.680202],[-82.530639,39.680344],[-82.530495,39.681324]]]},"properties":{"p":"0040021100","o":"POSTLETHWAIT MADONNA R & WILSON MISTY M SURV","a":"3690  CRAWFIS RD","d":"BERNE UNION LOCAL SCHOOL DISTRICT","t":1495.19,"l":"511: Res-Custom Code","c":0}},{"type":"Feature","geometry":{"type":"Polygon","coordinates":[[[-82.527473,39.680313],[-82.527624,39.679495],[-82.527659,39.679497],[-82.527815,39.679239],[-82.528299,39.678897],[-82.528672,39.678936],[-82.529458,39.679582],[-82.529311,39.681249],[-82.527609,39.680647],[-82.527473,39.680313]]]},"properties":{"p":"0040021510","o":"POSTLETHWAIT MADONNA R & WILSON MISTY M SURV","a":"0  CRAWFIS RD","d":"BERNE UNION LOCAL SCHOOL DISTRICT","t":189.11,"l":"501: Res-Custom Code","c":0}},{"type":"Feature","geometry":{"type":"Polygon","coordinates":[[[-82.553623,39.680948],[-82.554093,39.679892],[-82.555285,39.678655],[-82.555944,39.678692],[-82.555853,39.681068],[-82.553623,39.680948]]]},"properties":{"p":"0040023720","o":"RATHBURN JEREMY B & SHEILA R SURV","a":"2610  CRAWFIS RD  LANCASTER 43130","d":"BERNE UNION LOCAL SCHOOL DISTRICT","t":1966.19,"l":"599: Res-Other","c":0}},{"type":"Feature","geometry":{"type":"Polygon","coordinates":[[[-82.566539,39.690887],[-82.566474,39.691642],[-82.566006,39.691644],[-82.566067,39.690904],[-82.566539,39.690887]]]},"properties":{"p":"0040027100","o":"CRIST JENNIFER","a":"1870  BAUMAN HILL RD  LANCASTER 43130","d":"BERNE UNION LOCAL SCHOOL DISTRICT","t":89.11,"l":"511: Res-Custom Code","c":0}},{"type":"Feature","geometry":{"type":"Polygon","coordinates":[[[-82.569833,39.693426],[-82.569566,39.693069],[-82.57069,39.693115],[-82.570975,39.693463],[-82.569833,39.693426]]]},"properties":{"p":"0040027800","o":"SNIDER MELODY","a":"2010  SUGAR GROVE RD  LANCASTER 43130","d":"BERNE UNION LOCAL SCHOOL DISTRICT","t":122.1,"l":"511: Res-Custom Code","c":0}},{"type":"Feature","geometry":{"type":"Polygon","coordinates":[[[-82.582402,39.691913],[-82.582409,39.691863],[-82.583366,39.692823],[-82.582563,39.693308],[-82.582261,39.69301],[-82.582402,39.691913]]]},"properties":{"p":"0040034000","o":"LANGLEY PAUL E JR","a":"2065  OLD LOGAN RD","d":"BERNE UNION LOCAL SCHOOL DISTRICT","t":5171.14,"l":"511: Res-Custom Code","c":0}},{"type":"Feature","geometry":{"type":"Polygon","coordinates":[[[-82.554377,39.670489],[-82.55439,39.669471],[-82.555677,39.670613],[-82.555656,39.671123],[-82.554376,39.670573],[-82.554377,39.670489]]]},"properties":{"p":"0040041110","o":"GRIMES JASON A & DENISE J SURV","a":"3504  SUGAR GROVE RD  LANCASTER 43130","d":"BERNE UNION LOCAL SCHOOL DISTRICT","t":1789.61,"l":"599: Res-Other","c":0}},{"type":"Feature","geometry":{"type":"Polygon","coordinates":[[[-82.534065,39.666907],[-82.534305,39.666363],[-82.535057,39.666563],[-82.534815,39.667111],[-82.534065,39.666907]]]},"properties":{"p":"0040045610","o":"BURKE HEATHER E","a":"3661  ECKERT RD","d":"BERNE UNION LOCAL SCHOOL DISTRICT","t":52.46,"l":"561: Res-Custom Code","c":0}},{"type":"Feature","geometry":{"type":"Polygon","coordinates":[[[-82.523046,39.676329],[-82.523514,39.675834],[-82.524097,39.676246],[-82.523765,39.676604],[-82.522836,39.676552],[-82.523046,39.676329]]]},"properties":{"p":"0040048400","o":"HAMLIN ANTHONY","a":"3105  SAVAGE HILL RD  LANCASTER 43130","d":"BERNE UNION LOCAL SCHOOL DISTRICT","t":1050.85,"l":"599: Res-Other","c":0}},{"type":"Feature","geometry":{"type":"Polygon","coordinates":[[[-82.503875,39.675285],[-82.504187,39.675076],[-82.504166,39.675302],[-82.504611,39.675327],[-82.504558,39.675897],[-82.503087,39.675811],[-82.503875,39.675285]]]},"properties":{"p":"0040054000","o":"MILLER JERRY D","a":"3051  CHICKEN COOP HILL RD","d":"BERNE UNION LOCAL SCHOOL DISTRICT","t":1813.41,"l":"511: Res-Custom Code","c":0}},{"type":"Feature","geometry":{"type":"Polygon","coordinates":[[[-82.51897,39.660843],[-82.517746,39.660606],[-82.517625,39.660197],[-82.518669,39.660262],[-82.518484,39.659746],[-82.519037,39.659776],[-82.51897,39.660843]]]},"properties":{"p":"0040056630","o":"BURROUGHS TESSA R","a":"4119  CHICKEN COOP HILL RD  LANCASTER 43130","d":"BERNE UNION LOCAL SCHOOL DISTRICT","t":1255.37,"l":"511: Res-Custom Code","c":0}},{"type":"Feature","geometry":{"type":"Polygon","coordinates":[[[-82.534761,39.661503],[-82.534691,39.662494],[-82.534576,39.663088],[-82.533263,39.663008],[-82.533407,39.661534],[-82.534761,39.661503]]]},"properties":{"p":"0040061500","o":"TOMLINSON JAMES D & JOY E TRUSTEES TOMLINSON FAM TRT AGREEMENT DTD 12-11-09","a":"4060  SAVAGE HILL RD","d":"BERNE UNION LOCAL SCHOOL DISTRICT","t":1360.28,"l":"511: Res-Custom Code","c":0}},{"type":"Feature","geometry":{"type":"Polygon","coordinates":[[[-82.539203,39.662697],[-82.539282,39.662358],[-82.540036,39.662484],[-82.539953,39.663345],[-82.539061,39.663305],[-82.539203,39.662697]]]},"properties":{"p":"0040062600","o":"FISHER DELBERT FRANKLIN & DIANE SURV","a":"0  ALTEN RD","d":"BERNE UNION LOCAL SCHOOL DISTRICT","t":1480.83,"l":"501: Res-Custom Code","c":0}},{"type":"Feature","geometry":{"type":"Polygon","coordinates":[[[-82.591414,39.643316],[-82.591597,39.642611],[-82.592367,39.643428],[-82.592258,39.643889],[-82.591565,39.643483],[-82.591414,39.643316]]]},"properties":{"p":"0040077520","o":"DRENNAN HOLLY & HOUSELY DANNY","a":"721  BLUE VALLEY RD  LANCASTER 43130","d":"BERNE UNION LOCAL SCHOOL DISTRICT","t":1515.21,"l":"511: Res-Custom Code","c":0}},{"type":"Feature","geometry":{"type":"Polygon","coordinates":[[[-82.581896,39.641542],[-82.581465,39.641712],[-82.580578,39.64035],[-82.581669,39.640015],[-82.582138,39.641413],[-82.581896,39.641542]]]},"properties":{"p":"0040081713","o":"DUPLER ROSEMARY & ROSEMARY L","a":"1171  BLUE VALLEY RD","d":"BERNE UNION LOCAL SCHOOL DISTRICT","t":502.54,"l":"501: Res-Custom Code","c":0}},{"type":"Feature","geometry":{"type":"Polygon","coordinates":[[[-82.570912,39.64371],[-82.570962,39.642986],[-82.571254,39.643],[-82.571205,39.643724],[-82.570912,39.64371]]]},"properties":{"p":"0040082400","o":"BERGMAN CHAD & AMBER","a":"1780  BLUE VALLEY RD  LANCASTER 43130","d":"BERNE UNION LOCAL SCHOOL DISTRICT","t":4006.01,"l":"511: Res-Custom Code","c":0}},{"type":"Feature","geometry":{"type":"Polygon","coordinates":[[[-82.555008,39.640654],[-82.554949,39.640371],[-82.555948,39.640424],[-82.555973,39.640693],[-82.555008,39.640654]]]},"properties":{"p":"0040086600","o":"SHERLOCK DIANE E & SIMONS SHARON K","a":"5610  OLD LOGAN RD  LANCASTER 43130","d":"BERNE UNION LOCAL SCHOOL DISTRICT","t":44.84,"l":"511: Res-Custom Code","c":0}},{"type":"Feature","geometry":{"type":"Polygon","coordinates":[[[-82.511352,39.639982],[-82.511458,39.638984],[-82.511624,39.638994],[-82.511673,39.638859],[-82.511706,39.638636],[-82.511643,39.63846],[-82.511662,39.638281],[-82.512618,39.638235],[-82.513011,39.638296],[-82.51317,39.638591],[-82.512981,39.640031],[-82.511352,39.639982]]]},"properties":{"p":"0040090900","o":"STUMP WEBSTER & DAWN SURV","a":"0  SWARTZ MILL RD  SUGAR GROVE 43155","d":"BERNE UNION LOCAL SCHOOL DISTRICT","t":318.07,"l":"100: Agr-Vacant Land","c":0}},{"type":"Feature","geometry":{"type":"Polygon","coordinates":[[[-82.494022,39.624247],[-82.494329,39.62099],[-82.49679,39.621138],[-82.496613,39.621286],[-82.496308,39.621412],[-82.495719,39.621597],[-82.495452,39.621713],[-82.49527,39.621863],[-82.495158,39.622047],[-82.495118,39.622259],[-82.495151,39.622458],[-82.495284,39.622767],[-82.495324,39.622965],[-82.4953,39.623178],[-82.495103,39.623743],[-82.495084,39.623907],[-82.495174,39.625123],[-82.495231,39.625314],[-82.495334,39.625469],[-82.496059,39.626336],[-82.496187,39.626543],[-82.496232,39.626741],[-82.496202,39.627299],[-82.496125,39.627521],[-82.496011,39.627659],[-82.495616,39.627954],[-82.495481,39.628201],[-82.493659,39.628102],[-82.494022,39.624247]]]},"properties":{"p":"0040110510","o":"ROOD LARRY & SARAH J CO TRUSTEES PERSINGER PRESERVATION TRUST","a":"6620  SPONAGLE RD  SUGAR GROVE 43155","d":"LOGAN-HOCKING LOCAL SCHOOL DISTRICT","t":2123.3,"l":"101: Agr-Cash-Grain Farm","c":0}},{"type":"Feature","geometry":{"type":"Polygon","coordinates":[[[-82.555735,39.626957],[-82.555771,39.626546],[-82.555282,39.626521],[-82.555317,39.62611],[-82.554539,39.62607],[-82.554596,39.625861],[-82.554721,39.624882],[-82.554498,39.624068],[-82.556621,39.624199],[-82.557309,39.623745],[-82.560299,39.62393],[-82.55999,39.627029],[-82.558636,39.626947],[-82.558623,39.627105],[-82.555735,39.626957]]]},"properties":{"p":"0040116800","o":"BROWNING JOHN W IV & STANTON MORGAN J SURV","a":"6705  OLD LOGAN RD  SUGAR GROVE 43155","d":"BERNE UNION LOCAL SCHOOL DISTRICT","t":259.99,"l":"120: Agr-Timber","c":0}},{"type":"Feature","geometry":{"type":"Polygon","coordinates":[[[-82.605556,39.626437],[-82.605331,39.62659],[-82.605453,39.624793],[-82.608066,39.624908],[-82.60784,39.625052],[-82.607548,39.625184],[-82.607011,39.625381],[-82.606732,39.625508],[-82.606529,39.625651],[-82.606248,39.625948],[-82.606032,39.626115],[-82.605556,39.626437]]]},"properties":{"p":"0040125900","o":"PARRISH SCOTT A & JENNIFER L SURV","a":"0  BECK RD","d":"BERNE UNION LOCAL SCHOOL DISTRICT","t":90.46,"l":"500: Res-Vacant Land","c":0}},{"type":"Feature","geometry":{"type":"Polygon","coordinates":[[[-82.608555,39.62318],[-82.608616,39.622312],[-82.610988,39.622412],[-82.611137,39.623153],[-82.610865,39.623281],[-82.608555,39.62318]]]},"properties":{"p":"0040126440","o":"PARRISH SCOTT A & JENNIFER L SURV","a":"317  BECK RD","d":"BERNE UNION LOCAL SCHOOL DISTRICT","t":664.88,"l":"511: Res-Custom Code","c":0}},{"type":"Feature","geometry":{"type":"Polygon","coordinates":[[[-82.605572,39.623049],[-82.610865,39.623281],[-82.610106,39.623652],[-82.609778,39.623768],[-82.609471,39.623942],[-82.609043,39.624266],[-82.6055,39.624111],[-82.605572,39.623049]]]},"properties":{"p":"0040126441","o":"PARRISH SCOTT A & JENNIFER L SURV","a":"317  BECK RD","d":"BERNE UNION LOCAL SCHOOL DISTRICT","t":78.51,"l":"500: Res-Vacant Land","c":0}},{"type":"Feature","geometry":{"type":"Polygon","coordinates":[[[-82.568693,39.614609],[-82.569396,39.614607],[-82.569415,39.614911],[-82.569695,39.615205],[-82.569725,39.61579],[-82.568607,39.615726],[-82.568693,39.614609]]]},"properties":{"p":"0040130522","o":"KORNMILLER JAMES J & DIANA","a":"2250  BRUSHY FORK RD","d":"BERNE UNION LOCAL SCHOOL DISTRICT","t":1519.2,"l":"511: Res-Custom Code","c":0}},{"type":"Feature","geometry":{"type":"Polygon","coordinates":[[[-82.510123,39.60665],[-82.51018,39.605996],[-82.510839,39.60603],[-82.510759,39.606982],[-82.510123,39.60665]]]},"properties":{"p":"0040137800","o":"LEWIS WAYNE DOUGLAS & MARY FRANCIS SURV","a":"5255  FIRE TOWER RD  SUGAR GROVE 43155","d":"BERNE UNION LOCAL SCHOOL DISTRICT","t":387.1,"l":"501: Res-Custom Code","c":0}},{"type":"Feature","geometry":{"type":"Polygon","coordinates":[[[-82.497962,39.678263],[-82.49876,39.677456],[-82.499466,39.677873],[-82.498668,39.67868],[-82.497962,39.678263]]]},"properties":{"p":"0040151800","o":"EMMERT THOMAS S & HEATHER M SURV","a":"5460  BAUMAN HILL RD","d":"BERNE UNION LOCAL SCHOOL DISTRICT","t":3392.11,"l":"511: Res-Custom Code","c":0}},{"type":"Feature","geometry":{"type":"Polygon","coordinates":[[[-82.568546,39.691351],[-82.570848,39.691338],[-82.568569,39.691377],[-82.568546,39.691351]]]},"properties":{"p":"0040267600","o":"GWINN ROBERT DUANE & JOYCE KAYE TRUSTEES","a":"0  JOYE LN  LANCASTER 43130","d":"BERNE UNION LOCAL SCHOOL DISTRICT","t":14.69,"l":"501: Res-Custom Code","c":0}},{"type":"Feature","geometry":{"type":"Polygon","coordinates":[[[-82.548615,39.624698],[-82.548471,39.624343],[-82.548581,39.624321],[-82.548591,39.624349],[-82.548945,39.624264],[-82.548958,39.624387],[-82.548629,39.624458],[-82.548705,39.624679],[-82.548615,39.624698]]]},"properties":{"p":"0070160300","o":"DACEY HOMES LLC","a":"224 S MAIN ST","d":"BERNE UNION LOCAL SCHOOL DISTRICT","t":1067.08,"l":"521: Res-Custom Code","c":0}},{"type":"Feature","geometry":{"type":"Polygon","coordinates":[[[-82.548629,39.624458],[-82.548958,39.624387],[-82.548705,39.624679],[-82.548629,39.624458]]]},"properties":{"p":"0070160400","o":"DACEY HOMES LLC","a":"218 S MAIN ST","d":"BERNE UNION LOCAL SCHOOL DISTRICT","t":660.3,"l":"511: Res-Custom Code","c":0}},{"type":"Feature","geometry":{"type":"Polygon","coordinates":[[[-82.548492,39.628163],[-82.548244,39.628165],[-82.548242,39.627983],[-82.548498,39.627982],[-82.548492,39.628163]]]},"properties":{"p":"0070163800","o":"GRIESHOP JENNIFER L & LUTZ KIMBERLEE A CO TRUSTEES","a":"407 N MAIN ST  SUGAR GROVE 43155","d":"BERNE UNION LOCAL SCHOOL DISTRICT","t":1871.19,"l":"510: Res-Single Family","c":0}},{"type":"Feature","geometry":{"type":"Polygon","coordinates":[[[-82.801916,39.809822],[-82.801949,39.809437],[-82.803673,39.809523],[-82.80364,39.8099],[-82.801916,39.809822]]]},"properties":{"p":"0080006300","o":"YOCKEY REBECCA A TRUSTEE","a":"5020  LITHOPOLIS-WINCHESTER RD","d":"BLOOM CARROLL LOCAL SCHOOL DISTRICT","t":5114.29,"l":"511: Res-Custom Code","c":0}},{"type":"Feature","geometry":{"type":"Polygon","coordinates":[[[-82.799847,39.813818],[-82.799901,39.813031],[-82.803356,39.813183],[-82.803314,39.813657],[-82.801951,39.813597],[-82.801922,39.813909],[-82.799847,39.813818]]]},"properties":{"p":"0080007300","o":"WAGNER ROBERT E & PHA T","a":"5270  LITHOPOLIS-WINCHESTER RD","d":"BLOOM CARROLL LOCAL SCHOOL DISTRICT","t":2524,"l":"511: Res-Custom Code","c":0}},{"type":"Feature","geometry":{"type":"Polygon","coordinates":[[[-82.815007,39.801324],[-82.815503,39.801049],[-82.815739,39.801622],[-82.81751,39.802793],[-82.816314,39.802735],[-82.815007,39.801324]]]},"properties":{"p":"0080011810","o":"WAIBEL KYLE T","a":"11540  SMITH RD  LITHOPOLIS 43136","d":"BLOOM CARROLL LOCAL SCHOOL DISTRICT","t":126.59,"l":"599: Res-Other","c":0}},{"type":"Feature","geometry":{"type":"Polygon","coordinates":[[[-82.797319,39.798043],[-82.7981,39.798088],[-82.797973,39.799375],[-82.797192,39.79933],[-82.797319,39.798043]]]},"properties":{"p":"0080016350","o":"DELONG ADAM & SHANIA SURV","a":"0  SALEM CHURCH RD  CANAL WINCHESTER 43110","d":"BLOOM CARROLL LOCAL SCHOOL DISTRICT","t":530.09,"l":"501: Res-Custom Code","c":0}},{"type":"Feature","geometry":{"type":"Polygon","coordinates":[[[-82.800587,39.779739],[-82.801143,39.779778],[-82.801073,39.780457],[-82.800517,39.780633],[-82.800587,39.779739]]]},"properties":{"p":"0080057841","o":"STURTZ TERRILYN A","a":"10718  MILLER AVE  CANAL WINCHESTER 43110","d":"BLOOM CARROLL LOCAL SCHOOL DISTRICT","t":4542.38,"l":"511: Res-Custom Code","c":0}},{"type":"Feature","geometry":{"type":"Polygon","coordinates":[[[-82.770724,39.777714],[-82.770747,39.777449],[-82.771134,39.777599],[-82.771121,39.777743],[-82.770724,39.777714]]]},"properties":{"p":"0080066300","o":"RAPP CYNTHIA L","a":"0  LITHOPOLIS RD","d":"BLOOM CARROLL LOCAL SCHOOL DISTRICT","t":85.17,"l":"501: Res-Custom Code","c":0}},{"type":"Feature","geometry":{"type":"Polygon","coordinates":[[[-82.717195,39.754662],[-82.717245,39.754096],[-82.717624,39.754678],[-82.717195,39.754662]]]},"properties":{"p":"0080074700","o":"STUMP EDDIE H JR & GIGLIO-STUMP VIRGINIA L SURV","a":"0  LITHOPOLIS RD","d":"BLOOM CARROLL LOCAL SCHOOL DISTRICT","t":938.6,"l":"501: Res-Custom Code","c":0}},{"type":"Feature","geometry":{"type":"Polygon","coordinates":[[[-82.723766,39.755345],[-82.72386,39.754293],[-82.725075,39.754357],[-82.72524,39.75249],[-82.725453,39.752503],[-82.725288,39.754368],[-82.725456,39.754377],[-82.72535,39.755581],[-82.724853,39.755408],[-82.723766,39.755345]]]},"properties":{"p":"0080080310","o":"HORNE RODNEY LEON","a":"6700  ALSPACH RD  LANCASTER 43130","d":"BLOOM CARROLL LOCAL SCHOOL DISTRICT","t":1370.63,"l":"511: Res-Custom Code","c":0}},{"type":"Feature","geometry":{"type":"Polygon","coordinates":[[[-82.732497,39.744387],[-82.732533,39.743963],[-82.735764,39.744164],[-82.735787,39.743918],[-82.738108,39.744057],[-82.736982,39.74494],[-82.736264,39.745214],[-82.735527,39.745265],[-82.735593,39.744566],[-82.732497,39.744387]]]},"properties":{"p":"0080091813","o":"SMITH RICHARD E & AMY J SURV","a":"927  ROCK MILL RD  LANCASTER 43130","d":"BLOOM CARROLL LOCAL SCHOOL DISTRICT","t":1434.72,"l":"511: Res-Custom Code","c":0}},{"type":"Feature","geometry":{"type":"Polygon","coordinates":[[[-82.733384,39.818183],[-82.733396,39.818019],[-82.734,39.818047],[-82.733986,39.818238],[-82.733452,39.818214],[-82.733455,39.818187],[-82.733384,39.818183]]]},"properties":{"p":"0080101200","o":"SHAW CAROLYN A","a":"5930  HIGH ST  CARROLL 43112","d":"BLOOM CARROLL LOCAL SCHOOL DISTRICT","t":221.36,"l":"510: Res-Single Family","c":0}},{"type":"Feature","geometry":{"type":"Polygon","coordinates":[[[-82.733319,39.819033],[-82.733345,39.818691],[-82.733594,39.818702],[-82.733567,39.819044],[-82.733319,39.819033]]]},"properties":{"p":"0080101600","o":"PATRIDIS ANASTASIA & ALEXANDER J SURV","a":"0  LOCKVILLE RD","d":"BLOOM CARROLL LOCAL SCHOOL DISTRICT","t":335.76,"l":"599: Res-Other","c":0}},{"type":"Feature","geometry":{"type":"Polygon","coordinates":[[[-82.733588,39.81877],[-82.733594,39.818702],[-82.733771,39.81871],[-82.733745,39.819053],[-82.733567,39.819044],[-82.733588,39.81877]]]},"properties":{"p":"0080101700","o":"PATRIDIS ANASTASIA & ALEXANDER J SURV","a":"7429  LOCKVILLE RD  CARROLL 43112","d":"BLOOM CARROLL LOCAL SCHOOL DISTRICT","t":2066.5,"l":"510: Res-Single Family","c":0}},{"type":"Feature","geometry":{"type":"Polygon","coordinates":[[[-82.733766,39.818778],[-82.733771,39.81871],[-82.733949,39.818718],[-82.733923,39.819061],[-82.733745,39.819053],[-82.733766,39.818778]]]},"properties":{"p":"0080101800","o":"PATRIDIS ANASTASIA & ALEXANDER J SURV","a":"0  LOCKVILLE RD  CARROLL 43112","d":"BLOOM CARROLL LOCAL SCHOOL DISTRICT","t":189.94,"l":"599: Res-Other","c":0}},{"type":"Feature","geometry":{"type":"Polygon","coordinates":[[[-82.744202,39.74064],[-82.744224,39.740398],[-82.744432,39.74039],[-82.744666,39.740355],[-82.745512,39.740122],[-82.745635,39.740144],[-82.745684,39.740182],[-82.74571,39.740231],[-82.745662,39.740744],[-82.74418,39.740887],[-82.744202,39.74064]]]},"properties":{"p":"0080147300","o":"DEAN DONALD L & ANN C TRUSTEES OF THE DONALD L & ANN C DEAN REV TRUST AGREE","a":"7618  OHIO NORTHERN DR","d":"BLOOM CARROLL LOCAL SCHOOL DISTRICT","t":4581.92,"l":"510: Res-Single Family","c":0}},{"type":"Feature","geometry":{"type":"Polygon","coordinates":[[[-82.718204,39.793706],[-82.717279,39.793658],[-82.717315,39.793247],[-82.71824,39.793295],[-82.718204,39.793706]]]},"properties":{"p":"0080152300","o":"SHACKELFORD ELLEN","a":"4355  KAUFFMAN RD  CARROLL 43112","d":"BLOOM CARROLL LOCAL SCHOOL DISTRICT","t":245.39,"l":"510: Res-Single Family","c":0}},{"type":"Feature","geometry":{"type":"Polygon","coordinates":[[[-82.720274,39.799326],[-82.720349,39.798435],[-82.720514,39.79884],[-82.720617,39.798893],[-82.720609,39.799093],[-82.720511,39.79916],[-82.720463,39.799338],[-82.720274,39.799326]]]},"properties":{"p":"0080154900","o":"JIMMYS INC","a":"0  WINCHESTER RD  CARROLL 43112","d":"BLOOM CARROLL LOCAL SCHOOL DISTRICT","t":1926.09,"l":"500: Res-Vacant Land","c":0}},{"type":"Feature","geometry":{"type":"Polygon","coordinates":[[[-82.816425,39.806616],[-82.815715,39.80658],[-82.815718,39.806539],[-82.818396,39.806666],[-82.818392,39.806707],[-82.816425,39.806616]]]},"properties":{"p":"0080180100","o":"YOUNG BERRY & SARAH","a":"0  ELDER LN","d":"BLOOM CARROLL LOCAL SCHOOL DISTRICT","t":288.14,"l":"501: Res-Custom Code","c":0}},{"type":"Feature","geometry":{"type":"Polygon","coordinates":[[[-82.730854,39.74128],[-82.731748,39.741266],[-82.732158,39.742108],[-82.730761,39.742039],[-82.730854,39.74128]]]},"properties":{"p":"0080818000","o":"TWP TRSTS BLM TWP CEMETERY","a":"0  ROCK MILL RD  LANCASTER 43130","d":"BLOOM CARROLL LOCAL SCHOOL DISTRICT","t":2.4,"l":"690: Exm-Graveyards","c":0}},{"type":"Feature","geometry":{"type":"Polygon","coordinates":[[[-82.770724,39.777714],[-82.771121,39.777743],[-82.77103,39.77879],[-82.770633,39.778762],[-82.770724,39.777714]]]},"properties":{"p":"0090174600","o":"RAPP CYNTHIA L","a":"3040  MASON RD","d":"CANAL WINCHESTER LOCAL SCHOOL DISTRICT","t":1949.01,"l":"561: Res-Custom Code","c":0}},{"type":"Feature","geometry":{"type":"Polygon","coordinates":[[[-82.770952,39.779661],[-82.770965,39.779519],[-82.773932,39.779677],[-82.773875,39.780395],[-82.770899,39.780237],[-82.770952,39.779661]]]},"properties":{"p":"0090174980","o":"IVERSEN PAMELA M","a":"3145  MASON RD  CANAL WINCHESTER 43110","d":"CANAL WINCHESTER LOCAL SCHOOL DISTRICT","t":305.4,"l":"511: Res-Custom Code","c":0}},{"type":"Feature","geometry":{"type":"Polygon","coordinates":[[[-82.757528,39.77693],[-82.757746,39.77455],[-82.758305,39.774586],[-82.758092,39.776963],[-82.757528,39.77693]]]},"properties":{"p":"0090185530","o":"WYNKOOP EMILY","a":"0  COONPATH RD  CARROLL 43112","d":"CANAL WINCHESTER LOCAL SCHOOL DISTRICT","t":3649.18,"l":"199: Agr-CAUV-Other","c":0}},{"type":"Feature","geometry":{"type":"Polygon","coordinates":[[[-82.761967,39.814511],[-82.762002,39.814182],[-82.762323,39.814202],[-82.762289,39.814531],[-82.761967,39.814511]]]},"properties":{"p":"0090201000","o":"HEBERT AARON C","a":"0  WINCHESTER RD  CARROLL 43112","d":"CANAL WINCHESTER LOCAL SCHOOL DISTRICT","t":418.41,"l":"500: Res-Vacant Land","c":0}},{"type":"Feature","geometry":{"type":"Polygon","coordinates":[[[-82.813233,39.761604],[-82.813144,39.761599],[-82.813195,39.761079],[-82.813284,39.761084],[-82.813233,39.761604]]]},"properties":{"p":"0090211210","o":"MCCLINTOCK RANDY & NICOLE SURV","a":"0  LORA LN","d":"CANAL WINCHESTER LOCAL SCHOOL DISTRICT","t":484.55,"l":"500: Res-Vacant Land","c":0}},{"type":"Feature","geometry":{"type":"Polygon","coordinates":[[[-82.808795,39.805629],[-82.809209,39.805307],[-82.809438,39.805483],[-82.809024,39.805804],[-82.808795,39.805629]]]},"properties":{"p":"0100226000","o":"CRON NANCY J","a":"0  NORTH ST  LITHOPOLIS 43136","d":"BLOOM CARROLL LOCAL SCHOOL DISTRICT","t":4466.4,"l":"500: Res-Vacant Land","c":0}},{"type":"Feature","geometry":{"type":"Polygon","coordinates":[[[-82.810188,39.805993],[-82.810602,39.805672],[-82.810685,39.805736],[-82.810271,39.806057],[-82.810188,39.805993]]]},"properties":{"p":"0100226600","o":"JOHNSON KRISTOPHER J & EMMA K SURV","a":"0  COLUMBUS ST","d":"BLOOM CARROLL LOCAL SCHOOL DISTRICT","t":2093.59,"l":"500: Res-Vacant Land","c":0}},{"type":"Feature","geometry":{"type":"Polygon","coordinates":[[[-82.815751,39.801012],[-82.815895,39.8015],[-82.817999,39.802816],[-82.81751,39.802793],[-82.815739,39.801622],[-82.815537,39.801131],[-82.815751,39.801012]]]},"properties":{"p":"0100266100","o":"WAIBEL KYLE T","a":"0  SMITH RD  LITHOPOLIS 43136","d":"BLOOM CARROLL LOCAL SCHOOL DISTRICT","t":172.86,"l":"500: Res-Vacant Land","c":0}},{"type":"Feature","geometry":{"type":"Polygon","coordinates":[[[-82.817504,39.815132],[-82.817368,39.815044],[-82.817618,39.814812],[-82.817755,39.8149],[-82.817504,39.815132]]]},"properties":{"p":"0100273400","o":"SQUIRES ANNA M & MARK BENJAMIN SURV","a":"728  ORWELL ST  LITHOPOLIS 43136","d":"BLOOM CARROLL LOCAL SCHOOL DISTRICT","t":13.72,"l":"510: Res-Single Family","c":0}},{"type":"Feature","geometry":{"type":"Polygon","coordinates":[[[-82.814331,39.816201],[-82.814364,39.816171],[-82.815547,39.81693],[-82.815245,39.816915],[-82.81425,39.816276],[-82.814331,39.816201]]]},"properties":{"p":"0100299000","o":"D R HORTON INDIANA LLC","a":"0  FAULKNER DR  LITHOPOLIS 43136","d":"BLOOM CARROLL LOCAL SCHOOL DISTRICT","t":0.71,"l":"500: Res-Vacant Land","c":0}},{"type":"Feature","geometry":{"type":"Polygon","coordinates":[[[-82.750223,39.632666],[-82.750306,39.631716],[-82.752429,39.63185],[-82.752339,39.63292],[-82.751748,39.632884],[-82.751746,39.632821],[-82.750223,39.632666]]]},"properties":{"p":"0110001400","o":"PARRY ROBERT W & E MARIE SURV","a":"6850  AMANDA-SOUTHERN RD  AMANDA 43102","d":"AMANDA-CLEARCREEK LOCAL SCHOOL DISTRICT","t":2294.84,"l":"511: Res-Custom Code","c":0}},{"type":"Feature","geometry":{"type":"Polygon","coordinates":[[[-82.789991,39.637021],[-82.789427,39.636994],[-82.789498,39.636108],[-82.790061,39.63613],[-82.789991,39.637021]]]},"properties":{"p":"0110005300","o":"ROBINSON AMY M & NOBLE HOLLY E & PARKS HEATHER M","a":"6710  SIXTEENTH RD  AMANDA 43102","d":"AMANDA-CLEARCREEK LOCAL SCHOOL DISTRICT","t":1621.72,"l":"511: Res-Custom Code","c":0}},{"type":"Feature","geometry":{"type":"Polygon","coordinates":[[[-82.819633,39.637921],[-82.819642,39.637825],[-82.82059,39.638665],[-82.819493,39.639354],[-82.819633,39.637921]]]},"properties":{"p":"0110010000","o":"WICKLINE KENDRA S","a":"11025  CINCINNATI-ZANESVILLE RD  AMANDA 43102","d":"AMANDA-CLEARCREEK LOCAL SCHOOL DISTRICT","t":2179.66,"l":"511: Res-Custom Code","c":0}},{"type":"Feature","geometry":{"type":"Polygon","coordinates":[[[-82.834409,39.641675],[-82.834427,39.641492],[-82.835135,39.641532],[-82.835117,39.641715],[-82.834409,39.641675]]]},"properties":{"p":"0110010900","o":"GREENO LAWRENCE B & CAROLINE","a":"6550  WINCHESTER-SOUTHERN RD","d":"AMANDA-CLEARCREEK LOCAL SCHOOL DISTRICT","t":6.15,"l":"500: Res-Vacant Land","c":0}},{"type":"Feature","geometry":{"type":"Polygon","coordinates":[[[-82.835922,39.633515],[-82.834603,39.63343],[-82.834639,39.633088],[-82.835958,39.633173],[-82.835922,39.633515]]]},"properties":{"p":"0110012310","o":"STUMP DONALD E JR","a":"7080  WINCHESTER-SOUTHERN RD","d":"AMANDA-CLEARCREEK LOCAL SCHOOL DISTRICT","t":115.8,"l":"561: Res-Custom Code","c":0}},{"type":"Feature","geometry":{"type":"Polygon","coordinates":[[[-82.80195,39.626719],[-82.803102,39.625768],[-82.803556,39.625795],[-82.802404,39.626746],[-82.80195,39.626719]]]},"properties":{"p":"0110014709","o":"YOUNG BRYAN","a":"0  JUSTUS RD  STOUTSVILLE 43154","d":"AMANDA-CLEARCREEK LOCAL SCHOOL DISTRICT","t":393.63,"l":"502: Res-Custom Code","c":0}},{"type":"Feature","geometry":{"type":"Polygon","coordinates":[[[-82.768599,39.618128],[-82.768851,39.617964],[-82.770971,39.618486],[-82.770936,39.618803],[-82.768488,39.6182],[-82.768599,39.618128]]]},"properties":{"p":"0110019810","o":"HUMPHREYS CHRISTINA","a":"7893  HUNTER RD  AMANDA 43102","d":"AMANDA-CLEARCREEK LOCAL SCHOOL DISTRICT","t":367.51,"l":"511: Res-Custom Code","c":0}},{"type":"Feature","geometry":{"type":"Polygon","coordinates":[[[-82.790992,39.602681],[-82.791393,39.599083],[-82.793853,39.599199],[-82.793777,39.599797],[-82.793612,39.601615],[-82.792141,39.601394],[-82.791613,39.602725],[-82.790992,39.602681]]]},"properties":{"p":"0110034300","o":"TAWNEY DAVID A & RENITA S SURV","a":"0  OAKLAND-STOUTSVILLE RD  STOUTSVILLE 43154","d":"AMANDA-CLEARCREEK LOCAL SCHOOL DISTRICT","t":2464.12,"l":"100: Agr-Vacant Land","c":0}},{"type":"Feature","geometry":{"type":"Polygon","coordinates":[[[-82.785066,39.583311],[-82.785129,39.582751],[-82.785859,39.582796],[-82.785795,39.583357],[-82.785066,39.583311]]]},"properties":{"p":"0110045520","o":"INGRAM ROBERT A & LUCILLE SURV","a":"10316  SIXTEENTH RD","d":"AMANDA-CLEARCREEK LOCAL SCHOOL DISTRICT","t":144.28,"l":"511: Res-Custom Code","c":0}},{"type":"Feature","geometry":{"type":"Polygon","coordinates":[[[-82.797219,39.586053],[-82.797366,39.584675],[-82.798571,39.584753],[-82.798196,39.588259],[-82.797984,39.588245],[-82.798211,39.586118],[-82.797219,39.586053]]]},"properties":{"p":"0110047511","o":"LIKENS MICHAEL K II & ANGELA M SURV","a":"9669  HEIGLE RD","d":"AMANDA-CLEARCREEK LOCAL SCHOOL DISTRICT","t":2982.63,"l":"511: Res-Custom Code","c":0}},{"type":"Feature","geometry":{"type":"Polygon","coordinates":[[[-82.814901,39.580781],[-82.814612,39.580795],[-82.814403,39.580644],[-82.814126,39.579982],[-82.814655,39.580029],[-82.814901,39.580781]]]},"properties":{"p":"0110049300","o":"SHAFFER WELDON E JR","a":"10455  THOMAS HILL RD","d":"AMANDA-CLEARCREEK LOCAL SCHOOL DISTRICT","t":1014.3,"l":"511: Res-Custom Code","c":0}},{"type":"Feature","geometry":{"type":"Polygon","coordinates":[[[-82.815255,39.580765],[-82.814901,39.580781],[-82.814655,39.580029],[-82.815319,39.580089],[-82.815255,39.580765]]]},"properties":{"p":"0110049400","o":"SHAFFER WELDON E JR","a":"10465  THOMAS HILL RD  STOUTSVILLE 43154","d":"AMANDA-CLEARCREEK LOCAL SCHOOL DISTRICT","t":454.37,"l":"511: Res-Custom Code","c":0}},{"type":"Feature","geometry":{"type":"Polygon","coordinates":[[[-82.837078,39.579645],[-82.835925,39.578849],[-82.839111,39.576086],[-82.841556,39.576217],[-82.841419,39.577642],[-82.840646,39.577784],[-82.840046,39.578051],[-82.838909,39.578189],[-82.838585,39.578317],[-82.838255,39.578724],[-82.837723,39.579008],[-82.837078,39.579645]]]},"properties":{"p":"0110050640","o":"DUNKLE MARK B & ROBIN J SURV","a":"11725  MURLETTE RD  STOUTSVILLE 43154","d":"AMANDA-CLEARCREEK LOCAL SCHOOL DISTRICT","t":310.14,"l":"101: Agr-Cash-Grain Farm","c":0}},{"type":"Feature","geometry":{"type":"Polygon","coordinates":[[[-82.826914,39.560601],[-82.827684,39.560644],[-82.827652,39.561],[-82.826881,39.560957],[-82.826914,39.560601]]]},"properties":{"p":"0110051300","o":"CORNS MICHAEL E & TANNIS S","a":"11020  TARLTON RD","d":"AMANDA-CLEARCREEK LOCAL SCHOOL DISTRICT","t":1853.06,"l":"511: Res-Custom Code","c":0}},{"type":"Feature","geometry":{"type":"Polygon","coordinates":[[[-82.832756,39.569208],[-82.833201,39.568353],[-82.835848,39.568502],[-82.835788,39.569109],[-82.834957,39.569448],[-82.830783,39.569949],[-82.826035,39.570154],[-82.826058,39.569903],[-82.832604,39.56962],[-82.832756,39.569208]]]},"properties":{"p":"0110051500","o":"KINNEY JOSHUA","a":"11325  DOZER RD  STOUTSVILLE 43154","d":"AMANDA-CLEARCREEK LOCAL SCHOOL DISTRICT","t":1699.23,"l":"502: Res-Custom Code","c":0}},{"type":"Feature","geometry":{"type":"Polygon","coordinates":[[[-82.820149,39.567614],[-82.819799,39.567593],[-82.819926,39.566269],[-82.820277,39.56629],[-82.820149,39.567614]]]},"properties":{"p":"0110052700","o":"MILLER CARMEN MARIE","a":"10685  VALENTINE RD","d":"AMANDA-CLEARCREEK LOCAL SCHOOL DISTRICT","t":1915.26,"l":"511: Res-Custom Code","c":0}},{"type":"Feature","geometry":{"type":"Polygon","coordinates":[[[-82.82094,39.569306],[-82.820961,39.569079],[-82.821364,39.569103],[-82.821385,39.568888],[-82.826128,39.569162],[-82.826087,39.569603],[-82.82094,39.569306]]]},"properties":{"p":"0110055016","o":"BROWN CHARLES W JR","a":"11416  DOZER RD  STOUTSVILLE 43154","d":"AMANDA-CLEARCREEK LOCAL SCHOOL DISTRICT","t":1.71,"l":"561: Res-Custom Code","c":0}},{"type":"Feature","geometry":{"type":"Polygon","coordinates":[[[-82.821385,39.568888],[-82.821503,39.567694],[-82.822633,39.567757],[-82.822515,39.568954],[-82.821385,39.568888]]]},"properties":{"p":"0110055019","o":"MILLER VICTOR R","a":"10780  VALENTINE RD","d":"AMANDA-CLEARCREEK LOCAL SCHOOL DISTRICT","t":1449.48,"l":"599: Res-Other","c":0}},{"type":"Feature","geometry":{"type":"Polygon","coordinates":[[[-82.789161,39.565612],[-82.78998,39.558202],[-82.79064,39.558249],[-82.79035,39.560911],[-82.7902,39.560902],[-82.789639,39.565642],[-82.789161,39.565612]]]},"properties":{"p":"0110056500","o":"LAVENDER JUSTIN","a":"9056  TARLTON RD","d":"AMANDA-CLEARCREEK LOCAL SCHOOL DISTRICT","t":3054,"l":"511: Res-Custom Code","c":0}},{"type":"Feature","geometry":{"type":"Polygon","coordinates":[[[-82.7823,39.5627],[-82.782952,39.562645],[-82.783145,39.563364],[-82.782038,39.563292],[-82.781842,39.56273],[-82.7823,39.5627]]]},"properties":{"p":"0110056800","o":"MCCOY ANTHONY D & HOPE SURV","a":"11639  SIXTEENTH RD  STOUTSVILLE 43154","d":"AMANDA-CLEARCREEK LOCAL SCHOOL DISTRICT","t":110.77,"l":"511: Res-Custom Code","c":0}},{"type":"Feature","geometry":{"type":"Polygon","coordinates":[[[-82.753171,39.555789],[-82.75581,39.555956],[-82.755612,39.557944],[-82.75374,39.556942],[-82.752966,39.556852],[-82.753059,39.555919],[-82.753171,39.555789]]]},"properties":{"p":"0110066111","o":"CULBERTSON LEANNE L","a":"7190  TARLTON RD  AMANDA 43102","d":"AMANDA-CLEARCREEK LOCAL SCHOOL DISTRICT","t":1029.56,"l":"511: Res-Custom Code","c":0}},{"type":"Feature","geometry":{"type":"Polygon","coordinates":[[[-82.738971,39.559515],[-82.739474,39.556969],[-82.739677,39.556964],[-82.739796,39.55565],[-82.740008,39.555664],[-82.74007,39.554979],[-82.74138,39.555068],[-82.740948,39.559581],[-82.738971,39.559515]]]},"properties":{"p":"0110069830","o":"FOX AARON & JORDAN SURV","a":"6440  TARLTON RD  AMANDA 43102","d":"AMANDA-CLEARCREEK LOCAL SCHOOL DISTRICT","t":2665.24,"l":"111: Agr-CAUV-Cash-Grain Farm","c":0}},{"type":"Feature","geometry":{"type":"Polygon","coordinates":[[[-82.756616,39.599837],[-82.756667,39.599637],[-82.757156,39.599711],[-82.757105,39.599911],[-82.756616,39.599837]]]},"properties":{"p":"0110070800","o":"HANSON KYLE T & DEBORAH J","a":"9034  BROAD ST  AMANDA 43102","d":"AMANDA-CLEARCREEK LOCAL SCHOOL DISTRICT","t":304.37,"l":"560: Res-Mobile Home","c":0}},{"type":"Feature","geometry":{"type":"Polygon","coordinates":[[[-82.757722,39.597489],[-82.757262,39.597419],[-82.757308,39.597241],[-82.757767,39.597311],[-82.757722,39.597489]]]},"properties":{"p":"0110072100","o":"ROBERTS ERIC & LISA","a":"9200  BROAD ST","d":"AMANDA-CLEARCREEK LOCAL SCHOOL DISTRICT","t":982.56,"l":"510: Res-Single Family","c":0}},{"type":"Feature","geometry":{"type":"Polygon","coordinates":[[[-82.757767,39.597311],[-82.757308,39.597241],[-82.757353,39.597064],[-82.757813,39.597134],[-82.757767,39.597311]]]},"properties":{"p":"0110072200","o":"ROBERTS ERIC & LISA","a":"0  BROAD ST","d":"AMANDA-CLEARCREEK LOCAL SCHOOL DISTRICT","t":157.38,"l":"599: Res-Other","c":0}},{"type":"Feature","geometry":{"type":"Polygon","coordinates":[[[-82.755995,39.59935],[-82.755535,39.59928],[-82.75558,39.599102],[-82.75604,39.599172],[-82.755995,39.59935]]]},"properties":{"p":"0110074800","o":"MORRISON NICK","a":"0  CHILLICOTHE-LANCASTER RD","d":"AMANDA-CLEARCREEK LOCAL SCHOOL DISTRICT","t":150.99,"l":"599: Res-Other","c":0}},{"type":"Feature","geometry":{"type":"Polygon","coordinates":[[[-82.75604,39.599172],[-82.75558,39.599102],[-82.755626,39.598924],[-82.756085,39.598994],[-82.75604,39.599172]]]},"properties":{"p":"0110074900","o":"MORRISON NICK","a":"9084  CHILLICOTHE-LANCASTER RD","d":"AMANDA-CLEARCREEK LOCAL SCHOOL DISTRICT","t":85.48,"l":"560: Res-Mobile Home","c":0}},{"type":"Feature","geometry":{"type":"Polygon","coordinates":[[[-82.758547,39.597061],[-82.758088,39.596991],[-82.758133,39.596813],[-82.758593,39.596883],[-82.758547,39.597061]]]},"properties":{"p":"0110079100","o":"JOHNSON JARED & HOLLY SURV","a":"0  BROAD ST  AMANDA 43102","d":"AMANDA-CLEARCREEK LOCAL SCHOOL DISTRICT","t":74.94,"l":"599: Res-Other","c":0}},{"type":"Feature","geometry":{"type":"Polygon","coordinates":[[[-82.758502,39.597239],[-82.758042,39.597169],[-82.758088,39.596991],[-82.758547,39.597061],[-82.758502,39.597239]]]},"properties":{"p":"0110079200","o":"JOHNSON JARED & HOLLY SURV","a":"9237  BROAD ST  AMANDA 43102","d":"AMANDA-CLEARCREEK LOCAL SCHOOL DISTRICT","t":126.87,"l":"510: Res-Single Family","c":0}},{"type":"Feature","geometry":{"type":"Polygon","coordinates":[[[-82.758231,39.598535],[-82.75825,39.598463],[-82.758685,39.598817],[-82.758547,39.599349],[-82.758044,39.59927],[-82.758231,39.598535]]]},"properties":{"p":"0110081310","o":"VELAZQUEZ ERIK JR","a":"0  OAKLAND-STOUTSVILLE RD  AMANDA 43102","d":"AMANDA-CLEARCREEK LOCAL SCHOOL DISTRICT","t":2109.81,"l":"501: Res-Custom Code","c":0}},{"type":"Feature","geometry":{"type":"Polygon","coordinates":[[[-82.757734,39.600487],[-82.757852,39.600025],[-82.758371,39.600107],[-82.758264,39.600523],[-82.757734,39.600487]]]},"properties":{"p":"0110081510","o":"VELAZQUEZ ERIK JR","a":"7615  OAKLAND-STOUTSVILLE RD  AMANDA 43102","d":"AMANDA-CLEARCREEK LOCAL SCHOOL DISTRICT","t":278.34,"l":"500: Res-Vacant Land","c":0}},{"type":"Feature","geometry":{"type":"Polygon","coordinates":[[[-82.834123,39.605753],[-82.833893,39.60574],[-82.833935,39.605302],[-82.834165,39.605315],[-82.834123,39.605753]]]},"properties":{"p":"0120087700","o":"MCFARLAND JUDY K","a":"11600  MAIN ST","d":"AMANDA-CLEARCREEK LOCAL SCHOOL DISTRICT","t":1920.48,"l":"510: Res-Single Family","c":0}},{"type":"Feature","geometry":{"type":"Polygon","coordinates":[[[-82.831166,39.603238],[-82.831429,39.603019],[-82.832641,39.603101],[-82.832611,39.60354],[-82.830893,39.603454],[-82.831166,39.603238]]]},"properties":{"p":"0120090800","o":"DILTZ MARGARET A","a":"9130  BAKER RD  STOUTSVILLE 43154","d":"AMANDA-CLEARCREEK LOCAL SCHOOL DISTRICT","t":552.06,"l":"511: Res-Custom Code","c":0}},{"type":"Feature","geometry":{"type":"Polygon","coordinates":[[[-82.828718,39.604822],[-82.828755,39.604437],[-82.828943,39.604448],[-82.828923,39.604656],[-82.829141,39.604479],[-82.828831,39.604807],[-82.8285,39.604999],[-82.828718,39.604822]]]},"properties":{"p":"0120098500","o":"SCHLICHTER BRANDON E & BENJAMIN","a":"9051  BROADWAY ST  STOUTSVILLE 43154","d":"AMANDA-CLEARCREEK LOCAL SCHOOL DISTRICT","t":4.11,"l":"401: Com-Apartment- 4 to 19","c":0}},{"type":"Feature","geometry":{"type":"Polygon","coordinates":[[[-82.832981,39.604785],[-82.832874,39.60478],[-82.832877,39.604739],[-82.832984,39.604744],[-82.832981,39.604785]]]},"properties":{"p":"0120109100","o":"BARNES JOSIAH & JESSICA","a":"3  DRIVEWAY   STOUTSVILLE 43154","d":"AMANDA-CLEARCREEK LOCAL SCHOOL DISTRICT","t":15.64,"l":"599: Res-Other","c":0}},{"type":"Feature","geometry":{"type":"Polygon","coordinates":[[[-82.832995,39.604593],[-82.832888,39.604588],[-82.832892,39.604547],[-82.832998,39.604552],[-82.832995,39.604593]]]},"properties":{"p":"0120109500","o":"OGG RANDY & VANESSA","a":"8  DRIVEWAY","d":"AMANDA-CLEARCREEK LOCAL SCHOOL DISTRICT","t":54.08,"l":"599: Res-Other","c":0}},{"type":"Feature","geometry":{"type":"Polygon","coordinates":[[[-82.833051,39.603839],[-82.832945,39.603835],[-82.832948,39.603793],[-82.833054,39.603798],[-82.833051,39.603839]]]},"properties":{"p":"0120111300","o":"LEASURE JOSEPH","a":"26  DRIVEWAY   STOUTSVILLE 43154","d":"AMANDA-CLEARCREEK LOCAL SCHOOL DISTRICT","t":256.68,"l":"599: Res-Other","c":0}},{"type":"Feature","geometry":{"type":"Polygon","coordinates":[[[-82.83348,39.603711],[-82.833413,39.603707],[-82.83342,39.603625],[-82.833487,39.603629],[-82.83348,39.603711]]]},"properties":{"p":"0120112400","o":"LEASURE JOE & SARAH","a":"38  DRIVEWAY","d":"AMANDA-CLEARCREEK LOCAL SCHOOL DISTRICT","t":549.24,"l":"599: Res-Other","c":0}},{"type":"Feature","geometry":{"type":"Polygon","coordinates":[[[-82.833687,39.60386],[-82.833581,39.603855],[-82.833584,39.603814],[-82.83369,39.603819],[-82.833687,39.60386]]]},"properties":{"p":"0120113200","o":"BROWN FRED V","a":"46  DRIVEWAY   STOUTSVILLE 43154","d":"AMANDA-CLEARCREEK LOCAL SCHOOL DISTRICT","t":13.7,"l":"599: Res-Other","c":0}},{"type":"Feature","geometry":{"type":"Polygon","coordinates":[[[-82.833663,39.604139],[-82.833557,39.604134],[-82.83356,39.604101],[-82.833666,39.604107],[-82.833663,39.604139]]]},"properties":{"p":"0120113700","o":"WHALEY JEFF & TERESA","a":"53  DRIVEWAY   STOUTSVILLE 43154","d":"AMANDA-CLEARCREEK LOCAL SCHOOL DISTRICT","t":127.9,"l":"599: Res-Other","c":0}},{"type":"Feature","geometry":{"type":"Polygon","coordinates":[[[-82.832757,39.604811],[-82.832651,39.604803],[-82.832655,39.60477],[-82.832761,39.604778],[-82.832757,39.604811]]]},"properties":{"p":"0120115300","o":"FAITH JOURNEY MINISTRIES","a":"70  DRIVEWAY","d":"AMANDA-CLEARCREEK LOCAL SCHOOL DISTRICT","t":28.84,"l":"599: Res-Other","c":0}},{"type":"Feature","geometry":{"type":"Polygon","coordinates":[[[-82.832761,39.604778],[-82.832655,39.60477],[-82.83266,39.604729],[-82.832766,39.604736],[-82.832761,39.604778]]]},"properties":{"p":"0120115400","o":"FAITH JOURNEY MINISTRIES","a":"71  DRIVEWAY","d":"AMANDA-CLEARCREEK LOCAL SCHOOL DISTRICT","t":68.38,"l":"599: Res-Other","c":0}},{"type":"Feature","geometry":{"type":"Polygon","coordinates":[[[-82.832796,39.604612],[-82.83269,39.604607],[-82.832694,39.604566],[-82.8328,39.604571],[-82.832796,39.604612]]]},"properties":{"p":"0120115800","o":"STOUTSVILLE CAMP MEETING ASSOCIATION","a":"75  DRIVEWAY","d":"AMANDA-CLEARCREEK LOCAL SCHOOL DISTRICT","t":0.67,"l":"599: Res-Other","c":0}},{"type":"Feature","geometry":{"type":"Polygon","coordinates":[[[-82.8328,39.604571],[-82.832694,39.604566],[-82.832697,39.604525],[-82.832804,39.60453],[-82.8328,39.604571]]]},"properties":{"p":"0120115900","o":"STOUTSVILLE CAMP MEETING ASSOCIATION","a":"76  DRIVEWAY","d":"AMANDA-CLEARCREEK LOCAL SCHOOL DISTRICT","t":0.63,"l":"599: Res-Other","c":0}},{"type":"Feature","geometry":{"type":"Polygon","coordinates":[[[-82.832807,39.604489],[-82.832701,39.604483],[-82.832705,39.604442],[-82.832811,39.604448],[-82.832807,39.604489]]]},"properties":{"p":"0120116100","o":"STEVENS PHIL & ROSEMARY","a":"78  DRIVEWAY","d":"AMANDA-CLEARCREEK LOCAL SCHOOL DISTRICT","t":28.02,"l":"599: Res-Other","c":0}},{"type":"Feature","geometry":{"type":"Polygon","coordinates":[[[-82.832851,39.604075],[-82.832745,39.604069],[-82.832749,39.604027],[-82.832855,39.604034],[-82.832851,39.604075]]]},"properties":{"p":"0120117000","o":"SMITH JAMES & DONNA","a":"88  DRIVEWAY","d":"AMANDA-CLEARCREEK LOCAL SCHOOL DISTRICT","t":17.97,"l":"599: Res-Other","c":0}},{"type":"Feature","geometry":{"type":"Polygon","coordinates":[[[-82.832855,39.604034],[-82.832749,39.604027],[-82.832753,39.603986],[-82.832859,39.603993],[-82.832855,39.604034]]]},"properties":{"p":"0120117100","o":"SMITH DONNA SUE","a":"89  DRIVEWAY","d":"AMANDA-CLEARCREEK LOCAL SCHOOL DISTRICT","t":16.4,"l":"599: Res-Other","c":0}},{"type":"Feature","geometry":{"type":"Polygon","coordinates":[[[-82.832873,39.603801],[-82.832767,39.603796],[-82.83277,39.603755],[-82.832876,39.60376],[-82.832873,39.603801]]]},"properties":{"p":"0120117500","o":"REED COLLINS KIM","a":"93  DRIVEWAY","d":"AMANDA-CLEARCREEK LOCAL SCHOOL DISTRICT","t":533.7,"l":"599: Res-Other","c":0}},{"type":"Feature","geometry":{"type":"Polygon","coordinates":[[[-82.832924,39.603467],[-82.832928,39.603385],[-82.832982,39.603386],[-82.832977,39.603469],[-82.832924,39.603467]]]},"properties":{"p":"0120118200","o":"CREMEANS MARILYN","a":"101  DRIVEWAY","d":"AMANDA-CLEARCREEK LOCAL SCHOOL DISTRICT","t":594.28,"l":"599: Res-Other","c":0}},{"type":"Feature","geometry":{"type":"Polygon","coordinates":[[[-82.833806,39.603498],[-82.833811,39.603416],[-82.833864,39.603418],[-82.833859,39.6035],[-82.833806,39.603498]]]},"properties":{"p":"0120119700","o":"DERR JEFF & NICOLE","a":"117  DRIVEWAY   STOUTSVILLE 43154","d":"AMANDA-CLEARCREEK LOCAL SCHOOL DISTRICT","t":2.42,"l":"599: Res-Other","c":0}},{"type":"Feature","geometry":{"type":"Polygon","coordinates":[[[-82.458048,39.762487],[-82.456602,39.762418],[-82.456605,39.762388],[-82.458763,39.762502],[-82.458908,39.762648],[-82.458586,39.762513],[-82.458048,39.762487]]]},"properties":{"p":"0310036188","o":"HANNA ERNEST R & LORETTA V","a":"0  COONPATH RD","d":"FAIRFIELD UNION LOCAL SCHOOL DISTRICT","t":110.56,"l":"501: Res-Custom Code","c":0}},{"type":"Feature","geometry":{"type":"Polygon","coordinates":[[[-82.440279,39.763864],[-82.44019,39.763475],[-82.440385,39.763486],[-82.440348,39.763901],[-82.440279,39.763864]]]},"properties":{"p":"0310034100","o":"BARNES RONALD","a":"0  RUSHVILLE RD NE","d":"FAIRFIELD UNION LOCAL SCHOOL DISTRICT","t":967.65,"l":"501: Res-Custom Code","c":0}},{"type":"Feature","geometry":{"type":"Polygon","coordinates":[[[-82.462339,39.792223],[-82.467777,39.792542],[-82.467059,39.799851],[-82.461626,39.799533],[-82.462339,39.792223]]]},"properties":{"p":"0310026400","o":"MCCAFFERTY BRIAN G","a":"6658  MILLER SIDING RD","d":"FAIRFIELD UNION LOCAL SCHOOL DISTRICT","t":4406.4,"l":"111: Agr-CAUV-Cash-Grain Farm","c":0}},{"type":"Feature","geometry":{"type":"Polygon","coordinates":[[[-82.427871,39.798182],[-82.427889,39.797943],[-82.428425,39.797971],[-82.428421,39.798173],[-82.427871,39.798182]]]},"properties":{"p":"0310022700","o":"ANDERSON DAKOTA","a":"5515  LOGAN-THORNVILLE RD  RUSHVILLE 43150","d":"FAIRFIELD UNION LOCAL SCHOOL DISTRICT","t":4059.37,"l":"511: Res-Custom Code","c":0}},{"type":"Feature","geometry":{"type":"Polygon","coordinates":[[[-82.416526,39.813515],[-82.416609,39.812566],[-82.417066,39.812591],[-82.416988,39.813536],[-82.416526,39.813515]]]},"properties":{"p":"0310018320","o":"SMITH MARK","a":"0  THORNVILLE RD  RUSHVILLE 43150","d":"FAIRFIELD UNION LOCAL SCHOOL DISTRICT","t":122.7,"l":"501: Res-Custom Code","c":0}},{"type":"Feature","geometry":{"type":"Polygon","coordinates":[[[-82.416406,39.81489],[-82.416526,39.813515],[-82.419107,39.813628],[-82.419283,39.814017],[-82.418959,39.814003],[-82.419128,39.81431],[-82.419139,39.814691],[-82.41892,39.814892],[-82.418536,39.814921],[-82.418204,39.814976],[-82.418,39.814861],[-82.417668,39.814812],[-82.417405,39.814737],[-82.416977,39.814702],[-82.416846,39.814768],[-82.41667,39.814984],[-82.416406,39.81489]]]},"properties":{"p":"0310016600","o":"BARR AMANDA J & JUSTIN B SURV","a":"0  THORNVILLE RD  RUSHVILLE 43150","d":"FAIRFIELD UNION LOCAL SCHOOL DISTRICT","t":27.57,"l":"100: Agr-Vacant Land","c":0}},{"type":"Feature","geometry":{"type":"Polygon","coordinates":[[[-82.4481,39.815648],[-82.448153,39.8151],[-82.451067,39.815267],[-82.450865,39.815806],[-82.4481,39.815648]]]},"properties":{"p":"0310014500","o":"CROY JIMMIE M & KELLY R SURV","a":"7531  GRUBB RD  THORNVILLE 43076","d":"FAIRFIELD UNION LOCAL SCHOOL DISTRICT","t":1682.78,"l":"199: Agr-CAUV-Other","c":0}},{"type":"Feature","geometry":{"type":"Polygon","coordinates":[[[-82.452543,39.82125],[-82.452821,39.818316],[-82.453544,39.818357],[-82.453267,39.821291],[-82.452543,39.82125]]]},"properties":{"p":"0310013180","o":"RAVER REGAINA M","a":"7110  GRUBB RD","d":"FAIRFIELD UNION LOCAL SCHOOL DISTRICT","t":1480.13,"l":"500: Res-Vacant Land","c":0}},{"type":"Feature","geometry":{"type":"Polygon","coordinates":[[[-82.407065,39.825057],[-82.406331,39.825017],[-82.406384,39.82444],[-82.407118,39.82448],[-82.407065,39.825057]]]},"properties":{"p":"0310002000","o":"BEER KAYLA","a":"7405  MILLER RD","d":"FAIRFIELD UNION LOCAL SCHOOL DISTRICT","t":458.8,"l":"511: Res-Custom Code","c":0}},{"type":"Feature","geometry":{"type":"Polygon","coordinates":[[[-82.514736,39.809032],[-82.514788,39.808515],[-82.515276,39.808717],[-82.515302,39.808464],[-82.515418,39.808511],[-82.515379,39.809067],[-82.514736,39.809032]]]},"properties":{"p":"0300236220","o":"HITE WILLIAM","a":"4005 E COLUMBUS ST","d":"FAIRFIELD UNION LOCAL SCHOOL DISTRICT","t":299.51,"l":"510: Res-Single Family","c":0}},{"type":"Feature","geometry":{"type":"Polygon","coordinates":[[[-82.522274,39.80885],[-82.522307,39.808773],[-82.522445,39.808824],[-82.522305,39.809076],[-82.522179,39.809042],[-82.522274,39.80885]]]},"properties":{"p":"0300233700","o":"COAKLEY MONTY R SR & REBECCA M","a":"0  MAIN ST","d":"FAIRFIELD UNION LOCAL SCHOOL DISTRICT","t":2107.24,"l":"400: Com-Vacant Land","c":0}},{"type":"Feature","geometry":{"type":"Polygon","coordinates":[[[-82.525313,39.807978],[-82.525296,39.808158],[-82.525208,39.808124],[-82.525313,39.807978]]]},"properties":{"p":"0300224700","o":"MIKESELL KEVIN ANDREW","a":"0  MARKET ST  PLEASANTVILLE 43148","d":"FAIRFIELD UNION LOCAL SCHOOL DISTRICT","t":38.43,"l":"500: Res-Vacant Land","c":0}},{"type":"Feature","geometry":{"type":"Polygon","coordinates":[[[-82.525185,39.80793],[-82.525081,39.808074],[-82.524701,39.807924],[-82.524804,39.80778],[-82.525185,39.80793]]]},"properties":{"p":"0300224200","o":"MIKESELL KEVIN ANDREW","a":"0  MARKET ST  PLEASANTVILLE 43148","d":"FAIRFIELD UNION LOCAL SCHOOL DISTRICT","t":417.88,"l":"500: Res-Vacant Land","c":0}},{"type":"Feature","geometry":{"type":"Polygon","coordinates":[[[-82.524496,39.807474],[-82.524504,39.807462],[-82.524885,39.807612],[-82.524835,39.807681],[-82.524454,39.807532],[-82.524496,39.807474]]]},"properties":{"p":"0300223400","o":"STEPHENS JEREMY L","a":"0  MAIN ST  PLEASANTVILLE 43148","d":"FAIRFIELD UNION LOCAL SCHOOL DISTRICT","t":3193.69,"l":"500: Res-Vacant Land","c":0}},{"type":"Feature","geometry":{"type":"Polygon","coordinates":[[[-82.524392,39.807618],[-82.524454,39.807532],[-82.524835,39.807681],[-82.524757,39.807789],[-82.524376,39.80764],[-82.524392,39.807618]]]},"properties":{"p":"0300223200","o":"MIKESELL KEVIN ANDREW","a":"213  MAIN ST  PLEASANTVILLE 43148","d":"FAIRFIELD UNION LOCAL SCHOOL DISTRICT","t":3120.28,"l":"500: Res-Vacant Land","c":0}},{"type":"Feature","geometry":{"type":"Polygon","coordinates":[[[-82.523339,39.809034],[-82.523439,39.808899],[-82.52381,39.809063],[-82.523679,39.80924],[-82.523308,39.809076],[-82.523339,39.809034]]]},"properties":{"p":"0300220300","o":"NICHOLS GINGER A","a":"107 S MAIN ST  PLEASANTVILLE 43148","d":"FAIRFIELD UNION LOCAL SCHOOL DISTRICT","t":2139.46,"l":"520: Res-Two Family","c":0}},{"type":"Feature","geometry":{"type":"Polygon","coordinates":[[[-82.524016,39.808786],[-82.523646,39.808622],[-82.523748,39.808488],[-82.524118,39.808652],[-82.524016,39.808786]]]},"properties":{"p":"0300219700","o":"STANSBERY KARLA J","a":"201 S MAIN ST","d":"FAIRFIELD UNION LOCAL SCHOOL DISTRICT","t":1277.43,"l":"420: Com-Retail-Small","c":0}},{"type":"Feature","geometry":{"type":"Polygon","coordinates":[[[-82.524118,39.808652],[-82.523748,39.808488],[-82.52385,39.808355],[-82.52422,39.808518],[-82.524118,39.808652]]]},"properties":{"p":"0300219600","o":"STANSBERY KARLA J","a":"0  MAIN ST","d":"FAIRFIELD UNION LOCAL SCHOOL DISTRICT","t":532.64,"l":"400: Com-Vacant Land","c":0}},{"type":"Feature","geometry":{"type":"Polygon","coordinates":[[[-82.578331,39.801439],[-82.578442,39.798659],[-82.578931,39.798678],[-82.578991,39.797808],[-82.580355,39.797861],[-82.580157,39.801506],[-82.578331,39.801439]]]},"properties":{"p":"0290216700","o":"WILSON AARON C","a":"786  CARROLL-EASTERN RD  LANCASTER 43130","d":"LIBERTY UNION-THURSTON LOCAL SCHOOL DISTRICT","t":587.42,"l":"111: Agr-CAUV-Cash-Grain Farm","c":0}},{"type":"Feature","geometry":{"type":"Polygon","coordinates":[[[-82.498616,39.726584],[-82.499456,39.726431],[-82.50038,39.726468],[-82.500242,39.728003],[-82.498504,39.727921],[-82.498616,39.726584]]]},"properties":{"p":"0280203310","o":"SOUDERS JENNIFER M","a":"460  LAKE RD","d":"FAIRFIELD UNION LOCAL SCHOOL DISTRICT","t":937.55,"l":"511: Res-Custom Code","c":0}},{"type":"Feature","geometry":{"type":"Polygon","coordinates":[[[-82.500884,39.744446],[-82.500936,39.743917],[-82.501638,39.743956],[-82.501587,39.744487],[-82.500884,39.744446]]]},"properties":{"p":"0280191300","o":"CTH GROUP LLC","a":"1640  LAKE RD","d":"FAIRFIELD UNION LOCAL SCHOOL DISTRICT","t":715.26,"l":"501: Res-Custom Code","c":0}},{"type":"Feature","geometry":{"type":"Polygon","coordinates":[[[-82.586406,39.772503],[-82.586628,39.771988],[-82.588672,39.772077],[-82.587457,39.775222],[-82.585315,39.775176],[-82.586406,39.772503]]]},"properties":{"p":"0280180100","o":"BOCH GREGORY D & MISTY A TRUSTEES","a":"0  TSCHOPP RD  LANCASTER 43130","d":"FAIRFIELD UNION LOCAL SCHOOL DISTRICT","t":3.93,"l":"110: Agr-CAUV-Vacant Land","c":0}},{"type":"Feature","geometry":{"type":"Polygon","coordinates":[[[-82.57781,39.773482],[-82.577813,39.773431],[-82.579671,39.773497],[-82.579651,39.77384],[-82.577793,39.773774],[-82.57781,39.773482]]]},"properties":{"p":"0280178610","o":"BOCH GREGORY D & MISTY A TRUSTEES","a":"3385  TSCHOPP RD  LANCASTER 43130","d":"FAIRFIELD UNION LOCAL SCHOOL DISTRICT","t":88,"l":"511: Res-Custom Code","c":0}},{"type":"Feature","geometry":{"type":"Polygon","coordinates":[[[-82.58637,39.775191],[-82.586311,39.776047],[-82.579072,39.775796],[-82.579092,39.775453],[-82.577705,39.775248],[-82.577793,39.773774],[-82.579651,39.77384],[-82.579671,39.773497],[-82.577813,39.773431],[-82.577888,39.772179],[-82.586406,39.772503],[-82.585315,39.775176],[-82.58637,39.775191]]]},"properties":{"p":"0280178600","o":"BOCH GREGORY D & MISTY A TRUSTEES","a":"3401  TSCHOPP RD  LANCASTER 43130","d":"FAIRFIELD UNION LOCAL SCHOOL DISTRICT","t":34.9,"l":"111: Agr-CAUV-Cash-Grain Farm","c":0}},{"type":"Feature","geometry":{"type":"Polygon","coordinates":[[[-82.573278,39.743037],[-82.573447,39.742647],[-82.573582,39.742681],[-82.573413,39.743072],[-82.573278,39.743037]]]},"properties":{"p":"0270167400","o":"WACKER WILLIAM F & ESTELLA A","a":"0  BEECHWOOD DR  LANCASTER 43130","d":"LANCASTER CITY SCHOOL DISTRICT","t":1170.47,"l":"500: Res-Vacant Land","c":0}},{"type":"Feature","geometry":{"type":"Polygon","coordinates":[[[-82.52813,39.73661],[-82.529278,39.736464],[-82.52924,39.736916],[-82.52821,39.737017],[-82.52813,39.73661]]]},"properties":{"p":"0270148000","o":"MOORE KENNETH B & GINELLE L","a":"1045  SHERRY LN","d":"LANCASTER CITY SCHOOL DISTRICT","t":798.32,"l":"510: Res-Single Family","c":0}},{"type":"Feature","geometry":{"type":"Polygon","coordinates":[[[-82.543267,39.759883],[-82.543493,39.759861],[-82.54384,39.759891],[-82.543788,39.76022],[-82.543609,39.760238],[-82.543436,39.760276],[-82.543267,39.759883]]]},"properties":{"p":"0270144400","o":"BUTCHER JOHN W & TRACIE L SURV","a":"2785  PLEASANT DR  LANCASTER 43130","d":"LANCASTER CITY SCHOOL DISTRICT","t":1073.52,"l":"510: Res-Single Family","c":0}},{"type":"Feature","geometry":{"type":"Polygon","coordinates":[[[-82.546149,39.760905],[-82.545694,39.760646],[-82.545985,39.760485],[-82.546384,39.760562],[-82.546149,39.760905]]]},"properties":{"p":"0270141800","o":"EVANS JOSEPH S & MARCIA E SURV","a":"2677  PLEASANT WAY","d":"LANCASTER CITY SCHOOL DISTRICT","t":1988.86,"l":"510: Res-Single Family","c":0}},{"type":"Feature","geometry":{"type":"Polygon","coordinates":[[[-82.550902,39.725722],[-82.550922,39.725366],[-82.551666,39.725392],[-82.551646,39.725748],[-82.550902,39.725722]]]},"properties":{"p":"0270136500","o":"MCCAFFERTY BRIAN G","a":"233  ORCHARD VIEW DR  LANCASTER 43130","d":"LANCASTER CITY SCHOOL DISTRICT","t":1210.56,"l":"510: Res-Single Family","c":0}},{"type":"Feature","geometry":{"type":"Polygon","coordinates":[[[-82.506295,39.734896],[-82.505987,39.73488],[-82.506034,39.734214],[-82.506341,39.73423],[-82.506295,39.734896]]]},"properties":{"p":"0270066910","o":"HAMMACK ROBERT L","a":"0  IRELAND RD  LANCASTER 43130","d":"LANCASTER CITY SCHOOL DISTRICT","t":643.73,"l":"501: Res-Custom Code","c":0}},{"type":"Feature","geometry":{"type":"Polygon","coordinates":[[[-82.517751,39.728408],[-82.517421,39.728617],[-82.516787,39.728021],[-82.517369,39.728049],[-82.517751,39.728408]]]},"properties":{"p":"0270066000","o":"KOONE ROBERT KEITH JR","a":"0  CINCINNATI-ZANESVILLE RD","d":"LANCASTER CITY SCHOOL DISTRICT","t":106.83,"l":"501: Res-Custom Code","c":0}},{"type":"Feature","geometry":{"type":"Polygon","coordinates":[[[-82.534272,39.736257],[-82.534482,39.7361],[-82.534761,39.73628],[-82.534272,39.736257]]]},"properties":{"p":"0270063010","o":"HANSEN FRANCIS E TRUSTEE","a":"0  WHEELING RD NE","d":"LANCASTER CITY SCHOOL DISTRICT","t":1123.73,"l":"501: Res-Custom Code","c":0}},{"type":"Feature","geometry":{"type":"Polygon","coordinates":[[[-82.547569,39.722567],[-82.547615,39.721991],[-82.547824,39.722001],[-82.547781,39.722579],[-82.547569,39.722567]]]},"properties":{"p":"0270058200","o":"WALKER ROGER L","a":"1624 NE MARIETTA RD","d":"LANCASTER CITY SCHOOL DISTRICT","t":39.31,"l":"500: Res-Vacant Land","c":0}},{"type":"Feature","geometry":{"type":"Polygon","coordinates":[[[-82.592609,39.729866],[-82.592623,39.729603],[-82.592874,39.729611],[-82.592888,39.729338],[-82.593349,39.729349],[-82.593319,39.729886],[-82.592609,39.729866]]]},"properties":{"p":"0270046900","o":"VANMETER SHERMAN D JR","a":"0  RED BUD LN  LANCASTER 43130","d":"LANCASTER CITY SCHOOL DISTRICT","t":572.9,"l":"501: Res-Custom Code","c":0}},{"type":"Feature","geometry":{"type":"Polygon","coordinates":[[[-82.592601,39.730132],[-82.592609,39.729866],[-82.592685,39.729868],[-82.592666,39.730205],[-82.593305,39.730229],[-82.593285,39.730588],[-82.592576,39.730564],[-82.592601,39.730132]]]},"properties":{"p":"0270046500","o":"VANMETER SHERMAN D JR","a":"0  LANCASTER-NEWARK RD","d":"LANCASTER CITY SCHOOL DISTRICT","t":502.92,"l":"501: Res-Custom Code","c":0}},{"type":"Feature","geometry":{"type":"Polygon","coordinates":[[[-82.557235,39.738009],[-82.557257,39.737604],[-82.558193,39.737706],[-82.558033,39.738211],[-82.557235,39.738009]]]},"properties":{"p":"0270027100","o":"BURGE MICHAEL JAMES SUCC TRUSTEE OF THE LORA A LOVE FAMILY TRUST AGREEMENT","a":"1821  PLEASANTVILLE RD  LANCASTER 43130","d":"LANCASTER CITY SCHOOL DISTRICT","t":3810.97,"l":"511: Res-Custom Code","c":0}},{"type":"Feature","geometry":{"type":"Polygon","coordinates":[[[-82.544687,39.764547],[-82.544843,39.764165],[-82.54559,39.764339],[-82.545432,39.764728],[-82.544687,39.764547]]]},"properties":{"p":"0270012000","o":"WILLIAMS DONALD B & RONALD B & MOORE DARLENE M & PASKINS CANDY L","a":"2855  LANCASTER-THORNVILLE RD","d":"LANCASTER CITY SCHOOL DISTRICT","t":2470.65,"l":"511: Res-Custom Code","c":0}},{"type":"Feature","geometry":{"type":"Polygon","coordinates":[[[-82.545432,39.764728],[-82.54559,39.764339],[-82.546744,39.76462],[-82.546544,39.764997],[-82.545432,39.764728]]]},"properties":{"p":"0270010960","o":"WILLIAMS DONALD B & RONALD B & MOORE DARLENE M & PASKINS CANDY L","a":"0  LANCASTER-THORNVILLE RD","d":"LANCASTER CITY SCHOOL DISTRICT","t":195.02,"l":"501: Res-Custom Code","c":0}},{"type":"Feature","geometry":{"type":"Polygon","coordinates":[[[-82.540053,39.751391],[-82.542532,39.751493],[-82.542489,39.75199],[-82.541992,39.751965],[-82.540011,39.751939],[-82.540053,39.751391]]]},"properties":{"p":"0270010500","o":"WHALEY KEITH R & GLORIA C SURV","a":"2865  MEADOWBROOK DR","d":"LANCASTER CITY SCHOOL DISTRICT","t":3217.92,"l":"511: Res-Custom Code","c":0}},{"type":"Feature","geometry":{"type":"Polygon","coordinates":[[[-82.724734,39.58302],[-82.724325,39.582996],[-82.72435,39.582725],[-82.72476,39.582749],[-82.724734,39.58302]]]},"properties":{"p":"0250040699","o":"HEDGES OWEN C","a":"0  JULIAN RD  AMANDA 43102","d":"AMANDA-CLEARCREEK LOCAL SCHOOL DISTRICT","t":189.12,"l":"100: Agr-Vacant Land","c":0}},{"type":"Feature","geometry":{"type":"Polygon","coordinates":[[[-82.672832,39.577064],[-82.67275,39.576517],[-82.675103,39.576608],[-82.675075,39.577173],[-82.672832,39.577064]]]},"properties":{"p":"0250037140","o":"LAGUNAS FIDEL","a":"10273  LOOKOUT RD","d":"AMANDA-CLEARCREEK LOCAL SCHOOL DISTRICT","t":546.26,"l":"561: Res-Custom Code","c":0}},{"type":"Feature","geometry":{"type":"Polygon","coordinates":[[[-82.661587,39.570241],[-82.661839,39.56571],[-82.669582,39.565945],[-82.671176,39.566014],[-82.671043,39.567847],[-82.668683,39.56778],[-82.668552,39.569582],[-82.666169,39.569512],[-82.666121,39.570388],[-82.661587,39.570241]]]},"properties":{"p":"0250036900","o":"MARAVY FARMS LLC","a":"0  LOOKOUT RD  LANCASTER 43130","d":"AMANDA-CLEARCREEK LOCAL SCHOOL DISTRICT","t":514.31,"l":"122: Agr-CAUV-Comm Timber","c":0}},{"type":"Feature","geometry":{"type":"Polygon","coordinates":[[[-82.644818,39.584804],[-82.646116,39.583714],[-82.646258,39.58392],[-82.646466,39.584347],[-82.644883,39.586054],[-82.644818,39.584804]]]},"properties":{"p":"0250030300","o":"THOMAS DAVID W","a":"9710  SNORTIN RIDGE RD  LANCASTER 43130","d":"AMANDA-CLEARCREEK LOCAL SCHOOL DISTRICT","t":661.42,"l":"511: Res-Custom Code","c":0}},{"type":"Feature","geometry":{"type":"Polygon","coordinates":[[[-82.658427,39.584324],[-82.658437,39.584109],[-82.660739,39.584206],[-82.66069,39.584424],[-82.658427,39.584324]]]},"properties":{"p":"0250028000","o":"DRAKE DAWN RENEE & DRAKE DAWN R","a":"9735  RICH HOLLOW RD","d":"AMANDA-CLEARCREEK LOCAL SCHOOL DISTRICT","t":998.29,"l":"511: Res-Custom Code","c":0}},{"type":"Feature","geometry":{"type":"Polygon","coordinates":[[[-82.699776,39.590619],[-82.699853,39.589827],[-82.701018,39.589888],[-82.700942,39.590682],[-82.699776,39.590619]]]},"properties":{"p":"0250024814","o":"COCKS JENNA ELIZABETH & JAMES LOGAN SURV","a":"0  DRINKLE RD  AMANDA 43102","d":"AMANDA-CLEARCREEK LOCAL SCHOOL DISTRICT","t":327.44,"l":"501: Res-Custom Code","c":0}},{"type":"Feature","geometry":{"type":"Polygon","coordinates":[[[-82.700942,39.590682],[-82.700882,39.591296],[-82.699717,39.591233],[-82.699776,39.590619],[-82.700942,39.590682]]]},"properties":{"p":"0250024813","o":"COCKS JENNA ELIZABETH & JAMES LOGAN SURV","a":"0  DRINKLE RD  AMANDA 43102","d":"AMANDA-CLEARCREEK LOCAL SCHOOL DISTRICT","t":331.79,"l":"501: Res-Custom Code","c":0}},{"type":"Feature","geometry":{"type":"Polygon","coordinates":[[[-82.726656,39.592056],[-82.726692,39.591574],[-82.727214,39.591421],[-82.727168,39.59189],[-82.726656,39.592056]]]},"properties":{"p":"0250024000","o":"TRUAX MICHAEL","a":"5940  JULIAN RD  AMANDA 43102","d":"AMANDA-CLEARCREEK LOCAL SCHOOL DISTRICT","t":595.68,"l":"511: Res-Custom Code","c":0}},{"type":"Feature","geometry":{"type":"Polygon","coordinates":[[[-82.720718,39.592457],[-82.721211,39.5923],[-82.721448,39.593103],[-82.720952,39.593252],[-82.720718,39.592457]]]},"properties":{"p":"0250023623","o":"CANTER ANDREW J","a":"5615  JULIAN RD","d":"AMANDA-CLEARCREEK LOCAL SCHOOL DISTRICT","t":4323.59,"l":"560: Res-Mobile Home","c":0}},{"type":"Feature","geometry":{"type":"Polygon","coordinates":[[[-82.725878,39.591811],[-82.726185,39.59172],[-82.726106,39.592528],[-82.725814,39.592511],[-82.725878,39.591811]]]},"properties":{"p":"0250022400","o":"TINSLEY SHASTA A & CHRISTOPHER SURV","a":"0  JULIAN RD  AMANDA 43102","d":"AMANDA-CLEARCREEK LOCAL SCHOOL DISTRICT","t":392.6,"l":"561: Res-Custom Code","c":0}},{"type":"Feature","geometry":{"type":"Polygon","coordinates":[[[-82.681149,39.603352],[-82.68116,39.603162],[-82.681902,39.603198],[-82.681857,39.603765],[-82.681126,39.60373],[-82.681149,39.603352]]]},"properties":{"p":"0250019410","o":"SISCO GERALD D","a":"8482  CLEARPORT RD","d":"AMANDA-CLEARCREEK LOCAL SCHOOL DISTRICT","t":1038.79,"l":"599: Res-Other","c":0}},{"type":"Feature","geometry":{"type":"Polygon","coordinates":[[[-82.681902,39.603198],[-82.680874,39.603148],[-82.680905,39.602736],[-82.681933,39.602787],[-82.681902,39.603198]]]},"properties":{"p":"0250019400","o":"SISCO GERALD D","a":"8520  CLEARPORT RD","d":"AMANDA-CLEARCREEK LOCAL SCHOOL DISTRICT","t":1416.5,"l":"561: Res-Custom Code","c":0}},{"type":"Feature","geometry":{"type":"Polygon","coordinates":[[[-82.657755,39.608597],[-82.65653,39.608547],[-82.656722,39.606268],[-82.655348,39.606212],[-82.6555,39.60583],[-82.657922,39.605929],[-82.657755,39.608597]]]},"properties":{"p":"0250017632","o":"KISSLING MARK","a":"2017  CLEARCREEK RD  LANCASTER 43130","d":"AMANDA-CLEARCREEK LOCAL SCHOOL DISTRICT","t":1152.07,"l":"501: Res-Custom Code","c":0}},{"type":"Feature","geometry":{"type":"Polygon","coordinates":[[[-82.67174,39.598001],[-82.671875,39.595552],[-82.672821,39.595592],[-82.672703,39.597722],[-82.67174,39.598001]]]},"properties":{"p":"0250016912","o":"CURRY JOHN P & VICKY L SURV","a":"2875  ARTER RD  LANCASTER 43130","d":"AMANDA-CLEARCREEK LOCAL SCHOOL DISTRICT","t":122.29,"l":"120: Agr-Timber","c":0}},{"type":"Feature","geometry":{"type":"Polygon","coordinates":[[[-82.670511,39.595495],[-82.671875,39.595552],[-82.67174,39.598001],[-82.671339,39.598168],[-82.670594,39.598584],[-82.670345,39.598689],[-82.670511,39.595495]]]},"properties":{"p":"0250016911","o":"CURRY JOHN P & VICKY L SURV","a":"0  ARTER RD  LANCASTER 43130","d":"AMANDA-CLEARCREEK LOCAL SCHOOL DISTRICT","t":398.5,"l":"100: Agr-Vacant Land","c":0}},{"type":"Feature","geometry":{"type":"Polygon","coordinates":[[[-82.660041,39.624178],[-82.660078,39.623776],[-82.66098,39.623918],[-82.660952,39.624216],[-82.660041,39.624178]]]},"properties":{"p":"0250013310","o":"CONRAD ELIZABETH A","a":"0  HOPEWELL CHURCH RD","d":"AMANDA-CLEARCREEK LOCAL SCHOOL DISTRICT","t":566.44,"l":"100: Agr-Vacant Land","c":0}},{"type":"Feature","geometry":{"type":"Polygon","coordinates":[[[-82.703219,39.63569],[-82.703266,39.635307],[-82.704918,39.635403],[-82.704872,39.635786],[-82.703219,39.63569]]]},"properties":{"p":"0250007000","o":"MYERS STEVEN J SR","a":"6410  LANDIS RD","d":"AMANDA-CLEARCREEK LOCAL SCHOOL DISTRICT","t":72.81,"l":"511: Res-Custom Code","c":0}},{"type":"Feature","geometry":{"type":"Polygon","coordinates":[[[-82.679994,39.629762],[-82.68085,39.628465],[-82.681168,39.628583],[-82.680934,39.629856],[-82.679969,39.6298],[-82.679994,39.629762]]]},"properties":{"p":"0250006200","o":"LEPPERT SHAWN M","a":"6785  CLEARPORT RD  LANCASTER 43130","d":"AMANDA-CLEARCREEK LOCAL SCHOOL DISTRICT","t":916.05,"l":"511: Res-Custom Code","c":0}},{"type":"Feature","geometry":{"type":"Polygon","coordinates":[[[-82.659696,39.627922],[-82.659988,39.624758],[-82.660899,39.624794],[-82.66098,39.623918],[-82.661595,39.624015],[-82.6611,39.62711],[-82.662251,39.627189],[-82.661972,39.629624],[-82.659696,39.627922]]]},"properties":{"p":"0250004610","o":"CONRAD ELIZABETH A","a":"0  CROOKS RD","d":"AMANDA-CLEARCREEK LOCAL SCHOOL DISTRICT","t":1314.69,"l":"100: Agr-Vacant Land","c":0}},{"type":"Feature","geometry":{"type":"Polygon","coordinates":[[[-82.66285,39.637856],[-82.662726,39.637758],[-82.662159,39.637727],[-82.662181,39.637408],[-82.662965,39.637311],[-82.66285,39.637856]]]},"properties":{"p":"0250003060","o":"WILLIAMS DONALD B & RONALD B & MOORE DARLENE M & PASKINS CANDY L","a":"6103  HOPEWELL CHURCH RD  LANCASTER 43130","d":"AMANDA-CLEARCREEK LOCAL SCHOOL DISTRICT","t":2013,"l":"511: Res-Custom Code","c":0}},{"type":"Feature","geometry":{"type":"Polygon","coordinates":[[[-82.662965,39.637311],[-82.66326,39.637274],[-82.663249,39.637458],[-82.66332,39.637462],[-82.66322,39.638048],[-82.663084,39.638043],[-82.66285,39.637856],[-82.662965,39.637311]]]},"properties":{"p":"0250003040","o":"WILLIAMS DONALD B & RONALD B & MOORE DARLENE M & PASKINS CANDY L","a":"6117  HOPEWELL CHURCH RD","d":"AMANDA-CLEARCREEK LOCAL SCHOOL DISTRICT","t":501.46,"l":"561: Res-Custom Code","c":0}},{"type":"Feature","geometry":{"type":"Polygon","coordinates":[[[-82.663366,39.639355],[-82.663508,39.638457],[-82.664621,39.638505],[-82.664456,39.639412],[-82.663366,39.639355]]]},"properties":{"p":"0250003010","o":"FURROW MEGAN R & RYAN D SURV","a":"6131  HOPEWELL CHURCH RD  LANCASTER 43130","d":"AMANDA-CLEARCREEK LOCAL SCHOOL DISTRICT","t":2120.63,"l":"511: Res-Custom Code","c":0}},{"type":"Feature","geometry":{"type":"Polygon","coordinates":[[[-82.641563,39.632366],[-82.641672,39.630975],[-82.642286,39.631001],[-82.642177,39.632393],[-82.641563,39.632366]]]},"properties":{"p":"0250001100","o":"OILER R TRAVIS","a":"1400  EATON HOLLOW RD  LANCASTER 43130","d":"AMANDA-CLEARCREEK LOCAL SCHOOL DISTRICT","t":241.65,"l":"561: Res-Custom Code","c":0}},{"type":"Feature","geometry":{"type":"Polygon","coordinates":[[[-82.609216,39.846658],[-82.609233,39.846256],[-82.609411,39.846253],[-82.609394,39.846664],[-82.609216,39.846658]]]},"properties":{"p":"0240246800","o":"HAINES MILES A","a":"0  WASHINGTON ST 43105 BALTIMORE 43105","d":"LIBERTY UNION-THURSTON LOCAL SCHOOL DISTRICT","t":2885.61,"l":"599: Res-Other","c":0}},{"type":"Feature","geometry":{"type":"Polygon","coordinates":[[[-82.610136,39.846105],[-82.610252,39.846081],[-82.610236,39.846549],[-82.610126,39.846574],[-82.610136,39.846105]]]},"properties":{"p":"0240243600","o":"LANGHAM JENNIFER E","a":"0  WASHINGTON ST  BALTIMORE 43105","d":"LIBERTY UNION-THURSTON LOCAL SCHOOL DISTRICT","t":1823.06,"l":"500: Res-Vacant Land","c":0}},{"type":"Feature","geometry":{"type":"Polygon","coordinates":[[[-82.617454,39.847995],[-82.617474,39.847666],[-82.617652,39.847672],[-82.617632,39.848001],[-82.617454,39.847995]]]},"properties":{"p":"0240240000","o":"BREWER MITCHELL L & WOOD KIMBERLY A SURV","a":"1324  MAPLE ST  BALTIMORE 43105","d":"LIBERTY UNION-THURSTON LOCAL SCHOOL DISTRICT","t":569.71,"l":"510: Res-Single Family","c":0}},{"type":"Feature","geometry":{"type":"Polygon","coordinates":[[[-82.612418,39.847167],[-82.612422,39.847113],[-82.612862,39.847116],[-82.612858,39.847171],[-82.612418,39.847167]]]},"properties":{"p":"0240236600","o":"HOOVER ANTHONY A","a":"0  OAK AVE  BALTIMORE 43105","d":"LIBERTY UNION-THURSTON LOCAL SCHOOL DISTRICT","t":2253.2,"l":"500: Res-Vacant Land","c":0}},{"type":"Feature","geometry":{"type":"Polygon","coordinates":[[[-82.611691,39.84608],[-82.611926,39.846078],[-82.611938,39.846407],[-82.611676,39.84641],[-82.611691,39.84608]]]},"properties":{"p":"0240219600","o":"THOMAS SCOTTY L & TAMALA SURV","a":"819  WASHINGTON ST  BALTIMORE 43105","d":"LIBERTY UNION-THURSTON LOCAL SCHOOL DISTRICT","t":1460.64,"l":"510: Res-Single Family","c":0}},{"type":"Feature","geometry":{"type":"Polygon","coordinates":[[[-82.620803,39.849327],[-82.620624,39.849319],[-82.620672,39.848514],[-82.620814,39.84852],[-82.620797,39.848931],[-82.620845,39.849014],[-82.620966,39.849103],[-82.620997,39.849169],[-82.620988,39.849231],[-82.620945,39.849284],[-82.62088,39.849317],[-82.620803,39.849327]]]},"properties":{"p":"0240204900","o":"ROBINWOOD ESTATE PROPERTY OWNERS ASSOC INC","a":"0 N COMPANY ST","d":"LIBERTY UNION-THURSTON LOCAL SCHOOL DISTRICT","t":1839.04,"l":"501: Res-Custom Code","c":0}},{"type":"Feature","geometry":{"type":"Polygon","coordinates":[[[-82.621736,39.844598],[-82.621658,39.842937],[-82.622309,39.842969],[-82.622545,39.843833],[-82.622068,39.84381],[-82.622009,39.844515],[-82.62206,39.844744],[-82.6221,39.845072],[-82.621874,39.84521],[-82.621717,39.84485],[-82.621736,39.844598]]]},"properties":{"p":"0240203840","o":"CHESNUT DAVID C & MCCULLY KELLY R SURV","a":"0  BASIL-WESTERN RD  BALTIMORE 43105","d":"LIBERTY UNION-THURSTON LOCAL SCHOOL DISTRICT","t":24.47,"l":"599: Res-Other","c":0}},{"type":"Feature","geometry":{"type":"Polygon","coordinates":[[[-82.598273,39.848122],[-82.598286,39.847941],[-82.598756,39.847961],[-82.598743,39.848142],[-82.598273,39.848122]]]},"properties":{"p":"0240171300","o":"LAVER-BRIGNER SUZANNE M TRUSTEE JANICE A LAVER LIVING TRUST DTD 9-18-00","a":"300  SHORT ST  BALTIMORE 43105","d":"LIBERTY UNION-THURSTON LOCAL SCHOOL DISTRICT","t":2262.45,"l":"530: Res-Three Family","c":0}},{"type":"Feature","geometry":{"type":"Polygon","coordinates":[[[-82.599619,39.845775],[-82.599621,39.845751],[-82.600091,39.845771],[-82.600082,39.845886],[-82.599613,39.845866],[-82.599619,39.845775]]]},"properties":{"p":"0240149900","o":"LAVER-BRIGNER SUZANNE M TRUSTEE JANICE A LAVER LIVING TRUST DTD 9-18-00","a":"110 N PARK DR  BALTIMORE 43105","d":"LIBERTY UNION-THURSTON LOCAL SCHOOL DISTRICT","t":2492.48,"l":"520: Res-Two Family","c":0}},{"type":"Feature","geometry":{"type":"Polygon","coordinates":[[[-82.599339,39.845582],[-82.599352,39.845401],[-82.599587,39.845411],[-82.599561,39.845773],[-82.599326,39.845763],[-82.599339,39.845582]]]},"properties":{"p":"0240149600","o":"ARDREY STANLEY LEE TRUSTEE","a":"214 E MARKET ST  BALTIMORE 43105","d":"LIBERTY UNION-THURSTON LOCAL SCHOOL DISTRICT","t":1658.42,"l":"510: Res-Single Family","c":0}},{"type":"Feature","geometry":{"type":"Polygon","coordinates":[[[-82.601471,39.846217],[-82.601484,39.846042],[-82.60174,39.846053],[-82.601727,39.846228],[-82.601471,39.846217]]]},"properties":{"p":"0240147200","o":"HENRY PHILIP L II","a":"121 N MAIN ST  BALTIMORE 43105","d":"LIBERTY UNION-THURSTON LOCAL SCHOOL DISTRICT","t":921.64,"l":"510: Res-Single Family","c":0}},{"type":"Feature","geometry":{"type":"Polygon","coordinates":[[[-82.601916,39.841692],[-82.602052,39.841439],[-82.602549,39.841471],[-82.602412,39.841721],[-82.601916,39.841692]]]},"properties":{"p":"0240134800","o":"UHAS NICHOLAS","a":"504 S MAIN ST","d":"LIBERTY UNION-THURSTON LOCAL SCHOOL DISTRICT","t":3503.92,"l":"510: Res-Single Family","c":0}},{"type":"Feature","geometry":{"type":"Polygon","coordinates":[[[-82.613992,39.842717],[-82.615557,39.842765],[-82.61555,39.842874],[-82.615234,39.842809],[-82.615026,39.842809],[-82.614886,39.842891],[-82.613985,39.842853],[-82.613992,39.842717]]]},"properties":{"p":"0240124210","o":"WILBUR TIMOTHY JOSHUA A & LINSEY E SURV","a":"0  BASIL RD  BALTIMORE 43105","d":"LIBERTY UNION-THURSTON LOCAL SCHOOL DISTRICT","t":1.45,"l":"501: Res-Custom Code","c":0}},{"type":"Feature","geometry":{"type":"Polygon","coordinates":[[[-82.589654,39.900873],[-82.589662,39.900736],[-82.590018,39.90075],[-82.59001,39.900846],[-82.589969,39.90088],[-82.589654,39.900873]]]},"properties":{"p":"0230124800","o":"DBI LAND COMPANY LLC","a":"0  SADDLEBROOK DR","d":"WALNUT TOWNSHIP LOCAL SCHOOL DISTRICT","t":688.12,"l":"500: Res-Vacant Land","c":0}},{"type":"Feature","geometry":{"type":"Polygon","coordinates":[[[-82.590226,39.90084],[-82.590231,39.900758],[-82.590587,39.900771],[-82.590579,39.900908],[-82.590282,39.900896],[-82.590241,39.900876],[-82.590226,39.90084]]]},"properties":{"p":"0230124700","o":"DBI LAND COMPANY LLC","a":"0  SADDLEBROOK DR","d":"WALNUT TOWNSHIP LOCAL SCHOOL DISTRICT","t":688.12,"l":"500: Res-Vacant Land","c":0}},{"type":"Feature","geometry":{"type":"Polygon","coordinates":[[[-82.689991,39.903816],[-82.690004,39.90366],[-82.69083,39.903857],[-82.689991,39.903816]]]},"properties":{"p":"0220115400","o":"SOLLIE ROBERT C & FRANCES A","a":"0  WOODBRIDGE LN","d":"PICKERINGTON LOCAL SCHOOL DISTRICT","t":12944.75,"l":"500: Res-Vacant Land","c":0}},{"type":"Feature","geometry":{"type":"Polygon","coordinates":[[[-82.697677,39.869849],[-82.697778,39.868651],[-82.698661,39.868702],[-82.698559,39.869923],[-82.697677,39.869849]]]},"properties":{"p":"0220099730","o":"DURAN JORGE L","a":"5769  REYNOLDSBURG-BALTIMORE RD","d":"PICKERINGTON LOCAL SCHOOL DISTRICT","t":617.23,"l":"511: Res-Custom Code","c":0}},{"type":"Feature","geometry":{"type":"Polygon","coordinates":[[[-82.696688,39.875945],[-82.696767,39.87497],[-82.697203,39.874995],[-82.697123,39.87597],[-82.696688,39.875945]]]},"properties":{"p":"0220099720","o":"COOPER ALLEN B & WITRYK TYLER","a":"0  BICKEL CHURCH RD","d":"PICKERINGTON LOCAL SCHOOL DISTRICT","t":233.4,"l":"599: Res-Other","c":0}},{"type":"Feature","geometry":{"type":"Polygon","coordinates":[[[-82.692305,39.901497],[-82.692075,39.901486],[-82.692105,39.9011],[-82.692336,39.901111],[-82.692305,39.901497]]]},"properties":{"p":"0220096810","o":"TURNER CAROL","a":"0  WOODBRIDGE LN","d":"PICKERINGTON LOCAL SCHOOL DISTRICT","t":5394.02,"l":"599: Res-Other","c":0}},{"type":"Feature","geometry":{"type":"Polygon","coordinates":[[[-82.685481,39.877276],[-82.685512,39.876887],[-82.686758,39.876947],[-82.686878,39.875474],[-82.687944,39.875533],[-82.687824,39.876999],[-82.687894,39.877002],[-82.687809,39.878043],[-82.68543,39.877928],[-82.685481,39.877276]]]},"properties":{"p":"0210101700","o":"O-3 LLC","a":"5300  BICKEL CHURCH RD  BALTIMORE 43105","d":"PICKERINGTON LOCAL SCHOOL DISTRICT","t":116.83,"l":"599: Res-Other","c":0}},{"type":"Feature","geometry":{"type":"Polygon","coordinates":[[[-82.64085,39.913955],[-82.641071,39.911036],[-82.644308,39.911179],[-82.64436,39.910494],[-82.648726,39.910709],[-82.648348,39.916219],[-82.647411,39.916857],[-82.645872,39.916776],[-82.646025,39.915248],[-82.64085,39.913955]]]},"properties":{"p":"0210090000","o":"SMITH CATHY A","a":"12725  SNYDER CHURCH RD  BALTIMORE 43105","d":"LIBERTY UNION-THURSTON LOCAL SCHOOL DISTRICT","t":414.57,"l":"111: Agr-CAUV-Cash-Grain Farm","c":0}},{"type":"Feature","geometry":{"type":"Polygon","coordinates":[[[-82.615403,39.828069],[-82.615445,39.827452],[-82.617294,39.827513],[-82.617252,39.82813],[-82.615403,39.828069]]]},"properties":{"p":"0210082350","o":"LAFLIN ROBERT A","a":"1455  LEONARD RD  BALTIMORE 43105","d":"LIBERTY UNION-THURSTON LOCAL SCHOOL DISTRICT","t":302.38,"l":"511: Res-Custom Code","c":0}},{"type":"Feature","geometry":{"type":"Polygon","coordinates":[[[-82.641094,39.814453],[-82.641326,39.814463],[-82.641116,39.814509],[-82.641094,39.814453]]]},"properties":{"p":"0210079220","o":"LIMBERT STEVEN R & HEIDI M SURV","a":"0  PLEASANTVILLE RD  BALTIMORE 43105","d":"LIBERTY UNION-THURSTON LOCAL SCHOOL DISTRICT","t":23.96,"l":"501: Res-Custom Code","c":0}},{"type":"Feature","geometry":{"type":"Polygon","coordinates":[[[-82.689766,39.867914],[-82.689777,39.867728],[-82.690464,39.867765],[-82.690453,39.867952],[-82.689766,39.867914]]]},"properties":{"p":"0210059100","o":"MAXWELL JANAE M","a":"9474  STOUDERTOWN RD  BALTIMORE 43105","d":"LIBERTY UNION-THURSTON LOCAL SCHOOL DISTRICT","t":2219.21,"l":"511: Res-Custom Code","c":0}},{"type":"Feature","geometry":{"type":"Polygon","coordinates":[[[-82.67372,39.864341],[-82.67372,39.86413],[-82.674135,39.864157],[-82.67411,39.864585],[-82.673718,39.864368],[-82.67372,39.864341]]]},"properties":{"p":"0210054200","o":"PICCIRILLO DAVID JR","a":"0  REYNOLDSBURG-BALTIMORE RD  BALTIMORE 43105","d":"LIBERTY UNION-THURSTON LOCAL SCHOOL DISTRICT","t":21.74,"l":"100: Agr-Vacant Land","c":0}},{"type":"Feature","geometry":{"type":"Polygon","coordinates":[[[-82.660275,39.872816],[-82.660348,39.872376],[-82.661544,39.872507],[-82.661493,39.873221],[-82.660459,39.873123],[-82.66044,39.872907],[-82.660275,39.872816]]]},"properties":{"p":"0210051900","o":"FEATHERINGHAM KASSIDY ARDEN","a":"9928  HEIMBERGER RD","d":"LIBERTY UNION-THURSTON LOCAL SCHOOL DISTRICT","t":4514,"l":"511: Res-Custom Code","c":0}},{"type":"Feature","geometry":{"type":"Polygon","coordinates":[[[-82.641415,39.895024],[-82.641429,39.894832],[-82.642413,39.894886],[-82.642433,39.894612],[-82.643225,39.894656],[-82.643173,39.895444],[-82.641391,39.895351],[-82.641415,39.895024]]]},"properties":{"p":"0210034100","o":"REEF ADAM G","a":"11485  SNYDER CHURCH RD","d":"LIBERTY UNION-THURSTON LOCAL SCHOOL DISTRICT","t":2486.66,"l":"511: Res-Custom Code","c":0}},{"type":"Feature","geometry":{"type":"Polygon","coordinates":[[[-82.694355,39.928376],[-82.693814,39.92835],[-82.693868,39.927665],[-82.694409,39.927691],[-82.694355,39.928376]]]},"properties":{"p":"0200020100","o":"WRIGHT TRISTA","a":"5806  BLACKLICK-EASTERN RD","d":"SOUTHWEST LICKING LOCAL SCHOOL DISTRICT","t":1186.47,"l":"511: Res-Custom Code","c":0}},{"type":"Feature","geometry":{"type":"Polygon","coordinates":[[[-82.679808,39.912045],[-82.679344,39.911915],[-82.679154,39.911807],[-82.678914,39.911289],[-82.679935,39.910595],[-82.679808,39.912045]]]},"properties":{"p":"0200017000","o":"OESTERLING JUDY G","a":"12435  MAUGER RD","d":"SOUTHWEST LICKING LOCAL SCHOOL DISTRICT","t":5992.08,"l":"511: Res-Custom Code","c":0}},{"type":"Feature","geometry":{"type":"Polygon","coordinates":[[[-82.672186,39.824039],[-82.672235,39.823489],[-82.674618,39.823608],[-82.674571,39.824163],[-82.672186,39.824039]]]},"properties":{"p":"0190002230","o":"SEDLAK STEPHEN AJ","a":"6496  HAVENSPORT RD","d":"BLOOM CARROLL LOCAL SCHOOL DISTRICT","t":5779.46,"l":"501: Res-Custom Code","c":0}},{"type":"Feature","geometry":{"type":"Polygon","coordinates":[[[-82.664866,39.699428],[-82.66492,39.698705],[-82.666322,39.698776],[-82.66627,39.699501],[-82.664866,39.699428]]]},"properties":{"p":"0180802000","o":"TRIN LUTH CH GREIN-MOND CE","a":"0  CRUMLEY RD","d":"LANCASTER CITY SCHOOL DISTRICT","t":2.4,"l":"690: Exm-Graveyards","c":0}},{"type":"Feature","geometry":{"type":"Polygon","coordinates":[[[-82.611286,39.652074],[-82.611308,39.650669],[-82.611415,39.650669],[-82.611524,39.650504],[-82.612146,39.650482],[-82.612573,39.649635],[-82.613499,39.648532],[-82.614359,39.648566],[-82.614041,39.652182],[-82.611286,39.652074]]]},"properties":{"p":"0180098800","o":"MAUGER KEITH A & M SUSAN","a":"395  BLUE VALLEY RD","d":"LANCASTER CITY SCHOOL DISTRICT","t":2590.5,"l":"101: Agr-Cash-Grain Farm","c":0}},{"type":"Feature","geometry":{"type":"Polygon","coordinates":[[[-82.660708,39.653255],[-82.660722,39.653059],[-82.661649,39.653096],[-82.661611,39.653544],[-82.660691,39.653506],[-82.660708,39.653255]]]},"properties":{"p":"0180091800","o":"LAMP DAVID S","a":"5035  HOPEWELL CHURCH RD","d":"LANCASTER CITY SCHOOL DISTRICT","t":2052.99,"l":"511: Res-Custom Code","c":0}},{"type":"Feature","geometry":{"type":"Polygon","coordinates":[[[-82.677665,39.66461],[-82.677692,39.664282],[-82.67849,39.664317],[-82.678463,39.664645],[-82.677665,39.66461]]]},"properties":{"p":"0180086100","o":"KERENS SUE A & CARRIE S SURV","a":"4370  DELMONT RD","d":"LANCASTER CITY SCHOOL DISTRICT","t":1325.75,"l":"511: Res-Custom Code","c":0}},{"type":"Feature","geometry":{"type":"Polygon","coordinates":[[[-82.6411,39.667735],[-82.641129,39.66739],[-82.641498,39.667569],[-82.641384,39.667745],[-82.6411,39.667735]]]},"properties":{"p":"0180080600","o":"BOYD WAYLON M & ELIZABETH R SURV","a":"1980  HAMBURG RD  LANCASTER 43130","d":"LANCASTER CITY SCHOOL DISTRICT","t":228.91,"l":"561: Res-Custom Code","c":0}},{"type":"Feature","geometry":{"type":"Polygon","coordinates":[[[-82.640683,39.667721],[-82.640986,39.667321],[-82.641129,39.66739],[-82.6411,39.667735],[-82.640683,39.667721]]]},"properties":{"p":"0180077200","o":"BOYD WAYLON M & ELIZABETH R SURV","a":"0  HAMBURG RD  LANCASTER 43130","d":"LANCASTER CITY SCHOOL DISTRICT","t":3.01,"l":"501: Res-Custom Code","c":0}},{"type":"Feature","geometry":{"type":"Polygon","coordinates":[[[-82.603643,39.666459],[-82.603644,39.66644],[-82.608075,39.666639],[-82.607934,39.666892],[-82.607533,39.666939],[-82.607083,39.667216],[-82.606827,39.667219],[-82.606715,39.66733],[-82.603598,39.667158],[-82.603643,39.666459]]]},"properties":{"p":"0180071600","o":"MAUGER KEITH A & MARY SUSAN","a":"3950  B.I.S. RD  LANCASTER 43130","d":"LANCASTER CITY SCHOOL DISTRICT","t":243.18,"l":"599: Res-Other","c":0}},{"type":"Feature","geometry":{"type":"Polygon","coordinates":[[[-82.603524,39.668384],[-82.603532,39.668201],[-82.605758,39.668323],[-82.605137,39.668814],[-82.604947,39.669111],[-82.605023,39.669168],[-82.604968,39.669212],[-82.604405,39.669599],[-82.603452,39.670038],[-82.603524,39.668384]]]},"properties":{"p":"0180071600","o":"MAUGER KEITH A & MARY SUSAN","a":"3950  B.I.S. RD  LANCASTER 43130","d":"LANCASTER CITY SCHOOL DISTRICT","t":243.18,"l":"599: Res-Other","c":0}},{"type":"Feature","geometry":{"type":"Polygon","coordinates":[[[-82.650219,39.690435],[-82.65241,39.690565],[-82.651075,39.691311],[-82.650219,39.690435]]]},"properties":{"p":"0180055400","o":"NGUYEN CAM N","a":"0  CINCINNATI-ZANESVILLE RD  LANCASTER 43130","d":"LANCASTER CITY SCHOOL DISTRICT","t":301.87,"l":"501: Res-Custom Code","c":0}},{"type":"Feature","geometry":{"type":"Polygon","coordinates":[[[-82.623854,39.681841],[-82.624795,39.681869],[-82.62468,39.684009],[-82.624497,39.684046],[-82.623854,39.681841]]]},"properties":{"p":"0180052300","o":"MARTIN DOUGLAS EDWARD & MARK ALLEN","a":"0  HAMBURG RD","d":"LANCASTER CITY SCHOOL DISTRICT","t":163.92,"l":"501: Res-Custom Code","c":0}},{"type":"Feature","geometry":{"type":"Polygon","coordinates":[[[-82.621635,39.696339],[-82.621078,39.696307],[-82.621404,39.693002],[-82.623426,39.693345],[-82.623415,39.693501],[-82.622541,39.693377],[-82.622491,39.694908],[-82.6216,39.694784],[-82.621594,39.695537],[-82.623353,39.695741],[-82.623347,39.695841],[-82.622284,39.695707],[-82.621671,39.695602],[-82.621635,39.696339]]]},"properties":{"p":"0180051100","o":"FOX WILLIAM F","a":"0  BOVING RD  LANCASTER 43130","d":"LANCASTER CITY SCHOOL DISTRICT","t":269.4,"l":"110: Agr-CAUV-Vacant Land","c":0}},{"type":"Feature","geometry":{"type":"Polygon","coordinates":[[[-82.623878,39.691762],[-82.623161,39.691258],[-82.622787,39.691211],[-82.621662,39.690392],[-82.624144,39.690532],[-82.624059,39.691131],[-82.623878,39.691762]]]},"properties":{"p":"0180049800","o":"FAUBLE LOY E JR","a":"2370  BOVING RD","d":"LANCASTER CITY SCHOOL DISTRICT","t":329.31,"l":"511: Res-Custom Code","c":0}},{"type":"Feature","geometry":{"type":"Polygon","coordinates":[[[-82.624169,39.690175],[-82.622959,39.690102],[-82.622968,39.689828],[-82.624169,39.689901],[-82.624169,39.690175]]]},"properties":{"p":"0180049700","o":"RHOADES WILLIAM O","a":"0  BOVING RD  LANCASTER 43130","d":"LANCASTER CITY SCHOOL DISTRICT","t":936.65,"l":"599: Res-Other","c":0}},{"type":"Feature","geometry":{"type":"Polygon","coordinates":[[[-82.630711,39.684435],[-82.630254,39.684418],[-82.630296,39.683732],[-82.630754,39.683749],[-82.630711,39.684435]]]},"properties":{"p":"0180045600","o":"GRABANS JOHN L (AKA JOHN GRABINS)","a":"0  BOVING RD","d":"LANCASTER CITY SCHOOL DISTRICT","t":228.32,"l":"501: Res-Custom Code","c":0}},{"type":"Feature","geometry":{"type":"Polygon","coordinates":[[[-82.629181,39.683216],[-82.629171,39.683244],[-82.628111,39.68319],[-82.628118,39.683157],[-82.629181,39.683216]]]},"properties":{"p":"0180044800","o":"SMITH JAMES C JR & CHRISTINA A SURV","a":"0  BOVING RD","d":"LANCASTER CITY SCHOOL DISTRICT","t":54.66,"l":"501: Res-Custom Code","c":0}},{"type":"Feature","geometry":{"type":"Polygon","coordinates":[[[-82.609445,39.689862],[-82.609717,39.689579],[-82.610788,39.690001],[-82.610419,39.690318],[-82.609394,39.689914],[-82.609445,39.689862]]]},"properties":{"p":"0180040420","o":"YATES EVELYN B","a":"395  HAMBURG RD","d":"LANCASTER CITY SCHOOL DISTRICT","t":475.07,"l":"561: Res-Custom Code","c":0}},{"type":"Feature","geometry":{"type":"Polygon","coordinates":[[[-82.620524,39.692853],[-82.620802,39.691878],[-82.622848,39.692179],[-82.622558,39.693198],[-82.620524,39.692853]]]},"properties":{"p":"0180040110","o":"FOX WILLIAM F","a":"2200  BOVING RD","d":"LANCASTER CITY SCHOOL DISTRICT","t":2277.6,"l":"511: Res-Custom Code","c":0}},{"type":"Feature","geometry":{"type":"Polygon","coordinates":[[[-82.616126,39.694808],[-82.61626,39.692306],[-82.618481,39.692385],[-82.618519,39.691542],[-82.620802,39.691878],[-82.620524,39.692853],[-82.621404,39.693002],[-82.621078,39.696307],[-82.616058,39.696136],[-82.616126,39.694808]]]},"properties":{"p":"0180040100","o":"FOX WILLIAM F","a":"2042  BOVING RD  LANCASTER 43130","d":"LANCASTER CITY SCHOOL DISTRICT","t":4261.95,"l":"111: Agr-CAUV-Cash-Grain Farm","c":0}},{"type":"Feature","geometry":{"type":"Polygon","coordinates":[[[-82.638785,39.6983],[-82.639369,39.697963],[-82.639419,39.698666],[-82.638742,39.698757],[-82.638785,39.6983]]]},"properties":{"p":"0180030710","o":"BROWN SCOTT L","a":"2003  CRUMLEY RD  LANCASTER 43130","d":"LANCASTER CITY SCHOOL DISTRICT","t":1158.78,"l":"511: Res-Custom Code","c":0}},{"type":"Feature","geometry":{"type":"Polygon","coordinates":[[[-82.691206,39.679677],[-82.690935,39.679886],[-82.690405,39.679442],[-82.690646,39.679255],[-82.691206,39.679677]]]},"properties":{"p":"0170010800","o":"CLEVENGER VELMA","a":"3370  CHILLICOTHE-LANCASTER RD","d":"AMANDA-CLEARCREEK LOCAL SCHOOL DISTRICT","t":1963.66,"l":"511: Res-Custom Code","c":0}},{"type":"Feature","geometry":{"type":"Polygon","coordinates":[[[-82.706919,39.701066],[-82.706629,39.701051],[-82.706701,39.700324],[-82.706986,39.70034],[-82.706919,39.701066]]]},"properties":{"p":"0170006100","o":"PENHORWOOD AMANDA","a":"5545  CRUMLEY RD","d":"AMANDA-CLEARCREEK LOCAL SCHOOL DISTRICT","t":1573.71,"l":"511: Res-Custom Code","c":0}},{"type":"Feature","geometry":{"type":"Polygon","coordinates":[[[-82.702076,39.798717],[-82.702015,39.79869],[-82.702026,39.798663],[-82.702076,39.798717]]]},"properties":{"p":"0160127800","o":"MCKINNEY JEFFREY C","a":"0 E CANAL ST","d":"BLOOM CARROLL LOCAL SCHOOL DISTRICT","t":58.34,"l":"400: Com-Vacant Land","c":0}},{"type":"Feature","geometry":{"type":"Polygon","coordinates":[[[-82.647703,39.748884],[-82.647708,39.74881],[-82.651703,39.748999],[-82.651623,39.74989],[-82.647637,39.749715],[-82.647703,39.748884]]]},"properties":{"p":"0148098910","o":"NEW LIFE CHRISTIAN CENTER CHURCH","a":"0  COLUMBUS-LANCASTER RD","d":"LANCASTER CITY SCHOOL DISTRICT","t":2.4,"l":"685: Exm-Public Woship","c":0}},{"type":"Feature","geometry":{"type":"Polygon","coordinates":[[[-82.705044,39.748152],[-82.70476,39.748194],[-82.704808,39.747626],[-82.705095,39.747641],[-82.705044,39.748152]]]},"properties":{"p":"0140802500","o":"HOPEWELL CHURCH","a":"5435  LITHOPOLIS RD","d":"LANCASTER CITY SCHOOL DISTRICT","t":2.4,"l":"685: Exm-Public Woship","c":0}},{"type":"Feature","geometry":{"type":"Polygon","coordinates":[[[-82.708355,39.746266],[-82.708491,39.745738],[-82.707941,39.745481],[-82.707084,39.745159],[-82.707384,39.744426],[-82.7086,39.744803],[-82.709794,39.746178],[-82.708957,39.74618],[-82.708948,39.746386],[-82.708355,39.746266]]]},"properties":{"p":"0140106380","o":"ELSASS THOMAS C & BARBARA V","a":"1069  MT ZION RD  LANCASTER 43130","d":"LANCASTER CITY SCHOOL DISTRICT","t":1177.54,"l":"500: Res-Vacant Land","c":0}},{"type":"Feature","geometry":{"type":"Polygon","coordinates":[[[-82.71091,39.748819],[-82.710752,39.748761],[-82.708973,39.748417],[-82.709084,39.747724],[-82.708452,39.747703],[-82.707997,39.74766],[-82.708355,39.746266],[-82.708948,39.746386],[-82.708957,39.74618],[-82.709794,39.746178],[-82.710071,39.746383],[-82.710527,39.74657],[-82.710793,39.746718],[-82.710794,39.74684],[-82.710185,39.746805],[-82.710568,39.747228],[-82.710658,39.74755],[-82.710905,39.747976],[-82.710635,39.748155],[-82.71091,39.748819]]]},"properties":{"p":"0140106370","o":"ROCKMILL BREWERY ACQUISITION CO LLC","a":"5703  LITHOPOLIS RD","d":"LANCASTER CITY SCHOOL DISTRICT","t":5550.87,"l":"512: Res-Custom Code","c":0}},{"type":"Feature","geometry":{"type":"Polygon","coordinates":[[[-82.662547,39.747515],[-82.662445,39.747424],[-82.6655,39.747687],[-82.66905,39.748033],[-82.662547,39.747515]]]},"properties":{"p":"0140104000","o":"RIDENOUR KENTON F & RIDENOUR KENTON D SURV","a":"0  CAMP GROUND RD","d":"LANCASTER CITY SCHOOL DISTRICT","t":2.4,"l":"100: Agr-Vacant Land","c":0}},{"type":"Feature","geometry":{"type":"Polygon","coordinates":[[[-82.658598,39.752962],[-82.658802,39.75062],[-82.662486,39.750819],[-82.66444,39.753271],[-82.658598,39.752962]]]},"properties":{"p":"0140103500","o":"PAI PROPERTIES LLC","a":"3240  OLD COLUMBUS RD  CARROLL 43112","d":"LANCASTER CITY SCHOOL DISTRICT","t":11095.97,"l":"499: Com-Other","c":0}},{"type":"Feature","geometry":{"type":"Polygon","coordinates":[[[-82.660347,39.746725],[-82.6603,39.746628],[-82.660594,39.746651],[-82.660756,39.747032],[-82.660826,39.747039],[-82.660955,39.747353],[-82.660597,39.74732],[-82.660347,39.746725]]]},"properties":{"p":"0140102200","o":"BROWN DAVID E & TIFFANY L SURV","a":"3145  LITHOPOLIS RD","d":"LANCASTER CITY SCHOOL DISTRICT","t":3258.27,"l":"511: Res-Custom Code","c":0}},{"type":"Feature","geometry":{"type":"Polygon","coordinates":[[[-82.668607,39.758065],[-82.666273,39.757952],[-82.666339,39.757202],[-82.667661,39.757262],[-82.667897,39.757472],[-82.668047,39.757373],[-82.668607,39.758065]]]},"properties":{"p":"0130809000","o":"GREENFIELD CEMETERY ASSOC","a":"3550  COLUMBUS-LANCASTER RD","d":"BLOOM CARROLL LOCAL SCHOOL DISTRICT","t":2.4,"l":"690: Exm-Graveyards","c":0}},{"type":"Feature","geometry":{"type":"Polygon","coordinates":[[[-82.696813,39.804741],[-82.696104,39.8047],[-82.696153,39.804152],[-82.696863,39.804193],[-82.696813,39.804741]]]},"properties":{"p":"0130089900","o":"WOODGERD JACOB J","a":"5150  BONITA PL  CARROLL 43112","d":"BLOOM CARROLL LOCAL SCHOOL DISTRICT","t":778.91,"l":"510: Res-Single Family","c":0}},{"type":"Feature","geometry":{"type":"Polygon","coordinates":[[[-82.616516,39.760962],[-82.616517,39.760773],[-82.617042,39.760887],[-82.617068,39.760914],[-82.617029,39.760949],[-82.616912,39.760976],[-82.616516,39.760962]]]},"properties":{"p":"0130073000","o":"PEDGE BARNABY NATHAN TYLER","a":"0  VALLEY VIEW DR","d":"BLOOM CARROLL LOCAL SCHOOL DISTRICT","t":2269.24,"l":"500: Res-Vacant Land","c":0}},{"type":"Feature","geometry":{"type":"Polygon","coordinates":[[[-82.616179,39.760946],[-82.616183,39.76074],[-82.616517,39.760773],[-82.616516,39.760962],[-82.616179,39.760946]]]},"properties":{"p":"0130072900","o":"PEDGE BARNABY NATHAN TYLER","a":"0  VALLEY VIEW DR","d":"BLOOM CARROLL LOCAL SCHOOL DISTRICT","t":1654.74,"l":"500: Res-Vacant Land","c":0}},{"type":"Feature","geometry":{"type":"Polygon","coordinates":[[[-82.615827,39.760746],[-82.616183,39.76074],[-82.616179,39.760946],[-82.615824,39.760929],[-82.615788,39.760914],[-82.615748,39.760874],[-82.615741,39.760824],[-82.615767,39.760778],[-82.615827,39.760746]]]},"properties":{"p":"0130072800","o":"PEDGE BARNABY NATHAN TYLER","a":"0  VALLEY VIEW DR","d":"BLOOM CARROLL LOCAL SCHOOL DISTRICT","t":1544.15,"l":"500: Res-Vacant Land","c":0}},{"type":"Feature","geometry":{"type":"Polygon","coordinates":[[[-82.668491,39.756696],[-82.666685,39.75429],[-82.666654,39.754304],[-82.665429,39.752672],[-82.6661,39.752255],[-82.669092,39.754528],[-82.669813,39.755118],[-82.670531,39.755809],[-82.671417,39.756858],[-82.668491,39.756696]]]},"properties":{"p":"0130067900","o":"WACKER PAUL W II & BERGERON HEIDI J & WACKER JAMES T","a":"0  OLD COLUMBUS RD","d":"BLOOM CARROLL LOCAL SCHOOL DISTRICT","t":1726.75,"l":"100: Agr-Vacant Land","c":0}},{"type":"Feature","geometry":{"type":"Polygon","coordinates":[[[-82.617152,39.765314],[-82.617161,39.765175],[-82.618723,39.765246],[-82.61874,39.764974],[-82.621246,39.765087],[-82.621218,39.765618],[-82.617144,39.765434],[-82.617152,39.765314]]]},"properties":{"p":"0130058700","o":"BURNSIDE ERIC & JEANA SURV","a":"2751  LANCASTER-KIRKERSVILLE RD  LANCASTER 43130","d":"BLOOM CARROLL LOCAL SCHOOL DISTRICT","t":1613.5,"l":"511: Res-Custom Code","c":0}},{"type":"Feature","geometry":{"type":"Polygon","coordinates":[[[-82.636139,39.767275],[-82.634963,39.767221],[-82.635041,39.766266],[-82.636282,39.766255],[-82.636808,39.765539],[-82.636963,39.765216],[-82.636802,39.767305],[-82.636139,39.767275]]]},"properties":{"p":"0130057611","o":"BIGHAM LINDA K","a":"2052  RAINBOW DR  LANCASTER 43130","d":"BLOOM CARROLL LOCAL SCHOOL DISTRICT","t":212.15,"l":"511: Res-Custom Code","c":0}},{"type":"Feature","geometry":{"type":"Polygon","coordinates":[[[-82.63444,39.767197],[-82.634531,39.765432],[-82.636725,39.765535],[-82.636977,39.76501],[-82.636963,39.765216],[-82.636808,39.765539],[-82.636282,39.766255],[-82.635041,39.766266],[-82.634963,39.767221],[-82.63444,39.767197]]]},"properties":{"p":"0130057610","o":"BIGHAM LINDA K","a":"2040  RAINBOW DR  LANCASTER 43130","d":"BLOOM CARROLL LOCAL SCHOOL DISTRICT","t":349.06,"l":"511: Res-Custom Code","c":0}},{"type":"Feature","geometry":{"type":"Polygon","coordinates":[[[-82.671075,39.759585],[-82.671311,39.756853],[-82.671417,39.756858],[-82.673227,39.758431],[-82.672829,39.758681],[-82.672956,39.758943],[-82.67203,39.75913],[-82.672019,39.759207],[-82.671534,39.759159],[-82.671075,39.759585]]]},"properties":{"p":"0130053400","o":"WACKER PAUL W II & BERGERON HEIDI J & WACKER JAMES T","a":"0  OLD COLUMBUS RD","d":"BLOOM CARROLL LOCAL SCHOOL DISTRICT","t":1416.64,"l":"100: Agr-Vacant Land","c":0}},{"type":"Feature","geometry":{"type":"Polygon","coordinates":[[[-82.704078,39.774496],[-82.704176,39.773214],[-82.704719,39.773246],[-82.705834,39.774624],[-82.704078,39.774496]]]},"properties":{"p":"0130047811","o":"THOMPSON MICHAEL SCOTT & WOLFE LISA K & TERRANCE A II","a":"3045  CARROLL-SOUTHERN RD","d":"BLOOM CARROLL LOCAL SCHOOL DISTRICT","t":2306.82,"l":"511: Res-Custom Code","c":0}},{"type":"Feature","geometry":{"type":"Polygon","coordinates":[[[-82.64135,39.772245],[-82.641488,39.770501],[-82.642058,39.770525],[-82.642107,39.769801],[-82.642679,39.769825],[-82.64263,39.770549],[-82.642238,39.770532],[-82.642096,39.772273],[-82.64135,39.772245]]]},"properties":{"p":"0130044220","o":"SHACKELFORD ELLEN","a":"2322  COONPATH RD  LANCASTER 43130","d":"BLOOM CARROLL LOCAL SCHOOL DISTRICT","t":1009.93,"l":"511: Res-Custom Code","c":0}},{"type":"Feature","geometry":{"type":"Polygon","coordinates":[[[-82.646042,39.772813],[-82.646083,39.77221],[-82.647855,39.772282],[-82.647961,39.772518],[-82.64663,39.773423],[-82.646036,39.772903],[-82.646042,39.772813]]]},"properties":{"p":"0130039508","o":"GREENFIELD TOWNSHIP","a":"3245  HAVENSPORT RD  CARROLL 43112","d":"BLOOM CARROLL LOCAL SCHOOL DISTRICT","t":2.4,"l":"630: Exm-Township","c":0}},{"type":"Feature","geometry":{"type":"Polygon","coordinates":[[[-82.596835,39.788188],[-82.596845,39.787989],[-82.598646,39.788048],[-82.598621,39.78852],[-82.596821,39.788461],[-82.596835,39.788188]]]},"properties":{"p":"0130029220","o":"JAMESON TODD M & CLARISSA R SURV","a":"4321  STRINGTOWN RD  LANCASTER 43130","d":"BLOOM CARROLL LOCAL SCHOOL DISTRICT","t":4147.76,"l":"511: Res-Custom Code","c":0}},{"type":"Feature","geometry":{"type":"Polygon","coordinates":[[[-82.705479,39.795267],[-82.70516,39.794937],[-82.70599,39.79446],[-82.706308,39.79479],[-82.705479,39.795267]]]},"properties":{"p":"0130015308","o":"2K LTD","a":"4485  CARROLL CEMETERY RD","d":"BLOOM CARROLL LOCAL SCHOOL DISTRICT","t":3157.77,"l":"420: Com-Retail-Small","c":0}},{"type":"Feature","geometry":{"type":"Polygon","coordinates":[[[-82.834954,39.603741],[-82.834959,39.603658],[-82.835062,39.603663],[-82.835057,39.603745],[-82.834954,39.603741]]]},"properties":{"p":"0120125000","o":"BARNES JOSHUA","a":"180  DRIVEWAY","d":"AMANDA-CLEARCREEK LOCAL SCHOOL DISTRICT","t":187.29,"l":"599: Res-Other","c":0}},{"type":"Feature","geometry":{"type":"Polygon","coordinates":[[[-82.834891,39.603738],[-82.834896,39.603655],[-82.834959,39.603658],[-82.834954,39.603741],[-82.834891,39.603738]]]},"properties":{"p":"0120124910","o":"BOBB MICHAEL","a":"179  DRIVEWAY","d":"AMANDA-CLEARCREEK LOCAL SCHOOL DISTRICT","t":2.69,"l":"599: Res-Other","c":0}},{"type":"Feature","geometry":{"type":"Polygon","coordinates":[[[-82.834011,39.603923],[-82.834019,39.60384],[-82.834126,39.603847],[-82.834118,39.603929],[-82.834011,39.603923]]]},"properties":{"p":"0120123600","o":"BOBB ARLIE & MICHAEL","a":"158  DRIVEWAY","d":"AMANDA-CLEARCREEK LOCAL SCHOOL DISTRICT","t":1.23,"l":"599: Res-Other","c":0}},{"type":"Feature","geometry":{"type":"Polygon","coordinates":[[[-82.833895,39.604223],[-82.833789,39.604216],[-82.833793,39.604175],[-82.833899,39.604182],[-82.833895,39.604223]]]},"properties":{"p":"0120121100","o":"BURNSIDE FANNIE","a":"133  DRIVEWAY","d":"AMANDA-CLEARCREEK LOCAL SCHOOL DISTRICT","t":60.22,"l":"599: Res-Other","c":0}},{"type":"Feature","geometry":{"type":"Polygon","coordinates":[[[-82.833899,39.604182],[-82.833793,39.604175],[-82.833797,39.604134],[-82.833903,39.604141],[-82.833899,39.604182]]]},"properties":{"p":"0120121000","o":"BURNSIDE FANNIE A","a":"132  DRIVEWAY","d":"AMANDA-CLEARCREEK LOCAL SCHOOL DISTRICT","t":44.56,"l":"599: Res-Other","c":0}},{"type":"Feature","geometry":{"type":"Polygon","coordinates":[[[-82.833958,39.603632],[-82.833852,39.603625],[-82.833856,39.603584],[-82.833962,39.603591],[-82.833958,39.603632]]]},"properties":{"p":"0120119900","o":"LANDERS PATRICIA","a":"119  DRIVEWAY","d":"AMANDA-CLEARCREEK LOCAL SCHOOL DISTRICT","t":314.52,"l":"599: Res-Other","c":0}},{"type":"Feature","geometry":{"type":"Polygon","coordinates":[[[-82.440162,39.761348],[-82.440263,39.761024],[-82.440562,39.761041],[-82.440535,39.76137],[-82.440162,39.761348]]]},"properties":{"p":"0310047500","o":"FOSTER JOHN ALLEN","a":"0  CINCINNATI-ZANESVILLE RD","d":"FAIRFIELD UNION LOCAL SCHOOL DISTRICT","t":1419.82,"l":"501: Res-Custom Code","c":0}},{"type":"Feature","geometry":{"type":"Polygon","coordinates":[[[-82.466599,39.757437],[-82.466622,39.75743],[-82.466679,39.75759],[-82.463164,39.75869],[-82.463182,39.758507],[-82.466599,39.757437]]]},"properties":{"p":"0310039920","o":"STATE OF OHIO DEPARTMENT OF TRANSPORTATION","a":"0  CINCINNATI-ZANESVILLE RD","d":"FAIRFIELD UNION LOCAL SCHOOL DISTRICT","t":44.53,"l":"650: Exm-Board of Education","c":0}},{"type":"Feature","geometry":{"type":"Polygon","coordinates":[[[-82.431191,39.763262],[-82.431008,39.763253],[-82.431025,39.763066],[-82.431208,39.763075],[-82.431191,39.763262]]]},"properties":{"p":"0320054300","o":"BARNE VERNON & MILDRED","a":"0  MARKET ST","d":"FAIRFIELD UNION LOCAL SCHOOL DISTRICT","t":290.23,"l":"501: Res-Custom Code","c":0}},{"type":"Feature","geometry":{"type":"Polygon","coordinates":[[[-82.425483,39.765344],[-82.425507,39.765037],[-82.425922,39.765056],[-82.425898,39.765363],[-82.425483,39.765344]]]},"properties":{"p":"0320066400","o":"HYME PATRICK","a":"3308  OAK LEAF LN  BREMEN 43107","d":"FAIRFIELD UNION LOCAL SCHOOL DISTRICT","t":2346.07,"l":"510: Res-Single Family","c":0}},{"type":"Feature","geometry":{"type":"Polygon","coordinates":[[[-82.446667,39.764431],[-82.446448,39.764497],[-82.446236,39.764074],[-82.446455,39.764009],[-82.446667,39.764431]]]},"properties":{"p":"0330066400","o":"HOLDREN PHILLIP & KERI","a":"7712  MAIN ST  WEST RUSHVILLE 43150","d":"FAIRFIELD UNION LOCAL SCHOOL DISTRICT","t":1998.36,"l":"510: Res-Single Family","c":0}},{"type":"Feature","geometry":{"type":"Polygon","coordinates":[[[-82.45204,39.762825],[-82.451865,39.762878],[-82.451653,39.762455],[-82.451828,39.762403],[-82.45204,39.762825]]]},"properties":{"p":"0330074000","o":"FARMER DERRICK C & ASHLEY E SURV","a":"7462  MAIN ST  LANCASTER 43130","d":"FAIRFIELD UNION LOCAL SCHOOL DISTRICT","t":568.12,"l":"510: Res-Single Family","c":0}},{"type":"Feature","geometry":{"type":"Polygon","coordinates":[[[-82.452073,39.762815],[-82.45204,39.762825],[-82.451828,39.762403],[-82.451861,39.762393],[-82.452073,39.762815]]]},"properties":{"p":"0330074100","o":"FARMER DERRICK C & ASHLEY E SURV","a":"0  MAIN ST","d":"FAIRFIELD UNION LOCAL SCHOOL DISTRICT","t":228.67,"l":"500: Res-Vacant Land","c":0}},{"type":"Feature","geometry":{"type":"Polygon","coordinates":[[[-82.452215,39.762773],[-82.452073,39.762815],[-82.451861,39.762393],[-82.452003,39.762351],[-82.452215,39.762773]]]},"properties":{"p":"0330074200","o":"MOYER TIMOTHY C","a":"0  MAIN ST  WEST RUSHVILLE 43163","d":"FAIRFIELD UNION LOCAL SCHOOL DISTRICT","t":9.11,"l":"500: Res-Vacant Land","c":0}},{"type":"Feature","geometry":{"type":"Polygon","coordinates":[[[-82.45239,39.762721],[-82.452215,39.762773],[-82.452003,39.762351],[-82.452178,39.762298],[-82.45239,39.762721]]]},"properties":{"p":"0330074300","o":"MOYER TIMOTHY C","a":"7458  MAIN ST  WEST RUSHVILLE 43163","d":"FAIRFIELD UNION LOCAL SCHOOL DISTRICT","t":42.49,"l":"510: Res-Single Family","c":0}},{"type":"Feature","geometry":{"type":"Polygon","coordinates":[[[-82.452565,39.762669],[-82.45239,39.762721],[-82.452178,39.762298],[-82.452353,39.762246],[-82.452565,39.762669]]]},"properties":{"p":"0330074400","o":"MOYER TIMOTHY C","a":"0  MAIN ST  WEST RUSHVILLE 43163","d":"FAIRFIELD UNION LOCAL SCHOOL DISTRICT","t":11.21,"l":"500: Res-Vacant Land","c":0}},{"type":"Feature","geometry":{"type":"Polygon","coordinates":[[[-82.457228,39.740542],[-82.458418,39.739197],[-82.45878,39.739216],[-82.459735,39.739438],[-82.459707,39.739762],[-82.45905,39.739721],[-82.458998,39.740326],[-82.457878,39.740576],[-82.457435,39.741178],[-82.456769,39.740699],[-82.456788,39.740618],[-82.457228,39.740542]]]},"properties":{"p":"0340010200","o":"HEADLEY TERRY L LE RILEY PENNY K & WALLS DESSIE B","a":"7175  TENT CHURCH RD  LANCASTER 43130","d":"FAIRFIELD UNION LOCAL SCHOOL DISTRICT","t":3987.53,"l":"511: Res-Custom Code","c":0}},{"type":"Feature","geometry":{"type":"Polygon","coordinates":[[[-82.459798,39.746251],[-82.459979,39.74437],[-82.461467,39.744465],[-82.461576,39.743328],[-82.462522,39.743385],[-82.462481,39.743837],[-82.462949,39.743863],[-82.462932,39.744044],[-82.463283,39.744063],[-82.463341,39.74343],[-82.467376,39.743677],[-82.468414,39.743537],[-82.469638,39.743583],[-82.469491,39.745118],[-82.469417,39.745593],[-82.469185,39.748308],[-82.459654,39.747757],[-82.459798,39.746251]]]},"properties":{"p":"0340011900","o":"STREITENBERGER CHRIS M & JUNE SURV","a":"6830  TENT CHURCH RD","d":"FAIRFIELD UNION LOCAL SCHOOL DISTRICT","t":3622.55,"l":"111: Agr-CAUV-Cash-Grain Farm","c":0}},{"type":"Feature","geometry":{"type":"Polygon","coordinates":[[[-82.463283,39.744063],[-82.462932,39.744044],[-82.462949,39.743863],[-82.462481,39.743837],[-82.462522,39.743385],[-82.463341,39.74343],[-82.463283,39.744063]]]},"properties":{"p":"0340012000","o":"STREITENBERGER CHRIS M & JUNE SURV","a":"0  TENT CHURCH RD","d":"FAIRFIELD UNION LOCAL SCHOOL DISTRICT","t":21.31,"l":"111: Agr-CAUV-Cash-Grain Farm","c":0}},{"type":"Feature","geometry":{"type":"Polygon","coordinates":[[[-82.42726,39.726405],[-82.426771,39.726015],[-82.427267,39.72561],[-82.427294,39.725277],[-82.428697,39.725379],[-82.429,39.725689],[-82.428918,39.726447],[-82.428222,39.726202],[-82.42747,39.726617],[-82.42726,39.726405]]]},"properties":{"p":"0340016530","o":"KONKLER JOSHUA ALLEN","a":"655  LOGAN-THORNVILLE RD","d":"FAIRFIELD UNION LOCAL SCHOOL DISTRICT","t":2455.4,"l":"501: Res-Custom Code","c":0}},{"type":"Feature","geometry":{"type":"Polygon","coordinates":[[[-82.451407,39.712588],[-82.451494,39.711251],[-82.452292,39.711731],[-82.453629,39.712409],[-82.452736,39.713259],[-82.451407,39.712588]]]},"properties":{"p":"0340029530","o":"PARKER TIFFANY M FKA JUNIPER & PARKER RICHARD J SURV","a":"7616  MARIETTA RD  BREMEN 43107","d":"FAIRFIELD UNION LOCAL SCHOOL DISTRICT","t":46.3,"l":"599: Res-Other","c":0}},{"type":"Feature","geometry":{"type":"Polygon","coordinates":[[[-82.453912,39.707745],[-82.453028,39.707692],[-82.453109,39.706944],[-82.453991,39.707012],[-82.453912,39.707745]]]},"properties":{"p":"0340030410","o":"LECRONE BOBBI J","a":"740  HOLLIDAY RD  BREMEN 43107","d":"FAIRFIELD UNION LOCAL SCHOOL DISTRICT","t":3688,"l":"511: Res-Custom Code","c":0}},{"type":"Feature","geometry":{"type":"Polygon","coordinates":[[[-82.449265,39.709577],[-82.449672,39.709509],[-82.449955,39.710514],[-82.449875,39.710583],[-82.449557,39.710614],[-82.449265,39.709577]]]},"properties":{"p":"0340031100","o":"WELLS KEVIN M","a":"7715  MARIETTA ST","d":"FAIRFIELD UNION LOCAL SCHOOL DISTRICT","t":2008.48,"l":"511: Res-Custom Code","c":0}},{"type":"Feature","geometry":{"type":"Polygon","coordinates":[[[-82.462445,39.697804],[-82.464298,39.696414],[-82.463851,39.701163],[-82.462107,39.701071],[-82.462445,39.697804]]]},"properties":{"p":"0340036000","o":"WALKER ROGER","a":"7007  BREMEN RD  LANCASTER 43130","d":"FAIRFIELD UNION LOCAL SCHOOL DISTRICT","t":3415.91,"l":"101: Agr-Cash-Grain Farm","c":0}},{"type":"Feature","geometry":{"type":"Polygon","coordinates":[[[-82.427144,39.697607],[-82.427248,39.69632],[-82.427957,39.696359],[-82.427853,39.69764],[-82.427144,39.697607]]]},"properties":{"p":"0340037830","o":"BAKER TWYLA K","a":"0  WEBB SUMMIT RD","d":"FAIRFIELD UNION LOCAL SCHOOL DISTRICT","t":972.39,"l":"199: Agr-CAUV-Other","c":0}},{"type":"Feature","geometry":{"type":"Polygon","coordinates":[[[-82.436318,39.698356],[-82.436338,39.698107],[-82.43641,39.698093],[-82.436389,39.69836],[-82.436317,39.698366],[-82.436318,39.698356]]]},"properties":{"p":"0340038810","o":"STATEN LAURA ANN","a":"0  ANGLE ST  BREMEN 43107","d":"FAIRFIELD UNION LOCAL SCHOOL DISTRICT","t":212.49,"l":"501: Res-Custom Code","c":0}},{"type":"Feature","geometry":{"type":"Polygon","coordinates":[[[-82.379563,39.68814],[-82.378708,39.687265],[-82.377173,39.686525],[-82.376385,39.686355],[-82.376626,39.684232],[-82.38132,39.684506],[-82.380997,39.687983],[-82.379955,39.687921],[-82.379918,39.68836],[-82.379563,39.68814]]]},"properties":{"p":"0340044200","o":"LAMBERT BRENDA V","a":"1910  BETHEL RD  BREMEN 43107","d":"FAIRFIELD UNION LOCAL SCHOOL DISTRICT","t":3694.31,"l":"111: Agr-CAUV-Cash-Grain Farm","c":0}},{"type":"Feature","geometry":{"type":"Polygon","coordinates":[[[-82.380436,39.694007],[-82.380475,39.693587],[-82.381541,39.693618],[-82.381705,39.691878],[-82.385345,39.692073],[-82.385166,39.693979],[-82.380436,39.694007]]]},"properties":{"p":"0340044520","o":"VAN HORN RUSSELL D","a":"0  JERUSALEM RD","d":"FAIRFIELD UNION LOCAL SCHOOL DISTRICT","t":751.87,"l":"100: Agr-Vacant Land","c":0}},{"type":"Feature","geometry":{"type":"Polygon","coordinates":[[[-82.381615,39.690909],[-82.381715,39.68983],[-82.382602,39.689858],[-82.382504,39.690958],[-82.381615,39.690909]]]},"properties":{"p":"0340044822","o":"WELSH TYLER & STEFANIE SURV","a":"11486  MARIETTA RD  BREMEN 43107","d":"FAIRFIELD UNION LOCAL SCHOOL DISTRICT","t":324.55,"l":"501: Res-Custom Code","c":0}},{"type":"Feature","geometry":{"type":"Polygon","coordinates":[[[-82.381942,39.677403],[-82.381958,39.677181],[-82.387125,39.677435],[-82.391296,39.67767],[-82.390961,39.681563],[-82.383228,39.681165],[-82.383265,39.680754],[-82.381705,39.680672],[-82.381942,39.677403]]]},"properties":{"p":"0340045000","o":"ENGLE JENNIFER R","a":"2355  BETHEL RD  BREMEN 43107","d":"FAIRFIELD UNION LOCAL SCHOOL DISTRICT","t":2484.8,"l":"101: Agr-Cash-Grain Farm","c":0}},{"type":"Feature","geometry":{"type":"Polygon","coordinates":[[[-82.372597,39.676691],[-82.372921,39.673061],[-82.379239,39.673359],[-82.379157,39.674721],[-82.379052,39.674784],[-82.378932,39.674902],[-82.378711,39.675189],[-82.37864,39.675332],[-82.377332,39.67581],[-82.374063,39.676237],[-82.373492,39.676558],[-82.373291,39.676725],[-82.372597,39.676691]]]},"properties":{"p":"0340045300","o":"ICKES BENJAMIN J & CHERYL L SURV","a":"11665  MCCULLOUGH RD  BREMEN 43107","d":"FAIRFIELD UNION LOCAL SCHOOL DISTRICT","t":6432.83,"l":"101: Agr-Cash-Grain Farm","c":0}},{"type":"Feature","geometry":{"type":"Polygon","coordinates":[[[-82.38587,39.672954],[-82.383166,39.672816],[-82.383068,39.67212],[-82.386639,39.672302],[-82.38587,39.672954]]]},"properties":{"p":"0340045640","o":"HOLDRIDGE JOYCE N & ROBERTS DENISE","a":"2835  BETHEL RD  BREMEN 43107","d":"FAIRFIELD UNION LOCAL SCHOOL DISTRICT","t":108.14,"l":"511: Res-Custom Code","c":0}},{"type":"Feature","geometry":{"type":"Polygon","coordinates":[[[-82.463597,39.685728],[-82.463155,39.685696],[-82.463249,39.684958],[-82.463691,39.684992],[-82.463597,39.685728]]]},"properties":{"p":"0340050740","o":"MILLER DEBORAH L","a":"0  WEST POINT RD","d":"FAIRFIELD UNION LOCAL SCHOOL DISTRICT","t":0.5,"l":"110: Agr-CAUV-Vacant Land","c":0}},{"type":"Feature","geometry":{"type":"Polygon","coordinates":[[[-82.471501,39.679657],[-82.471476,39.679655],[-82.472114,39.676994],[-82.472651,39.67706],[-82.472733,39.677046],[-82.472644,39.678126],[-82.472323,39.678096],[-82.472191,39.678626],[-82.471501,39.679657]]]},"properties":{"p":"0340052030","o":"SYFERT SHELBY J","a":"0  PLEASANTVIEW DR","d":"FAIRFIELD UNION LOCAL SCHOOL DISTRICT","t":1107.35,"l":"501: Res-Custom Code","c":0}},{"type":"Feature","geometry":{"type":"Polygon","coordinates":[[[-82.477961,39.684201],[-82.477648,39.684009],[-82.478442,39.683863],[-82.478592,39.68377],[-82.478456,39.683392],[-82.478469,39.682908],[-82.479217,39.682945],[-82.479394,39.683733],[-82.478454,39.683951],[-82.478121,39.683984],[-82.477961,39.684201]]]},"properties":{"p":"0340054410","o":"STEPHENSON PAUL RICHARD","a":"2381  PUMPKIN VINE RD  LANCASTER 43130","d":"FAIRFIELD UNION LOCAL SCHOOL DISTRICT","t":618.14,"l":"599: Res-Other","c":0}},{"type":"Feature","geometry":{"type":"Polygon","coordinates":[[[-82.37546,39.662272],[-82.375466,39.662163],[-82.375608,39.662168],[-82.37566,39.661373],[-82.374704,39.661336],[-82.374752,39.660585],[-82.375434,39.660161],[-82.376084,39.660346],[-82.376163,39.660575],[-82.376586,39.660805],[-82.377453,39.661782],[-82.37806,39.662414],[-82.37546,39.662272]]]},"properties":{"p":"0340065500","o":"ICKES BENJAMIN & CHERYL SURV","a":"0  WEBB SUMMIT RD  BREMEN 43107","d":"FAIRFIELD UNION LOCAL SCHOOL DISTRICT","t":496.86,"l":"511: Res-Custom Code","c":0}},{"type":"Feature","geometry":{"type":"Polygon","coordinates":[[[-82.376084,39.660346],[-82.375434,39.660161],[-82.374964,39.660046],[-82.374152,39.660096],[-82.374566,39.65499],[-82.376546,39.655097],[-82.376158,39.659461],[-82.377866,39.660244],[-82.378527,39.660076],[-82.37806,39.660545],[-82.377826,39.662159],[-82.377453,39.661782],[-82.376586,39.660805],[-82.376163,39.660575],[-82.376084,39.660346]]]},"properties":{"p":"0340065600","o":"EDWARDS KERIN TRUSTEE OF THE VERNA HUBBARD KEYSTONE INHERITANCE TRT","a":"0  TURKEY RUN RD  BREMEN 43107","d":"FAIRFIELD UNION LOCAL SCHOOL DISTRICT","t":6951.26,"l":"100: Agr-Vacant Land","c":0}},{"type":"Feature","geometry":{"type":"Polygon","coordinates":[[[-82.44981,39.660957],[-82.450371,39.660947],[-82.450458,39.66115],[-82.44971,39.661387],[-82.449651,39.661257],[-82.44964,39.66117],[-82.449678,39.661108],[-82.449785,39.66103],[-82.44981,39.660957]]]},"properties":{"p":"0340080400","o":"JORDAN TERESA L & TY B SURV","a":"836  POMO CT  BREMEN 43107","d":"FAIRFIELD UNION LOCAL SCHOOL DISTRICT","t":3765.06,"l":"510: Res-Single Family","c":0}},{"type":"Feature","geometry":{"type":"Polygon","coordinates":[[[-82.448717,39.6619],[-82.449595,39.661513],[-82.44978,39.6617],[-82.449478,39.661934],[-82.449177,39.661954],[-82.4487,39.662067],[-82.448717,39.6619]]]},"properties":{"p":"0340081100","o":"PITTS JONATHAN MARK & CAREY ANN SURV","a":"0  POMO CT","d":"FAIRFIELD UNION LOCAL SCHOOL DISTRICT","t":696.92,"l":"500: Res-Vacant Land","c":0}},{"type":"Feature","geometry":{"type":"Polygon","coordinates":[[[-82.449478,39.661934],[-82.44978,39.6617],[-82.450215,39.662008],[-82.449912,39.662261],[-82.449478,39.661934]]]},"properties":{"p":"0340081200","o":"PITTS JONATHAN MARK & CAREY ANN SURV","a":"0  PAPAGO LN  BREMEN 43107","d":"FAIRFIELD UNION LOCAL SCHOOL DISTRICT","t":582.53,"l":"500: Res-Vacant Land","c":0}},{"type":"Feature","geometry":{"type":"Polygon","coordinates":[[[-82.475682,39.664379],[-82.476348,39.663995],[-82.47664,39.66434],[-82.475931,39.66469],[-82.475682,39.664379]]]},"properties":{"p":"0340088100","o":"HUBBLE EDWARD J & WENDY L SURV","a":"0  TAOS LN  SUGAR GROVE 43155","d":"FAIRFIELD UNION LOCAL SCHOOL DISTRICT","t":653.08,"l":"500: Res-Vacant Land","c":0}},{"type":"Feature","geometry":{"type":"Polygon","coordinates":[[[-82.475931,39.66469],[-82.47664,39.66434],[-82.476723,39.664447],[-82.476757,39.664537],[-82.476748,39.664667],[-82.476676,39.664784],[-82.476237,39.665072],[-82.475931,39.66469]]]},"properties":{"p":"0340088200","o":"HUBBLE EDWARD J & WENDY L SURV","a":"1853  TAOS LN  BREMEN 43107","d":"FAIRFIELD UNION LOCAL SCHOOL DISTRICT","t":643.25,"l":"500: Res-Vacant Land","c":0}},{"type":"Feature","geometry":{"type":"Polygon","coordinates":[[[-82.471794,39.665021],[-82.472394,39.664626],[-82.472693,39.664714],[-82.47274,39.664958],[-82.472086,39.665328],[-82.471794,39.665021]]]},"properties":{"p":"0340098700","o":"HARRAH CHRISTOPHER M & TIFFANEE SURV","a":"1892  BEAVER LN  SUGAR GROVE 43155","d":"FAIRFIELD UNION LOCAL SCHOOL DISTRICT","t":289.97,"l":"500: Res-Vacant Land","c":0}},{"type":"Feature","geometry":{"type":"Polygon","coordinates":[[[-82.460256,39.665136],[-82.459832,39.664953],[-82.460328,39.664267],[-82.460744,39.664462],[-82.460256,39.665136]]]},"properties":{"p":"0340108500","o":"LISKA BETSY A & GOLDSTEIN DAVID A","a":"2035  MONTEZUMA LN","d":"FAIRFIELD UNION LOCAL SCHOOL DISTRICT","t":2617.97,"l":"510: Res-Single Family","c":0}},{"type":"Feature","geometry":{"type":"Polygon","coordinates":[[[-82.427104,39.698104],[-82.427115,39.697963],[-82.427825,39.697996],[-82.427811,39.698166],[-82.427101,39.698133],[-82.427104,39.698104]]]},"properties":{"p":"0350130010","o":"BAKER TWYLA KAY & TWYLA K","a":"257 S BROAD ST","d":"FAIRFIELD UNION LOCAL SCHOOL DISTRICT","t":4574.37,"l":"510: Res-Single Family","c":0}},{"type":"Feature","geometry":{"type":"Polygon","coordinates":[[[-82.427088,39.698293],[-82.427101,39.698133],[-82.427811,39.698166],[-82.42779,39.698423],[-82.427081,39.698389],[-82.427088,39.698293]]]},"properties":{"p":"0350130100","o":"BAKER TWYLA KAY","a":"0 S BROAD ST","d":"FAIRFIELD UNION LOCAL SCHOOL DISTRICT","t":773.87,"l":"501: Res-Custom Code","c":0}},{"type":"Feature","geometry":{"type":"Polygon","coordinates":[[[-82.426908,39.701962],[-82.426923,39.701768],[-82.427083,39.701775],[-82.427068,39.70197],[-82.426908,39.701962]]]},"properties":{"p":"0350139000","o":"MASONIC LODGE","a":"101 W MAIN ST","d":"FAIRFIELD UNION LOCAL SCHOOL DISTRICT","t":3.57,"l":"665: Exm-Custom Code","c":0}},{"type":"Feature","geometry":{"type":"Polygon","coordinates":[[[-82.431754,39.705469],[-82.431752,39.705494],[-82.431243,39.705457],[-82.431245,39.705432],[-82.431754,39.705469]]]},"properties":{"p":"0350155610","o":"WITHEM PHYLLIS","a":"0  OAK ST","d":"FAIRFIELD UNION LOCAL SCHOOL DISTRICT","t":827.71,"l":"500: Res-Vacant Land","c":0}},{"type":"Feature","geometry":{"type":"Polygon","coordinates":[[[-82.431124,39.70644],[-82.430615,39.706403],[-82.430624,39.70628],[-82.431134,39.706317],[-82.431124,39.70644]]]},"properties":{"p":"0350160300","o":"ELDER JOHN W & BETTY L SURV","a":"339  PURVIS AVE","d":"FAIRFIELD UNION LOCAL SCHOOL DISTRICT","t":542.95,"l":"510: Res-Single Family","c":0}},{"type":"Feature","geometry":{"type":"Polygon","coordinates":[[[-82.429925,39.706353],[-82.429934,39.70623],[-82.43043,39.706266],[-82.430413,39.706485],[-82.429917,39.706449],[-82.429925,39.706353]]]},"properties":{"p":"0350161100","o":"ELDER JOHN W & BETTY L SURV","a":"340  PURVIS AVE","d":"FAIRFIELD UNION LOCAL SCHOOL DISTRICT","t":820.96,"l":"510: Res-Single Family","c":0}},{"type":"Feature","geometry":{"type":"Polygon","coordinates":[[[-82.429334,39.704588],[-82.428751,39.704545],[-82.428762,39.704422],[-82.429343,39.704464],[-82.429334,39.704588]]]},"properties":{"p":"0350166600","o":"STUART PATRICIA A & STUART DAVID L","a":"0  FORT ST","d":"FAIRFIELD UNION LOCAL SCHOOL DISTRICT","t":216.89,"l":"500: Res-Vacant Land","c":0}},{"type":"Feature","geometry":{"type":"Polygon","coordinates":[[[-82.432619,39.70082],[-82.432442,39.700809],[-82.43247,39.700315],[-82.432647,39.700327],[-82.432619,39.70082]]]},"properties":{"p":"0350173300","o":"KINSER TIMOTHY P JR & MISTI M SURV","a":"0  FORD ST","d":"FAIRFIELD UNION LOCAL SCHOOL DISTRICT","t":3833.73,"l":"500: Res-Vacant Land","c":0}},{"type":"Feature","geometry":{"type":"Polygon","coordinates":[[[-82.431702,39.700222],[-82.431675,39.70022],[-82.431685,39.700042],[-82.432197,39.700076],[-82.432118,39.70025],[-82.431702,39.700222]]]},"properties":{"p":"0350800500","o":"BIBLE HOLINESS CHURCH INC","a":"212  ANGLE ST","d":"FAIRFIELD UNION LOCAL SCHOOL DISTRICT","t":311.51,"l":"685: Exm-Public Woship","c":0}},{"type":"Feature","geometry":{"type":"Polygon","coordinates":[[[-82.706189,39.884392],[-82.706029,39.884045],[-82.707229,39.884105],[-82.707202,39.884425],[-82.706189,39.884392]]]},"properties":{"p":"0360015500","o":"STEPHENS CHARLES T & STEPHENS TAYLOR L SURV","a":"10583  DOTY RD  PICKERINGTON 43147","d":"PICKERINGTON LOCAL SCHOOL DISTRICT","t":1445.64,"l":"511: Res-Custom Code","c":0}},{"type":"Feature","geometry":{"type":"Polygon","coordinates":[[[-82.731167,39.858265],[-82.731358,39.855936],[-82.732069,39.855972],[-82.731926,39.857712],[-82.73317,39.857776],[-82.733152,39.857995],[-82.733597,39.858018],[-82.733469,39.859814],[-82.732225,39.859754],[-82.732294,39.858786],[-82.731167,39.858265]]]},"properties":{"p":"0360027600","o":"ABNER DEREK & BOWSER REBECCA","a":"7412  BUSEY RD","d":"PICKERINGTON LOCAL SCHOOL DISTRICT","t":4858.94,"l":"510: Res-Single Family","c":0}},{"type":"Feature","geometry":{"type":"Polygon","coordinates":[[[-82.735947,39.828909],[-82.73488,39.828848],[-82.734912,39.828447],[-82.735454,39.828393],[-82.735994,39.828409],[-82.735947,39.828909]]]},"properties":{"p":"0360035320","o":"THORNE WESLEY EUGENE","a":"7501  COLUMBUS-LANCASTER RD","d":"PICKERINGTON LOCAL SCHOOL DISTRICT","t":2198.92,"l":"511: Res-Custom Code","c":0}},{"type":"Feature","geometry":{"type":"Polygon","coordinates":[[[-82.767242,39.909262],[-82.767277,39.908879],[-82.767649,39.908899],[-82.767614,39.909282],[-82.767242,39.909262]]]},"properties":{"p":"0360056900","o":"GIALLUCA WM R JR & DIANE K SURV","a":"9571  REFUGEE RD","d":"PICKERINGTON LOCAL SCHOOL DISTRICT","t":1624.72,"l":"510: Res-Single Family","c":0}},{"type":"Feature","geometry":{"type":"Polygon","coordinates":[[[-82.759725,39.934742],[-82.759755,39.934358],[-82.760469,39.934365],[-82.760436,39.934779],[-82.759725,39.934742]]]},"properties":{"p":"0360075011","o":"SMITH PAUL C TRUSTEE OF THE PAUL C SMITH REVOCABLE TRUST","a":"0  BLACKLICK-EASTERN RD  PICKERINGTON 43147","d":"PICKERINGTON LOCAL SCHOOL DISTRICT","t":1745.56,"l":"501: Res-Custom Code","c":0}},{"type":"Feature","geometry":{"type":"Polygon","coordinates":[[[-82.717016,39.926423],[-82.71704,39.926211],[-82.720127,39.926343],[-82.720071,39.927023],[-82.716962,39.92689],[-82.717016,39.926423]]]},"properties":{"p":"0360081400","o":"ROUSH DONNA J","a":"13335  PICKERINGTON RD  PICKERINGTON 43147","d":"PICKERINGTON LOCAL SCHOOL DISTRICT","t":5819.27,"l":"511: Res-Custom Code","c":0}},{"type":"Feature","geometry":{"type":"Polygon","coordinates":[[[-82.723482,39.932069],[-82.723728,39.929248],[-82.723942,39.929259],[-82.723768,39.931175],[-82.724661,39.931221],[-82.724686,39.930947],[-82.724961,39.930961],[-82.725111,39.929318],[-82.725865,39.929356],[-82.725777,39.93035],[-82.726204,39.930371],[-82.726042,39.932207],[-82.723482,39.932069]]]},"properties":{"p":"0360085710","o":"COTUGNO SANDRA L","a":"0  BLACKLICK-EASTERN RD","d":"PICKERINGTON LOCAL SCHOOL DISTRICT","t":3825.75,"l":"111: Agr-CAUV-Cash-Grain Farm","c":0}},{"type":"Feature","geometry":{"type":"Polygon","coordinates":[[[-82.723768,39.931175],[-82.723942,39.929259],[-82.725111,39.929318],[-82.724961,39.930961],[-82.724686,39.930947],[-82.724661,39.931221],[-82.723768,39.931175]]]},"properties":{"p":"0360085712","o":"COTUGNO SANDRA","a":"7360  BLACKLICK-EASTERN RD  PICKERINGTON 43147","d":"PICKERINGTON LOCAL SCHOOL DISTRICT","t":4707.08,"l":"111: Agr-CAUV-Cash-Grain Farm","c":0}},{"type":"Feature","geometry":{"type":"Polygon","coordinates":[[[-82.749794,39.92993],[-82.749849,39.929314],[-82.750313,39.929339],[-82.750364,39.929362],[-82.750377,39.929397],[-82.750327,39.929959],[-82.749794,39.92993]]]},"properties":{"p":"0360110400","o":"GUILFORD ALETA M","a":"13450  CHEVINGTON DR  PICKERINGTON 43147","d":"PICKERINGTON LOCAL SCHOOL DISTRICT","t":6650.66,"l":"510: Res-Single Family","c":0}},{"type":"Feature","geometry":{"type":"Polygon","coordinates":[[[-82.754864,39.932623],[-82.754964,39.932553],[-82.755139,39.932513],[-82.755226,39.932452],[-82.755897,39.932768],[-82.755887,39.932869],[-82.75542,39.933046],[-82.754864,39.932623]]]},"properties":{"p":"0360121500","o":"CHRISTENSON WILLIAM P & DENISE G SURV","a":"9030  CARRIAGE CT  PICKERINGTON 43147","d":"PICKERINGTON LOCAL SCHOOL DISTRICT","t":7045.2,"l":"510: Res-Single Family","c":0}},{"type":"Feature","geometry":{"type":"Polygon","coordinates":[[[-82.750306,39.902268],[-82.750038,39.902254],[-82.750077,39.901801],[-82.750433,39.901819],[-82.750404,39.902149],[-82.750306,39.902268]]]},"properties":{"p":"0360202900","o":"RENNER DANIEL J & NINA K SURV","a":"8630  MEADOWTON CT  PICKERINGTON 43147","d":"PICKERINGTON LOCAL SCHOOL DISTRICT","t":504.72,"l":"510: Res-Single Family","c":0}},{"type":"Feature","geometry":{"type":"Polygon","coordinates":[[[-82.754853,39.903746],[-82.755271,39.903365],[-82.755333,39.903403],[-82.7558,39.903732],[-82.755391,39.904075],[-82.755597,39.904221],[-82.7549,39.904405],[-82.754128,39.904763],[-82.753919,39.904601],[-82.754853,39.903746]]]},"properties":{"p":"0360247000","o":"CHEVINGTON VILLAGE CIVIC ASSOC","a":"0  EASTON DR","d":"PICKERINGTON LOCAL SCHOOL DISTRICT","t":36.56,"l":"500: Res-Vacant Land","c":0}},{"type":"Feature","geometry":{"type":"Polygon","coordinates":[[[-82.779913,39.930436],[-82.780129,39.930393],[-82.780099,39.930828],[-82.779601,39.930808],[-82.779617,39.930667],[-82.779671,39.930571],[-82.779776,39.930486],[-82.779913,39.930436]]]},"properties":{"p":"0360248400","o":"PENNYBACKER JOHN R","a":"13389  FALMOUTH AVE  PICKERINGTON 43147","d":"PICKERINGTON LOCAL SCHOOL DISTRICT","t":1258.3,"l":"510: Res-Single Family","c":0}},{"type":"Feature","geometry":{"type":"Polygon","coordinates":[[[-82.77638,39.920575],[-82.776684,39.920476],[-82.776742,39.920465],[-82.776783,39.920476],[-82.776812,39.920513],[-82.776828,39.920728],[-82.776859,39.92084],[-82.776599,39.920954],[-82.77638,39.920575]]]},"properties":{"p":"0360266400","o":"KING LESLIE C & DONALD D SURV","a":"10096  ALLISTON DR","d":"PICKERINGTON LOCAL SCHOOL DISTRICT","t":5638.8,"l":"510: Res-Single Family","c":0}},{"type":"Feature","geometry":{"type":"Polygon","coordinates":[[[-82.771894,39.926075],[-82.772419,39.926103],[-82.772337,39.926439],[-82.772262,39.926437],[-82.772191,39.926455],[-82.772056,39.926547],[-82.771894,39.926075]]]},"properties":{"p":"0360400200","o":"HUSSEIN AHMED & SAIDA SURV","a":"9861  CAMELOT ST  PICKERINGTON 43147","d":"PICKERINGTON LOCAL SCHOOL DISTRICT","t":5748.16,"l":"510: Res-Single Family","c":0}},{"type":"Feature","geometry":{"type":"Polygon","coordinates":[[[-82.774543,39.927626],[-82.774586,39.927147],[-82.774906,39.927164],[-82.774864,39.927643],[-82.774543,39.927626]]]},"properties":{"p":"0360458600","o":"AHMED ABRAHIM & HASSAN SAADA SURV","a":"10165  BERKSHIRE ST  PICKERINGTON 43147","d":"PICKERINGTON LOCAL SCHOOL DISTRICT","t":1757.68,"l":"510: Res-Single Family","c":0}},{"type":"Feature","geometry":{"type":"Polygon","coordinates":[[[-82.714544,39.933332],[-82.714835,39.932921],[-82.715191,39.933037],[-82.715228,39.933072],[-82.715205,39.933319],[-82.715172,39.933458],[-82.714544,39.933332]]]},"properties":{"p":"0360617500","o":"DD & D HOMES LLC","a":"0  CORNER LOT-NO ADDRESS ASSIGNED","d":"PICKERINGTON LOCAL SCHOOL DISTRICT","t":2734.59,"l":"500: Res-Vacant Land","c":0}},{"type":"Feature","geometry":{"type":"Polygon","coordinates":[[[-82.750893,39.920254],[-82.750573,39.920236],[-82.750607,39.91988],[-82.750927,39.919898],[-82.750893,39.920254]]]},"properties":{"p":"0360625200","o":"CRICKET HOLDINGS LLC","a":"8773  CEDARBROOK ST  PICKERINGTON 43147","d":"PICKERINGTON LOCAL SCHOOL DISTRICT","t":1135.69,"l":"500: Res-Vacant Land","c":0}},{"type":"Feature","geometry":{"type":"Polygon","coordinates":[[[-82.718663,39.934846],[-82.718093,39.934817],[-82.718122,39.934488],[-82.718691,39.934517],[-82.718663,39.934846]]]},"properties":{"p":"0360627400","o":"SMITH MICHAEL","a":"13873  FANTASY WAY  PICKERINGTON 43147","d":"PICKERINGTON LOCAL SCHOOL DISTRICT","t":19877.87,"l":"510: Res-Single Family","c":0}},{"type":"Feature","geometry":{"type":"Polygon","coordinates":[[[-82.717873,39.9353],[-82.71725,39.935268],[-82.717275,39.934981],[-82.717898,39.935013],[-82.717873,39.9353]]]},"properties":{"p":"0360628400","o":"WILSON FREDDIE L JR & AMANDA L SURV","a":"13902  FANTASY WAY  PICKERINGTON 43147","d":"PICKERINGTON LOCAL SCHOOL DISTRICT","t":14549.04,"l":"510: Res-Single Family","c":0}},{"type":"Feature","geometry":{"type":"Polygon","coordinates":[[[-82.713481,39.936117],[-82.713589,39.934953],[-82.713983,39.934967],[-82.714249,39.934913],[-82.714377,39.934856],[-82.714504,39.93477],[-82.714605,39.934665],[-82.714668,39.934561],[-82.715589,39.934843],[-82.715569,39.935076],[-82.716171,39.935112],[-82.71631,39.934999],[-82.716416,39.935041],[-82.716534,39.935033],[-82.7172,39.935844],[-82.717186,39.936008],[-82.71733,39.936015],[-82.717317,39.936152],[-82.717797,39.936177],[-82.717783,39.936341],[-82.713481,39.936117]]]},"properties":{"p":"0360629800","o":"VIOLET MEADOWS FARMS LTD","a":"0  LEONE CT  PICKERINGTON 43147","d":"PICKERINGTON LOCAL SCHOOL DISTRICT","t":21501.22,"l":"500: Res-Vacant Land","c":0}},{"type":"Feature","geometry":{"type":"Polygon","coordinates":[[[-82.746014,39.919219],[-82.74605,39.918836],[-82.746186,39.918854],[-82.746222,39.918884],[-82.746234,39.918917],[-82.746206,39.919225],[-82.746014,39.919219]]]},"properties":{"p":"0360693200","o":"CHESAPEAKE HOMEOWNERS ASSOCIATION INC","a":"0  CHESAPEAKE WAY  PICKERINGTON 43147","d":"PICKERINGTON LOCAL SCHOOL DISTRICT","t":0.6,"l":"500: Res-Vacant Land","c":0}},{"type":"Feature","geometry":{"type":"Polygon","coordinates":[[[-82.745453,39.918626],[-82.74549,39.918225],[-82.746297,39.91827],[-82.746268,39.918568],[-82.746248,39.918606],[-82.746214,39.918628],[-82.746162,39.918638],[-82.745453,39.918626]]]},"properties":{"p":"0360693300","o":"CHESAPEAKE HOMEOWNERS ASSOCIATION INC","a":"0  CHESAPEAKE WAY  PICKERINGTON 43147","d":"PICKERINGTON LOCAL SCHOOL DISTRICT","t":1.81,"l":"500: Res-Vacant Land","c":0}},{"type":"Feature","geometry":{"type":"Polygon","coordinates":[[[-82.742433,39.918744],[-82.742221,39.918522],[-82.742119,39.918525],[-82.742009,39.918508],[-82.741677,39.91869],[-82.74174,39.918017],[-82.743079,39.918091],[-82.742506,39.918213],[-82.742498,39.918318],[-82.74244,39.918414],[-82.742616,39.918647],[-82.742555,39.918677],[-82.742239,39.918345],[-82.742257,39.918156],[-82.742054,39.918145],[-82.742024,39.918466],[-82.742271,39.918481],[-82.742491,39.918712],[-82.742433,39.918744]]]},"properties":{"p":"0360693400","o":"CHESAPEAKE HOMEOWNERS ASSOCIATION INC","a":"0  CHESAPEAKE WAY  PICKERINGTON 43147","d":"PICKERINGTON LOCAL SCHOOL DISTRICT","t":2.38,"l":"500: Res-Vacant Land","c":0}},{"type":"Feature","geometry":{"type":"Polygon","coordinates":[[[-82.722212,39.93659],[-82.722249,39.93618],[-82.72264,39.936202],[-82.722603,39.936612],[-82.722212,39.93659]]]},"properties":{"p":"0360693900","o":"TUFFA DAWIT RAGO","a":"7300  DRUCILLA ST  PICKERINGTON 43147","d":"PICKERINGTON LOCAL SCHOOL DISTRICT","t":1513.85,"l":"500: Res-Vacant Land","c":0}},{"type":"Feature","geometry":{"type":"Polygon","coordinates":[[[-82.721565,39.936003],[-82.7216,39.935593],[-82.721991,39.935614],[-82.721956,39.936025],[-82.721565,39.936003]]]},"properties":{"p":"0360694600","o":"HAILE BILEN","a":"7261  DRUCILLA ST  PICKERINGTON 43147","d":"PICKERINGTON LOCAL SCHOOL DISTRICT","t":1513.85,"l":"500: Res-Vacant Land","c":0}},{"type":"Feature","geometry":{"type":"Polygon","coordinates":[[[-82.723754,39.934084],[-82.72374,39.933924],[-82.724346,39.933958],[-82.724314,39.934314],[-82.723745,39.934282],[-82.723754,39.934084]]]},"properties":{"p":"0360910600","o":"HUTSON RAYMOND D JR. & SHAINA S SURV","a":"13813  BIANCA DR  PICKERINGTON 43147","d":"PICKERINGTON LOCAL SCHOOL DISTRICT","t":10460.2,"l":"500: Res-Vacant Land","c":0}},{"type":"Feature","geometry":{"type":"Polygon","coordinates":[[[-82.74007,39.918064],[-82.740082,39.917925],[-82.74174,39.918017],[-82.741677,39.91869],[-82.74147,39.918767],[-82.741248,39.918812],[-82.740993,39.918823],[-82.740006,39.91877],[-82.74007,39.918064]]]},"properties":{"p":"0360915500","o":"CHESAPEAKE HOMEOWNERS ASSOCIATION INC","a":"0  CHESAPEAKE WAY  PICKERINGTON 43147","d":"PICKERINGTON LOCAL SCHOOL DISTRICT","t":7.86,"l":"500: Res-Vacant Land","c":0}},{"type":"Feature","geometry":{"type":"Polygon","coordinates":[[[-82.737879,39.918348],[-82.737516,39.918342],[-82.736934,39.918576],[-82.737008,39.917755],[-82.739296,39.917882],[-82.739283,39.918022],[-82.73879,39.917995],[-82.738732,39.918636],[-82.738184,39.918607],[-82.738201,39.918417],[-82.737879,39.918348]]]},"properties":{"p":"0360917500","o":"CHESAPEAKE HOMEOWNERS ASSOCIATION INC","a":"0  RAPALA LN  PICKERINGTON 43147","d":"PICKERINGTON LOCAL SCHOOL DISTRICT","t":7.86,"l":"500: Res-Vacant Land","c":0}},{"type":"Feature","geometry":{"type":"Polygon","coordinates":[[[-82.739461,39.918031],[-82.739474,39.917892],[-82.740082,39.917925],[-82.74007,39.918064],[-82.739461,39.918031]]]},"properties":{"p":"0360917600","o":"CHESAPEAKE HOMEOWNERS ASSOCIATION INC","a":"0  RAPALA LN  PICKERINGTON 43147","d":"PICKERINGTON LOCAL SCHOOL DISTRICT","t":0.6,"l":"500: Res-Vacant Land","c":0}},{"type":"Feature","geometry":{"type":"Polygon","coordinates":[[[-82.758483,39.857256],[-82.758499,39.85708],[-82.758996,39.857108],[-82.759037,39.856654],[-82.759135,39.856661],[-82.759173,39.856684],[-82.759183,39.856716],[-82.759134,39.856974],[-82.75911,39.857235],[-82.75909,39.857269],[-82.75904,39.857286],[-82.758483,39.857256]]]},"properties":{"p":"0368560700","o":"WOODSTREAM HOMEOWNERS ASSOCIATION","a":"0  WOODSTREAM DR  PICKERINGTON 43147","d":"PICKERINGTON LOCAL SCHOOL DISTRICT","t":80.61,"l":"660: Exm-Park District","c":0}},{"type":"Feature","geometry":{"type":"Polygon","coordinates":[[[-82.759191,39.856277],[-82.759233,39.855806],[-82.758866,39.855104],[-82.757727,39.855042],[-82.757734,39.85496],[-82.758225,39.854986],[-82.758238,39.85484],[-82.758653,39.854618],[-82.758875,39.854864],[-82.75902,39.855139],[-82.759466,39.855118],[-82.759459,39.855283],[-82.759229,39.856476],[-82.759207,39.856509],[-82.759169,39.856522],[-82.759191,39.856277]]]},"properties":{"p":"0368560800","o":"WOODSTREAM HOMEOWNERS ASSOCIATION","a":"0  WOODSTREAM DR  CANAL WINCHESTER 43110","d":"PICKERINGTON LOCAL SCHOOL DISTRICT","t":251.98,"l":"660: Exm-Park District","c":0}},{"type":"Feature","geometry":{"type":"Polygon","coordinates":[[[-82.758238,39.85484],[-82.758286,39.854309],[-82.756277,39.854201],[-82.756378,39.85403],[-82.756533,39.852947],[-82.7565,39.852945],[-82.756492,39.852531],[-82.757699,39.852551],[-82.757693,39.852771],[-82.758156,39.852779],[-82.758155,39.85282],[-82.757692,39.852812],[-82.757671,39.853529],[-82.758592,39.854551],[-82.758973,39.854347],[-82.759034,39.854414],[-82.758238,39.85484]]]},"properties":{"p":"0368591200","o":"WOODSTREAM HOMEOWNERS ASSOCIATION","a":"0  SHADY MAPLE DR  CANAL WINCHESTER 43110","d":"PICKERINGTON LOCAL SCHOOL DISTRICT","t":1024.06,"l":"660: Exm-Park District","c":0}},{"type":"Feature","geometry":{"type":"Polygon","coordinates":[[[-82.78967,39.85943],[-82.789698,39.85914],[-82.790834,39.859205],[-82.79072,39.860365],[-82.79136,39.860402],[-82.791098,39.862995],[-82.789327,39.862891],[-82.78967,39.85943]]]},"properties":{"p":"0370206600","o":"DIXON CAROL J","a":"10530  BUSEY RD  CANAL WINCHESTER 43110","d":"CANAL WINCHESTER LOCAL SCHOOL DISTRICT","t":22862.07,"l":"111: Agr-CAUV-Cash-Grain Farm","c":0}},{"type":"Feature","geometry":{"type":"Polygon","coordinates":[[[-82.76718,39.843013],[-82.76733,39.841195],[-82.768177,39.841244],[-82.768026,39.84306],[-82.76718,39.843013]]]},"properties":{"p":"0370211730","o":"UGLY MUG BAR & GRILL LLC THE","a":"0  BASIL-WESTERN RD  CANAL WINCHESTER 43110","d":"CANAL WINCHESTER LOCAL SCHOOL DISTRICT","t":119.56,"l":"499: Com-Other","c":0}},{"type":"Feature","geometry":{"type":"Polygon","coordinates":[[[-82.799896,39.831808],[-82.800839,39.831864],[-82.800809,39.832163],[-82.801962,39.832231],[-82.801942,39.832438],[-82.799845,39.832313],[-82.799896,39.831808]]]},"properties":{"p":"0370222000","o":"PURCELL FAMILY PROPERTIES LLC","a":"6638  LITHOPOLIS-WINCHESTER RD  CANAL WINCHESTER 43110","d":"CANAL WINCHESTER LOCAL SCHOOL DISTRICT","t":17022.12,"l":"511: Res-Custom Code","c":0}},{"type":"Feature","geometry":{"type":"Polygon","coordinates":[[[-82.742825,39.821754],[-82.742891,39.821695],[-82.743254,39.821931],[-82.742936,39.822222],[-82.74262,39.821939],[-82.742825,39.821754]]]},"properties":{"p":"0380237400","o":"WEBER BRENDA","a":"0  PICKERINGTON RD  CARROLL 43112","d":"BLOOM CARROLL LOCAL SCHOOL DISTRICT","t":3812.01,"l":"599: Res-Other","c":0}},{"type":"Feature","geometry":{"type":"Polygon","coordinates":[[[-82.740784,39.819446],[-82.74084,39.819449],[-82.740815,39.819469],[-82.740784,39.819446]]]},"properties":{"p":"0380238200","o":"RUSSELL JEREMY L","a":"0  TURNPIKE ST  CARROLL 43112","d":"BLOOM CARROLL LOCAL SCHOOL DISTRICT","t":1.49,"l":"500: Res-Vacant Land","c":0}},{"type":"Feature","geometry":{"type":"Polygon","coordinates":[[[-82.740815,39.819469],[-82.74084,39.819449],[-82.741144,39.819464],[-82.740986,39.819593],[-82.740815,39.819469]]]},"properties":{"p":"0380238300","o":"RUSSELL JEREMY L","a":"0  WALNUT ST  CARROLL 43112","d":"BLOOM CARROLL LOCAL SCHOOL DISTRICT","t":19.8,"l":"500: Res-Vacant Land","c":0}},{"type":"Feature","geometry":{"type":"Polygon","coordinates":[[[-82.741144,39.819464],[-82.741448,39.81948],[-82.741157,39.819718],[-82.740986,39.819593],[-82.741144,39.819464]]]},"properties":{"p":"0380238400","o":"RUSSELL JEREMY L","a":"0  WALNUT ST  CARROLL 43112","d":"BLOOM CARROLL LOCAL SCHOOL DISTRICT","t":27.44,"l":"500: Res-Vacant Land","c":0}},{"type":"Feature","geometry":{"type":"Polygon","coordinates":[[[-82.741413,39.819904],[-82.741242,39.81978],[-82.741565,39.819517],[-82.741736,39.819641],[-82.741413,39.819904]]]},"properties":{"p":"0380238500","o":"RUSSELL JEREMY L","a":"0  WALNUT ST  CARROLL 43112","d":"BLOOM CARROLL LOCAL SCHOOL DISTRICT","t":499.28,"l":"599: Res-Other","c":0}},{"type":"Feature","geometry":{"type":"Polygon","coordinates":[[[-82.741413,39.819904],[-82.741736,39.819641],[-82.741907,39.819765],[-82.741584,39.820029],[-82.741413,39.819904]]]},"properties":{"p":"0380238600","o":"RUSSELL JEREMY L","a":"8865  WALNUT ST  CARROLL 43112","d":"BLOOM CARROLL LOCAL SCHOOL DISTRICT","t":567.78,"l":"599: Res-Other","c":0}},{"type":"Feature","geometry":{"type":"Polygon","coordinates":[[[-82.741584,39.820029],[-82.741907,39.819765],[-82.742077,39.81989],[-82.741755,39.820153],[-82.741584,39.820029]]]},"properties":{"p":"0380238700","o":"RUSSELL JEREMY L","a":"0  WALNUT ST  CARROLL 43112","d":"BLOOM CARROLL LOCAL SCHOOL DISTRICT","t":277,"l":"500: Res-Vacant Land","c":0}},{"type":"Feature","geometry":{"type":"Polygon","coordinates":[[[-82.741755,39.820153],[-82.742077,39.81989],[-82.742248,39.820014],[-82.741926,39.820278],[-82.741755,39.820153]]]},"properties":{"p":"0380238800","o":"RUSSELL JEREMY L","a":"0  WALNUT ST  CARROLL 43112","d":"BLOOM CARROLL LOCAL SCHOOL DISTRICT","t":554.09,"l":"500: Res-Vacant Land","c":0}},{"type":"Feature","geometry":{"type":"Polygon","coordinates":[[[-82.741612,39.820797],[-82.741935,39.820534],[-82.742106,39.820658],[-82.741767,39.820935],[-82.741592,39.820814],[-82.741612,39.820797]]]},"properties":{"p":"0380242200","o":"RUSSELL JEREMY L","a":"8848  WALNUT ST  CARROLL 43112","d":"BLOOM CARROLL LOCAL SCHOOL DISTRICT","t":62.41,"l":"500: Res-Vacant Land","c":0}},{"type":"Feature","geometry":{"type":"Polygon","coordinates":[[[-82.741271,39.820549],[-82.741593,39.820285],[-82.741764,39.820409],[-82.741442,39.820673],[-82.741271,39.820549]]]},"properties":{"p":"0380242300","o":"RUSSELL JEREMY L","a":"0  WALNUT ST  CARROLL 43112","d":"BLOOM CARROLL LOCAL SCHOOL DISTRICT","t":27.44,"l":"500: Res-Vacant Land","c":0}},{"type":"Feature","geometry":{"type":"Polygon","coordinates":[[[-82.7411,39.820424],[-82.741422,39.820161],[-82.741593,39.820285],[-82.741271,39.820549],[-82.7411,39.820424]]]},"properties":{"p":"0380242400","o":"RUSSELL JEREMY L","a":"0  WALNUT ST  CARROLL 43112","d":"BLOOM CARROLL LOCAL SCHOOL DISTRICT","t":27.44,"l":"500: Res-Vacant Land","c":0}},{"type":"Feature","geometry":{"type":"Polygon","coordinates":[[[-82.740929,39.8203],[-82.741252,39.820036],[-82.741422,39.820161],[-82.7411,39.820424],[-82.740929,39.8203]]]},"properties":{"p":"0380242500","o":"RUSSELL JEREMY L","a":"0  WALNUT ST  CARROLL 43112","d":"BLOOM CARROLL LOCAL SCHOOL DISTRICT","t":27.44,"l":"500: Res-Vacant Land","c":0}},{"type":"Feature","geometry":{"type":"Polygon","coordinates":[[[-82.740758,39.820175],[-82.741081,39.819912],[-82.741252,39.820036],[-82.740929,39.8203],[-82.740758,39.820175]]]},"properties":{"p":"0380242600","o":"RUSSELL JEREMY L","a":"0  WALNUT ST  CARROLL 43112","d":"BLOOM CARROLL LOCAL SCHOOL DISTRICT","t":27.44,"l":"500: Res-Vacant Land","c":0}},{"type":"Feature","geometry":{"type":"Polygon","coordinates":[[[-82.740502,39.819989],[-82.740825,39.819725],[-82.740995,39.81985],[-82.740673,39.820113],[-82.740502,39.819989]]]},"properties":{"p":"0380242700","o":"RUSSELL JEREMY L","a":"0  WALNUT ST  CARROLL 43112","d":"BLOOM CARROLL LOCAL SCHOOL DISTRICT","t":27.44,"l":"500: Res-Vacant Land","c":0}},{"type":"Feature","geometry":{"type":"Polygon","coordinates":[[[-82.740331,39.819864],[-82.740654,39.819601],[-82.740825,39.819725],[-82.740502,39.819989],[-82.740331,39.819864]]]},"properties":{"p":"0380242800","o":"RUSSELL JEREMY L","a":"0  WALNUT ST  CARROLL 43112","d":"BLOOM CARROLL LOCAL SCHOOL DISTRICT","t":27.44,"l":"500: Res-Vacant Land","c":0}},{"type":"Feature","geometry":{"type":"Polygon","coordinates":[[[-82.74016,39.81974],[-82.740483,39.819476],[-82.740654,39.819601],[-82.740331,39.819864],[-82.74016,39.81974]]]},"properties":{"p":"0380242900","o":"RUSSELL JEREMY L","a":"0  WALNUT ST  CARROLL 43112","d":"BLOOM CARROLL LOCAL SCHOOL DISTRICT","t":27.44,"l":"500: Res-Vacant Land","c":0}},{"type":"Feature","geometry":{"type":"Polygon","coordinates":[[[-82.740223,39.819425],[-82.740415,39.819427],[-82.740483,39.819476],[-82.74016,39.81974],[-82.739989,39.819616],[-82.740223,39.819425]]]},"properties":{"p":"0380243000","o":"RUSSELL JEREMY L","a":"0  WALNUT ST  CARROLL 43112","d":"BLOOM CARROLL LOCAL SCHOOL DISTRICT","t":27.44,"l":"500: Res-Vacant Land","c":0}},{"type":"Feature","geometry":{"type":"Polygon","coordinates":[[[-82.739679,39.819389],[-82.739928,39.819402],[-82.739819,39.819491],[-82.739679,39.819389]]]},"properties":{"p":"0380243100","o":"RUSSELL JEREMY L","a":"0  WALNUT ST  CARROLL 43112","d":"BLOOM CARROLL LOCAL SCHOOL DISTRICT","t":16.73,"l":"500: Res-Vacant Land","c":0}},{"type":"Feature","geometry":{"type":"Polygon","coordinates":[[[-82.778703,39.903836],[-82.778662,39.903826],[-82.778504,39.903715],[-82.778322,39.903623],[-82.778149,39.903562],[-82.777967,39.903519],[-82.778045,39.902716],[-82.779799,39.902815],[-82.77983,39.903234],[-82.779619,39.903265],[-82.779407,39.903347],[-82.778754,39.903821],[-82.778703,39.903836]]]},"properties":{"p":"0410250103","o":"GMN PROPERTIES LLC","a":"660  WINDMILLER DR  PICKERINGTON 43147","d":"PICKERINGTON LOCAL SCHOOL DISTRICT","t":808.33,"l":"400: Com-Vacant Land","c":0}},{"type":"Feature","geometry":{"type":"Polygon","coordinates":[[[-82.756771,39.884825],[-82.75678,39.884737],[-82.756962,39.884748],[-82.756953,39.884836],[-82.756771,39.884825]]]},"properties":{"p":"0410277400","o":"CHITTAVONG KAY K ET AL","a":"","d":"PICKERINGTON LOCAL SCHOOL DISTRICT","t":195.88,"l":"","c":0}},{"type":"Feature","geometry":{"type":"Polygon","coordinates":[[[-82.754951,39.884587],[-82.754954,39.884554],[-82.755004,39.884557],[-82.755001,39.884588],[-82.754951,39.884587]]]},"properties":{"p":"0410280210","o":"COLUMBIA GAS TRANSMISSION LLC","a":"","d":"PICKERINGTON LOCAL SCHOOL DISTRICT","t":153.93,"l":"","c":0}},{"type":"Feature","geometry":{"type":"Polygon","coordinates":[[[-82.75743,39.884185],[-82.757465,39.883823],[-82.757758,39.88384],[-82.757723,39.884202],[-82.75743,39.884185]]]},"properties":{"p":"0410282400","o":"BERMAN JULIE A & FARINA ANTHONY S SURV","a":"","d":"PICKERINGTON LOCAL SCHOOL DISTRICT","t":2317.93,"l":"","c":0}},{"type":"Feature","geometry":{"type":"Polygon","coordinates":[[[-82.76507,39.883495],[-82.764715,39.883473],[-82.764765,39.88298],[-82.76512,39.883002],[-82.76507,39.883495]]]},"properties":{"p":"0410321700","o":"LLOYD JAMES & BISHOP-LLOYD MOLLY & GAMMON DEBRA J TRUSTEE","a":"","d":"PICKERINGTON LOCAL SCHOOL DISTRICT","t":2908.65,"l":"","c":0}},{"type":"Feature","geometry":{"type":"Polygon","coordinates":[[[-82.748696,39.893068],[-82.747614,39.89301],[-82.747642,39.892646],[-82.748725,39.892705],[-82.748696,39.893068]]]},"properties":{"p":"0410327800","o":"HOLIBAUGH JORDAN","a":"","d":"PICKERINGTON LOCAL SCHOOL DISTRICT","t":339.99,"l":"","c":0}},{"type":"Feature","geometry":{"type":"Polygon","coordinates":[[[-82.760238,39.884859],[-82.759908,39.88484],[-82.759941,39.884511],[-82.760271,39.884531],[-82.760238,39.884859]]]},"properties":{"p":"0410361600","o":"OFFER EXPRESS LTD","a":"","d":"PICKERINGTON LOCAL SCHOOL DISTRICT","t":377.33,"l":"","c":0}},{"type":"Feature","geometry":{"type":"Polygon","coordinates":[[[-82.758354,39.890655],[-82.758265,39.890577],[-82.757591,39.890528],[-82.757622,39.890481],[-82.757683,39.890458],[-82.758136,39.890483],[-82.75838,39.890462],[-82.75845,39.890507],[-82.75843,39.890723],[-82.758354,39.890655]]]},"properties":{"p":"0410393300","o":"CENTRAL HOMES INC","a":"","d":"PICKERINGTON LOCAL SCHOOL DISTRICT","t":22588.02,"l":"","c":0}},{"type":"Feature","geometry":{"type":"Polygon","coordinates":[[[-82.737026,39.884823],[-82.736844,39.884814],[-82.737078,39.884442],[-82.737204,39.884478],[-82.737337,39.884494],[-82.737308,39.884837],[-82.737026,39.884823]]]},"properties":{"p":"0410415100","o":"CARACCILO KAREN","a":"","d":"PICKERINGTON LOCAL SCHOOL DISTRICT","t":6841.95,"l":"","c":0}},{"type":"Feature","geometry":{"type":"Polygon","coordinates":[[[-82.777259,39.912776],[-82.777251,39.912744],[-82.777348,39.912741],[-82.777341,39.912708],[-82.777445,39.912693],[-82.777459,39.912747],[-82.777259,39.912776]]]},"properties":{"p":"0410445000","o":"POLLITT PATRICIA A & DOUGLAS E II SURV","a":"","d":"PICKERINGTON LOCAL SCHOOL DISTRICT","t":3326.87,"l":"","c":0}},{"type":"Feature","geometry":{"type":"Polygon","coordinates":[[[-82.777582,39.913528],[-82.777475,39.91353],[-82.777474,39.913497],[-82.777379,39.91351],[-82.777378,39.913477],[-82.777581,39.913473],[-82.777582,39.913528]]]},"properties":{"p":"0410447400","o":"TAYLOR ANGELA","a":"","d":"PICKERINGTON LOCAL SCHOOL DISTRICT","t":78.94,"l":"","c":0}},{"type":"Feature","geometry":{"type":"Polygon","coordinates":[[[-82.776547,39.913496],[-82.776546,39.913463],[-82.776643,39.913472],[-82.776642,39.91344],[-82.776749,39.913437],[-82.77675,39.913492],[-82.776547,39.913496]]]},"properties":{"p":"0410451000","o":"MICHELS BENJAMIN P","a":"","d":"PICKERINGTON LOCAL SCHOOL DISTRICT","t":14.4,"l":"","c":0}},{"type":"Feature","geometry":{"type":"Polygon","coordinates":[[[-82.52017,39.908691],[-82.520169,39.908477],[-82.52036,39.908478],[-82.520392,39.908826],[-82.520242,39.908836],[-82.520215,39.908801],[-82.52017,39.90879],[-82.52017,39.908691]]]},"properties":{"p":"0460150900","o":"INNOVATIONS PROPERTY GROUP LLC","a":"","d":"WALNUT TOWNSHIP LOCAL SCHOOL DISTRICT","t":1620.63,"l":"","c":0}},{"type":"Feature","geometry":{"type":"Polygon","coordinates":[[[-82.52036,39.908478],[-82.520342,39.908278],[-82.520477,39.908268],[-82.520523,39.90854],[-82.520367,39.908552],[-82.52036,39.908478]]]},"properties":{"p":"0460137100","o":"INNOVATIONS PROPERTY GROUP LLC","a":"","d":"WALNUT TOWNSHIP LOCAL SCHOOL DISTRICT","t":631.96,"l":"","c":0}},{"type":"Feature","geometry":{"type":"Polygon","coordinates":[[[-82.520367,39.908552],[-82.520484,39.908543],[-82.520503,39.90867],[-82.520378,39.908678],[-82.520367,39.908552]]]},"properties":{"p":"0460133310","o":"INNOVATIONS PROPERTY GROUP LLC","a":"","d":"WALNUT TOWNSHIP LOCAL SCHOOL DISTRICT","t":104.99,"l":"","c":0}},{"type":"Feature","geometry":{"type":"Polygon","coordinates":[[[-82.512731,39.92101],[-82.512553,39.921],[-82.512572,39.920725],[-82.512749,39.920736],[-82.512731,39.92101]]]},"properties":{"p":"0460117700","o":"CORRELL JOE","a":"","d":"WALNUT TOWNSHIP LOCAL SCHOOL DISTRICT","t":4435.24,"l":"","c":0}},{"type":"Feature","geometry":{"type":"Polygon","coordinates":[[[-82.511459,39.921348],[-82.511103,39.921327],[-82.511112,39.92119],[-82.511468,39.921211],[-82.511459,39.921348]]]},"properties":{"p":"0460108200","o":"DOSS APRIL LYNN & EDDIE NEIL","a":"","d":"WALNUT TOWNSHIP LOCAL SCHOOL DISTRICT","t":5751.04,"l":"","c":0}},{"type":"Feature","geometry":{"type":"Polygon","coordinates":[[[-82.50745,39.922288],[-82.50748,39.921995],[-82.508,39.922024],[-82.507975,39.922319],[-82.50745,39.922288]]]},"properties":{"p":"0460097300","o":"COOK LINDA & PAUL SURV","a":"","d":"WALNUT TOWNSHIP LOCAL SCHOOL DISTRICT","t":283.46,"l":"","c":0}},{"type":"Feature","geometry":{"type":"Polygon","coordinates":[[[-82.496047,39.91723],[-82.496093,39.916947],[-82.496149,39.916877],[-82.496629,39.917074],[-82.496604,39.917088],[-82.496632,39.917255],[-82.496047,39.91723]]]},"properties":{"p":"0460080700","o":"FETTER GRACE E TRUSTEE","a":"","d":"WALNUT TOWNSHIP LOCAL SCHOOL DISTRICT","t":345.77,"l":"","c":0}},{"type":"Feature","geometry":{"type":"Polygon","coordinates":[[[-82.529504,39.905724],[-82.529653,39.905609],[-82.52978,39.90571],[-82.529627,39.905823],[-82.529504,39.905724]]]},"properties":{"p":"0460078700","o":"LAVER-BRIGNER SUZANNE M TRUSTEE JANICE A LAVER LIVING TRUST DTD 9-18-00","a":"","d":"WALNUT TOWNSHIP LOCAL SCHOOL DISTRICT","t":4155.36,"l":"","c":0}},{"type":"Feature","geometry":{"type":"Polygon","coordinates":[[[-82.528139,39.911569],[-82.528305,39.911521],[-82.528395,39.911705],[-82.528238,39.911761],[-82.528139,39.911569]]]},"properties":{"p":"0460075100","o":"DONNELLY JOHN T II","a":"","d":"WALNUT TOWNSHIP LOCAL SCHOOL DISTRICT","t":4355.12,"l":"","c":0}},{"type":"Feature","geometry":{"type":"Polygon","coordinates":[[[-82.496145,39.924793],[-82.495908,39.924501],[-82.496056,39.924422],[-82.496288,39.924711],[-82.496145,39.924793]]]},"properties":{"p":"0460054600","o":"MURPHY BRIAN & CHERYL SURV","a":"","d":"WALNUT TOWNSHIP LOCAL SCHOOL DISTRICT","t":12954.12,"l":"","c":0}},{"type":"Feature","geometry":{"type":"Polygon","coordinates":[[[-82.479884,39.910546],[-82.479961,39.909725],[-82.479517,39.9097],[-82.479568,39.909153],[-82.48067,39.909214],[-82.480601,39.910086],[-82.480209,39.910064],[-82.480151,39.910561],[-82.479884,39.910546]]]},"properties":{"p":"0460038300","o":"GILL TOM E & NIKOLE L","a":"","d":"WALNUT TOWNSHIP LOCAL SCHOOL DISTRICT","t":8712.79,"l":"","c":0}},{"type":"Feature","geometry":{"type":"Polygon","coordinates":[[[-82.481567,39.919112],[-82.481691,39.918013],[-82.483788,39.918139],[-82.483739,39.918684],[-82.484165,39.918712],[-82.484141,39.918986],[-82.483714,39.918958],[-82.48369,39.919234],[-82.481567,39.919112]]]},"properties":{"p":"0460034520","o":"BUCKEYE BEACH MARINA INC AN OHIO CORP","a":"","d":"WALNUT TOWNSHIP LOCAL SCHOOL DISTRICT","t":2881.42,"l":"","c":0}},{"type":"Feature","geometry":{"type":"Polygon","coordinates":[[[-82.481386,39.92012],[-82.481392,39.920065],[-82.481462,39.920027],[-82.481567,39.919112],[-82.48369,39.919234],[-82.483653,39.919642],[-82.484079,39.91967],[-82.484052,39.919974],[-82.483028,39.920181],[-82.482826,39.920204],[-82.482622,39.920207],[-82.481386,39.92012]]]},"properties":{"p":"0460034500","o":"BUCKEYE BEACH MARINA INC","a":"","d":"WALNUT TOWNSHIP LOCAL SCHOOL DISTRICT","t":15869.01,"l":"","c":0}},{"type":"Feature","geometry":{"type":"Polygon","coordinates":[[[-82.513395,39.921208],[-82.513404,39.921087],[-82.513764,39.92098],[-82.513919,39.921053],[-82.513395,39.921208]]]},"properties":{"p":"0460027100","o":"FEDERAL HOME LOAN MORTGAGE CORP","a":"","d":"WALNUT TOWNSHIP LOCAL SCHOOL DISTRICT","t":960.99,"l":"","c":0}},{"type":"Feature","geometry":{"type":"Polygon","coordinates":[[[-82.506582,39.87868],[-82.506627,39.878205],[-82.507542,39.87828],[-82.507394,39.879903],[-82.506473,39.879852],[-82.506582,39.87868]]]},"properties":{"p":"0460018400","o":"KIRKBRIDE RICHARD JR & ELLEN S","a":"","d":"WALNUT TOWNSHIP LOCAL SCHOOL DISTRICT","t":752.5,"l":"","c":0}},{"type":"Feature","geometry":{"type":"Polygon","coordinates":[[[-82.565963,39.899998],[-82.56454,39.899936],[-82.564635,39.898743],[-82.566058,39.898805],[-82.565963,39.899998]]]},"properties":{"p":"0460009610","o":"GIBSON DAVID TERRY ALLEN & LESLIE FAYME SURV","a":"","d":"WALNUT TOWNSHIP LOCAL SCHOOL DISTRICT","t":306.46,"l":"","c":0}},{"type":"Feature","geometry":{"type":"Polygon","coordinates":[[[-82.524375,39.891742],[-82.524431,39.891017],[-82.525428,39.891063],[-82.525372,39.891788],[-82.524375,39.891742]]]},"properties":{"p":"0460005300","o":"PARGEON VIRGINIA L","a":"","d":"WALNUT TOWNSHIP LOCAL SCHOOL DISTRICT","t":2027.95,"l":"","c":0}},{"type":"Feature","geometry":{"type":"Polygon","coordinates":[[[-82.754934,39.897294],[-82.754966,39.896937],[-82.755232,39.896951],[-82.7552,39.897307],[-82.754934,39.897294]]]},"properties":{"p":"0411212900","o":"MARSH SHEMANE MONIQUE & JOJUAN SURV","a":"","d":"PICKERINGTON LOCAL SCHOOL DISTRICT","t":4336.95,"l":"","c":0}},{"type":"Feature","geometry":{"type":"Polygon","coordinates":[[[-82.759113,39.893856],[-82.7591,39.893778],[-82.759309,39.893758],[-82.759304,39.893846],[-82.759186,39.893868],[-82.759183,39.89385],[-82.759113,39.893856]]]},"properties":{"p":"0411181000","o":"WANGLER DIANE M TRUSTEE","a":"","d":"PICKERINGTON LOCAL SCHOOL DISTRICT","t":754.21,"l":"","c":0}},{"type":"Feature","geometry":{"type":"Polygon","coordinates":[[[-82.769824,39.868452],[-82.769842,39.868261],[-82.770316,39.868286],[-82.770319,39.868479],[-82.769824,39.868452]]]},"properties":{"p":"0411173900","o":"ATAKORA TIFFANY JENNINGS & PETER B SURV","a":"","d":"PICKERINGTON LOCAL SCHOOL DISTRICT","t":151.16,"l":"","c":0}},{"type":"Feature","geometry":{"type":"Polygon","coordinates":[[[-82.786581,39.92905],[-82.786582,39.929038],[-82.785691,39.928995],[-82.785719,39.928529],[-82.785541,39.92815],[-82.786156,39.92797],[-82.786193,39.927942],[-82.786238,39.927845],[-82.786234,39.92749],[-82.786249,39.927464],[-82.786513,39.927429],[-82.786732,39.927333],[-82.786746,39.927349],[-82.786865,39.927339],[-82.787669,39.928311],[-82.787637,39.929142],[-82.787107,39.929113],[-82.786581,39.92905]]]},"properties":{"p":"0411166800","o":"WALKERS CORNER II LLC","a":"","d":"PICKERINGTON LOCAL SCHOOL DISTRICT","t":211849.24,"l":"","c":0}},{"type":"Feature","geometry":{"type":"Polygon","coordinates":[[[-82.780686,39.875324],[-82.780719,39.874982],[-82.781003,39.874998],[-82.78097,39.875341],[-82.780686,39.875324]]]},"properties":{"p":"0411004200","o":"GONZALEZ JAVIER A & DAWN M SURV","a":"","d":"PICKERINGTON LOCAL SCHOOL DISTRICT","t":9641.84,"l":"","c":0}},{"type":"Feature","geometry":{"type":"Polygon","coordinates":[[[-82.778527,39.874932],[-82.776887,39.874851],[-82.776891,39.87481],[-82.777442,39.874842],[-82.777479,39.874459],[-82.776654,39.873764],[-82.776192,39.873737],[-82.776158,39.874079],[-82.775962,39.874068],[-82.775996,39.873726],[-82.775339,39.873687],[-82.775357,39.873496],[-82.775425,39.873382],[-82.775543,39.873256],[-82.775703,39.873162],[-82.775892,39.873107],[-82.776098,39.873096],[-82.778692,39.873236],[-82.778527,39.874932]]]},"properties":{"p":"0410747900","o":"C V LAND II LLC & PRESTON TRAILS HOMEOWNERS ASSOC INC","a":"","d":"PICKERINGTON LOCAL SCHOOL DISTRICT","t":10390.7,"l":"","c":0}},{"type":"Feature","geometry":{"type":"Polygon","coordinates":[[[-82.76655,39.887753],[-82.766487,39.887718],[-82.76642,39.887706],[-82.766653,39.887389],[-82.767021,39.887411],[-82.766999,39.887641],[-82.76655,39.887753]]]},"properties":{"p":"0410724800","o":"SANDERS JOEL & SHALETHA A SURV","a":"","d":"PICKERINGTON LOCAL SCHOOL DISTRICT","t":5719.5,"l":"","c":0}},{"type":"Feature","geometry":{"type":"Polygon","coordinates":[[[-82.762602,39.870373],[-82.76215,39.870348],[-82.762165,39.870184],[-82.762617,39.870208],[-82.762602,39.870373]]]},"properties":{"p":"0410650100","o":"BECHTEL BEVERLY J","a":"","d":"PICKERINGTON LOCAL SCHOOL DISTRICT","t":3880.86,"l":"","c":0}},{"type":"Feature","geometry":{"type":"Polygon","coordinates":[[[-82.763867,39.888192],[-82.763441,39.888167],[-82.763457,39.888003],[-82.763883,39.888028],[-82.763867,39.888192]]]},"properties":{"p":"0410548400","o":"BELLEW AMANDA","a":"","d":"PICKERINGTON LOCAL SCHOOL DISTRICT","t":5006.56,"l":"","c":0}},{"type":"Feature","geometry":{"type":"Polygon","coordinates":[[[-82.762689,39.889639],[-82.7627,39.88952],[-82.763061,39.889338],[-82.763086,39.889394],[-82.763147,39.88944],[-82.762974,39.889778],[-82.762689,39.889639]]]},"properties":{"p":"0410547500","o":"SIMS ALONZO","a":"","d":"PICKERINGTON LOCAL SCHOOL DISTRICT","t":490.68,"l":"","c":0}},{"type":"Feature","geometry":{"type":"Polygon","coordinates":[[[-82.791554,39.930704],[-82.791726,39.930674],[-82.791665,39.930277],[-82.791631,39.929776],[-82.792067,39.929688],[-82.792564,39.929421],[-82.792877,39.929116],[-82.792979,39.930373],[-82.791963,39.930414],[-82.791862,39.930451],[-82.791814,39.930528],[-82.791833,39.930684],[-82.791824,39.93074],[-82.791789,39.930799],[-82.791717,39.930868],[-82.791696,39.930929],[-82.791736,39.931179],[-82.791804,39.931284],[-82.791841,39.93127],[-82.791871,39.931318],[-82.791763,39.931346],[-82.791663,39.931422],[-82.791554,39.930704]]]},"properties":{"p":"0410467515","o":"INFINITY GROUP HOSPITALITY LLC","a":"","d":"PICKERINGTON LOCAL SCHOOL DISTRICT","t":13759.11,"l":"","c":0}},{"type":"Feature","geometry":{"type":"Polygon","coordinates":[[[-82.775256,39.913345],[-82.775261,39.91329],[-82.775463,39.9133],[-82.775461,39.913333],[-82.775366,39.913317],[-82.775363,39.91335],[-82.775256,39.913345]]]},"properties":{"p":"0410455000","o":"KLINE TAMARA","a":"","d":"PICKERINGTON LOCAL SCHOOL DISTRICT","t":96.47,"l":"","c":0}},{"type":"Feature","geometry":{"type":"Polygon","coordinates":[[[-82.485542,39.916222],[-82.485576,39.916222],[-82.48555,39.916496],[-82.485194,39.916475],[-82.485212,39.916421],[-82.485396,39.916267],[-82.485542,39.916222]]]},"properties":{"p":"0461105200","o":"DREAM BUILDER INVESTMENTS LLC","a":"","d":"WALNUT TOWNSHIP LOCAL SCHOOL DISTRICT","t":2584.11,"l":"","c":0}},{"type":"Feature","geometry":{"type":"Polygon","coordinates":[[[-82.484346,39.91648],[-82.484352,39.916426],[-82.484707,39.916446],[-82.484691,39.91661],[-82.484336,39.91659],[-82.484346,39.91648]]]},"properties":{"p":"0461106800","o":"GRIMM JOHN B","a":"","d":"WALNUT TOWNSHIP LOCAL SCHOOL DISTRICT","t":1192.11,"l":"","c":0}},{"type":"Feature","geometry":{"type":"Polygon","coordinates":[[[-82.483957,39.911614],[-82.483962,39.911559],[-82.484317,39.91158],[-82.484307,39.91169],[-82.483951,39.911669],[-82.483957,39.911614]]]},"properties":{"p":"0461149300","o":"COCHRUN JOSEPH","a":"","d":"WALNUT TOWNSHIP LOCAL SCHOOL DISTRICT","t":808.84,"l":"","c":0}},{"type":"Feature","geometry":{"type":"Polygon","coordinates":[[[-82.615067,39.728897],[-82.615077,39.72876],[-82.615539,39.728782],[-82.615528,39.728919],[-82.615067,39.728897]]]},"properties":{"p":"0531101900","o":"MILLER JONI","a":"0  WASHINGTON AV","d":"LANCASTER CITY SCHOOL DISTRICT","t":41.2,"l":"500: Res-Vacant Land","c":0}},{"type":"Feature","geometry":{"type":"Polygon","coordinates":[[[-82.615088,39.728623],[-82.615099,39.728486],[-82.61556,39.728507],[-82.615549,39.728644],[-82.615088,39.728623]]]},"properties":{"p":"0531102100","o":"MILLER JONI","a":"0  WASHINGTON AV","d":"LANCASTER CITY SCHOOL DISTRICT","t":56.67,"l":"500: Res-Vacant Land","c":0}},{"type":"Feature","geometry":{"type":"Polygon","coordinates":[[[-82.61556,39.728507],[-82.615099,39.728486],[-82.615109,39.728349],[-82.615571,39.72837],[-82.61556,39.728507]]]},"properties":{"p":"0531102200","o":"MILLER JONI","a":"0  WASHINGTON AV","d":"LANCASTER CITY SCHOOL DISTRICT","t":56.67,"l":"500: Res-Vacant Land","c":0}},{"type":"Feature","geometry":{"type":"Polygon","coordinates":[[[-82.615571,39.72837],[-82.615109,39.728349],[-82.61512,39.728212],[-82.615581,39.728233],[-82.615571,39.72837]]]},"properties":{"p":"0531102300","o":"MILLER JONI","a":"0  WASHINGTON AV","d":"LANCASTER CITY SCHOOL DISTRICT","t":56.67,"l":"500: Res-Vacant Land","c":0}},{"type":"Feature","geometry":{"type":"Polygon","coordinates":[[[-82.615603,39.727959],[-82.615141,39.727938],[-82.615152,39.727801],[-82.615613,39.727822],[-82.615603,39.727959]]]},"properties":{"p":"0531102600","o":"COOPER ANNIE MAY","a":"0  WASHINGTON AV","d":"LANCASTER CITY SCHOOL DISTRICT","t":237.42,"l":"500: Res-Vacant Land","c":0}},{"type":"Feature","geometry":{"type":"Polygon","coordinates":[[[-82.615024,39.728895],[-82.614563,39.728874],[-82.614573,39.728737],[-82.615035,39.728758],[-82.615024,39.728895]]]},"properties":{"p":"0531101800","o":"MILLER JONI","a":"0  HARRISON AV","d":"LANCASTER CITY SCHOOL DISTRICT","t":38.44,"l":"500: Res-Vacant Land","c":0}},{"type":"Feature","geometry":{"type":"Polygon","coordinates":[[[-82.615056,39.728484],[-82.614595,39.728463],[-82.614605,39.728326],[-82.615067,39.728347],[-82.615056,39.728484]]]},"properties":{"p":"0531101500","o":"MILLER JONI","a":"0  HARRISON AV","d":"LANCASTER CITY SCHOOL DISTRICT","t":56.67,"l":"500: Res-Vacant Land","c":0}},{"type":"Feature","geometry":{"type":"Polygon","coordinates":[[[-82.615067,39.728347],[-82.614605,39.728326],[-82.614616,39.728189],[-82.615077,39.72821],[-82.615067,39.728347]]]},"properties":{"p":"0531101400","o":"MILLER JONI","a":"0  HARRISON AV","d":"LANCASTER CITY SCHOOL DISTRICT","t":56.67,"l":"500: Res-Vacant Land","c":0}},{"type":"Feature","geometry":{"type":"Polygon","coordinates":[[[-82.615077,39.72821],[-82.614616,39.728189],[-82.614627,39.728052],[-82.615088,39.728073],[-82.615077,39.72821]]]},"properties":{"p":"0531101300","o":"MILLER JONI","a":"0  HARRISON AV","d":"LANCASTER CITY SCHOOL DISTRICT","t":56.67,"l":"500: Res-Vacant Land","c":0}},{"type":"Feature","geometry":{"type":"Polygon","coordinates":[[[-82.613966,39.727746],[-82.613937,39.728127],[-82.613698,39.727734],[-82.613966,39.727746]]]},"properties":{"p":"0531100200","o":"JESTER JONATHAN P","a":"0  HARRISON AV","d":"LANCASTER CITY SCHOOL DISTRICT","t":30.19,"l":"500: Res-Vacant Land","c":0}},{"type":"Feature","geometry":{"type":"Polygon","coordinates":[[[-82.613402,39.726758],[-82.613368,39.727191],[-82.613097,39.726743],[-82.613402,39.726758]]]},"properties":{"p":"0531100000","o":"PEARCE FRANCES","a":"0  GOODWIN AV","d":"LANCASTER CITY SCHOOL DISTRICT","t":6446.08,"l":"500: Res-Vacant Land","c":0}},{"type":"Feature","geometry":{"type":"Polygon","coordinates":[[[-82.613434,39.726346],[-82.612973,39.726325],[-82.612983,39.726188],[-82.613445,39.726209],[-82.613434,39.726346]]]},"properties":{"p":"0531099600","o":"GILMORE PROPERTY BUYERS LLC","a":"1000  GOODWIN AVE  LANCASTER 43130","d":"LANCASTER CITY SCHOOL DISTRICT","t":7680.45,"l":"510: Res-Single Family","c":0}},{"type":"Feature","geometry":{"type":"Polygon","coordinates":[[[-82.613988,39.727472],[-82.613526,39.727451],[-82.613537,39.727314],[-82.613998,39.727335],[-82.613988,39.727472]]]},"properties":{"p":"0531098500","o":"PEARCE FRANCES","a":"0  GOODWIN AV","d":"LANCASTER CITY SCHOOL DISTRICT","t":4224.49,"l":"500: Res-Vacant Land","c":0}},{"type":"Feature","geometry":{"type":"Polygon","coordinates":[[[-82.619113,39.725063],[-82.619141,39.724697],[-82.619295,39.724704],[-82.619266,39.725087],[-82.619112,39.72508],[-82.619113,39.725063]]]},"properties":{"p":"0531076610","o":"MONTESSORI SOCIETY OF LANCASTER","a":"1111 W FAIR AVE","d":"LANCASTER CITY SCHOOL DISTRICT","t":49.25,"l":"650: Exm-Board of Education","c":0}},{"type":"Feature","geometry":{"type":"Polygon","coordinates":[[[-82.613962,39.717245],[-82.613823,39.717242],[-82.613871,39.716639],[-82.61401,39.716642],[-82.613962,39.717245]]]},"properties":{"p":"0531059400","o":"DANNER LISA","a":"619 W MULBERRY ST  LANCASTER 43130","d":"LANCASTER CITY SCHOOL DISTRICT","t":148.24,"l":"510: Res-Single Family","c":0}},{"type":"Feature","geometry":{"type":"Polygon","coordinates":[[[-82.61487,39.716379],[-82.614636,39.716372],[-82.614644,39.716267],[-82.614879,39.716274],[-82.61487,39.716379]]]},"properties":{"p":"0531058400","o":"ANDERSON LARRY R","a":"0  WELSH AVE","d":"LANCASTER CITY SCHOOL DISTRICT","t":2109.83,"l":"510: Res-Single Family","c":0}},{"type":"Feature","geometry":{"type":"Polygon","coordinates":[[[-82.614418,39.716156],[-82.614422,39.716103],[-82.614891,39.716116],[-82.614879,39.716274],[-82.61441,39.716261],[-82.614418,39.716156]]]},"properties":{"p":"0531058300","o":"BARRETT LORETTA M","a":"227  WELSH AVE  LANCASTER 43130","d":"LANCASTER CITY SCHOOL DISTRICT","t":1703.1,"l":"560: Res-Mobile Home","c":0}},{"type":"Feature","geometry":{"type":"Polygon","coordinates":[[[-82.615449,39.715551],[-82.61498,39.715538],[-82.614989,39.715433],[-82.615458,39.715445],[-82.615449,39.715551]]]},"properties":{"p":"0531057500","o":"200 HARRISON AVE LLC","a":"200  HARRISON AVE  LANCASTER 43130","d":"LANCASTER CITY SCHOOL DISTRICT","t":2295.59,"l":"430: Com-Retaurant","c":0}},{"type":"Feature","geometry":{"type":"Polygon","coordinates":[[[-82.615441,39.715656],[-82.614972,39.715643],[-82.61498,39.715538],[-82.615449,39.715551],[-82.615441,39.715656]]]},"properties":{"p":"0531057400","o":"200 HARRISON AVE LLC","a":"206  HARRISON AVE  LANCASTER 43130","d":"LANCASTER CITY SCHOOL DISTRICT","t":1369.06,"l":"510: Res-Single Family","c":0}},{"type":"Feature","geometry":{"type":"Polygon","coordinates":[[[-82.615793,39.719287],[-82.615332,39.719265],[-82.61534,39.719162],[-82.615801,39.719184],[-82.615793,39.719287]]]},"properties":{"p":"0531051200","o":"801 W FIFTH AVE LLC","a":"801 W FIFTH AVE  LANCASTER 43130","d":"LANCASTER CITY SCHOOL DISTRICT","t":187.16,"l":"401: Com-Apartment- 4 to 19","c":0}},{"type":"Feature","geometry":{"type":"Polygon","coordinates":[[[-82.615879,39.718284],[-82.615418,39.718262],[-82.615425,39.718167],[-82.615887,39.718189],[-82.615879,39.718284]]]},"properties":{"p":"0531050300","o":"JENKINS JENNIFER & GREGORY SURV","a":"405  HARRISON AVE","d":"LANCASTER CITY SCHOOL DISTRICT","t":1266.08,"l":"510: Res-Single Family","c":0}},{"type":"Feature","geometry":{"type":"Polygon","coordinates":[[[-82.615947,39.723675],[-82.615486,39.723653],[-82.615495,39.723542],[-82.615956,39.723564],[-82.615947,39.723675]]]},"properties":{"p":"0531041000","o":"SNOKE CHERYL L","a":"820  WASHINGTON AVE","d":"LANCASTER CITY SCHOOL DISTRICT","t":669.6,"l":"510: Res-Single Family","c":0}},{"type":"Feature","geometry":{"type":"Polygon","coordinates":[[[-82.616583,39.71811],[-82.616591,39.718007],[-82.616845,39.718019],[-82.616836,39.718124],[-82.616583,39.71811]]]},"properties":{"p":"0531035410","o":"KLF2 INC","a":"401  WASHINGTON AVE","d":"LANCASTER CITY SCHOOL DISTRICT","t":76.97,"l":"420: Com-Retail-Small","c":0}},{"type":"Feature","geometry":{"type":"Polygon","coordinates":[[[-82.617373,39.720192],[-82.616912,39.72017],[-82.61692,39.720067],[-82.617381,39.720089],[-82.617373,39.720192]]]},"properties":{"p":"0531030200","o":"MASH VALORIE L NKA JACKSON VALORIE","a":"528  GARFIELD AVE","d":"LANCASTER CITY SCHOOL DISTRICT","t":8.18,"l":"510: Res-Single Family","c":0}},{"type":"Feature","geometry":{"type":"Polygon","coordinates":[[[-82.618148,39.718599],[-82.617686,39.718577],[-82.617695,39.718474],[-82.618156,39.718496],[-82.618148,39.718599]]]},"properties":{"p":"0531023200","o":"ALFA HOME SOLUTIONS LLC","a":"417  GARFIELD AVE","d":"LANCASTER CITY SCHOOL DISTRICT","t":4564.08,"l":"500: Res-Vacant Land","c":0}},{"type":"Feature","geometry":{"type":"Polygon","coordinates":[[[-82.544365,39.840524],[-82.544393,39.840112],[-82.544653,39.840122],[-82.544624,39.840534],[-82.544365,39.840524]]]},"properties":{"p":"0520382000","o":"RUCKMAN JAMES L","a":"2258  MAIN ST  THURSTON 43157","d":"LIBERTY UNION-THURSTON LOCAL SCHOOL DISTRICT","t":239,"l":"510: Res-Single Family","c":0}},{"type":"Feature","geometry":{"type":"Polygon","coordinates":[[[-82.539816,39.841618],[-82.539727,39.841614],[-82.539739,39.841477],[-82.540429,39.84151],[-82.540418,39.841647],[-82.539816,39.841618]]]},"properties":{"p":"0520381300","o":"BENSON SARA K","a":"8115  LONG ST  THURSTON 43157","d":"LIBERTY UNION-THURSTON LOCAL SCHOOL DISTRICT","t":4087.43,"l":"500: Res-Vacant Land","c":0}},{"type":"Feature","geometry":{"type":"Polygon","coordinates":[[[-82.54046,39.841649],[-82.540472,39.841512],[-82.541041,39.841539],[-82.54103,39.841663],[-82.540738,39.841642],[-82.540669,39.841654],[-82.54046,39.841649]]]},"properties":{"p":"0520381000","o":"PRATHER TAMIRA F","a":"8104  ELM ST  THURSTON 43157","d":"LIBERTY UNION-THURSTON LOCAL SCHOOL DISTRICT","t":1888.26,"l":"599: Res-Other","c":0}},{"type":"Feature","geometry":{"type":"Polygon","coordinates":[[[-82.542318,39.840455],[-82.542356,39.840025],[-82.542534,39.840034],[-82.542496,39.840463],[-82.542318,39.840455]]]},"properties":{"p":"0520375000","o":"WHITE JANET","a":"2366  MAIN ST  THURSTON 43157","d":"LIBERTY UNION-THURSTON LOCAL SCHOOL DISTRICT","t":1359.46,"l":"560: Res-Mobile Home","c":0}},{"type":"Feature","geometry":{"type":"Polygon","coordinates":[[[-82.53981,39.84327],[-82.539591,39.84326],[-82.539608,39.843054],[-82.542068,39.843169],[-82.542052,39.843374],[-82.53981,39.84327]]]},"properties":{"p":"0520367690","o":"WHIGHTSEL VICKIE & SNOKE ANGEL","a":"0  ELM ST","d":"LIBERTY UNION-THURSTON LOCAL SCHOOL DISTRICT","t":1458.64,"l":"199: Agr-CAUV-Other","c":0}},{"type":"Feature","geometry":{"type":"Polygon","coordinates":[[[-82.534502,39.893269],[-82.534525,39.892995],[-82.535237,39.893029],[-82.535214,39.893303],[-82.534502,39.893269]]]},"properties":{"p":"0510366400","o":"FORWARD VISION PROPERTY LLC","a":"2426  BLACKLICK-EASTERN RD  MILLERSPORT 43046","d":"WALNUT TOWNSHIP LOCAL SCHOOL DISTRICT","t":2440.31,"l":"435: Com-Drive In","c":0}},{"type":"Feature","geometry":{"type":"Polygon","coordinates":[[[-82.530264,39.902643],[-82.530273,39.902531],[-82.530656,39.902544],[-82.530647,39.902657],[-82.530264,39.902643]]]},"properties":{"p":"0510353700","o":"HAZELWOOD CLAYTON A","a":"","d":"WALNUT TOWNSHIP LOCAL SCHOOL DISTRICT","t":200.4,"l":"","c":0}},{"type":"Feature","geometry":{"type":"Polygon","coordinates":[[[-82.530277,39.902479],[-82.530279,39.902452],[-82.530662,39.902465],[-82.530659,39.902493],[-82.530277,39.902479]]]},"properties":{"p":"0510353600","o":"HAZELWOOD CLAYTON A","a":"","d":"WALNUT TOWNSHIP LOCAL SCHOOL DISTRICT","t":176.77,"l":"","c":0}},{"type":"Feature","geometry":{"type":"Polygon","coordinates":[[[-82.530273,39.902531],[-82.530277,39.902479],[-82.530659,39.902493],[-82.530656,39.902544],[-82.530273,39.902531]]]},"properties":{"p":"0510353500","o":"HAZELWOOD CLAYTON A","a":"","d":"WALNUT TOWNSHIP LOCAL SCHOOL DISTRICT","t":34.16,"l":"","c":0}},{"type":"Feature","geometry":{"type":"Polygon","coordinates":[[[-82.526779,39.898562],[-82.526637,39.898555],[-82.526668,39.898171],[-82.52681,39.898178],[-82.526779,39.898562]]]},"properties":{"p":"0510339800","o":"GIBSON DAVID T & LESLIE F SURV","a":"","d":"WALNUT TOWNSHIP LOCAL SCHOOL DISTRICT","t":443.54,"l":"","c":0}},{"type":"Feature","geometry":{"type":"Polygon","coordinates":[[[-82.525192,39.8992],[-82.524871,39.899185],[-82.524881,39.89907],[-82.525201,39.899085],[-82.525192,39.8992]]]},"properties":{"p":"0510335400","o":"TLC SIGNATURE HOMES LLC","a":"","d":"WALNUT TOWNSHIP LOCAL SCHOOL DISTRICT","t":833.96,"l":"","c":0}},{"type":"Feature","geometry":{"type":"Polygon","coordinates":[[[-82.524811,39.89993],[-82.524821,39.89981],[-82.524978,39.899855],[-82.52497,39.899956],[-82.524811,39.89993]]]},"properties":{"p":"0510333700","o":"121259TH LLC","a":"","d":"WALNUT TOWNSHIP LOCAL SCHOOL DISTRICT","t":307.85,"l":"","c":0}},{"type":"Feature","geometry":{"type":"Polygon","coordinates":[[[-82.52497,39.899956],[-82.524978,39.899855],[-82.525135,39.8999],[-82.525128,39.899982],[-82.52497,39.899956]]]},"properties":{"p":"0510333600","o":"121259TH LLC","a":"","d":"WALNUT TOWNSHIP LOCAL SCHOOL DISTRICT","t":19.02,"l":"","c":0}},{"type":"Feature","geometry":{"type":"Polygon","coordinates":[[[-82.525654,39.899222],[-82.525663,39.899107],[-82.525985,39.899109],[-82.525974,39.899238],[-82.525654,39.899222]]]},"properties":{"p":"0510332800","o":"SELLARS GARY E TRUSTEE GARY E SELLARS REVOCABLE TRUST","a":"","d":"WALNUT TOWNSHIP LOCAL SCHOOL DISTRICT","t":66.65,"l":"","c":0}},{"type":"Feature","geometry":{"type":"Polygon","coordinates":[[[-82.527511,39.899659],[-82.527191,39.899643],[-82.5272,39.899528],[-82.527521,39.899544],[-82.527511,39.899659]]]},"properties":{"p":"0510326300","o":"FLEMING CRYSTAL D & SOMMER ADAM F SURV","a":"","d":"WALNUT TOWNSHIP LOCAL SCHOOL DISTRICT","t":1420.64,"l":"","c":0}},{"type":"Feature","geometry":{"type":"Polygon","coordinates":[[[-82.530838,39.900293],[-82.530872,39.899877],[-82.530917,39.899864],[-82.530884,39.900277],[-82.530838,39.900293]]]},"properties":{"p":"0510315500","o":"COOK MIKE","a":"","d":"WALNUT TOWNSHIP LOCAL SCHOOL DISTRICT","t":1832.8,"l":"","c":0}},{"type":"Feature","geometry":{"type":"Polygon","coordinates":[[[-82.537088,39.897798],[-82.537098,39.897648],[-82.53711,39.897648],[-82.537088,39.897798]]]},"properties":{"p":"0510305200","o":"SMART JOHN W","a":"","d":"WALNUT TOWNSHIP LOCAL SCHOOL DISTRICT","t":67.68,"l":"","c":0}},{"type":"Feature","geometry":{"type":"Polygon","coordinates":[[[-82.530615,39.903195],[-82.52985,39.90317],[-82.529879,39.902671],[-82.530644,39.902702],[-82.530615,39.903195]]]},"properties":{"p":"0510296400","o":"HAZELWOOD CLAYTON A","a":"","d":"WALNUT TOWNSHIP LOCAL SCHOOL DISTRICT","t":2283.14,"l":"","c":0}},{"type":"Feature","geometry":{"type":"Polygon","coordinates":[[[-82.525522,39.810394],[-82.525053,39.810368],[-82.52507,39.810187],[-82.525539,39.810213],[-82.525522,39.810394]]]},"properties":{"p":"0500285400","o":"PECK MARK ALLEN","a":"","d":"FAIRFIELD UNION LOCAL SCHOOL DISTRICT","t":1745.39,"l":"","c":0}},{"type":"Feature","geometry":{"type":"Polygon","coordinates":[[[-82.519846,39.811621],[-82.519629,39.811293],[-82.520224,39.811321],[-82.520212,39.81148],[-82.519846,39.811621]]]},"properties":{"p":"0500274200","o":"MYERS O CONRAD & ALLEN JULIENNE CO TTEES MYERS-ALLEN FAM REV LVG TRT DTD 7-17-26","a":"","d":"FAIRFIELD UNION LOCAL SCHOOL DISTRICT","t":2703.31,"l":"","c":0}},{"type":"Feature","geometry":{"type":"Polygon","coordinates":[[[-82.569626,39.82606],[-82.569641,39.825849],[-82.571012,39.826332],[-82.569611,39.826269],[-82.569626,39.82606]]]},"properties":{"p":"0490266400","o":"RITCHEY ROBERT R TRUSTEE RITCHEY ROBERT R REV TRUST","a":"","d":"LIBERTY UNION-THURSTON LOCAL SCHOOL DISTRICT","t":3.69,"l":"","c":0}},{"type":"Feature","geometry":{"type":"Polygon","coordinates":[[[-82.573838,39.855859],[-82.573864,39.855428],[-82.574753,39.855465],[-82.574727,39.855893],[-82.573838,39.855859]]]},"properties":{"p":"0490254100","o":"HOWES SCOTT A & BETH A SURV","a":"","d":"LIBERTY UNION-THURSTON LOCAL SCHOOL DISTRICT","t":447.32,"l":"","c":0}},{"type":"Feature","geometry":{"type":"Polygon","coordinates":[[[-82.573838,39.855859],[-82.574727,39.855893],[-82.574713,39.856129],[-82.573791,39.856618],[-82.573838,39.855859]]]},"properties":{"p":"0490251600","o":"HOWES SCOTT A & BETH A SURV","a":"","d":"LIBERTY UNION-THURSTON LOCAL SCHOOL DISTRICT","t":3666.19,"l":"","c":0}},{"type":"Feature","geometry":{"type":"Polygon","coordinates":[[[-82.567012,39.859545],[-82.56704,39.859203],[-82.568751,39.859292],[-82.567515,39.859952],[-82.567546,39.85957],[-82.567012,39.859545]]]},"properties":{"p":"0490250910","o":"BAKER JERRY WAYNE","a":"","d":"LIBERTY UNION-THURSTON LOCAL SCHOOL DISTRICT","t":5304.24,"l":"","c":0}},{"type":"Feature","geometry":{"type":"Polygon","coordinates":[[[-82.568751,39.859292],[-82.570092,39.858584],[-82.570209,39.858837],[-82.568489,39.859763],[-82.567006,39.860619],[-82.566928,39.86064],[-82.56696,39.860254],[-82.568751,39.859292]]]},"properties":{"p":"0490250488","o":"STATE OF OHIO","a":"","d":"LIBERTY UNION-THURSTON LOCAL SCHOOL DISTRICT","t":57.27,"l":"","c":0}},{"type":"Feature","geometry":{"type":"Polygon","coordinates":[[[-82.47129,39.893721],[-82.472108,39.89366],[-82.472146,39.894026],[-82.471332,39.894114],[-82.47129,39.893721]]]},"properties":{"p":"0480241110","o":"LITTLER LOIS A","a":"","d":"NORTHERN LOCAL SCHOOL DISTRICT","t":599.67,"l":"","c":0}},{"type":"Feature","geometry":{"type":"Polygon","coordinates":[[[-82.473606,39.847073],[-82.473811,39.846984],[-82.474114,39.847397],[-82.473909,39.847486],[-82.473606,39.847073]]]},"properties":{"p":"0470231200","o":"LOWE ERIC","a":"","d":"FAIRFIELD UNION LOCAL SCHOOL DISTRICT","t":213.36,"l":"","c":0}},{"type":"Feature","geometry":{"type":"Polygon","coordinates":[[[-82.473219,39.847242],[-82.473389,39.847168],[-82.473692,39.847581],[-82.473522,39.847655],[-82.473219,39.847242]]]},"properties":{"p":"0470231000","o":"LOWE ERIC","a":"","d":"FAIRFIELD UNION LOCAL SCHOOL DISTRICT","t":160.46,"l":"","c":0}},{"type":"Feature","geometry":{"type":"Polygon","coordinates":[[[-82.527142,39.81151],[-82.52641,39.811476],[-82.526439,39.810666],[-82.527217,39.810703],[-82.527142,39.81151]]]},"properties":{"p":"0470226410","o":"HARTMAN JESSE & PARKER TESSA D SURV","a":"","d":"FAIRFIELD UNION LOCAL SCHOOL DISTRICT","t":189.41,"l":"","c":0}},{"type":"Feature","geometry":{"type":"Polygon","coordinates":[[[-82.474752,39.84721],[-82.475086,39.847064],[-82.475432,39.847551],[-82.475111,39.847695],[-82.474752,39.84721]]]},"properties":{"p":"0470219300","o":"TERRY RUSSELL DAVID","a":"","d":"FAIRFIELD UNION LOCAL SCHOOL DISTRICT","t":809.31,"l":"","c":0}},{"type":"Feature","geometry":{"type":"Polygon","coordinates":[[[-82.471867,39.8438],[-82.471901,39.84351],[-82.472699,39.843563],[-82.472655,39.843946],[-82.471856,39.843892],[-82.471867,39.8438]]]},"properties":{"p":"0470219000","o":"WYETH ROBERT H","a":"","d":"FAIRFIELD UNION LOCAL SCHOOL DISTRICT","t":107.66,"l":"","c":0}},{"type":"Feature","geometry":{"type":"Polygon","coordinates":[[[-82.474752,39.84721],[-82.474075,39.846288],[-82.474426,39.846134],[-82.475118,39.847049],[-82.474752,39.84721]]]},"properties":{"p":"0470218851","o":"KOHEN BRADY E & CASSAUNDRA J SURV","a":"","d":"FAIRFIELD UNION LOCAL SCHOOL DISTRICT","t":5592.09,"l":"","c":0}},{"type":"Feature","geometry":{"type":"Polygon","coordinates":[[[-82.489697,39.841966],[-82.489767,39.841351],[-82.491172,39.841434],[-82.491103,39.84205],[-82.489697,39.841966]]]},"properties":{"p":"0470218130","o":"COOPER-HOFFMANN RAGINA A","a":"","d":"FAIRFIELD UNION LOCAL SCHOOL DISTRICT","t":56.15,"l":"","c":0}},{"type":"Feature","geometry":{"type":"Polygon","coordinates":[[[-82.480241,39.91085],[-82.480264,39.910615],[-82.480619,39.910635],[-82.480597,39.91087],[-82.480241,39.91085]]]},"properties":{"p":"0461154700","o":"OFFER EXPRESS LTD","a":"","d":"WALNUT TOWNSHIP LOCAL SCHOOL DISTRICT","t":884.63,"l":"","c":0}},{"type":"Feature","geometry":{"type":"Polygon","coordinates":[[[-82.480942,39.910998],[-82.480586,39.910979],[-82.480591,39.910924],[-82.480947,39.910944],[-82.480942,39.910998]]]},"properties":{"p":"0461154000","o":"SIMS JILL S","a":"","d":"WALNUT TOWNSHIP LOCAL SCHOOL DISTRICT","t":94.5,"l":"","c":0}},{"type":"Feature","geometry":{"type":"Polygon","coordinates":[[[-82.482234,39.911681],[-82.48224,39.911626],[-82.482595,39.911647],[-82.482574,39.911866],[-82.482219,39.911845],[-82.482234,39.911681]]]},"properties":{"p":"0461151210","o":"GIERHART SHIRLEY A","a":"","d":"WALNUT TOWNSHIP LOCAL SCHOOL DISTRICT","t":1744.41,"l":"","c":0}},{"type":"Feature","geometry":{"type":"Polygon","coordinates":[[[-82.482738,39.911654],[-82.482743,39.911599],[-82.483098,39.91162],[-82.483046,39.912168],[-82.48269,39.912146],[-82.482738,39.911654]]]},"properties":{"p":"0461150700","o":"LPGH LLC","a":"","d":"WALNUT TOWNSHIP LOCAL SCHOOL DISTRICT","t":679.26,"l":"","c":0}},{"type":"Feature","geometry":{"type":"Polygon","coordinates":[[[-82.48314,39.911182],[-82.483146,39.911127],[-82.483501,39.911149],[-82.483469,39.911477],[-82.483114,39.911456],[-82.48314,39.911182]]]},"properties":{"p":"0461150700","o":"LPGH LLC","a":"","d":"WALNUT TOWNSHIP LOCAL SCHOOL DISTRICT","t":679.26,"l":"","c":0}},{"type":"Feature","geometry":{"type":"Polygon","coordinates":[[[-82.485339,39.911362],[-82.485345,39.911307],[-82.4857,39.911328],[-82.485669,39.911656],[-82.485313,39.911635],[-82.485339,39.911362]]]},"properties":{"p":"0461147500","o":"CLAGG MILTON J II & MAHARG TERESA L","a":"","d":"WALNUT TOWNSHIP LOCAL SCHOOL DISTRICT","t":100.4,"l":"","c":0}},{"type":"Feature","geometry":{"type":"Polygon","coordinates":[[[-82.485224,39.912568],[-82.48525,39.912292],[-82.485605,39.912313],[-82.485579,39.912588],[-82.485224,39.912568]]]},"properties":{"p":"0461147300","o":"13111 ASPEN ROAD LLC","a":"","d":"WALNUT TOWNSHIP LOCAL SCHOOL DISTRICT","t":93.13,"l":"","c":0}},{"type":"Feature","geometry":{"type":"Polygon","coordinates":[[[-82.485611,39.912259],[-82.485616,39.912204],[-82.485913,39.912222],[-82.485904,39.912331],[-82.485605,39.912313],[-82.485611,39.912259]]]},"properties":{"p":"0461146700","o":"LAIRD JUSTIN & BRIE SURV","a":"","d":"WALNUT TOWNSHIP LOCAL SCHOOL DISTRICT","t":219.14,"l":"","c":0}},{"type":"Feature","geometry":{"type":"Polygon","coordinates":[[[-82.4856,39.912368],[-82.485605,39.912313],[-82.485904,39.912331],[-82.48588,39.912605],[-82.485579,39.912588],[-82.4856,39.912368]]]},"properties":{"p":"0461146600","o":"LAIRD JUSTIN & BRIE SURV","a":"","d":"WALNUT TOWNSHIP LOCAL SCHOOL DISTRICT","t":491.49,"l":"","c":0}},{"type":"Feature","geometry":{"type":"Polygon","coordinates":[[[-82.480417,39.912732],[-82.480423,39.912678],[-82.480778,39.912698],[-82.480757,39.912917],[-82.480402,39.912897],[-82.480417,39.912732]]]},"properties":{"p":"0461144200","o":"LARUE DONALD TR & GASPER E","a":"","d":"WALNUT TOWNSHIP LOCAL SCHOOL DISTRICT","t":4150.11,"l":"","c":0}},{"type":"Feature","geometry":{"type":"Polygon","coordinates":[[[-82.482071,39.913377],[-82.482076,39.913323],[-82.482432,39.913343],[-82.482421,39.913452],[-82.482066,39.913432],[-82.482071,39.913377]]]},"properties":{"p":"0461141200","o":"MYERS MINNIE & DOROTHY","a":"","d":"WALNUT TOWNSHIP LOCAL SCHOOL DISTRICT","t":1138.81,"l":"","c":0}},{"type":"Feature","geometry":{"type":"Polygon","coordinates":[[[-82.48204,39.913706],[-82.482045,39.913651],[-82.4824,39.913671],[-82.48239,39.913781],[-82.482034,39.913761],[-82.48204,39.913706]]]},"properties":{"p":"0461141000","o":"KENESTRICK FRANK","a":"","d":"WALNUT TOWNSHIP LOCAL SCHOOL DISTRICT","t":86.65,"l":"","c":0}},{"type":"Feature","geometry":{"type":"Polygon","coordinates":[[[-82.482029,39.913815],[-82.482034,39.913761],[-82.48239,39.913781],[-82.482379,39.91389],[-82.482024,39.91387],[-82.482029,39.913815]]]},"properties":{"p":"0461140900","o":"MURPHY ROCKY L","a":"","d":"WALNUT TOWNSHIP LOCAL SCHOOL DISTRICT","t":3467.46,"l":"","c":0}},{"type":"Feature","geometry":{"type":"Polygon","coordinates":[[[-82.484557,39.91429],[-82.484583,39.914016],[-82.484939,39.914036],[-82.484913,39.91431],[-82.484557,39.91429]]]},"properties":{"p":"0461136000","o":"HELLE DOROTHY & JAMES R SURV","a":"","d":"WALNUT TOWNSHIP LOCAL SCHOOL DISTRICT","t":1085.39,"l":"","c":0}},{"type":"Feature","geometry":{"type":"Polygon","coordinates":[[[-82.479364,39.914764],[-82.479008,39.914744],[-82.479014,39.914689],[-82.479369,39.91471],[-82.479364,39.914764]]]},"properties":{"p":"0461134200","o":"OBRIEN JAMES R & EDNA","a":"","d":"WALNUT TOWNSHIP LOCAL SCHOOL DISTRICT","t":1329.5,"l":"","c":0}},{"type":"Feature","geometry":{"type":"Polygon","coordinates":[[[-82.479877,39.914628],[-82.479883,39.914574],[-82.480238,39.914594],[-82.480228,39.914704],[-82.479872,39.914683],[-82.479877,39.914628]]]},"properties":{"p":"0461132000","o":"HOOD ROGER D","a":"","d":"WALNUT TOWNSHIP LOCAL SCHOOL DISTRICT","t":4653.15,"l":"","c":0}},{"type":"Feature","geometry":{"type":"Polygon","coordinates":[[[-82.480164,39.915361],[-82.48017,39.915306],[-82.480525,39.915326],[-82.480515,39.915436],[-82.480159,39.915415],[-82.480164,39.915361]]]},"properties":{"p":"0461131000","o":"PARTLOW ROBERT","a":"","d":"WALNUT TOWNSHIP LOCAL SCHOOL DISTRICT","t":1397.94,"l":"","c":0}},{"type":"Feature","geometry":{"type":"Polygon","coordinates":[[[-82.484505,39.914833],[-82.48451,39.914783],[-82.484865,39.914803],[-82.484855,39.914913],[-82.484499,39.914892],[-82.484505,39.914833]]]},"properties":{"p":"0461122100","o":"HENRY WM LAWRENCE","a":"","d":"WALNUT TOWNSHIP LOCAL SCHOOL DISTRICT","t":400.66,"l":"","c":0}},{"type":"Feature","geometry":{"type":"Polygon","coordinates":[[[-82.484462,39.915276],[-82.484468,39.915221],[-82.484823,39.915241],[-82.484791,39.91557],[-82.484436,39.915549],[-82.484462,39.915276]]]},"properties":{"p":"0461121900","o":"JONES J E % TRISH GRANGER","a":"","d":"WALNUT TOWNSHIP LOCAL SCHOOL DISTRICT","t":1377.87,"l":"","c":0}},{"type":"Feature","geometry":{"type":"Polygon","coordinates":[[[-82.484317,39.916038],[-82.484344,39.915764],[-82.484557,39.915776],[-82.484531,39.91605],[-82.484317,39.916038]]]},"properties":{"p":"0461121500","o":"JONES JUNIUS E","a":"","d":"WALNUT TOWNSHIP LOCAL SCHOOL DISTRICT","t":3872.03,"l":"","c":0}},{"type":"Feature","geometry":{"type":"Polygon","coordinates":[[[-82.484992,39.914977],[-82.484997,39.914923],[-82.485353,39.914943],[-82.485363,39.914833],[-82.485692,39.914852],[-82.485641,39.915455],[-82.48495,39.915415],[-82.484992,39.914977]]]},"properties":{"p":"0461120010","o":"CUNNINGHAM MICHAEL","a":"","d":"WALNUT TOWNSHIP LOCAL SCHOOL DISTRICT","t":39.9,"l":"","c":0}},{"type":"Feature","geometry":{"type":"Polygon","coordinates":[[[-82.4792,39.916462],[-82.479206,39.916407],[-82.479561,39.916427],[-82.479535,39.916701],[-82.479179,39.916681],[-82.4792,39.916462]]]},"properties":{"p":"0461119200","o":"LAHRMER RODNEY E & HEATHER M SURV","a":"","d":"WALNUT TOWNSHIP LOCAL SCHOOL DISTRICT","t":5221.35,"l":"","c":0}},{"type":"Feature","geometry":{"type":"Polygon","coordinates":[[[-82.478887,39.91749],[-82.478913,39.917216],[-82.479055,39.917224],[-82.479029,39.917498],[-82.478887,39.91749]]]},"properties":{"p":"0461118500","o":"LEFFMAN DENISE","a":"","d":"WALNUT TOWNSHIP LOCAL SCHOOL DISTRICT","t":213.68,"l":"","c":0}},{"type":"Feature","geometry":{"type":"Polygon","coordinates":[[[-82.4791,39.917502],[-82.479029,39.917498],[-82.479055,39.917224],[-82.479127,39.917228],[-82.4791,39.917502]]]},"properties":{"p":"0461118400","o":"LEFFMAN DENISE","a":"","d":"WALNUT TOWNSHIP LOCAL SCHOOL DISTRICT","t":103.62,"l":"","c":0}},{"type":"Feature","geometry":{"type":"Polygon","coordinates":[[[-82.480038,39.916675],[-82.479682,39.916654],[-82.479688,39.9166],[-82.480043,39.91662],[-82.480038,39.916675]]]},"properties":{"p":"0461117600","o":"SANDERS DONALD SR","a":"","d":"WALNUT TOWNSHIP LOCAL SCHOOL DISTRICT","t":918.49,"l":"","c":0}},{"type":"Feature","geometry":{"type":"Polygon","coordinates":[[[-82.480167,39.917563],[-82.480193,39.917289],[-82.480335,39.917297],[-82.480309,39.917571],[-82.480167,39.917563]]]},"properties":{"p":"0461115700","o":"WILLIAMS GEO & BETTY","a":"","d":"WALNUT TOWNSHIP LOCAL SCHOOL DISTRICT","t":555.85,"l":"","c":0}},{"type":"Feature","geometry":{"type":"Polygon","coordinates":[[[-82.480807,39.917599],[-82.480833,39.917326],[-82.481189,39.917346],[-82.481162,39.91762],[-82.480807,39.917599]]]},"properties":{"p":"0461113500","o":"MARTIN COLYER DONNA J FKA KENAGA DONNA J","a":"","d":"WALNUT TOWNSHIP LOCAL SCHOOL DISTRICT","t":143.58,"l":"","c":0}},{"type":"Feature","geometry":{"type":"Polygon","coordinates":[[[-82.481787,39.916334],[-82.481792,39.916279],[-82.482147,39.9163],[-82.482137,39.916409],[-82.481781,39.916389],[-82.481787,39.916334]]]},"properties":{"p":"0461112600","o":"JENKINS KAREN","a":"","d":"WALNUT TOWNSHIP LOCAL SCHOOL DISTRICT","t":30.27,"l":"","c":0}},{"type":"Feature","geometry":{"type":"Polygon","coordinates":[[[-82.484873,39.916215],[-82.484876,39.916182],[-82.485275,39.916205],[-82.484836,39.916595],[-82.484873,39.916215]]]},"properties":{"p":"0461106500","o":"DREAM BUILDER INVESTMENTS LLC","a":"","d":"WALNUT TOWNSHIP LOCAL SCHOOL DISTRICT","t":414.16,"l":"","c":0}},{"type":"Feature","geometry":{"type":"Polygon","coordinates":[[[-82.484997,39.917027],[-82.48495,39.917068],[-82.484701,39.916876],[-82.484747,39.916835],[-82.484997,39.917027]]]},"properties":{"p":"0461106000","o":"HANNAN MABEL N ET AL","a":"","d":"WALNUT TOWNSHIP LOCAL SCHOOL DISTRICT","t":166.3,"l":"","c":0}},{"type":"Feature","geometry":{"type":"Polygon","coordinates":[[[-82.484141,39.917374],[-82.484187,39.917333],[-82.484437,39.917525],[-82.484297,39.917649],[-82.484047,39.917457],[-82.484141,39.917374]]]},"properties":{"p":"0461105400","o":"CAVE DEWEY E ET AL","a":"","d":"WALNUT TOWNSHIP LOCAL SCHOOL DISTRICT","t":1287.68,"l":"","c":0}},{"type":"Feature","geometry":{"type":"Polygon","coordinates":[[[-82.479847,39.917902],[-82.479872,39.917659],[-82.480298,39.917684],[-82.480274,39.917928],[-82.479847,39.917902]]]},"properties":{"p":"0461103600","o":"BROWN STEVEN & LISHA T","a":"","d":"WALNUT TOWNSHIP LOCAL SCHOOL DISTRICT","t":702.37,"l":"","c":0}},{"type":"Feature","geometry":{"type":"Polygon","coordinates":[[[-82.480274,39.917928],[-82.480298,39.917684],[-82.48044,39.917693],[-82.480416,39.917936],[-82.480274,39.917928]]]},"properties":{"p":"0461103500","o":"ZIMMERMAN CHARLES","a":"","d":"WALNUT TOWNSHIP LOCAL SCHOOL DISTRICT","t":1031.18,"l":"","c":0}},{"type":"Feature","geometry":{"type":"Polygon","coordinates":[[[-82.480771,39.917958],[-82.480796,39.917714],[-82.480938,39.917722],[-82.480913,39.917966],[-82.480771,39.917958]]]},"properties":{"p":"0461103300","o":"SCHENKLE CAROLE J","a":"","d":"WALNUT TOWNSHIP LOCAL SCHOOL DISTRICT","t":1197.45,"l":"","c":0}},{"type":"Feature","geometry":{"type":"Polygon","coordinates":[[[-82.480913,39.917966],[-82.480938,39.917722],[-82.481293,39.917744],[-82.481269,39.917988],[-82.480913,39.917966]]]},"properties":{"p":"0461103200","o":"SCHENKLE CAROLE J","a":"","d":"WALNUT TOWNSHIP LOCAL SCHOOL DISTRICT","t":2585.19,"l":"","c":0}},{"type":"Feature","geometry":{"type":"Polygon","coordinates":[[[-82.481553,39.918005],[-82.481578,39.917761],[-82.481791,39.917773],[-82.481766,39.918018],[-82.481553,39.918005]]]},"properties":{"p":"0461102900","o":"BAKER ALLEN C","a":"","d":"WALNUT TOWNSHIP LOCAL SCHOOL DISTRICT","t":3445.85,"l":"","c":0}},{"type":"Feature","geometry":{"type":"Polygon","coordinates":[[[-82.481766,39.918018],[-82.481791,39.917773],[-82.482004,39.917786],[-82.48198,39.918031],[-82.481766,39.918018]]]},"properties":{"p":"0461102800","o":"MYERS RALPH A","a":"","d":"WALNUT TOWNSHIP LOCAL SCHOOL DISTRICT","t":2827.63,"l":"","c":0}},{"type":"Feature","geometry":{"type":"Polygon","coordinates":[[[-82.470995,39.912579],[-82.471,39.912525],[-82.471356,39.912545],[-82.471335,39.912764],[-82.470979,39.912744],[-82.470995,39.912579]]]},"properties":{"p":"0461100100","o":"SEMONES VERNON TRUSTEE VERNON SEMONES REVOC TRUST DTD 9-3-93","a":"","d":"WALNUT TOWNSHIP LOCAL SCHOOL DISTRICT","t":995.58,"l":"","c":0}},{"type":"Feature","geometry":{"type":"Polygon","coordinates":[[[-82.470736,39.915262],[-82.470763,39.914989],[-82.470834,39.914993],[-82.470807,39.915266],[-82.470736,39.915262]]]},"properties":{"p":"0461097200","o":"SPANGLER LORENDA LEE","a":"","d":"WALNUT TOWNSHIP LOCAL SCHOOL DISTRICT","t":406.37,"l":"","c":0}},{"type":"Feature","geometry":{"type":"Polygon","coordinates":[[[-82.47097,39.916542],[-82.470615,39.916522],[-82.47062,39.916467],[-82.470976,39.916487],[-82.47097,39.916542]]]},"properties":{"p":"0461095000","o":"MAXWELL EDAH & RAYMOND S L","a":"","d":"WALNUT TOWNSHIP LOCAL SCHOOL DISTRICT","t":883.46,"l":"","c":0}},{"type":"Feature","geometry":{"type":"Polygon","coordinates":[[[-82.470965,39.916597],[-82.47061,39.916576],[-82.470615,39.916522],[-82.47097,39.916542],[-82.470965,39.916597]]]},"properties":{"p":"0461094910","o":"HOPWOOD ANN WIKOFF","a":"","d":"WALNUT TOWNSHIP LOCAL SCHOOL DISTRICT","t":19.69,"l":"","c":0}},{"type":"Feature","geometry":{"type":"Polygon","coordinates":[[[-82.47096,39.916651],[-82.470604,39.916631],[-82.47061,39.916576],[-82.470965,39.916597],[-82.47096,39.916651]]]},"properties":{"p":"0461094900","o":"CUNNINGHAM MICHAEL D","a":"","d":"WALNUT TOWNSHIP LOCAL SCHOOL DISTRICT","t":9.33,"l":"","c":0}},{"type":"Feature","geometry":{"type":"Polygon","coordinates":[[[-82.470599,39.916686],[-82.470604,39.916631],[-82.47096,39.916651],[-82.470949,39.916761],[-82.470594,39.916741],[-82.470599,39.916686]]]},"properties":{"p":"0461094800","o":"CUNNINGHAM MICHAEL D","a":"","d":"WALNUT TOWNSHIP LOCAL SCHOOL DISTRICT","t":19.13,"l":"","c":0}},{"type":"Feature","geometry":{"type":"Polygon","coordinates":[[[-82.47053,39.917398],[-82.470557,39.917124],[-82.470912,39.917145],[-82.470886,39.917418],[-82.47053,39.917398]]]},"properties":{"p":"0461094100","o":"PHILLIPS BRENDA S & JACOB D SURV","a":"","d":"WALNUT TOWNSHIP LOCAL SCHOOL DISTRICT","t":634.7,"l":"","c":0}},{"type":"Feature","geometry":{"type":"Polygon","coordinates":[[[-82.471313,39.914469],[-82.471318,39.914415],[-82.471674,39.914435],[-82.471658,39.914599],[-82.471303,39.914579],[-82.471313,39.914469]]]},"properties":{"p":"0461088300","o":"CARREL JENNY L","a":"","d":"WALNUT TOWNSHIP LOCAL SCHOOL DISTRICT","t":1492.12,"l":"","c":0}},{"type":"Feature","geometry":{"type":"Polygon","coordinates":[[[-82.471642,39.914764],[-82.471648,39.914709],[-82.472003,39.914729],[-82.471993,39.914839],[-82.471637,39.914818],[-82.471642,39.914764]]]},"properties":{"p":"0461087300","o":"HUSTON CAROL J","a":"","d":"WALNUT TOWNSHIP LOCAL SCHOOL DISTRICT","t":3205.02,"l":"","c":0}},{"type":"Feature","geometry":{"type":"Polygon","coordinates":[[[-82.471505,39.916187],[-82.47115,39.916167],[-82.471155,39.916112],[-82.47151,39.916132],[-82.471505,39.916187]]]},"properties":{"p":"0461086000","o":"HUFFMAN EVA","a":"","d":"WALNUT TOWNSHIP LOCAL SCHOOL DISTRICT","t":1706.96,"l":"","c":0}},{"type":"Feature","geometry":{"type":"Polygon","coordinates":[[[-82.471128,39.916386],[-82.471134,39.916331],[-82.471489,39.916351],[-82.471479,39.916461],[-82.471123,39.916441],[-82.471128,39.916386]]]},"properties":{"p":"0461085700","o":"MARTLIN ESTHER SUE","a":"","d":"WALNUT TOWNSHIP LOCAL SCHOOL DISTRICT","t":2640.95,"l":"","c":0}},{"type":"Feature","geometry":{"type":"Polygon","coordinates":[[[-82.471866,39.916153],[-82.47151,39.916132],[-82.471516,39.916078],[-82.471871,39.916098],[-82.471866,39.916153]]]},"properties":{"p":"0461085300","o":"READ TREY R","a":"","d":"WALNUT TOWNSHIP LOCAL SCHOOL DISTRICT","t":149.25,"l":"","c":0}},{"type":"Feature","geometry":{"type":"Polygon","coordinates":[[[-82.470704,39.920766],[-82.470709,39.920711],[-82.471064,39.920732],[-82.471048,39.920896],[-82.470693,39.920876],[-82.470704,39.920766]]]},"properties":{"p":"0461082200","o":"GROFF KURT DANIEL TRUSTEE","a":"","d":"WALNUT TOWNSHIP LOCAL SCHOOL DISTRICT","t":877.69,"l":"","c":0}},{"type":"Feature","geometry":{"type":"Polygon","coordinates":[[[-82.472496,39.914812],[-82.472498,39.914785],[-82.472854,39.914805],[-82.472841,39.914942],[-82.472485,39.914922],[-82.472496,39.914812]]]},"properties":{"p":"0461077700","o":"SHEETS CIARAN & MOSS JEREMY SURV","a":"","d":"WALNUT TOWNSHIP LOCAL SCHOOL DISTRICT","t":6119.14,"l":"","c":0}},{"type":"Feature","geometry":{"type":"Polygon","coordinates":[[[-82.47248,39.914977],[-82.472485,39.914922],[-82.472841,39.914942],[-82.472825,39.915106],[-82.472469,39.915086],[-82.47248,39.914977]]]},"properties":{"p":"0461077600","o":"SHEETS CIARAN & MOSS JEREMY SURV","a":"","d":"WALNUT TOWNSHIP LOCAL SCHOOL DISTRICT","t":447.26,"l":"","c":0}},{"type":"Feature","geometry":{"type":"Polygon","coordinates":[[[-82.471971,39.916544],[-82.471976,39.916489],[-82.472332,39.91651],[-82.4723,39.916838],[-82.471945,39.916818],[-82.471971,39.916544]]]},"properties":{"p":"0461076600","o":"JAX & ASSOCIATES LLC","a":"","d":"WALNUT TOWNSHIP LOCAL SCHOOL DISTRICT","t":1323.82,"l":"","c":0}},{"type":"Feature","geometry":{"type":"Polygon","coordinates":[[[-82.47239,39.915907],[-82.472395,39.915853],[-82.472751,39.915873],[-82.472719,39.916201],[-82.472364,39.916181],[-82.47239,39.915907]]]},"properties":{"p":"0461076400","o":"EVANS JAMIE A","a":"","d":"WALNUT TOWNSHIP LOCAL SCHOOL DISTRICT","t":1571.86,"l":"","c":0}},{"type":"Feature","geometry":{"type":"Polygon","coordinates":[[[-82.473014,39.914622],[-82.47302,39.914567],[-82.473375,39.914587],[-82.473354,39.914806],[-82.472999,39.914786],[-82.473014,39.914622]]]},"properties":{"p":"0461068500","o":"VERMEULIN BENNETT","a":"","d":"WALNUT TOWNSHIP LOCAL SCHOOL DISTRICT","t":4577.74,"l":"","c":0}},{"type":"Feature","geometry":{"type":"Polygon","coordinates":[[[-82.473873,39.914616],[-82.473878,39.914561],[-82.474234,39.914581],[-82.474213,39.9148],[-82.473857,39.91478],[-82.473873,39.914616]]]},"properties":{"p":"0461059400","o":"MCNEIL WENDE","a":"","d":"WALNUT TOWNSHIP LOCAL SCHOOL DISTRICT","t":37.76,"l":"","c":0}},{"type":"Feature","geometry":{"type":"Polygon","coordinates":[[[-82.474207,39.914855],[-82.473852,39.914835],[-82.473857,39.91478],[-82.474213,39.9148],[-82.474207,39.914855]]]},"properties":{"p":"0461059300","o":"MCNEIL WENDE","a":"","d":"WALNUT TOWNSHIP LOCAL SCHOOL DISTRICT","t":9.33,"l":"","c":0}},{"type":"Feature","geometry":{"type":"Polygon","coordinates":[[[-82.473348,39.917824],[-82.473439,39.917558],[-82.473517,39.917568],[-82.47349,39.917842],[-82.473348,39.917824]]]},"properties":{"p":"0461053300","o":"KARAM JOSEPH D","a":"","d":"WALNUT TOWNSHIP LOCAL SCHOOL DISTRICT","t":111.98,"l":"","c":0}},{"type":"Feature","geometry":{"type":"Polygon","coordinates":[[[-82.475171,39.913754],[-82.475198,39.91348],[-82.475553,39.913501],[-82.475527,39.913774],[-82.475171,39.913754]]]},"properties":{"p":"0461048500","o":"KIRK MICHELE","a":"","d":"WALNUT TOWNSHIP LOCAL SCHOOL DISTRICT","t":16.34,"l":"","c":0}},{"type":"Feature","geometry":{"type":"Polygon","coordinates":[[[-82.474774,39.914172],[-82.474779,39.914117],[-82.475134,39.914137],[-82.475124,39.914247],[-82.474768,39.914227],[-82.474774,39.914172]]]},"properties":{"p":"0461048200","o":"CUMBOW THOMAS W","a":"","d":"WALNUT TOWNSHIP LOCAL SCHOOL DISTRICT","t":201.35,"l":"","c":0}},{"type":"Feature","geometry":{"type":"Polygon","coordinates":[[[-82.47597,39.910662],[-82.475996,39.910388],[-82.476352,39.910408],[-82.476325,39.910682],[-82.47597,39.910662]]]},"properties":{"p":"0461043400","o":"CARTE DONALD R JR","a":"","d":"WALNUT TOWNSHIP LOCAL SCHOOL DISTRICT","t":40.77,"l":"","c":0}},{"type":"Feature","geometry":{"type":"Polygon","coordinates":[[[-82.475965,39.910716],[-82.47597,39.910662],[-82.476325,39.910682],[-82.47631,39.910846],[-82.475954,39.910826],[-82.475965,39.910716]]]},"properties":{"p":"0461043200","o":"CARTE DONALD R JR","a":"","d":"WALNUT TOWNSHIP LOCAL SCHOOL DISTRICT","t":1966.01,"l":"","c":0}},{"type":"Feature","geometry":{"type":"Polygon","coordinates":[[[-82.47632,39.910737],[-82.476325,39.910682],[-82.476681,39.910702],[-82.476665,39.910867],[-82.47631,39.910846],[-82.47632,39.910737]]]},"properties":{"p":"0461042600","o":"CARTE DONALD R JR","a":"","d":"WALNUT TOWNSHIP LOCAL SCHOOL DISTRICT","t":9.72,"l":"","c":0}},{"type":"Feature","geometry":{"type":"Polygon","coordinates":[[[-82.476088,39.913146],[-82.476093,39.913091],[-82.476449,39.913111],[-82.476433,39.913276],[-82.476077,39.913255],[-82.476088,39.913146]]]},"properties":{"p":"0461041000","o":"WARDLOW LUCILLE & SCHMIDT S","a":"","d":"WALNUT TOWNSHIP LOCAL SCHOOL DISTRICT","t":3872.03,"l":"","c":0}},{"type":"Feature","geometry":{"type":"Polygon","coordinates":[[[-82.477173,39.910785],[-82.477179,39.910731],[-82.477534,39.910751],[-82.477518,39.910915],[-82.477163,39.910895],[-82.477173,39.910785]]]},"properties":{"p":"0461032700","o":"WALLS KENNETH F ET AL","a":"","d":"WALNUT TOWNSHIP LOCAL SCHOOL DISTRICT","t":3110.75,"l":"","c":0}},{"type":"Feature","geometry":{"type":"Polygon","coordinates":[[[-82.478026,39.910834],[-82.477671,39.910814],[-82.477676,39.910759],[-82.478032,39.910779],[-82.478026,39.910834]]]},"properties":{"p":"0461021600","o":"TRIPLETT SHONEIKIA","a":"","d":"WALNUT TOWNSHIP LOCAL SCHOOL DISTRICT","t":4582.37,"l":"","c":0}},{"type":"Feature","geometry":{"type":"Polygon","coordinates":[[[-82.478477,39.911355],[-82.478482,39.911301],[-82.478837,39.911321],[-82.478816,39.91154],[-82.478461,39.91152],[-82.478477,39.911355]]]},"properties":{"p":"0461014700","o":"MARCUM EVELYN F","a":"","d":"WALNUT TOWNSHIP LOCAL SCHOOL DISTRICT","t":4650.84,"l":"","c":0}},{"type":"Feature","geometry":{"type":"Polygon","coordinates":[[[-82.478859,39.911102],[-82.478864,39.911047],[-82.479219,39.911068],[-82.479209,39.911177],[-82.478853,39.911157],[-82.478859,39.911102]]]},"properties":{"p":"0461014310","o":"AHERN JUDSON L","a":"","d":"WALNUT TOWNSHIP LOCAL SCHOOL DISTRICT","t":1595.33,"l":"","c":0}},{"type":"Feature","geometry":{"type":"Polygon","coordinates":[[[-82.478542,39.914387],[-82.478547,39.914332],[-82.478903,39.914353],[-82.478892,39.914462],[-82.478537,39.914442],[-82.478542,39.914387]]]},"properties":{"p":"0461010900","o":"COLEMAN JOHN ELLSWORTH ET AL","a":"","d":"WALNUT TOWNSHIP LOCAL SCHOOL DISTRICT","t":2215.4,"l":"","c":0}},{"type":"Feature","geometry":{"type":"Polygon","coordinates":[[[-82.478532,39.914497],[-82.478537,39.914442],[-82.478892,39.914462],[-82.478871,39.914681],[-82.478516,39.914661],[-82.478532,39.914497]]]},"properties":{"p":"0461010800","o":"CLARK WILLIE J","a":"","d":"WALNUT TOWNSHIP LOCAL SCHOOL DISTRICT","t":277.15,"l":"","c":0}},{"type":"Feature","geometry":{"type":"Polygon","coordinates":[[[-82.478511,39.914716],[-82.478516,39.914661],[-82.478871,39.914681],[-82.478861,39.914791],[-82.478505,39.91477],[-82.478511,39.914716]]]},"properties":{"p":"0461010700","o":"CLARK WILLIE","a":"","d":"WALNUT TOWNSHIP LOCAL SCHOOL DISTRICT","t":133.52,"l":"","c":0}},{"type":"Feature","geometry":{"type":"Polygon","coordinates":[[[-82.478792,39.919192],[-82.478819,39.918918],[-82.479056,39.918932],[-82.479029,39.919205],[-82.478792,39.919192]]]},"properties":{"p":"0461003400","o":"DOONE FRANCIS P","a":"","d":"WALNUT TOWNSHIP LOCAL SCHOOL DISTRICT","t":104.02,"l":"","c":0}},{"type":"Feature","geometry":{"type":"Polygon","coordinates":[[[-82.477592,39.919784],[-82.477618,39.91951],[-82.477974,39.919531],[-82.477948,39.919804],[-82.477592,39.919784]]]},"properties":{"p":"0461001300","o":"VANDEWATER JOHN A & MELISSA J","a":"","d":"WALNUT TOWNSHIP LOCAL SCHOOL DISTRICT","t":9835.89,"l":"","c":0}},{"type":"Feature","geometry":{"type":"Polygon","coordinates":[[[-82.481175,39.920796],[-82.481203,39.920523],[-82.481384,39.920536],[-82.481358,39.92081],[-82.481175,39.920796]]]},"properties":{"p":"0460209000","o":"BUCKEYE BEACH MARINA INC","a":"","d":"WALNUT TOWNSHIP LOCAL SCHOOL DISTRICT","t":2060.49,"l":"","c":0}},{"type":"Feature","geometry":{"type":"Polygon","coordinates":[[[-82.481145,39.921101],[-82.481171,39.920827],[-82.481353,39.92084],[-82.481315,39.921243],[-82.481121,39.921356],[-82.481145,39.921101]]]},"properties":{"p":"0460209000","o":"BUCKEYE BEACH MARINA INC","a":"","d":"WALNUT TOWNSHIP LOCAL SCHOOL DISTRICT","t":2060.49,"l":"","c":0}},{"type":"Feature","geometry":{"type":"Polygon","coordinates":[[[-82.484825,39.920024],[-82.484682,39.920015],[-82.484702,39.919796],[-82.484844,39.919804],[-82.484825,39.920024]]]},"properties":{"p":"0460206900","o":"BAIR JUDY AKA JUDITH A","a":"","d":"WALNUT TOWNSHIP LOCAL SCHOOL DISTRICT","t":293.6,"l":"","c":0}},{"type":"Feature","geometry":{"type":"Polygon","coordinates":[[[-82.484682,39.920015],[-82.48454,39.920006],[-82.484559,39.919787],[-82.484702,39.919796],[-82.484682,39.920015]]]},"properties":{"p":"0460206800","o":"BAIR FRED T & JUDITH A","a":"","d":"WALNUT TOWNSHIP LOCAL SCHOOL DISTRICT","t":214.12,"l":"","c":0}},{"type":"Feature","geometry":{"type":"Polygon","coordinates":[[[-82.484644,39.920453],[-82.484678,39.92007],[-82.48482,39.920078],[-82.484781,39.920525],[-82.484639,39.92051],[-82.484644,39.920453]]]},"properties":{"p":"0460206000","o":"BAIR JUDY","a":"","d":"WALNUT TOWNSHIP LOCAL SCHOOL DISTRICT","t":1868.86,"l":"","c":0}},{"type":"Feature","geometry":{"type":"Polygon","coordinates":[[[-82.484948,39.920251],[-82.484806,39.920243],[-82.48482,39.920078],[-82.484962,39.920087],[-82.484948,39.920251]]]},"properties":{"p":"0460205800","o":"BUCKEYE BEACH MARINA INC AN OHIO CORPORATION","a":"","d":"WALNUT TOWNSHIP LOCAL SCHOOL DISTRICT","t":1419.13,"l":"","c":0}},{"type":"Feature","geometry":{"type":"Polygon","coordinates":[[[-82.512689,39.901153],[-82.51227,39.901135],[-82.512265,39.900984],[-82.51269,39.901019],[-82.512689,39.901153]]]},"properties":{"p":"0460191800","o":"BIRCH HOMES RENTALS LLC","a":"","d":"WALNUT TOWNSHIP LOCAL SCHOOL DISTRICT","t":1643.34,"l":"","c":0}},{"type":"Feature","geometry":{"type":"Polygon","coordinates":[[[-82.522809,39.899644],[-82.522525,39.899631],[-82.522604,39.899524],[-82.52288,39.899536],[-82.522809,39.899644]]]},"properties":{"p":"0460163400","o":"BARUXES PATRICIA A & BARUXES CHRIS J & CHRISTY SURV","a":"","d":"WALNUT TOWNSHIP LOCAL SCHOOL DISTRICT","t":1355.17,"l":"","c":0}},{"type":"Feature","geometry":{"type":"Polygon","coordinates":[[[-82.522496,39.899671],[-82.522525,39.899631],[-82.522809,39.899644],[-82.522824,39.899693],[-82.522496,39.899671]]]},"properties":{"p":"0460163300","o":"BARUXES PATRICIA A & BARUXES CHRIS J & CHRISTY SURV","a":"","d":"WALNUT TOWNSHIP LOCAL SCHOOL DISTRICT","t":927.78,"l":"","c":0}},{"type":"Feature","geometry":{"type":"Polygon","coordinates":[[[-82.523108,39.899658],[-82.522809,39.899644],[-82.52288,39.899536],[-82.523179,39.89955],[-82.523108,39.899658]]]},"properties":{"p":"0460162800","o":"BARUXES PATRICIA A & BARUXES CHRIS J & CHRISTY SURV","a":"","d":"WALNUT TOWNSHIP LOCAL SCHOOL DISTRICT","t":341.98,"l":"","c":0}},{"type":"Feature","geometry":{"type":"Polygon","coordinates":[[[-82.523179,39.89955],[-82.52288,39.899536],[-82.52295,39.899428],[-82.523249,39.899442],[-82.523179,39.89955]]]},"properties":{"p":"0460162700","o":"BARUXES PATRICIA A & BARUXES CHRIS J & CHRISTY SURV","a":"","d":"WALNUT TOWNSHIP LOCAL SCHOOL DISTRICT","t":341.98,"l":"","c":0}},{"type":"Feature","geometry":{"type":"Polygon","coordinates":[[[-82.616713,39.728423],[-82.616252,39.728402],[-82.616263,39.728265],[-82.616724,39.728286],[-82.616713,39.728423]]]},"properties":{"p":"0531104100","o":"MILLER JONI","a":"0  GARFIELD AV","d":"LANCASTER CITY SCHOOL DISTRICT","t":56.67,"l":"500: Res-Vacant Land","c":0}},{"type":"Feature","geometry":{"type":"Polygon","coordinates":[[[-82.616703,39.72856],[-82.616241,39.728539],[-82.616252,39.728402],[-82.616713,39.728423],[-82.616703,39.72856]]]},"properties":{"p":"0531104000","o":"MILLER JONI","a":"0  GARFIELD AV","d":"LANCASTER CITY SCHOOL DISTRICT","t":56.67,"l":"500: Res-Vacant Land","c":0}},{"type":"Feature","geometry":{"type":"Polygon","coordinates":[[[-82.615581,39.728233],[-82.61512,39.728212],[-82.615131,39.728075],[-82.615592,39.728096],[-82.615581,39.728233]]]},"properties":{"p":"0531102400","o":"MILLER JONI","a":"0  WASHINGTON AV","d":"LANCASTER CITY SCHOOL DISTRICT","t":56.67,"l":"500: Res-Vacant Land","c":0}},{"type":"Feature","geometry":{"type":"Polygon","coordinates":[[[-82.615077,39.72876],[-82.615088,39.728623],[-82.615549,39.728644],[-82.615539,39.728782],[-82.615077,39.72876]]]},"properties":{"p":"0531102000","o":"MILLER JONI","a":"0  WASHINGTON AV","d":"LANCASTER CITY SCHOOL DISTRICT","t":56.67,"l":"500: Res-Vacant Land","c":0}},{"type":"Feature","geometry":{"type":"Polygon","coordinates":[[[-82.618211,39.728492],[-82.618034,39.728484],[-82.618044,39.728347],[-82.618222,39.728355],[-82.618211,39.728492]]]},"properties":{"p":"0531106800","o":"RUBLE DONNA LOU, NOICE EDNA MAE & KEMPER WILLIAM E","a":"0 N PIERCE AVE","d":"LANCASTER CITY SCHOOL DISTRICT","t":778.87,"l":"500: Res-Vacant Land","c":0}},{"type":"Feature","geometry":{"type":"Polygon","coordinates":[[[-82.618211,39.728492],[-82.618222,39.728355],[-82.618527,39.72837],[-82.618516,39.728507],[-82.618211,39.728492]]]},"properties":{"p":"0531106810","o":"RUBLE RACHELLE L SUCC TRUSTEE & NOICE EDNA MAE","a":"0 N PIERCE AVE  LANCASTER 43130","d":"LANCASTER CITY SCHOOL DISTRICT","t":515.77,"l":"500: Res-Vacant Land","c":0}},{"type":"Feature","geometry":{"type":"Polygon","coordinates":[[[-82.6182,39.728629],[-82.618023,39.728621],[-82.618034,39.728484],[-82.618211,39.728492],[-82.6182,39.728629]]]},"properties":{"p":"0531106900","o":"RUBLE DONNA LOU, NOICE EDNA MAE & KEMPER WILLIAM E","a":"0 N PIERCE AVE","d":"LANCASTER CITY SCHOOL DISTRICT","t":778.87,"l":"500: Res-Vacant Land","c":0}},{"type":"Feature","geometry":{"type":"Polygon","coordinates":[[[-82.6182,39.728629],[-82.618211,39.728492],[-82.618516,39.728507],[-82.618506,39.728644],[-82.6182,39.728629]]]},"properties":{"p":"0531106910","o":"RUBLE RACHELLE L SUCC TRUSTEE & NOICE EDNA MAE","a":"0 N PIERCE AVE  LANCASTER 43130","d":"LANCASTER CITY SCHOOL DISTRICT","t":515.77,"l":"500: Res-Vacant Land","c":0}},{"type":"Feature","geometry":{"type":"Polygon","coordinates":[[[-82.61819,39.728766],[-82.618012,39.728758],[-82.618023,39.728621],[-82.6182,39.728629],[-82.61819,39.728766]]]},"properties":{"p":"0531107000","o":"RUBLE DONNA LOU, NOICE EDNA MAE & KEMPER WILLIAM E","a":"0 N PIERCE AVE","d":"LANCASTER CITY SCHOOL DISTRICT","t":778.87,"l":"500: Res-Vacant Land","c":0}},{"type":"Feature","geometry":{"type":"Polygon","coordinates":[[[-82.61819,39.728766],[-82.6182,39.728629],[-82.618506,39.728644],[-82.618495,39.728781],[-82.61819,39.728766]]]},"properties":{"p":"0531107010","o":"RUBLE RACHELLE L SUCC TRUSTEE & NOICE EDNA MAE","a":"0 N PIERCE AVE  LANCASTER 43130","d":"LANCASTER CITY SCHOOL DISTRICT","t":515.77,"l":"500: Res-Vacant Land","c":0}},{"type":"Feature","geometry":{"type":"Polygon","coordinates":[[[-82.618179,39.728904],[-82.618002,39.728895],[-82.618012,39.728758],[-82.61819,39.728766],[-82.618179,39.728904]]]},"properties":{"p":"0531107100","o":"RUBLE DONNA LOU, NOICE EDNA MAE & KEMPER WILLIAM E","a":"0 N PIERCE AVE","d":"LANCASTER CITY SCHOOL DISTRICT","t":778.87,"l":"500: Res-Vacant Land","c":0}},{"type":"Feature","geometry":{"type":"Polygon","coordinates":[[[-82.618169,39.729041],[-82.618179,39.728904],[-82.618484,39.728918],[-82.618474,39.729055],[-82.618169,39.729041]]]},"properties":{"p":"0531107210","o":"RUBLE RACHELLE L SUCC TRUSTEE & NOICE EDNA MAE","a":"0 N PIERCE AVE  LANCASTER 43130","d":"LANCASTER CITY SCHOOL DISTRICT","t":515.77,"l":"500: Res-Vacant Land","c":0}},{"type":"Feature","geometry":{"type":"Polygon","coordinates":[[[-82.618506,39.728644],[-82.618516,39.728507],[-82.619172,39.728537],[-82.619162,39.728674],[-82.618506,39.728644]]]},"properties":{"p":"0531107600","o":"RUBLE RACHELLE L SUCC TRUSTEE & NOICE EDNA MAE","a":"0  MEDA AVE  LANCASTER 43130","d":"LANCASTER CITY SCHOOL DISTRICT","t":1936.43,"l":"500: Res-Vacant Land","c":0}},{"type":"Feature","geometry":{"type":"Polygon","coordinates":[[[-82.614887,39.722593],[-82.614426,39.722571],[-82.614435,39.72246],[-82.614896,39.722482],[-82.614887,39.722593]]]},"properties":{"p":"0531109600","o":"COVERT GIGI ANNE","a":"730  HARRISON AVE  LANCASTER 43130","d":"LANCASTER CITY SCHOOL DISTRICT","t":1829.17,"l":"510: Res-Single Family","c":0}},{"type":"Feature","geometry":{"type":"Polygon","coordinates":[[[-82.618169,39.729041],[-82.617991,39.729032],[-82.618002,39.728895],[-82.618179,39.728904],[-82.618169,39.729041]]]},"properties":{"p":"0531107200","o":"RUBLE DONNA LOU, NOICE EDNA MAE & KEMPER WILLIAM E","a":"0 N PIERCE AVE","d":"LANCASTER CITY SCHOOL DISTRICT","t":778.87,"l":"500: Res-Vacant Land","c":0}},{"type":"Feature","geometry":{"type":"Polygon","coordinates":[[[-82.618495,39.728781],[-82.618506,39.728644],[-82.619162,39.728674],[-82.619151,39.728811],[-82.618495,39.728781]]]},"properties":{"p":"0531107500","o":"MILLER JONI","a":"0  MEDA AVE","d":"LANCASTER CITY SCHOOL DISTRICT","t":64.28,"l":"500: Res-Vacant Land","c":0}},{"type":"Feature","geometry":{"type":"Polygon","coordinates":[[[-82.618565,39.728152],[-82.618569,39.728096],[-82.619031,39.728118],[-82.61902,39.728255],[-82.618559,39.728233],[-82.618565,39.728152]]]},"properties":{"p":"0531107900","o":"RUBLE RACHELLE L SUCC TRUSTEE & NOICE EDNA MAE","a":"0  MEDA AVE  LANCASTER 43130","d":"LANCASTER CITY SCHOOL DISTRICT","t":253.53,"l":"500: Res-Vacant Land","c":0}},{"type":"Feature","geometry":{"type":"Polygon","coordinates":[[[-82.614878,39.722705],[-82.614417,39.722683],[-82.614426,39.722571],[-82.614887,39.722593],[-82.614878,39.722705]]]},"properties":{"p":"0531109500","o":"COVERT GIGI ANNE","a":"0  HARRISON AVE  LANCASTER 43130","d":"LANCASTER CITY SCHOOL DISTRICT","t":267.56,"l":"500: Res-Vacant Land","c":0}},{"type":"Feature","geometry":{"type":"Polygon","coordinates":[[[-82.612875,39.721294],[-82.612883,39.721183],[-82.613345,39.721195],[-82.613328,39.721417],[-82.612866,39.721405],[-82.612875,39.721294]]]},"properties":{"p":"0531118600","o":"HAMLIN ANTHONY ALLEN","a":"633  SLOCUM AVE","d":"LANCASTER CITY SCHOOL DISTRICT","t":708.19,"l":"510: Res-Single Family","c":0}},{"type":"Feature","geometry":{"type":"Polygon","coordinates":[[[-82.618179,39.728904],[-82.61819,39.728766],[-82.618495,39.728781],[-82.618484,39.728918],[-82.618179,39.728904]]]},"properties":{"p":"0531107110","o":"RUBLE RACHELLE L SUCC TRUSTEE & NOICE EDNA MAE","a":"0 N PIERCE AVE  LANCASTER 43130","d":"LANCASTER CITY SCHOOL DISTRICT","t":514.11,"l":"500: Res-Vacant Land","c":0}},{"type":"Feature","geometry":{"type":"Polygon","coordinates":[[[-82.618484,39.728918],[-82.618495,39.728781],[-82.619151,39.728811],[-82.619141,39.728948],[-82.618484,39.728918]]]},"properties":{"p":"0531107400","o":"BELLMER MARK","a":"0  MEDA AV","d":"LANCASTER CITY SCHOOL DISTRICT","t":672.46,"l":"500: Res-Vacant Land","c":0}},{"type":"Feature","geometry":{"type":"Polygon","coordinates":[[[-82.618527,39.72837],[-82.618537,39.728233],[-82.619192,39.728266],[-82.619182,39.7284],[-82.618527,39.72837]]]},"properties":{"p":"0531107800","o":"RUBLE RACHELLE L SUCC TRUSTEE & NOICE EDNA MAE","a":"0  MEDA AVE  LANCASTER 43130","d":"LANCASTER CITY SCHOOL DISTRICT","t":1936.43,"l":"500: Res-Vacant Land","c":0}},{"type":"Feature","geometry":{"type":"Polygon","coordinates":[[[-82.618474,39.729055],[-82.618484,39.728918],[-82.619141,39.728948],[-82.619131,39.729085],[-82.618474,39.729055]]]},"properties":{"p":"0531107300","o":"RUBLE RACHELLE L SUCC TRUSTEE & NOICE EDNA MAE","a":"0  MEDA AVE  LANCASTER 43130","d":"LANCASTER CITY SCHOOL DISTRICT","t":1936.43,"l":"500: Res-Vacant Land","c":0}},{"type":"Feature","geometry":{"type":"Polygon","coordinates":[[[-82.618516,39.728507],[-82.618527,39.72837],[-82.619182,39.7284],[-82.619172,39.728537],[-82.618516,39.728507]]]},"properties":{"p":"0531107700","o":"RUBLE RACHELLE L SUCC TRUSTEE & NOICE EDNA MAE","a":"0  MEDA AVE  LANCASTER 43130","d":"LANCASTER CITY SCHOOL DISTRICT","t":1936.43,"l":"500: Res-Vacant Land","c":0}},{"type":"Feature","geometry":{"type":"Polygon","coordinates":[[[-82.612203,39.721132],[-82.611742,39.72112],[-82.611748,39.721042],[-82.61221,39.721054],[-82.612203,39.721132]]]},"properties":{"p":"0531123700","o":"GRAF JACQUELYN B TRUSTEE OF JACQUELYN B GRAF REV LVG TRUST","a":"0  ZANE AVE","d":"LANCASTER CITY SCHOOL DISTRICT","t":3289.76,"l":"500: Res-Vacant Land","c":0}},{"type":"Feature","geometry":{"type":"Polygon","coordinates":[[[-82.611296,39.716019],[-82.61096,39.71601],[-82.610971,39.715882],[-82.611306,39.715891],[-82.611296,39.716019]]]},"properties":{"p":"0531136200","o":"BOLEN ROSETTA","a":"221 N GEORGE ST","d":"LANCASTER CITY SCHOOL DISTRICT","t":1084.57,"l":"510: Res-Single Family","c":0}},{"type":"Feature","geometry":{"type":"Polygon","coordinates":[[[-82.623617,39.723929],[-82.623616,39.723946],[-82.623155,39.723924],[-82.623156,39.723907],[-82.623617,39.723929]]]},"properties":{"p":"0531170600","o":"WOLFE STEPHEN A & CARLA J SURV","a":"0  GRANT AVE","d":"LANCASTER CITY SCHOOL DISTRICT","t":41.17,"l":"500: Res-Vacant Land","c":0}},{"type":"Feature","geometry":{"type":"Polygon","coordinates":[[[-82.622234,39.719167],[-82.621772,39.719146],[-82.62178,39.719043],[-82.622242,39.719064],[-82.622234,39.719167]]]},"properties":{"p":"0531183900","o":"HYDE JORDAN K","a":"430  MILLER AVE","d":"LANCASTER CITY SCHOOL DISTRICT","t":1758.58,"l":"510: Res-Single Family","c":0}},{"type":"Feature","geometry":{"type":"Polygon","coordinates":[[[-82.624007,39.71973],[-82.624012,39.719678],[-82.624473,39.719703],[-82.624459,39.719858],[-82.623998,39.719833],[-82.624007,39.71973]]]},"properties":{"p":"0531194500","o":"STANDIFORD KIM E & DEBORAH J SURV","a":"508  MAUD AVE","d":"LANCASTER CITY SCHOOL DISTRICT","t":699.41,"l":"510: Res-Single Family","c":0}},{"type":"Feature","geometry":{"type":"Polygon","coordinates":[[[-82.628234,39.718433],[-82.628222,39.718103],[-82.628371,39.718097],[-82.628383,39.71843],[-82.628234,39.718433]]]},"properties":{"p":"0531212100","o":"MILLER MATTHEW","a":"0  UNION ST","d":"LANCASTER CITY SCHOOL DISTRICT","t":1485.68,"l":"500: Res-Vacant Land","c":0}},{"type":"Feature","geometry":{"type":"Polygon","coordinates":[[[-82.63064,39.719878],[-82.630214,39.719854],[-82.630231,39.719674],[-82.630656,39.719698],[-82.63064,39.719878]]]},"properties":{"p":"0531231500","o":"SMITH MICHELLE R","a":"520  MOHAWK DR","d":"LANCASTER CITY SCHOOL DISTRICT","t":857.17,"l":"510: Res-Single Family","c":0}},{"type":"Feature","geometry":{"type":"Polygon","coordinates":[[[-82.610696,39.717127],[-82.610554,39.717123],[-82.610572,39.716882],[-82.610714,39.716886],[-82.610696,39.717127]]]},"properties":{"p":"0531131710","o":"BETTS JOSHUA","a":"0 N GEORGE ST  LANCASTER 43130","d":"LANCASTER CITY SCHOOL DISTRICT","t":60.36,"l":"500: Res-Vacant Land","c":0}},{"type":"Feature","geometry":{"type":"Polygon","coordinates":[[[-82.611878,39.715863],[-82.611919,39.715351],[-82.61263,39.71537],[-82.61259,39.715861],[-82.612564,39.715881],[-82.611878,39.715863]]]},"properties":{"p":"0531134200","o":"HAZELWOOD AMBER","a":"539 W WHEELING ST  LANCASTER 43130","d":"LANCASTER CITY SCHOOL DISTRICT","t":1255.72,"l":"510: Res-Single Family","c":0}},{"type":"Feature","geometry":{"type":"Polygon","coordinates":[[[-82.611008,39.719366],[-82.61031,39.719347],[-82.610296,39.719242],[-82.611018,39.719262],[-82.611008,39.719366]]]},"properties":{"p":"0531146700","o":"2K LTD","a":"505  HOCKING ST","d":"LANCASTER CITY SCHOOL DISTRICT","t":1494.93,"l":"420: Com-Retail-Small","c":0}},{"type":"Feature","geometry":{"type":"Polygon","coordinates":[[[-82.619174,39.724499],[-82.619199,39.724196],[-82.619356,39.724204],[-82.619331,39.724506],[-82.619174,39.724499]]]},"properties":{"p":"0531153800","o":"LANUZZA FRANK DANIEL","a":"1134 W FAIR AVE","d":"LANCASTER CITY SCHOOL DISTRICT","t":1482.7,"l":"510: Res-Single Family","c":0}},{"type":"Feature","geometry":{"type":"Polygon","coordinates":[[[-82.621332,39.72382],[-82.620871,39.723798],[-82.62088,39.723687],[-82.621341,39.723709],[-82.621332,39.72382]]]},"properties":{"p":"0531160600","o":"HORN JODI","a":"807  ROOSEVELT AVE  LANCASTER 43130","d":"LANCASTER CITY SCHOOL DISTRICT","t":210.4,"l":"510: Res-Single Family","c":0}},{"type":"Feature","geometry":{"type":"Polygon","coordinates":[[[-82.624534,39.719063],[-82.624072,39.719042],[-82.624082,39.718939],[-82.624543,39.71896],[-82.624534,39.719063]]]},"properties":{"p":"0531194000","o":"LAMBERT JASON E","a":"422  MAUD AVE","d":"LANCASTER CITY SCHOOL DISTRICT","t":486.07,"l":"510: Res-Single Family","c":0}},{"type":"Feature","geometry":{"type":"Polygon","coordinates":[[[-82.627966,39.720478],[-82.62754,39.720454],[-82.62755,39.720345],[-82.627976,39.720369],[-82.627966,39.720478]]]},"properties":{"p":"0531208400","o":"STANDIFORD KERRY E & LISA A SURV","a":"521  SUMMITVIEW DR","d":"LANCASTER CITY SCHOOL DISTRICT","t":729.32,"l":"510: Res-Single Family","c":0}},{"type":"Feature","geometry":{"type":"Polygon","coordinates":[[[-82.623718,39.727174],[-82.623506,39.727164],[-82.623508,39.727136],[-82.623721,39.727147],[-82.623718,39.727174]]]},"properties":{"p":"0531269800","o":"BNTR SFR OWNER LLC","a":"0  GREEN AVE  LANCASTER 43130","d":"LANCASTER CITY SCHOOL DISTRICT","t":149.87,"l":"500: Res-Vacant Land","c":0}},{"type":"Feature","geometry":{"type":"Polygon","coordinates":[[[-82.637847,39.728228],[-82.637932,39.728139],[-82.637965,39.728149],[-82.637913,39.728248],[-82.637847,39.728228]]]},"properties":{"p":"0531297900","o":"BEATTY ALEXANDER","a":"39  THIRD ST  LANCASTER 43130","d":"LANCASTER CITY SCHOOL DISTRICT","t":374.53,"l":"510: Res-Single Family","c":0}},{"type":"Feature","geometry":{"type":"Polygon","coordinates":[[[-82.612201,39.721165],[-82.611739,39.721153],[-82.611742,39.72112],[-82.612203,39.721132],[-82.612201,39.721165]]]},"properties":{"p":"0531123710","o":"GRAF JACQUELYN B TRUSTEE OF JACQUELYN B GRAF REV LVG TRUST","a":"0  ZANE AVE","d":"LANCASTER CITY SCHOOL DISTRICT","t":3589.93,"l":"500: Res-Vacant Land","c":0}},{"type":"Feature","geometry":{"type":"Polygon","coordinates":[[[-82.624506,39.719372],[-82.624044,39.719351],[-82.624054,39.719248],[-82.624515,39.719269],[-82.624506,39.719372]]]},"properties":{"p":"0531194300","o":"OBRYAN JAMES E TRUSTEE OF THE BLUE MUSTANG PROJECT TRUST DTD 3-8-19","a":"434  MAUD AVE","d":"LANCASTER CITY SCHOOL DISTRICT","t":2292.09,"l":"510: Res-Single Family","c":0}},{"type":"Feature","geometry":{"type":"Polygon","coordinates":[[[-82.626641,39.719],[-82.626522,39.719028],[-82.626374,39.71868],[-82.626558,39.71863],[-82.626641,39.719]]]},"properties":{"p":"0531210700","o":"BURNSIDE GARY W & JULIE L SURV","a":"1651 W UNION ST","d":"LANCASTER CITY SCHOOL DISTRICT","t":880.12,"l":"510: Res-Single Family","c":0}},{"type":"Feature","geometry":{"type":"Polygon","coordinates":[[[-82.627254,39.718146],[-82.627334,39.718142],[-82.627346,39.718452],[-82.627161,39.718456],[-82.62715,39.71815],[-82.627254,39.718146]]]},"properties":{"p":"0531212700","o":"WALKER ROGER L","a":"1674 W UNION ST  LANCASTER 43130","d":"LANCASTER CITY SCHOOL DISTRICT","t":2161.81,"l":"510: Res-Single Family","c":0}},{"type":"Feature","geometry":{"type":"Polygon","coordinates":[[[-82.628689,39.718424],[-82.628728,39.718008],[-82.629004,39.718154],[-82.629028,39.718201],[-82.628852,39.718401],[-82.628784,39.718427],[-82.628689,39.718424]]]},"properties":{"p":"0531228100","o":"STUMP WEBSTER & DAWN SURV","a":"1736 W UNION ST  LANCASTER 43130","d":"LANCASTER CITY SCHOOL DISTRICT","t":1260.41,"l":"510: Res-Single Family","c":0}},{"type":"Feature","geometry":{"type":"Polygon","coordinates":[[[-82.637443,39.728615],[-82.637457,39.728506],[-82.637528,39.728511],[-82.637514,39.72862],[-82.637443,39.728615]]]},"properties":{"p":"0531301500","o":"BROWN NATHANIEL R & ADDISON R","a":"78  FOURTH ST  LANCASTER 43130","d":"LANCASTER CITY SCHOOL DISTRICT","t":144.56,"l":"510: Res-Single Family","c":0}},{"type":"Feature","geometry":{"type":"Polygon","coordinates":[[[-82.619041,39.722233],[-82.619049,39.722122],[-82.619365,39.722137],[-82.619356,39.722248],[-82.619041,39.722233]]]},"properties":{"p":"0531151600","o":"RAWLINGS NICOLE BROOKE","a":"0 W SEVENTH AVE  LANCASTER 43130","d":"LANCASTER CITY SCHOOL DISTRICT","t":184.68,"l":"500: Res-Vacant Land","c":0}},{"type":"Feature","geometry":{"type":"Polygon","coordinates":[[[-82.654607,39.724691],[-82.653229,39.724613],[-82.653255,39.724336],[-82.654633,39.724415],[-82.654607,39.724691]]]},"properties":{"p":"0531283200","o":"NOLAND DANNY L & SANDRA K","a":"730  BECK`S KNOB RD  LANCASTER 43130","d":"LANCASTER CITY SCHOOL DISTRICT","t":3725.8,"l":"510: Res-Single Family","c":0}},{"type":"Feature","geometry":{"type":"Polygon","coordinates":[[[-82.651156,39.72625],[-82.650805,39.72623],[-82.650893,39.725311],[-82.651244,39.725331],[-82.651156,39.72625]]]},"properties":{"p":"0531285700","o":"RUSSELL ERIC A","a":"2566 W FAIR AVE  LANCASTER 43130","d":"LANCASTER CITY SCHOOL DISTRICT","t":1804.16,"l":"510: Res-Single Family","c":0}},{"type":"Feature","geometry":{"type":"Polygon","coordinates":[[[-82.637685,39.728094],[-82.637647,39.728058],[-82.637756,39.727988],[-82.637794,39.728023],[-82.637685,39.728094]]]},"properties":{"p":"0531298200","o":"HARDESTY MARY BETH","a":"43  THIRD ST  LANCASTER 43130","d":"LANCASTER CITY SCHOOL DISTRICT","t":1063.5,"l":"510: Res-Single Family","c":0}},{"type":"Feature","geometry":{"type":"Polygon","coordinates":[[[-82.638516,39.727903],[-82.638446,39.727893],[-82.638458,39.727783],[-82.638528,39.727793],[-82.638516,39.727903]]]},"properties":{"p":"0531298800","o":"MILLS JOHN K & GAIL L","a":"49  ELEVENTH ST  LANCASTER 43130","d":"LANCASTER CITY SCHOOL DISTRICT","t":410.43,"l":"599: Res-Other","c":0}},{"type":"Feature","geometry":{"type":"Polygon","coordinates":[[[-82.637664,39.727385],[-82.637504,39.727373],[-82.637511,39.727318],[-82.637671,39.72733],[-82.637664,39.727385]]]},"properties":{"p":"0531299600","o":"GRAY BRIEN T & ERIN E","a":"57  TWELFTH ST  LANCASTER 43130","d":"LANCASTER CITY SCHOOL DISTRICT","t":789.47,"l":"510: Res-Single Family","c":0}},{"type":"Feature","geometry":{"type":"Polygon","coordinates":[[[-82.653229,39.724613],[-82.652541,39.724573],[-82.652567,39.724297],[-82.653255,39.724336],[-82.653229,39.724613]]]},"properties":{"p":"0531284700","o":"NOLAND DANNY L & SANDRA K","a":"0  BARR DR","d":"LANCASTER CITY SCHOOL DISTRICT","t":116.76,"l":"500: Res-Vacant Land","c":0}},{"type":"Feature","geometry":{"type":"Polygon","coordinates":[[[-82.639477,39.728032],[-82.639335,39.728025],[-82.639341,39.727935],[-82.639482,39.72796],[-82.639477,39.728032]]]},"properties":{"p":"0531310900","o":"WAMPLER DANIEL & KOLES SARA","a":"204  WESTERN ST  LANCASTER 43130","d":"LANCASTER CITY SCHOOL DISTRICT","t":2469.11,"l":"510: Res-Single Family","c":0}},{"type":"Feature","geometry":{"type":"Polygon","coordinates":[[[-82.63924,39.728884],[-82.639098,39.728877],[-82.639102,39.728816],[-82.639244,39.728823],[-82.63924,39.728884]]]},"properties":{"p":"0531312100","o":"GREEN JASON","a":"246  NINTH ST  LANCASTER 43130","d":"LANCASTER CITY SCHOOL DISTRICT","t":9.81,"l":"510: Res-Single Family","c":0}},{"type":"Feature","geometry":{"type":"Polygon","coordinates":[[[-82.637115,39.729468],[-82.637027,39.729461],[-82.637055,39.729242],[-82.637143,39.729249],[-82.637115,39.729468]]]},"properties":{"p":"0531318100","o":"BARNES SHANNON L","a":"350  THIRTEENTH ST  LANCASTER 43130","d":"LANCASTER CITY SCHOOL DISTRICT","t":911.06,"l":"510: Res-Single Family","c":0}},{"type":"Feature","geometry":{"type":"Polygon","coordinates":[[[-82.641514,39.724981],[-82.64155,39.724979],[-82.641483,39.725703],[-82.641447,39.725701],[-82.641514,39.724981]]]},"properties":{"p":"0531325810","o":"PYETT CHARLES A & MARY E SURV","a":"0 W FAIR AVE  LANCASTER 43130","d":"LANCASTER CITY SCHOOL DISTRICT","t":40.63,"l":"500: Res-Vacant Land","c":0}},{"type":"Feature","geometry":{"type":"Polygon","coordinates":[[[-82.651627,39.7208],[-82.651659,39.720465],[-82.651871,39.720483],[-82.65184,39.720812],[-82.651627,39.7208]]]},"properties":{"p":"0531333800","o":"OVERLY KATHRYN","a":"2613  WITTENBERG DR","d":"LANCASTER CITY SCHOOL DISTRICT","t":1196.92,"l":"510: Res-Single Family","c":0}},{"type":"Feature","geometry":{"type":"Polygon","coordinates":[[[-82.642199,39.728103],[-82.642128,39.728099],[-82.642132,39.728055],[-82.642044,39.72805],[-82.64205,39.727982],[-82.642263,39.727994],[-82.642243,39.728097],[-82.642199,39.728103]]]},"properties":{"p":"0531374700","o":"CRAWFORD-RICKER LORI","a":"975  GOVERNORS CIR  LANCASTER 43130","d":"LANCASTER CITY SCHOOL DISTRICT","t":774.73,"l":"550: Res-Condo","c":0}},{"type":"Feature","geometry":{"type":"Polygon","coordinates":[[[-82.630471,39.724529],[-82.630344,39.724522],[-82.630334,39.724604],[-82.630229,39.724433],[-82.630254,39.724159],[-82.631247,39.724214],[-82.631201,39.724694],[-82.631091,39.72469],[-82.631107,39.724564],[-82.630471,39.724529]]]},"properties":{"p":"0531811500","o":"LUTHERAN CHURCH OF OUR SAVIOR","a":"0  GROVE AVE","d":"LANCASTER CITY SCHOOL DISTRICT","t":49.25,"l":"685: Exm-Public Woship","c":0}},{"type":"Feature","geometry":{"type":"Polygon","coordinates":[[[-82.637717,39.754994],[-82.637727,39.754992],[-82.637717,39.755114],[-82.636885,39.755074],[-82.637717,39.754994]]]},"properties":{"p":"0532003653","o":"DOMINION HOMES INC","a":"0  RUNNING BROOK AVE  LANCASTER 43130","d":"LANCASTER CITY SCHOOL DISTRICT","t":510.62,"l":"100: Agr-Vacant Land","c":0}},{"type":"Feature","geometry":{"type":"Polygon","coordinates":[[[-82.603199,39.722275],[-82.60304,39.722269],[-82.603062,39.721877],[-82.603221,39.721882],[-82.603199,39.722275]]]},"properties":{"p":"0532068200","o":"SCHORR KIMBERLY N","a":"142  ARNOLD AVE  LANCASTER 43130","d":"LANCASTER CITY SCHOOL DISTRICT","t":1852.73,"l":"510: Res-Single Family","c":0}},{"type":"Feature","geometry":{"type":"Polygon","coordinates":[[[-82.601985,39.722234],[-82.601914,39.722231],[-82.601922,39.722075],[-82.601994,39.722078],[-82.601985,39.722234]]]},"properties":{"p":"0532069000","o":"PINK HOUSE PROPERTY CO LLC","a":"106  ARNOLD AVE  LANCASTER 43130","d":"LANCASTER CITY SCHOOL DISTRICT","t":151.28,"l":"510: Res-Single Family","c":0}},{"type":"Feature","geometry":{"type":"Polygon","coordinates":[[[-82.606217,39.724531],[-82.606074,39.724526],[-82.606096,39.724131],[-82.606238,39.724136],[-82.606217,39.724531]]]},"properties":{"p":"0532075300","o":"TUSSEY MICHAEL W II & SUSAN SURV","a":"305 W FAIR AVE","d":"LANCASTER CITY SCHOOL DISTRICT","t":920.08,"l":"510: Res-Single Family","c":0}},{"type":"Feature","geometry":{"type":"Polygon","coordinates":[[[-82.604859,39.723106],[-82.604273,39.72309],[-82.604279,39.722972],[-82.604865,39.722988],[-82.604859,39.723106]]]},"properties":{"p":"0532082600","o":"SLATER A E &H M INTER VIVOS TRS","a":"817 N COLUMBUS ST","d":"LANCASTER CITY SCHOOL DISTRICT","t":1307.31,"l":"520: Res-Two Family","c":0}},{"type":"Feature","geometry":{"type":"Polygon","coordinates":[[[-82.608468,39.733462],[-82.608395,39.733337],[-82.6088,39.733196],[-82.608873,39.733321],[-82.608468,39.733462]]]},"properties":{"p":"0532125900","o":"MILBAUGH JOHN R","a":"1445  BALTIMORE RD","d":"LANCASTER CITY SCHOOL DISTRICT","t":1268.47,"l":"510: Res-Single Family","c":0}},{"type":"Feature","geometry":{"type":"Polygon","coordinates":[[[-82.637744,39.728951],[-82.637633,39.728883],[-82.637677,39.72884],[-82.637788,39.728908],[-82.637744,39.728951]]]},"properties":{"p":"0531303000","o":"OXENRIDER SUSAN S","a":"96  FIFTH ST  LANCASTER 43130","d":"LANCASTER CITY SCHOOL DISTRICT","t":1291.01,"l":"510: Res-Single Family","c":0}},{"type":"Feature","geometry":{"type":"Polygon","coordinates":[[[-82.637973,39.729135],[-82.637832,39.729124],[-82.637838,39.729069],[-82.637979,39.72908],[-82.637973,39.729135]]]},"properties":{"p":"0531303900","o":"BROWN RAY","a":"105 W 6TH ST  LANCASTER 43130","d":"LANCASTER CITY SCHOOL DISTRICT","t":5282.22,"l":"510: Res-Single Family","c":0}},{"type":"Feature","geometry":{"type":"Polygon","coordinates":[[[-82.639292,39.728094],[-82.63915,39.728087],[-82.639153,39.728032],[-82.639295,39.728039],[-82.639292,39.728094]]]},"properties":{"p":"0531309900","o":"TRAVIS MICHAEL","a":"186  NINTH ST  LANCASTER 43130","d":"LANCASTER CITY SCHOOL DISTRICT","t":674.47,"l":"510: Res-Single Family","c":0}},{"type":"Feature","geometry":{"type":"Polygon","coordinates":[[[-82.639244,39.728823],[-82.639102,39.728816],[-82.639106,39.728761],[-82.639248,39.728768],[-82.639244,39.728823]]]},"properties":{"p":"0531312000","o":"HALL BRANDON","a":"245  NINTH ST  LANCASTER 43130","d":"LANCASTER CITY SCHOOL DISTRICT","t":360.87,"l":"510: Res-Single Family","c":0}},{"type":"Feature","geometry":{"type":"Polygon","coordinates":[[[-82.63923,39.729048],[-82.639088,39.729041],[-82.639091,39.728986],[-82.639233,39.728993],[-82.63923,39.729048]]]},"properties":{"p":"0531312400","o":"STRICKLAND BOBBY STANLEY","a":"249  NINTH ST  LANCASTER 43130","d":"LANCASTER CITY SCHOOL DISTRICT","t":136.3,"l":"510: Res-Single Family","c":0}},{"type":"Feature","geometry":{"type":"Polygon","coordinates":[[[-82.637262,39.728427],[-82.637103,39.728415],[-82.63711,39.72836],[-82.637269,39.728372],[-82.637262,39.728427]]]},"properties":{"p":"0531319500","o":"MERCKLE HELEN M","a":"363  TWELFTH ST  LANCASTER 43130","d":"LANCASTER CITY SCHOOL DISTRICT","t":295.13,"l":"510: Res-Single Family","c":0}},{"type":"Feature","geometry":{"type":"Polygon","coordinates":[[[-82.637384,39.727477],[-82.637225,39.727465],[-82.637232,39.72741],[-82.637391,39.727422],[-82.637384,39.727477]]]},"properties":{"p":"0531320800","o":"GOOD BOBBY","a":"378  TWELFTH ST  LANCASTER 43130","d":"LANCASTER CITY SCHOOL DISTRICT","t":765.21,"l":"510: Res-Single Family","c":0}},{"type":"Feature","geometry":{"type":"Polygon","coordinates":[[[-82.648111,39.729323],[-82.648144,39.728966],[-82.648604,39.72933],[-82.648549,39.729463],[-82.648526,39.729641],[-82.648111,39.729323]]]},"properties":{"p":"0531369000","o":"ROCKMILL DEVELOPMENT CORPORATION","a":"0  BROOK RUN DR","d":"LANCASTER CITY SCHOOL DISTRICT","t":2306.87,"l":"500: Res-Vacant Land","c":0}},{"type":"Feature","geometry":{"type":"Polygon","coordinates":[[[-82.605993,39.71838],[-82.60578,39.718375],[-82.605786,39.718237],[-82.606,39.718243],[-82.605993,39.71838]]]},"properties":{"p":"0532029500","o":"BKD PROPERTIES LLC","a":"420  FOREST ROSE AVE  LANCASTER 43130","d":"LANCASTER CITY SCHOOL DISTRICT","t":1082.23,"l":"510: Res-Single Family","c":0}},{"type":"Feature","geometry":{"type":"Polygon","coordinates":[[[-82.60495,39.72111],[-82.604364,39.721093],[-82.604372,39.72094],[-82.604958,39.720957],[-82.60495,39.72111]]]},"properties":{"p":"0532047900","o":"SERDON ENTERPRISES LLC","a":"635 N COLUMBUS ST  LANCASTER 43130","d":"LANCASTER CITY SCHOOL DISTRICT","t":1561.26,"l":"419: Com-Other","c":0}},{"type":"Feature","geometry":{"type":"Polygon","coordinates":[[[-82.604069,39.722496],[-82.603767,39.722485],[-82.60377,39.722403],[-82.604072,39.722414],[-82.604069,39.722496]]]},"properties":{"p":"0532064200","o":"WYSKIVER BILL K & MOTT ANDREW J SURV","a":"802 N COLUMBUS ST  LANCASTER 43130","d":"LANCASTER CITY SCHOOL DISTRICT","t":1078.98,"l":"510: Res-Single Family","c":0}},{"type":"Feature","geometry":{"type":"Polygon","coordinates":[[[-82.601985,39.722234],[-82.601994,39.722078],[-82.602249,39.722086],[-82.60224,39.722242],[-82.601985,39.722234]]]},"properties":{"p":"0532068900","o":"PINK HOUSE PROPERTY CO LLC","a":"114  ARNOLD AVE  LANCASTER 43130","d":"LANCASTER CITY SCHOOL DISTRICT","t":291.82,"l":"510: Res-Single Family","c":0}},{"type":"Feature","geometry":{"type":"Polygon","coordinates":[[[-82.608007,39.725141],[-82.607964,39.725166],[-82.607966,39.72514],[-82.608007,39.725141]]]},"properties":{"p":"0532080500","o":"BENDER BETTY H","a":"0  REBER AVE","d":"LANCASTER CITY SCHOOL DISTRICT","t":1011.14,"l":"500: Res-Vacant Land","c":0}},{"type":"Feature","geometry":{"type":"Polygon","coordinates":[[[-82.601595,39.728958],[-82.601453,39.728954],[-82.601475,39.72857],[-82.601617,39.728574],[-82.601595,39.728958]]]},"properties":{"p":"0532099300","o":"R&R GRANDEUR PROPERTIES LLC","a":"0  WILSON AVE","d":"LANCASTER CITY SCHOOL DISTRICT","t":237.38,"l":"500: Res-Vacant Land","c":0}},{"type":"Feature","geometry":{"type":"Polygon","coordinates":[[[-82.607462,39.728425],[-82.607082,39.728353],[-82.607168,39.728129],[-82.607485,39.728228],[-82.607462,39.728425]]]},"properties":{"p":"0532137800","o":"WACKER PAUL W II & BERGERON HEIDI J & WACKER JAMES T","a":"0  SKYLINE DR","d":"LANCASTER CITY SCHOOL DISTRICT","t":155.5,"l":"500: Res-Vacant Land","c":0}},{"type":"Feature","geometry":{"type":"Polygon","coordinates":[[[-82.6377,39.728994],[-82.637588,39.728926],[-82.637633,39.728883],[-82.637744,39.728951],[-82.6377,39.728994]]]},"properties":{"p":"0531302900","o":"WELLS VICKI JUNE","a":"95  FIFTH ST  LANCASTER 43130","d":"LANCASTER CITY SCHOOL DISTRICT","t":8158.57,"l":"510: Res-Single Family","c":0}},{"type":"Feature","geometry":{"type":"Polygon","coordinates":[[[-82.638368,39.728555],[-82.63851,39.728562],[-82.638504,39.728598],[-82.638365,39.728628],[-82.638368,39.728555]]]},"properties":{"p":"0531307500","o":"STEWART WARREN THOMAS & LOIS JEAN","a":"143  EIGHTH ST  LANCASTER 43130","d":"LANCASTER CITY SCHOOL DISTRICT","t":1062.67,"l":"510: Res-Single Family","c":0}},{"type":"Feature","geometry":{"type":"Polygon","coordinates":[[[-82.639689,39.728058],[-82.639547,39.728051],[-82.639552,39.727973],[-82.639693,39.727998],[-82.639689,39.728058]]]},"properties":{"p":"0531311500","o":"KESSLER EVELYN","a":"232  WESTERN ST  LANCASTER 43130","d":"LANCASTER CITY SCHOOL DISTRICT","t":463.07,"l":"510: Res-Single Family","c":0}},{"type":"Feature","geometry":{"type":"Polygon","coordinates":[[[-82.639233,39.728993],[-82.639091,39.728986],[-82.639095,39.728931],[-82.639237,39.728938],[-82.639233,39.728993]]]},"properties":{"p":"0531312300","o":"HIGGINS MICHAEL W","a":"248  NINTH ST  LANCASTER 43130","d":"LANCASTER CITY SCHOOL DISTRICT","t":1118.71,"l":"510: Res-Single Family","c":0}},{"type":"Feature","geometry":{"type":"Polygon","coordinates":[[[-82.639599,39.729384],[-82.639457,39.729377],[-82.639462,39.729307],[-82.639604,39.729314],[-82.639599,39.729384]]]},"properties":{"p":"0531314000","o":"RUDD MICHAEL","a":"273  TENTH ST  LANCASTER 43130","d":"LANCASTER CITY SCHOOL DISTRICT","t":4957.36,"l":"510: Res-Single Family","c":0}},{"type":"Feature","geometry":{"type":"Polygon","coordinates":[[[-82.606329,39.73012],[-82.60672,39.73006],[-82.606624,39.730105],[-82.606586,39.730216],[-82.606615,39.730245],[-82.606578,39.730513],[-82.606329,39.73012]]]},"properties":{"p":"0532005400","o":"MATTOX RICHARD E","a":"0  SKYLINE DR","d":"LANCASTER CITY SCHOOL DISTRICT","t":63.66,"l":"500: Res-Vacant Land","c":0}},{"type":"Feature","geometry":{"type":"Polygon","coordinates":[[[-82.603184,39.716158],[-82.603206,39.715646],[-82.603505,39.715655],[-82.603494,39.715818],[-82.603415,39.715815],[-82.603409,39.715939],[-82.603351,39.715937],[-82.603342,39.716163],[-82.603184,39.716158]]]},"properties":{"p":"0532022600","o":"CLARKE CHRISTOPHER","a":"136 W MULBERRY ST  LANCASTER 43130","d":"LANCASTER CITY SCHOOL DISTRICT","t":4178.1,"l":"447: Com-Office","c":0}},{"type":"Feature","geometry":{"type":"Polygon","coordinates":[[[-82.605846,39.717135],[-82.605848,39.717099],[-82.606061,39.717106],[-82.606055,39.717216],[-82.605842,39.717209],[-82.605846,39.717135]]]},"properties":{"p":"0532031400","o":"RANCOUR STEPHEN A","a":"324  FOREST ROSE AVE","d":"LANCASTER CITY SCHOOL DISTRICT","t":79.46,"l":"510: Res-Single Family","c":0}},{"type":"Feature","geometry":{"type":"Polygon","coordinates":[[[-82.605869,39.721002],[-82.605491,39.720991],[-82.605494,39.720921],[-82.605872,39.720932],[-82.605869,39.721002]]]},"properties":{"p":"0532044000","o":"REESE LEVI E & CATELYN N","a":"630  FOREST ROSE AVE  LANCASTER 43130","d":"LANCASTER CITY SCHOOL DISTRICT","t":149.55,"l":"500: Res-Vacant Land","c":0}},{"type":"Feature","geometry":{"type":"Polygon","coordinates":[[[-82.604889,39.722466],[-82.604491,39.722456],[-82.604492,39.722428],[-82.604304,39.722423],[-82.604305,39.722387],[-82.604892,39.722403],[-82.604889,39.722466]]]},"properties":{"p":"0532064810","o":"COLLIER RUSSELL M","a":"737 N COLUMBUS ST","d":"LANCASTER CITY SCHOOL DISTRICT","t":433.8,"l":"429: Com-Other","c":0}},{"type":"Feature","geometry":{"type":"Polygon","coordinates":[[[-82.606176,39.723622],[-82.605984,39.723616],[-82.605989,39.72352],[-82.606181,39.723526],[-82.606176,39.723622]]]},"properties":{"p":"0532069200","o":"SAMS STACY & SHEPHARD EMORY SURV","a":"821  FOREST ROSE AVE","d":"LANCASTER CITY SCHOOL DISTRICT","t":1452.36,"l":"510: Res-Single Family","c":0}},{"type":"Feature","geometry":{"type":"Polygon","coordinates":[[[-82.610634,39.73388],[-82.610255,39.733991],[-82.610398,39.733761],[-82.610617,39.733843],[-82.610634,39.73388]]]},"properties":{"p":"0532121800","o":"MASSARA LAURA ALISE","a":"0  PERSHING DR","d":"LANCASTER CITY SCHOOL DISTRICT","t":19.29,"l":"599: Res-Other","c":0}},{"type":"Feature","geometry":{"type":"Polygon","coordinates":[[[-82.606776,39.728176],[-82.606975,39.728163],[-82.607168,39.728129],[-82.607082,39.728353],[-82.606749,39.728502],[-82.606776,39.728176]]]},"properties":{"p":"0532137700","o":"WACKER PAUL W II & BERGERON HEIDI J & WACKER JAMES T","a":"0  HILLSIDE AVE","d":"LANCASTER CITY SCHOOL DISTRICT","t":819.24,"l":"500: Res-Vacant Land","c":0}},{"type":"Feature","geometry":{"type":"Polygon","coordinates":[[[-82.613244,39.7352],[-82.613535,39.734948],[-82.613676,39.73506],[-82.613422,39.735318],[-82.613244,39.7352]]]},"properties":{"p":"0532156300","o":"BOWER LINDA DIANN","a":"1743  WACKER DR  LANCASTER 43130","d":"LANCASTER CITY SCHOOL DISTRICT","t":2425.23,"l":"510: Res-Single Family","c":0}},{"type":"Feature","geometry":{"type":"Polygon","coordinates":[[[-82.639274,39.72853],[-82.639199,39.728527],[-82.639207,39.728417],[-82.639281,39.728421],[-82.639274,39.72853]]]},"properties":{"p":"0531310600","o":"TIMMONS JANET","a":"194  EIGHTH ST  LANCASTER 43130","d":"LANCASTER CITY SCHOOL DISTRICT","t":326.47,"l":"510: Res-Single Family","c":0}},{"type":"Feature","geometry":{"type":"Polygon","coordinates":[[[-82.637283,39.728263],[-82.637124,39.728251],[-82.637131,39.728196],[-82.63729,39.728208],[-82.637283,39.728263]]]},"properties":{"p":"0531319800","o":"DAVIS AMBER","a":"366  TWELFTH ST  LANCASTER 43130","d":"LANCASTER CITY SCHOOL DISTRICT","t":639.5,"l":"510: Res-Single Family","c":0}},{"type":"Feature","geometry":{"type":"Polygon","coordinates":[[[-82.63986,39.72899],[-82.639718,39.728983],[-82.639722,39.728922],[-82.639863,39.728929],[-82.63986,39.72899]]]},"properties":{"p":"0531323400","o":"TROCCHIA VINCENT","a":"439  WESTERN ST  LANCASTER 43130","d":"LANCASTER CITY SCHOOL DISTRICT","t":624,"l":"510: Res-Single Family","c":0}},{"type":"Feature","geometry":{"type":"Polygon","coordinates":[[[-82.636733,39.728094],[-82.636574,39.728082],[-82.636588,39.72797],[-82.636747,39.727982],[-82.636733,39.728094]]]},"properties":{"p":"0531324200","o":"GRAY JANET K & JEREMY C","a":"456  MAPLE ST  LANCASTER 43130","d":"LANCASTER CITY SCHOOL DISTRICT","t":218.79,"l":"510: Res-Single Family","c":0}},{"type":"Feature","geometry":{"type":"Polygon","coordinates":[[[-82.641553,39.724979],[-82.641784,39.724945],[-82.641713,39.725716],[-82.641483,39.725703],[-82.641553,39.724979]]]},"properties":{"p":"0531325700","o":"PYETT CHARLES A & MARY E SURV","a":"2232 W FAIR AVE  LANCASTER 43130","d":"LANCASTER CITY SCHOOL DISTRICT","t":1003.73,"l":"510: Res-Single Family","c":0}},{"type":"Feature","geometry":{"type":"Polygon","coordinates":[[[-82.641231,39.728198],[-82.641186,39.728159],[-82.640207,39.728105],[-82.640326,39.726812],[-82.643067,39.726965],[-82.642968,39.728046],[-82.642099,39.728263],[-82.641252,39.728217],[-82.641231,39.728198]],[[-82.641596,39.728159],[-82.641643,39.728153],[-82.641646,39.728121],[-82.641656,39.728121],[-82.641661,39.728066],[-82.641604,39.728064],[-82.641615,39.727927],[-82.641672,39.727929],[-82.641669,39.727841],[-82.641399,39.727828],[-82.641381,39.727915],[-82.641438,39.727918],[-82.641432,39.727986],[-82.641427,39.728055],[-82.64137,39.728052],[-82.641373,39.72814],[-82.641596,39.728159]],[[-82.640943,39.728065],[-82.641029,39.728006],[-82.640987,39.727976],[-82.641107,39.727876],[-82.641149,39.727905],[-82.641219,39.727835],[-82.64102,39.727694],[-82.640935,39.727753],[-82.640977,39.727782],[-82.640856,39.727883],[-82.640815,39.727853],[-82.640745,39.727923],[-82.640943,39.728065]],[[-82.640546,39.72785],[-82.640631,39.727791],[-82.640589,39.727761],[-82.64065,39.727711],[-82.64071,39.72766],[-82.640752,39.72769],[-82.640822,39.72762],[-82.640624,39.727478],[-82.640539,39.727537],[-82.64058,39.727567],[-82.64052,39.727617],[-82.640459,39.727667],[-82.640418,39.727638],[-82.640348,39.727708],[-82.640546,39.72785]],[[-82.641364,39.727449],[-82.641318,39.727608],[-82.641332,39.727611],[-82.641322,39.727643],[-82.64143,39.727661],[-82.641442,39.727618],[-82.641613,39.727648],[-82.641601,39.727691],[-82.641709,39.727709],[-82.641718,39.727677],[-82.641732,39.72768],[-82.641778,39.727521],[-82.641764,39.727518],[-82.641773,39.727486],[-82.641666,39.727468],[-82.641653,39.72751],[-82.641482,39.727481],[-82.641494,39.727438],[-82.641387,39.727419],[-82.641378,39.727452],[-82.641364,39.727449]],[[-82.641937,39.727441],[-82.641949,39.727525],[-82.642202,39.727515],[-82.642201,39.727504],[-82.642243,39.7275],[-82.642231,39.727415],[-82.642174,39.72742],[-82.642165,39.727353],[-82.642155,39.727286],[-82.642211,39.727281],[-82.642199,39.727196],[-82.642157,39.7272],[-82.642155,39.727189],[-82.641905,39.727222],[-82.641917,39.727306],[-82.641974,39.727301],[-82.641993,39.727436],[-82.641937,39.727441]],[[-82.64149,39.727236],[-82.641655,39.727191],[-82.641674,39.727232],[-82.641778,39.727203],[-82.641764,39.727172],[-82.641777,39.727169],[-82.641707,39.727015],[-82.641693,39.727019],[-82.641679,39.726988],[-82.641575,39.727016],[-82.641594,39.727058],[-82.641511,39.72708],[-82.641429,39.727103],[-82.64141,39.727062],[-82.641306,39.72709],[-82.64132,39.727121],[-82.641307,39.727125],[-82.641378,39.727278],[-82.641391,39.727275],[-82.641405,39.727306],[-82.641509,39.727277],[-82.64149,39.727236]],[[-82.640642,39.727268],[-82.640866,39.727152],[-82.640812,39.727074],[-82.640765,39.727099],[-82.640666,39.726984],[-82.640713,39.72696],[-82.640641,39.726892],[-82.640416,39.727008],[-82.640471,39.727085],[-82.640518,39.727061],[-82.640617,39.727175],[-82.64057,39.727199],[-82.640642,39.727268]],[[-82.642464,39.72703],[-82.642461,39.727063],[-82.642447,39.727062],[-82.642432,39.727225],[-82.642447,39.727226],[-82.642444,39.727259],[-82.642553,39.727264],[-82.642557,39.727221],[-82.642732,39.72723],[-82.642728,39.727274],[-82.642838,39.72728],[-82.642863,39.727167],[-82.64287,39.727085],[-82.642856,39.727085],[-82.642859,39.727052],[-82.642749,39.727046],[-82.642745,39.72709],[-82.64257,39.72708],[-82.642574,39.727036],[-82.642464,39.72703]],[[-82.642494,39.727379],[-82.642491,39.727412],[-82.642477,39.727411],[-82.642462,39.727573],[-82.642476,39.727574],[-82.642473,39.727607],[-82.642583,39.727613],[-82.642587,39.727569],[-82.642762,39.727579],[-82.642758,39.727623],[-82.642868,39.727629],[-82.642871,39.727596],[-82.642885,39.727596],[-82.6429,39.727434],[-82.642886,39.727433],[-82.642889,39.7274],[-82.642779,39.727394],[-82.642775,39.727438],[-82.642687,39.727433],[-82.6426,39.727429],[-82.642604,39.727385],[-82.642494,39.727379]],[[-82.642527,39.727743],[-82.642523,39.727786],[-82.642428,39.727781],[-82.642417,39.727902],[-82.642512,39.727907],[-82.642508,39.727951],[-82.642559,39.727954],[-82.642562,39.727926],[-82.642723,39.727935],[-82.642721,39.727963],[-82.642772,39.727965],[-82.642776,39.727922],[-82.642871,39.727927],[-82.642882,39.727806],[-82.642788,39.727801],[-82.642792,39.727757],[-82.64274,39.727754],[-82.642738,39.727782],[-82.642576,39.727773],[-82.642579,39.727745],[-82.642527,39.727743]],[[-82.642263,39.727994],[-82.642262,39.727889],[-82.642149,39.727874],[-82.642145,39.727918],[-82.641968,39.727909],[-82.641972,39.727865],[-82.641901,39.727861],[-82.641857,39.727867],[-82.641854,39.727902],[-82.641843,39.727902],[-82.641831,39.728039],[-82.641841,39.728039],[-82.641838,39.728075],[-82.64188,39.728086],[-82.641951,39.728089],[-82.641955,39.728046],[-82.642044,39.72805],[-82.642132,39.728055],[-82.642128,39.728099],[-82.642199,39.728103],[-82.642243,39.728097],[-82.642263,39.727994]]]},"properties":{"p":"0531360499","o":"OVERLOOK RESERVE CONDOMINIUM OWNER'S ASSOCIATION","a":"968  GOVERNORS CIR  LANCASTER 43130","d":"LANCASTER CITY SCHOOL DISTRICT","t":2.4,"l":"500: Res-Vacant Land","c":0}},{"type":"Feature","geometry":{"type":"Polygon","coordinates":[[[-82.604208,39.719485],[-82.603664,39.719468],[-82.603668,39.719386],[-82.604212,39.719403],[-82.604208,39.719485]]]},"properties":{"p":"0532034100","o":"GROVE LANCE R","a":"520 N COLUMBUS ST  LANCASTER 43130","d":"LANCASTER CITY SCHOOL DISTRICT","t":908.16,"l":"530: Res-Three Family","c":0}},{"type":"Feature","geometry":{"type":"Polygon","coordinates":[[[-82.602599,39.71811],[-82.602451,39.718107],[-82.602477,39.717613],[-82.602625,39.717617],[-82.602599,39.71811]]]},"properties":{"p":"0532038600","o":"MCMILLAN BRANDON E","a":"119  UNION ST  LANCASTER 43130","d":"LANCASTER CITY SCHOOL DISTRICT","t":15734.24,"l":"510: Res-Single Family","c":0}},{"type":"Feature","geometry":{"type":"Polygon","coordinates":[[[-82.60374,39.717344],[-82.603747,39.71722],[-82.604315,39.717238],[-82.604308,39.717362],[-82.60374,39.717344]]]},"properties":{"p":"0532058900","o":"WACKER PAUL W II & BERGERON HEIDI J & WACKER JAMES T","a":"336 N COLUMBUS ST  LANCASTER 43130","d":"LANCASTER CITY SCHOOL DISTRICT","t":2624,"l":"419: Com-Other","c":0}},{"type":"Feature","geometry":{"type":"Polygon","coordinates":[[[-82.611097,39.733746],[-82.611184,39.733608],[-82.611357,39.73367],[-82.611097,39.733746]]]},"properties":{"p":"0532121700","o":"OLIVE FREDERICK N & FEISEL TIFFANY B","a":"0  CLARENDEN ST  LANCASTER 43130","d":"LANCASTER CITY SCHOOL DISTRICT","t":165.5,"l":"500: Res-Vacant Land","c":0}},{"type":"Feature","geometry":{"type":"Polygon","coordinates":[[[-82.608541,39.733587],[-82.608468,39.733462],[-82.608873,39.733321],[-82.608946,39.733446],[-82.608541,39.733587]]]},"properties":{"p":"0532126000","o":"MILBAUGH JOHN R","a":"0  BALTIMORE RD","d":"LANCASTER CITY SCHOOL DISTRICT","t":183.15,"l":"500: Res-Vacant Land","c":0}},{"type":"Feature","geometry":{"type":"Polygon","coordinates":[[[-82.607956,39.728755],[-82.60791,39.72867],[-82.608185,39.728579],[-82.60822,39.728668],[-82.607956,39.728755]]]},"properties":{"p":"0532138000","o":"WACKER PAUL W II & BERGERON HEIDI J & WACKER JAMES T","a":"0  SKYLINE DR","d":"LANCASTER CITY SCHOOL DISTRICT","t":82.59,"l":"500: Res-Vacant Land","c":0}},{"type":"Feature","geometry":{"type":"Polygon","coordinates":[[[-82.608429,39.729197],[-82.608209,39.729225],[-82.608073,39.728971],[-82.608315,39.728908],[-82.608429,39.729197]]]},"properties":{"p":"0532138410","o":"WACKER ESTELLA A","a":"0  SKYLINE DR","d":"LANCASTER CITY SCHOOL DISTRICT","t":94.57,"l":"500: Res-Vacant Land","c":0}},{"type":"Feature","geometry":{"type":"Polygon","coordinates":[[[-82.608118,39.728409],[-82.607168,39.728129],[-82.607176,39.728094],[-82.607462,39.728033],[-82.607984,39.728002],[-82.607982,39.727837],[-82.60813,39.727881],[-82.608356,39.72797],[-82.608265,39.728152],[-82.608292,39.728382],[-82.608468,39.728427],[-82.608118,39.728409]]]},"properties":{"p":"0532142300","o":"WACKER PAUL W II & BERGERON HEIDI J & WACKER JAMES T","a":"0  EDGEWOOD CT","d":"LANCASTER CITY SCHOOL DISTRICT","t":487.49,"l":"500: Res-Vacant Land","c":0}},{"type":"Feature","geometry":{"type":"Polygon","coordinates":[[[-82.615599,39.737457],[-82.615751,39.737148],[-82.615923,39.737211],[-82.61593,39.737255],[-82.615801,39.737516],[-82.615599,39.737457]]]},"properties":{"p":"0532164800","o":"WAITES JAMES A","a":"1866  GLENMAR DR","d":"LANCASTER CITY SCHOOL DISTRICT","t":583.7,"l":"510: Res-Single Family","c":0}},{"type":"Feature","geometry":{"type":"Polygon","coordinates":[[[-82.614808,39.738105],[-82.614604,39.738045],[-82.614755,39.737737],[-82.61496,39.737797],[-82.614808,39.738105]]]},"properties":{"p":"0532170800","o":"AUSTIN JULIE A","a":"1848  MARROSE DR","d":"LANCASTER CITY SCHOOL DISTRICT","t":46.56,"l":"510: Res-Single Family","c":0}},{"type":"Feature","geometry":{"type":"Polygon","coordinates":[[[-82.613078,39.735072],[-82.613394,39.734835],[-82.613535,39.734948],[-82.613244,39.7352],[-82.613078,39.735072]]]},"properties":{"p":"0532156400","o":"BENNER SIMONE","a":"1735  WACKER DR  LANCASTER 43130","d":"LANCASTER CITY SCHOOL DISTRICT","t":800.37,"l":"510: Res-Single Family","c":0}},{"type":"Feature","geometry":{"type":"Polygon","coordinates":[[[-82.616883,39.739436],[-82.616899,39.739107],[-82.616914,39.739076],[-82.616967,39.739055],[-82.617257,39.739063],[-82.617238,39.739447],[-82.616883,39.739436]]]},"properties":{"p":"0532288700","o":"TETI ROY & CHRISTINE SURV","a":"0  NICHOLE CIR  LANCASTER 43130","d":"LANCASTER CITY SCHOOL DISTRICT","t":1513.88,"l":"500: Res-Vacant Land","c":0}},{"type":"Feature","geometry":{"type":"Polygon","coordinates":[[[-82.579524,39.743364],[-82.579538,39.743085],[-82.580604,39.743122],[-82.580574,39.74364],[-82.579524,39.743364]]]},"properties":{"p":"0533008440","o":"GREEN JASON D & AIMEE E SURV","a":"0  LANCASTER-NEWARK RD  LANCASTER 43130","d":"LANCASTER CITY SCHOOL DISTRICT","t":2.77,"l":"100: Agr-Vacant Land","c":0}},{"type":"Feature","geometry":{"type":"Polygon","coordinates":[[[-82.594327,39.717943],[-82.594185,39.717938],[-82.594192,39.717812],[-82.594334,39.717816],[-82.594327,39.717943]]]},"properties":{"p":"0533025100","o":"MARTIN GREGG","a":"0 E FIFTH AVE  LANCASTER 43130","d":"LANCASTER CITY SCHOOL DISTRICT","t":28.68,"l":"599: Res-Other","c":0}},{"type":"Feature","geometry":{"type":"Polygon","coordinates":[[[-82.594362,39.719624],[-82.59422,39.719619],[-82.594266,39.719109],[-82.594408,39.719113],[-82.594362,39.719624]]]},"properties":{"p":"0533030000","o":"BUSHEE KATHY L & JOHN D SURV","a":"424 E SIXTH AVE  LANCASTER 43130","d":"LANCASTER CITY SCHOOL DISTRICT","t":116.8,"l":"510: Res-Single Family","c":0}},{"type":"Feature","geometry":{"type":"Polygon","coordinates":[[[-82.599404,39.72945],[-82.599395,39.729327],[-82.599353,39.729208],[-82.600079,39.728898],[-82.600353,39.728907],[-82.600335,39.729486],[-82.599404,39.72945]]]},"properties":{"p":"0532815500","o":"FAIRFIELD CO AGRICULTURE SOCIETY","a":"0  MARKS AVE","d":"LANCASTER CITY SCHOOL DISTRICT","t":2.4,"l":"620: Exm-County","c":0}},{"type":"Feature","geometry":{"type":"Polygon","coordinates":[[[-82.598163,39.715987],[-82.598189,39.715488],[-82.598482,39.715497],[-82.598456,39.715996],[-82.598163,39.715987]]]},"properties":{"p":"0533014800","o":"SNIDER RYAN J TRUSTEE","a":"218 E MULBERRY ST  LANCASTER 43130","d":"LANCASTER CITY SCHOOL DISTRICT","t":472,"l":"510: Res-Single Family","c":0}},{"type":"Feature","geometry":{"type":"Polygon","coordinates":[[[-82.593469,39.721237],[-82.593471,39.721201],[-82.593806,39.721211],[-82.593801,39.721315],[-82.593466,39.721306],[-82.593469,39.721237]]]},"properties":{"p":"0533049100","o":"EISMON MONTE A","a":"705  MAPLE ST","d":"LANCASTER CITY SCHOOL DISTRICT","t":62.21,"l":"510: Res-Single Family","c":0}},{"type":"Feature","geometry":{"type":"Polygon","coordinates":[[[-82.585986,39.718892],[-82.585832,39.718887],[-82.58584,39.71875],[-82.585993,39.718755],[-82.585986,39.718892]]]},"properties":{"p":"0533089200","o":"VANDERVOORT CRAIG M TRUSTEE OF THE MARY J GRIFFITH TRT AGRMT DTD 1-10-87","a":"511 N EASTWOOD AVE  LANCASTER 43130","d":"LANCASTER CITY SCHOOL DISTRICT","t":1881.89,"l":"510: Res-Single Family","c":0}},{"type":"Feature","geometry":{"type":"Polygon","coordinates":[[[-82.586132,39.718998],[-82.585981,39.718994],[-82.585986,39.718892],[-82.586137,39.718897],[-82.586132,39.718998]]]},"properties":{"p":"0533089600","o":"VANDERVOORT CRAIG M TRUSTEE OF THE MARY J GRIFFITH TRT AGRMT DTD 1-10-87","a":"517 N EASTWOOD AVE  LANCASTER 43130","d":"LANCASTER CITY SCHOOL DISTRICT","t":480.17,"l":"510: Res-Single Family","c":0}},{"type":"Feature","geometry":{"type":"Polygon","coordinates":[[[-82.586077,39.723172],[-82.586083,39.723062],[-82.586249,39.723068],[-82.586233,39.723371],[-82.586067,39.723364],[-82.586077,39.723172]]]},"properties":{"p":"0533106800","o":"MONTGOMERY MICHELE LOUISE ET AL SUB LE OF LUTZ RONALD EUGENE","a":"724 E FAIR AVE  LANCASTER 43130","d":"LANCASTER CITY SCHOOL DISTRICT","t":1634.03,"l":"510: Res-Single Family","c":0}},{"type":"Feature","geometry":{"type":"Polygon","coordinates":[[[-82.615999,39.737501],[-82.616037,39.737424],[-82.616378,39.737524],[-82.616303,39.737678],[-82.615961,39.737578],[-82.615999,39.737501]]]},"properties":{"p":"0532170100","o":"CASSINGER MEGAN","a":"169  BERKELEY DR  LANCASTER 43130","d":"LANCASTER CITY SCHOOL DISTRICT","t":463.06,"l":"510: Res-Single Family","c":0}},{"type":"Feature","geometry":{"type":"Polygon","coordinates":[[[-82.63553,39.745391],[-82.635509,39.745388],[-82.635596,39.744975],[-82.635829,39.745013],[-82.635698,39.745412],[-82.63553,39.745391]]]},"properties":{"p":"0532221700","o":"BURCHFIELD WILLIAM T","a":"1497  AUTUMN DR","d":"LANCASTER CITY SCHOOL DISTRICT","t":1357.84,"l":"510: Res-Single Family","c":0}},{"type":"Feature","geometry":{"type":"Polygon","coordinates":[[[-82.599345,39.729194],[-82.599279,39.7291],[-82.599205,39.729028],[-82.600108,39.728234],[-82.600079,39.728898],[-82.599353,39.729208],[-82.599345,39.729194]]]},"properties":{"p":"0532815000","o":"FAIRFIELD CO AGRICULTURE SOCIETY","a":"0  MARKS AVE","d":"LANCASTER CITY SCHOOL DISTRICT","t":2.4,"l":"620: Exm-County","c":0}},{"type":"Feature","geometry":{"type":"Polygon","coordinates":[[[-82.585981,39.718994],[-82.585827,39.718989],[-82.585832,39.718887],[-82.585986,39.718892],[-82.585981,39.718994]]]},"properties":{"p":"0533089100","o":"VANDERVOORT CRAIG M TRUSTEE OF THE MARY J GRIFFITH TRT AGRMT DTD 1-10-87","a":"519 N EASTWOOD AVE  LANCASTER 43130","d":"LANCASTER CITY SCHOOL DISTRICT","t":855,"l":"510: Res-Single Family","c":0}},{"type":"Feature","geometry":{"type":"Polygon","coordinates":[[[-82.586137,39.718897],[-82.585986,39.718892],[-82.585993,39.718755],[-82.586144,39.71876],[-82.586137,39.718897]]]},"properties":{"p":"0533089500","o":"VANDERVOORT CRAIG M TRUSTEE OF THE MARY J GRIFFITH TRT AGRMT DTD 1-10-87","a":"0 N EASTWOOD AVE  LANCASTER 43130","d":"LANCASTER CITY SCHOOL DISTRICT","t":144.86,"l":"599: Res-Other","c":0}},{"type":"Feature","geometry":{"type":"Polygon","coordinates":[[[-82.586041,39.721563],[-82.5864,39.72157],[-82.586394,39.721691],[-82.586035,39.721679],[-82.586041,39.721563]]]},"properties":{"p":"0533138900","o":"CONCORD MANOR II LLC","a":"726  RUTTER AVE  LANCASTER 43130","d":"LANCASTER CITY SCHOOL DISTRICT","t":537.59,"l":"510: Res-Single Family","c":0}},{"type":"Feature","geometry":{"type":"Polygon","coordinates":[[[-82.538688,39.721608],[-82.538499,39.7216],[-82.538255,39.720477],[-82.538584,39.720374],[-82.53849,39.720196],[-82.539395,39.719911],[-82.539678,39.720448],[-82.539785,39.719196],[-82.53998,39.719134],[-82.539758,39.721659],[-82.538688,39.721608]]]},"properties":{"p":"0534000760","o":"H & H PRIME HOLDINGS LLC","a":"0 E MAIN ST  LANCASTER 43130","d":"LANCASTER CITY SCHOOL DISTRICT","t":2.76,"l":"501: Res-Custom Code","c":0}},{"type":"Feature","geometry":{"type":"Polygon","coordinates":[[[-82.569031,39.737358],[-82.569046,39.737101],[-82.569797,39.73712],[-82.569762,39.737383],[-82.569031,39.737358]]]},"properties":{"p":"0534016500","o":"WACKER PAUL W II & BERGERON HEIDI J & WACKER JAMES T","a":"0  SHERIDAN DR","d":"LANCASTER CITY SCHOOL DISTRICT","t":420.49,"l":"500: Res-Vacant Land","c":0}},{"type":"Feature","geometry":{"type":"Polygon","coordinates":[[[-82.581161,39.72127],[-82.581167,39.721155],[-82.581604,39.721168],[-82.581598,39.721284],[-82.581161,39.72127]]]},"properties":{"p":"0534033300","o":"SCHMENK JOHN LEE & STEPHANIE SURV","a":"0  HARDING AVE  LANCASTER 43130","d":"LANCASTER CITY SCHOOL DISTRICT","t":988.65,"l":"500: Res-Vacant Land","c":0}},{"type":"Feature","geometry":{"type":"Polygon","coordinates":[[[-82.564834,39.721301],[-82.565481,39.72115],[-82.565679,39.721752],[-82.565321,39.721789],[-82.564968,39.721848],[-82.564834,39.721301]]]},"properties":{"p":"0534071300","o":"ASHTON CANDIE M","a":"0  MARIETTA RD","d":"LANCASTER CITY SCHOOL DISTRICT","t":678.82,"l":"500: Res-Vacant Land","c":0}},{"type":"Feature","geometry":{"type":"Polygon","coordinates":[[[-82.566942,39.721304],[-82.567123,39.721245],[-82.567209,39.721401],[-82.567123,39.721796],[-82.566619,39.721741],[-82.566576,39.721724],[-82.566558,39.721689],[-82.566572,39.721636],[-82.566663,39.721487],[-82.566779,39.721386],[-82.566942,39.721304]]]},"properties":{"p":"0534072100","o":"WHITAKER ANNA M & ZYKER M & WITHROW VIRGIL T","a":"1075  LANRECO BLVD  LANCASTER 43130","d":"LANCASTER CITY SCHOOL DISTRICT","t":3877.68,"l":"510: Res-Single Family","c":0}},{"type":"Feature","geometry":{"type":"Polygon","coordinates":[[[-82.574161,39.719976],[-82.57449,39.719871],[-82.574932,39.720784],[-82.574651,39.720862],[-82.574161,39.719976]]]},"properties":{"p":"0534073700","o":"WEST DAVID SCOTT","a":"757  PLEASANTVILLE RD  LANCASTER 43130","d":"LANCASTER CITY SCHOOL DISTRICT","t":1451.7,"l":"510: Res-Single Family","c":0}},{"type":"Feature","geometry":{"type":"Polygon","coordinates":[[[-82.56924,39.714925],[-82.569241,39.714898],[-82.569827,39.714918],[-82.569826,39.714946],[-82.56924,39.714925]]]},"properties":{"p":"0534082600","o":"PARKER NATHAN D & JAMIE L SURV","a":"0  KANAWHA RD  LANCASTER 43130","d":"LANCASTER CITY SCHOOL DISTRICT","t":660.17,"l":"500: Res-Vacant Land","c":0}},{"type":"Feature","geometry":{"type":"Polygon","coordinates":[[[-82.571615,39.725185],[-82.571639,39.724792],[-82.571905,39.724802],[-82.571882,39.725194],[-82.571615,39.725185]]]},"properties":{"p":"0534086700","o":"LUBY TRAVIS C & KRISTEN J SURV","a":"1340  HUFFER AVE","d":"LANCASTER CITY SCHOOL DISTRICT","t":357.94,"l":"510: Res-Single Family","c":0}},{"type":"Feature","geometry":{"type":"Polygon","coordinates":[[[-82.624561,39.745741],[-82.624573,39.745567],[-82.624829,39.745709],[-82.625105,39.74577],[-82.624561,39.745741]]]},"properties":{"p":"0532324400","o":"DOMINION HOMES INC","a":"0  GREENCREST WAY  LANCASTER 43130","d":"LANCASTER CITY SCHOOL DISTRICT","t":2.4,"l":"500: Res-Vacant Land","c":0}},{"type":"Feature","geometry":{"type":"Polygon","coordinates":[[[-82.602912,39.728295],[-82.602941,39.727744],[-82.60358,39.727695],[-82.603696,39.728033],[-82.60355,39.728029],[-82.60352,39.728603],[-82.602897,39.728584],[-82.602912,39.728295]]]},"properties":{"p":"0532812500","o":"FAIRFIELD CO AGRICULTURE SOCIETY","a":"0 N COLUMBUS ST","d":"LANCASTER CITY SCHOOL DISTRICT","t":2.4,"l":"620: Exm-County","c":0}},{"type":"Feature","geometry":{"type":"Polygon","coordinates":[[[-82.546291,39.71895],[-82.546335,39.718393],[-82.547339,39.718175],[-82.547274,39.718997],[-82.546291,39.71895]]]},"properties":{"p":"0534002320","o":"WALKER ROGER & JESSIE","a":"2257 E MAIN ST","d":"LANCASTER CITY SCHOOL DISTRICT","t":3856.11,"l":"511: Res-Custom Code","c":0}},{"type":"Feature","geometry":{"type":"Polygon","coordinates":[[[-82.56565,39.755269],[-82.565684,39.755023],[-82.566132,39.755063],[-82.566171,39.755095],[-82.566142,39.755312],[-82.56565,39.755269]]]},"properties":{"p":"0534007727","o":"WESTENBARGER LEAH M","a":"2404  SHERIDAN DR  LANCASTER 43130","d":"LANCASTER CITY SCHOOL DISTRICT","t":304.14,"l":"510: Res-Single Family","c":0}},{"type":"Feature","geometry":{"type":"Polygon","coordinates":[[[-82.564502,39.738647],[-82.563275,39.738603],[-82.5633,39.738206],[-82.564524,39.73825],[-82.564502,39.738647]]]},"properties":{"p":"0534008313","o":"1531 MONMOUTH ST HOLDINGS LLC","a":"1531  MONMOUTH ST  LANCASTER 43130","d":"LANCASTER CITY SCHOOL DISTRICT","t":6268.01,"l":"420: Com-Retail-Small","c":0}},{"type":"Feature","geometry":{"type":"Polygon","coordinates":[[[-82.569017,39.737616],[-82.569031,39.737358],[-82.569762,39.737383],[-82.569729,39.737635],[-82.569017,39.737616]]]},"properties":{"p":"0534016400","o":"WACKER PAUL W II & BERGERON HEIDI J & WACKER JAMES T","a":"1466  SHERIDAN DR","d":"LANCASTER CITY SCHOOL DISTRICT","t":1358.07,"l":"510: Res-Single Family","c":0}},{"type":"Feature","geometry":{"type":"Polygon","coordinates":[[[-82.595663,39.720375],[-82.595521,39.720371],[-82.59555,39.719826],[-82.595692,39.71983],[-82.595663,39.720375]]]},"properties":{"p":"0533043100","o":"HARDWICK LISA A","a":"315 E SIXTH AVE  LANCASTER 43130","d":"LANCASTER CITY SCHOOL DISTRICT","t":3.43,"l":"510: Res-Single Family","c":0}},{"type":"Feature","geometry":{"type":"Polygon","coordinates":[[[-82.601178,39.716775],[-82.601184,39.716661],[-82.601274,39.716664],[-82.601294,39.71628],[-82.601666,39.716291],[-82.60164,39.716789],[-82.601178,39.716775]]]},"properties":{"p":"0533814500","o":"ST PETERS EVAN LUTHERAN CHURCH","a":"105 E MULBERRY ST  LANCASTER 43130","d":"LANCASTER CITY SCHOOL DISTRICT","t":49.25,"l":"685: Exm-Public Woship","c":0}},{"type":"Feature","geometry":{"type":"Polygon","coordinates":[[[-82.600965,39.716088],[-82.600991,39.71559],[-82.601176,39.715596],[-82.60115,39.716094],[-82.600965,39.716088]]]},"properties":{"p":"0533816500","o":"FIRST PRESBYTERIAN CHURCH","a":"0 E MULBERRY ST","d":"LANCASTER CITY SCHOOL DISTRICT","t":2.4,"l":"685: Exm-Public Woship","c":0}},{"type":"Feature","geometry":{"type":"Polygon","coordinates":[[[-82.556225,39.715394],[-82.556808,39.715338],[-82.556749,39.716245],[-82.556171,39.716224],[-82.556225,39.715394]]]},"properties":{"p":"0534002530","o":"KARR S RAY TRUSTEE","a":"1961 E MAIN ST  LANCASTER 43130","d":"LANCASTER CITY SCHOOL DISTRICT","t":9629.97,"l":"430: Com-Retaurant","c":0}},{"type":"Feature","geometry":{"type":"Polygon","coordinates":[[[-82.568577,39.741093],[-82.568576,39.740818],[-82.569571,39.740843],[-82.569573,39.741118],[-82.568577,39.741093]]]},"properties":{"p":"0534008600","o":"WOKEN JEFFREY E","a":"1652  SHERIDAN DR  LANCASTER 43130","d":"LANCASTER CITY SCHOOL DISTRICT","t":1682.91,"l":"511: Res-Custom Code","c":0}},{"type":"Feature","geometry":{"type":"Polygon","coordinates":[[[-82.581236,39.719852],[-82.581242,39.719736],[-82.581654,39.719749],[-82.581688,39.719778],[-82.581684,39.719866],[-82.581236,39.719852]]]},"properties":{"p":"0534032200","o":"MARTIN BRANDON LEE","a":"615  HARDING AVE  LANCASTER 43130","d":"LANCASTER CITY SCHOOL DISTRICT","t":1513.34,"l":"510: Res-Single Family","c":0}},{"type":"Feature","geometry":{"type":"Polygon","coordinates":[[[-82.543591,39.721833],[-82.542949,39.721805],[-82.542977,39.721455],[-82.543889,39.721481],[-82.543886,39.721838],[-82.543591,39.721833]]]},"properties":{"p":"0534144100","o":"WHITNEY ZACH","a":"0  KNOLLWOOD CT","d":"LANCASTER CITY SCHOOL DISTRICT","t":407.75,"l":"500: Res-Vacant Land","c":0}},{"type":"Feature","geometry":{"type":"Polygon","coordinates":[[[-82.60115,39.716094],[-82.601176,39.715596],[-82.601348,39.715601],[-82.601322,39.716099],[-82.60115,39.716094]]]},"properties":{"p":"0533816000","o":"FIRST PRESBYTERIAN CHURCH","a":"0 E MULBERRY ST","d":"LANCASTER CITY SCHOOL DISTRICT","t":2.4,"l":"685: Exm-Public Woship","c":0}},{"type":"Feature","geometry":{"type":"Polygon","coordinates":[[[-82.601307,39.716866],[-82.601016,39.716857],[-82.601019,39.716802],[-82.60131,39.716811],[-82.601307,39.716866]]]},"properties":{"p":"0533828000","o":"ST PETERS EVANG LUTHERAN CHURCH","a":"322 N BROAD ST","d":"LANCASTER CITY SCHOOL DISTRICT","t":2.4,"l":"685: Exm-Public Woship","c":0}},{"type":"Feature","geometry":{"type":"Polygon","coordinates":[[[-82.547615,39.721991],[-82.547889,39.718192],[-82.54767,39.718134],[-82.547535,39.718139],[-82.547619,39.716814],[-82.549235,39.716342],[-82.549167,39.717448],[-82.549092,39.717444],[-82.548947,39.719976],[-82.5493,39.719992],[-82.549198,39.721768],[-82.547845,39.72171],[-82.547824,39.722001],[-82.547615,39.721991]]]},"properties":{"p":"0534001900","o":"WALKER ROGER L","a":"2201 E MAIN ST  LANCASTER 43130","d":"LANCASTER CITY SCHOOL DISTRICT","t":2046.68,"l":"501: Res-Custom Code","c":0}},{"type":"Feature","geometry":{"type":"Polygon","coordinates":[[[-82.559979,39.737352],[-82.559624,39.73734],[-82.559659,39.736768],[-82.560014,39.73678],[-82.559979,39.737352]]]},"properties":{"p":"0534014300","o":"MCKIEL MEGAN","a":"0  TIKI LN  LANCASTER 43130","d":"LANCASTER CITY SCHOOL DISTRICT","t":310.22,"l":"500: Res-Vacant Land","c":0}},{"type":"Feature","geometry":{"type":"Polygon","coordinates":[[[-82.569017,39.737616],[-82.568839,39.73761],[-82.568868,39.737095],[-82.569046,39.737101],[-82.569017,39.737616]]]},"properties":{"p":"0534016600","o":"WACKER PAUL W II & BERGERON HEIDI J & WACKER JAMES T","a":"0  TIKI LN","d":"LANCASTER CITY SCHOOL DISTRICT","t":218.2,"l":"500: Res-Vacant Land","c":0}},{"type":"Feature","geometry":{"type":"Polygon","coordinates":[[[-82.565853,39.752482],[-82.566155,39.752493],[-82.566132,39.752877],[-82.565832,39.752865],[-82.565853,39.752482]]]},"properties":{"p":"0534148000","o":"WASEM SHIRLEY A","a":"1680  RAINBOW DR","d":"LANCASTER CITY SCHOOL DISTRICT","t":2030.94,"l":"510: Res-Single Family","c":0}},{"type":"Feature","geometry":{"type":"Polygon","coordinates":[[[-82.559862,39.749914],[-82.560377,39.74966],[-82.560434,39.749697],[-82.560506,39.749711],[-82.560536,39.75002],[-82.559899,39.750183],[-82.559862,39.749914]]]},"properties":{"p":"0534155800","o":"VAWTER MICHAEL A","a":"1918  YORKTOWN CT  LANCASTER 43130","d":"LANCASTER CITY SCHOOL DISTRICT","t":4802.78,"l":"510: Res-Single Family","c":0}},{"type":"Feature","geometry":{"type":"Polygon","coordinates":[[[-82.554192,39.726379],[-82.55393,39.726466],[-82.553748,39.726138],[-82.55401,39.726051],[-82.554192,39.726379]]]},"properties":{"p":"0534177400","o":"GARBRANDT MICHAEL E & WENDY M SURV","a":"1581  PARKLAND DR","d":"LANCASTER CITY SCHOOL DISTRICT","t":852.71,"l":"510: Res-Single Family","c":0}},{"type":"Feature","geometry":{"type":"Polygon","coordinates":[[[-82.564649,39.742311],[-82.564678,39.741836],[-82.564856,39.741843],[-82.564826,39.742317],[-82.564649,39.742311]]]},"properties":{"p":"0534206200","o":"BECKER ALAN N & DIANE F SURV","a":"1520  FULLER CT","d":"LANCASTER CITY SCHOOL DISTRICT","t":1256.4,"l":"510: Res-Single Family","c":0}},{"type":"Feature","geometry":{"type":"Polygon","coordinates":[[[-82.567559,39.731189],[-82.567616,39.731257],[-82.567467,39.731331],[-82.567431,39.73126],[-82.567405,39.731273],[-82.567377,39.731239],[-82.567461,39.731183],[-82.567487,39.731214],[-82.567559,39.731189]]]},"properties":{"p":"0534245200","o":"MAST NICHOLAS A & CHISTOPHER C TRUSTEES","a":"1378  EPWORTH FOREST DR  LANCASTER 43130","d":"LANCASTER CITY SCHOOL DISTRICT","t":1789.77,"l":"550: Res-Condo","c":0}},{"type":"Feature","geometry":{"type":"Polygon","coordinates":[[[-82.543974,39.7087],[-82.543975,39.708683],[-82.545355,39.708746],[-82.545275,39.709774],[-82.543896,39.70971],[-82.543974,39.7087]]]},"properties":{"p":"0535003240","o":"MOORE FRANKLIN JAMES & COPEN SHADA DAWN SURV","a":"421  QUARRY RD","d":"LANCASTER CITY SCHOOL DISTRICT","t":2204.41,"l":"499: Com-Other","c":0}},{"type":"Feature","geometry":{"type":"Polygon","coordinates":[[[-82.57652,39.714269],[-82.576343,39.714282],[-82.576359,39.713994],[-82.576536,39.713981],[-82.57652,39.714269]]]},"properties":{"p":"0535012110","o":"LENHART-FRAUENBERG PARTNERSHIP","a":"0 E MAIN ST  LANCASTER 43130","d":"LANCASTER CITY SCHOOL DISTRICT","t":993.95,"l":"400: Com-Vacant Land","c":0}},{"type":"Feature","geometry":{"type":"Polygon","coordinates":[[[-82.575725,39.714702],[-82.575532,39.714717],[-82.575532,39.714589],[-82.5761,39.714547],[-82.576093,39.714674],[-82.575725,39.714702]]]},"properties":{"p":"0535015600","o":"1300 WHEELING LLC","a":"1300 E WHEELING ST","d":"LANCASTER CITY SCHOOL DISTRICT","t":1508.42,"l":"499: Com-Other","c":0}},{"type":"Feature","geometry":{"type":"Polygon","coordinates":[[[-82.596018,39.706339],[-82.596988,39.706445],[-82.596968,39.706916],[-82.595992,39.706946],[-82.596018,39.706339]]]},"properties":{"p":"0535026020","o":"ELEMENTS TOUR & ADVENTURE LTD","a":"0  CANAL ST  LANCASTER 43130","d":"LANCASTER CITY SCHOOL DISTRICT","t":953.94,"l":"400: Com-Vacant Land","c":0}},{"type":"Feature","geometry":{"type":"Polygon","coordinates":[[[-82.589964,39.705062],[-82.589922,39.704552],[-82.590229,39.704571],[-82.59027,39.705082],[-82.589964,39.705062]]]},"properties":{"p":"0535028700","o":"KEELS SEAN","a":"546  CARPENTER ST","d":"LANCASTER CITY SCHOOL DISTRICT","t":1315.23,"l":"511: Res-Custom Code","c":0}},{"type":"Feature","geometry":{"type":"Polygon","coordinates":[[[-82.591035,39.705132],[-82.590792,39.705116],[-82.590751,39.704605],[-82.590993,39.70462],[-82.591035,39.705132]]]},"properties":{"p":"0535031000","o":"ARBAUGH DAVID","a":"524  CARPENTER ST","d":"LANCASTER CITY SCHOOL DISTRICT","t":4487.7,"l":"511: Res-Custom Code","c":0}},{"type":"Feature","geometry":{"type":"Polygon","coordinates":[[[-82.604562,39.71208],[-82.604269,39.71207],[-82.604277,39.711932],[-82.60457,39.711941],[-82.604562,39.71208]]]},"properties":{"p":"0535037400","o":"MOTT ANDREW","a":"214 S COLUMBUS ST  LANCASTER 43130","d":"LANCASTER CITY SCHOOL DISTRICT","t":266.26,"l":"401: Com-Apartment- 4 to 19","c":0}},{"type":"Feature","geometry":{"type":"Polygon","coordinates":[[[-82.599779,39.711926],[-82.599486,39.711917],[-82.599492,39.711807],[-82.599785,39.711814],[-82.599779,39.711926]]]},"properties":{"p":"0535051300","o":"MOTT TIMOTHY I & NANCY J SURV","a":"215 S HIGH ST  LANCASTER 43130","d":"LANCASTER CITY SCHOOL DISTRICT","t":1116.65,"l":"520: Res-Two Family","c":0}},{"type":"Feature","geometry":{"type":"Polygon","coordinates":[[[-82.598524,39.714561],[-82.598532,39.714424],[-82.599118,39.714442],[-82.59911,39.714579],[-82.598524,39.714561]]]},"properties":{"p":"0535051800","o":"STEEN RYAN C","a":"126 N HIGH ST","d":"LANCASTER CITY SCHOOL DISTRICT","t":8466.99,"l":"510: Res-Single Family","c":0}},{"type":"Feature","geometry":{"type":"Polygon","coordinates":[[[-82.600812,39.709943],[-82.600722,39.710008],[-82.600554,39.709868],[-82.600656,39.709814],[-82.600812,39.709943]]]},"properties":{"p":"0535064600","o":"GRABANS JOHN & AUDREY SURV","a":"208  PERRY ST  LANCASTER 43130","d":"LANCASTER CITY SCHOOL DISTRICT","t":261.44,"l":"500: Res-Vacant Land","c":0}},{"type":"Feature","geometry":{"type":"Polygon","coordinates":[[[-82.594583,39.71007],[-82.594063,39.710053],[-82.594069,39.709945],[-82.594589,39.709961],[-82.594583,39.71007]]]},"properties":{"p":"0535090400","o":"MCCULLOUGH TRAVIS D","a":"333 S MAPLE ST  LANCASTER 43130","d":"LANCASTER CITY SCHOOL DISTRICT","t":762.38,"l":"510: Res-Single Family","c":0}},{"type":"Feature","geometry":{"type":"Polygon","coordinates":[[[-82.597133,39.713483],[-82.597159,39.712983],[-82.597452,39.712992],[-82.597426,39.713492],[-82.597133,39.713483]]]},"properties":{"p":"0535095300","o":"JOHNSON ROBT H JR & CARL D SUCC JOHNSON ROBT H JR & CARL D SUCC","a":"320 E MAIN ST","d":"LANCASTER CITY SCHOOL DISTRICT","t":5209.87,"l":"510: Res-Single Family","c":0}},{"type":"Feature","geometry":{"type":"Polygon","coordinates":[[[-82.585487,39.712877],[-82.585615,39.712876],[-82.585609,39.713383],[-82.585151,39.713387],[-82.585156,39.71288],[-82.585487,39.712877]]]},"properties":{"p":"0535096000","o":"RAX LANCASTER LLC","a":"800 E MAIN ST  LANCASTER 43130","d":"LANCASTER CITY SCHOOL DISTRICT","t":4371.93,"l":"435: Com-Drive In","c":0}},{"type":"Feature","geometry":{"type":"Polygon","coordinates":[[[-82.586149,39.71288],[-82.586291,39.712878],[-82.586294,39.713389],[-82.585828,39.71339],[-82.585826,39.713076],[-82.586129,39.713072],[-82.586127,39.71288],[-82.586149,39.71288]]]},"properties":{"p":"0535100100","o":"HENRY MARK D & NATALIE N","a":"784 E MAIN ST  LANCASTER 43130","d":"LANCASTER CITY SCHOOL DISTRICT","t":14907.21,"l":"442: Com-Medical Clinic","c":0}},{"type":"Feature","geometry":{"type":"Polygon","coordinates":[[[-82.592045,39.713603],[-82.592159,39.713602],[-82.59215,39.714105],[-82.592036,39.714106],[-82.592045,39.713603]]]},"properties":{"p":"0535103000","o":"HUBBS HEATING AND AIR LLC","a":"545 E MAIN ST","d":"LANCASTER CITY SCHOOL DISTRICT","t":2122.65,"l":"419: Com-Other","c":0}},{"type":"Feature","geometry":{"type":"Polygon","coordinates":[[[-82.593822,39.709773],[-82.593559,39.709806],[-82.593559,39.709691],[-82.593825,39.709658],[-82.593822,39.709773]]]},"properties":{"p":"0535117400","o":"MCCRAY THOMAS J","a":"400 S MAPLE ST  LANCASTER 43130","d":"LANCASTER CITY SCHOOL DISTRICT","t":521.32,"l":"510: Res-Single Family","c":0}},{"type":"Feature","geometry":{"type":"Polygon","coordinates":[[[-82.593265,39.709299],[-82.592704,39.709369],[-82.592707,39.709241],[-82.593268,39.709171],[-82.593265,39.709299]]]},"properties":{"p":"0535118600","o":"KEATON BRANDON","a":"417  WHEAT ST  LANCASTER 43130","d":"LANCASTER CITY SCHOOL DISTRICT","t":664.87,"l":"510: Res-Single Family","c":0}},{"type":"Feature","geometry":{"type":"Polygon","coordinates":[[[-82.592489,39.709524],[-82.592329,39.709544],[-82.592333,39.709352],[-82.592493,39.709332],[-82.592489,39.709524]]]},"properties":{"p":"0535119800","o":"TEMPLE JILLIAN","a":"416  WHEAT ST","d":"LANCASTER CITY SCHOOL DISTRICT","t":2321.15,"l":"510: Res-Single Family","c":0}},{"type":"Feature","geometry":{"type":"Polygon","coordinates":[[[-82.59323,39.710281],[-82.592678,39.710281],[-82.592683,39.710171],[-82.593234,39.710171],[-82.59323,39.710281]]]},"properties":{"p":"0535122200","o":"SELBY PAUL F & HOLLIDAY LORI J & AVERY BARBARA SURV","a":"325  WHEAT ST","d":"LANCASTER CITY SCHOOL DISTRICT","t":314.16,"l":"510: Res-Single Family","c":0}},{"type":"Feature","geometry":{"type":"Polygon","coordinates":[[[-82.591518,39.71094],[-82.591405,39.71094],[-82.591415,39.710623],[-82.591529,39.710623],[-82.591518,39.71094]]]},"properties":{"p":"0535124400","o":"ATWELL KIMBERLY","a":"560 E WALNUT ST","d":"LANCASTER CITY SCHOOL DISTRICT","t":533.1,"l":"510: Res-Single Family","c":0}},{"type":"Feature","geometry":{"type":"Polygon","coordinates":[[[-82.58037,39.711725],[-82.580228,39.711734],[-82.580246,39.711364],[-82.580387,39.711355],[-82.58037,39.711725]]]},"properties":{"p":"0535145500","o":"HEJDUK DAVID & KATIE","a":"1112 E WALNUT ST","d":"LANCASTER CITY SCHOOL DISTRICT","t":1.36,"l":"510: Res-Single Family","c":0}},{"type":"Feature","geometry":{"type":"Polygon","coordinates":[[[-82.579415,39.711014],[-82.579556,39.711005],[-82.579552,39.711097],[-82.579127,39.711124],[-82.579131,39.711032],[-82.579415,39.711014]]]},"properties":{"p":"0535149000","o":"WORKMAN JENNIFER & YOKE ANGIE","a":"309  DELLA AVE  LANCASTER 43130","d":"LANCASTER CITY SCHOOL DISTRICT","t":683.23,"l":"510: Res-Single Family","c":0}},{"type":"Feature","geometry":{"type":"Polygon","coordinates":[[[-82.580814,39.711295],[-82.580672,39.711304],[-82.58069,39.710934],[-82.580832,39.710925],[-82.580814,39.711295]]]},"properties":{"p":"0535150400","o":"JOHNS ROGER","a":"1107 E LOCUST ST  LANCASTER 43130","d":"LANCASTER CITY SCHOOL DISTRICT","t":3329.56,"l":"510: Res-Single Family","c":0}},{"type":"Feature","geometry":{"type":"Polygon","coordinates":[[[-82.574096,39.713056],[-82.574068,39.713059],[-82.574088,39.71263],[-82.574116,39.712628],[-82.574096,39.713056]]]},"properties":{"p":"0535173700","o":"FERGUSON HOWARD J & TAMRAH J SURV","a":"0 E CHESTNUT ST","d":"LANCASTER CITY SCHOOL DISTRICT","t":2278.21,"l":"500: Res-Vacant Land","c":0}},{"type":"Feature","geometry":{"type":"Polygon","coordinates":[[[-82.58934,39.700343],[-82.589341,39.700312],[-82.58975,39.700322],[-82.589745,39.700443],[-82.589336,39.700432],[-82.58934,39.700343]]]},"properties":{"p":"0535179600","o":"SCHELLIN LANDON","a":"929  FORD ST  LANCASTER 43130","d":"LANCASTER CITY SCHOOL DISTRICT","t":1531.93,"l":"510: Res-Single Family","c":0}},{"type":"Feature","geometry":{"type":"Polygon","coordinates":[[[-82.591748,39.700814],[-82.591383,39.700804],[-82.591387,39.700694],[-82.591778,39.700705],[-82.591774,39.700795],[-82.591748,39.700814]]]},"properties":{"p":"0535181500","o":"FYFFE JOHN DAVID III","a":"0  LOGAN ST  LANCASTER 43130","d":"LANCASTER CITY SCHOOL DISTRICT","t":299.92,"l":"400: Com-Vacant Land","c":0}},{"type":"Feature","geometry":{"type":"Polygon","coordinates":[[[-82.591387,39.700694],[-82.591394,39.700538],[-82.591587,39.700595],[-82.591582,39.700699],[-82.591387,39.700694]]]},"properties":{"p":"0535181600","o":"FYFFE JOHN DAVID III","a":"0  LOGAN ST  LANCASTER 43130","d":"LANCASTER CITY SCHOOL DISTRICT","t":1691.82,"l":"480: Com-Warehouse","c":0}},{"type":"Feature","geometry":{"type":"Polygon","coordinates":[[[-82.591582,39.700699],[-82.591587,39.700595],[-82.59178,39.700651],[-82.591778,39.700705],[-82.591582,39.700699]]]},"properties":{"p":"0535181700","o":"FYFFE JOHN DAVID III","a":"0  LOGAN ST  LANCASTER 43130","d":"LANCASTER CITY SCHOOL DISTRICT","t":139.41,"l":"400: Com-Vacant Land","c":0}},{"type":"Feature","geometry":{"type":"Polygon","coordinates":[[[-82.592022,39.700821],[-82.591851,39.700816],[-82.591827,39.700797],[-82.591833,39.700666],[-82.592026,39.700723],[-82.592022,39.700821]]]},"properties":{"p":"0535181800","o":"FYFFE JOHN DAVID III","a":"919  LOGAN ST  LANCASTER 43130","d":"LANCASTER CITY SCHOOL DISTRICT","t":752.43,"l":"480: Com-Warehouse","c":0}},{"type":"Feature","geometry":{"type":"Polygon","coordinates":[[[-82.592217,39.700826],[-82.592022,39.700821],[-82.592026,39.700723],[-82.592219,39.700779],[-82.592217,39.700826]]]},"properties":{"p":"0535181900","o":"FYFFE JOHN DAVID III","a":"0  SUGAR GROVE RD  LANCASTER 43130","d":"LANCASTER CITY SCHOOL DISTRICT","t":141.19,"l":"400: Com-Vacant Land","c":0}},{"type":"Feature","geometry":{"type":"Polygon","coordinates":[[[-82.586655,39.711454],[-82.586733,39.711362],[-82.587002,39.711508],[-82.587,39.711816],[-82.586929,39.711816],[-82.586655,39.711454]]]},"properties":{"p":"0535185900","o":"REID PATRICK VINCENT & RUBY LOUISE SURV","a":"779  CHEROKEE DR  LANCASTER 43130","d":"LANCASTER CITY SCHOOL DISTRICT","t":325.65,"l":"510: Res-Single Family","c":0}},{"type":"Feature","geometry":{"type":"Polygon","coordinates":[[[-82.586804,39.710892],[-82.586813,39.710785],[-82.587149,39.710754],[-82.587148,39.710946],[-82.586804,39.710892]]]},"properties":{"p":"0535186300","o":"HOLLET ADAM","a":"761  CHEROKEE DR  LANCASTER 43130","d":"LANCASTER CITY SCHOOL DISTRICT","t":1456.49,"l":"510: Res-Single Family","c":0}},{"type":"Feature","geometry":{"type":"Polygon","coordinates":[[[-82.593017,39.704421],[-82.593513,39.704394],[-82.593526,39.704531],[-82.593029,39.704558],[-82.593017,39.704421]]]},"properties":{"p":"0535231500","o":"TUCKER EDWARD & MELISSA SURV","a":"691  HORNBECK AVE","d":"LANCASTER CITY SCHOOL DISTRICT","t":438.42,"l":"510: Res-Single Family","c":0}},{"type":"Feature","geometry":{"type":"Polygon","coordinates":[[[-82.603935,39.712837],[-82.603946,39.712598],[-82.604153,39.712607],[-82.604141,39.712843],[-82.603935,39.712837]]]},"properties":{"p":"0535829500","o":"CHURCH OF THE RISEN LORD THE","a":"151  CHESTNUT ST","d":"LANCASTER CITY SCHOOL DISTRICT","t":49.25,"l":"685: Exm-Public Woship","c":0}},{"type":"Feature","geometry":{"type":"Polygon","coordinates":[[[-82.601358,39.712366],[-82.601269,39.712363],[-82.601295,39.711847],[-82.601406,39.711849],[-82.601358,39.712366]]]},"properties":{"p":"0535836500","o":"DENNIS OHARA","a":"114 E CHESTNUT ST","d":"LANCASTER CITY SCHOOL DISTRICT","t":2.4,"l":"600: Exm-USA","c":0}},{"type":"Feature","geometry":{"type":"Polygon","coordinates":[[[-82.615059,39.713224],[-82.615469,39.712813],[-82.615556,39.712864],[-82.615308,39.713346],[-82.615034,39.713249],[-82.615059,39.713224]]]},"properties":{"p":"0536000600","o":"COLLIER RUSSELL M","a":"0  CEDAR HILL RD","d":"LANCASTER CITY SCHOOL DISTRICT","t":571.6,"l":"415: Com-Mobile Home Park","c":0}},{"type":"Feature","geometry":{"type":"Polygon","coordinates":[[[-82.615308,39.713346],[-82.615556,39.712864],[-82.615994,39.712978],[-82.615727,39.713496],[-82.615308,39.713346]]]},"properties":{"p":"0536000800","o":"COLLIER RUSSELL M","a":"213  CEDAR HILL RD","d":"LANCASTER CITY SCHOOL DISTRICT","t":3233.18,"l":"415: Com-Mobile Home Park","c":0}},{"type":"Feature","geometry":{"type":"Polygon","coordinates":[[[-82.615732,39.713487],[-82.615994,39.712978],[-82.61613,39.712995],[-82.615902,39.713521],[-82.615732,39.713487]]]},"properties":{"p":"0536000900","o":"COLLIER RUSSELL M","a":"223  CEDAR HILL RD","d":"LANCASTER CITY SCHOOL DISTRICT","t":2216.36,"l":"510: Res-Single Family","c":0}},{"type":"Feature","geometry":{"type":"Polygon","coordinates":[[[-82.631205,39.715308],[-82.631028,39.715298],[-82.631037,39.715106],[-82.631214,39.715116],[-82.631205,39.715308]]]},"properties":{"p":"0536004150","o":"CAVINS JAMES & AMBER SURV","a":"0  SHAWNEE DR  LANCASTER 43130","d":"LANCASTER CITY SCHOOL DISTRICT","t":0.79,"l":"501: Res-Custom Code","c":0}},{"type":"Feature","geometry":{"type":"Polygon","coordinates":[[[-82.630674,39.715278],[-82.630683,39.715085],[-82.631037,39.715106],[-82.631019,39.71549],[-82.630665,39.71547],[-82.630674,39.715278]]]},"properties":{"p":"0536004350","o":"CAVINS JAMES & AMBER SURV","a":"0  SHAWNEE DR  LANCASTER 43130","d":"LANCASTER CITY SCHOOL DISTRICT","t":267.22,"l":"501: Res-Custom Code","c":0}},{"type":"Feature","geometry":{"type":"Polygon","coordinates":[[[-82.603754,39.696985],[-82.603866,39.696853],[-82.60458,39.69719],[-82.604392,39.697429],[-82.603899,39.697218],[-82.603994,39.697099],[-82.603754,39.696985]]]},"properties":{"p":"0536009800","o":"1217 S BROAD ST LANCASTER LLC","a":"1227 S BROAD ST  LANCASTER 43130","d":"LANCASTER CITY SCHOOL DISTRICT","t":348.57,"l":"500: Res-Vacant Land","c":0}},{"type":"Feature","geometry":{"type":"Polygon","coordinates":[[[-82.620618,39.713255],[-82.620713,39.713234],[-82.620555,39.713523],[-82.619982,39.713502],[-82.619988,39.713394],[-82.620618,39.713255]]]},"properties":{"p":"0536028000","o":"NOBLE ROBERT L & RUTH E","a":"0  CEDAR HILL RD","d":"LANCASTER CITY SCHOOL DISTRICT","t":455.9,"l":"501: Res-Custom Code","c":0}},{"type":"Feature","geometry":{"type":"Polygon","coordinates":[[[-82.619851,39.713424],[-82.619988,39.713394],[-82.619982,39.713502],[-82.619778,39.713495],[-82.619783,39.713439],[-82.619851,39.713424]]]},"properties":{"p":"0536028100","o":"PATTERSON BRYAN S","a":"0  CEDAR HILL RD  LANCASTER 43130","d":"LANCASTER CITY SCHOOL DISTRICT","t":43.82,"l":"501: Res-Custom Code","c":0}},{"type":"Feature","geometry":{"type":"Polygon","coordinates":[[[-82.613214,39.714693],[-82.612745,39.714676],[-82.612754,39.714573],[-82.613223,39.714591],[-82.613214,39.714693]]]},"properties":{"p":"0536038700","o":"CRAIGLOW DOUGLAS","a":"116  SLOCUM AVE  LANCASTER 43130","d":"LANCASTER CITY SCHOOL DISTRICT","t":3022.22,"l":"510: Res-Single Family","c":0}},{"type":"Feature","geometry":{"type":"Polygon","coordinates":[[[-82.613223,39.714591],[-82.612754,39.714573],[-82.612763,39.71447],[-82.613232,39.714488],[-82.613223,39.714591]]]},"properties":{"p":"0536038800","o":"SMITH RICHARD M","a":"112 N SLOCUM AVE  LANCASTER 43130","d":"LANCASTER CITY SCHOOL DISTRICT","t":2538.88,"l":"500: Res-Vacant Land","c":0}},{"type":"Feature","geometry":{"type":"Polygon","coordinates":[[[-82.611579,39.713834],[-82.611155,39.713818],[-82.611162,39.713709],[-82.611586,39.713725],[-82.611579,39.713834]]]},"properties":{"p":"0536044100","o":"ARBAUGH CAROLYN K TRUSTEE & GARRY S","a":"103 S GEORGE ST","d":"LANCASTER CITY SCHOOL DISTRICT","t":3158.75,"l":"560: Res-Mobile Home","c":0}},{"type":"Feature","geometry":{"type":"Polygon","coordinates":[[[-82.611606,39.713395],[-82.611182,39.71338],[-82.611189,39.71327],[-82.611613,39.713286],[-82.611606,39.713395]]]},"properties":{"p":"0536044500","o":"DANIELS SCOTT H & BECKY A SURV","a":"121 S GEORGE ST  LANCASTER 43130","d":"LANCASTER CITY SCHOOL DISTRICT","t":797.7,"l":"510: Res-Single Family","c":0}},{"type":"Feature","geometry":{"type":"Polygon","coordinates":[[[-82.611012,39.713159],[-82.610802,39.713151],[-82.610809,39.713041],[-82.611018,39.713049],[-82.611012,39.713159]]]},"properties":{"p":"0536046000","o":"DOWNARD BRANDLYNN S & TRAVIS G","a":"128 S GEORGE ST  LANCASTER 43130","d":"LANCASTER CITY SCHOOL DISTRICT","t":611.36,"l":"500: Res-Vacant Land","c":0}},{"type":"Feature","geometry":{"type":"Polygon","coordinates":[[[-82.601534,39.701856],[-82.601055,39.701842],[-82.601061,39.701721],[-82.60154,39.701736],[-82.601534,39.701856]]]},"properties":{"p":"0536051000","o":"ENOCH ROBERT H","a":"848  SECOND ST","d":"LANCASTER CITY SCHOOL DISTRICT","t":117.63,"l":"510: Res-Single Family","c":0}},{"type":"Feature","geometry":{"type":"Polygon","coordinates":[[[-82.602197,39.701757],[-82.601718,39.701742],[-82.601724,39.701622],[-82.602204,39.701637],[-82.602197,39.701757]]]},"properties":{"p":"0536051600","o":"BROOKS RYDER","a":"0  SECOND ST","d":"LANCASTER CITY SCHOOL DISTRICT","t":952.12,"l":"500: Res-Vacant Land","c":0}},{"type":"Feature","geometry":{"type":"Polygon","coordinates":[[[-82.60285,39.699359],[-82.60237,39.699344],[-82.602376,39.699234],[-82.602856,39.699249],[-82.60285,39.699359]]]},"properties":{"p":"0536055400","o":"COTTRILL HAYLEY DAWN","a":"1030 S BROAD ST","d":"LANCASTER CITY SCHOOL DISTRICT","t":4203.48,"l":"510: Res-Single Family","c":0}},{"type":"Feature","geometry":{"type":"Polygon","coordinates":[[[-82.604887,39.698925],[-82.604745,39.698916],[-82.60487,39.698586],[-82.605009,39.698605],[-82.604887,39.698925]]]},"properties":{"p":"0536058300","o":"WALTERS BRYCE","a":"124  MT IDA AVE","d":"LANCASTER CITY SCHOOL DISTRICT","t":2143.16,"l":"500: Res-Vacant Land","c":0}},{"type":"Feature","geometry":{"type":"Polygon","coordinates":[[[-82.601037,39.70136],[-82.600558,39.701345],[-82.600564,39.701224],[-82.601043,39.701239],[-82.601037,39.70136]]]},"properties":{"p":"0536059200","o":"COTTRILL REBECCA","a":"863  THIRD ST  LANCASTER 43130","d":"LANCASTER CITY SCHOOL DISTRICT","t":696.5,"l":"510: Res-Single Family","c":0}},{"type":"Feature","geometry":{"type":"Polygon","coordinates":[[[-82.600412,39.700721],[-82.599933,39.700706],[-82.599939,39.700586],[-82.600419,39.700601],[-82.600412,39.700721]]]},"properties":{"p":"0536061100","o":"CONRAD DOUGLAS","a":"0  THIRD ST","d":"LANCASTER CITY SCHOOL DISTRICT","t":179.82,"l":"599: Res-Other","c":0}},{"type":"Feature","geometry":{"type":"Polygon","coordinates":[[[-82.600406,39.700842],[-82.599927,39.700827],[-82.599933,39.700706],[-82.600412,39.700721],[-82.600406,39.700842]]]},"properties":{"p":"0536061200","o":"CONRAD DOUGLAS","a":"900  THIRD ST","d":"LANCASTER CITY SCHOOL DISTRICT","t":682.7,"l":"510: Res-Single Family","c":0}},{"type":"Feature","geometry":{"type":"Polygon","coordinates":[[[-82.599852,39.701443],[-82.599372,39.701428],[-82.599379,39.701308],[-82.599858,39.701323],[-82.599852,39.701443]]]},"properties":{"p":"0536062700","o":"CLARK KIMBERLY & DEREK SURV","a":"0  FOURTH ST  LANCASTER 43130","d":"LANCASTER CITY SCHOOL DISTRICT","t":74.96,"l":"500: Res-Vacant Land","c":0}},{"type":"Feature","geometry":{"type":"Polygon","coordinates":[[[-82.599858,39.701323],[-82.599379,39.701308],[-82.599385,39.701188],[-82.599864,39.701203],[-82.599858,39.701323]]]},"properties":{"p":"0536062800","o":"CLARK KIMBERLY & DEREK SURV","a":"863  FOURTH ST  LANCASTER 43130","d":"LANCASTER CITY SCHOOL DISTRICT","t":487.81,"l":"510: Res-Single Family","c":0}},{"type":"Feature","geometry":{"type":"Polygon","coordinates":[[[-82.599144,39.702394],[-82.59867,39.702379],[-82.598676,39.702269],[-82.59915,39.702284],[-82.599144,39.702394]]]},"properties":{"p":"0536066400","o":"SENFTEN RUTHIE L","a":"822  FOURTH ST","d":"LANCASTER CITY SCHOOL DISTRICT","t":5.26,"l":"510: Res-Single Family","c":0}},{"type":"Feature","geometry":{"type":"Polygon","coordinates":[[[-82.597797,39.699769],[-82.5973,39.699754],[-82.597305,39.699644],[-82.597802,39.699659],[-82.597797,39.699769]]]},"properties":{"p":"0536071900","o":"HAYCOOK SHELBEE L","a":"0  CHAMPION AVE  LANCASTER 43130","d":"LANCASTER CITY SCHOOL DISTRICT","t":11.5,"l":"599: Res-Other","c":0}},{"type":"Feature","geometry":{"type":"Polygon","coordinates":[[[-82.597791,39.699878],[-82.597294,39.699864],[-82.5973,39.699754],[-82.597797,39.699769],[-82.597791,39.699878]]]},"properties":{"p":"0536072000","o":"HAYCOOK SHELBEE L","a":"935  CHAMPION AVE  LANCASTER 43130","d":"LANCASTER CITY SCHOOL DISTRICT","t":36.74,"l":"510: Res-Single Family","c":0}},{"type":"Feature","geometry":{"type":"Polygon","coordinates":[[[-82.61455,39.712666],[-82.614468,39.712577],[-82.61488,39.712343],[-82.614961,39.712432],[-82.61455,39.712666]]]},"properties":{"p":"0536073800","o":"PREGENT ANTHONY & ELIZABETH & AUSTIN","a":"153  CEDAR HILL RD  LANCASTER 43130","d":"LANCASTER CITY SCHOOL DISTRICT","t":1376.7,"l":"510: Res-Single Family","c":0}},{"type":"Feature","geometry":{"type":"Polygon","coordinates":[[[-82.614632,39.712754],[-82.61455,39.712666],[-82.614961,39.712432],[-82.615042,39.712521],[-82.614632,39.712754]]]},"properties":{"p":"0536073900","o":"Q BRANDS LLC","a":"157  CEDAR HILL RD  LANCASTER 43130","d":"LANCASTER CITY SCHOOL DISTRICT","t":429.18,"l":"500: Res-Vacant Land","c":0}},{"type":"Feature","geometry":{"type":"Polygon","coordinates":[[[-82.614878,39.713019],[-82.614796,39.712931],[-82.615205,39.712699],[-82.615286,39.712788],[-82.614878,39.713019]]]},"properties":{"p":"0536074200","o":"COLLIER RUSSELL M","a":"169  CEDAR HILL RD","d":"LANCASTER CITY SCHOOL DISTRICT","t":1566.67,"l":"510: Res-Single Family","c":0}},{"type":"Feature","geometry":{"type":"Polygon","coordinates":[[[-82.614901,39.71209],[-82.615156,39.711991],[-82.615219,39.712088],[-82.614983,39.71218],[-82.614963,39.712154],[-82.614858,39.712107],[-82.614901,39.71209]]]},"properties":{"p":"0536074800","o":"DOTSON ABIGAIL","a":"0 S ROOSEVELT AVE","d":"LANCASTER CITY SCHOOL DISTRICT","t":98.06,"l":"500: Res-Vacant Land","c":0}},{"type":"Feature","geometry":{"type":"Polygon","coordinates":[[[-82.610411,39.715139],[-82.610444,39.714634],[-82.610607,39.714639],[-82.610574,39.715145],[-82.610411,39.715139]]]},"properties":{"p":"0536076800","o":"HAMILTON JOHN & DARLENE SURV","a":"418 W WHEELING ST  LANCASTER 43130","d":"LANCASTER CITY SCHOOL DISTRICT","t":50.95,"l":"510: Res-Single Family","c":0}},{"type":"Feature","geometry":{"type":"Polygon","coordinates":[[[-82.602171,39.702268],[-82.601697,39.702253],[-82.601702,39.702144],[-82.602151,39.702158],[-82.602175,39.702178],[-82.602171,39.702268]]]},"properties":{"p":"0536087100","o":"KELLEY ROBERT L JR & THAXTON TERRI L","a":"831  SECOND ST  LANCASTER 43130","d":"LANCASTER CITY SCHOOL DISTRICT","t":127.29,"l":"510: Res-Single Family","c":0}},{"type":"Feature","geometry":{"type":"Polygon","coordinates":[[[-82.60098,39.702451],[-82.600765,39.702444],[-82.600771,39.702334],[-82.600986,39.702341],[-82.60098,39.702451]]]},"properties":{"p":"0536088000","o":"ENOCH ROBERT H","a":"827  THIRD ALY","d":"LANCASTER CITY SCHOOL DISTRICT","t":1616.51,"l":"510: Res-Single Family","c":0}},{"type":"Feature","geometry":{"type":"Polygon","coordinates":[[[-82.608294,39.710671],[-82.608573,39.710531],[-82.608603,39.71071],[-82.608376,39.710767],[-82.608294,39.710671]]]},"properties":{"p":"0536090400","o":"WEBB PAUL T","a":"303  EAGLE AVE","d":"LANCASTER CITY SCHOOL DISTRICT","t":364.79,"l":"500: Res-Vacant Land","c":0}},{"type":"Feature","geometry":{"type":"Polygon","coordinates":[[[-82.607888,39.709404],[-82.607769,39.709464],[-82.607494,39.709143],[-82.607613,39.709084],[-82.607888,39.709404]]]},"properties":{"p":"0536091000","o":"HAMLIN ANTHONY A","a":"513  SOUTH ST","d":"LANCASTER CITY SCHOOL DISTRICT","t":703.7,"l":"510: Res-Single Family","c":0}},{"type":"Feature","geometry":{"type":"Polygon","coordinates":[[[-82.607039,39.709208],[-82.60696,39.709116],[-82.607407,39.708892],[-82.607486,39.708984],[-82.607039,39.709208]]]},"properties":{"p":"0536092100","o":"KELLY NOEL & JENNIFER SURV","a":"508  SOUTH ST  LANCASTER 43130","d":"LANCASTER CITY SCHOOL DISTRICT","t":1205.99,"l":"510: Res-Single Family","c":0}},{"type":"Feature","geometry":{"type":"Polygon","coordinates":[[[-82.606049,39.709049],[-82.60597,39.708957],[-82.606418,39.708733],[-82.606496,39.708825],[-82.606049,39.709049]]]},"properties":{"p":"0536092700","o":"NEWMAN RAYMOND E","a":"420  EAGLE AVE  LANCASTER 43130","d":"LANCASTER CITY SCHOOL DISTRICT","t":689.34,"l":"510: Res-Single Family","c":0}},{"type":"Feature","geometry":{"type":"Polygon","coordinates":[[[-82.607089,39.710262],[-82.607011,39.71017],[-82.607458,39.709946],[-82.607537,39.710038],[-82.607089,39.710262]]]},"properties":{"p":"0536093800","o":"MAGER KAREN L","a":"332  EAGLE AVE  LANCASTER 43130","d":"LANCASTER CITY SCHOOL DISTRICT","t":1533.41,"l":"510: Res-Single Family","c":0}},{"type":"Feature","geometry":{"type":"Polygon","coordinates":[[[-82.607247,39.710445],[-82.607168,39.710353],[-82.607615,39.710129],[-82.607694,39.710221],[-82.607247,39.710445]]]},"properties":{"p":"0536094000","o":"PENEBAKER BRENT","a":"324  EAGLE AVE  LANCASTER 43130","d":"LANCASTER CITY SCHOOL DISTRICT","t":676.63,"l":"510: Res-Single Family","c":0}},{"type":"Feature","geometry":{"type":"Polygon","coordinates":[[[-82.606464,39.710313],[-82.606385,39.710222],[-82.606597,39.710116],[-82.606809,39.71001],[-82.606887,39.710101],[-82.606464,39.710313]]]},"properties":{"p":"0536095500","o":"MONTES GIOVANNI","a":"331  WHILEY AVE  LANCASTER 43130","d":"LANCASTER CITY SCHOOL DISTRICT","t":235.89,"l":"510: Res-Single Family","c":0}},{"type":"Feature","geometry":{"type":"Polygon","coordinates":[[[-82.606025,39.710402],[-82.606236,39.710296],[-82.606315,39.710388],[-82.606033,39.710529],[-82.606025,39.710402]]]},"properties":{"p":"0536096200","o":"WEST TODD O","a":"0  WHILEY AVE","d":"LANCASTER CITY SCHOOL DISTRICT","t":1142.13,"l":"599: Res-Other","c":0}},{"type":"Feature","geometry":{"type":"Polygon","coordinates":[[[-82.618974,39.705166],[-82.618988,39.704879],[-82.619166,39.704885],[-82.619152,39.705171],[-82.618974,39.705166]]]},"properties":{"p":"0536111900","o":"HUMPHREY CLINTON R ET AL","a":"959  REESE AVE  LANCASTER 43130","d":"LANCASTER CITY SCHOOL DISTRICT","t":2157.55,"l":"510: Res-Single Family","c":0}},{"type":"Feature","geometry":{"type":"Polygon","coordinates":[[[-82.618753,39.703609],[-82.618579,39.703603],[-82.618601,39.703152],[-82.618775,39.703157],[-82.618753,39.703609]]]},"properties":{"p":"0536119100","o":"CARPENTER HOLLY J & JERRY A SURV","a":"0  HUBERT AVE","d":"LANCASTER CITY SCHOOL DISTRICT","t":191.93,"l":"599: Res-Other","c":0}},{"type":"Feature","geometry":{"type":"Polygon","coordinates":[[[-82.622392,39.714819],[-82.622248,39.714834],[-82.622279,39.714424],[-82.622421,39.714428],[-82.622392,39.714819]]]},"properties":{"p":"0536148500","o":"MCGUIRK MICHELE LYNN & PARKER JAMES JUSTIN SURV","a":"0  CEDAR HILL RD  LANCASTER 43130","d":"LANCASTER CITY SCHOOL DISTRICT","t":374.2,"l":"500: Res-Vacant Land","c":0}},{"type":"Feature","geometry":{"type":"Polygon","coordinates":[[[-82.623084,39.712015],[-82.623091,39.711906],[-82.623517,39.711921],[-82.62351,39.712031],[-82.623084,39.712015]]]},"properties":{"p":"0536151800","o":"SMITH GREGORY S & GENA P SURV","a":"228 S CEDAR AVE  LANCASTER 43130","d":"LANCASTER CITY SCHOOL DISTRICT","t":1559.23,"l":"500: Res-Vacant Land","c":0}},{"type":"Feature","geometry":{"type":"Polygon","coordinates":[[[-82.623078,39.712125],[-82.623084,39.712015],[-82.62351,39.712031],[-82.623504,39.712141],[-82.623078,39.712125]]]},"properties":{"p":"0536151900","o":"LUTZ JUDY K","a":"228 S CEDAR AVE","d":"LANCASTER CITY SCHOOL DISTRICT","t":299.88,"l":"599: Res-Other","c":0}},{"type":"Feature","geometry":{"type":"Polygon","coordinates":[[[-82.623071,39.712235],[-82.623078,39.712125],[-82.623504,39.712141],[-82.623497,39.71225],[-82.623071,39.712235]]]},"properties":{"p":"0536152000","o":"LUTZ JUDY K","a":"220 S CEDAR AVE","d":"LANCASTER CITY SCHOOL DISTRICT","t":1957.31,"l":"510: Res-Single Family","c":0}},{"type":"Feature","geometry":{"type":"Polygon","coordinates":[[[-82.622578,39.711997],[-82.622585,39.711887],[-82.623091,39.711906],[-82.623084,39.712015],[-82.622578,39.711997]]]},"properties":{"p":"0536156100","o":"STEVENS JOSEPH","a":"0 S BAKER AVE  LANCASTER 43130","d":"LANCASTER CITY SCHOOL DISTRICT","t":2149.59,"l":"500: Res-Vacant Land","c":0}},{"type":"Feature","geometry":{"type":"Polygon","coordinates":[[[-82.62185,39.713914],[-82.621424,39.713898],[-82.62143,39.713789],[-82.621856,39.713804],[-82.62185,39.713914]]]},"properties":{"p":"0536159100","o":"KHIROS LLC","a":"0  ARNEY AVE  LANCASTER 43130","d":"LANCASTER CITY SCHOOL DISTRICT","t":2.4,"l":"605: Exm-Custom Code","c":0}},{"type":"Feature","geometry":{"type":"Polygon","coordinates":[[[-82.621856,39.713804],[-82.62143,39.713789],[-82.621437,39.713679],[-82.621863,39.713694],[-82.621856,39.713804]]]},"properties":{"p":"0536159200","o":"KHIROS LLC","a":"0  ARNEY AVE  LANCASTER 43130","d":"LANCASTER CITY SCHOOL DISTRICT","t":2.4,"l":"605: Exm-Custom Code","c":0}},{"type":"Feature","geometry":{"type":"Polygon","coordinates":[[[-82.620745,39.712996],[-82.62082,39.712876],[-82.621342,39.712895],[-82.621328,39.713125],[-82.620731,39.713103],[-82.620745,39.712996]]]},"properties":{"p":"0536161610","o":"POMBO NETA","a":"140  ARNEY AVE  LANCASTER 43130","d":"LANCASTER CITY SCHOOL DISTRICT","t":1887.15,"l":"510: Res-Single Family","c":0}},{"type":"Feature","geometry":{"type":"Polygon","coordinates":[[[-82.622753,39.715535],[-82.622308,39.715512],[-82.622317,39.715402],[-82.622763,39.715425],[-82.622753,39.715535]]]},"properties":{"p":"0536165000","o":"SLATER JOSHUA C","a":"121 N BAKER AVE  LANCASTER 43130","d":"LANCASTER CITY SCHOOL DISTRICT","t":298.31,"l":"510: Res-Single Family","c":0}},{"type":"Feature","geometry":{"type":"Polygon","coordinates":[[[-82.622724,39.715863],[-82.622291,39.715841],[-82.62228,39.715832],[-82.622289,39.715731],[-82.622734,39.715754],[-82.622724,39.715863]]]},"properties":{"p":"0536165300","o":"HAYES LAURA & RUSSELL R SURV","a":"207 N BAKER AVE  LANCASTER 43130","d":"LANCASTER CITY SCHOOL DISTRICT","t":2719.38,"l":"510: Res-Single Family","c":0}},{"type":"Feature","geometry":{"type":"Polygon","coordinates":[[[-82.622622,39.716818],[-82.62248,39.716815],[-82.622509,39.716491],[-82.622651,39.716496],[-82.622622,39.716818]]]},"properties":{"p":"0536166200","o":"PICKETT JEREMY A","a":"1400 W MULBERRY ST","d":"LANCASTER CITY SCHOOL DISTRICT","t":26.72,"l":"510: Res-Single Family","c":0}},{"type":"Feature","geometry":{"type":"Polygon","coordinates":[[[-82.619813,39.704313],[-82.619458,39.704302],[-82.619508,39.704197],[-82.619863,39.704207],[-82.619813,39.704313]]]},"properties":{"p":"0536198200","o":"HART REBECCA A","a":"421  CHARLES CT","d":"LANCASTER CITY SCHOOL DISTRICT","t":881.78,"l":"510: Res-Single Family","c":0}},{"type":"Feature","geometry":{"type":"Polygon","coordinates":[[[-82.614585,39.707173],[-82.614756,39.707137],[-82.614979,39.707539],[-82.61483,39.707595],[-82.614585,39.707173]]]},"properties":{"p":"0536221100","o":"KIMBALL GLEN E","a":"715  PENNSYLVANIA AVE  LANCASTER 43130","d":"LANCASTER CITY SCHOOL DISTRICT","t":2093.35,"l":"510: Res-Single Family","c":0}},{"type":"Feature","geometry":{"type":"Polygon","coordinates":[[[-82.618628,39.701237],[-82.617399,39.701192],[-82.617413,39.701021],[-82.618657,39.701068],[-82.618628,39.701237]]]},"properties":{"p":"0536245900","o":"MILBY JOHNATHAN R & APRIL D SURV","a":"0  SUNSET DR  LANCASTER 43130","d":"LANCASTER CITY SCHOOL DISTRICT","t":850.53,"l":"500: Res-Vacant Land","c":0}},{"type":"Feature","geometry":{"type":"Polygon","coordinates":[[[-82.63217,39.709339],[-82.632401,39.709329],[-82.63245,39.709658],[-82.632192,39.709668],[-82.63217,39.709339]]]},"properties":{"p":"0536303900","o":"PALMER JANICE SYLVANA TRUSTEES","a":"520  DANBURY DR  LANCASTER 43130","d":"LANCASTER CITY SCHOOL DISTRICT","t":3314.59,"l":"510: Res-Single Family","c":0}},{"type":"Feature","geometry":{"type":"Polygon","coordinates":[[[-82.608937,39.700761],[-82.608944,39.700528],[-82.609308,39.700542],[-82.609254,39.700767],[-82.608937,39.700761]]]},"properties":{"p":"0536315200","o":"HAMPTON STEPHEN A","a":"900  MAHER AVE  LANCASTER 43130","d":"LANCASTER CITY SCHOOL DISTRICT","t":2440.05,"l":"510: Res-Single Family","c":0}},{"type":"Feature","geometry":{"type":"Polygon","coordinates":[[[-82.592772,39.697958],[-82.592797,39.697527],[-82.593604,39.697553],[-82.593146,39.697896],[-82.593051,39.697785],[-82.592772,39.697958]]]},"properties":{"p":"0546277110","o":"HOLLETT ADAM T & MARY E SURV","a":"11170  TERRY ST","d":"BERNE UNION LOCAL SCHOOL DISTRICT","t":381.2,"l":"599: Res-Other","c":0}},{"type":"Feature","geometry":{"type":"Polygon","coordinates":[[[-82.59354,39.699116],[-82.593556,39.698842],[-82.594612,39.699005],[-82.594591,39.699426],[-82.593526,39.699395],[-82.59354,39.699116]]]},"properties":{"p":"0546284900","o":"M&M RENOVATIONS LLC","a":"1004  MEADOWVIEW AVE  LANCASTER 43130","d":"BERNE UNION LOCAL SCHOOL DISTRICT","t":1630.1,"l":"680: Exm-Charitable","c":0}},{"type":"Feature","geometry":{"type":"Polygon","coordinates":[[[-82.595309,39.69973],[-82.594863,39.699717],[-82.59487,39.699572],[-82.595316,39.699585],[-82.595309,39.69973]]]},"properties":{"p":"0546288000","o":"MAUGER KEITH A & M SUSAN","a":"961  KINZLER ST","d":"BERNE UNION LOCAL SCHOOL DISTRICT","t":867.57,"l":"420: Com-Retail-Small","c":0}},{"type":"Feature","geometry":{"type":"Polygon","coordinates":[[[-82.595302,39.699878],[-82.594855,39.699865],[-82.594863,39.699717],[-82.595309,39.69973],[-82.595302,39.699878]]]},"properties":{"p":"0546288100","o":"MAUGER KEITH A & M SUSAN","a":"0  KINZLER ST","d":"BERNE UNION LOCAL SCHOOL DISTRICT","t":177.9,"l":"400: Com-Vacant Land","c":0}},{"type":"Feature","geometry":{"type":"Polygon","coordinates":[[[-82.818603,39.822564],[-82.818369,39.822396],[-82.81864,39.822172],[-82.818679,39.822158],[-82.818726,39.822166],[-82.818945,39.822322],[-82.818629,39.822583],[-82.818603,39.822564]]]},"properties":{"p":"0550010400","o":"LAWRENCE DASAN L","a":"7832  EDGEWATER CT","d":"BLOOM CARROLL LOCAL SCHOOL DISTRICT","t":459.41,"l":"510: Res-Single Family","c":0}},{"type":"Feature","geometry":{"type":"Polygon","coordinates":[[[-82.802323,39.928848],[-82.802543,39.926123],[-82.802768,39.926139],[-82.802536,39.92886],[-82.802323,39.928848]]]},"properties":{"p":"0580205000","o":"REMNANT CHURCH OF OHIO INC","a":"0  TUSSING RD  REYNOLDSBURG 43068","d":"PICKERINGTON LOCAL SCHOOL DISTRICT","t":1136.57,"l":"685: Exm-Public Woship","c":0}},{"type":"Feature","geometry":{"type":"Polygon","coordinates":[[[-82.802246,39.929798],[-82.802323,39.928848],[-82.803382,39.928909],[-82.803224,39.930876],[-82.802687,39.930895],[-82.80216,39.930869],[-82.802246,39.929798]]]},"properties":{"p":"0580205410","o":"REMNANT CHURCH OF OHIO INC","a":"7370  TUSSING RD  REYNOLDSBURG 43068","d":"PICKERINGTON LOCAL SCHOOL DISTRICT","t":21038.99,"l":"685: Exm-Public Woship","c":0}},{"type":"Feature","geometry":{"type":"Polygon","coordinates":[[[-82.790624,39.920263],[-82.790939,39.92002],[-82.791106,39.920131],[-82.790846,39.920393],[-82.790624,39.920263]]]},"properties":{"p":"0580240500","o":"QUACH VERA LEE","a":"7816  CEDAR RIDGE DR  PICKERINGTON 43147","d":"PICKERINGTON LOCAL SCHOOL DISTRICT","t":2102.25,"l":"510: Res-Single Family","c":0}},{"type":"Feature","geometry":{"type":"Polygon","coordinates":[[[-82.799384,39.92575],[-82.799319,39.925391],[-82.799475,39.925362],[-82.79962,39.925679],[-82.799425,39.925752],[-82.799384,39.92575]]]},"properties":{"p":"0580244900","o":"HAGGINS BRENDA","a":"2878  PRINCEVILLE DR  PICKERINGTON 43147","d":"PICKERINGTON LOCAL SCHOOL DISTRICT","t":3784.39,"l":"510: Res-Single Family","c":0}},{"type":"Feature","geometry":{"type":"Polygon","coordinates":[[[-82.809037,39.919506],[-82.809071,39.919363],[-82.80948,39.919399],[-82.809464,39.919591],[-82.809037,39.919506]]]},"properties":{"p":"0580362800","o":"SEALEY JEREMY L","a":"7152  BENNELL DR  REYNOLDSBURG 43068","d":"PICKERINGTON LOCAL SCHOOL DISTRICT","t":1.09,"l":"510: Res-Single Family","c":0}},{"type":"Feature","geometry":{"type":"Polygon","coordinates":[[[-82.811448,39.919771],[-82.811039,39.919751],[-82.811051,39.919614],[-82.81146,39.919634],[-82.811448,39.919771]]]},"properties":{"p":"0580401400","o":"RANKINS LORENZO A & TIMA C SURV","a":"3123  FABYAN DR  REYNOLDSBURG 43068","d":"PICKERINGTON LOCAL SCHOOL DISTRICT","t":208,"l":"510: Res-Single Family","c":0}},{"type":"Feature","geometry":{"type":"Polygon","coordinates":[[[-82.811516,39.918949],[-82.811107,39.918929],[-82.811118,39.918792],[-82.811527,39.918812],[-82.811516,39.918949]]]},"properties":{"p":"0580419100","o":"YEHEYIS SEMERET & GARUMA HIKAME SURV","a":"3159  FABYAN DR  REYNOLDSBURG 43068","d":"PICKERINGTON LOCAL SCHOOL DISTRICT","t":2975.25,"l":"510: Res-Single Family","c":0}},{"type":"Feature","geometry":{"type":"Polygon","coordinates":[[[-82.812859,39.913975],[-82.812751,39.913821],[-82.812348,39.913534],[-82.809489,39.913391],[-82.809505,39.913199],[-82.809078,39.913178],[-82.809097,39.912941],[-82.809083,39.912788],[-82.809027,39.912597],[-82.80891,39.912415],[-82.80891,39.912347],[-82.808941,39.912305],[-82.809075,39.912215],[-82.809325,39.912138],[-82.809654,39.911905],[-82.809884,39.911717],[-82.813011,39.913754],[-82.812978,39.914145],[-82.812859,39.913975]]]},"properties":{"p":"0580436700","o":"TURNBERRY FARMS HOMEOWNER'S ASSOCIATION","a":"3419  OVERBEY DR  REYNOLDSBURG 43068","d":"PICKERINGTON LOCAL SCHOOL DISTRICT","t":21.16,"l":"500: Res-Vacant Land","c":0}},{"type":"Feature","geometry":{"type":"Polygon","coordinates":[[[-82.638866,39.740294],[-82.638924,39.740297],[-82.638921,39.740335],[-82.638862,39.740332],[-82.638866,39.740294]]]},"properties":{"p":"0630000500","o":"WINDERL/KAMINSKY PROPERTIES LTD","a":"0  ETY RD","d":"LANCASTER CITY SCHOOL DISTRICT","t":2.4,"l":"400: Com-Vacant Land","c":0}},{"type":"Feature","geometry":{"type":"Polygon","coordinates":[[[-82.638866,39.740294],[-82.638885,39.74008],[-82.638943,39.740083],[-82.638924,39.740297],[-82.638866,39.740294]]]},"properties":{"p":"0630000900","o":"WINDERL/KAMINSKY PROPERTIES LTD","a":"0  ETY RD","d":"LANCASTER CITY SCHOOL DISTRICT","t":2.4,"l":"400: Com-Vacant Land","c":0}}]}