{"type":"FeatureCollection","features":[{"type":"Feature","geometry":{"type":"Polygon","coordinates":[[[-84.10992,40.138121],[-84.109968,40.137697],[-84.110339,40.137716],[-84.11029,40.13816],[-84.109918,40.138138],[-84.10992,40.138121]]]},"properties":{"p":"B05-006120","o":"LILLY LOU RENTALS LLC","a":"515  CHERRY LN  FLETCHER 45326","d":"MIAMI EAST LOCAL SCHOOL DISTRICT","t":828.39,"l":"510: Res-Single Family","c":0}},{"type":"Feature","geometry":{"type":"Polygon","coordinates":[[[-84.046021,39.981734],[-84.045664,39.985854],[-84.045098,39.985815],[-84.045147,39.98525],[-84.044642,39.985221],[-84.044702,39.984231],[-84.044431,39.984213],[-84.044493,39.983495],[-84.044794,39.983512],[-84.044955,39.981661],[-84.046021,39.981734]]]},"properties":{"p":"E09-013200","o":"PAVELKO MARY K (TOD)","a":"8605  TIPP ELIZ RD","d":"MIAMI EAST LOCAL SCHOOL DISTRICT","t":844.22,"l":"512: Res-Custom Code","c":0}},{"type":"Feature","geometry":{"type":"Polygon","coordinates":[[[-84.107656,39.982428],[-84.107625,39.982426],[-84.107694,39.981796],[-84.107715,39.981797],[-84.107656,39.982428]]]},"properties":{"p":"E09-007301","o":"SPEAKMAN OPAL","a":"BENHAM RD","d":"MIAMI EAST LOCAL SCHOOL DISTRICT","t":205.67,"l":"100: Agr-Vacant Land","c":0}},{"type":"Feature","geometry":{"type":"Polygon","coordinates":[[[-84.144162,40.035181],[-84.143988,40.036821],[-84.144719,40.037029],[-84.144912,40.037172],[-84.145229,40.037504],[-84.145578,40.037767],[-84.145707,40.037947],[-84.145816,40.038056],[-84.145915,40.03831],[-84.142543,40.038185],[-84.142875,40.034288],[-84.14393,40.034449],[-84.143825,40.03513],[-84.144162,40.035181]]]},"properties":{"p":"E09-001020","o":"WOLF KIRK","a":"3335  LEFEVRE RD","d":"MIAMI EAST LOCAL SCHOOL DISTRICT","t":298.71,"l":"512: Res-Custom Code","c":0}},{"type":"Feature","geometry":{"type":"Polygon","coordinates":[[[-84.226106,40.032053],[-84.22592,40.032057],[-84.225909,40.0317],[-84.226042,40.031702],[-84.226161,40.031753],[-84.226233,40.031763],[-84.226241,40.032051],[-84.226106,40.032053]]]},"properties":{"p":"D08-105134","o":"J AND A HOMES LLC","a":"1545  WILLIAMSBURG PL","d":"TROY CITY SCHOOL DISTRICT","t":285.52,"l":"500: Res-Vacant Land","c":0}},{"type":"Feature","geometry":{"type":"Polygon","coordinates":[[[-84.226571,40.032045],[-84.226241,40.032051],[-84.226233,40.031763],[-84.226299,40.031751],[-84.226355,40.031721],[-84.226392,40.031677],[-84.226405,40.031623],[-84.226693,40.031618],[-84.226705,40.032043],[-84.226571,40.032045]]]},"properties":{"p":"D08-105132","o":"J AND A HOLES LLC","a":"1559  WILLIAMSBURG PL","d":"TROY CITY SCHOOL DISTRICT","t":295.3,"l":"500: Res-Vacant Land","c":0}},{"type":"Feature","geometry":{"type":"Polygon","coordinates":[[[-84.226693,40.031618],[-84.226405,40.031623],[-84.22639,40.03157],[-84.226351,40.031527],[-84.226294,40.031499],[-84.226225,40.031488],[-84.226216,40.0312],[-84.226681,40.031192],[-84.226693,40.031618]]]},"properties":{"p":"D08-105130","o":"J AND A HOMES LLC","a":"1560  WILLIAMSBURG PL","d":"TROY CITY SCHOOL DISTRICT","t":295.3,"l":"500: Res-Vacant Land","c":0}},{"type":"Feature","geometry":{"type":"Polygon","coordinates":[[[-84.226225,40.031488],[-84.226153,40.031502],[-84.22604,40.031555],[-84.225906,40.031563],[-84.225895,40.031206],[-84.226216,40.0312],[-84.226225,40.031488]]]},"properties":{"p":"D08-105128","o":"J AND A HOMES LLC","a":"1544  WILLIAMSBURG PL","d":"TROY CITY SCHOOL DISTRICT","t":295.3,"l":"500: Res-Vacant Land","c":0}},{"type":"Feature","geometry":{"type":"Polygon","coordinates":[[[-84.223742,40.030664],[-84.223756,40.03054],[-84.224436,40.030358],[-84.224404,40.030643],[-84.224286,40.030667],[-84.224242,40.030701],[-84.224215,40.030748],[-84.223742,40.030664]]]},"properties":{"p":"D08-105112","o":"J AND A HOMES LLC","a":"1051  LAUREL TREE CT","d":"TROY CITY SCHOOL DISTRICT","t":295.3,"l":"500: Res-Vacant Land","c":0}},{"type":"Feature","geometry":{"type":"Polygon","coordinates":[[[-84.196836,40.018881],[-84.196798,40.018658],[-84.196827,40.018379],[-84.196979,40.018088],[-84.196946,40.017874],[-84.197292,40.017842],[-84.197237,40.017482],[-84.196637,40.017537],[-84.196452,40.016338],[-84.196902,40.016331],[-84.197376,40.017736],[-84.197431,40.017735],[-84.197808,40.018851],[-84.196836,40.018881]]]},"properties":{"p":"D08-104474","o":"SCOTT STANLEY","a":"DYE MILL RD","d":"TROY CITY SCHOOL DISTRICT","t":41359.19,"l":"499: Com-Other","c":0}},{"type":"Feature","geometry":{"type":"Polygon","coordinates":[[[-84.198506,40.021026],[-84.197168,40.02107],[-84.196836,40.018881],[-84.197794,40.018851],[-84.198144,40.019884],[-84.198506,40.021026]]]},"properties":{"p":"D08-104458","o":"SCOTT STAN","a":"185  DYE MILL RD","d":"TROY CITY SCHOOL DISTRICT","t":14159.05,"l":"499: Com-Other","c":0}},{"type":"Feature","geometry":{"type":"Polygon","coordinates":[[[-84.214316,40.025577],[-84.214313,40.025218],[-84.214561,40.02522],[-84.21474,40.025246],[-84.214316,40.025577]]]},"properties":{"p":"D08-102946","o":"DICKERSON INTERNATIONALE","a":"1071  DICKERSON DR","d":"TROY CITY SCHOOL DISTRICT","t":27948.72,"l":"500: Res-Vacant Land","c":0}},{"type":"Feature","geometry":{"type":"Polygon","coordinates":[[[-84.194119,40.037035],[-84.193762,40.036629],[-84.193638,40.036424],[-84.193604,40.036323],[-84.193759,40.036141],[-84.19496,40.036668],[-84.194865,40.036831],[-84.194352,40.036607],[-84.194119,40.037035]]]},"properties":{"p":"D08-101508","o":"DUNCAN TERESA R","a":"WILLIAMS ST","d":"TROY CITY SCHOOL DISTRICT","t":544.1,"l":"599: Res-Other","c":0}},{"type":"Feature","geometry":{"type":"Polygon","coordinates":[[[-84.221135,40.058086],[-84.221225,40.058084],[-84.221331,40.058894],[-84.22139,40.058934],[-84.221428,40.059234],[-84.221294,40.059237],[-84.22116,40.058943],[-84.221107,40.058779],[-84.220944,40.058472],[-84.220917,40.058389],[-84.2209,40.058207],[-84.22086,40.058094],[-84.221135,40.058086]]]},"properties":{"p":"D08-100770","o":"MCCONNELL GLEN G","a":"TRADE SQ W","d":"TROY CITY SCHOOL DISTRICT","t":880.58,"l":"500: Res-Vacant Land","c":0}},{"type":"Feature","geometry":{"type":"Polygon","coordinates":[[[-84.220709,40.058098],[-84.220786,40.058096],[-84.220829,40.058216],[-84.220859,40.058444],[-84.221012,40.058737],[-84.221091,40.058958],[-84.22122,40.059239],[-84.221186,40.05924],[-84.220709,40.058098]]]},"properties":{"p":"D08-100770","o":"MCCONNELL GLEN G","a":"TRADE SQ W","d":"TROY CITY SCHOOL DISTRICT","t":880.58,"l":"500: Res-Vacant Land","c":0}},{"type":"Feature","geometry":{"type":"Polygon","coordinates":[[[-84.227414,40.039594],[-84.226771,40.039606],[-84.226741,40.038466],[-84.227383,40.038452],[-84.227414,40.039594]]]},"properties":{"p":"D08-100260","o":"BIGELOW KYLE L","a":"1530  MCKAIG AVE","d":"TROY CITY SCHOOL DISTRICT","t":21893.88,"l":"464: Com-Bowling Alley","c":0}},{"type":"Feature","geometry":{"type":"Polygon","coordinates":[[[-84.225929,40.033553],[-84.225839,40.033544],[-84.225721,40.033494],[-84.225649,40.033491],[-84.225588,40.033161],[-84.225917,40.033156],[-84.225929,40.033553]]]},"properties":{"p":"D08-099806","o":"BAISDEN DAN JR","a":"1530  HAWK CR","d":"TROY CITY SCHOOL DISTRICT","t":2859.93,"l":"401: Com-Apartment- 4 to 19","c":0}},{"type":"Feature","geometry":{"type":"Polygon","coordinates":[[[-84.191735,40.027785],[-84.19171,40.027329],[-84.192529,40.027781],[-84.191735,40.027785]]]},"properties":{"p":"D08-096880","o":"RSG STORAGE LLC","a":"DYE MILL RD","d":"TROY CITY SCHOOL DISTRICT","t":129.26,"l":"300: Ind-Vacant Land","c":0}},{"type":"Feature","geometry":{"type":"Polygon","coordinates":[[[-84.219908,40.029583],[-84.219897,40.029327],[-84.219948,40.029341],[-84.219958,40.029575],[-84.219908,40.029583]]]},"properties":{"p":"D08-095045","o":"WORLEY MARVEL W","a":"MARKET ST W","d":"TROY CITY SCHOOL DISTRICT","t":2317.71,"l":"500: Res-Vacant Land","c":0}},{"type":"Feature","geometry":{"type":"Polygon","coordinates":[[[-84.213511,40.030558],[-84.213368,40.030599],[-84.213232,40.030313],[-84.213837,40.030142],[-84.213975,40.030426],[-84.213511,40.030558]]]},"properties":{"p":"D08-094240","o":"TC BODEY PROPERTIES LLC","a":"407  PETERS AVE","d":"TROY CITY SCHOOL DISTRICT","t":2062.03,"l":"455: Com-Garage","c":0}},{"type":"Feature","geometry":{"type":"Polygon","coordinates":[[[-84.213169,40.037617],[-84.213143,40.037011],[-84.213386,40.037005],[-84.213412,40.037613],[-84.213169,40.037617]]]},"properties":{"p":"D08-093540","o":"IRON HORSE MANAGEMENT INC","a":"511-513  DRURY LN","d":"TROY CITY SCHOOL DISTRICT","t":3420.08,"l":"520: Res-Two Family","c":0}},{"type":"Feature","geometry":{"type":"Polygon","coordinates":[[[-84.210388,40.031829],[-84.210142,40.031897],[-84.210121,40.031889],[-84.210118,40.031771],[-84.210369,40.031633],[-84.210388,40.031829]]]},"properties":{"p":"D08-092340","o":"MORRISON RICHARD LEE","a":"PETERS AVE","d":"TROY CITY SCHOOL DISTRICT","t":20222.19,"l":"452: Com-Auto Service","c":0}},{"type":"Feature","geometry":{"type":"Polygon","coordinates":[[[-84.210561,40.031781],[-84.210388,40.031829],[-84.210369,40.031633],[-84.210529,40.031544],[-84.210561,40.031781]]]},"properties":{"p":"D08-092320","o":"MORRISON GLORIA JEAN (LC)","a":"100 W MARKET ST","d":"TROY CITY SCHOOL DISTRICT","t":94015.61,"l":"439: Com-Other Food","c":0}},{"type":"Feature","geometry":{"type":"Polygon","coordinates":[[[-84.22941,40.048247],[-84.229467,40.048168],[-84.229523,40.048192],[-84.229465,40.048271],[-84.22941,40.048247]]]},"properties":{"p":"D08-058850","o":"WILGUS BRIAN E","a":"1539  HENLEY RD","d":"TROY CITY SCHOOL DISTRICT","t":787.84,"l":"550: Res-Condo","c":0}},{"type":"Feature","geometry":{"type":"Polygon","coordinates":[[[-84.249201,40.057484],[-84.249189,40.057182],[-84.249418,40.057177],[-84.24943,40.057478],[-84.249201,40.057484]]]},"properties":{"p":"D08-058044","o":"GINN BRENDA","a":"2405  WATERFORD DR","d":"TROY CITY SCHOOL DISTRICT","t":2037.8,"l":"510: Res-Single Family","c":0}},{"type":"Feature","geometry":{"type":"Polygon","coordinates":[[[-84.2285,40.058136],[-84.228486,40.057806],[-84.228818,40.057797],[-84.228832,40.058127],[-84.2285,40.058136]]]},"properties":{"p":"D08-057358","o":"KIRVES KRAIG F","a":"1575  CORNISH","d":"TROY CITY SCHOOL DISTRICT","t":1345.88,"l":"510: Res-Single Family","c":0}},{"type":"Feature","geometry":{"type":"Polygon","coordinates":[[[-84.19154,40.029545],[-84.191477,40.029616],[-84.189926,40.028403],[-84.190243,40.028165],[-84.189868,40.027871],[-84.190401,40.027474],[-84.190343,40.026576],[-84.19171,40.027329],[-84.191814,40.029233],[-84.19154,40.029545]]]},"properties":{"p":"D08-057310","o":"RSG STORAGE LLC","a":"DYE MILL RD","d":"TROY CITY SCHOOL DISTRICT","t":1934.69,"l":"300: Ind-Vacant Land","c":0}},{"type":"Feature","geometry":{"type":"Polygon","coordinates":[[[-84.231824,40.054437],[-84.231559,40.05445],[-84.231534,40.054218],[-84.23172,40.054209],[-84.231824,40.054437]]]},"properties":{"p":"D08-053550","o":"VANDERHORST ROBERT G","a":"BRANFORD RD","d":"TROY CITY SCHOOL DISTRICT","t":265.33,"l":"500: Res-Vacant Land","c":0}},{"type":"Feature","geometry":{"type":"Polygon","coordinates":[[[-84.183476,40.051331],[-84.183475,40.051342],[-84.182975,40.051316],[-84.182993,40.051119],[-84.183493,40.051145],[-84.183476,40.051331]]]},"properties":{"p":"D08-051660","o":"LANTIS TERESA K","a":"1152  SKYLARK DR","d":"TROY CITY SCHOOL DISTRICT","t":1919.39,"l":"510: Res-Single Family","c":0}},{"type":"Feature","geometry":{"type":"Polygon","coordinates":[[[-84.213427,40.028467],[-84.213131,40.028211],[-84.213305,40.028092],[-84.213601,40.028349],[-84.213427,40.028467]]]},"properties":{"p":"D08-049350","o":"CHANEY CANDACE LYNN","a":"320  ROSS ST W","d":"TROY CITY SCHOOL DISTRICT","t":64.97,"l":"510: Res-Single Family","c":0}},{"type":"Feature","geometry":{"type":"Polygon","coordinates":[[[-84.184093,40.04505],[-84.18411,40.044858],[-84.18452,40.04488],[-84.184502,40.045072],[-84.184093,40.04505]]]},"properties":{"p":"D08-048030","o":"MALONE TODD","a":"617  FORREST LN","d":"TROY CITY SCHOOL DISTRICT","t":180.49,"l":"510: Res-Single Family","c":0}},{"type":"Feature","geometry":{"type":"Polygon","coordinates":[[[-84.227054,40.038459],[-84.226915,40.038154],[-84.226973,40.038127],[-84.22701,40.038086],[-84.227376,40.038205],[-84.227383,40.038452],[-84.227054,40.038459]]]},"properties":{"p":"D08-045940","o":"FINFROCK CHARLES NICHOLAS","a":"1533  DEAN CR","d":"TROY CITY SCHOOL DISTRICT","t":98.07,"l":"510: Res-Single Family","c":0}},{"type":"Feature","geometry":{"type":"Polygon","coordinates":[[[-84.189262,40.051217],[-84.18882,40.051254],[-84.188791,40.05105],[-84.189233,40.051013],[-84.189262,40.051217]]]},"properties":{"p":"D08-045390","o":"DEHART GREGORY L","a":"1149  MEADOW LN","d":"TROY CITY SCHOOL DISTRICT","t":1749.34,"l":"510: Res-Single Family","c":0}},{"type":"Feature","geometry":{"type":"Polygon","coordinates":[[[-84.211536,40.027726],[-84.211293,40.027728],[-84.211287,40.027397],[-84.21153,40.027394],[-84.211536,40.027726]]]},"properties":{"p":"D08-044450","o":"ARNETT JENNIFER","a":"290  DAKOTA ST W","d":"TROY CITY SCHOOL DISTRICT","t":1452.44,"l":"510: Res-Single Family","c":0}},{"type":"Feature","geometry":{"type":"Polygon","coordinates":[[[-84.210936,40.031409],[-84.210913,40.03133],[-84.211408,40.031051],[-84.211412,40.031271],[-84.210936,40.031409]]]},"properties":{"p":"D08-043990","o":"MORRISON RICHARD LEE (LC)","a":"209  PETERS AVE","d":"TROY CITY SCHOOL DISTRICT","t":13795.32,"l":"456: Com-Parking Garage","c":0}},{"type":"Feature","geometry":{"type":"Polygon","coordinates":[[[-84.190435,40.044833],[-84.190242,40.044822],[-84.190287,40.044345],[-84.190479,40.044356],[-84.190435,40.044833]]]},"properties":{"p":"D08-037760","o":"DIX RICHARD","a":"590  MAPLEWOOD","d":"TROY CITY SCHOOL DISTRICT","t":728.49,"l":"510: Res-Single Family","c":0}},{"type":"Feature","geometry":{"type":"Polygon","coordinates":[[[-84.19209,40.045908],[-84.192123,40.045562],[-84.19233,40.045574],[-84.192298,40.04592],[-84.19209,40.045908]]]},"properties":{"p":"D08-037400","o":"SMITH LINDA S","a":"514  LINWOOD","d":"TROY CITY SCHOOL DISTRICT","t":294.12,"l":"510: Res-Single Family","c":0}},{"type":"Feature","geometry":{"type":"Polygon","coordinates":[[[-84.192506,40.045932],[-84.192522,40.04576],[-84.192967,40.045786],[-84.19295,40.045958],[-84.192506,40.045932]]]},"properties":{"p":"D08-036700","o":"KESSLER SCOTT E","a":"502  LINWOOD DR","d":"TROY CITY SCHOOL DISTRICT","t":1832.01,"l":"510: Res-Single Family","c":0}},{"type":"Feature","geometry":{"type":"Polygon","coordinates":[[[-84.196683,40.028153],[-84.196583,40.028267],[-84.196264,40.028091],[-84.196364,40.027977],[-84.196683,40.028153]]]},"properties":{"p":"D08-032965","o":"KELLY STEVEN E","a":"719  DIXIE AVE","d":"TROY CITY SCHOOL DISTRICT","t":136.3,"l":"510: Res-Single Family","c":0}},{"type":"Feature","geometry":{"type":"Polygon","coordinates":[[[-84.195776,40.028159],[-84.196146,40.027733],[-84.196366,40.027726],[-84.195921,40.028239],[-84.195776,40.028159]]]},"properties":{"p":"D08-032930","o":"J AND A HOMES LLC","a":"1130  PATTON ST","d":"TROY CITY SCHOOL DISTRICT","t":230.43,"l":"500: Res-Vacant Land","c":0}},{"type":"Feature","geometry":{"type":"Polygon","coordinates":[[[-84.19525,40.033859],[-84.195149,40.033807],[-84.195278,40.033658],[-84.19537,40.033699],[-84.19525,40.033859]]]},"properties":{"p":"D08-032700","o":"MAD RIVER REFERRAL","a":"907  CANAL ST E","d":"TROY CITY SCHOOL DISTRICT","t":497.77,"l":"510: Res-Single Family","c":0}},{"type":"Feature","geometry":{"type":"Polygon","coordinates":[[[-84.215683,40.04035],[-84.215661,40.039966],[-84.21571,40.039965],[-84.215714,40.040347],[-84.215683,40.04035]]]},"properties":{"p":"D08-031250","o":"DAVIS FRED A","a":"MCKAIG AVE","d":"TROY CITY SCHOOL DISTRICT","t":1609.83,"l":"500: Res-Vacant Land","c":0}},{"type":"Feature","geometry":{"type":"Polygon","coordinates":[[[-84.215235,40.042785],[-84.215164,40.042659],[-84.215559,40.042593],[-84.215661,40.04271],[-84.215235,40.042785]]]},"properties":{"p":"D08-030600","o":"RADEMACHIR AARON R","a":"PENN RD","d":"TROY CITY SCHOOL DISTRICT","t":24.59,"l":"599: Res-Other","c":0}},{"type":"Feature","geometry":{"type":"Polygon","coordinates":[[[-84.196195,40.04578],[-84.195772,40.045756],[-84.195784,40.045619],[-84.196209,40.045643],[-84.196195,40.04578]]]},"properties":{"p":"D08-029590","o":"KOWRACH MICHAEL (LC)","a":"INDIANA AVE","d":"TROY CITY SCHOOL DISTRICT","t":446.21,"l":"599: Res-Other","c":0}},{"type":"Feature","geometry":{"type":"Polygon","coordinates":[[[-84.195729,40.045753],[-84.195311,40.045729],[-84.195324,40.045592],[-84.195742,40.045616],[-84.195729,40.045753]]]},"properties":{"p":"D08-028270","o":"KOWRACH MICHAEL (LC)","a":"604  MICHIGAN AVE","d":"TROY CITY SCHOOL DISTRICT","t":1291.19,"l":"510: Res-Single Family","c":0}},{"type":"Feature","geometry":{"type":"Polygon","coordinates":[[[-84.208811,40.026972],[-84.20861,40.026976],[-84.208607,40.026678],[-84.208769,40.026616],[-84.208805,40.026616],[-84.208811,40.026972]]]},"properties":{"p":"D08-026010","o":"BOLING LISA K","a":"34  ELMWOOD AVE","d":"TROY CITY SCHOOL DISTRICT","t":1458.79,"l":"510: Res-Single Family","c":0}},{"type":"Feature","geometry":{"type":"Polygon","coordinates":[[[-84.208346,40.030069],[-84.207723,40.030074],[-84.207718,40.029951],[-84.208314,40.029946],[-84.208346,40.030069]]]},"properties":{"p":"D08-025360","o":"FRIES LISA KAE","a":"933  MARKET ST S","d":"TROY CITY SCHOOL DISTRICT","t":1317.77,"l":"510: Res-Single Family","c":0}},{"type":"Feature","geometry":{"type":"Polygon","coordinates":[[[-84.198655,40.030966],[-84.198408,40.031243],[-84.198618,40.030953],[-84.198655,40.030966]]]},"properties":{"p":"D08-024845","o":"MCCREERY EMILY M","a":"RACE DR","d":"TROY CITY SCHOOL DISTRICT","t":339.68,"l":"510: Res-Single Family","c":0}},{"type":"Feature","geometry":{"type":"Polygon","coordinates":[[[-84.200214,40.033999],[-84.199934,40.033904],[-84.199899,40.033828],[-84.199928,40.033775],[-84.200275,40.033891],[-84.200214,40.033999]]]},"properties":{"p":"D08-024450","o":"CHOICE MOBILE VENDING LLC","a":"251  UNION ST","d":"TROY CITY SCHOOL DISTRICT","t":931.17,"l":"435: Com-Drive In","c":0}},{"type":"Feature","geometry":{"type":"Polygon","coordinates":[[[-84.201277,40.030663],[-84.201274,40.030544],[-84.201764,40.030532],[-84.201806,40.03065],[-84.201277,40.030663]]]},"properties":{"p":"D08-023690","o":"STAPLETON CHARLES D","a":"540  UNION ST S","d":"TROY CITY SCHOOL DISTRICT","t":471.24,"l":"510: Res-Single Family","c":0}},{"type":"Feature","geometry":{"type":"Polygon","coordinates":[[[-84.198355,40.033422],[-84.198226,40.033366],[-84.198401,40.033065],[-84.19853,40.033121],[-84.198355,40.033422]]]},"properties":{"p":"D08-023260","o":"DETRICK JERALD PAUL","a":"630  SCOTT ST","d":"TROY CITY SCHOOL DISTRICT","t":3029.54,"l":"510: Res-Single Family","c":0}},{"type":"Feature","geometry":{"type":"Polygon","coordinates":[[[-84.219346,40.037541],[-84.219342,40.037397],[-84.219806,40.037389],[-84.21981,40.037533],[-84.219346,40.037541]]]},"properties":{"p":"D08-020460","o":"BUTCHER LOIS Y","a":"417  LAKE ST","d":"TROY CITY SCHOOL DISTRICT","t":96.51,"l":"510: Res-Single Family","c":0}},{"type":"Feature","geometry":{"type":"Polygon","coordinates":[[[-84.213966,40.046963],[-84.213794,40.046999],[-84.213685,40.046692],[-84.213858,40.046656],[-84.213966,40.046963]]]},"properties":{"p":"D08-016160","o":"SELL GLEN","a":"910  FOUNTAIN ST","d":"TROY CITY SCHOOL DISTRICT","t":434.04,"l":"510: Res-Single Family","c":0}},{"type":"Feature","geometry":{"type":"Polygon","coordinates":[[[-84.212658,40.048081],[-84.212554,40.047785],[-84.212726,40.04775],[-84.212834,40.048054],[-84.212658,40.048081]]]},"properties":{"p":"D08-015910","o":"BURNS MARLON E TRUSTEE","a":"806  ATLANTIC ST","d":"TROY CITY SCHOOL DISTRICT","t":2847.1,"l":"510: Res-Single Family","c":0}},{"type":"Feature","geometry":{"type":"Polygon","coordinates":[[[-84.213006,40.048018],[-84.212834,40.048054],[-84.212726,40.04775],[-84.212899,40.047714],[-84.213006,40.048018]]]},"properties":{"p":"D08-015900","o":"BURNS MARLON E TRUSTEE","a":"822  ATLANTIC ST","d":"TROY CITY SCHOOL DISTRICT","t":5015.09,"l":"510: Res-Single Family","c":0}},{"type":"Feature","geometry":{"type":"Polygon","coordinates":[[[-84.20449,40.029214],[-84.204009,40.029218],[-84.204004,40.029075],[-84.204484,40.029071],[-84.20449,40.029214]]]},"properties":{"p":"D08-014660","o":"FOX JORDAN R & @(3)","a":"913  CLAY ST S","d":"TROY CITY SCHOOL DISTRICT","t":30.8,"l":"510: Res-Single Family","c":0}},{"type":"Feature","geometry":{"type":"Polygon","coordinates":[[[-84.203911,40.032521],[-84.203907,40.032456],[-84.204028,40.032456],[-84.204031,40.03252],[-84.203911,40.032521]]]},"properties":{"p":"D08-014500","o":"HARDESTY GRAHAM M","a":"604  CRAWFORD ST S","d":"TROY CITY SCHOOL DISTRICT","t":2631.09,"l":"499: Com-Other","c":0}},{"type":"Feature","geometry":{"type":"Polygon","coordinates":[[[-84.205342,40.032103],[-84.205823,40.032097],[-84.205829,40.032234],[-84.205347,40.032238],[-84.205342,40.032103]]]},"properties":{"p":"D08-014090","o":"PURKEYPILE MATTHEW","a":"713  MULBERRY ST S","d":"TROY CITY SCHOOL DISTRICT","t":2167.19,"l":"510: Res-Single Family","c":0}},{"type":"Feature","geometry":{"type":"Polygon","coordinates":[[[-84.212864,40.036267],[-84.212453,40.036273],[-84.212447,40.036127],[-84.212858,40.036121],[-84.212864,40.036267]]]},"properties":{"p":"D08-013170","o":"GRICE BRUCE J","a":"518  GARFIELD AVE","d":"TROY CITY SCHOOL DISTRICT","t":195.87,"l":"399: Ind-Other","c":0}},{"type":"Feature","geometry":{"type":"Polygon","coordinates":[[[-84.212528,40.038091],[-84.212938,40.038081],[-84.212944,40.038229],[-84.212534,40.038236],[-84.212528,40.038091]]]},"properties":{"p":"D08-012800","o":"ROSS DAVID A","a":"404  GARFIELD AVE","d":"TROY CITY SCHOOL DISTRICT","t":3287.64,"l":"520: Res-Two Family","c":0}},{"type":"Feature","geometry":{"type":"Polygon","coordinates":[[[-84.205772,40.035317],[-84.205419,40.035162],[-84.205514,40.035035],[-84.205867,40.03519],[-84.205772,40.035317]]]},"properties":{"p":"D08-011190","o":"MYERS GLEN E","a":"410  WALNUT ST S","d":"TROY CITY SCHOOL DISTRICT","t":28197.75,"l":"500: Res-Vacant Land","c":0}},{"type":"Feature","geometry":{"type":"Polygon","coordinates":[[[-84.212037,40.041138],[-84.211826,40.041142],[-84.211826,40.040999],[-84.212037,40.040995],[-84.212037,40.041138]]]},"properties":{"p":"D08-010650","o":"JOHNSON ATMOS B","a":"617  FRANKLIN ST W","d":"TROY CITY SCHOOL DISTRICT","t":11617.12,"l":"510: Res-Single Family","c":0}},{"type":"Feature","geometry":{"type":"Polygon","coordinates":[[[-84.19507,40.036476],[-84.194974,40.036643],[-84.194804,40.036568],[-84.1949,40.036394],[-84.19507,40.036476]]]},"properties":{"p":"D08-010070","o":"DUNCAN TERESA R","a":"19  FRANK ST N","d":"TROY CITY SCHOOL DISTRICT","t":963.75,"l":"510: Res-Single Family","c":0}},{"type":"Feature","geometry":{"type":"Polygon","coordinates":[[[-84.203892,40.032905],[-84.20377,40.032851],[-84.203913,40.032654],[-84.20408,40.032652],[-84.203892,40.032905]]]},"properties":{"p":"D08-009247","o":"MAXWELL PAUL (LC)","a":"317  WEST ST E","d":"TROY CITY SCHOOL DISTRICT","t":1109.94,"l":"510: Res-Single Family","c":0}},{"type":"Feature","geometry":{"type":"Polygon","coordinates":[[[-84.203538,40.032749],[-84.203606,40.032657],[-84.203913,40.032654],[-84.20377,40.032851],[-84.203538,40.032749]]]},"properties":{"p":"D08-009245","o":"IRON HORSE MANAGEMENT INC","a":"518  CRAWFORD ST S","d":"TROY CITY SCHOOL DISTRICT","t":1269.45,"l":"510: Res-Single Family","c":0}},{"type":"Feature","geometry":{"type":"Polygon","coordinates":[[[-84.204225,40.033162],[-84.203866,40.033005],[-84.203955,40.032886],[-84.204314,40.033043],[-84.204225,40.033162]]]},"properties":{"p":"D08-009230","o":"INSCHO SHERRI L","a":"513 S CLAY ST","d":"TROY CITY SCHOOL DISTRICT","t":172.28,"l":"510: Res-Single Family","c":0}},{"type":"Feature","geometry":{"type":"Polygon","coordinates":[[[-84.204843,40.033274],[-84.2045,40.033124],[-84.204588,40.033005],[-84.204931,40.033155],[-84.204843,40.033274]]]},"properties":{"p":"D08-009125","o":"FLICK JOHN B","a":"520  CLAY ST S","d":"TROY CITY SCHOOL DISTRICT","t":1384.19,"l":"510: Res-Single Family","c":0}},{"type":"Feature","geometry":{"type":"Polygon","coordinates":[[[-84.214119,40.045623],[-84.213976,40.045626],[-84.213966,40.045376],[-84.214109,40.045372],[-84.214119,40.045623]]]},"properties":{"p":"D08-008750","o":"HOPKINS HILDA D ETAL","a":"WASHINGTON ST","d":"TROY CITY SCHOOL DISTRICT","t":9487.67,"l":"500: Res-Vacant Land","c":0}},{"type":"Feature","geometry":{"type":"Polygon","coordinates":[[[-84.213976,40.045626],[-84.213785,40.045631],[-84.213784,40.045381],[-84.213966,40.045376],[-84.213976,40.045626]]]},"properties":{"p":"D08-008740","o":"SMITH LAVERTA ETAL","a":"921  WASHINGTON ST","d":"TROY CITY SCHOOL DISTRICT","t":27679.97,"l":"500: Res-Vacant Land","c":0}},{"type":"Feature","geometry":{"type":"Polygon","coordinates":[[[-84.221394,40.013997],[-84.220788,40.014012],[-84.220779,40.013529],[-84.221385,40.013512],[-84.221394,40.013997]]]},"properties":{"p":"C06-081426","o":"JLE INVESTMENTS LLC","a":"1035  HILLCREST DR","d":"TROY CITY SCHOOL DISTRICT","t":644.34,"l":"510: Res-Single Family","c":0}},{"type":"Feature","geometry":{"type":"Polygon","coordinates":[[[-84.222011,40.020277],[-84.221726,40.020284],[-84.221714,40.019692],[-84.221999,40.019685],[-84.222011,40.020277]]]},"properties":{"p":"C06-081297","o":"MCMAINS DEBBIE L","a":"1222  SPRUCE ST","d":"TROY CITY SCHOOL DISTRICT","t":200.92,"l":"510: Res-Single Family","c":0}},{"type":"Feature","geometry":{"type":"Polygon","coordinates":[[[-84.218844,40.019031],[-84.218552,40.019038],[-84.21854,40.018445],[-84.218832,40.018438],[-84.218844,40.019031]]]},"properties":{"p":"C06-081249","o":"ZANK TANNA SUE STONER","a":"1200  PINE ST","d":"TROY CITY SCHOOL DISTRICT","t":1551.15,"l":"510: Res-Single Family","c":0}},{"type":"Feature","geometry":{"type":"Polygon","coordinates":[[[-84.219848,40.0069],[-84.218945,40.006912],[-84.218937,40.006569],[-84.219841,40.006555],[-84.219848,40.0069]]]},"properties":{"p":"C06-080319","o":"INSCHO FREDERICK R","a":"2170  PLEASANT VW DR","d":"TROY CITY SCHOOL DISTRICT","t":2161.51,"l":"510: Res-Single Family","c":0}},{"type":"Feature","geometry":{"type":"Polygon","coordinates":[[[-84.243085,40.031966],[-84.242603,40.031782],[-84.243956,40.031767],[-84.24501,40.032174],[-84.244729,40.032604],[-84.243085,40.031966]]]},"properties":{"p":"C06-069010","o":"SCOTT INVESTMENTS","a":"2244  SR 718","d":"TROY CITY SCHOOL DISTRICT","t":6022.62,"l":"480: Com-Warehouse","c":0}},{"type":"Feature","geometry":{"type":"Polygon","coordinates":[[[-84.217061,39.999845],[-84.217052,39.999346],[-84.217176,39.999344],[-84.217786,39.999819],[-84.217061,39.999845]]]},"properties":{"p":"C06-067020","o":"J AND A HOMES LLC","a":"WOODCREEK DR  TROY 45373","d":"TROY CITY SCHOOL DISTRICT","t":1260.78,"l":"101: Agr-Cash-Grain Farm","c":0}},{"type":"Feature","geometry":{"type":"Polygon","coordinates":[[[-84.217973,40.000731],[-84.217238,40.000934],[-84.217078,40.000689],[-84.217821,40.000482],[-84.217973,40.000731]]]},"properties":{"p":"C06-066994","o":"J AND A HOMES LLC","a":"PLEASANT VIEW DR  TROY 45373","d":"TROY CITY SCHOOL DISTRICT","t":600.38,"l":"101: Agr-Cash-Grain Farm","c":0}},{"type":"Feature","geometry":{"type":"Polygon","coordinates":[[[-84.200749,40.015422],[-84.200745,40.01511],[-84.203194,40.01508],[-84.203089,40.015404],[-84.200749,40.015422]]]},"properties":{"p":"C06-054600","o":"STARNER WANDA S","a":"1670  CO RD 25A S","d":"TROY CITY SCHOOL DISTRICT","t":5654.6,"l":"511: Res-Custom Code","c":0}},{"type":"Feature","geometry":{"type":"Polygon","coordinates":[[[-84.274477,40.025987],[-84.274456,40.025192],[-84.274927,40.025191],[-84.274947,40.025982],[-84.274477,40.025987]]]},"properties":{"p":"C06-040105","o":"KITCHEN CHRISTOPHER","a":"3808 W FENNER RD","d":"TROY CITY SCHOOL DISTRICT","t":1978.88,"l":"511: Res-Custom Code","c":0}},{"type":"Feature","geometry":{"type":"Polygon","coordinates":[[[-84.216241,40.063145],[-84.216195,40.062076],[-84.216593,40.06207],[-84.216639,40.063135],[-84.216241,40.063145]]]},"properties":{"p":"C06-026500","o":"AULT MITCHELL","a":"1361  LYTLE RD N","d":"TROY CITY SCHOOL DISTRICT","t":3505.77,"l":"511: Res-Custom Code","c":0}},{"type":"Feature","geometry":{"type":"Polygon","coordinates":[[[-84.19643,40.018838],[-84.19629,40.017928],[-84.196709,40.01789],[-84.196657,40.017535],[-84.197237,40.017482],[-84.197292,40.017842],[-84.196946,40.017874],[-84.196979,40.018088],[-84.196827,40.018379],[-84.196798,40.018658],[-84.196827,40.018826],[-84.19643,40.018838]]]},"properties":{"p":"C06-019350","o":"SCOTT STANLEY","a":"DYE MILL RD","d":"TROY CITY SCHOOL DISTRICT","t":4089.81,"l":"499: Com-Other","c":0}},{"type":"Feature","geometry":{"type":"Polygon","coordinates":[[[-84.284455,40.076692],[-84.285066,40.076234],[-84.285688,40.076391],[-84.285718,40.077603],[-84.284455,40.076692]]]},"properties":{"p":"C06-003100","o":"SOTO-GARCIA RICARDO","a":"4320  SR 41 W","d":"TROY CITY SCHOOL DISTRICT","t":275.75,"l":"512: Res-Custom Code","c":0}},{"type":"Feature","geometry":{"type":"Polygon","coordinates":[[[-84.110573,40.138242],[-84.110648,40.138158],[-84.111376,40.138195],[-84.11135,40.138421],[-84.110692,40.138382],[-84.110646,40.138307],[-84.110573,40.138242]]]},"properties":{"p":"B05-006080","o":"J & A HOMES LLC","a":"511  CHERRY LN  FLETCHER 45326","d":"MIAMI EAST LOCAL SCHOOL DISTRICT","t":715.71,"l":"510: Res-Single Family","c":0}},{"type":"Feature","geometry":{"type":"Polygon","coordinates":[[[-84.110697,40.138396],[-84.110692,40.138382],[-84.11135,40.138421],[-84.111325,40.13863],[-84.1107,40.138592],[-84.110711,40.138477],[-84.110697,40.138396]]]},"properties":{"p":"B05-006060","o":"J & A HOMES LLC","a":"509  CHERRY LN  FLETCHER 45326","d":"MIAMI EAST LOCAL SCHOOL DISTRICT","t":832.87,"l":"510: Res-Single Family","c":0}},{"type":"Feature","geometry":{"type":"Polygon","coordinates":[[[-84.109539,40.138184],[-84.109546,40.138116],[-84.110348,40.138164],[-84.110452,40.138184],[-84.110545,40.138225],[-84.110646,40.138307],[-84.110705,40.138423],[-84.110709,40.138505],[-84.110676,40.138801],[-84.110498,40.138791],[-84.110531,40.138462],[-84.110501,40.138388],[-84.110433,40.138331],[-84.11032,40.1383],[-84.109531,40.138253],[-84.109539,40.138184]]]},"properties":{"p":"B05-006060","o":"J & A HOMES LLC","a":"509  CHERRY LN  FLETCHER 45326","d":"MIAMI EAST LOCAL SCHOOL DISTRICT","t":832.87,"l":"510: Res-Single Family","c":0}},{"type":"Feature","geometry":{"type":"Polygon","coordinates":[[[-84.110676,40.138801],[-84.1107,40.138592],[-84.111325,40.13863],[-84.1113,40.138839],[-84.110676,40.138801]]]},"properties":{"p":"B05-006040","o":"J & A HOMES LLC","a":"507  CHERRY LN","d":"MIAMI EAST LOCAL SCHOOL DISTRICT","t":876.11,"l":"510: Res-Single Family","c":0}},{"type":"Feature","geometry":{"type":"Polygon","coordinates":[[[-84.115075,40.145461],[-84.115045,40.145788],[-84.114842,40.145776],[-84.114892,40.145177],[-84.115104,40.14519],[-84.115075,40.145461]]]},"properties":{"p":"B05-005360","o":"COLLIER ANDREA","a":"302  MAIN ST W","d":"MIAMI EAST LOCAL SCHOOL DISTRICT","t":184.02,"l":"510: Res-Single Family","c":0}},{"type":"Feature","geometry":{"type":"Polygon","coordinates":[[[-84.111793,40.141515],[-84.11181,40.141378],[-84.112402,40.141411],[-84.112386,40.141548],[-84.111793,40.141515]]]},"properties":{"p":"B05-002550","o":"WACKLER LILLI E","a":"307  WALNUT ST S","d":"MIAMI EAST LOCAL SCHOOL DISTRICT","t":3099.97,"l":"510: Res-Single Family","c":0}},{"type":"Feature","geometry":{"type":"Polygon","coordinates":[[[-84.112155,40.140984],[-84.112173,40.140831],[-84.112469,40.140849],[-84.112451,40.141001],[-84.112155,40.140984]]]},"properties":{"p":"B05-002510","o":"BERGMAN JACOB","a":"4TH ST","d":"MIAMI EAST LOCAL SCHOOL DISTRICT","t":117.06,"l":"510: Res-Single Family","c":0}},{"type":"Feature","geometry":{"type":"Polygon","coordinates":[[[-84.111859,40.140968],[-84.111877,40.140812],[-84.112173,40.140831],[-84.112155,40.140984],[-84.111859,40.140968]]]},"properties":{"p":"B05-002500","o":"BERGMAN JACOB","a":"315  WALNUT ST S","d":"MIAMI EAST LOCAL SCHOOL DISTRICT","t":2256.26,"l":"510: Res-Single Family","c":0}},{"type":"Feature","geometry":{"type":"Polygon","coordinates":[[[-84.111242,40.138042],[-84.110667,40.138013],[-84.110684,40.137874],[-84.111259,40.137903],[-84.111242,40.138042]]]},"properties":{"p":"B05-002200","o":"WACKLER JAKEB D","a":"102  7TH ST E","d":"MIAMI EAST LOCAL SCHOOL DISTRICT","t":7091.92,"l":"510: Res-Single Family","c":0}},{"type":"Feature","geometry":{"type":"Polygon","coordinates":[[[-84.110145,40.145889],[-84.110122,40.146134],[-84.109897,40.146121],[-84.109918,40.145877],[-84.110145,40.145889]]]},"properties":{"p":"B05-001460","o":"MOHR DON L ETAL","a":"MULBERRY ST","d":"MIAMI EAST LOCAL SCHOOL DISTRICT","t":1750.33,"l":"500: Res-Vacant Land","c":0}},{"type":"Feature","geometry":{"type":"Polygon","coordinates":[[[-84.112744,40.145669],[-84.112626,40.145662],[-84.112654,40.145369],[-84.112772,40.145376],[-84.112744,40.145669]]]},"properties":{"p":"B05-000530","o":"HUFF STANLEY D","a":"MAIN ST W","d":"MIAMI EAST LOCAL SCHOOL DISTRICT","t":296.64,"l":"599: Res-Other","c":0}},{"type":"Feature","geometry":{"type":"Polygon","coordinates":[[[-84.11345,40.145368],[-84.113476,40.145097],[-84.113622,40.145105],[-84.113599,40.145376],[-84.11345,40.145368]]]},"properties":{"p":"B05-000420","o":"PIQUA INVESTMENT CORP","a":"120-122 W MAIN ST","d":"MIAMI EAST LOCAL SCHOOL DISTRICT","t":14166.12,"l":"400: Com-Vacant Land","c":0}},{"type":"Feature","geometry":{"type":"Polygon","coordinates":[[[-84.112776,40.145332],[-84.112658,40.145326],[-84.112684,40.145055],[-84.112813,40.145062],[-84.112776,40.145332]]]},"properties":{"p":"B05-000350","o":"HUFF STANLEY D","a":"104  MAIN ST W","d":"MIAMI EAST LOCAL SCHOOL DISTRICT","t":14450.4,"l":"510: Res-Single Family","c":0}},{"type":"Feature","geometry":{"type":"Polygon","coordinates":[[[-84.04757,40.135486],[-84.047581,40.135349],[-84.048117,40.135376],[-84.048105,40.135513],[-84.04757,40.135486]]]},"properties":{"p":"B04-034062","o":"ROBINSON CARL L","a":"7965 E FIRST ST","d":"MIAMI EAST LOCAL SCHOOL DISTRICT","t":277.87,"l":"510: Res-Single Family","c":0}},{"type":"Feature","geometry":{"type":"Polygon","coordinates":[[[-84.055856,40.142707],[-84.055932,40.141824],[-84.05686,40.141873],[-84.056783,40.142754],[-84.055856,40.142707]]]},"properties":{"p":"B04-027750","o":"ADAMSON MICAH","a":"7441  US 36 E","d":"MIAMI EAST LOCAL SCHOOL DISTRICT","t":654,"l":"599: Res-Other","c":0}},{"type":"Feature","geometry":{"type":"Polygon","coordinates":[[[-84.046664,40.136468],[-84.046642,40.136725],[-84.046,40.136694],[-84.046023,40.136411],[-84.046666,40.136443],[-84.046664,40.136468]]]},"properties":{"p":"B04-026200","o":"CONLEY DEBORAH","a":"7670  ALCONY CONOV RD N","d":"MIAMI EAST LOCAL SCHOOL DISTRICT","t":733.49,"l":"511: Res-Custom Code","c":0}},{"type":"Feature","geometry":{"type":"Polygon","coordinates":[[[-84.119308,40.14626],[-84.119387,40.145357],[-84.121741,40.145495],[-84.121663,40.146399],[-84.119308,40.14626]]]},"properties":{"p":"B04-019550","o":"DEHART TAMI (TOD)","a":"4045  US 36 E","d":"MIAMI EAST LOCAL SCHOOL DISTRICT","t":55.33,"l":"599: Res-Other","c":0}},{"type":"Feature","geometry":{"type":"Polygon","coordinates":[[[-84.099922,40.188298],[-84.100096,40.186798],[-84.101514,40.186891],[-84.101341,40.188389],[-84.099922,40.188298]]]},"properties":{"p":"B04-018120","o":"TROSTEL SCOTT D (TOD)","a":"4890  MIAMI SHELBY RD E","d":"MIAMI EAST LOCAL SCHOOL DISTRICT","t":1264.84,"l":"511: Res-Custom Code","c":0}},{"type":"Feature","geometry":{"type":"Polygon","coordinates":[[[-84.05762,39.910709],[-84.053264,39.910466],[-84.053267,39.909642],[-84.055918,39.909791],[-84.055941,39.909551],[-84.05772,39.909629],[-84.05762,39.910709]]]},"properties":{"p":"A01-087458","o":"BALTIMORE PAMALA LYNN","a":"7960  SCARFF RD S","d":"BETHEL LOCAL SCHOOL DISTRICT","t":6628.02,"l":"510: Res-Single Family","c":0}},{"type":"Feature","geometry":{"type":"Polygon","coordinates":[[[-84.080062,39.93267],[-84.079681,39.932649],[-84.079887,39.930428],[-84.080847,39.930478],[-84.080642,39.932702],[-84.080062,39.93267]]]},"properties":{"p":"A01-087395","o":"KUNKEL ERIN B","a":"7200 E STUDEBAKER RD","d":"BETHEL LOCAL SCHOOL DISTRICT","t":3910,"l":"510: Res-Single Family","c":0}},{"type":"Feature","geometry":{"type":"Polygon","coordinates":[[[-84.066432,39.88796],[-84.063355,39.887784],[-84.06345,39.8868],[-84.06374,39.886507],[-84.069307,39.886852],[-84.069264,39.887332],[-84.066505,39.887161],[-84.066432,39.88796]]]},"properties":{"p":"A01-087237","o":"RUIZ GUILLERMO B","a":"9285  PALMER RD S","d":"BETHEL LOCAL SCHOOL DISTRICT","t":1491.62,"l":"512: Res-Custom Code","c":0}},{"type":"Feature","geometry":{"type":"Polygon","coordinates":[[[-84.090468,39.902157],[-84.090368,39.901619],[-84.090543,39.901598],[-84.090645,39.902136],[-84.090468,39.902157]]]},"properties":{"p":"A01-086078","o":"CASTILLO ALEXANDER J","a":"6766  US 40 E","d":"BETHEL LOCAL SCHOOL DISTRICT","t":1039.35,"l":"510: Res-Single Family","c":0}},{"type":"Feature","geometry":{"type":"Polygon","coordinates":[[[-84.089159,39.903074],[-84.089057,39.902536],[-84.089161,39.902524],[-84.089263,39.903062],[-84.089159,39.903074]]]},"properties":{"p":"A01-086009","o":"MORRIS WILLIAM J","a":"6837  US 40 E","d":"BETHEL LOCAL SCHOOL DISTRICT","t":1141.18,"l":"510: Res-Single Family","c":0}},{"type":"Feature","geometry":{"type":"Polygon","coordinates":[[[-84.088984,39.903094],[-84.088882,39.902556],[-84.089057,39.902536],[-84.089159,39.903074],[-84.088984,39.903094]]]},"properties":{"p":"A01-086008","o":"MORRIS WILLIAM J","a":"US 40","d":"BETHEL LOCAL SCHOOL DISTRICT","t":306.26,"l":"599: Res-Other","c":0}},{"type":"Feature","geometry":{"type":"Polygon","coordinates":[[[-84.119703,39.960157],[-84.11579,39.959929],[-84.115937,39.95839],[-84.119851,39.958583],[-84.119703,39.960157]]]},"properties":{"p":"A01-085210","o":"COLE MELINDA DAVIDSON","a":"4831  RUDY RD","d":"BETHEL LOCAL SCHOOL DISTRICT","t":4015.92,"l":"512: Res-Custom Code","c":0}},{"type":"Feature","geometry":{"type":"Polygon","coordinates":[[[-84.070127,39.930576],[-84.070162,39.930234],[-84.071214,39.930298],[-84.071179,39.93064],[-84.070127,39.930576]]]},"properties":{"p":"A01-084526","o":"ICENHOUR DEANNA","a":"BETHELVILLE DR S","d":"BETHEL LOCAL SCHOOL DISTRICT","t":169.09,"l":"500: Res-Vacant Land","c":0}},{"type":"Feature","geometry":{"type":"Polygon","coordinates":[[[-84.070092,39.930918],[-84.070127,39.930576],[-84.071179,39.93064],[-84.071145,39.930982],[-84.070092,39.930918]]]},"properties":{"p":"A01-084525","o":"ICENHOUR DEANNA","a":"BETHELVILLE DR S","d":"BETHEL LOCAL SCHOOL DISTRICT","t":181.72,"l":"599: Res-Other","c":0}},{"type":"Feature","geometry":{"type":"Polygon","coordinates":[[[-84.072762,39.925578],[-84.071874,39.925525],[-84.071929,39.924977],[-84.072818,39.925024],[-84.072762,39.925578]]]},"properties":{"p":"A01-084500","o":"CUPP CONNIE M","a":"7685  AGENBROAD RD E","d":"BETHEL LOCAL SCHOOL DISTRICT","t":1989.24,"l":"510: Res-Single Family","c":0}},{"type":"Feature","geometry":{"type":"Polygon","coordinates":[[[-84.084246,39.918803],[-84.083171,39.918745],[-84.083442,39.918416],[-84.084276,39.91846],[-84.084246,39.918803]]]},"properties":{"p":"A01-084398","o":"OSBORNE KENNETH R","a":"7544 S DAY BRANDT RD","d":"BETHEL LOCAL SCHOOL DISTRICT","t":295,"l":"510: Res-Single Family","c":0}},{"type":"Feature","geometry":{"type":"Polygon","coordinates":[[[-84.088853,39.942137],[-84.088461,39.942006],[-84.088668,39.941481],[-84.089035,39.941675],[-84.088853,39.942137]]]},"properties":{"p":"A01-068000","o":"YOUNG PHILIP SCOTT","a":"6707  SR 571 E","d":"BETHEL LOCAL SCHOOL DISTRICT","t":4180.62,"l":"521: Res-Custom Code","c":0}},{"type":"Feature","geometry":{"type":"Polygon","coordinates":[[[-84.080407,39.928942],[-84.078451,39.928837],[-84.078544,39.927851],[-84.084435,39.928169],[-84.084345,39.929155],[-84.080407,39.928942]]]},"properties":{"p":"A01-059200","o":"HORN KYRA NICHOLE (TR)","a":"6825  SR 201 S","d":"BETHEL LOCAL SCHOOL DISTRICT","t":7981.62,"l":"512: Res-Custom Code","c":0}},{"type":"Feature","geometry":{"type":"Polygon","coordinates":[[[-84.132735,39.913942],[-84.132784,39.913261],[-84.133593,39.913299],[-84.133621,39.913587],[-84.133696,39.913995],[-84.132735,39.913942]]]},"properties":{"p":"A01-041600","o":"ELAM EDWIN","a":"4510  ROSS RD E","d":"BETHEL LOCAL SCHOOL DISTRICT","t":2867.19,"l":"511: Res-Custom Code","c":0}},{"type":"Feature","geometry":{"type":"Polygon","coordinates":[[[-84.050885,39.881039],[-84.050998,39.879813],[-84.051257,39.879828],[-84.051696,39.879911],[-84.051589,39.881077],[-84.050885,39.881039]]]},"properties":{"p":"A01-020410","o":"ALLEN NICOLE M","a":"9969 S PALMER RD","d":"BETHEL LOCAL SCHOOL DISTRICT","t":4543.92,"l":"511: Res-Custom Code","c":0}},{"type":"Feature","geometry":{"type":"Polygon","coordinates":[[[-84.044493,39.983495],[-84.044431,39.984213],[-84.044702,39.984231],[-84.044642,39.985221],[-84.042102,39.985073],[-84.042251,39.983365],[-84.044493,39.983495]]]},"properties":{"p":"E09-013255","o":"PAVELKO MARY K","a":"TIPP ELIZABETH RD","d":"MIAMI EAST LOCAL SCHOOL DISTRICT","t":132.38,"l":"512: Res-Custom Code","c":0}},{"type":"Feature","geometry":{"type":"Polygon","coordinates":[[[-84.049012,39.990679],[-84.049649,39.989141],[-84.051214,39.989234],[-84.051062,39.9894],[-84.050859,39.989586],[-84.05081,39.989871],[-84.050396,39.990219],[-84.050259,39.990213],[-84.049638,39.990797],[-84.049012,39.990679]]]},"properties":{"p":"E09-012600","o":"TAYLOR TIMOTHY R","a":"2475  DAY BRANDT RD S","d":"MIAMI EAST LOCAL SCHOOL DISTRICT","t":2548.22,"l":"511: Res-Custom Code","c":0}},{"type":"Feature","geometry":{"type":"Polygon","coordinates":[[[-84.240638,40.051352],[-84.240624,40.050486],[-84.240641,40.050449],[-84.240693,40.05043],[-84.241665,40.050409],[-84.241681,40.05133],[-84.240638,40.051352]]]},"properties":{"p":"D08-102554","o":"NELLA PROPERTIES LLC","a":"80  STANFIELD RD","d":"TROY CITY SCHOOL DISTRICT","t":3008.16,"l":"499: Com-Other","c":0}},{"type":"Feature","geometry":{"type":"Polygon","coordinates":[[[-84.191814,40.029233],[-84.191735,40.027785],[-84.192529,40.027781],[-84.1929,40.027986],[-84.191814,40.029233]]]},"properties":{"p":"D08-096800","o":"RSG STORAGE LLC","a":"DYE MILL RD","d":"TROY CITY SCHOOL DISTRICT","t":711.7,"l":"300: Ind-Vacant Land","c":0}},{"type":"Feature","geometry":{"type":"Polygon","coordinates":[[[-84.205511,40.026144],[-84.205324,40.02595],[-84.206557,40.02525],[-84.2071,40.025242],[-84.205511,40.026144]]]},"properties":{"p":"D08-096680","o":"FRIES LISA K","a":"1004  MARKET ST S","d":"TROY CITY SCHOOL DISTRICT","t":2144.91,"l":"510: Res-Single Family","c":0}},{"type":"Feature","geometry":{"type":"Polygon","coordinates":[[[-84.213209,40.036407],[-84.212905,40.036412],[-84.212899,40.036253],[-84.213082,40.03625],[-84.213209,40.036407]]]},"properties":{"p":"D08-093620","o":"GRICE BRUCE J","a":"GARFIELD AVE","d":"TROY CITY SCHOOL DISTRICT","t":17.46,"l":"400: Com-Vacant Land","c":0}},{"type":"Feature","geometry":{"type":"Polygon","coordinates":[[[-84.180581,40.051679],[-84.180946,40.051414],[-84.181081,40.051518],[-84.180784,40.051817],[-84.180581,40.051679]]]},"properties":{"p":"D08-057122","o":"BRUCKNER RICHARD J","a":"1058  STONYRIDGE AVE","d":"TROY CITY SCHOOL DISTRICT","t":1199,"l":"510: Res-Single Family","c":0}},{"type":"Feature","geometry":{"type":"Polygon","coordinates":[[[-84.181968,40.044907],[-84.181996,40.044591],[-84.182246,40.044605],[-84.182218,40.04492],[-84.181968,40.044907]]]},"properties":{"p":"D08-055050","o":"MCLAUGHLIN VALERIA D","a":"1025  NUTMEG SQ N","d":"TROY CITY SCHOOL DISTRICT","t":2834.15,"l":"510: Res-Single Family","c":0}},{"type":"Feature","geometry":{"type":"Polygon","coordinates":[[[-84.182619,40.04603],[-84.18237,40.046017],[-84.182397,40.045707],[-84.182647,40.04572],[-84.182619,40.04603]]]},"properties":{"p":"D08-052980","o":"PHILLIS AMANDA R","a":"1026  MYSTIC LN S","d":"TROY CITY SCHOOL DISTRICT","t":834.91,"l":"510: Res-Single Family","c":0}},{"type":"Feature","geometry":{"type":"Polygon","coordinates":[[[-84.18344,40.051731],[-84.18294,40.051705],[-84.182957,40.051513],[-84.183457,40.051539],[-84.18344,40.051731]]]},"properties":{"p":"D08-051680","o":"POWELL JESSICA","a":"1172  SKYLARK DR","d":"TROY CITY SCHOOL DISTRICT","t":893.32,"l":"510: Res-Single Family","c":0}},{"type":"Feature","geometry":{"type":"Polygon","coordinates":[[[-84.219985,40.036127],[-84.219981,40.03599],[-84.220445,40.035982],[-84.220449,40.03612],[-84.219985,40.036127]]]},"properties":{"p":"D08-020150","o":"ELLIS JAMES","a":"518  LAKE ST","d":"TROY CITY SCHOOL DISTRICT","t":7987.98,"l":"510: Res-Single Family","c":0}},{"type":"Feature","geometry":{"type":"Polygon","coordinates":[[[-84.21442,40.047724],[-84.214248,40.04776],[-84.21414,40.047454],[-84.214312,40.047418],[-84.21442,40.047724]]]},"properties":{"p":"D08-015830","o":"FORD WILMA L","a":"912  ATLANTIC ST","d":"TROY CITY SCHOOL DISTRICT","t":135.48,"l":"510: Res-Single Family","c":0}},{"type":"Feature","geometry":{"type":"Polygon","coordinates":[[[-84.202903,40.033236],[-84.202824,40.032972],[-84.203033,40.033062],[-84.202903,40.033236]]]},"properties":{"p":"D08-009277","o":"FULLERTON J C","a":"SIMPSON ST","d":"TROY CITY SCHOOL DISTRICT","t":1255.8,"l":"400: Com-Vacant Land","c":0}},{"type":"Feature","geometry":{"type":"Polygon","coordinates":[[[-84.203829,40.032989],[-84.203474,40.032834],[-84.203538,40.032749],[-84.203892,40.032905],[-84.203829,40.032989]]]},"properties":{"p":"D08-009250","o":"INSCHO SHERRI L","a":"514 S CRAWFORD ST","d":"TROY CITY SCHOOL DISTRICT","t":6178.89,"l":"500: Res-Vacant Land","c":0}},{"type":"Feature","geometry":{"type":"Polygon","coordinates":[[[-84.203306,40.03602],[-84.202849,40.035362],[-84.20287,40.035333],[-84.203585,40.035645],[-84.203306,40.03602]]]},"properties":{"p":"D08-008460","o":"BRAVO INITIATIVE","a":"229 S MULBERRY ST","d":"TROY CITY SCHOOL DISTRICT","t":51617.46,"l":"499: Com-Other","c":0}},{"type":"Feature","geometry":{"type":"Polygon","coordinates":[[[-84.203936,40.035174],[-84.203532,40.034997],[-84.20362,40.034878],[-84.204024,40.035054],[-84.203936,40.035174]]]},"properties":{"p":"D08-008420","o":"STATEN JOANN M (TOD)","a":"311  MULBERRY ST S","d":"TROY CITY SCHOOL DISTRICT","t":1246.26,"l":"510: Res-Single Family","c":0}},{"type":"Feature","geometry":{"type":"Polygon","coordinates":[[[-84.202311,40.036511],[-84.202296,40.036504],[-84.202425,40.03633],[-84.20244,40.036336],[-84.202311,40.036511]]]},"properties":{"p":"D08-006605","o":"MORRIS E J","a":"CANAL ST E","d":"TROY CITY SCHOOL DISTRICT","t":1902.03,"l":"500: Res-Vacant Land","c":0}},{"type":"Feature","geometry":{"type":"Polygon","coordinates":[[[-84.211604,40.043789],[-84.211368,40.043686],[-84.211368,40.043532],[-84.21169,40.043673],[-84.211604,40.043789]]]},"properties":{"p":"D08-005230","o":"WENDY'S PROPERTIES LLC","a":"ELM ST N","d":"TROY CITY SCHOOL DISTRICT","t":2778.53,"l":"435: Com-Drive In","c":0}},{"type":"Feature","geometry":{"type":"Polygon","coordinates":[[[-84.211775,40.043864],[-84.211604,40.043789],[-84.211837,40.043476],[-84.212008,40.04355],[-84.211775,40.043864]]]},"properties":{"p":"D08-005210","o":"WENDY'S PROPERTIES LLC","a":"MAIN ST W","d":"TROY CITY SCHOOL DISTRICT","t":4071.32,"l":"435: Com-Drive In","c":0}},{"type":"Feature","geometry":{"type":"Polygon","coordinates":[[[-84.211949,40.04394],[-84.212182,40.043626],[-84.212337,40.043693],[-84.212104,40.044007],[-84.211949,40.04394]]]},"properties":{"p":"D08-005190","o":"WENDY'S PROPERTIES LLC","a":"MAIN ST W","d":"TROY CITY SCHOOL DISTRICT","t":3687.15,"l":"435: Com-Drive In","c":0}},{"type":"Feature","geometry":{"type":"Polygon","coordinates":[[[-84.200444,40.039231],[-84.200535,40.039108],[-84.200618,40.039145],[-84.200527,40.039267],[-84.200444,40.039231]]]},"properties":{"p":"D08-000700","o":"LANGSTON M","a":"MULBERRY ST N","d":"TROY CITY SCHOOL DISTRICT","t":2783.55,"l":"599: Res-Other","c":0}},{"type":"Feature","geometry":{"type":"Polygon","coordinates":[[[-84.033362,40.14116],[-84.033127,40.141143],[-84.033173,40.140689],[-84.033408,40.140703],[-84.033362,40.14116]]]},"properties":{"p":"B04-033450","o":"KREBEHENNE DAVID","a":"8609  US 36 E","d":"MIAMI EAST LOCAL SCHOOL DISTRICT","t":551.71,"l":"510: Res-Single Family","c":0}},{"type":"Feature","geometry":{"type":"Polygon","coordinates":[[[-84.126829,39.89629],[-84.12679,39.896698],[-84.12651,39.89663],[-84.126545,39.896273],[-84.126829,39.89629]]]},"properties":{"p":"A29-003100","o":"HAIRE MARY E","a":"3028  SNOWDROP CT","d":"BETHEL LOCAL SCHOOL DISTRICT","t":5597.32,"l":"510: Res-Single Family","c":0}},{"type":"Feature","geometry":{"type":"Polygon","coordinates":[[[-84.051479,39.89781],[-84.049416,39.897731],[-84.049846,39.897294],[-84.051518,39.897356],[-84.051479,39.89781]]]},"properties":{"p":"A03-250010","o":"PARK LAYNE FIRST CHURCH","a":"8692  BELLEFONTAIN RD S","d":"TECUMSEH LOCAL SCHOOL DISTRICT","t":333.98,"l":"685: Exm-Public Woship","c":0}},{"type":"Feature","geometry":{"type":"Polygon","coordinates":[[[-84.059425,39.89112],[-84.055731,39.890953],[-84.055828,39.890842],[-84.059436,39.891005],[-84.059425,39.89112]]]},"properties":{"p":"A03-002100","o":"KUMPFEL GREGOR ROBERT","a":"9242  BELLEFONTAIN RD S","d":"TECUMSEH LOCAL SCHOOL DISTRICT","t":1302.29,"l":"599: Res-Other","c":0}},{"type":"Feature","geometry":{"type":"Polygon","coordinates":[[[-84.076183,39.890211],[-84.076213,39.889882],[-84.077048,39.889932],[-84.077018,39.89026],[-84.076183,39.890211]]]},"properties":{"p":"A01-084260","o":"CLEMONS JAMES D & @(7)","a":"9860  HASKETT LN E","d":"BETHEL LOCAL SCHOOL DISTRICT","t":3569.71,"l":"510: Res-Single Family","c":0}},{"type":"Feature","geometry":{"type":"Polygon","coordinates":[[[-84.075526,39.890558],[-84.075562,39.890174],[-84.076006,39.890201],[-84.075971,39.890584],[-84.075526,39.890558]]]},"properties":{"p":"A01-084210","o":"COCHRAN CONSTANCE E","a":"9825  HASKETT LN E","d":"BETHEL LOCAL SCHOOL DISTRICT","t":1349.38,"l":"510: Res-Single Family","c":0}},{"type":"Feature","geometry":{"type":"Polygon","coordinates":[[[-84.123241,39.92075],[-84.123243,39.920718],[-84.132657,39.92123],[-84.123241,39.92075]]]},"properties":{"p":"A01-076710","o":"SACHS SARA TRUSTEE","a":"","d":"BETHEL LOCAL SCHOOL DISTRICT","t":61.95,"l":"500: Res-Vacant Land","c":0}},{"type":"Feature","geometry":{"type":"Polygon","coordinates":[[[-84.066817,39.943577],[-84.06573,39.943133],[-84.065948,39.94264],[-84.067041,39.94307],[-84.066817,39.943577]]]},"properties":{"p":"A01-027700","o":"NISWONGER MICHAEL SHANE","a":"5675  DAY BRANDT RD S","d":"BETHEL LOCAL SCHOOL DISTRICT","t":1280.37,"l":"511: Res-Custom Code","c":0}},{"type":"Feature","geometry":{"type":"Polygon","coordinates":[[[-84.054542,39.936663],[-84.053754,39.936687],[-84.053693,39.935839],[-84.054624,39.935807],[-84.054542,39.936663]]]},"properties":{"p":"A01-026100","o":"C & S TREE SERVICE LLC","a":"8509  SR 571 E","d":"BETHEL LOCAL SCHOOL DISTRICT","t":2981.2,"l":"511: Res-Custom Code","c":0}},{"type":"Feature","geometry":{"type":"Polygon","coordinates":[[[-84.064475,39.904701],[-84.067665,39.904896],[-84.067639,39.905182],[-84.064377,39.905716],[-84.064475,39.904701]]]},"properties":{"p":"A01-021150","o":"AVINA FRANCISCO RODRIGUEZ","a":"8080 E US RT 40   NEW CARLISLE 45344","d":"BETHEL LOCAL SCHOOL DISTRICT","t":10433.3,"l":"511: Res-Custom Code","c":0}},{"type":"Feature","geometry":{"type":"Polygon","coordinates":[[[-84.069303,39.881754],[-84.06877,39.881724],[-84.068845,39.880819],[-84.069847,39.880877],[-84.069806,39.881326],[-84.069341,39.881301],[-84.069303,39.881754]]]},"properties":{"p":"A01-020270","o":"SERRANO FELIPE LINORES","a":"9500 S PALMER RD","d":"BETHEL LOCAL SCHOOL DISTRICT","t":2730.58,"l":"511: Res-Custom Code","c":0}},{"type":"Feature","geometry":{"type":"Polygon","coordinates":[[[-84.129458,39.884648],[-84.129485,39.884374],[-84.129766,39.884391],[-84.129739,39.884664],[-84.129458,39.884648]]]},"properties":{"p":"A01-009359","o":"WILKSON JAMES P","a":"SR 202 R","d":"BETHEL LOCAL SCHOOL DISTRICT","t":899.4,"l":"501: Res-Custom Code","c":0}},{"type":"Feature","geometry":{"type":"Polygon","coordinates":[[[-84.139907,39.887197],[-84.139975,39.886513],[-84.139079,39.886459],[-84.139241,39.884954],[-84.141161,39.885069],[-84.141012,39.886575],[-84.140117,39.886521],[-84.140049,39.887205],[-84.139907,39.887197]]]},"properties":{"p":"A01-008360","o":"WILEY TERESA","a":"4290  GIBSON DR","d":"BETHEL LOCAL SCHOOL DISTRICT","t":1270.31,"l":"499: Com-Other","c":0}},{"type":"Feature","geometry":{"type":"Polygon","coordinates":[[[-84.227579,40.1798],[-84.228172,40.179712],[-84.228195,40.180034],[-84.228141,40.180078],[-84.227754,40.180164],[-84.227579,40.1798]]]},"properties":{"p":"J27-055470","o":"J AND A HOMES LLC","a":"AUGUSTA LN","d":"PIQUA CITY SCHOOL DISTRICT","t":423.99,"l":"500: Res-Vacant Land","c":0}},{"type":"Feature","geometry":{"type":"Polygon","coordinates":[[[-84.241245,40.157928],[-84.241176,40.157827],[-84.241652,40.157639],[-84.241717,40.157737],[-84.241245,40.157928]]]},"properties":{"p":"J27-052670","o":"STEINKE RONALD C (ESTATE)","a":"8370  PIQUA LOCKIN RD","d":"PIQUA CITY SCHOOL DISTRICT","t":22928.55,"l":"500: Res-Vacant Land","c":0}},{"type":"Feature","geometry":{"type":"Polygon","coordinates":[[[-84.23544,40.156391],[-84.235241,40.156394],[-84.235264,40.156063],[-84.235473,40.15606],[-84.23544,40.156391]]]},"properties":{"p":"J27-052180","o":"SCOTT FLORENCE B","a":"MIAMI ST W","d":"PIQUA CITY SCHOOL DISTRICT","t":651.89,"l":"500: Res-Vacant Land","c":0}},{"type":"Feature","geometry":{"type":"Polygon","coordinates":[[[-84.236018,40.156926],[-84.235807,40.156929],[-84.23585,40.156495],[-84.23606,40.156492],[-84.236018,40.156926]]]},"properties":{"p":"J27-052100","o":"LEE HARRY C & @(3)","a":"MIAMI ST W","d":"PIQUA CITY SCHOOL DISTRICT","t":795.75,"l":"500: Res-Vacant Land","c":0}},{"type":"Feature","geometry":{"type":"Polygon","coordinates":[[[-84.196147,40.170665],[-84.195645,40.170764],[-84.195693,40.170192],[-84.196159,40.170101],[-84.196165,40.170445],[-84.196147,40.170665]]]},"properties":{"p":"J27-047600","o":"EURY RICHARD J","a":"9386  TROY SIDNEY RD N","d":"PIQUA CITY SCHOOL DISTRICT","t":1902.55,"l":"511: Res-Custom Code","c":0}},{"type":"Feature","geometry":{"type":"Polygon","coordinates":[[[-84.219805,40.156823],[-84.219456,40.156862],[-84.218854,40.156881],[-84.218427,40.156953],[-84.218491,40.156399],[-84.218076,40.15638],[-84.218108,40.156054],[-84.219569,40.156324],[-84.21958,40.156365],[-84.219685,40.156385],[-84.219805,40.156823]]]},"properties":{"p":"J27-031650","o":"BETTELON JAMES B","a":"1160  SPRINGBROOK LN W","d":"PIQUA CITY SCHOOL DISTRICT","t":2637.2,"l":"511: Res-Custom Code","c":0}},{"type":"Feature","geometry":{"type":"Polygon","coordinates":[[[-84.235091,40.158275],[-84.2351,40.158152],[-84.235528,40.15817],[-84.235349,40.158286],[-84.235091,40.158275]]]},"properties":{"p":"J27-007000","o":"SCOTT FLORENCE","a":"ZIMMERLIN RD N","d":"PIQUA CITY SCHOOL DISTRICT","t":130.78,"l":"501: Res-Custom Code","c":0}},{"type":"Feature","geometry":{"type":"Polygon","coordinates":[[[-84.235078,40.158461],[-84.235091,40.158275],[-84.235349,40.158286],[-84.235078,40.158461]]]},"properties":{"p":"J27-006900","o":"KOLKER THEODORE H","a":"ZIMMERLIN RD","d":"PIQUA CITY SCHOOL DISTRICT","t":164.76,"l":"501: Res-Custom Code","c":0}},{"type":"Feature","geometry":{"type":"Polygon","coordinates":[[[-84.2351,40.158152],[-84.23511,40.158011],[-84.236119,40.158045],[-84.236109,40.158193],[-84.2351,40.158152]]]},"properties":{"p":"J27-006700","o":"LEE JOHN","a":"ZIMMERLIN RD","d":"PIQUA CITY SCHOOL DISTRICT","t":296.72,"l":"501: Res-Custom Code","c":0}},{"type":"Feature","geometry":{"type":"Polygon","coordinates":[[[-84.236129,40.157796],[-84.235838,40.15782],[-84.235843,40.157748],[-84.236129,40.157796]]]},"properties":{"p":"J27-006400","o":"DAVIS BURR","a":"ZIMMERLIN","d":"PIQUA CITY SCHOOL DISTRICT","t":424.88,"l":"500: Res-Vacant Land","c":0}},{"type":"Feature","geometry":{"type":"Polygon","coordinates":[[[-84.235843,40.157748],[-84.235844,40.157738],[-84.236136,40.157714],[-84.23613,40.157789],[-84.235843,40.157748]]]},"properties":{"p":"J27-006400","o":"DAVIS BURR","a":"ZIMMERLIN","d":"PIQUA CITY SCHOOL DISTRICT","t":424.88,"l":"500: Res-Vacant Land","c":0}},{"type":"Feature","geometry":{"type":"Polygon","coordinates":[[[-84.236141,40.157654],[-84.236166,40.157353],[-84.23637,40.157338],[-84.236341,40.15764],[-84.236141,40.157654]]]},"properties":{"p":"J27-006000","o":"ROSSVILLE SPRINGCREEK","a":"ZIMMERLIN RD","d":"PIQUA CITY SCHOOL DISTRICT","t":30.09,"l":"511: Res-Custom Code","c":0}},{"type":"Feature","geometry":{"type":"Polygon","coordinates":[[[-84.237369,40.157268],[-84.23781,40.157237],[-84.237683,40.157413],[-84.237369,40.157431],[-84.237369,40.157268]]]},"properties":{"p":"J27-005800","o":"BRADLEY RAYMOND","a":"N DIXIE DR","d":"PIQUA CITY SCHOOL DISTRICT","t":322.39,"l":"500: Res-Vacant Land","c":0}},{"type":"Feature","geometry":{"type":"Polygon","coordinates":[[[-84.349609,40.048339],[-84.349306,40.048342],[-84.349299,40.048],[-84.349602,40.047996],[-84.349609,40.048339]]]},"properties":{"p":"I26-006244","o":"MILLER MELANIE","a":"405  FRANKLIN ST W","d":"NEWTON LOCAL SCHOOL DISTRICT","t":555.99,"l":"510: Res-Single Family","c":0}},{"type":"Feature","geometry":{"type":"Polygon","coordinates":[[[-84.343505,40.04805],[-84.343504,40.04803],[-84.343951,40.048024],[-84.343952,40.048045],[-84.343505,40.04805]]]},"properties":{"p":"I26-003302","o":"WOOD NATHAN W","a":"MAIN ST","d":"NEWTON LOCAL SCHOOL DISTRICT","t":18.24,"l":"500: Res-Vacant Land","c":0}},{"type":"Feature","geometry":{"type":"Polygon","coordinates":[[[-84.344822,40.055773],[-84.344362,40.055774],[-84.344359,40.05562],[-84.344819,40.05562],[-84.344822,40.055773]]]},"properties":{"p":"I26-000710","o":"STARKEY MARK","a":"312  MAIN ST N","d":"NEWTON LOCAL SCHOOL DISTRICT","t":562.06,"l":"520: Res-Two Family","c":0}},{"type":"Feature","geometry":{"type":"Polygon","coordinates":[[[-84.314288,40.089932],[-84.312813,40.089935],[-84.312809,40.08973],[-84.314283,40.089712],[-84.314288,40.089932]]]},"properties":{"p":"I22-000036","o":"MORRISON RICHARD LEE","a":"MYERS RD W","d":"COVINGTON EX VILL SCHOOL DISTRICT","t":1743.97,"l":"500: Res-Vacant Land","c":0}},{"type":"Feature","geometry":{"type":"Polygon","coordinates":[[[-84.369785,40.010072],[-84.369339,40.010078],[-84.369269,40.007929],[-84.369716,40.007925],[-84.369785,40.010072]]]},"properties":{"p":"I20-058070","o":"SCHWAN BENJAMIN R","a":"8933  HORSESHOE BN RD","d":"NEWTON LOCAL SCHOOL DISTRICT","t":882.57,"l":"599: Res-Other","c":0}},{"type":"Feature","geometry":{"type":"Polygon","coordinates":[[[-84.340685,40.039536],[-84.340668,40.039536],[-84.340651,40.038671],[-84.340668,40.038671],[-84.340685,40.039536]]]},"properties":{"p":"I20-052900","o":"NEWTON TWP MEMORIAL","a":"COX RD","d":"NEWTON LOCAL SCHOOL DISTRICT","t":231.9,"l":"501: Res-Custom Code","c":0}},{"type":"Feature","geometry":{"type":"Polygon","coordinates":[[[-84.334675,40.050544],[-84.333255,40.050071],[-84.333224,40.048756],[-84.332736,40.048587],[-84.332707,40.047354],[-84.334614,40.047324],[-84.334675,40.050544]]]},"properties":{"p":"I20-037410","o":"TURF PRO PARK LLC","a":"6914  SR 718","d":"NEWTON LOCAL SCHOOL DISTRICT","t":1727.75,"l":"599: Res-Other","c":0}},{"type":"Feature","geometry":{"type":"Polygon","coordinates":[[[-84.344521,40.122018],[-84.344387,40.122051],[-84.344354,40.121697],[-84.344756,40.121675],[-84.344863,40.121937],[-84.344521,40.122018]]]},"properties":{"p":"H19-010953","o":"THE ORDER OF ST BENEDICT","a":"320  LARRY AVE","d":"COVINGTON EX VILL SCHOOL DISTRICT","t":3370.51,"l":"499: Com-Other","c":0}},{"type":"Feature","geometry":{"type":"Polygon","coordinates":[[[-84.342755,40.122305],[-84.343777,40.122056],[-84.343831,40.122185],[-84.342809,40.122436],[-84.342755,40.122305]]]},"properties":{"p":"H19-010405","o":"ZAVAKOS BELMONT INC","a":"DEBRA ST","d":"COVINGTON EX VILL SCHOOL DISTRICT","t":12762.41,"l":"400: Com-Vacant Land","c":0}},{"type":"Feature","geometry":{"type":"Polygon","coordinates":[[[-84.346403,40.121076],[-84.346382,40.120857],[-84.346702,40.120838],[-84.346724,40.121057],[-84.346403,40.121076]]]},"properties":{"p":"H19-010280","o":"ANDREWS DANIEL","a":"303  RICHESON ST","d":"COVINGTON EX VILL SCHOOL DISTRICT","t":1331.12,"l":"510: Res-Single Family","c":0}},{"type":"Feature","geometry":{"type":"Polygon","coordinates":[[[-84.352642,40.121688],[-84.352654,40.1216],[-84.352863,40.121609],[-84.352642,40.121688]]]},"properties":{"p":"H19-010195","o":"HEIGHTON ALDEN W","a":"BROADWAY E","d":"COVINGTON EX VILL SCHOOL DISTRICT","t":619.41,"l":"400: Com-Vacant Land","c":0}},{"type":"Feature","geometry":{"type":"Polygon","coordinates":[[[-84.348437,40.119537],[-84.348434,40.119399],[-84.348845,40.119393],[-84.348848,40.11953],[-84.348437,40.119537]]]},"properties":{"p":"H19-009180","o":"JOHNSON VIRGINIA MAE","a":"120  LUDLOW N","d":"COVINGTON EX VILL SCHOOL DISTRICT","t":9135.32,"l":"500: Res-Vacant Land","c":0}},{"type":"Feature","geometry":{"type":"Polygon","coordinates":[[[-84.355719,40.119474],[-84.355269,40.119482],[-84.355265,40.119349],[-84.355715,40.119341],[-84.355719,40.119474]]]},"properties":{"p":"H19-007860","o":"NORTH CLEO R","a":"136  MAIN ST N","d":"COVINGTON EX VILL SCHOOL DISTRICT","t":442.45,"l":"510: Res-Single Family","c":0}},{"type":"Feature","geometry":{"type":"Polygon","coordinates":[[[-84.352413,40.121922],[-84.352422,40.122146],[-84.351972,40.122156],[-84.351969,40.122081],[-84.352413,40.121922]]]},"properties":{"p":"H19-004220","o":"ROSS DAVID S","a":"201  FACE ST","d":"COVINGTON EX VILL SCHOOL DISTRICT","t":6947.02,"l":"510: Res-Single Family","c":0}},{"type":"Feature","geometry":{"type":"Polygon","coordinates":[[[-84.351736,40.121038],[-84.351522,40.121029],[-84.351518,40.120634],[-84.351732,40.120632],[-84.351736,40.121038]]]},"properties":{"p":"H19-004110","o":"ODA JOSEPH K","a":"215  BROADWAY E","d":"COVINGTON EX VILL SCHOOL DISTRICT","t":1290.99,"l":"510: Res-Single Family","c":0}},{"type":"Feature","geometry":{"type":"Polygon","coordinates":[[[-84.354171,40.121173],[-84.35401,40.121156],[-84.354018,40.120983],[-84.354164,40.120983],[-84.354171,40.121173]]]},"properties":{"p":"H19-003660","o":"FLICK AARON","a":"5  BROADWAY E","d":"COVINGTON EX VILL SCHOOL DISTRICT","t":193.6,"l":"510: Res-Single Family","c":0}},{"type":"Feature","geometry":{"type":"Polygon","coordinates":[[[-84.354165,40.121014],[-84.35416,40.120872],[-84.35463,40.120858],[-84.354636,40.120958],[-84.354165,40.121014]]]},"properties":{"p":"H19-003650","o":"WILLIAMS LINDA M","a":"196  HIGH ST N","d":"COVINGTON EX VILL SCHOOL DISTRICT","t":387.01,"l":"419: Com-Other","c":0}},{"type":"Feature","geometry":{"type":"Polygon","coordinates":[[[-84.354766,40.123728],[-84.354281,40.123738],[-84.354274,40.123557],[-84.354759,40.123547],[-84.354766,40.123728]]]},"properties":{"p":"H19-003250","o":"WOOD NICOLE R","a":"HIGH N","d":"COVINGTON EX VILL SCHOOL DISTRICT","t":565.36,"l":"500: Res-Vacant Land","c":0}},{"type":"Feature","geometry":{"type":"Polygon","coordinates":[[[-84.355267,40.119424],[-84.354773,40.119424],[-84.354773,40.119367],[-84.355265,40.119367],[-84.355267,40.119424]]]},"properties":{"p":"H19-002430","o":"LONGENECKER JOHN E","a":"137 N HIGH ST","d":"COVINGTON EX VILL SCHOOL DISTRICT","t":29531.16,"l":"510: Res-Single Family","c":0}},{"type":"Feature","geometry":{"type":"Polygon","coordinates":[[[-84.355107,40.115204],[-84.355115,40.115479],[-84.354888,40.115484],[-84.354887,40.115456],[-84.354662,40.115461],[-84.354655,40.115214],[-84.355107,40.115204]]]},"properties":{"p":"H19-002190","o":"MAIER JACK","a":"145  HIGH ST S","d":"COVINGTON EX VILL SCHOOL DISTRICT","t":116,"l":"520: Res-Two Family","c":0}},{"type":"Feature","geometry":{"type":"Polygon","coordinates":[[[-84.353849,40.114487],[-84.353851,40.114526],[-84.353485,40.114533],[-84.353479,40.114347],[-84.353849,40.114487]]]},"properties":{"p":"H19-001950","o":"ISBEL KEITH","a":"315  PEARL ST S","d":"COVINGTON EX VILL SCHOOL DISTRICT","t":1259.66,"l":"510: Res-Single Family","c":0}},{"type":"Feature","geometry":{"type":"Polygon","coordinates":[[[-84.354092,40.120134],[-84.353662,40.120143],[-84.353653,40.119916],[-84.35412,40.119907],[-84.354128,40.120134],[-84.354092,40.120134]]]},"properties":{"p":"H19-001610","o":"STOCKER FRALEY FUNERAL","a":"161  PEARL N","d":"COVINGTON EX VILL SCHOOL DISTRICT","t":816.96,"l":"510: Res-Single Family","c":0}},{"type":"Feature","geometry":{"type":"Polygon","coordinates":[[[-84.3541,40.120361],[-84.35367,40.120369],[-84.353662,40.120143],[-84.354092,40.120134],[-84.3541,40.120361]]]},"properties":{"p":"H19-001600","o":"FRALEY ADA J","a":"167-169  PEARL ST N","d":"COVINGTON EX VILL SCHOOL DISTRICT","t":1097.47,"l":"520: Res-Two Family","c":0}},{"type":"Feature","geometry":{"type":"Polygon","coordinates":[[[-84.354596,40.12019],[-84.354602,40.120351],[-84.354136,40.12036],[-84.35413,40.120199],[-84.354596,40.12019]]]},"properties":{"p":"H19-001594","o":"STOCKER FRALEY","a":"HIGH ST","d":"COVINGTON EX VILL SCHOOL DISTRICT","t":252.16,"l":"441: Com-Funeral Home","c":0}},{"type":"Feature","geometry":{"type":"Polygon","coordinates":[[[-84.354608,40.120481],[-84.354146,40.12049],[-84.354143,40.120387],[-84.354602,40.120378],[-84.354608,40.120481]]]},"properties":{"p":"H19-001592","o":"STOCKER FRALEY","a":"HIGH ST","d":"COVINGTON EX VILL SCHOOL DISTRICT","t":221.28,"l":"441: Com-Funeral Home","c":0}},{"type":"Feature","geometry":{"type":"Polygon","coordinates":[[[-84.354136,40.12036],[-84.3541,40.120361],[-84.354092,40.120134],[-84.354594,40.120124],[-84.354596,40.12019],[-84.35413,40.120199],[-84.354136,40.12036]]]},"properties":{"p":"H19-001560","o":"STOCKER-FRALEY FUNERAL","a":"HIGH ST N","d":"COVINGTON EX VILL SCHOOL DISTRICT","t":128.06,"l":"441: Com-Funeral Home","c":0}},{"type":"Feature","geometry":{"type":"Polygon","coordinates":[[[-84.354594,40.120124],[-84.354128,40.120134],[-84.35412,40.119929],[-84.354586,40.11992],[-84.354594,40.120124]]]},"properties":{"p":"H19-001540","o":"STOCKER-FRALEY FUNERAL","a":"160  HIGH ST N","d":"COVINGTON EX VILL SCHOOL DISTRICT","t":1124.52,"l":"441: Com-Funeral Home","c":0}},{"type":"Feature","geometry":{"type":"Polygon","coordinates":[[[-84.356107,40.116874],[-84.355823,40.116877],[-84.355817,40.116706],[-84.356102,40.116703],[-84.356107,40.116874]]]},"properties":{"p":"H19-000135","o":"BOCHENEK MARSHALL","a":"27  MAIN ST S","d":"COVINGTON EX VILL SCHOOL DISTRICT","t":699.43,"l":"510: Res-Single Family","c":0}},{"type":"Feature","geometry":{"type":"Polygon","coordinates":[[[-84.356293,40.116873],[-84.356107,40.116874],[-84.356102,40.116703],[-84.356287,40.116701],[-84.356293,40.116873]]]},"properties":{"p":"H19-000130","o":"BOCHENEK MARSHALL","a":"SPRING ST W","d":"COVINGTON EX VILL SCHOOL DISTRICT","t":65.49,"l":"599: Res-Other","c":0}},{"type":"Feature","geometry":{"type":"Polygon","coordinates":[[[-84.425392,40.135167],[-84.424821,40.135176],[-84.424814,40.134907],[-84.425385,40.134898],[-84.425392,40.135167]]]},"properties":{"p":"H18-006902","o":"J AND A HOMES LLC","a":"HICKORY DR  BRADFORD 45308","d":"BRADFORD EX VILL SCHOOL DISTRICT","t":330.51,"l":"500: Res-Vacant Land","c":0}},{"type":"Feature","geometry":{"type":"Polygon","coordinates":[[[-84.425915,40.125324],[-84.424972,40.125338],[-84.424968,40.125159],[-84.42591,40.125145],[-84.425915,40.125324]]]},"properties":{"p":"H18-005800","o":"NICODEMUS JAMES","a":"610  MOODY AVE","d":"BRADFORD EX VILL SCHOOL DISTRICT","t":325.49,"l":"510: Res-Single Family","c":0}},{"type":"Feature","geometry":{"type":"Polygon","coordinates":[[[-84.425926,40.125706],[-84.425406,40.125714],[-84.425401,40.125513],[-84.42592,40.125505],[-84.425926,40.125706]]]},"properties":{"p":"H18-005780","o":"HERRON KRISTINE","a":"530  MOODY AVE","d":"BRADFORD EX VILL SCHOOL DISTRICT","t":895.6,"l":"510: Res-Single Family","c":0}},{"type":"Feature","geometry":{"type":"Polygon","coordinates":[[[-84.42868,40.135168],[-84.428137,40.135177],[-84.428133,40.135052],[-84.428677,40.135043],[-84.42868,40.135168]]]},"properties":{"p":"H18-004930","o":"DEEMER WILLIAM","a":"517  LIBERTY ST","d":"BRADFORD EX VILL SCHOOL DISTRICT","t":528.55,"l":"510: Res-Single Family","c":0}},{"type":"Feature","geometry":{"type":"Polygon","coordinates":[[[-84.42965,40.124997],[-84.429638,40.124598],[-84.42985,40.124594],[-84.429862,40.124993],[-84.42965,40.124997]]]},"properties":{"p":"H18-003020","o":"J AND A HOMES LLC","a":"VINE ST E","d":"BRADFORD EX VILL SCHOOL DISTRICT","t":207.06,"l":"500: Res-Vacant Land","c":0}},{"type":"Feature","geometry":{"type":"Polygon","coordinates":[[[-84.428864,40.125578],[-84.429063,40.125574],[-84.429073,40.125966],[-84.428875,40.125969],[-84.428864,40.125578]]]},"properties":{"p":"H18-002690","o":"KESLER MICHAEL R","a":"204  ELM ST E","d":"BRADFORD EX VILL SCHOOL DISTRICT","t":652.96,"l":"599: Res-Other","c":0}},{"type":"Feature","geometry":{"type":"Polygon","coordinates":[[[-84.429451,40.125568],[-84.429462,40.125959],[-84.429252,40.125963],[-84.429241,40.125572],[-84.429451,40.125568]]]},"properties":{"p":"H18-002680","o":"SWOB LORI D","a":"138  ELM ST E","d":"BRADFORD EX VILL SCHOOL DISTRICT","t":13884.46,"l":"500: Res-Vacant Land","c":0}},{"type":"Feature","geometry":{"type":"Polygon","coordinates":[[[-84.427967,40.128078],[-84.427749,40.128081],[-84.427746,40.127971],[-84.428102,40.127966],[-84.428106,40.128076],[-84.427967,40.128078]]]},"properties":{"p":"H18-001845","o":"RASOR SHIRLEY (LC)","a":"313  ALEXANDER AVE","d":"BRADFORD EX VILL SCHOOL DISTRICT","t":244.08,"l":"510: Res-Single Family","c":0}},{"type":"Feature","geometry":{"type":"Polygon","coordinates":[[[-84.427967,40.128078],[-84.427976,40.128389],[-84.427758,40.128392],[-84.427749,40.128081],[-84.427967,40.128078]]]},"properties":{"p":"H18-001840","o":"BARGER LARRY D (LC)","a":"237  SMITHFIELD ST E","d":"BRADFORD EX VILL SCHOOL DISTRICT","t":943.09,"l":"510: Res-Single Family","c":0}},{"type":"Feature","geometry":{"type":"Polygon","coordinates":[[[-84.428153,40.128386],[-84.427976,40.128389],[-84.427967,40.128078],[-84.428106,40.128076],[-84.428102,40.127966],[-84.428141,40.127965],[-84.428153,40.128386]]]},"properties":{"p":"H18-001830","o":"BARGER LARRY D (LC)","a":"233  SMITHFIELD ST E","d":"BRADFORD EX VILL SCHOOL DISTRICT","t":514.55,"l":"599: Res-Other","c":0}},{"type":"Feature","geometry":{"type":"Polygon","coordinates":[[[-84.430655,40.125273],[-84.430659,40.125411],[-84.430119,40.12542],[-84.430115,40.125282],[-84.430655,40.125273]]]},"properties":{"p":"H18-001400","o":"MAXWELL CALEB","a":"MIAMI AVE S","d":"BRADFORD EX VILL SCHOOL DISTRICT","t":177.47,"l":"500: Res-Vacant Land","c":0}},{"type":"Feature","geometry":{"type":"Polygon","coordinates":[[[-84.430124,40.125832],[-84.43012,40.125695],[-84.430667,40.125686],[-84.43067,40.125824],[-84.430124,40.125832]]]},"properties":{"p":"H18-001380","o":"GRODY DONALD J","a":"524 S MIAMI AVE","d":"BRADFORD EX VILL SCHOOL DISTRICT","t":481.36,"l":"510: Res-Single Family","c":0}},{"type":"Feature","geometry":{"type":"Polygon","coordinates":[[[-84.430147,40.126657],[-84.430143,40.126518],[-84.430322,40.126515],[-84.430326,40.126654],[-84.430147,40.126657]]]},"properties":{"p":"H18-001320","o":"DANKWORTH MICHAEL F","a":"112  JAMES ST E","d":"BRADFORD EX VILL SCHOOL DISTRICT","t":19264.02,"l":"500: Res-Vacant Land","c":0}},{"type":"Feature","geometry":{"type":"Polygon","coordinates":[[[-84.430151,40.126795],[-84.430147,40.126657],[-84.430326,40.126654],[-84.43033,40.126792],[-84.430151,40.126795]]]},"properties":{"p":"H18-001310","o":"DANKWORTH MICHAEL F","a":"JAMES ST E","d":"BRADFORD EX VILL SCHOOL DISTRICT","t":1659.76,"l":"500: Res-Vacant Land","c":0}},{"type":"Feature","geometry":{"type":"Polygon","coordinates":[[[-84.430104,40.133307],[-84.429784,40.133312],[-84.429782,40.133243],[-84.430102,40.133238],[-84.430104,40.133307]]]},"properties":{"p":"H18-000660","o":"MURPHY ANGELA C","a":"FRONT ST","d":"BRADFORD EX VILL SCHOOL DISTRICT","t":562.03,"l":"500: Res-Vacant Land","c":0}},{"type":"Feature","geometry":{"type":"Polygon","coordinates":[[[-84.430106,40.133376],[-84.429786,40.13338],[-84.429784,40.133312],[-84.430104,40.133307],[-84.430106,40.133376]]]},"properties":{"p":"H18-000650","o":"MURPHY ANGELA C","a":"FRONT ST","d":"BRADFORD EX VILL SCHOOL DISTRICT","t":580.51,"l":"500: Res-Vacant Land","c":0}},{"type":"Feature","geometry":{"type":"Polygon","coordinates":[[[-84.429786,40.13338],[-84.430106,40.133376],[-84.430109,40.133513],[-84.429789,40.133518],[-84.429786,40.13338]]]},"properties":{"p":"H18-000640","o":"MURPHY ANGELA C","a":"114  FRONT ST","d":"BRADFORD EX VILL SCHOOL DISTRICT","t":10614.91,"l":"510: Res-Single Family","c":0}},{"type":"Feature","geometry":{"type":"Polygon","coordinates":[[[-84.430187,40.132949],[-84.430178,40.132588],[-84.430532,40.132651],[-84.430523,40.132944],[-84.430187,40.132949]]]},"properties":{"p":"H18-000580","o":"GNR PATTYS MARKET LLC","a":"115  OAKWOOD","d":"BRADFORD EX VILL SCHOOL DISTRICT","t":531.91,"l":"456: Com-Parking Garage","c":0}},{"type":"Feature","geometry":{"type":"Polygon","coordinates":[[[-84.428655,40.132568],[-84.428464,40.132571],[-84.428456,40.132282],[-84.428648,40.132316],[-84.428655,40.132568]]]},"properties":{"p":"H18-000420","o":"NEWMAN M F","a":"OAKWOOD","d":"BRADFORD EX VILL SCHOOL DISTRICT","t":902.5,"l":"500: Res-Vacant Land","c":0}},{"type":"Feature","geometry":{"type":"Polygon","coordinates":[[[-84.361183,40.112568],[-84.361168,40.112341],[-84.361639,40.112322],[-84.361654,40.112549],[-84.361183,40.112568]]]},"properties":{"p":"H17-051441","o":"ROSS BARBARA LEE","a":"N FRONT ST","d":"COVINGTON EX VILL SCHOOL DISTRICT","t":2766.36,"l":"599: Res-Other","c":0}},{"type":"Feature","geometry":{"type":"Polygon","coordinates":[[[-84.361168,40.112341],[-84.361152,40.112115],[-84.361623,40.112096],[-84.361639,40.112322],[-84.361168,40.112341]]]},"properties":{"p":"H17-051440","o":"ROSS BARBARA LEE","a":"5160 N FRONT ST","d":"COVINGTON EX VILL SCHOOL DISTRICT","t":10802.82,"l":"500: Res-Vacant Land","c":0}},{"type":"Feature","geometry":{"type":"Polygon","coordinates":[[[-84.374481,40.119406],[-84.374461,40.118716],[-84.375013,40.118731],[-84.375031,40.119423],[-84.374481,40.119406]]]},"properties":{"p":"H17-050657","o":"HA PHONG DUY ANTHONY","a":"9066  US 36 W","d":"COVINGTON EX VILL SCHOOL DISTRICT","t":600.31,"l":"511: Res-Custom Code","c":0}},{"type":"Feature","geometry":{"type":"Polygon","coordinates":[[[-84.374096,40.165941],[-84.374068,40.166317],[-84.374711,40.166385],[-84.374753,40.168093],[-84.365161,40.168263],[-84.365037,40.161888],[-84.365483,40.161881],[-84.365468,40.161042],[-84.366822,40.161022],[-84.366826,40.161159],[-84.367075,40.161156],[-84.367725,40.161627],[-84.367778,40.16381],[-84.37107,40.163757],[-84.374096,40.165941]]]},"properties":{"p":"H17-047600","o":"AEF ENTERPRISES LLC","a":"8500 W UNION CHURCH RD","d":"COVINGTON EX VILL SCHOOL DISTRICT","t":1466.28,"l":"101: Agr-Cash-Grain Farm","c":0}},{"type":"Feature","geometry":{"type":"Polygon","coordinates":[[[-84.357379,40.182969],[-84.356083,40.182988],[-84.356058,40.182335],[-84.357239,40.182318],[-84.357243,40.182427],[-84.357358,40.182425],[-84.357379,40.182969]]]},"properties":{"p":"H17-047450","o":"YOUNG BONNIE (LE)","a":"8080 W VERSAILLES RD","d":"COVINGTON EX VILL SCHOOL DISTRICT","t":14817.03,"l":"511: Res-Custom Code","c":0}},{"type":"Feature","geometry":{"type":"Polygon","coordinates":[[[-84.362287,40.112296],[-84.362285,40.112269],[-84.363786,40.112208],[-84.363839,40.112163],[-84.363743,40.111674],[-84.363969,40.11162],[-84.364199,40.112219],[-84.362287,40.112296]]]},"properties":{"p":"H17-037870","o":"MARSHALL JORDAN","a":"5130  WALNUT ST N","d":"COVINGTON EX VILL SCHOOL DISTRICT","t":924.76,"l":"511: Res-Custom Code","c":0}},{"type":"Feature","geometry":{"type":"Polygon","coordinates":[[[-84.388065,40.124004],[-84.383222,40.123159],[-84.377287,40.122091],[-84.376387,40.121969],[-84.375481,40.121877],[-84.374571,40.121818],[-84.373622,40.121789],[-84.373616,40.12143],[-84.375338,40.121522],[-84.375672,40.121113],[-84.389339,40.123985],[-84.388065,40.124004]]]},"properties":{"p":"H17-033300","o":"SCOTT STARR","a":"5840 N RANGELINE RD","d":"COVINGTON EX VILL SCHOOL DISTRICT","t":639.7,"l":"502: Res-Custom Code","c":0}},{"type":"Feature","geometry":{"type":"Polygon","coordinates":[[[-84.319176,40.183095],[-84.31794,40.18311],[-84.31793,40.182767],[-84.319167,40.182752],[-84.319176,40.183095]]]},"properties":{"p":"H17-021300","o":"PARKER KEITH A","a":"NEWBRY WASH RD N","d":"COVINGTON EX VILL SCHOOL DISTRICT","t":2190.17,"l":"501: Res-Custom Code","c":0}},{"type":"Feature","geometry":{"type":"Polygon","coordinates":[[[-84.35287,40.099087],[-84.352891,40.099086],[-84.353079,40.099464],[-84.35044,40.099518],[-84.350424,40.099136],[-84.35287,40.099087]]]},"properties":{"p":"H17-009630","o":"KISER PAMELA","a":"4267  SR 48 N","d":"COVINGTON EX VILL SCHOOL DISTRICT","t":773.46,"l":"511: Res-Custom Code","c":0}},{"type":"Feature","geometry":{"type":"Polygon","coordinates":[[[-84.412303,40.139689],[-84.410728,40.139713],[-84.41071,40.139029],[-84.412288,40.139014],[-84.412303,40.139689]]]},"properties":{"p":"H16-013663","o":"VOISARD JORDON TODD","a":"BRAD BLOOMER RD  BRADFORD 45308","d":"BRADFORD EX VILL SCHOOL DISTRICT","t":24.19,"l":"501: Res-Custom Code","c":0}},{"type":"Feature","geometry":{"type":"Polygon","coordinates":[[[-84.41258,40.109214],[-84.41261,40.109887],[-84.412163,40.109897],[-84.412133,40.10922],[-84.41258,40.109214]]]},"properties":{"p":"H16-008850","o":"REED TIMOTHY LEE(TOD)","a":"11045  COV GETTYSBG RD W","d":"BRADFORD EX VILL SCHOOL DISTRICT","t":640.78,"l":"510: Res-Single Family","c":0}},{"type":"Feature","geometry":{"type":"Polygon","coordinates":[[[-84.420194,40.130954],[-84.418638,40.13097],[-84.418622,40.130393],[-84.421452,40.130911],[-84.421453,40.130941],[-84.420194,40.130954]]]},"properties":{"p":"H16-006500","o":"MCFARLAND RONALD D II","a":"11374  COV BRADFORD RD W","d":"BRADFORD EX VILL SCHOOL DISTRICT","t":366.39,"l":"501: Res-Custom Code","c":0}},{"type":"Feature","geometry":{"type":"Polygon","coordinates":[[[-84.413178,40.183356],[-84.413167,40.182937],[-84.415152,40.182899],[-84.415152,40.183327],[-84.413178,40.183356]]]},"properties":{"p":"H16-001150","o":"HORN KYRA NICHOLE (TR)","a":"10116 N BRAD BLOOMER RD","d":"BRADFORD EX VILL SCHOOL DISTRICT","t":611.07,"l":"511: Res-Custom Code","c":0}},{"type":"Feature","geometry":{"type":"Polygon","coordinates":[[[-84.416155,40.183556],[-84.415152,40.183563],[-84.415151,40.181933],[-84.413141,40.181977],[-84.413115,40.181002],[-84.416236,40.180976],[-84.416155,40.183556]]]},"properties":{"p":"H16-001050","o":"HORN KYRA NICHOLE (TR)","a":"11077  VERSAILLES RD W","d":"BRADFORD EX VILL SCHOOL DISTRICT","t":3377.02,"l":"512: Res-Custom Code","c":0}},{"type":"Feature","geometry":{"type":"Polygon","coordinates":[[[-84.176061,39.955414],[-84.175972,39.955243],[-84.176523,39.954969],[-84.176652,39.955128],[-84.17645,39.955348],[-84.176397,39.955321],[-84.176061,39.955414]]]},"properties":{"p":"G15-093500","o":"LEIST STEVEN DWAYNE","a":"501  HYATT ST S","d":"TIPP CITY EX VILL SCHOOL DISTRICT","t":4087.87,"l":"510: Res-Single Family","c":0}},{"type":"Feature","geometry":{"type":"Polygon","coordinates":[[[-84.17129,39.953378],[-84.171131,39.953245],[-84.171116,39.95283],[-84.17129,39.953378]]]},"properties":{"p":"G15-092400","o":"SHAFFORD RON","a":"3RD ST S","d":"TIPP CITY EX VILL SCHOOL DISTRICT","t":8036.05,"l":"500: Res-Vacant Land","c":0}},{"type":"Feature","geometry":{"type":"Polygon","coordinates":[[[-84.227822,39.982024],[-84.22743,39.982039],[-84.227413,39.981799],[-84.227805,39.981783],[-84.227822,39.982024]]]},"properties":{"p":"G15-024856","o":"J AND A HOMES LLC","a":"940  ROSENTHAL DR  TROY 45373","d":"TIPP CITY EX VILL SCHOOL DISTRICT","t":7553.01,"l":"500: Res-Vacant Land","c":0}},{"type":"Feature","geometry":{"type":"Polygon","coordinates":[[[-84.228104,39.983035],[-84.228496,39.983019],[-84.228513,39.983276],[-84.228219,39.983287],[-84.228158,39.983271],[-84.228117,39.983217],[-84.228104,39.983035]]]},"properties":{"p":"G15-024838","o":"J AND A HOMES LLC","a":"995  ROSENTHAL DR  TROY 45373","d":"TIPP CITY EX VILL SCHOOL DISTRICT","t":1744.23,"l":"500: Res-Vacant Land","c":0}},{"type":"Feature","geometry":{"type":"Polygon","coordinates":[[[-84.22848,39.982778],[-84.228088,39.982794],[-84.228071,39.982554],[-84.228463,39.982538],[-84.22848,39.982778]]]},"properties":{"p":"G15-024834","o":"J & A HOMES LLC","a":"975  ROSENTHAL DR  TROY 45373","d":"TIPP CITY EX VILL SCHOOL DISTRICT","t":615.68,"l":"500: Res-Vacant Land","c":0}},{"type":"Feature","geometry":{"type":"Polygon","coordinates":[[[-84.228463,39.982538],[-84.228071,39.982554],[-84.228055,39.982313],[-84.228447,39.982297],[-84.228463,39.982538]]]},"properties":{"p":"G15-024832","o":"J AND A HOMES LLC","a":"965  ROSENTHAL DR  TROY 45373","d":"TIPP CITY EX VILL SCHOOL DISTRICT","t":1568.9,"l":"500: Res-Vacant Land","c":0}},{"type":"Feature","geometry":{"type":"Polygon","coordinates":[[[-84.188987,39.976942],[-84.188559,39.976944],[-84.188556,39.976661],[-84.188985,39.976653],[-84.188987,39.976942]]]},"properties":{"p":"G15-022726","o":"SEAGRAVES BRENDA","a":"935  ST LEONARDS LN","d":"TIPP CITY EX VILL SCHOOL DISTRICT","t":2734.83,"l":"510: Res-Single Family","c":0}},{"type":"Feature","geometry":{"type":"Polygon","coordinates":[[[-84.180185,39.945755],[-84.179703,39.945761],[-84.179698,39.945544],[-84.17966,39.945471],[-84.180178,39.945189],[-84.180185,39.945755]]]},"properties":{"p":"G15-020370","o":"STUMP ROGER L","a":"875  HICKORY HILL DR","d":"TIPP CITY EX VILL SCHOOL DISTRICT","t":667.02,"l":"510: Res-Single Family","c":0}},{"type":"Feature","geometry":{"type":"Polygon","coordinates":[[[-84.188754,39.973703],[-84.188756,39.973375],[-84.189041,39.973374],[-84.189039,39.973702],[-84.188754,39.973703]]]},"properties":{"p":"G15-019659","o":"HAMMONS JUDITH A","a":"1008  ARAPAHO TR","d":"TIPP CITY EX VILL SCHOOL DISTRICT","t":1614.62,"l":"510: Res-Single Family","c":0}},{"type":"Feature","geometry":{"type":"Polygon","coordinates":[[[-84.186599,39.972102],[-84.186556,39.971822],[-84.187171,39.971868],[-84.187161,39.972101],[-84.186599,39.972102]]]},"properties":{"p":"G15-019515","o":"DUDON GERALEEN","a":"716  SHOSHONI WY","d":"TIPP CITY EX VILL SCHOOL DISTRICT","t":304.92,"l":"510: Res-Single Family","c":0}},{"type":"Feature","geometry":{"type":"Polygon","coordinates":[[[-84.190182,39.974171],[-84.190154,39.973618],[-84.190372,39.974171],[-84.190182,39.974171]]]},"properties":{"p":"G15-019142","o":"COLLINS DARRELL W","a":"ARAPAHO TR","d":"TIPP CITY EX VILL SCHOOL DISTRICT","t":83.34,"l":"500: Res-Vacant Land","c":0}},{"type":"Feature","geometry":{"type":"Polygon","coordinates":[[[-84.184066,39.955607],[-84.184021,39.955613],[-84.184034,39.955371],[-84.18411,39.95536],[-84.184176,39.955323],[-84.184511,39.955545],[-84.184066,39.955607]]]},"properties":{"p":"G15-019099","o":"GOUGH EMILY S (TRUSTEE)","a":"767  ROSEDALE DR","d":"TIPP CITY EX VILL SCHOOL DISTRICT","t":1112.93,"l":"510: Res-Single Family","c":0}},{"type":"Feature","geometry":{"type":"Polygon","coordinates":[[[-84.184295,39.956417],[-84.184537,39.956166],[-84.184777,39.956352],[-84.18477,39.956378],[-84.184627,39.956548],[-84.184295,39.956417]]]},"properties":{"p":"G15-019081","o":"BOYD SARA L","a":"785  GREENVIEW DR","d":"TIPP CITY EX VILL SCHOOL DISTRICT","t":2123.12,"l":"510: Res-Single Family","c":0}},{"type":"Feature","geometry":{"type":"Polygon","coordinates":[[[-84.185584,39.961942],[-84.185581,39.96178],[-84.185742,39.961778],[-84.185584,39.961942]]]},"properties":{"p":"G15-014600","o":"BINGAMON BENJAMIN M","a":"WARNER DR","d":"TIPP CITY EX VILL SCHOOL DISTRICT","t":53.95,"l":"500: Res-Vacant Land","c":0}},{"type":"Feature","geometry":{"type":"Polygon","coordinates":[[[-84.182907,39.962426],[-84.182548,39.962433],[-84.182546,39.962351],[-84.182905,39.962344],[-84.182907,39.962426]]]},"properties":{"p":"G15-010600","o":"JENKINS ROBERT A","a":"MILES AVE","d":"TIPP CITY EX VILL SCHOOL DISTRICT","t":673.07,"l":"510: Res-Single Family","c":0}},{"type":"Feature","geometry":{"type":"Polygon","coordinates":[[[-84.178363,39.963509],[-84.178144,39.963516],[-84.178136,39.963281],[-84.178635,39.963268],[-84.178643,39.9635],[-84.178363,39.963509]]]},"properties":{"p":"G15-009980","o":"FLEIG JARED D","a":"PLUM ST W","d":"TIPP CITY EX VILL SCHOOL DISTRICT","t":77.46,"l":"500: Res-Vacant Land","c":0}},{"type":"Feature","geometry":{"type":"Polygon","coordinates":[[[-84.169369,39.964976],[-84.169365,39.964804],[-84.169895,39.964791],[-84.169898,39.964963],[-84.169369,39.964976]]]},"properties":{"p":"G15-005610","o":"GIBSON AMY R","a":"310  2ND ST N","d":"TIPP CITY EX VILL SCHOOL DISTRICT","t":597.35,"l":"510: Res-Single Family","c":0}},{"type":"Feature","geometry":{"type":"Polygon","coordinates":[[[-84.168588,39.964528],[-84.16858,39.96418],[-84.16878,39.964177],[-84.168788,39.964523],[-84.168588,39.964528]]]},"properties":{"p":"G15-005520","o":"HILL REBECCA","a":"40  FORD AVE","d":"TIPP CITY EX VILL SCHOOL DISTRICT","t":1648.82,"l":"510: Res-Single Family","c":0}},{"type":"Feature","geometry":{"type":"Polygon","coordinates":[[[-84.177032,39.958495],[-84.177029,39.958385],[-84.177363,39.958381],[-84.177414,39.95849],[-84.177032,39.958495]]]},"properties":{"p":"G15-004230","o":"MANSON SHAWN P","a":"224  HYATT ST S","d":"TIPP CITY EX VILL SCHOOL DISTRICT","t":142.35,"l":"510: Res-Single Family","c":0}},{"type":"Feature","geometry":{"type":"Polygon","coordinates":[[[-84.170421,39.956249],[-84.170312,39.95625],[-84.170311,39.956223],[-84.17042,39.956221],[-84.170421,39.956249]]]},"properties":{"p":"G15-003772","o":"TIMMER E H & C W JENSON","a":"2ND ST","d":"TIPP CITY EX VILL SCHOOL DISTRICT","t":314.85,"l":"500: Res-Vacant Land","c":0}},{"type":"Feature","geometry":{"type":"Polygon","coordinates":[[[-84.171867,39.957641],[-84.171863,39.9575],[-84.1724,39.957494],[-84.172405,39.957635],[-84.171867,39.957641]]]},"properties":{"p":"G15-003440","o":"CRAIG ROSEZETTA","a":"308  4TH ST S","d":"TIPP CITY EX VILL SCHOOL DISTRICT","t":945.6,"l":"510: Res-Single Family","c":0}},{"type":"Feature","geometry":{"type":"Polygon","coordinates":[[[-84.174173,39.961898],[-84.174161,39.961899],[-84.174159,39.961855],[-84.174173,39.961898]]]},"properties":{"p":"G15-001975","o":"JONES LETHA J","a":"WALNUT ST W","d":"TIPP CITY EX VILL SCHOOL DISTRICT","t":190.97,"l":"500: Res-Vacant Land","c":0}},{"type":"Feature","geometry":{"type":"Polygon","coordinates":[[[-84.170315,39.960751],[-84.170328,39.961116],[-84.170043,39.961122],[-84.170029,39.960757],[-84.170315,39.960751]]]},"properties":{"p":"G15-000330","o":"SECOND MAIN PROPERTIES LLC","a":"28-34  MAIN ST E","d":"TIPP CITY EX VILL SCHOOL DISTRICT","t":2638.52,"l":"429: Com-Other","c":0}},{"type":"Feature","geometry":{"type":"Polygon","coordinates":[[[-84.169343,39.961722],[-84.169279,39.961723],[-84.169278,39.961696],[-84.169342,39.961694],[-84.169343,39.961722]]]},"properties":{"p":"G15-000285","o":"BURWELL JOHN","a":"MAIN R","d":"TIPP CITY EX VILL SCHOOL DISTRICT","t":724.57,"l":"400: Com-Vacant Land","c":0}},{"type":"Feature","geometry":{"type":"Polygon","coordinates":[[[-84.169257,39.962444],[-84.168714,39.962454],[-84.16871,39.962311],[-84.169253,39.9623],[-84.169257,39.962444]]]},"properties":{"p":"G15-000180","o":"SEGURA GENOVEVA","a":"109  1ST ST N","d":"TIPP CITY EX VILL SCHOOL DISTRICT","t":5885.88,"l":"510: Res-Single Family","c":0}},{"type":"Feature","geometry":{"type":"Polygon","coordinates":[[[-84.219904,39.929856],[-84.219405,39.929863],[-84.219394,39.92918],[-84.219893,39.929173],[-84.219904,39.929856]]]},"properties":{"p":"G12-080465","o":"ROSSELAND BRUCE E (TOD)","a":"1090  GINGHAM FRED RD W","d":"TIPP CITY EX VILL SCHOOL DISTRICT","t":2765.58,"l":"510: Res-Single Family","c":0}},{"type":"Feature","geometry":{"type":"Polygon","coordinates":[[[-84.184306,39.981429],[-84.184256,39.98065],[-84.184765,39.981031],[-84.184597,39.981033],[-84.184615,39.981427],[-84.184306,39.981429]]]},"properties":{"p":"G12-076120","o":"ROACH RHONDA A","a":"4038  CRANE RD","d":"TIPP CITY EX VILL SCHOOL DISTRICT","t":1720.84,"l":"510: Res-Single Family","c":0}},{"type":"Feature","geometry":{"type":"Polygon","coordinates":[[[-84.274694,39.924743],[-84.274308,39.92474],[-84.274311,39.924576],[-84.274692,39.924579],[-84.274694,39.924743]]]},"properties":{"p":"G12-075720","o":"GAVER CHARLES & BETTY","a":"7835  KESS FRED RD","d":"TIPP CITY EX VILL SCHOOL DISTRICT","t":8330.11,"l":"501: Res-Custom Code","c":0}},{"type":"Feature","geometry":{"type":"Polygon","coordinates":[[[-84.274122,39.927505],[-84.274114,39.927162],[-84.274732,39.927153],[-84.274737,39.927496],[-84.274122,39.927505]]]},"properties":{"p":"G12-075717","o":"SOWERS JERRY E","a":"7605  KESSLER FRED RD S","d":"TIPP CITY EX VILL SCHOOL DISTRICT","t":2273.55,"l":"510: Res-Single Family","c":0}},{"type":"Feature","geometry":{"type":"Polygon","coordinates":[[[-84.274707,39.925595],[-84.274039,39.925589],[-84.274033,39.925145],[-84.274701,39.925152],[-84.274707,39.925595]]]},"properties":{"p":"G12-075711","o":"KLEIN ROBERT","a":"7755  KESSLER FRED RD S","d":"TIPP CITY EX VILL SCHOOL DISTRICT","t":642.66,"l":"404: Com-Custom Code","c":0}},{"type":"Feature","geometry":{"type":"Polygon","coordinates":[[[-84.273159,39.926421],[-84.272802,39.926419],[-84.272796,39.926109],[-84.273149,39.926109],[-84.273159,39.926421]]]},"properties":{"p":"G12-075706","o":"RATCLIFF PROPERTIES LLC","a":"3915 W GINGHAM FRED RD","d":"TIPP CITY EX VILL SCHOOL DISTRICT","t":532.19,"l":"500: Res-Vacant Land","c":0}},{"type":"Feature","geometry":{"type":"Polygon","coordinates":[[[-84.255698,39.923093],[-84.255668,39.922023],[-84.25965,39.921967],[-84.259677,39.923038],[-84.255698,39.923093]]]},"properties":{"p":"G12-074710","o":"TOFSTAD BROOKE","a":"3045 N MONTGMY CO L RD","d":"TIPP CITY EX VILL SCHOOL DISTRICT","t":1362.66,"l":"512: Res-Custom Code","c":0}},{"type":"Feature","geometry":{"type":"Polygon","coordinates":[[[-84.194199,39.936186],[-84.194225,39.937385],[-84.19422,39.937385],[-84.194199,39.936186]]]},"properties":{"p":"G12-058110","o":"COX C JOANNE","a":"SHOOP RD","d":"TIPP CITY EX VILL SCHOOL DISTRICT","t":13.73,"l":"513: Res-Custom Code","c":0}},{"type":"Feature","geometry":{"type":"Polygon","coordinates":[[[-84.188794,39.937463],[-84.18869,39.933591],[-84.192249,39.934109],[-84.192361,39.937409],[-84.188794,39.937463]]]},"properties":{"p":"G12-058000","o":"JCR CONSTRUCTION INC","a":"340  SHOOP RD E","d":"TIPP CITY EX VILL SCHOOL DISTRICT","t":3990.97,"l":"513: Res-Custom Code","c":0}},{"type":"Feature","geometry":{"type":"Polygon","coordinates":[[[-84.198831,39.930415],[-84.198826,39.930064],[-84.199336,39.93006],[-84.199342,39.930411],[-84.198831,39.930415]]]},"properties":{"p":"G12-054600","o":"ACHTERBERG KURT","a":"7490  CO RD 25A S","d":"TIPP CITY EX VILL SCHOOL DISTRICT","t":48.81,"l":"499: Com-Other","c":0}},{"type":"Feature","geometry":{"type":"Polygon","coordinates":[[[-84.22642,39.92679],[-84.226407,39.926447],[-84.22641,39.926447],[-84.22642,39.92679]]]},"properties":{"p":"G12-051833","o":"COYLE RICHARD M","a":"PETERS RD","d":"TIPP CITY EX VILL SCHOOL DISTRICT","t":44.77,"l":"500: Res-Vacant Land","c":0}},{"type":"Feature","geometry":{"type":"Polygon","coordinates":[[[-84.248117,39.930202],[-84.248036,39.929382],[-84.248606,39.929372],[-84.24858,39.930195],[-84.248117,39.930202]]]},"properties":{"p":"G12-047500","o":"SNELL JAMES E","a":"2605  GINGHAM FRED RD W","d":"TIPP CITY EX VILL SCHOOL DISTRICT","t":536.61,"l":"511: Res-Custom Code","c":0}},{"type":"Feature","geometry":{"type":"Polygon","coordinates":[[[-84.208503,39.946694],[-84.208482,39.944576],[-84.209365,39.944567],[-84.209367,39.944759],[-84.209501,39.944758],[-84.209525,39.946684],[-84.208503,39.946694]]]},"properties":{"p":"G12-040820","o":"PETROFES JAMES M","a":"543  EVANSTON RD W","d":"TIPP CITY EX VILL SCHOOL DISTRICT","t":15269.45,"l":"511: Res-Custom Code","c":0}},{"type":"Feature","geometry":{"type":"Polygon","coordinates":[[[-84.128864,40.054226],[-84.128479,40.054203],[-84.128495,40.054005],[-84.128881,40.054028],[-84.128864,40.054226]]]},"properties":{"p":"F11-000330","o":"PERKINS JAROD T","a":"WASHINGTON ST","d":"MIAMI EAST LOCAL SCHOOL DISTRICT","t":622.3,"l":"500: Res-Vacant Land","c":0}},{"type":"Feature","geometry":{"type":"Polygon","coordinates":[[[-84.101416,40.08635],[-84.097949,40.08618],[-84.098035,40.085285],[-84.100576,40.084954],[-84.101548,40.084917],[-84.101416,40.08635]]]},"properties":{"p":"F10-036978","o":"TODD RICHARD M","a":"5365  TROY URBANA RD E","d":"MIAMI EAST LOCAL SCHOOL DISTRICT","t":3861.65,"l":"511: Res-Custom Code","c":0}},{"type":"Feature","geometry":{"type":"Polygon","coordinates":[[[-84.065622,40.050572],[-84.060908,40.050316],[-84.060773,40.048414],[-84.060512,40.048092],[-84.059967,40.047568],[-84.054231,40.047255],[-84.054266,40.046864],[-84.060329,40.047201],[-84.060473,40.045415],[-84.066049,40.04572],[-84.065622,40.050572]]]},"properties":{"p":"F10-015100","o":"JANICKI SCOTT A","a":"1470 N ALCONY CONOV RD","d":"MIAMI EAST LOCAL SCHOOL DISTRICT","t":16835.59,"l":"101: Agr-Cash-Grain Farm","c":0}},{"type":"Feature","geometry":{"type":"Polygon","coordinates":[[[-84.12927,40.056568],[-84.128029,40.056552],[-84.128052,40.056067],[-84.127159,40.056057],[-84.127172,40.05581],[-84.127826,40.055929],[-84.128071,40.055626],[-84.128175,40.055632],[-84.128166,40.056065],[-84.129315,40.05608],[-84.12927,40.056568]]]},"properties":{"p":"F10-010050","o":"REINICKE DARREN J","a":"SR 589","d":"MIAMI EAST LOCAL SCHOOL DISTRICT","t":110.58,"l":"501: Res-Custom Code","c":0}},{"type":"Feature","geometry":{"type":"Polygon","coordinates":[[[-84.134534,40.052184],[-84.134895,40.052165],[-84.135247,40.052099],[-84.135557,40.051995],[-84.135907,40.051825],[-84.135845,40.052313],[-84.135096,40.052275],[-84.135102,40.052209],[-84.134534,40.052184]]]},"properties":{"p":"F10-005600","o":"BILLING SHARON R","a":"3705  SR 55 E","d":"MIAMI EAST LOCAL SCHOOL DISTRICT","t":28048.63,"l":"511: Res-Custom Code","c":0}},{"type":"Feature","geometry":{"type":"Polygon","coordinates":[[[-84.124145,40.0177],[-84.124176,40.017394],[-84.125008,40.01745],[-84.124968,40.017868],[-84.124934,40.017903],[-84.1248,40.017895],[-84.124615,40.01786],[-84.124145,40.0177]]]},"properties":{"p":"E09-039038","o":"LACHAT KIMBERLY ANN","a":"855  HICKORY HOLL RD","d":"MIAMI EAST LOCAL SCHOOL DISTRICT","t":735.31,"l":"510: Res-Single Family","c":0}},{"type":"Feature","geometry":{"type":"Polygon","coordinates":[[[-84.056591,40.011832],[-84.056297,40.011816],[-84.05633,40.011451],[-84.056624,40.011468],[-84.056591,40.011832]]]},"properties":{"p":"E09-039000","o":"FULLER TIMOTHY A","a":"8045  SR 41 E","d":"MIAMI EAST LOCAL SCHOOL DISTRICT","t":1303.46,"l":"510: Res-Single Family","c":0}},{"type":"Feature","geometry":{"type":"Polygon","coordinates":[[[-84.112305,40.029023],[-84.112372,40.0283],[-84.112959,40.028335],[-84.112892,40.029058],[-84.112305,40.029023]]]},"properties":{"p":"E09-033900","o":"CREAGER TONYA Y","a":"35 S HUFFORD RD","d":"MIAMI EAST LOCAL SCHOOL DISTRICT","t":1054.16,"l":"511: Res-Custom Code","c":0}},{"type":"Feature","geometry":{"type":"Polygon","coordinates":[[[-84.04884,40.030159],[-84.047635,40.030091],[-84.048049,40.025351],[-84.049247,40.025416],[-84.04884,40.030159]]]},"properties":{"p":"E09-018485","o":"ROBERTS STEFANIE S (TR)","a":"LEFEVRE RD","d":"MIAMI EAST LOCAL SCHOOL DISTRICT","t":4.55,"l":"101: Agr-Cash-Grain Farm","c":0}},{"type":"Feature","geometry":{"type":"Polygon","coordinates":[[[-84.047635,40.030091],[-84.046429,40.030024],[-84.046851,40.025286],[-84.048049,40.025351],[-84.047635,40.030091]]]},"properties":{"p":"E09-018480","o":"ROBERTS STEFANIE S (TR)","a":"LEFEVRE RD","d":"MIAMI EAST LOCAL SCHOOL DISTRICT","t":4.54,"l":"101: Agr-Cash-Grain Farm","c":0}},{"type":"Feature","geometry":{"type":"Polygon","coordinates":[[[-84.052226,40.027819],[-84.052436,40.025588],[-84.05434,40.025691],[-84.054129,40.027923],[-84.052226,40.027819]]]},"properties":{"p":"E09-018440","o":"ROBERTS STEFANIE S (TR)","a":"LEFEVRE RD","d":"MIAMI EAST LOCAL SCHOOL DISTRICT","t":3.44,"l":"101: Agr-Cash-Grain Farm","c":0}},{"type":"Feature","geometry":{"type":"Polygon","coordinates":[[[-84.054129,40.027923],[-84.05434,40.025691],[-84.056241,40.025794],[-84.056031,40.028027],[-84.054129,40.027923]]]},"properties":{"p":"E09-018430","o":"ROBERTS STEFANIE S (TR)","a":"LEFEVRE RD","d":"MIAMI EAST LOCAL SCHOOL DISTRICT","t":3.17,"l":"101: Agr-Cash-Grain Farm","c":0}},{"type":"Feature","geometry":{"type":"Polygon","coordinates":[[[-84.04537,40.025206],[-84.044301,40.025149],[-84.044681,40.021091],[-84.04575,40.021149],[-84.04537,40.025206]]]},"properties":{"p":"E09-017650","o":"ROBERTS STEFANIE S (TR)","a":"E LEFEVRE RD  CASSTOWN 45312","d":"MIAMI EAST LOCAL SCHOOL DISTRICT","t":3.41,"l":"502: Res-Custom Code","c":0}},{"type":"Feature","geometry":{"type":"Polygon","coordinates":[[[-84.046851,40.025286],[-84.04537,40.025206],[-84.04575,40.021149],[-84.042522,40.020974],[-84.042796,40.017837],[-84.046686,40.018052],[-84.046511,40.020263],[-84.047308,40.020297],[-84.046851,40.025286]]]},"properties":{"p":"E09-017600","o":"ROBERTS STEFANIE S (TR)","a":"E LEFEVRE RD  CASSTOWN 45312","d":"MIAMI EAST LOCAL SCHOOL DISTRICT","t":14.2,"l":"101: Agr-Cash-Grain Farm","c":0}},{"type":"Feature","geometry":{"type":"Polygon","coordinates":[[[-84.329516,40.062864],[-84.327666,40.062903],[-84.330137,40.060772],[-84.330169,40.062212],[-84.329502,40.062229],[-84.329516,40.062864]]]},"properties":{"p":"I20-039250","o":"MAGOTO RIKI M","a":"6706  THOMAS RD","d":"NEWTON LOCAL SCHOOL DISTRICT","t":166.83,"l":"511: Res-Custom Code","c":0}},{"type":"Feature","geometry":{"type":"Polygon","coordinates":[[[-84.391617,40.12468],[-84.388065,40.124004],[-84.389641,40.123981],[-84.392828,40.124558],[-84.39284,40.124899],[-84.391617,40.12468]]]},"properties":{"p":"H17-031800","o":"SCOTT STARR","a":"GR FALL CLAY RD N","d":"COVINGTON EX VILL SCHOOL DISTRICT","t":44.98,"l":"502: Res-Custom Code","c":0}},{"type":"Feature","geometry":{"type":"Polygon","coordinates":[[[-84.22781,39.983442],[-84.227875,39.983455],[-84.227919,39.9835],[-84.227946,39.983823],[-84.227551,39.983837],[-84.227525,39.983453],[-84.22781,39.983442]]]},"properties":{"p":"G15-024844","o":"J AND A HOMES LLC","a":"1010  ROSENTHAL DR  TROY 45373","d":"TIPP CITY EX VILL SCHOOL DISTRICT","t":2184.59,"l":"500: Res-Vacant Land","c":0}},{"type":"Feature","geometry":{"type":"Polygon","coordinates":[[[-84.228496,39.983019],[-84.228104,39.983035],[-84.228088,39.982794],[-84.22848,39.982778],[-84.228496,39.983019]]]},"properties":{"p":"G15-024836","o":"J & A HOMES LLC","a":"985  ROSENTHAL DR  TROY 45373","d":"TIPP CITY EX VILL SCHOOL DISTRICT","t":3044.93,"l":"500: Res-Vacant Land","c":0}},{"type":"Feature","geometry":{"type":"Polygon","coordinates":[[[-84.227287,39.984505],[-84.227307,39.984483],[-84.227682,39.984708],[-84.22759,39.98479],[-84.227416,39.984906],[-84.227166,39.984641],[-84.227287,39.984505]]]},"properties":{"p":"G15-024484","o":"J AND A HOMES LLC","a":"1050  ROSENTHAL DR","d":"TIPP CITY EX VILL SCHOOL DISTRICT","t":5403.35,"l":"500: Res-Vacant Land","c":0}},{"type":"Feature","geometry":{"type":"Polygon","coordinates":[[[-84.193316,39.955042],[-84.193294,39.953852],[-84.194729,39.953836],[-84.194751,39.955026],[-84.193316,39.955042]]]},"properties":{"p":"G15-024446","o":"ASLANOV RADYKHAN YUSUFOVICH","a":"495 S KINNA DR","d":"TIPP CITY EX VILL SCHOOL DISTRICT","t":3207.17,"l":"400: Com-Vacant Land","c":0}},{"type":"Feature","geometry":{"type":"Polygon","coordinates":[[[-84.182909,39.962549],[-84.18255,39.962556],[-84.182548,39.962433],[-84.182907,39.962426],[-84.182909,39.962549]]]},"properties":{"p":"G15-010590","o":"JENKINS ROBERT A","a":"134  MILES AVE","d":"TIPP CITY EX VILL SCHOOL DISTRICT","t":1711.55,"l":"510: Res-Single Family","c":0}},{"type":"Feature","geometry":{"type":"Polygon","coordinates":[[[-84.186715,39.93841],[-84.186847,39.938408],[-84.186848,39.93845],[-84.186716,39.938452],[-84.186715,39.93841]]]},"properties":{"p":"G12-082980","o":"MATHENY DENNIS A","a":"640  KITRINA AVE","d":"TIPP CITY EX VILL SCHOOL DISTRICT","t":227.82,"l":"550: Res-Condo","c":0}},{"type":"Feature","geometry":{"type":"Polygon","coordinates":[[[-84.227193,39.965847],[-84.22733,39.964658],[-84.227774,39.964688],[-84.227624,39.96599],[-84.227193,39.965847]]]},"properties":{"p":"G12-080999","o":"GENTRY DORIS E","a":"5085  PETERS RD S","d":"TIPP CITY EX VILL SCHOOL DISTRICT","t":935.41,"l":"500: Res-Vacant Land","c":0}},{"type":"Feature","geometry":{"type":"Polygon","coordinates":[[[-84.25471,39.922732],[-84.254686,39.922036],[-84.255311,39.922028],[-84.255325,39.922625],[-84.25471,39.922732]]]},"properties":{"p":"G12-048200","o":"GREEN JUSTIN B","a":"2965  MONTGMY CO L RD N","d":"TIPP CITY EX VILL SCHOOL DISTRICT","t":362.13,"l":"599: Res-Other","c":0}},{"type":"Feature","geometry":{"type":"Polygon","coordinates":[[[-84.223269,39.938624],[-84.223261,39.93813],[-84.227571,39.93807],[-84.227577,39.938556],[-84.223269,39.938624]]]},"properties":{"p":"G12-044900","o":"DANIEL DEVONNE STEPHENS","a":"6920  PETERS RD S","d":"TIPP CITY EX VILL SCHOOL DISTRICT","t":2282.9,"l":"511: Res-Custom Code","c":0}},{"type":"Feature","geometry":{"type":"Polygon","coordinates":[[[-84.044301,40.025149],[-84.043233,40.025091],[-84.043613,40.021033],[-84.044681,40.021091],[-84.044301,40.025149]]]},"properties":{"p":"E09-017630","o":"ROBERTS STEFANIE S (TR)","a":"E LEFEVRE RD  CASSTOWN 45312","d":"MIAMI EAST LOCAL SCHOOL DISTRICT","t":3.11,"l":"502: Res-Custom Code","c":0}},{"type":"Feature","geometry":{"type":"Polygon","coordinates":[[[-84.05633,40.011451],[-84.056297,40.011816],[-84.055878,40.011793],[-84.055912,40.011426],[-84.05633,40.011451]]]},"properties":{"p":"E09-016800","o":"FULLER TIMOTHY","a":"8063  SR 41 E","d":"MIAMI EAST LOCAL SCHOOL DISTRICT","t":56.73,"l":"599: Res-Other","c":0}},{"type":"Feature","geometry":{"type":"Polygon","coordinates":[[[-84.049214,40.025414],[-84.048032,40.02535],[-84.04836,40.021772],[-84.049542,40.021836],[-84.049214,40.025414]]]},"properties":{"p":"E09-016330","o":"ROBERTS STEFANIE S (TR)","a":"LEFEVRE RD","d":"MIAMI EAST LOCAL SCHOOL DISTRICT","t":2.45,"l":"101: Agr-Cash-Grain Farm","c":0}},{"type":"Feature","geometry":{"type":"Polygon","coordinates":[[[-84.048032,40.02535],[-84.046851,40.025286],[-84.047178,40.021707],[-84.04836,40.021772],[-84.048032,40.02535]]]},"properties":{"p":"E09-016310","o":"ROBERTS STEFANIE S (TR)","a":"LEFEVRE RD","d":"MIAMI EAST LOCAL SCHOOL DISTRICT","t":4.09,"l":"101: Agr-Cash-Grain Farm","c":0}},{"type":"Feature","geometry":{"type":"Polygon","coordinates":[[[-84.056241,40.025794],[-84.049214,40.025414],[-84.049542,40.021836],[-84.056553,40.022219],[-84.056241,40.025794]]]},"properties":{"p":"E09-016300","o":"ROBERTS STEFANIE S (TR)","a":"8190 E LEFEVRE RD","d":"MIAMI EAST LOCAL SCHOOL DISTRICT","t":41.11,"l":"101: Agr-Cash-Grain Farm","c":0}},{"type":"Feature","geometry":{"type":"Polygon","coordinates":[[[-84.350642,40.183059],[-84.35068,40.184216],[-84.349535,40.184231],[-84.349497,40.183073],[-84.350642,40.183059]]]},"properties":{"p":"H17-022630","o":"FLICK AARON","a":"7727 W VERSAILLES RD","d":"COVINGTON EX VILL SCHOOL DISTRICT","t":1436.93,"l":"511: Res-Custom Code","c":0}},{"type":"Feature","geometry":{"type":"Polygon","coordinates":[[[-84.246633,40.197205],[-84.246055,40.198096],[-84.245889,40.198051],[-84.245446,40.197701],[-84.24534,40.197572],[-84.24528,40.197407],[-84.245279,40.197292],[-84.245317,40.197161],[-84.245557,40.196799],[-84.246633,40.197205]]]},"properties":{"p":"M40-059820","o":"J AND A HOMES LLC","a":"LOCK LN","d":"PIQUA CITY SCHOOL DISTRICT","t":32.59,"l":"500: Res-Vacant Land","c":0}},{"type":"Feature","geometry":{"type":"Polygon","coordinates":[[[-84.245746,40.198137],[-84.244511,40.19902],[-84.244449,40.198026],[-84.245224,40.197698],[-84.24533,40.197808],[-84.245746,40.198137]]]},"properties":{"p":"M40-059828","o":"J AND A HOMES LLC","a":"LOCK LN","d":"PIQUA CITY SCHOOL DISTRICT","t":30.21,"l":"500: Res-Vacant Land","c":0}},{"type":"Feature","geometry":{"type":"Polygon","coordinates":[[[-84.254971,40.159673],[-84.254803,40.159707],[-84.25481,40.159422],[-84.254984,40.159427],[-84.254971,40.159673]]]},"properties":{"p":"N44-027230","o":"TIDERINGTON DALE ROBERT","a":"815  VINE ST","d":"PIQUA CITY SCHOOL DISTRICT","t":36040.15,"l":"510: Res-Single Family","c":0}},{"type":"Feature","geometry":{"type":"Polygon","coordinates":[[[-84.256787,40.159247],[-84.256793,40.159124],[-84.257297,40.159139],[-84.257291,40.159262],[-84.256787,40.159247]]]},"properties":{"p":"N44-026960","o":"NAPIER GLENN E","a":"1312  WASHINGTON AVE","d":"PIQUA CITY SCHOOL DISTRICT","t":535.03,"l":"510: Res-Single Family","c":0}},{"type":"Feature","geometry":{"type":"Polygon","coordinates":[[[-84.254965,40.157311],[-84.254967,40.157188],[-84.255441,40.157202],[-84.255435,40.157325],[-84.254965,40.157311]]]},"properties":{"p":"N44-026480","o":"CANTRELL MELISSA SUE","a":"1119  MADISON AVE","d":"PIQUA CITY SCHOOL DISTRICT","t":1666.31,"l":"510: Res-Single Family","c":0}},{"type":"Feature","geometry":{"type":"Polygon","coordinates":[[[-84.256219,40.156222],[-84.256225,40.156099],[-84.256729,40.156114],[-84.256723,40.156237],[-84.256219,40.156222]]]},"properties":{"p":"N44-025950","o":"HART FAMILY INVESTMENT","a":"1017  WASHINGTON AVE","d":"PIQUA CITY SCHOOL DISTRICT","t":967.24,"l":"510: Res-Single Family","c":0}},{"type":"Feature","geometry":{"type":"Polygon","coordinates":[[[-84.254984,40.156556],[-84.254987,40.156433],[-84.255479,40.156447],[-84.255473,40.156571],[-84.254984,40.156556]]]},"properties":{"p":"N44-025770","o":"WALLING SHAWN M A","a":"1029  MADISON AVE","d":"PIQUA CITY SCHOOL DISTRICT","t":1045.94,"l":"510: Res-Single Family","c":0}},{"type":"Feature","geometry":{"type":"Polygon","coordinates":[[[-84.251239,40.14596],[-84.251179,40.145813],[-84.251674,40.14569],[-84.251735,40.145838],[-84.251239,40.14596]]]},"properties":{"p":"N44-025070","o":"STOUT LINDA","a":"118  GORDON ST","d":"PIQUA CITY SCHOOL DISTRICT","t":30.14,"l":"510: Res-Single Family","c":0}},{"type":"Feature","geometry":{"type":"Polygon","coordinates":[[[-84.252466,40.153173],[-84.252288,40.153176],[-84.252275,40.152758],[-84.252448,40.152755],[-84.252466,40.153173]]]},"properties":{"p":"N44-024860","o":"DAVIS JEREMY A","a":"904  BOONE ST","d":"PIQUA CITY SCHOOL DISTRICT","t":657.15,"l":"510: Res-Single Family","c":0}},{"type":"Feature","geometry":{"type":"Polygon","coordinates":[[[-84.250341,40.145398],[-84.250168,40.145441],[-84.250142,40.145167],[-84.25032,40.145164],[-84.250341,40.145398]]]},"properties":{"p":"N44-023710","o":"ALEXANDER JOYCE M","a":"630  WOOD ST","d":"PIQUA CITY SCHOOL DISTRICT","t":1501.82,"l":"510: Res-Single Family","c":0}},{"type":"Feature","geometry":{"type":"Polygon","coordinates":[[[-84.249359,40.14564],[-84.24924,40.14567],[-84.249208,40.145427],[-84.249349,40.145425],[-84.249359,40.14564]]]},"properties":{"p":"N44-023620","o":"MARKS JOEL","a":"603  COVINGTON AVE","d":"PIQUA CITY SCHOOL DISTRICT","t":6850.95,"l":"510: Res-Single Family","c":0}},{"type":"Feature","geometry":{"type":"Polygon","coordinates":[[[-84.249596,40.144586],[-84.249443,40.144589],[-84.249433,40.144175],[-84.249586,40.144173],[-84.249596,40.144586]]]},"properties":{"p":"N44-023570","o":"SOLID FOUNDATION LIVING LLC","a":"618-620  MIAMI ST","d":"PIQUA CITY SCHOOL DISTRICT","t":515.01,"l":"520: Res-Two Family","c":0}},{"type":"Feature","geometry":{"type":"Polygon","coordinates":[[[-84.256104,40.146651],[-84.2561,40.146514],[-84.256781,40.146503],[-84.256784,40.14664],[-84.256104,40.146651]]]},"properties":{"p":"N44-022330","o":"WEAD ANN E","a":"114  CASSELL ST","d":"PIQUA CITY SCHOOL DISTRICT","t":36148.75,"l":"500: Res-Vacant Land","c":0}},{"type":"Feature","geometry":{"type":"Polygon","coordinates":[[[-84.25209,40.143057],[-84.25208,40.14281],[-84.252171,40.142809],[-84.252177,40.143051],[-84.25209,40.143057]]]},"properties":{"p":"N44-021980","o":"REED BROOKS","a":"YOUNG ST","d":"PIQUA CITY SCHOOL DISTRICT","t":794.71,"l":"599: Res-Other","c":0}},{"type":"Feature","geometry":{"type":"Polygon","coordinates":[[[-84.251704,40.141981],[-84.252354,40.141948],[-84.252352,40.142065],[-84.251704,40.141981]]]},"properties":{"p":"N44-021970","o":"ROARK KALISA J","a":"337  ELLERMAN ST","d":"PIQUA CITY SCHOOL DISTRICT","t":113.93,"l":"510: Res-Single Family","c":0}},{"type":"Feature","geometry":{"type":"Polygon","coordinates":[[[-84.252029,40.141907],[-84.251859,40.141945],[-84.251865,40.141381],[-84.252041,40.141319],[-84.252029,40.141907]]]},"properties":{"p":"N44-021770","o":"SCHAEFER MICHAEL EUGENE","a":"ELLERMAN","d":"PIQUA CITY SCHOOL DISTRICT","t":47.28,"l":"500: Res-Vacant Land","c":0}},{"type":"Feature","geometry":{"type":"Polygon","coordinates":[[[-84.251814,40.147305],[-84.251802,40.146905],[-84.25192,40.146903],[-84.251932,40.147303],[-84.251814,40.147305]]]},"properties":{"p":"N44-020920","o":"MAGILL KEVIN R","a":"829  WATER ST","d":"PIQUA CITY SCHOOL DISTRICT","t":763.5,"l":"510: Res-Single Family","c":0}},{"type":"Feature","geometry":{"type":"Polygon","coordinates":[[[-84.251608,40.147309],[-84.251597,40.146908],[-84.251688,40.146907],[-84.2517,40.147307],[-84.251608,40.147309]]]},"properties":{"p":"N44-020910","o":"LAMBERT DARRELL M","a":"821  WATER ST W","d":"PIQUA CITY SCHOOL DISTRICT","t":45.32,"l":"510: Res-Single Family","c":0}},{"type":"Feature","geometry":{"type":"Polygon","coordinates":[[[-84.251472,40.147932],[-84.251236,40.147936],[-84.251225,40.147497],[-84.251461,40.147493],[-84.251472,40.147932]]]},"properties":{"p":"N44-020680","o":"ADAMS WILLIAM C","a":"816  WATER ST W","d":"PIQUA CITY SCHOOL DISTRICT","t":2015,"l":"510: Res-Single Family","c":0}},{"type":"Feature","geometry":{"type":"Polygon","coordinates":[[[-84.244241,40.141],[-84.244246,40.14117],[-84.243993,40.141173],[-84.243987,40.141003],[-84.244241,40.141]]]},"properties":{"p":"N44-020010","o":"ARIELY GROUP LLC","a":"519  ROOSEVELT AVE S","d":"PIQUA CITY SCHOOL DISTRICT","t":31.91,"l":"510: Res-Single Family","c":0}},{"type":"Feature","geometry":{"type":"Polygon","coordinates":[[[-84.244241,40.141],[-84.243987,40.141003],[-84.243979,40.140756],[-84.244232,40.140753],[-84.244241,40.141]]]},"properties":{"p":"N44-020000","o":"YOUNG ANGELA K","a":"342  SOUTH ST","d":"PIQUA CITY SCHOOL DISTRICT","t":37795.56,"l":"500: Res-Vacant Land","c":0}},{"type":"Feature","geometry":{"type":"Polygon","coordinates":[[[-84.247325,40.144627],[-84.247309,40.144204],[-84.247488,40.144202],[-84.247504,40.144624],[-84.247325,40.144627]]]},"properties":{"p":"N44-019740","o":"BAKER DANIELLE","a":"504  MIAMI ST","d":"PIQUA CITY SCHOOL DISTRICT","t":1208.03,"l":"510: Res-Single Family","c":0}},{"type":"Feature","geometry":{"type":"Polygon","coordinates":[[[-84.248424,40.159166],[-84.248192,40.159035],[-84.248413,40.158927],[-84.248561,40.159099],[-84.248424,40.159166]]]},"properties":{"p":"N44-019660","o":"VANDERMOLEN KELLY","a":"1201  BROADWAY","d":"PIQUA CITY SCHOOL DISTRICT","t":1121.53,"l":"510: Res-Single Family","c":0}},{"type":"Feature","geometry":{"type":"Polygon","coordinates":[[[-84.251523,40.148986],[-84.25152,40.148876],[-84.251713,40.148873],[-84.251717,40.148982],[-84.251523,40.148986]]]},"properties":{"p":"N44-019157","o":"PAYNE NICOLE R","a":"317  VIRGINIA ST","d":"PIQUA CITY SCHOOL DISTRICT","t":42477.21,"l":"510: Res-Single Family","c":0}},{"type":"Feature","geometry":{"type":"Polygon","coordinates":[[[-84.24597,40.158363],[-84.245819,40.158275],[-84.245979,40.158101],[-84.246135,40.158184],[-84.24597,40.158363]]]},"properties":{"p":"N44-018400","o":"MARCUM REBEL","a":"456  RIVERSIDE DR","d":"PIQUA CITY SCHOOL DISTRICT","t":2227.64,"l":"510: Res-Single Family","c":0}},{"type":"Feature","geometry":{"type":"Polygon","coordinates":[[[-84.24608,40.158377],[-84.24605,40.15841],[-84.24597,40.158363],[-84.246135,40.158184],[-84.246221,40.158227],[-84.24608,40.158377]]]},"properties":{"p":"N44-018350","o":"FLAUTE DEBORAH J","a":"458  RIVERSIDE","d":"PIQUA CITY SCHOOL DISTRICT","t":5413.05,"l":"510: Res-Single Family","c":0}},{"type":"Feature","geometry":{"type":"Polygon","coordinates":[[[-84.247067,40.158165],[-84.246746,40.158332],[-84.246616,40.15827],[-84.246984,40.158079],[-84.247067,40.158165]]]},"properties":{"p":"N44-018310","o":"BRANAM RANDALL C JR","a":"505  RIVERSIDE DR","d":"PIQUA CITY SCHOOL DISTRICT","t":2388.56,"l":"510: Res-Single Family","c":0}},{"type":"Feature","geometry":{"type":"Polygon","coordinates":[[[-84.247253,40.153276],[-84.247167,40.153278],[-84.24715,40.15284],[-84.247311,40.152836],[-84.247328,40.153275],[-84.247253,40.153276]]]},"properties":{"p":"N44-017860","o":"STATON HARLAN","a":"602-02.  BOONE ST","d":"PIQUA CITY SCHOOL DISTRICT","t":1478.96,"l":"520: Res-Two Family","c":0}},{"type":"Feature","geometry":{"type":"Polygon","coordinates":[[[-84.243305,40.142583],[-84.243303,40.142499],[-84.243766,40.14249],[-84.243768,40.142575],[-84.243305,40.142583]]]},"properties":{"p":"N44-017680","o":"FRANZ KENNETH A","a":"420  ADAMS ST","d":"PIQUA CITY SCHOOL DISTRICT","t":1196.44,"l":"510: Res-Single Family","c":0}},{"type":"Feature","geometry":{"type":"Polygon","coordinates":[[[-84.236908,40.152075],[-84.236527,40.152081],[-84.236479,40.151985],[-84.236905,40.151979],[-84.236908,40.152075]]]},"properties":{"p":"N44-016800","o":"LESLEY CHRISTOPHER D","a":"302  NORTH ST E","d":"PIQUA CITY SCHOOL DISTRICT","t":341.54,"l":"510: Res-Single Family","c":0}},{"type":"Feature","geometry":{"type":"Polygon","coordinates":[[[-84.236534,40.150758],[-84.236367,40.150761],[-84.236351,40.150557],[-84.236527,40.150555],[-84.236534,40.150758]]]},"properties":{"p":"N44-016730","o":"VANVOORHIS GWENDOLYN M","a":"309  GREENE ST E","d":"PIQUA CITY SCHOOL DISTRICT","t":260.04,"l":"510: Res-Single Family","c":0}},{"type":"Feature","geometry":{"type":"Polygon","coordinates":[[[-84.238213,40.141232],[-84.238194,40.141112],[-84.238229,40.14111],[-84.238249,40.14123],[-84.238213,40.141232]]]},"properties":{"p":"N44-016492","o":"HUBER WILLIAM","a":"EAST ST","d":"PIQUA CITY SCHOOL DISTRICT","t":678.41,"l":"500: Res-Vacant Land","c":0}},{"type":"Feature","geometry":{"type":"Polygon","coordinates":[[[-84.249461,40.148425],[-84.249238,40.148429],[-84.249226,40.147993],[-84.24945,40.14799],[-84.249461,40.148425]]]},"properties":{"p":"N44-016240","o":"WARNKEY PROPERTY","a":"701  HIGH ST","d":"PIQUA CITY SCHOOL DISTRICT","t":2545.39,"l":"510: Res-Single Family","c":0}},{"type":"Feature","geometry":{"type":"Polygon","coordinates":[[[-84.246524,40.157879],[-84.246766,40.158059],[-84.246468,40.158214],[-84.246184,40.158062],[-84.246524,40.157879]]]},"properties":{"p":"N44-015950","o":"HICKS MATTHEW A","a":"461  RIVERSIDE DR","d":"PIQUA CITY SCHOOL DISTRICT","t":25148.47,"l":"500: Res-Vacant Land","c":0}},{"type":"Feature","geometry":{"type":"Polygon","coordinates":[[[-84.24654,40.15746],[-84.246301,40.157584],[-84.246234,40.157517],[-84.246488,40.157385],[-84.24654,40.15746]]]},"properties":{"p":"N44-015800","o":"BROWNER PAUL","a":"1044  CALDWELL ST","d":"PIQUA CITY SCHOOL DISTRICT","t":7580.63,"l":"510: Res-Single Family","c":0}},{"type":"Feature","geometry":{"type":"Polygon","coordinates":[[[-84.248141,40.15115],[-84.248124,40.150743],[-84.248241,40.15074],[-84.248257,40.151148],[-84.248141,40.15115]]]},"properties":{"p":"N44-015180","o":"RAMIREZ LUIS","a":"628-630  GREENE ST W","d":"PIQUA CITY SCHOOL DISTRICT","t":55.84,"l":"520: Res-Two Family","c":0}},{"type":"Feature","geometry":{"type":"Polygon","coordinates":[[[-84.247695,40.150569],[-84.247686,40.150264],[-84.247908,40.15026],[-84.247909,40.150293],[-84.247791,40.150295],[-84.247799,40.150567],[-84.247695,40.150569]]]},"properties":{"p":"N44-015110","o":"COLLINS STEVEN D","a":"625  GREENE W","d":"PIQUA CITY SCHOOL DISTRICT","t":1723.37,"l":"510: Res-Single Family","c":0}},{"type":"Feature","geometry":{"type":"Polygon","coordinates":[[[-84.248188,40.149215],[-84.247973,40.149219],[-84.247968,40.149088],[-84.248183,40.149083],[-84.248188,40.149215]]]},"properties":{"p":"N44-014800","o":"ROTH OF WALNUT LLC","a":"362  WALNUT ST","d":"PIQUA CITY SCHOOL DISTRICT","t":131.7,"l":"510: Res-Single Family","c":0}},{"type":"Feature","geometry":{"type":"Polygon","coordinates":[[[-84.248842,40.14948],[-84.248833,40.149247],[-84.249048,40.149243],[-84.249057,40.149476],[-84.248842,40.14948]]]},"properties":{"p":"N44-014746","o":"PHILLIPS ROBERT L","a":"651 W ASH ST","d":"PIQUA CITY SCHOOL DISTRICT","t":5324.83,"l":"499: Com-Other","c":0}},{"type":"Feature","geometry":{"type":"Polygon","coordinates":[[[-84.248842,40.14948],[-84.248681,40.149483],[-84.248666,40.149074],[-84.248826,40.149071],[-84.248842,40.14948]]]},"properties":{"p":"N44-014744","o":"PHILLIPS ROBERT L","a":"W ASH ST","d":"PIQUA CITY SCHOOL DISTRICT","t":1976.93,"l":"456: Com-Parking Garage","c":0}},{"type":"Feature","geometry":{"type":"Polygon","coordinates":[[[-84.255021,40.143204],[-84.254853,40.143223],[-84.254785,40.142851],[-84.254962,40.14283],[-84.255021,40.143204]]]},"properties":{"p":"N44-014340","o":"KNOTT WILLIAM","a":"920  YOUNG ST","d":"PIQUA CITY SCHOOL DISTRICT","t":1899.9,"l":"510: Res-Single Family","c":0}},{"type":"Feature","geometry":{"type":"Polygon","coordinates":[[[-84.251566,40.139369],[-84.251017,40.139376],[-84.251013,40.139129],[-84.251834,40.139119],[-84.251838,40.139366],[-84.251566,40.139369]]]},"properties":{"p":"N44-013900","o":"HAMMER MICHAEL","a":"515  COTTAGE AVE","d":"PIQUA CITY SCHOOL DISTRICT","t":1469.68,"l":"510: Res-Single Family","c":0}},{"type":"Feature","geometry":{"type":"Polygon","coordinates":[[[-84.244307,40.143515],[-84.243872,40.143521],[-84.243868,40.143378],[-84.244302,40.143372],[-84.244307,40.143515]]]},"properties":{"p":"N44-013240","o":"SHOEMAKER MICHAEL","a":"321 S ROOSEVELT ST","d":"PIQUA CITY SCHOOL DISTRICT","t":243.07,"l":"599: Res-Other","c":0}},{"type":"Feature","geometry":{"type":"Polygon","coordinates":[[[-84.24192,40.139711],[-84.241448,40.139717],[-84.241445,40.139618],[-84.241917,40.139613],[-84.24192,40.139711]]]},"properties":{"p":"N44-013140","o":"PROBST JOHN","a":"633  DOWNING ST S","d":"PIQUA CITY SCHOOL DISTRICT","t":36767.05,"l":"500: Res-Vacant Land","c":0}},{"type":"Feature","geometry":{"type":"Polygon","coordinates":[[[-84.24121,40.139354],[-84.240738,40.139361],[-84.240735,40.13927],[-84.241392,40.13926],[-84.241394,40.139351],[-84.24121,40.139354]]]},"properties":{"p":"N44-012770","o":"CLEGG TAMMERA L","a":"646  WAYNE ST S","d":"PIQUA CITY SCHOOL DISTRICT","t":819.14,"l":"510: Res-Single Family","c":0}},{"type":"Feature","geometry":{"type":"Polygon","coordinates":[[[-84.247283,40.150113],[-84.247009,40.150117],[-84.247006,40.150008],[-84.247279,40.150003],[-84.247283,40.150113]]]},"properties":{"p":"N44-011500","o":"MALONE JODY M (LE)","a":"412  FRANKLIN ST","d":"PIQUA CITY SCHOOL DISTRICT","t":878.35,"l":"510: Res-Single Family","c":0}},{"type":"Feature","geometry":{"type":"Polygon","coordinates":[[[-84.247283,40.150113],[-84.247279,40.150003],[-84.247339,40.150002],[-84.247342,40.150112],[-84.247283,40.150113]]]},"properties":{"p":"N44-011495","o":"MALONE JODY M (LE)","a":"ASH ST","d":"PIQUA CITY SCHOOL DISTRICT","t":52.61,"l":"599: Res-Other","c":0}},{"type":"Feature","geometry":{"type":"Polygon","coordinates":[[[-84.247704,40.153268],[-84.247557,40.153271],[-84.24754,40.152832],[-84.247687,40.15283],[-84.247704,40.153268]]]},"properties":{"p":"N44-011110","o":"KINDELL MARY LOU","a":"610-10.  BOONE ST","d":"PIQUA CITY SCHOOL DISTRICT","t":16565.56,"l":"500: Res-Vacant Land","c":0}},{"type":"Feature","geometry":{"type":"Polygon","coordinates":[[[-84.235041,40.150445],[-84.234891,40.150447],[-84.234879,40.150017],[-84.235088,40.150003],[-84.235104,40.150444],[-84.235041,40.150445]]]},"properties":{"p":"N44-009600","o":"DSK PORTFOLIO 15 LLC","a":"410  ASH ST E","d":"PIQUA CITY SCHOOL DISTRICT","t":583.15,"l":"510: Res-Single Family","c":0}},{"type":"Feature","geometry":{"type":"Polygon","coordinates":[[[-84.246353,40.149212],[-84.246484,40.14921],[-84.246489,40.14939],[-84.246358,40.149391],[-84.246353,40.149212]]]},"properties":{"p":"N44-009150","o":"ELITE AESTHETICS SALON","a":"531  ASH ST W","d":"PIQUA CITY SCHOOL DISTRICT","t":1542.17,"l":"499: Com-Other","c":0}},{"type":"Feature","geometry":{"type":"Polygon","coordinates":[[[-84.244613,40.149022],[-84.244605,40.148696],[-84.24478,40.148692],[-84.244789,40.149019],[-84.244613,40.149022]]]},"properties":{"p":"N44-008520","o":"FUGATE TYLER I","a":"418  HIGH ST W","d":"PIQUA CITY SCHOOL DISTRICT","t":3841.79,"l":"510: Res-Single Family","c":0}},{"type":"Feature","geometry":{"type":"Polygon","coordinates":[[[-84.244183,40.145989],[-84.243959,40.145993],[-84.243957,40.145922],[-84.244181,40.145918],[-84.244183,40.145989]]]},"properties":{"p":"N44-008095","o":"REED ROBERT J","a":"ROOSEVELT AVE","d":"PIQUA CITY SCHOOL DISTRICT","t":305.35,"l":"400: Com-Vacant Land","c":0}},{"type":"Feature","geometry":{"type":"Polygon","coordinates":[[[-84.243957,40.145922],[-84.243955,40.145861],[-84.244179,40.145857],[-84.244181,40.145918],[-84.243957,40.145922]]]},"properties":{"p":"N44-008090","o":"REED ROBERT J","a":"ROOSEVELT AVE","d":"PIQUA CITY SCHOOL DISTRICT","t":7132.55,"l":"400: Com-Vacant Land","c":0}},{"type":"Feature","geometry":{"type":"Polygon","coordinates":[[[-84.242005,40.142475],[-84.241442,40.142482],[-84.241439,40.142405],[-84.242002,40.142398],[-84.242005,40.142475]]]},"properties":{"p":"N44-007600","o":"SIMPSON KATHY","a":"423  DOWNING ST S","d":"PIQUA CITY SCHOOL DISTRICT","t":403.3,"l":"510: Res-Single Family","c":0}},{"type":"Feature","geometry":{"type":"Polygon","coordinates":[[[-84.241393,40.142127],[-84.241179,40.14213],[-84.241174,40.141992],[-84.241388,40.141987],[-84.241393,40.142127]]]},"properties":{"p":"N44-007330","o":"VOGANN LINDA L","a":"212  GRANT ST W","d":"PIQUA CITY SCHOOL DISTRICT","t":3981.59,"l":"510: Res-Single Family","c":0}},{"type":"Feature","geometry":{"type":"Polygon","coordinates":[[[-84.244385,40.149564],[-84.244248,40.149567],[-84.244241,40.149363],[-84.24438,40.149361],[-84.244385,40.149564]]]},"properties":{"p":"N44-007120","o":"HORN KYRA NICHOLE (TR)","a":"415  ASH ST W","d":"PIQUA CITY SCHOOL DISTRICT","t":1234.02,"l":"510: Res-Single Family","c":0}},{"type":"Feature","geometry":{"type":"Polygon","coordinates":[[[-84.240583,40.140956],[-84.240228,40.140964],[-84.240226,40.140892],[-84.240581,40.140885],[-84.240583,40.140956]]]},"properties":{"p":"N44-006530","o":"HATTON DAN L","a":"535  WAYNE ST S","d":"PIQUA CITY SCHOOL DISTRICT","t":10.78,"l":"510: Res-Single Family","c":0}},{"type":"Feature","geometry":{"type":"Polygon","coordinates":[[[-84.245854,40.154117],[-84.245621,40.154122],[-84.245613,40.153912],[-84.245847,40.153907],[-84.245854,40.154117]]]},"properties":{"p":"N44-005810","o":"MANGEN ERIC","a":"800  BROADWAY","d":"PIQUA CITY SCHOOL DISTRICT","t":3039.08,"l":"510: Res-Single Family","c":0}},{"type":"Feature","geometry":{"type":"Polygon","coordinates":[[[-84.245909,40.152684],[-84.24557,40.152692],[-84.245562,40.152488],[-84.245901,40.152481],[-84.245909,40.152684]]]},"properties":{"p":"N44-005663","o":"HOPE CHAPEL","a":"624  BROADWAY","d":"PIQUA CITY SCHOOL DISTRICT","t":117253.1,"l":"400: Com-Vacant Land","c":0}},{"type":"Feature","geometry":{"type":"Polygon","coordinates":[[[-84.240199,40.143925],[-84.240687,40.143914],[-84.240691,40.144038],[-84.240204,40.144049],[-84.240199,40.143925]]]},"properties":{"p":"N44-003850","o":"EBM HOME RENOVATIONS LLC","a":"313  WAYNE ST S","d":"PIQUA CITY SCHOOL DISTRICT","t":1291.31,"l":"510: Res-Single Family","c":0}},{"type":"Feature","geometry":{"type":"Polygon","coordinates":[[[-84.240357,40.151497],[-84.240453,40.151495],[-84.240461,40.151739],[-84.240282,40.151743],[-84.240274,40.151498],[-84.240357,40.151497]]]},"properties":{"p":"N44-003620","o":"HORN KYRA NICHOLE (TR)","a":"119--121 W NORTH ST","d":"PIQUA CITY SCHOOL DISTRICT","t":1155.18,"l":"520: Res-Two Family","c":0}},{"type":"Feature","geometry":{"type":"Polygon","coordinates":[[[-84.239531,40.151327],[-84.239134,40.151333],[-84.239131,40.151223],[-84.239528,40.151217],[-84.239531,40.151327]]]},"properties":{"p":"N44-003210","o":"GUVENAR JAYDEN","a":"513  MAIN ST N","d":"PIQUA CITY SCHOOL DISTRICT","t":50.63,"l":"429: Com-Other","c":0}},{"type":"Feature","geometry":{"type":"Polygon","coordinates":[[[-84.237887,40.151575],[-84.238173,40.15157],[-84.23818,40.151779],[-84.237893,40.151783],[-84.237887,40.151575]]]},"properties":{"p":"N44-002790","o":"REID JACK K","a":"203-205  NORTH ST E","d":"PIQUA CITY SCHOOL DISTRICT","t":472.02,"l":"520: Res-Two Family","c":0}},{"type":"Feature","geometry":{"type":"Polygon","coordinates":[[[-84.237638,40.152384],[-84.237441,40.152334],[-84.237464,40.151971],[-84.237625,40.151969],[-84.237638,40.152384]]]},"properties":{"p":"N44-002720","o":"ALBERS TYLER A","a":"212  NORTH ST E","d":"PIQUA CITY SCHOOL DISTRICT","t":1032.24,"l":"510: Res-Single Family","c":0}},{"type":"Feature","geometry":{"type":"Polygon","coordinates":[[[-84.237441,40.152334],[-84.237439,40.152362],[-84.237247,40.152339],[-84.237237,40.151974],[-84.237464,40.151971],[-84.237441,40.152334]]]},"properties":{"p":"N44-002710","o":"ADAMS DAVID N","a":"218  NORTH ST E","d":"PIQUA CITY SCHOOL DISTRICT","t":373.4,"l":"530: Res-Three Family","c":0}},{"type":"Feature","geometry":{"type":"Polygon","coordinates":[[[-84.237457,40.15179],[-84.237282,40.151792],[-84.237275,40.151584],[-84.23731,40.151584],[-84.237306,40.151471],[-84.237447,40.151468],[-84.237457,40.15179]]]},"properties":{"p":"N44-002680","o":"JACOMET PATRICK J","a":"217  NORTH ST E","d":"PIQUA CITY SCHOOL DISTRICT","t":55.93,"l":"510: Res-Single Family","c":0}},{"type":"Feature","geometry":{"type":"Polygon","coordinates":[[[-84.237275,40.151584],[-84.237021,40.151589],[-84.237017,40.151472],[-84.2373,40.151467],[-84.237304,40.151584],[-84.237275,40.151584]]]},"properties":{"p":"N44-002660","o":"JACOMET PATRICK J","a":"NORTH ST E","d":"PIQUA CITY SCHOOL DISTRICT","t":4.55,"l":"500: Res-Vacant Land","c":0}},{"type":"Feature","geometry":{"type":"Polygon","coordinates":[[[-84.240891,40.150228],[-84.240528,40.150233],[-84.240525,40.150108],[-84.240887,40.150103],[-84.240891,40.150228]]]},"properties":{"p":"N44-001690","o":"RUFFNER MATTHEW FOREST","a":"417  WAYNE ST N","d":"PIQUA CITY SCHOOL DISTRICT","t":1136.74,"l":"447: Com-Office","c":0}},{"type":"Feature","geometry":{"type":"Polygon","coordinates":[[[-84.239727,40.149978],[-84.239723,40.149828],[-84.240151,40.14982],[-84.240154,40.149972],[-84.239727,40.149978]]]},"properties":{"p":"N44-001530","o":"400 N MAIN STREET LLC","a":"400 N MAIN ST","d":"PIQUA CITY SCHOOL DISTRICT","t":4124.93,"l":"449: Com-Office 3+ Elevator","c":0}},{"type":"Feature","geometry":{"type":"Polygon","coordinates":[[[-84.240282,40.149449],[-84.239712,40.149459],[-84.239709,40.149353],[-84.240279,40.149342],[-84.240282,40.149449]]]},"properties":{"p":"N44-001510","o":"BEACHY DANIEL J","a":"322-324  MAIN ST N","d":"PIQUA CITY SCHOOL DISTRICT","t":4352.5,"l":"429: Com-Other","c":0}},{"type":"Feature","geometry":{"type":"Polygon","coordinates":[[[-84.240443,40.146133],[-84.240754,40.146126],[-84.240764,40.146426],[-84.240453,40.146433],[-84.240443,40.146133]]]},"properties":{"p":"N44-001234","o":"ZOLO 101 LLC","a":"101 S WAYNE ST","d":"PIQUA CITY SCHOOL DISTRICT","t":19236.73,"l":"499: Com-Other","c":0}},{"type":"Feature","geometry":{"type":"Polygon","coordinates":[[[-84.240453,40.146433],[-84.24004,40.146442],[-84.240037,40.146332],[-84.239865,40.146336],[-84.23986,40.146146],[-84.240443,40.146133],[-84.240453,40.146433]]]},"properties":{"p":"N44-001232","o":"ZOLO 101 LLC","a":"WAYNE ST","d":"PIQUA CITY SCHOOL DISTRICT","t":2844.08,"l":"400: Com-Vacant Land","c":0}},{"type":"Feature","geometry":{"type":"Polygon","coordinates":[[[-84.237752,40.149038],[-84.237743,40.148814],[-84.237832,40.148812],[-84.237839,40.149037],[-84.237752,40.149038]]]},"properties":{"p":"N44-000460","o":"BOWLES DAYMON RYEN","a":"208  HIGH ST E","d":"PIQUA CITY SCHOOL DISTRICT","t":1092.69,"l":"510: Res-Single Family","c":0}},{"type":"Feature","geometry":{"type":"Polygon","coordinates":[[[-84.245667,40.196342],[-84.244309,40.195768],[-84.244298,40.195595],[-84.246143,40.195533],[-84.246127,40.195636],[-84.246085,40.195731],[-84.245667,40.196342]]]},"properties":{"p":"M40-059834","o":"J AND A HOMES LLC","a":"LOCK LN","d":"PIQUA CITY SCHOOL DISTRICT","t":22.06,"l":"500: Res-Vacant Land","c":0}},{"type":"Feature","geometry":{"type":"Polygon","coordinates":[[[-84.246001,40.199152],[-84.244521,40.199188],[-84.244511,40.19902],[-84.245746,40.198137],[-84.245783,40.198179],[-84.245806,40.198263],[-84.245836,40.198305],[-84.245899,40.198343],[-84.245983,40.198356],[-84.246001,40.199152]]]},"properties":{"p":"M40-059826","o":"J AND A HOMES LLC","a":"LOCK LN","d":"PIQUA CITY SCHOOL DISTRICT","t":33.1,"l":"500: Res-Vacant Land","c":0}},{"type":"Feature","geometry":{"type":"Polygon","coordinates":[[[-84.24708,40.199126],[-84.246001,40.199152],[-84.245983,40.198356],[-84.246087,40.198327],[-84.246149,40.198253],[-84.247056,40.198422],[-84.24708,40.199126]]]},"properties":{"p":"M40-059824","o":"J AND A HOMES LLC","a":"LOCK LN","d":"PIQUA CITY SCHOOL DISTRICT","t":31.51,"l":"500: Res-Vacant Land","c":0}},{"type":"Feature","geometry":{"type":"Polygon","coordinates":[[[-84.246954,40.197327],[-84.245557,40.196799],[-84.246006,40.196146],[-84.246068,40.196137],[-84.247195,40.19659],[-84.247251,40.196627],[-84.247308,40.196702],[-84.24736,40.196733],[-84.246954,40.197327]]]},"properties":{"p":"M40-059818","o":"J AND A HOMES LLC","a":"LOCK LN","d":"PIQUA CITY SCHOOL DISTRICT","t":35.47,"l":"500: Res-Vacant Land","c":0}},{"type":"Feature","geometry":{"type":"Polygon","coordinates":[[[-84.248406,40.197367],[-84.24808,40.197752],[-84.246954,40.197327],[-84.24736,40.196733],[-84.247425,40.196749],[-84.247499,40.196743],[-84.247559,40.196717],[-84.247602,40.196676],[-84.248404,40.196998],[-84.248406,40.197367]]]},"properties":{"p":"M40-059816","o":"J AND A HOMES LLC","a":"PICKAWILLANY WY","d":"PIQUA CITY SCHOOL DISTRICT","t":73.93,"l":"500: Res-Vacant Land","c":0}},{"type":"Feature","geometry":{"type":"Polygon","coordinates":[[[-84.248404,40.196998],[-84.247602,40.196676],[-84.247621,40.19663],[-84.247617,40.196578],[-84.247588,40.196531],[-84.247537,40.196495],[-84.247461,40.196475],[-84.247316,40.196479],[-84.247185,40.196431],[-84.247698,40.19568],[-84.248381,40.196126],[-84.248404,40.196998]]]},"properties":{"p":"M40-059814","o":"J AND A HOMES LLC","a":"PICKAWILLANY WY","d":"PIQUA CITY SCHOOL DISTRICT","t":60.69,"l":"500: Res-Vacant Land","c":0}},{"type":"Feature","geometry":{"type":"Polygon","coordinates":[[[-84.247185,40.196431],[-84.246135,40.196004],[-84.246128,40.195965],[-84.246291,40.195701],[-84.246322,40.195526],[-84.247448,40.195516],[-84.247698,40.19568],[-84.247185,40.196431]]]},"properties":{"p":"M40-059812","o":"J AND A HOMES LLC","a":"PICKAWILLANY WY","d":"PIQUA CITY SCHOOL DISTRICT","t":54.61,"l":"500: Res-Vacant Land","c":0}},{"type":"Feature","geometry":{"type":"Polygon","coordinates":[[[-84.275926,40.161397],[-84.275823,40.161398],[-84.275822,40.161319],[-84.275925,40.161318],[-84.275926,40.161397]]]},"properties":{"p":"M40-059052","o":"SIGMAN BO","a":"8446  BENNETT DR N","d":"PIQUA CITY SCHOOL DISTRICT","t":327.35,"l":"550: Res-Condo","c":0}},{"type":"Feature","geometry":{"type":"Polygon","coordinates":[[[-84.257841,40.172398],[-84.25782,40.172405],[-84.257732,40.171989],[-84.25761,40.171876],[-84.257597,40.171814],[-84.257695,40.171778],[-84.257708,40.171836],[-84.257816,40.171954],[-84.257841,40.172398]]]},"properties":{"p":"M40-045005","o":"BENNING FRANCES EMILY","a":"SR 66","d":"PIQUA CITY SCHOOL DISTRICT","t":819.02,"l":"501: Res-Custom Code","c":0}},{"type":"Feature","geometry":{"type":"Polygon","coordinates":[[[-84.236332,40.12341],[-84.236068,40.123401],[-84.236081,40.122796],[-84.23612,40.122591],[-84.236368,40.122607],[-84.236332,40.12341]]]},"properties":{"p":"M40-042870","o":"FAMILIA RAMIREZ HOLDING","a":"5795  CO RD 25A N","d":"PIQUA CITY SCHOOL DISTRICT","t":1541.92,"l":"430: Com-Retaurant","c":0}},{"type":"Feature","geometry":{"type":"Polygon","coordinates":[[[-84.235976,40.123398],[-84.235722,40.123389],[-84.235816,40.12278],[-84.235995,40.122791],[-84.235976,40.123398]]]},"properties":{"p":"M40-042870","o":"FAMILIA RAMIREZ HOLDING","a":"5795  CO RD 25A N","d":"PIQUA CITY SCHOOL DISTRICT","t":1541.92,"l":"430: Com-Retaurant","c":0}},{"type":"Feature","geometry":{"type":"Polygon","coordinates":[[[-84.299026,40.134408],[-84.2988,40.133819],[-84.299228,40.133716],[-84.299483,40.13438],[-84.299055,40.134483],[-84.299026,40.134408]]]},"properties":{"p":"M40-006210","o":"ROBNSON MIRIAM","a":"5025  US 36 W","d":"PIQUA CITY SCHOOL DISTRICT","t":842.29,"l":"511: Res-Custom Code","c":0}},{"type":"Feature","geometry":{"type":"Polygon","coordinates":[[[-84.334538,39.965675],[-84.334257,39.965606],[-84.334413,39.965169],[-84.334693,39.965238],[-84.334538,39.965675]]]},"properties":{"p":"L39-021740","o":"J AND A HOMES LLC","a":"328  HAYES ST","d":"MILTON-UNION EX VILL SCHOOL DISTRICT","t":83.79,"l":"520: Res-Two Family","c":0}},{"type":"Feature","geometry":{"type":"Polygon","coordinates":[[[-84.326358,39.961123],[-84.325465,39.961307],[-84.325405,39.961132],[-84.326435,39.96092],[-84.326496,39.961095],[-84.326358,39.961123]]]},"properties":{"p":"L39-011610","o":"ACHOR LINDA H","a":"130  WASHINGTON ST","d":"MILTON-UNION EX VILL SCHOOL DISTRICT","t":18660.14,"l":"500: Res-Vacant Land","c":0}},{"type":"Feature","geometry":{"type":"Polygon","coordinates":[[[-84.335642,39.959836],[-84.33563,39.959471],[-84.335885,39.959466],[-84.335897,39.959831],[-84.335642,39.959836]]]},"properties":{"p":"L39-010060","o":"CHEADLE TERESA M","a":"126  WRIGHT RD","d":"MILTON-UNION EX VILL SCHOOL DISTRICT","t":24.87,"l":"510: Res-Single Family","c":0}},{"type":"Feature","geometry":{"type":"Polygon","coordinates":[[[-84.319407,39.944623],[-84.319322,39.944436],[-84.319724,39.944274],[-84.31985,39.944553],[-84.319407,39.944623]]]},"properties":{"p":"L39-009670","o":"DOHRMAN DONALD D","a":"100  BRUCE DR","d":"MILTON-UNION EX VILL SCHOOL DISTRICT","t":163.03,"l":"510: Res-Single Family","c":0}},{"type":"Feature","geometry":{"type":"Polygon","coordinates":[[[-84.331895,39.954614],[-84.331874,39.953872],[-84.331912,39.953818],[-84.331939,39.954613],[-84.331895,39.954614]]]},"properties":{"p":"L39-007700","o":"WALKER JANET E","a":"NORRIS DR","d":"MILTON-UNION EX VILL SCHOOL DISTRICT","t":88.23,"l":"500: Res-Vacant Land","c":0}},{"type":"Feature","geometry":{"type":"Polygon","coordinates":[[[-84.330821,39.968608],[-84.330788,39.968438],[-84.331323,39.96838],[-84.331345,39.968552],[-84.330821,39.968608]]]},"properties":{"p":"L39-005390","o":"WERLING SHELLIE L","a":"407  MAIN ST N","d":"MILTON-UNION EX VILL SCHOOL DISTRICT","t":3540.73,"l":"510: Res-Single Family","c":0}},{"type":"Feature","geometry":{"type":"Polygon","coordinates":[[[-84.330969,39.961719],[-84.330762,39.961761],[-84.330632,39.961387],[-84.330839,39.961345],[-84.330969,39.961719]]]},"properties":{"p":"L39-004770","o":"MCALPIN MICHAEL","a":"165  HAMILTON ST W","d":"MILTON-UNION EX VILL SCHOOL DISTRICT","t":686.73,"l":"510: Res-Single Family","c":0}},{"type":"Feature","geometry":{"type":"Polygon","coordinates":[[[-84.336075,39.960971],[-84.335878,39.960975],[-84.335878,39.960955],[-84.336074,39.960951],[-84.336075,39.960971]]]},"properties":{"p":"L39-004575","o":"BAC HOMELOANS SERVICING LP","a":"HAMILTON (REAR) ST","d":"MILTON-UNION EX VILL SCHOOL DISTRICT","t":223.86,"l":"510: Res-Single Family","c":0}},{"type":"Feature","geometry":{"type":"Polygon","coordinates":[[[-84.335097,39.96099],[-84.334901,39.960993],[-84.334901,39.960974],[-84.335097,39.96097],[-84.335097,39.96099]]]},"properties":{"p":"L39-004522","o":"PAINTER TODD SR","a":"W HAMILTON ST","d":"MILTON-UNION EX VILL SCHOOL DISTRICT","t":16.97,"l":"510: Res-Single Family","c":0}},{"type":"Feature","geometry":{"type":"Polygon","coordinates":[[[-84.332809,39.963453],[-84.332796,39.963041],[-84.33301,39.963037],[-84.333023,39.963449],[-84.332809,39.963453]]]},"properties":{"p":"L39-003970","o":"GOULD RONALD D","a":"223  PARK AVE","d":"MILTON-UNION EX VILL SCHOOL DISTRICT","t":31084.54,"l":"500: Res-Vacant Land","c":0}},{"type":"Feature","geometry":{"type":"Polygon","coordinates":[[[-84.334435,39.962968],[-84.334257,39.962971],[-84.334244,39.96256],[-84.334422,39.962556],[-84.334435,39.962968]]]},"properties":{"p":"L39-003840","o":"BAISDEN DAN JR","a":"278-280  FOREST AVE","d":"MILTON-UNION EX VILL SCHOOL DISTRICT","t":1222.37,"l":"520: Res-Two Family","c":0}},{"type":"Feature","geometry":{"type":"Polygon","coordinates":[[[-84.332748,39.961446],[-84.332736,39.961037],[-84.33295,39.961033],[-84.332962,39.961442],[-84.332748,39.961446]]]},"properties":{"p":"L39-003430","o":"WALKUP CHRISTOPHER A","a":"223 W HAMILTON ST","d":"MILTON-UNION EX VILL SCHOOL DISTRICT","t":1578.8,"l":"510: Res-Single Family","c":0}},{"type":"Feature","geometry":{"type":"Polygon","coordinates":[[[-84.331416,39.967972],[-84.331238,39.967976],[-84.331247,39.967749],[-84.331425,39.967746],[-84.331416,39.967972]]]},"properties":{"p":"L39-003230","o":"LOWRY NELLIE","a":"MCKINLEY ST","d":"MILTON-UNION EX VILL SCHOOL DISTRICT","t":8537.28,"l":"500: Res-Vacant Land","c":0}},{"type":"Feature","geometry":{"type":"Polygon","coordinates":[[[-84.330353,39.967082],[-84.32966,39.967095],[-84.329623,39.96691],[-84.330319,39.966897],[-84.330353,39.967082]]]},"properties":{"p":"L39-002680","o":"HARSH BRIAN","a":"312  MAIN ST N","d":"MILTON-UNION EX VILL SCHOOL DISTRICT","t":1035.7,"l":"510: Res-Single Family","c":0}},{"type":"Feature","geometry":{"type":"Polygon","coordinates":[[[-84.329566,39.966911],[-84.329006,39.966922],[-84.328979,39.966786],[-84.329538,39.966776],[-84.329566,39.966911]]]},"properties":{"p":"L39-002610","o":"SHERIDEN MANAGEMENT LLC","a":"303  MIAMI ST N","d":"MILTON-UNION EX VILL SCHOOL DISTRICT","t":26888.39,"l":"599: Res-Other","c":0}},{"type":"Feature","geometry":{"type":"Polygon","coordinates":[[[-84.324521,39.955905],[-84.324467,39.955772],[-84.324848,39.955705],[-84.325153,39.955632],[-84.325211,39.955775],[-84.324521,39.955905]]]},"properties":{"p":"L39-002420","o":"JONES ADAM G","a":"600  MIAMI ST S","d":"MILTON-UNION EX VILL SCHOOL DISTRICT","t":164.25,"l":"510: Res-Single Family","c":0}},{"type":"Feature","geometry":{"type":"Polygon","coordinates":[[[-84.326956,39.957432],[-84.326917,39.957319],[-84.327261,39.957247],[-84.3273,39.95736],[-84.326956,39.957432]]]},"properties":{"p":"L39-001850","o":"WINEMILLER MONICA R","a":"30  WATER ST W","d":"MILTON-UNION EX VILL SCHOOL DISTRICT","t":623.04,"l":"510: Res-Single Family","c":0}},{"type":"Feature","geometry":{"type":"Polygon","coordinates":[[[-84.411156,39.9634],[-84.410685,39.963401],[-84.410682,39.963005],[-84.411153,39.963005],[-84.411156,39.9634]]]},"properties":{"p":"L38-000830","o":"ALSIP ARNOLD","a":"42  MILTON POTSD RD","d":"MILTON-UNION EX VILL SCHOOL DISTRICT","t":86.38,"l":"560: Res-Mobile Home","c":0}},{"type":"Feature","geometry":{"type":"Polygon","coordinates":[[[-84.416368,39.963007],[-84.416339,39.963007],[-84.416335,39.962705],[-84.416365,39.962705],[-84.416368,39.963007]]]},"properties":{"p":"L38-000445","o":"SNYDER FRED","a":"CROSS ST E","d":"MILTON-UNION EX VILL SCHOOL DISTRICT","t":272.26,"l":"500: Res-Vacant Land","c":0}},{"type":"Feature","geometry":{"type":"Polygon","coordinates":[[[-84.342496,39.9981],[-84.342343,39.997705],[-84.342547,39.997658],[-84.342559,39.998085],[-84.342496,39.9981]]]},"properties":{"p":"L37-001010","o":"BOWMAN CARRIE","a":"VINE ST","d":"MILTON-UNION EX VILL SCHOOL DISTRICT","t":185.23,"l":"500: Res-Vacant Land","c":0}},{"type":"Feature","geometry":{"type":"Polygon","coordinates":[[[-84.342048,39.999854],[-84.341906,39.999457],[-84.342077,39.999417],[-84.342219,39.999814],[-84.342048,39.999854]]]},"properties":{"p":"L37-000980","o":"DEETER CIERRA","a":"FRIEND ST","d":"MILTON-UNION EX VILL SCHOOL DISTRICT","t":47.17,"l":"500: Res-Vacant Land","c":0}},{"type":"Feature","geometry":{"type":"Polygon","coordinates":[[[-84.34048,39.999615],[-84.340309,39.999654],[-84.340235,39.999456],[-84.340406,39.999417],[-84.34048,39.999615]]]},"properties":{"p":"L37-000740","o":"YOUNKER RALPH CHRISTIAN","a":"FRIEND ST","d":"MILTON-UNION EX VILL SCHOOL DISTRICT","t":100.86,"l":"500: Res-Vacant Land","c":0}},{"type":"Feature","geometry":{"type":"Polygon","coordinates":[[[-84.337678,39.996868],[-84.338143,39.996525],[-84.338672,39.996221],[-84.339245,39.99597],[-84.339856,39.995776],[-84.340078,39.995721],[-84.340263,39.996194],[-84.339174,39.996604],[-84.339002,39.996382],[-84.338448,39.996686],[-84.338194,39.996858],[-84.337943,39.997055],[-84.337678,39.996868]]]},"properties":{"p":"L37-000275","o":"SMITH ROBERT W","a":"116  GREENVILLE AVE","d":"MILTON-UNION EX VILL SCHOOL DISTRICT","t":221.15,"l":"511: Res-Custom Code","c":0}},{"type":"Feature","geometry":{"type":"Polygon","coordinates":[[[-84.342496,39.9981],[-84.34233,39.998138],[-84.342177,39.997743],[-84.342343,39.997705],[-84.342496,39.9981]]]},"properties":{"p":"L37-000220","o":"BOWMAN CARRIE","a":"VINE ST","d":"MILTON-UNION EX VILL SCHOOL DISTRICT","t":291.8,"l":"500: Res-Vacant Land","c":0}},{"type":"Feature","geometry":{"type":"Polygon","coordinates":[[[-84.342327,39.997663],[-84.342174,39.997268],[-84.342345,39.997228],[-84.342498,39.997623],[-84.342327,39.997663]]]},"properties":{"p":"L37-000210","o":"BOWMAN CARRIE","a":"GREENVILLE AVE","d":"MILTON-UNION EX VILL SCHOOL DISTRICT","t":210.46,"l":"510: Res-Single Family","c":0}},{"type":"Feature","geometry":{"type":"Polygon","coordinates":[[[-84.342327,39.997663],[-84.342161,39.997701],[-84.342009,39.997306],[-84.342174,39.997268],[-84.342327,39.997663]]]},"properties":{"p":"L37-000200","o":"BOWMAN CARRIE","a":"GREENVILLE AVE","d":"MILTON-UNION EX VILL SCHOOL DISTRICT","t":210.46,"l":"500: Res-Vacant Land","c":0}},{"type":"Feature","geometry":{"type":"Polygon","coordinates":[[[-84.408019,39.995451],[-84.407533,39.995479],[-84.407538,39.995437],[-84.408019,39.995451]]]},"properties":{"p":"L36-002890","o":"DAVIS BETTY ARLENE(TOD)","a":"SCHOOL ST","d":"MILTON-UNION EX VILL SCHOOL DISTRICT","t":80.96,"l":"500: Res-Vacant Land","c":0}},{"type":"Feature","geometry":{"type":"Polygon","coordinates":[[[-84.408019,39.995451],[-84.40763,39.99544],[-84.407628,39.995296],[-84.408018,39.99526],[-84.408019,39.995451]]]},"properties":{"p":"L36-002880","o":"DAVIS BETTY ARLENE(TOD)","a":"8  SCHOOL ST","d":"MILTON-UNION EX VILL SCHOOL DISTRICT","t":7645.98,"l":"510: Res-Single Family","c":0}},{"type":"Feature","geometry":{"type":"Polygon","coordinates":[[[-84.412516,39.995083],[-84.412483,39.99508],[-84.412481,39.994597],[-84.412128,39.994558],[-84.412127,39.994197],[-84.412506,39.994209],[-84.412516,39.995083]]]},"properties":{"p":"L36-002690","o":"LUCOUS DAWN","a":"116  PIKE ST W","d":"MILTON-UNION EX VILL SCHOOL DISTRICT","t":1074.71,"l":"510: Res-Single Family","c":0}},{"type":"Feature","geometry":{"type":"Polygon","coordinates":[[[-84.406572,39.993606],[-84.406312,39.993599],[-84.406308,39.99338],[-84.406569,39.993387],[-84.406572,39.993606]]]},"properties":{"p":"L36-001730","o":"YEAKEL DAVID M","a":"CHESTNUT ST","d":"MILTON-UNION EX VILL SCHOOL DISTRICT","t":146.17,"l":"500: Res-Vacant Land","c":0}},{"type":"Feature","geometry":{"type":"Polygon","coordinates":[[[-84.406311,39.99357],[-84.40591,39.993573],[-84.405902,39.993321],[-84.406307,39.993323],[-84.406311,39.99357]]]},"properties":{"p":"L36-001530","o":"YEAKEL DAVID M","a":"","d":"MILTON-UNION EX VILL SCHOOL DISTRICT","t":688.11,"l":"500: Res-Vacant Land","c":0}},{"type":"Feature","geometry":{"type":"Polygon","coordinates":[[[-84.407123,39.991257],[-84.407131,39.9916],[-84.406925,39.9916],[-84.406917,39.991255],[-84.407123,39.991257]]]},"properties":{"p":"L36-001260","o":"LACEY TRENT L","a":"102  2ND ST","d":"MILTON-UNION EX VILL SCHOOL DISTRICT","t":23124.6,"l":"499: Com-Other","c":0}},{"type":"Feature","geometry":{"type":"Polygon","coordinates":[[[-84.41003,39.993502],[-84.409472,39.993509],[-84.40947,39.993346],[-84.410029,39.99334],[-84.41003,39.993502]]]},"properties":{"p":"L36-001120","o":"ROBINSON THEODORE R","a":"108  LUDLOW ST","d":"MILTON-UNION EX VILL SCHOOL DISTRICT","t":44415.25,"l":"500: Res-Vacant Land","c":0}},{"type":"Feature","geometry":{"type":"Polygon","coordinates":[[[-84.409318,39.998414],[-84.408749,39.998419],[-84.408743,39.998162],[-84.409181,39.998158],[-84.409318,39.998414]]]},"properties":{"p":"L36-000210","o":"LUCOUS JUSTIN THOMAS","a":"112 N MAIN ST","d":"MILTON-UNION EX VILL SCHOOL DISTRICT","t":6.09,"l":"511: Res-Custom Code","c":0}},{"type":"Feature","geometry":{"type":"Polygon","coordinates":[[[-84.409479,39.998304],[-84.410118,39.998293],[-84.410199,39.998445],[-84.409561,39.998456],[-84.409479,39.998304]]]},"properties":{"p":"L36-000090","o":"SELHORST JAMIE","a":"113  MAIN N","d":"MILTON-UNION EX VILL SCHOOL DISTRICT","t":134.59,"l":"510: Res-Single Family","c":0}},{"type":"Feature","geometry":{"type":"Polygon","coordinates":[[[-84.409842,39.998983],[-84.410481,39.998972],[-84.410562,39.999124],[-84.409923,39.999135],[-84.409842,39.998983]]]},"properties":{"p":"L36-000050","o":"FULLER NANCY J","a":"121  MAIN ST N","d":"MILTON-UNION EX VILL SCHOOL DISTRICT","t":29819.25,"l":"500: Res-Vacant Land","c":0}},{"type":"Feature","geometry":{"type":"Polygon","coordinates":[[[-84.276952,40.009155],[-84.276624,40.009161],[-84.276622,40.008557],[-84.276934,40.008498],[-84.276952,40.009155]]]},"properties":{"p":"L35-000726","o":"EVERS ANGELIQUE D","a":"4010  HORSESHOE BN RD","d":"TROY CITY SCHOOL DISTRICT","t":1959.03,"l":"510: Res-Single Family","c":0}},{"type":"Feature","geometry":{"type":"Polygon","coordinates":[[[-84.427443,39.985756],[-84.426831,39.985762],[-84.426819,39.985076],[-84.427433,39.98507],[-84.427443,39.985756]]]},"properties":{"p":"L32-067905","o":"MICHAELS KIRK A","a":"11977  COPPOCK RD","d":"MILTON-UNION EX VILL SCHOOL DISTRICT","t":15976.04,"l":"501: Res-Custom Code","c":0}},{"type":"Feature","geometry":{"type":"Polygon","coordinates":[[[-84.427464,39.987128],[-84.424177,39.987161],[-84.424172,39.986818],[-84.427459,39.986785],[-84.427464,39.987128]]]},"properties":{"p":"L32-067885","o":"HAIRE EDWARD T","a":"STAUFFER","d":"MILTON-UNION EX VILL SCHOOL DISTRICT","t":415.35,"l":"500: Res-Vacant Land","c":0}},{"type":"Feature","geometry":{"type":"Polygon","coordinates":[[[-84.276202,39.924013],[-84.275496,39.92402],[-84.275492,39.923792],[-84.276227,39.923788],[-84.276228,39.923834],[-84.276199,39.923834],[-84.276202,39.924013]]]},"properties":{"p":"L32-067733","o":"7900 CORP","a":"KESSLER FRED RD S","d":"MILTON-UNION EX VILL SCHOOL DISTRICT","t":3848.59,"l":"399: Ind-Other","c":0}},{"type":"Feature","geometry":{"type":"Polygon","coordinates":[[[-84.27552,39.925594],[-84.274815,39.925601],[-84.274812,39.92542],[-84.275518,39.925413],[-84.27552,39.925594]]]},"properties":{"p":"L32-067716","o":"RATCLIFF PROPERTIES LLC","a":"KESSLER FRED RD S","d":"MILTON-UNION EX VILL SCHOOL DISTRICT","t":131.3,"l":"599: Res-Other","c":0}},{"type":"Feature","geometry":{"type":"Polygon","coordinates":[[[-84.27552,39.925594],[-84.275523,39.925776],[-84.274817,39.925782],[-84.274815,39.925601],[-84.27552,39.925594]]]},"properties":{"p":"L32-067713","o":"RATCLIFF PROPERTIES LLC","a":"KESSLER FRED RD S","d":"MILTON-UNION EX VILL SCHOOL DISTRICT","t":138.48,"l":"599: Res-Other","c":0}},{"type":"Feature","geometry":{"type":"Polygon","coordinates":[[[-84.274818,39.925805],[-84.27623,39.925792],[-84.276235,39.926154],[-84.274823,39.926167],[-84.274818,39.925805]]]},"properties":{"p":"L32-067712","o":"CASDORPH ANJEL","a":"7710 S KESSLER FRED RD","d":"MILTON-UNION EX VILL SCHOOL DISTRICT","t":1006.63,"l":"520: Res-Two Family","c":0}},{"type":"Feature","geometry":{"type":"Polygon","coordinates":[[[-84.388291,39.983769],[-84.384772,39.983795],[-84.384722,39.981954],[-84.388241,39.981927],[-84.388291,39.983769]]]},"properties":{"p":"L32-067318","o":"ROETH LARRY","a":"S SHILOH RD","d":"MILTON-UNION EX VILL SCHOOL DISTRICT","t":2452.2,"l":"599: Res-Other","c":0}},{"type":"Feature","geometry":{"type":"Polygon","coordinates":[[[-84.389447,39.98376],[-84.388291,39.983769],[-84.388279,39.9833],[-84.389435,39.983291],[-84.389447,39.98376]]]},"properties":{"p":"L32-067317","o":"ROETH LARRY","a":"3635 S SHILOH RD","d":"MILTON-UNION EX VILL SCHOOL DISTRICT","t":6779.71,"l":"510: Res-Single Family","c":0}},{"type":"Feature","geometry":{"type":"Polygon","coordinates":[[[-84.299881,39.986991],[-84.299821,39.982921],[-84.301261,39.983778],[-84.301308,39.986969],[-84.299881,39.986991]]]},"properties":{"p":"L32-049900","o":"GENTRY SONYA N","a":"3745 S KESSLER FRED RD","d":"MILTON-UNION EX VILL SCHOOL DISTRICT","t":4940.8,"l":"512: Res-Custom Code","c":0}},{"type":"Feature","geometry":{"type":"Polygon","coordinates":[[[-84.311555,39.978269],[-84.311524,39.977446],[-84.313704,39.977412],[-84.313735,39.978233],[-84.311555,39.978269]]]},"properties":{"p":"L32-047110","o":"SPARKS TIMOTHY A","a":"4125  IDDINGS RD S","d":"MILTON-UNION EX VILL SCHOOL DISTRICT","t":3593.55,"l":"511: Res-Custom Code","c":0}},{"type":"Feature","geometry":{"type":"Polygon","coordinates":[[[-84.401375,39.99413],[-84.401574,39.992732],[-84.401973,39.992698],[-84.401765,39.994164],[-84.401375,39.99413]]]},"properties":{"p":"L32-031700","o":"ALSOBROOKS DENNIS MARK","a":"10618  SR 571 W","d":"MILTON-UNION EX VILL SCHOOL DISTRICT","t":122.88,"l":"511: Res-Custom Code","c":0}},{"type":"Feature","geometry":{"type":"Polygon","coordinates":[[[-84.372018,39.99207],[-84.371928,39.992072],[-84.371915,39.991625],[-84.372117,39.991622],[-84.372131,39.992068],[-84.372018,39.99207]]]},"properties":{"p":"L32-030450","o":"KINSEY BROS EXCAVATING","a":"RANGELINE","d":"MILTON-UNION EX VILL SCHOOL DISTRICT","t":1911.47,"l":"501: Res-Custom Code","c":0}},{"type":"Feature","geometry":{"type":"Polygon","coordinates":[[[-84.290199,39.980191],[-84.290188,39.979674],[-84.291012,39.979676],[-84.291023,39.980194],[-84.290199,39.980191]]]},"properties":{"p":"L32-023350","o":"SPARKS TIMOTHY A","a":"4775  KESSLER COWL RD W","d":"MILTON-UNION EX VILL SCHOOL DISTRICT","t":418.13,"l":"511: Res-Custom Code","c":0}},{"type":"Feature","geometry":{"type":"Polygon","coordinates":[[[-84.276448,39.924013],[-84.276202,39.924013],[-84.276199,39.923834],[-84.276445,39.923835],[-84.276448,39.924013]]]},"properties":{"p":"L32-014441","o":"7900 CORP","a":"KESSLER FRED RD S","d":"MILTON-UNION EX VILL SCHOOL DISTRICT","t":484.29,"l":"399: Ind-Other","c":0}},{"type":"Feature","geometry":{"type":"Polygon","coordinates":[[[-84.343934,39.921402],[-84.34315,39.921414],[-84.343135,39.920859],[-84.343919,39.920846],[-84.343934,39.921402]]]},"properties":{"p":"L32-009530","o":"FRYMAN DANIEL","a":"7649 N MONTGMY CO L RD","d":"MILTON-UNION EX VILL SCHOOL DISTRICT","t":3013.71,"l":"511: Res-Custom Code","c":0}},{"type":"Feature","geometry":{"type":"Polygon","coordinates":[[[-84.278409,40.123338],[-84.278417,40.123828],[-84.277442,40.123831],[-84.277441,40.123134],[-84.278405,40.123131],[-84.278409,40.123338]]]},"properties":{"p":"M40-029910","o":"NIEDERBRACH WILLIAM C","a":"5865  STILLWELL RD N","d":"PIQUA CITY SCHOOL DISTRICT","t":675.46,"l":"511: Res-Custom Code","c":0}},{"type":"Feature","geometry":{"type":"Polygon","coordinates":[[[-84.312044,39.922764],[-84.311887,39.922849],[-84.311536,39.922094],[-84.312009,39.921959],[-84.312021,39.921985],[-84.312374,39.921884],[-84.312385,39.92191],[-84.31362,39.921558],[-84.313689,39.921733],[-84.313489,39.921796],[-84.313067,39.922039],[-84.312393,39.922481],[-84.312366,39.922464],[-84.311908,39.922485],[-84.311834,39.922505],[-84.312044,39.922764]]]},"properties":{"p":"L42-250020","o":"ELLIOTT MOTE MEMORIAL","a":"7874 S SR 48","d":"MILTON-UNION EX VILL SCHOOL DISTRICT","t":124.64,"l":"680: Exm-Charitable","c":0}},{"type":"Feature","geometry":{"type":"Polygon","coordinates":[[[-84.321138,39.944221],[-84.321698,39.944109],[-84.3217,39.944721],[-84.320645,39.944882],[-84.320415,39.944368],[-84.321138,39.944221]]]},"properties":{"p":"L39-024080","o":"Y'ALLS COUNTRY CLUB INC","a":"1159  MIAMI ST S","d":"MILTON-UNION EX VILL SCHOOL DISTRICT","t":1471.08,"l":"464: Com-Bowling Alley","c":0}},{"type":"Feature","geometry":{"type":"Polygon","coordinates":[[[-84.324712,39.949223],[-84.324709,39.949178],[-84.325821,39.949173],[-84.325822,39.949218],[-84.324712,39.949223]]]},"properties":{"p":"L39-023270","o":"PANGELINAN TOMAS MENDIOLA","a":"MIAMI ST S","d":"MILTON-UNION EX VILL SCHOOL DISTRICT","t":22.37,"l":"500: Res-Vacant Land","c":0}},{"type":"Feature","geometry":{"type":"Polygon","coordinates":[[[-84.312397,39.959697],[-84.312388,39.959354],[-84.313168,39.959347],[-84.313178,39.95969],[-84.312397,39.959697]]]},"properties":{"p":"L32-046320","o":"JONES JENNIFER MARIE","a":"5335 S IDDINGS RD","d":"MILTON-UNION EX VILL SCHOOL DISTRICT","t":1616.8,"l":"511: Res-Custom Code","c":0}},{"type":"Feature","geometry":{"type":"Polygon","coordinates":[[[-84.293135,39.943855],[-84.293123,39.943403],[-84.294057,39.943388],[-84.294072,39.943839],[-84.293135,39.943855]]]},"properties":{"p":"L32-015125","o":"SPARKS TIMOTHY A","a":"6445 S KARNS RD","d":"MILTON-UNION EX VILL SCHOOL DISTRICT","t":1816.75,"l":"511: Res-Custom Code","c":0}},{"type":"Feature","geometry":{"type":"Polygon","coordinates":[[[-84.210919,40.103387],[-84.210026,40.103347],[-84.210058,40.103004],[-84.21095,40.103044],[-84.210919,40.103387]]]},"properties":{"p":"K30-048906","o":"VENTURINO JEFFERY W","a":"4700  ORBISON RD N","d":"MIAMI EAST LOCAL SCHOOL DISTRICT","t":156.87,"l":"599: Res-Other","c":0}},{"type":"Feature","geometry":{"type":"Polygon","coordinates":[[[-84.157404,40.089477],[-84.157551,40.087695],[-84.158269,40.087734],[-84.158117,40.089519],[-84.157404,40.089477]]]},"properties":{"p":"K30-048800","o":"BIGELOW MEGAN E","a":"2330  RUSK","d":"MIAMI EAST LOCAL SCHOOL DISTRICT","t":308.14,"l":"511: Res-Custom Code","c":0}},{"type":"Feature","geometry":{"type":"Polygon","coordinates":[[[-84.210277,40.100608],[-84.210351,40.099791],[-84.211594,40.099851],[-84.21152,40.100664],[-84.210277,40.100608]]]},"properties":{"p":"K30-032050","o":"ZIEGLER CARNEEN F","a":"4520  ORBISON RD N","d":"MIAMI EAST LOCAL SCHOOL DISTRICT","t":2072.89,"l":"511: Res-Custom Code","c":0}},{"type":"Feature","geometry":{"type":"Polygon","coordinates":[[[-84.225077,40.10773],[-84.225129,40.107008],[-84.225308,40.107016],[-84.225255,40.107737],[-84.225077,40.10773]]]},"properties":{"p":"K30-002100","o":"STILES PHILLIP C","a":"PETERSON RD","d":"MIAMI EAST LOCAL SCHOOL DISTRICT","t":95.03,"l":"501: Res-Custom Code","c":0}},{"type":"Feature","geometry":{"type":"Polygon","coordinates":[[[-84.22472,40.107715],[-84.224752,40.107267],[-84.224574,40.107259],[-84.224594,40.106985],[-84.225129,40.107008],[-84.225077,40.10773],[-84.22472,40.107715]]]},"properties":{"p":"K30-002000","o":"STILES PHILLIP C","a":"PETERSON RD","d":"MIAMI EAST LOCAL SCHOOL DISTRICT","t":56.39,"l":"501: Res-Custom Code","c":0}},{"type":"Feature","geometry":{"type":"Polygon","coordinates":[[[-84.312623,39.938481],[-84.312309,39.938489],[-84.312295,39.938152],[-84.312612,39.938144],[-84.312623,39.938481]]]},"properties":{"p":"L32-045310","o":"LOSEY CHRISTOPHER B","a":"5993  FRED GARLAND RD W","d":"MILTON-UNION EX VILL SCHOOL DISTRICT","t":445.81,"l":"500: Res-Vacant Land","c":0}},{"type":"Feature","geometry":{"type":"Polygon","coordinates":[[[-84.132503,39.886503],[-84.132112,39.886481],[-84.132128,39.886316],[-84.132519,39.886339],[-84.132503,39.886503]]]},"properties":{"p":"P48-000139","o":"SALYERS ZACHARY R","a":"9874  HOLLOW TREE DR","d":"BETHEL LOCAL SCHOOL DISTRICT","t":360.53,"l":"510: Res-Single Family","c":0}},{"type":"Feature","geometry":{"type":"Polygon","coordinates":[[[-84.238381,40.130259],[-84.238775,40.130252],[-84.23899,40.130739],[-84.239223,40.131218],[-84.238529,40.131227],[-84.238481,40.131066],[-84.238381,40.130259]]]},"properties":{"p":"N44-101180","o":"THOMPSON MARK L (TOD)","a":"200  HEMM AVE","d":"PIQUA CITY SCHOOL DISTRICT","t":240.56,"l":"455: Com-Garage","c":0}},{"type":"Feature","geometry":{"type":"Polygon","coordinates":[[[-84.254995,40.144393],[-84.255082,40.144897],[-84.254911,40.144937],[-84.254821,40.144434],[-84.254995,40.144393]]]},"properties":{"p":"N44-097120","o":"SEDAM GEORGE R","a":"918  COVINGTON AVE","d":"PIQUA CITY SCHOOL DISTRICT","t":4340.43,"l":"510: Res-Single Family","c":0}},{"type":"Feature","geometry":{"type":"Polygon","coordinates":[[[-84.245249,40.138037],[-84.245241,40.137626],[-84.245406,40.137624],[-84.245413,40.138035],[-84.245249,40.138037]]]},"properties":{"p":"N44-091240","o":"STURMAN BOBBIE J","a":"422  SUMMIT ST","d":"PIQUA CITY SCHOOL DISTRICT","t":67.16,"l":"510: Res-Single Family","c":0}},{"type":"Feature","geometry":{"type":"Polygon","coordinates":[[[-84.243136,40.140021],[-84.24274,40.140027],[-84.242737,40.13992],[-84.243133,40.139914],[-84.243136,40.140021]]]},"properties":{"p":"N44-090720","o":"MCCLAY GREGORY","a":"613  ADAMS ST","d":"PIQUA CITY SCHOOL DISTRICT","t":50738.48,"l":"510: Res-Single Family","c":0}},{"type":"Feature","geometry":{"type":"Polygon","coordinates":[[[-84.222473,40.145483],[-84.222515,40.144897],[-84.222691,40.144935],[-84.222653,40.145471],[-84.222473,40.145483]]]},"properties":{"p":"N44-077692","o":"RAMIREZ GUSTAVO JR","a":"GARBRY RD","d":"PIQUA CITY SCHOOL DISTRICT","t":271.28,"l":"599: Res-Other","c":0}},{"type":"Feature","geometry":{"type":"Polygon","coordinates":[[[-84.216128,40.165701],[-84.215944,40.165691],[-84.215977,40.16534],[-84.216449,40.165231],[-84.2165,40.16529],[-84.216582,40.165322],[-84.216555,40.165641],[-84.216136,40.165618],[-84.216128,40.165701]]]},"properties":{"p":"N44-077106","o":"BLACK W DENNIS","a":"1048-1054  JILL CT","d":"PIQUA CITY SCHOOL DISTRICT","t":2595.17,"l":"401: Com-Apartment- 4 to 19","c":0}},{"type":"Feature","geometry":{"type":"Polygon","coordinates":[[[-84.248608,40.145397],[-84.24826,40.145402],[-84.248255,40.14521],[-84.248514,40.145206],[-84.248608,40.145397]]]},"properties":{"p":"N44-076232","o":"BOBO'S FROZEN CREATIONS LLC","a":"129  COLLEGE ST S","d":"PIQUA CITY SCHOOL DISTRICT","t":1041.74,"l":"435: Com-Drive In","c":0}},{"type":"Feature","geometry":{"type":"Polygon","coordinates":[[[-84.207545,40.148773],[-84.208105,40.148364],[-84.20866,40.148807],[-84.208767,40.148934],[-84.208816,40.149038],[-84.208841,40.149152],[-84.208802,40.149482],[-84.207485,40.149402],[-84.207545,40.148773]]]},"properties":{"p":"N44-074755","o":"ITS ALL MINE LLC","a":"301  KIENLE DR","d":"PIQUA CITY SCHOOL DISTRICT","t":24965.51,"l":"406: Com-Custom Code","c":0}},{"type":"Feature","geometry":{"type":"Polygon","coordinates":[[[-84.237623,40.160937],[-84.236381,40.16107],[-84.236217,40.160272],[-84.237728,40.16009],[-84.237848,40.160733],[-84.237623,40.160937]]]},"properties":{"p":"N44-074290","o":"ACTIONWORKS LLC","a":"8433  CO RD 25A N","d":"PIQUA CITY SCHOOL DISTRICT","t":4663.74,"l":"464: Com-Bowling Alley","c":0}},{"type":"Feature","geometry":{"type":"Polygon","coordinates":[[[-84.24625,40.135166],[-84.246252,40.135303],[-84.245734,40.135306],[-84.245731,40.135169],[-84.24625,40.135166]]]},"properties":{"p":"N44-073333","o":"DENMAN JOSEPH","a":"911  FISK ST","d":"PIQUA CITY SCHOOL DISTRICT","t":811.41,"l":"510: Res-Single Family","c":0}},{"type":"Feature","geometry":{"type":"Polygon","coordinates":[[[-84.273478,40.154053],[-84.272982,40.154058],[-84.27319,40.153653],[-84.273308,40.153655],[-84.273471,40.153585],[-84.273478,40.154053]]]},"properties":{"p":"N44-073272","o":"COUCH PAUL","a":"1908  BECKERT DR","d":"PIQUA CITY SCHOOL DISTRICT","t":326.72,"l":"510: Res-Single Family","c":0}},{"type":"Feature","geometry":{"type":"Polygon","coordinates":[[[-84.263204,40.131262],[-84.262971,40.131264],[-84.262967,40.130948],[-84.2632,40.130946],[-84.263204,40.131262]]]},"properties":{"p":"N44-073036","o":"ASBURY ROBERT B","a":"1511  ANDOVER AVE","d":"PIQUA CITY SCHOOL DISTRICT","t":1567.06,"l":"510: Res-Single Family","c":0}},{"type":"Feature","geometry":{"type":"Polygon","coordinates":[[[-84.251199,40.140887],[-84.25116,40.140817],[-84.250997,40.140873],[-84.250943,40.140777],[-84.25148,40.140591],[-84.251573,40.140758],[-84.251199,40.140887]]]},"properties":{"p":"N44-066730","o":"CHAMBERLIN JOSEPH P","a":"358  RIDGE ST","d":"PIQUA CITY SCHOOL DISTRICT","t":1381.96,"l":"510: Res-Single Family","c":0}},{"type":"Feature","geometry":{"type":"Polygon","coordinates":[[[-84.266047,40.138959],[-84.265656,40.139057],[-84.265593,40.138908],[-84.265985,40.138811],[-84.266047,40.138959]]]},"properties":{"p":"N44-064750","o":"BLACK SANDRA L","a":"508  BEVERLY DR","d":"PIQUA CITY SCHOOL DISTRICT","t":1799.57,"l":"510: Res-Single Family","c":0}},{"type":"Feature","geometry":{"type":"Polygon","coordinates":[[[-84.263491,40.137633],[-84.263079,40.137637],[-84.263076,40.137451],[-84.263488,40.137447],[-84.263491,40.137633]]]},"properties":{"p":"N44-063560","o":"MANN EDWARD L","a":"512  HARNEY","d":"PIQUA CITY SCHOOL DISTRICT","t":1139.27,"l":"510: Res-Single Family","c":0}},{"type":"Feature","geometry":{"type":"Polygon","coordinates":[[[-84.272143,40.136225],[-84.271712,40.136227],[-84.271711,40.136048],[-84.272141,40.136047],[-84.272143,40.136225]]]},"properties":{"p":"N44-063120","o":"NEAL TIMOTHY (TOD)","a":"402  BRENTWOOD AVE","d":"PIQUA CITY SCHOOL DISTRICT","t":533.01,"l":"510: Res-Single Family","c":0}},{"type":"Feature","geometry":{"type":"Polygon","coordinates":[[[-84.269453,40.135455],[-84.269024,40.135457],[-84.269023,40.135292],[-84.269452,40.13529],[-84.269453,40.135455]]]},"properties":{"p":"N44-061560","o":"BREWER RAYMOND N","a":"415  GLENWOOD","d":"PIQUA CITY SCHOOL DISTRICT","t":38200.6,"l":"500: Res-Vacant Land","c":0}},{"type":"Feature","geometry":{"type":"Polygon","coordinates":[[[-84.269032,40.136609],[-84.269031,40.136445],[-84.26946,40.136443],[-84.269461,40.136572],[-84.269432,40.136603],[-84.269032,40.136609]]]},"properties":{"p":"N44-061490","o":"BROWN SANDRA L (TOD)","a":"1739  EDGE ST","d":"PIQUA CITY SCHOOL DISTRICT","t":1283.47,"l":"510: Res-Single Family","c":0}},{"type":"Feature","geometry":{"type":"Polygon","coordinates":[[[-84.259518,40.140656],[-84.259002,40.140656],[-84.259017,40.140534],[-84.259516,40.14053],[-84.259518,40.140656]]]},"properties":{"p":"N44-059000","o":"BELL SHIRLEY A","a":"305  MCKINLEY","d":"PIQUA CITY SCHOOL DISTRICT","t":24837.42,"l":"500: Res-Vacant Land","c":0}},{"type":"Feature","geometry":{"type":"Polygon","coordinates":[[[-84.256998,40.162508],[-84.256525,40.162593],[-84.256559,40.162395],[-84.256952,40.162336],[-84.256998,40.162508]]]},"properties":{"p":"N44-058280","o":"RHOADES MARGARET L","a":"1606  WASHINGTON AVE","d":"PIQUA CITY SCHOOL DISTRICT","t":948.08,"l":"510: Res-Single Family","c":0}},{"type":"Feature","geometry":{"type":"Polygon","coordinates":[[[-84.231589,40.144909],[-84.231628,40.144553],[-84.231778,40.144559],[-84.23175,40.144915],[-84.231589,40.144909]]]},"properties":{"p":"N44-054710","o":"WALL RICHARD E","a":"1ST ST","d":"PIQUA CITY SCHOOL DISTRICT","t":13414.3,"l":"500: Res-Vacant Land","c":0}},{"type":"Feature","geometry":{"type":"Polygon","coordinates":[[[-84.23591,40.152173],[-84.235759,40.152175],[-84.235752,40.151996],[-84.235911,40.151994],[-84.23591,40.152173]]]},"properties":{"p":"N44-054460","o":"RM PROPERTY SOLUTIONS LLC","a":"320 E NORTH ST","d":"PIQUA CITY SCHOOL DISTRICT","t":1167.97,"l":"510: Res-Single Family","c":0}},{"type":"Feature","geometry":{"type":"Polygon","coordinates":[[[-84.236478,40.14956],[-84.236814,40.149554],[-84.236822,40.149712],[-84.236486,40.149718],[-84.236478,40.14956]]]},"properties":{"p":"N44-054300","o":"KINDELL MARY LOU","a":"329  HARRISON ST","d":"PIQUA CITY SCHOOL DISTRICT","t":49020.85,"l":"500: Res-Vacant Land","c":0}},{"type":"Feature","geometry":{"type":"Polygon","coordinates":[[[-84.225271,40.144538],[-84.225287,40.144307],[-84.225429,40.144313],[-84.225405,40.14467],[-84.225271,40.144538]]]},"properties":{"p":"N44-054230","o":"YOUNG PATRICIA","a":"622  1ST ST","d":"PIQUA CITY SCHOOL DISTRICT","t":12842.21,"l":"500: Res-Vacant Land","c":0}},{"type":"Feature","geometry":{"type":"Polygon","coordinates":[[[-84.227871,40.144757],[-84.227728,40.144751],[-84.227752,40.144403],[-84.227895,40.144409],[-84.227871,40.144757]]]},"properties":{"p":"N44-054040","o":"LEVAN DEBORAH","a":"528  1ST ST","d":"PIQUA CITY SCHOOL DISTRICT","t":1499.63,"l":"510: Res-Single Family","c":0}},{"type":"Feature","geometry":{"type":"Polygon","coordinates":[[[-84.244858,40.137151],[-84.244745,40.137152],[-84.244715,40.137129],[-84.244711,40.136841],[-84.244854,40.13684],[-84.244858,40.137151]]]},"properties":{"p":"N44-053630","o":"STEPP SHAWN II","a":"412  Y ST","d":"PIQUA CITY SCHOOL DISTRICT","t":1005.02,"l":"510: Res-Single Family","c":0}},{"type":"Feature","geometry":{"type":"Polygon","coordinates":[[[-84.246371,40.143624],[-84.246228,40.143629],[-84.246212,40.14322],[-84.246355,40.143218],[-84.246371,40.143624]]]},"properties":{"p":"N44-052480","o":"HUGHES BRENDA K","a":"440  YOUNG ST","d":"PIQUA CITY SCHOOL DISTRICT","t":710.42,"l":"510: Res-Single Family","c":0}},{"type":"Feature","geometry":{"type":"Polygon","coordinates":[[[-84.238626,40.137423],[-84.23809,40.137441],[-84.238074,40.137315],[-84.23861,40.137295],[-84.238626,40.137423]]]},"properties":{"p":"N44-052160","o":"MONTJOY THOMAS","a":"755 S MAIN ST","d":"PIQUA CITY SCHOOL DISTRICT","t":27397.75,"l":"500: Res-Vacant Land","c":0}},{"type":"Feature","geometry":{"type":"Polygon","coordinates":[[[-84.252337,40.155204],[-84.252329,40.154835],[-84.252458,40.154832],[-84.252466,40.155202],[-84.252337,40.155204]]]},"properties":{"p":"N44-052080","o":"SMITH VALERIE MARIE","a":"904  CAMP ST","d":"PIQUA CITY SCHOOL DISTRICT","t":535,"l":"510: Res-Single Family","c":0}},{"type":"Feature","geometry":{"type":"Polygon","coordinates":[[[-84.226297,40.144209],[-84.226154,40.144204],[-84.226177,40.143855],[-84.22632,40.14386],[-84.226297,40.144209]]]},"properties":{"p":"N44-047480","o":"OUHL LINDA J","a":"1ST ST","d":"PIQUA CITY SCHOOL DISTRICT","t":3784.68,"l":"500: Res-Vacant Land","c":0}},{"type":"Feature","geometry":{"type":"Polygon","coordinates":[[[-84.24566,40.143098],[-84.245651,40.142743],[-84.245794,40.142741],[-84.245803,40.143097],[-84.24566,40.143098]]]},"properties":{"p":"N44-045680","o":"429 YOUNG STREET LLC","a":"429-31.  YOUNG ST","d":"PIQUA CITY SCHOOL DISTRICT","t":69379.66,"l":"500: Res-Vacant Land","c":0}},{"type":"Feature","geometry":{"type":"Polygon","coordinates":[[[-84.235538,40.145513],[-84.235432,40.14551],[-84.235441,40.145361],[-84.235843,40.145373],[-84.235834,40.145521],[-84.235538,40.145513]]]},"properties":{"p":"N44-045010","o":"HORN KYRA NICHOLE (TR)","a":"113-115  CLEVELAND ST","d":"PIQUA CITY SCHOOL DISTRICT","t":1928.01,"l":"520: Res-Two Family","c":0}},{"type":"Feature","geometry":{"type":"Polygon","coordinates":[[[-84.229451,40.14543],[-84.229532,40.144876],[-84.229687,40.144882],[-84.229618,40.145473],[-84.229451,40.14543]]]},"properties":{"p":"N44-044660","o":"TAYLOR KRISTINE PENNY","a":"366  MAIN ST E","d":"PIQUA CITY SCHOOL DISTRICT","t":2425.85,"l":"510: Res-Single Family","c":0}},{"type":"Feature","geometry":{"type":"Polygon","coordinates":[[[-84.235056,40.141869],[-84.235072,40.141479],[-84.23525,40.141483],[-84.235234,40.141876],[-84.235056,40.141869]]]},"properties":{"p":"N44-043760","o":"GOOD TIMOTHY JOSEPH","a":"204  4TH","d":"PIQUA CITY SCHOOL DISTRICT","t":48158.85,"l":"510: Res-Single Family","c":0}},{"type":"Feature","geometry":{"type":"Polygon","coordinates":[[[-84.233198,40.142822],[-84.23271,40.142805],[-84.232718,40.142671],[-84.233202,40.142722],[-84.233198,40.142822]]]},"properties":{"p":"N44-043000","o":"HIGGS WILLIAM JOSEPH","a":"307  STAUNTON","d":"PIQUA CITY SCHOOL DISTRICT","t":228.04,"l":"510: Res-Single Family","c":0}},{"type":"Feature","geometry":{"type":"Polygon","coordinates":[[[-84.231141,40.146355],[-84.231201,40.146084],[-84.231178,40.146359],[-84.231141,40.146355]]]},"properties":{"p":"N44-042655","o":"ROSE RONALD E","a":"MAIN ST","d":"PIQUA CITY SCHOOL DISTRICT","t":3.5,"l":"510: Res-Single Family","c":0}},{"type":"Feature","geometry":{"type":"Polygon","coordinates":[[[-84.232724,40.145857],[-84.232533,40.145851],[-84.23255,40.145566],[-84.232741,40.145571],[-84.232724,40.145857]]]},"properties":{"p":"N44-042530","o":"STEELE ASHLEY D","a":"268  MAIN ST E","d":"PIQUA CITY SCHOOL DISTRICT","t":1059.39,"l":"510: Res-Single Family","c":0}},{"type":"Feature","geometry":{"type":"Polygon","coordinates":[[[-84.232793,40.146296],[-84.232614,40.146291],[-84.232631,40.146019],[-84.23281,40.146024],[-84.232793,40.146296]]]},"properties":{"p":"N44-042500","o":"KESSLER DONALD R","a":"267  MAIN E","d":"PIQUA CITY SCHOOL DISTRICT","t":866.49,"l":"510: Res-Single Family","c":0}},{"type":"Feature","geometry":{"type":"Polygon","coordinates":[[[-84.232783,40.146462],[-84.232604,40.146457],[-84.232612,40.146336],[-84.23279,40.146342],[-84.232783,40.146462]]]},"properties":{"p":"N44-042500","o":"KESSLER DONALD R","a":"267  MAIN E","d":"PIQUA CITY SCHOOL DISTRICT","t":866.49,"l":"510: Res-Single Family","c":0}},{"type":"Feature","geometry":{"type":"Polygon","coordinates":[[[-84.233687,40.146323],[-84.233508,40.146317],[-84.233525,40.146044],[-84.233703,40.146049],[-84.233687,40.146323]]]},"properties":{"p":"N44-042450","o":"HUELSKAMP STEVEN","a":"MAIN ST E","d":"PIQUA CITY SCHOOL DISTRICT","t":246.36,"l":"510: Res-Single Family","c":0}},{"type":"Feature","geometry":{"type":"Polygon","coordinates":[[[-84.247769,40.144061],[-84.247626,40.144063],[-84.247611,40.143645],[-84.247754,40.143643],[-84.247769,40.144061]]]},"properties":{"p":"N44-041740","o":"SMITH JENNIFER L","a":"515  MIAMI ST","d":"PIQUA CITY SCHOOL DISTRICT","t":1163.3,"l":"510: Res-Single Family","c":0}},{"type":"Feature","geometry":{"type":"Polygon","coordinates":[[[-84.250207,40.147945],[-84.250064,40.147947],[-84.250054,40.147513],[-84.250197,40.147511],[-84.250207,40.147945]]]},"properties":{"p":"N44-041510","o":"ARNETT SHARON L","a":"720  WATER ST W","d":"PIQUA CITY SCHOOL DISTRICT","t":149.9,"l":"510: Res-Single Family","c":0}},{"type":"Feature","geometry":{"type":"Polygon","coordinates":[[[-84.255303,40.153939],[-84.255294,40.153745],[-84.255452,40.153742],[-84.25546,40.153936],[-84.255303,40.153939]]]},"properties":{"p":"N44-040510","o":"SEPEDA LESLIE","a":"1038-38.  PARK AVE","d":"PIQUA CITY SCHOOL DISTRICT","t":1239.01,"l":"499: Com-Other","c":0}},{"type":"Feature","geometry":{"type":"Polygon","coordinates":[[[-84.246693,40.140558],[-84.246688,40.140201],[-84.246844,40.140199],[-84.246851,40.140556],[-84.246693,40.140558]]]},"properties":{"p":"N44-039740","o":"ARNETT CASSANDRA","a":"525  SOUTH ST","d":"PIQUA CITY SCHOOL DISTRICT","t":949.03,"l":"510: Res-Single Family","c":0}},{"type":"Feature","geometry":{"type":"Polygon","coordinates":[[[-84.247543,40.159286],[-84.247785,40.158981],[-84.247891,40.159034],[-84.247638,40.159346],[-84.247543,40.159286]]]},"properties":{"p":"N44-039520","o":"HARSHBARGER DOUGLAS W","a":"524  RIVERSIDE DR","d":"PIQUA CITY SCHOOL DISTRICT","t":47389.19,"l":"500: Res-Vacant Land","c":0}},{"type":"Feature","geometry":{"type":"Polygon","coordinates":[[[-84.259442,40.135387],[-84.258981,40.135391],[-84.258979,40.135268],[-84.259441,40.135264],[-84.259442,40.135387]]]},"properties":{"p":"N44-038450","o":"CROWELL DELMAR L","a":"707  MCKINLEY AVE","d":"PIQUA CITY SCHOOL DISTRICT","t":51115.72,"l":"500: Res-Vacant Land","c":0}},{"type":"Feature","geometry":{"type":"Polygon","coordinates":[[[-84.251045,40.135716],[-84.251043,40.135304],[-84.25119,40.135302],[-84.251192,40.135714],[-84.251045,40.135716]]]},"properties":{"p":"N44-036140","o":"BOYER JOHN T","a":"CLARK AVE","d":"PIQUA CITY SCHOOL DISTRICT","t":37.23,"l":"510: Res-Single Family","c":0}},{"type":"Feature","geometry":{"type":"Polygon","coordinates":[[[-84.260579,40.138162],[-84.260574,40.137825],[-84.260753,40.137824],[-84.260758,40.13816],[-84.260579,40.138162]]]},"properties":{"p":"N44-035460","o":"DITMER GARY ALLEN","a":"507  GRAY ST","d":"PIQUA CITY SCHOOL DISTRICT","t":32250.14,"l":"500: Res-Vacant Land","c":0}},{"type":"Feature","geometry":{"type":"Polygon","coordinates":[[[-84.203134,40.170489],[-84.202864,40.170542],[-84.202732,40.170142],[-84.203044,40.170082],[-84.203176,40.170481],[-84.203134,40.170489]]]},"properties":{"p":"N44-077214","o":"YOUNG BILLY JOE","a":"3212  SIOUX DR","d":"PIQUA CITY SCHOOL DISTRICT","t":659.33,"l":"510: Res-Single Family","c":0}},{"type":"Feature","geometry":{"type":"Polygon","coordinates":[[[-84.216449,40.165231],[-84.215977,40.16534],[-84.216037,40.164721],[-84.216105,40.164725],[-84.21651,40.165079],[-84.216449,40.165146],[-84.216449,40.165231]]]},"properties":{"p":"N44-077108","o":"BLACK W DENNIS","a":"1049-1055  JILL CT","d":"PIQUA CITY SCHOOL DISTRICT","t":1108.64,"l":"401: Com-Apartment- 4 to 19","c":0}},{"type":"Feature","geometry":{"type":"Polygon","coordinates":[[[-84.270396,40.130554],[-84.270392,40.130239],[-84.270624,40.130237],[-84.270628,40.130553],[-84.270396,40.130554]]]},"properties":{"p":"N44-072015","o":"TENEYUQUE MARISSA","a":"1801  CAMBRIDGE ST","d":"PIQUA CITY SCHOOL DISTRICT","t":2195.34,"l":"510: Res-Single Family","c":0}},{"type":"Feature","geometry":{"type":"Polygon","coordinates":[[[-84.268611,40.131335],[-84.268384,40.131336],[-84.26838,40.131021],[-84.268607,40.131019],[-84.268611,40.131335]]]},"properties":{"p":"N44-068580","o":"LEWIS ANGELA","a":"1703  WILLIAMS PL","d":"PIQUA CITY SCHOOL DISTRICT","t":1548.44,"l":"510: Res-Single Family","c":0}},{"type":"Feature","geometry":{"type":"Polygon","coordinates":[[[-84.25752,40.15542],[-84.257523,40.155365],[-84.25808,40.155384],[-84.258067,40.155438],[-84.25752,40.15542]]]},"properties":{"p":"N44-067480","o":"WAGNER JOSHUA","a":"FOREST AVE","d":"PIQUA CITY SCHOOL DISTRICT","t":81.67,"l":"510: Res-Single Family","c":0}},{"type":"Feature","geometry":{"type":"Polygon","coordinates":[[[-84.252468,40.135092],[-84.251977,40.135096],[-84.251976,40.134975],[-84.252467,40.134971],[-84.252468,40.135092]]]},"properties":{"p":"N44-036210","o":"HUBER DODI M","a":"812  COTTAGE AVE","d":"PIQUA CITY SCHOOL DISTRICT","t":603.67,"l":"510: Res-Single Family","c":0}},{"type":"Feature","geometry":{"type":"Polygon","coordinates":[[[-84.259682,40.139855],[-84.260193,40.139851],[-84.260195,40.139988],[-84.259684,40.139992],[-84.259682,40.139855]]]},"properties":{"p":"N44-035060","o":"BERGMAN EDWIN V","a":"400  MCKINLEY AVE","d":"PIQUA CITY SCHOOL DISTRICT","t":708.74,"l":"510: Res-Single Family","c":0}},{"type":"Feature","geometry":{"type":"Polygon","coordinates":[[[-84.246892,40.142288],[-84.246441,40.142295],[-84.246441,40.142289],[-84.246892,40.142288]]]},"properties":{"p":"N44-029930","o":"FAVORITE STOVE & RANGE CO","a":"WEBER ST","d":"PIQUA CITY SCHOOL DISTRICT","t":525.08,"l":"500: Res-Vacant Land","c":0}},{"type":"Feature","geometry":{"type":"Polygon","coordinates":[[[-84.249014,40.143067],[-84.248871,40.143069],[-84.248862,40.142673],[-84.249005,40.142671],[-84.249014,40.143067]]]},"properties":{"p":"N44-028550","o":"J AND A HOMES LLC","a":"605  YOUNG ST","d":"PIQUA CITY SCHOOL DISTRICT","t":145,"l":"520: Res-Two Family","c":0}},{"type":"Feature","geometry":{"type":"Polygon","coordinates":[[[-84.24433,40.139259],[-84.244769,40.139251],[-84.244826,40.139387],[-84.244334,40.139396],[-84.24433,40.139259]]]},"properties":{"p":"N44-028450","o":"SPANGENBERGER WILLIAM A","a":"644  ROOSEVELT AVE S","d":"PIQUA CITY SCHOOL DISTRICT","t":498.06,"l":"510: Res-Single Family","c":0}},{"type":"Feature","geometry":{"type":"Polygon","coordinates":[[[-84.25523,40.161605],[-84.254962,40.161441],[-84.254941,40.161334],[-84.255243,40.16134],[-84.25523,40.161605]]]},"properties":{"p":"N44-027900","o":"CARTER TARITA A","a":"1511  MADISON","d":"PIQUA CITY SCHOOL DISTRICT","t":1116.09,"l":"510: Res-Single Family","c":0}},{"type":"Feature","geometry":{"type":"Polygon","coordinates":[[[-84.256715,40.161004],[-84.256721,40.160881],[-84.257225,40.160896],[-84.257219,40.161019],[-84.256715,40.161004]]]},"properties":{"p":"N44-027730","o":"FROEHLE DEBRA A","a":"1504  WASHINGTON AVE","d":"PIQUA CITY SCHOOL DISTRICT","t":909.51,"l":"510: Res-Single Family","c":0}},{"type":"Feature","geometry":{"type":"Polygon","coordinates":[[[-84.132174,39.887787],[-84.131988,39.887707],[-84.132196,39.887421],[-84.132382,39.887501],[-84.132174,39.887787]]]},"properties":{"p":"P48-000265","o":"BOSTON SANDRA M","a":"9580  ROSE PETAL DR","d":"BETHEL LOCAL SCHOOL DISTRICT","t":842.43,"l":"510: Res-Single Family","c":0}},{"type":"Feature","geometry":{"type":"Polygon","coordinates":[[[-84.245051,40.136373],[-84.245194,40.136372],[-84.245199,40.136707],[-84.245056,40.136708],[-84.245051,40.136373]]]},"properties":{"p":"N44-098560","o":"HORN KYRA NICHOLE (TR)","a":"419  Y ST","d":"PIQUA CITY SCHOOL DISTRICT","t":554.99,"l":"510: Res-Single Family","c":0}},{"type":"Feature","geometry":{"type":"Polygon","coordinates":[[[-84.23929,40.134427],[-84.239227,40.134435],[-84.239349,40.13426],[-84.239476,40.134158],[-84.239632,40.134078],[-84.238861,40.134149],[-84.238841,40.134101],[-84.240281,40.133969],[-84.240318,40.134015],[-84.239902,40.134054],[-84.239653,40.134116],[-84.239536,40.134174],[-84.239435,40.134246],[-84.239352,40.134332],[-84.23929,40.134427]]]},"properties":{"p":"N44-092230","o":"WAYNE CORPORATION","a":"DOWNING ST","d":"PIQUA CITY SCHOOL DISTRICT","t":6540.71,"l":"300: Ind-Vacant Land","c":0}},{"type":"Feature","geometry":{"type":"Polygon","coordinates":[[[-84.222293,40.145495],[-84.222338,40.144858],[-84.222515,40.144897],[-84.222473,40.145483],[-84.222293,40.145495]]]},"properties":{"p":"N44-077690","o":"RAMIREZ GUSTAVO JR","a":"901  GARBRY RD","d":"PIQUA CITY SCHOOL DISTRICT","t":1036.23,"l":"510: Res-Single Family","c":0}},{"type":"Feature","geometry":{"type":"Polygon","coordinates":[[[-84.267422,40.12949],[-84.267189,40.129492],[-84.267186,40.129176],[-84.267418,40.129175],[-84.267422,40.12949]]]},"properties":{"p":"N44-073162","o":"CLARK ELIZABETH (TOD)","a":"1610  HAVERHILL","d":"PIQUA CITY SCHOOL DISTRICT","t":131.91,"l":"510: Res-Single Family","c":0}},{"type":"Feature","geometry":{"type":"MultiPolygon","coordinates":[[[[-84.264476,40.147807],[-84.26449,40.148703],[-84.264447,40.148704],[-84.264433,40.147808],[-84.264476,40.147807]]],[[[-84.26449,40.148703],[-84.26449,40.148705],[-84.26449,40.148705],[-84.26449,40.148703]]]]},"properties":{"p":"N44-058405","o":"COX CHARLES A","a":"HIGH ST","d":"PIQUA CITY SCHOOL DISTRICT","t":589.96,"l":"500: Res-Vacant Land","c":0}},{"type":"Feature","geometry":{"type":"Polygon","coordinates":[[[-84.231428,40.144903],[-84.231478,40.144548],[-84.231628,40.144553],[-84.231589,40.144909],[-84.231428,40.144903]]]},"properties":{"p":"N44-054720","o":"WALL RICHARD E","a":"1ST ST","d":"PIQUA CITY SCHOOL DISTRICT","t":11111.82,"l":"500: Res-Vacant Land","c":0}},{"type":"Feature","geometry":{"type":"Polygon","coordinates":[[[-84.229044,40.144316],[-84.228901,40.14431],[-84.228927,40.143971],[-84.22907,40.143976],[-84.229044,40.144316]]]},"properties":{"p":"N44-047660","o":"BURCHETT BENJAMIN W","a":"511  1ST E","d":"PIQUA CITY SCHOOL DISTRICT","t":4995.4,"l":"500: Res-Vacant Land","c":0}},{"type":"Feature","geometry":{"type":"Polygon","coordinates":[[[-84.235441,40.145361],[-84.235449,40.145219],[-84.235851,40.14523],[-84.235843,40.145373],[-84.235441,40.145361]]]},"properties":{"p":"N44-045030","o":"HORN KYRA NICHOLE (TR)","a":"117-119  CLEVELAND ST","d":"PIQUA CITY SCHOOL DISTRICT","t":548.2,"l":"500: Res-Vacant Land","c":0}},{"type":"Feature","geometry":{"type":"Polygon","coordinates":[[[-84.235686,40.145665],[-84.235529,40.145661],[-84.235538,40.145513],[-84.235834,40.145521],[-84.235826,40.145669],[-84.235686,40.145665]]]},"properties":{"p":"N44-045000","o":"HORN KYRA NICHOLE (TR)","a":"CLEVELAND ST","d":"PIQUA CITY SCHOOL DISTRICT","t":104.17,"l":"500: Res-Vacant Land","c":0}},{"type":"Feature","geometry":{"type":"Polygon","coordinates":[[[-84.237011,40.143463],[-84.23668,40.143432],[-84.236698,40.142972],[-84.237013,40.143411],[-84.237011,40.143463]]]},"properties":{"p":"N44-043610","o":"CARTER CLINT","a":"103  2ND ST","d":"PIQUA CITY SCHOOL DISTRICT","t":944.19,"l":"510: Res-Single Family","c":0}},{"type":"Feature","geometry":{"type":"Polygon","coordinates":[[[-84.233763,40.143185],[-84.233835,40.142788],[-84.234012,40.142806],[-84.23394,40.143204],[-84.233763,40.143185]]]},"properties":{"p":"N44-042930","o":"WEAVER RACHEL A","a":"315  2ND ST","d":"PIQUA CITY SCHOOL DISTRICT","t":2128.94,"l":"510: Res-Single Family","c":0}},{"type":"Feature","geometry":{"type":"Polygon","coordinates":[[[-84.235371,40.144056],[-84.235376,40.143932],[-84.235908,40.143947],[-84.235903,40.144071],[-84.235371,40.144056]]]},"properties":{"p":"N44-042790","o":"NORTH EUNICE M","a":"218  CLEVELAND ST","d":"PIQUA CITY SCHOOL DISTRICT","t":46758.9,"l":"510: Res-Single Family","c":0}},{"type":"Feature","geometry":{"type":"Polygon","coordinates":[[[-84.235673,40.144777],[-84.235683,40.144516],[-84.235885,40.144537],[-84.235875,40.144798],[-84.235673,40.144777]]]},"properties":{"p":"N44-042690","o":"TC BODEY PROPERTIES LLC","a":"202  1ST ST S","d":"PIQUA CITY SCHOOL DISTRICT","t":1323.91,"l":"510: Res-Single Family","c":0}},{"type":"Feature","geometry":{"type":"Polygon","coordinates":[[[-84.245708,40.134758],[-84.245529,40.134759],[-84.245523,40.134348],[-84.245702,40.134347],[-84.245708,40.134758]]]},"properties":{"p":"N44-041340","o":"TIPPS NANCY J","a":"441  BROOK ST","d":"PIQUA CITY SCHOOL DISTRICT","t":523.97,"l":"510: Res-Single Family","c":0}},{"type":"Feature","geometry":{"type":"Polygon","coordinates":[[[-84.247325,40.135295],[-84.247146,40.135297],[-84.247141,40.134885],[-84.24732,40.134884],[-84.247325,40.135295]]]},"properties":{"p":"N44-041020","o":"BODEY JERRY L (TOD)","a":"720  BROOK ST","d":"PIQUA CITY SCHOOL DISTRICT","t":599.23,"l":"510: Res-Single Family","c":0}},{"type":"Feature","geometry":{"type":"Polygon","coordinates":[[[-84.256056,40.135416],[-84.256055,40.135292],[-84.256524,40.135288],[-84.256525,40.135412],[-84.256056,40.135416]]]},"properties":{"p":"N44-039180","o":"SHERIDAN PHILLIP E","a":"LINDEN AVE","d":"PIQUA CITY SCHOOL DISTRICT","t":1693.26,"l":"500: Res-Vacant Land","c":0}},{"type":"Feature","geometry":{"type":"Polygon","coordinates":[[[-84.256597,40.136613],[-84.256596,40.136489],[-84.257061,40.136484],[-84.257062,40.136607],[-84.256597,40.136613]]]},"properties":{"p":"N44-038020","o":"BAKER KENNETH","a":"705  BLAINE AVE","d":"PIQUA CITY SCHOOL DISTRICT","t":1440.71,"l":"510: Res-Single Family","c":0}},{"type":"Feature","geometry":{"type":"Polygon","coordinates":[[[-84.261456,40.142294],[-84.261283,40.142296],[-84.261276,40.141884],[-84.26145,40.141884],[-84.261456,40.142294]]]},"properties":{"p":"N44-036940","o":"OWEN CHAROLETTE","a":"1424  MULBERRY ST","d":"PIQUA CITY SCHOOL DISTRICT","t":8369.68,"l":"510: Res-Single Family","c":0}},{"type":"Feature","geometry":{"type":"Polygon","coordinates":[[[-84.254253,40.134434],[-84.253762,40.134444],[-84.25376,40.134323],[-84.254251,40.134313],[-84.254253,40.134434]]]},"properties":{"p":"N44-036670","o":"WILLIAMS MELISSA Y","a":"905  BRICE AVE","d":"PIQUA CITY SCHOOL DISTRICT","t":1074.87,"l":"510: Res-Single Family","c":0}},{"type":"Feature","geometry":{"type":"Polygon","coordinates":[[[-84.252526,40.135575],[-84.253014,40.13557],[-84.253015,40.135693],[-84.252527,40.135699],[-84.252526,40.135575]]]},"properties":{"p":"N44-036430","o":"ARCHEY CHLOE S","a":"801  BOAL AVE","d":"PIQUA CITY SCHOOL DISTRICT","t":1384.57,"l":"510: Res-Single Family","c":0}},{"type":"Feature","geometry":{"type":"Polygon","coordinates":[[[-84.253,40.134328],[-84.252516,40.134331],[-84.252515,40.134208],[-84.252998,40.134205],[-84.253,40.134328]]]},"properties":{"p":"N44-036330","o":"GARDNER LAWRENCE F III","a":"909  BOAL AVE","d":"PIQUA CITY SCHOOL DISTRICT","t":1171.96,"l":"510: Res-Single Family","c":0}},{"type":"Feature","geometry":{"type":"Polygon","coordinates":[[[-84.251979,40.135335],[-84.251977,40.135096],[-84.252468,40.135092],[-84.25247,40.135329],[-84.251979,40.135335]]]},"properties":{"p":"N44-036200","o":"JESSEE BILLY","a":"810  COTTAGE AVE","d":"PIQUA CITY SCHOOL DISTRICT","t":659.96,"l":"510: Res-Single Family","c":0}},{"type":"Feature","geometry":{"type":"Polygon","coordinates":[[[-84.233779,40.149172],[-84.233268,40.149175],[-84.233267,40.149055],[-84.233778,40.149052],[-84.233779,40.149172]]]},"properties":{"p":"N44-035740","o":"BLUE RALPH E","a":"MANNING ST","d":"PIQUA CITY SCHOOL DISTRICT","t":40858.42,"l":"500: Res-Vacant Land","c":0}},{"type":"Feature","geometry":{"type":"Polygon","coordinates":[[[-84.2604,40.138163],[-84.260221,40.138165],[-84.260216,40.137829],[-84.260395,40.137827],[-84.2604,40.138163]]]},"properties":{"p":"N44-035480","o":"WILLIAMS FRED C","a":"1411  EDGE ST","d":"PIQUA CITY SCHOOL DISTRICT","t":15057.38,"l":"500: Res-Vacant Land","c":0}},{"type":"Feature","geometry":{"type":"Polygon","coordinates":[[[-84.259668,40.138911],[-84.260179,40.138906],[-84.26018,40.139027],[-84.25967,40.139032],[-84.259668,40.138911]]]},"properties":{"p":"N44-035320","o":"HUBER KENNETH E","a":"500  MCKINLEY AVE","d":"PIQUA CITY SCHOOL DISTRICT","t":68933.53,"l":"500: Res-Vacant Land","c":0}},{"type":"Feature","geometry":{"type":"Polygon","coordinates":[[[-84.250104,40.158638],[-84.250002,40.158526],[-84.250366,40.158357],[-84.250468,40.15847],[-84.250104,40.158638]]]},"properties":{"p":"N44-033990","o":"YOUNG PATRICIA K","a":"1210  SCUDDER ST","d":"PIQUA CITY SCHOOL DISTRICT","t":901.37,"l":"510: Res-Single Family","c":0}},{"type":"Feature","geometry":{"type":"Polygon","coordinates":[[[-84.259007,40.139847],[-84.259503,40.139843],[-84.259505,40.139981],[-84.259009,40.139985],[-84.259007,40.139847]]]},"properties":{"p":"N44-033660","o":"HINKLE DOUGLAS K","a":"MCKINLEY AVE","d":"PIQUA CITY SCHOOL DISTRICT","t":148.99,"l":"500: Res-Vacant Land","c":0}},{"type":"Feature","geometry":{"type":"Polygon","coordinates":[[[-84.259503,40.139843],[-84.259007,40.139847],[-84.259005,40.13971],[-84.259501,40.139706],[-84.259503,40.139843]]]},"properties":{"p":"N44-033650","o":"HINKLE DOUGLAS K","a":"405  MCKINLEY AVE","d":"PIQUA CITY SCHOOL DISTRICT","t":500.37,"l":"510: Res-Single Family","c":0}},{"type":"Feature","geometry":{"type":"Polygon","coordinates":[[[-84.259495,40.1393],[-84.258999,40.139298],[-84.259495,40.139294],[-84.259495,40.1393]]]},"properties":{"p":"N44-033610","o":"BLACK ANGELICA","a":"MCKINLEY ST","d":"PIQUA CITY SCHOOL DISTRICT","t":312.35,"l":"500: Res-Vacant Land","c":0}},{"type":"Feature","geometry":{"type":"Polygon","coordinates":[[[-84.257827,40.139856],[-84.258283,40.139853],[-84.258285,40.13999],[-84.257829,40.139994],[-84.257827,40.139856]]]},"properties":{"p":"N44-033240","o":"STEPP SHAWN","a":"1221  GRANT","d":"PIQUA CITY SCHOOL DISTRICT","t":1286.53,"l":"510: Res-Single Family","c":0}},{"type":"Feature","geometry":{"type":"Polygon","coordinates":[[[-84.245826,40.136702],[-84.245824,40.136572],[-84.246271,40.136569],[-84.246273,40.136699],[-84.245826,40.136702]]]},"properties":{"p":"N44-032350","o":"MAGGERT KEVIN M","a":"801  FISK ST","d":"PIQUA CITY SCHOOL DISTRICT","t":1189.01,"l":"510: Res-Single Family","c":0}},{"type":"Feature","geometry":{"type":"Polygon","coordinates":[[[-84.248223,40.137076],[-84.247712,40.137079],[-84.24771,40.136949],[-84.24822,40.136945],[-84.248223,40.137076]]]},"properties":{"p":"N44-032030","o":"MARTIN FOREST M","a":"706  LEONARD ST","d":"PIQUA CITY SCHOOL DISTRICT","t":56325.75,"l":"500: Res-Vacant Land","c":0}},{"type":"Feature","geometry":{"type":"Polygon","coordinates":[[[-84.248775,40.13655],[-84.248264,40.136554],[-84.248262,40.136424],[-84.248773,40.13642],[-84.248775,40.13655]]]},"properties":{"p":"N44-031910","o":"DURAND AUSTIN J","a":"715  WILLARD ST","d":"PIQUA CITY SCHOOL DISTRICT","t":982.29,"l":"510: Res-Single Family","c":0}},{"type":"Feature","geometry":{"type":"Polygon","coordinates":[[[-84.252486,40.140409],[-84.252899,40.140269],[-84.252969,40.140386],[-84.252524,40.140536],[-84.252486,40.140409]]]},"properties":{"p":"N44-031320","o":"ATKINS MARY C","a":"358  ELLERMAN","d":"PIQUA CITY SCHOOL DISTRICT","t":56704.76,"l":"500: Res-Vacant Land","c":0}},{"type":"Feature","geometry":{"type":"Polygon","coordinates":[[[-84.25381,40.138278],[-84.25431,40.138273],[-84.254311,40.138379],[-84.253814,40.138545],[-84.25381,40.138278]]]},"properties":{"p":"N44-029600","o":"BARHORST MICHAEL A","a":"523  BRICE AVE","d":"PIQUA CITY SCHOOL DISTRICT","t":64753.31,"l":"510: Res-Single Family","c":0}}]}