{"type":"FeatureCollection","features":[{"type":"Feature","geometry":{"type":"Polygon","coordinates":[[[-82.771979,40.950808],[-82.771958,40.949946],[-82.773936,40.949976],[-82.773988,40.952132],[-82.772016,40.952102],[-82.771979,40.950808]]]},"properties":{"p":"1-0000038.000","o":"CHAPMAN DANIEL & BETH","a":"6724    SR 39","d":"BUCKEYE CENTRAL LOCAL SCHOOL DISTRICT","t":357.1,"l":"510: Res-Single Family","c":0}},{"type":"Feature","geometry":{"type":"Polygon","coordinates":[[[-82.796182,40.982068],[-82.796183,40.982],[-82.796694,40.982006],[-82.796691,40.982144],[-82.79618,40.982137],[-82.796182,40.982068]]]},"properties":{"p":"1-0000090.000","o":"HODGES REBECCA J","a":"7611    LIGHTSBURG             RD","d":"BUCKEYE CENTRAL LOCAL SCHOOL DISTRICT","t":12.64,"l":"500: Res-Vacant Land","c":0}},{"type":"Feature","geometry":{"type":"Polygon","coordinates":[[[-82.779193,40.967517],[-82.779195,40.967435],[-82.779792,40.967434],[-82.779777,40.968389],[-82.779179,40.96839],[-82.779193,40.967517]]]},"properties":{"p":"1-0000108.000","o":"HILER GERALD","a":"7038    YOUNG                  RD","d":"BUCKEYE CENTRAL LOCAL SCHOOL DISTRICT","t":1579.31,"l":"510: Res-Single Family","c":0}},{"type":"Feature","geometry":{"type":"Polygon","coordinates":[[[-82.772239,40.91368],[-82.772251,40.91292],[-82.772924,40.912922],[-82.772912,40.913686],[-82.772239,40.91368]]]},"properties":{"p":"1-0000115.000","o":"STUMP STEPHEN","a":"5706    SR 39","d":"BUCKEYE CENTRAL LOCAL SCHOOL DISTRICT","t":1374.26,"l":"510: Res-Single Family","c":0}},{"type":"Feature","geometry":{"type":"Polygon","coordinates":[[[-82.772247,40.925268],[-82.772256,40.924853],[-82.773346,40.924867],[-82.773333,40.925282],[-82.772247,40.925268]]]},"properties":{"p":"1-0000117.000","o":"HAMILTON PEARL JR","a":"6036    SR 39","d":"BUCKEYE CENTRAL LOCAL SCHOOL DISTRICT","t":472.56,"l":"510: Res-Single Family","c":0}},{"type":"Feature","geometry":{"type":"Polygon","coordinates":[[[-82.783415,40.908188],[-82.784342,40.907759],[-82.784819,40.908761],[-82.783892,40.909189],[-82.783415,40.908188]]]},"properties":{"p":"1-0000243.000","o":"GIBSON MICHAEL L","a":"5597    SR 98","d":"BUCKEYE CENTRAL LOCAL SCHOOL DISTRICT","t":207.53,"l":"510: Res-Single Family","c":0}},{"type":"Feature","geometry":{"type":"Polygon","coordinates":[[[-82.920978,40.934324],[-82.920977,40.933978],[-82.922464,40.933993],[-82.922433,40.935948],[-82.920968,40.935958],[-82.920978,40.934324]]]},"properties":{"p":"10-0001512.002","o":"STOCKMASTER ERIC T AND ABBY M","a":"6366    SCHWEMLY               RD","d":"BUCKEYE CENTRAL LOCAL SCHOOL DISTRICT","t":232.44,"l":"510: Res-Single Family","c":0}},{"type":"Feature","geometry":{"type":"Polygon","coordinates":[[[-82.910728,40.921457],[-82.9114,40.921454],[-82.911367,40.928755],[-82.908308,40.928758],[-82.908362,40.921467],[-82.910728,40.921457]]]},"properties":{"p":"10-0001523.000","o":"HILER, CAROL","a":"CAREY                  RD","d":"BUCKEYE CENTRAL LOCAL SCHOOL DISTRICT","t":125.67,"l":"110: Agr-CAUV-Vacant Land","c":0}},{"type":"Feature","geometry":{"type":"Polygon","coordinates":[[[-82.901586,40.928764],[-82.901694,40.928763],[-82.901686,40.932392],[-82.892124,40.932458],[-82.892132,40.928833],[-82.901586,40.928764]]]},"properties":{"p":"10-0001525.000","o":"GREEN DAVID S","a":"6241    CONNELY                RD","d":"BUCKEYE CENTRAL LOCAL SCHOOL DISTRICT","t":2360.01,"l":"111: Agr-CAUV-Cash-Grain Farm","c":0}},{"type":"Feature","geometry":{"type":"Polygon","coordinates":[[[-82.922159,40.961346],[-82.923545,40.961332],[-82.923548,40.962024],[-82.922485,40.962769],[-82.922113,40.962767],[-82.922159,40.961346]]]},"properties":{"p":"10-0001596.001","o":"RAYOUM DONALD J SR","a":"7130    SCHWEMLY               RD","d":"BUCKEYE CENTRAL LOCAL SCHOOL DISTRICT","t":326.12,"l":"500: Res-Vacant Land","c":0}},{"type":"Feature","geometry":{"type":"Polygon","coordinates":[[[-82.921681,40.961351],[-82.921691,40.960939],[-82.920639,40.960949],[-82.920639,40.960936],[-82.922676,40.960915],[-82.922665,40.961341],[-82.921681,40.961351]]]},"properties":{"p":"10-0001767.002","o":"RAYOUM DONALD J","a":"7130    SCHWEMLY               RD","d":"BUCKEYE CENTRAL LOCAL SCHOOL DISTRICT","t":205.7,"l":"599: Res-Other","c":0}},{"type":"Feature","geometry":{"type":"Polygon","coordinates":[[[-82.920639,40.960936],[-82.920662,40.959445],[-82.921734,40.959452],[-82.921711,40.960925],[-82.920639,40.960936]]]},"properties":{"p":"10-0001767.003","o":"CONLEY SALLY J","a":"7048    SCHWEMLY               RD","d":"BUCKEYE CENTRAL LOCAL SCHOOL DISTRICT","t":1938.78,"l":"510: Res-Single Family","c":0}},{"type":"Feature","geometry":{"type":"Polygon","coordinates":[[[-82.94466,40.953042],[-82.94481,40.953507],[-82.943991,40.953424],[-82.944587,40.952192],[-82.944721,40.952229],[-82.94466,40.953042]]]},"properties":{"p":"10-0001923.001","o":"ADKINS MICHAEL L","a":"6874    SANDUSKY               AV","d":"BUCKEYE CENTRAL LOCAL SCHOOL DISTRICT","t":89.57,"l":"500: Res-Vacant Land","c":0}},{"type":"Feature","geometry":{"type":"Polygon","coordinates":[[[-82.94178,40.953336],[-82.942371,40.953328],[-82.942308,40.953458],[-82.941774,40.953348],[-82.94178,40.953336]]]},"properties":{"p":"12-0002080.002","o":"LAWSON WILLIAM","a":"6879    SANDUSKY               AV","d":"BUCKEYE CENTRAL LOCAL SCHOOL DISTRICT","t":26.69,"l":"500: Res-Vacant Land","c":0}},{"type":"Feature","geometry":{"type":"Polygon","coordinates":[[[-82.940806,40.952715],[-82.941045,40.952711],[-82.941039,40.953079],[-82.9408,40.953082],[-82.940806,40.952715]]]},"properties":{"p":"12-0002081.000","o":"GALLANT LARRY D","a":"3575    WASHINGTON             ST","d":"BUCKEYE CENTRAL LOCAL SCHOOL DISTRICT","t":59.81,"l":"561: Res-Custom Code","c":0}},{"type":"Feature","geometry":{"type":"Polygon","coordinates":[[[-82.942419,40.953226],[-82.942371,40.953328],[-82.94178,40.953336],[-82.94183,40.953233],[-82.942419,40.953226]]]},"properties":{"p":"12-0002105.000","o":"LAWSON WILLIAM","a":"6879    SANDUSKY               AV","d":"BUCKEYE CENTRAL LOCAL SCHOOL DISTRICT","t":499.15,"l":"420: Com-Retail-Small","c":0}},{"type":"Feature","geometry":{"type":"Polygon","coordinates":[[[-82.943661,40.952236],[-82.943788,40.951973],[-82.944587,40.952192],[-82.943991,40.953424],[-82.943202,40.953345],[-82.943252,40.953241],[-82.942734,40.953099],[-82.942861,40.952836],[-82.94331,40.95296],[-82.943661,40.952236]]]},"properties":{"p":"12-0002120.000","o":"ADKINS MICHAEL L","a":"6874    SANDUSKY               AV","d":"BUCKEYE CENTRAL LOCAL SCHOOL DISTRICT","t":1361.15,"l":"510: Res-Single Family","c":0}},{"type":"Feature","geometry":{"type":"Polygon","coordinates":[[[-82.837887,40.902514],[-82.837884,40.902432],[-82.838775,40.902436],[-82.838707,40.902962],[-82.838652,40.903104],[-82.838277,40.903163],[-82.838005,40.903155],[-82.837904,40.90295],[-82.837887,40.902514]]]},"properties":{"p":"14-0002532.001","o":"BARKER DAVID A & KIMBERLEY S","a":"5950    STRIKER                RD","d":"COLONEL CRAWFORD LOCAL SCHOOL DISTRICT","t":785.74,"l":"510: Res-Single Family","c":0}},{"type":"Feature","geometry":{"type":"Polygon","coordinates":[[[-82.84911,40.95883],[-82.848044,40.958824],[-82.848047,40.958659],[-82.849113,40.958666],[-82.84911,40.95883]]]},"properties":{"p":"15-0002625.000","o":"MARTIN CHRISTOPHER S & KIMBERL","a":"412    FOOTE                  ST","d":"BUCKEYE CENTRAL LOCAL SCHOOL DISTRICT","t":1190.27,"l":"510: Res-Single Family","c":0}},{"type":"Feature","geometry":{"type":"Polygon","coordinates":[[[-82.849113,40.958666],[-82.848047,40.958659],[-82.848051,40.958454],[-82.849119,40.958347],[-82.849113,40.958666]]]},"properties":{"p":"15-0002626.000","o":"MARTIN CHRISTOPHER S & KIMBERL","a":"412    FOOTE                  ST","d":"BUCKEYE CENTRAL LOCAL SCHOOL DISTRICT","t":144.71,"l":"599: Res-Other","c":0}},{"type":"Feature","geometry":{"type":"Polygon","coordinates":[[[-82.854568,40.961284],[-82.854807,40.961283],[-82.854803,40.961747],[-82.854564,40.961749],[-82.854568,40.961284]]]},"properties":{"p":"15-0002651.000","o":"SHEPHERD RYAN","a":"130 W  MAIN                   ST","d":"BUCKEYE CENTRAL LOCAL SCHOOL DISTRICT","t":1097.47,"l":"510: Res-Single Family","c":0}},{"type":"Feature","geometry":{"type":"Polygon","coordinates":[[[-82.859941,40.965379],[-82.859943,40.965312],[-82.860477,40.965612],[-82.860467,40.96598],[-82.859923,40.965992],[-82.859941,40.965379]]]},"properties":{"p":"15-0002679.000","o":"ALLEN MEGAN R NKA MEGAN R","a":"604    TIFFIN                 ST","d":"BUCKEYE CENTRAL LOCAL SCHOOL DISTRICT","t":785.49,"l":"510: Res-Single Family","c":0}},{"type":"Feature","geometry":{"type":"Polygon","coordinates":[[[-82.854289,40.959653],[-82.854809,40.959646],[-82.854809,40.95984],[-82.854288,40.959847],[-82.854289,40.959653]]]},"properties":{"p":"15-0002755.000","o":"BROWN SHANE M","a":"316    MONROE                 ST","d":"BUCKEYE CENTRAL LOCAL SCHOOL DISTRICT","t":20.42,"l":"599: Res-Other","c":0}},{"type":"Feature","geometry":{"type":"Polygon","coordinates":[[[-82.851376,40.962268],[-82.850831,40.962273],[-82.850835,40.96182],[-82.85138,40.961816],[-82.851376,40.962268]]]},"properties":{"p":"15-0003064.000","o":"HITCHCOCK COLLENE","a":"E  MANSFIELD              ST","d":"BUCKEYE CENTRAL LOCAL SCHOOL DISTRICT","t":3756.57,"l":"510: Res-Single Family","c":0}},{"type":"Feature","geometry":{"type":"Polygon","coordinates":[[[-82.846617,40.960593],[-82.846856,40.960594],[-82.846852,40.961047],[-82.846613,40.961046],[-82.846617,40.960593]]]},"properties":{"p":"15-0003114.000","o":"STROHM DANIEL L","a":"502 E  MAIN                   ST","d":"BUCKEYE CENTRAL LOCAL SCHOOL DISTRICT","t":710.16,"l":"510: Res-Single Family","c":0}},{"type":"Feature","geometry":{"type":"Polygon","coordinates":[[[-82.846975,40.961084],[-82.846852,40.961083],[-82.846856,40.960594],[-82.84698,40.960595],[-82.846975,40.961084]]]},"properties":{"p":"15-0003115.000","o":"STROHM DANIEL L","a":"502 E  MAIN                   ST","d":"BUCKEYE CENTRAL LOCAL SCHOOL DISTRICT","t":97.78,"l":"599: Res-Other","c":0}},{"type":"Feature","geometry":{"type":"Polygon","coordinates":[[[-83.045822,40.729083],[-83.046053,40.728773],[-83.046836,40.729112],[-83.046605,40.729423],[-83.045822,40.729083]]]},"properties":{"p":"18-0003445.000","o":"JOHNS JAMES E","a":"719    SR 4","d":"WYNFORD LOCAL SCHOOL DISTRICT","t":174.44,"l":"510: Res-Single Family","c":0}},{"type":"Feature","geometry":{"type":"Polygon","coordinates":[[[-83.092491,40.767638],[-83.0926,40.767637],[-83.092605,40.767999],[-83.091414,40.768017],[-83.091409,40.767655],[-83.092491,40.767638]]]},"properties":{"p":"18-0003488.000","o":"REED JULIA ANN","a":"1801    MARION MELMORE         RD","d":"WYNFORD LOCAL SCHOOL DISTRICT","t":168.37,"l":"510: Res-Single Family","c":0}},{"type":"Feature","geometry":{"type":"Polygon","coordinates":[[[-83.049277,40.715985],[-83.050791,40.715953],[-83.050796,40.717677],[-83.049282,40.717716],[-83.049277,40.715985]]]},"properties":{"p":"18-0003512.000","o":"MILLER DEBORAH A TRUSTEE","a":"1283    SR 294","d":"WYNFORD LOCAL SCHOOL DISTRICT","t":1335.52,"l":"101: Agr-Cash-Grain Farm","c":0}},{"type":"Feature","geometry":{"type":"Polygon","coordinates":[[[-83.050791,40.715953],[-83.050971,40.715949],[-83.050976,40.717673],[-83.050796,40.717677],[-83.050791,40.715953]]]},"properties":{"p":"18-0003512.001","o":"MILLER DEBORAH A TRUSTEE","a":"1245    SR 294","d":"WYNFORD LOCAL SCHOOL DISTRICT","t":30.23,"l":"500: Res-Vacant Land","c":0}},{"type":"Feature","geometry":{"type":"Polygon","coordinates":[[[-83.050971,40.715949],[-83.051899,40.715929],[-83.051709,40.716363],[-83.051306,40.717084],[-83.051077,40.717671],[-83.050976,40.717673],[-83.050971,40.715949]]]},"properties":{"p":"18-0003541.001","o":"MILLER DEBORAH A TRUSTEE","a":"1245    SR 294","d":"WYNFORD LOCAL SCHOOL DISTRICT","t":84.15,"l":"500: Res-Vacant Land","c":0}},{"type":"Feature","geometry":{"type":"Polygon","coordinates":[[[-83.05268,40.715913],[-83.050791,40.715953],[-83.050798,40.714515],[-83.052687,40.714475],[-83.05268,40.715913]]]},"properties":{"p":"18-0003575.000","o":"MILLER DEBORAH A TRUSTEE","a":"1245    SR 294","d":"WYNFORD LOCAL SCHOOL DISTRICT","t":2256.67,"l":"101: Agr-Cash-Grain Farm","c":0}},{"type":"Feature","geometry":{"type":"Polygon","coordinates":[[[-82.775337,40.731577],[-82.775318,40.732214],[-82.775212,40.732211],[-82.77523,40.731575],[-82.775337,40.731577]]]},"properties":{"p":"19-0021962.000","o":"ALBRIGHT LINDA K","a":"889 E  WALNUT                 ST","d":"GALION CITY SCHOOL DISTRICT","t":578.11,"l":"510: Res-Single Family","c":0}},{"type":"Feature","geometry":{"type":"Polygon","coordinates":[[[-82.782853,40.736262],[-82.782868,40.73552],[-82.783186,40.735236],[-82.783308,40.735228],[-82.78338,40.735265],[-82.783408,40.735351],[-82.783389,40.736273],[-82.782853,40.736262]]]},"properties":{"p":"19-0021992.000","o":"PROSSER PAUL III","a":"420 E  CHURCH                 ST","d":"GALION CITY SCHOOL DISTRICT","t":1332.11,"l":"399: Ind-Other","c":0}},{"type":"Feature","geometry":{"type":"Polygon","coordinates":[[[-82.782685,40.735736],[-82.782494,40.735733],[-82.782689,40.735558],[-82.782685,40.735736]]]},"properties":{"p":"19-0021997.000","o":"PROSSER PAUL III","a":"420 E  CHURCH                 ST","d":"GALION CITY SCHOOL DISTRICT","t":21.18,"l":"399: Ind-Other","c":0}},{"type":"Feature","geometry":{"type":"Polygon","coordinates":[[[-82.805627,40.723844],[-82.806057,40.723987],[-82.805957,40.724163],[-82.805526,40.724021],[-82.805627,40.723844]]]},"properties":{"p":"19-0021999.000","o":"KNAPP VERONICA A","a":"682    BROOKSIDE              AV","d":"GALION CITY SCHOOL DISTRICT","t":1291.7,"l":"510: Res-Single Family","c":0}},{"type":"Feature","geometry":{"type":"Polygon","coordinates":[[[-82.810828,40.730042],[-82.81082,40.730367],[-82.810242,40.730364],[-82.81025,40.730151],[-82.810275,40.730103],[-82.810322,40.730065],[-82.810415,40.73004],[-82.810828,40.730042]]]},"properties":{"p":"19-0022016.000","o":"GUILLORY NIKKI","a":"980    MEADOW                 LN","d":"GALION CITY SCHOOL DISTRICT","t":425.16,"l":"510: Res-Single Family","c":0}},{"type":"Feature","geometry":{"type":"Polygon","coordinates":[[[-82.788593,40.736057],[-82.788596,40.735966],[-82.789309,40.73598],[-82.789305,40.73607],[-82.788593,40.736057]]]},"properties":{"p":"19-0022040.000","o":"PROSSER BRANDY","a":"229 N  MARKET                 ST","d":"GALION CITY SCHOOL DISTRICT","t":1535.73,"l":"510: Res-Single Family","c":0}},{"type":"Feature","geometry":{"type":"Polygon","coordinates":[[[-82.794674,40.736466],[-82.794677,40.736275],[-82.795388,40.736286],[-82.795384,40.736477],[-82.794674,40.736466]]]},"properties":{"p":"19-0022062.000","o":"MANZO JESUS & MARIA","a":"236    GILL                   AV","d":"GALION CITY SCHOOL DISTRICT","t":1192.84,"l":"560: Res-Mobile Home","c":0}},{"type":"Feature","geometry":{"type":"Polygon","coordinates":[[[-82.806455,40.723291],[-82.80654,40.723142],[-82.806987,40.723152],[-82.807072,40.723171],[-82.807142,40.723214],[-82.807186,40.723273],[-82.807198,40.72334],[-82.807116,40.72351],[-82.806455,40.723291]]]},"properties":{"p":"19-0022121.000","o":"BARLER MARK W","a":"705 S  PORTLAND WAY","d":"GALION CITY SCHOOL DISTRICT","t":1110.85,"l":"510: Res-Single Family","c":0}},{"type":"Feature","geometry":{"type":"Polygon","coordinates":[[[-82.791825,40.74389],[-82.791816,40.744301],[-82.791543,40.744298],[-82.791553,40.743886],[-82.791825,40.74389]]]},"properties":{"p":"19-0022218.000","o":"SADLER REBECCA","a":"120    EDGEWOOD               DR","d":"GALION CITY SCHOOL DISTRICT","t":69.64,"l":"510: Res-Single Family","c":0}},{"type":"Feature","geometry":{"type":"Polygon","coordinates":[[[-82.786103,40.726075],[-82.785862,40.726072],[-82.78586,40.725684],[-82.786109,40.725687],[-82.786103,40.726075]]]},"properties":{"p":"19-0022302.000","o":"BRITT CHRISTOPHER A","a":"302 E  PARSON                 ST","d":"GALION CITY SCHOOL DISTRICT","t":204.25,"l":"510: Res-Single Family","c":0}},{"type":"Feature","geometry":{"type":"Polygon","coordinates":[[[-82.791084,40.724469],[-82.79108,40.724799],[-82.790914,40.724801],[-82.790918,40.724471],[-82.791084,40.724469]]]},"properties":{"p":"19-0022322.000","o":"CROSE ERIC & KISHA","a":"130    WILSON                 ST","d":"GALION CITY SCHOOL DISTRICT","t":2.22,"l":"599: Res-Other","c":0}},{"type":"Feature","geometry":{"type":"Polygon","coordinates":[[[-82.790918,40.724471],[-82.790914,40.724801],[-82.790748,40.724803],[-82.790752,40.724473],[-82.790918,40.724471]]]},"properties":{"p":"19-0022323.000","o":"CROSE ERIC & KISHA","a":"130    WILSON                 ST","d":"GALION CITY SCHOOL DISTRICT","t":21.44,"l":"510: Res-Single Family","c":0}},{"type":"Feature","geometry":{"type":"Polygon","coordinates":[[[-82.769461,40.729894],[-82.76946,40.729754],[-82.769831,40.729756],[-82.769831,40.729896],[-82.769461,40.729894]]]},"properties":{"p":"19-0022348.000","o":"NEGRETE MICHAEL J & SUE K","a":"316    THIRD                  AV","d":"GALION CITY SCHOOL DISTRICT","t":550,"l":"510: Res-Single Family","c":0}},{"type":"Feature","geometry":{"type":"Polygon","coordinates":[[[-82.792994,40.726135],[-82.792993,40.726279],[-82.792647,40.726271],[-82.792649,40.726127],[-82.792994,40.726135]]]},"properties":{"p":"19-0022405.000","o":"KANNON RENTALS LLC","a":"577 S  BOSTON                 ST","d":"GALION CITY SCHOOL DISTRICT","t":468.29,"l":"520: Res-Two Family","c":0}},{"type":"Feature","geometry":{"type":"Polygon","coordinates":[[[-82.769199,40.739775],[-82.769224,40.740804],[-82.769153,40.740804],[-82.769128,40.739775],[-82.769199,40.739775]]]},"properties":{"p":"19-0022511.000","o":"HARRIS CHRISTOPHER R","a":"1070    EDWARD                 ST","d":"GALION CITY SCHOOL DISTRICT","t":8.99,"l":"500: Res-Vacant Land","c":0}},{"type":"Feature","geometry":{"type":"Polygon","coordinates":[[[-82.770177,40.730843],[-82.770177,40.731025],[-82.769819,40.731024],[-82.769819,40.730841],[-82.770177,40.730843]]]},"properties":{"p":"19-0022524.000","o":"PARFITT BRUCE & BRENDA","a":"1044    SMITH                  ST","d":"GALION CITY SCHOOL DISTRICT","t":29.04,"l":"510: Res-Single Family","c":0}},{"type":"Feature","geometry":{"type":"Polygon","coordinates":[[[-82.791407,40.73166],[-82.79141,40.731568],[-82.791603,40.731572],[-82.7916,40.731664],[-82.791407,40.73166]]]},"properties":{"p":"19-0022590.000","o":"BROWN ANNA M","a":"240 S  UNION                  ST","d":"GALION CITY SCHOOL DISTRICT","t":389.26,"l":"510: Res-Single Family","c":0}},{"type":"Feature","geometry":{"type":"Polygon","coordinates":[[[-82.791005,40.742485],[-82.791009,40.742349],[-82.791544,40.742355],[-82.79154,40.742492],[-82.791005,40.742485]]]},"properties":{"p":"19-0022630.000","o":"MIRACLE HEATHER","a":"628 N  UNION                  ST","d":"GALION CITY SCHOOL DISTRICT","t":1117.67,"l":"510: Res-Single Family","c":0}},{"type":"Feature","geometry":{"type":"Polygon","coordinates":[[[-82.784593,40.729542],[-82.784597,40.729432],[-82.785063,40.729441],[-82.78506,40.729551],[-82.784593,40.729542]]]},"properties":{"p":"19-0022637.000","o":"GINGERY CARL R & AMY C","a":"358 S  WASHINGTON             ST","d":"GALION CITY SCHOOL DISTRICT","t":255.98,"l":"510: Res-Single Family","c":0}},{"type":"Feature","geometry":{"type":"Polygon","coordinates":[[[-82.786855,40.730391],[-82.78697,40.730393],[-82.786957,40.730937],[-82.78659,40.73093],[-82.786855,40.730391]]]},"properties":{"p":"19-0022638.000","o":"HADAMUSCIN HOMES LLC","a":"223 E  ATWOOD                 ST","d":"GALION CITY SCHOOL DISTRICT","t":1090.51,"l":"499: Com-Other","c":0}},{"type":"Feature","geometry":{"type":"Polygon","coordinates":[[[-82.783473,40.728925],[-82.78347,40.729048],[-82.782799,40.729037],[-82.782802,40.728914],[-82.783473,40.728925]]]},"properties":{"p":"19-0022642.000","o":"ASOL NORTH LLC","a":"409    SOUTH                  ST","d":"GALION CITY SCHOOL DISTRICT","t":1004.25,"l":"510: Res-Single Family","c":0}},{"type":"Feature","geometry":{"type":"Polygon","coordinates":[[[-82.787824,40.735951],[-82.788537,40.735965],[-82.788534,40.736064],[-82.787822,40.73605],[-82.787824,40.735951]]]},"properties":{"p":"19-0022811.000","o":"BARE ANDREA L","a":"230 N  COLUMBUS               ST","d":"GALION CITY SCHOOL DISTRICT","t":771.68,"l":"510: Res-Single Family","c":0}},{"type":"Feature","geometry":{"type":"Polygon","coordinates":[[[-82.790283,40.737181],[-82.790286,40.737091],[-82.791001,40.737101],[-82.790998,40.737191],[-82.790283,40.737181]]]},"properties":{"p":"19-0022913.000","o":"SCHRAEDLY CHRISTOPHER","a":"275 N  UNION                  ST","d":"GALION CITY SCHOOL DISTRICT","t":520.03,"l":"510: Res-Single Family","c":0}},{"type":"Feature","geometry":{"type":"Polygon","coordinates":[[[-82.760548,40.730275],[-82.760536,40.730468],[-82.76006,40.730516],[-82.760058,40.730269],[-82.760548,40.730275]]]},"properties":{"p":"19-0023031.000","o":"CAIN DORA M AKA DORA CAIN","a":"205    EIGHTH                 AV","d":"GALION CITY SCHOOL DISTRICT","t":593.63,"l":"510: Res-Single Family","c":0}},{"type":"Feature","geometry":{"type":"Polygon","coordinates":[[[-82.79987,40.736837],[-82.799851,40.737845],[-82.799129,40.737832],[-82.799149,40.736827],[-82.79987,40.736837]]]},"properties":{"p":"19-0023034.000","o":"R R WHITE","a":"HEISE PARK             LN","d":"GALION CITY SCHOOL DISTRICT","t":400.24,"l":"500: Res-Vacant Land","c":0}},{"type":"Feature","geometry":{"type":"Polygon","coordinates":[[[-82.774405,40.728798],[-82.774584,40.7288],[-82.774572,40.72923],[-82.774364,40.729228],[-82.774375,40.728797],[-82.774405,40.728798]]]},"properties":{"p":"19-0023089.000","o":"WOOD CHRISTINA C","a":"948    ALLEN                  ST","d":"GALION CITY SCHOOL DISTRICT","t":255.65,"l":"560: Res-Mobile Home","c":0}},{"type":"Feature","geometry":{"type":"Polygon","coordinates":[[[-82.786849,40.725558],[-82.786839,40.72468],[-82.787077,40.724683],[-82.787087,40.725561],[-82.786849,40.725558]]]},"properties":{"p":"19-0023105.000","o":"BOWMAN RICK & DIANA","a":"223 E  PARSON                 ST","d":"GALION CITY SCHOOL DISTRICT","t":802.65,"l":"500: Res-Vacant Land","c":0}},{"type":"Feature","geometry":{"type":"Polygon","coordinates":[[[-82.78192,40.728295],[-82.781923,40.728186],[-82.782679,40.728198],[-82.782676,40.728308],[-82.78192,40.728295]]]},"properties":{"p":"19-0023123.000","o":"MAYTON PROPERTIES LLC","a":"469    SOUTH (479)            ST","d":"GALION CITY SCHOOL DISTRICT","t":83,"l":"400: Com-Vacant Land","c":0}},{"type":"Feature","geometry":{"type":"Polygon","coordinates":[[[-82.781929,40.727966],[-82.78193,40.727944],[-82.782686,40.727956],[-82.782682,40.728088],[-82.781926,40.728076],[-82.781929,40.727966]]]},"properties":{"p":"19-0023124.000","o":"MAYTON PROPERTIES LLC","a":"469    SOUTH (479)            ST","d":"GALION CITY SCHOOL DISTRICT","t":100.53,"l":"400: Com-Vacant Land","c":0}},{"type":"Feature","geometry":{"type":"Polygon","coordinates":[[[-82.781924,40.728131],[-82.781926,40.728076],[-82.782682,40.728088],[-82.782679,40.728198],[-82.781923,40.728186],[-82.781924,40.728131]]]},"properties":{"p":"19-0023125.000","o":"MAYTON PROPERTIES LLC","a":"469    SOUTH (479)            ST","d":"GALION CITY SCHOOL DISTRICT","t":83,"l":"400: Com-Vacant Land","c":0}},{"type":"Feature","geometry":{"type":"Polygon","coordinates":[[[-82.783505,40.727783],[-82.7835,40.727948],[-82.782715,40.727935],[-82.782722,40.727682],[-82.783507,40.727694],[-82.783505,40.727783]]]},"properties":{"p":"19-0023126.002","o":"MAYTON PROPERTIES LLC","a":"459    SOUTH                  ST","d":"GALION CITY SCHOOL DISTRICT","t":1629.5,"l":"499: Com-Other","c":0}},{"type":"Feature","geometry":{"type":"Polygon","coordinates":[[[-82.78193,40.727922],[-82.781937,40.72767],[-82.782618,40.72768],[-82.782605,40.727933],[-82.782686,40.727935],[-82.782686,40.727956],[-82.78193,40.727944],[-82.78193,40.727922]]]},"properties":{"p":"19-0023127.002","o":"MAYTON PROPERTIES LLC","a":"459    SOUTH                  ST","d":"GALION CITY SCHOOL DISTRICT","t":192.97,"l":"400: Com-Vacant Land","c":0}},{"type":"Feature","geometry":{"type":"Polygon","coordinates":[[[-82.782686,40.727935],[-82.782605,40.727933],[-82.782618,40.72768],[-82.782722,40.727682],[-82.782715,40.727935],[-82.782686,40.727935]]]},"properties":{"p":"19-0023127.003","o":"MAYTON PROPERTIES LLC","a":"469    SOUTH (479)            ST","d":"GALION CITY SCHOOL DISTRICT","t":14.18,"l":"498: Com-Custom Code","c":0}},{"type":"Feature","geometry":{"type":"Polygon","coordinates":[[[-82.790292,40.73691],[-82.790297,40.73676],[-82.791012,40.73677],[-82.791007,40.736921],[-82.790292,40.73691]]]},"properties":{"p":"19-0023217.000","o":"SLONE BRANDON S","a":"265 N  UNION                  ST","d":"GALION CITY SCHOOL DISTRICT","t":796.76,"l":"510: Res-Single Family","c":0}},{"type":"Feature","geometry":{"type":"Polygon","coordinates":[[[-82.787875,40.733773],[-82.787899,40.733226],[-82.788058,40.733229],[-82.788034,40.733776],[-82.787875,40.733773]]]},"properties":{"p":"19-0023221.000","o":"YOUNG ERIC T","a":"137 E  HARDING WAY (137 1/2)","d":"GALION CITY SCHOOL DISTRICT","t":1305.62,"l":"465: Com-Lodge Hall","c":0}},{"type":"Feature","geometry":{"type":"Polygon","coordinates":[[[-82.784103,40.725527],[-82.783984,40.725525],[-82.783981,40.725171],[-82.784226,40.725174],[-82.78423,40.725528],[-82.784103,40.725527]]]},"properties":{"p":"19-0023299.000","o":"MILLER JILL L & GARY T","a":"365 E  PARSON                 ST","d":"GALION CITY SCHOOL DISTRICT","t":1067.15,"l":"510: Res-Single Family","c":0}},{"type":"Feature","geometry":{"type":"Polygon","coordinates":[[[-82.787803,40.736748],[-82.78804,40.736753],[-82.788037,40.736863],[-82.7878,40.736858],[-82.787803,40.736748]]]},"properties":{"p":"19-0023349.000","o":"KANNON RENTALS LLC","a":"318 N  COLUMBUS               ST","d":"GALION CITY SCHOOL DISTRICT","t":619.78,"l":"510: Res-Single Family","c":0}},{"type":"Feature","geometry":{"type":"Polygon","coordinates":[[[-82.784327,40.730342],[-82.784321,40.730523],[-82.78398,40.730516],[-82.783986,40.730335],[-82.784327,40.730342]]]},"properties":{"p":"19-0023372.000","o":"HERRMANN RICHARD A","a":"317 S  WASHINGTON             ST","d":"GALION CITY SCHOOL DISTRICT","t":916.03,"l":"510: Res-Single Family","c":0}},{"type":"Feature","geometry":{"type":"Polygon","coordinates":[[[-82.819053,40.734099],[-82.819059,40.733491],[-82.818584,40.733434],[-82.817884,40.733157],[-82.817875,40.734162],[-82.814853,40.734147],[-82.814872,40.732498],[-82.815222,40.7325],[-82.815228,40.732033],[-82.815155,40.732033],[-82.815163,40.731401],[-82.814525,40.731395],[-82.814392,40.730919],[-82.813955,40.730308],[-82.814995,40.729863],[-82.820257,40.729928],[-82.820173,40.733709],[-82.819855,40.733705],[-82.819851,40.733911],[-82.820168,40.733915],[-82.820163,40.734173],[-82.819053,40.734167],[-82.819053,40.734099]]]},"properties":{"p":"19-0023377.000","o":"SC GROUP LTD","a":"HILLCREST              AV","d":"GALION CITY SCHOOL DISTRICT","t":1634.41,"l":"110: Agr-CAUV-Vacant Land","c":0}},{"type":"Feature","geometry":{"type":"Polygon","coordinates":[[[-82.790292,40.73691],[-82.790736,40.736917],[-82.790735,40.736947],[-82.790291,40.73694],[-82.790292,40.73691]]]},"properties":{"p":"19-0023390.000","o":"HORVATH JAMES J II","a":"269 N  UNION                  ST","d":"GALION CITY SCHOOL DISTRICT","t":15.52,"l":"500: Res-Vacant Land","c":0}},{"type":"Feature","geometry":{"type":"Polygon","coordinates":[[[-82.791006,40.736951],[-82.791004,40.737011],[-82.790733,40.737004],[-82.790736,40.736917],[-82.791007,40.736921],[-82.791006,40.736951]]]},"properties":{"p":"19-0023391.000","o":"HORVATH JAMES J II","a":"269 N  UNION                  ST","d":"GALION CITY SCHOOL DISTRICT","t":1012.83,"l":"510: Res-Single Family","c":0}},{"type":"Feature","geometry":{"type":"Polygon","coordinates":[[[-82.788714,40.742457],[-82.789642,40.742469],[-82.789639,40.7426],[-82.788691,40.742588],[-82.788714,40.742457]]]},"properties":{"p":"19-0023400.000","o":"KANNON RENTALS LLC","a":"632 N  MARKET                 ST","d":"GALION CITY SCHOOL DISTRICT","t":579.35,"l":"510: Res-Single Family","c":0}},{"type":"Feature","geometry":{"type":"Polygon","coordinates":[[[-82.784469,40.733706],[-82.784675,40.733422],[-82.784666,40.73371],[-82.784469,40.733706]]]},"properties":{"p":"19-0023458.000","o":"WILSON SKYLAR","a":"343 E  HARDING WAY","d":"GALION CITY SCHOOL DISTRICT","t":756.68,"l":"429: Com-Other","c":0}},{"type":"Feature","geometry":{"type":"Polygon","coordinates":[[[-82.780871,40.733637],[-82.780886,40.733093],[-82.781029,40.733096],[-82.781015,40.73364],[-82.780871,40.733637]]]},"properties":{"p":"19-0023485.000","o":"COLLEY THOMAS EUGENE","a":"621 E  HARDING WAY","d":"GALION CITY SCHOOL DISTRICT","t":671.34,"l":"520: Res-Two Family","c":0}},{"type":"Feature","geometry":{"type":"Polygon","coordinates":[[[-82.785407,40.723693],[-82.785418,40.724663],[-82.785172,40.724661],[-82.785161,40.723682],[-82.785407,40.723693]]]},"properties":{"p":"19-0023616.000","o":"WEAVER JOSEPH D","a":"228    PERSHING               AV","d":"GALION CITY SCHOOL DISTRICT","t":852.74,"l":"510: Res-Single Family","c":0}},{"type":"Feature","geometry":{"type":"Polygon","coordinates":[[[-82.76929,40.735116],[-82.769159,40.7352],[-82.768426,40.734554],[-82.769135,40.734562],[-82.769504,40.734977],[-82.76929,40.735116]]]},"properties":{"p":"19-0023628.000","o":"SHORT GREGORY & VICKI","a":"227    MANSFIELD              ST","d":"GALION CITY SCHOOL DISTRICT","t":462.21,"l":"510: Res-Single Family","c":0}},{"type":"Feature","geometry":{"type":"Polygon","coordinates":[[[-82.798028,40.74452],[-82.798134,40.744142],[-82.799245,40.744144],[-82.799139,40.744523],[-82.798028,40.74452]]]},"properties":{"p":"19-0023654.000","o":"STEPHENS ROBERT LEWIS II ETAL","a":"777 N  PORTLAND WAY","d":"GALION CITY SCHOOL DISTRICT","t":1510.29,"l":"520: Res-Two Family","c":0}},{"type":"Feature","geometry":{"type":"Polygon","coordinates":[[[-82.786898,40.741545],[-82.786734,40.741543],[-82.786742,40.741097],[-82.786906,40.741099],[-82.786898,40.741545]]]},"properties":{"p":"19-0023741.000","o":"GINGERY CARL R & AMY C","a":"223 E  SUMMIT                 ST","d":"GALION CITY SCHOOL DISTRICT","t":373,"l":"510: Res-Single Family","c":0}},{"type":"Feature","geometry":{"type":"Polygon","coordinates":[[[-82.772785,40.733666],[-82.772762,40.734322],[-82.772609,40.734369],[-82.772633,40.733663],[-82.772785,40.733666]]]},"properties":{"p":"19-0023768.000","o":"OWENS MARCUS","a":"1000 E  HARDING WAY","d":"GALION CITY SCHOOL DISTRICT","t":4.42,"l":"599: Res-Other","c":0}},{"type":"Feature","geometry":{"type":"Polygon","coordinates":[[[-82.769277,40.728061],[-82.769277,40.728116],[-82.768874,40.728116],[-82.768874,40.728061],[-82.769277,40.728061]]]},"properties":{"p":"19-0023788.000","o":"YATES KRISTIAN","a":"401    THIRD                  AV","d":"GALION CITY SCHOOL DISTRICT","t":75.14,"l":"561: Res-Custom Code","c":0}},{"type":"Feature","geometry":{"type":"Polygon","coordinates":[[[-82.769277,40.728061],[-82.768874,40.728061],[-82.768875,40.727993],[-82.769277,40.727993],[-82.769277,40.728061]]]},"properties":{"p":"19-0023789.000","o":"YATES KRISTIAN","a":"401    THIRD                  AV","d":"GALION CITY SCHOOL DISTRICT","t":33.5,"l":"500: Res-Vacant Land","c":0}},{"type":"Feature","geometry":{"type":"Polygon","coordinates":[[[-82.769277,40.727925],[-82.769277,40.727993],[-82.768875,40.727993],[-82.768875,40.727925],[-82.769277,40.727925]]]},"properties":{"p":"19-0023790.000","o":"YATES KRISTIAN","a":"401    THIRD                  AV","d":"GALION CITY SCHOOL DISTRICT","t":33.5,"l":"500: Res-Vacant Land","c":0}},{"type":"Feature","geometry":{"type":"Polygon","coordinates":[[[-82.784225,40.725071],[-82.784226,40.725174],[-82.784107,40.725173],[-82.784106,40.72507],[-82.784225,40.725071]]]},"properties":{"p":"19-0023904.001","o":"MORRIS JOHN S & MARTHA A","a":"722    SOUTH                  ST","d":"GALION CITY SCHOOL DISTRICT","t":8.99,"l":"500: Res-Vacant Land","c":0}},{"type":"Feature","geometry":{"type":"Polygon","coordinates":[[[-82.771182,40.726925],[-82.771182,40.726884],[-82.771926,40.726889],[-82.771926,40.72693],[-82.771182,40.726925]]]},"properties":{"p":"19-0023927.000","o":"HOLLINGER CARRIE","a":"512    SECOND (512 1/2)       AV","d":"GALION CITY SCHOOL DISTRICT","t":6.25,"l":"500: Res-Vacant Land","c":0}},{"type":"Feature","geometry":{"type":"Polygon","coordinates":[[[-82.782769,40.724384],[-82.782763,40.723952],[-82.782972,40.723955],[-82.782979,40.724388],[-82.782769,40.724384]]]},"properties":{"p":"19-0023931.000","o":"WEITHMAN WILLIAM E","a":"755    SOUTH                  ST","d":"GALION CITY SCHOOL DISTRICT","t":17.12,"l":"500: Res-Vacant Land","c":0}},{"type":"Feature","geometry":{"type":"Polygon","coordinates":[[[-82.783518,40.724307],[-82.783522,40.724514],[-82.782771,40.724503],[-82.782769,40.724384],[-82.782979,40.724388],[-82.782977,40.724298],[-82.783518,40.724307]]]},"properties":{"p":"19-0023932.000","o":"WEITHMAN WILLIAM E","a":"755    SOUTH                  ST","d":"GALION CITY SCHOOL DISTRICT","t":63.4,"l":"500: Res-Vacant Land","c":0}},{"type":"Feature","geometry":{"type":"Polygon","coordinates":[[[-82.782437,40.724379],[-82.78243,40.723947],[-82.782763,40.723952],[-82.782769,40.724384],[-82.782437,40.724379]]]},"properties":{"p":"19-0023933.000","o":"WEITHMAN WILLIAM E","a":"755    SOUTH                  ST","d":"GALION CITY SCHOOL DISTRICT","t":7.58,"l":"500: Res-Vacant Land","c":0}},{"type":"Feature","geometry":{"type":"Polygon","coordinates":[[[-82.771965,40.733469],[-82.771964,40.732938],[-82.772202,40.73294],[-82.772203,40.733473],[-82.771965,40.733469]]]},"properties":{"p":"19-0023983.000","o":"TENEYCK DEBORAH","a":"1019 E  HARDING WAY","d":"GALION CITY SCHOOL DISTRICT","t":717.37,"l":"510: Res-Single Family","c":0}},{"type":"Feature","geometry":{"type":"Polygon","coordinates":[[[-82.801415,40.728833],[-82.801422,40.72845],[-82.801639,40.728454],[-82.801633,40.728837],[-82.801415,40.728833]]]},"properties":{"p":"19-0024011.000","o":"GAREE LESLEY N","a":"733    BOYD                   BV","d":"GALION CITY SCHOOL DISTRICT","t":581.11,"l":"510: Res-Single Family","c":0}},{"type":"Feature","geometry":{"type":"Polygon","coordinates":[[[-82.763208,40.730582],[-82.763202,40.730305],[-82.764667,40.730322],[-82.764674,40.730747],[-82.763211,40.730731],[-82.763208,40.730582]]]},"properties":{"p":"19-0024094.000","o":"HARDING DEVELOPMENT CO","a":"SIXTH                  AV","d":"GALION CITY SCHOOL DISTRICT","t":198.84,"l":"498: Com-Custom Code","c":0}},{"type":"Feature","geometry":{"type":"MultiPolygon","coordinates":[[[[-82.763214,40.730852],[-82.763211,40.730731],[-82.764674,40.730747],[-82.7647,40.731637],[-82.763737,40.731629],[-82.763727,40.731222],[-82.763222,40.731218],[-82.763214,40.730852]]],[[[-82.764715,40.732158],[-82.763755,40.73215],[-82.763741,40.731766],[-82.764704,40.731774],[-82.764715,40.732158]]]]},"properties":{"p":"19-0024095.000","o":"HARDING DEVELOPMENT CO","a":"SIXTH                  AV","d":"GALION CITY SCHOOL DISTRICT","t":9818.39,"l":"403: Com-Apartment- 40+","c":0}},{"type":"Feature","geometry":{"type":"Polygon","coordinates":[[[-82.766039,40.730674],[-82.765949,40.730674],[-82.76595,40.730372],[-82.76604,40.730372],[-82.766039,40.730674]]]},"properties":{"p":"19-0024119.000","o":"REEDER JACK L & BETTY E TRUSTE","a":"1261    SMITH                  ST","d":"GALION CITY SCHOOL DISTRICT","t":165.4,"l":"599: Res-Other","c":0}},{"type":"Feature","geometry":{"type":"Polygon","coordinates":[[[-82.765859,40.730675],[-82.765769,40.730676],[-82.765769,40.730374],[-82.76595,40.730372],[-82.765949,40.730674],[-82.765859,40.730675]]]},"properties":{"p":"19-0024120.000","o":"REEDER JACK L & BETTY E TRUSTE","a":"1261    SMITH                  ST","d":"GALION CITY SCHOOL DISTRICT","t":5.73,"l":"562: Res-Custom Code","c":0}},{"type":"Feature","geometry":{"type":"Polygon","coordinates":[[[-82.765769,40.730676],[-82.765678,40.730676],[-82.765679,40.730374],[-82.765769,40.730374],[-82.765769,40.730676]]]},"properties":{"p":"19-0024121.000","o":"REEDER JACK L & BETTY E TRUSTE","a":"1261    SMITH                  ST","d":"GALION CITY SCHOOL DISTRICT","t":33.5,"l":"500: Res-Vacant Land","c":0}},{"type":"Feature","geometry":{"type":"Polygon","coordinates":[[[-82.76636,40.736117],[-82.765642,40.736335],[-82.765603,40.734743],[-82.766327,40.734752],[-82.76636,40.736117]]]},"properties":{"p":"19-0024124.000","o":"SURBER SANDRA J","a":"306    MANSFIELD              ST","d":"GALION CITY SCHOOL DISTRICT","t":283.77,"l":"510: Res-Single Family","c":0}},{"type":"Feature","geometry":{"type":"Polygon","coordinates":[[[-82.79311,40.730702],[-82.793706,40.730711],[-82.793703,40.730798],[-82.793108,40.730792],[-82.79311,40.730702]]]},"properties":{"p":"19-0024313.000","o":"SUTTON MICHAEL R","a":"314 S  BOSTON                 ST","d":"GALION CITY SCHOOL DISTRICT","t":840.21,"l":"510: Res-Single Family","c":0}},{"type":"Feature","geometry":{"type":"Polygon","coordinates":[[[-82.795165,40.731244],[-82.795154,40.731697],[-82.794937,40.731698],[-82.794949,40.731244],[-82.795165,40.731244]]]},"properties":{"p":"19-0024388.000","o":"BEAR LISA K","a":"360 W  ATWOOD                 ST","d":"GALION CITY SCHOOL DISTRICT","t":669.35,"l":"510: Res-Single Family","c":0}},{"type":"Feature","geometry":{"type":"Polygon","coordinates":[[[-82.774078,40.726915],[-82.773689,40.726911],[-82.773695,40.726403],[-82.774086,40.72641],[-82.774078,40.726915]]]},"properties":{"p":"19-0024418.000","o":"CORWIN MATTHEW E","a":"950    DAWSETT                AV","d":"GALION CITY SCHOOL DISTRICT","t":1055.6,"l":"510: Res-Single Family","c":0}},{"type":"Feature","geometry":{"type":"Polygon","coordinates":[[[-82.774078,40.726915],[-82.77407,40.727422],[-82.773683,40.727419],[-82.773689,40.726911],[-82.774078,40.726915]]]},"properties":{"p":"19-0024418.001","o":"CORWIN MATTHEW E","a":"950    DAWSETT                AV","d":"GALION CITY SCHOOL DISTRICT","t":21.65,"l":"500: Res-Vacant Land","c":0}},{"type":"Feature","geometry":{"type":"Polygon","coordinates":[[[-82.793161,40.714582],[-82.794044,40.714584],[-82.794048,40.714831],[-82.793165,40.714829],[-82.793161,40.714582]]]},"properties":{"p":"19-0024428.000","o":"AHLEFELD CRAIG M & AUBRAY L","a":"1026 S  MARKET                 ST","d":"GALION CITY SCHOOL DISTRICT","t":1145.93,"l":"510: Res-Single Family","c":0}},{"type":"Feature","geometry":{"type":"Polygon","coordinates":[[[-82.787012,40.731119],[-82.787192,40.731122],[-82.78719,40.731213],[-82.78701,40.73121],[-82.787012,40.731119]]]},"properties":{"p":"19-0024507.000","o":"IVY KENNETH F & ERIN M","a":"220 E  ATWOOD                 ST","d":"GALION CITY SCHOOL DISTRICT","t":242.7,"l":"510: Res-Single Family","c":0}},{"type":"Feature","geometry":{"type":"Polygon","coordinates":[[[-82.798905,40.731009],[-82.798901,40.731138],[-82.798724,40.731136],[-82.798728,40.731007],[-82.798905,40.731009]]]},"properties":{"p":"19-0024594.001","o":"SUTTON SHAWN J","a":"","d":"GALION CITY SCHOOL DISTRICT","t":122.11,"l":"","c":0}},{"type":"Feature","geometry":{"type":"Polygon","coordinates":[[[-82.791972,40.727793],[-82.792037,40.72823],[-82.791915,40.728228],[-82.791912,40.728212],[-82.791857,40.727845],[-82.791972,40.727793]]]},"properties":{"p":"19-0024618.000","o":"LEVINGS JASON E","a":"216 W  RAILROAD               ST","d":"GALION CITY SCHOOL DISTRICT","t":743.68,"l":"510: Res-Single Family","c":0}},{"type":"Feature","geometry":{"type":"Polygon","coordinates":[[[-82.781869,40.732159],[-82.781871,40.732061],[-82.782588,40.732073],[-82.782586,40.73217],[-82.781869,40.732159]]]},"properties":{"p":"19-0024654.000","o":"SELF DIRECTED IRA CAPITAL CO","a":"210 S  PIERCE                 ST","d":"GALION CITY SCHOOL DISTRICT","t":94.22,"l":"510: Res-Single Family","c":0}},{"type":"Feature","geometry":{"type":"Polygon","coordinates":[[[-82.792109,40.729904],[-82.7921,40.730255],[-82.791954,40.730251],[-82.791963,40.7299],[-82.792109,40.729904]]]},"properties":{"p":"19-0024734.000","o":"WARREN HARRY NAICHE AKA HARRY","a":"220    GROVE                  AV","d":"GALION CITY SCHOOL DISTRICT","t":1093.76,"l":"510: Res-Single Family","c":0}},{"type":"Feature","geometry":{"type":"Polygon","coordinates":[[[-82.788664,40.731696],[-82.788662,40.731787],[-82.787948,40.731771],[-82.787951,40.731681],[-82.788664,40.731696]]]},"properties":{"p":"19-0024764.000","o":"WAREHAM STEPHEN W","a":"224 S  COLUMBUS               ST","d":"GALION CITY SCHOOL DISTRICT","t":879.73,"l":"510: Res-Single Family","c":0}},{"type":"Feature","geometry":{"type":"Polygon","coordinates":[[[-82.773506,40.730683],[-82.773485,40.730258],[-82.773712,40.730261],[-82.773701,40.730686],[-82.773506,40.730683]]]},"properties":{"p":"19-0024833.000","o":"HARDING LUCAS W & MAGDALENA B","a":"949    SMITH                  ST","d":"GALION CITY SCHOOL DISTRICT","t":58.99,"l":"510: Res-Single Family","c":0}},{"type":"Feature","geometry":{"type":"Polygon","coordinates":[[[-82.795657,40.731244],[-82.795646,40.731697],[-82.795538,40.731697],[-82.795549,40.731244],[-82.795657,40.731244]]]},"properties":{"p":"19-0024998.000","o":"PARSLEY JAMES & CHRISTINA","a":"380 W  ATWOOD                 ST","d":"GALION CITY SCHOOL DISTRICT","t":624.89,"l":"510: Res-Single Family","c":0}},{"type":"Feature","geometry":{"type":"Polygon","coordinates":[[[-82.793013,40.722737],[-82.793013,40.722874],[-82.792292,40.722886],[-82.792289,40.722748],[-82.793013,40.722737]]]},"properties":{"p":"19-0025113.000","o":"KENT SHEILA","a":"763 S  BOSTON                 ST","d":"GALION CITY SCHOOL DISTRICT","t":47.36,"l":"510: Res-Single Family","c":0}},{"type":"Feature","geometry":{"type":"Polygon","coordinates":[[[-82.784546,40.73089],[-82.784553,40.730709],[-82.785019,40.730718],[-82.785013,40.730899],[-82.784546,40.73089]]]},"properties":{"p":"19-0025190.000","o":"SNYDER RONALD B","a":"304 S  WASHINGTON             ST","d":"GALION CITY SCHOOL DISTRICT","t":469.79,"l":"510: Res-Single Family","c":0}},{"type":"Feature","geometry":{"type":"Polygon","coordinates":[[[-82.783739,40.724574],[-82.783737,40.724423],[-82.784693,40.724434],[-82.784695,40.724585],[-82.783739,40.724574]]]},"properties":{"p":"19-0025213.000","o":"PIFHER HOLDINGS LLC","a":"748    SOUTH                  ST","d":"GALION CITY SCHOOL DISTRICT","t":675.81,"l":"510: Res-Single Family","c":0}},{"type":"Feature","geometry":{"type":"Polygon","coordinates":[[[-82.799652,40.725122],[-82.799027,40.725115],[-82.799032,40.724934],[-82.799657,40.724941],[-82.799652,40.725122]]]},"properties":{"p":"19-0025242.000","o":"MCNEELY DANNY L","a":"531    JOHN                   ST","d":"GALION CITY SCHOOL DISTRICT","t":1045.09,"l":"510: Res-Single Family","c":0}},{"type":"Feature","geometry":{"type":"Polygon","coordinates":[[[-82.797656,40.728448],[-82.797627,40.728447],[-82.797642,40.727915],[-82.797847,40.727918],[-82.797831,40.728451],[-82.797656,40.728448]]]},"properties":{"p":"19-0025294.000","o":"WEISENBERGER TIMOTHY F","a":"531    GRAND                  ST","d":"GALION CITY SCHOOL DISTRICT","t":745.62,"l":"510: Res-Single Family","c":0}},{"type":"Feature","geometry":{"type":"Polygon","coordinates":[[[-82.799713,40.730124],[-82.799865,40.730128],[-82.799853,40.730563],[-82.799701,40.730562],[-82.799713,40.730124]]]},"properties":{"p":"19-0025295.000","o":"WIRICK BRADLEY LIND","a":"644    GROVE                  AV","d":"GALION CITY SCHOOL DISTRICT","t":888.02,"l":"510: Res-Single Family","c":0}},{"type":"Feature","geometry":{"type":"Polygon","coordinates":[[[-82.782659,40.730491],[-82.783423,40.730506],[-82.783421,40.730588],[-82.782657,40.730573],[-82.782659,40.730491]]]},"properties":{"p":"19-0025318.000","o":"CRISP SALLY J","a":"313    SOUTH                  ST","d":"GALION CITY SCHOOL DISTRICT","t":952.92,"l":"510: Res-Single Family","c":0}},{"type":"Feature","geometry":{"type":"Polygon","coordinates":[[[-82.81095,40.739546],[-82.810491,40.739543],[-82.810497,40.739267],[-82.810955,40.739271],[-82.81095,40.739546]]]},"properties":{"p":"19-0025374.000","o":"MINOCK MATTHEW D ETAL","a":"361    TIDD                   DR","d":"GALION CITY SCHOOL DISTRICT","t":244.56,"l":"510: Res-Single Family","c":0}},{"type":"Feature","geometry":{"type":"Polygon","coordinates":[[[-82.794743,40.721091],[-82.794742,40.72113],[-82.793935,40.72113],[-82.793941,40.720965],[-82.794747,40.720965],[-82.794743,40.721091]]]},"properties":{"p":"19-0025398.000","o":"MASON WELDEN LESLIE & VICTORIA","a":"821    CREW                   AV","d":"GALION CITY SCHOOL DISTRICT","t":395.22,"l":"510: Res-Single Family","c":0}},{"type":"Feature","geometry":{"type":"Polygon","coordinates":[[[-82.796853,40.726433],[-82.796848,40.726598],[-82.796415,40.726591],[-82.79642,40.726427],[-82.796853,40.726433]]]},"properties":{"p":"19-0025418.000","o":"ZEGER NATHAN R","a":"480    VIRGIL                 ST","d":"GALION CITY SCHOOL DISTRICT","t":870.3,"l":"510: Res-Single Family","c":0}},{"type":"Feature","geometry":{"type":"Polygon","coordinates":[[[-82.780421,40.734841],[-82.780417,40.734952],[-82.780057,40.734937],[-82.78006,40.734834],[-82.780421,40.734841]]]},"properties":{"p":"19-0025423.000","o":"BOYD TOMMY R","a":"N  RIBLET                 ST","d":"GALION CITY SCHOOL DISTRICT","t":48.58,"l":"500: Res-Vacant Land","c":0}},{"type":"Feature","geometry":{"type":"Polygon","coordinates":[[[-82.780743,40.734958],[-82.780417,40.734952],[-82.780421,40.734841],[-82.780773,40.734848],[-82.780771,40.734928],[-82.780743,40.734958]]]},"properties":{"p":"19-0025424.000","o":"BOYD TOMMY R","a":"523 E  CHURCH (525)           ST","d":"GALION CITY SCHOOL DISTRICT","t":519.89,"l":"530: Res-Three Family","c":0}},{"type":"Feature","geometry":{"type":"Polygon","coordinates":[[[-82.781022,40.726812],[-82.781018,40.72695],[-82.780298,40.726936],[-82.780302,40.726797],[-82.781022,40.726812]]]},"properties":{"p":"19-0025471.000","o":"MILLER LINDA D TRUSTEE","a":"500 S  RIBLET                 ST","d":"GALION CITY SCHOOL DISTRICT","t":14.86,"l":"510: Res-Single Family","c":0}},{"type":"Feature","geometry":{"type":"Polygon","coordinates":[[[-82.790441,40.739369],[-82.790463,40.739369],[-82.79044,40.739756],[-82.790418,40.739756],[-82.790441,40.739369]]]},"properties":{"p":"19-0025502.001","o":"HEDRICK ALAN M & BRITTANY L","a":"ERIE                   ST","d":"GALION CITY SCHOOL DISTRICT","t":11.44,"l":"500: Res-Vacant Land","c":0}},{"type":"Feature","geometry":{"type":"Polygon","coordinates":[[[-82.800188,40.730282],[-82.800184,40.730426],[-82.799857,40.730425],[-82.799861,40.73028],[-82.800188,40.730282]]]},"properties":{"p":"19-0025553.000","o":"GRAHAM MARCY A","a":"255    CLYMER                 AV","d":"GALION CITY SCHOOL DISTRICT","t":35,"l":"510: Res-Single Family","c":0}},{"type":"Feature","geometry":{"type":"Polygon","coordinates":[[[-82.812119,40.730741],[-82.812008,40.730552],[-82.812563,40.730353],[-82.812715,40.730614],[-82.812155,40.730803],[-82.812119,40.730741]]]},"properties":{"p":"19-0025699.000","o":"NAUCKE NANCY J","a":"260    HESSENAUER             DR","d":"GALION CITY SCHOOL DISTRICT","t":464.76,"l":"510: Res-Single Family","c":0}},{"type":"Feature","geometry":{"type":"Polygon","coordinates":[[[-82.800483,40.725493],[-82.800478,40.725675],[-82.799852,40.725668],[-82.799857,40.725487],[-82.800483,40.725493]]]},"properties":{"p":"19-0025752.000","o":"ROSE JASON & BRITTANY","a":"510    JOHN                   ST","d":"GALION CITY SCHOOL DISTRICT","t":504.22,"l":"510: Res-Single Family","c":0}},{"type":"Feature","geometry":{"type":"Polygon","coordinates":[[[-82.795553,40.733319],[-82.7955,40.733318],[-82.795505,40.733083],[-82.795721,40.733086],[-82.795715,40.733321],[-82.795553,40.733319]]]},"properties":{"p":"19-0025846.000","o":"BARONE ANGELA & JOHN","a":"440    GUINTHER               CT","d":"GALION CITY SCHOOL DISTRICT","t":109.87,"l":"500: Res-Vacant Land","c":0}},{"type":"Feature","geometry":{"type":"Polygon","coordinates":[[[-82.799681,40.729173],[-82.799678,40.729304],[-82.799201,40.729302],[-82.799206,40.729149],[-82.799682,40.72915],[-82.799681,40.729173]]]},"properties":{"p":"19-0025941.000","o":"MILLER SETH A & KIANA R MOULTO","a":"332    HOMER                  ST","d":"GALION CITY SCHOOL DISTRICT","t":211.13,"l":"560: Res-Mobile Home","c":0}},{"type":"Feature","geometry":{"type":"Polygon","coordinates":[[[-82.788178,40.723702],[-82.788125,40.723699],[-82.788121,40.72333],[-82.788177,40.723331],[-82.788178,40.723702]]]},"properties":{"p":"19-0025982.000","o":"KANNON RENTALS LLC","a":"683    ELM                    ST","d":"GALION CITY SCHOOL DISTRICT","t":16.72,"l":"562: Res-Custom Code","c":0}},{"type":"Feature","geometry":{"type":"Polygon","coordinates":[[[-82.774447,40.732201],[-82.774461,40.731562],[-82.7747,40.731566],[-82.774684,40.732204],[-82.774447,40.732201]]]},"properties":{"p":"19-0026059.000","o":"MAKEEVER JEREMY & SHALANA","a":"935 E  WALNUT (935 1/2)       ST","d":"GALION CITY SCHOOL DISTRICT","t":189.08,"l":"598: Res-Custom Code","c":0}},{"type":"Feature","geometry":{"type":"Polygon","coordinates":[[[-82.793827,40.72838],[-82.793841,40.727857],[-82.794023,40.72786],[-82.794009,40.728383],[-82.793827,40.72838]]]},"properties":{"p":"19-0026063.000","o":"POWELL DEVIN A","a":"425    GRAND                  ST","d":"GALION CITY SCHOOL DISTRICT","t":1191.71,"l":"510: Res-Single Family","c":0}},{"type":"Feature","geometry":{"type":"Polygon","coordinates":[[[-82.759036,40.732287],[-82.75905,40.731719],[-82.760066,40.73173],[-82.760076,40.732511],[-82.758882,40.7325],[-82.758882,40.732467],[-82.758521,40.732464],[-82.758521,40.732288],[-82.759036,40.732287]]]},"properties":{"p":"19-0026131.000","o":"TRACHSEL APARTMENTS LLC","a":"1516    TRACHSEL (1518-1528)   PL","d":"GALION CITY SCHOOL DISTRICT","t":371.17,"l":"402: Com-Apartment- 20 to 39","c":0}},{"type":"Feature","geometry":{"type":"Polygon","coordinates":[[[-82.782436,40.743357],[-82.782428,40.743936],[-82.782138,40.743929],[-82.782147,40.74335],[-82.782436,40.743357]]]},"properties":{"p":"19-0026143.000","o":"HOFFER ARRON","a":"120    BUEHLER                ST","d":"GALION CITY SCHOOL DISTRICT","t":2803.56,"l":"499: Com-Other","c":0}},{"type":"Feature","geometry":{"type":"Polygon","coordinates":[[[-82.799671,40.724479],[-82.799668,40.724579],[-82.799406,40.724576],[-82.799672,40.724452],[-82.799671,40.724479]]]},"properties":{"p":"19-0026153.000","o":"ALLWINE ELIZABETH C","a":"JOHN                   ST","d":"GALION CITY SCHOOL DISTRICT","t":39.62,"l":"500: Res-Vacant Land","c":0}},{"type":"Feature","geometry":{"type":"Polygon","coordinates":[[[-82.803441,40.726233],[-82.803372,40.726275],[-82.803331,40.726335],[-82.802796,40.725843],[-82.803303,40.725849],[-82.803441,40.726233]]]},"properties":{"p":"19-0026200.000","o":"EGBG RENT LLC","a":"757    MAPLE HEIGHTS          DR","d":"GALION CITY SCHOOL DISTRICT","t":781.45,"l":"510: Res-Single Family","c":0}},{"type":"Feature","geometry":{"type":"Polygon","coordinates":[[[-82.803331,40.726335],[-82.803324,40.726402],[-82.803354,40.726466],[-82.802784,40.726277],[-82.802796,40.725843],[-82.803331,40.726335]]]},"properties":{"p":"19-0026201.000","o":"EGBG RENT LLC","a":"757    MAPLE HEIGHTS          DR","d":"GALION CITY SCHOOL DISTRICT","t":94.99,"l":"500: Res-Vacant Land","c":0}},{"type":"Feature","geometry":{"type":"Polygon","coordinates":[[[-82.791972,40.727793],[-82.792086,40.727741],[-82.79216,40.728232],[-82.792037,40.72823],[-82.791972,40.727793]]]},"properties":{"p":"19-0026207.000","o":"ALLWINE ELIZABETH C","a":"218 W  RAILROAD               ST","d":"GALION CITY SCHOOL DISTRICT","t":126.19,"l":"500: Res-Vacant Land","c":0}},{"type":"Feature","geometry":{"type":"Polygon","coordinates":[[[-82.772666,40.726575],[-82.772667,40.726727],[-82.77216,40.726721],[-82.772159,40.726564],[-82.772666,40.726575]]]},"properties":{"p":"19-0026260.002","o":"MOUNTS ALMA MARIE ETAL","a":"527    FIRST                  AV","d":"GALION CITY SCHOOL DISTRICT","t":95.15,"l":"564: Res-Custom Code","c":0}},{"type":"Feature","geometry":{"type":"Polygon","coordinates":[[[-82.771925,40.726363],[-82.772159,40.726368],[-82.772159,40.726546],[-82.771925,40.726542],[-82.771925,40.726363]]]},"properties":{"p":"19-0026261.000","o":"MOUNTS ALMA MARIE ETAL","a":"527    FIRST                  AV","d":"GALION CITY SCHOOL DISTRICT","t":68.61,"l":"500: Res-Vacant Land","c":0}},{"type":"Feature","geometry":{"type":"Polygon","coordinates":[[[-82.780106,40.725891],[-82.7801,40.726156],[-82.77992,40.726152],[-82.779925,40.725887],[-82.780106,40.725891]]]},"properties":{"p":"19-0026359.000","o":"SHORT GREGORY ALAN & VICKI LYN","a":"571 S  RIBLET                 ST","d":"GALION CITY SCHOOL DISTRICT","t":479.26,"l":"510: Res-Single Family","c":0}},{"type":"Feature","geometry":{"type":"Polygon","coordinates":[[[-82.783378,40.742502],[-82.783379,40.74248],[-82.784028,40.742488],[-82.784028,40.74251],[-82.784408,40.742514],[-82.784405,40.742657],[-82.783376,40.742645],[-82.783378,40.742502]]]},"properties":{"p":"19-0026395.000","o":"RUHL JUDITH K","a":"708    FAIRVIEW               AV","d":"GALION CITY SCHOOL DISTRICT","t":46.54,"l":"510: Res-Single Family","c":0}},{"type":"Feature","geometry":{"type":"Polygon","coordinates":[[[-82.79478,40.720031],[-82.794773,40.720237],[-82.793969,40.720236],[-82.793976,40.72003],[-82.79478,40.720031]]]},"properties":{"p":"19-0026416.000","o":"CASTLE TONY L","a":"833    CREW                   AV","d":"GALION CITY SCHOOL DISTRICT","t":671.9,"l":"510: Res-Single Family","c":0}},{"type":"Feature","geometry":{"type":"Polygon","coordinates":[[[-82.796422,40.729851],[-82.796438,40.729313],[-82.796583,40.729316],[-82.796567,40.729856],[-82.796422,40.729851]]]},"properties":{"p":"19-0026503.000","o":"PFEIFER ALLEN D","a":"407    GROVE                  AV","d":"GALION CITY SCHOOL DISTRICT","t":668.8,"l":"510: Res-Single Family","c":0}},{"type":"Feature","geometry":{"type":"Polygon","coordinates":[[[-82.765881,40.732196],[-82.765873,40.731875],[-82.766001,40.731875],[-82.766008,40.732196],[-82.765881,40.732196]]]},"properties":{"p":"19-0026548.000","o":"REEDER JACK L & BETTY E","a":"1261 E  WALNUT                 ST","d":"GALION CITY SCHOOL DISTRICT","t":1081.84,"l":"510: Res-Single Family","c":0}},{"type":"Feature","geometry":{"type":"Polygon","coordinates":[[[-82.765881,40.732196],[-82.76582,40.732196],[-82.765813,40.731875],[-82.765873,40.731875],[-82.765881,40.732196]]]},"properties":{"p":"19-0026549.000","o":"REEDER JACK L & BETTY E","a":"1261 E  WALNUT                 ST","d":"GALION CITY SCHOOL DISTRICT","t":23.68,"l":"500: Res-Vacant Land","c":0}},{"type":"Feature","geometry":{"type":"Polygon","coordinates":[[[-82.799197,40.729433],[-82.799201,40.729302],[-82.799678,40.729304],[-82.799674,40.729435],[-82.799197,40.729433]]]},"properties":{"p":"19-0026594.000","o":"PFEIFER ALLEN D","a":"330    HOMER                  ST","d":"GALION CITY SCHOOL DISTRICT","t":452.94,"l":"510: Res-Single Family","c":0}},{"type":"Feature","geometry":{"type":"Polygon","coordinates":[[[-82.787089,40.721906],[-82.787306,40.72191],[-82.787306,40.722207],[-82.787089,40.722203],[-82.787089,40.721906]]]},"properties":{"p":"19-0026648.000","o":"MD OH LLC","a":"346    PINE                   ST","d":"GALION CITY SCHOOL DISTRICT","t":554.36,"l":"510: Res-Single Family","c":0}},{"type":"Feature","geometry":{"type":"Polygon","coordinates":[[[-82.793665,40.732052],[-82.793069,40.732053],[-82.793073,40.731906],[-82.793669,40.731905],[-82.793665,40.732052]]]},"properties":{"p":"19-0026673.000","o":"KILDOW CARL J & STEPHANIE S","a":"210 S  BOSTON                 ST","d":"GALION CITY SCHOOL DISTRICT","t":307.13,"l":"510: Res-Single Family","c":0}},{"type":"Feature","geometry":{"type":"Polygon","coordinates":[[[-82.789496,40.728914],[-82.789489,40.729235],[-82.78932,40.729233],[-82.789154,40.729259],[-82.789149,40.729333],[-82.788774,40.729441],[-82.788775,40.729387],[-82.788723,40.729386],[-82.789496,40.728914]]]},"properties":{"p":"19-0026735.000","o":"PITTMAN DOMINIC A","a":"385 S  MARKET                 ST","d":"GALION CITY SCHOOL DISTRICT","t":1681.45,"l":"429: Com-Other","c":0}},{"type":"Feature","geometry":{"type":"Polygon","coordinates":[[[-82.771185,40.728695],[-82.771185,40.728558],[-82.771928,40.728561],[-82.771929,40.728697],[-82.771185,40.728695]]]},"properties":{"p":"19-0026751.001","o":"3 PEAK PROPERTIES LLC","a":"358    SECOND                 AV","d":"GALION CITY SCHOOL DISTRICT","t":89.42,"l":"598: Res-Custom Code","c":0}},{"type":"Feature","geometry":{"type":"Polygon","coordinates":[[[-82.771184,40.728306],[-82.771928,40.728317],[-82.771928,40.728561],[-82.771185,40.728558],[-82.771184,40.728306]]]},"properties":{"p":"19-0026755.000","o":"3 PEAK PROPERTIES LLC","a":"402    SECOND                 AV","d":"GALION CITY SCHOOL DISTRICT","t":162.94,"l":"510: Res-Single Family","c":0}},{"type":"Feature","geometry":{"type":"Polygon","coordinates":[[[-82.769414,40.739775],[-82.769666,40.739775],[-82.769673,40.740072],[-82.769421,40.740071],[-82.769414,40.739775]]]},"properties":{"p":"19-0026792.000","o":"HARRIS BRANDON","a":"966    EDWARD                 ST","d":"GALION CITY SCHOOL DISTRICT","t":921.35,"l":"510: Res-Single Family","c":0}},{"type":"Feature","geometry":{"type":"Polygon","coordinates":[[[-82.769414,40.739775],[-82.769421,40.740071],[-82.769673,40.740072],[-82.769691,40.740806],[-82.769224,40.740804],[-82.769199,40.739775],[-82.769414,40.739775]]]},"properties":{"p":"19-0026792.001","o":"HARRIS CHRISTOPHER R","a":"1070    EDWARD                 ST","d":"GALION CITY SCHOOL DISTRICT","t":118.82,"l":"500: Res-Vacant Land","c":0}},{"type":"Feature","geometry":{"type":"Polygon","coordinates":[[[-82.769128,40.739775],[-82.769153,40.740804],[-82.768865,40.740803],[-82.76884,40.739774],[-82.769128,40.739775]]]},"properties":{"p":"19-0026793.000","o":"HARRIS CHRISTOPHER R","a":"1070    EDWARD                 ST","d":"GALION CITY SCHOOL DISTRICT","t":36.75,"l":"500: Res-Vacant Land","c":0}},{"type":"Feature","geometry":{"type":"Polygon","coordinates":[[[-82.768038,40.740799],[-82.768013,40.739773],[-82.76884,40.739774],[-82.768865,40.740803],[-82.768038,40.740799]]]},"properties":{"p":"19-0026794.000","o":"HARRIS CHRISTOPHER R","a":"1070    EDWARD                 ST","d":"GALION CITY SCHOOL DISTRICT","t":4823.05,"l":"370: Ind-Machine Shop","c":0}},{"type":"Feature","geometry":{"type":"Polygon","coordinates":[[[-82.766763,40.730067],[-82.766853,40.730066],[-82.766852,40.730366],[-82.766762,40.730366],[-82.766763,40.730067]]]},"properties":{"p":"19-0026807.000","o":"LYON JIMMIE E & ANNETTE M","a":"1238    OLIVER                 ST","d":"GALION CITY SCHOOL DISTRICT","t":33.5,"l":"500: Res-Vacant Land","c":0}},{"type":"Feature","geometry":{"type":"Polygon","coordinates":[[[-82.766672,40.730068],[-82.766763,40.730067],[-82.766762,40.730366],[-82.766672,40.730367],[-82.766672,40.730068]]]},"properties":{"p":"19-0026808.000","o":"LYON JIMMIE E & ANNETTE M","a":"1238    OLIVER                 ST","d":"GALION CITY SCHOOL DISTRICT","t":33.5,"l":"560: Res-Mobile Home","c":0}},{"type":"Feature","geometry":{"type":"Polygon","coordinates":[[[-82.791129,40.733291],[-82.791116,40.733833],[-82.790997,40.733831],[-82.79101,40.733289],[-82.791129,40.733291]]]},"properties":{"p":"19-0027077.000","o":"EZ MADE LLC","a":"139 W  HARDING WAY(115S UNION","d":"GALION CITY SCHOOL DISTRICT","t":1524.23,"l":"447: Com-Office","c":0}},{"type":"Feature","geometry":{"type":"Polygon","coordinates":[[[-82.765951,40.730074],[-82.766041,40.730073],[-82.76604,40.730372],[-82.76595,40.730372],[-82.765951,40.730074]]]},"properties":{"p":"19-0027095.000","o":"REEDER JACK L & BETTY E","a":"1258    OLIVER                 ST","d":"GALION CITY SCHOOL DISTRICT","t":947.08,"l":"510: Res-Single Family","c":0}},{"type":"Feature","geometry":{"type":"Polygon","coordinates":[[[-82.765861,40.730075],[-82.765951,40.730074],[-82.76595,40.730372],[-82.76586,40.730373],[-82.765861,40.730075]]]},"properties":{"p":"19-0027096.000","o":"REEDER JACK L & BETTY E","a":"1258    OLIVER                 ST","d":"GALION CITY SCHOOL DISTRICT","t":33.5,"l":"500: Res-Vacant Land","c":0}},{"type":"Feature","geometry":{"type":"Polygon","coordinates":[[[-82.791438,40.730208],[-82.79144,40.730099],[-82.791922,40.730113],[-82.791919,40.730222],[-82.791438,40.730208]]]},"properties":{"p":"19-0027117.000","o":"NORMAN STEVEN R & AMANDA RENEE","a":"332 S  UNION                  ST","d":"GALION CITY SCHOOL DISTRICT","t":147.04,"l":"599: Res-Other","c":0}},{"type":"Feature","geometry":{"type":"Polygon","coordinates":[[[-82.783616,40.731597],[-82.783619,40.731507],[-82.784273,40.731519],[-82.784271,40.731609],[-82.783616,40.731597]]]},"properties":{"p":"19-0027186.000","o":"EVERYTHING IS AWESOME LLC","a":"232    SOUTH                  ST","d":"GALION CITY SCHOOL DISTRICT","t":366.19,"l":"510: Res-Single Family","c":0}},{"type":"Feature","geometry":{"type":"Polygon","coordinates":[[[-82.790352,40.735137],[-82.790358,40.734955],[-82.79061,40.734959],[-82.790604,40.735141],[-82.790352,40.735137]]]},"properties":{"p":"19-0027199.000","o":"SIEGENTHAL MICHAEL A & PENNY M","a":"129 W  CHURCH                 ST","d":"GALION CITY SCHOOL DISTRICT","t":48.78,"l":"510: Res-Single Family","c":0}},{"type":"Feature","geometry":{"type":"Polygon","coordinates":[[[-82.781015,40.73478],[-82.78101,40.734963],[-82.780851,40.73496],[-82.780831,40.73493],[-82.780835,40.734777],[-82.781015,40.73478]]]},"properties":{"p":"19-0027202.000","o":"AMERICAN PROPERTIES LAND TRUST","a":"521 E  CHURCH                 ST","d":"GALION CITY SCHOOL DISTRICT","t":354.08,"l":"510: Res-Single Family","c":0}},{"type":"Feature","geometry":{"type":"Polygon","coordinates":[[[-82.79766,40.730068],[-82.797657,40.730203],[-82.797422,40.7302],[-82.797426,40.730061],[-82.79766,40.730068]]]},"properties":{"p":"19-0027254.000","o":"BAER JOSH & ELIZABETH SCHNELKE","a":"520    GROVE                  AV","d":"GALION CITY SCHOOL DISTRICT","t":627.31,"l":"510: Res-Single Family","c":0}},{"type":"Feature","geometry":{"type":"Polygon","coordinates":[[[-82.802091,40.726829],[-82.802307,40.726832],[-82.802291,40.727409],[-82.802075,40.727405],[-82.802091,40.726829]]]},"properties":{"p":"19-0027322.000","o":"RUMPLE BRANDON M","a":"722    MAPLE HEIGHTS          DR","d":"GALION CITY SCHOOL DISTRICT","t":803.18,"l":"510: Res-Single Family","c":0}},{"type":"Feature","geometry":{"type":"Polygon","coordinates":[[[-82.791231,40.728762],[-82.790514,40.728747],[-82.790518,40.728566],[-82.791235,40.72858],[-82.791231,40.728762]]]},"properties":{"p":"19-0027401.000","o":"HALL STEVEN J","a":"441 S  UNION                  ST","d":"GALION CITY SCHOOL DISTRICT","t":440,"l":"510: Res-Single Family","c":0}},{"type":"Feature","geometry":{"type":"Polygon","coordinates":[[[-82.79329,40.73461],[-82.793299,40.735188],[-82.793118,40.735185],[-82.793112,40.734607],[-82.79329,40.73461]]]},"properties":{"p":"19-0027428.000","o":"BROWN FKA DEPINET ALEXANDRIA L","a":"309 W  CHURCH                 ST","d":"GALION CITY SCHOOL DISTRICT","t":54.85,"l":"510: Res-Single Family","c":0}},{"type":"Feature","geometry":{"type":"Polygon","coordinates":[[[-82.784024,40.744732],[-82.7844,40.744737],[-82.784399,40.745017],[-82.783344,40.745002],[-82.783348,40.744723],[-82.784024,40.744732]]]},"properties":{"p":"19-0027446.000","o":"TYRRELL SUSAN V","a":"906    FAIRVIEW               AV","d":"GALION CITY SCHOOL DISTRICT","t":809.05,"l":"510: Res-Single Family","c":0}},{"type":"Feature","geometry":{"type":"Polygon","coordinates":[[[-82.795781,40.734694],[-82.795788,40.734087],[-82.795905,40.734089],[-82.795898,40.734695],[-82.795781,40.734694]]]},"properties":{"p":"19-0027478.000","o":"MEYERS DANIEL R & CRYSTAL G","a":"434 W  HARDING WAY","d":"GALION CITY SCHOOL DISTRICT","t":719.75,"l":"510: Res-Single Family","c":0}},{"type":"Feature","geometry":{"type":"Polygon","coordinates":[[[-82.788117,40.733778],[-82.788034,40.733776],[-82.788058,40.733229],[-82.788139,40.733231],[-82.788117,40.733778]]]},"properties":{"p":"19-0027541.000","o":"YOUNG ERIC T","a":"137 E  HARDING WAY","d":"GALION CITY SCHOOL DISTRICT","t":638.98,"l":"465: Com-Lodge Hall","c":0}},{"type":"Feature","geometry":{"type":"Polygon","coordinates":[[[-82.794568,40.72787],[-82.794554,40.728392],[-82.794372,40.728389],[-82.794386,40.727866],[-82.794568,40.72787]]]},"properties":{"p":"19-0027542.000","o":"KANNON RENTALS LLC","a":"441    GRAND (441 1/2)        ST","d":"GALION CITY SCHOOL DISTRICT","t":386.8,"l":"520: Res-Two Family","c":0}},{"type":"Feature","geometry":{"type":"Polygon","coordinates":[[[-82.776743,40.734335],[-82.776961,40.73434],[-82.776942,40.734882],[-82.776724,40.734877],[-82.776743,40.734335]]]},"properties":{"p":"19-0027586.000","o":"MYERS JAMES H","a":"737 E  CHURCH                 ST","d":"GALION CITY SCHOOL DISTRICT","t":502.33,"l":"510: Res-Single Family","c":0}},{"type":"Feature","geometry":{"type":"Polygon","coordinates":[[[-82.765939,40.729768],[-82.765943,40.729937],[-82.765539,40.729941],[-82.765535,40.729771],[-82.765939,40.729768]]]},"properties":{"p":"19-0027671.000","o":"BENNETT JARROD","a":"1259    OLIVER (1269)          ST","d":"GALION CITY SCHOOL DISTRICT","t":84.13,"l":"500: Res-Vacant Land","c":0}},{"type":"Feature","geometry":{"type":"Polygon","coordinates":[[[-82.765939,40.729768],[-82.765535,40.729771],[-82.765531,40.729601],[-82.765935,40.729598],[-82.765939,40.729768]]]},"properties":{"p":"19-0027672.000","o":"BENNETT JARROD","a":"1259    OLIVER (1269)          ST","d":"GALION CITY SCHOOL DISTRICT","t":48.19,"l":"500: Res-Vacant Land","c":0}},{"type":"Feature","geometry":{"type":"Polygon","coordinates":[[[-82.795934,40.729106],[-82.795949,40.728598],[-82.796142,40.728601],[-82.796126,40.729109],[-82.795934,40.729106]]]},"properties":{"p":"19-0027683.000","o":"BIRCHWOOD HOMES LLC","a":"490    GRAND (A,B,1/2)        ST","d":"GALION CITY SCHOOL DISTRICT","t":591.7,"l":"530: Res-Three Family","c":0}},{"type":"Feature","geometry":{"type":"Polygon","coordinates":[[[-82.795631,40.722179],[-82.795362,40.72218],[-82.79538,40.721622],[-82.795677,40.721621],[-82.79566,40.722179],[-82.795631,40.722179]]]},"properties":{"p":"19-0027703.000","o":"SHORTS SPECIALTY CONSTRUCTION","a":"415    KROFT                  ST","d":"GALION CITY SCHOOL DISTRICT","t":254.38,"l":"498: Com-Custom Code","c":0}},{"type":"Feature","geometry":{"type":"Polygon","coordinates":[[[-82.79569,40.722179],[-82.79566,40.722179],[-82.795677,40.721621],[-82.795943,40.721621],[-82.795926,40.722179],[-82.79569,40.722179]]]},"properties":{"p":"19-0027704.000","o":"SHORTS SPECIALTY CONSTRUCTION","a":"415    KROFT                  ST","d":"GALION CITY SCHOOL DISTRICT","t":535.07,"l":"499: Com-Other","c":0}},{"type":"Feature","geometry":{"type":"Polygon","coordinates":[[[-82.796162,40.722178],[-82.795926,40.722179],[-82.795943,40.721621],[-82.796209,40.72162],[-82.796191,40.722178],[-82.796162,40.722178]]]},"properties":{"p":"19-0027705.000","o":"SHORTS SPECIALTY CONSTRUCTION","a":"415    KROFT                  ST","d":"GALION CITY SCHOOL DISTRICT","t":1817.08,"l":"350: Ind-Warehouse","c":0}},{"type":"Feature","geometry":{"type":"Polygon","coordinates":[[[-82.796221,40.722178],[-82.796191,40.722178],[-82.796209,40.72162],[-82.796474,40.72162],[-82.796457,40.722178],[-82.796221,40.722178]]]},"properties":{"p":"19-0027706.000","o":"SHORTS SPECIALTY CONSTRUCTION","a":"415    KROFT                  ST","d":"GALION CITY SCHOOL DISTRICT","t":7.74,"l":"300: Ind-Vacant Land","c":0}},{"type":"Feature","geometry":{"type":"Polygon","coordinates":[[[-82.794843,40.721639],[-82.794843,40.721622],[-82.795022,40.721622],[-82.795003,40.72218],[-82.794824,40.72218],[-82.794843,40.721639]]]},"properties":{"p":"19-0027707.000","o":"SHORTS SPECIALTY CONSTRUCTION","a":"409    KROFT                  ST","d":"GALION CITY SCHOOL DISTRICT","t":5.24,"l":"498: Com-Custom Code","c":0}},{"type":"Feature","geometry":{"type":"Polygon","coordinates":[[[-82.795003,40.72218],[-82.795022,40.721622],[-82.7952,40.721622],[-82.795182,40.72218],[-82.795003,40.72218]]]},"properties":{"p":"19-0027708.000","o":"SHORTS SPECIALTY CONSTRUCTION","a":"409    KROFT                  ST","d":"GALION CITY SCHOOL DISTRICT","t":5.24,"l":"498: Com-Custom Code","c":0}},{"type":"Feature","geometry":{"type":"Polygon","coordinates":[[[-82.795362,40.72218],[-82.795182,40.72218],[-82.7952,40.721622],[-82.79538,40.721622],[-82.795362,40.72218]]]},"properties":{"p":"19-0027709.000","o":"SHORTS SPECIALTY CONSTRUCTION","a":"409    KROFT                  ST","d":"GALION CITY SCHOOL DISTRICT","t":2401.06,"l":"499: Com-Other","c":0}},{"type":"Feature","geometry":{"type":"Polygon","coordinates":[[[-82.795699,40.721],[-82.796958,40.720998],[-82.796936,40.721619],[-82.795677,40.721621],[-82.795699,40.721]]]},"properties":{"p":"19-0027712.000","o":"SHORTS SPECIALTY CONSTRUCTION","a":"415    KROFT                  ST","d":"GALION CITY SCHOOL DISTRICT","t":471.31,"l":"398: Ind-Custom Code","c":0}},{"type":"Feature","geometry":{"type":"Polygon","coordinates":[[[-82.794844,40.721606],[-82.794858,40.721205],[-82.795691,40.721205],[-82.795677,40.721621],[-82.794843,40.721622],[-82.794844,40.721606]]]},"properties":{"p":"19-0027713.000","o":"SHORTS SPECIALTY CONSTRUCTION","a":"415    KROFT                  ST","d":"GALION CITY SCHOOL DISTRICT","t":5.06,"l":"499: Com-Other","c":0}},{"type":"Feature","geometry":{"type":"Polygon","coordinates":[[[-82.767564,40.733461],[-82.76742,40.733459],[-82.76742,40.733036],[-82.767564,40.733037],[-82.767564,40.733461]]]},"properties":{"p":"19-0027720.000","o":"SMITH TERESA A","a":"1255 E  HARDING WAY","d":"GALION CITY SCHOOL DISTRICT","t":92.27,"l":"510: Res-Single Family","c":0}},{"type":"Feature","geometry":{"type":"Polygon","coordinates":[[[-82.794863,40.72107],[-82.795696,40.721069],[-82.795691,40.721205],[-82.794858,40.721205],[-82.794863,40.72107]]]},"properties":{"p":"19-0027761.000","o":"WILCOX EUGENE S & E AILEEN","a":"820    CREW                   AV","d":"GALION CITY SCHOOL DISTRICT","t":369.69,"l":"510: Res-Single Family","c":0}},{"type":"Feature","geometry":{"type":"Polygon","coordinates":[[[-82.786731,40.745622],[-82.786514,40.745619],[-82.78652,40.745215],[-82.786737,40.745218],[-82.786731,40.745622]]]},"properties":{"p":"19-0027791.000","o":"WILLIAMS SHOPE KYNDRA SKY","a":"129    CARMEL                 AV","d":"GALION CITY SCHOOL DISTRICT","t":646.29,"l":"510: Res-Single Family","c":0}},{"type":"Feature","geometry":{"type":"Polygon","coordinates":[[[-82.791884,40.742957],[-82.791649,40.742954],[-82.791656,40.742625],[-82.791891,40.742628],[-82.791884,40.742957]]]},"properties":{"p":"19-0027793.000","o":"JONES JOLENA K CO TRUSTEE ETAL","a":"271    WESTGATE               RD","d":"GALION CITY SCHOOL DISTRICT","t":210.88,"l":"510: Res-Single Family","c":0}},{"type":"Feature","geometry":{"type":"Polygon","coordinates":[[[-82.774863,40.726891],[-82.774856,40.727358],[-82.774464,40.727343],[-82.774471,40.726881],[-82.774863,40.726891]]]},"properties":{"p":"19-0027798.000","o":"BRANAM CAROL A","a":"65    HIGH (63)              ST","d":"GALION CITY SCHOOL DISTRICT","t":520.8,"l":"510: Res-Single Family","c":0}},{"type":"Feature","geometry":{"type":"Polygon","coordinates":[[[-82.766852,40.730216],[-82.766943,40.730215],[-82.766942,40.730365],[-82.766852,40.730366],[-82.766852,40.730216]]]},"properties":{"p":"19-0027809.000","o":"LYON JIMMIE E & ANNETTE M","a":"1238    OLIVER                 ST","d":"GALION CITY SCHOOL DISTRICT","t":10.21,"l":"500: Res-Vacant Land","c":0}},{"type":"Feature","geometry":{"type":"Polygon","coordinates":[[[-82.793194,40.72331],[-82.793904,40.723309],[-82.793904,40.723433],[-82.793194,40.723433],[-82.793194,40.72331]]]},"properties":{"p":"19-0027838.000","o":"ADS HOMES LLC","a":"736 S  BOSTON                 ST","d":"GALION CITY SCHOOL DISTRICT","t":340.09,"l":"510: Res-Single Family","c":0}},{"type":"Feature","geometry":{"type":"Polygon","coordinates":[[[-82.772904,40.733668],[-82.772882,40.734286],[-82.772762,40.734322],[-82.772785,40.733666],[-82.772904,40.733668]]]},"properties":{"p":"19-0027874.000","o":"OWENS MARCUS","a":"972 E  HARDING WAY","d":"GALION CITY SCHOOL DISTRICT","t":117.54,"l":"510: Res-Single Family","c":0}},{"type":"Feature","geometry":{"type":"Polygon","coordinates":[[[-82.783334,40.745711],[-82.783694,40.745716],[-82.783691,40.745917],[-82.783331,40.745912],[-82.783334,40.745711]]]},"properties":{"p":"19-0027967.000","o":"CLARK RANEE E","a":"1000    FAIRVIEW               AV","d":"GALION CITY SCHOOL DISTRICT","t":2287.45,"l":"510: Res-Single Family","c":0}},{"type":"Feature","geometry":{"type":"Polygon","coordinates":[[[-82.765057,40.739677],[-82.765017,40.738034],[-82.765719,40.737764],[-82.766308,40.737617],[-82.766358,40.739679],[-82.765057,40.739677]]]},"properties":{"p":"19-0065148.000","o":"MIRACLE HEATHER L","a":"1274    CHARLES                ST","d":"GALION CITY SCHOOL DISTRICT","t":376.55,"l":"500: Res-Vacant Land","c":0}},{"type":"Feature","geometry":{"type":"Polygon","coordinates":[[[-82.807979,40.747026],[-82.807985,40.746682],[-82.808688,40.746694],[-82.808683,40.747038],[-82.807979,40.747026]]]},"properties":{"p":"19-0909164.000","o":"MATNEY SAMANTHA B","a":"945    HOLMES                 PL","d":"GALION CITY SCHOOL DISTRICT","t":3435.09,"l":"510: Res-Single Family","c":0}},{"type":"Feature","geometry":{"type":"Polygon","coordinates":[[[-82.732858,40.747836],[-82.732923,40.748498],[-82.732384,40.748632],[-82.732318,40.747958],[-82.732858,40.747836]]]},"properties":{"p":"19-2008257.000","o":"DENNEY RICHARD R & PATRICIA A","a":"8080    SR 309","d":"GALION CITY SCHOOL DISTRICT","t":1525.36,"l":"520: Res-Two Family","c":0}},{"type":"Feature","geometry":{"type":"Polygon","coordinates":[[[-83.048055,40.848561],[-83.048724,40.848556],[-83.048731,40.849616],[-83.047886,40.849622],[-83.047883,40.84943],[-83.047977,40.84943],[-83.048055,40.848561]]]},"properties":{"p":"21-0003662.000","o":"KAPLE HOLLY M","a":"1342    SHAFER                 RD","d":"WYNFORD LOCAL SCHOOL DISTRICT","t":630.39,"l":"510: Res-Single Family","c":0}},{"type":"Feature","geometry":{"type":"Polygon","coordinates":[[[-82.961187,40.824671],[-82.961188,40.82444],[-82.95932,40.824455],[-82.959323,40.823643],[-82.961451,40.823719],[-82.96145,40.824669],[-82.961187,40.824671]]]},"properties":{"p":"21-0003695.000","o":"COBB MARK G & CALDWELL DEBRA L","a":"3196    SR 98","d":"WYNFORD LOCAL SCHOOL DISTRICT","t":769.49,"l":"510: Res-Single Family","c":0}},{"type":"Feature","geometry":{"type":"Polygon","coordinates":[[[-83.04666,40.821908],[-83.046027,40.821912],[-83.046659,40.821676],[-83.04666,40.821908]]]},"properties":{"p":"21-0003714.001","o":"DANIELS JONATHAN M ETAL","a":"1387    SHROLL                 RD","d":"WYNFORD LOCAL SCHOOL DISTRICT","t":10.13,"l":"100: Agr-Vacant Land","c":0}},{"type":"Feature","geometry":{"type":"Polygon","coordinates":[[[-83.007179,40.877643],[-83.007179,40.87756],[-83.008039,40.877559],[-83.00805,40.878054],[-83.007182,40.878054],[-83.007179,40.877643]]]},"properties":{"p":"21-0003768.000","o":"SNYDER N PHILLIP","a":"TEMPLE                 RD","d":"WYNFORD LOCAL SCHOOL DISTRICT","t":81.17,"l":"500: Res-Vacant Land","c":0}},{"type":"Feature","geometry":{"type":"Polygon","coordinates":[[[-83.04745,40.848564],[-83.048055,40.848561],[-83.047977,40.84943],[-83.047883,40.84943],[-83.047886,40.849622],[-83.047471,40.849626],[-83.04745,40.848564]]]},"properties":{"p":"21-0003828.001","o":"KAPLE HOLLY M","a":"1342    SHAFER                 RD","d":"WYNFORD LOCAL SCHOOL DISTRICT","t":75.23,"l":"599: Res-Other","c":0}},{"type":"Feature","geometry":{"type":"Polygon","coordinates":[[[-83.045017,40.825727],[-83.04565,40.825722],[-83.045652,40.826244],[-83.045591,40.826244],[-83.04539,40.82604],[-83.04502,40.826017],[-83.045017,40.825727]]]},"properties":{"p":"21-0003836.003","o":"DANIELS JONATHAN M ETAL","a":"1387    SHROLL                 RD","d":"WYNFORD LOCAL SCHOOL DISTRICT","t":22.95,"l":"100: Agr-Vacant Land","c":0}},{"type":"Feature","geometry":{"type":"Polygon","coordinates":[[[-83.04666,40.821908],[-83.046659,40.821676],[-83.046883,40.821592],[-83.046917,40.82625],[-83.045652,40.826244],[-83.04565,40.825722],[-83.045017,40.825727],[-83.044996,40.822793],[-83.045089,40.822717],[-83.045293,40.82222],[-83.045611,40.822069],[-83.046027,40.821912],[-83.04666,40.821908]]]},"properties":{"p":"21-0003836.009","o":"DANIELS JONATHAN M ETAL","a":"1387    SHROLL                 RD","d":"WYNFORD LOCAL SCHOOL DISTRICT","t":612.21,"l":"999","c":0}},{"type":"Feature","geometry":{"type":"Polygon","coordinates":[[[-82.961188,40.82444],[-82.961187,40.824671],[-82.959319,40.824686],[-82.95932,40.824455],[-82.961188,40.82444]]]},"properties":{"p":"21-0003856.000","o":"COBB MARK G & DEBRA L CALDWELL","a":"3196    SR 98","d":"WYNFORD LOCAL SCHOOL DISTRICT","t":45.58,"l":"500: Res-Vacant Land","c":0}},{"type":"Feature","geometry":{"type":"Polygon","coordinates":[[[-83.000966,40.891255],[-83.001537,40.890973],[-83.001546,40.892055],[-82.998264,40.892053],[-82.998262,40.89153],[-83.000405,40.891337],[-83.000966,40.891255]]]},"properties":{"p":"21-0003909.000","o":"KEPLER ROBERT A & MARY J","a":"2333    LEMERT                 RD","d":"WYNFORD LOCAL SCHOOL DISTRICT","t":9.92,"l":"101: Agr-Cash-Grain Farm","c":0}},{"type":"Feature","geometry":{"type":"Polygon","coordinates":[[[-83.026604,40.890201],[-83.026605,40.889607],[-83.027093,40.889608],[-83.027175,40.891976],[-83.027066,40.891975],[-83.027005,40.890202],[-83.026604,40.890201]]]},"properties":{"p":"21-0003930.002","o":"HALL ALYDIA A & TYLER","a":"","d":"WYNFORD LOCAL SCHOOL DISTRICT","t":973.29,"l":"","c":0}},{"type":"Feature","geometry":{"type":"Polygon","coordinates":[[[-82.963969,40.845305],[-82.963967,40.843756],[-82.969174,40.843744],[-82.969161,40.843802],[-82.966289,40.843809],[-82.966291,40.845299],[-82.963969,40.845305]]]},"properties":{"p":"21-0003956.001","o":"HEINLEN DOUGLAS J & AMIE L","a":"3863    SR 4","d":"WYNFORD LOCAL SCHOOL DISTRICT","t":713.27,"l":"562: Res-Custom Code","c":0}},{"type":"Feature","geometry":{"type":"Polygon","coordinates":[[[-82.968855,40.899373],[-82.968863,40.90313],[-82.967705,40.90313],[-82.967698,40.899382],[-82.968855,40.899373]]]},"properties":{"p":"21-0003979.000","o":"HILER CAROL","a":"SR 4","d":"WYNFORD LOCAL SCHOOL DISTRICT","t":366.34,"l":"110: Agr-CAUV-Vacant Land","c":0}},{"type":"Feature","geometry":{"type":"Polygon","coordinates":[[[-82.963882,40.899413],[-82.967698,40.899382],[-82.967705,40.90313],[-82.9593,40.903118],[-82.95932,40.899449],[-82.963882,40.899413]]]},"properties":{"p":"21-0003981.000","o":"HILER BENJAMIN","a":"SR 4","d":"WYNFORD LOCAL SCHOOL DISTRICT","t":1690.16,"l":"110: Agr-CAUV-Vacant Land","c":0}},{"type":"Feature","geometry":{"type":"Polygon","coordinates":[[[-82.95928,40.906654],[-82.9593,40.903118],[-82.967545,40.90313],[-82.96753,40.905846],[-82.966351,40.905845],[-82.966318,40.906734],[-82.95928,40.906723],[-82.95928,40.906654]]]},"properties":{"p":"21-0003997.000","o":"HILER BENJAMIN","a":"5532    SR 4","d":"WYNFORD LOCAL SCHOOL DISTRICT","t":2791.76,"l":"199: Agr-CAUV-Other","c":0}},{"type":"Feature","geometry":{"type":"Polygon","coordinates":[[[-82.96753,40.905846],[-82.967545,40.90313],[-82.967661,40.90313],[-82.967558,40.905846],[-82.96753,40.905846]]]},"properties":{"p":"21-0003997.001","o":"HILER CAROL","a":"5532    SR 4","d":"WYNFORD LOCAL SCHOOL DISTRICT","t":10.86,"l":"110: Agr-CAUV-Vacant Land","c":0}},{"type":"Feature","geometry":{"type":"Polygon","coordinates":[[[-82.96632,40.906664],[-82.966351,40.905845],[-82.96753,40.905846],[-82.967525,40.906736],[-82.966318,40.906734],[-82.96632,40.906664]]]},"properties":{"p":"21-0003997.003","o":"HILER CAROL","a":"3059    BROKENSWORD            RD","d":"WYNFORD LOCAL SCHOOL DISTRICT","t":2472.75,"l":"199: Agr-CAUV-Other","c":0}},{"type":"Feature","geometry":{"type":"Polygon","coordinates":[[[-82.975128,40.877502],[-82.975113,40.875663],[-82.976017,40.875659],[-82.976033,40.87758],[-82.975129,40.877584],[-82.975128,40.877502]]]},"properties":{"p":"21-0003999.001","o":"MILLER RANDALL C","a":"2857    TEMPLE                 RD","d":"WYNFORD LOCAL SCHOOL DISTRICT","t":1040.46,"l":"510: Res-Single Family","c":0}},{"type":"Feature","geometry":{"type":"Polygon","coordinates":[[[-83.032289,40.824044],[-83.032294,40.823922],[-83.033899,40.824459],[-83.03383,40.824576],[-83.035073,40.825001],[-83.035435,40.825144],[-83.035338,40.825711],[-83.034892,40.826135],[-83.034356,40.82647],[-83.033633,40.82669],[-83.032197,40.826676],[-83.032289,40.824044]]]},"properties":{"p":"21-0004052.000","o":"KNECHT KATHLEEN M","a":"1644    LINCOLN                HW","d":"WYNFORD LOCAL SCHOOL DISTRICT","t":1546.05,"l":"499: Com-Other","c":0}},{"type":"Feature","geometry":{"type":"Polygon","coordinates":[[[-82.994018,40.877651],[-82.994017,40.877569],[-82.994795,40.87757],[-82.994801,40.878681],[-82.994023,40.87868],[-82.994018,40.877651]]]},"properties":{"p":"21-0004087.001","o":"WEILAND NICOLE D","a":"2468    TEMPLE                 RD","d":"WYNFORD LOCAL SCHOOL DISTRICT","t":153.08,"l":"561: Res-Custom Code","c":0}},{"type":"Feature","geometry":{"type":"Polygon","coordinates":[[[-83.058234,40.832439],[-83.058226,40.831862],[-83.059372,40.831867],[-83.059375,40.83221],[-83.058681,40.832207],[-83.058688,40.832713],[-83.058236,40.832559],[-83.058234,40.832439]]]},"properties":{"p":"21-0004120.001","o":"ADAMS BYRON K","a":"1118    LINCOLN                HW","d":"WYNFORD LOCAL SCHOOL DISTRICT","t":7.96,"l":"456: Com-Parking Garage","c":0}},{"type":"Feature","geometry":{"type":"Polygon","coordinates":[[[-83.059372,40.831867],[-83.058226,40.831862],[-83.058221,40.831485],[-83.059369,40.831489],[-83.059372,40.831867]]]},"properties":{"p":"21-0004120.002","o":"ADAMS BYRON K","a":"1118    LINCOLN                HW","d":"WYNFORD LOCAL SCHOOL DISTRICT","t":2.35,"l":"400: Com-Vacant Land","c":0}},{"type":"Feature","geometry":{"type":"Polygon","coordinates":[[[-83.058236,40.83268],[-83.058236,40.832559],[-83.05903,40.83283],[-83.058761,40.833906],[-83.05824,40.833903],[-83.058236,40.83268]]]},"properties":{"p":"21-0004178.000","o":"ADAMS BYRON K","a":"1120    LINCOLN                HW","d":"WYNFORD LOCAL SCHOOL DISTRICT","t":35.66,"l":"560: Res-Mobile Home","c":0}},{"type":"Feature","geometry":{"type":"Polygon","coordinates":[[[-83.058686,40.832592],[-83.058681,40.832207],[-83.059375,40.83221],[-83.059381,40.832949],[-83.058688,40.832713],[-83.058686,40.832592]]]},"properties":{"p":"21-0004300.000","o":"ADAMS BYRON K","a":"1118    LINCOLN                HW","d":"WYNFORD LOCAL SCHOOL DISTRICT","t":5.85,"l":"456: Com-Parking Garage","c":0}},{"type":"Feature","geometry":{"type":"Polygon","coordinates":[[[-83.059002,40.832941],[-83.05903,40.83283],[-83.059319,40.832928],[-83.059088,40.833326],[-83.058917,40.83328],[-83.059002,40.832941]]]},"properties":{"p":"21-0004301.000","o":"ADAMS BYRON K","a":"1118    LINCOLN                HW","d":"WYNFORD LOCAL SCHOOL DISTRICT","t":54.47,"l":"430: Com-Retaurant","c":0}},{"type":"Feature","geometry":{"type":"Polygon","coordinates":[[[-83.035471,40.824833],[-83.034651,40.82456],[-83.035245,40.82354],[-83.035459,40.823541],[-83.035471,40.824833]]]},"properties":{"p":"21-0004311.000","o":"FLACK RICHARD C & HEATHER R","a":"1613    LINCOLN                HW","d":"WYNFORD LOCAL SCHOOL DISTRICT","t":554.49,"l":"430: Com-Retaurant","c":0}},{"type":"Feature","geometry":{"type":"Polygon","coordinates":[[[-82.983886,40.900979],[-82.983876,40.899272],[-82.98809,40.899254],[-82.988098,40.900954],[-82.983886,40.900979]]]},"properties":{"p":"21-0004337.000","o":"ULMER STEVEN H & NORMA","a":"2798    LEMERT                 RD","d":"WYNFORD LOCAL SCHOOL DISTRICT","t":159.98,"l":"110: Agr-CAUV-Vacant Land","c":0}},{"type":"Feature","geometry":{"type":"Polygon","coordinates":[[[-82.980861,40.898798],[-82.980852,40.897405],[-82.980939,40.897405],[-82.980935,40.895447],[-82.980844,40.892054],[-82.980903,40.892054],[-82.980995,40.895447],[-82.980998,40.897405],[-82.981937,40.897402],[-82.981948,40.899103],[-82.980863,40.899107],[-82.980861,40.898798]]]},"properties":{"p":"21-0004338.000","o":"ULMER STEVEN H & NORMA J","a":"2798    LEMERT                 RD","d":"WYNFORD LOCAL SCHOOL DISTRICT","t":907.8,"l":"510: Res-Single Family","c":0}},{"type":"Feature","geometry":{"type":"Polygon","coordinates":[[[-82.983886,40.900979],[-82.98196,40.90099],[-82.98195,40.899281],[-82.983876,40.899272],[-82.983886,40.900979]]]},"properties":{"p":"21-0004340.000","o":"ULMER STEVEN H & NORMA","a":"2798    LEMERT                 RD","d":"WYNFORD LOCAL SCHOOL DISTRICT","t":12.4,"l":"110: Agr-CAUV-Vacant Land","c":0}},{"type":"Feature","geometry":{"type":"Polygon","coordinates":[[[-82.980863,40.899107],[-82.981948,40.899103],[-82.98195,40.899281],[-82.978437,40.899296],[-82.978436,40.898771],[-82.97894,40.898808],[-82.979253,40.8988],[-82.980046,40.898854],[-82.980861,40.898798],[-82.980863,40.899107]]]},"properties":{"p":"21-0004342.000","o":"ULMER STEVEN H & NORMA","a":"2798    LEMERT                 RD","d":"WYNFORD LOCAL SCHOOL DISTRICT","t":6,"l":"110: Agr-CAUV-Vacant Land","c":0}},{"type":"Feature","geometry":{"type":"Polygon","coordinates":[[[-82.98195,40.899281],[-82.98196,40.90099],[-82.978439,40.901011],[-82.978437,40.899296],[-82.98195,40.899281]]]},"properties":{"p":"21-0004343.000","o":"ULMER STEVEN H & NORMA","a":"2798    LEMERT                 RD","d":"WYNFORD LOCAL SCHOOL DISTRICT","t":25.42,"l":"110: Agr-CAUV-Vacant Land","c":0}},{"type":"Feature","geometry":{"type":"Polygon","coordinates":[[[-83.053378,40.892084],[-83.053377,40.891617],[-83.054165,40.891617],[-83.054166,40.892166],[-83.053378,40.892166],[-83.053378,40.892084]]]},"properties":{"p":"21-0004360.000","o":"ANDERSON-HORNER KIMBERLY LYNN","a":"1231    LEMERT                 RD","d":"WYNFORD LOCAL SCHOOL DISTRICT","t":354.04,"l":"510: Res-Single Family","c":0}},{"type":"Feature","geometry":{"type":"Polygon","coordinates":[[[-83.016464,40.905851],[-83.016573,40.90585],[-83.016571,40.906054],[-83.016242,40.906056],[-83.016241,40.906215],[-83.016092,40.906216],[-83.016095,40.905854],[-83.016464,40.905851]]]},"properties":{"p":"21-0204407.000","o":"TAYLOR JERRIKA & CARL GILLIAM","a":"5577    SR 19","d":"WYNFORD LOCAL SCHOOL DISTRICT","t":62.99,"l":"510: Res-Single Family","c":0}},{"type":"Feature","geometry":{"type":"Polygon","coordinates":[[[-82.971993,40.821516],[-82.971841,40.821517],[-82.97192,40.821165],[-82.972108,40.821165],[-82.972029,40.821516],[-82.971993,40.821516]]]},"properties":{"p":"22-0004526.000","o":"STAMPER VIVIAN L","a":"220    DUDLEY                 ST","d":"BUCYRUS CITY SCHOOL DISTRICT","t":666.17,"l":"510: Res-Single Family","c":0}},{"type":"Feature","geometry":{"type":"Polygon","coordinates":[[[-82.970965,40.81999],[-82.971107,40.81999],[-82.971112,40.820288],[-82.970968,40.82029],[-82.970965,40.81999]]]},"properties":{"p":"22-0004545.000","o":"KANNON RENTALS LLC","a":"1120    MAPLE (1120 1/2)       ST","d":"BUCYRUS CITY SCHOOL DISTRICT","t":60.29,"l":"500: Res-Vacant Land","c":0}},{"type":"Feature","geometry":{"type":"Polygon","coordinates":[[[-82.970965,40.81999],[-82.970968,40.82029],[-82.970827,40.820291],[-82.970824,40.819991],[-82.970965,40.81999]]]},"properties":{"p":"22-0004546.000","o":"KANNON RENTALS LLC","a":"1120    MAPLE (1120 1/2)       ST","d":"BUCYRUS CITY SCHOOL DISTRICT","t":619.77,"l":"520: Res-Two Family","c":0}},{"type":"Feature","geometry":{"type":"Polygon","coordinates":[[[-82.970824,40.819991],[-82.970827,40.820291],[-82.970686,40.820293],[-82.970683,40.819991],[-82.970824,40.819991]]]},"properties":{"p":"22-0004547.000","o":"KANNON RENTALS LLC","a":"1120    MAPLE (1120 1/2)       ST","d":"BUCYRUS CITY SCHOOL DISTRICT","t":31.5,"l":"500: Res-Vacant Land","c":0}},{"type":"Feature","geometry":{"type":"Polygon","coordinates":[[[-82.97181,40.81999],[-82.971814,40.820289],[-82.971674,40.820289],[-82.971671,40.81999],[-82.97181,40.81999]]]},"properties":{"p":"22-0004572.000","o":"REID & INEZ LLC","a":"221    SONGER                 AV","d":"BUCYRUS CITY SCHOOL DISTRICT","t":139.11,"l":"598: Res-Custom Code","c":0}},{"type":"Feature","geometry":{"type":"Polygon","coordinates":[[[-82.971671,40.81999],[-82.971674,40.820289],[-82.971535,40.820288],[-82.971531,40.81999],[-82.971671,40.81999]]]},"properties":{"p":"22-0004573.000","o":"REID & INEZ LLC","a":"221    SONGER                 AV","d":"BUCYRUS CITY SCHOOL DISTRICT","t":1872.05,"l":"510: Res-Single Family","c":0}},{"type":"Feature","geometry":{"type":"Polygon","coordinates":[[[-82.974349,40.819721],[-82.974276,40.819657],[-82.974582,40.819658],[-82.974533,40.819875],[-82.974349,40.819721]]]},"properties":{"p":"22-0004595.000","o":"GILLIAM CARL W & JERRIKA M","a":"1100 N  SANDUSKY               AV","d":"BUCYRUS CITY SCHOOL DISTRICT","t":694.51,"l":"455: Com-Garage","c":0}},{"type":"Feature","geometry":{"type":"Polygon","coordinates":[[[-82.969935,40.821307],[-82.969938,40.820727],[-82.970055,40.820727],[-82.970092,40.821307],[-82.969935,40.821307]]]},"properties":{"p":"22-0004639.000","o":"MUCHOW MONICA L","a":"333    DUDLEY                 ST","d":"BUCYRUS CITY SCHOOL DISTRICT","t":303.46,"l":"510: Res-Single Family","c":0}},{"type":"Feature","geometry":{"type":"Polygon","coordinates":[[[-82.97223,40.819957],[-82.97209,40.819957],[-82.972087,40.819656],[-82.972228,40.819656],[-82.97223,40.819957]]]},"properties":{"p":"22-0004665.000","o":"JBK HOME INVESTORS LLC","a":"204 E  IRVING                 ST","d":"BUCYRUS CITY SCHOOL DISTRICT","t":1360.91,"l":"510: Res-Single Family","c":0}},{"type":"Feature","geometry":{"type":"Polygon","coordinates":[[[-82.969449,40.82199],[-82.969639,40.821991],[-82.969646,40.822329],[-82.969455,40.822328],[-82.969449,40.82199]]]},"properties":{"p":"22-0004672.000","o":"HINKLE DAKOTA P","a":"412    EMERSON                ST","d":"BUCYRUS CITY SCHOOL DISTRICT","t":248.91,"l":"510: Res-Single Family","c":0}},{"type":"Feature","geometry":{"type":"Polygon","coordinates":[[[-82.968179,40.820257],[-82.968179,40.820369],[-82.967805,40.820366],[-82.967805,40.820254],[-82.968179,40.820257]]]},"properties":{"p":"22-0004815.000","o":"IRWIN CHARLES V JR","a":"1199    HIGH                   ST","d":"BUCYRUS CITY SCHOOL DISTRICT","t":516.33,"l":"510: Res-Single Family","c":0}},{"type":"Feature","geometry":{"type":"Polygon","coordinates":[[[-82.978035,40.820929],[-82.977552,40.820929],[-82.977552,40.820819],[-82.978036,40.820818],[-82.978035,40.820929]]]},"properties":{"p":"22-0004831.000","o":"VAN SCOIT CHRISTOPHER M","a":"1214    WILLARD                ST","d":"BUCYRUS CITY SCHOOL DISTRICT","t":2.42,"l":"500: Res-Vacant Land","c":0}},{"type":"Feature","geometry":{"type":"Polygon","coordinates":[[[-82.978221,40.81982],[-82.978222,40.819696],[-82.978472,40.819696],[-82.978468,40.81993],[-82.978221,40.819929],[-82.978221,40.81982]]]},"properties":{"p":"22-0004954.000","o":"CARMAN SONJA","a":"300 W  IRVING                 ST","d":"BUCYRUS CITY SCHOOL DISTRICT","t":878.86,"l":"510: Res-Single Family","c":0}},{"type":"Feature","geometry":{"type":"Polygon","coordinates":[[[-82.963962,40.820471],[-82.964382,40.820465],[-82.964381,40.820577],[-82.963964,40.820581],[-82.963962,40.820471]]]},"properties":{"p":"22-0004963.000","o":"PIRNSTILL JOHN K ETAL","a":"PLUM                   ST","d":"BUCYRUS CITY SCHOOL DISTRICT","t":36.48,"l":"500: Res-Vacant Land","c":0}},{"type":"Feature","geometry":{"type":"Polygon","coordinates":[[[-82.972599,40.821515],[-82.972447,40.821515],[-82.972527,40.821165],[-82.972679,40.821165],[-82.972599,40.821515]]]},"properties":{"p":"22-0005026.000","o":"IRWIN CHARLES V JR","a":"130    DUDLEY                 ST","d":"BUCYRUS CITY SCHOOL DISTRICT","t":652.96,"l":"510: Res-Single Family","c":0}},{"type":"Feature","geometry":{"type":"Polygon","coordinates":[[[-82.977027,40.821397],[-82.977025,40.821287],[-82.977507,40.821286],[-82.977507,40.821396],[-82.977027,40.821397]]]},"properties":{"p":"22-0005041.000","o":"RITTENBERRY GERTIS R","a":"MONNETT                ST","d":"BUCYRUS CITY SCHOOL DISTRICT","t":29.78,"l":"500: Res-Vacant Land","c":0}},{"type":"Feature","geometry":{"type":"Polygon","coordinates":[[[-82.976355,40.820038],[-82.976843,40.820039],[-82.976842,40.820151],[-82.976354,40.820149],[-82.976355,40.820038]]]},"properties":{"p":"22-0005048.000","o":"WATTS KEVIN","a":"1110    MONNETT                ST","d":"BUCYRUS CITY SCHOOL DISTRICT","t":31.74,"l":"510: Res-Single Family","c":0}},{"type":"Feature","geometry":{"type":"Polygon","coordinates":[[[-82.968178,40.820594],[-82.968178,40.820556],[-82.96855,40.82056],[-82.968549,40.82071],[-82.968177,40.820706],[-82.968178,40.820594]]]},"properties":{"p":"22-0005077.000","o":"YUBI KATHICITA ELSIE ETAL","a":"1206    WOODROW                AV","d":"BUCYRUS CITY SCHOOL DISTRICT","t":186,"l":"500: Res-Vacant Land","c":0}},{"type":"Feature","geometry":{"type":"Polygon","coordinates":[[[-82.968178,40.820406],[-82.968551,40.820409],[-82.96855,40.82056],[-82.968178,40.820556],[-82.968178,40.820406]]]},"properties":{"p":"22-0005078.000","o":"YUBI KATHICITA ELSIE ETAL","a":"1206    WOODROW                AV","d":"BUCYRUS CITY SCHOOL DISTRICT","t":186,"l":"500: Res-Vacant Land","c":0}},{"type":"Feature","geometry":{"type":"Polygon","coordinates":[[[-82.968179,40.820257],[-82.968552,40.820259],[-82.968551,40.820409],[-82.968178,40.820406],[-82.968179,40.820257]]]},"properties":{"p":"22-0005079.000","o":"YUBI KATHICITA ELSIE ETAL","a":"1206    WOODROW                AV","d":"BUCYRUS CITY SCHOOL DISTRICT","t":186,"l":"500: Res-Vacant Land","c":0}},{"type":"Feature","geometry":{"type":"Polygon","coordinates":[[[-82.737299,40.821963],[-82.737301,40.821909],[-82.738132,40.821918],[-82.738088,40.82346],[-82.737255,40.823511],[-82.737299,40.821963]]]},"properties":{"p":"23-0005198.000","o":"ELLENBERGER MARK V","a":"7942    SOLINGER               RD","d":"CRESTLINE EX VILL SCHOOL DISTRICT","t":2137.05,"l":"510: Res-Single Family","c":0}},{"type":"Feature","geometry":{"type":"Polygon","coordinates":[[[-82.734997,40.821936],[-82.734998,40.821881],[-82.737301,40.821909],[-82.737198,40.825525],[-82.734895,40.825499],[-82.734997,40.821936]]]},"properties":{"p":"23-0005200.001","o":"ELLENBERGER MARK","a":"7942    SOLINGER               RD","d":"CRESTLINE EX VILL SCHOOL DISTRICT","t":766.39,"l":"110: Agr-CAUV-Vacant Land","c":0}},{"type":"Feature","geometry":{"type":"Polygon","coordinates":[[[-82.726152,40.796385],[-82.726156,40.796207],[-82.727554,40.796223],[-82.727351,40.796496],[-82.726152,40.796481],[-82.726152,40.796385]]]},"properties":{"p":"23-0005228.000","o":"BEATTY WILLIAM & DIANE","a":"1089    COUNTY LINE            RD","d":"CRESTLINE EX VILL SCHOOL DISTRICT","t":450.17,"l":"510: Res-Single Family","c":0}},{"type":"Feature","geometry":{"type":"Polygon","coordinates":[[[-82.739813,40.769963],[-82.740159,40.770111],[-82.739901,40.770458],[-82.739556,40.770309],[-82.739813,40.769963]]]},"properties":{"p":"23-0105421.000","o":"HONAKER JOSEPH","a":"1810    SR 61","d":"CRESTLINE EX VILL SCHOOL DISTRICT","t":121.78,"l":"599: Res-Other","c":0}},{"type":"Feature","geometry":{"type":"Polygon","coordinates":[[[-82.739813,40.769963],[-82.739556,40.770309],[-82.739239,40.770173],[-82.739209,40.770139],[-82.739217,40.770099],[-82.739465,40.769813],[-82.739813,40.769963]]]},"properties":{"p":"23-0105422.000","o":"HONAKER JOSEPH","a":"1810    SR 61","d":"CRESTLINE EX VILL SCHOOL DISTRICT","t":365.35,"l":"510: Res-Single Family","c":0}},{"type":"Feature","geometry":{"type":"Polygon","coordinates":[[[-82.740399,40.770254],[-82.740159,40.770111],[-82.739465,40.769813],[-82.739571,40.769704],[-82.7405,40.769722],[-82.740399,40.770254]]]},"properties":{"p":"23-0105423.000","o":"HONAKER JOSEPH","a":"1810    SR 61","d":"CRESTLINE EX VILL SCHOOL DISTRICT","t":455.65,"l":"598: Res-Custom Code","c":0}},{"type":"Feature","geometry":{"type":"Polygon","coordinates":[[[-82.763814,40.791088],[-82.763821,40.790699],[-82.76508,40.790708],[-82.765072,40.791103],[-82.763814,40.791088]]]},"properties":{"p":"23-0405456.001","o":"SLEECKX MARC G JR & BRITNEY N","a":"2375    NAZOR                  RD","d":"CRESTLINE EX VILL SCHOOL DISTRICT","t":60.09,"l":"599: Res-Other","c":0}},{"type":"Feature","geometry":{"type":"Polygon","coordinates":[[[-82.763821,40.790699],[-82.763822,40.790663],[-82.76508,40.790677],[-82.76508,40.790708],[-82.763821,40.790699]]]},"properties":{"p":"23-0405456.002","o":"SLEECKX MARC G JR & BRITNEY N","a":"2375    NAZOR                  RD","d":"CRESTLINE EX VILL SCHOOL DISTRICT","t":5.02,"l":"500: Res-Vacant Land","c":0}},{"type":"Feature","geometry":{"type":"Polygon","coordinates":[[[-82.763538,40.79066],[-82.763822,40.790663],[-82.763808,40.791431],[-82.763389,40.791427],[-82.763415,40.789835],[-82.76355,40.789836],[-82.763538,40.79066]]]},"properties":{"p":"23-0405456.006","o":"SLEECKX MARC G JR & BRITNEY N","a":"2375    NAZOR                  RD","d":"CRESTLINE EX VILL SCHOOL DISTRICT","t":206.62,"l":"599: Res-Other","c":0}},{"type":"Feature","geometry":{"type":"Polygon","coordinates":[[[-82.75307,40.779698],[-82.753078,40.778908],[-82.753736,40.778915],[-82.753713,40.77976],[-82.753069,40.779753],[-82.75307,40.779698]]]},"properties":{"p":"23-0505472.001","o":"STRASSELL ANTHONY J & ROSE M","a":"1024 W  LIVINGSTON             AV","d":"CRESTLINE EX VILL SCHOOL DISTRICT","t":5008.15,"l":"500: Res-Vacant Land","c":0}},{"type":"Feature","geometry":{"type":"Polygon","coordinates":[[[-82.752094,40.779798],[-82.752688,40.779804],[-82.752681,40.780413],[-82.75199,40.780406],[-82.751996,40.779819],[-82.752094,40.779798]]]},"properties":{"p":"24-0005470.004","o":"EARL MARVIN L EXECUTOR ETAL","a":"1011 W  LIVINGSTON             AV","d":"CRESTLINE EX VILL SCHOOL DISTRICT","t":494.85,"l":"510: Res-Single Family","c":0}},{"type":"Feature","geometry":{"type":"Polygon","coordinates":[[[-82.746179,40.785992],[-82.745683,40.785987],[-82.745685,40.785841],[-82.746181,40.785847],[-82.746179,40.785992]]]},"properties":{"p":"24-0019391.000","o":"CRAWFORD BELINDA S","a":"215    CLINK                  BV","d":"CRESTLINE EX VILL SCHOOL DISTRICT","t":923.16,"l":"510: Res-Single Family","c":0}},{"type":"Feature","geometry":{"type":"Polygon","coordinates":[[[-82.74362,40.784882],[-82.743097,40.784874],[-82.743101,40.784737],[-82.743624,40.784744],[-82.74362,40.784882]]]},"properties":{"p":"24-0019408.000","o":"PAGE DAN L","a":"115 N  WILEY                  ST","d":"CRESTLINE EX VILL SCHOOL DISTRICT","t":916.64,"l":"510: Res-Single Family","c":0}},{"type":"Feature","geometry":{"type":"Polygon","coordinates":[[[-82.730559,40.785567],[-82.73074,40.785573],[-82.730732,40.785987],[-82.730552,40.785981],[-82.730559,40.785567]]]},"properties":{"p":"24-0019514.000","o":"BIG HOUSE RENTALS LLC","a":"505    SCOTT (507)            ST","d":"CRESTLINE EX VILL SCHOOL DISTRICT","t":80.09,"l":"520: Res-Two Family","c":0}},{"type":"Feature","geometry":{"type":"Polygon","coordinates":[[[-82.730379,40.785561],[-82.730559,40.785567],[-82.730552,40.785981],[-82.730372,40.785975],[-82.730379,40.785561]]]},"properties":{"p":"24-0019515.000","o":"BIG HOUSE RENTALS LLC","a":"505    SCOTT (507)            ST","d":"CRESTLINE EX VILL SCHOOL DISTRICT","t":8.34,"l":"500: Res-Vacant Land","c":0}},{"type":"Feature","geometry":{"type":"Polygon","coordinates":[[[-82.745313,40.78518],[-82.745319,40.784892],[-82.745479,40.784894],[-82.745472,40.785182],[-82.745313,40.78518]]]},"properties":{"p":"24-0019609.000","o":"WHITED TIMOTHY R & DOREEN","a":"708    UNION                  ST","d":"CRESTLINE EX VILL SCHOOL DISTRICT","t":620.25,"l":"510: Res-Single Family","c":0}},{"type":"Feature","geometry":{"type":"Polygon","coordinates":[[[-82.744232,40.790703],[-82.744227,40.79084],[-82.743683,40.79083],[-82.743687,40.790693],[-82.744232,40.790703]]]},"properties":{"p":"24-0019696.000","o":"SIMMERMACHER ALLYSSA K ETAL","a":"416 N  WILEY                  ST","d":"CRESTLINE EX VILL SCHOOL DISTRICT","t":1738.72,"l":"510: Res-Single Family","c":0}},{"type":"Feature","geometry":{"type":"Polygon","coordinates":[[[-82.746902,40.788876],[-82.746396,40.788872],[-82.746399,40.788726],[-82.746904,40.788731],[-82.746902,40.788876]]]},"properties":{"p":"24-0019779.000","o":"DRAKE ROY S","a":"356    CLINK                  BV","d":"CRESTLINE EX VILL SCHOOL DISTRICT","t":800,"l":"510: Res-Single Family","c":0}},{"type":"Feature","geometry":{"type":"Polygon","coordinates":[[[-82.747473,40.789345],[-82.74747,40.789482],[-82.746949,40.789478],[-82.746952,40.78934],[-82.747473,40.789345]]]},"properties":{"p":"24-0019824.000","o":"THOMAS BETTIE ANN AKA BETTY AN","a":"375    PARK                   RD","d":"CRESTLINE EX VILL SCHOOL DISTRICT","t":1205.17,"l":"510: Res-Single Family","c":0}},{"type":"Feature","geometry":{"type":"Polygon","coordinates":[[[-82.745736,40.77733],[-82.745737,40.776953],[-82.746056,40.776962],[-82.746044,40.777329],[-82.745736,40.77733]]]},"properties":{"p":"24-0019844.000","o":"CRAWFORD DEBBIE A","a":"702    ROANOKE                ST","d":"CRESTLINE EX VILL SCHOOL DISTRICT","t":41.95,"l":"500: Res-Vacant Land","c":0}},{"type":"Feature","geometry":{"type":"Polygon","coordinates":[[[-82.745809,40.777388],[-82.745737,40.777388],[-82.745736,40.77733],[-82.746044,40.777329],[-82.746043,40.777391],[-82.745809,40.777388]]]},"properties":{"p":"24-0019845.000","o":"CRAWFORD DEBBIE A","a":"702    ROANOKE                ST","d":"CRESTLINE EX VILL SCHOOL DISTRICT","t":56.62,"l":"599: Res-Other","c":0}},{"type":"Feature","geometry":{"type":"Polygon","coordinates":[[[-82.745812,40.777624],[-82.745809,40.777388],[-82.746043,40.777391],[-82.746036,40.777771],[-82.745814,40.777769],[-82.745812,40.777624]]]},"properties":{"p":"24-0019846.000","o":"CRAWFORD DEBBIE A","a":"702    ROANOKE                ST","d":"CRESTLINE EX VILL SCHOOL DISTRICT","t":1665.91,"l":"510: Res-Single Family","c":0}},{"type":"Feature","geometry":{"type":"Polygon","coordinates":[[[-82.733918,40.786142],[-82.733894,40.786556],[-82.733714,40.78655],[-82.733738,40.786136],[-82.733918,40.786142]]]},"properties":{"p":"24-0019885.000","o":"ALLEN JARON R","a":"300    SOUTH(&1/2,221N PIERCE ST","d":"CRESTLINE EX VILL SCHOOL DISTRICT","t":510.38,"l":"530: Res-Three Family","c":0}},{"type":"Feature","geometry":{"type":"Polygon","coordinates":[[[-82.738371,40.779081],[-82.738371,40.779067],[-82.738538,40.77907],[-82.738537,40.779084],[-82.738371,40.779081]]]},"properties":{"p":"24-0019982.001","o":"EARL DAN & LECRECIA","a":"101 W  ARNOLD                 ST","d":"CRESTLINE EX VILL SCHOOL DISTRICT","t":1.24,"l":"500: Res-Vacant Land","c":0}},{"type":"Feature","geometry":{"type":"Polygon","coordinates":[[[-82.736413,40.789293],[-82.735989,40.789284],[-82.735994,40.789158],[-82.736418,40.789167],[-82.736413,40.789293]]]},"properties":{"p":"24-0020033.000","o":"CURRY HOLLY E","a":"509 N  SELTZER (509 1/2)      ST","d":"CRESTLINE EX VILL SCHOOL DISTRICT","t":635.98,"l":"520: Res-Two Family","c":0}},{"type":"Feature","geometry":{"type":"Polygon","coordinates":[[[-82.735767,40.783875],[-82.735762,40.784012],[-82.73522,40.784007],[-82.735226,40.78387],[-82.735767,40.783875]]]},"properties":{"p":"24-0020055.000","o":"HARLEY-HELFRICH VFW POST 2920","a":"115 S  CRESTLINE              ST","d":"CRESTLINE EX VILL SCHOOL DISTRICT","t":219.03,"l":"400: Com-Vacant Land","c":0}},{"type":"Feature","geometry":{"type":"Polygon","coordinates":[[[-82.740022,40.791464],[-82.73948,40.791459],[-82.739484,40.791322],[-82.740026,40.791327],[-82.740022,40.791464]]]},"properties":{"p":"24-0020062.000","o":"CROFT MICHAEL J","a":"606 N  COLUMBUS               ST","d":"CRESTLINE EX VILL SCHOOL DISTRICT","t":810.82,"l":"510: Res-Single Family","c":0}},{"type":"Feature","geometry":{"type":"Polygon","coordinates":[[[-82.73339,40.782202],[-82.733388,40.78234],[-82.732847,40.782338],[-82.732849,40.7822],[-82.73339,40.782202]]]},"properties":{"p":"24-0020116.000","o":"JACOBS AMANDA","a":"208 S  WASHINGTON             ST","d":"CRESTLINE EX VILL SCHOOL DISTRICT","t":384.37,"l":"510: Res-Single Family","c":0}},{"type":"Feature","geometry":{"type":"Polygon","coordinates":[[[-82.743484,40.789525],[-82.74348,40.789645],[-82.743236,40.789642],[-82.743239,40.789522],[-82.743484,40.789525]]]},"properties":{"p":"24-0020126.000","o":"FULLENLOVE ELISE ANN","a":"379 N  WILEY                  ST","d":"CRESTLINE EX VILL SCHOOL DISTRICT","t":1298.87,"l":"510: Res-Single Family","c":0}},{"type":"Feature","geometry":{"type":"Polygon","coordinates":[[[-82.726303,40.787913],[-82.726308,40.787506],[-82.726682,40.787518],[-82.726672,40.787925],[-82.726303,40.787913]]]},"properties":{"p":"24-0020172.000","o":"JR HUNGER PAYNE PROPERTIES LTD","a":"819 E  MAIN                   ST","d":"CRESTLINE EX VILL SCHOOL DISTRICT","t":458.17,"l":"456: Com-Parking Garage","c":0}},{"type":"Feature","geometry":{"type":"Polygon","coordinates":[[[-82.726863,40.787524],[-82.726853,40.787931],[-82.726672,40.787925],[-82.726682,40.787518],[-82.726863,40.787524]]]},"properties":{"p":"24-0020173.000","o":"JR HUNGER PAYNE PROPERTIES LTD","a":"819 E  MAIN                   ST","d":"CRESTLINE EX VILL SCHOOL DISTRICT","t":2470.05,"l":"430: Com-Retaurant","c":0}},{"type":"Feature","geometry":{"type":"Polygon","coordinates":[[[-82.727556,40.785923],[-82.727707,40.785928],[-82.727702,40.786348],[-82.727551,40.786343],[-82.727556,40.785923]]]},"properties":{"p":"24-0020209.000","o":"EARLS DARREN A & JAMIE L","a":"724    SOUTH                  ST","d":"CRESTLINE EX VILL SCHOOL DISTRICT","t":573.41,"l":"510: Res-Single Family","c":0}},{"type":"Feature","geometry":{"type":"Polygon","coordinates":[[[-82.729729,40.785539],[-82.729724,40.785953],[-82.729634,40.78595],[-82.729639,40.785536],[-82.729729,40.785539]]]},"properties":{"p":"24-0020214.000","o":"JOHNSON KALEB ETAL","a":"601    SCOTT                  ST","d":"CRESTLINE EX VILL SCHOOL DISTRICT","t":649.8,"l":"510: Res-Single Family","c":0}},{"type":"Feature","geometry":{"type":"Polygon","coordinates":[[[-82.750393,40.784708],[-82.75039,40.785106],[-82.74992,40.7851],[-82.74993,40.784702],[-82.750393,40.784708]]]},"properties":{"p":"24-0020311.000","o":"BIRMINGHAM REGINA","a":"W  BUCYRUS                ST","d":"CRESTLINE EX VILL SCHOOL DISTRICT","t":331.93,"l":"500: Res-Vacant Land","c":0}},{"type":"Feature","geometry":{"type":"Polygon","coordinates":[[[-82.726794,40.79153],[-82.726288,40.791531],[-82.726291,40.791009],[-82.726798,40.791009],[-82.726794,40.79153]]]},"properties":{"p":"24-0020338.000","o":"WISEMAN LARRY E","a":"751    COUNTY LINE            RD","d":"CRESTLINE EX VILL SCHOOL DISTRICT","t":951.97,"l":"510: Res-Single Family","c":0}},{"type":"Feature","geometry":{"type":"Polygon","coordinates":[[[-82.747558,40.784546],[-82.747381,40.784543],[-82.747173,40.784495],[-82.747394,40.783967],[-82.747568,40.783969],[-82.747558,40.784546]]]},"properties":{"p":"24-0020340.000","o":"CHATMAN DEBRA J ETAL","a":"816 W  BUCYRUS                ST","d":"CRESTLINE EX VILL SCHOOL DISTRICT","t":128.46,"l":"500: Res-Vacant Land","c":0}},{"type":"Feature","geometry":{"type":"Polygon","coordinates":[[[-82.727418,40.78852],[-82.727139,40.788512],[-82.727142,40.788308],[-82.727423,40.788312],[-82.727418,40.78852]]]},"properties":{"p":"24-0020346.001","o":"LESTER RICHARD L","a":"800 E  NORTH                  ST","d":"CRESTLINE EX VILL SCHOOL DISTRICT","t":525.88,"l":"510: Res-Single Family","c":0}},{"type":"Feature","geometry":{"type":"Polygon","coordinates":[[[-82.738389,40.77834],[-82.738392,40.778203],[-82.738934,40.778211],[-82.738931,40.778348],[-82.738389,40.77834]]]},"properties":{"p":"24-0020351.000","o":"MEINZER JORGE","a":"612 S  THOMAN                 ST","d":"CRESTLINE EX VILL SCHOOL DISTRICT","t":1194.04,"l":"510: Res-Single Family","c":0}},{"type":"Feature","geometry":{"type":"Polygon","coordinates":[[[-82.741065,40.784246],[-82.741347,40.78425],[-82.741341,40.784535],[-82.741059,40.784527],[-82.741065,40.784246]]]},"properties":{"p":"24-0020474.000","o":"BEATTY MARC","a":"403 W  BUCYRUS (403 1/2)      ST","d":"CRESTLINE EX VILL SCHOOL DISTRICT","t":941.61,"l":"520: Res-Two Family","c":0}},{"type":"Feature","geometry":{"type":"Polygon","coordinates":[[[-82.744668,40.779358],[-82.744844,40.779359],[-82.744835,40.77977],[-82.744658,40.779769],[-82.744668,40.779358]]]},"properties":{"p":"24-0020521.000","o":"KEGLEY NATHAN","a":"610 W  LIVINGSTON             AV","d":"CRESTLINE EX VILL SCHOOL DISTRICT","t":1296.75,"l":"510: Res-Single Family","c":0}},{"type":"Feature","geometry":{"type":"Polygon","coordinates":[[[-82.74502,40.77936],[-82.745012,40.779771],[-82.744835,40.77977],[-82.744844,40.779359],[-82.74502,40.77936]]]},"properties":{"p":"24-0020522.000","o":"KEGLEY NATHAN","a":"610 W  LIVINGSTON             AV","d":"CRESTLINE EX VILL SCHOOL DISTRICT","t":101.2,"l":"500: Res-Vacant Land","c":0}},{"type":"Feature","geometry":{"type":"Polygon","coordinates":[[[-82.741896,40.783653],[-82.742077,40.783655],[-82.742065,40.784067],[-82.741884,40.784064],[-82.741896,40.783653]]]},"properties":{"p":"24-0020749.000","o":"ESTERLINE LORELI A","a":"420 W  BUCYRUS                ST","d":"CRESTLINE EX VILL SCHOOL DISTRICT","t":491.35,"l":"510: Res-Single Family","c":0}},{"type":"Feature","geometry":{"type":"Polygon","coordinates":[[[-82.730751,40.78498],[-82.730932,40.784986],[-82.730924,40.785398],[-82.730743,40.785392],[-82.730751,40.78498]]]},"properties":{"p":"24-0020757.000","o":"BOSTIC RODNEY","a":"502    SCOTT (504)            ST","d":"CRESTLINE EX VILL SCHOOL DISTRICT","t":200,"l":"520: Res-Two Family","c":0}},{"type":"Feature","geometry":{"type":"Polygon","coordinates":[[[-82.733393,40.782065],[-82.73339,40.782202],[-82.732849,40.7822],[-82.732853,40.781963],[-82.733393,40.782065]]]},"properties":{"p":"24-0020834.000","o":"SELLERS DEBORA L","a":"212 S  WASHINGTON             ST","d":"CRESTLINE EX VILL SCHOOL DISTRICT","t":970.06,"l":"510: Res-Single Family","c":0}},{"type":"Feature","geometry":{"type":"Polygon","coordinates":[[[-82.7364,40.789623],[-82.735976,40.789613],[-82.735982,40.789476],[-82.736406,40.789485],[-82.7364,40.789623]]]},"properties":{"p":"24-0020864.000","o":"WOODDELL ARTHUR S & SHEILA A","a":"519 N  SELTZER                ST","d":"CRESTLINE EX VILL SCHOOL DISTRICT","t":2.69,"l":"510: Res-Single Family","c":0}},{"type":"Feature","geometry":{"type":"Polygon","coordinates":[[[-82.729132,40.782379],[-82.729116,40.782341],[-82.729118,40.782203],[-82.729375,40.782234],[-82.729384,40.782738],[-82.729297,40.782655],[-82.729223,40.78251],[-82.729132,40.782379]]]},"properties":{"p":"24-0020981.000","o":"MOYER JON & TANYA","a":"731    BAUER                  AV","d":"CRESTLINE EX VILL SCHOOL DISTRICT","t":16.56,"l":"400: Com-Vacant Land","c":0}},{"type":"Feature","geometry":{"type":"Polygon","coordinates":[[[-82.729119,40.782049],[-82.729139,40.781958],[-82.729187,40.781884],[-82.729269,40.781815],[-82.729366,40.781772],[-82.729374,40.782178],[-82.729118,40.782147],[-82.729119,40.782049]]]},"properties":{"p":"24-0020982.000","o":"MOYER JON & TANYA","a":"731    BAUER                  AV","d":"CRESTLINE EX VILL SCHOOL DISTRICT","t":15.59,"l":"400: Com-Vacant Land","c":0}},{"type":"Feature","geometry":{"type":"Polygon","coordinates":[[[-82.731887,40.783678],[-82.731848,40.784253],[-82.731667,40.784251],[-82.731702,40.783726],[-82.731887,40.783678]]]},"properties":{"p":"24-0021122.000","o":"EARLS DARREN","a":"420 E  BUCYRUS                ST","d":"CRESTLINE EX VILL SCHOOL DISTRICT","t":743.28,"l":"510: Res-Single Family","c":0}},{"type":"Feature","geometry":{"type":"Polygon","coordinates":[[[-82.735699,40.779812],[-82.73588,40.779816],[-82.735877,40.780228],[-82.735696,40.780224],[-82.735699,40.779812]]]},"properties":{"p":"24-0021249.000","o":"RALLS ELIJAH %MARIE GRIMES","a":"E  LIVINGSTON             AV","d":"CRESTLINE EX VILL SCHOOL DISTRICT","t":48.19,"l":"500: Res-Vacant Land","c":0}},{"type":"Feature","geometry":{"type":"Polygon","coordinates":[[[-82.738898,40.779693],[-82.738356,40.779684],[-82.738359,40.779563],[-82.738901,40.779572],[-82.738898,40.779693]]]},"properties":{"p":"24-0021266.000","o":"MD OH LLC","a":"504 S  THOMAN                 ST","d":"CRESTLINE EX VILL SCHOOL DISTRICT","t":723.59,"l":"510: Res-Single Family","c":0}},{"type":"Feature","geometry":{"type":"Polygon","coordinates":[[[-82.772227,40.908196],[-82.772224,40.908332],[-82.771682,40.908326],[-82.771684,40.908191],[-82.772227,40.908196]]]},"properties":{"p":"4-0000445.000","o":"CARMAN SONJA L","a":"303 N  MAIN                   ST","d":"BUCKEYE CENTRAL LOCAL SCHOOL DISTRICT","t":34.02,"l":"500: Res-Vacant Land","c":0}},{"type":"Feature","geometry":{"type":"Polygon","coordinates":[[[-82.773735,40.904492],[-82.773916,40.904493],[-82.773912,40.904877],[-82.773731,40.904876],[-82.773735,40.904492]]]},"properties":{"p":"4-0000450.000","o":"SHEPHERD ALICIA D & HEATHER D","a":"108    HIGH                   ST","d":"BUCKEYE CENTRAL LOCAL SCHOOL DISTRICT","t":32.48,"l":"500: Res-Vacant Land","c":0}},{"type":"Feature","geometry":{"type":"Polygon","coordinates":[[[-82.773735,40.904492],[-82.773731,40.904876],[-82.773518,40.904875],[-82.773525,40.90449],[-82.773735,40.904492]]]},"properties":{"p":"4-0000451.000","o":"SHEPHERD ALICIA D & HEATHER D","a":"108    HIGH                   ST","d":"BUCKEYE CENTRAL LOCAL SCHOOL DISTRICT","t":37.51,"l":"500: Res-Vacant Land","c":0}},{"type":"Feature","geometry":{"type":"Polygon","coordinates":[[[-82.773315,40.904489],[-82.773525,40.90449],[-82.773518,40.904875],[-82.773308,40.904874],[-82.773315,40.904489]]]},"properties":{"p":"4-0000452.000","o":"SHEPHERD ALICIA D & HEATHER D","a":"108    HIGH                   ST","d":"BUCKEYE CENTRAL LOCAL SCHOOL DISTRICT","t":1521.2,"l":"510: Res-Single Family","c":0}},{"type":"Feature","geometry":{"type":"Polygon","coordinates":[[[-82.773134,40.904488],[-82.773315,40.904489],[-82.773308,40.904874],[-82.773127,40.904873],[-82.773134,40.904488]]]},"properties":{"p":"4-0000453.000","o":"SHEPHERD ALICIA D & HEATHER D","a":"108    HIGH                   ST","d":"BUCKEYE CENTRAL LOCAL SCHOOL DISTRICT","t":35.18,"l":"599: Res-Other","c":0}},{"type":"Feature","geometry":{"type":"MultiPolygon","coordinates":[[[[-82.771759,40.904109],[-82.771762,40.903944],[-82.772305,40.903949],[-82.772302,40.904114],[-82.771759,40.904109]]],[[[-82.771758,40.904169],[-82.771759,40.904142],[-82.772301,40.904147],[-82.772301,40.904174],[-82.771758,40.904169]]]]},"properties":{"p":"4-0000459.000","o":"FORD ROBIN W & NICOLA DYE","a":"117 S  MAIN                   ST","d":"BUCKEYE CENTRAL LOCAL SCHOOL DISTRICT","t":521.4,"l":"510: Res-Single Family","c":0}},{"type":"Feature","geometry":{"type":"Polygon","coordinates":[[[-82.771772,40.903373],[-82.772315,40.903378],[-82.772312,40.903543],[-82.771769,40.903538],[-82.771772,40.903373]]]},"properties":{"p":"4-0000483.000","o":"SHATZER RANDALL S","a":"125 S  MAIN                   ST","d":"BUCKEYE CENTRAL LOCAL SCHOOL DISTRICT","t":62.98,"l":"599: Res-Other","c":0}},{"type":"Feature","geometry":{"type":"Polygon","coordinates":[[[-82.772921,40.905776],[-82.772996,40.905829],[-82.772488,40.905824],[-82.772489,40.905772],[-82.772921,40.905776]]]},"properties":{"p":"4-0000523.000","o":"SEIBERT CHRISTOPHER J","a":"102 N  MAIN                   ST","d":"BUCKEYE CENTRAL LOCAL SCHOOL DISTRICT","t":768.35,"l":"429: Com-Other","c":0}},{"type":"Feature","geometry":{"type":"Polygon","coordinates":[[[-82.77303,40.905853],[-82.77303,40.905882],[-82.772487,40.905876],[-82.772488,40.905824],[-82.772996,40.905829],[-82.77303,40.905853]]]},"properties":{"p":"4-0000524.000","o":"SEIBERT CHRISTOPHER J","a":"104 N  MAIN                   ST","d":"BUCKEYE CENTRAL LOCAL SCHOOL DISTRICT","t":29.36,"l":"400: Com-Vacant Land","c":0}},{"type":"Feature","geometry":{"type":"Polygon","coordinates":[[[-82.772229,40.90806],[-82.772227,40.908196],[-82.771684,40.908191],[-82.771687,40.908055],[-82.772229,40.90806]]]},"properties":{"p":"4-0000530.000","o":"CARMAN DANIELA L","a":"301 N  MAIN                   ST","d":"BUCKEYE CENTRAL LOCAL SCHOOL DISTRICT","t":795.01,"l":"510: Res-Single Family","c":0}},{"type":"Feature","geometry":{"type":"Polygon","coordinates":[[[-82.773024,40.906208],[-82.773023,40.90623],[-82.772481,40.906225],[-82.772484,40.906052],[-82.773027,40.906057],[-82.773024,40.906208]]]},"properties":{"p":"4-0000535.000","o":"WEIDINGER JODY L","a":"110 N  MAIN                   ST","d":"BUCKEYE CENTRAL LOCAL SCHOOL DISTRICT","t":1882.38,"l":"510: Res-Single Family","c":0}},{"type":"Feature","geometry":{"type":"Polygon","coordinates":[[[-82.772267,40.906042],[-82.772265,40.906178],[-82.771722,40.906173],[-82.771724,40.906037],[-82.772267,40.906042]]]},"properties":{"p":"4-0000544.000","o":"SPARKS MANUEL LEE SR","a":"105 N  MAIN                   ST","d":"BUCKEYE CENTRAL LOCAL SCHOOL DISTRICT","t":1165.46,"l":"510: Res-Single Family","c":0}},{"type":"Feature","geometry":{"type":"Polygon","coordinates":[[[-82.772208,40.909186],[-82.772199,40.909639],[-82.771244,40.909629],[-82.771253,40.909176],[-82.772208,40.909186]]]},"properties":{"p":"4-0000597.001","o":"WITMER RICHARD K","a":"401 N  MAIN                   ST","d":"BUCKEYE CENTRAL LOCAL SCHOOL DISTRICT","t":680.19,"l":"510: Res-Single Family","c":0}},{"type":"Feature","geometry":{"type":"Polygon","coordinates":[[[-82.771537,40.904074],[-82.771709,40.904076],[-82.771706,40.904243],[-82.769942,40.902988],[-82.771367,40.903002],[-82.77135,40.90394],[-82.771537,40.904074]]]},"properties":{"p":"4-0000625.000","o":"PROBST LUKE K","a":"121 S  MAIN                   ST","d":"BUCKEYE CENTRAL LOCAL SCHOOL DISTRICT","t":41.79,"l":"500: Res-Vacant Land","c":0}},{"type":"Feature","geometry":{"type":"Polygon","coordinates":[[[-82.771718,40.903576],[-82.771356,40.903573],[-82.77136,40.90335],[-82.771722,40.903354],[-82.771718,40.903576]]]},"properties":{"p":"4-0000626.000","o":"PROBST LUKE K","a":"121 S  MAIN                   ST","d":"BUCKEYE CENTRAL LOCAL SCHOOL DISTRICT","t":118.94,"l":"599: Res-Other","c":0}},{"type":"Feature","geometry":{"type":"Polygon","coordinates":[[[-82.771769,40.903576],[-82.772311,40.903582],[-82.772308,40.903746],[-82.771766,40.903741],[-82.771769,40.903576]]]},"properties":{"p":"4-0000627.000","o":"PROBST LUKE K","a":"121 S  MAIN                   ST","d":"BUCKEYE CENTRAL LOCAL SCHOOL DISTRICT","t":371.4,"l":"510: Res-Single Family","c":0}},{"type":"Feature","geometry":{"type":"Polygon","coordinates":[[[-82.771718,40.903576],[-82.771715,40.903741],[-82.771353,40.903737],[-82.771356,40.903573],[-82.771718,40.903576]]]},"properties":{"p":"4-0000628.000","o":"PROBST LUKE K","a":"121 S  MAIN                   ST","d":"BUCKEYE CENTRAL LOCAL SCHOOL DISTRICT","t":3.5,"l":"598: Res-Custom Code","c":0}},{"type":"Feature","geometry":{"type":"Polygon","coordinates":[[[-82.739606,40.778632],[-82.739534,40.778631],[-82.739544,40.778219],[-82.739616,40.77822],[-82.739606,40.778632]]]},"properties":{"p":"24-0021267.001","o":"JANDA PROPERTIES LLC","a":"204 W  ARNOLD                 ST","d":"CRESTLINE EX VILL SCHOOL DISTRICT","t":1.09,"l":"500: Res-Vacant Land","c":0}},{"type":"Feature","geometry":{"type":"Polygon","coordinates":[[[-82.739606,40.778632],[-82.739616,40.77822],[-82.739869,40.778224],[-82.739859,40.778635],[-82.739606,40.778632]]]},"properties":{"p":"24-0021268.000","o":"JANDA PROPERTIES LLC","a":"204 W  ARNOLD                 ST","d":"CRESTLINE EX VILL SCHOOL DISTRICT","t":34.6,"l":"510: Res-Single Family","c":0}},{"type":"Feature","geometry":{"type":"Polygon","coordinates":[[[-82.741079,40.777865],[-82.740477,40.778661],[-82.739859,40.778635],[-82.739869,40.778224],[-82.739616,40.77822],[-82.73963,40.777671],[-82.741079,40.777865]]]},"properties":{"p":"24-0021269.000","o":"JANDA PROPERTIES LLC","a":"204 W  ARNOLD                 ST","d":"CRESTLINE EX VILL SCHOOL DISTRICT","t":1.42,"l":"598: Res-Custom Code","c":0}},{"type":"Feature","geometry":{"type":"Polygon","coordinates":[[[-82.73553,40.77706],[-82.735769,40.777066],[-82.735733,40.778549],[-82.735494,40.778543],[-82.73553,40.77706]]]},"properties":{"p":"24-0021336.000","o":"HALL DUSTY L & MICHELLE R","a":"216 E  ARNOLD                 ST","d":"CRESTLINE EX VILL SCHOOL DISTRICT","t":549.33,"l":"510: Res-Single Family","c":0}},{"type":"Feature","geometry":{"type":"Polygon","coordinates":[[[-82.735292,40.777054],[-82.73553,40.77706],[-82.735494,40.778543],[-82.735256,40.778537],[-82.735292,40.777054]]]},"properties":{"p":"24-0021337.000","o":"HALL DUSTY L & MICHELLE R","a":"216 E  ARNOLD (216 1/2)       ST","d":"CRESTLINE EX VILL SCHOOL DISTRICT","t":94.63,"l":"500: Res-Vacant Land","c":0}},{"type":"Feature","geometry":{"type":"Polygon","coordinates":[[[-82.730198,40.785555],[-82.730192,40.785969],[-82.729941,40.78596],[-82.729946,40.785546],[-82.730198,40.785555]]]},"properties":{"p":"24-0021442.000","o":"CURRY HOLLY E","a":"519    SCOTT                  ST","d":"CRESTLINE EX VILL SCHOOL DISTRICT","t":615,"l":"510: Res-Single Family","c":0}},{"type":"Feature","geometry":{"type":"Polygon","coordinates":[[[-82.743516,40.788361],[-82.742991,40.788354],[-82.742995,40.788217],[-82.74352,40.788224],[-82.743516,40.788361]]]},"properties":{"p":"24-0021480.000","o":"SHEPARD LYNN R","a":"347 N  WILEY                  ST","d":"CRESTLINE EX VILL SCHOOL DISTRICT","t":961.08,"l":"510: Res-Single Family","c":0}},{"type":"Feature","geometry":{"type":"Polygon","coordinates":[[[-82.729182,40.785983],[-82.729362,40.785989],[-82.729357,40.786404],[-82.729177,40.786398],[-82.729182,40.785983]]]},"properties":{"p":"24-0021502.000","o":"ROBBINS JAMES E","a":"612    SOUTH                  ST","d":"CRESTLINE EX VILL SCHOOL DISTRICT","t":518.9,"l":"510: Res-Single Family","c":0}},{"type":"Feature","geometry":{"type":"Polygon","coordinates":[[[-82.729362,40.785989],[-82.729543,40.785995],[-82.729538,40.78641],[-82.729357,40.786404],[-82.729362,40.785989]]]},"properties":{"p":"24-0021503.000","o":"ROBBINS JAMES E","a":"612    SOUTH                  ST","d":"CRESTLINE EX VILL SCHOOL DISTRICT","t":43.7,"l":"500: Res-Vacant Land","c":0}},{"type":"Feature","geometry":{"type":"Polygon","coordinates":[[[-82.748313,40.785522],[-82.748309,40.785673],[-82.747755,40.785666],[-82.747758,40.785515],[-82.748313,40.785522]]]},"properties":{"p":"24-0021654.000","o":"WAUGH JESSICA","a":"206    PARK                   RD","d":"CRESTLINE EX VILL SCHOOL DISTRICT","t":72.16,"l":"564: Res-Custom Code","c":0}},{"type":"Feature","geometry":{"type":"Polygon","coordinates":[[[-82.732319,40.795323],[-82.732301,40.795323],[-82.732315,40.794838],[-82.732978,40.794851],[-82.732965,40.795337],[-82.732319,40.795323]]]},"properties":{"p":"24-0021825.000","o":"EARLS DARREN","a":"1046 N  WASHINGTON             ST","d":"CRESTLINE EX VILL SCHOOL DISTRICT","t":279.49,"l":"598: Res-Custom Code","c":0}},{"type":"Feature","geometry":{"type":"Polygon","coordinates":[[[-82.732984,40.794636],[-82.732978,40.794851],[-82.732315,40.794838],[-82.732321,40.794625],[-82.732984,40.794636]]]},"properties":{"p":"24-0021826.000","o":"EARLS DARREN","a":"1046 N  WASHINGTON             ST","d":"CRESTLINE EX VILL SCHOOL DISTRICT","t":641.11,"l":"510: Res-Single Family","c":0}},{"type":"Feature","geometry":{"type":"Polygon","coordinates":[[[-82.742652,40.777271],[-82.742632,40.77783],[-82.741536,40.777811],[-82.741945,40.777268],[-82.742652,40.777271]]]},"properties":{"p":"24-0021847.000","o":"SHORTS SPECIALTY CONSTRUCTION","a":"403 S  PEARL                  ST","d":"CRESTLINE EX VILL SCHOOL DISTRICT","t":5.78,"l":"598: Res-Custom Code","c":0}},{"type":"Feature","geometry":{"type":"Polygon","coordinates":[[[-82.742652,40.777271],[-82.741945,40.777268],[-82.742294,40.7768],[-82.742741,40.776803],[-82.742743,40.777272],[-82.742652,40.777271]]]},"properties":{"p":"24-0021848.000","o":"SHORTS SPECIALTY CONSTRUCTION","a":"403 S  PEARL                  ST","d":"CRESTLINE EX VILL SCHOOL DISTRICT","t":3.01,"l":"500: Res-Vacant Land","c":0}},{"type":"Feature","geometry":{"type":"Polygon","coordinates":[[[-82.742739,40.776191],[-82.742741,40.776667],[-82.742393,40.776664],[-82.742739,40.776191]]]},"properties":{"p":"24-0021854.000","o":"DOWNING MAKENZI A","a":"406    PATTERSON              ST","d":"CRESTLINE EX VILL SCHOOL DISTRICT","t":394.05,"l":"510: Res-Single Family","c":0}},{"type":"Feature","geometry":{"type":"Polygon","coordinates":[[[-82.738117,40.77767],[-82.738113,40.777808],[-82.736226,40.77776],[-82.736229,40.777623],[-82.738117,40.77767]]]},"properties":{"p":"24-0021888.000","o":"GREGORY JAMES SHANNON & HEATHE","a":"627 S  THOMAN                 ST","d":"CRESTLINE EX VILL SCHOOL DISTRICT","t":669.88,"l":"510: Res-Single Family","c":0}},{"type":"Feature","geometry":{"type":"Polygon","coordinates":[[[-82.736226,40.77776],[-82.738113,40.777808],[-82.73811,40.777928],[-82.736223,40.777881],[-82.736226,40.77776]]]},"properties":{"p":"24-0021889.000","o":"GREGORY JAMES SHANNON & HEATHE","a":"627 S  THOMAN                 ST","d":"CRESTLINE EX VILL SCHOOL DISTRICT","t":65.81,"l":"500: Res-Vacant Land","c":0}},{"type":"Feature","geometry":{"type":"Polygon","coordinates":[[[-82.735781,40.783555],[-82.735275,40.783551],[-82.73528,40.783441],[-82.735785,40.783445],[-82.735781,40.783555]]]},"properties":{"p":"24-0050188.002","o":"VETERANS OF FOREIGN WARS","a":"100 S  CRESTLINE              ST","d":"CRESTLINE EX VILL SCHOOL DISTRICT","t":126.73,"l":"400: Com-Vacant Land","c":0}},{"type":"Feature","geometry":{"type":"Polygon","coordinates":[[[-82.800403,40.777126],[-82.800422,40.775777],[-82.80678,40.77587],[-82.806736,40.77766],[-82.800396,40.777657],[-82.800403,40.777126]]]},"properties":{"p":"25-0005478.000","o":"LINN SHARON MAY","a":"MIDDLETOWN             RD","d":"COLONEL CRAWFORD LOCAL SCHOOL DISTRICT","t":2345.86,"l":"100: Agr-Vacant Land","c":0}},{"type":"Feature","geometry":{"type":"Polygon","coordinates":[[[-82.802746,40.778657],[-82.800531,40.777657],[-82.806736,40.77766],[-82.806732,40.778701],[-82.80624,40.778471],[-82.806189,40.780194],[-82.804964,40.779664],[-82.80415,40.779277],[-82.802746,40.778657]]]},"properties":{"p":"25-0005479.000","o":"LINN SHARON MAY","a":"MIDDLETOWN             RD","d":"COLONEL CRAWFORD LOCAL SCHOOL DISTRICT","t":1868.81,"l":"100: Agr-Vacant Land","c":0}},{"type":"Feature","geometry":{"type":"Polygon","coordinates":[[[-82.792487,40.766569],[-82.792488,40.766284],[-82.792758,40.766571],[-82.792487,40.766569]]]},"properties":{"p":"25-0005486.000","o":"SUNSET RAMBLERS MOTORCYCLE CLU","a":"1683 N  MARKET STREET          RD","d":"COLONEL CRAWFORD LOCAL SCHOOL DISTRICT","t":7.94,"l":"500: Res-Vacant Land","c":0}},{"type":"Feature","geometry":{"type":"Polygon","coordinates":[[[-82.791059,40.770555],[-82.791084,40.770255],[-82.792578,40.770277],[-82.792525,40.7706],[-82.791059,40.770555]]]},"properties":{"p":"25-0005513.000","o":"WEBB HEIDI ELIZABETH","a":"1805    SR 598","d":"COLONEL CRAWFORD LOCAL SCHOOL DISTRICT","t":430.71,"l":"510: Res-Single Family","c":0}},{"type":"Feature","geometry":{"type":"Polygon","coordinates":[[[-82.818843,40.769201],[-82.818842,40.768799],[-82.81977,40.768803],[-82.819774,40.769205],[-82.818843,40.769201]]]},"properties":{"p":"25-0005718.000","o":"BLOOMFIELD JESSICA L","a":"BIDDLE                 RD","d":"COLONEL CRAWFORD LOCAL SCHOOL DISTRICT","t":32.46,"l":"500: Res-Vacant Land","c":0}},{"type":"Feature","geometry":{"type":"Polygon","coordinates":[[[-82.818842,40.768799],[-82.818843,40.769201],[-82.818153,40.769199],[-82.818151,40.768796],[-82.818842,40.768799]]]},"properties":{"p":"25-0005720.001","o":"BLOOMFIELD JESSICA L","a":"BIDDLE                 RD","d":"COLONEL CRAWFORD LOCAL SCHOOL DISTRICT","t":9.83,"l":"500: Res-Vacant Land","c":0}},{"type":"Feature","geometry":{"type":"Polygon","coordinates":[[[-82.788634,40.773103],[-82.788699,40.773037],[-82.788744,40.773058],[-82.789047,40.773103],[-82.789031,40.775254],[-82.78797,40.774885],[-82.78802,40.773735],[-82.788634,40.773103]]]},"properties":{"p":"25-0005728.002","o":"BOWMAN CALEB & KYLIE B TRUSTEE","a":"","d":"COLONEL CRAWFORD LOCAL SCHOOL DISTRICT","t":1615.3,"l":"","c":0}},{"type":"Feature","geometry":{"type":"Polygon","coordinates":[[[-82.803197,40.788438],[-82.802491,40.788456],[-82.802203,40.788013],[-82.802415,40.787978],[-82.80243,40.788043],[-82.802929,40.787981],[-82.803145,40.788025],[-82.803236,40.788207],[-82.803243,40.788331],[-82.803197,40.788438]]]},"properties":{"p":"25-0005789.001","o":"KETTERMAN KYLE A","a":"2293 W  LAKE GALION            RD","d":"COLONEL CRAWFORD LOCAL SCHOOL DISTRICT","t":1814.36,"l":"510: Res-Single Family","c":0}},{"type":"Feature","geometry":{"type":"Polygon","coordinates":[[[-82.776343,40.798732],[-82.776403,40.798711],[-82.776954,40.799619],[-82.776433,40.799928],[-82.775812,40.798917],[-82.776343,40.798732]]]},"properties":{"p":"25-0005956.000","o":"BRYANT STEVE ALLEN","a":"LEESVILLE              RD","d":"COLONEL CRAWFORD LOCAL SCHOOL DISTRICT","t":309.14,"l":"599: Res-Other","c":0}},{"type":"Feature","geometry":{"type":"Polygon","coordinates":[[[-82.776954,40.799619],[-82.776403,40.798711],[-82.777899,40.798211],[-82.778067,40.798179],[-82.77805,40.799451],[-82.777274,40.799441],[-82.776954,40.799619]]]},"properties":{"p":"25-0005957.000","o":"BRYANT STEVE ALLEN","a":"LEESVILLE              RD","d":"COLONEL CRAWFORD LOCAL SCHOOL DISTRICT","t":235.02,"l":"500: Res-Vacant Land","c":0}},{"type":"Feature","geometry":{"type":"Polygon","coordinates":[[[-82.792416,40.768312],[-82.792487,40.766569],[-82.792758,40.766571],[-82.793088,40.766922],[-82.793116,40.76667],[-82.793022,40.76657],[-82.793243,40.766571],[-82.792927,40.768316],[-82.792416,40.768312]]]},"properties":{"p":"25-0006094.000","o":"SUNSET RAMBLERS MOTORCYCLE CLU","a":"1683 N  MARKET STREET          RD","d":"COLONEL CRAWFORD LOCAL SCHOOL DISTRICT","t":1531.69,"l":"100: Agr-Vacant Land","c":0}},{"type":"Feature","geometry":{"type":"Polygon","coordinates":[[[-82.786962,40.767421],[-82.78704,40.764286],[-82.790028,40.764333],[-82.789929,40.768289],[-82.786917,40.768262],[-82.786962,40.767421]]]},"properties":{"p":"25-0006095.000","o":"SUNSET RAMBLER MOTORCYCLE CLUB","a":"1683 N  MARKET STREET          RD","d":"COLONEL CRAWFORD LOCAL SCHOOL DISTRICT","t":2512.73,"l":"100: Agr-Vacant Land","c":0}},{"type":"Feature","geometry":{"type":"Polygon","coordinates":[[[-82.789929,40.768289],[-82.789985,40.766062],[-82.792466,40.766119],[-82.792488,40.766143],[-82.792487,40.766569],[-82.792416,40.768312],[-82.789929,40.768289]]]},"properties":{"p":"25-0006096.000","o":"SUNSET RAMBLERS MOTORCYCLE CLU","a":"1683 N  MARKET STREET          RD","d":"COLONEL CRAWFORD LOCAL SCHOOL DISTRICT","t":9520.09,"l":"101: Agr-Cash-Grain Farm","c":0}},{"type":"Feature","geometry":{"type":"Polygon","coordinates":[[[-82.788664,40.785266],[-82.78867,40.785204],[-82.789302,40.785209],[-82.789188,40.785803],[-82.788612,40.785799],[-82.788664,40.785266]]]},"properties":{"p":"25-0006117.000","o":"GRAY JONATHAN","a":"6848    CRESTLINE              RD","d":"COLONEL CRAWFORD LOCAL SCHOOL DISTRICT","t":617.19,"l":"510: Res-Single Family","c":0}},{"type":"Feature","geometry":{"type":"Polygon","coordinates":[[[-82.786909,40.772279],[-82.78691,40.772182],[-82.787308,40.772372],[-82.787302,40.773011],[-82.786904,40.772822],[-82.786909,40.772279]]]},"properties":{"p":"25-0006156.000","o":"TOMECKO AUSTIN S","a":"6900    MIDDLETOWN             RD","d":"COLONEL CRAWFORD LOCAL SCHOOL DISTRICT","t":1684.11,"l":"510: Res-Single Family","c":0}},{"type":"Feature","geometry":{"type":"Polygon","coordinates":[[[-82.787307,40.772469],[-82.787308,40.772372],[-82.78743,40.77243],[-82.787424,40.77307],[-82.787302,40.773011],[-82.787307,40.772469]]]},"properties":{"p":"25-0006157.000","o":"TOMECKO AUSTIN S","a":"6900    MIDDLETOWN             RD","d":"COLONEL CRAWFORD LOCAL SCHOOL DISTRICT","t":15.92,"l":"500: Res-Vacant Land","c":0}},{"type":"Feature","geometry":{"type":"Polygon","coordinates":[[[-82.789479,40.79514],[-82.789382,40.794819],[-82.789597,40.79478],[-82.789693,40.795101],[-82.789479,40.79514]]]},"properties":{"p":"25-0406227.000","o":"ESHELMAN SCOTT A","a":"6841    LEESVILLE              RD","d":"COLONEL CRAWFORD LOCAL SCHOOL DISTRICT","t":2031.58,"l":"510: Res-Single Family","c":0}},{"type":"Feature","geometry":{"type":"Polygon","coordinates":[[[-82.784999,40.796925],[-82.784866,40.796523],[-82.785081,40.796483],[-82.785214,40.796884],[-82.784999,40.796925]]]},"properties":{"p":"25-0406237.000","o":"SCHNEIDER DEBRA J","a":"6939    WOOD                   ST","d":"COLONEL CRAWFORD LOCAL SCHOOL DISTRICT","t":1303.72,"l":"510: Res-Single Family","c":0}},{"type":"Feature","geometry":{"type":"Polygon","coordinates":[[[-82.790892,40.794882],[-82.790796,40.794561],[-82.791046,40.794515],[-82.791143,40.794836],[-82.790892,40.794882]]]},"properties":{"p":"25-0506282.000","o":"MULLINS TORY J & JENNIFER L","a":"6813    LEESVILLE              RD","d":"COLONEL CRAWFORD LOCAL SCHOOL DISTRICT","t":572.97,"l":"510: Res-Single Family","c":0}},{"type":"Feature","geometry":{"type":"Polygon","coordinates":[[[-82.791143,40.794836],[-82.791046,40.794515],[-82.791278,40.794473],[-82.791375,40.794794],[-82.791143,40.794836]]]},"properties":{"p":"25-0506283.000","o":"MULLINS TORY J & JENNIFER L","a":"6813    LEESVILLE              RD","d":"COLONEL CRAWFORD LOCAL SCHOOL DISTRICT","t":75.01,"l":"500: Res-Vacant Land","c":0}},{"type":"Feature","geometry":{"type":"Polygon","coordinates":[[[-82.793282,40.755898],[-82.793643,40.755901],[-82.793635,40.756505],[-82.793274,40.756502],[-82.793282,40.755898]]]},"properties":{"p":"26-0406524.000","o":"KIDD KALEB","a":"6760    BRANDT                 RD","d":"GALION CITY SCHOOL DISTRICT","t":79.86,"l":"510: Res-Single Family","c":0}},{"type":"Feature","geometry":{"type":"Polygon","coordinates":[[[-82.777859,40.756313],[-82.777856,40.757011],[-82.77768,40.756939],[-82.777478,40.756912],[-82.77748,40.75631],[-82.777859,40.756313]]]},"properties":{"p":"26-0706568.000","o":"DALLAS GEORGE J","a":"777    BEARDSLEY              ST","d":"GALION CITY SCHOOL DISTRICT","t":2762.49,"l":"510: Res-Single Family","c":0}},{"type":"Feature","geometry":{"type":"Polygon","coordinates":[[[-82.856956,40.793165],[-82.856952,40.793347],[-82.856463,40.793346],[-82.856466,40.793165],[-82.856956,40.793165]]]},"properties":{"p":"27-0006629.000","o":"AGIN JOHN ALBERT JR & DIANA","a":"5405    BUCYRUS                ST","d":"COLONEL CRAWFORD LOCAL SCHOOL DISTRICT","t":41.43,"l":"510: Res-Single Family","c":0}},{"type":"Feature","geometry":{"type":"Polygon","coordinates":[[[-82.901049,40.859012],[-82.901203,40.858935],[-82.901204,40.859546],[-82.900638,40.859545],[-82.900638,40.859217],[-82.901049,40.859012]]]},"properties":{"p":"28-0007221.000","o":"LIFE ON THE ROCK MINISTRIES","a":"4270    SR 98","d":"COLONEL CRAWFORD LOCAL SCHOOL DISTRICT","t":87.78,"l":"400: Com-Vacant Land","c":0}},{"type":"Feature","geometry":{"type":"Polygon","coordinates":[[[-82.901204,40.859546],[-82.901203,40.858935],[-82.901309,40.858882],[-82.901444,40.859098],[-82.901768,40.859072],[-82.90177,40.859548],[-82.901204,40.859546]]]},"properties":{"p":"28-0065194.000","o":"LIFE ON THE ROCK MINISTRIES","a":"4270    SR 98","d":"COLONEL CRAWFORD LOCAL SCHOOL DISTRICT","t":3730.74,"l":"419: Com-Other","c":0}},{"type":"Feature","geometry":{"type":"Polygon","coordinates":[[[-82.901309,40.858882],[-82.901766,40.858653],[-82.901768,40.859072],[-82.901444,40.859098],[-82.901309,40.858882]]]},"properties":{"p":"28-0065195.000","o":"LIFE ON THE ROCK MINISTRIES","a":"4270    SR 98","d":"COLONEL CRAWFORD LOCAL SCHOOL DISTRICT","t":26.99,"l":"400: Com-Vacant Land","c":0}},{"type":"Feature","geometry":{"type":"Polygon","coordinates":[[[-82.875825,40.870986],[-82.875826,40.870533],[-82.876065,40.870533],[-82.876063,40.870987],[-82.875825,40.870986]]]},"properties":{"p":"28-0707356.000","o":"WEBSTER WILLIAM C & STACY M","a":"4945    SOUTH                  ST","d":"COLONEL CRAWFORD LOCAL SCHOOL DISTRICT","t":108.34,"l":"510: Res-Single Family","c":0}},{"type":"Feature","geometry":{"type":"Polygon","coordinates":[[[-82.955895,40.902415],[-82.956006,40.902414],[-82.955764,40.903468],[-82.954653,40.903484],[-82.954649,40.902432],[-82.955895,40.902415]]]},"properties":{"p":"29-0007404.001","o":"HILER DENNIS","a":"5487    SR 4","d":"WYNFORD LOCAL SCHOOL DISTRICT","t":4255.97,"l":"111: Agr-CAUV-Cash-Grain Farm","c":0}},{"type":"Feature","geometry":{"type":"Polygon","coordinates":[[[-82.93961,40.898815],[-82.939981,40.898811],[-82.939982,40.899737],[-82.939592,40.89974],[-82.93961,40.898815]]]},"properties":{"p":"29-0007410.000","o":"MEADE CLARENCE E & JENNIFER M","a":"3607    RIDGETON ANNAPOLIS     RD","d":"WYNFORD LOCAL SCHOOL DISTRICT","t":1207.25,"l":"510: Res-Single Family","c":0}},{"type":"Feature","geometry":{"type":"Polygon","coordinates":[[[-82.93998,40.894663],[-82.939981,40.898811],[-82.937715,40.898832],[-82.937722,40.894311],[-82.938289,40.894715],[-82.939107,40.894875],[-82.93998,40.894478],[-82.93998,40.894663]]]},"properties":{"p":"29-0007410.001","o":"HILER DAVID","a":"BEECHGROVE             RD","d":"WYNFORD LOCAL SCHOOL DISTRICT","t":532.37,"l":"110: Agr-CAUV-Vacant Land","c":0}},{"type":"Feature","geometry":{"type":"Polygon","coordinates":[[[-82.946373,40.899006],[-82.946536,40.899004],[-82.946537,40.899613],[-82.946374,40.899615],[-82.946373,40.899006]]]},"properties":{"p":"29-0007426.000","o":"HARDYMON CARL & NICOLE","a":"3461    RIDGETON ANNAPOLIS     RD","d":"WYNFORD LOCAL SCHOOL DISTRICT","t":1007.08,"l":"510: Res-Single Family","c":0}},{"type":"Feature","geometry":{"type":"Polygon","coordinates":[[[-82.946948,40.827594],[-82.947313,40.827433],[-82.947367,40.827504],[-82.947519,40.827461],[-82.948092,40.828212],[-82.946667,40.828595],[-82.946098,40.827986],[-82.946948,40.827594]]]},"properties":{"p":"29-0007469.000","o":"MARTIN VANESSA ETAL","a":"3468    SR 98","d":"WYNFORD LOCAL SCHOOL DISTRICT","t":1431.29,"l":"510: Res-Single Family","c":0}},{"type":"Feature","geometry":{"type":"Polygon","coordinates":[[[-82.956073,40.90212],[-82.956172,40.90167],[-82.957178,40.901748],[-82.957341,40.900776],[-82.956407,40.900649],[-82.956671,40.899479],[-82.95932,40.899449],[-82.9593,40.903118],[-82.955845,40.903115],[-82.956073,40.90212]]]},"properties":{"p":"29-0007514.000","o":"HILER BENJAMIN","a":"SR 4","d":"WYNFORD LOCAL SCHOOL DISTRICT","t":730.61,"l":"110: Agr-CAUV-Vacant Land","c":0}},{"type":"Feature","geometry":{"type":"Polygon","coordinates":[[[-82.941343,40.835251],[-82.941343,40.836013],[-82.94094,40.83601],[-82.94094,40.835248],[-82.941343,40.835251]]]},"properties":{"p":"29-0007526.001","o":"RUSSELL TONYA MAY","a":"3638    BEECHGROVE             RD","d":"WYNFORD LOCAL SCHOOL DISTRICT","t":2.28,"l":"599: Res-Other","c":0}},{"type":"Feature","geometry":{"type":"Polygon","coordinates":[[[-82.949774,40.841526],[-82.949767,40.836958],[-82.951834,40.837266],[-82.951828,40.835366],[-82.954372,40.835346],[-82.954372,40.841483],[-82.949774,40.841526]]]},"properties":{"p":"29-0007531.000","o":"BURTON AUSTIN R","a":"3321    ANDREWS (3330,3352)    RD","d":"WYNFORD LOCAL SCHOOL DISTRICT","t":3281.03,"l":"111: Agr-CAUV-Cash-Grain Farm","c":0}},{"type":"Feature","geometry":{"type":"Polygon","coordinates":[[[-82.947004,40.828838],[-82.946724,40.828579],[-82.946985,40.828509],[-82.947181,40.828732],[-82.947004,40.828838]]]},"properties":{"p":"29-0007542.001","o":"MARTIN VANESSA ETAL","a":"3468    SR 98","d":"WYNFORD LOCAL SCHOOL DISTRICT","t":7.47,"l":"500: Res-Vacant Land","c":0}},{"type":"Feature","geometry":{"type":"Polygon","coordinates":[[[-82.956263,40.900789],[-82.956374,40.900787],[-82.956174,40.901656],[-82.954872,40.901674],[-82.954867,40.90081],[-82.956263,40.900789]]]},"properties":{"p":"29-0007608.002","o":"HILER DENNIS","a":"5487    SR 4","d":"WYNFORD LOCAL SCHOOL DISTRICT","t":79.09,"l":"110: Agr-CAUV-Vacant Land","c":0}},{"type":"Feature","geometry":{"type":"Polygon","coordinates":[[[-82.954872,40.901674],[-82.9524,40.901707],[-82.952395,40.900848],[-82.954867,40.90081],[-82.954872,40.901674]]]},"properties":{"p":"29-0007608.004","o":"HILER DENNIS","a":"5487    SR 4","d":"WYNFORD LOCAL SCHOOL DISTRICT","t":153.48,"l":"110: Agr-CAUV-Vacant Land","c":0}},{"type":"Feature","geometry":{"type":"Polygon","coordinates":[[[-82.953217,40.899529],[-82.954107,40.899518],[-82.954115,40.900821],[-82.953225,40.900835],[-82.953217,40.899529]]]},"properties":{"p":"29-0007608.006","o":"HILER DENNIS","a":"5487    SR 4","d":"WYNFORD LOCAL SCHOOL DISTRICT","t":83.02,"l":"110: Agr-CAUV-Vacant Land","c":0}},{"type":"Feature","geometry":{"type":"Polygon","coordinates":[[[-82.939461,40.892474],[-82.939979,40.892467],[-82.93998,40.892935],[-82.939134,40.892946],[-82.939134,40.892917],[-82.93946,40.892913],[-82.939461,40.892474]]]},"properties":{"p":"29-0007613.000","o":"HILER DAVID","a":"BEECHGROVE             RD","d":"WYNFORD LOCAL SCHOOL DISTRICT","t":16.37,"l":"110: Agr-CAUV-Vacant Land","c":0}},{"type":"Feature","geometry":{"type":"Polygon","coordinates":[[[-82.937722,40.894311],[-82.937724,40.892499],[-82.938755,40.892483],[-82.938754,40.892922],[-82.939134,40.892917],[-82.939134,40.892946],[-82.93998,40.892935],[-82.93998,40.894478],[-82.939107,40.894875],[-82.938289,40.894715],[-82.937722,40.894311]]]},"properties":{"p":"29-0007614.000","o":"HILER DAVID","a":"BEECHGROVE             RD","d":"WYNFORD LOCAL SCHOOL DISTRICT","t":193.99,"l":"110: Agr-CAUV-Vacant Land","c":0}},{"type":"Feature","geometry":{"type":"Polygon","coordinates":[[[-82.947368,40.89236],[-82.948671,40.89234],[-82.948674,40.893331],[-82.947372,40.893351],[-82.947368,40.89236]]]},"properties":{"p":"29-0007620.001","o":"ULMER STEVEN H","a":"3426    LEMERT (3440)          RD","d":"WYNFORD LOCAL SCHOOL DISTRICT","t":633.17,"l":"510: Res-Single Family","c":0}},{"type":"Feature","geometry":{"type":"Polygon","coordinates":[[[-83.016265,40.965931],[-83.016265,40.965862],[-83.016863,40.96586],[-83.016861,40.966222],[-83.016263,40.966224],[-83.016265,40.965931]]]},"properties":{"p":"30-0007700.000","o":"GATES JAMES D","a":"7212    SR 19","d":"WYNFORD LOCAL SCHOOL DISTRICT","t":63.63,"l":"599: Res-Other","c":0}},{"type":"Feature","geometry":{"type":"Polygon","coordinates":[[[-83.019207,40.964979],[-83.019207,40.964897],[-83.019506,40.964899],[-83.019505,40.965805],[-83.019206,40.965803],[-83.019207,40.964979]]]},"properties":{"p":"30-0007771.000","o":"SLAGLE JARED","a":"1940    NEW WASHINGTON         RD","d":"WYNFORD LOCAL SCHOOL DISTRICT","t":200.89,"l":"500: Res-Vacant Land","c":0}},{"type":"Feature","geometry":{"type":"Polygon","coordinates":[[[-83.073199,40.92422],[-83.073195,40.923862],[-83.074172,40.923884],[-83.074182,40.924728],[-83.073107,40.924686],[-83.073114,40.924228],[-83.073199,40.92422]]]},"properties":{"p":"30-0007836.001","o":"LYONS DENNIS KIRK TRUSTEE","a":"6087    KNAUSS                 RD","d":"WYNFORD LOCAL SCHOOL DISTRICT","t":25.21,"l":"510: Res-Single Family","c":0}},{"type":"Feature","geometry":{"type":"Polygon","coordinates":[[[-83.043062,40.99363],[-83.043048,40.991667],[-83.044319,40.991665],[-83.044334,40.99371],[-83.043063,40.993712],[-83.043062,40.99363]]]},"properties":{"p":"30-0007907.001","o":"LUHRING STEPHEN L","a":"1429    CRAWFORD SENECA LINE   RD","d":"WYNFORD LOCAL SCHOOL DISTRICT","t":3161.42,"l":"111: Agr-CAUV-Cash-Grain Farm","c":0}},{"type":"Feature","geometry":{"type":"Polygon","coordinates":[[[-82.818437,40.751216],[-82.816847,40.751199],[-82.816848,40.751038],[-82.818437,40.751055],[-82.818437,40.751216]]]},"properties":{"p":"31-0008058.003","o":"WEITHMAN RAYMOND A JR & JANET","a":"1255    BIDDLE                 RD","d":"GALION CITY SCHOOL DISTRICT","t":13.91,"l":"110: Agr-CAUV-Vacant Land","c":0}},{"type":"Feature","geometry":{"type":"Polygon","coordinates":[[[-82.843714,40.744329],[-82.843716,40.744223],[-82.844324,40.744425],[-82.843999,40.744976],[-82.843703,40.744878],[-82.843714,40.744329]]]},"properties":{"p":"31-0008065.000","o":"ALLER STEVEN E","a":"5695    SR 19","d":"GALION CITY SCHOOL DISTRICT","t":183.24,"l":"510: Res-Single Family","c":0}},{"type":"Feature","geometry":{"type":"Polygon","coordinates":[[[-82.797959,40.744542],[-82.797959,40.74452],[-82.799249,40.744523],[-82.799243,40.744545],[-82.797959,40.744542]]]},"properties":{"p":"31-0008342.000","o":"STEPHENS ROBERT LEWIS III ETAL","a":"777 N  PORTLAND WAY","d":"GALION CITY SCHOOL DISTRICT","t":3.74,"l":"500: Res-Vacant Land","c":0}},{"type":"Feature","geometry":{"type":"Polygon","coordinates":[[[-82.854889,40.750236],[-82.854954,40.75017],[-82.855615,40.750549],[-82.855117,40.751054],[-82.854454,40.750674],[-82.854889,40.750236]]]},"properties":{"p":"31-0008378.000","o":"PFEIFER ALLEN D","a":"5454    SR 19","d":"GALION CITY SCHOOL DISTRICT","t":1038.39,"l":"510: Res-Single Family","c":0}},{"type":"Feature","geometry":{"type":"Polygon","coordinates":[[[-82.817197,40.739164],[-82.817189,40.739483],[-82.817117,40.739483],[-82.817126,40.739112],[-82.817198,40.739112],[-82.817197,40.739164]]]},"properties":{"p":"31-0008469.000","o":"CRAMER JACKSON P & ANDREA AKA","a":"360    EVANS                  AV","d":"GALION CITY SCHOOL DISTRICT","t":3.76,"l":"500: Res-Vacant Land","c":0}},{"type":"Feature","geometry":{"type":"Polygon","coordinates":[[[-82.817204,40.738848],[-82.817198,40.739112],[-82.817126,40.739112],[-82.817132,40.738838],[-82.817204,40.738838],[-82.817204,40.738848]]]},"properties":{"p":"31-0008470.000","o":"CRAMER JACKSON P & ANDREA AKA","a":"360    EVANS                  AV","d":"GALION CITY SCHOOL DISTRICT","t":2.92,"l":"500: Res-Vacant Land","c":0}},{"type":"Feature","geometry":{"type":"Polygon","coordinates":[[[-82.816083,40.739112],[-82.816088,40.738837],[-82.817132,40.738838],[-82.817126,40.739112],[-82.816083,40.739112]]]},"properties":{"p":"31-0008471.000","o":"CRAMER JACKSON P & ANDREA AKA","a":"360    EVANS                  AV","d":"GALION CITY SCHOOL DISTRICT","t":207.32,"l":"599: Res-Other","c":0}},{"type":"Feature","geometry":{"type":"Polygon","coordinates":[[[-82.816076,40.739482],[-82.816083,40.739112],[-82.817126,40.739112],[-82.817117,40.739483],[-82.816076,40.739482]]]},"properties":{"p":"31-0008472.000","o":"CRAMER JACKSON P & ANDREA AKA","a":"360    EVANS                  AV","d":"GALION CITY SCHOOL DISTRICT","t":1821.8,"l":"510: Res-Single Family","c":0}},{"type":"Feature","geometry":{"type":"Polygon","coordinates":[[[-82.773889,40.753457],[-82.773865,40.753046],[-82.774913,40.753057],[-82.774938,40.753468],[-82.773889,40.753457]]]},"properties":{"p":"31-0008473.000","o":"HERSHBERGER ADAM A & RHEMA R","a":"1295    KNORR                  RD","d":"GALION CITY SCHOOL DISTRICT","t":1493.9,"l":"510: Res-Single Family","c":0}},{"type":"Feature","geometry":{"type":"Polygon","coordinates":[[[-82.815903,40.719754],[-82.815904,40.719686],[-82.816446,40.71969],[-82.816433,40.720513],[-82.815892,40.720509],[-82.815903,40.719754]]]},"properties":{"p":"31-0008580.000","o":"TRUEX BRENDA","a":"6292    MONNETT NEW WINCHESTER RD","d":"GALION CITY SCHOOL DISTRICT","t":1117.99,"l":"510: Res-Single Family","c":0}},{"type":"Feature","geometry":{"type":"Polygon","coordinates":[[[-82.822724,40.722222],[-82.822207,40.72216],[-82.820388,40.7222],[-82.820391,40.721956],[-82.822278,40.721889],[-82.82225,40.721686],[-82.823606,40.721645],[-82.823594,40.721079],[-82.822302,40.721056],[-82.822288,40.720781],[-82.820629,40.721033],[-82.820678,40.720525],[-82.820554,40.719723],[-82.82636,40.719732],[-82.826339,40.720131],[-82.826686,40.720172],[-82.826679,40.722029],[-82.823331,40.722099],[-82.823342,40.722221],[-82.822724,40.722222]]]},"properties":{"p":"31-0008629.000","o":"NEWELL BRIAN G ETAL CO TRUSTEE","a":"464    BIDDLE                 RD","d":"GALION CITY SCHOOL DISTRICT","t":15.31,"l":"199: Agr-CAUV-Other","c":0}},{"type":"Feature","geometry":{"type":"Polygon","coordinates":[[[-82.822302,40.721056],[-82.823594,40.721079],[-82.823606,40.721645],[-82.82225,40.721686],[-82.822278,40.721889],[-82.820463,40.721954],[-82.820561,40.721501],[-82.820629,40.721033],[-82.822288,40.720781],[-82.822302,40.721056]]]},"properties":{"p":"31-0008629.100","o":"NEWELL BRIAN G ETAL CO TRUSTEE","a":"464    BIDDLE                 RD","d":"GALION CITY SCHOOL DISTRICT","t":87.16,"l":"510: Res-Single Family","c":0}},{"type":"Feature","geometry":{"type":"Polygon","coordinates":[[[-82.745966,40.7325],[-82.747436,40.732497],[-82.747422,40.733204],[-82.74622,40.733168],[-82.746101,40.733078],[-82.745783,40.733069],[-82.745794,40.7325],[-82.745966,40.7325]]]},"properties":{"p":"31-0008673.000","o":"MAHON JOSIAH & MELISSA","a":"7775    MILLSBORO              RD","d":"GALION CITY SCHOOL DISTRICT","t":876.55,"l":"510: Res-Single Family","c":0}},{"type":"Feature","geometry":{"type":"Polygon","coordinates":[[[-82.74326,40.719821],[-82.743263,40.718738],[-82.745963,40.718769],[-82.745963,40.719792],[-82.74326,40.719821]]]},"properties":{"p":"31-0008698.000","o":"RESSALLAT MEHDI M","a":"JACKSON                RD","d":"GALION CITY SCHOOL DISTRICT","t":604.71,"l":"500: Res-Vacant Land","c":0}},{"type":"Feature","geometry":{"type":"Polygon","coordinates":[[[-82.816262,40.73654],[-82.81628,40.735572],[-82.816931,40.735575],[-82.816908,40.736804],[-82.81626,40.736627],[-82.816262,40.73654]]]},"properties":{"p":"31-0008706.000","o":"MCCABE HERBERT D III & JESSICA","a":"1135    BUCYRUS                RD","d":"GALION CITY SCHOOL DISTRICT","t":2752.64,"l":"510: Res-Single Family","c":0}},{"type":"Feature","geometry":{"type":"Polygon","coordinates":[[[-82.855456,40.732938],[-82.856347,40.732908],[-82.856477,40.733768],[-82.855515,40.73403],[-82.855456,40.732938]]]},"properties":{"p":"31-0008830.001","o":"POWERS JOSEPH L & PATRICIA C","a":"5435    GALION NEW WINCHESTER  RD","d":"GALION CITY SCHOOL DISTRICT","t":2169.31,"l":"510: Res-Single Family","c":0}},{"type":"Feature","geometry":{"type":"Polygon","coordinates":[[[-82.824015,40.712705],[-82.826777,40.712676],[-82.824076,40.713552],[-82.824015,40.712705]]]},"properties":{"p":"31-0008919.000","o":"EKR LLC","a":"6106    CRAWFORD MORROW LINE   RD","d":"GALION CITY SCHOOL DISTRICT","t":553.51,"l":"510: Res-Single Family","c":0}},{"type":"Feature","geometry":{"type":"Polygon","coordinates":[[[-82.811588,40.724309],[-82.811589,40.724257],[-82.812239,40.724234],[-82.812239,40.724286],[-82.811588,40.724309]]]},"properties":{"p":"31-0609068.000","o":"SCHUBERT ALLEN F","a":"530    BROOKVIEW              RD","d":"GALION CITY SCHOOL DISTRICT","t":1.58,"l":"500: Res-Vacant Land","c":0}},{"type":"Feature","geometry":{"type":"Polygon","coordinates":[[[-82.811584,40.724501],[-82.811588,40.724309],[-82.812239,40.724286],[-82.812239,40.724478],[-82.811584,40.724501]]]},"properties":{"p":"31-0609069.000","o":"SCHUBERT ALLEN F","a":"530    BROOKVIEW              RD","d":"GALION CITY SCHOOL DISTRICT","t":2392.65,"l":"510: Res-Single Family","c":0}},{"type":"Feature","geometry":{"type":"Polygon","coordinates":[[[-82.811584,40.724501],[-82.812239,40.724478],[-82.812239,40.724562],[-82.811582,40.724585],[-82.811584,40.724501]]]},"properties":{"p":"31-0609071.000","o":"SCHUBERT ALLEN F","a":"530    BROOKVIEW              RD","d":"GALION CITY SCHOOL DISTRICT","t":2.6,"l":"598: Res-Custom Code","c":0}},{"type":"Feature","geometry":{"type":"Polygon","coordinates":[[[-82.820095,40.741396],[-82.820102,40.741078],[-82.820842,40.74108],[-82.820835,40.741398],[-82.820095,40.741396]]]},"properties":{"p":"31-2809747.000","o":"MILLER DARCIE L","a":"996    BIDDLE                 RD","d":"GALION CITY SCHOOL DISTRICT","t":660.51,"l":"520: Res-Two Family","c":0}},{"type":"Feature","geometry":{"type":"Polygon","coordinates":[[[-82.825885,40.741415],[-82.825754,40.741414],[-82.825763,40.740796],[-82.825952,40.740796],[-82.825941,40.741415],[-82.825885,40.741415]]]},"properties":{"p":"31-2809752.000","o":"WENNINGER BRIAN J & KRISTINA L","a":"6082    TRACHT                 DR","d":"GALION CITY SCHOOL DISTRICT","t":109.08,"l":"500: Res-Vacant Land","c":0}},{"type":"Feature","geometry":{"type":"Polygon","coordinates":[[[-82.818574,40.742096],[-82.819242,40.742102],[-82.819239,40.742459],[-82.818896,40.742456],[-82.818896,40.742528],[-82.818571,40.74252],[-82.818574,40.742096]]]},"properties":{"p":"31-2909777.000","o":"GLEW JAMES P","a":"1210    WESTMOOR               DR","d":"GALION CITY SCHOOL DISTRICT","t":4231.25,"l":"500: Res-Vacant Land","c":0}},{"type":"Feature","geometry":{"type":"Polygon","coordinates":[[[-82.811378,40.742029],[-82.81184,40.742034],[-82.81183,40.742462],[-82.811366,40.742458],[-82.811378,40.742029]]]},"properties":{"p":"31-3009792.000","o":"BROWN ANNA M","a":"1000    WESTMOOR               DR","d":"GALION CITY SCHOOL DISTRICT","t":1002.83,"l":"510: Res-Single Family","c":0}},{"type":"Feature","geometry":{"type":"Polygon","coordinates":[[[-82.816876,40.899575],[-82.817027,40.899486],[-82.816984,40.901211],[-82.814447,40.901137],[-82.816876,40.899575]]]},"properties":{"p":"32-0009866.000","o":"COLEMAN DOLORES A","a":"5340    SR 98","d":"BUCKEYE CENTRAL LOCAL SCHOOL DISTRICT","t":107.65,"l":"510: Res-Single Family","c":0}},{"type":"Feature","geometry":{"type":"Polygon","coordinates":[[[-82.825956,40.88659],[-82.825413,40.886259],[-82.825104,40.886571],[-82.824222,40.886068],[-82.824668,40.885618],[-82.82555,40.886121],[-82.825439,40.886233],[-82.826001,40.886575],[-82.825936,40.887275],[-82.835991,40.887318],[-82.835988,40.887351],[-82.82638,40.887319],[-82.82589,40.887307],[-82.825956,40.88659]]]},"properties":{"p":"33-0009926.002","o":"LINDSEY RHONDA K","a":"4999    BECK                   RD","d":"COLONEL CRAWFORD LOCAL SCHOOL DISTRICT","t":2696.91,"l":"199: Agr-CAUV-Other","c":0}},{"type":"Feature","geometry":{"type":"Polygon","coordinates":[[[-82.818475,40.837317],[-82.81912,40.837314],[-82.819104,40.837745],[-82.818388,40.837748],[-82.818402,40.837317],[-82.818475,40.837317]]]},"properties":{"p":"33-0010085.000","o":"CONLEY ROBERT","a":"3634    BIDDLE (3636)          RD","d":"COLONEL CRAWFORD LOCAL SCHOOL DISTRICT","t":344.8,"l":"562: Res-Custom Code","c":0}},{"type":"Feature","geometry":{"type":"Polygon","coordinates":[[[-83.094106,40.927462],[-83.094333,40.927492],[-83.094239,40.927903],[-83.094012,40.927873],[-83.094106,40.927462]]]},"properties":{"p":"34-0110329.000","o":"FADELEY CYNTHIA KAY","a":"378    BENTON                 RD","d":"MOHAWK LOCAL SCHOOL DISTRICT","t":903.96,"l":"510: Res-Single Family","c":0}},{"type":"Feature","geometry":{"type":"Polygon","coordinates":[[[-83.093879,40.927432],[-83.094106,40.927462],[-83.094012,40.927873],[-83.093785,40.927843],[-83.093879,40.927432]]]},"properties":{"p":"34-0110330.000","o":"FADELEY CYNTHIA KAY","a":"386    BENTON                 RD","d":"MOHAWK LOCAL SCHOOL DISTRICT","t":183.12,"l":"562: Res-Custom Code","c":0}},{"type":"Feature","geometry":{"type":"Polygon","coordinates":[[[-83.093223,40.920322],[-83.09322,40.91966],[-83.094653,40.919659],[-83.094659,40.921155],[-83.093226,40.921156],[-83.093223,40.920322]]]},"properties":{"p":"35-0010402.000","o":"LAFONTAINE DONALD","a":"5976    MARION MELMORE         RD","d":"WYNFORD LOCAL SCHOOL DISTRICT","t":932.65,"l":"510: Res-Single Family","c":0}},{"type":"Feature","geometry":{"type":"Polygon","coordinates":[[[-83.074657,40.91414],[-83.074648,40.913818],[-83.07496,40.913818],[-83.07496,40.914315],[-83.074679,40.91444],[-83.07449,40.914564],[-83.07414,40.914735],[-83.07414,40.914202],[-83.074657,40.91414]]]},"properties":{"p":"35-0010454.001","o":"PIFHER HOLDINGS LLC","a":"5818    KNAUSS                 RD","d":"WYNFORD LOCAL SCHOOL DISTRICT","t":1108.61,"l":"510: Res-Single Family","c":0}},{"type":"Feature","geometry":{"type":"Polygon","coordinates":[[[-83.096506,40.804213],[-83.096503,40.803057],[-83.094765,40.803072],[-83.094723,40.800703],[-83.094083,40.800708],[-83.094135,40.800605],[-83.094084,40.800493],[-83.094091,40.800393],[-83.094189,40.800251],[-83.094511,40.800095],[-83.09455,40.800048],[-83.094544,40.799991],[-83.094404,40.799888],[-83.094371,40.799805],[-83.094387,40.799739],[-83.094582,40.79969],[-83.094545,40.799022],[-83.097771,40.799005],[-83.097864,40.804284],[-83.096507,40.804295],[-83.096506,40.804213]]]},"properties":{"p":"37-0010490.000","o":"ADAMS TREVOR ETAL","a":"331    BUCYRUS NEVADA         RD","d":"WYNFORD LOCAL SCHOOL DISTRICT","t":370.94,"l":"199: Agr-CAUV-Other","c":0}},{"type":"Feature","geometry":{"type":"Polygon","coordinates":[[[-83.094765,40.803072],[-83.096503,40.803057],[-83.096507,40.804295],[-83.094769,40.80431],[-83.094765,40.803072]]]},"properties":{"p":"37-0010490.001","o":"ADAMS TREVOR ETAL","a":"331    BUCYRUS NEVADA         RD","d":"WYNFORD LOCAL SCHOOL DISTRICT","t":1547.28,"l":"111: Agr-CAUV-Cash-Grain Farm","c":0}},{"type":"Feature","geometry":{"type":"Polygon","coordinates":[[[-83.083071,40.842953],[-83.0834,40.842688],[-83.083474,40.842735],[-83.08347,40.843357],[-83.082972,40.843033],[-83.083071,40.842953]]]},"properties":{"p":"37-0010570.001","o":"EULETT CHAD","a":"605    LINCOLN                HW","d":"WYNFORD LOCAL SCHOOL DISTRICT","t":10.08,"l":"561: Res-Custom Code","c":0}},{"type":"Feature","geometry":{"type":"Polygon","coordinates":[[[-83.083485,40.841159],[-83.084373,40.841151],[-83.084352,40.843868],[-83.083969,40.843666],[-83.08347,40.843357],[-83.083485,40.841159]]]},"properties":{"p":"37-0010571.000","o":"EULETT CHAD","a":"605    LINCOLN                HW","d":"WYNFORD LOCAL SCHOOL DISTRICT","t":21.42,"l":"598: Res-Custom Code","c":0}},{"type":"Feature","geometry":{"type":"Polygon","coordinates":[[[-83.092858,40.788784],[-83.094141,40.788775],[-83.094146,40.789775],[-83.092754,40.789787],[-83.092749,40.788785],[-83.092858,40.788784]]]},"properties":{"p":"37-0010699.000","o":"GREGORY JUDSON & EMMA","a":"2390    MARION MELMORE         RD","d":"WYNFORD LOCAL SCHOOL DISTRICT","t":95.11,"l":"510: Res-Single Family","c":0}},{"type":"Feature","geometry":{"type":"Polygon","coordinates":[[[-83.093468,40.875252],[-83.095074,40.875241],[-83.09508,40.876501],[-83.093366,40.876512],[-83.09336,40.875252],[-83.093468,40.875252]]]},"properties":{"p":"37-0010703.000","o":"REHM TIMOTHY A","a":"4756    MARION MELMORE         RD","d":"WYNFORD LOCAL SCHOOL DISTRICT","t":673.41,"l":"510: Res-Single Family","c":0}},{"type":"Feature","geometry":{"type":"Polygon","coordinates":[[[-83.092921,40.823725],[-83.09303,40.823724],[-83.093033,40.824465],[-83.091869,40.824472],[-83.091866,40.823731],[-83.092921,40.823725]]]},"properties":{"p":"37-0010791.000","o":"NASH SHANNA L","a":"3333    MARION MELMORE         RD","d":"WYNFORD LOCAL SCHOOL DISTRICT","t":755.23,"l":"510: Res-Single Family","c":0}},{"type":"Feature","geometry":{"type":"Polygon","coordinates":[[[-83.088455,40.86291],[-83.088432,40.861061],[-83.093222,40.86101],[-83.09324,40.862366],[-83.092325,40.862372],[-83.092331,40.862939],[-83.090996,40.862948],[-83.09098,40.86239],[-83.089914,40.862393],[-83.0899,40.862955],[-83.088456,40.862965],[-83.088455,40.86291]]]},"properties":{"p":"37-0010795.000","o":"ROOP JASON J TRUSTEE","a":"SPORE BRANDYWINE       RD","d":"WYNFORD LOCAL SCHOOL DISTRICT","t":268.89,"l":"110: Agr-CAUV-Vacant Land","c":0}},{"type":"Feature","geometry":{"type":"Polygon","coordinates":[[[-83.090091,40.845278],[-83.09009,40.84564],[-83.089851,40.845641],[-83.089853,40.845278],[-83.090091,40.845278]]]},"properties":{"p":"37-0210893.000","o":"DUMMITT SAMUEL & CALISTA","a":"480    LINCOLN                HW","d":"WYNFORD LOCAL SCHOOL DISTRICT","t":6.7,"l":"500: Res-Vacant Land","c":0}},{"type":"Feature","geometry":{"type":"Polygon","coordinates":[[[-83.089853,40.845278],[-83.089851,40.845641],[-83.089613,40.845641],[-83.089614,40.845279],[-83.089853,40.845278]]]},"properties":{"p":"37-0210894.000","o":"DUMMITT SAMUEL & CALISTA","a":"480    LINCOLN                HW","d":"WYNFORD LOCAL SCHOOL DISTRICT","t":8.15,"l":"599: Res-Other","c":0}},{"type":"Feature","geometry":{"type":"Polygon","coordinates":[[[-83.095764,40.843816],[-83.095763,40.844179],[-83.095524,40.84418],[-83.095526,40.843817],[-83.095764,40.843816]]]},"properties":{"p":"37-0210910.000","o":"EVANS SHADD","a":"344    WATER                  ST","d":"WYNFORD LOCAL SCHOOL DISTRICT","t":5.45,"l":"598: Res-Custom Code","c":0}},{"type":"Feature","geometry":{"type":"Polygon","coordinates":[[[-83.09136,40.844247],[-83.091359,40.844609],[-83.09112,40.84461],[-83.091122,40.844248],[-83.09136,40.844247]]]},"properties":{"p":"37-0210927.000","o":"VAUGHN CHRISTOPHER","a":"433    LINCOLN                HW","d":"WYNFORD LOCAL SCHOOL DISTRICT","t":555.26,"l":"510: Res-Single Family","c":0}},{"type":"Feature","geometry":{"type":"Polygon","coordinates":[[[-83.092625,40.844243],[-83.092624,40.844606],[-83.092385,40.844606],[-83.092387,40.844244],[-83.092625,40.844243]]]},"properties":{"p":"37-0210945.000","o":"VERMILLION AMBER M","a":"425    LINCOLN                HW","d":"WYNFORD LOCAL SCHOOL DISTRICT","t":646.58,"l":"510: Res-Single Family","c":0}},{"type":"Feature","geometry":{"type":"Polygon","coordinates":[[[-83.092387,40.844244],[-83.092385,40.844606],[-83.092147,40.844607],[-83.092148,40.844245],[-83.092387,40.844244]]]},"properties":{"p":"37-0210946.000","o":"VERMILLION AMBER M","a":"425    LINCOLN                HW","d":"WYNFORD LOCAL SCHOOL DISTRICT","t":79.84,"l":"599: Res-Other","c":0}},{"type":"Feature","geometry":{"type":"Polygon","coordinates":[[[-83.089854,40.844861],[-83.089853,40.845223],[-83.089614,40.845224],[-83.089616,40.844862],[-83.089854,40.844861]]]},"properties":{"p":"37-0211014.000","o":"DUMMITT SAMUEL L & CALISTA H","a":"480    LINCOLN                HW","d":"WYNFORD LOCAL SCHOOL DISTRICT","t":450.99,"l":"510: Res-Single Family","c":0}},{"type":"Feature","geometry":{"type":"Polygon","coordinates":[[[-82.769493,40.893612],[-82.769773,40.893864],[-82.769615,40.893965],[-82.769355,40.8937],[-82.769493,40.893612]]]},"properties":{"p":"38-0111352.001","o":"KELLER KEITH & AVERY STIDHAM","a":"5191    NEW HAVEN              RD","d":"BUCKEYE CENTRAL LOCAL SCHOOL DISTRICT","t":594.15,"l":"510: Res-Single Family","c":0}},{"type":"Feature","geometry":{"type":"Polygon","coordinates":[[[-82.769526,40.893591],[-82.769692,40.893485],[-82.769972,40.893736],[-82.769806,40.893843],[-82.769526,40.893591]]]},"properties":{"p":"38-0111353.000","o":"KELLER KEITH & AVERY STIDHAM","a":"5191    NEW HAVEN              RD","d":"BUCKEYE CENTRAL LOCAL SCHOOL DISTRICT","t":72.02,"l":"599: Res-Other","c":0}},{"type":"Feature","geometry":{"type":"Polygon","coordinates":[[[-82.770754,40.892805],[-82.77092,40.892699],[-82.7712,40.892951],[-82.771034,40.893057],[-82.770754,40.892805]]]},"properties":{"p":"38-0111358.000","o":"SPARKS MANUEL L & LORETTA FAY","a":"5171    NEW HAVEN              RD","d":"BUCKEYE CENTRAL LOCAL SCHOOL DISTRICT","t":51.18,"l":"561: Res-Custom Code","c":0}},{"type":"Feature","geometry":{"type":"Polygon","coordinates":[[[-82.77092,40.892699],[-82.771103,40.892582],[-82.771382,40.892834],[-82.7712,40.892951],[-82.77092,40.892699]]]},"properties":{"p":"38-0111359.000","o":"SPARKS MANUEL L & LORETTA FAY","a":"5171    NEW HAVEN              RD","d":"BUCKEYE CENTRAL LOCAL SCHOOL DISTRICT","t":78.72,"l":"500: Res-Vacant Land","c":0}},{"type":"Feature","geometry":{"type":"Polygon","coordinates":[[[-82.771599,40.892695],[-82.771382,40.892834],[-82.771103,40.892582],[-82.77132,40.892444],[-82.771599,40.892695]]]},"properties":{"p":"38-0111360.000","o":"SPARKS MANUEL L & LORETTA FAY","a":"5171    NEW HAVEN              RD","d":"BUCKEYE CENTRAL LOCAL SCHOOL DISTRICT","t":60.86,"l":"500: Res-Vacant Land","c":0}},{"type":"Feature","geometry":{"type":"Polygon","coordinates":[[[-82.771782,40.892579],[-82.771599,40.892695],[-82.77132,40.892444],[-82.771502,40.892327],[-82.771782,40.892579]]]},"properties":{"p":"38-0111361.000","o":"SPARKS MANUEL L & LORETTA FAY","a":"5171    NEW HAVEN              RD","d":"BUCKEYE CENTRAL LOCAL SCHOOL DISTRICT","t":56.01,"l":"500: Res-Vacant Land","c":0}},{"type":"Feature","geometry":{"type":"Polygon","coordinates":[[[-82.771345,40.893074],[-82.771625,40.893325],[-82.771442,40.893442],[-82.771162,40.89319],[-82.771345,40.893074]]]},"properties":{"p":"38-0111364.000","o":"SCHAFER JEREMY & GABRIELLE","a":"5170    NEW HAVEN              RD","d":"BUCKEYE CENTRAL LOCAL SCHOOL DISTRICT","t":63.45,"l":"560: Res-Mobile Home","c":0}},{"type":"Feature","geometry":{"type":"Polygon","coordinates":[[[-82.775777,40.861456],[-82.775606,40.861933],[-82.775397,40.861889],[-82.775567,40.861412],[-82.775777,40.861456]]]},"properties":{"p":"38-0211384.000","o":"SHOUP STEPHEN M & KINGKARN","a":"7145    SR 96","d":"BUCKEYE CENTRAL LOCAL SCHOOL DISTRICT","t":55.46,"l":"599: Res-Other","c":0}},{"type":"Feature","geometry":{"type":"Polygon","coordinates":[[[-82.775986,40.861499],[-82.775816,40.861976],[-82.775606,40.861933],[-82.775777,40.861456],[-82.775986,40.861499]]]},"properties":{"p":"38-0211385.000","o":"SHOUP STEPHEN M & KINGKARN","a":"7145    SR 96","d":"BUCKEYE CENTRAL LOCAL SCHOOL DISTRICT","t":538.51,"l":"510: Res-Single Family","c":0}},{"type":"Feature","geometry":{"type":"Polygon","coordinates":[[[-82.948222,40.718478],[-82.949174,40.718413],[-82.949164,40.719082],[-82.948136,40.719153],[-82.948147,40.718484],[-82.948222,40.718478]]]},"properties":{"p":"42-0012347.001","o":"BAYLESS SHERMAN N & VALERIE B","a":"3382    MONNETT NEW WINCHESTER RD","d":"COLONEL CRAWFORD LOCAL SCHOOL DISTRICT","t":1798.42,"l":"510: Res-Single Family","c":0}},{"type":"Feature","geometry":{"type":"Polygon","coordinates":[[[-82.954305,40.81146],[-82.954303,40.811366],[-82.954839,40.81137],[-82.954841,40.811465],[-82.954305,40.81146]]]},"properties":{"p":"43-0013404.000","o":"METZGER ERICA","a":"120    PENN                   AV","d":"BUCYRUS CITY SCHOOL DISTRICT","t":79.7,"l":"500: Res-Vacant Land","c":0}},{"type":"Feature","geometry":{"type":"Polygon","coordinates":[[[-82.954656,40.811582],[-82.954307,40.811585],[-82.954305,40.81146],[-82.954841,40.811465],[-82.954842,40.81158],[-82.954656,40.811582]]]},"properties":{"p":"43-0013405.000","o":"METZGER ERICA","a":"120    PENN                   AV","d":"BUCYRUS CITY SCHOOL DISTRICT","t":118.17,"l":"599: Res-Other","c":0}},{"type":"Feature","geometry":{"type":"Polygon","coordinates":[[[-82.954348,40.811218],[-82.954836,40.811221],[-82.954837,40.811275],[-82.954302,40.811271],[-82.954301,40.811218],[-82.954348,40.811218]]]},"properties":{"p":"43-0013406.000","o":"METZGER ERICA","a":"120    PENN                   AV","d":"BUCYRUS CITY SCHOOL DISTRICT","t":27.3,"l":"500: Res-Vacant Land","c":0}},{"type":"Feature","geometry":{"type":"Polygon","coordinates":[[[-82.954303,40.811366],[-82.954302,40.811271],[-82.954837,40.811275],[-82.954839,40.81137],[-82.954303,40.811366]]]},"properties":{"p":"43-0013407.000","o":"METZGER ERICA","a":"120    PENN                   AV","d":"BUCYRUS CITY SCHOOL DISTRICT","t":79.7,"l":"500: Res-Vacant Land","c":0}},{"type":"Feature","geometry":{"type":"Polygon","coordinates":[[[-82.957673,40.807969],[-82.957677,40.808162],[-82.957331,40.808167],[-82.957327,40.807975],[-82.957673,40.807969]]]},"properties":{"p":"43-0013528.000","o":"CARLSON DONALD L","a":"259    NAUMAN                 AV","d":"BUCYRUS CITY SCHOOL DISTRICT","t":449,"l":"510: Res-Single Family","c":0}},{"type":"Feature","geometry":{"type":"Polygon","coordinates":[[[-82.957695,40.809125],[-82.957699,40.809318],[-82.957355,40.809323],[-82.957351,40.80913],[-82.957695,40.809125]]]},"properties":{"p":"43-0013534.000","o":"BEEMAN PATRICK A","a":"219    NAUMAN                 AV","d":"BUCYRUS CITY SCHOOL DISTRICT","t":1440.26,"l":"510: Res-Single Family","c":0}},{"type":"Feature","geometry":{"type":"Polygon","coordinates":[[[-82.959018,40.806483],[-82.959109,40.806483],[-82.959111,40.806593],[-82.957961,40.806595],[-82.957958,40.80649],[-82.959018,40.806483]]]},"properties":{"p":"43-0013622.000","o":"MASSEY CARISSA L & JOSHUA L","a":"332    WHETSTONE              ST","d":"BUCYRUS CITY SCHOOL DISTRICT","t":563.17,"l":"510: Res-Single Family","c":0}},{"type":"Feature","geometry":{"type":"Polygon","coordinates":[[[-82.857675,40.792222],[-82.857213,40.792224],[-82.857217,40.792043],[-82.857676,40.79204],[-82.857675,40.792222]]]},"properties":{"p":"45-0013888.000","o":"EARLS DARREN A & JAMIE LYNN","a":"2424    SR 602","d":"COLONEL CRAWFORD LOCAL SCHOOL DISTRICT","t":486.1,"l":"510: Res-Single Family","c":0}},{"type":"Feature","geometry":{"type":"Polygon","coordinates":[[[-82.858208,40.794054],[-82.857724,40.794054],[-82.857725,40.793873],[-82.858208,40.793873],[-82.858208,40.794054]]]},"properties":{"p":"45-0013929.000","o":"WOZNIAK CHRISTOPHER A ETAL","a":"2475    WESTERN                AV","d":"COLONEL CRAWFORD LOCAL SCHOOL DISTRICT","t":43.52,"l":"500: Res-Vacant Land","c":0}},{"type":"Feature","geometry":{"type":"Polygon","coordinates":[[[-82.858208,40.794235],[-82.857724,40.794235],[-82.857724,40.794054],[-82.858208,40.794054],[-82.858208,40.794235]]]},"properties":{"p":"45-0013930.000","o":"WOZNIAK CHRISTOPHER A ETAL","a":"2475    WESTERN                AV","d":"COLONEL CRAWFORD LOCAL SCHOOL DISTRICT","t":930.31,"l":"510: Res-Single Family","c":0}},{"type":"Feature","geometry":{"type":"Polygon","coordinates":[[[-82.953959,40.760911],[-82.955402,40.760889],[-82.955409,40.761441],[-82.953857,40.761465],[-82.95385,40.760912],[-82.953959,40.760911]]]},"properties":{"p":"53-0011885.002","o":"SHULL KYLE R & BRENDA L HAYNES","a":"3273    SHEARER                RD","d":"COLONEL CRAWFORD LOCAL SCHOOL DISTRICT","t":90.73,"l":"510: Res-Single Family","c":0}},{"type":"Feature","geometry":{"type":"Polygon","coordinates":[[[-82.925168,40.764527],[-82.92524,40.764526],[-82.925241,40.764776],[-82.924483,40.764785],[-82.924484,40.765343],[-82.925242,40.765344],[-82.925243,40.765518],[-82.923944,40.765534],[-82.923935,40.764542],[-82.925168,40.764527]]]},"properties":{"p":"53-0011894.000","o":"HENRY JASON","a":"1681    DIEBLER                RD","d":"COLONEL CRAWFORD LOCAL SCHOOL DISTRICT","t":232.08,"l":"599: Res-Other","c":0}},{"type":"Feature","geometry":{"type":"Polygon","coordinates":[[[-83.045376,40.768435],[-83.047209,40.768423],[-83.047236,40.772713],[-83.046514,40.772725],[-83.046533,40.775709],[-83.044179,40.775722],[-83.044155,40.772099],[-83.0454,40.772079],[-83.045376,40.768435]]]},"properties":{"p":"7-0000774.000","o":"LEWIS KARIN A","a":"1417    MT ZION                RD","d":"WYNFORD LOCAL SCHOOL DISTRICT","t":2334.27,"l":"111: Agr-CAUV-Cash-Grain Farm","c":0}},{"type":"Feature","geometry":{"type":"Polygon","coordinates":[[[-83.031833,40.812614],[-83.031832,40.812568],[-83.033395,40.81265],[-83.03342,40.814486],[-83.031858,40.814493],[-83.031833,40.812614]]]},"properties":{"p":"7-0000838.000","o":"KEETS ANDREW","a":"1680    HEINLE & 1678          RD","d":"WYNFORD LOCAL SCHOOL DISTRICT","t":1539.58,"l":"499: Com-Other","c":0}},{"type":"Feature","geometry":{"type":"Polygon","coordinates":[[[-83.062201,40.790261],[-83.0622,40.790178],[-83.062803,40.790177],[-83.062809,40.790896],[-83.062206,40.790897],[-83.062201,40.790261]]]},"properties":{"p":"7-0001044.000","o":"LEONHART MICHAEL C","a":"1048    RIVER                  RD","d":"WYNFORD LOCAL SCHOOL DISTRICT","t":1216.16,"l":"510: Res-Single Family","c":0}},{"type":"Feature","geometry":{"type":"Polygon","coordinates":[[[-83.020595,40.804612],[-83.020567,40.803125],[-83.021344,40.80313],[-83.021373,40.804684],[-83.020596,40.804694],[-83.020595,40.804612]]]},"properties":{"p":"7-0001209.004","o":"HARRIGER SCOTT M & BETSY","a":"1921    BUCYRUS NEVADA         RD","d":"WYNFORD LOCAL SCHOOL DISTRICT","t":6903.84,"l":"510: Res-Single Family","c":0}},{"type":"Feature","geometry":{"type":"Polygon","coordinates":[[[-82.981491,40.779981],[-82.981693,40.779328],[-82.983727,40.779687],[-82.98321,40.780262],[-82.981491,40.779981]]]},"properties":{"p":"7-0001254.000","o":"WANDAS PROPERTIES LLC","a":"2108    SR 98","d":"WYNFORD LOCAL SCHOOL DISTRICT","t":1319.85,"l":"510: Res-Single Family","c":0}},{"type":"Feature","geometry":{"type":"Polygon","coordinates":[[[-83.015584,40.800525],[-83.015752,40.800163],[-83.016751,40.800179],[-83.016747,40.800906],[-83.015272,40.80084],[-83.015584,40.800525]]]},"properties":{"p":"7-0001304.000","o":"SLATE TERI ANN","a":"2038    RIVER                  RD","d":"WYNFORD LOCAL SCHOOL DISTRICT","t":2514.44,"l":"510: Res-Single Family","c":0}},{"type":"Feature","geometry":{"type":"Polygon","coordinates":[[[-83.062804,40.790259],[-83.062803,40.790177],[-83.062839,40.790177],[-83.062845,40.790896],[-83.062809,40.790896],[-83.062804,40.790259]]]},"properties":{"p":"7-0001315.001","o":"LEONHART MICHAEL C","a":"1048    RIVER                  RD","d":"WYNFORD LOCAL SCHOOL DISTRICT","t":10.53,"l":"500: Res-Vacant Land","c":0}},{"type":"Feature","geometry":{"type":"Polygon","coordinates":[[[-83.062087,40.790261],[-83.062086,40.790179],[-83.0622,40.790178],[-83.062206,40.790897],[-83.062092,40.790898],[-83.062087,40.790261]]]},"properties":{"p":"7-0001315.002","o":"LEONHART MICHAEL C","a":"1048    RIVER                  RD","d":"WYNFORD LOCAL SCHOOL DISTRICT","t":95.38,"l":"599: Res-Other","c":0}},{"type":"Feature","geometry":{"type":"Polygon","coordinates":[[[-82.981346,40.818498],[-82.982273,40.818494],[-82.982276,40.818799],[-82.981362,40.8188],[-82.981246,40.818498],[-82.981346,40.818498]]]},"properties":{"p":"8-0014001.000","o":"HAHN THOMAS E","a":"915    TIFFIN                 ST","d":"BUCYRUS CITY SCHOOL DISTRICT","t":314.24,"l":"510: Res-Single Family","c":0}},{"type":"Feature","geometry":{"type":"Polygon","coordinates":[[[-82.968084,40.802609],[-82.968081,40.802449],[-82.968375,40.802447],[-82.968378,40.802607],[-82.968084,40.802609]]]},"properties":{"p":"8-0014139.000","o":"HEDGES HANNAH S","a":"582    PROSPECT               ST","d":"BUCYRUS CITY SCHOOL DISTRICT","t":25.34,"l":"510: Res-Single Family","c":0}},{"type":"Feature","geometry":{"type":"Polygon","coordinates":[[[-82.974462,40.812257],[-82.974463,40.812394],[-82.974315,40.812395],[-82.974314,40.812258],[-82.974462,40.812257]]]},"properties":{"p":"8-0014181.000","o":"CRESS RONALD J& CHELSEA D BELT","a":"405 N  WALNUT                 ST","d":"BUCYRUS CITY SCHOOL DISTRICT","t":371.42,"l":"510: Res-Single Family","c":0}},{"type":"Feature","geometry":{"type":"Polygon","coordinates":[[[-82.960704,40.80932],[-82.960706,40.809612],[-82.960481,40.809672],[-82.960474,40.80932],[-82.960704,40.80932]]]},"properties":{"p":"8-0014186.000","o":"REID & INEZ LLC","a":"1125    REID                   ST","d":"BUCYRUS CITY SCHOOL DISTRICT","t":601.8,"l":"510: Res-Single Family","c":0}},{"type":"Feature","geometry":{"type":"Polygon","coordinates":[[[-82.988646,40.796931],[-82.988269,40.796931],[-82.988275,40.796552],[-82.988644,40.796551],[-82.988646,40.796931]]]},"properties":{"p":"8-0014230.000","o":"LEGGE TERRI E","a":"942    VICTORIA               DR","d":"BUCYRUS CITY SCHOOL DISTRICT","t":2771.43,"l":"510: Res-Single Family","c":0}},{"type":"Feature","geometry":{"type":"Polygon","coordinates":[[[-82.970673,40.819087],[-82.970675,40.819235],[-82.970257,40.819237],[-82.970256,40.819093],[-82.970673,40.819087]]]},"properties":{"p":"8-0014262.000","o":"PARK BRIAN M","a":"1021    ELM                    ST","d":"BUCYRUS CITY SCHOOL DISTRICT","t":38.34,"l":"510: Res-Single Family","c":0}},{"type":"Feature","geometry":{"type":"Polygon","coordinates":[[[-82.973479,40.812218],[-82.974075,40.812215],[-82.974076,40.812308],[-82.973479,40.812312],[-82.973479,40.812218]]]},"properties":{"p":"8-0014263.000","o":"WRIGHT RALPH","a":"406 N  WALNUT                 ST","d":"BUCYRUS CITY SCHOOL DISTRICT","t":537.21,"l":"510: Res-Single Family","c":0}},{"type":"Feature","geometry":{"type":"Polygon","coordinates":[[[-82.976452,40.79674],[-82.977,40.796786],[-82.976967,40.796892],[-82.976406,40.796889],[-82.976452,40.79674]]]},"properties":{"p":"8-0014934.000","o":"MISNA GROUP (USA) INC","a":"1021 S  SANDUSKY               AV","d":"BUCYRUS CITY SCHOOL DISTRICT","t":841.58,"l":"510: Res-Single Family","c":0}},{"type":"Feature","geometry":{"type":"Polygon","coordinates":[[[-82.961312,40.80553],[-82.961296,40.805168],[-82.961599,40.80516],[-82.961613,40.805467],[-82.961486,40.80547],[-82.961488,40.805525],[-82.961312,40.80553]]]},"properties":{"p":"8-0014942.000","o":"CLINARD PAMELA","a":"1100    WOODLAWN               AV","d":"BUCYRUS CITY SCHOOL DISTRICT","t":220,"l":"510: Res-Single Family","c":0}},{"type":"Feature","geometry":{"type":"Polygon","coordinates":[[[-82.982273,40.818494],[-82.984086,40.818485],[-82.984092,40.818799],[-82.982276,40.818811],[-82.982273,40.818494]]]},"properties":{"p":"8-0014947.000","o":"HAHN THOMAS E","a":"915    TIFFIN                 ST","d":"BUCYRUS CITY SCHOOL DISTRICT","t":8.46,"l":"500: Res-Vacant Land","c":0}},{"type":"Feature","geometry":{"type":"Polygon","coordinates":[[[-82.976665,40.798668],[-82.976392,40.79867],[-82.976618,40.798449],[-82.97694,40.798534],[-82.976941,40.798666],[-82.976665,40.798668]]]},"properties":{"p":"8-0014962.001","o":"BUCKEYE FINANCIAL HOLDINGS LLC","a":"875    MARION                 RD","d":"BUCYRUS CITY SCHOOL DISTRICT","t":923.98,"l":"510: Res-Single Family","c":0}},{"type":"Feature","geometry":{"type":"Polygon","coordinates":[[[-82.959085,40.799295],[-82.959081,40.799056],[-82.959683,40.799041],[-82.959688,40.799279],[-82.959085,40.799295]]]},"properties":{"p":"8-0014978.000","o":"WASHINGTON MICHAEL S","a":"915    WHETSTONE              ST","d":"BUCYRUS CITY SCHOOL DISTRICT","t":432.1,"l":"560: Res-Mobile Home","c":0}},{"type":"Feature","geometry":{"type":"Polygon","coordinates":[[[-82.97775,40.819193],[-82.977566,40.819192],[-82.977556,40.818888],[-82.977627,40.818901],[-82.977694,40.818893],[-82.977813,40.819193],[-82.97775,40.819193]]]},"properties":{"p":"8-0014985.000","o":"BENNETT KIMBERLY A TRUSTEE","a":"214    FRANKLIN               CT","d":"BUCYRUS CITY SCHOOL DISTRICT","t":191.13,"l":"510: Res-Single Family","c":0}},{"type":"Feature","geometry":{"type":"Polygon","coordinates":[[[-82.968685,40.816964],[-82.968686,40.817074],[-82.968246,40.817079],[-82.968244,40.81697],[-82.968685,40.816964]]]},"properties":{"p":"8-0015015.000","o":"STRASSER-KING BOB ETAL","a":"806    EARL                   ST","d":"BUCYRUS CITY SCHOOL DISTRICT","t":81.87,"l":"510: Res-Single Family","c":0}},{"type":"Feature","geometry":{"type":"Polygon","coordinates":[[[-82.975702,40.799925],[-82.976298,40.799929],[-82.976299,40.800049],[-82.975703,40.80005],[-82.975702,40.799925]]]},"properties":{"p":"8-0015042.000","o":"ADAMS JEFF & TREVOR & DERRICK","a":"817 S  SANDUSKY               AV","d":"BUCYRUS CITY SCHOOL DISTRICT","t":232.49,"l":"510: Res-Single Family","c":0}},{"type":"Feature","geometry":{"type":"Polygon","coordinates":[[[-82.978698,40.802782],[-82.97919,40.802783],[-82.979194,40.802904],[-82.978699,40.802903],[-82.978698,40.802782]]]},"properties":{"p":"8-0015043.000","o":"MACLAM VENTURES LLC","a":"565 S  SPRING                 ST","d":"BUCYRUS CITY SCHOOL DISTRICT","t":37.29,"l":"510: Res-Single Family","c":0}},{"type":"Feature","geometry":{"type":"Polygon","coordinates":[[[-82.961628,40.797072],[-82.962025,40.797219],[-82.961524,40.797232],[-82.961628,40.797072]]]},"properties":{"p":"8-0015061.000","o":"DECKER DIANA","a":"1034    HOPLEY                 AV","d":"BUCYRUS CITY SCHOOL DISTRICT","t":597.62,"l":"510: Res-Single Family","c":0}},{"type":"Feature","geometry":{"type":"Polygon","coordinates":[[[-82.974018,40.803881],[-82.974019,40.804005],[-82.973477,40.80401],[-82.973476,40.803887],[-82.974018,40.803881]]]},"properties":{"p":"8-0015118.000","o":"ALSS LLC","a":"211    HOPLEY                 AV","d":"BUCYRUS CITY SCHOOL DISTRICT","t":342.32,"l":"452: Com-Auto Service","c":0}},{"type":"Feature","geometry":{"type":"Polygon","coordinates":[[[-82.974019,40.804005],[-82.974024,40.804487],[-82.973478,40.804059],[-82.973477,40.80401],[-82.974019,40.804005]]]},"properties":{"p":"8-0015119.000","o":"ALSS LLC","a":"211    HOPLEY                 AV","d":"BUCYRUS CITY SCHOOL DISTRICT","t":1972.23,"l":"452: Com-Auto Service","c":0}},{"type":"Feature","geometry":{"type":"Polygon","coordinates":[[[-82.977564,40.802439],[-82.977565,40.802498],[-82.977204,40.802499],[-82.977204,40.80244],[-82.977564,40.802439]]]},"properties":{"p":"8-0015291.000","o":"REAM JAMES A & SANDRA M","a":"581 S  POPLAR                 ST","d":"BUCYRUS CITY SCHOOL DISTRICT","t":883.32,"l":"510: Res-Single Family","c":0}},{"type":"Feature","geometry":{"type":"Polygon","coordinates":[[[-82.988269,40.796931],[-82.988264,40.797314],[-82.987903,40.797314],[-82.987908,40.796931],[-82.988269,40.796931]]]},"properties":{"p":"8-0015293.000","o":"HORSLEY JENNIFER","a":"931 W  SOUTHERN               AV","d":"BUCYRUS CITY SCHOOL DISTRICT","t":1410.09,"l":"510: Res-Single Family","c":0}},{"type":"Feature","geometry":{"type":"Polygon","coordinates":[[[-82.971882,40.805752],[-82.97188,40.805536],[-82.972089,40.805536],[-82.972091,40.805749],[-82.971882,40.805752]]]},"properties":{"p":"8-0015305.000","o":"BATROSS WILLIAM BRIAN","a":"300 E  CHARLES                ST","d":"BUCYRUS CITY SCHOOL DISTRICT","t":612.08,"l":"510: Res-Single Family","c":0}},{"type":"Feature","geometry":{"type":"Polygon","coordinates":[[[-82.975596,40.792135],[-82.975451,40.792137],[-82.975452,40.791724],[-82.975597,40.791722],[-82.975596,40.792135]]]},"properties":{"p":"8-0015336.000","o":"HANSFORD TAMMY JEAN","a":"161    WILLIAM                ST","d":"BUCYRUS CITY SCHOOL DISTRICT","t":1412.99,"l":"510: Res-Single Family","c":0}},{"type":"Feature","geometry":{"type":"Polygon","coordinates":[[[-82.975378,40.792138],[-82.97538,40.791725],[-82.975452,40.791724],[-82.975451,40.792137],[-82.975378,40.792138]]]},"properties":{"p":"8-0015337.000","o":"HANSFORD TAMMY JEAN","a":"161    WILLIAM                ST","d":"BUCYRUS CITY SCHOOL DISTRICT","t":51.21,"l":"500: Res-Vacant Land","c":0}},{"type":"Feature","geometry":{"type":"Polygon","coordinates":[[[-82.960193,40.79654],[-82.960533,40.796666],[-82.960535,40.79673],[-82.9602,40.796737],[-82.960193,40.79654]]]},"properties":{"p":"8-0015401.000","o":"SURGENER PROPERTY GROUP INC","a":"1120    HOPLEY (1122,1124)     AV","d":"BUCYRUS CITY SCHOOL DISTRICT","t":106.18,"l":"530: Res-Three Family","c":0}},{"type":"Feature","geometry":{"type":"Polygon","coordinates":[[[-82.970585,40.80389],[-82.970587,40.803962],[-82.970905,40.803961],[-82.970906,40.803983],[-82.970111,40.803984],[-82.970109,40.803891],[-82.970585,40.80389]]]},"properties":{"p":"8-0015408.000","o":"MOLLENKOPF TYSON L","a":"528 S  EAST                   ST","d":"BUCYRUS CITY SCHOOL DISTRICT","t":323.86,"l":"510: Res-Single Family","c":0}},{"type":"Feature","geometry":{"type":"Polygon","coordinates":[[[-82.960552,40.807144],[-82.960549,40.806768],[-82.960733,40.806764],[-82.960734,40.807171],[-82.960552,40.807144]]]},"properties":{"p":"8-0015489.000","o":"SCOTT CHRISTOPHER S","a":"1120 E  WARREN                 ST","d":"BUCYRUS CITY SCHOOL DISTRICT","t":937.33,"l":"510: Res-Single Family","c":0}},{"type":"Feature","geometry":{"type":"Polygon","coordinates":[[[-82.971047,40.808314],[-82.971052,40.808612],[-82.970784,40.808612],[-82.970779,40.808316],[-82.971047,40.808314]]]},"properties":{"p":"8-0015506.000","o":"BURTON AUSTIN R","a":"403 E  MANSFIELD (405)        ST","d":"BUCYRUS CITY SCHOOL DISTRICT","t":2426.95,"l":"520: Res-Two Family","c":0}},{"type":"Feature","geometry":{"type":"Polygon","coordinates":[[[-82.968168,40.800836],[-82.968165,40.800632],[-82.968345,40.80063],[-82.968348,40.800836],[-82.968168,40.800836]]]},"properties":{"p":"8-0015609.000","o":"ROSAS MIQUEL ANGEL & ALYSSA MA","a":"600 E  OAKWOOD                AV","d":"BUCYRUS CITY SCHOOL DISTRICT","t":233.88,"l":"510: Res-Single Family","c":0}},{"type":"Feature","geometry":{"type":"Polygon","coordinates":[[[-82.974997,40.800252],[-82.974815,40.800254],[-82.974814,40.800163],[-82.975406,40.800158],[-82.975406,40.800249],[-82.974997,40.800252]]]},"properties":{"p":"8-0015632.000","o":"SABO MARK A & DEBORAH A","a":"808 S  SANDUSKY               AV","d":"BUCYRUS CITY SCHOOL DISTRICT","t":132.85,"l":"510: Res-Single Family","c":0}},{"type":"Feature","geometry":{"type":"Polygon","coordinates":[[[-82.966109,40.818094],[-82.966588,40.818092],[-82.966589,40.818135],[-82.966112,40.818338],[-82.966109,40.818094]]]},"properties":{"p":"8-0015646.000","o":"AULT JAMIE L","a":"912    SHERMAN                ST","d":"BUCYRUS CITY SCHOOL DISTRICT","t":76.33,"l":"599: Res-Other","c":0}},{"type":"Feature","geometry":{"type":"Polygon","coordinates":[[[-82.966109,40.818094],[-82.966108,40.817984],[-82.966587,40.817982],[-82.966588,40.818092],[-82.966109,40.818094]]]},"properties":{"p":"8-0015647.000","o":"AULT JAMIE L","a":"912    SHERMAN                ST","d":"BUCYRUS CITY SCHOOL DISTRICT","t":536.66,"l":"510: Res-Single Family","c":0}},{"type":"Feature","geometry":{"type":"Polygon","coordinates":[[[-82.97451,40.796078],[-82.974694,40.796077],[-82.974696,40.796346],[-82.974511,40.796347],[-82.97451,40.796078]]]},"properties":{"p":"8-0015834.000","o":"JOHNSON DENISE HANLON & ROBIN","a":"145    WALLACE                AV","d":"BUCYRUS CITY SCHOOL DISTRICT","t":1648.48,"l":"510: Res-Single Family","c":0}},{"type":"Feature","geometry":{"type":"Polygon","coordinates":[[[-82.977652,40.792113],[-82.977139,40.792119],[-82.977139,40.791983],[-82.977694,40.791976],[-82.977652,40.792113]]]},"properties":{"p":"8-0015896.000","o":"SURGENER TERRY W & MICHELLE L","a":"113    WILLIAM                ST","d":"BUCYRUS CITY SCHOOL DISTRICT","t":35.64,"l":"560: Res-Mobile Home","c":0}},{"type":"Feature","geometry":{"type":"Polygon","coordinates":[[[-82.966145,40.798047],[-82.966154,40.798547],[-82.965978,40.798482],[-82.96597,40.798047],[-82.966145,40.798047]]]},"properties":{"p":"8-0015956.000","o":"MATTHEWS LINDA K","a":"713    HOPLEY (713 REAR)      AV","d":"BUCYRUS CITY SCHOOL DISTRICT","t":456.23,"l":"510: Res-Single Family","c":0}},{"type":"Feature","geometry":{"type":"Polygon","coordinates":[[[-82.975353,40.81868],[-82.975355,40.818752],[-82.975268,40.818745],[-82.975269,40.81885],[-82.975,40.818848],[-82.974992,40.818837],[-82.975028,40.818678],[-82.975353,40.81868]]]},"properties":{"p":"8-0016011.000","o":"RATHERS TIMOTHY & BEATRICE","a":"937 N  SANDUSKY (941)         AV","d":"BUCYRUS CITY SCHOOL DISTRICT","t":517.27,"l":"520: Res-Two Family","c":0}},{"type":"Feature","geometry":{"type":"Polygon","coordinates":[[[-82.970864,40.805065],[-82.970604,40.805074],[-82.9706,40.804893],[-82.970992,40.804882],[-82.970995,40.80506],[-82.970864,40.805065]]]},"properties":{"p":"8-0016025.000","o":"MAYA CONSTRUCTION LLC","a":"408    WOODLAWN (408 1/2)     AV","d":"BUCYRUS CITY SCHOOL DISTRICT","t":41.97,"l":"520: Res-Two Family","c":0}},{"type":"Feature","geometry":{"type":"Polygon","coordinates":[[[-82.974943,40.792143],[-82.974907,40.792143],[-82.974908,40.791731],[-82.974944,40.79173],[-82.974943,40.792143]]]},"properties":{"p":"8-0016077.000","o":"FRIZZELL N GABRIELLE","a":"185    WILLIAM                ST","d":"BUCYRUS CITY SCHOOL DISTRICT","t":16.13,"l":"500: Res-Vacant Land","c":0}},{"type":"Feature","geometry":{"type":"Polygon","coordinates":[[[-82.974699,40.791867],[-82.974699,40.791734],[-82.974727,40.791733],[-82.974725,40.792145],[-82.974698,40.792145],[-82.974699,40.791867]]]},"properties":{"p":"8-0016078.000","o":"FRIZZELL N GABRIELLE","a":"185    WILLIAM                ST","d":"BUCYRUS CITY SCHOOL DISTRICT","t":11.41,"l":"500: Res-Vacant Land","c":0}},{"type":"Feature","geometry":{"type":"Polygon","coordinates":[[[-82.974907,40.792143],[-82.974725,40.792145],[-82.974727,40.791733],[-82.974908,40.791731],[-82.974907,40.792143]]]},"properties":{"p":"8-0016079.000","o":"FRIZZELL N GABRIELLE","a":"185    WILLIAM                ST","d":"BUCYRUS CITY SCHOOL DISTRICT","t":541.62,"l":"510: Res-Single Family","c":0}},{"type":"Feature","geometry":{"type":"Polygon","coordinates":[[[-82.973345,40.79814],[-82.973345,40.798231],[-82.972809,40.798242],[-82.972809,40.798154],[-82.973345,40.79814]]]},"properties":{"p":"8-0016092.000","o":"COHEN ROBERT M","a":"927    ROGERS                 ST","d":"BUCYRUS CITY SCHOOL DISTRICT","t":36.26,"l":"510: Res-Single Family","c":0}},{"type":"Feature","geometry":{"type":"Polygon","coordinates":[[[-82.982843,40.810868],[-82.98322,40.810865],[-82.98322,40.811048],[-82.982845,40.811051],[-82.982843,40.810868]]]},"properties":{"p":"8-0016105.000","o":"STOFFER TOBEY L & JILL M","a":"602 W  MARY                   ST","d":"BUCYRUS CITY SCHOOL DISTRICT","t":787.36,"l":"510: Res-Single Family","c":0}},{"type":"Feature","geometry":{"type":"Polygon","coordinates":[[[-82.969036,40.805548],[-82.969215,40.805547],[-82.969219,40.805976],[-82.96904,40.805976],[-82.969036,40.805548]]]},"properties":{"p":"8-0016378.000","o":"WITTEN SHIRLEY L","a":"504 E  CHARLES                ST","d":"BUCYRUS CITY SCHOOL DISTRICT","t":580.33,"l":"520: Res-Two Family","c":0}},{"type":"Feature","geometry":{"type":"Polygon","coordinates":[[[-82.982856,40.812447],[-82.982857,40.812337],[-82.98336,40.812334],[-82.983361,40.812446],[-82.982856,40.812447]]]},"properties":{"p":"8-0016442.000","o":"FONG NG FUI","a":"419    JUMP                   ST","d":"BUCYRUS CITY SCHOOL DISTRICT","t":1724.6,"l":"510: Res-Single Family","c":0}},{"type":"Feature","geometry":{"type":"Polygon","coordinates":[[[-82.976616,40.819279],[-82.976611,40.819019],[-82.976823,40.819018],[-82.976832,40.819279],[-82.976616,40.819279]]]},"properties":{"p":"8-0016498.000","o":"SCHIFFERLY TRACY L","a":"146    FRANKLIN (150)         ST","d":"BUCYRUS CITY SCHOOL DISTRICT","t":1704.8,"l":"520: Res-Two Family","c":0}},{"type":"Feature","geometry":{"type":"Polygon","coordinates":[[[-82.981366,40.811613],[-82.981968,40.811607],[-82.981973,40.811789],[-82.981371,40.811796],[-82.981366,40.811613]]]},"properties":{"p":"8-0016535.000","o":"KNECHT KATHLEEN M","a":"329    JAMES                  ST","d":"BUCYRUS CITY SCHOOL DISTRICT","t":2063.55,"l":"510: Res-Single Family","c":0}},{"type":"Feature","geometry":{"type":"Polygon","coordinates":[[[-82.979652,40.795969],[-82.979832,40.79598],[-82.979832,40.796021],[-82.979483,40.795997],[-82.979483,40.795959],[-82.979652,40.795969]]]},"properties":{"p":"8-0016596.001","o":"VASIL CAROL SUE","a":"1123    MARION                 RD","d":"BUCYRUS CITY SCHOOL DISTRICT","t":11.99,"l":"500: Res-Vacant Land","c":0}},{"type":"Feature","geometry":{"type":"Polygon","coordinates":[[[-82.969698,40.803867],[-82.970064,40.803856],[-82.970067,40.803971],[-82.9697,40.803982],[-82.969698,40.803867]]]},"properties":{"p":"8-0016600.000","o":"KRONENBERGER JOEL E","a":"531    PARK                   AV","d":"BUCYRUS CITY SCHOOL DISTRICT","t":252.05,"l":"510: Res-Single Family","c":0}},{"type":"Feature","geometry":{"type":"Polygon","coordinates":[[[-82.978205,40.809338],[-82.978205,40.809246],[-82.978465,40.809244],[-82.978466,40.809339],[-82.978205,40.809338]]]},"properties":{"p":"8-0016674.000","o":"LAWSON JOSHUA","a":"116 N  SPRING                 ST","d":"BUCYRUS CITY SCHOOL DISTRICT","t":237.93,"l":"510: Res-Single Family","c":0}},{"type":"Feature","geometry":{"type":"Polygon","coordinates":[[[-82.961981,40.79784],[-82.962137,40.797837],[-82.962146,40.798207],[-82.96199,40.79821],[-82.961981,40.79784]]]},"properties":{"p":"8-0016684.000","o":"STEELE APRIL","a":"1016 E  SOUTHERN               AV","d":"BUCYRUS CITY SCHOOL DISTRICT","t":452.67,"l":"510: Res-Single Family","c":0}},{"type":"Feature","geometry":{"type":"Polygon","coordinates":[[[-82.959831,40.809275],[-82.960353,40.809258],[-82.960353,40.809269],[-82.959831,40.809286],[-82.959831,40.809275]]]},"properties":{"p":"8-0016735.000","o":"ROSS CARLA & CARLA S","a":"216    INEZ                   ST","d":"BUCYRUS CITY SCHOOL DISTRICT","t":16.68,"l":"500: Res-Vacant Land","c":0}},{"type":"Feature","geometry":{"type":"Polygon","coordinates":[[[-82.960007,40.809412],[-82.959833,40.809418],[-82.959831,40.809286],[-82.960353,40.809269],[-82.960356,40.809401],[-82.960007,40.809412]]]},"properties":{"p":"8-0016736.000","o":"ROSS CARLA & CARLA S","a":"216    INEZ                   ST","d":"BUCYRUS CITY SCHOOL DISTRICT","t":942.55,"l":"510: Res-Single Family","c":0}},{"type":"Feature","geometry":{"type":"Polygon","coordinates":[[[-82.964886,40.806094],[-82.964736,40.8061],[-82.964758,40.806516],[-82.964607,40.80652],[-82.964586,40.80602],[-82.964883,40.806013],[-82.964886,40.806094]]]},"properties":{"p":"8-0016872.000","o":"EVERYTHING IS AWESOME LLC","a":"829 E  WARREN                 ST","d":"BUCYRUS CITY SCHOOL DISTRICT","t":894.18,"l":"510: Res-Single Family","c":0}},{"type":"Feature","geometry":{"type":"Polygon","coordinates":[[[-82.970652,40.817952],[-82.971068,40.817954],[-82.971071,40.818115],[-82.970655,40.818113],[-82.970652,40.817952]]]},"properties":{"p":"8-0016976.000","o":"SURGENER PROPERTY GROUP INC","a":"908    MAPLE (910,912)        ST","d":"BUCYRUS CITY SCHOOL DISTRICT","t":104.16,"l":"530: Res-Three Family","c":0}},{"type":"Feature","geometry":{"type":"Polygon","coordinates":[[[-82.970263,40.805137],[-82.970257,40.804902],[-82.970419,40.804898],[-82.970425,40.805137],[-82.970263,40.805137]]]},"properties":{"p":"8-0017283.000","o":"KLEINHOFFER SHAYNIE L","a":"420    WOODLAWN               AV","d":"BUCYRUS CITY SCHOOL DISTRICT","t":2048.7,"l":"510: Res-Single Family","c":0}},{"type":"Feature","geometry":{"type":"Polygon","coordinates":[[[-82.970515,40.802129],[-82.970678,40.80213],[-82.970854,40.802268],[-82.970855,40.802296],[-82.97052,40.802298],[-82.970515,40.802129]]]},"properties":{"p":"8-0017332.000","o":"HARMON BRANDY","a":"600 S  EAST                   ST","d":"BUCYRUS CITY SCHOOL DISTRICT","t":32.85,"l":"510: Res-Single Family","c":0}},{"type":"Feature","geometry":{"type":"Polygon","coordinates":[[[-82.968606,40.803272],[-82.968605,40.803232],[-82.96908,40.803229],[-82.969081,40.803269],[-82.968606,40.803272]]]},"properties":{"p":"8-0017414.000","o":"REAGAN JOSHUA J","a":"559    PROSPECT               ST","d":"BUCYRUS CITY SCHOOL DISTRICT","t":81.8,"l":"599: Res-Other","c":0}},{"type":"Feature","geometry":{"type":"Polygon","coordinates":[[[-82.969353,40.819043],[-82.969347,40.818597],[-82.969541,40.818594],[-82.969548,40.81904],[-82.969353,40.819043]]]},"properties":{"p":"8-0017430.000","o":"GILLIAM TEDDY D & BONNIE C","a":"418    MILO                   ST","d":"BUCYRUS CITY SCHOOL DISTRICT","t":703.35,"l":"510: Res-Single Family","c":0}},{"type":"Feature","geometry":{"type":"Polygon","coordinates":[[[-82.965811,40.798047],[-82.96597,40.798047],[-82.965978,40.798482],[-82.965825,40.798426],[-82.965811,40.798047]]]},"properties":{"p":"8-0017502.001","o":"MATTHEWS LINDA K","a":"713    HOPLEY (REAR)          AV","d":"BUCYRUS CITY SCHOOL DISTRICT","t":208.61,"l":"598: Res-Custom Code","c":0}},{"type":"Feature","geometry":{"type":"Polygon","coordinates":[[[-82.966104,40.817654],[-82.966584,40.817652],[-82.966585,40.817762],[-82.966105,40.817764],[-82.966104,40.817654]]]},"properties":{"p":"8-0017538.000","o":"CARR GARY W","a":"900    SHERMAN                ST","d":"BUCYRUS CITY SCHOOL DISTRICT","t":1303.35,"l":"510: Res-Single Family","c":0}},{"type":"Feature","geometry":{"type":"Polygon","coordinates":[[[-82.961095,40.804314],[-82.961597,40.804307],[-82.961598,40.804417],[-82.961095,40.804427],[-82.961095,40.804314]]]},"properties":{"p":"8-0017615.000","o":"KLEINHOFFER STEPHNIE L","a":"522    FAILOR                 ST","d":"BUCYRUS CITY SCHOOL DISTRICT","t":14.97,"l":"510: Res-Single Family","c":0}},{"type":"Feature","geometry":{"type":"Polygon","coordinates":[[[-82.976687,40.801113],[-82.976687,40.801152],[-82.976526,40.801151],[-82.976526,40.801113],[-82.976687,40.801113]]]},"properties":{"p":"8-0017693.000","o":"KORNER ROBERT P","a":"123 W  CENTER                 ST","d":"BUCYRUS CITY SCHOOL DISTRICT","t":12.52,"l":"500: Res-Vacant Land","c":0}},{"type":"Feature","geometry":{"type":"Polygon","coordinates":[[[-82.976687,40.801243],[-82.976688,40.801336],[-82.976527,40.801337],[-82.976526,40.801151],[-82.976687,40.801152],[-82.976687,40.801243]]]},"properties":{"p":"8-0017694.000","o":"KORNER ROBERT P","a":"123 W  CENTER                 ST","d":"BUCYRUS CITY SCHOOL DISTRICT","t":1353.62,"l":"510: Res-Single Family","c":0}},{"type":"Feature","geometry":{"type":"Polygon","coordinates":[[[-82.959053,40.79716],[-82.959421,40.797157],[-82.959424,40.797282],[-82.959054,40.797291],[-82.959053,40.79716]]]},"properties":{"p":"8-0017707.000","o":"SNAVELY ANTHONY","a":"1021    WHETSTONE              ST","d":"BUCYRUS CITY SCHOOL DISTRICT","t":42.97,"l":"510: Res-Single Family","c":0}},{"type":"Feature","geometry":{"type":"Polygon","coordinates":[[[-82.97631,40.814554],[-82.976309,40.814691],[-82.975781,40.814693],[-82.975781,40.814556],[-82.97631,40.814554]]]},"properties":{"p":"8-0017755.000","o":"WANAMAKER SETH L & JOHN W","a":"609 N  SANDUSKY               AV","d":"BUCYRUS CITY SCHOOL DISTRICT","t":755.12,"l":"510: Res-Single Family","c":0}},{"type":"Feature","geometry":{"type":"Polygon","coordinates":[[[-82.969801,40.801904],[-82.969802,40.801551],[-82.969936,40.80155],[-82.970377,40.801895],[-82.969801,40.801904]]]},"properties":{"p":"8-0017828.000","o":"MILEY DEIDRE A","a":"432    HOPLEY                 AV","d":"BUCYRUS CITY SCHOOL DISTRICT","t":316.55,"l":"510: Res-Single Family","c":0}},{"type":"Feature","geometry":{"type":"Polygon","coordinates":[[[-82.964238,40.805433],[-82.96425,40.805745],[-82.964106,40.805749],[-82.964093,40.805436],[-82.964238,40.805433]]]},"properties":{"p":"8-0017842.000","o":"CRAWFORD KEVIN","a":"905    HULL                   AV","d":"BUCYRUS CITY SCHOOL DISTRICT","t":1725.3,"l":"510: Res-Single Family","c":0}},{"type":"Feature","geometry":{"type":"Polygon","coordinates":[[[-82.963949,40.80544],[-82.964093,40.805436],[-82.964106,40.805749],[-82.963961,40.805752],[-82.963949,40.80544]]]},"properties":{"p":"8-0017843.000","o":"CRAWFORD KEVIN","a":"905    HULL                   AV","d":"BUCYRUS CITY SCHOOL DISTRICT","t":127.14,"l":"500: Res-Vacant Land","c":0}},{"type":"Feature","geometry":{"type":"Polygon","coordinates":[[[-82.972101,40.798163],[-82.972102,40.798258],[-82.971938,40.798259],[-82.971936,40.79792],[-82.972099,40.797919],[-82.972101,40.798163]]]},"properties":{"p":"8-0017864.000","o":"RIDGEWAY SHAWN E","a":"315    NORA                   ST","d":"BUCYRUS CITY SCHOOL DISTRICT","t":767.65,"l":"510: Res-Single Family","c":0}},{"type":"Feature","geometry":{"type":"Polygon","coordinates":[[[-82.971933,40.79792],[-82.971938,40.798259],[-82.971881,40.79826],[-82.971878,40.79792],[-82.971933,40.79792]]]},"properties":{"p":"8-0017865.000","o":"RIDGEWAY SHAWN E","a":"315    NORA                   ST","d":"BUCYRUS CITY SCHOOL DISTRICT","t":72.42,"l":"500: Res-Vacant Land","c":0}},{"type":"Feature","geometry":{"type":"Polygon","coordinates":[[[-82.982942,40.802999],[-82.982435,40.802998],[-82.982434,40.802873],[-82.982941,40.802876],[-82.982942,40.802999]]]},"properties":{"p":"8-0017911.000","o":"PONZIANI VINCENT L & KIMBERLY","a":"557    VIRGINIA               AV","d":"BUCYRUS CITY SCHOOL DISTRICT","t":2088.79,"l":"510: Res-Single Family","c":0}},{"type":"Feature","geometry":{"type":"Polygon","coordinates":[[[-82.98099,40.817833],[-82.980971,40.817785],[-82.981674,40.817787],[-82.981671,40.818104],[-82.981095,40.818107],[-82.98099,40.817833]]]},"properties":{"p":"8-0018110.001","o":"MOSLEY MICHAEL W","a":"905    TIFFIN                 ST","d":"BUCYRUS CITY SCHOOL DISTRICT","t":1415.63,"l":"510: Res-Single Family","c":0}},{"type":"Feature","geometry":{"type":"Polygon","coordinates":[[[-82.98322,40.811048],[-82.98322,40.810865],[-82.983437,40.810863],[-82.983437,40.811046],[-82.98322,40.811048]]]},"properties":{"p":"8-0018125.000","o":"STOFFER TOBY & JILL","a":"602 W  MARY                   ST","d":"BUCYRUS CITY SCHOOL DISTRICT","t":34.98,"l":"500: Res-Vacant Land","c":0}},{"type":"Feature","geometry":{"type":"Polygon","coordinates":[[[-82.985867,40.79095],[-82.985867,40.790967],[-82.985376,40.790965],[-82.985376,40.790949],[-82.985867,40.79095]]]},"properties":{"p":"8-0018220.000","o":"SHACKELFORD RICHARD P JR &","a":"1539    FAIRVIEW               AV","d":"BUCYRUS CITY SCHOOL DISTRICT","t":12.41,"l":"500: Res-Vacant Land","c":0}},{"type":"Feature","geometry":{"type":"Polygon","coordinates":[[[-82.985865,40.790693],[-82.985867,40.79095],[-82.985376,40.790949],[-82.985375,40.790691],[-82.985865,40.790693]]]},"properties":{"p":"8-0018221.000","o":"SHACKELFORD RICHARD P JR &","a":"1539    FAIRVIEW               AV","d":"BUCYRUS CITY SCHOOL DISTRICT","t":1231.86,"l":"510: Res-Single Family","c":0}},{"type":"Feature","geometry":{"type":"Polygon","coordinates":[[[-82.96522,40.817182],[-82.965493,40.817178],[-82.965499,40.817467],[-82.965226,40.817469],[-82.96522,40.817182]]]},"properties":{"p":"8-0018232.000","o":"MARSHALL JOHNIE M & COURTNEY D","a":"807    WOODALE                ST","d":"BUCYRUS CITY SCHOOL DISTRICT","t":2078.14,"l":"510: Res-Single Family","c":0}},{"type":"Feature","geometry":{"type":"Polygon","coordinates":[[[-82.973255,40.803019],[-82.973407,40.803018],[-82.973409,40.803173],[-82.972867,40.803176],[-82.972865,40.803023],[-82.973255,40.803019]]]},"properties":{"p":"8-0018244.000","o":"RIDGEWAY SHAWN E","a":"559    ROGERS (557)           ST","d":"BUCYRUS CITY SCHOOL DISTRICT","t":973.57,"l":"520: Res-Two Family","c":0}},{"type":"Feature","geometry":{"type":"Polygon","coordinates":[[[-82.984635,40.812944],[-82.985139,40.812937],[-82.98514,40.813102],[-82.984636,40.813104],[-82.984635,40.812944]]]},"properties":{"p":"8-0018248.000","o":"IRWIN CHARLES V JR","a":"434    MYERS                  ST","d":"BUCYRUS CITY SCHOOL DISTRICT","t":1592.79,"l":"510: Res-Single Family","c":0}},{"type":"Feature","geometry":{"type":"Polygon","coordinates":[[[-82.984635,40.812939],[-82.984635,40.812857],[-82.985139,40.812855],[-82.985139,40.812937],[-82.984635,40.812939]]]},"properties":{"p":"8-0018249.000","o":"IRWIN CHARLES V JR","a":"434    MYERS                  ST","d":"BUCYRUS CITY SCHOOL DISTRICT","t":105.25,"l":"500: Res-Vacant Land","c":0}},{"type":"Feature","geometry":{"type":"Polygon","coordinates":[[[-82.962217,40.811518],[-82.962215,40.811409],[-82.962748,40.811274],[-82.96275,40.811383],[-82.962217,40.811518]]]},"properties":{"p":"8-0018415.000","o":"MIRACLE MICHAEL","a":"206 N  HIGHLAND               AV","d":"BUCYRUS CITY SCHOOL DISTRICT","t":449.08,"l":"510: Res-Single Family","c":0}},{"type":"Feature","geometry":{"type":"Polygon","coordinates":[[[-82.980181,40.8048],[-82.980136,40.8048],[-82.980135,40.804608],[-82.980298,40.804608],[-82.980299,40.8048],[-82.980181,40.8048]]]},"properties":{"p":"8-0018492.000","o":"KIE PROPERTYS LLC","a":"410    GAY                    ST","d":"BUCYRUS CITY SCHOOL DISTRICT","t":980.45,"l":"510: Res-Single Family","c":0}},{"type":"Feature","geometry":{"type":"Polygon","coordinates":[[[-82.959973,40.804555],[-82.959973,40.804599],[-82.959795,40.804606],[-82.959793,40.804415],[-82.959973,40.804411],[-82.959973,40.804555]]]},"properties":{"p":"8-0018519.000","o":"VANBUSKIRK RONALD","a":"424    UNION                  ST","d":"BUCYRUS CITY SCHOOL DISTRICT","t":104.21,"l":"599: Res-Other","c":0}},{"type":"Feature","geometry":{"type":"Polygon","coordinates":[[[-82.974891,40.794981],[-82.974899,40.795391],[-82.974734,40.795395],[-82.974732,40.794985],[-82.974891,40.794981]]]},"properties":{"p":"8-0018522.000","o":"GUBERNATH CRAIG J","a":"151 E  KILBOURNE              DR","d":"BUCYRUS CITY SCHOOL DISTRICT","t":1175.33,"l":"510: Res-Single Family","c":0}},{"type":"Feature","geometry":{"type":"Polygon","coordinates":[[[-82.972994,40.816741],[-82.972467,40.816743],[-82.972465,40.816583],[-82.972991,40.816583],[-82.972994,40.816741]]]},"properties":{"p":"8-0018544.000","o":"NASH SHANNA","a":"803    WINGERT                ST","d":"BUCYRUS CITY SCHOOL DISTRICT","t":577.35,"l":"510: Res-Single Family","c":0}},{"type":"Feature","geometry":{"type":"Polygon","coordinates":[[[-82.971811,40.816934],[-82.972326,40.81693],[-82.972328,40.8171],[-82.971869,40.817107],[-82.971812,40.817034],[-82.971811,40.816934]]]},"properties":{"p":"8-0018682.000","o":"NICKELSON GRANT","a":"814    WINGERT                ST","d":"BUCYRUS CITY SCHOOL DISTRICT","t":1034.28,"l":"510: Res-Single Family","c":0}},{"type":"Feature","geometry":{"type":"Polygon","coordinates":[[[-82.979784,40.809076],[-82.979783,40.808736],[-82.980017,40.808735],[-82.98002,40.809196],[-82.979784,40.809175],[-82.979784,40.809076]]]},"properties":{"p":"8-0018780.000","o":"STAMPER DOUGLAS M","a":"400 W  MANSFIELD              ST","d":"BUCYRUS CITY SCHOOL DISTRICT","t":670.97,"l":"510: Res-Single Family","c":0}},{"type":"Feature","geometry":{"type":"Polygon","coordinates":[[[-82.964017,40.804345],[-82.964018,40.804478],[-82.963468,40.804496],[-82.963467,40.804364],[-82.964017,40.804345]]]},"properties":{"p":"8-0018793.000","o":"POWERS JOSEPH L","a":"518    RUSSELL                AV","d":"BUCYRUS CITY SCHOOL DISTRICT","t":383.08,"l":"510: Res-Single Family","c":0}},{"type":"Feature","geometry":{"type":"Polygon","coordinates":[[[-82.979472,40.795996],[-82.979114,40.795971],[-82.979148,40.795938],[-82.979472,40.795958],[-82.979472,40.795996]]]},"properties":{"p":"8-0018885.000","o":"VASIL CAROL S","a":"1123    MARION                 RD","d":"BUCYRUS CITY SCHOOL DISTRICT","t":42.71,"l":"500: Res-Vacant Land","c":0}},{"type":"Feature","geometry":{"type":"Polygon","coordinates":[[[-82.970572,40.81438],[-82.97058,40.814783],[-82.970428,40.814784],[-82.97042,40.81438],[-82.970572,40.81438]]]},"properties":{"p":"8-0018957.000","o":"GRIMMETT JAMES M JR","a":"325    BLICKE                 ST","d":"BUCYRUS CITY SCHOOL DISTRICT","t":767.99,"l":"510: Res-Single Family","c":0}},{"type":"Feature","geometry":{"type":"Polygon","coordinates":[[[-82.981724,40.804949],[-82.981572,40.80495],[-82.98157,40.804603],[-82.981722,40.804602],[-82.981724,40.804949]]]},"properties":{"p":"8-0019046.000","o":"LAUB ALYSHA A","a":"514    GAY                    ST","d":"BUCYRUS CITY SCHOOL DISTRICT","t":396.84,"l":"510: Res-Single Family","c":0}},{"type":"Feature","geometry":{"type":"Polygon","coordinates":[[[-82.972242,40.802721],[-82.972067,40.802723],[-82.972064,40.802586],[-82.972622,40.80258],[-82.972624,40.802718],[-82.972242,40.802721]]]},"properties":{"p":"8-0019096.000","o":"SCOTT STEPHNIE L","a":"576    ROGERS                 ST","d":"BUCYRUS CITY SCHOOL DISTRICT","t":13.3,"l":"510: Res-Single Family","c":0}},{"type":"Feature","geometry":{"type":"Polygon","coordinates":[[[-82.979784,40.8092],[-82.979788,40.809662],[-82.979549,40.809647],[-82.979546,40.809201],[-82.979784,40.8092]]]},"properties":{"p":"8-0019111.000","o":"NASH SHANNA L","a":"327 W  GALEN                  ST","d":"BUCYRUS CITY SCHOOL DISTRICT","t":822.3,"l":"510: Res-Single Family","c":0}},{"type":"Feature","geometry":{"type":"Polygon","coordinates":[[[-82.978285,40.811844],[-82.978242,40.811879],[-82.977633,40.811459],[-82.978585,40.811449],[-82.978586,40.811647],[-82.978491,40.811695],[-82.978285,40.811844]]]},"properties":{"p":"8-0019138.000","o":"GALLANT LARRY","a":"216 W  MARY                   ST","d":"BUCYRUS CITY SCHOOL DISTRICT","t":1333.31,"l":"510: Res-Single Family","c":0}},{"type":"Feature","geometry":{"type":"Polygon","coordinates":[[[-82.970109,40.801012],[-82.969726,40.801016],[-82.969724,40.800879],[-82.97027,40.800873],[-82.970272,40.80101],[-82.970109,40.801012]]]},"properties":{"p":"8-0019199.000","o":"SHANKS REBECCA KELLY","a":"707    FAUSTINA               AV","d":"BUCYRUS CITY SCHOOL DISTRICT","t":910.42,"l":"510: Res-Single Family","c":0}},{"type":"Feature","geometry":{"type":"Polygon","coordinates":[[[-82.983426,40.814934],[-82.983426,40.814816],[-82.983951,40.814813],[-82.983951,40.81493],[-82.983426,40.814934]]]},"properties":{"p":"8-0019204.000","o":"BENNETT KIMBERLY","a":"612    SEARS                  ST","d":"BUCYRUS CITY SCHOOL DISTRICT","t":296.3,"l":"510: Res-Single Family","c":0}},{"type":"Feature","geometry":{"type":"Polygon","coordinates":[[[-82.967916,40.803536],[-82.968393,40.803532],[-82.968395,40.803646],[-82.967917,40.80365],[-82.967916,40.803536]]]},"properties":{"p":"8-0019260.000","o":"PETERMAN DAVID L","a":"542    PROSPECT               ST","d":"BUCYRUS CITY SCHOOL DISTRICT","t":603.36,"l":"510: Res-Single Family","c":0}},{"type":"Feature","geometry":{"type":"Polygon","coordinates":[[[-82.969938,40.800756],[-82.970269,40.800752],[-82.970269,40.800763],[-82.969722,40.800769],[-82.969722,40.800758],[-82.969938,40.800756]]]},"properties":{"p":"8-0019346.000","o":"KEIDERLING JAMES A","a":"711    FAUSTINA               AV","d":"BUCYRUS CITY SCHOOL DISTRICT","t":1.06,"l":"500: Res-Vacant Land","c":0}},{"type":"Feature","geometry":{"type":"Polygon","coordinates":[[[-82.978463,40.810723],[-82.977754,40.81073],[-82.977749,40.810296],[-82.978465,40.810293],[-82.978463,40.810723]]]},"properties":{"p":"8-0050027.000","o":"HENSLEY F MATTHEW","a":"301 W  MARY                   ST","d":"BUCYRUS CITY SCHOOL DISTRICT","t":20.46,"l":"456: Com-Parking Garage","c":0}},{"type":"Feature","geometry":{"type":"Polygon","coordinates":[[[-82.982754,40.789624],[-82.982746,40.788545],[-82.983288,40.788544],[-82.9833,40.790138],[-82.982758,40.790139],[-82.982754,40.789624]]]},"properties":{"p":"9-0001365.000","o":"CROCKETT JAMES & NICHOLE","a":"445 W  BEAL                   AV","d":"WYNFORD LOCAL SCHOOL DISTRICT","t":3748.33,"l":"510: Res-Single Family","c":0}},{"type":"Feature","geometry":{"type":"Polygon","coordinates":[[[-82.986395,40.788584],[-82.986175,40.788802],[-82.98561,40.78846],[-82.98583,40.788242],[-82.986395,40.788584]]]},"properties":{"p":"9-0001372.000","o":"NASH JEFFERY S","a":"1650    MARION                 RD","d":"WYNFORD LOCAL SCHOOL DISTRICT","t":1691.54,"l":"455: Com-Garage","c":0}},{"type":"Feature","geometry":{"type":"Polygon","coordinates":[[[-82.975671,40.825753],[-82.976381,40.825759],[-82.976381,40.825782],[-82.975712,40.825776],[-82.975671,40.825753]]]},"properties":{"p":"9-0003679.001","o":"CRAWFORD HOSPITALITY LLC","a":"N  SANDUSKY               AV","d":"WYNFORD LOCAL SCHOOL DISTRICT","t":583.32,"l":"400: Com-Vacant Land","c":0}},{"type":"Feature","geometry":{"type":"Polygon","coordinates":[[[-82.975671,40.825753],[-82.975277,40.825528],[-82.975268,40.824985],[-82.976368,40.824975],[-82.976381,40.825759],[-82.975671,40.825753]]]},"properties":{"p":"9-0003928.006","o":"CRAWFORD HOSPITALITY LLC","a":"1575 N  SANDUSKY               AV","d":"WYNFORD LOCAL SCHOOL DISTRICT","t":32288.93,"l":"410: Com-Motel","c":0}},{"type":"Feature","geometry":{"type":"Polygon","coordinates":[[[-82.908088,40.75089],[-82.90855,40.750881],[-82.908563,40.751117],[-82.907188,40.751153],[-82.907021,40.75091],[-82.908088,40.75089]]]},"properties":{"p":"53-0012308.000","o":"ROSE ROBERT G JR","a":"1294    SR 100","d":"COLONEL CRAWFORD LOCAL SCHOOL DISTRICT","t":1588.13,"l":"510: Res-Single Family","c":0}},{"type":"Feature","geometry":{"type":"Polygon","coordinates":[[[-82.896435,40.745159],[-82.89615,40.745127],[-82.896147,40.744906],[-82.896432,40.74494],[-82.896435,40.745159]]]},"properties":{"p":"53-0012331.000","o":"SCOTT EMMETT & BLANCHE","a":"1125    MT GILEAD              AV","d":"COLONEL CRAWFORD LOCAL SCHOOL DISTRICT","t":14.14,"l":"598: Res-Custom Code","c":0}},{"type":"Feature","geometry":{"type":"Polygon","coordinates":[[[-82.861732,40.812588],[-82.862469,40.812578],[-82.862483,40.813181],[-82.861747,40.813192],[-82.861732,40.812588]]]},"properties":{"p":"53-0012474.001","o":"RASNAKE JOEL & SARAH","a":"5237    LINCOLN                HW","d":"COLONEL CRAWFORD LOCAL SCHOOL DISTRICT","t":878.47,"l":"510: Res-Single Family","c":0}},{"type":"Feature","geometry":{"type":"Polygon","coordinates":[[[-82.908043,40.750869],[-82.908002,40.75014],[-82.908507,40.750127],[-82.908549,40.750873],[-82.90815,40.75084],[-82.908088,40.75089],[-82.907021,40.75091],[-82.907011,40.750893],[-82.908043,40.750869]]]},"properties":{"p":"53-0012476.000","o":"ROSE ROBERT G JR","a":"1268    SR 100","d":"COLONEL CRAWFORD LOCAL SCHOOL DISTRICT","t":75.52,"l":"598: Res-Custom Code","c":0}},{"type":"Feature","geometry":{"type":"Polygon","coordinates":[[[-82.90815,40.75084],[-82.90855,40.750881],[-82.908088,40.75089],[-82.90815,40.75084]]]},"properties":{"p":"53-0012476.001","o":"ROSE ROBERT G JR","a":"1294    SR 100","d":"COLONEL CRAWFORD LOCAL SCHOOL DISTRICT","t":2.43,"l":"500: Res-Vacant Land","c":0}},{"type":"Feature","geometry":{"type":"Polygon","coordinates":[[[-82.932408,40.801788],[-82.933102,40.801307],[-82.933151,40.801348],[-82.932457,40.801829],[-82.932408,40.801788]]]},"properties":{"p":"53-0512772.001","o":"GOULD PAMELA LEE","a":"2696    ALBRIGHT               RD","d":"COLONEL CRAWFORD LOCAL SCHOOL DISTRICT","t":21,"l":"500: Res-Vacant Land","c":0}},{"type":"Feature","geometry":{"type":"Polygon","coordinates":[[[-82.932408,40.801788],[-82.932104,40.801535],[-82.932805,40.801059],[-82.933102,40.801307],[-82.932408,40.801788]]]},"properties":{"p":"53-0512773.000","o":"GOULD PAMELA LEE","a":"2696    ALBRIGHT               RD","d":"COLONEL CRAWFORD LOCAL SCHOOL DISTRICT","t":1436.7,"l":"510: Res-Single Family","c":0}},{"type":"Feature","geometry":{"type":"Polygon","coordinates":[[[-82.931503,40.801024],[-82.932203,40.800548],[-82.932504,40.800804],[-82.931804,40.801279],[-82.931503,40.801024]]]},"properties":{"p":"53-0512774.000","o":"MCGUIRE JAMES LOGAN","a":"2676    ALBRIGHT               RD","d":"COLONEL CRAWFORD LOCAL SCHOOL DISTRICT","t":6.99,"l":"500: Res-Vacant Land","c":0}},{"type":"Feature","geometry":{"type":"Polygon","coordinates":[[[-82.931202,40.800768],[-82.931902,40.800292],[-82.932203,40.800548],[-82.931503,40.801024],[-82.931202,40.800768]]]},"properties":{"p":"53-0512775.000","o":"MCGUIRE JAMES LOGAN","a":"2676    ALBRIGHT               RD","d":"COLONEL CRAWFORD LOCAL SCHOOL DISTRICT","t":143.97,"l":"510: Res-Single Family","c":0}},{"type":"Feature","geometry":{"type":"Polygon","coordinates":[[[-82.931618,40.800025],[-82.931902,40.800292],[-82.931202,40.800768],[-82.930901,40.800512],[-82.931618,40.800025]]]},"properties":{"p":"53-0512776.000","o":"MCGUIRE JAMES LOGAN","a":"2676    ALBRIGHT               RD","d":"COLONEL CRAWFORD LOCAL SCHOOL DISTRICT","t":6.99,"l":"500: Res-Vacant Land","c":0}},{"type":"Feature","geometry":{"type":"Polygon","coordinates":[[[-82.94251,40.813913],[-82.942674,40.814257],[-82.942385,40.814337],[-82.942204,40.813959],[-82.94251,40.813913]]]},"properties":{"p":"53-0712813.000","o":"GOLDSTEIN PAULINE K","a":"2303    STETZER                RD","d":"COLONEL CRAWFORD LOCAL SCHOOL DISTRICT","t":1495.81,"l":"510: Res-Single Family","c":0}},{"type":"Feature","geometry":{"type":"Polygon","coordinates":[[[-82.941888,40.813538],[-82.942195,40.813537],[-82.942204,40.813959],[-82.941899,40.814004],[-82.941888,40.813538]]]},"properties":{"p":"53-0712838.000","o":"CUNDIFF DIANE L","a":"2314    FREDA                  DR","d":"COLONEL CRAWFORD LOCAL SCHOOL DISTRICT","t":1674.94,"l":"510: Res-Single Family","c":0}}]}