{"type":"FeatureCollection","features":[{"type":"Feature","geometry":{"type":"Polygon","coordinates":[[[-81.984019,39.120629],[-81.984091,39.120346],[-81.984817,39.120458],[-81.984745,39.120741],[-81.98461,39.12072],[-81.984591,39.120717],[-81.984591,39.120716],[-81.984149,39.12065],[-81.984019,39.120629]]]},"properties":{"p":"0100027000","o":"JACKS ERIC M","a":"SEC2 T3N R13W PART S OF RD. W OF CHURCH LOT","d":"MEIGS LOCAL SCHOOL DISTRICT","t":711.06,"l":"RE","c":0}},{"type":"Feature","geometry":{"type":"Polygon","coordinates":[[[-82.05902,39.151141],[-82.059197,39.150946],[-82.061805,39.151072],[-82.061767,39.151549],[-82.058739,39.151403],[-82.05902,39.151141]]]},"properties":{"p":"0100055001","o":"ROWE TERRY R &/OR DENISE K","a":"SEC28 FR34 T3N R13W 3.205A OUT OF 38.50A","d":"MEIGS LOCAL SCHOOL DISTRICT","t":1021.67,"l":"RE","c":0}},{"type":"Feature","geometry":{"type":"Polygon","coordinates":[[[-82.03403,39.128287],[-82.033256,39.128122],[-82.03366,39.127066],[-82.033734,39.127099],[-82.033821,39.127138],[-82.034132,39.127237],[-82.034409,39.127297],[-82.03403,39.128287]]]},"properties":{"p":"0100062000","o":"HOUDASHELT BETSY ANNETTE","a":"FRAC25 T3N R13W 2.00A OUT OF 26.91A","d":"MEIGS LOCAL SCHOOL DISTRICT","t":463.66,"l":"RE","c":0}},{"type":"Feature","geometry":{"type":"Polygon","coordinates":[[[-82.015656,39.186389],[-82.016928,39.186432],[-82.01696,39.186842],[-82.015996,39.186834],[-82.015998,39.186693],[-82.01564,39.186624],[-82.015656,39.186389]]]},"properties":{"p":"0100067002","o":"HINDENACH CHELSEA C","a":"SEC18 T3N R13W 1.163A OUT OF 2.36","d":"MEIGS LOCAL SCHOOL DISTRICT","t":592.16,"l":"RE","c":0}},{"type":"Feature","geometry":{"type":"Polygon","coordinates":[[[-82.011171,39.112655],[-82.011476,39.111677],[-82.011642,39.111704],[-82.012147,39.111865],[-82.012644,39.112003],[-82.012738,39.112026],[-82.011806,39.112652],[-82.011171,39.112655]]]},"properties":{"p":"0100070006","o":"YOUNG CAROLYN","a":"SEC13 T3 R13 2.056A OUT OF 95.89A","d":"MEIGS LOCAL SCHOOL DISTRICT","t":153.93,"l":"RE","c":0}},{"type":"Feature","geometry":{"type":"Polygon","coordinates":[[[-82.008474,39.111484],[-82.008502,39.111175],[-82.008713,39.111186],[-82.008756,39.110699],[-82.00961,39.110612],[-82.009638,39.110615],[-82.009556,39.111606],[-82.008888,39.111545],[-82.008824,39.111539],[-82.008474,39.111484]]]},"properties":{"p":"0100070007","o":"MANKIN KENNETH E","a":"SEC13 T3N R13W 2.031A OUT OF 93.834A","d":"MEIGS LOCAL SCHOOL DISTRICT","t":1042.34,"l":"RE","c":0}},{"type":"Feature","geometry":{"type":"Polygon","coordinates":[[[-82.056225,39.154142],[-82.056239,39.154098],[-82.056239,39.154098],[-82.05626,39.154033],[-82.056308,39.153888],[-82.057293,39.153925],[-82.057195,39.155003],[-82.056021,39.154791],[-82.056079,39.154591],[-82.056225,39.154142]]]},"properties":{"p":"0100094000","o":"CASTEEL JOHN & CASTEEL DELLA","a":"FRAC34 T3N R13W 2.26A OUT OF 24.16A","d":"MEIGS LOCAL SCHOOL DISTRICT","t":111.01,"l":"RE","c":0}},{"type":"Feature","geometry":{"type":"Polygon","coordinates":[[[-82.076859,39.126794],[-82.075641,39.124828],[-82.080123,39.125047],[-82.079953,39.126945],[-82.078251,39.126862],[-82.076859,39.126794]]]},"properties":{"p":"0100220000","o":"GALLOWAY TERESA A","a":"SEC32 T3N R13W S NW COR. OF SECT.17.21A OUT 107. 37A","d":"MEIGS LOCAL SCHOOL DISTRICT","t":350.64,"l":"RE","c":0}},{"type":"Feature","geometry":{"type":"Polygon","coordinates":[[[-82.069956,39.157421],[-82.070057,39.156213],[-82.072511,39.156336],[-82.072438,39.157099],[-82.071752,39.15706],[-82.071519,39.157376],[-82.071397,39.157492],[-82.070963,39.157689],[-82.070702,39.157648],[-82.070385,39.157574],[-82.07005,39.157469],[-82.069956,39.157421]]]},"properties":{"p":"0100263002","o":"CUNDIFF CHARLES &/OR PAULETTE F","a":"SEC34 T3N R13W N PART OF THE NE CORNER 8.382A OUT OF 43.53A EX: 1.746A","d":"MEIGS LOCAL SCHOOL DISTRICT","t":1143.8,"l":"RE","c":0}},{"type":"Feature","geometry":{"type":"Polygon","coordinates":[[[-82.071519,39.157376],[-82.071752,39.15706],[-82.072438,39.157099],[-82.07236,39.157917],[-82.071908,39.157835],[-82.071273,39.157738],[-82.071273,39.157737],[-82.070963,39.157689],[-82.071397,39.157492],[-82.071519,39.157376]]]},"properties":{"p":"0100263003","o":"CUNDIFF JOY R","a":"SEC34 T3N R13W 1.746A OUT OF 8.382A","d":"MEIGS LOCAL SCHOOL DISTRICT","t":387.66,"l":"RE","c":0}},{"type":"Feature","geometry":{"type":"Polygon","coordinates":[[[-82.028913,39.181557],[-82.029116,39.182138],[-82.027307,39.182901],[-82.026995,39.183191],[-82.026375,39.183374],[-82.025857,39.182483],[-82.026777,39.181997],[-82.02756,39.181689],[-82.028913,39.181557]]]},"properties":{"p":"0100401006","o":"BLINN KYLE A","a":"SEC24 T3N R13W 7.0166A OUT OF 29.4927A","d":"MEIGS LOCAL SCHOOL DISTRICT","t":401.7,"l":"RE","c":0}},{"type":"Feature","geometry":{"type":"Polygon","coordinates":[[[-82.038695,39.172215],[-82.038698,39.17219],[-82.038704,39.17219],[-82.038849,39.172221],[-82.039352,39.172373],[-82.03994,39.172575],[-82.04054,39.172767],[-82.040632,39.17279],[-82.040538,39.173607],[-82.038263,39.172717],[-82.038147,39.172671],[-82.03798,39.172214],[-82.038695,39.172215]]]},"properties":{"p":"0100471000","o":"BARNHART LARRY","a":"SEC29 T3N R13W 3.313A OUT OF 17.457","d":"MEIGS LOCAL SCHOOL DISTRICT","t":183.46,"l":"RE","c":0}},{"type":"Feature","geometry":{"type":"Polygon","coordinates":[[[-82.004586,39.136958],[-82.004677,39.136353],[-82.004815,39.136382],[-82.005324,39.136463],[-82.005258,39.137274],[-82.004622,39.137306],[-82.004586,39.136958]]]},"properties":{"p":"0100569001","o":"GREEN KENNETH E","a":"FRAC2 T3N R13W 1.507A OUT OF 91.20A EX 0.0930A","d":"MEIGS LOCAL SCHOOL DISTRICT","t":290.95,"l":"RE","c":0}},{"type":"Feature","geometry":{"type":"Polygon","coordinates":[[[-82.007986,39.134625],[-82.009402,39.134687],[-82.009311,39.135867],[-82.007896,39.135781],[-82.00791,39.135609],[-82.007986,39.134625]]]},"properties":{"p":"0100584000","o":"HAWK JOHN G SR","a":"FRAC6 T3N R13W LOT SECT.15 W OF E QUINCY IN S 1/2","d":"MEIGS LOCAL SCHOOL DISTRICT","t":332.64,"l":"RE","c":0}},{"type":"Feature","geometry":{"type":"Polygon","coordinates":[[[-81.971177,39.145132],[-81.971237,39.144556],[-81.97405,39.144653],[-81.97722,39.144763],[-81.97722,39.144766],[-81.977199,39.144853],[-81.977136,39.144971],[-81.976883,39.145255],[-81.976731,39.14543],[-81.972849,39.145297],[-81.971165,39.14524],[-81.971177,39.145132]]]},"properties":{"p":"0100619000","o":"ROLLINS CLARA F","a":"SEC4 T3N R13W S PART 9.90 OUT OF 25A","d":"MEIGS LOCAL SCHOOL DISTRICT","t":306.01,"l":"RE","c":0}},{"type":"Feature","geometry":{"type":"MultiPolygon","coordinates":[[[[-81.998069,39.187399],[-81.99857,39.187214],[-81.998224,39.187356],[-81.998069,39.187399]]],[[[-81.998959,39.18703],[-81.999804,39.186632],[-81.999001,39.187011],[-81.998959,39.18703]]]]},"properties":{"p":"0100658001","o":"YORK GARY R &/OR KAREN K","a":"SEC12 T3N R13W 43.39A OUT OF 67.25A","d":"MEIGS LOCAL SCHOOL DISTRICT","t":2357.82,"l":"RE","c":0}},{"type":"Feature","geometry":{"type":"Polygon","coordinates":[[[-82.023118,39.147979],[-82.022754,39.147988],[-82.020754,39.147934],[-82.020537,39.147565],[-82.022544,39.147514],[-82.023118,39.147979]]]},"properties":{"p":"0100677000","o":"WELLS NANCY E","a":"FRAC17 T3N R13W SE COR","d":"MEIGS LOCAL SCHOOL DISTRICT","t":123.99,"l":"RE","c":0}},{"type":"Feature","geometry":{"type":"Polygon","coordinates":[[[-82.020754,39.147934],[-82.014574,39.147636],[-82.014644,39.146766],[-82.014676,39.146367],[-82.01995,39.146572],[-82.020537,39.147565],[-82.020754,39.147934]]]},"properties":{"p":"0100705000","o":"WELLS NANCY E","a":"SEC16 T3N R13W S PART OF SW 1/4 EX. 9A W","d":"MEIGS LOCAL SCHOOL DISTRICT","t":412.47,"l":"RE","c":0}},{"type":"Feature","geometry":{"type":"Polygon","coordinates":[[[-82.014574,39.147636],[-82.018062,39.147805],[-82.01786,39.1503],[-82.014374,39.150147],[-82.014574,39.147636]]]},"properties":{"p":"0100707000","o":"WELLS NANCY E","a":"SEC16 T3N R13W E PT OF 80A SW PT OF SW 1/4 EX.30A","d":"MEIGS LOCAL SCHOOL DISTRICT","t":129.66,"l":"RE","c":0}},{"type":"Feature","geometry":{"type":"Polygon","coordinates":[[[-82.023146,39.152486],[-82.017703,39.152232],[-82.01786,39.1503],[-82.023303,39.150538],[-82.023146,39.152486]]]},"properties":{"p":"0100708000","o":"WELLS NANCY E","a":"FRAC17 T3N R13W W END OF S1/4 OF E1/4 EX. 1 1/3A EX: 12.412A","d":"MEIGS LOCAL SCHOOL DISTRICT","t":169.54,"l":"RE","c":0}},{"type":"Feature","geometry":{"type":"Polygon","coordinates":[[[-82.023338,39.150107],[-82.023303,39.150538],[-82.01786,39.1503],[-82.018062,39.147805],[-82.02072,39.147933],[-82.022754,39.147988],[-82.023047,39.150094],[-82.023338,39.150107]]]},"properties":{"p":"0100710000","o":"WELLS NANCY E","a":"FRAC17 T3N R13W SW CORNER","d":"MEIGS LOCAL SCHOOL DISTRICT","t":371.34,"l":"RE","c":0}},{"type":"Feature","geometry":{"type":"Polygon","coordinates":[[[-82.023486,39.148277],[-82.023338,39.150107],[-82.023047,39.150094],[-82.022754,39.147988],[-82.023118,39.147979],[-82.023486,39.148277]]]},"properties":{"p":"0100727000","o":"WELLS NANCY E","a":"FRAC23 T3N R13W W OF SW 1/4 OF E 151A EX: 6.490A","d":"MEIGS LOCAL SCHOOL DISTRICT","t":423.41,"l":"RE","c":0}},{"type":"Feature","geometry":{"type":"Polygon","coordinates":[[[-81.96139,39.05805],[-81.962061,39.058085],[-81.962028,39.058492],[-81.961135,39.05863],[-81.961179,39.058087],[-81.961386,39.058098],[-81.96139,39.05805]]]},"properties":{"p":"0100814000","o":"CHANEY JOHN C II","a":"SEC2 T3N R13W W SIDE OF 158A EX: 14..176A V308 P007","d":"EASTERN LOCAL SCHOOL DISTRICT","t":1598.45,"l":"RE","c":0}},{"type":"Feature","geometry":{"type":"Polygon","coordinates":[[[-81.982847,39.122166],[-81.983161,39.120498],[-81.983517,39.120548],[-81.984019,39.120629],[-81.984149,39.12065],[-81.984654,39.120726],[-81.984534,39.121173],[-81.985274,39.121359],[-81.985268,39.121437],[-81.985168,39.122692],[-81.982847,39.122166]]]},"properties":{"p":"0100840002","o":"WERRY MELISSA D &/OR RHODES ALICIA D","a":"SEC2 T3N R13W 8.834A OUT OF 13.493A","d":"MEIGS LOCAL SCHOOL DISTRICT","t":482.96,"l":"RE","c":0}},{"type":"Feature","geometry":{"type":"MultiPolygon","coordinates":[[[[-81.993203,39.187524],[-81.993193,39.187523],[-81.993209,39.187524],[-81.993203,39.187524]]],[[[-81.992442,39.187407],[-81.992242,39.187369],[-81.992332,39.187385],[-81.992442,39.187407]]]]},"properties":{"p":"0100858000","o":"YORK GARY R &/OR KAREN K","a":"SEC12 T3N R13W W END OF S 1/2 OF NW 1/2 N PRT OF SW 1/4","d":"MEIGS LOCAL SCHOOL DISTRICT","t":1186.46,"l":"RE","c":0}},{"type":"Feature","geometry":{"type":"Polygon","coordinates":[[[-81.989014,39.160086],[-81.982579,39.159828],[-81.983055,39.153628],[-81.989367,39.153922],[-81.989065,39.155114],[-81.988495,39.156536],[-81.988219,39.157072],[-81.988076,39.157926],[-81.988096,39.158342],[-81.988162,39.158554],[-81.988643,39.159365],[-81.988787,39.159607],[-81.988914,39.15985],[-81.989014,39.160086]]]},"properties":{"p":"0100889001","o":"FREEMAN JASON K & CRONLAND KYLE B","a":"FRAC5 T3N R13W 85.138A OUT OF 123.86 A","d":"MEIGS LOCAL SCHOOL DISTRICT","t":2422.41,"l":"RE","c":0}},{"type":"Feature","geometry":{"type":"Polygon","coordinates":[[[-81.959333,39.0964],[-81.959459,39.096265],[-81.959126,39.097161],[-81.95902,39.097098],[-81.957954,39.096768],[-81.957966,39.096627],[-81.958168,39.096612],[-81.958706,39.096571],[-81.958706,39.096571],[-81.958721,39.096568],[-81.959075,39.096517],[-81.959333,39.0964]]]},"properties":{"p":"0300357000","o":"NITZ DONALD J &/OR LESLEA N","a":"SEC36 T3N R12W N SIDE OF CR 82","d":"EASTERN LOCAL SCHOOL DISTRICT","t":699.68,"l":"RE","c":0}},{"type":"Feature","geometry":{"type":"Polygon","coordinates":[[[-81.882329,39.060222],[-81.882545,39.057835],[-81.885005,39.057951],[-81.88533,39.054349],[-81.886384,39.054387],[-81.886291,39.055731],[-81.887657,39.055789],[-81.887296,39.060455],[-81.882329,39.060222]]]},"properties":{"p":"0300359000","o":"FOSTER MATTHEW CHARLES &/OR ERIN RENAY","a":"FRAC4 T3N R12W LOT SECT -10(262) W PRT V292 P023","d":"EASTERN LOCAL SCHOOL DISTRICT","t":1829.92,"l":"RE","c":0}},{"type":"Feature","geometry":{"type":"Polygon","coordinates":[[[-81.97568,39.077124],[-81.975655,39.077229],[-81.975653,39.077382],[-81.974257,39.077315],[-81.974264,39.07765],[-81.975639,39.07772],[-81.975569,39.078011],[-81.975421,39.078551],[-81.975396,39.078632],[-81.975388,39.078658],[-81.972158,39.078526],[-81.969449,39.078415],[-81.969589,39.076906],[-81.975683,39.07711],[-81.97568,39.077124]]]},"properties":{"p":"0300362000","o":"FRANK LESLIE V &/OR RHONDA J","a":"SEC5 T2N R13W E OF W 58 3/4 OF NE 1/4","d":"EASTERN LOCAL SCHOOL DISTRICT","t":121.14,"l":"RE","c":0}},{"type":"Feature","geometry":{"type":"Polygon","coordinates":[[[-81.928754,39.103376],[-81.928788,39.102798],[-81.929641,39.102879],[-81.929534,39.103448],[-81.928754,39.103376]]]},"properties":{"p":"0300555001","o":"DIDDLE JAMES E","a":"SEC19 T4N R12W SW COR 1.4177A OUT OF 22.22A V293 P987","d":"EASTERN LOCAL SCHOOL DISTRICT","t":165.81,"l":"RE","c":0}},{"type":"Feature","geometry":{"type":"Polygon","coordinates":[[[-81.943586,39.056462],[-81.944308,39.056002],[-81.944743,39.05626],[-81.94425,39.056432],[-81.943856,39.056619],[-81.943586,39.056462]]]},"properties":{"p":"0300601001","o":"JENKINS TIMOTHY A &/OR SUSAN R","a":"FRAC24 T3N R12W NEW SURVEY","d":"EASTERN LOCAL SCHOOL DISTRICT","t":151.74,"l":"RE","c":0}},{"type":"Feature","geometry":{"type":"Polygon","coordinates":[[[-81.947409,39.111995],[-81.94762,39.112125],[-81.948008,39.112253],[-81.948586,39.112408],[-81.949336,39.112601],[-81.949809,39.112721],[-81.950113,39.112842],[-81.950455,39.113069],[-81.950615,39.113319],[-81.95064,39.113514],[-81.950642,39.113626],[-81.950577,39.113791],[-81.948801,39.113711],[-81.947409,39.111995]]]},"properties":{"p":"0300770000","o":"LODWICK JAMES TRAVIS","a":"SEC32 T4N R12W NE OF SW 1/4 EX 20A NW","d":"EASTERN LOCAL SCHOOL DISTRICT","t":129.02,"l":"RE","c":0}},{"type":"Feature","geometry":{"type":"Polygon","coordinates":[[[-81.951382,39.115889],[-81.951305,39.115927],[-81.951126,39.116019],[-81.950064,39.114965],[-81.950064,39.114965],[-81.948801,39.113711],[-81.950802,39.113801],[-81.950653,39.11409],[-81.950537,39.114298],[-81.950491,39.11438],[-81.950333,39.114601],[-81.950279,39.114706],[-81.950262,39.114781],[-81.950298,39.114863],[-81.950395,39.114996],[-81.950625,39.115178],[-81.950786,39.115275],[-81.950974,39.115398],[-81.951231,39.11566],[-81.951382,39.115889]]]},"properties":{"p":"0300771000","o":"LODWICK JAMES TRAVIS","a":"SEC31 T4N R12W NE COR OF SECT N OF RD EX .20A","d":"EASTERN LOCAL SCHOOL DISTRICT","t":1407.4,"l":"RE","c":0}},{"type":"Feature","geometry":{"type":"Polygon","coordinates":[[[-81.969589,39.076906],[-81.969716,39.075444],[-81.972342,39.075533],[-81.972243,39.075633],[-81.97297,39.076108],[-81.973227,39.076183],[-81.973637,39.076331],[-81.974014,39.076315],[-81.974463,39.076484],[-81.974284,39.076914],[-81.975732,39.07698],[-81.975698,39.077047],[-81.975683,39.07711],[-81.969589,39.076906]]]},"properties":{"p":"0300804000","o":"PERKINS JAMES W &/OR JUDITH L","a":"SEC35 T3N R12W S PART OF NW1/4 EX 18.17A S","d":"EASTERN LOCAL SCHOOL DISTRICT","t":269.09,"l":"RE","c":0}},{"type":"Feature","geometry":{"type":"Polygon","coordinates":[[[-81.937576,39.078421],[-81.938194,39.077016],[-81.939929,39.07766],[-81.939739,39.078154],[-81.939748,39.078653],[-81.940252,39.079349],[-81.939994,39.079468],[-81.939597,39.079653],[-81.939486,39.07972],[-81.939306,39.079829],[-81.939094,39.080018],[-81.939035,39.080095],[-81.938515,39.079498],[-81.937576,39.078421]]]},"properties":{"p":"0300809003","o":"COMBS CHESTER III","a":"SEC29 T3N R12W 11.00A OUT OF 34.495A","d":"EASTERN LOCAL SCHOOL DISTRICT","t":572.79,"l":"RE","c":0}},{"type":"Feature","geometry":{"type":"Polygon","coordinates":[[[-81.904191,39.08395],[-81.904206,39.08374],[-81.904945,39.08377],[-81.904853,39.085057],[-81.904135,39.08473],[-81.904191,39.08395]]]},"properties":{"p":"0300810000","o":"MARCUM MICHAEL W","a":"SEC18 T3N R12W W PART OF THE SW1/4 2A OUT OF 48.39A","d":"EASTERN LOCAL SCHOOL DISTRICT","t":184.8,"l":"RE","c":0}},{"type":"Feature","geometry":{"type":"Polygon","coordinates":[[[-81.901522,39.06729],[-81.901455,39.068202],[-81.901444,39.068344],[-81.901364,39.068347],[-81.900507,39.068385],[-81.900594,39.067668],[-81.900623,39.067643],[-81.900996,39.067387],[-81.901129,39.067361],[-81.901285,39.067331],[-81.901522,39.06729]]]},"properties":{"p":"0300818000","o":"KAUFF RICHARD A & KIMBERLY J","a":"SEC17 T3N R12W 2.037A OUT OF 36.25A","d":"EASTERN LOCAL SCHOOL DISTRICT","t":221.97,"l":"RE","c":0}},{"type":"Feature","geometry":{"type":"Polygon","coordinates":[[[-81.92993,39.084634],[-81.929942,39.084483],[-81.929416,39.084512],[-81.929568,39.082731],[-81.930265,39.082765],[-81.930112,39.084533],[-81.929954,39.084621],[-81.92993,39.084634]]]},"properties":{"p":"0300831000","o":"BUNCE STEVEN W &/OR DENISE L","a":"SEC30 T3N R12W 3A OUT OF SE COR OF S30 OUT OF 101.62A V297 P259","d":"EASTERN LOCAL SCHOOL DISTRICT","t":1565.21,"l":"RE","c":0}},{"type":"Feature","geometry":{"type":"Polygon","coordinates":[[[-81.889463,39.101053],[-81.889143,39.104779],[-81.887455,39.104964],[-81.887399,39.104483],[-81.887238,39.103618],[-81.886828,39.103702],[-81.886516,39.103766],[-81.885732,39.103287],[-81.884912,39.103275],[-81.8852,39.100003],[-81.885279,39.100004],[-81.885421,39.100006],[-81.885493,39.100009],[-81.885564,39.100012],[-81.885727,39.100017],[-81.885892,39.100023],[-81.885975,39.100027],[-81.886057,39.100032],[-81.886139,39.100039],[-81.886273,39.100051],[-81.886406,39.100064],[-81.886571,39.100076],[-81.886803,39.100093],[-81.886886,39.1001],[-81.886911,39.101304],[-81.887814,39.101168],[-81.887884,39.102412],[-81.888025,39.102391],[-81.888452,39.102015],[-81.88871,39.10156],[-81.888625,39.101454],[-81.888641,39.101153],[-81.889023,39.101185],[-81.889373,39.101215],[-81.889387,39.101047],[-81.889463,39.101053]]]},"properties":{"p":"0300939004","o":"NOTTINGHAM NICHOLAS C &/OR ASHLEY M","a":"SEC7 T4N R12W 1.6386A OUT OF 44.648A","d":"EASTERN LOCAL SCHOOL DISTRICT","t":547.29,"l":"RE","c":0}},{"type":"Feature","geometry":{"type":"Polygon","coordinates":[[[-81.873265,39.098878],[-81.873104,39.098934],[-81.872731,39.098287],[-81.872812,39.09824],[-81.872875,39.098202],[-81.873265,39.098878]]]},"properties":{"p":"0300941000","o":"CALHOUN NATHANIEL L &/OR JAYMIE M","a":"SEC7 T4N R12W ON E SIDE OF 78.25A E PART OF SE1/4","d":"EASTERN LOCAL SCHOOL DISTRICT","t":2179.34,"l":"RE","c":0}},{"type":"Feature","geometry":{"type":"Polygon","coordinates":[[[-81.950233,39.124581],[-81.949486,39.12457],[-81.949495,39.125151],[-81.946399,39.124922],[-81.946702,39.121092],[-81.950044,39.12124],[-81.950092,39.121551],[-81.950139,39.121865],[-81.950162,39.122262],[-81.950191,39.122525],[-81.95014,39.122786],[-81.950059,39.123125],[-81.95002,39.12337],[-81.950037,39.123657],[-81.950175,39.12438],[-81.950233,39.124581]]]},"properties":{"p":"0301099000","o":"BAUER ROBERT MICHAEL","a":"SEC32 T4N R12W SEC32 (640) SE PT OF NE 1/4 41.00A EX 9.3846A","d":"EASTERN LOCAL SCHOOL DISTRICT","t":735.39,"l":"RE","c":0}},{"type":"Feature","geometry":{"type":"Polygon","coordinates":[[[-81.929335,39.085459],[-81.929285,39.086052],[-81.929056,39.085974],[-81.928274,39.085939],[-81.92847,39.085793],[-81.92879,39.085559],[-81.928969,39.085389],[-81.928994,39.085365],[-81.929201,39.085444],[-81.929335,39.085459]]]},"properties":{"p":"0301179002","o":"SNOW MARY ELIZABETH","a":"SEC30T3N R12W 6.853A OUT OF 97.59A","d":"EASTERN LOCAL SCHOOL DISTRICT","t":310.51,"l":"RE","c":0}},{"type":"Feature","geometry":{"type":"Polygon","coordinates":[[[-81.930112,39.084533],[-81.930265,39.082765],[-81.931978,39.082848],[-81.932646,39.08407],[-81.932359,39.084037],[-81.932013,39.084039],[-81.931687,39.084074],[-81.931249,39.084155],[-81.930874,39.084216],[-81.930536,39.084324],[-81.930242,39.08446],[-81.930112,39.084533]]]},"properties":{"p":"0301179003","o":"SNOW MARY ELIZABETH","a":"SEC30 T3N R12W 7.245A OUT OF 97.59A","d":"EASTERN LOCAL SCHOOL DISTRICT","t":323.98,"l":"RE","c":0}},{"type":"Feature","geometry":{"type":"Polygon","coordinates":[[[-81.879897,39.054351],[-81.879928,39.054121],[-81.880581,39.054149],[-81.880583,39.054226],[-81.88052,39.05423],[-81.880097,39.054309],[-81.879897,39.054351]]]},"properties":{"p":"0301183001","o":"RAYBURN CODY &/OR SHAYLA","a":"FRAC12 T3N R12W .711A OUT OF 36.00","d":"EASTERN LOCAL SCHOOL DISTRICT","t":453.54,"l":"RE","c":0}},{"type":"Feature","geometry":{"type":"Polygon","coordinates":[[[-81.856396,39.062244],[-81.856098,39.061495],[-81.857328,39.061544],[-81.85776,39.062579],[-81.856652,39.062834],[-81.856614,39.06276],[-81.856482,39.062449],[-81.856396,39.062244]]]},"properties":{"p":"0301341006","o":"ROBINSON SYNTHIA D","a":"SEC4 T3N R12W 3.417A OUT OF 29.5933A","d":"EASTERN LOCAL SCHOOL DISTRICT","t":108.03,"l":"RE","c":0}},{"type":"Feature","geometry":{"type":"Polygon","coordinates":[[[-81.977883,39.061725],[-81.977388,39.061217],[-81.976639,39.061642],[-81.976778,39.060159],[-81.979218,39.060232],[-81.979172,39.060983],[-81.978926,39.061113],[-81.978457,39.061419],[-81.97807,39.061644],[-81.977883,39.061725]]]},"properties":{"p":"0301414000","o":"SOULSBY THELMA LOUISE","a":"SEC4 T2N R13W TRFD. 7.45A OUT OF 30.75A","d":"EASTERN LOCAL SCHOOL DISTRICT","t":131.9,"l":"RE","c":0}},{"type":"Feature","geometry":{"type":"Polygon","coordinates":[[[-81.998174,39.089718],[-81.99853,39.089317],[-81.998739,39.089793],[-81.999245,39.09094],[-81.999028,39.090986],[-81.998694,39.091077],[-81.998366,39.091207],[-81.998124,39.091342],[-81.997883,39.091501],[-81.99781,39.091564],[-81.997606,39.091006],[-81.998018,39.090353],[-81.998174,39.089718]]]},"properties":{"p":"0400080009","o":"YOUNG EDWARD A &/OR MALEA","a":"SEC12 T2N R13W MID ON W 1/2 4.20A OUT OF 115.10A V333 P275","d":"MEIGS LOCAL SCHOOL DISTRICT","t":182.81,"l":"RE","c":0}},{"type":"Feature","geometry":{"type":"Polygon","coordinates":[[[-82.310888,39.131437],[-82.310091,39.131397],[-82.310091,39.131397],[-82.305702,39.131177],[-82.305828,39.130831],[-82.305923,39.130488],[-82.306114,39.129796],[-82.306142,39.129681],[-82.306142,39.129681],[-82.306241,39.12928],[-82.306353,39.128775],[-82.306426,39.128462],[-82.30643,39.128446],[-82.30643,39.128446],[-82.306667,39.127466],[-82.308756,39.127565],[-82.313541,39.127794],[-82.31337,39.129746],[-82.311041,39.129629],[-82.311003,39.130077],[-82.311003,39.130077],[-82.310888,39.131437]]]},"properties":{"p":"0500003000","o":"BROOKS JUSTIN & BROOKS JEFFREY","a":"SEC31 T9N R15W SW 1/2 OF NW1/2","d":"ALEXANDER LOCAL SCHOOL DISTRICT","t":577.63,"l":"RE","c":0}},{"type":"Feature","geometry":{"type":"Polygon","coordinates":[[[-82.231542,39.188328],[-82.2316,39.187729],[-82.233177,39.18782],[-82.23295,39.188161],[-82.232787,39.1884],[-82.231542,39.188328]]]},"properties":{"p":"0500043001","o":"BRADY MARLA L &/OR KEITH E","a":"SEC18 T9N R15W 1.00A OUT OF 6.30A","d":"ALEXANDER LOCAL SCHOOL DISTRICT","t":948.96,"l":"RE","c":0}},{"type":"Feature","geometry":{"type":"Polygon","coordinates":[[[-82.307917,39.143712],[-82.308156,39.142418],[-82.30886,39.142452],[-82.308393,39.143947],[-82.30831,39.143909],[-82.307917,39.143712]]]},"properties":{"p":"0500087002","o":"DEARTH LINDA","a":"SEC32 T9N R15 2.016A OUT OF 15.495","d":"ALEXANDER LOCAL SCHOOL DISTRICT","t":204.28,"l":"RE","c":0}},{"type":"Feature","geometry":{"type":"Polygon","coordinates":[[[-82.226749,39.142029],[-82.222267,39.141794],[-82.222293,39.141759],[-82.222608,39.141506],[-82.223193,39.14124],[-82.223471,39.1411],[-82.22355,39.141043],[-82.22372,39.140923],[-82.226749,39.142029]]]},"properties":{"p":"0500088001","o":"CHEADLE DONALD R","a":"SEC8 T9N R15W .9324A OUT OF 5A & 4.0676A OUT OF 40","d":"ALEXANDER LOCAL SCHOOL DISTRICT","t":158.22,"l":"RE","c":0}},{"type":"Feature","geometry":{"type":"Polygon","coordinates":[[[-82.233111,39.142363],[-82.233171,39.141685],[-82.234344,39.141746],[-82.234288,39.142424],[-82.233111,39.142363]]]},"properties":{"p":"0500108000","o":"CHEADLE DONALD","a":"FRAC2 T9N R15W E SIDE OF S1/2","d":"ALEXANDER LOCAL SCHOOL DISTRICT","t":153.45,"l":"RE","c":0}},{"type":"Feature","geometry":{"type":"Polygon","coordinates":[[[-82.236592,39.138834],[-82.236495,39.139806],[-82.236222,39.142526],[-82.234288,39.142424],[-82.234344,39.141746],[-82.234345,39.141729],[-82.234352,39.141626],[-82.23438,39.141258],[-82.234426,39.140928],[-82.234457,39.140654],[-82.23445,39.140539],[-82.234396,39.140348],[-82.234262,39.139969],[-82.234247,39.139913],[-82.236107,39.140148],[-82.235806,39.138792],[-82.236592,39.138834]]]},"properties":{"p":"0500109000","o":"CHEADLE DONALD","a":"FRAC13 T9N R15W E END EX4 VEIN COAL","d":"ALEXANDER LOCAL SCHOOL DISTRICT","t":345.81,"l":"RE","c":0}},{"type":"Feature","geometry":{"type":"Polygon","coordinates":[[[-82.23696,39.135169],[-82.236592,39.138834],[-82.233983,39.138695],[-82.233966,39.138605],[-82.233881,39.138393],[-82.233729,39.138159],[-82.23352,39.137906],[-82.233305,39.137721],[-82.233049,39.137576],[-82.232756,39.137447],[-82.232271,39.137248],[-82.232003,39.137128],[-82.232224,39.134895],[-82.23696,39.135169]]]},"properties":{"p":"0500119000","o":"CHEADLE DONALD","a":"SEC8 T9N R15W SW OF NW 1/4 & NW OF SW 1/4 EX. 6A","d":"ALEXANDER LOCAL SCHOOL DISTRICT","t":237.33,"l":"RE","c":0}},{"type":"Feature","geometry":{"type":"Polygon","coordinates":[[[-82.237334,39.13145],[-82.237189,39.132895],[-82.237177,39.133007],[-82.237125,39.132894],[-82.237079,39.132766],[-82.237035,39.132635],[-82.236999,39.132507],[-82.236978,39.132378],[-82.236969,39.132245],[-82.236958,39.131975],[-82.23697,39.1317],[-82.236952,39.13143],[-82.237334,39.13145]]]},"properties":{"p":"0500120000","o":"CHEADLE DONALD","a":"SEC8 T9N R15W NW COR OF NW 1/4 19.82A EX 5.525A","d":"ALEXANDER LOCAL SCHOOL DISTRICT","t":108.7,"l":"RE","c":0}},{"type":"Feature","geometry":{"type":"Polygon","coordinates":[[[-82.234247,39.139913],[-82.234105,39.139375],[-82.234027,39.13893],[-82.233983,39.138695],[-82.235806,39.138792],[-82.236107,39.140148],[-82.234247,39.139913]]]},"properties":{"p":"0500120001","o":"CHEADLE DONALD R","a":"SEC8 T9N R15W NW COR OF NW1/4 OUT OF 19.82A","d":"ALEXANDER LOCAL SCHOOL DISTRICT","t":1015.56,"l":"RE","c":0}},{"type":"Feature","geometry":{"type":"Polygon","coordinates":[[[-82.232224,39.134895],[-82.232587,39.131208],[-82.236718,39.131417],[-82.236737,39.131701],[-82.236725,39.131975],[-82.236736,39.132253],[-82.236746,39.132394],[-82.236769,39.132538],[-82.236809,39.132678],[-82.236855,39.132813],[-82.236903,39.132949],[-82.236966,39.133086],[-82.237045,39.133217],[-82.237143,39.133352],[-82.237096,39.133818],[-82.23696,39.135169],[-82.232224,39.134895]]]},"properties":{"p":"0500121000","o":"CHEADLE DONALD","a":"FRAC7 T9N R15W E END","d":"ALEXANDER LOCAL SCHOOL DISTRICT","t":467.5,"l":"RE","c":0}},{"type":"Feature","geometry":{"type":"Polygon","coordinates":[[[-82.304748,39.174013],[-82.30462,39.174006],[-82.303148,39.173923],[-82.30326,39.172711],[-82.30476,39.172795],[-82.30486,39.172801],[-82.304748,39.174013]]]},"properties":{"p":"0500139000","o":"MONTGOMERY RANDY","a":"SEC34 T9N R15W 3A OUT OF 65.51A EX. 3A","d":"ALEXANDER LOCAL SCHOOL DISTRICT","t":1128.37,"l":"RE","c":0}},{"type":"Feature","geometry":{"type":"Polygon","coordinates":[[[-82.22418,39.195375],[-82.225075,39.186466],[-82.227465,39.186595],[-82.226882,39.192538],[-82.226741,39.193356],[-82.229128,39.193624],[-82.229007,39.193815],[-82.228837,39.194113],[-82.228764,39.194309],[-82.228639,39.1947],[-82.228592,39.194966],[-82.227296,39.194859],[-82.227136,39.196262],[-82.228426,39.196715],[-82.228412,39.196806],[-82.228347,39.196979],[-82.228234,39.197164],[-82.228132,39.197326],[-82.228081,39.197451],[-82.228068,39.197495],[-82.228007,39.197489],[-82.227769,39.197472],[-82.227268,39.197439],[-82.226764,39.197428],[-82.226383,39.197402],[-82.225973,39.197376],[-82.225747,39.197341],[-82.225623,39.197318],[-82.22612,39.196609],[-82.22418,39.195375]]]},"properties":{"p":"0500173001","o":"PRICE PLACE LLC","a":"SEC12 T9N R15 69.421A OUT OF 125.936","d":"ALEXANDER LOCAL SCHOOL DISTRICT","t":345.37,"l":"RE","c":0}},{"type":"Feature","geometry":{"type":"Polygon","coordinates":[[[-82.212199,39.182036],[-82.208811,39.185587],[-82.208811,39.185587],[-82.203311,39.185289],[-82.203546,39.182791],[-82.203603,39.182618],[-82.203614,39.182589],[-82.203707,39.182336],[-82.203783,39.182153],[-82.203806,39.182096],[-82.203933,39.181809],[-82.203942,39.181788],[-82.204019,39.181628],[-82.212199,39.182036]]]},"properties":{"p":"0500174000","o":"BALDWIN LISA COLLETTE","a":"SEC5 T9N R15 N1/2 OF NW1/4 EX. 17A W","d":"ALEXANDER LOCAL SCHOOL DISTRICT","t":904.58,"l":"RE","c":0}},{"type":"Feature","geometry":{"type":"Polygon","coordinates":[[[-82.217863,39.135792],[-82.216651,39.135791],[-82.216736,39.135692],[-82.216771,39.135593],[-82.216802,39.13553],[-82.216845,39.135419],[-82.216872,39.135314],[-82.216985,39.135219],[-82.21712,39.135108],[-82.217209,39.135042],[-82.217274,39.134959],[-82.217301,39.134906],[-82.217311,39.134906],[-82.217394,39.134908],[-82.217813,39.134855],[-82.21796,39.134838],[-82.217863,39.135792]]]},"properties":{"p":"0500277000","o":"WOLFE MICHAEL R &/OR MISTY D","a":"SEC2 T9N R15W 2.50A PRT OF 90.76A ALONG TR.13","d":"ALEXANDER LOCAL SCHOOL DISTRICT","t":726.43,"l":"RE","c":0}},{"type":"Feature","geometry":{"type":"Polygon","coordinates":[[[-82.276651,39.132655],[-82.276924,39.13315],[-82.27705,39.133419],[-82.276648,39.133523],[-82.276133,39.13285],[-82.276337,39.132789],[-82.276651,39.132655]]]},"properties":{"p":"0500320000","o":"HARVEY GERON OLAN","a":"SEC26 T9N R15 NE OF SE1/4 33.50A EX .946A","d":"ALEXANDER LOCAL SCHOOL DISTRICT","t":587.14,"l":"RE","c":0}},{"type":"Feature","geometry":{"type":"Polygon","coordinates":[[[-82.278036,39.132728],[-82.277634,39.137174],[-82.274475,39.137014],[-82.274596,39.135684],[-82.27488,39.132556],[-82.276656,39.132653],[-82.278036,39.132728]],[[-82.276648,39.133523],[-82.27705,39.133419],[-82.276924,39.13315],[-82.276651,39.132655],[-82.276633,39.132663],[-82.276337,39.132789],[-82.276133,39.13285],[-82.276648,39.133523]]]},"properties":{"p":"0500320001","o":"HARVEY GERON","a":"SEC26 T9N R15W .946A OUT OF 33.50A","d":"ALEXANDER LOCAL SCHOOL DISTRICT","t":178.08,"l":"RE","c":0}},{"type":"Feature","geometry":{"type":"Polygon","coordinates":[[[-82.204136,39.176513],[-82.204101,39.176888],[-82.203999,39.177967],[-82.202346,39.177867],[-82.202478,39.176465],[-82.20263,39.176357],[-82.202892,39.17625],[-82.203076,39.176195],[-82.203291,39.176182],[-82.203522,39.176256],[-82.203744,39.176356],[-82.203976,39.17646],[-82.204136,39.176513]]]},"properties":{"p":"0500393000","o":"JEFFERS BRIAN REED &/OR SARAH MARIE","a":"SEC5 T9N R15W NW COR. OF NW1/4 OF SE 1/4 EX. .6A V22 P543","d":"ALEXANDER LOCAL SCHOOL DISTRICT","t":170.37,"l":"RE","c":0}},{"type":"Feature","geometry":{"type":"Polygon","coordinates":[[[-82.204136,39.176513],[-82.203976,39.17646],[-82.203744,39.176356],[-82.203522,39.176256],[-82.203291,39.176182],[-82.203076,39.176195],[-82.202892,39.17625],[-82.20263,39.176357],[-82.202456,39.176481],[-82.202313,39.176603],[-82.202092,39.176761],[-82.201892,39.176843],[-82.201685,39.17687],[-82.201483,39.176857],[-82.201005,39.176806],[-82.200679,39.176835],[-82.200344,39.176892],[-82.200034,39.176945],[-82.199686,39.177046],[-82.19945,39.177178],[-82.199256,39.17731],[-82.199178,39.177375],[-82.199525,39.17392],[-82.204353,39.174205],[-82.204136,39.176513]]]},"properties":{"p":"0500397000","o":"JEFFERS BRIAN REED &/OR SARAH MARIE","a":"SEC5 T9N R15W NW1/4 OF SE1/4 EX. 10A NW V22 P543","d":"ALEXANDER LOCAL SCHOOL DISTRICT","t":171.15,"l":"RE","c":0}},{"type":"Feature","geometry":{"type":"Polygon","coordinates":[[[-82.247786,39.192433],[-82.247968,39.191866],[-82.24979,39.191954],[-82.249596,39.192192],[-82.24946,39.192359],[-82.247786,39.192433]]]},"properties":{"p":"0500414001","o":"SALYERS ROBBIE L","a":"SEC18 T9N R15W 2.00A OUT OF 10.34","d":"ALEXANDER LOCAL SCHOOL DISTRICT","t":197.34,"l":"RE","c":0}},{"type":"Feature","geometry":{"type":"Polygon","coordinates":[[[-82.294675,39.198962],[-82.294891,39.198559],[-82.295539,39.198854],[-82.29536,39.199264],[-82.295258,39.19963],[-82.295199,39.20076],[-82.295429,39.200898],[-82.296431,39.201375],[-82.297927,39.201835],[-82.297908,39.202047],[-82.297862,39.202562],[-82.297639,39.205068],[-82.29651,39.204999],[-82.29538,39.20493],[-82.295611,39.20343],[-82.295669,39.203049],[-82.293327,39.202858],[-82.293073,39.201794],[-82.28822,39.201509],[-82.288395,39.201231],[-82.289447,39.20098],[-82.291614,39.200583],[-82.29233,39.200396],[-82.292782,39.200229],[-82.293432,39.199971],[-82.293943,39.199686],[-82.294424,39.199288],[-82.294675,39.198962]]]},"properties":{"p":"0500486000","o":"SEAMARK PROPERTIES SOUTH LLC","a":"SEC36 T9N R15W 22.1126 OUT OF 24.10","d":"ALEXANDER LOCAL SCHOOL DISTRICT","t":232.93,"l":"RE","c":0}},{"type":"Feature","geometry":{"type":"Polygon","coordinates":[[[-82.300987,39.205274],[-82.297639,39.205068],[-82.297862,39.202562],[-82.300562,39.202708],[-82.300598,39.202738],[-82.300626,39.202762],[-82.300689,39.202816],[-82.300779,39.202886],[-82.300841,39.202935],[-82.300967,39.203023],[-82.301019,39.203059],[-82.301143,39.203139],[-82.301174,39.203159],[-82.300987,39.205274]]]},"properties":{"p":"0500487000","o":"SEAMARK PROPERTIES SOUTH LLC","a":"SEC36 T9N R15W E PRT OF SW1/4 50A OUT OF 80.6198A","d":"ALEXANDER LOCAL SCHOOL DISTRICT","t":454.11,"l":"RE","c":0}},{"type":"Feature","geometry":{"type":"Polygon","coordinates":[[[-81.824172,39.041807],[-81.824122,39.042358],[-81.823389,39.04232],[-81.823444,39.041715],[-81.82346,39.041717],[-81.82351,39.041722],[-81.823671,39.041739],[-81.823994,39.041774],[-81.82405,39.04178],[-81.824139,39.0418],[-81.824172,39.041807]]]},"properties":{"p":"0600009001","o":"POWELL ESTHERLA M","a":"SEC27 T3N R11W 1.00A OUT OF 29.75A V305 P745","d":"EASTERN LOCAL SCHOOL DISTRICT","t":150.47,"l":"RE","c":0}},{"type":"Feature","geometry":{"type":"Polygon","coordinates":[[[-81.80276,39.045734],[-81.802675,39.045875],[-81.802634,39.04589],[-81.802629,39.045919],[-81.802645,39.045926],[-81.802574,39.046004],[-81.802449,39.045996],[-81.802428,39.046045],[-81.802213,39.046146],[-81.802018,39.045936],[-81.801384,39.045464],[-81.800522,39.044755],[-81.800384,39.04459],[-81.800225,39.044457],[-81.799653,39.044062],[-81.800577,39.043559],[-81.800577,39.043559],[-81.801152,39.043245],[-81.80118,39.043431],[-81.801222,39.043492],[-81.801323,39.043786],[-81.801248,39.043921],[-81.801279,39.044022],[-81.801427,39.044103],[-81.801472,39.0442],[-81.801501,39.044299],[-81.801654,39.044431],[-81.801667,39.044564],[-81.801774,39.044709],[-81.802079,39.044949],[-81.802354,39.045173],[-81.802436,39.045309],[-81.802531,39.045392],[-81.802656,39.045585],[-81.80276,39.045734]]]},"properties":{"p":"0600010001","o":"GREGORY WARREN D &/OR CONNIE L","a":"SEC21 T3N R11W 7.6439A OUT OF 15.42A V25 P819","d":"EASTERN LOCAL SCHOOL DISTRICT","t":1234.35,"l":"RE","c":0}},{"type":"Feature","geometry":{"type":"Polygon","coordinates":[[[-81.853443,39.046082],[-81.853278,39.045285],[-81.853598,39.045289],[-81.854185,39.045282],[-81.854412,39.045282],[-81.854448,39.045281],[-81.854378,39.046117],[-81.853443,39.046082]]]},"properties":{"p":"0600076000","o":"HOLTER GORDON W &/OR CARRIE","a":"SEC33-34 MASTER CARD TOTAL ACREAGE 103.277A EX 30.00A EX: 53.253A EX: 20.027A","d":"EASTERN LOCAL SCHOOL DISTRICT","t":359.58,"l":"RE","c":0}},{"type":"Feature","geometry":{"type":"MultiPolygon","coordinates":[[[[-81.848056,39.050045],[-81.848056,39.050045],[-81.84939,39.050098],[-81.848056,39.050045]]],[[[-81.84879,39.045904],[-81.84879,39.045904],[-81.853443,39.046082],[-81.854378,39.046117],[-81.854272,39.047402],[-81.849563,39.048917],[-81.848358,39.046544],[-81.848408,39.045987],[-81.848427,39.04598],[-81.848473,39.045963],[-81.848522,39.045952],[-81.848605,39.045935],[-81.848691,39.04592],[-81.84879,39.045904]]],[[[-81.848214,39.048122],[-81.848264,39.047507],[-81.84827,39.047508],[-81.848214,39.048122]]]]},"properties":{"p":"0600076003","o":"HOLTER JILL L","a":"SEC33 T3N R11W 60A OUT OF 219.00A EX: 25.371A EX: 4.8027","d":"EASTERN LOCAL SCHOOL DISTRICT","t":2292.36,"l":"RE","c":0}},{"type":"Feature","geometry":{"type":"Polygon","coordinates":[[[-81.849087,39.053715],[-81.849238,39.051907],[-81.853872,39.052092],[-81.853712,39.0539],[-81.849087,39.053715]]]},"properties":{"p":"0600076004","o":"HOLTER BROGAN L","a":"SEC34 T3N R11W SW 1/4 OF SW 1/4 20A OUT OF 219.00","d":"EASTERN LOCAL SCHOOL DISTRICT","t":143.53,"l":"RE","c":0}},{"type":"Feature","geometry":{"type":"Polygon","coordinates":[[[-81.849238,39.051907],[-81.84939,39.050098],[-81.854032,39.050285],[-81.853872,39.052092],[-81.849238,39.051907]]]},"properties":{"p":"0600077000","o":"HOLTER BROGAN L","a":"SEC34 T3N R11W N1/2 OF SE1/4 OF SW1/4","d":"EASTERN LOCAL SCHOOL DISTRICT","t":126.7,"l":"RE","c":0}},{"type":"Feature","geometry":{"type":"Polygon","coordinates":[[[-81.834921,39.052914],[-81.83521,39.049527],[-81.838218,39.049648],[-81.838095,39.049672],[-81.837947,39.049718],[-81.83782,39.049784],[-81.837717,39.049856],[-81.837649,39.049933],[-81.837527,39.050095],[-81.837314,39.05038],[-81.837141,39.0506],[-81.836946,39.050841],[-81.836749,39.051084],[-81.836616,39.051244],[-81.836509,39.051376],[-81.836473,39.051418],[-81.836474,39.051418],[-81.836432,39.05147],[-81.836172,39.051775],[-81.835938,39.052038],[-81.835849,39.052131],[-81.83567,39.052295],[-81.835514,39.052429],[-81.835121,39.05275],[-81.834921,39.052914]]]},"properties":{"p":"0600127000","o":"HARRIS ROBERT S JR","a":"SEC34 T3N R11W SE PART OF SE1/4 S OF RD","d":"EASTERN LOCAL SCHOOL DISTRICT","t":167.24,"l":"RE","c":0}},{"type":"Feature","geometry":{"type":"Polygon","coordinates":[[[-81.796743,38.952154],[-81.79687,38.9507],[-81.796876,38.950632],[-81.797102,38.950571],[-81.797153,38.950687],[-81.797378,38.950717],[-81.797528,38.950663],[-81.79786,38.950769],[-81.798642,38.950863],[-81.798539,38.952068],[-81.798523,38.952247],[-81.796743,38.952154]]]},"properties":{"p":"0700140000","o":"SMITH JEFFREY B &/OR SMITH LORI D","a":"100A LOT186 T2N R11W NEAR CENTER N OF RD. 5A EX .096A","d":"SOUTHERN LOCAL SCHOOL DISTRICT","t":858.19,"l":"RE","c":0}},{"type":"Feature","geometry":{"type":"Polygon","coordinates":[[[-81.796731,38.995463],[-81.796489,38.99532],[-81.798472,38.9954],[-81.798047,38.996203],[-81.797953,38.996156],[-81.797333,38.995822],[-81.796731,38.995463]]]},"properties":{"p":"0700167000","o":"APPERSON ANGIE LORIE","a":"W PRT SEC18 70A LOT163 T2N R11W ALL EX. MINS. 1.90A OUT OF 70A(8-7-92 NEW SUR) V331 P331","d":"SOUTHERN LOCAL SCHOOL DISTRICT","t":3969.29,"l":"RE","c":0}},{"type":"Feature","geometry":{"type":"Polygon","coordinates":[[[-81.800774,39.001791],[-81.800697,39.002777],[-81.80017,39.002759],[-81.800247,39.001771],[-81.800774,39.001791]]]},"properties":{"p":"0700168003","o":"ROSE JOSEPH DAVID","a":"70A LOT 163 T2N R11W 6.885A OUT OF 58.387A","d":"SOUTHERN LOCAL SCHOOL DISTRICT","t":198.5,"l":"RE","c":0}},{"type":"Feature","geometry":{"type":"Polygon","coordinates":[[[-81.831796,38.996243],[-81.831783,38.99673],[-81.831727,38.997011],[-81.831701,38.99735],[-81.831703,38.997699],[-81.831702,38.997783],[-81.831049,38.997759],[-81.831,38.998351],[-81.829552,38.998298],[-81.829716,38.996306],[-81.831796,38.996243]]]},"properties":{"p":"0700181001","o":"SELLERS ROBERT &/OR TRIS","a":"SEC30 T2N R11W NE COR OF SW 1/4 10.0017A OUT OF 29.25A EX 1A V334 P129","d":"SOUTHERN LOCAL SCHOOL DISTRICT","t":718.64,"l":"RE","c":0}},{"type":"Feature","geometry":{"type":"Polygon","coordinates":[[[-81.928754,39.103376],[-81.928525,39.103354],[-81.928589,39.102779],[-81.928788,39.102798],[-81.928754,39.103376]]]},"properties":{"p":"0700182000","o":"DIDDLE JAMES E","a":"SEC36 T2N R11W S SIDE SW 1/4 EX: 1.50A EX: 0.5839A","d":"EASTERN LOCAL SCHOOL DISTRICT","t":258.21,"l":"RE","c":0}},{"type":"Feature","geometry":{"type":"Polygon","coordinates":[[[-81.849992,38.994955],[-81.849948,38.994782],[-81.849844,38.994855],[-81.849696,38.99507],[-81.849583,38.995239],[-81.849573,38.995366],[-81.849537,38.995509],[-81.849141,38.995489],[-81.849335,38.992843],[-81.849327,38.992389],[-81.849331,38.992028],[-81.850789,38.992087],[-81.851125,38.992123],[-81.85149,38.992261],[-81.851709,38.992371],[-81.851875,38.992454],[-81.851594,38.992816],[-81.851314,38.993189],[-81.852196,38.993431],[-81.852855,38.993331],[-81.853065,38.993036],[-81.85327,38.993139],[-81.853698,38.993357],[-81.854084,38.993513],[-81.854665,38.993683],[-81.854916,38.993757],[-81.85502,38.993789],[-81.855125,38.993821],[-81.855259,38.993857],[-81.855394,38.993894],[-81.855574,38.993944],[-81.855763,38.993993],[-81.855957,38.994033],[-81.856145,38.994057],[-81.85632,38.994057],[-81.856496,38.994033],[-81.856625,38.994005],[-81.856754,38.993977],[-81.857021,38.993923],[-81.857154,38.99391],[-81.857349,38.993915],[-81.857641,38.99398],[-81.85791,38.994062],[-81.858256,38.994177],[-81.858581,38.99429],[-81.858329,38.997707],[-81.850027,38.997403],[-81.850083,38.99736],[-81.850107,38.997276],[-81.850097,38.99714],[-81.850091,38.99707],[-81.850085,38.997001],[-81.850085,38.996942],[-81.850085,38.996882],[-81.850079,38.996793],[-81.850074,38.996703],[-81.850074,38.996607],[-81.850075,38.99651],[-81.850074,38.996446],[-81.850073,38.996383],[-81.850077,38.996219],[-81.850079,38.996139],[-81.850081,38.99606],[-81.850081,38.995949],[-81.85008,38.99579],[-81.850076,38.995628],[-81.850063,38.995541],[-81.850049,38.995454],[-81.850038,38.995294],[-81.850019,38.995094],[-81.849992,38.994955]]]},"properties":{"p":"0700183000","o":"DIDDLE JAMES E","a":"SEC36 T2N R11W S1/2 OF N1/2 OF SW1/4","d":"SOUTHERN LOCAL SCHOOL DISTRICT","t":539.91,"l":"RE","c":0}},{"type":"Feature","geometry":{"type":"Polygon","coordinates":[[[-81.849008,38.997301],[-81.849141,38.995489],[-81.849537,38.995509],[-81.849573,38.995366],[-81.849583,38.995239],[-81.849696,38.99507],[-81.849844,38.994855],[-81.849948,38.994782],[-81.849992,38.994955],[-81.850019,38.995094],[-81.850038,38.995294],[-81.850049,38.995454],[-81.850063,38.995541],[-81.850076,38.995628],[-81.85008,38.99579],[-81.850081,38.995949],[-81.850081,38.99606],[-81.850079,38.996139],[-81.850077,38.996219],[-81.850073,38.996383],[-81.850074,38.996446],[-81.850075,38.99651],[-81.850074,38.996607],[-81.850074,38.996703],[-81.850079,38.996793],[-81.850085,38.996882],[-81.850085,38.996942],[-81.850085,38.997001],[-81.850091,38.99707],[-81.850097,38.99714],[-81.850107,38.997276],[-81.850083,38.99736],[-81.850027,38.997403],[-81.849004,38.997365],[-81.849008,38.997301]]]},"properties":{"p":"0700184000","o":"DIDDLE JAMES E","a":"SEC36 T2N R11W N 1/2 OF S 1/2 OF SW 1/4","d":"SOUTHERN LOCAL SCHOOL DISTRICT","t":1866.46,"l":"RE","c":0}},{"type":"Feature","geometry":{"type":"Polygon","coordinates":[[[-81.802533,39.00322],[-81.801346,39.003176],[-81.801377,39.002802],[-81.80234,39.002838],[-81.802349,39.002955],[-81.802469,39.003147],[-81.802533,39.00322]]]},"properties":{"p":"0700185000","o":"DELONG JEFFREY","a":"SEC24 T2N R11W E PART OUT OF 15A V305 P95","d":"SOUTHERN LOCAL SCHOOL DISTRICT","t":213.72,"l":"RE","c":0}},{"type":"Feature","geometry":{"type":"Polygon","coordinates":[[[-81.849331,38.992028],[-81.849327,38.992389],[-81.849332,38.992619],[-81.848546,38.992587],[-81.848585,38.991998],[-81.849331,38.992028]]]},"properties":{"p":"0700186000","o":"DIDDLE JAMES E","a":"E PRT SEC22 70A LOT191 T2N R11W E END EX COAL UND 221/2A E END V289 P457","d":"SOUTHERN LOCAL SCHOOL DISTRICT","t":648.65,"l":"RE","c":0}},{"type":"Feature","geometry":{"type":"Polygon","coordinates":[[[-81.803702,39.008749],[-81.803179,39.009536],[-81.802973,39.009434],[-81.802679,39.009362],[-81.802363,39.009335],[-81.802363,39.009335],[-81.802312,39.009339],[-81.801945,39.009371],[-81.801552,39.009444],[-81.801631,39.008243],[-81.803702,39.008749]]]},"properties":{"p":"0700212000","o":"EVANS HOLLY L","a":"SEC19 T3N R11W N PT OF 47.70A S PT OF 123.70A","d":"SOUTHERN LOCAL SCHOOL DISTRICT","t":351.52,"l":"RE","c":0}},{"type":"Feature","geometry":{"type":"Polygon","coordinates":[[[-81.77364,39.003499],[-81.773629,39.003661],[-81.77318,39.003644],[-81.77319,39.003482],[-81.77364,39.003499]]]},"properties":{"p":"0700258000","o":"GREENLEAF ROBERT E B &/OR JOETTA","a":"100A LOT155 T3N R11W LOT 61 49’X127.2’ GIBB’S ADDN","d":"SOUTHERN LOCAL SCHOOL DISTRICT","t":130.65,"l":"RE","c":0}},{"type":"Feature","geometry":{"type":"Polygon","coordinates":[[[-81.773609,39.00393],[-81.7736,39.004064],[-81.773156,39.004047],[-81.773164,39.003913],[-81.773609,39.00393]]]},"properties":{"p":"0700260000","o":"GREENLEAF ROBERT E B &/OR JOETTA","a":"100A LOT155 T3N R11W LOT 63 ROUTE #124 GIBB’S ADDN (49’X126.4’)","d":"SOUTHERN LOCAL SCHOOL DISTRICT","t":130.65,"l":"RE","c":0}},{"type":"Feature","geometry":{"type":"Polygon","coordinates":[[[-81.788195,38.975281],[-81.788133,38.976199],[-81.784557,38.976052],[-81.785412,38.975105],[-81.787747,38.975196],[-81.788195,38.975281]]]},"properties":{"p":"0700281001","o":"C&D PRODUCTION PROPERTIES LLC","a":"SEC17 38A LOT171 T2 R11 7.354A OUT OF 11.50A","d":"SOUTHERN LOCAL SCHOOL DISTRICT","t":373.53,"l":"RE","c":0}},{"type":"Feature","geometry":{"type":"Polygon","coordinates":[[[-81.791989,38.966315],[-81.790649,38.966245],[-81.790772,38.964805],[-81.791896,38.964895],[-81.791866,38.964921],[-81.791681,38.965089],[-81.791602,38.965224],[-81.791647,38.965524],[-81.791801,38.965751],[-81.791879,38.965831],[-81.791992,38.966062],[-81.791989,38.966315]]]},"properties":{"p":"0700288002","o":"COTTRELL CHRISTOPHER A","a":"SEC16 T2N R11W 3.673A OUT OF 8.168","d":"SOUTHERN LOCAL SCHOOL DISTRICT","t":1489.38,"l":"RE","c":0}},{"type":"Feature","geometry":{"type":"Polygon","coordinates":[[[-81.806046,39.004829],[-81.806422,39.003978],[-81.806595,39.003994],[-81.806607,39.003997],[-81.806744,39.004034],[-81.806728,39.004132],[-81.806723,39.004391],[-81.806721,39.004688],[-81.806676,39.004849],[-81.806046,39.004829]]]},"properties":{"p":"0700305000","o":"MYERS KENNETH","a":"SEC24 T2N R11W 1A OFF THE W SIDE OF 5A PARCEL","d":"SOUTHERN LOCAL SCHOOL DISTRICT","t":210,"l":"RE","c":0}},{"type":"Feature","geometry":{"type":"Polygon","coordinates":[[[-81.835187,39.009667],[-81.835163,39.009478],[-81.835922,39.009521],[-81.838494,39.009637],[-81.838181,39.013273],[-81.838177,39.013273],[-81.836636,39.010729],[-81.835449,39.010693],[-81.835361,39.010228],[-81.835242,39.00978],[-81.835227,39.009728],[-81.835187,39.009667]]]},"properties":{"p":"0700320002","o":"RUSSELL SHARON C","a":"SEC25 T3N R11W 14A OUT OF 16A","d":"SOUTHERN LOCAL SCHOOL DISTRICT","t":335.23,"l":"RE","c":0}},{"type":"Feature","geometry":{"type":"Polygon","coordinates":[[[-81.838658,39.005605],[-81.838835,39.005462],[-81.838791,39.006028],[-81.83791,39.005993],[-81.837911,39.005993],[-81.838099,39.005925],[-81.838341,39.005825],[-81.838658,39.005605]]]},"properties":{"p":"0700328000","o":"HOTTLE RYAN","a":"SEC25 T3N R11W SW COR. 3.1A OUT OF 23.50A","d":"SOUTHERN LOCAL SCHOOL DISTRICT","t":1632.04,"l":"RE","c":0}},{"type":"Feature","geometry":{"type":"Polygon","coordinates":[[[-81.842914,38.996377],[-81.843208,38.992797],[-81.843233,38.992789],[-81.843855,38.992568],[-81.844147,38.992415],[-81.844491,38.992173],[-81.844906,38.991849],[-81.848585,38.991998],[-81.848546,38.992587],[-81.849332,38.992619],[-81.849335,38.992843],[-81.849141,38.995489],[-81.845637,38.995361],[-81.845637,38.995361],[-81.845636,38.995361],[-81.844063,38.995303],[-81.844048,38.995491],[-81.843225,38.995461],[-81.843149,38.99639],[-81.84307,38.996385],[-81.842914,38.996377]]]},"properties":{"p":"0700390001","o":"DIDDLE JAMES E","a":"100A LOT203 T2N R11W E SIDE OF RD 63A OUT OF 83.1A EX 5.612A V299 P587","d":"SOUTHERN LOCAL SCHOOL DISTRICT","t":822.45,"l":"RE","c":0}},{"type":"Feature","geometry":{"type":"Polygon","coordinates":[[[-81.842914,38.996377],[-81.842152,38.996338],[-81.842424,38.992992],[-81.842529,38.991753],[-81.842553,38.991754],[-81.844906,38.991849],[-81.844491,38.992173],[-81.844147,38.992415],[-81.843855,38.992568],[-81.843233,38.992789],[-81.843208,38.992797],[-81.842914,38.996377]]]},"properties":{"p":"0700392000","o":"DIDDLE JAMES E","a":"100A LOT202 T2N R11W ON N LINE NEAR MID EX COAL V299 P587","d":"SOUTHERN LOCAL SCHOOL DISTRICT","t":321.23,"l":"RE","c":0}},{"type":"Feature","geometry":{"type":"Polygon","coordinates":[[[-81.845621,38.995549],[-81.84433,38.995502],[-81.844142,38.995495],[-81.844048,38.995491],[-81.844063,38.995303],[-81.845636,38.995361],[-81.845621,38.995549]]]},"properties":{"p":"0700393001","o":"DIDDLE JAMES E","a":"100A LOT204 T2N R11W E SIDE RD 63.00A OUT OF 81.18A EX 12.929A EX 2.71A V299 P587","d":"SOUTHERN LOCAL SCHOOL DISTRICT","t":682.81,"l":"RE","c":0}},{"type":"Feature","geometry":{"type":"MultiPolygon","coordinates":[[[[-81.844142,38.995495],[-81.844092,38.995933],[-81.843454,38.995917],[-81.843353,38.995936],[-81.843322,38.9964],[-81.843149,38.99639],[-81.843225,38.995461],[-81.844048,38.995491],[-81.844142,38.995495]]],[[[-81.845621,38.995549],[-81.845536,38.996584],[-81.845321,38.996533],[-81.845121,38.996497],[-81.844939,38.996481],[-81.84481,38.996469],[-81.844595,38.996455],[-81.84431,38.995885],[-81.84433,38.995502],[-81.845621,38.995549]]]]},"properties":{"p":"0700496000","o":"DIDDLE JAMES E","a":"SEC36 T2N R11W S 1/2 OF N1/2 OF SW 1/4","d":"SOUTHERN LOCAL SCHOOL DISTRICT","t":155.67,"l":"RE","c":0}},{"type":"Feature","geometry":{"type":"Polygon","coordinates":[[[-81.809623,39.006071],[-81.809667,39.006189],[-81.809669,39.006314],[-81.808682,39.006283],[-81.808565,39.005848],[-81.809552,39.00588],[-81.809623,39.006071]]]},"properties":{"p":"0700505000","o":"SAYRE LESLIE C","a":"SEC19 T3N R11W 1A OUT OF NW CORNER OF 9A","d":"SOUTHERN LOCAL SCHOOL DISTRICT","t":214.97,"l":"RE","c":0}},{"type":"Feature","geometry":{"type":"Polygon","coordinates":[[[-81.792214,39.001776],[-81.792271,39.000755],[-81.794778,39.000848],[-81.797805,39.000968],[-81.800302,39.001067],[-81.800247,39.001771],[-81.800175,39.002696],[-81.79877,39.002644],[-81.792179,39.002399],[-81.792214,39.001776]]]},"properties":{"p":"0700694000","o":"DELONG JEFFREY S &/OR CRYSTAL L","a":"65A LOT175 T2N R11W NEW SURVEY","d":"SOUTHERN LOCAL SCHOOL DISTRICT","t":371.05,"l":"RE","c":0}},{"type":"Feature","geometry":{"type":"Polygon","coordinates":[[[-81.808958,39.006292],[-81.808769,39.00716],[-81.809246,39.007306],[-81.809215,39.00733],[-81.807914,39.007323],[-81.807908,39.007916],[-81.806355,39.007872],[-81.80713,39.006233],[-81.808682,39.006283],[-81.808682,39.006283],[-81.808958,39.006292]]]},"properties":{"p":"0700738000","o":"CHILDRESS PEPPER DAWN COLE ETAL","a":"SEC19 T3N R11W S PART OF 83A IN SW PRT OF SE 1/4 10.468AEX 8.968A","d":"SOUTHERN LOCAL SCHOOL DISTRICT","t":232.68,"l":"RE","c":0}},{"type":"Feature","geometry":{"type":"Polygon","coordinates":[[[-81.808769,39.00716],[-81.808958,39.006292],[-81.809669,39.006314],[-81.80967,39.00639],[-81.809592,39.006719],[-81.80951,39.006996],[-81.809321,39.007247],[-81.809246,39.007306],[-81.808769,39.00716]]]},"properties":{"p":"0700738002","o":"CHILDRESS PEPPER DAWN COLE ETAL","a":"SEC19 T3N R11W 8.968A OUT OF 10.468A","d":"SOUTHERN LOCAL SCHOOL DISTRICT","t":135.89,"l":"RE","c":0}},{"type":"Feature","geometry":{"type":"Polygon","coordinates":[[[-81.811777,38.97613],[-81.811632,38.979571],[-81.809912,38.979504],[-81.81009,38.976065],[-81.811777,38.97613]]]},"properties":{"p":"0700772000","o":"LANDERS MARK A","a":"SEC23 160A LOT1171 T2N R11W W END OF E 1/2 EX COAL V311 P685","d":"SOUTHERN LOCAL SCHOOL DISTRICT","t":232.35,"l":"RE","c":0}},{"type":"Feature","geometry":{"type":"Polygon","coordinates":[[[-81.801043,38.9916],[-81.801162,38.99007],[-81.805938,38.990265],[-81.805718,38.993864],[-81.80088,38.993675],[-81.801043,38.9916]]]},"properties":{"p":"0700794000","o":"COOPER GARY LEE &/OR SMITH CHRISTINA DAWN","a":"SEC23 160A LOT1168 T2N R11W E END EX: 3.740A V266 P765","d":"SOUTHERN LOCAL SCHOOL DISTRICT","t":121.51,"l":"RE","c":0}},{"type":"Feature","geometry":{"type":"Polygon","coordinates":[[[-81.804253,38.987797],[-81.804121,38.987881],[-81.804006,38.988088],[-81.804032,38.988331],[-81.803997,38.988455],[-81.804098,38.988544],[-81.804148,38.988589],[-81.804085,38.988668],[-81.80413,38.98873],[-81.80413,38.988788],[-81.80393,38.988848],[-81.803839,38.988892],[-81.803861,38.988985],[-81.803732,38.989418],[-81.803583,38.989572],[-81.803513,38.989771],[-81.803545,38.989939],[-81.80353,38.990167],[-81.801162,38.99007],[-81.801366,38.98764],[-81.803005,38.987136],[-81.803443,38.986914],[-81.80371,38.987154],[-81.803932,38.987365],[-81.804121,38.987471],[-81.804142,38.987553],[-81.804226,38.987616],[-81.804197,38.987682],[-81.804253,38.987797]]]},"properties":{"p":"0700795000","o":"COOPER GARY LEE &/OR SMITH CHRISTINA DAWN","a":"SEC23 160A LOT1168 T2N R11W W 1/2 OF E 75A 160-1168 EX 13.5686A","d":"SOUTHERN LOCAL SCHOOL DISTRICT","t":133.01,"l":"RE","c":0}},{"type":"Feature","geometry":{"type":"Polygon","coordinates":[[[-81.803669,38.986686],[-81.803431,38.986527],[-81.805204,38.986596],[-81.805249,38.986598],[-81.805178,38.9877],[-81.805015,38.990227],[-81.80353,38.990167],[-81.803545,38.989939],[-81.803513,38.989771],[-81.803583,38.989572],[-81.803732,38.989418],[-81.803861,38.988985],[-81.803839,38.988892],[-81.80393,38.988848],[-81.80413,38.988788],[-81.80413,38.98873],[-81.804085,38.988668],[-81.804148,38.988589],[-81.804098,38.988544],[-81.803997,38.988455],[-81.804032,38.988331],[-81.804006,38.988088],[-81.804121,38.987881],[-81.804253,38.987797],[-81.804197,38.987682],[-81.804226,38.987616],[-81.804142,38.987553],[-81.804121,38.987471],[-81.804137,38.987292],[-81.804061,38.987209],[-81.803975,38.987081],[-81.803938,38.986889],[-81.803915,38.98685],[-81.803876,38.98684],[-81.803797,38.986773],[-81.803669,38.986686]]]},"properties":{"p":"0700795001","o":"COOPER GARY LEE &/OR SMITH CHRISTINA DAWN","a":"SEC23 160A LOT1168 & 1169 T2N R11W W1/2 OF E 75.00A 13.5686A OUT OF 40A V318 P493","d":"SOUTHERN LOCAL SCHOOL DISTRICT","t":121.07,"l":"RE","c":0}},{"type":"Feature","geometry":{"type":"Polygon","coordinates":[[[-81.808973,38.987899],[-81.808591,38.987875],[-81.807903,38.987877],[-81.807409,38.98791],[-81.806904,38.987923],[-81.806434,38.987889],[-81.805637,38.987774],[-81.805178,38.9877],[-81.805249,38.986598],[-81.807742,38.986695],[-81.809636,38.986769],[-81.809578,38.98798],[-81.809433,38.987948],[-81.808973,38.987899]]]},"properties":{"p":"0700797000","o":"COOPER GARY LEE &/OR SMITH CHRISTINA DAWN","a":"SEC24 T2N R11W UND 5/6 OF SE 1/4 OF SE 1/4 V266 P765","d":"SOUTHERN LOCAL SCHOOL DISTRICT","t":131.79,"l":"RE","c":0}},{"type":"Feature","geometry":{"type":"Polygon","coordinates":[[[-81.820457,38.954886],[-81.819766,38.95486],[-81.819288,38.954841],[-81.81888,38.954593],[-81.818761,38.954541],[-81.818866,38.95431],[-81.81869,38.954242],[-81.818591,38.954468],[-81.817931,38.95423],[-81.817384,38.954065],[-81.816818,38.953925],[-81.816323,38.953858],[-81.816195,38.953688],[-81.816161,38.953548],[-81.816163,38.953474],[-81.81689,38.953503],[-81.816898,38.953027],[-81.816145,38.953026],[-81.816186,38.952938],[-81.816757,38.952844],[-81.817184,38.952727],[-81.817306,38.952684],[-81.817593,38.952584],[-81.817608,38.952577],[-81.81805,38.952978],[-81.818405,38.953194],[-81.819033,38.953509],[-81.819606,38.953887],[-81.820081,38.954448],[-81.820457,38.954886]]]},"properties":{"p":"0700808000","o":"NEAL MICHAEL","a":"100A LOT208 T2N R11W PARC IN 208 BET OLD TOWN CR & ST RT 338&124 V292 P103","d":"SOUTHERN LOCAL SCHOOL DISTRICT","t":1142.02,"l":"RE","c":0}},{"type":"Feature","geometry":{"type":"Polygon","coordinates":[[[-81.814985,38.968809],[-81.81492,38.969838],[-81.814868,38.970651],[-81.814096,38.970533],[-81.813645,38.970445],[-81.813364,38.970292],[-81.812856,38.9699],[-81.812659,38.969707],[-81.812544,38.969596],[-81.812308,38.96931],[-81.812314,38.969252],[-81.812324,38.969148],[-81.812514,38.969039],[-81.812785,38.969101],[-81.813256,38.969262],[-81.813799,38.969301],[-81.814345,38.969131],[-81.814788,38.968908],[-81.814985,38.968809]]]},"properties":{"p":"0700809000","o":"DIDDLE JAMES E &/OR LINDA","a":"E PRT SEC22 70A LOT191 T2N R11W W END EX COAL V299 P591","d":"SOUTHERN LOCAL SCHOOL DISTRICT","t":399.91,"l":"RE","c":0}},{"type":"Feature","geometry":{"type":"Polygon","coordinates":[[[-81.815167,38.970702],[-81.812199,38.970587],[-81.812266,38.969687],[-81.812299,38.969246],[-81.812314,38.969252],[-81.812308,38.96931],[-81.812544,38.969596],[-81.812659,38.969707],[-81.812856,38.9699],[-81.813364,38.970292],[-81.813645,38.970445],[-81.814096,38.970533],[-81.814868,38.970651],[-81.814895,38.970655],[-81.815167,38.970702]]]},"properties":{"p":"0700810000","o":"DIDDLE JAMES E &/OR LINDA","a":"E PRT SEC22 70A LOT192 T2N R11W EX COAL V299 P591","d":"SOUTHERN LOCAL SCHOOL DISTRICT","t":1032.06,"l":"RE","c":0}},{"type":"Feature","geometry":{"type":"Polygon","coordinates":[[[-81.846685,39.023704],[-81.846899,39.02089],[-81.847809,39.020927],[-81.847847,39.021023],[-81.84789,39.021104],[-81.847934,39.021185],[-81.848087,39.021507],[-81.848168,39.021689],[-81.848229,39.021911],[-81.84825,39.02204],[-81.848249,39.022133],[-81.848248,39.022225],[-81.848251,39.022504],[-81.848259,39.02264],[-81.848273,39.022776],[-81.84829,39.022926],[-81.848297,39.022987],[-81.848305,39.023049],[-81.848279,39.023281],[-81.848187,39.023382],[-81.848023,39.023451],[-81.847883,39.023471],[-81.847743,39.023491],[-81.847396,39.023557],[-81.847221,39.023595],[-81.846922,39.023665],[-81.846779,39.023698],[-81.846684,39.023721],[-81.846685,39.023704]]]},"properties":{"p":"0700812000","o":"DIDDLE JAMES E","a":"SEC35 160A LOT1179 T2N R11W E 1/2 OF W 1/2 40A OF 80A V299 P597","d":"SOUTHERN LOCAL SCHOOL DISTRICT","t":576.58,"l":"RE","c":0}},{"type":"Feature","geometry":{"type":"Polygon","coordinates":[[[-81.846693,39.023603],[-81.842053,39.023411],[-81.842259,39.020698],[-81.846899,39.02089],[-81.846693,39.023603]]]},"properties":{"p":"0700820000","o":"DIDDLE JAMES E","a":"SEC29 T2N R11W UND 1/2 OF 40A SW COR V299 P597","d":"SOUTHERN LOCAL SCHOOL DISTRICT","t":288.29,"l":"RE","c":0}},{"type":"Feature","geometry":{"type":"Polygon","coordinates":[[[-81.835953,38.980538],[-81.836237,38.977076],[-81.841099,38.977263],[-81.840824,38.980615],[-81.840811,38.980772],[-81.838912,38.980681],[-81.835953,38.980538]]]},"properties":{"p":"0700821000","o":"DIDDLE JAMES E","a":"SEC29 T2N R11W UND 1/2 OF 40A SW COR V299 P597","d":"SOUTHERN LOCAL SCHOOL DISTRICT","t":278.4,"l":"RE","c":0}},{"type":"Feature","geometry":{"type":"Polygon","coordinates":[[[-81.823396,38.966495],[-81.82311,38.966659],[-81.822744,38.966796],[-81.822403,38.966926],[-81.822127,38.967077],[-81.821855,38.967277],[-81.821539,38.967521],[-81.821302,38.967666],[-81.820935,38.967828],[-81.82046,38.968006],[-81.820302,38.968047],[-81.820024,38.968119],[-81.81956,38.968203],[-81.819243,38.968236],[-81.818742,38.968275],[-81.818308,38.968313],[-81.81822,38.968321],[-81.81825,38.96785],[-81.817828,38.967834],[-81.817926,38.966283],[-81.823396,38.966495]]]},"properties":{"p":"0700822000","o":"DIDDLE JAMES E","a":"SEC35 160A LOT1179 T2N R11W UND 1/2 OF 80A E 1/2 V299 P597","d":"SOUTHERN LOCAL SCHOOL DISTRICT","t":576.58,"l":"RE","c":0}},{"type":"Feature","geometry":{"type":"Polygon","coordinates":[[[-81.824471,38.965175],[-81.824308,38.965494],[-81.824133,38.965804],[-81.823972,38.966037],[-81.823808,38.966205],[-81.823474,38.96645],[-81.823396,38.966495],[-81.817926,38.966283],[-81.817115,38.966252],[-81.812536,38.966074],[-81.812608,38.965107],[-81.812704,38.963818],[-81.821944,38.964176],[-81.822034,38.964833],[-81.824474,38.965167],[-81.824471,38.965175]]]},"properties":{"p":"0700823000","o":"DIDDLE JAMES E","a":"SEC35 160A LOT1179 T2N R11W UND 1/2 OF 80A E 1/2 V299 P597","d":"SOUTHERN LOCAL SCHOOL DISTRICT","t":576.58,"l":"RE","c":0}},{"type":"Feature","geometry":{"type":"Polygon","coordinates":[[[-81.821944,38.964176],[-81.812704,38.963818],[-81.812747,38.963244],[-81.812872,38.961563],[-81.820454,38.961856],[-81.820827,38.962528],[-81.821778,38.962962],[-81.821944,38.964176]]]},"properties":{"p":"0700824000","o":"DIDDLE JAMES E","a":"SEC35 160A LOT1178 T2N R11W E PRT OF W 1/2 V299 P597","d":"SOUTHERN LOCAL SCHOOL DISTRICT","t":255.74,"l":"RE","c":0}},{"type":"Feature","geometry":{"type":"Polygon","coordinates":[[[-81.812266,38.969687],[-81.812199,38.970587],[-81.812073,38.972283],[-81.812026,38.972909],[-81.808423,38.972755],[-81.808691,38.96952],[-81.812266,38.969687]]]},"properties":{"p":"0700825000","o":"DIDDLE JAMES E","a":"SEC35 160A LOT1178 T2N R11W UND 1/2 OF 35.50A E PRT OF W 1/2 V299 P597","d":"SOUTHERN LOCAL SCHOOL DISTRICT","t":251.63,"l":"RE","c":0}},{"type":"Feature","geometry":{"type":"Polygon","coordinates":[[[-81.808691,38.96952],[-81.808423,38.972755],[-81.802632,38.972507],[-81.802902,38.96925],[-81.808691,38.96952]]]},"properties":{"p":"0700859000","o":"DIDDLE JAMES E","a":"SEC36 T2N R11W SHL LOT SW COR OF SE1/4 EX MINERALS","d":"SOUTHERN LOCAL SCHOOL DISTRICT","t":210,"l":"RE","c":0}},{"type":"Feature","geometry":{"type":"MultiPolygon","coordinates":[[[[-81.85935,38.971512],[-81.858778,38.971875],[-81.857937,38.971376],[-81.857991,38.970754],[-81.858072,38.970776],[-81.858161,38.9708],[-81.858285,38.970858],[-81.858608,38.971009],[-81.858905,38.9712],[-81.85935,38.971512]]],[[[-81.860323,38.973794],[-81.860271,38.974452],[-81.857681,38.974358],[-81.857818,38.972766],[-81.858929,38.973106],[-81.860323,38.973794]]]]},"properties":{"p":"0700913001","o":"WARNER MICHAEL E","a":"SEC28 T2N R11W .4097A OUT OF 42.50A EX: 0.106A V310 P727","d":"SOUTHERN LOCAL SCHOOL DISTRICT","t":100.9,"l":"RE","c":0}},{"type":"Feature","geometry":{"type":"Polygon","coordinates":[[[-81.787655,39.035602],[-81.78763,39.035989],[-81.78753,39.035925],[-81.787269,39.035748],[-81.787019,39.035571],[-81.786814,39.035419],[-81.787018,39.035349],[-81.787298,39.035304],[-81.787527,39.03529],[-81.787563,39.035288],[-81.787647,39.035597],[-81.787655,39.035602]]]},"properties":{"p":"0700918000","o":"WEDDLE ROBERT WAYNE & NELSON JOSHUA WAYNE","a":"100A LOT142-143 T3N R11W SECT 14 -15 NE COR ABOVE WELLS RUN","d":"SOUTHERN LOCAL SCHOOL DISTRICT","t":428.16,"l":"RE","c":0}},{"type":"Feature","geometry":{"type":"Polygon","coordinates":[[[-81.812507,38.966465],[-81.812368,38.96833],[-81.81234,38.968707],[-81.812299,38.969246],[-81.812266,38.969687],[-81.808691,38.96952],[-81.802902,38.96925],[-81.803171,38.965992],[-81.809914,38.966334],[-81.812507,38.966465]]]},"properties":{"p":"0700958000","o":"DIDDLE JAMES E &/OR LINDA","a":"SEC34 T2N R11W 31/2 EX 80A","d":"SOUTHERN LOCAL SCHOOL DISTRICT","t":1141.62,"l":"RE","c":0}},{"type":"Feature","geometry":{"type":"Polygon","coordinates":[[[-81.910844,38.968368],[-81.910385,38.968346],[-81.910386,38.968324],[-81.910388,38.968275],[-81.910402,38.968022],[-81.910429,38.968023],[-81.910675,38.968033],[-81.910862,38.96804],[-81.910844,38.968368]]]},"properties":{"p":"0700975000","o":"HARMON WILLIAM &/OR JANELLE D","a":"SEC33 160A LOT1184 T2N R11W MID OF W1/2 OF E1/2 EX COAL V288 P273","d":"SOUTHERN LOCAL SCHOOL DISTRICT","t":973.9,"l":"RE","c":0}},{"type":"Feature","geometry":{"type":"Polygon","coordinates":[[[-81.875901,38.883601],[-81.875901,38.883601],[-81.876658,38.88333],[-81.87671,38.88382],[-81.875687,38.883979],[-81.875709,38.883669],[-81.875748,38.883656],[-81.875865,38.883614],[-81.875901,38.883601]]]},"properties":{"p":"0800025000","o":"ALLEY CARL ETAL","a":"100A LOT235 T1N R12W SE PRT OF 87A V314 P469","d":"SOUTHERN LOCAL SCHOOL DISTRICT","t":269.81,"l":"RE","c":0}},{"type":"Feature","geometry":{"type":"Polygon","coordinates":[[[-81.886351,38.932191],[-81.886218,38.934114],[-81.881961,38.933953],[-81.881753,38.9334],[-81.881473,38.933381],[-81.881645,38.933942],[-81.881604,38.93394],[-81.874253,38.933663],[-81.874411,38.931688],[-81.874411,38.931688],[-81.88093,38.931963],[-81.886351,38.932191]]]},"properties":{"p":"0800030000","o":"ARNOTT EDWARD","a":"100A LOT272 T2N R12W N END EX COAL & OIL","d":"SOUTHERN LOCAL SCHOOL DISTRICT","t":988.29,"l":"RE","c":0}},{"type":"Feature","geometry":{"type":"Polygon","coordinates":[[[-81.92402,38.895336],[-81.923645,38.895321],[-81.923666,38.894992],[-81.924125,38.89501],[-81.92402,38.895336]]]},"properties":{"p":"0800081000","o":"49358 STATE ROUTE 124 LLC","a":"100A LOT248 T1N R12W SW COR OF THAT PRT OF 100A LOT 248 W OF RD V246 P211","d":"SOUTHERN LOCAL SCHOOL DISTRICT","t":486.07,"l":"RE","c":0}},{"type":"Feature","geometry":{"type":"Polygon","coordinates":[[[-81.86796,38.921167],[-81.868309,38.921721],[-81.86842,38.921818],[-81.868394,38.921918],[-81.868796,38.92224],[-81.869034,38.922206],[-81.868675,38.926602],[-81.867441,38.926547],[-81.867692,38.922825],[-81.867744,38.922766],[-81.867751,38.92275],[-81.867848,38.922517],[-81.86795,38.922139],[-81.867985,38.921811],[-81.867969,38.921495],[-81.86796,38.921167]]]},"properties":{"p":"0800084000","o":"SMITH DEREK","a":"160A LOT1221 T2N R12W NW COR OF S 64.20A","d":"SOUTHERN LOCAL SCHOOL DISTRICT","t":379.09,"l":"RE","c":0}},{"type":"Feature","geometry":{"type":"Polygon","coordinates":[[[-81.88072,38.945787],[-81.880748,38.94543],[-81.881186,38.945451],[-81.881159,38.945807],[-81.88072,38.945787]]]},"properties":{"p":"0800125000","o":"CLEEK DEBORAH SUE ETAL","a":"SEC2 160A LOT1212 T2N R12W .37A OF 4.38A SE PRT W OF RD","d":"SOUTHERN LOCAL SCHOOL DISTRICT","t":177.11,"l":"RE","c":0}},{"type":"Feature","geometry":{"type":"Polygon","coordinates":[[[-81.926734,38.896748],[-81.926723,38.896915],[-81.926305,38.896899],[-81.926316,38.896732],[-81.926734,38.896748]]]},"properties":{"p":"0800221000","o":"ROBERTS NATHAN","a":"LOT248 T1N R12W BURNS ADD.","d":"SOUTHERN LOCAL SCHOOL DISTRICT","t":114.58,"l":"RE","c":0}},{"type":"Feature","geometry":{"type":"Polygon","coordinates":[[[-81.844609,38.933256],[-81.844445,38.933516],[-81.843757,38.933356],[-81.843924,38.933096],[-81.844609,38.933256]]]},"properties":{"p":"0800280000","o":"HAYMAN KELLY","a":"SEC31 160A LOT1190 T2N R11W SE PT OF SE 1/4","d":"SOUTHERN LOCAL SCHOOL DISTRICT","t":419.52,"l":"RE","c":0}},{"type":"Feature","geometry":{"type":"Polygon","coordinates":[[[-81.917758,38.888276],[-81.917312,38.888569],[-81.916914,38.888269],[-81.91696,38.887656],[-81.917758,38.888276]]]},"properties":{"p":"0800302001","o":"SMITH JEFFREY B","a":"SEC16 T1 R12 .9169A OUT OF 1.44A","d":"SOUTHERN LOCAL SCHOOL DISTRICT","t":902.77,"l":"RE","c":0}},{"type":"Feature","geometry":{"type":"Polygon","coordinates":[[[-81.832251,38.943462],[-81.832262,38.943455],[-81.834087,38.943995],[-81.833716,38.944248],[-81.833351,38.944466],[-81.832905,38.944002],[-81.832251,38.943462]]]},"properties":{"p":"0800329001","o":"HARRISON TODD M &/OR JODY G","a":"SEC 26 T2N R11W 1.6258A OUT OF 6A EX: 0.2077","d":"SOUTHERN LOCAL SCHOOL DISTRICT","t":102.76,"l":"RE","c":0}},{"type":"Feature","geometry":{"type":"Polygon","coordinates":[[[-81.851945,38.905835],[-81.851793,38.90689],[-81.849804,38.906663],[-81.850122,38.905524],[-81.851945,38.905835]]]},"properties":{"p":"0800415003","o":"KENNON DENNIS","a":"100A LOT219 T1N R11W 4.864A OUT OF 43.720A LOT 16","d":"SOUTHERN LOCAL SCHOOL DISTRICT","t":879.92,"l":"RE","c":0}},{"type":"Feature","geometry":{"type":"Polygon","coordinates":[[[-81.925382,38.895921],[-81.925803,38.895938],[-81.92574,38.896934],[-81.925319,38.896916],[-81.925382,38.895921]]]},"properties":{"p":"0800458001","o":"RAINES DONALD","a":"100A LOT248 T1N R12W 1.00A OUT OF 7.00A E OF VILLAGE LOTS V276 P489","d":"SOUTHERN LOCAL SCHOOL DISTRICT","t":710.02,"l":"RE","c":0}},{"type":"Feature","geometry":{"type":"Polygon","coordinates":[[[-81.861112,38.9201],[-81.861164,38.920407],[-81.860768,38.920414],[-81.860739,38.920116],[-81.861112,38.9201]]]},"properties":{"p":"0800545001","o":"WOLFE ASHLYN L","a":"100A LOT 214 T1N R11W 0.2802A OUT OF 22.00A","d":"SOUTHERN LOCAL SCHOOL DISTRICT","t":110.4,"l":"RE","c":0}},{"type":"Feature","geometry":{"type":"Polygon","coordinates":[[[-81.847171,38.917467],[-81.847188,38.917315],[-81.847673,38.917318],[-81.847843,38.917325],[-81.847851,38.917493],[-81.847848,38.917493],[-81.847171,38.917467]]]},"properties":{"p":"0800554002","o":"CEDAR KYLE W &/OR MELODY J","a":"100A LOT218 T1N R11W 27.591A (COMBINED 5A, 1.75A, 1.50A, 8.736A)","d":"SOUTHERN LOCAL SCHOOL DISTRICT","t":2032.2,"l":"RE","c":0}},{"type":"Feature","geometry":{"type":"Polygon","coordinates":[[[-81.886309,38.902398],[-81.886205,38.903894],[-81.88619,38.904104],[-81.885646,38.904081],[-81.884977,38.904052],[-81.885109,38.902342],[-81.886309,38.902398]]]},"properties":{"p":"0800587000","o":"ROUSH MARSHALL R &/OR DEBORAH V","a":"49A LOT254 T1N R12W N OF W END V264 P291","d":"SOUTHERN LOCAL SCHOOL DISTRICT","t":1838.99,"l":"RE","c":0}},{"type":"Feature","geometry":{"type":"Polygon","coordinates":[[[-81.886537,38.89914],[-81.886309,38.902398],[-81.885109,38.902342],[-81.88536,38.899094],[-81.886537,38.89914]]]},"properties":{"p":"0800588000","o":"ROUSH MARSHALL R &/OR DEBORAH V","a":"SEC11 T1N R12W SE OF NE 1/4 V264 P291","d":"SOUTHERN LOCAL SCHOOL DISTRICT","t":248.72,"l":"RE","c":0}},{"type":"Feature","geometry":{"type":"Polygon","coordinates":[[[-81.888337,38.902493],[-81.888234,38.903692],[-81.888211,38.903977],[-81.886205,38.903894],[-81.886309,38.902398],[-81.888337,38.902493]]]},"properties":{"p":"0800589000","o":"ROUSH MARSHALL R &/OR DEBORAH V","a":"49A LOT256 T1N R12W SW COR. EX. 2A SW V264 P291","d":"SOUTHERN LOCAL SCHOOL DISTRICT","t":261.64,"l":"RE","c":0}},{"type":"Feature","geometry":{"type":"Polygon","coordinates":[[[-81.885393,38.898676],[-81.88536,38.899094],[-81.88536,38.899094],[-81.885217,38.90095],[-81.884374,38.900916],[-81.884607,38.900672],[-81.884716,38.900446],[-81.884739,38.900219],[-81.884748,38.899911],[-81.88475,38.899609],[-81.884671,38.899285],[-81.884527,38.898969],[-81.884338,38.89873],[-81.88419,38.898656],[-81.884192,38.898627],[-81.885393,38.898676]]]},"properties":{"p":"0800592000","o":"ROUSH MARSHALL R &/OR DEBORAH V","a":"49A LOT256 T1N R12W NW CORNER V264 P291","d":"SOUTHERN LOCAL SCHOOL DISTRICT","t":404.94,"l":"RE","c":0}},{"type":"Feature","geometry":{"type":"Polygon","coordinates":[[[-81.88387,38.903238],[-81.883936,38.902288],[-81.885109,38.902342],[-81.885036,38.903286],[-81.88387,38.903238]]]},"properties":{"p":"0800593000","o":"ROUSH MARSHALL R &/OR DEBORAH V","a":"49A LOT256 T1N R12W SW CORNER V264 P291","d":"SOUTHERN LOCAL SCHOOL DISTRICT","t":1221.92,"l":"RE","c":0}},{"type":"Feature","geometry":{"type":"Polygon","coordinates":[[[-81.835272,38.945184],[-81.833161,38.946616],[-81.833128,38.946532],[-81.833005,38.94639],[-81.832762,38.946127],[-81.832696,38.946056],[-81.832691,38.946025],[-81.832712,38.94598],[-81.832714,38.945922],[-81.832523,38.94571],[-81.833202,38.944912],[-81.833009,38.944656],[-81.833125,38.944593],[-81.833239,38.944625],[-81.835272,38.945184]]]},"properties":{"p":"0800658000","o":"SMITH WILLIAM K","a":"SEC26 T2N R11W NEAR MID. OF N1/2 ON RIVER EX. COAL","d":"SOUTHERN LOCAL SCHOOL DISTRICT","t":263.52,"l":"RE","c":0}},{"type":"Feature","geometry":{"type":"Polygon","coordinates":[[[-81.869029,38.918294],[-81.867906,38.91825],[-81.867975,38.917312],[-81.869089,38.917471],[-81.869029,38.918294]]]},"properties":{"p":"0800674000","o":"STOVER LEONARD &/OR JUNE","a":"SEC6 100A LOT223 T1N R12W EX. COAL V282 P439","d":"SOUTHERN LOCAL SCHOOL DISTRICT","t":107.46,"l":"RE","c":0}},{"type":"Feature","geometry":{"type":"Polygon","coordinates":[[[-81.773775,39.165603],[-81.778361,39.165784],[-81.778101,39.169672],[-81.773507,39.169472],[-81.773775,39.165603]]]},"properties":{"p":"0900001000","o":"ABBOT CHARLES","a":"SEC18 T4N R11W SE1/4 OF SW1/4 OF SE1/4 V259 P677","d":"EASTERN LOCAL SCHOOL DISTRICT","t":241.12,"l":"RE","c":0}},{"type":"Feature","geometry":{"type":"Polygon","coordinates":[[[-81.745781,39.122773],[-81.74578,39.123188],[-81.745466,39.123178],[-81.745457,39.122763],[-81.745781,39.122773]]]},"properties":{"p":"0900034000","o":"SMITH TIMMY LEO II","a":"100A LOT103 T4N R11W E1/2 EX: COAL EX: 2A N OF REEDSVILLE","d":"EASTERN LOCAL SCHOOL DISTRICT","t":670.89,"l":"RE","c":0}},{"type":"Feature","geometry":{"type":"Polygon","coordinates":[[[-81.775723,39.135671],[-81.77607,39.135193],[-81.776219,39.135267],[-81.776359,39.13535],[-81.776772,39.135607],[-81.776425,39.136085],[-81.776012,39.135828],[-81.775872,39.135745],[-81.775723,39.135671]]]},"properties":{"p":"0900077000","o":"BARBER JUSTIN LEE","a":"SEC15 FRAC27 T4N R11W N PRT EX: 2A EX: 6A EX: 15A","d":"EASTERN LOCAL SCHOOL DISTRICT","t":568.61,"l":"RE","c":0}},{"type":"Feature","geometry":{"type":"Polygon","coordinates":[[[-81.785523,39.141039],[-81.786074,39.140505],[-81.786333,39.140449],[-81.786627,39.14007],[-81.786099,39.139714],[-81.785091,39.139247],[-81.784821,39.139631],[-81.784313,39.139451],[-81.783999,39.139431],[-81.783991,39.13942],[-81.783961,39.139369],[-81.783895,39.139253],[-81.783837,39.139104],[-81.783788,39.138957],[-81.783732,39.13883],[-81.783676,39.138686],[-81.783636,39.138593],[-81.78358,39.138452],[-81.783575,39.138441],[-81.784187,39.137791],[-81.784604,39.137869],[-81.785184,39.138474],[-81.785225,39.137908],[-81.785283,39.137651],[-81.785628,39.137185],[-81.785826,39.136691],[-81.787787,39.136752],[-81.787035,39.140349],[-81.786796,39.14131],[-81.786721,39.141257],[-81.78662,39.141237],[-81.786529,39.141194],[-81.786444,39.141152],[-81.786369,39.14111],[-81.786253,39.141021],[-81.785814,39.141349],[-81.785757,39.141284],[-81.785636,39.141165],[-81.785616,39.141143],[-81.785523,39.141039]]]},"properties":{"p":"0900182000","o":"MAX JAMES &/OR ASHLEY","a":"FRAC30 T4N R11W E END V334 P511","d":"EASTERN LOCAL SCHOOL DISTRICT","t":529.68,"l":"RE","c":0}},{"type":"Feature","geometry":{"type":"Polygon","coordinates":[[[-81.805955,39.089443],[-81.805955,39.089443],[-81.804293,39.089791],[-81.804321,39.089157],[-81.804322,39.089157],[-81.804353,39.089148],[-81.804383,39.089139],[-81.804414,39.089129],[-81.804444,39.089119],[-81.804474,39.089109],[-81.804503,39.089098],[-81.804533,39.089087],[-81.804562,39.089075],[-81.804591,39.089063],[-81.804617,39.089052],[-81.804635,39.089045],[-81.804653,39.089037],[-81.804671,39.089029],[-81.804689,39.089021],[-81.804702,39.089015],[-81.80516,39.088818],[-81.806001,39.088601],[-81.805955,39.089443]]]},"properties":{"p":"0900207000","o":"STRICKLAND WILLIAM E ETAL","a":"SEC24 100A LOT 139 T3&4N R11W E LINE N OF RACINE RD","d":"EASTERN LOCAL SCHOOL DISTRICT","t":294.99,"l":"RE","c":0}},{"type":"Feature","geometry":{"type":"Polygon","coordinates":[[[-81.756965,39.088232],[-81.756328,39.087824],[-81.756498,39.087698],[-81.756854,39.087484],[-81.757449,39.087865],[-81.756965,39.088232]]]},"properties":{"p":"0900229006","o":"WEIS GREGORY C &/OR NICOLE A","a":"30A LOT120 T3N R11W 1A OUT OF 43.3986A BUCKLEY SUB","d":"EASTERN LOCAL SCHOOL DISTRICT","t":208.35,"l":"RE","c":0}},{"type":"Feature","geometry":{"type":"Polygon","coordinates":[[[-81.756713,39.088994],[-81.756589,39.088883],[-81.756735,39.088977],[-81.756713,39.088994]]]},"properties":{"p":"0900229017","o":"WEIS GREGORY C","a":"30A LOT120 T3N R11W BUCKLEYS 2ND SUB EX: 0.2296","d":"EASTERN LOCAL SCHOOL DISTRICT","t":162.25,"l":"RE","c":0}},{"type":"Feature","geometry":{"type":"MultiPolygon","coordinates":[[[[-81.756713,39.088994],[-81.756452,39.089191],[-81.756452,39.089191],[-81.756713,39.088994]]],[[[-81.756713,39.088994],[-81.756735,39.088977],[-81.75699,39.08914],[-81.756928,39.089187],[-81.756713,39.088994]]]]},"properties":{"p":"0900229020","o":"WEIS GREGORY C &/OR NICOLE A","a":"30A LOT 120 T3N R11W .387A OUT OF 16.848A EX: 0.387A","d":"EASTERN LOCAL SCHOOL DISTRICT","t":140.4,"l":"RE","c":0}},{"type":"Feature","geometry":{"type":"Polygon","coordinates":[[[-81.828819,39.124837],[-81.82976,39.124718],[-81.829903,39.125193],[-81.829732,39.125242],[-81.829667,39.125259],[-81.829544,39.125292],[-81.829378,39.12534],[-81.829269,39.125371],[-81.829096,39.12542],[-81.828924,39.125471],[-81.828736,39.125525],[-81.828819,39.124837]]]},"properties":{"p":"0900303001","o":"LYONS TRAVIS R &/OR OSHE MISTY D","a":"SEC33 FRAC31 T4N R11W NE COR OF W CONNOLLY’S 1.42A OUT OF 25A V303 P263","d":"EASTERN LOCAL SCHOOL DISTRICT","t":162.77,"l":"RE","c":0}},{"type":"Feature","geometry":{"type":"Polygon","coordinates":[[[-81.922685,39.087485],[-81.922676,39.087681],[-81.922607,39.087679],[-81.922616,39.087483],[-81.922685,39.087485]]]},"properties":{"p":"0900407001","o":"HANNON LAURIE A","a":"30A LOT 121 R 11W 1.157A OUT OF 29.05A 1.497A PER SURVEY","d":"EASTERN LOCAL SCHOOL DISTRICT","t":2265.31,"l":"RE","c":0}},{"type":"Feature","geometry":{"type":"Polygon","coordinates":[[[-81.922853,39.087686],[-81.922676,39.087681],[-81.922684,39.087516],[-81.922864,39.087522],[-81.922853,39.087686]]]},"properties":{"p":"0900407008","o":"HANNON LAURIE A","a":"30A LOT123 T3N R11W TRACT7 DRAKE SUB 1.062A OUT OF 27.89A","d":"EASTERN LOCAL SCHOOL DISTRICT","t":389.15,"l":"RE","c":0}},{"type":"Feature","geometry":{"type":"Polygon","coordinates":[[[-81.836728,39.116102],[-81.837306,39.113824],[-81.837453,39.113771],[-81.837573,39.113739],[-81.837674,39.113723],[-81.837837,39.113716],[-81.838028,39.113723],[-81.838166,39.11374],[-81.838278,39.113761],[-81.838448,39.113812],[-81.838518,39.113848],[-81.838619,39.113934],[-81.838715,39.114045],[-81.838817,39.114154],[-81.838872,39.114216],[-81.838918,39.114264],[-81.838968,39.114322],[-81.839069,39.114445],[-81.839121,39.114498],[-81.839193,39.11456],[-81.839331,39.114601],[-81.839503,39.11469],[-81.839576,39.114732],[-81.839677,39.114733],[-81.839697,39.114665],[-81.839824,39.114707],[-81.83995,39.114823],[-81.840075,39.114969],[-81.840194,39.115048],[-81.84036,39.115168],[-81.84048,39.115242],[-81.840726,39.115368],[-81.84068,39.115807],[-81.840651,39.115883],[-81.840639,39.115908],[-81.840594,39.116039],[-81.840547,39.116176],[-81.840497,39.11631],[-81.836728,39.116102]]]},"properties":{"p":"0900583000","o":"SHOOK PAUL E &/OR JEANNIE","a":"SEC32 T4N R11W E PRT OF SW1/4","d":"EASTERN LOCAL SCHOOL DISTRICT","t":290.85,"l":"RE","c":0}},{"type":"Feature","geometry":{"type":"Polygon","coordinates":[[[-81.843924,39.162073],[-81.843872,39.161161],[-81.845041,39.161216],[-81.84503,39.161368],[-81.844799,39.161523],[-81.844436,39.161741],[-81.843988,39.162039],[-81.843924,39.162073]]]},"properties":{"p":"0900601001","o":"JAMES TAWNYA","a":"SEC35 T4N R11W 1.4119A OUT OF 69.81A","d":"EASTERN LOCAL SCHOOL DISTRICT","t":366.28,"l":"RE","c":0}},{"type":"Feature","geometry":{"type":"Polygon","coordinates":[[[-81.774408,39.1091],[-81.772938,39.109054],[-81.772998,39.107909],[-81.774401,39.10795],[-81.774408,39.1091]]]},"properties":{"p":"0900647000","o":"DURST DENNIS W &/OR DURST DAVID R","a":"SEC14 FRAC19 T4N R11W S11-14 NPT OF 33A IN W PART OF 56.10A E END 14.80A V304 P271","d":"EASTERN LOCAL SCHOOL DISTRICT","t":157.05,"l":"RE","c":0}},{"type":"Feature","geometry":{"type":"Polygon","coordinates":[[[-81.788395,39.143948],[-81.788212,39.143945],[-81.788015,39.143949],[-81.787877,39.14395],[-81.7878,39.143951],[-81.78762,39.143943],[-81.787566,39.143942],[-81.787717,39.143412],[-81.787797,39.143131],[-81.788477,39.143302],[-81.789318,39.143541],[-81.789289,39.143997],[-81.789184,39.143988],[-81.789021,39.143976],[-81.788823,39.143966],[-81.788612,39.143958],[-81.788395,39.143948]]]},"properties":{"p":"0900707000","o":"JONES PATRICIA ANN","a":"SEC16 T4N R11W NW COR OF 21.50A TRACT NW COR OF SW1/4 OF SEC16","d":"EASTERN LOCAL SCHOOL DISTRICT","t":735.23,"l":"RE","c":0}},{"type":"Feature","geometry":{"type":"Polygon","coordinates":[[[-81.756379,39.15014],[-81.756641,39.151027],[-81.75571,39.151009],[-81.75568,39.150908],[-81.755596,39.150596],[-81.755551,39.150424],[-81.755476,39.150134],[-81.755473,39.150122],[-81.756379,39.15014]]]},"properties":{"p":"0900736000","o":"REED JEREMY & REED JASON","a":"SEC16 T4N R11W SEC11 640 PRT OF 52.75A S PRT ALONG RD","d":"EASTERN LOCAL SCHOOL DISTRICT","t":580.62,"l":"RE","c":0}},{"type":"Feature","geometry":{"type":"Polygon","coordinates":[[[-81.841955,39.159256],[-81.842011,39.158508],[-81.842216,39.158517],[-81.842159,39.159267],[-81.841955,39.159256]]]},"properties":{"p":"0900792001","o":"HAUBER SCOTT","a":"SEC35 T4N R11W .348A OUT OF 1.008A V8 P53","d":"EASTERN LOCAL SCHOOL DISTRICT","t":203.16,"l":"RE","c":0}},{"type":"Feature","geometry":{"type":"Polygon","coordinates":[[[-81.787035,39.140349],[-81.787787,39.136752],[-81.789754,39.136814],[-81.789523,39.140372],[-81.787035,39.140349]]]},"properties":{"p":"0900824000","o":"MAX JAMES &/OR ASHLEY","a":"SEC16 T4N R11W MID OF SW1/4 EX: .865A V334 P441","d":"EASTERN LOCAL SCHOOL DISTRICT","t":309.79,"l":"RE","c":0}},{"type":"Feature","geometry":{"type":"Polygon","coordinates":[[[-81.792434,39.139342],[-81.792369,39.13934],[-81.792369,39.13934],[-81.789597,39.139235],[-81.789754,39.136814],[-81.789979,39.133333],[-81.79144,39.133375],[-81.792403,39.133404],[-81.792224,39.136367],[-81.792576,39.136383],[-81.792513,39.137435],[-81.792434,39.139342]]]},"properties":{"p":"0900826000","o":"MAX JAMES &/OR ASHLEY","a":"SEC16 T4N R11W S1/2 OF 43.25 W OF SE1/4 V334 P441","d":"EASTERN LOCAL SCHOOL DISTRICT","t":277.01,"l":"RE","c":0}},{"type":"Feature","geometry":{"type":"Polygon","coordinates":[[[-81.782504,39.178909],[-81.782603,39.177359],[-81.785435,39.177464],[-81.785357,39.178572],[-81.785338,39.178569],[-81.785304,39.178562],[-81.785271,39.178556],[-81.785238,39.178548],[-81.785205,39.178541],[-81.785172,39.178533],[-81.785139,39.178524],[-81.785106,39.178515],[-81.785074,39.178506],[-81.785042,39.178496],[-81.785003,39.178483],[-81.784987,39.178478],[-81.784971,39.178473],[-81.784955,39.178469],[-81.784939,39.178464],[-81.784923,39.17846],[-81.784907,39.178456],[-81.784891,39.178452],[-81.784874,39.178449],[-81.784858,39.178445],[-81.784841,39.178442],[-81.784824,39.17844],[-81.784808,39.178437],[-81.784791,39.178435],[-81.784774,39.178432],[-81.784757,39.17843],[-81.78474,39.178429],[-81.784723,39.178427],[-81.784706,39.178426],[-81.784689,39.178425],[-81.784672,39.178424],[-81.784655,39.178424],[-81.784638,39.178423],[-81.784621,39.178423],[-81.784604,39.178423],[-81.784587,39.178424],[-81.78457,39.178424],[-81.784553,39.178425],[-81.784536,39.178426],[-81.784519,39.178428],[-81.784502,39.178429],[-81.784485,39.178431],[-81.784469,39.178433],[-81.784448,39.178433],[-81.784428,39.178434],[-81.784408,39.178435],[-81.784387,39.178436],[-81.784367,39.178438],[-81.784347,39.17844],[-81.784327,39.178442],[-81.784307,39.178444],[-81.784287,39.178447],[-81.784267,39.17845],[-81.784247,39.178453],[-81.784227,39.178456],[-81.784208,39.17846],[-81.784188,39.178464],[-81.784168,39.178468],[-81.784149,39.178472],[-81.78413,39.178477],[-81.78411,39.178482],[-81.784091,39.178488],[-81.784072,39.178493],[-81.784053,39.178499],[-81.784035,39.178505],[-81.784016,39.178511],[-81.783998,39.178518],[-81.783979,39.178525],[-81.783961,39.178532],[-81.783948,39.178537],[-81.783914,39.178547],[-81.783881,39.178557],[-81.783847,39.178567],[-81.783814,39.178576],[-81.78378,39.178584],[-81.783746,39.178592],[-81.783711,39.1786],[-81.783677,39.178607],[-81.783642,39.178614],[-81.783607,39.17862],[-81.783572,39.178625],[-81.783537,39.178631],[-81.783502,39.178635],[-81.783467,39.17864],[-81.783431,39.178643],[-81.783396,39.178647],[-81.78336,39.17865],[-81.783325,39.178652],[-81.783289,39.178654],[-81.783254,39.178655],[-81.783218,39.178656],[-81.783182,39.178656],[-81.783151,39.178656],[-81.782901,39.178668],[-81.782722,39.178693],[-81.782716,39.178695],[-81.782711,39.178697],[-81.782705,39.178699],[-81.7827,39.178701],[-81.782694,39.178703],[-81.782689,39.178705],[-81.782683,39.178707],[-81.782678,39.17871],[-81.782673,39.178712],[-81.782667,39.178715],[-81.782662,39.178717],[-81.782657,39.17872],[-81.782652,39.178723],[-81.782647,39.178726],[-81.782642,39.178728],[-81.782637,39.178731],[-81.782632,39.178734],[-81.782628,39.178737],[-81.782623,39.17874],[-81.782618,39.178744],[-81.782614,39.178747],[-81.782609,39.17875],[-81.782605,39.178754],[-81.782601,39.178757],[-81.782596,39.17876],[-81.782595,39.178762],[-81.782562,39.178794],[-81.782532,39.178836],[-81.782517,39.178868],[-81.782504,39.178909]]]},"properties":{"p":"0900840000","o":"HALL JAMES CODY","a":"SEC18 T4N R11W V274 P117","d":"EASTERN LOCAL SCHOOL DISTRICT","t":385.86,"l":"RE","c":0}},{"type":"Feature","geometry":{"type":"Polygon","coordinates":[[[-81.766047,39.082243],[-81.765934,39.083814],[-81.765753,39.08387],[-81.765758,39.083806],[-81.765457,39.083081],[-81.765497,39.082526],[-81.766047,39.082243]]]},"properties":{"p":"0900842004","o":"HANNON LAURIE A","a":"30A LOT122 T3N R11W 1A OUT OF 1.343A LOT 1","d":"EASTERN LOCAL SCHOOL DISTRICT","t":463.76,"l":"RE","c":0}},{"type":"Feature","geometry":{"type":"Polygon","coordinates":[[[-81.828297,39.136743],[-81.828379,39.135683],[-81.828939,39.136515],[-81.828846,39.136546],[-81.828611,39.136635],[-81.82838,39.136719],[-81.828297,39.136743]]]},"properties":{"p":"0900971000","o":"ALDRIDGE PATRICIA L &/OR DANA","a":"SEC33 FRAC30 T4N R11W SE CORNER","d":"EASTERN LOCAL SCHOOL DISTRICT","t":109.8,"l":"RE","c":0}},{"type":"Feature","geometry":{"type":"Polygon","coordinates":[[[-81.765972,39.15586],[-81.765833,39.155912],[-81.764949,39.155595],[-81.764937,39.155314],[-81.765003,39.154927],[-81.765972,39.15586]]]},"properties":{"p":"0901107004","o":"GIBBS BRYAN A &/OR VALENCIA KAYLA","a":"SEC11 T4N R11W 0.968A OUT OF 12A","d":"EASTERN LOCAL SCHOOL DISTRICT","t":172.91,"l":"RE","c":0}},{"type":"Feature","geometry":{"type":"Polygon","coordinates":[[[-81.815287,39.093169],[-81.815423,39.093125],[-81.817223,39.093196],[-81.816678,39.100483],[-81.81435,39.100385],[-81.814687,39.093197],[-81.81485,39.093191],[-81.815127,39.093181],[-81.815287,39.093169]]]},"properties":{"p":"0901130000","o":"WINEBRENNER ADAM TYLER","a":"SEC25 T4N R11W NEW SURVEY","d":"EASTERN LOCAL SCHOOL DISTRICT","t":525.29,"l":"RE","c":0}},{"type":"Feature","geometry":{"type":"Polygon","coordinates":[[[-81.812381,39.093887],[-81.812448,39.093007],[-81.815423,39.093125],[-81.815287,39.093169],[-81.815127,39.093181],[-81.81485,39.093191],[-81.814687,39.093197],[-81.814515,39.093222],[-81.814006,39.093348],[-81.813845,39.0934],[-81.813704,39.093479],[-81.813475,39.093648],[-81.813334,39.093729],[-81.813221,39.093762],[-81.812381,39.093887]]]},"properties":{"p":"0901130002","o":"UNDERWOOD LAUREN PAIGE & WINEBRENNER ADAM TYLER","a":"SEC35 T4N R11W 3.373A OUT OF 81.50A","d":"EASTERN LOCAL SCHOOL DISTRICT","t":1082.97,"l":"RE","c":0}},{"type":"Feature","geometry":{"type":"Polygon","coordinates":[[[-81.75607,39.118183],[-81.755982,39.118019],[-81.755609,39.118005],[-81.755609,39.11799],[-81.756095,39.118004],[-81.7561,39.118023],[-81.756823,39.118051],[-81.756799,39.118401],[-81.7562,39.118389],[-81.75607,39.118183]]]},"properties":{"p":"0901289000","o":"SMITH THOMAS L &/OR LORETTA","a":"LOT6 SEC8 T4N R11W IN LOT 5 MAJOR REED ESTATE V260 P323","d":"EASTERN LOCAL SCHOOL DISTRICT","t":593.03,"l":"RE","c":0}},{"type":"Feature","geometry":{"type":"Polygon","coordinates":[[[-81.800198,39.165002],[-81.800284,39.163666],[-81.802286,39.163745],[-81.802312,39.163882],[-81.802325,39.164029],[-81.802257,39.165083],[-81.801182,39.165041],[-81.800198,39.165002]]]},"properties":{"p":"0901357000","o":"REED STACY & REED JEREMY","a":"SEC23 T4N R11W 6.8A OUT 20.62A NEAR MID OF NW1/4 V265 P547","d":"EASTERN LOCAL SCHOOL DISTRICT","t":1325.79,"l":"RE","c":0}},{"type":"Feature","geometry":{"type":"Polygon","coordinates":[[[-81.839063,39.157462],[-81.83913,39.15624],[-81.841348,39.156341],[-81.841356,39.156494],[-81.841356,39.156875],[-81.841334,39.157083],[-81.84126,39.157522],[-81.841229,39.157741],[-81.841272,39.157972],[-81.841385,39.158204],[-81.840222,39.158151],[-81.840226,39.158096],[-81.84027,39.157517],[-81.839063,39.157462]]]},"properties":{"p":"0901369000","o":"GREGORY AMANDA","a":"SEC35 T4N R11W MID OF SPT OF SW1/4 EX 5.013A EX3.50A EX2A EX20A","d":"EASTERN LOCAL SCHOOL DISTRICT","t":1183.81,"l":"RE","c":0}},{"type":"Feature","geometry":{"type":"Polygon","coordinates":[[[-81.776173,39.111766],[-81.772803,39.11166],[-81.772938,39.109054],[-81.774408,39.1091],[-81.773923,39.110259],[-81.776247,39.110332],[-81.776173,39.111766]]]},"properties":{"p":"0901384000","o":"DURST DENNIS W &/OR DURST DAVID R","a":"100A LOT104 T4N R11W LOT (12) MCD. & TOR. ADD. EX. 45’ OFF W END V331 P753","d":"EASTERN LOCAL SCHOOL DISTRICT","t":112.16,"l":"RE","c":0}},{"type":"Feature","geometry":{"type":"Polygon","coordinates":[[[-81.745426,39.121814],[-81.745425,39.122086],[-81.744844,39.122068],[-81.744845,39.121796],[-81.745426,39.121814]]]},"properties":{"p":"0901386000","o":"DURST DENNIS W &/OR DURST DAVID R","a":"100A LOT 104 T4N R11W LOT 6 V331 P753","d":"EASTERN LOCAL SCHOOL DISTRICT","t":183.92,"l":"RE","c":0}},{"type":"Feature","geometry":{"type":"Polygon","coordinates":[[[-81.745425,39.122086],[-81.745426,39.121814],[-81.745662,39.121822],[-81.745661,39.122094],[-81.745425,39.122086]]]},"properties":{"p":"0901387000","o":"DURST DENNIS W &/OR DURST DAVID R","a":"100A LOT104 T4N R11W LOT (11) V331 P753","d":"EASTERN LOCAL SCHOOL DISTRICT","t":592.72,"l":"RE","c":0}},{"type":"Feature","geometry":{"type":"Polygon","coordinates":[[[-81.765497,39.082526],[-81.765457,39.083081],[-81.765758,39.083806],[-81.765753,39.08387],[-81.765566,39.083929],[-81.764974,39.082787],[-81.765079,39.082741],[-81.765497,39.082526]]]},"properties":{"p":"0902014000","o":"HANNON LAURIE A","a":"30A LOT122 T3N R11W 1A OUT OF 30A LOT122 LOT3","d":"EASTERN LOCAL SCHOOL DISTRICT","t":386.97,"l":"RE","c":0}},{"type":"Feature","geometry":{"type":"Polygon","coordinates":[[[-81.765566,39.083929],[-81.765244,39.084031],[-81.764669,39.08292],[-81.764691,39.082911],[-81.764974,39.082787],[-81.765566,39.083929]]]},"properties":{"p":"0902015000","o":"HANNON LAURIE A","a":"30A LOT122 T3N R11W 1A OUT OF 30A","d":"EASTERN LOCAL SCHOOL DISTRICT","t":386.97,"l":"RE","c":0}},{"type":"Feature","geometry":{"type":"Polygon","coordinates":[[[-81.888192,39.178507],[-81.888287,39.177303],[-81.88858,39.177359],[-81.888832,39.177432],[-81.889006,39.177466],[-81.889248,39.177483],[-81.889462,39.177485],[-81.889718,39.177467],[-81.889889,39.177454],[-81.890152,39.177433],[-81.890151,39.177438],[-81.890081,39.178304],[-81.889495,39.178586],[-81.889056,39.178673],[-81.888192,39.178507]]]},"properties":{"p":"1000083000","o":"BRANDT ALEXANDRIA","a":"SEC18 T4N R12 NEW SURVEY","d":"EASTERN LOCAL SCHOOL DISTRICT","t":127.66,"l":"RE","c":0}},{"type":"Feature","geometry":{"type":"Polygon","coordinates":[[[-81.88767,39.179269],[-81.88628,39.179203],[-81.886369,39.178066],[-81.886113,39.178055],[-81.886389,39.177779],[-81.88655,39.177631],[-81.886804,39.177429],[-81.887049,39.177306],[-81.887118,39.177288],[-81.887739,39.1785],[-81.88767,39.179269]]]},"properties":{"p":"1000083005","o":"YOUNG YITZCHAK &/OR JAMIE ROSE","a":"SEC18 T4N R12 5.20A NEW SURVEY","d":"EASTERN LOCAL SCHOOL DISTRICT","t":211.2,"l":"RE","c":0}},{"type":"Feature","geometry":{"type":"Polygon","coordinates":[[[-81.935632,39.175169],[-81.935032,39.175666],[-81.934871,39.175591],[-81.93478,39.175533],[-81.934625,39.175434],[-81.93461,39.175425],[-81.934477,39.175345],[-81.934402,39.175287],[-81.934586,39.174898],[-81.935632,39.175169]]]},"properties":{"p":"1000159002","o":"WITHAM JOHN C &/OR ROBIN L","a":"SEC30 T4N R12W 1.185A OUT OF 153.152A","d":"EASTERN LOCAL SCHOOL DISTRICT","t":527.42,"l":"RE","c":0}},{"type":"Feature","geometry":{"type":"Polygon","coordinates":[[[-81.952588,39.185492],[-81.953149,39.177689],[-81.953389,39.177606],[-81.954232,39.177422],[-81.954653,39.177353],[-81.955047,39.177339],[-81.955452,39.177366],[-81.955784,39.177409],[-81.956172,39.17747],[-81.956383,39.177535],[-81.957285,39.177947],[-81.95737,39.178029],[-81.957448,39.178128],[-81.957461,39.178181],[-81.957479,39.178256],[-81.957458,39.178407],[-81.957389,39.178558],[-81.95671,39.179646],[-81.956426,39.179933],[-81.95588,39.180617],[-81.955853,39.180644],[-81.955539,39.180961],[-81.955378,39.181271],[-81.955165,39.181813],[-81.955108,39.181904],[-81.955008,39.182297],[-81.955048,39.182421],[-81.955132,39.182586],[-81.95529,39.182729],[-81.955495,39.182876],[-81.956107,39.183192],[-81.956628,39.183465],[-81.957353,39.183635],[-81.957401,39.183649],[-81.957396,39.18372],[-81.957246,39.185695],[-81.952588,39.185492]],[[-81.955942,39.179788],[-81.955778,39.179737],[-81.955713,39.179865],[-81.955876,39.179916],[-81.955942,39.179788]]]},"properties":{"p":"1000253000","o":"ROUSH SHANE M","a":"SEC 36 T4N R12W NEAR MID W 1/2 EX: .057A","d":"EASTERN LOCAL SCHOOL DISTRICT","t":1490,"l":"RE","c":0}},{"type":"Feature","geometry":{"type":"Polygon","coordinates":[[[-81.925075,39.15076],[-81.925093,39.150512],[-81.925906,39.15078],[-81.925858,39.15143],[-81.925028,39.151393],[-81.925075,39.15076]]]},"properties":{"p":"1000289001","o":"DILLON AMANDA JO &/OR NATHAN","a":"FRAC17 T4N R12W NW COR OF 1.759A OUT OF 2.60A","d":"EASTERN LOCAL SCHOOL DISTRICT","t":195.68,"l":"RE","c":0}},{"type":"Feature","geometry":{"type":"Polygon","coordinates":[[[-81.924167,39.173566],[-81.923383,39.173533],[-81.923474,39.172403],[-81.924259,39.172436],[-81.924167,39.173566]]]},"properties":{"p":"1000317000","o":"HENDRIX LEROY PAUL","a":"SEC29 T4N R12W NE PRT","d":"EASTERN LOCAL SCHOOL DISTRICT","t":337.77,"l":"RE","c":0}},{"type":"Feature","geometry":{"type":"Polygon","coordinates":[[[-81.919574,39.172244],[-81.920079,39.173284],[-81.920181,39.17333],[-81.920354,39.173691],[-81.921153,39.174023],[-81.921185,39.174554],[-81.921184,39.174718],[-81.921176,39.175047],[-81.921169,39.175225],[-81.921161,39.175351],[-81.921138,39.175513],[-81.921118,39.175639],[-81.921111,39.175692],[-81.921005,39.175685],[-81.920993,39.175767],[-81.921098,39.175778],[-81.921082,39.175891],[-81.913048,39.175478],[-81.91332,39.171991],[-81.919574,39.172244]]]},"properties":{"p":"1000336001","o":"TESLAZOCK LIMITED LIABILITY COMPANY","a":"SEC24 T4N R12W 62.8573A OUT OF 74.119A","d":"EASTERN LOCAL SCHOOL DISTRICT","t":991.52,"l":"RE","c":0}},{"type":"Feature","geometry":{"type":"Polygon","coordinates":[[[-81.856019,39.174893],[-81.853854,39.174776],[-81.853875,39.174044],[-81.853791,39.174033],[-81.853863,39.172938],[-81.853912,39.172191],[-81.854558,39.172209],[-81.854607,39.171578],[-81.854657,39.170969],[-81.854691,39.170394],[-81.854032,39.170378],[-81.854111,39.169173],[-81.854398,39.169188],[-81.85556,39.169245],[-81.855634,39.169249],[-81.856463,39.169863],[-81.856019,39.174893]]]},"properties":{"p":"1000472000","o":"HARRIS RONALD &/OR KATHY","a":"SEC6 T4N R12 SE OR SW 1/4 V316 P191","d":"EASTERN LOCAL SCHOOL DISTRICT","t":159.48,"l":"RE","c":0}},{"type":"Feature","geometry":{"type":"Polygon","coordinates":[[[-81.782597,39.078961],[-81.782554,39.079536],[-81.781771,39.079465],[-81.781807,39.078975],[-81.782597,39.078961]]]},"properties":{"p":"1000508000","o":"NEWLAND DENNIS &/OR HELEN","a":"SEC4 T4N R12W NW PART OF SW1/4 EX GAS,OIL&MIN.RIGHTS EX: 6.669A V254 P619","d":"EASTERN LOCAL SCHOOL DISTRICT","t":147.48,"l":"RE","c":0}},{"type":"Feature","geometry":{"type":"Polygon","coordinates":[[[-81.92095,39.172837],[-81.920947,39.172644],[-81.921088,39.172647],[-81.921304,39.17277],[-81.921377,39.172803],[-81.921543,39.172908],[-81.921708,39.173032],[-81.92186,39.173146],[-81.921076,39.173548],[-81.921061,39.173468],[-81.921048,39.173399],[-81.921031,39.173308],[-81.920993,39.173147],[-81.920963,39.172992],[-81.92095,39.172892],[-81.92095,39.172837]]]},"properties":{"p":"1000568001","o":"WINEBRENNER ADAM TYLER","a":"SEC24 T4N R12W 0.9966A OUT OF APPROX 1.50a","d":"EASTERN LOCAL SCHOOL DISTRICT","t":1023.33,"l":"RE","c":0}},{"type":"Feature","geometry":{"type":"Polygon","coordinates":[[[-81.846491,39.178492],[-81.846584,39.179039],[-81.845843,39.179126],[-81.845795,39.178442],[-81.846491,39.178492]]]},"properties":{"p":"1000707003","o":"BARRINGER KELSEY &/OR GREGORY","a":"SEC6 T42N R12W 1.032A OUT OF 12.1041","d":"EASTERN LOCAL SCHOOL DISTRICT","t":671.75,"l":"RE","c":0}},{"type":"Feature","geometry":{"type":"Polygon","coordinates":[[[-81.847674,39.15894],[-81.847664,39.158966],[-81.847582,39.15918],[-81.847508,39.159393],[-81.847366,39.15978],[-81.846567,39.159592],[-81.84696,39.159043],[-81.847674,39.15894]]]},"properties":{"p":"1000765001","o":"PARKER JEFFERY &/OR JODI","a":"SEC5 T4 R12 1.2536A OUT OF 9.77A","d":"EASTERN LOCAL SCHOOL DISTRICT","t":500.72,"l":"RE","c":0}},{"type":"Feature","geometry":{"type":"Polygon","coordinates":[[[-82.147954,39.068607],[-82.147951,39.068631],[-82.147936,39.068794],[-82.147653,39.071678],[-82.145263,39.07173],[-82.145675,39.067559],[-82.14604,39.067565],[-82.146534,39.067572],[-82.146755,39.067577],[-82.146986,39.067583],[-82.147388,39.067618],[-82.147617,39.067662],[-82.147813,39.067712],[-82.147845,39.06772],[-82.147776,39.068413],[-82.147954,39.068607]]]},"properties":{"p":"1100056000","o":"BIRCHFIELD ANDREW LEE &/OR JUSTINE","a":"SEC16 T6N R14W NEAR MID ON WLINE WPT OF 44.62A EX: COAL & OTH MIN","d":"MEIGS LOCAL SCHOOL DISTRICT","t":320.01,"l":"RE","c":0}},{"type":"Feature","geometry":{"type":"Polygon","coordinates":[[[-82.137456,39.074312],[-82.136899,39.074433],[-82.136647,39.073912],[-82.137292,39.073772],[-82.137378,39.074072],[-82.137385,39.074098],[-82.137456,39.074312]]]},"properties":{"p":"1100067000","o":"EADES SARA M","a":"SEC16 T6N R14W .83A SW COR OF 82.32A ON TWP RD V329 P447","d":"MEIGS LOCAL SCHOOL DISTRICT","t":458.03,"l":"RE","c":0}},{"type":"Feature","geometry":{"type":"Polygon","coordinates":[[[-82.197147,39.073458],[-82.199582,39.073589],[-82.199544,39.074344],[-82.199143,39.073971],[-82.198556,39.073844],[-82.198261,39.07387],[-82.197056,39.074281],[-82.197147,39.073458]]]},"properties":{"p":"1100077001","o":"BOLIN MARK","a":"SEC34 T6N R14W 2.14A OUT OF 12.52A","d":"MEIGS LOCAL SCHOOL DISTRICT","t":12916.98,"l":"RE","c":0}},{"type":"Feature","geometry":{"type":"Polygon","coordinates":[[[-82.194085,39.053797],[-82.194057,39.0542],[-82.193976,39.054156],[-82.193609,39.05408],[-82.193528,39.054074],[-82.193552,39.053764],[-82.194085,39.053797]]]},"properties":{"p":"1100119000","o":"BURCHETT BILL &/OR FLORENCE","a":"SEC32 T6N R14W N OF SW CORNER EX #4 VEIN COAL V263 P233","d":"MEIGS LOCAL SCHOOL DISTRICT","t":830.7,"l":"RE","c":0}},{"type":"Feature","geometry":{"type":"Polygon","coordinates":[[[-82.119124,39.067548],[-82.119216,39.067167],[-82.120285,39.067325],[-82.120193,39.067705],[-82.119124,39.067548]]]},"properties":{"p":"1100224000","o":"OLDAKER GABRIEL","a":"FRAC4 T6N R14W CLAIR-MAR ESTATES","d":"MEIGS LOCAL SCHOOL DISTRICT","t":147.27,"l":"RE","c":0}},{"type":"Feature","geometry":{"type":"Polygon","coordinates":[[[-82.119001,39.068055],[-82.119124,39.067548],[-82.120193,39.067705],[-82.120095,39.068111],[-82.119001,39.068055]]]},"properties":{"p":"1100225000","o":"OLDAKER GABRIEL","a":"FRAC4 T6N R14W CLAIR-MAR ESTATES","d":"MEIGS LOCAL SCHOOL DISTRICT","t":209.7,"l":"RE","c":0}},{"type":"Feature","geometry":{"type":"Polygon","coordinates":[[[-82.162788,39.014447],[-82.162216,39.014199],[-82.161739,39.014019],[-82.16119,39.013834],[-82.161052,39.013811],[-82.161295,39.013141],[-82.160927,39.013101],[-82.16076,39.013131],[-82.160105,39.013044],[-82.159468,39.013045],[-82.159113,39.013014],[-82.158732,39.012937],[-82.159585,39.012025],[-82.159947,39.011837],[-82.160151,39.011788],[-82.16059,39.011576],[-82.161045,39.011408],[-82.162141,39.010278],[-82.163122,39.009927],[-82.162788,39.014447]]]},"properties":{"p":"1100234002","o":"BECKNER JACKLYN","a":"SEC24 T5N R14W 21.90A OUT OF 64.53A","d":"MEIGS LOCAL SCHOOL DISTRICT","t":580.05,"l":"RE","c":0}},{"type":"Feature","geometry":{"type":"Polygon","coordinates":[[[-82.160815,39.013772],[-82.161052,39.013811],[-82.16119,39.013834],[-82.161739,39.014019],[-82.162216,39.014199],[-82.162788,39.014447],[-82.162517,39.017746],[-82.159426,39.017142],[-82.160624,39.014108],[-82.160862,39.014109],[-82.160815,39.013772]]]},"properties":{"p":"1100234003","o":"DOCZI ADAM","a":"SEC24 T5N R14W 21.65A OUT OF 42.63A","d":"MEIGS LOCAL SCHOOL DISTRICT","t":544.4,"l":"RE","c":0}},{"type":"Feature","geometry":{"type":"Polygon","coordinates":[[[-82.117525,39.048758],[-82.117455,39.049626],[-82.116035,39.049047],[-82.116386,39.0487],[-82.116829,39.048741],[-82.116942,39.048751],[-82.117525,39.048758]]]},"properties":{"p":"1100300006","o":"GILLETTE JESSE","a":"FRAC3 T6N R14W 2.00A OUT OF 41.3016","d":"MEIGS LOCAL SCHOOL DISTRICT","t":183.35,"l":"RE","c":0}},{"type":"Feature","geometry":{"type":"Polygon","coordinates":[[[-82.155038,39.094222],[-82.154946,39.095213],[-82.154693,39.095141],[-82.154534,39.095073],[-82.154268,39.094958],[-82.153617,39.094643],[-82.153269,39.094553],[-82.153201,39.094535],[-82.153151,39.094522],[-82.153013,39.094486],[-82.152893,39.094458],[-82.152684,39.094409],[-82.152458,39.094356],[-82.152289,39.094325],[-82.151945,39.094261],[-82.151883,39.094256],[-82.151656,39.094239],[-82.151322,39.094209],[-82.15103,39.094184],[-82.150787,39.094163],[-82.150687,39.09415],[-82.150523,39.094128],[-82.150373,39.094081],[-82.150244,39.09404],[-82.149872,39.093828],[-82.149682,39.093695],[-82.149816,39.093375],[-82.153468,39.093565],[-82.155038,39.094222]]]},"properties":{"p":"1100316001","o":"STOVER JULIE M &/OR CHANCEY A","a":"SEC23&24 T6N R14W 11.27A OUT OF 141.25A & 4.37A OUT OF 7.37A","d":"MEIGS LOCAL SCHOOL DISTRICT","t":681.89,"l":"RE","c":0}},{"type":"Feature","geometry":{"type":"Polygon","coordinates":[[[-82.098757,39.10301],[-82.098419,39.103067],[-82.098203,39.102514],[-82.098285,39.102495],[-82.098163,39.102271],[-82.098113,39.10204],[-82.098507,39.101998],[-82.098757,39.10301]]]},"properties":{"p":"1100322000","o":"WOOTEN JAMES PHILLIP","a":"SEC6 T6N R14W MID. OF NW1/4 EX.30A E PT OF 32.10A","d":"MEIGS LOCAL SCHOOL DISTRICT","t":150.96,"l":"RE","c":0}},{"type":"Feature","geometry":{"type":"Polygon","coordinates":[[[-82.097901,39.013821],[-82.097863,39.014348],[-82.097042,39.014683],[-82.097064,39.014116],[-82.0972,39.014086],[-82.097344,39.014039],[-82.097575,39.013949],[-82.097901,39.013821]]]},"properties":{"p":"1100421001","o":"ROMINE CHRISTIAN LEE","a":"SEC6 T5N R14W 1.00A OUT OF 57.00A","d":"MEIGS LOCAL SCHOOL DISTRICT","t":159.62,"l":"RE","c":0}},{"type":"Feature","geometry":{"type":"Polygon","coordinates":[[[-82.126442,39.04997],[-82.126412,39.050013],[-82.126331,39.049978],[-82.126219,39.049952],[-82.126219,39.049952],[-82.126014,39.049903],[-82.125979,39.049873],[-82.125869,39.049777],[-82.125712,39.049602],[-82.125708,39.049597],[-82.125413,39.049357],[-82.125147,39.049251],[-82.124701,39.049121],[-82.1241,39.048966],[-82.123316,39.04877],[-82.122852,39.048664],[-82.122069,39.048562],[-82.121943,39.048546],[-82.121862,39.048537],[-82.121924,39.047771],[-82.127652,39.048018],[-82.127662,39.048086],[-82.127614,39.048201],[-82.127586,39.04822],[-82.127423,39.048334],[-82.127231,39.048366],[-82.127077,39.048414],[-82.126979,39.048497],[-82.127073,39.048536],[-82.126279,39.049708],[-82.126336,39.049925],[-82.126442,39.04997]]]},"properties":{"p":"1100481000","o":"WEAVER JOSIAH P","a":"FRAC2 T6N R14W LOT 16 HUTCHINSON SUBDIV. 89’X200’","d":"MEIGS LOCAL SCHOOL DISTRICT","t":130.64,"l":"RE","c":0}},{"type":"Feature","geometry":{"type":"Polygon","coordinates":[[[-82.142263,39.052275],[-82.141225,39.052224],[-82.140848,39.052203],[-82.141011,39.050084],[-82.141322,39.050482],[-82.141552,39.050747],[-82.141861,39.051011],[-82.142301,39.051279],[-82.142523,39.051385],[-82.142263,39.052275]]]},"properties":{"p":"1100490000","o":"RIGGS STEPHEN J &/OR STACY A","a":"FRAC1 T6N R14W 45A EX: 13A IN NW COR EX: .32A EX: 2.91A","d":"MEIGS LOCAL SCHOOL DISTRICT","t":416.41,"l":"RE","c":0}},{"type":"Feature","geometry":{"type":"Polygon","coordinates":[[[-81.852327,39.091753],[-81.852369,39.092031],[-81.85149,39.092302],[-81.851356,39.092048],[-81.852327,39.091753]]]},"properties":{"p":"1100511000","o":"HYSELL JOSH W","a":"SEC2 T6N R14W OUT OF 19.06A NW COR. EX. COAL,OIL & GAS V296 P41","d":"EASTERN LOCAL SCHOOL DISTRICT","t":175.56,"l":"RE","c":0}},{"type":"Feature","geometry":{"type":"Polygon","coordinates":[[[-82.162265,39.068441],[-82.161131,39.068407],[-82.160908,39.068392],[-82.160762,39.068359],[-82.160931,39.068554],[-82.1611,39.068763],[-82.161362,39.069159],[-82.159686,39.069072],[-82.159906,39.067037],[-82.162412,39.067169],[-82.162265,39.068441]]]},"properties":{"p":"1100553002","o":"MCGRATH SHERRI &/OR CHARLES","a":"FRAC 17 T6N R14W 10.117A OUT OF 25A","d":"MEIGS LOCAL SCHOOL DISTRICT","t":195.4,"l":"RE","c":0}},{"type":"Feature","geometry":{"type":"Polygon","coordinates":[[[-82.097801,39.029959],[-82.097717,39.03038],[-82.097514,39.031026],[-82.096724,39.030906],[-82.096712,39.030763],[-82.096708,39.030709],[-82.096729,39.030359],[-82.096856,39.029697],[-82.096939,39.029284],[-82.096971,39.029125],[-82.097396,39.029184],[-82.097801,39.029959]]]},"properties":{"p":"1100575000","o":"COLLINS BRETT","a":"SEC1 T6N R14W NE EX 6A N & 16A S OF RD EX .46A TO STATE OF OH","d":"MEIGS LOCAL SCHOOL DISTRICT","t":418.97,"l":"RE","c":0}},{"type":"Feature","geometry":{"type":"Polygon","coordinates":[[[-82.128038,39.006565],[-82.128891,39.006135],[-82.129049,39.006709],[-82.128984,39.006899],[-82.128907,39.006881],[-82.128494,39.006779],[-82.128291,39.006712],[-82.128096,39.006611],[-82.128038,39.006565]]]},"properties":{"p":"1100592001","o":"WILLIAMS MATTHEW J &/OR JESSICA L","a":"SEC12 T5N R14W 0.976A OUT OF 1.92","d":"MEIGS LOCAL SCHOOL DISTRICT","t":152.48,"l":"RE","c":0}},{"type":"Feature","geometry":{"type":"Polygon","coordinates":[[[-82.096865,39.029026],[-82.096914,39.028454],[-82.09725,39.028499],[-82.097722,39.028564],[-82.097673,39.029139],[-82.096865,39.029026]]]},"properties":{"p":"1100671000","o":"ROBINSON COURTNEY","a":"SEC1 T6N R14W S PT OF 30.48A S OF RD OUT OF 14.18A V256 P635","d":"MEIGS LOCAL SCHOOL DISTRICT","t":254.52,"l":"RE","c":0}},{"type":"Feature","geometry":{"type":"Polygon","coordinates":[[[-82.160771,39.051843],[-82.16066,39.051469],[-82.159239,39.052084],[-82.159182,39.052024],[-82.159134,39.05194],[-82.159126,39.051828],[-82.159176,39.051253],[-82.159226,39.050561],[-82.159248,39.050114],[-82.159188,39.049666],[-82.159068,39.049342],[-82.158849,39.049003],[-82.15881,39.048964],[-82.160425,39.048524],[-82.160395,39.048438],[-82.160414,39.048333],[-82.16034,39.048246],[-82.160156,39.048215],[-82.160068,39.04826],[-82.159903,39.048028],[-82.159875,39.047896],[-82.159495,39.047792],[-82.159996,39.047708],[-82.159836,39.046869],[-82.160511,39.046905],[-82.162956,39.047033],[-82.164912,39.050567],[-82.164657,39.053385],[-82.161017,39.053192],[-82.161022,39.052753],[-82.160885,39.052588],[-82.160851,39.052318],[-82.160771,39.051843]]]},"properties":{"p":"1100756000","o":"MOZINGO BERTINA MARIE","a":"FRAC31 T6N R14W MID OF FRAC EX: 47A NW PT 70.62 EX: 2.6852A EX: 1.70A EX: 3.97","d":"MEIGS LOCAL SCHOOL DISTRICT","t":469.36,"l":"RE","c":0}},{"type":"Feature","geometry":{"type":"Polygon","coordinates":[[[-82.106298,39.076566],[-82.105658,39.083785],[-82.103045,39.083645],[-82.09815,39.08338],[-82.0983,39.081583],[-82.098758,39.076112],[-82.106298,39.076566]]]},"properties":{"p":"1100760000","o":"RUNYON JERRY LESLIE &/OR VANESSA L","a":"SEC5 T6N R14W SW 1/4 EX 40A W SIDE","d":"MEIGS LOCAL SCHOOL DISTRICT","t":364.06,"l":"RE","c":0}},{"type":"Feature","geometry":{"type":"Polygon","coordinates":[[[-82.106907,39.052457],[-82.106921,39.052291],[-82.107571,39.052129],[-82.108057,39.052054],[-82.109072,39.052074],[-82.110289,39.05261],[-82.106907,39.052457]]]},"properties":{"p":"1100809000","o":"STREETER MATTHEW P TRUSTEE","a":"FRAC12 T6N R14W MID. & E END","d":"MEIGS LOCAL SCHOOL DISTRICT","t":183.35,"l":"RE","c":0}},{"type":"Feature","geometry":{"type":"Polygon","coordinates":[[[-82.102503,39.054406],[-82.103297,39.054222],[-82.104488,39.053298],[-82.105735,39.05337],[-82.106387,39.053163],[-82.106515,39.053053],[-82.106941,39.052768],[-82.106907,39.052457],[-82.108672,39.052537],[-82.108532,39.054152],[-82.102488,39.054617],[-82.102503,39.054406]]]},"properties":{"p":"1100814000","o":"STREETER MATTHEW P TRUSTEE","a":"SEC3 T6N R14W NW EX. 23.1A NW EX. COAL","d":"MEIGS LOCAL SCHOOL DISTRICT","t":300.44,"l":"RE","c":0}},{"type":"Feature","geometry":{"type":"Polygon","coordinates":[[[-82.110753,39.052631],[-82.110735,39.052835],[-82.110229,39.058539],[-82.110186,39.059022],[-82.105634,39.058841],[-82.106006,39.054346],[-82.108532,39.054152],[-82.108672,39.052537],[-82.110753,39.052631]]]},"properties":{"p":"1100817000","o":"STREETER MATTHEW P TRUSTEE","a":"SEC3 T6N R14W NW PT OF SW1/4 & SW PT OF NW EX. COAL","d":"MEIGS LOCAL SCHOOL DISTRICT","t":170.18,"l":"RE","c":0}},{"type":"Feature","geometry":{"type":"Polygon","coordinates":[[[-82.106691,39.058883],[-82.106411,39.061769],[-82.100297,39.061473],[-82.100486,39.05857],[-82.100865,39.058601],[-82.100886,39.058022],[-82.100523,39.057997],[-82.10073,39.054817],[-82.102503,39.054406],[-82.102488,39.054617],[-82.106006,39.054346],[-82.105634,39.058841],[-82.106691,39.058883]]]},"properties":{"p":"1100818000","o":"STREETER MATTHEW P TRUSTEE","a":"FRAC12 T6N R14W IN S PART OF E END","d":"MEIGS LOCAL SCHOOL DISTRICT","t":440.87,"l":"RE","c":0}},{"type":"Feature","geometry":{"type":"Polygon","coordinates":[[[-82.168207,39.095732],[-82.168197,39.095745],[-82.168179,39.095807],[-82.168135,39.095958],[-82.168092,39.096135],[-82.167076,39.095931],[-82.167141,39.095711],[-82.168207,39.095732]]]},"properties":{"p":"1100896001","o":"RIGGS JASON A","a":"SEC30 T6N R14W .792A OUT OF 2.75A","d":"MEIGS LOCAL SCHOOL DISTRICT","t":458.23,"l":"RE","c":0}},{"type":"Feature","geometry":{"type":"Polygon","coordinates":[[[-82.199068,39.084984],[-82.198926,39.086676],[-82.198743,39.086773],[-82.1984,39.087095],[-82.198009,39.087459],[-82.197873,39.087586],[-82.197684,39.087765],[-82.197447,39.087991],[-82.197064,39.088315],[-82.196826,39.088486],[-82.196614,39.088637],[-82.196117,39.088964],[-82.19554,39.089349],[-82.195196,39.089571],[-82.195147,39.089599],[-82.194965,39.089697],[-82.194736,39.089799],[-82.194258,39.09],[-82.193773,39.090178],[-82.194395,39.08388],[-82.196514,39.084266],[-82.199068,39.084984]]]},"properties":{"p":"1100946000","o":"JJ SAUL LLC","a":"SEC35 T6N R14W E1/2 OF SW1/4 V259 P545","d":"MEIGS LOCAL SCHOOL DISTRICT","t":731.87,"l":"RE","c":0}},{"type":"Feature","geometry":{"type":"Polygon","coordinates":[[[-82.086944,39.105047],[-82.08729,39.101032],[-82.093081,39.101355],[-82.096565,39.098094],[-82.097396,39.097903],[-82.097441,39.098014],[-82.097486,39.098086],[-82.096602,39.098093],[-82.096271,39.0984],[-82.096155,39.098604],[-82.096835,39.099226],[-82.097973,39.100686],[-82.097956,39.100758],[-82.0979,39.101038],[-82.097875,39.101246],[-82.09788,39.101478],[-82.097924,39.101939],[-82.097937,39.102053],[-82.096742,39.102227],[-82.097998,39.103064],[-82.097661,39.103012],[-82.097047,39.103292],[-82.097862,39.103894],[-82.098408,39.103985],[-82.098423,39.104032],[-82.098491,39.104173],[-82.097154,39.104749],[-82.09647,39.105505],[-82.086944,39.105047]]]},"properties":{"p":"1101239000","o":"WILLIAMS SCOTT A & DEQUASIE BRENDA K","a":"SEC6 T6N R14W MID & NE SECT EX 1.86A EX 6.651A EX: 6.19A EX: 1.60A V240 P287","d":"MEIGS LOCAL SCHOOL DISTRICT","t":130.67,"l":"RE","c":0}},{"type":"Feature","geometry":{"type":"Polygon","coordinates":[[[-82.10296,39.033713],[-82.101633,39.033661],[-82.101718,39.032408],[-82.103046,39.03246],[-82.10296,39.033713]]]},"properties":{"p":"1101247000","o":"WILLIAMS WILLIAM ROCKFORD &/OR TERRI","a":"SEC2 T6N R14W IN SE COR EX 1.77A COAL EX 15’RT EX 15’","d":"MEIGS LOCAL SCHOOL DISTRICT","t":185.61,"l":"RE","c":0}},{"type":"Feature","geometry":{"type":"Polygon","coordinates":[[[-82.15331,39.051348],[-82.152948,39.050407],[-82.152977,39.050392],[-82.153056,39.050344],[-82.153318,39.050188],[-82.1537,39.051136],[-82.15331,39.051348]]]},"properties":{"p":"1101282000","o":"ELLIS WALTER &/OR THELMA","a":"FRAC31 T6N R14W OUT OF 3A 130’ WIDE & 22 RD. N OUT OF 3A V319 P193","d":"MEIGS LOCAL SCHOOL DISTRICT","t":221.56,"l":"RE","c":0}},{"type":"Feature","geometry":{"type":"Polygon","coordinates":[[[-82.102209,39.029233],[-82.102289,39.028975],[-82.103004,39.029109],[-82.102917,39.029393],[-82.102834,39.029661],[-82.102832,39.029667],[-82.102413,39.029588],[-82.102209,39.029233]]]},"properties":{"p":"1101323001","o":"CAUDILL MIRANDA","a":"SEC1 T6N R14W 0.21A OUT OF 1.00A","d":"MEIGS LOCAL SCHOOL DISTRICT","t":598.6,"l":"RE","c":0}},{"type":"Feature","geometry":{"type":"Polygon","coordinates":[[[-82.128605,39.040802],[-82.128488,39.041176],[-82.127443,39.041143],[-82.127567,39.040755],[-82.128605,39.040802]]]},"properties":{"p":"1200046000","o":"SPIRES ROBERT D","a":"SEC8 T6N R14W NEAR MID ON S LINE OF NW1/4 EX","d":"MEIGS LOCAL SCHOOL DISTRICT","t":132.15,"l":"RE","c":0}},{"type":"Feature","geometry":{"type":"Polygon","coordinates":[[[-82.132199,39.045151],[-82.132547,39.045167],[-82.132525,39.045468],[-82.132177,39.045452],[-82.132199,39.045151]]]},"properties":{"p":"1200056000","o":"DAVIS DAVID E &/OR EDNA G","a":"FRAC 7 T6N R14W SECT. 14 (262) JOINING LOT 21 OUT OF 5.64A V311 P541","d":"MEIGS LOCAL SCHOOL DISTRICT","t":131.21,"l":"RE","c":0}},{"type":"Feature","geometry":{"type":"Polygon","coordinates":[[[-82.132547,39.045167],[-82.132199,39.045151],[-82.132222,39.044849],[-82.13257,39.044865],[-82.132547,39.045167]]]},"properties":{"p":"1200057000","o":"DAVIS DAVID E &/OR EDNA G","a":"FRAC 7 T6N R12W LOT 21 V311 P541","d":"MEIGS LOCAL SCHOOL DISTRICT","t":768.81,"l":"RE","c":0}},{"type":"Feature","geometry":{"type":"Polygon","coordinates":[[[-82.129573,39.042306],[-82.130014,39.042305],[-82.130025,39.042447],[-82.129586,39.04247],[-82.129573,39.042306]]]},"properties":{"p":"1200109000","o":"DAVIS DAVID E &/OR EDNA G","a":"FRAC.1 T6N R14W LOT 30 MERRILL ADD 30","d":"MEIGS LOCAL SCHOOL DISTRICT","t":113.86,"l":"RE","c":0}},{"type":"Feature","geometry":{"type":"Polygon","coordinates":[[[-82.149205,39.024048],[-82.148876,39.023531],[-82.149638,39.023563],[-82.150159,39.024301],[-82.15011,39.024331],[-82.149969,39.024448],[-82.149835,39.024598],[-82.149723,39.024723],[-82.14946,39.025076],[-82.149409,39.025168],[-82.149418,39.024958],[-82.149414,39.024552],[-82.14938,39.02437],[-82.149205,39.024048]]]},"properties":{"p":"1200138000","o":"SMITH XANTHE L","a":"SEC8 T6N R14W LOT 8 RAWLINGS ADD","d":"MEIGS LOCAL SCHOOL DISTRICT","t":457.66,"l":"RE","c":0}},{"type":"Feature","geometry":{"type":"Polygon","coordinates":[[[-82.133181,39.046027],[-82.133208,39.045665],[-82.133382,39.045673],[-82.133355,39.046035],[-82.133181,39.046027]]]},"properties":{"p":"1200194000","o":"DAVIS DAVID E &/OR EDNA G","a":"SEC8 T6N R14W LOT 7 RATHBURN ADD IN N PRT OF SW1/4","d":"MEIGS LOCAL SCHOOL DISTRICT","t":186.79,"l":"RE","c":0}},{"type":"Feature","geometry":{"type":"Polygon","coordinates":[[[-82.133529,39.046043],[-82.133355,39.046035],[-82.133382,39.045673],[-82.133556,39.045681],[-82.133529,39.046043]]]},"properties":{"p":"1200263000","o":"DAVIS DAVID E &/OR EDNA G","a":"FRAC7 T6N R14W 20 MERRILL ADD. 20 V311 P541","d":"MEIGS LOCAL SCHOOL DISTRICT","t":269.51,"l":"RE","c":0}},{"type":"Feature","geometry":{"type":"Polygon","coordinates":[[[-82.127243,39.042805],[-82.127222,39.042625],[-82.127891,39.04256],[-82.127895,39.042572],[-82.127909,39.042754],[-82.127243,39.042805]]]},"properties":{"p":"1200264000","o":"REYNOLDS RAYMOND &/OR REYNOLDS PENNY","a":"SEC8 T6N R14W LOT 15 FALLONS ADD","d":"MEIGS LOCAL SCHOOL DISTRICT","t":553.27,"l":"RE","c":0}},{"type":"Feature","geometry":{"type":"Polygon","coordinates":[[[-82.129281,39.042158],[-82.128823,39.042159],[-82.128794,39.041976],[-82.129252,39.041975],[-82.129281,39.042158]]]},"properties":{"p":"1200270000","o":"SANDERS KIMBERLY A &/OR JOHNNY R","a":"SEC8 T6N R14W LOT 18 RATHBURN ADD","d":"MEIGS LOCAL SCHOOL DISTRICT","t":550.2,"l":"RE","c":0}},{"type":"Feature","geometry":{"type":"Polygon","coordinates":[[[-82.129623,39.047531],[-82.129174,39.047485],[-82.129279,39.047331],[-82.129687,39.047443],[-82.129623,39.047531]]]},"properties":{"p":"1200397000","o":"SCHALL CHRISTY &/OR SCHALL SHAYLA","a":"SEC8 T6N R14W LOT 8 E OF RD","d":"MEIGS LOCAL SCHOOL DISTRICT","t":169.62,"l":"RE","c":0}},{"type":"Feature","geometry":{"type":"Polygon","coordinates":[[[-82.130751,39.04409],[-82.130763,39.043953],[-82.131026,39.043966],[-82.131014,39.044103],[-82.130751,39.04409]]]},"properties":{"p":"1200407000","o":"OLDAKER GABRIEL","a":"FRAC7 T6N R14W SECT. 14 (262) NE PT OF 70.54A NEXT TO K OF P","d":"MEIGS LOCAL SCHOOL DISTRICT","t":159.12,"l":"RE","c":0}},{"type":"Feature","geometry":{"type":"Polygon","coordinates":[[[-82.26432,39.08844],[-82.264385,39.087676],[-82.265924,39.088732],[-82.265332,39.089136],[-82.26432,39.08844]]]},"properties":{"p":"1300002000","o":"BRADSHAW RORIE SHAYNE","a":"SEC23 T8N R15W NEAR MID OF SE 1/4","d":"MEIGS LOCAL SCHOOL DISTRICT","t":1079.79,"l":"RE","c":0}},{"type":"Feature","geometry":{"type":"Polygon","coordinates":[[[-82.293497,39.036892],[-82.291383,39.03681],[-82.291432,39.036026],[-82.291496,39.036015],[-82.291624,39.035993],[-82.291968,39.035894],[-82.292516,39.035673],[-82.292989,39.035505],[-82.293212,39.035461],[-82.293339,39.035439],[-82.293497,39.036892]]]},"properties":{"p":"1300010000","o":"ASHBURN BRADY L &/OR REBECCA L","a":"SEC25 T8N R15W MID ON S LN OF N1/2 EX: #4 VEIN COAL","d":"MEIGS LOCAL SCHOOL DISTRICT","t":2053.29,"l":"RE","c":0}},{"type":"Feature","geometry":{"type":"Polygon","coordinates":[[[-82.282854,39.017706],[-82.283433,39.011474],[-82.286043,39.011581],[-82.285466,39.017789],[-82.282854,39.017706]]]},"properties":{"p":"1300060000","o":"JUDE DOUGLAS W & PAMELA K","a":"SEC24 T7N R15W SW CORNER EX: #4 VEIN COAL V313 P21","d":"MEIGS LOCAL SCHOOL DISTRICT","t":517.19,"l":"RE","c":0}},{"type":"Feature","geometry":{"type":"Polygon","coordinates":[[[-82.257731,39.024962],[-82.257721,39.025085],[-82.257037,39.025051],[-82.257073,39.02501],[-82.257133,39.02494],[-82.25717,39.024898],[-82.257228,39.024832],[-82.257254,39.024803],[-82.257287,39.024766],[-82.25734,39.024708],[-82.257731,39.024962]]]},"properties":{"p":"1300077000","o":"GEORGE WENDELL","a":"SEC13 T8N R15W S OF LOT 1 DANVILLE V335 P541","d":"MEIGS LOCAL SCHOOL DISTRICT","t":915.13,"l":"RE","c":0}},{"type":"Feature","geometry":{"type":"Polygon","coordinates":[[[-82.223201,39.045224],[-82.221238,39.047626],[-82.219946,39.047651],[-82.219319,39.048571],[-82.21871,39.048308],[-82.217043,39.047911],[-82.210528,39.0469],[-82.210308,39.049341],[-82.207281,39.049165],[-82.207665,39.044898],[-82.211457,39.045142],[-82.212476,39.045207],[-82.213841,39.045259],[-82.217401,39.045395],[-82.217404,39.044924],[-82.217627,39.044914],[-82.217637,39.044993],[-82.217641,39.045027],[-82.217739,39.045531],[-82.218563,39.045631],[-82.219206,39.045582],[-82.219287,39.045332],[-82.218713,39.045037],[-82.219628,39.045075],[-82.223201,39.045224]]]},"properties":{"p":"1300103000","o":"CLARK MATTHEW WAYNE","a":"SEC2 T8N R15W SE OF NW & SE OF NE 1/4 EX: #4 VEL EX: .852A","d":"MEIGS LOCAL SCHOOL DISTRICT","t":3359.52,"l":"RE","c":0}},{"type":"Feature","geometry":{"type":"Polygon","coordinates":[[[-82.211235,39.091314],[-82.211159,39.091367],[-82.211132,39.091345],[-82.211029,39.091227],[-82.210887,39.091035],[-82.210825,39.090932],[-82.210767,39.090836],[-82.210611,39.090173],[-82.21415,39.090285],[-82.2143,39.090386],[-82.214444,39.090591],[-82.214495,39.090694],[-82.214498,39.090801],[-82.214441,39.090891],[-82.214224,39.091107],[-82.214201,39.091151],[-82.214172,39.091203],[-82.214067,39.091419],[-82.214023,39.09151],[-82.213996,39.091689],[-82.214062,39.091899],[-82.214243,39.092389],[-82.214413,39.092583],[-82.214203,39.092835],[-82.213754,39.092707],[-82.21318,39.092407],[-82.212287,39.091926],[-82.211235,39.091314]]]},"properties":{"p":"1300157000","o":"BAKER JEFFREY L &/OR PAMELA S","a":"SEC5 T8N R15W W PT OF NW1/4 78.31A EX: 4.6156A EX: 15.36A EX: 0.75A","d":"MEIGS LOCAL SCHOOL DISTRICT","t":498.27,"l":"RE","c":0}},{"type":"Feature","geometry":{"type":"Polygon","coordinates":[[[-82.210821,39.089201],[-82.21099,39.088588],[-82.211059,39.088383],[-82.211394,39.087655],[-82.212662,39.088061],[-82.212772,39.088155],[-82.213075,39.088466],[-82.213123,39.088606],[-82.213112,39.088708],[-82.21306,39.088832],[-82.212965,39.088925],[-82.21293,39.088913],[-82.212872,39.088894],[-82.212792,39.088883],[-82.212735,39.088875],[-82.212505,39.088989],[-82.212225,39.089128],[-82.212052,39.089412],[-82.212016,39.089516],[-82.212005,39.089635],[-82.212127,39.089801],[-82.212326,39.089939],[-82.21251,39.090005],[-82.212624,39.090046],[-82.21295,39.090104],[-82.213288,39.090153],[-82.213915,39.090162],[-82.21415,39.090285],[-82.210611,39.090173],[-82.210644,39.089971],[-82.210821,39.089201]]]},"properties":{"p":"1300157007","o":"BAKER JEFFREY L &/OR PAMELA S","a":"SEC5 T8N R15 2.664A OUT OF 7.05A","d":"MEIGS LOCAL SCHOOL DISTRICT","t":108.66,"l":"RE","c":0}},{"type":"Feature","geometry":{"type":"MultiPolygon","coordinates":[[[[-82.312785,39.073151],[-82.311216,39.072117],[-82.31353,39.072219],[-82.314012,39.072932],[-82.314806,39.073119],[-82.315765,39.073698],[-82.315498,39.073674],[-82.315192,39.073643],[-82.314951,39.073622],[-82.314796,39.073608],[-82.314424,39.073565],[-82.314258,39.073542],[-82.314062,39.073515],[-82.31369,39.073444],[-82.31347,39.073388],[-82.313387,39.073367],[-82.313124,39.07328],[-82.312875,39.073188],[-82.312785,39.073151]]],[[[-82.31623,39.072464],[-82.315173,39.072291],[-82.318546,39.072439],[-82.318535,39.072565],[-82.31623,39.072464]]]]},"properties":{"p":"1300185000","o":"FITZPATRICK KATHRYN","a":"SEC34 T8N R15W SW COR EX: 5.659A V242 P245","d":"MEIGS LOCAL SCHOOL DISTRICT","t":131.25,"l":"RE","c":0}},{"type":"Feature","geometry":{"type":"Polygon","coordinates":[[[-82.315173,39.072291],[-82.313381,39.071998],[-82.31353,39.072219],[-82.311216,39.072117],[-82.311077,39.071801],[-82.310948,39.071503],[-82.310846,39.071251],[-82.310773,39.071019],[-82.310733,39.070817],[-82.310715,39.070579],[-82.310715,39.070368],[-82.310733,39.070106],[-82.310763,39.069825],[-82.310791,39.069603],[-82.318762,39.069953],[-82.318546,39.072439],[-82.315173,39.072291]]]},"properties":{"p":"1300186000","o":"FITZPATRICK KATHRYN","a":"SEC33 T8N R15W NW COR EX: 0.341A","d":"MEIGS LOCAL SCHOOL DISTRICT","t":340.76,"l":"RE","c":0}},{"type":"Feature","geometry":{"type":"Polygon","coordinates":[[[-82.241082,39.093202],[-82.240954,39.094531],[-82.240535,39.094509],[-82.240562,39.094273],[-82.240562,39.094273],[-82.239226,39.094179],[-82.239146,39.093862],[-82.239122,39.093772],[-82.239055,39.0936],[-82.23818,39.093577],[-82.23801,39.093692],[-82.236826,39.093609],[-82.23672,39.093602],[-82.236737,39.093519],[-82.236841,39.093496],[-82.237285,39.092934],[-82.241082,39.093202]]]},"properties":{"p":"1300209003","o":"ADRIAN HEATH & ROSS AMY","a":"SEC11 T8N R15W 8.962A OUT OF 43.28A EX: 0.501A","d":"MEIGS LOCAL SCHOOL DISTRICT","t":229.19,"l":"RE","c":0}},{"type":"Feature","geometry":{"type":"Polygon","coordinates":[[[-82.307915,39.061825],[-82.307032,39.061753],[-82.306648,39.061805],[-82.306636,39.061792],[-82.306059,39.060996],[-82.305489,39.060196],[-82.304968,39.059447],[-82.304689,39.059033],[-82.304574,39.058861],[-82.306341,39.058939],[-82.310191,39.059107],[-82.309973,39.061579],[-82.308052,39.061609],[-82.307915,39.061825]]]},"properties":{"p":"1300233000","o":"WYETH ROBERT H","a":"SEC33 T8N R15W N & W PT OF SW 1/4 EX: #4 VEIN COAL","d":"MEIGS LOCAL SCHOOL DISTRICT","t":842.06,"l":"RE","c":0}},{"type":"Feature","geometry":{"type":"Polygon","coordinates":[[[-82.300058,39.064253],[-82.300363,39.061109],[-82.302627,39.061242],[-82.302976,39.057541],[-82.303849,39.057527],[-82.304363,39.057898],[-82.30427,39.058848],[-82.304574,39.058861],[-82.304689,39.059033],[-82.304968,39.059447],[-82.305489,39.060196],[-82.306059,39.060996],[-82.306636,39.061792],[-82.306648,39.061805],[-82.306927,39.062104],[-82.307205,39.062357],[-82.307429,39.06256],[-82.307491,39.062616],[-82.30785,39.062912],[-82.308239,39.063198],[-82.308652,39.063503],[-82.30869,39.063531],[-82.308862,39.063658],[-82.30919,39.063957],[-82.309541,39.064307],[-82.309694,39.06447],[-82.309778,39.064582],[-82.309811,39.064626],[-82.309842,39.064667],[-82.300058,39.064253]]]},"properties":{"p":"1300233001","o":"WYETH ROBERT H","a":"SEC33 T8 R15 30.0467A OUT OF 99.50A EX: 1.2656","d":"MEIGS LOCAL SCHOOL DISTRICT","t":452.07,"l":"RE","c":0}},{"type":"Feature","geometry":{"type":"Polygon","coordinates":[[[-82.299925,39.065616],[-82.295922,39.065441],[-82.29609,39.063714],[-82.300093,39.063889],[-82.299925,39.065616]]]},"properties":{"p":"1300234000","o":"WYETH ROBERT H","a":"FRAC33 T8N R15W IN NW COR OF 107A IN MID EX: #4 VEIN COAL","d":"MEIGS LOCAL SCHOOL DISTRICT","t":221.51,"l":"RE","c":0}},{"type":"Feature","geometry":{"type":"Polygon","coordinates":[[[-82.21621,39.119219],[-82.217506,39.111922],[-82.220248,39.112064],[-82.219512,39.119235],[-82.2195,39.119375],[-82.21621,39.119219]]]},"properties":{"p":"1300262001","o":"OSLER MATTHEW ALAN","a":"SEC6 T8N R15W 33.13A OUT OF 38.56A","d":"ALEXANDER LOCAL SCHOOL DISTRICT","t":1171.06,"l":"RE","c":0}},{"type":"Feature","geometry":{"type":"Polygon","coordinates":[[[-82.278761,39.0381],[-82.279617,39.037731],[-82.280344,39.038657],[-82.279108,39.038614],[-82.278761,39.0381]]]},"properties":{"p":"1300281001","o":"HALEY TERESA &/OR WHITT ANTHONY","a":"SEC19 T8N R15W 2.00A OUT OF 16.0A","d":"MEIGS LOCAL SCHOOL DISTRICT","t":265.22,"l":"RE","c":0}},{"type":"Feature","geometry":{"type":"Polygon","coordinates":[[[-82.239489,39.021382],[-82.239725,39.020817],[-82.24185,39.020911],[-82.241692,39.022335],[-82.241434,39.022217],[-82.241245,39.022131],[-82.241023,39.022029],[-82.240808,39.021932],[-82.240692,39.021884],[-82.240547,39.021825],[-82.240522,39.021815],[-82.240392,39.021761],[-82.24016,39.021667],[-82.240118,39.021649],[-82.239891,39.021552],[-82.23965,39.02145],[-82.239489,39.021382]]]},"properties":{"p":"1300300000","o":"ADKINS ROBERT C &/OR PATRICIA A","a":"SEC12 T7N R15W MID ON N LINE LOTS 4-11","d":"MEIGS LOCAL SCHOOL DISTRICT","t":1602.12,"l":"RE","c":0}},{"type":"Feature","geometry":{"type":"Polygon","coordinates":[[[-82.258248,39.039979],[-82.258033,39.042968],[-82.257881,39.043068],[-82.257657,39.043215],[-82.257408,39.043401],[-82.257198,39.043558],[-82.257044,39.043673],[-82.256803,39.04397],[-82.256578,39.044221],[-82.256437,39.044379],[-82.256208,39.044605],[-82.255932,39.044878],[-82.255765,39.045014],[-82.255474,39.045214],[-82.255111,39.045464],[-82.255095,39.045476],[-82.255295,39.04294],[-82.255538,39.039854],[-82.258248,39.039979]]]},"properties":{"p":"1300324000","o":"OILER DAVID W &/OR TERESA F","a":"FRAC13 T8N R15W MID OF FRAC EX: #4 VEIN COAL V329 P301","d":"MEIGS LOCAL SCHOOL DISTRICT","t":468.97,"l":"RE","c":0}},{"type":"Feature","geometry":{"type":"Polygon","coordinates":[[[-82.314253,39.038693],[-82.314064,39.03863],[-82.314622,39.037585],[-82.316846,39.03798],[-82.316768,39.038733],[-82.315444,39.03866],[-82.315404,39.039101],[-82.315152,39.039005],[-82.314895,39.038906],[-82.314633,39.03882],[-82.314253,39.038693]]]},"properties":{"p":"1300351000","o":"ASHBURN LARRY D &/OR BETTY S","a":"SEC31 T8N R15W MED ON W LINE OF W 1/2 EX: 9A EX: 2.50 V323 P217","d":"MEIGS LOCAL SCHOOL DISTRICT","t":308.97,"l":"RE","c":0}},{"type":"Feature","geometry":{"type":"Polygon","coordinates":[[[-82.29844,39.080784],[-82.298145,39.083968],[-82.295332,39.083821],[-82.295681,39.083223],[-82.29625,39.082246],[-82.296456,39.082033],[-82.297027,39.08162],[-82.297368,39.081382],[-82.297665,39.081193],[-82.297737,39.081106],[-82.297779,39.081035],[-82.298142,39.080881],[-82.29844,39.080784]]]},"properties":{"p":"1300373007","o":"CLEMONS PAUL","a":"FRAC35 T8N R15W 13.9122A OUT OF 19.26","d":"MEIGS LOCAL SCHOOL DISTRICT","t":165.15,"l":"RE","c":0}},{"type":"Feature","geometry":{"type":"Polygon","coordinates":[[[-82.298145,39.083968],[-82.298455,39.08078],[-82.29873,39.080699],[-82.298744,39.080696],[-82.299257,39.08059],[-82.299775,39.080519],[-82.30027,39.080457],[-82.300428,39.080438],[-82.300649,39.080428],[-82.300834,39.08042],[-82.300995,39.080424],[-82.30127,39.080435],[-82.301582,39.080461],[-82.3019,39.080481],[-82.302181,39.080486],[-82.302599,39.0805],[-82.303,39.080521],[-82.303379,39.080545],[-82.303598,39.080573],[-82.303758,39.080594],[-82.303768,39.080595],[-82.304557,39.080653],[-82.304518,39.081169],[-82.304492,39.081543],[-82.304492,39.081543],[-82.304464,39.08188],[-82.304431,39.082214],[-82.304383,39.082705],[-82.304332,39.083247],[-82.304315,39.083429],[-82.301752,39.083314],[-82.301691,39.084136],[-82.299363,39.084031],[-82.298144,39.083976],[-82.298145,39.083968]]]},"properties":{"p":"1300401000","o":"LESTER EDWARD D","a":"SEC34 T8N R15W SE OF NE1/4 N OF RD. EX: 5.00","d":"MEIGS LOCAL SCHOOL DISTRICT","t":1229.01,"l":"RE","c":0}},{"type":"Feature","geometry":{"type":"MultiPolygon","coordinates":[[[[-82.310281,39.016451],[-82.309524,39.016031],[-82.309404,39.016444],[-82.309219,39.017085],[-82.308742,39.017064],[-82.308491,39.017052],[-82.308494,39.017001],[-82.308498,39.01692],[-82.308515,39.016498],[-82.308501,39.016351],[-82.308483,39.016151],[-82.308572,39.016157],[-82.308498,39.015821],[-82.308504,39.015701],[-82.308684,39.015425],[-82.30868,39.015029],[-82.308707,39.014788],[-82.308683,39.014611],[-82.308794,39.014506],[-82.309022,39.014225],[-82.309158,39.013962],[-82.31263,39.015451],[-82.31319,39.017393],[-82.313113,39.018317],[-82.313792,39.01872],[-82.313736,39.019375],[-82.311936,39.018306],[-82.311066,39.01752],[-82.310196,39.016733],[-82.310281,39.016451]]],[[[-82.308114,39.015078],[-82.308367,39.014908],[-82.308121,39.015074],[-82.308114,39.015078]]],[[[-82.310243,39.012711],[-82.310273,39.012672],[-82.311822,39.012738],[-82.310575,39.012721],[-82.310243,39.012711]]]]},"properties":{"p":"1300431000","o":"DIAMOND DEBORAH L","a":"SEC36 T7N R15W SE1/4 EX. MINS. EX: #4 VEIN COAL EX: 16A EX: 15.4263 EX: 9.4054","d":"MEIGS LOCAL SCHOOL DISTRICT","t":385.6,"l":"RE","c":0}},{"type":"Feature","geometry":{"type":"Polygon","coordinates":[[[-82.288372,39.012094],[-82.289235,39.011727],[-82.290534,39.011785],[-82.290382,39.012788],[-82.289476,39.012828],[-82.28932,39.014241],[-82.288156,39.014355],[-82.288372,39.012094]]]},"properties":{"p":"1300435002","o":"GILLMAN HEATHER &/OR JEFFREY ALLEN","a":"SEC30 T7N R15W 9.203A OUT OF 86.357","d":"MEIGS LOCAL SCHOOL DISTRICT","t":220.75,"l":"RE","c":0}},{"type":"Feature","geometry":{"type":"Polygon","coordinates":[[[-82.309557,39.037631],[-82.309706,39.037627],[-82.309287,39.042202],[-82.306967,39.042107],[-82.307184,39.03966],[-82.3073,39.038365],[-82.307361,39.03768],[-82.307719,39.037668],[-82.308022,39.037659],[-82.309026,39.037641],[-82.309557,39.037631]]]},"properties":{"p":"1300456000","o":"MONCHACK BRUCE W","a":"SEC31 T8N R15W CENTER PT NE1/4 EX: #4 VEIN COAL","d":"MEIGS LOCAL SCHOOL DISTRICT","t":544.07,"l":"RE","c":0}},{"type":"Feature","geometry":{"type":"Polygon","coordinates":[[[-82.269944,39.044262],[-82.272826,39.042866],[-82.273304,39.043223],[-82.273409,39.04339],[-82.273487,39.043695],[-82.273539,39.043852],[-82.273667,39.044063],[-82.273837,39.044341],[-82.274053,39.044619],[-82.274339,39.044899],[-82.269815,39.045707],[-82.269896,39.044775],[-82.269944,39.044262]]]},"properties":{"p":"1300596002","o":"CHAPMAN RICHARD H &/OR CYNTHIA H","a":"FRAC19 T8N R15W 17.384A OUT OF 38.50A","d":"MEIGS LOCAL SCHOOL DISTRICT","t":175.86,"l":"RE","c":0}},{"type":"Feature","geometry":{"type":"Polygon","coordinates":[[[-82.227376,39.088074],[-82.227369,39.088146],[-82.227363,39.088213],[-82.22263,39.087962],[-82.222807,39.086137],[-82.223619,39.086176],[-82.223564,39.086754],[-82.224297,39.086789],[-82.224242,39.08736],[-82.226442,39.087465],[-82.226457,39.087545],[-82.226496,39.087812],[-82.226526,39.088033],[-82.227376,39.088074]]]},"properties":{"p":"1300624000","o":"SHIELDS CAROLYN","a":"SEC11 T8N R15W NE OF SE1/4 EX: #4 VEIN COAL V281 P593","d":"MEIGS LOCAL SCHOOL DISTRICT","t":688.34,"l":"RE","c":0}},{"type":"Feature","geometry":{"type":"Polygon","coordinates":[[[-82.217605,39.04266],[-82.217579,39.043002],[-82.217573,39.043047],[-82.217563,39.043128],[-82.216804,39.043048],[-82.21684,39.042748],[-82.216136,39.042756],[-82.215731,39.042708],[-82.215077,39.042752],[-82.214556,39.042755],[-82.214124,39.042646],[-82.212621,39.042669],[-82.212743,39.042412],[-82.217519,39.042224],[-82.217561,39.042343],[-82.217584,39.04251],[-82.217605,39.04266]]]},"properties":{"p":"1300712008","o":"HALE TYLER WAYNE","a":"SEC2 T8N R15W 5.105A OUT OF 91.774","d":"MEIGS LOCAL SCHOOL DISTRICT","t":214.62,"l":"RE","c":0}},{"type":"Feature","geometry":{"type":"Polygon","coordinates":[[[-82.275072,39.066253],[-82.274187,39.066271],[-82.274141,39.064844],[-82.274999,39.064827],[-82.275016,39.065054],[-82.275059,39.065894],[-82.275072,39.066253]]]},"properties":{"p":"1300790042","o":"AGRI-MED OHIO REAL ESTATE LLC","a":"FRAC30 T8N R15W 2.973A OUT OF 128.516","d":"MEIGS LOCAL SCHOOL DISTRICT","t":32200.56,"l":"RE","c":0}},{"type":"Feature","geometry":{"type":"Polygon","coordinates":[[[-82.072788,39.027376],[-82.072725,39.027646],[-82.073404,39.027673],[-82.073142,39.030722],[-82.070883,39.028325],[-82.070963,39.027398],[-82.071644,39.027783],[-82.072348,39.026971],[-82.072482,39.025766],[-82.072518,39.025766],[-82.07278,39.02576],[-82.072982,39.025802],[-82.073099,39.025803],[-82.073576,39.025666],[-82.073553,39.025934],[-82.073275,39.025954],[-82.07318,39.026596],[-82.072909,39.026545],[-82.072592,39.027351],[-82.072788,39.027376]]]},"properties":{"p":"1400078000","o":"BIGGS WILLIAM R","a":"SEC25 T2N R13W W PRT OF NW1/4 EX: 2.13A SW EX: 1.24A","d":"MEIGS LOCAL SCHOOL DISTRICT","t":1166.74,"l":"RE","c":0}},{"type":"Feature","geometry":{"type":"Polygon","coordinates":[[[-82.022291,39.065374],[-82.022269,39.065505],[-82.022363,39.065647],[-82.022335,39.06579],[-82.021869,39.066123],[-82.021701,39.066129],[-82.021529,39.065922],[-82.021157,39.066012],[-82.021018,39.065943],[-82.020937,39.065814],[-82.020846,39.065737],[-82.020823,39.065659],[-82.02058,39.065404],[-82.020697,39.06529],[-82.020895,39.065375],[-82.021168,39.065448],[-82.021422,39.065475],[-82.021422,39.065475],[-82.021746,39.065472],[-82.022004,39.065423],[-82.022291,39.065374]]]},"properties":{"p":"1400097002","o":"BEAVER DOUGLAS W &/OR TRACY D","a":"SEC16 T2N R13W 1.9221A OUT OF 47.1477A","d":"MEIGS LOCAL SCHOOL DISTRICT","t":497.94,"l":"RE","c":0}},{"type":"Feature","geometry":{"type":"Polygon","coordinates":[[[-82.085299,39.027054],[-82.085295,39.027053],[-82.084953,39.026982],[-82.084962,39.026956],[-82.084657,39.026894],[-82.084754,39.026628],[-82.08533,39.026716],[-82.085299,39.027054]]]},"properties":{"p":"1400127000","o":"BRADFORD CHURCH OF CHRIST INC","a":"SEC31 T2N R13W NEAR MID. OF SEC V263 P641","d":"MEIGS LOCAL SCHOOL DISTRICT","t":220.37,"l":"RE","c":0}},{"type":"Feature","geometry":{"type":"Polygon","coordinates":[[[-82.074978,38.999826],[-82.075487,38.99997],[-82.075428,39.000009],[-82.074978,38.999826]]]},"properties":{"p":"1400194000","o":"CLONCH KATHLEEN G","a":"SEC29 T1N R13W NEAR MID ON W LINE OF SECT 29","d":"MEIGS LOCAL SCHOOL DISTRICT","t":234.94,"l":"RE","c":0}},{"type":"Feature","geometry":{"type":"Polygon","coordinates":[[[-82.09239,38.976319],[-82.092581,38.97576],[-82.093267,38.975795],[-82.093047,38.976289],[-82.09239,38.976319]]]},"properties":{"p":"1400287000","o":"BROOKS DOROTHY JANE &/OR THOMAS P","a":"LOT370 T1N R13W ON E LINE NEAR MID OF 19.5 6A","d":"MEIGS LOCAL SCHOOL DISTRICT","t":781.92,"l":"RE","c":0}},{"type":"Feature","geometry":{"type":"Polygon","coordinates":[[[-82.093594,39.027808],[-82.093566,39.028136],[-82.093209,39.028082],[-82.093224,39.027806],[-82.093594,39.027808]]]},"properties":{"p":"1400297000","o":"TADLOCK CHARLES","a":"SEC31 T2N R13W ON W LINE OF ST 31 ON NW1/4 OF 2.48A","d":"MEIGS LOCAL SCHOOL DISTRICT","t":121.76,"l":"RE","c":0}},{"type":"Feature","geometry":{"type":"Polygon","coordinates":[[[-82.088248,39.08017],[-82.089109,39.079921],[-82.089029,39.080857],[-82.088679,39.080573],[-82.088555,39.080459],[-82.088287,39.080211],[-82.088248,39.08017]]]},"properties":{"p":"1400493000","o":"RUNYON JERRY &/OR VANNESSA","a":"SEC35 T2N R13W SECT 35 (640) SW PART OF W OF RD V293 P861","d":"MEIGS LOCAL SCHOOL DISTRICT","t":3395.63,"l":"RE","c":0}},{"type":"Feature","geometry":{"type":"Polygon","coordinates":[[[-82.086446,39.077026],[-82.086391,39.07766],[-82.086059,39.077237],[-82.086446,39.077026]]]},"properties":{"p":"1400494000","o":"RUNYON JERRY &/OR VANNESSA","a":"SEC35 T2N R13W W PART OF 43.56A E PART OF W 100A OUT OF 24A V293 P861","d":"MEIGS LOCAL SCHOOL DISTRICT","t":183.85,"l":"RE","c":0}},{"type":"Feature","geometry":{"type":"Polygon","coordinates":[[[-82.028519,39.072863],[-82.029486,39.072922],[-82.029523,39.073162],[-82.0289,39.073464],[-82.028519,39.072863]]]},"properties":{"p":"1400500000","o":"BRODERICK FRANCIS &/OR IVAN","a":"SEC17 T2N R13W SW COR EX COAL & .89A","d":"MEIGS LOCAL SCHOOL DISTRICT","t":273.66,"l":"RE","c":0}},{"type":"Feature","geometry":{"type":"Polygon","coordinates":[[[-82.028095,39.073939],[-82.029144,39.073842],[-82.029501,39.073874],[-82.029046,39.073503],[-82.028772,39.073491],[-82.027913,39.073729],[-82.027701,39.073483],[-82.027062,39.073661],[-82.026588,39.073112],[-82.026817,39.07303],[-82.027045,39.07295],[-82.027213,39.072889],[-82.027401,39.072853],[-82.027593,39.072853],[-82.027889,39.07286],[-82.028095,39.072869],[-82.028291,39.072873],[-82.028501,39.072852],[-82.028526,39.072841],[-82.028715,39.072665],[-82.029926,39.072716],[-82.02987,39.073317],[-82.029875,39.073317],[-82.029562,39.076947],[-82.027948,39.076874],[-82.027654,39.074347],[-82.027488,39.074154],[-82.028095,39.073939]],[[-82.029486,39.072922],[-82.028519,39.072863],[-82.0289,39.073464],[-82.029523,39.073162],[-82.029486,39.072922]]]},"properties":{"p":"1400501000","o":"BRODERICK FRANCIS &/OR IVAN","a":"SEC17 T2N R13W SW COR OF SW 1/4 OF SEC17 EX: 1.88A","d":"MEIGS LOCAL SCHOOL DISTRICT","t":173.45,"l":"RE","c":0}},{"type":"Feature","geometry":{"type":"Polygon","coordinates":[[[-82.081077,39.055859],[-82.081084,39.055852],[-82.081045,39.056314],[-82.080924,39.057722],[-82.079959,39.057846],[-82.079885,39.057391],[-82.080792,39.056205],[-82.080981,39.055947],[-82.081077,39.055859]]]},"properties":{"p":"1400659000","o":"STEWART BRYAN &/OR TAMIKO","a":"SEC33 T2N R13W IN S SIDE OF E1/4","d":"MEIGS LOCAL SCHOOL DISTRICT","t":920.01,"l":"RE","c":0}},{"type":"Feature","geometry":{"type":"Polygon","coordinates":[[[-82.129156,39.03281],[-82.12907,39.032999],[-82.128821,39.032964],[-82.128683,39.032945],[-82.128672,39.032887],[-82.129115,39.032868],[-82.129142,39.032808],[-82.129156,39.03281]]]},"properties":{"p":"1400711001","o":"DARST DANNY &/OR SHARON M","a":"FRAC36 T2N R13W SW PRT V322 P253","d":"MEIGS LOCAL SCHOOL DISTRICT","t":817.93,"l":"RE","c":0}},{"type":"Feature","geometry":{"type":"Polygon","coordinates":[[[-82.001751,39.036573],[-82.002436,39.036501],[-82.002674,39.036507],[-82.002574,39.036887],[-82.00185,39.036963],[-82.001851,39.036904],[-82.001779,39.036654],[-82.001751,39.036573]]]},"properties":{"p":"1400807000","o":"RIFFLE TERESA","a":"SEC8 T2N R13W N 1/2 OF 75A NE PRT OF 11.45A V304 P793","d":"MEIGS LOCAL SCHOOL DISTRICT","t":134.84,"l":"RE","c":0}},{"type":"Feature","geometry":{"type":"Polygon","coordinates":[[[-82.006408,39.037853],[-82.00653,39.037551],[-82.00684,39.037452],[-82.006914,39.037873],[-82.006408,39.037853]]]},"properties":{"p":"1400862000","o":"RIFFLE RANDY","a":"SEC8 T2N R13W #24 PENNY SURV V338 P123","d":"MEIGS LOCAL SCHOOL DISTRICT","t":184.23,"l":"RE","c":0}},{"type":"Feature","geometry":{"type":"Polygon","coordinates":[[[-82.083778,39.091248],[-82.084142,39.092096],[-82.083332,39.092076],[-82.08323,39.091898],[-82.083075,39.091674],[-82.082887,39.091401],[-82.08363,39.091311],[-82.083778,39.091248]]]},"properties":{"p":"1400935000","o":"WEAVER CAROLYN SUE PAYNE","a":"SEC36 T2N R13W SW PART","d":"MEIGS LOCAL SCHOOL DISTRICT","t":184.8,"l":"RE","c":0}},{"type":"Feature","geometry":{"type":"Polygon","coordinates":[[[-82.088233,39.090096],[-82.088028,39.09247],[-82.083421,39.092261],[-82.083372,39.092147],[-82.083332,39.092076],[-82.084142,39.092096],[-82.083778,39.091248],[-82.083855,39.091215],[-82.084225,39.091288],[-82.084518,39.091135],[-82.084975,39.091113],[-82.085062,39.089952],[-82.088233,39.090096]]]},"properties":{"p":"1400936000","o":"WEAVER CAROLYN SUE PAYNE","a":"SEC36 T2N R13W SW PT SE1/4 ALL W OF RD. 157A TR.EX. 9.30A","d":"MEIGS LOCAL SCHOOL DISTRICT","t":158.07,"l":"RE","c":0}},{"type":"Feature","geometry":{"type":"Polygon","coordinates":[[[-82.083437,39.076381],[-82.084311,39.075853],[-82.084565,39.076068],[-82.084849,39.076309],[-82.084075,39.076855],[-82.08388,39.077062],[-82.083437,39.076381]]]},"properties":{"p":"1400967002","o":"MCELROY JEFFREY A &/OR JANET M","a":"SEC35 T2N R13W 1.949A OUT OF 18.56A","d":"MEIGS LOCAL SCHOOL DISTRICT","t":457.85,"l":"RE","c":0}},{"type":"Feature","geometry":{"type":"Polygon","coordinates":[[[-82.096976,38.981693],[-82.096978,38.981736],[-82.096936,38.981741],[-82.096898,38.981599],[-82.09683,38.981547],[-82.096971,38.981551],[-82.096976,38.981693]]]},"properties":{"p":"1400973000","o":"MADDEN KENNETH W JR","a":"LOT330 T1N R13W ON CO LINE S OF RD V299 P555","d":"MEIGS LOCAL SCHOOL DISTRICT","t":227.41,"l":"RE","c":0}},{"type":"Feature","geometry":{"type":"Polygon","coordinates":[[[-82.054476,39.0335],[-82.054102,39.03326],[-82.05444,39.032817],[-82.054718,39.032984],[-82.054476,39.0335]]]},"properties":{"p":"1400978000","o":"MARCINKO ROBERT A","a":"SEC26 T2N R13W N COR. OF 3A NW PRT 448A V311 P345","d":"MEIGS LOCAL SCHOOL DISTRICT","t":244.56,"l":"RE","c":0}},{"type":"Feature","geometry":{"type":"Polygon","coordinates":[[[-82.076388,39.024994],[-82.076711,39.024697],[-82.07685,39.024454],[-82.076881,39.024296],[-82.077171,39.024184],[-82.077651,39.024197],[-82.077795,39.024206],[-82.077927,39.024254],[-82.078167,39.024397],[-82.078569,39.024606],[-82.078484,39.025587],[-82.075951,39.025347],[-82.076388,39.024994]]]},"properties":{"p":"1401220000","o":"R COLEMAN ENTERPRISES LLC","a":"SEC31 T2N R13W SEC IN BEND OF CR S OF RR EX: 1.52A EX: COAL .52A","d":"MEIGS LOCAL SCHOOL DISTRICT","t":310.59,"l":"RE","c":0}},{"type":"Feature","geometry":{"type":"Polygon","coordinates":[[[-82.089625,38.985333],[-82.09042,38.984857],[-82.090655,38.985112],[-82.090675,38.985136],[-82.09018,38.986007],[-82.08964,38.986956],[-82.088834,38.985884],[-82.089625,38.985333]]]},"properties":{"p":"1401318000","o":"SCHULER JOSEPH R","a":"LOT329 OF N COR OF 9A TRACT","d":"MEIGS LOCAL SCHOOL DISTRICT","t":274.85,"l":"RE","c":0}},{"type":"Feature","geometry":{"type":"Polygon","coordinates":[[[-82.006907,39.039707],[-82.007009,39.039819],[-82.006487,39.040119],[-82.006383,39.040009],[-82.006907,39.039707]]]},"properties":{"p":"1401324000","o":"EAKINS LARRY F","a":"SEC8 T2N R13W LOT E OF ARNOLD W OF RD 50’X170 V23 P217","d":"MEIGS LOCAL SCHOOL DISTRICT","t":100.63,"l":"RE","c":0}},{"type":"Feature","geometry":{"type":"Polygon","coordinates":[[[-81.994504,39.038915],[-81.994748,39.038458],[-81.994942,39.038554],[-81.995139,39.038664],[-81.9953,39.038776],[-81.995383,39.038842],[-81.995502,39.038955],[-81.995028,39.039278],[-81.994504,39.038915]]]},"properties":{"p":"1401354000","o":"DICKENS ROBERT F","a":"SEC8 T2N R13W IN S LINE #5 1.25A OF 10.7A","d":"MEIGS LOCAL SCHOOL DISTRICT","t":967.05,"l":"RE","c":0}},{"type":"Feature","geometry":{"type":"Polygon","coordinates":[[[-82.080348,39.015138],[-82.080396,39.014682],[-82.080997,39.014742],[-82.080951,39.015603],[-82.080348,39.015138]]]},"properties":{"p":"1401356000","o":"SISSON KEITH ANN","a":"LOT315 T1N R13W SE COR OF 12A NW OF E1/2 EX 2A 1A OF 5.60A","d":"MEIGS LOCAL SCHOOL DISTRICT","t":159.54,"l":"RE","c":0}},{"type":"Feature","geometry":{"type":"Polygon","coordinates":[[[-82.098256,38.96454],[-82.098356,38.964393],[-82.098377,38.964366],[-82.098796,38.964554],[-82.09871,38.9647],[-82.09838,38.964583],[-82.098256,38.96454]]]},"properties":{"p":"1401377000","o":"SMITH ALFRED RAY JR","a":"LOT392 T1N R13W N PRT OF 1.77A LOT","d":"MEIGS LOCAL SCHOOL DISTRICT","t":311.94,"l":"RE","c":0}},{"type":"Feature","geometry":{"type":"Polygon","coordinates":[[[-82.060887,39.089958],[-82.060364,39.088824],[-82.061105,39.088858],[-82.061308,39.089307],[-82.061538,39.089776],[-82.060887,39.089958]]]},"properties":{"p":"1401532000","o":"WHITE RICHARD &/OR STIRES KAYLA","a":"SEC30 T2N R13W UND 2/3 & 1/3 OF 140A SW1/2 EX 20A NW& 40A EX .25A","d":"MEIGS LOCAL SCHOOL DISTRICT","t":205.63,"l":"RE","c":0}},{"type":"Feature","geometry":{"type":"Polygon","coordinates":[[[-82.055077,39.048305],[-82.055119,39.048268],[-82.055629,39.047363],[-82.055401,39.047096],[-82.058697,39.046699],[-82.058994,39.046677],[-82.059298,39.046686],[-82.059172,39.047885],[-82.057371,39.04912],[-82.056738,39.049384],[-82.05666,39.049415],[-82.056547,39.049316],[-82.055951,39.048971],[-82.055695,39.048813],[-82.055285,39.048464],[-82.055077,39.048305]]]},"properties":{"p":"1401558003","o":"DELONG JEFFREY A &/OR MARY JOELLA","a":"FRAC32 T2N R13W 17.538A OUT OF 79.209","d":"MEIGS LOCAL SCHOOL DISTRICT","t":127.16,"l":"RE","c":0}},{"type":"Feature","geometry":{"type":"Polygon","coordinates":[[[-82.062241,39.048029],[-82.061794,39.047884],[-82.061611,39.047854],[-82.061423,39.047739],[-82.061258,39.047771],[-82.061317,39.046868],[-82.062335,39.046913],[-82.062241,39.048029]]]},"properties":{"p":"1401615000","o":"WILSON MARLA ETAL","a":"FRAC33 T2N R13W S 1/2 15.258A EX: 2.1217A","d":"MEIGS LOCAL SCHOOL DISTRICT","t":229.13,"l":"RE","c":0}},{"type":"Feature","geometry":{"type":"Polygon","coordinates":[[[-82.063432,39.04557],[-82.063636,39.04581],[-82.064138,39.045727],[-82.064218,39.045915],[-82.064244,39.046032],[-82.064243,39.046155],[-82.06422,39.04626],[-82.064087,39.046574],[-82.063497,39.046528],[-82.063133,39.046169],[-82.063076,39.045989],[-82.06294,39.045685],[-82.063432,39.04557]]]},"properties":{"p":"1401615002","o":"ROBERTS JONATHAN ERROL","a":"FRAC33 T2 R13 2.1217A OUT OF 15.258A","d":"MEIGS LOCAL SCHOOL DISTRICT","t":126.4,"l":"RE","c":0}},{"type":"Feature","geometry":{"type":"Polygon","coordinates":[[[-82.09871,38.9647],[-82.098796,38.964554],[-82.098871,38.964425],[-82.098979,38.96447],[-82.098951,38.964782],[-82.09871,38.9647]]]},"properties":{"p":"1401668000","o":"SMITH ALFRED RAY JR","a":"LOT392 T1N R13W NE PT OF 1.10A SW PT","d":"MEIGS LOCAL SCHOOL DISTRICT","t":177.38,"l":"RE","c":0}},{"type":"Feature","geometry":{"type":"Polygon","coordinates":[[[-82.05746,39.007315],[-82.056506,39.008516],[-82.056089,39.008442],[-82.055749,39.008386],[-82.055662,39.008369],[-82.055608,39.008356],[-82.055538,39.008335],[-82.055503,39.008323],[-82.055471,39.008311],[-82.055451,39.008302],[-82.055428,39.008291],[-82.055406,39.008278],[-82.05538,39.008262],[-82.055348,39.00824],[-82.055315,39.008214],[-82.055297,39.008199],[-82.055276,39.008174],[-82.055256,39.008149],[-82.055242,39.008133],[-82.055212,39.008085],[-82.055181,39.008032],[-82.055165,39.008002],[-82.055687,39.007791],[-82.055841,39.007711],[-82.055943,39.007597],[-82.056241,39.007164],[-82.056259,39.007126],[-82.056668,39.007241],[-82.056737,39.007107],[-82.05746,39.007315]]]},"properties":{"p":"1500016000","o":"MCKINLEY EARL SCOTT","a":"100A LOT312 T1N R13W LOT (176) #176 P JONES ADD 80 X 50","d":"MEIGS LOCAL SCHOOL DISTRICT","t":536.24,"l":"RE","c":0}},{"type":"Feature","geometry":{"type":"Polygon","coordinates":[[[-81.993441,39.028831],[-81.993565,39.028723],[-81.993675,39.028791],[-81.99366,39.028966],[-81.993441,39.028831]]]},"properties":{"p":"1500028000","o":"RIFFLE RENTALS LLC","a":"SEC29 T1N R13W BOSWORTH ADD ALL OF LOT345 & PART OF LOT344","d":"SOUTHERN LOCAL SCHOOL DISTRICT","t":295.69,"l":"RE","c":0}},{"type":"Feature","geometry":{"type":"Polygon","coordinates":[[[-82.049096,39.003235],[-82.049125,39.003171],[-82.0495,39.003272],[-82.049471,39.003337],[-82.049096,39.003235]]]},"properties":{"p":"1500053000","o":"MCMILLION VERA","a":"100A LOT312 T1N R13W LOT *80) #80","d":"MEIGS LOCAL SCHOOL DISTRICT","t":498.28,"l":"RE","c":0}},{"type":"Feature","geometry":{"type":"Polygon","coordinates":[[[-82.074642,39.01325],[-82.07459,39.013853],[-82.073185,39.013796],[-82.073162,39.013761],[-82.073117,39.013693],[-82.073618,39.013525],[-82.07399,39.013401],[-82.073828,39.013151],[-82.074108,39.013058],[-82.074524,39.013438],[-82.074642,39.01325]]]},"properties":{"p":"1500077000","o":"KING TIMOTHY J","a":"SEC29 T 1N R13W LOT 13 &14 H & R ADD W1/2","d":"MEIGS LOCAL SCHOOL DISTRICT","t":780.97,"l":"RE","c":0}},{"type":"Feature","geometry":{"type":"Polygon","coordinates":[[[-82.063283,38.994688],[-82.063294,38.994551],[-82.06347,38.994559],[-82.063459,38.994696],[-82.063283,38.994688]]]},"properties":{"p":"1500078000","o":"SAMPLES MELANIE RENEE &/OR KING TIMOTHY","a":"SEC29 T1N R13W PT LOT23 1/2 OF LOT24 H&R ADD PT OF LOTS 24&23","d":"MEIGS LOCAL SCHOOL DISTRICT","t":940.15,"l":"RE","c":0}},{"type":"Feature","geometry":{"type":"Polygon","coordinates":[[[-82.052645,39.000048],[-82.052492,38.999981],[-82.052578,38.999861],[-82.052731,38.999928],[-82.052645,39.000048]]]},"properties":{"p":"1500122000","o":"WERVEY ASHLEY","a":"64A LOT313 T1N R13W LOT 137 PALMER’S 2ND ADD E1/2 & 2ND ADD 138 E 1/2","d":"MEIGS LOCAL SCHOOL DISTRICT","t":458.61,"l":"RE","c":0}},{"type":"Feature","geometry":{"type":"Polygon","coordinates":[[[-82.048857,39.003771],[-82.048893,39.003689],[-82.049269,39.003791],[-82.049242,39.003851],[-82.049122,39.003828],[-82.049118,39.003841],[-82.048857,39.003771]]]},"properties":{"p":"1500233000","o":"ROUSH BENNETT D &/OR ELIZABETH E","a":"100A LOT311,312 TIN R13W LOT 47 30’ S SIDE EX 6 X 35","d":"MEIGS LOCAL SCHOOL DISTRICT","t":255.91,"l":"RE","c":0}},{"type":"Feature","geometry":{"type":"Polygon","coordinates":[[[-82.048893,39.003689],[-82.048951,39.00356],[-82.049327,39.003661],[-82.049269,39.003791],[-82.048893,39.003689]]]},"properties":{"p":"1500234000","o":"ROUSH BENNETT D &/OR ELIZABETH E","a":"100A LOT312 T1N R13W LOT 48","d":"MEIGS LOCAL SCHOOL DISTRICT","t":376.42,"l":"RE","c":0}},{"type":"Feature","geometry":{"type":"Polygon","coordinates":[[[-82.048449,39.004688],[-82.048489,39.004597],[-82.048865,39.004699],[-82.048824,39.00479],[-82.048449,39.004688]]]},"properties":{"p":"1500279000","o":"JANE MARK PROPERTIES LLC","a":"100A LOT311 T1N R13W LOT 43 50’ E END V331 P165","d":"MEIGS LOCAL SCHOOL DISTRICT","t":334.59,"l":"RE","c":0}},{"type":"Feature","geometry":{"type":"Polygon","coordinates":[[[-82.048489,39.004597],[-82.048495,39.004584],[-82.04887,39.004686],[-82.048865,39.004699],[-82.048489,39.004597]]]},"properties":{"p":"1500280000","o":"JANE MARK PROPERTIES LLC","a":"100A LOT311 T1N R13W LOT 42 EX 5’ N SIDE V331 P165","d":"MEIGS LOCAL SCHOOL DISTRICT","t":263.48,"l":"RE","c":0}},{"type":"Feature","geometry":{"type":"Polygon","coordinates":[[[-82.048495,39.004584],[-82.048547,39.004467],[-82.048713,39.004512],[-82.048803,39.004537],[-82.048922,39.004569],[-82.04887,39.004686],[-82.048495,39.004584]]]},"properties":{"p":"1500287000","o":"JANE MARK PROPERTIES LLC","a":"100A LOT311 T1N R13W LOT (41) $41 50X113 EX 5X112.15 45X113 V331 P165","d":"MEIGS LOCAL SCHOOL DISTRICT","t":214.87,"l":"RE","c":0}},{"type":"Feature","geometry":{"type":"Polygon","coordinates":[[[-82.053241,38.996839],[-82.052958,38.9967],[-82.052988,38.996659],[-82.05327,38.996799],[-82.053241,38.996839]]]},"properties":{"p":"1500452000","o":"MEADOWS DAVID LUTHER","a":"64A LOT313 T1N R13W LOT (68) BEHAN 2ND ADD 18’ OFF S SIDE","d":"MEIGS LOCAL SCHOOL DISTRICT","t":448.9,"l":"RE","c":0}},{"type":"Feature","geometry":{"type":"Polygon","coordinates":[[[-82.05687,38.993633],[-82.056877,38.99355],[-82.05727,38.993569],[-82.057263,38.993652],[-82.05687,38.993633]]]},"properties":{"p":"1500459000","o":"DELACRUZ JESSICA I","a":"SEC24 T1N R13W LOT PRT LOT 110 30X120 PRT LOT 111 30X120 BOSWORTH V329 P285","d":"MEIGS LOCAL SCHOOL DISTRICT","t":498.6,"l":"RE","c":0}},{"type":"Feature","geometry":{"type":"Polygon","coordinates":[[[-82.049009,39.00343],[-82.049067,39.0033],[-82.049442,39.003402],[-82.049385,39.003532],[-82.049009,39.00343]]]},"properties":{"p":"1500465000","o":"WIGAL MARJORIE B","a":"100A LOT312 T1N R13W LOT 78 SW COR","d":"MEIGS LOCAL SCHOOL DISTRICT","t":790.23,"l":"RE","c":0}},{"type":"Feature","geometry":{"type":"Polygon","coordinates":[[[-82.048732,39.004052],[-82.048784,39.003936],[-82.049083,39.004017],[-82.049031,39.004133],[-82.048996,39.004124],[-82.048732,39.004052]]]},"properties":{"p":"1500530000","o":"GILKEY RICHARD D &/OR KAREN K","a":"100A LOT311 T1N R13W LOT (45) #45 45X90’ N SIDE V320 P575","d":"MEIGS LOCAL SCHOOL DISTRICT","t":346.5,"l":"RE","c":0}},{"type":"Feature","geometry":{"type":"Polygon","coordinates":[[[-82.059448,38.99286],[-82.059459,38.992723],[-82.060249,38.992761],[-82.060238,38.992898],[-82.059448,38.99286]]]},"properties":{"p":"1500532000","o":"SEYMOUR LAWRENCE JOSEPH","a":"SEC29 T1N R13W LOT 309 HORTON ADD. S1/2","d":"MEIGS LOCAL SCHOOL DISTRICT","t":121.46,"l":"RE","c":0}},{"type":"Feature","geometry":{"type":"Polygon","coordinates":[[[-82.052315,39.003278],[-82.052192,39.00318],[-82.052507,39.00294],[-82.05263,39.003039],[-82.052315,39.003278]]]},"properties":{"p":"1500537000","o":"SAYRE JEREMY A","a":"100A LOT312 T1N R13W LOT (167) #167","d":"MEIGS LOCAL SCHOOL DISTRICT","t":233.84,"l":"RE","c":0}},{"type":"Feature","geometry":{"type":"Polygon","coordinates":[[[-82.279151,39.044799],[-82.279295,39.044601],[-82.279543,39.044674],[-82.279284,39.045196],[-82.27928,39.045195],[-82.278927,39.045101],[-82.279151,39.044799]]]},"properties":{"p":"1500600000","o":"KEESEE JONATHAN D","a":"100A LOT311&312 T1N R13W LOT 31","d":"MEIGS LOCAL SCHOOL DISTRICT","t":229.36,"l":"RE","c":0}},{"type":"Feature","geometry":{"type":"Polygon","coordinates":[[[-82.279718,39.043958],[-82.279787,39.043736],[-82.280226,39.044138],[-82.280108,39.044309],[-82.279605,39.044149],[-82.279718,39.043958]]]},"properties":{"p":"1500601000","o":"KEESEE JONATHAN D","a":"100A LOT311 T1N R13W LOT 33 EX. 32’ E","d":"MEIGS LOCAL SCHOOL DISTRICT","t":240.66,"l":"RE","c":0}},{"type":"Feature","geometry":{"type":"Polygon","coordinates":[[[-82.054407,38.997003],[-82.054412,38.99698],[-82.054665,38.996992],[-82.054663,38.997015],[-82.054407,38.997003]]]},"properties":{"p":"1500635000","o":"TOPE EMIL RAY &/OR AMANDA JEAN","a":"34.5A LOT157 T1N R13W LOT 78 HORTON & BOSWORTH 45’ E END","d":"MEIGS LOCAL SCHOOL DISTRICT","t":180,"l":"RE","c":0}},{"type":"Feature","geometry":{"type":"Polygon","coordinates":[[[-82.054138,39.000386],[-82.053937,39.000298],[-82.053998,39.000215],[-82.054147,39.00028],[-82.054138,39.000386]]]},"properties":{"p":"1500666000","o":"LYNCH TAYLOR","a":"34.5A LOT157 T1N R13W LOT 372 POMEROY’S ADD. E1/2 V319 P679","d":"MEIGS LOCAL SCHOOL DISTRICT","t":791.32,"l":"RE","c":0}},{"type":"Feature","geometry":{"type":"Polygon","coordinates":[[[-82.053506,39.002858],[-82.053373,39.002711],[-82.053737,39.002663],[-82.053775,39.002794],[-82.053506,39.002858]]]},"properties":{"p":"1500784000","o":"PAGE SUSAN M","a":"100A LOT312 T1N R13W DIV. JONES EST. 1 49’ V335 P499","d":"MEIGS LOCAL SCHOOL DISTRICT","t":381.45,"l":"RE","c":0}},{"type":"Feature","geometry":{"type":"Polygon","coordinates":[[[-82.058404,39.00102],[-82.058215,39.000689],[-82.058408,39.000622],[-82.058597,39.000953],[-82.058404,39.00102]]]},"properties":{"p":"1500809000","o":"KELLY LORETTA","a":"SEC29 T1N R13W SECT 29 E PRT OF 1.25A .18A","d":"MEIGS LOCAL SCHOOL DISTRICT","t":308.7,"l":"RE","c":0}},{"type":"Feature","geometry":{"type":"Polygon","coordinates":[[[-82.054442,38.999935],[-82.054479,38.999531],[-82.054628,38.999538],[-82.054597,38.99994],[-82.054442,38.999935]]]},"properties":{"p":"1500843000","o":"MITCHELL JACKIE ETAL","a":"34.5A LOT157 T1N R13W LOT 7 HOBART ADD W SIDE OF 45’ FRONT & 30’ REAR V305 P93","d":"MEIGS LOCAL SCHOOL DISTRICT","t":138.84,"l":"RE","c":0}},{"type":"Feature","geometry":{"type":"Polygon","coordinates":[[[-82.048764,39.000812],[-82.048468,39.000682],[-82.048582,39.000524],[-82.048878,39.000654],[-82.048764,39.000812]]]},"properties":{"p":"1500854000","o":"RHODES JASON","a":"64A LOT313 T1N R13W LOT 1 SHEFFIELD","d":"MEIGS LOCAL SCHOOL DISTRICT","t":697.41,"l":"RE","c":0}},{"type":"Feature","geometry":{"type":"Polygon","coordinates":[[[-82.014535,39.146361],[-82.014734,39.143764],[-82.018003,39.143805],[-82.018373,39.144908],[-82.018841,39.145635],[-82.019234,39.146194],[-82.020269,39.146115],[-82.020296,39.146213],[-82.020399,39.14659],[-82.020248,39.146584],[-82.01995,39.146572],[-82.014535,39.146361]]]},"properties":{"p":"1501016000","o":"WELLS NANCY E","a":"64A LOT313 T1N R13W LOT 13 BEHAN ADD 33’X100’","d":"MEIGS LOCAL SCHOOL DISTRICT","t":218.68,"l":"RE","c":0}},{"type":"Feature","geometry":{"type":"Polygon","coordinates":[[[-82.063448,38.995991],[-82.063209,38.995708],[-82.06341,38.995597],[-82.06365,38.995878],[-82.063448,38.995991]]]},"properties":{"p":"1501100000","o":"GILMORE WILLIAM R &/OR KATIE M","a":"SEC29 T1N R13W LOT 29 .201A OUT OF .98A .201A","d":"MEIGS LOCAL SCHOOL DISTRICT","t":445.12,"l":"RE","c":0}},{"type":"Feature","geometry":{"type":"Polygon","coordinates":[[[-82.056101,38.997643],[-82.056494,38.997662],[-82.05649,38.997716],[-82.056097,38.997697],[-82.056101,38.997643]]]},"properties":{"p":"1501142000","o":"WILSON CHARLES D","a":"SEC29 T1N R13W LOT 457 BOSWORTH ADD 48’ N SIDE V308 P569","d":"MEIGS LOCAL SCHOOL DISTRICT","t":138.05,"l":"RE","c":0}},{"type":"Feature","geometry":{"type":"Polygon","coordinates":[[[-82.049026,39.00653],[-82.048933,39.006539],[-82.0488,39.006513],[-82.048646,39.006482],[-82.048534,39.006342],[-82.048881,39.006197],[-82.048937,39.006307],[-82.049026,39.00653]]]},"properties":{"p":"1501144000","o":"STONE VINCE","a":"100A LOT310 T1N R13W LOT 70 E PART EX TRI N & EX STRIP IN CENTER PT","d":"MEIGS LOCAL SCHOOL DISTRICT","t":289.3,"l":"RE","c":0}},{"type":"Feature","geometry":{"type":"Polygon","coordinates":[[[-82.046592,39.004489],[-82.046633,39.004399],[-82.046706,39.004418],[-82.046749,39.00443],[-82.046709,39.004521],[-82.046592,39.004489]]]},"properties":{"p":"1501176000","o":"NAJAE KISKEYA ENTERPRISES","a":"100A LOT311 T1N R13W LOT 1 35’X55’ NW COR","d":"MEIGS LOCAL SCHOOL DISTRICT","t":470.76,"l":"RE","c":0}},{"type":"Feature","geometry":{"type":"Polygon","coordinates":[[[-82.053919,38.999813],[-82.053787,38.999755],[-82.054002,38.999431],[-82.054125,38.999483],[-82.053919,38.999813]]]},"properties":{"p":"1501233000","o":"TRACY KJ LEE","a":"64A LOT313 T1N R13W LOT 5 HOBART ADD","d":"MEIGS LOCAL SCHOOL DISTRICT","t":776.2,"l":"RE","c":0}},{"type":"Feature","geometry":{"type":"Polygon","coordinates":[[[-82.059876,38.991203],[-82.059581,38.991189],[-82.059603,38.990915],[-82.060325,38.990949],[-82.059876,38.991203]]]},"properties":{"p":"1501251000","o":"DARST CRAIG &/OR ANNA","a":"SEC29 T1N R13W LOT 316 PART BET RIVER & RR","d":"MEIGS LOCAL SCHOOL DISTRICT","t":145.57,"l":"RE","c":0}},{"type":"Feature","geometry":{"type":"Polygon","coordinates":[[[-82.060396,38.990909],[-82.060325,38.990949],[-82.059603,38.990915],[-82.059624,38.99064],[-82.060414,38.990679],[-82.060396,38.990909]]]},"properties":{"p":"1501252000","o":"DARST CRAIG &/OR ANNA","a":"SEC29 T1N R13W LOT 317 PART BET RIVER & RR","d":"MEIGS LOCAL SCHOOL DISTRICT","t":139.96,"l":"RE","c":0}},{"type":"Feature","geometry":{"type":"Polygon","coordinates":[[[-82.059126,38.990616],[-82.059624,38.99064],[-82.059603,38.990915],[-82.059581,38.991189],[-82.05957,38.991326],[-82.059126,38.990616]]]},"properties":{"p":"1501253000","o":"DARST CRAIG &/OR ANNA","a":"SEC29 TIN R13W LOT 355 100’ OFF W 180’ & 100’ E OF 180’ EX SW COR","d":"MEIGS LOCAL SCHOOL DISTRICT","t":577.48,"l":"RE","c":0}},{"type":"Feature","geometry":{"type":"Polygon","coordinates":[[[-82.060658,38.990761],[-82.060664,38.990691],[-82.060774,38.990696],[-82.060658,38.990761]]]},"properties":{"p":"1501253001","o":"DARST CRAIG &/OR ANNA","a":"SEC29 T1N R13W PT OF LOT 355 50’X70’ .08A","d":"MEIGS LOCAL SCHOOL DISTRICT","t":105.8,"l":"RE","c":0}},{"type":"Feature","geometry":{"type":"Polygon","coordinates":[[[-82.062389,38.993434],[-82.062399,38.993297],[-82.062751,38.993314],[-82.06274,38.993451],[-82.062389,38.993434]]]},"properties":{"p":"1501333000","o":"FIELDS-MEADOWS MELISSA L","a":"SEC29 T1N R13W L100 ON PART STX120 ON PAGE ST P OF MIDDLEPORT INV","d":"MEIGS LOCAL SCHOOL DISTRICT","t":371.68,"l":"RE","c":0}},{"type":"Feature","geometry":{"type":"Polygon","coordinates":[[[-82.060477,38.993047],[-82.060488,38.99291],[-82.060928,38.992932],[-82.06092,38.993069],[-82.060688,38.993058],[-82.060477,38.993047]]]},"properties":{"p":"1501375000","o":"HENDRIX LEROY P &/OR SHANE LOIS","a":"SEC29 T1N R13W LOT 320 HORTON ADD.","d":"MEIGS LOCAL SCHOOL DISTRICT","t":173.67,"l":"RE","c":0}},{"type":"Feature","geometry":{"type":"Polygon","coordinates":[[[-82.060488,38.99291],[-82.060499,38.992773],[-82.060936,38.992794],[-82.060928,38.992932],[-82.060488,38.99291]]]},"properties":{"p":"1501376000","o":"HENDRIX LEROY P &/OR SHANE LOIS","a":"SEC29 T1N R13W LOT 321 HORTON ADD.","d":"MEIGS LOCAL SCHOOL DISTRICT","t":255.57,"l":"RE","c":0}},{"type":"Feature","geometry":{"type":"Polygon","coordinates":[[[-82.049507,39.000514],[-82.049621,39.000356],[-82.049978,39.000512],[-82.049865,39.00067],[-82.049604,39.000556],[-82.049507,39.000514]]]},"properties":{"p":"1501400000","o":"SMITH RODNEY","a":"64A LOT313 T1N R13W LOT 18 SHEFFIELD 96’X66’ OFF W END OF W1/2","d":"MEIGS LOCAL SCHOOL DISTRICT","t":727.79,"l":"RE","c":0}},{"type":"Feature","geometry":{"type":"Polygon","coordinates":[[[-82.053921,38.995053],[-82.053639,38.994914],[-82.053725,38.994794],[-82.054007,38.994934],[-82.053921,38.995053]]]},"properties":{"p":"1501411000","o":"MCDADE TODD A","a":"64A KIT313 T1N R13W LOT (51) BEHAN’S 2ND ADD. #51 V337 P323","d":"MEIGS LOCAL SCHOOL DISTRICT","t":500.53,"l":"RE","c":0}},{"type":"Feature","geometry":{"type":"Polygon","coordinates":[[[-82.053477,39.000097],[-82.053563,38.999977],[-82.05387,39.000111],[-82.053784,39.000231],[-82.053477,39.000097]]]},"properties":{"p":"1501414000","o":"RITTENOUR HEIDI A","a":"64A LOT313 T1N R13W LOT(155) PALMERS 2ND ADDN #155 V323 P77","d":"MEIGS LOCAL SCHOOL DISTRICT","t":424.41,"l":"RE","c":0}},{"type":"Feature","geometry":{"type":"Polygon","coordinates":[[[-82.057617,38.997415],[-82.057628,38.997273],[-82.058018,38.997293],[-82.058007,38.997436],[-82.057617,38.997415]]]},"properties":{"p":"1501450000","o":"PAULEY ROBERTA J ETAL","a":"SEC29 T1N R13W LOT #2 OLD BOSWORTH ADD.","d":"MEIGS LOCAL SCHOOL DISTRICT","t":653.54,"l":"RE","c":0}},{"type":"Feature","geometry":{"type":"Polygon","coordinates":[[[-82.046384,39.006754],[-82.046445,39.006596],[-82.046835,39.006698],[-82.046764,39.006854],[-82.046384,39.006754]]]},"properties":{"p":"1501535000","o":"JACKSON SIERRA","a":"100A LOT310 T1N R13W LOT 54 COALPORT","d":"MEIGS LOCAL SCHOOL DISTRICT","t":1078.91,"l":"RE","c":0}},{"type":"Feature","geometry":{"type":"Polygon","coordinates":[[[-82.075329,38.985007],[-82.073879,38.98541],[-82.073244,38.984013],[-82.073586,38.983899],[-82.073904,38.98384],[-82.074035,38.983776],[-82.074235,38.983753],[-82.074369,38.983716],[-82.074519,38.983542],[-82.074656,38.983505],[-82.075329,38.985007]]]},"properties":{"p":"1501536000","o":"EMERY DEBORAH & BARTON DENNIS","a":"SEC29 T1N R13W LOT (168) BOSWORTH 168 41X111","d":"MEIGS LOCAL SCHOOL DISTRICT","t":531.3,"l":"RE","c":0}},{"type":"Feature","geometry":{"type":"Polygon","coordinates":[[[-82.048309,39.000717],[-82.048339,39.00073],[-82.048276,39.000819],[-82.048245,39.000805],[-82.048084,39.000735],[-82.048134,39.00064],[-82.048309,39.000717]]]},"properties":{"p":"1501603000","o":"WORKMAN DALE","a":"100A LOT312 T1N R13W LOT 1 & 2 PALMER’S 3RD ADD","d":"MEIGS LOCAL SCHOOL DISTRICT","t":287.43,"l":"RE","c":0}},{"type":"Feature","geometry":{"type":"Polygon","coordinates":[[[-82.04759,39.002827],[-82.047619,39.002762],[-82.047995,39.002864],[-82.047966,39.002929],[-82.04759,39.002827]]]},"properties":{"p":"1501615000","o":"KSM REALTY COMPANY LLC","a":"100A LOT312 T1N R13W LOT 66 S1/2","d":"MEIGS LOCAL SCHOOL DISTRICT","t":219.87,"l":"RE","c":0}},{"type":"Feature","geometry":{"type":"Polygon","coordinates":[[[-82.052927,38.996743],[-82.052958,38.9967],[-82.053241,38.996839],[-82.05321,38.996882],[-82.052927,38.996743]]]},"properties":{"p":"1501617000","o":"MEADOWS DAVID","a":"64A LOT313 T1N R13W LOT 68 BEHAN 2ND ADD 50’ NE SIDE","d":"MEIGS LOCAL SCHOOL DISTRICT","t":600.74,"l":"RE","c":0}},{"type":"Feature","geometry":{"type":"Polygon","coordinates":[[[-82.048281,39.003785],[-82.048327,39.003681],[-82.048451,39.003715],[-82.048703,39.003783],[-82.048657,39.003887],[-82.048281,39.003785]]]},"properties":{"p":"1501650000","o":"KEESEE JONATHAN D","a":"100A LOT311-312 T1N R13W LOT 32","d":"MEIGS LOCAL SCHOOL DISTRICT","t":754.03,"l":"RE","c":0}},{"type":"Feature","geometry":{"type":"Polygon","coordinates":[[[-82.048223,39.003914],[-82.048281,39.003785],[-82.048657,39.003887],[-82.048599,39.004016],[-82.04833,39.003943],[-82.048223,39.003914]]]},"properties":{"p":"1501651000","o":"KEESEE JONATHAN D","a":"100A LOT311 T1N R13W LOT 33 32’ E SIDE","d":"MEIGS LOCAL SCHOOL DISTRICT","t":717.21,"l":"RE","c":0}},{"type":"Feature","geometry":{"type":"Polygon","coordinates":[[[-82.047938,39.002992],[-82.047562,39.00289],[-82.04759,39.002827],[-82.047966,39.002929],[-82.047938,39.002992]]]},"properties":{"p":"1501825000","o":"KSM REALTY COMPANY LLC","a":"100A LOT312 T1N R13W LOT 66 EX. 8’ IN N & 25’ SIDE V31 P401","d":"MEIGS LOCAL SCHOOL DISTRICT","t":418.32,"l":"RE","c":0}},{"type":"Feature","geometry":{"type":"Polygon","coordinates":[[[-82.047288,39.002443],[-82.047289,39.00244],[-82.047492,39.002495],[-82.047665,39.002542],[-82.047664,39.002545],[-82.047288,39.002443]]]},"properties":{"p":"1501832000","o":"COGLIETTI CHRISTINA LYNN","a":"100A LOT312 T1N R13W LOT 62 EX. 52’ W END","d":"MEIGS LOCAL SCHOOL DISTRICT","t":275.42,"l":"RE","c":0}},{"type":"Feature","geometry":{"type":"Polygon","coordinates":[[[-82.311015,39.037658],[-82.311099,39.037012],[-82.312093,39.037029],[-82.312022,39.037687],[-82.311933,39.037693],[-82.311804,39.037703],[-82.311579,39.037702],[-82.311451,39.037701],[-82.311262,39.037685],[-82.31102,39.037659],[-82.311015,39.037658]]]},"properties":{"p":"1501968000","o":"DOWLER DAVID","a":"SEC29 T1N R13W SECT 29 (640) 119.21A N OF LEADING CR W OF 1.36A EX: 0.344A EX: 1.659A V314 P195","d":"MEIGS LOCAL SCHOOL DISTRICT","t":1831.69,"l":"RE","c":0}},{"type":"Feature","geometry":{"type":"Polygon","coordinates":[[[-82.057159,38.997638],[-82.057549,38.997657],[-82.05754,38.997767],[-82.05715,38.997748],[-82.057159,38.997638]]]},"properties":{"p":"1501973001","o":"EMERY DEBORAH & BARTON DENNIS","a":"100A LOT 314 T1N R13W 5.30A OUT OF 13.A","d":"MEIGS LOCAL SCHOOL DISTRICT","t":182.56,"l":"RE","c":0}},{"type":"Feature","geometry":{"type":"Polygon","coordinates":[[[-81.835731,39.011818],[-81.836285,39.011516],[-81.836913,39.011551],[-81.836764,39.013223],[-81.835835,39.013186],[-81.83582,39.012978],[-81.835804,39.012561],[-81.83578,39.012132],[-81.835731,39.011818]]]},"properties":{"p":"1600022000","o":"ALLEN THOMAS E","a":"100A LOT T2N R13W LOT 5 POM. TERR.","d":"SOUTHERN LOCAL SCHOOL DISTRICT","t":394.56,"l":"RE","c":0}},{"type":"Feature","geometry":{"type":"Polygon","coordinates":[[[-82.024595,39.036132],[-82.024572,39.035995],[-82.025001,39.035991],[-82.025031,39.036128],[-82.024595,39.036132]]]},"properties":{"p":"1600161000","o":"ARNOLD GERALD VERNON","a":"FRAC18 T2N R13W NAYLORS RUN","d":"MEIGS LOCAL SCHOOL DISTRICT","t":166.21,"l":"RE","c":0}},{"type":"Feature","geometry":{"type":"Polygon","coordinates":[[[-82.044015,39.022049],[-82.044117,39.021844],[-82.04415,39.021854],[-82.044281,39.021894],[-82.044179,39.022099],[-82.044015,39.022049]]]},"properties":{"p":"1600197000","o":"EAKINS SARAH","a":"100A LOT303 T2N R13W LOT #70 EX. PIECE ON E SIDE","d":"MEIGS LOCAL SCHOOL DISTRICT","t":158.62,"l":"RE","c":0}},{"type":"Feature","geometry":{"type":"Polygon","coordinates":[[[-82.043617,39.034305],[-82.043378,39.033847],[-82.044269,39.034018],[-82.044284,39.034339],[-82.043617,39.034305]]]},"properties":{"p":"1600350000","o":"KNIGHT CRAIG ETAL","a":"FRAC17 T2N R13W LOT 262 -25 13.48A SE PRT OF 46.54A N OF SUGAR RUN","d":"MEIGS LOCAL SCHOOL DISTRICT","t":159.17,"l":"RE","c":0}},{"type":"Feature","geometry":{"type":"Polygon","coordinates":[[[-82.019605,39.031057],[-82.01971,39.031048],[-82.019737,39.031322],[-82.019632,39.031331],[-82.019605,39.031057]]]},"properties":{"p":"1600564000","o":"WEBSTER JAMES D","a":"FRAC10 T2N R13W LOT 68","d":"MEIGS LOCAL SCHOOL DISTRICT","t":545.51,"l":"RE","c":0}},{"type":"Feature","geometry":{"type":"Polygon","coordinates":[[[-82.04182,39.029403],[-82.041549,39.029391],[-82.041662,39.029078],[-82.041785,39.02907],[-82.04182,39.029403]]]},"properties":{"p":"1600584000","o":"REDMAN BRYCE","a":"FRAC17 T2N R13W LOT 477","d":"MEIGS LOCAL SCHOOL DISTRICT","t":172.74,"l":"RE","c":0}},{"type":"Feature","geometry":{"type":"Polygon","coordinates":[[[-82.041998,39.02941],[-82.04182,39.029403],[-82.041785,39.02907],[-82.041961,39.029059],[-82.041998,39.02941]]]},"properties":{"p":"1600585000","o":"REDMAN BRYCE","a":"FRAC17 T2N R13W LOT 476 EX SE PART OF B NUETZLING EX .04A","d":"MEIGS LOCAL SCHOOL DISTRICT","t":171.01,"l":"RE","c":0}},{"type":"Feature","geometry":{"type":"Polygon","coordinates":[[[-82.046136,39.012794],[-82.046135,39.012764],[-82.046132,39.01267],[-82.046502,39.012673],[-82.046509,39.012783],[-82.046136,39.012794]]]},"properties":{"p":"1600785000","o":"CLAY JERROD","a":"100A LOT305 T1N R13W LOT 123 H & R ADD #123 V305 P537","d":"MEIGS LOCAL SCHOOL DISTRICT","t":145.27,"l":"RE","c":0}},{"type":"Feature","geometry":{"type":"Polygon","coordinates":[[[-82.039278,39.029055],[-82.039427,39.029134],[-82.039423,39.029253],[-82.039122,39.029256],[-82.039278,39.029055]]]},"properties":{"p":"1600813000","o":"HYSELL DAVID W &/OR PENNY K","a":"100A LOT303 T2N R13W PART BET. MECHANIC ST. & BUTTERNUT ST. EX. .2217A V332 P15","d":"MEIGS LOCAL SCHOOL DISTRICT","t":185.89,"l":"RE","c":0}},{"type":"Feature","geometry":{"type":"Polygon","coordinates":[[[-81.951742,39.060714],[-81.952222,39.060603],[-81.95253,39.061088],[-81.952254,39.061192],[-81.952009,39.061299],[-81.951697,39.060809],[-81.951789,39.060788],[-81.951742,39.060714]]]},"properties":{"p":"1600943000","o":"KARR S RAY TRUSTEE","a":"160A LOT1225 T2N R13W LOT E D ADD EX ST 160 AC LOT 1225 DABNEY’S ADD","d":"EASTERN LOCAL SCHOOL DISTRICT","t":5478.48,"l":"RE","c":0}},{"type":"Feature","geometry":{"type":"Polygon","coordinates":[[[-82.033862,39.029909],[-82.034413,39.029943],[-82.034405,39.030206],[-82.034534,39.030485],[-82.03485,39.030845],[-82.034041,39.030908],[-82.033878,39.030697],[-82.033675,39.03041],[-82.033948,39.030265],[-82.033862,39.029909]]]},"properties":{"p":"1601025000","o":"WOOLARD MICHAEL GRAY","a":"FRAC10 & 17 T2N R13W LOT 599","d":"MEIGS LOCAL SCHOOL DISTRICT","t":184.23,"l":"RE","c":0}},{"type":"Feature","geometry":{"type":"Polygon","coordinates":[[[-82.043249,39.024315],[-82.043253,39.024195],[-82.044044,39.024209],[-82.044041,39.024329],[-82.043249,39.024315]]]},"properties":{"p":"1601120000","o":"FRAZIER SCOTT","a":"100A LOT303 T2N R13W LOT 544 43 3/4 OFF S SIDE","d":"MEIGS LOCAL SCHOOL DISTRICT","t":227.52,"l":"RE","c":0}},{"type":"Feature","geometry":{"type":"Polygon","coordinates":[[[-82.024783,39.030754],[-82.025061,39.030713],[-82.025097,39.030831],[-82.024856,39.0309],[-82.024822,39.030905],[-82.024783,39.030754]]]},"properties":{"p":"1601139000","o":"ALESHIRE WILLIAM &/OR PAMELA L","a":"FRAC10 T2N R13W 45’X100’ N PART FEIGER LOT","d":"MEIGS LOCAL SCHOOL DISTRICT","t":172.92,"l":"RE","c":0}},{"type":"Feature","geometry":{"type":"Polygon","coordinates":[[[-82.0449,39.022318],[-82.045105,39.021909],[-82.04517,39.021929],[-82.045068,39.022133],[-82.044966,39.022338],[-82.0449,39.022318]]]},"properties":{"p":"1601171000","o":"PATTERSON CRYSTAL &/OR HOSKINS LARRY LEE JR","a":"160A LOT1224 T2N R13W LOT (83) #83 D. ADD.","d":"MEIGS LOCAL SCHOOL DISTRICT","t":327.12,"l":"RE","c":0}},{"type":"Feature","geometry":{"type":"Polygon","coordinates":[[[-82.053403,39.002935],[-82.053505,39.003048],[-82.053178,39.00328],[-82.053055,39.003182],[-82.053403,39.002935]]]},"properties":{"p":"1601304000","o":"ANDREWS TYLER R","a":"FRAC17 T2N R13W LOT 412 14’ OFF S SIDE OF 60’ LOT 412 V267 P445","d":"MEIGS LOCAL SCHOOL DISTRICT","t":201.23,"l":"RE","c":0}},{"type":"Feature","geometry":{"type":"Polygon","coordinates":[[[-82.04697,39.025896],[-82.047159,39.026157],[-82.046412,39.026948],[-82.045813,39.026613],[-82.04697,39.025896]]]},"properties":{"p":"1601409000","o":"TAYLOR BRANDON LEE","a":"160A LOT1224 T2N R13W LOT 522 109’X200’","d":"MEIGS LOCAL SCHOOL DISTRICT","t":431.57,"l":"RE","c":0}},{"type":"Feature","geometry":{"type":"Polygon","coordinates":[[[-82.038043,39.040942],[-82.037648,39.040022],[-82.037623,39.039987],[-82.037613,39.039972],[-82.037942,39.039762],[-82.037731,39.039461],[-82.037847,39.039386],[-82.038954,39.040441],[-82.039017,39.040984],[-82.038043,39.040942]]]},"properties":{"p":"1601435000","o":"ROWE ANTHONY R &/OR CINDY K","a":"FRAC25 T2N R13W LOT 262 -25 125’ OFF W END BET CEM & RD","d":"MEIGS LOCAL SCHOOL DISTRICT","t":351.15,"l":"RE","c":0}},{"type":"Feature","geometry":{"type":"Polygon","coordinates":[[[-82.050757,39.026456],[-82.050938,39.026447],[-82.050881,39.027054],[-82.050878,39.027055],[-82.05087,39.027058],[-82.050862,39.02706],[-82.050854,39.027062],[-82.050846,39.027064],[-82.050838,39.027066],[-82.05083,39.027068],[-82.050821,39.02707],[-82.050813,39.027072],[-82.050805,39.027074],[-82.050796,39.027075],[-82.050788,39.027077],[-82.050779,39.027078],[-82.050771,39.027079],[-82.050762,39.02708],[-82.050754,39.027081],[-82.050745,39.027082],[-82.050737,39.027083],[-82.050728,39.027083],[-82.05072,39.027084],[-82.050711,39.027084],[-82.050703,39.027085],[-82.050698,39.027085],[-82.050757,39.026456]]]},"properties":{"p":"1601638000","o":"STEWART CAROLYN A","a":"160A LOT1224 T2N R13W LOT 28 LINCOLN HEIGHTS ADD V261 P21","d":"MEIGS LOCAL SCHOOL DISTRICT","t":262.63,"l":"RE","c":0}},{"type":"Feature","geometry":{"type":"Polygon","coordinates":[[[-82.041834,39.021426],[-82.041835,39.021388],[-82.041976,39.02139],[-82.041975,39.021427],[-82.041834,39.021426]]]},"properties":{"p":"1601772000","o":"LITTLE AIRA H &/OR MAX MARIE","a":"7A LOT299 T2N R13W LOT 12 PLANTZ ADD. 33 1/3’ W SIDE V2 P773","d":"MEIGS LOCAL SCHOOL DISTRICT","t":222.95,"l":"RE","c":0}},{"type":"Feature","geometry":{"type":"Polygon","coordinates":[[[-82.050525,39.027073],[-82.050623,39.026463],[-82.050757,39.026456],[-82.050698,39.027085],[-82.050694,39.027085],[-82.050685,39.027085],[-82.050677,39.027085],[-82.050668,39.027085],[-82.05066,39.027085],[-82.050651,39.027084],[-82.050643,39.027084],[-82.050634,39.027083],[-82.050625,39.027083],[-82.050618,39.027082],[-82.050525,39.027073]]]},"properties":{"p":"1601863000","o":"SMITH MONICA L","a":"160A LOT1224 T2N R13W LOT 29 LINCOLN HEIGHTS ADD.","d":"MEIGS LOCAL SCHOOL DISTRICT","t":483.98,"l":"RE","c":0}},{"type":"Feature","geometry":{"type":"Polygon","coordinates":[[[-82.03826,39.030423],[-82.038255,39.030502],[-82.038228,39.030488],[-82.03826,39.030423]]]},"properties":{"p":"1601925000","o":"MCDANIEL LISA","a":"FRAC17 T2N R13W LOT 389 EX. 11’ E SIDE & 11’ STRIP ON E LINE LO389 V296 P679","d":"MEIGS LOCAL SCHOOL DISTRICT","t":380.41,"l":"RE","c":0}},{"type":"Feature","geometry":{"type":"Polygon","coordinates":[[[-82.30557,39.038191],[-82.305542,39.038434],[-82.30247,39.038187],[-82.302774,39.034917],[-82.303943,39.034966],[-82.303982,39.035048],[-82.304274,39.035649],[-82.304477,39.036069],[-82.304713,39.036563],[-82.305031,39.037171],[-82.30529,39.037553],[-82.305432,39.037723],[-82.305473,39.037878],[-82.30555,39.038023],[-82.30557,39.038191]]]},"properties":{"p":"1601928000","o":"COON LARRY M","a":"FRAC10 T2N R13W PART LOT 89 NAYLORSS RUN","d":"MEIGS LOCAL SCHOOL DISTRICT","t":190.47,"l":"RE","c":0}},{"type":"Feature","geometry":{"type":"Polygon","coordinates":[[[-82.1085,39.029392],[-82.108437,39.030047],[-82.108127,39.029971],[-82.107684,39.029863],[-82.107725,39.029431],[-82.1085,39.029392]]]},"properties":{"p":"1602034000","o":"MCDANIEL JASON M","a":"FRAC17 T2N R13W LOT 452 15-16 17K & F SUB","d":"MEIGS LOCAL SCHOOL DISTRICT","t":869.78,"l":"RE","c":0}},{"type":"Feature","geometry":{"type":"Polygon","coordinates":[[[-82.034577,39.030081],[-82.034477,39.029864],[-82.033618,39.029811],[-82.033011,39.029774],[-82.032913,39.02986],[-82.032297,39.029446],[-82.033336,39.028885],[-82.033701,39.028861],[-82.03442,39.028603],[-82.034706,39.028798],[-82.034842,39.02911],[-82.035287,39.029356],[-82.035493,39.029817],[-82.035014,39.029808],[-82.034577,39.030081]]]},"properties":{"p":"1602053000","o":"WAGGA WAGGA INC","a":"FRAC10 T2N R13W LOT 159 28’ MULBERRY ST OF S 46’ 2ND ST PT OF LT","d":"MEIGS LOCAL SCHOOL DISTRICT","t":422.43,"l":"RE","c":0}},{"type":"Feature","geometry":{"type":"Polygon","coordinates":[[[-82.031468,39.027865],[-82.031561,39.027828],[-82.031694,39.028037],[-82.031641,39.028058],[-82.0316,39.028075],[-82.031468,39.027865]]]},"properties":{"p":"1602055000","o":"ROUSH CHRISTINE","a":"FRAC10 T2N R13W LOT 93 E1/2 V277 P275","d":"MEIGS LOCAL SCHOOL DISTRICT","t":810.28,"l":"RE","c":0}},{"type":"Feature","geometry":{"type":"Polygon","coordinates":[[[-82.032131,39.02786],[-82.032162,39.027848],[-82.032178,39.027872],[-82.032147,39.027885],[-82.032131,39.02786]]]},"properties":{"p":"1602061000","o":"WOLF JESSICA","a":"FRAC10 T2N R13W LOT 122 10X10’ SE COR W 2/3","d":"MEIGS LOCAL SCHOOL DISTRICT","t":1246.31,"l":"RE","c":0}},{"type":"Feature","geometry":{"type":"Polygon","coordinates":[[[-82.032162,39.027848],[-82.032241,39.027816],[-82.032259,39.027846],[-82.032188,39.027874],[-82.032181,39.027877],[-82.032178,39.027872],[-82.032162,39.027848]]]},"properties":{"p":"1602062000","o":"WOLF JESSICA","a":"FRAC10 T2N R13W LOT 96 20’X67’ SW COR OF FRONT & LYNN ST","d":"MEIGS LOCAL SCHOOL DISTRICT","t":825.87,"l":"RE","c":0}},{"type":"Feature","geometry":{"type":"Polygon","coordinates":[[[-82.039414,39.024671],[-82.039513,39.024494],[-82.039529,39.024504],[-82.039585,39.024539],[-82.03948,39.024714],[-82.039414,39.024671]]]},"properties":{"p":"1602081000","o":"BERRY DAVID LYNN","a":"100A LOT303 T2N R13W LOT 9 & PART OF LOT 10","d":"MEIGS LOCAL SCHOOL DISTRICT","t":549.25,"l":"RE","c":0}},{"type":"Feature","geometry":{"type":"Polygon","coordinates":[[[-82.033853,39.026902],[-82.033931,39.026871],[-82.034063,39.02708],[-82.033985,39.027112],[-82.033853,39.026902]]]},"properties":{"p":"1602084000","o":"THE FABRIC SHOP LLC","a":"FRAC10 T2N R13W LOT 105 W1/2","d":"MEIGS LOCAL SCHOOL DISTRICT","t":1072.49,"l":"RE","c":0}},{"type":"Feature","geometry":{"type":"Polygon","coordinates":[[[-82.000113,39.036334],[-81.99976,39.036314],[-81.999879,39.03574],[-81.999944,39.03512],[-81.999983,39.03487],[-81.999995,39.034796],[-82.000347,39.034809],[-82.000333,39.034903],[-82.000295,39.035148],[-82.000229,39.035773],[-82.000113,39.036334]]]},"properties":{"p":"1602578000","o":"PULLINS EXCAVATING INC","a":"SEC8 T2N R13W MASTER CARD 5.84A EX .115A 5.725A","d":"MEIGS LOCAL SCHOOL DISTRICT","t":356.32,"l":"RE","c":0}},{"type":"Feature","geometry":{"type":"Polygon","coordinates":[[[-82.142077,39.19171],[-82.143974,39.189989],[-82.14384,39.19137],[-82.14371,39.192713],[-82.143673,39.192694],[-82.143335,39.192522],[-82.142649,39.192112],[-82.142281,39.191852],[-82.142077,39.19171]]]},"properties":{"p":"1700044000","o":"ROWLEY CASSANDRA D","a":"SEC24 T7N R14 NE 1/4 OF P HANING S OF RD","d":"MEIGS LOCAL SCHOOL DISTRICT","t":524.17,"l":"RE","c":0}},{"type":"Feature","geometry":{"type":"Polygon","coordinates":[[[-82.147227,39.13557],[-82.147281,39.135005],[-82.151048,39.135208],[-82.150883,39.137284],[-82.150786,39.137274],[-82.150521,39.137232],[-82.150367,39.137207],[-82.149948,39.137089],[-82.149529,39.136928],[-82.149056,39.136715],[-82.148705,39.136539],[-82.148337,39.136338],[-82.14782,39.136036],[-82.147585,39.135882],[-82.147477,39.135812],[-82.147227,39.13557]]]},"properties":{"p":"1700053005","o":"MCDANIEL DAVALENE","a":"FRAC31 T7N R14W 13.775A OUT OF 72.13A","d":"MEIGS LOCAL SCHOOL DISTRICT","t":845.92,"l":"RE","c":0}},{"type":"Feature","geometry":{"type":"Polygon","coordinates":[[[-82.200952,39.112782],[-82.200873,39.11359],[-82.200665,39.113403],[-82.20035,39.11326],[-82.199557,39.11304],[-82.198026,39.112655],[-82.197743,39.112617],[-82.197856,39.112076],[-82.200952,39.112782]]]},"properties":{"p":"1700066000","o":"SHIFFLETT WILLIAM L &/OR RACHEL D","a":"SEC31 T9N R14W LOT (640) SE PRT OF SW 1/4","d":"MEIGS LOCAL SCHOOL DISTRICT","t":109.75,"l":"RE","c":0}},{"type":"Feature","geometry":{"type":"Polygon","coordinates":[[[-82.201118,39.111075],[-82.200952,39.112782],[-82.197856,39.112076],[-82.197777,39.110888],[-82.201118,39.111075]]]},"properties":{"p":"1700067000","o":"SHIFFLETT WILLIAM L &/OR RACHEL D","a":"SEC31 T9N R14 LOT(640) OF 70.76A W PRT OF SW1/4 EX: 16A","d":"MEIGS LOCAL SCHOOL DISTRICT","t":2552.92,"l":"RE","c":0}},{"type":"Feature","geometry":{"type":"Polygon","coordinates":[[[-82.200873,39.11359],[-82.200406,39.118387],[-82.19573,39.118144],[-82.196051,39.114491],[-82.19609,39.114055],[-82.19787,39.113883],[-82.198519,39.113621],[-82.197743,39.112617],[-82.198026,39.112655],[-82.199557,39.11304],[-82.20035,39.11326],[-82.200665,39.113403],[-82.200873,39.11359]]]},"properties":{"p":"1700068000","o":"SHIFFLETT WILLIAM L &/OR RACHEL D","a":"SEC31 T9N R14W SW COR 5.1A OF 16A","d":"MEIGS LOCAL SCHOOL DISTRICT","t":201.34,"l":"RE","c":0}},{"type":"Feature","geometry":{"type":"Polygon","coordinates":[[[-82.152761,39.137382],[-82.152964,39.137365],[-82.152929,39.137914],[-82.152755,39.138654],[-82.152729,39.138765],[-82.153188,39.139525],[-82.153237,39.139607],[-82.153082,39.140331],[-82.152812,39.140318],[-82.152488,39.138932],[-82.152761,39.137382]]]},"properties":{"p":"1700091000","o":"KRUZEL GINA","a":"FRAC31 T7N R14W SECT20-21 NORTH OF ROAD","d":"MEIGS LOCAL SCHOOL DISTRICT","t":115.92,"l":"RE","c":0}},{"type":"Feature","geometry":{"type":"Polygon","coordinates":[[[-82.133908,39.134636],[-82.134185,39.134958],[-82.132145,39.134858],[-82.131941,39.134678],[-82.131767,39.134532],[-82.133908,39.134636]]]},"properties":{"p":"1700153001","o":"CHADWELL PAUL J JR","a":"FRAC1 T7N R14 S LINE OF FR 1 1.46A OUT OF 28.15A V22 P093","d":"MEIGS LOCAL SCHOOL DISTRICT","t":176.21,"l":"RE","c":0}},{"type":"Feature","geometry":{"type":"Polygon","coordinates":[[[-82.094446,39.144961],[-82.094036,39.144484],[-82.09474,39.145277],[-82.094446,39.144961]]]},"properties":{"p":"1700233001","o":"YOUNG WESLEY R &/OR JODI L","a":"SEC3 T7N R14W 2.00A OUT OF 106.00A","d":"MEIGS LOCAL SCHOOL DISTRICT","t":709.62,"l":"RE","c":0}},{"type":"Feature","geometry":{"type":"Polygon","coordinates":[[[-82.141036,39.162888],[-82.140772,39.162864],[-82.140515,39.162884],[-82.140166,39.162923],[-82.139785,39.162963],[-82.139424,39.163],[-82.13906,39.16304],[-82.138815,39.163065],[-82.139046,39.160703],[-82.144005,39.160991],[-82.14398,39.161084],[-82.143931,39.161233],[-82.143861,39.161362],[-82.143804,39.161482],[-82.143727,39.16161],[-82.143672,39.161727],[-82.143619,39.161848],[-82.143569,39.161983],[-82.143508,39.16216],[-82.143453,39.162325],[-82.143392,39.162524],[-82.143322,39.16269],[-82.143243,39.162872],[-82.143183,39.162967],[-82.143118,39.16308],[-82.143002,39.16319],[-82.14288,39.16327],[-82.142721,39.163333],[-82.142573,39.163371],[-82.142395,39.163387],[-82.14221,39.163376],[-82.142169,39.163367],[-82.141999,39.16333],[-82.141741,39.163215],[-82.141547,39.163104],[-82.14136,39.163006],[-82.141195,39.162936],[-82.141036,39.162888]]]},"properties":{"p":"1700237000","o":"WISTERIA INC","a":"FRAC30 T7N R14W LOT SECT21 (262) E END","d":"MEIGS LOCAL SCHOOL DISTRICT","t":1829.14,"l":"RE","c":0}},{"type":"Feature","geometry":{"type":"Polygon","coordinates":[[[-82.14945,39.155354],[-82.14822,39.155292],[-82.146705,39.155217],[-82.146913,39.15323],[-82.149458,39.153517],[-82.14945,39.155354]]]},"properties":{"p":"1700238000","o":"WISTERIA INC","a":"FRAC18 T7N R14 LOT SEC21 -22 E END","d":"MEIGS LOCAL SCHOOL DISTRICT","t":421.59,"l":"RE","c":0}},{"type":"Feature","geometry":{"type":"Polygon","coordinates":[[[-82.146705,39.155217],[-82.143469,39.155055],[-82.143663,39.153067],[-82.146913,39.15323],[-82.146705,39.155217]]]},"properties":{"p":"1700240000","o":"WISTERIA INC","a":"FRAC36 T7N R14 LOT SECT15-21 NE END EX: 16.810A","d":"MEIGS LOCAL SCHOOL DISTRICT","t":1241.02,"l":"RE","c":0}},{"type":"Feature","geometry":{"type":"Polygon","coordinates":[[[-82.143663,39.153067],[-82.144069,39.148896],[-82.147347,39.149079],[-82.146913,39.15323],[-82.143663,39.153067]]]},"properties":{"p":"1700241000","o":"WISTERIA INC","a":"FRAC36 T7N R14 LOT SECT15-21- SE CORNER","d":"MEIGS LOCAL SCHOOL DISTRICT","t":193.23,"l":"RE","c":0}},{"type":"Feature","geometry":{"type":"Polygon","coordinates":[[[-82.143469,39.155055],[-82.143383,39.155051],[-82.139616,39.154858],[-82.140219,39.148681],[-82.144069,39.148896],[-82.143469,39.155055]]]},"properties":{"p":"1700243000","o":"WISTERIA INC","a":"SEC16 T7N R14 LOT SEC16 MID ON W LINE OF SW 1/4","d":"MEIGS LOCAL SCHOOL DISTRICT","t":211.44,"l":"RE","c":0}},{"type":"Feature","geometry":{"type":"Polygon","coordinates":[[[-82.145752,39.157869],[-82.145678,39.157922],[-82.145678,39.157922],[-82.145614,39.157969],[-82.145531,39.158028],[-82.14546,39.15808],[-82.14533,39.15818],[-82.14518,39.158294],[-82.145031,39.158427],[-82.145031,39.158427],[-82.144883,39.158547],[-82.144714,39.158672],[-82.14459,39.158791],[-82.144431,39.158958],[-82.14435,39.15912],[-82.144463,39.158727],[-82.144595,39.15856],[-82.145004,39.158153],[-82.145142,39.158043],[-82.145267,39.157962],[-82.145569,39.157849],[-82.146206,39.157643],[-82.146084,39.157699],[-82.145915,39.157772],[-82.145752,39.157869]]]},"properties":{"p":"1700244000","o":"WISTERIA INC","a":"FRAC18 T7N R14 LOT SEC21 -22 E END","d":"MEIGS LOCAL SCHOOL DISTRICT","t":1062.71,"l":"RE","c":0}},{"type":"Feature","geometry":{"type":"Polygon","coordinates":[[[-82.139046,39.160703],[-82.139378,39.157301],[-82.143145,39.15749],[-82.146206,39.157643],[-82.145569,39.157849],[-82.145267,39.157962],[-82.145142,39.158043],[-82.145004,39.158153],[-82.144595,39.15856],[-82.144463,39.158727],[-82.14435,39.15912],[-82.144301,39.159272],[-82.144262,39.159442],[-82.144236,39.159603],[-82.144211,39.159782],[-82.144176,39.159961],[-82.144139,39.160169],[-82.144108,39.16036],[-82.144086,39.160572],[-82.144062,39.160723],[-82.144026,39.160916],[-82.144005,39.160991],[-82.139046,39.160703]]]},"properties":{"p":"1700245000","o":"WISTERIA INC","a":"FRAC17 T7N R14 LOT SEC21 -22 MID OF N LINE","d":"MEIGS LOCAL SCHOOL DISTRICT","t":190.64,"l":"RE","c":0}},{"type":"Feature","geometry":{"type":"Polygon","coordinates":[[[-82.139558,39.155459],[-82.139616,39.154858],[-82.143383,39.155051],[-82.143145,39.15749],[-82.139378,39.157301],[-82.139393,39.157149],[-82.139558,39.155459]]]},"properties":{"p":"1700246000","o":"WISTERIA INC","a":"FRAC36 T7N R14 LOT SECT18-21 MID ON S LINE","d":"MEIGS LOCAL SCHOOL DISTRICT","t":188.98,"l":"RE","c":0}},{"type":"Feature","geometry":{"type":"Polygon","coordinates":[[[-82.14822,39.155292],[-82.148044,39.157259],[-82.147789,39.157299],[-82.147583,39.157335],[-82.147408,39.157365],[-82.147212,39.157395],[-82.147053,39.157423],[-82.146879,39.157457],[-82.146705,39.157492],[-82.146513,39.157534],[-82.146277,39.157611],[-82.146206,39.157643],[-82.143145,39.15749],[-82.143383,39.155051],[-82.14822,39.155292]]]},"properties":{"p":"1700247000","o":"WISTERIA INC","a":"FRAC17 T7N R14 LOT CET E OF RD (OUT OF 74.04A)","d":"MEIGS LOCAL SCHOOL DISTRICT","t":319.26,"l":"RE","c":0}},{"type":"Feature","geometry":{"type":"Polygon","coordinates":[[[-82.149443,39.157035],[-82.148589,39.157173],[-82.148044,39.157259],[-82.14822,39.155292],[-82.14945,39.155354],[-82.149443,39.157035]]]},"properties":{"p":"1700248000","o":"WISTERIA INC","a":"FRAC17 T7N R14 LOT SEC22 W END EX: 45A W & SW END","d":"MEIGS LOCAL SCHOOL DISTRICT","t":220.28,"l":"RE","c":0}},{"type":"Feature","geometry":{"type":"Polygon","coordinates":[[[-82.139827,39.143704],[-82.140062,39.140877],[-82.140892,39.140923],[-82.144404,39.141106],[-82.14417,39.143923],[-82.139827,39.143704]]]},"properties":{"p":"1700249000","o":"WISTERIA INC","a":"FRAC23 T7N R14 LOT SEC22 SE CORNER","d":"MEIGS LOCAL SCHOOL DISTRICT","t":155.31,"l":"RE","c":0}},{"type":"Feature","geometry":{"type":"Polygon","coordinates":[[[-82.139367,39.146867],[-82.139337,39.146798],[-82.138299,39.146819],[-82.136072,39.146718],[-82.135975,39.146635],[-82.135828,39.146507],[-82.135719,39.146375],[-82.135644,39.146285],[-82.135575,39.146216],[-82.135521,39.146097],[-82.135503,39.146],[-82.135503,39.145868],[-82.135532,39.145736],[-82.135555,39.145628],[-82.135594,39.145431],[-82.135634,39.145228],[-82.135671,39.145038],[-82.13571,39.144833],[-82.135741,39.144681],[-82.135788,39.144513],[-82.135844,39.144317],[-82.135903,39.144165],[-82.135967,39.143944],[-82.136,39.143805],[-82.136036,39.143597],[-82.136046,39.143513],[-82.14417,39.143923],[-82.143908,39.147071],[-82.139367,39.146867]]]},"properties":{"p":"1700250000","o":"WISTERIA INC","a":"FRAC17 T7N R14 LOT SEC22 SE CORNER","d":"MEIGS LOCAL SCHOOL DISTRICT","t":142.25,"l":"RE","c":0}},{"type":"Feature","geometry":{"type":"Polygon","coordinates":[[[-82.139827,39.143704],[-82.136046,39.143513],[-82.136058,39.143415],[-82.136077,39.143253],[-82.13609,39.143034],[-82.1361,39.142692],[-82.136081,39.1425],[-82.136042,39.142337],[-82.136001,39.14214],[-82.135953,39.141999],[-82.135878,39.141791],[-82.135808,39.141624],[-82.135727,39.141413],[-82.135667,39.141282],[-82.135721,39.140637],[-82.140062,39.140877],[-82.139827,39.143704]]]},"properties":{"p":"1700251000","o":"WISTERIA INC","a":"SEC16 T7N R14 LOT SEC16 SE CORNER","d":"MEIGS LOCAL SCHOOL DISTRICT","t":133.96,"l":"RE","c":0}},{"type":"Feature","geometry":{"type":"MultiPolygon","coordinates":[[[[-82.138693,39.14887],[-82.138356,39.147605],[-82.139674,39.147579],[-82.139551,39.147293],[-82.139367,39.146867],[-82.143908,39.147071],[-82.143757,39.148879],[-82.140219,39.148681],[-82.139903,39.151921],[-82.136193,39.151754],[-82.136307,39.151628],[-82.136503,39.15138],[-82.13661,39.15123],[-82.136736,39.151049],[-82.136825,39.150946],[-82.136923,39.150828],[-82.136989,39.150749],[-82.137101,39.150666],[-82.137204,39.150606],[-82.137345,39.150536],[-82.137496,39.15046],[-82.137618,39.15037],[-82.137716,39.150289],[-82.137803,39.150115],[-82.137843,39.149963],[-82.137853,39.149789],[-82.137848,39.149523],[-82.137847,39.149493],[-82.137841,39.149299],[-82.137826,39.14911],[-82.137822,39.149061],[-82.138272,39.14899],[-82.138693,39.14887]]],[[[-82.136081,39.146727],[-82.136072,39.146718],[-82.138299,39.146819],[-82.136295,39.146859],[-82.136198,39.146803],[-82.136081,39.146727]]]]},"properties":{"p":"1700252000","o":"WISTERIA INC","a":"FRAC36 T7N R14 LOT SEC15-21 EX: 2.58A EX: 28.289A","d":"MEIGS LOCAL SCHOOL DISTRICT","t":265.35,"l":"RE","c":0}},{"type":"Feature","geometry":{"type":"Polygon","coordinates":[[[-82.132378,39.126946],[-82.132681,39.127087],[-82.13267,39.127104],[-82.132367,39.126963],[-82.132378,39.126946]]]},"properties":{"p":"1700263000","o":"WARD REBECCA","a":"FRAC13 T7N R14W LOT (19)","d":"MEIGS LOCAL SCHOOL DISTRICT","t":134.13,"l":"RE","c":0}},{"type":"Feature","geometry":{"type":"Polygon","coordinates":[[[-82.134316,39.128071],[-82.134314,39.128072],[-82.134293,39.128087],[-82.134291,39.12812],[-82.134285,39.128147],[-82.134274,39.12818],[-82.134249,39.128213],[-82.134219,39.128217],[-82.134053,39.128147],[-82.134118,39.128065],[-82.134164,39.128007],[-82.134316,39.128071]]]},"properties":{"p":"1700271000","o":"QUILLEN TONY M &/OR MARY M","a":"FRAC13 T7N R14 LOT 1","d":"MEIGS LOCAL SCHOOL DISTRICT","t":112.45,"l":"RE","c":0}},{"type":"Feature","geometry":{"type":"Polygon","coordinates":[[[-82.131639,39.129975],[-82.131137,39.129952],[-82.131214,39.128593],[-82.131684,39.128642],[-82.132371,39.128714],[-82.132304,39.128831],[-82.132289,39.128856],[-82.132144,39.129106],[-82.131999,39.129356],[-82.131984,39.129381],[-82.131839,39.129631],[-82.131639,39.129975]]]},"properties":{"p":"1700330002","o":"LUKE MICHAEL","a":"SEC14 FRAC7 T7N R14W 2.60A OUT OF 59.367A V294 P741","d":"MEIGS LOCAL SCHOOL DISTRICT","t":1260.59,"l":"RE","c":0}},{"type":"Feature","geometry":{"type":"Polygon","coordinates":[[[-82.130215,39.157983],[-82.129813,39.156972],[-82.129872,39.156427],[-82.130838,39.156178],[-82.131126,39.157748],[-82.130215,39.157983]]]},"properties":{"p":"1700369001","o":"CUNDIFF JULIA &/OR TYLER","a":"SEC16 T7N R14 3.988A OUT OF 103.68","d":"MEIGS LOCAL SCHOOL DISTRICT","t":168.1,"l":"RE","c":0}},{"type":"Feature","geometry":{"type":"Polygon","coordinates":[[[-82.146855,39.177645],[-82.14715,39.174759],[-82.155918,39.175237],[-82.155921,39.175319],[-82.155882,39.17532],[-82.15627,39.177024],[-82.150399,39.177176],[-82.150346,39.177274],[-82.150242,39.177409],[-82.150109,39.177537],[-82.150015,39.177617],[-82.149249,39.17747],[-82.148962,39.177501],[-82.148418,39.177446],[-82.147733,39.17759],[-82.147321,39.17752],[-82.14723,39.177567],[-82.146855,39.177645]]]},"properties":{"p":"1700372001","o":"HILL EARLEY W &/OR LAURA J","a":"SEC23 T7N R14 48.540A OUT OF 92.00A V39 P669","d":"MEIGS LOCAL SCHOOL DISTRICT","t":752.63,"l":"RE","c":0}},{"type":"Feature","geometry":{"type":"Polygon","coordinates":[[[-82.152149,39.115116],[-82.152019,39.114566],[-82.152119,39.114634],[-82.152234,39.114584],[-82.152306,39.114532],[-82.152391,39.114569],[-82.152426,39.114506],[-82.152453,39.114526],[-82.152671,39.114499],[-82.153316,39.114493],[-82.153586,39.114563],[-82.15309,39.114712],[-82.152825,39.114821],[-82.152692,39.114957],[-82.152397,39.115344],[-82.152123,39.115814],[-82.151854,39.115637],[-82.152149,39.115116]]]},"properties":{"p":"1700391002","o":"HERMAN DALE","a":"SEC19 T7N R14 1.80A OUT OF 10.025A","d":"MEIGS LOCAL SCHOOL DISTRICT","t":517.44,"l":"RE","c":0}},{"type":"Feature","geometry":{"type":"Polygon","coordinates":[[[-82.133524,39.164516],[-82.133161,39.164498],[-82.133141,39.164749],[-82.132579,39.164725],[-82.132655,39.163874],[-82.131982,39.163837],[-82.132098,39.162359],[-82.133772,39.162473],[-82.133679,39.16245],[-82.133548,39.162374],[-82.133495,39.162331],[-82.133407,39.16216],[-82.133352,39.161975],[-82.133312,39.16177],[-82.133274,39.161577],[-82.13324,39.161397],[-82.133214,39.161275],[-82.133208,39.161249],[-82.13318,39.161096],[-82.133166,39.160952],[-82.133173,39.160821],[-82.133185,39.160683],[-82.133208,39.16043],[-82.133217,39.160326],[-82.133225,39.160237],[-82.133229,39.160184],[-82.133235,39.160122],[-82.133248,39.159934],[-82.133258,39.159761],[-82.133268,39.15961],[-82.133267,39.159436],[-82.13327,39.159275],[-82.133258,39.159116],[-82.133257,39.159089],[-82.133247,39.158875],[-82.13325,39.158689],[-82.133257,39.158439],[-82.133279,39.158187],[-82.133317,39.157989],[-82.13336,39.157863],[-82.133389,39.157646],[-82.133457,39.157486],[-82.133508,39.157332],[-82.133599,39.157166],[-82.133686,39.156965],[-82.13374,39.156842],[-82.139393,39.157149],[-82.138815,39.163065],[-82.138749,39.163072],[-82.138391,39.163105],[-82.137962,39.163145],[-82.137557,39.163185],[-82.137223,39.163233],[-82.137159,39.163245],[-82.137142,39.162954],[-82.137155,39.162789],[-82.1372,39.162247],[-82.136967,39.162235],[-82.136735,39.162224],[-82.136503,39.162212],[-82.13627,39.162201],[-82.136038,39.16219],[-82.135806,39.162178],[-82.135762,39.162721],[-82.135769,39.162886],[-82.13566,39.164229],[-82.135022,39.164198],[-82.135011,39.164333],[-82.134968,39.164859],[-82.133502,39.164787],[-82.133524,39.164516]]]},"properties":{"p":"1700406000","o":"CASERTA JOSEPH D &/OR LAURA E","a":"SEC16 T7N R14 PAGEVILLE LOT65 V8 P179","d":"MEIGS LOCAL SCHOOL DISTRICT","t":151.46,"l":"RE","c":0}},{"type":"Feature","geometry":{"type":"Polygon","coordinates":[[[-82.186775,39.158356],[-82.187176,39.154672],[-82.191935,39.15494],[-82.191727,39.15685],[-82.191414,39.15688],[-82.190895,39.157753],[-82.191625,39.157778],[-82.191533,39.158625],[-82.186775,39.158356]]]},"properties":{"p":"1700449000","o":"JEFFERS LESTER GENE","a":"SEC34 T7N R14W LOT(640) N PT OF 66A SE OF RD V307 P697","d":"MEIGS LOCAL SCHOOL DISTRICT","t":186.65,"l":"RE","c":0}},{"type":"Feature","geometry":{"type":"MultiPolygon","coordinates":[[[[-82.191533,39.158625],[-82.191625,39.157778],[-82.193498,39.157843],[-82.193484,39.158091],[-82.193419,39.158408],[-82.193347,39.158721],[-82.193347,39.158727],[-82.191533,39.158625]]],[[[-82.193499,39.157812],[-82.193463,39.157499],[-82.1935,39.157795],[-82.193499,39.157812]]],[[[-82.193391,39.157228],[-82.19326,39.156986],[-82.193271,39.157004],[-82.193373,39.157169],[-82.193391,39.157228]]],[[[-82.191727,39.15685],[-82.191935,39.15494],[-82.192435,39.154968],[-82.192519,39.155098],[-82.19274,39.155464],[-82.192878,39.155701],[-82.19299,39.155916],[-82.193042,39.156125],[-82.193058,39.156385],[-82.193092,39.156666],[-82.193111,39.156715],[-82.191727,39.15685]]]]},"properties":{"p":"1700450000","o":"JEFFERS LESTER GENE","a":"SEC34 T7N R14W LOT SE PART OF SW1/4 V214 P171","d":"MEIGS LOCAL SCHOOL DISTRICT","t":199.4,"l":"RE","c":0}},{"type":"Feature","geometry":{"type":"Polygon","coordinates":[[[-82.195816,39.162611],[-82.19588,39.162615],[-82.195613,39.165052],[-82.195551,39.165034],[-82.195163,39.164953],[-82.194821,39.164885],[-82.194481,39.164822],[-82.194161,39.16475],[-82.193595,39.164669],[-82.193151,39.16462],[-82.192529,39.164561],[-82.192198,39.164535],[-82.191757,39.164528],[-82.191355,39.16456],[-82.190879,39.164626],[-82.191236,39.161352],[-82.19511,39.161611],[-82.195816,39.162611]]]},"properties":{"p":"1700451000","o":"JEFFERS LESTER GENE","a":"SEC34 T7N R14W LOT SE PT OF NW1/4 OF SE1/4 V307 P697","d":"MEIGS LOCAL SCHOOL DISTRICT","t":130.6,"l":"RE","c":0}},{"type":"Feature","geometry":{"type":"Polygon","coordinates":[[[-82.133466,39.125233],[-82.133408,39.125541],[-82.133274,39.125417],[-82.133409,39.125458],[-82.133437,39.125231],[-82.133466,39.125233]]]},"properties":{"p":"1700548000","o":"HARLESS SANDRA &/OR BILLY E","a":"FRAC13 T7N R14W 93’ S SIDE","d":"MEIGS LOCAL SCHOOL DISTRICT","t":124.05,"l":"RE","c":0}},{"type":"Feature","geometry":{"type":"Polygon","coordinates":[[[-82.112042,39.147119],[-82.112092,39.146578],[-82.112271,39.146621],[-82.11251,39.146651],[-82.112606,39.145978],[-82.11216,39.145841],[-82.112557,39.141538],[-82.122947,39.142056],[-82.122533,39.147644],[-82.121272,39.147581],[-82.113286,39.147181],[-82.112042,39.147119]]]},"properties":{"p":"1700606000","o":"WEAVER CAROLYN SUE ETAL","a":"FRAC2 T7N R14 N 1/2 V238 P513","d":"MEIGS LOCAL SCHOOL DISTRICT","t":409.68,"l":"RE","c":0}},{"type":"Feature","geometry":{"type":"Polygon","coordinates":[[[-82.136866,39.16636],[-82.136848,39.166586],[-82.136267,39.166557],[-82.136285,39.166331],[-82.136866,39.16636]]]},"properties":{"p":"1700624000","o":"PHILLIPS NANCY C","a":"SEC16 T7N R14 40’ OFF N SIDE EX: N PT LOT3 11.256’ X 165’","d":"MEIGS LOCAL SCHOOL DISTRICT","t":114.79,"l":"RE","c":0}},{"type":"Feature","geometry":{"type":"Polygon","coordinates":[[[-82.1372,39.162247],[-82.137155,39.162789],[-82.136923,39.162778],[-82.136967,39.162235],[-82.1372,39.162247]]]},"properties":{"p":"1700670001","o":"CASERTA JOSEPH D &/OR LAURA E","a":"FRAC35 T7N R14W 50.892A OUT OF 64.50A EX: 27.892A","d":"MEIGS LOCAL SCHOOL DISTRICT","t":1585.94,"l":"RE","c":0}},{"type":"Feature","geometry":{"type":"Polygon","coordinates":[[[-82.181115,39.195406],[-82.181084,39.195158],[-82.182979,39.195249],[-82.18296,39.195494],[-82.181115,39.195406]]]},"properties":{"p":"1700673000","o":"REEVES VIRGIL","a":"SEC36 T7N R14 NW PT EX: 28.52A NE PT V273 P887","d":"MEIGS LOCAL SCHOOL DISTRICT","t":156.05,"l":"RE","c":0}},{"type":"Feature","geometry":{"type":"Polygon","coordinates":[[[-82.133075,39.129166],[-82.133053,39.129228],[-82.133011,39.129286],[-82.132973,39.129322],[-82.132595,39.129195],[-82.132697,39.12902],[-82.133007,39.129124],[-82.133062,39.129143],[-82.133075,39.129166]]]},"properties":{"p":"1700767000","o":"BORING WILLIAM &/OR DAISY MAE","a":"FRAC7 T7N R14 70’ OFF S 1.91A V330 P447","d":"MEIGS LOCAL SCHOOL DISTRICT","t":110.62,"l":"RE","c":0}},{"type":"Feature","geometry":{"type":"Polygon","coordinates":[[[-82.128831,39.167212],[-82.127709,39.16699],[-82.127011,39.16701],[-82.126609,39.167057],[-82.126164,39.166855],[-82.126806,39.166456],[-82.127287,39.166213],[-82.127448,39.166161],[-82.128138,39.166199],[-82.128202,39.166222],[-82.128468,39.16631],[-82.128767,39.166386],[-82.128899,39.166405],[-82.128831,39.167212]]]},"properties":{"p":"1700804000","o":"SLISHER DAVID L","a":"SEC17 T7N R14 W PART OF SE1/4 S PART OF MID. LOT","d":"MEIGS LOCAL SCHOOL DISTRICT","t":110.23,"l":"RE","c":0}},{"type":"Feature","geometry":{"type":"Polygon","coordinates":[[[-82.160529,39.152632],[-82.162547,39.152005],[-82.162924,39.15274],[-82.162839,39.152758],[-82.162583,39.152798],[-82.162328,39.152876],[-82.162204,39.152996],[-82.162166,39.153032],[-82.162096,39.153129],[-82.162034,39.153215],[-82.161885,39.153382],[-82.161687,39.153508],[-82.161593,39.153508],[-82.161422,39.153507],[-82.161173,39.153458],[-82.160957,39.153388],[-82.160931,39.15338],[-82.16069,39.153281],[-82.16048,39.153167],[-82.160533,39.152967],[-82.160535,39.15291],[-82.160539,39.152757],[-82.160529,39.152632]]]},"properties":{"p":"1700816004","o":"TIERNAN TRAVIS &/OR KRISTI","a":"FRAC24 T7N R14W 6.0368A OUT OF 87.035A","d":"MEIGS LOCAL SCHOOL DISTRICT","t":108.02,"l":"RE","c":0}},{"type":"Feature","geometry":{"type":"Polygon","coordinates":[[[-82.160497,39.16195],[-82.160318,39.162658],[-82.160209,39.163212],[-82.157792,39.163066],[-82.157917,39.161813],[-82.160497,39.16195]]]},"properties":{"p":"1700921001","o":"RANKIN ERIC &/OR RHONDA K","a":"FRAC34-35 T7 R14 42.546A OUT OF 59A","d":"MEIGS LOCAL SCHOOL DISTRICT","t":2075.43,"l":"RE","c":0}},{"type":"Feature","geometry":{"type":"Polygon","coordinates":[[[-82.136285,39.166331],[-82.136267,39.166557],[-82.136012,39.166545],[-82.136031,39.166319],[-82.136285,39.166331]]]},"properties":{"p":"1701009000","o":"PHILLIPS NANCY C","a":"SEC16 T7N R14W LOT (1) PAGEVILLE","d":"MEIGS LOCAL SCHOOL DISTRICT","t":429.47,"l":"RE","c":0}},{"type":"Feature","geometry":{"type":"Polygon","coordinates":[[[-81.864026,38.981494],[-81.864046,38.981776],[-81.863988,38.983409],[-81.863397,38.983387],[-81.863379,38.981466],[-81.864026,38.981494]]]},"properties":{"p":"1800004003","o":"HARMON JAMES","a":"LOT1201 T2N R12W 2.759A OUT OF 10.0687A","d":"SOUTHERN LOCAL SCHOOL DISTRICT","t":1468.86,"l":"RE","c":0}},{"type":"Feature","geometry":{"type":"Polygon","coordinates":[[[-81.977232,39.030736],[-81.976972,39.030726],[-81.976378,39.030995],[-81.975976,39.030243],[-81.976764,39.030111],[-81.976981,39.030417],[-81.977047,39.030505],[-81.97714,39.030626],[-81.977232,39.030736]]]},"properties":{"p":"1800012000","o":"TILLIS TYLER LEE","a":"SEC2 T2N R13W NEW SURVEY","d":"SOUTHERN LOCAL SCHOOL DISTRICT","t":290.32,"l":"RE","c":0}},{"type":"Feature","geometry":{"type":"Polygon","coordinates":[[[-81.850888,38.974111],[-81.850561,38.977678],[-81.841099,38.977263],[-81.841332,38.973889],[-81.841341,38.973763],[-81.846172,38.973939],[-81.850888,38.974111]]]},"properties":{"p":"1800013001","o":"DIDDLE JAMES E","a":"SEC11 T2N R12W 18.539A EX 1A EX 1A EX: 1.3574A V300 P93","d":"SOUTHERN LOCAL SCHOOL DISTRICT","t":199.96,"l":"RE","c":0}},{"type":"Feature","geometry":{"type":"Polygon","coordinates":[[[-81.930223,39.016402],[-81.930294,39.015555],[-81.930908,39.015589],[-81.930838,39.016436],[-81.930223,39.016402]]]},"properties":{"p":"1800067001","o":"SMITH JEREMY A &/OR CHRISTINA D","a":"SEC19 T3 R12 1.242A OUT OF 2.029A","d":"SOUTHERN LOCAL SCHOOL DISTRICT","t":226.77,"l":"RE","c":0}},{"type":"Feature","geometry":{"type":"Polygon","coordinates":[[[-81.884111,38.9727],[-81.884986,38.972649],[-81.884982,38.97313],[-81.884107,38.973125],[-81.884111,38.9727]]]},"properties":{"p":"1800102000","o":"BIRCH ROGER &/OR SHARON","a":"SEC10 T2 R12 SW COR 1A OF 57.10A V276 P417","d":"SOUTHERN LOCAL SCHOOL DISTRICT","t":334.24,"l":"RE","c":0}},{"type":"Feature","geometry":{"type":"Polygon","coordinates":[[[-81.910482,38.976599],[-81.91051,38.976256],[-81.911685,38.976309],[-81.911748,38.976446],[-81.910482,38.976599]]]},"properties":{"p":"1800189000","o":"THACKER ANTHONY W &/OR TONYA R","a":"SEC16 T2N R12W S PT OF 17.72A W OF CR. EX. COAL","d":"SOUTHERN LOCAL SCHOOL DISTRICT","t":437.83,"l":"RE","c":0}},{"type":"Feature","geometry":{"type":"Polygon","coordinates":[[[-81.885051,39.02775],[-81.885122,39.027174],[-81.886181,39.027219],[-81.886267,39.026196],[-81.890031,39.026357],[-81.889898,39.027954],[-81.88651,39.027807],[-81.886405,39.028205],[-81.885654,39.028223],[-81.885674,39.027774],[-81.885051,39.02775]]]},"properties":{"p":"1800204005","o":"PATTERSON TERRY S &/OR MELINDA K","a":"SEC8 T3N R12W 16.377A OUT OF 34.34A","d":"SOUTHERN LOCAL SCHOOL DISTRICT","t":2441.99,"l":"RE","c":0}},{"type":"Feature","geometry":{"type":"Polygon","coordinates":[[[-81.976265,39.031571],[-81.976366,39.031539],[-81.976653,39.032121],[-81.976215,39.032258],[-81.975928,39.031676],[-81.976265,39.031571]]]},"properties":{"p":"1800305000","o":"JEFFERS JAMES J","a":"SEC2 T2N R13 #127B HECK SURVEY EX: .40A","d":"SOUTHERN LOCAL SCHOOL DISTRICT","t":262.39,"l":"RE","c":0}},{"type":"Feature","geometry":{"type":"Polygon","coordinates":[[[-81.949999,39.010657],[-81.950148,39.008896],[-81.953451,39.00945],[-81.953336,39.010803],[-81.951807,39.010739],[-81.951806,39.010735],[-81.95097,39.010704],[-81.949999,39.010657]]]},"properties":{"p":"1800337000","o":"DURST JOHN C","a":"100A LOT289 T2N R12W N END EX: COAL","d":"SOUTHERN LOCAL SCHOOL DISTRICT","t":148.37,"l":"RE","c":0}},{"type":"Feature","geometry":{"type":"Polygon","coordinates":[[[-81.948967,39.010608],[-81.949098,39.00872],[-81.950148,39.008896],[-81.949999,39.010657],[-81.948967,39.010608]]]},"properties":{"p":"1800338000","o":"DURST JOHN C","a":"LOT289 T2N R12W S OF N 40A COAL V20 P423","d":"SOUTHERN LOCAL SCHOOL DISTRICT","t":833.61,"l":"RE","c":0}},{"type":"Feature","geometry":{"type":"Polygon","coordinates":[[[-81.948967,39.010608],[-81.947263,39.010527],[-81.947261,39.010547],[-81.946749,39.010526],[-81.947122,39.005608],[-81.950413,39.005785],[-81.950148,39.008896],[-81.949098,39.00872],[-81.948967,39.010608]]]},"properties":{"p":"1800339000","o":"DURST JOHN C","a":"LOT288 T2N R12W W END EX: 6A & EX: COAL V20 P423","d":"SOUTHERN LOCAL SCHOOL DISTRICT","t":470.32,"l":"RE","c":0}},{"type":"Feature","geometry":{"type":"Polygon","coordinates":[[[-81.896664,39.007849],[-81.896907,39.004805],[-81.898411,39.005683],[-81.898998,39.006231],[-81.899377,39.006256],[-81.900011,39.006736],[-81.901358,39.007345],[-81.902212,39.007969],[-81.902538,39.008129],[-81.902446,39.008675],[-81.896617,39.008439],[-81.896664,39.007849]]]},"properties":{"p":"1800384000","o":"SHEETS TERRY","a":"SEC18 T2N R12 N OF N 1/2 OF NE1/4 EX .1837A EX: 17.571A","d":"SOUTHERN LOCAL SCHOOL DISTRICT","t":1350,"l":"RE","c":0}},{"type":"Feature","geometry":{"type":"Polygon","coordinates":[[[-81.865729,39.003542],[-81.865797,39.002751],[-81.869839,39.002911],[-81.869831,39.002935],[-81.869811,39.003098],[-81.869809,39.003111],[-81.869262,39.003089],[-81.869082,39.003082],[-81.869088,39.003675],[-81.865729,39.003542]]]},"properties":{"p":"1800434000","o":"CARROLL KEITH &/OR STEELE AIMEE","a":"LOT1196 T2N R12 S PRT OF E OF RD MID EX 1A NE COR V306 P109","d":"SOUTHERN LOCAL SCHOOL DISTRICT","t":6016.26,"l":"RE","c":0}},{"type":"Feature","geometry":{"type":"Polygon","coordinates":[[[-81.980238,39.00617],[-81.9819,39.005971],[-81.982116,39.006251],[-81.980831,39.006538],[-81.980503,39.006335],[-81.980238,39.00617]]]},"properties":{"p":"1800516001","o":"HAINES NATHAN JR","a":"LOT299 T1N R13W 1.95A OUT OF 5.58A","d":"SOUTHERN LOCAL SCHOOL DISTRICT","t":211.37,"l":"RE","c":0}},{"type":"Feature","geometry":{"type":"Polygon","coordinates":[[[-81.900447,38.976183],[-81.901113,38.976217],[-81.90101,38.977489],[-81.900038,38.977443],[-81.900104,38.976634],[-81.899585,38.97661],[-81.899671,38.97562],[-81.900489,38.975662],[-81.900447,38.976183]]]},"properties":{"p":"1800587002","o":"DIDDLE JAMES","a":"SEC16 T2 R12 5.808A EX 1.220A","d":"SOUTHERN LOCAL SCHOOL DISTRICT","t":307.4,"l":"RE","c":0}},{"type":"Feature","geometry":{"type":"Polygon","coordinates":[[[-81.945716,39.065171],[-81.945908,39.065074],[-81.945991,39.065168],[-81.944925,39.066347],[-81.944452,39.065809],[-81.94453,39.065774],[-81.944835,39.065636],[-81.94514,39.065496],[-81.945445,39.065353],[-81.945745,39.065206],[-81.945716,39.065171]]]},"properties":{"p":"1800610000","o":"KARR THOMAS WESLEY","a":"SEC26 T3N R12W W 1/2 OF NW 1/4 EX: 19.23A EX: .861A EX: 1.078A EX: 3.41A V338 P423","d":"EASTERN LOCAL SCHOOL DISTRICT","t":1445.64,"l":"RE","c":0}},{"type":"Feature","geometry":{"type":"Polygon","coordinates":[[[-81.992983,39.033604],[-81.992425,39.033537],[-81.992047,39.033478],[-81.990951,39.032906],[-81.991173,39.032669],[-81.991173,39.032669],[-81.991255,39.032178],[-81.991627,39.031835],[-81.992797,39.032494],[-81.99251,39.032949],[-81.992884,39.033176],[-81.992983,39.033604]]]},"properties":{"p":"1800628000","o":"HUDSON LEWIS","a":"SEC2 T2N R13W UND 1/2 OF 10.39A NW OF #2 HECK SURV V149 P132","d":"SOUTHERN LOCAL SCHOOL DISTRICT","t":192.47,"l":"RE","c":0}},{"type":"Feature","geometry":{"type":"Polygon","coordinates":[[[-81.986896,39.028599],[-81.987179,39.028436],[-81.987149,39.028402],[-81.987438,39.028246],[-81.987661,39.028498],[-81.987096,39.028825],[-81.986896,39.028599]]]},"properties":{"p":"1800726000","o":"JUSTIS WILLIAM &/OR SONJA","a":"SEC2 T2N R13 108 & 130 HECK SURV. V335 P467","d":"SOUTHERN LOCAL SCHOOL DISTRICT","t":212.82,"l":"RE","c":0}},{"type":"Feature","geometry":{"type":"Polygon","coordinates":[[[-81.883492,38.991047],[-81.883594,38.989805],[-81.885726,38.989891],[-81.885635,38.989999],[-81.885522,38.990249],[-81.885506,38.990392],[-81.885551,38.990521],[-81.885623,38.990593],[-81.88592,38.99076],[-81.886037,38.990849],[-81.887318,38.99061],[-81.888341,38.990539],[-81.88824,38.991819],[-81.885769,38.991722],[-81.883874,38.991647],[-81.883844,38.991556],[-81.883492,38.991047]]]},"properties":{"p":"1800729000","o":"KARR DANNY R &/OR KARR TERRY L","a":"SEC11 T2N R12 S SIDE NW1/4 OF NW1/2 EX. COAL V227 P615","d":"SOUTHERN LOCAL SCHOOL DISTRICT","t":783.74,"l":"RE","c":0}},{"type":"Feature","geometry":{"type":"Polygon","coordinates":[[[-81.87222,38.999225],[-81.872217,38.999384],[-81.872231,38.999539],[-81.872256,38.999705],[-81.871328,38.999667],[-81.871341,38.99919],[-81.87222,38.999225]]]},"properties":{"p":"1800808001","o":"SELLERS WINTER","a":"LOT1197 T2N R12W 1A OUT OF 8.69A","d":"SOUTHERN LOCAL SCHOOL DISTRICT","t":172.39,"l":"RE","c":0}},{"type":"Feature","geometry":{"type":"Polygon","coordinates":[[[-81.872396,39.000145],[-81.871469,39.000107],[-81.871328,38.999667],[-81.872256,38.999705],[-81.872259,38.999723],[-81.872301,38.999875],[-81.872345,39.000009],[-81.872386,39.000127],[-81.872396,39.000145]]]},"properties":{"p":"1800809000","o":"SELLERS WINTER","a":"160A LOT1197 T2N R12W 1A OUT OF 9.69A","d":"SOUTHERN LOCAL SCHOOL DISTRICT","t":168.21,"l":"RE","c":0}},{"type":"Feature","geometry":{"type":"Polygon","coordinates":[[[-81.86957,39.006983],[-81.869541,39.007312],[-81.867303,39.007224],[-81.866305,39.007184],[-81.866315,39.007013],[-81.866529,39.006978],[-81.866659,39.00696],[-81.866789,39.006942],[-81.867031,39.006884],[-81.86732,39.006798],[-81.867543,39.006712],[-81.867706,39.006647],[-81.867905,39.006547],[-81.868027,39.006456],[-81.868113,39.006375],[-81.868226,39.006269],[-81.868307,39.006192],[-81.868384,39.006122],[-81.86957,39.006983]]]},"properties":{"p":"1800857000","o":"BRADFORD MICHAEL K","a":"LOT1195 T2N R12W","d":"SOUTHERN LOCAL SCHOOL DISTRICT","t":1001.07,"l":"RE","c":0}},{"type":"Feature","geometry":{"type":"Polygon","coordinates":[[[-81.849331,38.992022],[-81.849331,38.992028],[-81.848585,38.991998],[-81.844906,38.991849],[-81.844913,38.991843],[-81.845241,38.991566],[-81.845516,38.991284],[-81.845693,38.99105],[-81.845828,38.990785],[-81.845929,38.990585],[-81.846088,38.99042],[-81.846409,38.990124],[-81.846687,38.989923],[-81.846934,38.989769],[-81.847131,38.989614],[-81.847303,38.989399],[-81.847516,38.989056],[-81.847599,38.988832],[-81.847617,38.988647],[-81.847852,38.988715],[-81.848032,38.98886],[-81.848129,38.98907],[-81.848249,38.989559],[-81.848326,38.989781],[-81.848488,38.990155],[-81.848664,38.990524],[-81.848988,38.990979],[-81.849175,38.991261],[-81.849316,38.991646],[-81.849332,38.991936],[-81.849331,38.992022]]]},"properties":{"p":"1800910000","o":"DIDDLE JAMES E","a":"SEC16 T2N R12W N PART #5 EX. 2A SW PIECE E OF RD EX: 0.06A V299 P593","d":"SOUTHERN LOCAL SCHOOL DISTRICT","t":179.07,"l":"RE","c":0}},{"type":"Feature","geometry":{"type":"Polygon","coordinates":[[[-81.858721,38.992408],[-81.854233,38.992226],[-81.850789,38.992087],[-81.849331,38.992028],[-81.849331,38.992022],[-81.849332,38.991936],[-81.849316,38.991646],[-81.849175,38.991261],[-81.848988,38.990979],[-81.848664,38.990524],[-81.848488,38.990155],[-81.848326,38.989781],[-81.848249,38.989559],[-81.848129,38.98907],[-81.848032,38.98886],[-81.847852,38.988715],[-81.847617,38.988647],[-81.847623,38.988584],[-81.847609,38.98824],[-81.854357,38.988513],[-81.859046,38.988702],[-81.858721,38.992408]]]},"properties":{"p":"1800913000","o":"DIDDLE JAMES E","a":"SEC22&23 LOT280 T2 R12 S END EX. S 7A EX. COAL & EX. .6A V299 P293","d":"SOUTHERN LOCAL SCHOOL DISTRICT","t":488.04,"l":"RE","c":0}},{"type":"Feature","geometry":{"type":"Polygon","coordinates":[[[-81.92342,38.981392],[-81.921998,38.981461],[-81.921904,38.981351],[-81.922909,38.980954],[-81.923001,38.98104],[-81.92342,38.981392]]]},"properties":{"p":"1800917000","o":"MYERS SHERRI","a":"SEC22&23 LOT281 T2 R12 W OF 27.62A S PART EX COAL & .07A","d":"SOUTHERN LOCAL SCHOOL DISTRICT","t":891.03,"l":"RE","c":0}},{"type":"Feature","geometry":{"type":"Polygon","coordinates":[[[-81.847617,38.988647],[-81.847599,38.988832],[-81.847516,38.989056],[-81.847303,38.989399],[-81.847131,38.989614],[-81.846934,38.989769],[-81.846687,38.989923],[-81.846409,38.990124],[-81.846088,38.99042],[-81.845929,38.990585],[-81.845828,38.990785],[-81.845693,38.99105],[-81.845516,38.991284],[-81.845241,38.991566],[-81.844913,38.991843],[-81.844906,38.991849],[-81.842553,38.991754],[-81.842857,38.988048],[-81.843446,38.988072],[-81.847609,38.98824],[-81.847623,38.988584],[-81.847617,38.988647]]]},"properties":{"p":"1800949001","o":"DIDDLE JAMES E","a":"LOT283 T2N R12W EX .64A V315 P407","d":"SOUTHERN LOCAL SCHOOL DISTRICT","t":395.56,"l":"RE","c":0}},{"type":"Feature","geometry":{"type":"Polygon","coordinates":[[[-81.843275,38.98727],[-81.843784,38.986925],[-81.844133,38.986689],[-81.844941,38.986727],[-81.846303,38.98679],[-81.846583,38.986389],[-81.846684,38.986427],[-81.846763,38.986461],[-81.846737,38.986578],[-81.846768,38.986801],[-81.846801,38.98688],[-81.84728,38.987083],[-81.847351,38.987251],[-81.847487,38.987533],[-81.847577,38.987812],[-81.847602,38.988049],[-81.847609,38.98824],[-81.843446,38.988072],[-81.843275,38.98727]]]},"properties":{"p":"1800949002","o":"DIDDLE JAMES E","a":"LOT283&284 T2N R12W EX 6A SE PART 1.00A OUT OF 82.838A V315 P407","d":"SOUTHERN LOCAL SCHOOL DISTRICT","t":120.42,"l":"RE","c":0}},{"type":"Feature","geometry":{"type":"Polygon","coordinates":[[[-81.897429,38.983204],[-81.897518,38.983754],[-81.89814,38.9853],[-81.897877,38.985838],[-81.897692,38.986108],[-81.89747,38.986433],[-81.897185,38.986775],[-81.896434,38.986744],[-81.896487,38.985921],[-81.895977,38.985901],[-81.895924,38.986723],[-81.893406,38.98662],[-81.893588,38.985635],[-81.89357,38.984707],[-81.893691,38.984555],[-81.893685,38.984193],[-81.893728,38.983921],[-81.893709,38.98363],[-81.893694,38.983064],[-81.897429,38.983204]]]},"properties":{"p":"1800990000","o":"DIDDLE JAMES E &/OR LINDA","a":"SEC11 T2N R12 SW1/4 OF SW1/4 EX COAL V299 P589","d":"SOUTHERN LOCAL SCHOOL DISTRICT","t":3353.45,"l":"RE","c":0}},{"type":"Feature","geometry":{"type":"Polygon","coordinates":[[[-81.898865,38.979692],[-81.898592,38.983257],[-81.898508,38.983252],[-81.897429,38.983204],[-81.893776,38.983067],[-81.893989,38.979483],[-81.898865,38.979692]]]},"properties":{"p":"1800991000","o":"DIDDLE JAMES E &/OR LINDA","a":"SEC10 T2 R12 N PART OF 111A W PART NW1/4 EX COAL V299 P589","d":"SOUTHERN LOCAL SCHOOL DISTRICT","t":6588.49,"l":"RE","c":0}},{"type":"Feature","geometry":{"type":"Polygon","coordinates":[[[-81.985236,39.010791],[-81.985223,39.010765],[-81.985197,39.010714],[-81.985394,39.010654],[-81.985433,39.010731],[-81.985236,39.010791]]]},"properties":{"p":"1801054000","o":"RIZER WILLIAM E &/OR RIZER WILLIAM P","a":"LOT300 T1N R13W LOT 50","d":"SOUTHERN LOCAL SCHOOL DISTRICT","t":589.22,"l":"RE","c":0}},{"type":"Feature","geometry":{"type":"Polygon","coordinates":[[[-81.888514,39.024306],[-81.888458,39.024976],[-81.887769,39.024946],[-81.887795,39.024322],[-81.887872,39.02432],[-81.888052,39.024316],[-81.888228,39.024311],[-81.888403,39.024306],[-81.888514,39.024306]]]},"properties":{"p":"1801071000","o":"MOORHEAD BARBARA WATSON TRUSTEE","a":"SEC7 T3 R12 MID ON N LINE","d":"SOUTHERN LOCAL SCHOOL DISTRICT","t":643.5,"l":"RE","c":0}},{"type":"Feature","geometry":{"type":"Polygon","coordinates":[[[-81.889658,39.024322],[-81.889208,39.024308],[-81.888812,39.024306],[-81.888514,39.024306],[-81.888484,39.024306],[-81.888498,39.024032],[-81.888139,39.024037],[-81.888139,39.024313],[-81.888052,39.024316],[-81.887872,39.02432],[-81.887795,39.024322],[-81.88795,39.022604],[-81.895178,39.022897],[-81.895178,39.022897],[-81.895143,39.023315],[-81.895101,39.023817],[-81.895039,39.024563],[-81.894688,39.024547],[-81.894241,39.024528],[-81.893921,39.024511],[-81.893586,39.024487],[-81.893232,39.024468],[-81.893038,39.024457],[-81.892844,39.024447],[-81.892531,39.024433],[-81.892219,39.02442],[-81.891997,39.02441],[-81.891775,39.024401],[-81.891549,39.024391],[-81.891323,39.024382],[-81.891141,39.024375],[-81.890959,39.024367],[-81.890698,39.024361],[-81.890437,39.024355],[-81.890268,39.024347],[-81.890099,39.024339],[-81.889658,39.024322]]]},"properties":{"p":"1801072000","o":"MOORHEAD BARBARA WATSON TRUSTEE","a":"SEC8 T3N R12W PRTY OF 69A S PRT OF SW1/4 EX .23A","d":"SOUTHERN LOCAL SCHOOL DISTRICT","t":148.79,"l":"RE","c":0}},{"type":"Feature","geometry":{"type":"Polygon","coordinates":[[[-81.892212,38.97263],[-81.892259,38.972054],[-81.89228,38.972054],[-81.892294,38.972055],[-81.892988,38.972096],[-81.892952,38.972554],[-81.892943,38.972666],[-81.892212,38.97263]]]},"properties":{"p":"1801084000","o":"CARNAHAN TONY","a":"LOT292 T2N R12W N END EX 12A N EX: 9.719A EX: 4.431A EX: 8.401A","d":"SOUTHERN LOCAL SCHOOL DISTRICT","t":115.73,"l":"RE","c":0}},{"type":"Feature","geometry":{"type":"Polygon","coordinates":[[[-81.985165,39.012399],[-81.983518,39.012916],[-81.983174,39.012902],[-81.983487,39.012572],[-81.983833,39.012545],[-81.984024,39.012442],[-81.98424,39.012229],[-81.984462,39.012083],[-81.984892,39.011989],[-81.984994,39.012009],[-81.985165,39.012399]]]},"properties":{"p":"1801146000","o":"DAVIS MARY DONNA &/OR DILLARD EMILY ANN","a":"100A LOT300 T2N R13W E OF LOT 317 1.33A V262 P159","d":"SOUTHERN LOCAL SCHOOL DISTRICT","t":1030.19,"l":"RE","c":0}},{"type":"Feature","geometry":{"type":"Polygon","coordinates":[[[-81.884828,39.010702],[-81.884518,39.011596],[-81.882672,39.011517],[-81.88281,39.011097],[-81.882966,39.010622],[-81.884828,39.010702]]]},"properties":{"p":"1801157017","o":"LAUDERMILT HERBERT T &/OR BRANDY L","a":"SEC7 T3N R12W LOT7 MORNING STAR EST4.00A OUT OF 41.6594A","d":"SOUTHERN LOCAL SCHOOL DISTRICT","t":3980.59,"l":"RE","c":0}},{"type":"Feature","geometry":{"type":"Polygon","coordinates":[[[-81.847247,38.987005],[-81.84728,38.987083],[-81.846801,38.98688],[-81.846768,38.986801],[-81.846737,38.986578],[-81.846763,38.986461],[-81.847033,38.986579],[-81.847242,38.986665],[-81.847216,38.986781],[-81.847247,38.987005]]]},"properties":{"p":"1801212000","o":"DIDDLE JAMES E","a":"LOT1208 T2N R12W N END OF 38A PARCEL V299 P597","d":"SOUTHERN LOCAL SCHOOL DISTRICT","t":372.72,"l":"RE","c":0}},{"type":"Feature","geometry":{"type":"Polygon","coordinates":[[[-81.844625,38.986013],[-81.844169,38.985998],[-81.843846,38.986063],[-81.843487,38.986339],[-81.843391,38.986384],[-81.843288,38.986433],[-81.843189,38.986454],[-81.843009,38.986493],[-81.842752,38.986457],[-81.842446,38.986257],[-81.842371,38.986198],[-81.842158,38.986031],[-81.841962,38.985879],[-81.841691,38.985626],[-81.841371,38.985283],[-81.841116,38.985036],[-81.840926,38.984876],[-81.840738,38.984637],[-81.840608,38.984494],[-81.840509,38.984446],[-81.840523,38.984276],[-81.848725,38.984608],[-81.848575,38.986443],[-81.854434,38.98668],[-81.854357,38.988513],[-81.847609,38.98824],[-81.847602,38.988049],[-81.847577,38.987812],[-81.847487,38.987533],[-81.847351,38.987251],[-81.847247,38.987005],[-81.847216,38.986781],[-81.847242,38.986665],[-81.847033,38.986579],[-81.846825,38.986488],[-81.846763,38.986461],[-81.846684,38.986427],[-81.846583,38.986389],[-81.846265,38.986272],[-81.845774,38.98614],[-81.845267,38.986064],[-81.844999,38.986043],[-81.844625,38.986013]]]},"properties":{"p":"1801213000","o":"DIDDLE JAMES E","a":"LOT1208 T2N R12W MID EX COAL V299 P597","d":"SOUTHERN LOCAL SCHOOL DISTRICT","t":1176.04,"l":"RE","c":0}},{"type":"Feature","geometry":{"type":"MultiPolygon","coordinates":[[[[-81.857334,38.983401],[-81.858006,38.983149],[-81.857928,38.98403],[-81.85945,38.984115],[-81.859369,38.985038],[-81.855786,38.984894],[-81.855776,38.984767],[-81.855722,38.984651],[-81.855642,38.984522],[-81.855344,38.98408],[-81.855287,38.983995],[-81.855499,38.983978],[-81.855697,38.983887],[-81.855716,38.983885],[-81.856176,38.98379],[-81.856679,38.983642],[-81.856885,38.983566],[-81.857067,38.983499],[-81.857334,38.983401]]],[[[-81.859321,38.98216],[-81.859661,38.981707],[-81.859586,38.982559],[-81.859214,38.982683],[-81.858969,38.982541],[-81.859013,38.982493],[-81.859321,38.98216]]]]},"properties":{"p":"1801214000","o":"DIDDLE JAMES E","a":"LOT1209 T2N R12W E 1/2 OF W 1/2 EX COAL V299 P597","d":"SOUTHERN LOCAL SCHOOL DISTRICT","t":361.7,"l":"RE","c":0}},{"type":"Feature","geometry":{"type":"Polygon","coordinates":[[[-81.894574,39.030138],[-81.894685,39.028809],[-81.898112,39.028939],[-81.898468,39.028953],[-81.898186,39.032575],[-81.897803,39.032303],[-81.897334,39.032],[-81.89696,39.031817],[-81.896502,39.031594],[-81.896139,39.031386],[-81.895905,39.031312],[-81.895623,39.031271],[-81.895318,39.031232],[-81.895253,39.031215],[-81.895103,39.031176],[-81.89501,39.031145],[-81.894792,39.031051],[-81.894586,39.030917],[-81.894515,39.030846],[-81.894574,39.030138]]]},"properties":{"p":"1801224001","o":"VANMATRE KEN E","a":"SEC14 FR7 T3N R12W 24.593A OUT OF 50.00A","d":"SOUTHERN LOCAL SCHOOL DISTRICT","t":420.35,"l":"RE","c":0}},{"type":"Feature","geometry":{"type":"Polygon","coordinates":[[[-81.987149,39.028402],[-81.987179,39.028436],[-81.986896,39.028599],[-81.986696,39.028373],[-81.986979,39.028209],[-81.987149,39.028402]]]},"properties":{"p":"1801352000","o":"JUSTIS WILLIAM &/OR SONJA","a":"SEC2 T2N R13 #107 HECK SURV V311 P291","d":"SOUTHERN LOCAL SCHOOL DISTRICT","t":134.42,"l":"RE","c":0}},{"type":"Feature","geometry":{"type":"Polygon","coordinates":[[[-81.89932,38.974081],[-81.899269,38.974711],[-81.898659,38.974679],[-81.89871,38.974055],[-81.89932,38.974085],[-81.89932,38.974081],[-81.89932,38.974081]]]},"properties":{"p":"1801386000","o":"J D DRILLING COMPANY","a":"SEC10 T2N R12W N PT OF 111A W PT NW1/4 EX COAL 200’X1 ALONG RD V277 P151","d":"SOUTHERN LOCAL SCHOOL DISTRICT","t":637.37,"l":"RE","c":0}},{"type":"Feature","geometry":{"type":"Polygon","coordinates":[[[-81.917769,38.974992],[-81.917602,38.975038],[-81.917248,38.975137],[-81.917021,38.9752],[-81.91684,38.974847],[-81.917507,38.974684],[-81.917769,38.974992]]]},"properties":{"p":"1900149000","o":"PORTER MISTY","a":"SEC16 T2N R12W (640) W EX. #6 W OF WOLF RUN & E OF RR","d":"SOUTHERN LOCAL SCHOOL DISTRICT","t":331.8,"l":"RE","c":0}},{"type":"Feature","geometry":{"type":"Polygon","coordinates":[[[-81.916944,38.971229],[-81.916953,38.971059],[-81.917372,38.971073],[-81.917424,38.971075],[-81.917197,38.971238],[-81.916944,38.971229]]]},"properties":{"p":"1900160000","o":"DETTLOFF BARBARA","a":"SEC16 T2N R12W V285 P629","d":"SOUTHERN LOCAL SCHOOL DISTRICT","t":339.11,"l":"RE","c":0}},{"type":"Feature","geometry":{"type":"Polygon","coordinates":[[[-81.917424,38.971075],[-81.917372,38.971073],[-81.917381,38.970903],[-81.917651,38.970911],[-81.917424,38.971075]]]},"properties":{"p":"1900161000","o":"DETTLOFF BARBARA","a":"SEC16 T2N R12W 67 #67","d":"SOUTHERN LOCAL SCHOOL DISTRICT","t":117.44,"l":"RE","c":0}},{"type":"Feature","geometry":{"type":"Polygon","coordinates":[[[-81.916026,38.968776],[-81.916035,38.968606],[-81.916453,38.968619],[-81.916444,38.968789],[-81.916026,38.968776]]]},"properties":{"p":"1900162000","o":"SHAVER SAMUEL L","a":"SEC16 T2N R12W 12 & 13 GRAHAMS STATION","d":"SOUTHERN LOCAL SCHOOL DISTRICT","t":533.28,"l":"RE","c":0}},{"type":"Feature","geometry":{"type":"Polygon","coordinates":[[[-81.911866,38.968416],[-81.911125,38.968381],[-81.911134,38.968217],[-81.911875,38.968249],[-81.911866,38.968416]]]},"properties":{"p":"1900243000","o":"SMITH RICKY JOE JR &/OR CHELSI NICOLE","a":"SEC16 T2N R12W (640) N SIDE MAIN ST NEAR MID.#3 S SIDE V287 P609","d":"SOUTHERN LOCAL SCHOOL DISTRICT","t":534.46,"l":"RE","c":0}},{"type":"Feature","geometry":{"type":"Polygon","coordinates":[[[-81.849989,38.984659],[-81.85011,38.983187],[-81.850152,38.982667],[-81.850292,38.980963],[-81.854785,38.981127],[-81.854596,38.983032],[-81.854525,38.983907],[-81.854278,38.983905],[-81.854024,38.983926],[-81.853634,38.983999],[-81.853242,38.984096],[-81.85311,38.984129],[-81.852604,38.984272],[-81.85221,38.984421],[-81.851764,38.984634],[-81.851576,38.984724],[-81.849989,38.984659]]]},"properties":{"p":"1900325000","o":"DIDDLE JAMES E","a":"SEC16 T2N R12W 25’X324’ PCL 41 AS REFERRED TO IN VOL 144-675-676 V168 P255","d":"SOUTHERN LOCAL SCHOOL DISTRICT","t":106.79,"l":"RE","c":0}},{"type":"Feature","geometry":{"type":"Polygon","coordinates":[[[-81.911389,38.96206],[-81.911333,38.962057],[-81.910806,38.962036],[-81.910827,38.961747],[-81.911408,38.961771],[-81.911389,38.96206]]]},"properties":{"p":"1900424000","o":"RANDOLPH STEPHEN L &/OR JULIE M","a":"100A LOT278 T2N R12W SECT. 9 -15 .87A OUT OF 40.01A .87A V323 P619","d":"SOUTHERN LOCAL SCHOOL DISTRICT","t":2988.61,"l":"RE","c":0}},{"type":"Feature","geometry":{"type":"Polygon","coordinates":[[[-81.841099,38.977263],[-81.850561,38.977678],[-81.850292,38.980963],[-81.840824,38.980615],[-81.841099,38.977263]]]},"properties":{"p":"1900492000","o":"DIDDLE JAMES E","a":"SEC16 T2N R12W S PART OF .37A V283 P731","d":"SOUTHERN LOCAL SCHOOL DISTRICT","t":296.79,"l":"RE","c":0}},{"type":"Feature","geometry":{"type":"Polygon","coordinates":[[[-81.850292,38.980963],[-81.850561,38.977678],[-81.855094,38.977876],[-81.854785,38.981127],[-81.850292,38.980963]]]},"properties":{"p":"1900493000","o":"DIDDLE JAMES E","a":"SEC16 T2N R12W V283 P731","d":"SOUTHERN LOCAL SCHOOL DISTRICT","t":908.25,"l":"RE","c":0}},{"type":"Feature","geometry":{"type":"Polygon","coordinates":[[[-81.899269,38.974711],[-81.898865,38.979692],[-81.892404,38.979415],[-81.892614,38.976785],[-81.892755,38.974968],[-81.892854,38.97377],[-81.898541,38.974047],[-81.89871,38.974055],[-81.898659,38.974679],[-81.899269,38.974711]]]},"properties":{"p":"1900495000","o":"DIDDLE JAMES E &/OR LINDA","a":"SEC16 T2N R12W N PART V155 P281","d":"SOUTHERN LOCAL SCHOOL DISTRICT","t":3724.3,"l":"RE","c":0}},{"type":"Feature","geometry":{"type":"Polygon","coordinates":[[[-81.919005,38.975089],[-81.918931,38.976125],[-81.918286,38.97537],[-81.919005,38.975089]]]},"properties":{"p":"1900505000","o":"DIDDLE JAMES E TRUSTEE","a":"SEC16 T2N R12W CORNER ELM & THIRD V233 P519","d":"SOUTHERN LOCAL SCHOOL DISTRICT","t":318.38,"l":"RE","c":0}},{"type":"Feature","geometry":{"type":"Polygon","coordinates":[[[-81.976109,38.998586],[-81.975839,38.998574],[-81.975848,38.998436],[-81.976119,38.998448],[-81.976109,38.998586]]]},"properties":{"p":"2000099000","o":"NEUMANN KAREN ETAL","a":"100A LOT297 T2N R12W 297 N OF LOTS 55-56-57-58-59 CARLETON SUBDIV .11A","d":"SOUTHERN LOCAL SCHOOL DISTRICT","t":215.82,"l":"RE","c":0}},{"type":"Feature","geometry":{"type":"Polygon","coordinates":[[[-81.965082,38.994997],[-81.966036,38.994882],[-81.96601,38.995241],[-81.965241,38.995286],[-81.965062,38.995297],[-81.965082,38.994997]]]},"properties":{"p":"2000126000","o":"SPENCER TERRY M","a":"100A LOT 293 T2N R12W SEC35 .2877A OUT OF 1.887A V323 P365","d":"SOUTHERN LOCAL SCHOOL DISTRICT","t":151.13,"l":"RE","c":0}},{"type":"Feature","geometry":{"type":"Polygon","coordinates":[[[-81.97331,38.996278],[-81.973134,38.99627],[-81.973154,38.995996],[-81.973329,38.996004],[-81.97331,38.996278]]]},"properties":{"p":"2000128000","o":"COUNTS WESTON L","a":"100A LOT296 T2N R12W LOT 12 CROOK’S 1ST ADD","d":"SOUTHERN LOCAL SCHOOL DISTRICT","t":213.53,"l":"RE","c":0}},{"type":"Feature","geometry":{"type":"Polygon","coordinates":[[[-81.97102,38.993896],[-81.970845,38.993888],[-81.970854,38.993751],[-81.97103,38.993759],[-81.97102,38.993896]]]},"properties":{"p":"2000131000","o":"BOSTER ROBERT D &/OR MARTHA W","a":"100A LOT295 T2N R12W LOT 102","d":"SOUTHERN LOCAL SCHOOL DISTRICT","t":168.38,"l":"RE","c":0}},{"type":"Feature","geometry":{"type":"Polygon","coordinates":[[[-81.974553,38.996649],[-81.974427,38.996351],[-81.974465,38.996103],[-81.974472,38.996054],[-81.9749,38.996339],[-81.974553,38.996649]]]},"properties":{"p":"2000156000","o":"GUINTHER DONNA J","a":"100A LOT297 T2N R12W 100A LOT 297 NE COR OF 15.42A SE COR EHWY .331A","d":"SOUTHERN LOCAL SCHOOL DISTRICT","t":395.04,"l":"RE","c":0}},{"type":"Feature","geometry":{"type":"Polygon","coordinates":[[[-81.953748,39.005963],[-81.953451,39.00945],[-81.950148,39.008896],[-81.950413,39.005785],[-81.953748,39.005963]]]},"properties":{"p":"2000180000","o":"DURST JOHN C","a":"100A LOT290 T2N R12W LOT 290 100A EX .27A TO ST RY 7 1A 742A EX 2.4626A","d":"SOUTHERN LOCAL SCHOOL DISTRICT","t":252.11,"l":"RE","c":0}},{"type":"Feature","geometry":{"type":"Polygon","coordinates":[[[-81.973084,39.000868],[-81.972956,39.001706],[-81.972593,39.001334],[-81.973084,39.000868]]]},"properties":{"p":"2000222000","o":"FRIEND RICHARD O & LINDA L","a":"100A LOT296 T2N R12W 7 RUSTIC HILLS SUBDIVISION #2 V272 P1011","d":"SOUTHERN LOCAL SCHOOL DISTRICT","t":692.71,"l":"RE","c":0}},{"type":"Feature","geometry":{"type":"Polygon","coordinates":[[[-81.974324,39.003658],[-81.973972,39.003642],[-81.973978,39.00356],[-81.973997,39.003291],[-81.974349,39.003306],[-81.974329,39.003581],[-81.974324,39.003658]]]},"properties":{"p":"2000230000","o":"EAKINS TERESA K","a":"100A LOT297 T2N R12W PART OF 4.12A ON E LINE 1.03A V238 P887","d":"SOUTHERN LOCAL SCHOOL DISTRICT","t":190.11,"l":"RE","c":0}},{"type":"Feature","geometry":{"type":"Polygon","coordinates":[[[-81.979804,39.004037],[-81.980261,39.004008],[-81.980307,39.004376],[-81.980149,39.00439],[-81.980079,39.004393],[-81.979869,39.004404],[-81.979816,39.004105],[-81.979804,39.004037]]]},"properties":{"p":"2000352001","o":"LUDE SHIRLEY &/OR WOLFE ANTHONY TODD","a":"100A LOT 299 T1 R13 100A LOT 299 T1 R13 .392A OUT OF .95A .392A V31 P275","d":"SOUTHERN LOCAL SCHOOL DISTRICT","t":356.03,"l":"RE","c":0}},{"type":"Feature","geometry":{"type":"Polygon","coordinates":[[[-81.972051,38.996636],[-81.971875,38.996628],[-81.971895,38.996354],[-81.97207,38.996361],[-81.972051,38.996636]]]},"properties":{"p":"2000407000","o":"ROUSH RANDALL T &/OR LORI ANN","a":"100A LOT296 T2N R12W 12 CROOKS 2ND ADD V277 P95","d":"SOUTHERN LOCAL SCHOOL DISTRICT","t":121.23,"l":"RE","c":0}},{"type":"Feature","geometry":{"type":"Polygon","coordinates":[[[-81.971875,38.996628],[-81.971699,38.99662],[-81.971719,38.996346],[-81.971895,38.996354],[-81.971875,38.996628]]]},"properties":{"p":"2000408000","o":"ROUSH RANDALL T &/OR LORI ANN","a":"100A LOT296 T2N R12W 11 CROOKS 2ND ADD V277 P95","d":"SOUTHERN LOCAL SCHOOL DISTRICT","t":199.54,"l":"RE","c":0}},{"type":"Feature","geometry":{"type":"Polygon","coordinates":[[[-81.969422,38.995792],[-81.969442,38.995518],[-81.969618,38.995526],[-81.969598,38.9958],[-81.969422,38.995792]]]},"properties":{"p":"2000426000","o":"COUNTS VAN S","a":"100A LOT295 T2N R12W 10 EX. COAL RIGHTS","d":"SOUTHERN LOCAL SCHOOL DISTRICT","t":172.68,"l":"RE","c":0}},{"type":"Feature","geometry":{"type":"Polygon","coordinates":[[[-81.969422,38.995792],[-81.969247,38.995785],[-81.969266,38.995511],[-81.969442,38.995518],[-81.969422,38.995792]]]},"properties":{"p":"2000427000","o":"COUNTS VAN S","a":"100A LOT295 T2N R12W 11 EX. COAL RIGHTS","d":"SOUTHERN LOCAL SCHOOL DISTRICT","t":172.68,"l":"RE","c":0}}]}