{"type":"FeatureCollection","features":[{"type":"Feature","geometry":{"type":"Polygon","coordinates":[[[-83.11139,41.341996],[-83.111346,41.341946],[-83.111302,41.341624],[-83.111691,41.341622],[-83.111745,41.342067],[-83.111663,41.342068],[-83.11139,41.341996]]]},"properties":{"p":"34-97-00-0001-00","o":"JOHNSON, WILLIE & BERNICE","a":"508 AVIS ST","d":"Fremont City School District","t":17795.52,"l":"430: Com-Retaurant","c":0}},{"type":"Feature","geometry":{"type":"Polygon","coordinates":[[[-83.070766,41.341958],[-83.070767,41.341666],[-83.070908,41.341668],[-83.071185,41.336234],[-83.076153,41.337575],[-83.076023,41.337942],[-83.076856,41.338253],[-83.078117,41.338685],[-83.077972,41.341851],[-83.073948,41.341804],[-83.073947,41.343574],[-83.073916,41.34612],[-83.073914,41.348931],[-83.072093,41.348922],[-83.072061,41.348542],[-83.071887,41.348065],[-83.071106,41.347224],[-83.07091,41.346587],[-83.070946,41.346128],[-83.07083,41.344791],[-83.070746,41.34479],[-83.070766,41.341958]]]},"properties":{"p":"34-60-00-0423-00","o":"FREMONT GOLF CLUB, THE","a":"2340 STATE ST E","d":"Fremont City School District","t":11702.22,"l":"463: Com-Golf Course","c":0}},{"type":"Feature","geometry":{"type":"Polygon","coordinates":[[[-83.114843,41.379057],[-83.114842,41.378643],[-83.116064,41.378643],[-83.116063,41.378561],[-83.116974,41.378561],[-83.116981,41.379055],[-83.114843,41.379057]]]},"properties":{"p":"34-60-00-0413-07","o":"MDC MERCURY 2604 PROPCO 3 LLC","a":"SR 53","d":"Fremont City School District","t":10186.45,"l":"400: Com-Vacant Land","c":0}},{"type":"Feature","geometry":{"type":"Polygon","coordinates":[[[-83.121556,41.352376],[-83.121555,41.352257],[-83.122519,41.352258],[-83.12252,41.35238],[-83.121556,41.352376]]]},"properties":{"p":"34-60-00-0155-00","o":"HUBLEY, NICHOLAS D & KATHLEEN E /SURV","a":"533 JACKSON ST","d":"Fremont City School District","t":13354.48,"l":"510: Res-Single Family","c":0}},{"type":"Feature","geometry":{"type":"Polygon","coordinates":[[[-83.126818,41.352264],[-83.126981,41.352041],[-83.127111,41.352041],[-83.126933,41.35229],[-83.126818,41.352264]]]},"properties":{"p":"34-60-00-0153-11","o":"RICE, STANLEY C.& LOPEZ,","a":"1232 SYCAMORE ST","d":"Fremont City School District","t":13901.38,"l":"500: Res-Vacant Land","c":0}},{"type":"Feature","geometry":{"type":"Polygon","coordinates":[[[-83.131065,41.350175],[-83.131062,41.349831],[-83.131242,41.349832],[-83.131242,41.350176],[-83.131065,41.350175]]]},"properties":{"p":"34-60-00-0137-01","o":"THOMPSON, THOMAS P.","a":"1505 HICKORY ST","d":"Fremont City School District","t":10241.72,"l":"500: Res-Vacant Land","c":0}},{"type":"Feature","geometry":{"type":"Polygon","coordinates":[[[-83.085172,41.336267],[-83.085183,41.336152],[-83.085826,41.335765],[-83.085893,41.335832],[-83.085995,41.335865],[-83.085753,41.336293],[-83.085172,41.336267]]]},"properties":{"p":"34-50-00-6608-00","o":"TURNER, JOHN H","a":"1818 MARIO PL","d":"Fremont City School District","t":8610.85,"l":"510: Res-Single Family","c":0}},{"type":"Feature","geometry":{"type":"Polygon","coordinates":[[[-83.079979,41.344205],[-83.079926,41.344161],[-83.079925,41.343864],[-83.080453,41.343858],[-83.080453,41.344205],[-83.079979,41.344205]]]},"properties":{"p":"34-50-00-6384-00","o":"BIGGERT, DOUGLAS L JR & AMANDA J /SURV","a":"263 ST PAUL DR","d":"Fremont City School District","t":30008.99,"l":"510: Res-Single Family","c":0}},{"type":"Feature","geometry":{"type":"Polygon","coordinates":[[[-83.128267,41.361828],[-83.128268,41.36165],[-83.12876,41.36165],[-83.128758,41.36183],[-83.128267,41.361828]]]},"properties":{"p":"34-50-00-6147-00","o":"SEE-GARRY, AMY","a":"1409 ALGER ST","d":"Fremont City School District","t":13301.11,"l":"510: Res-Single Family","c":0}},{"type":"Feature","geometry":{"type":"Polygon","coordinates":[[[-83.135564,41.348436],[-83.135569,41.348143],[-83.135751,41.348143],[-83.135749,41.348435],[-83.135564,41.348436]]]},"properties":{"p":"34-50-00-5269-00","o":"SMITH, RICHARD C II & LAURA C/SURV","a":"1909 CHARLES ST","d":"Fremont City School District","t":9737.63,"l":"510: Res-Single Family","c":0}},{"type":"Feature","geometry":{"type":"Polygon","coordinates":[[[-83.132275,41.344157],[-83.132283,41.343745],[-83.13246,41.343745],[-83.132453,41.344156],[-83.132275,41.344157]]]},"properties":{"p":"34-50-00-5166-00","o":"LENZ, MICHAEL R & BARBARA","a":"1703 BIRCHARD AVE","d":"Fremont City School District","t":11023.02,"l":"510: Res-Single Family","c":0}},{"type":"Feature","geometry":{"type":"Polygon","coordinates":[[[-83.101513,41.339771],[-83.101706,41.339366],[-83.101859,41.339407],[-83.101729,41.339683],[-83.101679,41.339669],[-83.101613,41.339797],[-83.101513,41.339771]]]},"properties":{"p":"34-50-00-4467-01","o":"DUNEGAN, JUDITH C","a":"912 AMSDEN BLVD","d":"Fremont City School District","t":21493.86,"l":"500: Res-Vacant Land","c":0}},{"type":"Feature","geometry":{"type":"Polygon","coordinates":[[[-83.009573,41.319154],[-83.009612,41.316461],[-83.012907,41.316502],[-83.012864,41.319227],[-83.012469,41.320003],[-83.009573,41.319154]]]},"properties":{"p":"32-60-00-0201-00","o":"HD EXPRESS MART INC","a":"1559 SR 20","d":"Clyde-Green Springs Exempted Village School District","t":23912.02,"l":"429: Com-Other","c":0}},{"type":"Feature","geometry":{"type":"Polygon","coordinates":[[[-82.964424,41.296007],[-82.960372,41.295947],[-82.960504,41.28851],[-82.961887,41.287299],[-82.96493,41.287391],[-82.964849,41.294221],[-82.964864,41.294475],[-82.964916,41.294727],[-82.965005,41.294972],[-82.965202,41.295324],[-82.965472,41.295646],[-82.965895,41.296029],[-82.964424,41.296007]]]},"properties":{"p":"32-60-00-0182-01","o":"STORE MASTER FUNDING XVI LLC","a":"550 PREMIER DR","d":"Clyde-Green Springs Exempted Village School District","t":55211.97,"l":"330: Ind-Manufacturing-Medium","c":0}},{"type":"Feature","geometry":{"type":"Polygon","coordinates":[[[-82.967075,41.297038],[-82.968427,41.29703],[-82.968429,41.297772],[-82.967082,41.297783],[-82.967075,41.297038]]]},"properties":{"p":"32-60-00-0054-00","o":"700 COULSON, LLC","a":"700 COULSON ST","d":"Clyde-Green Springs Exempted Village School District","t":12558.79,"l":"402: Com-Apartment- 20 to 39","c":0}},{"type":"Feature","geometry":{"type":"Polygon","coordinates":[[[-82.970574,41.301773],[-82.970791,41.301771],[-82.970791,41.302113],[-82.970574,41.302114],[-82.970574,41.301773]]]},"properties":{"p":"32-60-00-0040-22","o":"HALLIER, MICHELE S","a":"323 ARCH ST","d":"Clyde-Green Springs Exempted Village School District","t":11427.33,"l":"510: Res-Single Family","c":0}},{"type":"Feature","geometry":{"type":"Polygon","coordinates":[[[-82.965541,41.304339],[-82.965538,41.303842],[-82.96581,41.303912],[-82.965813,41.304339],[-82.965541,41.304339]]]},"properties":{"p":"32-50-00-1349-01","o":"HATLAY, GARY","a":"528 BROWN ST","d":"Clyde-Green Springs Exempted Village School District","t":23799.43,"l":"510: Res-Single Family","c":0}},{"type":"Feature","geometry":{"type":"Polygon","coordinates":[[[-82.973853,41.29759],[-82.973858,41.29714],[-82.974222,41.297139],[-82.974218,41.297589],[-82.973853,41.29759]]]},"properties":{"p":"32-50-00-1199-00","o":"M & T INVESTMENTS LLC","a":"111 BERTHA AVE","d":"Clyde-Green Springs Exempted Village School District","t":11175.11,"l":"510: Res-Single Family","c":0}},{"type":"Feature","geometry":{"type":"Polygon","coordinates":[[[-83.018596,41.393571],[-83.01935,41.393354],[-83.019318,41.394729],[-83.018564,41.394945],[-83.018596,41.393571]]]},"properties":{"p":"08-16-00-0003-06","o":"DEVAULT, KENNETH E","a":"2931 SR 6 E","d":"Fremont City School District","t":8581.18,"l":"511: Res-Custom Code","c":0}},{"type":"Feature","geometry":{"type":"Polygon","coordinates":[[[-83.020261,41.281229],[-83.020379,41.280511],[-83.020874,41.280613],[-83.020726,41.281413],[-83.020247,41.281312],[-83.020261,41.281229]]]},"properties":{"p":"06-28-00-0001-02","o":"BURROUGHS, WESLEY WILLIAM","a":"2915 CR 195","d":"Clyde-Green Springs Exempted Village School District","t":9554.14,"l":"511: Res-Custom Code","c":0}},{"type":"Feature","geometry":{"type":"MultiPolygon","coordinates":[[[[-83.032814,41.303226],[-83.032853,41.301716],[-83.033185,41.30171],[-83.033416,41.301657],[-83.036231,41.300427],[-83.03642,41.300283],[-83.036511,41.300166],[-83.036569,41.300038],[-83.036592,41.299904],[-83.036578,41.299768],[-83.036491,41.299576],[-83.038122,41.29957],[-83.038916,41.299991],[-83.039534,41.300346],[-83.039567,41.302047],[-83.041751,41.302022],[-83.041716,41.300252],[-83.039658,41.300275],[-83.038363,41.299569],[-83.042362,41.299554],[-83.042292,41.303169],[-83.032814,41.303226]]],[[[-83.032771,41.301119],[-83.032809,41.29959],[-83.036219,41.299577],[-83.036329,41.299748],[-83.036355,41.299865],[-83.036323,41.30004],[-83.036257,41.300147],[-83.0361,41.300278],[-83.033314,41.301496],[-83.033125,41.301535],[-83.032879,41.301533],[-83.032881,41.301495],[-83.03297,41.301426],[-83.033008,41.301369],[-83.033015,41.301273],[-83.032984,41.301212],[-83.032928,41.301163],[-83.032854,41.301131],[-83.032771,41.301119]]]]},"properties":{"p":"06-17-00-0002-00","o":"SANDUSKY COUNTY REGIONAL","a":"CR 220","d":"Clyde-Green Springs Exempted Village School District","t":8701.32,"l":"304: Ind-Custom Code","c":0}},{"type":"Feature","geometry":{"type":"Polygon","coordinates":[[[-83.018235,41.325773],[-83.018239,41.325487],[-83.018887,41.325491],[-83.018885,41.325774],[-83.018235,41.325773]]]},"properties":{"p":"06-09-01-0011-00","o":"PEARCE, MARVIN L & PEGGY","a":"694 CR 232","d":"Clyde-Green Springs Exempted Village School District","t":16690.49,"l":"510: Res-Single Family","c":0}},{"type":"Feature","geometry":{"type":"Polygon","coordinates":[[[-83.065658,41.334382],[-83.065667,41.331693],[-83.067381,41.332157],[-83.067377,41.334848],[-83.065658,41.334382]]]},"properties":{"p":"06-06-00-0014-00","o":"D2X HOLDINGS LLC","a":"2673 STATE ST E","d":"Clyde-Green Springs Exempted Village School District","t":10975.82,"l":"455: Com-Garage","c":0}},{"type":"Feature","geometry":{"type":"Polygon","coordinates":[[[-82.877422,41.367499],[-82.877534,41.367437],[-82.877524,41.368353],[-82.876119,41.368394],[-82.876121,41.368231],[-82.877422,41.367499]]]},"properties":{"p":"04-26-00-0003-01","o":"DAUCH, THOMAS L. & ROBERT","a":"969 CR 302","d":"Margaretta Local School District","t":20232.45,"l":"511: Res-Custom Code","c":0}},{"type":"Feature","geometry":{"type":"Polygon","coordinates":[[[-82.849007,41.370643],[-82.849,41.369818],[-82.848529,41.36982],[-82.84853,41.370028],[-82.846984,41.370666],[-82.846775,41.370015],[-82.846862,41.370001],[-82.846851,41.369448],[-82.846805,41.369448],[-82.846776,41.368232],[-82.847995,41.3682],[-82.848002,41.367885],[-82.849792,41.367878],[-82.849745,41.370411],[-82.849008,41.370737],[-82.849007,41.370643]]]},"properties":{"p":"04-25-00-0015-00","o":"KEEGAN, DEANNA C","a":"7475 SR 101 E","d":"Margaretta Local School District","t":8569.22,"l":"502: Res-Custom Code","c":0}},{"type":"Feature","geometry":{"type":"Polygon","coordinates":[[[-82.854482,41.374418],[-82.854821,41.373311],[-82.854928,41.37345],[-82.855028,41.373503],[-82.855142,41.373535],[-82.855544,41.37356],[-82.855542,41.373653],[-82.855635,41.373662],[-82.855608,41.375136],[-82.854455,41.374505],[-82.854482,41.374418]]]},"properties":{"p":"04-24-00-0018-03","o":"SMITH, ALEX Q","a":"7195 SR 412","d":"Margaretta Local School District","t":12972.99,"l":"511: Res-Custom Code","c":0}},{"type":"Feature","geometry":{"type":"Polygon","coordinates":[[[-82.867899,41.408269],[-82.862967,41.408268],[-82.862959,41.404301],[-82.872753,41.404365],[-82.872796,41.408304],[-82.867899,41.408269]]]},"properties":{"p":"04-11-00-0005-00","o":"YETTER, DAVID & HOLLY LYN","a":"2232 CR 306 N","d":"Margaretta Local School District","t":9887.72,"l":"111: Agr-CAUV-Cash-Grain Farm","c":0}},{"type":"Feature","geometry":{"type":"Polygon","coordinates":[[[-82.911049,41.408512],[-82.91105,41.40846],[-82.910463,41.40845],[-82.910466,41.408139],[-82.91289,41.408175],[-82.912878,41.40854],[-82.911049,41.408512]]]},"properties":{"p":"04-09-00-0018-00","o":"ALLEN, DAVID & TOMI M /SURV","a":"5737 SR 6","d":"Margaretta Local School District","t":8527.22,"l":"562: Res-Custom Code","c":0}},{"type":"Feature","geometry":{"type":"Polygon","coordinates":[[[-82.899482,41.42981],[-82.899609,41.429742],[-82.899713,41.429859],[-82.899584,41.429924],[-82.899482,41.42981]]]},"properties":{"p":"04-04-05-0043-00","o":"MCDONALD, EDWARD R JR","a":"CR 334","d":"Margaretta Local School District","t":17784.71,"l":"500: Res-Vacant Land","c":0}},{"type":"Feature","geometry":{"type":"Polygon","coordinates":[[[-82.877713,41.283555],[-82.877717,41.282282],[-82.878712,41.282285],[-82.878701,41.283204],[-82.878714,41.283821],[-82.877713,41.283555]]]},"properties":{"p":"03-60-00-0093-01","o":"AEGLOS ENTERPRISES LLC","a":"1275 MAIN ST W","d":"Bellevue City School District","t":14307.3,"l":"480: Com-Warehouse","c":0}},{"type":"Feature","geometry":{"type":"Polygon","coordinates":[[[-82.841635,41.27529],[-82.842174,41.274228],[-82.842457,41.274306],[-82.841916,41.275371],[-82.841635,41.27529]]]},"properties":{"p":"03-60-00-0044-01","o":"KNOLL CREST INVESTORS LTD","a":"220 MAIN ST","d":"Bellevue City School District","t":10235.97,"l":"429: Com-Other","c":0}},{"type":"Feature","geometry":{"type":"Polygon","coordinates":[[[-82.853656,41.275082],[-82.853791,41.274798],[-82.853945,41.27484],[-82.853816,41.275126],[-82.853656,41.275082]]]},"properties":{"p":"03-50-00-2151-00","o":"ORWIG, DAVID L & KATHLEEN R /SURV","a":"111 REDWOOD DR","d":"Bellevue City School District","t":21730.75,"l":"560: Res-Mobile Home","c":0}},{"type":"Feature","geometry":{"type":"Polygon","coordinates":[[[-82.845255,41.279285],[-82.845241,41.27887],[-82.845408,41.278871],[-82.845421,41.279286],[-82.845255,41.279285]]]},"properties":{"p":"03-50-00-1569-00","o":"MCCARTHY, CHERYL A","a":"241 FAIRFIELD AVE","d":"Bellevue City School District","t":11860.47,"l":"510: Res-Single Family","c":0}},{"type":"Feature","geometry":{"type":"Polygon","coordinates":[[[-82.843127,41.278322],[-82.843115,41.277914],[-82.843332,41.277916],[-82.843346,41.278324],[-82.843127,41.278322]]]},"properties":{"p":"03-50-00-1005-00","o":"TJR INVESTMENTS LLC","a":"152 UNION ST","d":"Bellevue City School District","t":19316.8,"l":"520: Res-Two Family","c":0}},{"type":"Feature","geometry":{"type":"Polygon","coordinates":[[[-82.845127,41.272377],[-82.844765,41.272012],[-82.844967,41.271895],[-82.84569,41.272626],[-82.845486,41.272739],[-82.845127,41.272377]]]},"properties":{"p":"03-50-00-0376-00","o":"KRUPKE, PATRICIA D","a":"238 KILBOURNE ST","d":"Bellevue City School District","t":24722.65,"l":"520: Res-Two Family","c":0}},{"type":"Feature","geometry":{"type":"Polygon","coordinates":[[[-82.951857,41.270578],[-82.951857,41.270496],[-82.952239,41.270502],[-82.952228,41.271701],[-82.951846,41.271695],[-82.951857,41.270578]]]},"properties":{"p":"02-30-00-0003-03","o":"BARNES, EVA KISTLER","a":"4710 CR 183","d":"Clyde-Green Springs Exempted Village School District","t":8491.96,"l":"511: Res-Custom Code","c":0}},{"type":"Feature","geometry":{"type":"Polygon","coordinates":[[[-82.909169,41.255762],[-82.909615,41.25576],[-82.909622,41.256214],[-82.909175,41.25622],[-82.909169,41.255762]]]},"properties":{"p":"01-33-00-0005-01","o":"DORSEY, KAREN S.","a":"5804 CR 113","d":"Bellevue City School District","t":10610.2,"l":"511: Res-Custom Code","c":0}},{"type":"Feature","geometry":{"type":"Polygon","coordinates":[[[-82.861607,41.280078],[-82.861608,41.27958],[-82.861988,41.27968],[-82.861983,41.280079],[-82.861607,41.280078]]]},"properties":{"p":"01-26-00-0044-00","o":"SINGLETON, JARED W & MINDY M / SURV","a":"860 MAIN ST W","d":"Bellevue City School District","t":9957.64,"l":"511: Res-Custom Code","c":0}},{"type":"Feature","geometry":{"type":"MultiPolygon","coordinates":[[[[-82.858198,41.276723],[-82.858196,41.276632],[-82.859227,41.276626],[-82.859228,41.276987],[-82.858203,41.276993],[-82.858198,41.276723]]],[[[-82.859227,41.276626],[-82.859317,41.276626],[-82.859319,41.276986],[-82.859228,41.276987],[-82.859227,41.276626]]]]},"properties":{"p":"01-25-00-0003-01","o":"ROWLETT, MICHAEL H.","a":"2361 CR 308","d":"Bellevue City School District","t":13228.89,"l":"501: Res-Custom Code","c":0}},{"type":"Feature","geometry":{"type":"Polygon","coordinates":[[[-82.878148,41.291176],[-82.878149,41.290818],[-82.878766,41.290824],[-82.878764,41.291178],[-82.878148,41.291176]]]},"properties":{"p":"01-23-00-0008-05","o":"HILDEBRANDT, PAUL F & CAROL A TRUSTEES","a":"1885 CR 302","d":"Bellevue City School District","t":11456.65,"l":"511: Res-Custom Code","c":0}},{"type":"Feature","geometry":{"type":"Polygon","coordinates":[[[-82.904082,41.29212],[-82.904476,41.291119],[-82.906967,41.291797],[-82.906923,41.292182],[-82.907268,41.292268],[-82.907289,41.292973],[-82.904082,41.29212]]]},"properties":{"p":"01-21-00-0001-00","o":"OLD SCHOOL STORAGE LLC","a":"2314 SR 20","d":"Bellevue City School District","t":11279.8,"l":"455: Com-Garage","c":0}},{"type":"Feature","geometry":{"type":"Polygon","coordinates":[[[-82.906437,41.313749],[-82.906462,41.311313],[-82.907385,41.311315],[-82.907362,41.3137],[-82.907215,41.313754],[-82.906437,41.313749]]]},"properties":{"p":"01-16-00-0010-00","o":"HACKENBURG, ROBERT W.","a":"5839 CR 175","d":"Bellevue City School District","t":9244.1,"l":"511: Res-Custom Code","c":0}},{"type":"Feature","geometry":{"type":"Polygon","coordinates":[[[-82.896233,41.320969],[-82.896252,41.319459],[-82.896961,41.319458],[-82.896956,41.318632],[-82.896797,41.318084],[-82.896849,41.318064],[-82.897012,41.318627],[-82.89701,41.319979],[-82.897775,41.319969],[-82.897767,41.320967],[-82.896233,41.320969]]]},"properties":{"p":"01-10-00-0004-05","o":"KUNS, BRADLEY M & EDITH A /SURV","a":"6114 CR 175","d":"Bellevue City School District","t":14758.25,"l":"511: Res-Custom Code","c":0}},{"type":"Feature","geometry":{"type":"Polygon","coordinates":[[[-82.900653,41.313803],[-82.900654,41.313722],[-82.901528,41.313726],[-82.901513,41.314805],[-82.900639,41.314801],[-82.900653,41.313803]]]},"properties":{"p":"01-09-00-0009-00","o":"HACKENBURG, JACOB","a":"6002 CR 219","d":"Bellevue City School District","t":8806.35,"l":"599: Res-Other","c":0}},{"type":"Feature","geometry":{"type":"Polygon","coordinates":[[[-82.85839,41.335064],[-82.858519,41.33501],[-82.858881,41.335478],[-82.858048,41.335842],[-82.857696,41.335359],[-82.85839,41.335064]]]},"properties":{"p":"01-01-00-0007-00","o":"NEILL, KIM S","a":"7124 CR 175","d":"Bellevue City School District","t":15405.22,"l":"511: Res-Custom Code","c":0}},{"type":"Feature","geometry":{"type":"Polygon","coordinates":[[[-83.131441,41.350177],[-83.13144,41.349832],[-83.13182,41.349832],[-83.131819,41.350179],[-83.131441,41.350177]]]},"properties":{"p":"34-60-00-0137-04","o":"PERKINS, MARY & GEORGE","a":"1511 HICKORY ST","d":"Fremont City School District","t":20720.82,"l":"500: Res-Vacant Land","c":0}},{"type":"Feature","geometry":{"type":"Polygon","coordinates":[[[-83.12061,41.359425],[-83.12062,41.359063],[-83.120834,41.359063],[-83.120825,41.359426],[-83.12061,41.359425]]]},"properties":{"p":"34-50-00-3780-00","o":"CONKLIN, SCOTT","a":"1027 GARFIELD ST","d":"Fremont City School District","t":11000.32,"l":"510: Res-Single Family","c":0}},{"type":"Feature","geometry":{"type":"Polygon","coordinates":[[[-83.102515,41.342408],[-83.102665,41.342094],[-83.102801,41.342133],[-83.102648,41.342445],[-83.102515,41.342408]]]},"properties":{"p":"34-50-00-3513-00","o":"CHUA, KRISTINA M & JOHN D","a":"718 WILLOW ST","d":"Fremont City School District","t":11585.89,"l":"510: Res-Single Family","c":0}},{"type":"Feature","geometry":{"type":"Polygon","coordinates":[[[-83.120764,41.338595],[-83.12075,41.338499],[-83.12067,41.338275],[-83.120889,41.338274],[-83.120898,41.338725],[-83.120804,41.338726],[-83.12077,41.338663],[-83.120764,41.338595]]]},"properties":{"p":"34-50-00-3029-00","o":"WHARTON, LETHA ET AL","a":"JUNE ST","d":"Fremont City School District","t":9328.77,"l":"500: Res-Vacant Land","c":0}},{"type":"Feature","geometry":{"type":"Polygon","coordinates":[[[-83.120515,41.339392],[-83.120753,41.339391],[-83.120751,41.339717],[-83.120516,41.339718],[-83.120515,41.339392]]]},"properties":{"p":"34-50-00-2176-00","o":"CHURCH, MOUNT CALVARY BAPTIST CHURCH BOARD OF TRUSTEES","a":"820 SOUTH ST","d":"Fremont City School District","t":16590.38,"l":"510: Res-Single Family","c":0}},{"type":"Feature","geometry":{"type":"Polygon","coordinates":[[[-83.103686,41.34296],[-83.103762,41.342701],[-83.104426,41.342878],[-83.10433,41.343132],[-83.103686,41.34296]]]},"properties":{"p":"34-50-00-1745-00","o":"JOHNSON, WILLIE & BERNICE","a":"206 MORRISON ST","d":"Fremont City School District","t":20049.36,"l":"500: Res-Vacant Land","c":0}},{"type":"Feature","geometry":{"type":"Polygon","coordinates":[[[-83.115404,41.339773],[-83.115666,41.339652],[-83.11592,41.33996],[-83.115664,41.34008],[-83.115404,41.339773]]]},"properties":{"p":"34-50-00-1542-00","o":"HOLMES, EDDIE F & SHIRLEY J","a":"414 TIFFIN ST","d":"Fremont City School District","t":9380.54,"l":"500: Res-Vacant Land","c":0}},{"type":"Feature","geometry":{"type":"Polygon","coordinates":[[[-83.128875,41.349959],[-83.12887,41.349784],[-83.129318,41.349784],[-83.129318,41.349958],[-83.128875,41.349959]]]},"properties":{"p":"34-50-00-1294-00","o":"RAKAY, TIMOTHY S.","a":"336 SPRUCE ST","d":"Fremont City School District","t":17261.34,"l":"500: Res-Vacant Land","c":0}},{"type":"Feature","geometry":{"type":"Polygon","coordinates":[[[-83.12936,41.349492],[-83.129812,41.34949],[-83.129813,41.349584],[-83.129361,41.349589],[-83.12936,41.349492]]]},"properties":{"p":"34-50-00-1290-01","o":"RAKAY, TIMOTHY S","a":"409 HARRISON ST","d":"Fremont City School District","t":15257.86,"l":"500: Res-Vacant Land","c":0}},{"type":"Feature","geometry":{"type":"Polygon","coordinates":[[[-83.115881,41.352072],[-83.116099,41.352074],[-83.116095,41.352187],[-83.115875,41.35223],[-83.115881,41.352072]]]},"properties":{"p":"34-50-00-1263-02","o":"WOLFF, BEATRICE A HALM","a":"444 FULTON ST","d":"Fremont City School District","t":14628.16,"l":"500: Res-Vacant Land","c":0}},{"type":"Feature","geometry":{"type":"Polygon","coordinates":[[[-83.107925,41.348622],[-83.108023,41.34851],[-83.108399,41.348699],[-83.108299,41.348814],[-83.107925,41.348622]]]},"properties":{"p":"34-50-00-1159-00","o":"MEDELLIN, MANUELA","a":"303 SANDUSKY AVE","d":"Fremont City School District","t":8360.16,"l":"500: Res-Vacant Land","c":0}},{"type":"Feature","geometry":{"type":"Polygon","coordinates":[[[-83.111944,41.342933],[-83.11194,41.342829],[-83.112401,41.342825],[-83.112402,41.342931],[-83.111944,41.342933]]]},"properties":{"p":"34-50-00-0959-02","o":"JONES, CAROL ANN & ALBERT","a":"407 BIDWELL AVE","d":"Fremont City School District","t":20437.11,"l":"500: Res-Vacant Land","c":0}},{"type":"Feature","geometry":{"type":"Polygon","coordinates":[[[-83.102876,41.353484],[-83.103004,41.35334],[-83.10341,41.35354],[-83.103279,41.353686],[-83.102876,41.353484]]]},"properties":{"p":"34-50-00-0847-00","o":"JOHNSON, WILLIE & BERNICE","a":"618 SECOND ST","d":"Fremont City School District","t":9435.23,"l":"599: Res-Other","c":0}},{"type":"Feature","geometry":{"type":"Polygon","coordinates":[[[-83.103272,41.353038],[-83.103409,41.352883],[-83.103818,41.353084],[-83.10368,41.353238],[-83.103272,41.353038]]]},"properties":{"p":"34-50-00-0810-00","o":"JOHNSON, WILLIE & BERNICE /SURV","a":"602 SECOND ST","d":"Fremont City School District","t":10787.15,"l":"500: Res-Vacant Land","c":0}},{"type":"Feature","geometry":{"type":"Polygon","coordinates":[[[-83.122776,41.346934],[-83.122478,41.346935],[-83.122479,41.34658],[-83.123074,41.346577],[-83.123071,41.346933],[-83.122776,41.346934]]]},"properties":{"p":"34-50-00-0418-00","o":"1000 CROGHAN LLC","a":"1000 CROGHAN ST","d":"Fremont City School District","t":12569.18,"l":"402: Com-Apartment- 20 to 39","c":0}},{"type":"Feature","geometry":{"type":"Polygon","coordinates":[[[-83.111911,41.343346],[-83.112411,41.343342],[-83.112418,41.343795],[-83.111977,41.3438],[-83.111911,41.343346]]]},"properties":{"p":"34-50-00-0355-00","o":"JANEL TERRACE OH LP","a":"315 BIDWELL AVE","d":"Fremont City School District","t":48752.77,"l":"403: Com-Apartment- 40+","c":0}},{"type":"Feature","geometry":{"type":"Polygon","coordinates":[[[-83.115059,41.347488],[-83.114648,41.347312],[-83.114725,41.347209],[-83.115149,41.347397],[-83.115072,41.347494],[-83.115059,41.347488]]]},"properties":{"p":"34-50-00-0154-00","o":"MARTIN, TIMOTHY L III","a":"120-122 ARCH ST","d":"Fremont City School District","t":8124.02,"l":"447: Com-Office","c":0}},{"type":"Feature","geometry":{"type":"Polygon","coordinates":[[[-83.117463,41.350871],[-83.117509,41.350805],[-83.117544,41.35082],[-83.11759,41.350755],[-83.11805,41.350943],[-83.117954,41.351074],[-83.117463,41.350871]]]},"properties":{"p":"34-50-00-0048-00","o":"KINGDOM FIRST PROPERTIES LLC","a":"439 WOOD ST N","d":"Fremont City School District","t":8603.55,"l":"510: Res-Single Family","c":0}},{"type":"Feature","geometry":{"type":"Polygon","coordinates":[[[-83.053638,41.25702],[-83.053634,41.256852],[-83.054287,41.256859],[-83.05429,41.257034],[-83.053638,41.25702]]]},"properties":{"p":"33-50-00-0080-00","o":"STOKES, JEREMY","a":"116 11 ADAMS ST","d":"Clyde-Green Springs Exempted Village School District","t":17730.79,"l":"520: Res-Two Family","c":0}},{"type":"Feature","geometry":{"type":"Polygon","coordinates":[[[-82.942935,41.301071],[-82.942202,41.300881],[-82.942252,41.300309],[-82.943041,41.300335],[-82.943069,41.299501],[-82.944655,41.299536],[-82.944632,41.300462],[-82.944624,41.30048],[-82.944487,41.300443],[-82.944069,41.30138],[-82.942935,41.301071]]]},"properties":{"p":"32-60-00-0204-01","o":"CLYDE 112 APL RKC LLC","a":"112 INDEPENDENCE WAY","d":"Clyde-Green Springs Exempted Village School District","t":45873.55,"l":"447: Com-Office","c":0}},{"type":"Feature","geometry":{"type":"Polygon","coordinates":[[[-82.989233,41.31848],[-82.989234,41.317005],[-82.989343,41.317005],[-82.989343,41.317042],[-82.989718,41.317031],[-82.990326,41.317073],[-82.990326,41.318733],[-82.989233,41.318733],[-82.989233,41.31848]]]},"properties":{"p":"32-60-00-0176-01","o":"LAURELHURST, LLC","a":"900 WOODLAND AVE N","d":"Clyde-Green Springs Exempted Village School District","t":15486.01,"l":"403: Com-Apartment- 40+","c":0}},{"type":"Feature","geometry":{"type":"Polygon","coordinates":[[[-82.960231,41.301941],[-82.959512,41.301748],[-82.959531,41.299724],[-82.961482,41.299727],[-82.962056,41.299856],[-82.962132,41.299856],[-82.96213,41.302012],[-82.961988,41.301973],[-82.961804,41.302361],[-82.960231,41.301941]]]},"properties":{"p":"32-60-00-0114-16","o":"EVERGREEN RECYCLING LLC","a":"202 WATERTOWER DR","d":"Clyde-Green Springs Exempted Village School District","t":72178.22,"l":"340: Ind-Manufacturing-Light","c":0}},{"type":"Feature","geometry":{"type":"Polygon","coordinates":[[[-82.989496,41.30481],[-82.990048,41.304804],[-82.990044,41.305081],[-82.989492,41.305083],[-82.989496,41.30481]]]},"properties":{"p":"32-50-00-2523-00","o":"CREAM INCORPORATED, THE","a":"385 WOODLAND AVE","d":"Clyde-Green Springs Exempted Village School District","t":44751.32,"l":"510: Res-Single Family","c":0}},{"type":"Feature","geometry":{"type":"Polygon","coordinates":[[[-82.978059,41.311689],[-82.978063,41.31155],[-82.978568,41.311552],[-82.978569,41.311689],[-82.978059,41.311689]]]},"properties":{"p":"32-50-00-1515-00","o":"COLELLA, KRYSTAL G","a":"127 MIDVALE AVE","d":"Clyde-Green Springs Exempted Village School District","t":10548.92,"l":"510: Res-Single Family","c":0}},{"type":"Feature","geometry":{"type":"Polygon","coordinates":[[[-82.98739,41.297099],[-82.987393,41.296921],[-82.98763,41.296919],[-82.987627,41.297098],[-82.98739,41.297099]]]},"properties":{"p":"32-50-00-0815-00","o":"KUBITZ, TRACY L","a":"163 LIBERTY ST","d":"Clyde-Green Springs Exempted Village School District","t":12990.89,"l":"510: Res-Single Family","c":0}},{"type":"Feature","geometry":{"type":"Polygon","coordinates":[[[-82.978302,41.305433],[-82.978486,41.305324],[-82.978857,41.305669],[-82.978673,41.305778],[-82.978302,41.305433]]]},"properties":{"p":"32-50-00-0493-00","o":"PAWSEY, DAVID L","a":"638 VINE ST","d":"Clyde-Green Springs Exempted Village School District","t":13969.2,"l":"510: Res-Single Family","c":0}},{"type":"Feature","geometry":{"type":"Polygon","coordinates":[[[-82.971768,41.303229],[-82.971768,41.302781],[-82.972008,41.302779],[-82.972007,41.30323],[-82.971768,41.303229]]]},"properties":{"p":"32-50-00-0178-00","o":"WOTT, JEFFREY A","a":"165 CHERRY ST E","d":"Clyde-Green Springs Exempted Village School District","t":15338.15,"l":"510: Res-Single Family","c":0}},{"type":"Feature","geometry":{"type":"Polygon","coordinates":[[[-83.097667,41.413501],[-83.097688,41.41295],[-83.098052,41.412953],[-83.098032,41.413505],[-83.097667,41.413501]]]},"properties":{"p":"31-11-03-0011-00","o":"GODDARD, EUGENE L.","a":"821 SUNNY ACRES DR","d":"Fremont City School District","t":11633.54,"l":"541: Res-Custom Code","c":0}},{"type":"Feature","geometry":{"type":"Polygon","coordinates":[[[-83.091908,41.416675],[-83.090045,41.415423],[-83.090277,41.415467],[-83.090619,41.41539],[-83.090825,41.415311],[-83.090974,41.415292],[-83.091073,41.415233],[-83.092451,41.416346],[-83.09201,41.416744],[-83.091908,41.416675]]]},"properties":{"p":"31-02-00-0018-00","o":"WASSERMAN, MELISSA S","a":"4131 SR 53 N","d":"Fremont City School District","t":8985.48,"l":"511: Res-Custom Code","c":0}},{"type":"Feature","geometry":{"type":"Polygon","coordinates":[[[-83.368345,41.450406],[-83.368631,41.449954],[-83.369113,41.450104],[-83.368804,41.450595],[-83.368345,41.450406]]]},"properties":{"p":"30-50-00-0520-00","o":"SALANDER, RENE M","a":"417 ERIE ST","d":"Woodmore Local School District","t":20076.33,"l":"510: Res-Single Family","c":0}},{"type":"Feature","geometry":{"type":"Polygon","coordinates":[[[-83.3642,41.455618],[-83.364157,41.455575],[-83.36438,41.455274],[-83.364527,41.455334],[-83.364292,41.455656],[-83.3642,41.455618]]]},"properties":{"p":"30-50-00-0143-02","o":"APPELHANS, ERICH PHILLIP","a":"406 NORTH ST","d":"Woodmore Local School District","t":12085.3,"l":"510: Res-Single Family","c":0}},{"type":"Feature","geometry":{"type":"Polygon","coordinates":[[[-83.330143,41.437452],[-83.330144,41.437418],[-83.330897,41.437716],[-83.330941,41.439896],[-83.330971,41.440039],[-83.331149,41.440418],[-83.331356,41.440788],[-83.331427,41.441018],[-83.331429,41.441175],[-83.33134,41.441755],[-83.33116,41.442621],[-83.331017,41.442923],[-83.330882,41.443111],[-83.330198,41.443111],[-83.330143,41.437452]]]},"properties":{"p":"28-35-00-0001-00","o":"GRAFFICE, GLENN & SON INC","a":"1226 SR 20","d":"Woodmore Local School District","t":9770.67,"l":"502: Res-Custom Code","c":0}},{"type":"Feature","geometry":{"type":"Polygon","coordinates":[[[-83.408433,41.429057],[-83.408472,41.428902],[-83.410944,41.429436],[-83.409387,41.430559],[-83.408142,41.430219],[-83.408287,41.429727],[-83.408295,41.429624],[-83.408433,41.429057]]]},"properties":{"p":"28-31-00-0014-00","o":"HARMAN, JESSE & KIM","a":"1527 SR 105","d":"Woodmore Local School District","t":8353.58,"l":"511: Res-Custom Code","c":0}},{"type":"Feature","geometry":{"type":"Polygon","coordinates":[[[-83.344954,41.444796],[-83.344931,41.443816],[-83.346922,41.44462],[-83.346944,41.444095],[-83.347068,41.444145],[-83.346963,41.444793],[-83.344954,41.444796]]]},"properties":{"p":"28-27-00-0030-00","o":"GROUND LEVEL DEVELOPEMENT","a":"SR 20","d":"Woodmore Local School District","t":8815.99,"l":"399: Ind-Other","c":0}},{"type":"Feature","geometry":{"type":"Polygon","coordinates":[[[-83.370076,41.461559],[-83.371002,41.461554],[-83.371013,41.462241],[-83.372348,41.46229],[-83.372351,41.462465],[-83.371228,41.462722],[-83.370076,41.461559]]]},"properties":{"p":"28-21-00-0052-00","o":"TORRES, MATIAS","a":"670 PENN LN","d":"Woodmore Local School District","t":21723.54,"l":"511: Res-Custom Code","c":0}},{"type":"Feature","geometry":{"type":"Polygon","coordinates":[[[-83.371228,41.462722],[-83.372351,41.462465],[-83.372372,41.463878],[-83.371228,41.462722]]]},"properties":{"p":"28-21-00-0011-00","o":"JOHNSON, ROSELEE","a":"685 PENN LN","d":"Woodmore Local School District","t":23928.13,"l":"511: Res-Custom Code","c":0}},{"type":"Feature","geometry":{"type":"Polygon","coordinates":[[[-83.369048,41.46052],[-83.370407,41.460572],[-83.370408,41.461045],[-83.369646,41.461124],[-83.369048,41.46052]]]},"properties":{"p":"28-21-00-0007-00","o":"RAMIREZ, HERCULANO","a":"626 PENN LN","d":"Woodmore Local School District","t":13802.85,"l":"511: Res-Custom Code","c":0}},{"type":"Feature","geometry":{"type":"MultiPolygon","coordinates":[[[[-83.413244,41.485608],[-83.41333,41.478976],[-83.414915,41.478983],[-83.414828,41.485668],[-83.413244,41.485676],[-83.413244,41.485608]]],[[[-83.412547,41.4755],[-83.412563,41.471056],[-83.41411,41.471694],[-83.414142,41.471643],[-83.414747,41.471898],[-83.414744,41.472171],[-83.414799,41.472171],[-83.414829,41.472657],[-83.414902,41.472657],[-83.414895,41.473081],[-83.414858,41.47308],[-83.414846,41.473821],[-83.414881,41.473959],[-83.414991,41.473959],[-83.414965,41.475517],[-83.412547,41.4755]]],[[[-83.41483,41.477085],[-83.414941,41.477083],[-83.414914,41.47864],[-83.412535,41.47863],[-83.412541,41.477118],[-83.41483,41.477085]]]]},"properties":{"p":"28-18-00-0001-00","o":"LINKE, WILLIAM H JR","a":"22131 CR 2","d":"Woodmore Local School District","t":8896.57,"l":"101: Agr-Cash-Grain Farm","c":0}},{"type":"Feature","geometry":{"type":"Polygon","coordinates":[[[-83.301681,41.425465],[-83.299345,41.424523],[-83.299581,41.413915],[-83.304564,41.413812],[-83.304231,41.425349],[-83.302111,41.42486],[-83.301681,41.425465]]]},"properties":{"p":"28-01-00-0015-00","o":"SHERMAN, DARYL J","a":"SR 20 W","d":"Woodmore Local School District","t":8710.84,"l":"110: Agr-CAUV-Vacant Land","c":0}},{"type":"Feature","geometry":{"type":"Polygon","coordinates":[[[-83.309056,41.428477],[-83.309086,41.427813],[-83.309994,41.427828],[-83.310035,41.426527],[-83.309129,41.426506],[-83.309176,41.425014],[-83.310086,41.425031],[-83.310115,41.423777],[-83.309214,41.423758],[-83.309241,41.422811],[-83.310285,41.422829],[-83.310306,41.422415],[-83.309253,41.422395],[-83.309276,41.421413],[-83.310175,41.421397],[-83.310171,41.421058],[-83.309284,41.421071],[-83.309366,41.418224],[-83.309425,41.418205],[-83.309543,41.418112],[-83.309723,41.41791],[-83.310298,41.417345],[-83.314199,41.417276],[-83.313831,41.428636],[-83.309518,41.428667],[-83.309056,41.428477]]]},"properties":{"p":"28-01-00-0005-00","o":"HOLLEY, N LYNN TRUSTEE","a":"2850 CR 62","d":"Woodmore Local School District","t":15228.62,"l":"111: Agr-CAUV-Cash-Grain Farm","c":0}},{"type":"Feature","geometry":{"type":"Polygon","coordinates":[[[-83.332139,41.385474],[-83.332146,41.385071],[-83.332352,41.385071],[-83.332342,41.385473],[-83.332139,41.385474]]]},"properties":{"p":"27-50-00-1004-00","o":"DIXON, CHARLES","a":"STEVENSON ST","d":"Gibsonburg Exempted Village School District","t":10617.66,"l":"500: Res-Vacant Land","c":0}},{"type":"Feature","geometry":{"type":"Polygon","coordinates":[[[-83.319464,41.382551],[-83.320022,41.382542],[-83.320014,41.382749],[-83.319455,41.382759],[-83.319464,41.382551]]]},"properties":{"p":"27-50-00-0340-00","o":"MICKEY, JAMES R","a":"223 MAIN ST S","d":"Gibsonburg Exempted Village School District","t":19992.96,"l":"510: Res-Single Family","c":0}},{"type":"Feature","geometry":{"type":"Polygon","coordinates":[[[-83.318766,41.384651],[-83.318947,41.384648],[-83.318938,41.385048],[-83.318752,41.385051],[-83.318766,41.384651]]]},"properties":{"p":"27-50-00-0207-00","o":"FRADD, FARRIN S","a":"120 MADISON ST E","d":"Gibsonburg Exempted Village School District","t":18404.41,"l":"510: Res-Single Family","c":0}},{"type":"Feature","geometry":{"type":"Polygon","coordinates":[[[-83.3194,41.384247],[-83.319947,41.384237],[-83.319943,41.384322],[-83.319397,41.384328],[-83.3194,41.384247]]]},"properties":{"p":"27-50-00-0018-00","o":"MELCHOR, ALBERTO JR & KAT","a":"105 MAIN ST S","d":"Gibsonburg Exempted Village School District","t":11495.25,"l":"430: Com-Retaurant","c":0}},{"type":"Feature","geometry":{"type":"Polygon","coordinates":[[[-83.37821,41.342019],[-83.378202,41.341543],[-83.378383,41.341543],[-83.37839,41.342019],[-83.37821,41.342019]]]},"properties":{"p":"25-95-00-0018-00","o":"LEMCOOL, PAUL","a":"110 CR 26","d":"Gibsonburg Exempted Village School District","t":9460.22,"l":"430: Com-Retaurant","c":0}},{"type":"Feature","geometry":{"type":"Polygon","coordinates":[[[-83.38039,41.341212],[-83.380385,41.340782],[-83.380917,41.340781],[-83.380908,41.341315],[-83.380388,41.341315],[-83.38039,41.341212]]]},"properties":{"p":"24-05-00-0012-00","o":"RODRIGUEZ, FRANCISCO & CYNTHIA M /SURV","a":"6616 SR 6","d":"Gibsonburg Exempted Village School District","t":10626.21,"l":"511: Res-Custom Code","c":0}},{"type":"Feature","geometry":{"type":"Polygon","coordinates":[[[-83.389132,41.279144],[-83.389205,41.279143],[-83.389157,41.279911],[-83.388426,41.279922],[-83.388473,41.27916],[-83.389132,41.279144]]]},"properties":{"p":"23-29-00-0004-00","o":"BATESON, DANIEL L & DEBORAH L","a":"2237 CR 22","d":"Lakota Local School District","t":9150.85,"l":"511: Res-Custom Code","c":0}},{"type":"Feature","geometry":{"type":"Polygon","coordinates":[[[-83.2971,41.439633],[-83.29933,41.439614],[-83.299374,41.442425],[-83.295425,41.442454],[-83.295387,41.439648],[-83.2971,41.439633]]]},"properties":{"p":"21-31-00-0008-01","o":"FPI OHIO LLC","a":"4558 CR 137","d":"Woodmore Local School District","t":10092.32,"l":"429: Com-Other","c":0}},{"type":"Feature","geometry":{"type":"Polygon","coordinates":[[[-83.201954,41.414173],[-83.202029,41.411908],[-83.202793,41.411928],[-83.202812,41.411362],[-83.202049,41.411343],[-83.202208,41.407056],[-83.204812,41.407018],[-83.20693,41.40859],[-83.206729,41.414247],[-83.201954,41.414306],[-83.201954,41.414173]]]},"properties":{"p":"19-11-00-0010-00","o":"DRUCKENMILLER, DAVID J.","a":"2528 CR 106","d":"Fremont City School District","t":18836.36,"l":"111: Agr-CAUV-Cash-Grain Farm","c":0}},{"type":"Feature","geometry":{"type":"Polygon","coordinates":[[[-83.288486,41.341821],[-83.288514,41.341416],[-83.28882,41.341415],[-83.288793,41.341821],[-83.288486,41.341821]]]},"properties":{"p":"18-50-00-0118-00","o":"ESKER, CHRISTOPHER","a":"285 MAIN ST","d":"Gibsonburg Exempted Village School District","t":9055.59,"l":"510: Res-Single Family","c":0}},{"type":"Feature","geometry":{"type":"Polygon","coordinates":[[[-83.25535,41.266483],[-83.25537,41.266043],[-83.255585,41.266046],[-83.255563,41.266487],[-83.25535,41.266483]]]},"properties":{"p":"16-50-00-0137-00","o":"RHOADS, KENNETH W & MARIL","a":"3377 GEORGE ST","d":"Lakota Local School District","t":11000,"l":"510: Res-Single Family","c":0}},{"type":"Feature","geometry":{"type":"Polygon","coordinates":[[[-83.255735,41.267626],[-83.255753,41.267167],[-83.25597,41.267171],[-83.255953,41.26763],[-83.255735,41.267626]]]},"properties":{"p":"16-50-00-0114-00","o":"LITTER, KRIS","a":"3389 MAIN ST","d":"Lakota Local School District","t":8831.85,"l":"510: Res-Single Family","c":0}},{"type":"Feature","geometry":{"type":"Polygon","coordinates":[[[-83.255514,41.267623],[-83.255533,41.267164],[-83.255753,41.267167],[-83.255735,41.267626],[-83.255514,41.267623]]]},"properties":{"p":"16-50-00-0113-00","o":"LITTER, KRIS","a":"3389 MAIN ST","d":"Lakota Local School District","t":8668.94,"l":"599: Res-Other","c":0}},{"type":"Feature","geometry":{"type":"Polygon","coordinates":[[[-83.254023,41.267081],[-83.254047,41.266609],[-83.254263,41.266613],[-83.254236,41.267084],[-83.254023,41.267081]]]},"properties":{"p":"16-50-00-0108-00","o":"TYSON, JARRET","a":"3342 GEORGE ST","d":"Lakota Local School District","t":8933.8,"l":"510: Res-Single Family","c":0}},{"type":"Feature","geometry":{"type":"Polygon","coordinates":[[[-83.251162,41.267713],[-83.251165,41.26763],[-83.251402,41.267634],[-83.251388,41.268227],[-83.251147,41.268224],[-83.251162,41.267713]]]},"properties":{"p":"16-28-00-0012-00","o":"WEYANT, RONALD E.","a":"3274 MAIN ST","d":"Lakota Local School District","t":69674.27,"l":"562: Res-Custom Code","c":0}},{"type":"Feature","geometry":{"type":"Polygon","coordinates":[[[-83.288592,41.330599],[-83.288211,41.329988],[-83.290521,41.330007],[-83.290722,41.329967],[-83.291756,41.329964],[-83.291759,41.330589],[-83.288592,41.330599]]]},"properties":{"p":"15-06-00-0001-02","o":"GRIBBIN, CHARLES","a":"397 CR 72","d":"Gibsonburg Exempted Village School District","t":8300.66,"l":"511: Res-Custom Code","c":0}},{"type":"Feature","geometry":{"type":"Polygon","coordinates":[[[-83.289011,41.283079],[-83.289016,41.282997],[-83.29057,41.283045],[-83.290485,41.284358],[-83.28894,41.284305],[-83.289011,41.283079]]]},"properties":{"p":"14-19-00-0006-00","o":"WASSERMAN, PAUL H & JOAN M /SURV","a":"CR 23","d":"Lakota Local School District","t":23248.98,"l":"830: Utl-Land and Improvement","c":0}},{"type":"Feature","geometry":{"type":"Polygon","coordinates":[[[-83.284208,41.314324],[-83.285366,41.314059],[-83.285364,41.314248],[-83.284211,41.314514],[-83.284141,41.31434],[-83.284208,41.314324]]]},"properties":{"p":"14-07-00-0014-00","o":"HARDY, MARCEL","a":"1020 CR 72","d":"Lakota Local School District","t":12921.66,"l":"501: Res-Custom Code","c":0}},{"type":"Feature","geometry":{"type":"Polygon","coordinates":[[[-83.140218,41.346339],[-83.140218,41.345909],[-83.140439,41.34591],[-83.140437,41.34634],[-83.140218,41.346339]]]},"properties":{"p":"13-33-44-0008-00","o":"SNYDER, JEFF","a":"2129 CROGHAN ST","d":"Fremont City School District","t":12679.5,"l":"510: Res-Single Family","c":0}},{"type":"Feature","geometry":{"type":"Polygon","coordinates":[[[-83.144047,41.344924],[-83.144046,41.344375],[-83.144334,41.344374],[-83.144295,41.344923],[-83.144047,41.344924]]]},"properties":{"p":"13-33-42-0019-14","o":"MITCHELL, JOSH","a":"2262 BIRCHARD AVE W","d":"Fremont City School District","t":14887.26,"l":"510: Res-Single Family","c":0}},{"type":"Feature","geometry":{"type":"Polygon","coordinates":[[[-83.165911,41.350481],[-83.165913,41.350158],[-83.166269,41.349273],[-83.168972,41.349259],[-83.168931,41.349631],[-83.168904,41.349685],[-83.168486,41.349978],[-83.168016,41.350277],[-83.167955,41.350296],[-83.16785,41.350298],[-83.167488,41.350265],[-83.166875,41.350289],[-83.166332,41.350415],[-83.165911,41.350481]]]},"properties":{"p":"13-31-00-0014-01","o":"GERWIN, DAMIAN C","a":"3190 NAPOLEON RD","d":"Fremont City School District","t":9979.24,"l":"511: Res-Custom Code","c":0}},{"type":"Feature","geometry":{"type":"Polygon","coordinates":[[[-83.155837,41.364702],[-83.155834,41.36433],[-83.156636,41.364376],[-83.156631,41.365037],[-83.155837,41.364702]]]},"properties":{"p":"13-29-00-0016-00","o":"ACKERMAN, NORMA J, PAUL E, ROBERT W, JAMES L & CHRIS T & EBERLY, EVA M & RICHARD S TRUSTEES & EBERLY, EVA M & HOCH, KIM MARIE & DEMPSEY, HILDAGARDE & RADER, ADAM","a":"2801 STATE ST W","d":"Fremont City School District","t":21740.49,"l":"511: Res-Custom Code","c":0}},{"type":"Feature","geometry":{"type":"Polygon","coordinates":[[[-83.130823,41.361324],[-83.131226,41.361317],[-83.131216,41.36206],[-83.130815,41.362058],[-83.130823,41.361324]]]},"properties":{"p":"13-28-00-0003-00","o":"COMMERCIAL OIL SERVICE IN","a":"1530 NORTH ST","d":"Fremont City School District","t":57911.14,"l":"400: Com-Vacant Land","c":0}},{"type":"Feature","geometry":{"type":"Polygon","coordinates":[[[-83.109457,41.364619],[-83.109427,41.36441],[-83.110108,41.36441],[-83.109943,41.364619],[-83.109457,41.364619]]]},"properties":{"p":"13-27-25-0014-00","o":"FOOS, KIMBERLY S","a":"1703 PORT CLINTON RD","d":"Fremont City School District","t":9622.54,"l":"510: Res-Single Family","c":0}},{"type":"Feature","geometry":{"type":"Polygon","coordinates":[[[-83.146021,41.385695],[-83.14605,41.382126],[-83.150961,41.38213],[-83.150937,41.38507],[-83.148441,41.385067],[-83.148435,41.385753],[-83.146021,41.38575],[-83.146021,41.385695]]]},"properties":{"p":"13-20-00-0008-00","o":"SAIONZ, BRENT A & KAY L /SURV","a":"CR 73 W","d":"Fremont City School District","t":8103.89,"l":"110: Agr-CAUV-Vacant Land","c":0}},{"type":"Feature","geometry":{"type":"Polygon","coordinates":[[[-83.148545,41.385808],[-83.148545,41.385753],[-83.148995,41.385754],[-83.149004,41.386438],[-83.148547,41.386438],[-83.148545,41.385808]]]},"properties":{"p":"13-17-00-0010-01","o":"SAIONZ, BRENT A.","a":"670 CR 73","d":"Fremont City School District","t":8500.43,"l":"511: Res-Custom Code","c":0}},{"type":"Feature","geometry":{"type":"Polygon","coordinates":[[[-83.108287,41.38799],[-83.107652,41.387991],[-83.107566,41.387638],[-83.108282,41.387551],[-83.108391,41.38799],[-83.108287,41.38799]]]},"properties":{"p":"13-15-07-0015-00","o":"SERRICK, EDWIN C","a":"2820 PORT CLINTON RD","d":"Fremont City School District","t":18261.52,"l":"510: Res-Single Family","c":0}},{"type":"Feature","geometry":{"type":"Polygon","coordinates":[[[-83.122615,41.390258],[-83.122846,41.390227],[-83.123052,41.390739],[-83.122727,41.390805],[-83.122529,41.390817],[-83.121172,41.391333],[-83.121175,41.39079],[-83.121266,41.390787],[-83.121304,41.390719],[-83.121925,41.390451],[-83.122283,41.390318],[-83.122615,41.390258]]]},"properties":{"p":"13-15-00-0044-00","o":"HETRICK, JUSTIN","a":"2898 FANGBONER RD","d":"Fremont City School District","t":9076.12,"l":"370: Ind-Machine Shop","c":0}},{"type":"Feature","geometry":{"type":"Polygon","coordinates":[[[-83.099084,41.397065],[-83.095182,41.395983],[-83.09516,41.396043],[-83.092951,41.395527],[-83.09292,41.395046],[-83.093513,41.395222],[-83.093506,41.395123],[-83.094003,41.395116],[-83.093963,41.394049],[-83.094632,41.394206],[-83.095436,41.394323],[-83.095546,41.394352],[-83.09576,41.39435],[-83.095957,41.394361],[-83.09603,41.39438],[-83.096338,41.394374],[-83.096514,41.394401],[-83.096787,41.394403],[-83.09669,41.395071],[-83.097303,41.395059],[-83.097819,41.395003],[-83.097837,41.394929],[-83.097814,41.394827],[-83.097639,41.394587],[-83.097469,41.394411],[-83.098007,41.394338],[-83.098277,41.394281],[-83.098746,41.394128],[-83.099,41.394002],[-83.099084,41.397065]]]},"properties":{"p":"13-14-02-0001-02","o":"STEWART, ARLEY M","a":"300 CR 186","d":"Fremont City School District","t":11333.17,"l":"101: Agr-Cash-Grain Farm","c":0}},{"type":"Feature","geometry":{"type":"Polygon","coordinates":[[[-83.168524,41.27995],[-83.168519,41.278434],[-83.174788,41.278247],[-83.174823,41.278932],[-83.176096,41.2789],[-83.17613,41.279746],[-83.168524,41.27995]]]},"properties":{"p":"11-30-00-0004-00","o":"MURRAY, SARAH","a":"1229 CR 15 W","d":"Old Fort Local School District","t":28164.65,"l":"111: Agr-CAUV-Cash-Grain Farm","c":0}},{"type":"Feature","geometry":{"type":"Polygon","coordinates":[[[-83.182329,41.291584],[-83.182329,41.291502],[-83.182991,41.291499],[-83.182977,41.29283],[-83.18234,41.292833],[-83.182329,41.291584]]]},"properties":{"p":"10-19-00-0007-00","o":"STOVER, ROBERT E & PATRICIA K","a":"1508 CR 31 W","d":"Fremont City School District","t":21019.56,"l":"511: Res-Custom Code","c":0}},{"type":"Feature","geometry":{"type":"Polygon","coordinates":[[[-83.109805,41.323041],[-83.109836,41.322793],[-83.110599,41.322927],[-83.110524,41.323168],[-83.109805,41.323041]]]},"properties":{"p":"10-11-88-0045-00","o":"ABBULONE, IGNAZIO & KEMBERLY A TRUSTEES","a":"113 ENGLEWOOD DR","d":"Fremont City School District","t":8152.11,"l":"511: Res-Custom Code","c":0}},{"type":"Feature","geometry":{"type":"Polygon","coordinates":[[[-83.10667,41.322447],[-83.106672,41.321896],[-83.107037,41.321903],[-83.107041,41.322454],[-83.10667,41.322447]]]},"properties":{"p":"10-11-62-0015-00","o":"ATZINGER, JEFFREY L. SR &","a":"1033 RICHARD DR","d":"Fremont City School District","t":13424.4,"l":"510: Res-Single Family","c":0}},{"type":"Feature","geometry":{"type":"Polygon","coordinates":[[[-83.104412,41.324292],[-83.105101,41.323863],[-83.105104,41.324297],[-83.104412,41.324292]]]},"properties":{"p":"10-11-61-0027-00","o":"RAMEY, RAY A & BETH L /SURV","a":"1652 OAK DR","d":"Fremont City School District","t":8492.32,"l":"510: Res-Single Family","c":0}},{"type":"Feature","geometry":{"type":"Polygon","coordinates":[[[-83.12602,41.322649],[-83.126028,41.322442],[-83.126476,41.322449],[-83.126468,41.322658],[-83.12602,41.322649]]]},"properties":{"p":"10-10-49-0007-00","o":"HRYNCIW, LISA","a":"1650 WILLIAMS DR","d":"Fremont City School District","t":8653.51,"l":"510: Res-Single Family","c":0}},{"type":"Feature","geometry":{"type":"Polygon","coordinates":[[[-83.130449,41.320193],[-83.12978,41.320195],[-83.129785,41.319883],[-83.130456,41.319886],[-83.130449,41.320193]]]},"properties":{"p":"10-09-38-0002-00","o":"JENKINS, KENNETH E","a":"1818 TIFFIN RD","d":"Fremont City School District","t":14167.46,"l":"510: Res-Single Family","c":0}},{"type":"Feature","geometry":{"type":"Polygon","coordinates":[[[-83.153668,41.336053],[-83.153674,41.335784],[-83.156108,41.335796],[-83.156106,41.336027],[-83.153973,41.336012],[-83.15397,41.336049],[-83.153668,41.336053]]]},"properties":{"p":"10-05-16-0007-01","o":"MCGIRT, MICHAEL A.","a":"832 BARTSON RD","d":"Fremont City School District","t":8782.4,"l":"511: Res-Custom Code","c":0}},{"type":"Feature","geometry":{"type":"Polygon","coordinates":[[[-83.142606,41.330501],[-83.142596,41.330426],[-83.142884,41.330429],[-83.142936,41.330773],[-83.142993,41.330983],[-83.142674,41.331009],[-83.142606,41.330501]]]},"properties":{"p":"10-04-00-0042-01","o":"HILL, DAVID B","a":"2024 OLD PLANK RD","d":"Fremont City School District","t":8551.26,"l":"511: Res-Custom Code","c":0}},{"type":"Feature","geometry":{"type":"Polygon","coordinates":[[[-83.01463,41.367057],[-83.01464,41.366736],[-83.015366,41.36659],[-83.015348,41.367078],[-83.01523,41.367078],[-83.015207,41.367851],[-83.014606,41.367859],[-83.01463,41.367057]]]},"properties":{"p":"08-28-00-0031-00","o":"YARBOROGH, SHERRY","a":"960 CR 232 (REAR)","d":"Fremont City School District","t":20126.98,"l":"499: Com-Other","c":0}},{"type":"Feature","geometry":{"type":"Polygon","coordinates":[[[-82.964058,41.369332],[-82.965768,41.369324],[-82.965888,41.369844],[-82.964843,41.369947],[-82.964052,41.369748],[-82.964058,41.369332]]]},"properties":{"p":"08-25-00-0015-01","o":"CONTRERAS, JOHN H","a":"4321 SR 412","d":"Fremont City School District","t":11763.3,"l":"511: Res-Custom Code","c":0}},{"type":"Feature","geometry":{"type":"Polygon","coordinates":[[[-82.967767,41.408635],[-82.967809,41.405095],[-82.973082,41.404944],[-82.973081,41.405189],[-82.972697,41.405293],[-82.972724,41.405432],[-82.972689,41.405561],[-82.972672,41.405753],[-82.972635,41.405815],[-82.972505,41.405868],[-82.972205,41.405952],[-82.972076,41.406008],[-82.97195,41.406136],[-82.971886,41.406293],[-82.97187,41.406368],[-82.971877,41.406458],[-82.972039,41.406811],[-82.972061,41.406998],[-82.971953,41.407309],[-82.971826,41.407564],[-82.971818,41.407611],[-82.971862,41.407827],[-82.972002,41.407983],[-82.971124,41.408014],[-82.971116,41.408626],[-82.970998,41.40863],[-82.971008,41.408018],[-82.969918,41.408057],[-82.96991,41.408669],[-82.967767,41.408744],[-82.967767,41.408635]]]},"properties":{"p":"08-12-00-0015-00","o":"KIDD, ANDREW","a":"4223 SR 6","d":"Fremont City School District","t":18876.45,"l":"112: Agr-CAUV-Livestock Farm","c":0}},{"type":"Feature","geometry":{"type":"Polygon","coordinates":[[[-83.060822,41.421111],[-83.061018,41.420913],[-83.061143,41.420998],[-83.061364,41.421247],[-83.061118,41.421457],[-83.060822,41.421111]]]},"properties":{"p":"08-06-00-0017-00","o":"COLEMAN, JAMES R","a":"2885 CR 198","d":"Fremont City School District","t":14295.77,"l":"511: Res-Custom Code","c":0}},{"type":"Feature","geometry":{"type":"Polygon","coordinates":[[[-83.088027,41.336613],[-83.088,41.336612],[-83.088016,41.336368],[-83.088548,41.336389],[-83.088533,41.336631],[-83.088027,41.336613]]]},"properties":{"p":"34-50-00-6313-00","o":"RANKER, SHIRLEY A & PASCH, ADAM P","a":"701 CARMEN PL","d":"Fremont City School District","t":11900.44,"l":"540: Res-Custom Code","c":0}},{"type":"Feature","geometry":{"type":"Polygon","coordinates":[[[-82.877489,41.341197],[-82.877488,41.340768],[-82.878269,41.340773],[-82.878267,41.342205],[-82.87748,41.3422],[-82.877489,41.341197]]]},"properties":{"p":"01-02-00-0008-01","o":"DAUCH, JAMES C & SARA L /SURV","a":"153 CR 302","d":"Bellevue City School District","t":5044,"l":"111: Agr-CAUV-Cash-Grain Farm","c":0}},{"type":"Feature","geometry":{"type":"Polygon","coordinates":[[[-83.121784,41.333271],[-83.122119,41.333257],[-83.12212,41.333609],[-83.121506,41.33362],[-83.121784,41.333271]]]},"properties":{"p":"34-60-00-0208-02","o":"J & P PROPERTIES & INVESTMENTS LLC","a":"1114 TIFFIN ST","d":"Fremont City School District","t":7175.11,"l":"499: Com-Other","c":0}},{"type":"Feature","geometry":{"type":"Polygon","coordinates":[[[-83.097152,41.333654],[-83.095951,41.333264],[-83.095937,41.332227],[-83.097356,41.332225],[-83.097614,41.332504],[-83.099843,41.333669],[-83.099964,41.333882],[-83.09996,41.334229],[-83.098863,41.334235],[-83.097152,41.333654]]]},"properties":{"p":"34-60-00-0358-00","o":"HOMES-CASAS INC","a":"MALLARD CT REAR","d":"Fremont City School District","t":4714.51,"l":"110: Agr-CAUV-Vacant Land","c":0}},{"type":"Feature","geometry":{"type":"Polygon","coordinates":[[[-83.133801,41.353775],[-83.133821,41.350516],[-83.135218,41.350523],[-83.135218,41.35109],[-83.135489,41.351092],[-83.135487,41.35148],[-83.136494,41.351489],[-83.136539,41.355189],[-83.135851,41.355195],[-83.136039,41.355442],[-83.133801,41.353775]]]},"properties":{"p":"34-60-00-0305-01","o":"TAJJ PROPERTIES LLC","a":"601 STONE ST","d":"Fremont City School District","t":5070.96,"l":"350: Ind-Warehouse","c":0}},{"type":"Feature","geometry":{"type":"Polygon","coordinates":[[[-83.130755,41.359674],[-83.130759,41.359454],[-83.131157,41.359454],[-83.131153,41.359674],[-83.130755,41.359674]]]},"properties":{"p":"34-50-00-6472-00","o":"DAVIS, KAROL ANNE","a":"1223 SKYLINE DR","d":"Fremont City School District","t":5137.17,"l":"540: Res-Custom Code","c":0}},{"type":"Feature","geometry":{"type":"Polygon","coordinates":[[[-83.094264,41.357305],[-83.094314,41.35725],[-83.094714,41.357448],[-83.094625,41.357485],[-83.094264,41.357305]]]},"properties":{"p":"34-50-00-5643-00","o":"JOHNSON, WILLIE & KIMBROUGH, ALFONSO","a":"1022 FIFTH ST N","d":"Fremont City School District","t":5818.73,"l":"400: Com-Vacant Land","c":0}},{"type":"Feature","geometry":{"type":"Polygon","coordinates":[[[-83.099772,41.340834],[-83.099955,41.340447],[-83.100154,41.3405],[-83.099972,41.340887],[-83.099772,41.340834]]]},"properties":{"p":"34-50-00-4442-00","o":"MARTIN, DOUGLAS ALLAN & JAQUELINE JO","a":"1011 BIRDSEYE BLVD","d":"Fremont City School District","t":4768.96,"l":"510: Res-Single Family","c":0}},{"type":"Feature","geometry":{"type":"Polygon","coordinates":[[[-83.120812,41.35994],[-83.120592,41.35994],[-83.120605,41.359575],[-83.121042,41.359575],[-83.121033,41.35994],[-83.120812,41.35994]]]},"properties":{"p":"34-50-00-3796-00","o":"PREBLE, RICHARD","a":"1030 GARFIELD ST","d":"Fremont City School District","t":5298.4,"l":"540: Res-Custom Code","c":0}},{"type":"Feature","geometry":{"type":"Polygon","coordinates":[[[-83.118768,41.340211],[-83.118769,41.340074],[-83.119247,41.340071],[-83.119247,41.340211],[-83.118768,41.340211]]]},"properties":{"p":"34-50-00-3585-00","o":"BRISTLEY, SCOTTIE","a":"610-610 1/2 CLOVER ST","d":"Fremont City School District","t":5288.62,"l":"520: Res-Two Family","c":0}},{"type":"Feature","geometry":{"type":"Polygon","coordinates":[[[-83.1312,41.344787],[-83.131342,41.344786],[-83.131339,41.345223],[-83.131192,41.345224],[-83.1312,41.344787]]]},"properties":{"p":"34-50-00-3065-00","o":"BARNEY, MICHELLE & PUGH, KARLA M","a":"1607 GARRISON ST","d":"Fremont City School District","t":5568.9,"l":"510: Res-Single Family","c":0}},{"type":"Feature","geometry":{"type":"Polygon","coordinates":[[[-83.126009,41.359394],[-83.12648,41.359392],[-83.126477,41.359514],[-83.126005,41.359519],[-83.126009,41.359394]]]},"properties":{"p":"34-50-00-2654-00","o":"MENDOZA, JOSE","a":"1212 STILWELL AVE","d":"Fremont City School District","t":5881.42,"l":"510: Res-Single Family","c":0}},{"type":"Feature","geometry":{"type":"Polygon","coordinates":[[[-83.09838,41.346508],[-83.098426,41.346416],[-83.098974,41.346567],[-83.09893,41.346659],[-83.09838,41.346508]]]},"properties":{"p":"34-50-00-2136-00","o":"ELKINS, ELMER E JR & SILV","a":"307 BUCHANAN ST N","d":"Fremont City School District","t":7512.39,"l":"510: Res-Single Family","c":0}},{"type":"Feature","geometry":{"type":"Polygon","coordinates":[[[-83.103839,41.342432],[-83.103874,41.342311],[-83.104603,41.342514],[-83.104548,41.342628],[-83.103839,41.342432]]]},"properties":{"p":"34-50-00-2067-00","o":"HAMMOND, JOYCE A","a":"220 MORRISON ST","d":"Fremont City School District","t":5282.43,"l":"510: Res-Single Family","c":0}},{"type":"Feature","geometry":{"type":"Polygon","coordinates":[[[-83.120442,41.340904],[-83.120441,41.340791],[-83.120832,41.340793],[-83.120832,41.340905],[-83.120442,41.340904]]]},"properties":{"p":"34-50-00-2006-01","o":"ROSALES, LOUIS ANTONIO PATINO","a":"531 WAYNE ST","d":"Fremont City School District","t":7122.77,"l":"510: Res-Single Family","c":0}},{"type":"Feature","geometry":{"type":"Polygon","coordinates":[[[-83.098383,41.344092],[-83.09845,41.343962],[-83.098809,41.344062],[-83.098742,41.344193],[-83.098383,41.344092]]]},"properties":{"p":"34-50-00-1962-01","o":"MURRAY, KAY C","a":"115 HERBSTER ST","d":"Fremont City School District","t":5026.42,"l":"510: Res-Single Family","c":0}},{"type":"Feature","geometry":{"type":"Polygon","coordinates":[[[-83.114221,41.339297],[-83.114221,41.338746],[-83.11449,41.338745],[-83.114488,41.339296],[-83.114221,41.339297]]]},"properties":{"p":"34-50-00-1873-02","o":"TILLER, CHARLES B & PRICE","a":"640 SOUTH ST","d":"Fremont City School District","t":5132.65,"l":"500: Res-Vacant Land","c":0}},{"type":"Feature","geometry":{"type":"Polygon","coordinates":[[[-83.122994,41.344409],[-83.123476,41.344406],[-83.123458,41.344841],[-83.122974,41.344843],[-83.122994,41.344409]]]},"properties":{"p":"34-50-00-1366-00","o":"STALLARD, JASON J & MYKIM T /SURV","a":"1014 BIRCHARD AVE","d":"Fremont City School District","t":5515.96,"l":"510: Res-Single Family","c":0}},{"type":"Feature","geometry":{"type":"Polygon","coordinates":[[[-83.128497,41.348583],[-83.128682,41.348581],[-83.128681,41.348744],[-83.128498,41.348747],[-83.128497,41.348583]]]},"properties":{"p":"34-50-00-1283-00","o":"BEEKER, CHRISTOPHER T.","a":"1234 1 NAPOLEON ST","d":"Fremont City School District","t":6346.61,"l":"530: Res-Three Family","c":0}},{"type":"Feature","geometry":{"type":"Polygon","coordinates":[[[-83.126648,41.34805],[-83.126653,41.347871],[-83.126835,41.347871],[-83.126832,41.34805],[-83.126648,41.34805]]]},"properties":{"p":"34-50-00-1187-00","o":"CARRIZALES, JONATHAN","a":"141 WASHINGTON ST N","d":"Fremont City School District","t":6299.37,"l":"510: Res-Single Family","c":0}},{"type":"Feature","geometry":{"type":"Polygon","coordinates":[[[-83.107086,41.34781],[-83.107347,41.347515],[-83.107553,41.347616],[-83.107288,41.34791],[-83.107086,41.34781]]]},"properties":{"p":"34-50-00-1171-00","o":"TILLER, CHARLES B","a":"309 MIDDLE ST","d":"Fremont City School District","t":6463.35,"l":"500: Res-Vacant Land","c":0}},{"type":"Feature","geometry":{"type":"Polygon","coordinates":[[[-83.108147,41.34835],[-83.108279,41.348199],[-83.108673,41.34839],[-83.108538,41.348545],[-83.108147,41.34835]]]},"properties":{"p":"34-50-00-1158-00","o":"LINDSEY, CHARLIE & JESSIE L /SURV","a":"225 SANDUSKY AVE","d":"Fremont City School District","t":7258.39,"l":"510: Res-Single Family","c":0}},{"type":"Feature","geometry":{"type":"Polygon","coordinates":[[[-83.12878,41.351022],[-83.128788,41.350684],[-83.129026,41.350684],[-83.129019,41.351021],[-83.12878,41.351022]]]},"properties":{"p":"34-50-00-1138-01","o":"WINDNAGEL, EUGENE G TRUST","a":"1319 CHERRY ST","d":"Fremont City School District","t":5776.86,"l":"500: Res-Vacant Land","c":0}},{"type":"Feature","geometry":{"type":"Polygon","coordinates":[[[-83.121477,41.348604],[-83.121667,41.348603],[-83.121582,41.348912],[-83.121331,41.348915],[-83.121477,41.348604]]]},"properties":{"p":"34-50-00-1109-00","o":"BEEKER, CHRISTOPHER T & ANDREA L /SURV","a":"900-900 NAPOLEON ST","d":"Fremont City School District","t":7216.01,"l":"520: Res-Two Family","c":0}},{"type":"Feature","geometry":{"type":"Polygon","coordinates":[[[-83.122165,41.347579],[-83.122396,41.347577],[-83.122392,41.348014],[-83.122164,41.348015],[-83.122165,41.347579]]]},"properties":{"p":"34-50-00-0994-00","o":"SYLVIA, BRYAN WILLIAM & BARBARA GEAN","a":"926-928 COURT ST","d":"Fremont City School District","t":5596.83,"l":"520: Res-Two Family","c":0}},{"type":"Feature","geometry":{"type":"Polygon","coordinates":[[[-83.111674,41.341461],[-83.112385,41.341459],[-83.112386,41.341567],[-83.111687,41.341573],[-83.111674,41.341461]]]},"properties":{"p":"34-50-00-0964-01","o":"HENRY, TONI; SEWELL, SABRINA, DAUPHNIE, DINO & AARON & JOHNSON, BRETT & TODD","a":"515 BIDWELL AVE","d":"Fremont City School District","t":5737.74,"l":"510: Res-Single Family","c":0}},{"type":"Feature","geometry":{"type":"Polygon","coordinates":[[[-83.123718,41.348003],[-83.123572,41.348004],[-83.123575,41.347569],[-83.123754,41.347568],[-83.123749,41.348027],[-83.123719,41.348027],[-83.123718,41.348003]]]},"properties":{"p":"34-50-00-0950-01","o":"FAVRO, STEVEN P & REBECCA J","a":"1026 COURT ST","d":"Fremont City School District","t":6540.44,"l":"510: Res-Single Family","c":0}},{"type":"Feature","geometry":{"type":"Polygon","coordinates":[[[-83.102701,41.353681],[-83.10284,41.353525],[-83.103243,41.353723],[-83.103106,41.353879],[-83.102701,41.353681]]]},"properties":{"p":"34-50-00-0848-00","o":"JOHNSON, WILLIE & BERNICE","a":"624 SECOND ST","d":"Fremont City School District","t":4805.34,"l":"500: Res-Vacant Land","c":0}},{"type":"Feature","geometry":{"type":"Polygon","coordinates":[[[-83.103004,41.35334],[-83.103026,41.353315],[-83.103189,41.353393],[-83.103225,41.353353],[-83.103472,41.353471],[-83.10341,41.35354],[-83.103004,41.35334]]]},"properties":{"p":"34-50-00-0830-01","o":"JOHNSON, WILLIE & BERNICE","a":"612 61 SECOND ST","d":"Fremont City School District","t":5110.1,"l":"500: Res-Vacant Land","c":0}},{"type":"Feature","geometry":{"type":"Polygon","coordinates":[[[-82.974378,41.287094],[-82.974379,41.286922],[-82.975075,41.286925],[-82.975068,41.287301],[-82.974377,41.287165],[-82.974378,41.287094]]]},"properties":{"p":"32-60-00-0174-00","o":"CARTER, STEVEN","a":"1509 MAIN ST S","d":"Clyde-Green Springs Exempted Village School District","t":4768.25,"l":"511: Res-Custom Code","c":0}},{"type":"Feature","geometry":{"type":"Polygon","coordinates":[[[-82.973054,41.286833],[-82.973057,41.286382],[-82.973331,41.286436],[-82.973326,41.286886],[-82.973054,41.286833]]]},"properties":{"p":"32-50-00-2389-00","o":"FINDLEY, STEVEN J.","a":"4151 LIMERICK RD","d":"Clyde-Green Springs Exempted Village School District","t":8103.3,"l":"510: Res-Single Family","c":0}},{"type":"Feature","geometry":{"type":"Polygon","coordinates":[[[-82.994281,41.314818],[-82.99422,41.314622],[-82.994382,41.314208],[-82.994924,41.314351],[-82.994924,41.314989],[-82.994281,41.314818]]]},"properties":{"p":"32-50-00-2083-01","o":"BLACKBURN, ROBERT J. & BE","a":"1101 MCPHERSON HWY W","d":"Clyde-Green Springs Exempted Village School District","t":4972.15,"l":"499: Com-Other","c":0}},{"type":"Feature","geometry":{"type":"Polygon","coordinates":[[[-82.971341,41.311099],[-82.971256,41.311065],[-82.971519,41.310656],[-82.97173,41.310743],[-82.97147,41.311152],[-82.971341,41.311099]]]},"properties":{"p":"32-50-00-1103-00","o":"TAYLOR, MICHAEL P & MELISSA A /SURV","a":"115 HOWARD ST","d":"Clyde-Green Springs Exempted Village School District","t":4929.27,"l":"510: Res-Single Family","c":0}},{"type":"Feature","geometry":{"type":"Polygon","coordinates":[[[-82.971547,41.300739],[-82.97176,41.300737],[-82.971757,41.301035],[-82.971544,41.301037],[-82.971547,41.300739]]]},"properties":{"p":"32-50-00-0864-00","o":"RASCHKE, LINDA E.","a":"233 GRANT ST E","d":"Clyde-Green Springs Exempted Village School District","t":6313.94,"l":"510: Res-Single Family","c":0}},{"type":"Feature","geometry":{"type":"Polygon","coordinates":[[[-82.981293,41.302197],[-82.981734,41.30191],[-82.981881,41.302043],[-82.981446,41.302338],[-82.981293,41.302197]]]},"properties":{"p":"32-50-00-0443-02","o":"CARTER, STEVEN","a":"107 MULBERRY ST N","d":"Clyde-Green Springs Exempted Village School District","t":6515.59,"l":"510: Res-Single Family","c":0}},{"type":"Feature","geometry":{"type":"Polygon","coordinates":[[[-82.974985,41.30552],[-82.974986,41.305465],[-82.975408,41.305471],[-82.975408,41.305519],[-82.974985,41.30552]]]},"properties":{"p":"32-50-00-0317-00","o":"GRIGGS, PETE","a":"105 MAIN ST","d":"Clyde-Green Springs Exempted Village School District","t":4989.37,"l":"430: Com-Retaurant","c":0}},{"type":"Feature","geometry":{"type":"Polygon","coordinates":[[[-82.976413,41.307477],[-82.976657,41.307476],[-82.976656,41.307827],[-82.976416,41.307829],[-82.976413,41.307477]]]},"properties":{"p":"32-50-00-0268-00","o":"RATHS, ANNETTE M","a":"135 AMANDA ST","d":"Clyde-Green Springs Exempted Village School District","t":4986.71,"l":"510: Res-Single Family","c":0}},{"type":"Feature","geometry":{"type":"Polygon","coordinates":[[[-82.972135,41.308968],[-82.972875,41.308448],[-82.97291,41.308483],[-82.972641,41.309102],[-82.972135,41.308968]]]},"properties":{"p":"32-50-00-0227-00","o":"MID OHIO HOUSING SOLUTIONS LLC","a":"214 MCPHERSON HWY","d":"Clyde-Green Springs Exempted Village School District","t":5008.27,"l":"410: Com-Motel","c":0}},{"type":"Feature","geometry":{"type":"Polygon","coordinates":[[[-82.971171,41.305633],[-82.971273,41.305632],[-82.971274,41.305723],[-82.971172,41.305724],[-82.971171,41.305633]]]},"properties":{"p":"32-50-00-0091-09","o":"CLYDE CHURCH STREET LLC","a":"124 CHURCH ST N","d":"Clyde-Green Springs Exempted Village School District","t":6821.8,"l":"550: Res-Condo","c":0}},{"type":"Feature","geometry":{"type":"Polygon","coordinates":[[[-82.970969,41.305282],[-82.970993,41.305194],[-82.971093,41.305208],[-82.971069,41.305297],[-82.970969,41.305282]]]},"properties":{"p":"32-50-00-0091-03","o":"CLYDE CHURCH STREET LLC","a":"108 CHURCH ST N","d":"Clyde-Green Springs Exempted Village School District","t":6237.76,"l":"550: Res-Condo","c":0}},{"type":"Feature","geometry":{"type":"Polygon","coordinates":[[[-82.970606,41.308075],[-82.970158,41.307959],[-82.970243,41.307785],[-82.970917,41.307964],[-82.970837,41.308134],[-82.970606,41.308075]]]},"properties":{"p":"32-50-00-0048-00","o":"LEAR-SHULL, HEATHER A","a":"246 CHURCH ST N","d":"Clyde-Green Springs Exempted Village School District","t":6731.27,"l":"510: Res-Single Family","c":0}},{"type":"Feature","geometry":{"type":"Polygon","coordinates":[[[-83.314079,41.420894],[-83.316488,41.42085],[-83.316253,41.42835],[-83.316265,41.431441],[-83.313846,41.430446],[-83.31383,41.428414],[-83.314079,41.420894]]]},"properties":{"p":"28-01-00-0003-00","o":"HOLLEY, N LYNN TRUSTEE","a":"SR 300","d":"Woodmore Local School District","t":4767.73,"l":"110: Agr-CAUV-Vacant Land","c":0}},{"type":"Feature","geometry":{"type":"Polygon","coordinates":[[[-83.302906,41.380758],[-83.306173,41.380726],[-83.306275,41.380786],[-83.306224,41.383333],[-83.302864,41.383365],[-83.302906,41.380758]]]},"properties":{"p":"27-60-00-0028-03","o":"STANDARD WELLNESS COMPANY LLC","a":"105 COMMERCE DR","d":"Gibsonburg Exempted Village School District","t":7878.62,"l":"499: Com-Other","c":0}},{"type":"Feature","geometry":{"type":"Polygon","coordinates":[[[-83.311089,41.387407],[-83.311095,41.3872],[-83.311643,41.387208],[-83.311637,41.387415],[-83.311089,41.387407]]]},"properties":{"p":"27-50-00-1139-00","o":"YOST, MAGGIE L","a":"667 STEVENSON ST E","d":"Gibsonburg Exempted Village School District","t":7864.72,"l":"511: Res-Custom Code","c":0}},{"type":"Feature","geometry":{"type":"Polygon","coordinates":[[[-83.319328,41.386101],[-83.319879,41.386095],[-83.319874,41.386251],[-83.319324,41.386257],[-83.319328,41.386101]]]},"properties":{"p":"27-50-00-0266-00","o":"NEEB, MINDY M","a":"MAIN ST","d":"Gibsonburg Exempted Village School District","t":5617.9,"l":"599: Res-Other","c":0}},{"type":"Feature","geometry":{"type":"Polygon","coordinates":[[[-83.317421,41.384089],[-83.317605,41.384086],[-83.317591,41.384503],[-83.317411,41.384506],[-83.317421,41.384089]]]},"properties":{"p":"27-50-00-0218-00","o":"REINHART, DIANE M","a":"221 MADISON ST E","d":"Gibsonburg Exempted Village School District","t":7980.67,"l":"510: Res-Single Family","c":0}},{"type":"Feature","geometry":{"type":"Polygon","coordinates":[[[-83.359331,41.344875],[-83.359348,41.343967],[-83.364092,41.343994],[-83.364091,41.348514],[-83.359262,41.348488],[-83.359331,41.344875]]]},"properties":{"p":"25-33-00-0002-00","o":"BURMEISTER, LARRY H","a":"234 CR 32","d":"Gibsonburg Exempted Village School District","t":6540.09,"l":"111: Agr-CAUV-Cash-Grain Farm","c":0}},{"type":"Feature","geometry":{"type":"Polygon","coordinates":[[[-83.334644,41.35564],[-83.334645,41.355557],[-83.335203,41.355557],[-83.335186,41.356343],[-83.334637,41.356347],[-83.334644,41.35564]]]},"properties":{"p":"25-26-00-0011-00","o":"ZIMMERMAN, BRYAN S.","a":"5480 CR 55","d":"Gibsonburg Exempted Village School District","t":6020.72,"l":"511: Res-Custom Code","c":0}},{"type":"Feature","geometry":{"type":"Polygon","coordinates":[[[-83.408418,41.384716],[-83.408421,41.384091],[-83.409515,41.384084],[-83.409511,41.384797],[-83.408418,41.384798],[-83.408418,41.384716]]]},"properties":{"p":"25-19-00-0019-00","o":"JOHNSON, ALICE M","a":"7409 SR 600 W","d":"Gibsonburg Exempted Village School District","t":5614.28,"l":"511: Res-Custom Code","c":0}},{"type":"Feature","geometry":{"type":"Polygon","coordinates":[[[-83.380069,41.33464],[-83.380632,41.334631],[-83.380658,41.335372],[-83.380079,41.335381],[-83.380069,41.33464]]]},"properties":{"p":"24-05-00-0001-03","o":"AMELING, SCOTT PHILLIP","a":"6650 CR 49","d":"Gibsonburg Exempted Village School District","t":6602.59,"l":"511: Res-Custom Code","c":0}},{"type":"Feature","geometry":{"type":"Polygon","coordinates":[[[-83.349677,41.291424],[-83.349681,41.291369],[-83.352412,41.291356],[-83.352365,41.292152],[-83.349633,41.292165],[-83.349677,41.291424]]]},"properties":{"p":"23-22-00-0017-01","o":"COPPLER, STEVEN L","a":"5912 CR 25","d":"Lakota Local School District","t":5308.9,"l":"511: Res-Custom Code","c":0}},{"type":"Feature","geometry":{"type":"Polygon","coordinates":[[[-83.219573,41.419608],[-83.219585,41.419248],[-83.22019,41.419244],[-83.220178,41.419606],[-83.219573,41.419608]]]},"properties":{"p":"22-50-00-0046-00","o":"DAVIS, FREDERICK R & SARAH M & DANIELLE D /SURV","a":"112 LYNN ST","d":"Fremont City School District","t":6353.73,"l":"510: Res-Single Family","c":0}},{"type":"Feature","geometry":{"type":"Polygon","coordinates":[[[-83.220232,41.419881],[-83.220242,41.419603],[-83.220723,41.4196],[-83.220712,41.419878],[-83.220232,41.419881]]]},"properties":{"p":"22-50-00-0027-00","o":"RASH, PAUL A & EVELYN Y /SURV","a":"221 MAIN ST S","d":"Fremont City School District","t":5386.16,"l":"510: Res-Single Family","c":0}},{"type":"Feature","geometry":{"type":"Polygon","coordinates":[[[-83.24735,41.402759],[-83.247457,41.402613],[-83.247721,41.402725],[-83.247616,41.402872],[-83.24735,41.402759]]]},"properties":{"p":"20-95-00-0097-01","o":"NEGRIN, CARLOS","a":"2166 CR 707","d":"Gibsonburg Exempted Village School District","t":6590.09,"l":"510: Res-Single Family","c":0}},{"type":"Feature","geometry":{"type":"Polygon","coordinates":[[[-83.246224,41.370361],[-83.246287,41.368878],[-83.246741,41.368884],[-83.246676,41.37042],[-83.246222,41.370416],[-83.246224,41.370361]]]},"properties":{"p":"20-28-00-0001-03","o":"MEDINA-ALMENDAREZ, JUAN D","a":"3215 CR 65","d":"Gibsonburg Exempted Village School District","t":5295.21,"l":"562: Res-Custom Code","c":0}},{"type":"Feature","geometry":{"type":"MultiPolygon","coordinates":[[[[-83.259607,41.414455],[-83.259619,41.413949],[-83.260603,41.413948],[-83.260599,41.414023],[-83.26052,41.414247],[-83.260509,41.414341],[-83.260438,41.414475],[-83.260216,41.414606],[-83.260086,41.414764],[-83.259788,41.414993],[-83.259584,41.415123],[-83.259607,41.414455]]],[[[-83.259619,41.413949],[-83.259633,41.413384],[-83.260619,41.413406],[-83.260602,41.413628],[-83.260603,41.413948],[-83.259619,41.413949]]]]},"properties":{"p":"20-05-00-0002-01","o":"FAHLE, RICHARD M & PAULA ANN /SURV","a":"2600 CR 82","d":"Gibsonburg Exempted Village School District","t":5834.2,"l":"511: Res-Custom Code","c":0}},{"type":"Feature","geometry":{"type":"Polygon","coordinates":[[[-83.107931,41.363585],[-83.107923,41.363185],[-83.108544,41.363189],[-83.108629,41.36182],[-83.110157,41.361799],[-83.110076,41.363057],[-83.109412,41.363053],[-83.109358,41.363869],[-83.107937,41.363848],[-83.107931,41.363585]]]},"properties":{"p":"13-27-00-0029-00","o":"WASHINGTON STREET FREMONT LLC","a":"ADAM ST","d":"Fremont City School District","t":6436.1,"l":"499: Com-Other","c":0}},{"type":"Feature","geometry":{"type":"Polygon","coordinates":[[[-83.107098,41.383511],[-83.1074,41.383475],[-83.107466,41.383745],[-83.106552,41.383853],[-83.106488,41.383583],[-83.107098,41.383511]]]},"properties":{"p":"13-22-14-0006-09","o":"POSEY, MICHAEL L","a":"2612-1/2 PORT CLINTON RD","d":"Fremont City School District","t":6358.9,"l":"511: Res-Custom Code","c":0}},{"type":"Feature","geometry":{"type":"Polygon","coordinates":[[[-83.114332,41.256622],[-83.11509,41.256615],[-83.115084,41.25744],[-83.114327,41.257276],[-83.114332,41.256622]]]},"properties":{"p":"11-34-00-0001-00","o":"LENARZ, RUTH A TRUSTEE","a":"532 CR 113 E","d":"Old Fort Local School District","t":4900.49,"l":"511: Res-Custom Code","c":0}},{"type":"Feature","geometry":{"type":"Polygon","coordinates":[[[-83.162727,41.291689],[-83.162729,41.291609],[-83.163814,41.291598],[-83.163707,41.291694],[-83.163608,41.291894],[-83.163627,41.291962],[-83.163626,41.292159],[-83.163619,41.292269],[-83.16359,41.292338],[-83.163592,41.292383],[-83.163622,41.292434],[-83.163618,41.292662],[-83.163666,41.292735],[-83.163647,41.292864],[-83.163653,41.292974],[-83.163712,41.293039],[-83.163674,41.293153],[-83.1637,41.293307],[-83.163732,41.293386],[-83.163733,41.293487],[-83.163758,41.293532],[-83.163768,41.29362],[-83.163798,41.293703],[-83.163834,41.293975],[-83.16268,41.293977],[-83.162727,41.291689]]]},"properties":{"p":"10-20-00-0002-01","o":"RIMELSPACH, DAVID A","a":"904 CR 201","d":"Fremont City School District","t":7820.52,"l":"511: Res-Custom Code","c":0}},{"type":"Feature","geometry":{"type":"Polygon","coordinates":[[[-83.079824,41.323862],[-83.079213,41.323851],[-83.079223,41.323577],[-83.07986,41.323582],[-83.07986,41.323863],[-83.079824,41.323862]]]},"properties":{"p":"10-12-63-0008-00","o":"BORER, DALE A","a":"1636 FINEFROCK RD","d":"Fremont City School District","t":4815.31,"l":"510: Res-Single Family","c":0}},{"type":"Feature","geometry":{"type":"Polygon","coordinates":[[[-83.090949,41.324923],[-83.090954,41.324555],[-83.091821,41.324572],[-83.091816,41.324934],[-83.090949,41.324923]]]},"properties":{"p":"10-11-00-0003-00","o":"LINDSAY, CHAD A","a":"1612 SMITH RD","d":"Fremont City School District","t":5391.08,"l":"511: Res-Custom Code","c":0}},{"type":"Feature","geometry":{"type":"Polygon","coordinates":[[[-83.125934,41.327158],[-83.125977,41.327036],[-83.126048,41.327049],[-83.126015,41.327173],[-83.125934,41.327158]]]},"properties":{"p":"10-10-71-0012-04","o":"MILLER, BETTY L.","a":"62 RIVER RUN DR","d":"Fremont City School District","t":8078.35,"l":"550: Res-Condo","c":0}},{"type":"Feature","geometry":{"type":"Polygon","coordinates":[[[-83.051038,41.42212],[-83.051054,41.421862],[-83.051306,41.421857],[-83.051288,41.422128],[-83.051038,41.42212]]]},"properties":{"p":"08-06-03-0081-00","o":"BROWN, KAYLA J","a":"2871 CR 208","d":"Fremont City School District","t":5050.59,"l":"560: Res-Mobile Home","c":0}},{"type":"Feature","geometry":{"type":"Polygon","coordinates":[[[-82.973076,41.280245],[-82.973252,41.280154],[-82.974135,41.281135],[-82.973809,41.28127],[-82.972946,41.280311],[-82.973076,41.280245]]]},"properties":{"p":"06-25-00-0017-00","o":"CARROLL, SCOTT D","a":"4142 CR 175","d":"Clyde-Green Springs Exempted Village School District","t":5181.65,"l":"511: Res-Custom Code","c":0}},{"type":"Feature","geometry":{"type":"Polygon","coordinates":[[[-82.967858,41.285132],[-82.967877,41.283606],[-82.969036,41.282988],[-82.969247,41.28322],[-82.970236,41.282943],[-82.970221,41.285131],[-82.967858,41.285132]]]},"properties":{"p":"06-25-00-0002-00","o":"GEORGE, DAVID D & DEBBIE K /SURV","a":"4251 LIMERICK RD","d":"Clyde-Green Springs Exempted Village School District","t":5228.92,"l":"511: Res-Custom Code","c":0}},{"type":"Feature","geometry":{"type":"Polygon","coordinates":[[[-83.021809,41.285082],[-83.022623,41.284536],[-83.022535,41.285555],[-83.022241,41.285752],[-83.021629,41.285203],[-83.021809,41.285082]]]},"properties":{"p":"06-21-00-0030-01","o":"JENNINGS, THOMAS JEFFREY & WILLIAMS, CINDY A /SURV","a":"2902 CR 185","d":"Clyde-Green Springs Exempted Village School District","t":6428.38,"l":"511: Res-Custom Code","c":0}},{"type":"Feature","geometry":{"type":"Polygon","coordinates":[[[-83.020929,41.285672],[-83.021191,41.285497],[-83.021769,41.286069],[-83.021514,41.286224],[-83.020929,41.285672]]]},"properties":{"p":"06-21-00-0029-01","o":"BARNEY'S COUNTRY CARRYOUT LLC","a":"2932 CR 185","d":"Clyde-Green Springs Exempted Village School District","t":5086.46,"l":"420: Com-Retail-Small","c":0}},{"type":"Feature","geometry":{"type":"Polygon","coordinates":[[[-83.022823,41.314856],[-83.022932,41.314855],[-83.022932,41.315309],[-83.020522,41.315323],[-83.020528,41.314869],[-83.022823,41.314856]]]},"properties":{"p":"06-09-00-0002-02","o":"HACKWORTH, JOHN PAUL","a":"1067 CR 224","d":"Clyde-Green Springs Exempted Village School District","t":5046.78,"l":"599: Res-Other","c":0}},{"type":"Feature","geometry":{"type":"Polygon","coordinates":[[[-83.037334,41.328609],[-83.037346,41.32723],[-83.041473,41.328302],[-83.041466,41.328617],[-83.037334,41.328609]]]},"properties":{"p":"06-08-00-0017-00","o":"PEARCE, MARVIN L JR & PEGGY L /SURV","a":"2318 SR 20","d":"Clyde-Green Springs Exempted Village School District","t":7048.78,"l":"454: Com-Auto Sales","c":0}},{"type":"Feature","geometry":{"type":"Polygon","coordinates":[[[-83.051688,41.327701],[-83.05169,41.327399],[-83.052289,41.327611],[-83.052137,41.32786],[-83.051688,41.327701]]]},"properties":{"p":"06-07-03-0006-00","o":"RATHBUN, RYAN L","a":"631 SR 19","d":"Clyde-Green Springs Exempted Village School District","t":4996.11,"l":"510: Res-Single Family","c":0}},{"type":"Feature","geometry":{"type":"Polygon","coordinates":[[[-83.052374,41.329492],[-83.052406,41.329191],[-83.05296,41.32925],[-83.052876,41.329488],[-83.052374,41.329492]]]},"properties":{"p":"06-06-00-0019-02","o":"SHERMAN, DEAN A. & LAURA","a":"571 CR 358","d":"Clyde-Green Springs Exempted Village School District","t":4955.01,"l":"511: Res-Custom Code","c":0}},{"type":"Feature","geometry":{"type":"Polygon","coordinates":[[[-83.045792,41.330078],[-83.045798,41.329421],[-83.046317,41.329551],[-83.046314,41.330079],[-83.045792,41.330078]]]},"properties":{"p":"06-05-00-0059-00","o":"LOOSE PROPERTIES LLC","a":"2460 MCPHERSON HWY W","d":"Clyde-Green Springs Exempted Village School District","t":5441.26,"l":"430: Com-Retaurant","c":0}},{"type":"Feature","geometry":{"type":"Polygon","coordinates":[[[-82.938022,41.381233],[-82.93803,41.380869],[-82.938498,41.380877],[-82.938491,41.381243],[-82.938022,41.381233]]]},"properties":{"p":"04-95-00-0072-00","o":"GRIGGS, PETE W","a":"5055 CR 293","d":"Margaretta Local School District","t":5165.57,"l":"510: Res-Single Family","c":0}},{"type":"Feature","geometry":{"type":"Polygon","coordinates":[[[-82.850425,41.370014],[-82.850423,41.369709],[-82.850199,41.369709],[-82.850214,41.368922],[-82.849773,41.368923],[-82.849792,41.367878],[-82.851729,41.367869],[-82.851688,41.369559],[-82.850425,41.370109],[-82.850425,41.370014]]]},"properties":{"p":"04-25-00-0015-01","o":"KEEGAN, GORDON T","a":"7433 SR 101","d":"Margaretta Local School District","t":6694.42,"l":"400: Com-Vacant Land","c":0}},{"type":"Feature","geometry":{"type":"Polygon","coordinates":[[[-82.93146,41.386583],[-82.931491,41.384683],[-82.93135,41.384684],[-82.931351,41.383302],[-82.93265,41.383049],[-82.93262,41.384614],[-82.932687,41.384978],[-82.933148,41.384986],[-82.933144,41.385167],[-82.932804,41.385168],[-82.933232,41.385571],[-82.933373,41.385802],[-82.93342,41.386047],[-82.933333,41.386048],[-82.933293,41.385993],[-82.931982,41.386003],[-82.931986,41.386661],[-82.931459,41.386665],[-82.93146,41.386583]]]},"properties":{"p":"04-20-00-0026-05","o":"FRISCHE, DEB & COREY /SURV","a":"5193 CR 247","d":"Margaretta Local School District","t":5235.31,"l":"541: Res-Custom Code","c":0}},{"type":"Feature","geometry":{"type":"Polygon","coordinates":[[[-82.858098,41.408192],[-82.858095,41.406031],[-82.862966,41.40602],[-82.862968,41.407703],[-82.861453,41.407703],[-82.861446,41.40827],[-82.858098,41.408272],[-82.858098,41.408192]]]},"properties":{"p":"04-11-00-0011-01","o":"YETTER, DAVID P & HOLLY L TRUSTEES","a":"2315 CR 306 N","d":"Margaretta Local School District","t":7166.44,"l":"111: Agr-CAUV-Cash-Grain Farm","c":0}},{"type":"Feature","geometry":{"type":"Polygon","coordinates":[[[-82.89873,41.430037],[-82.898848,41.429975],[-82.898949,41.430089],[-82.898832,41.430149],[-82.89873,41.430037]]]},"properties":{"p":"04-04-05-0016-00","o":"BASH, FRANK A","a":"CR 338","d":"Margaretta Local School District","t":7756.57,"l":"500: Res-Vacant Land","c":0}},{"type":"Feature","geometry":{"type":"Polygon","coordinates":[[[-82.849937,41.284526],[-82.849937,41.284458],[-82.850256,41.284278],[-82.850437,41.284012],[-82.851291,41.284208],[-82.851063,41.284379],[-82.851007,41.28445],[-82.850976,41.284529],[-82.849937,41.284526]]]},"properties":{"p":"03-50-00-2246-00","o":"MURRAY, HEATHER M TRUSTEE","a":"126 PARKVIEW PL","d":"Bellevue City School District","t":4943.34,"l":"510: Res-Single Family","c":0}},{"type":"Feature","geometry":{"type":"Polygon","coordinates":[[[-82.875741,41.283026],[-82.876114,41.282253],[-82.87674,41.282421],[-82.876374,41.283197],[-82.875741,41.283026]]]},"properties":{"p":"03-50-00-2233-00","o":"FISHER-TITUS MEDICAL CENTER","a":"1235 MAIN ST W","d":"Bellevue City School District","t":5822.51,"l":"400: Com-Vacant Land","c":0}},{"type":"Feature","geometry":{"type":"Polygon","coordinates":[[[-82.847566,41.265451],[-82.847568,41.265272],[-82.848056,41.265275],[-82.848055,41.265453],[-82.847566,41.265451]]]},"properties":{"p":"03-50-00-1681-00","o":"BAKER, DORTHY A","a":"411 KINNEY ST","d":"Bellevue City School District","t":5164.92,"l":"510: Res-Single Family","c":0}},{"type":"Feature","geometry":{"type":"Polygon","coordinates":[[[-82.846372,41.270394],[-82.846524,41.270307],[-82.847099,41.270451],[-82.846872,41.270582],[-82.846372,41.270394]]]},"properties":{"p":"03-50-00-0342-01","o":"LEWIS, RANDAL & TIFFANY","a":"415 KILBOURNE ST","d":"Bellevue City School District","t":6249.22,"l":"510: Res-Single Family","c":0}},{"type":"Feature","geometry":{"type":"Polygon","coordinates":[[[-82.851103,41.277519],[-82.851098,41.277385],[-82.850889,41.277384],[-82.850887,41.277355],[-82.850941,41.277355],[-82.850936,41.277119],[-82.850881,41.27712],[-82.850869,41.276651],[-82.851107,41.276717],[-82.851131,41.277519],[-82.851103,41.277519]]]},"properties":{"p":"03-50-00-0285-01","o":"SANDUSKY COUNTY LAND REUTILIZATION CORPORATION","a":"508 MAIN ST W","d":"Bellevue City School District","t":5000,"l":"510: Res-Single Family","c":0}},{"type":"Feature","geometry":{"type":"Polygon","coordinates":[[[-82.954883,41.287089],[-82.954884,41.286439],[-82.955669,41.286448],[-82.955661,41.287101],[-82.954883,41.287089]]]},"properties":{"p":"02-19-00-0004-04","o":"MCGLOTHLIN, DANIELLE LYNN","a":"2047 CR 260","d":"Clyde-Green Springs Exempted Village School District","t":7797.67,"l":"511: Res-Custom Code","c":0}},{"type":"Feature","geometry":{"type":"Polygon","coordinates":[[[-82.870593,41.299249],[-82.870593,41.299167],[-82.870946,41.29917],[-82.87094,41.299776],[-82.87059,41.299774],[-82.870593,41.299249]]]},"properties":{"p":"01-14-00-0011-01","o":"LEWIS, RANDAL","a":"6780 CR 205","d":"Bellevue City School District","t":5179.63,"l":"521: Res-Custom Code","c":0}},{"type":"Feature","geometry":{"type":"Polygon","coordinates":[[[-82.870945,41.299252],[-82.870946,41.29917],[-82.871303,41.299172],[-82.871301,41.299779],[-82.87094,41.299776],[-82.870945,41.299252]]]},"properties":{"p":"01-14-00-0011-00","o":"LEWIS, RANDAL","a":"6780 CR 205","d":"Bellevue City School District","t":6614.76,"l":"521: Res-Custom Code","c":0}},{"type":"Feature","geometry":{"type":"Polygon","coordinates":[[[-83.125666,41.352127],[-83.125721,41.352038],[-83.126039,41.352039],[-83.1259,41.352223],[-83.125666,41.352127]]]},"properties":{"p":"34-60-00-0153-02","o":"WISE, DAVID ZANE","a":"1205 STATE ST W","d":"Fremont City School District","t":7165.44,"l":"405: Com-Custom Code","c":0}},{"type":"Feature","geometry":{"type":"Polygon","coordinates":[[[-83.131566,41.359509],[-83.13157,41.359235],[-83.131868,41.359235],[-83.131863,41.35951],[-83.131566,41.359509]]]},"properties":{"p":"34-50-00-6475-00","o":"SHERMAN, MICHAEL T & CHARITO S","a":"1221 DICKINSON ST","d":"Fremont City School District","t":6196.25,"l":"540: Res-Custom Code","c":0}},{"type":"Feature","geometry":{"type":"Polygon","coordinates":[[[-83.13466,41.343008],[-83.134677,41.342631],[-83.135088,41.342631],[-83.135087,41.342684],[-83.134908,41.342683],[-83.134902,41.343009],[-83.13466,41.343008]]]},"properties":{"p":"34-50-00-5135-00","o":"NORD, DANIEL A.","a":"1813 MCPHERSON BLVD","d":"Fremont City School District","t":4980,"l":"510: Res-Single Family","c":0}},{"type":"Feature","geometry":{"type":"Polygon","coordinates":[[[-83.127173,41.360833],[-83.127184,41.360485],[-83.127407,41.360484],[-83.127395,41.360834],[-83.127173,41.360833]]]},"properties":{"p":"34-50-00-2750-00","o":"PARKS BARNETT, BILLIE J TRUSTEE","a":"1300 WHITE AVE","d":"Fremont City School District","t":5432.19,"l":"510: Res-Single Family","c":0}},{"type":"Feature","geometry":{"type":"Polygon","coordinates":[[[-83.115323,41.342981],[-83.115322,41.342931],[-83.115519,41.342929],[-83.115531,41.343161],[-83.115329,41.343162],[-83.115323,41.342981]]]},"properties":{"p":"34-50-00-0384-00","o":"JORDAN, CHRISTOPHER J","a":"411 EWING ST","d":"Fremont City School District","t":4789.89,"l":"510: Res-Single Family","c":0}},{"type":"Feature","geometry":{"type":"Polygon","coordinates":[[[-83.120317,41.350868],[-83.120623,41.350432],[-83.120831,41.350517],[-83.120534,41.350957],[-83.120317,41.350868]]]},"properties":{"p":"34-50-00-0064-00","o":"STALLARD, JASON T & MYKIM T /SURV","a":"906 STATE ST W","d":"Fremont City School District","t":5840.08,"l":"447: Com-Office","c":0}},{"type":"Feature","geometry":{"type":"Polygon","coordinates":[[[-82.953897,41.304046],[-82.953929,41.303257],[-82.954909,41.303524],[-82.954905,41.30432],[-82.953897,41.304046]]]},"properties":{"p":"32-60-00-0159-01","o":"FREMONT FEDERAL CREDIT UNION","a":"1027 MCPHERSON HWY E","d":"Clyde-Green Springs Exempted Village School District","t":5803.32,"l":"444: Com-Full Service Bank","c":0}},{"type":"Feature","geometry":{"type":"Polygon","coordinates":[[[-82.969708,41.311135],[-82.969927,41.31087],[-82.970429,41.311106],[-82.970131,41.311492],[-82.969708,41.311135]]]},"properties":{"p":"32-60-00-0032-12","o":"PATTON, TYSON HARVEY","a":"325 MAPLE ST E","d":"Clyde-Green Springs Exempted Village School District","t":7145.11,"l":"510: Res-Single Family","c":0}},{"type":"Feature","geometry":{"type":"Polygon","coordinates":[[[-82.975913,41.302023],[-82.975614,41.302019],[-82.975618,41.301346],[-82.976097,41.301346],[-82.976096,41.301205],[-82.976698,41.301203],[-82.976697,41.301549],[-82.976097,41.301549],[-82.976097,41.301809],[-82.976215,41.301811],[-82.976214,41.302026],[-82.975913,41.302023]]]},"properties":{"p":"32-60-00-0022-11","o":"BLANKENSHIP, MACIAH","a":"132 SPRING AVE","d":"Clyde-Green Springs Exempted Village School District","t":6220.32,"l":"510: Res-Single Family","c":0}},{"type":"Feature","geometry":{"type":"Polygon","coordinates":[[[-82.971069,41.305634],[-82.971171,41.305633],[-82.971172,41.305724],[-82.97107,41.305724],[-82.971069,41.305634]]]},"properties":{"p":"32-50-00-0091-08","o":"CLYDE CHURCH STREET LLC","a":"122 CHURCH ST N","d":"Clyde-Green Springs Exempted Village School District","t":6821.8,"l":"550: Res-Condo","c":0}},{"type":"Feature","geometry":{"type":"Polygon","coordinates":[[[-82.971069,41.305297],[-82.971093,41.305208],[-82.971193,41.305223],[-82.971169,41.305312],[-82.971069,41.305297]]]},"properties":{"p":"32-50-00-0091-02","o":"CLYDE CHURCH STREET LLC","a":"106 CHURCH ST N","d":"Clyde-Green Springs Exempted Village School District","t":7243.15,"l":"550: Res-Condo","c":0}},{"type":"Feature","geometry":{"type":"Polygon","coordinates":[[[-83.095056,41.411985],[-83.095081,41.411149],[-83.097037,41.412126],[-83.096351,41.412776],[-83.095056,41.411985]]]},"properties":{"p":"31-11-00-0045-00","o":"SILVER TOP HOLDINGS LLC","a":"3939 SR 53","d":"Fremont City School District","t":8025.9,"l":"430: Com-Retaurant","c":0}},{"type":"Feature","geometry":{"type":"Polygon","coordinates":[[[-83.139228,41.41475],[-83.139228,41.414696],[-83.140439,41.41471],[-83.140426,41.415422],[-83.139222,41.415406],[-83.139228,41.41475]]]},"properties":{"p":"31-04-00-0011-03","o":"SCHULTT, SERENITY R & PAIGE L /SURV","a":"350 CR 109","d":"Fremont City School District","t":5059.59,"l":"541: Res-Custom Code","c":0}},{"type":"Feature","geometry":{"type":"Polygon","coordinates":[[[-83.349637,41.452887],[-83.349419,41.451836],[-83.349639,41.45187],[-83.34974,41.451866],[-83.350055,41.45288],[-83.349653,41.452968],[-83.349637,41.452887]]]},"properties":{"p":"30-50-00-0814-00","o":"DIXON, JACQUELINE M TRUSTEE","a":"805 WATER ST E","d":"Woodmore Local School District","t":5282.97,"l":"510: Res-Single Family","c":0}},{"type":"Feature","geometry":{"type":"Polygon","coordinates":[[[-83.354581,41.451145],[-83.354653,41.451094],[-83.354833,41.45101],[-83.355108,41.451562],[-83.35483,41.451645],[-83.354581,41.451145]]]},"properties":{"p":"30-50-00-0450-00","o":"AVERS, NICHOLAS J & STEPHANNIE K /SURV","a":"505 WATER ST","d":"Woodmore Local School District","t":4926.83,"l":"510: Res-Single Family","c":0}},{"type":"Feature","geometry":{"type":"Polygon","coordinates":[[[-83.2344,41.363084],[-83.234535,41.35953],[-83.236729,41.359517],[-83.236559,41.363152],[-83.235662,41.363158],[-83.235741,41.361463],[-83.234859,41.361469],[-83.23478,41.363164],[-83.234397,41.363167],[-83.2344,41.363084]]]},"properties":{"p":"20-27-00-0002-03","o":"LASH, ROBERT W & WILLIAM R /SURV","a":"2915 CR 59","d":"Gibsonburg Exempted Village School District","t":5039.5,"l":"111: Agr-CAUV-Cash-Grain Farm","c":0}},{"type":"Feature","geometry":{"type":"Polygon","coordinates":[[[-83.226198,41.363223],[-83.226937,41.363219],[-83.226834,41.365542],[-83.226093,41.365545],[-83.226198,41.363223]]]},"properties":{"p":"19-27-00-0001-11","o":"BERRYMAN, JUDY K","a":"2716 CR 59","d":"Fremont City School District","t":7120.12,"l":"562: Res-Custom Code","c":0}},{"type":"Feature","geometry":{"type":"Polygon","coordinates":[[[-83.208126,41.377992],[-83.21539,41.377892],[-83.2151,41.385219],[-83.207856,41.385325],[-83.208126,41.377992]]]},"properties":{"p":"19-23-00-0014-00","o":"WAGNER, PETER F & JENNIFER M /SURV","a":"STATE ST REAR W","d":"Fremont City School District","t":5725.86,"l":"110: Agr-CAUV-Vacant Land","c":0}},{"type":"Feature","geometry":{"type":"Polygon","coordinates":[[[-83.236363,41.276225],[-83.235263,41.276228],[-83.235261,41.275862],[-83.23693,41.275848],[-83.236363,41.276225]]]},"properties":{"p":"14-27-00-0011-00","o":"LONG, GERALD W & BONNIE L TRUSTEES","a":"2338 SR 590 S","d":"Lakota Local School District","t":5214.22,"l":"511: Res-Custom Code","c":0}},{"type":"Feature","geometry":{"type":"Polygon","coordinates":[[[-83.282073,41.315252],[-83.282773,41.315176],[-83.282892,41.315441],[-83.282162,41.315519],[-83.282073,41.315252]]]},"properties":{"p":"14-07-00-0009-00","o":"ICKES, JAMES B","a":"321 STRAWBERRY LN","d":"Lakota Local School District","t":5005.94,"l":"521: Res-Custom Code","c":0}},{"type":"Feature","geometry":{"type":"Polygon","coordinates":[[[-83.142374,41.384131],[-83.142408,41.382089],[-83.14605,41.382126],[-83.146021,41.38575],[-83.141241,41.385685],[-83.141277,41.384146],[-83.142374,41.384131]]]},"properties":{"p":"13-21-00-0002-00","o":"SAIONZ, BRENT A & KAY L /SURV","a":"CR 73 W","d":"Fremont City School District","t":6531.86,"l":"110: Agr-CAUV-Vacant Land","c":0}},{"type":"Feature","geometry":{"type":"Polygon","coordinates":[[[-83.130466,41.319472],[-83.130472,41.319183],[-83.131042,41.319189],[-83.131047,41.319444],[-83.130465,41.319508],[-83.130466,41.319472]]]},"properties":{"p":"10-09-81-0006-00","o":"WELLS, ANNELISE M","a":"113 WISTERIA DR","d":"Fremont City School District","t":7435.48,"l":"510: Res-Single Family","c":0}},{"type":"Feature","geometry":{"type":"Polygon","coordinates":[[[-83.129738,41.324231],[-83.129721,41.324078],[-83.130519,41.324077],[-83.130516,41.324423],[-83.129759,41.324425],[-83.129738,41.324231]]]},"properties":{"p":"10-09-00-0049-00","o":"WILSON, MAE L","a":"1568 TIFFIN RD","d":"Fremont City School District","t":5087.32,"l":"511: Res-Custom Code","c":0}},{"type":"Feature","geometry":{"type":"Polygon","coordinates":[[[-83.138483,41.338452],[-83.138495,41.33809],[-83.139169,41.338104],[-83.139157,41.338468],[-83.138483,41.338452]]]},"properties":{"p":"10-04-26-0052-00","o":"WYLKAN, PHILLIP T & WYLYKANOWITZ, AMY G TRUSTEES","a":"750 THIRD AVE","d":"Fremont City School District","t":6969.22,"l":"510: Res-Single Family","c":0}},{"type":"Feature","geometry":{"type":"Polygon","coordinates":[[[-83.141998,41.33459],[-83.141826,41.334513],[-83.142286,41.334286],[-83.142468,41.334495],[-83.142157,41.334651],[-83.141998,41.33459]]]},"properties":{"p":"10-04-22-0002-00","o":"FOOS, DAWN M","a":"821 FENNIMORE ST","d":"Fremont City School District","t":6477.85,"l":"510: Res-Single Family","c":0}},{"type":"Feature","geometry":{"type":"Polygon","coordinates":[[[-83.142107,41.334936],[-83.142625,41.334675],[-83.142774,41.334845],[-83.142255,41.335106],[-83.142107,41.334936]]]},"properties":{"p":"10-04-00-0030-00","o":"DICKMAN, LINDA M.","a":"807 FENNIMORE ST","d":"Fremont City School District","t":8008.44,"l":"511: Res-Custom Code","c":0}},{"type":"Feature","geometry":{"type":"Polygon","coordinates":[[[-83.064561,41.383418],[-83.064563,41.383144],[-83.065315,41.383151],[-83.065312,41.383423],[-83.064561,41.383418]]]},"properties":{"p":"08-19-06-0012-00","o":"MYERS, DIANA S","a":"47 BETHANY DR","d":"Fremont City School District","t":4829.16,"l":"510: Res-Single Family","c":0}},{"type":"Feature","geometry":{"type":"Polygon","coordinates":[[[-83.001744,41.388803],[-83.00176,41.387639],[-83.002282,41.387643],[-83.002264,41.388801],[-83.001744,41.388803]]]},"properties":{"p":"08-15-00-0001-02","o":"VASSAR, MICHELLE R","a":"1679 CR 238","d":"Fremont City School District","t":5951.59,"l":"511: Res-Custom Code","c":0}},{"type":"Feature","geometry":{"type":"Polygon","coordinates":[[[-83.050716,41.423272],[-83.050726,41.42308],[-83.050972,41.42309],[-83.050956,41.423282],[-83.050716,41.423272]]]},"properties":{"p":"08-06-03-0096-00","o":"HECKER, JOHN","a":"2902 CR 210","d":"Fremont City School District","t":5176.41,"l":"510: Res-Single Family","c":0}},{"type":"Feature","geometry":{"type":"MultiPolygon","coordinates":[[[[-83.013068,41.256021],[-83.013376,41.255943],[-83.014082,41.255954],[-83.014029,41.25742],[-83.011573,41.257301],[-83.011826,41.25657],[-83.011779,41.256426],[-83.011703,41.256365],[-83.013068,41.256021]]],[[[-83.01207,41.256075],[-83.01226,41.255926],[-83.01264,41.255932],[-83.01207,41.256075]]]]},"properties":{"p":"06-34-00-0031-00","o":"HACKWORTH, WILLIAM L, JR","a":"3126 CR 113","d":"Clyde-Green Springs Exempted Village School District","t":7033.56,"l":"599: Res-Other","c":0}},{"type":"Feature","geometry":{"type":"Polygon","coordinates":[[[-83.023227,41.297942],[-83.023237,41.297521],[-83.023783,41.297527],[-83.023786,41.297235],[-83.023244,41.297233],[-83.023257,41.296676],[-83.025669,41.296708],[-83.025643,41.297971],[-83.023227,41.297942]]]},"properties":{"p":"06-21-00-0034-00","o":"JOSEPH, JAMES M","a":"1674 CR 224","d":"Clyde-Green Springs Exempted Village School District","t":5084.89,"l":"511: Res-Custom Code","c":0}},{"type":"Feature","geometry":{"type":"Polygon","coordinates":[[[-83.037966,41.288881],[-83.038595,41.288725],[-83.038559,41.289383],[-83.037858,41.289556],[-83.037857,41.288908],[-83.037966,41.288881]]]},"properties":{"p":"06-20-00-0016-04","o":"HUBLEY, DORIS M","a":"2477 CR 197","d":"Clyde-Green Springs Exempted Village School District","t":5733.23,"l":"541: Res-Custom Code","c":0}},{"type":"Feature","geometry":{"type":"Polygon","coordinates":[[[-82.841322,41.286795],[-82.841298,41.286004],[-82.841872,41.286003],[-82.841868,41.285661],[-82.843013,41.285662],[-82.843057,41.286631],[-82.842269,41.286631],[-82.842292,41.287149],[-82.841339,41.287174],[-82.841322,41.286795]]]},"properties":{"p":"01-24-00-0001-01","o":"MAGERS, DARIN E & MIRANDA L /SURV","a":"1004 CR 312","d":"Bellevue City School District","t":3656.13,"l":"511: Res-Custom Code","c":0}},{"type":"Feature","geometry":{"type":"Polygon","coordinates":[[[-83.126395,41.326987],[-83.126715,41.326938],[-83.126932,41.327374],[-83.126502,41.327495],[-83.126453,41.327496],[-83.126395,41.326987]]]},"properties":{"p":"10-10-71-0010-00","o":"ATZINGER, CAROL A","a":"RIVER RUN DR","d":"Fremont City School District","t":3887.81,"l":"500: Res-Vacant Land","c":0}},{"type":"Feature","geometry":{"type":"Polygon","coordinates":[[[-83.372595,41.454201],[-83.372833,41.453863],[-83.372962,41.453915],[-83.372724,41.454252],[-83.372595,41.454201]]]},"properties":{"p":"30-28-01-0005-00","o":"STRICKLAND, JOHN RICHARD","a":"833 MAIN ST W","d":"Woodmore Local School District","t":4667.42,"l":"510: Res-Single Family","c":0}},{"type":"Feature","geometry":{"type":"Polygon","coordinates":[[[-83.10463,41.347558],[-83.104742,41.347427],[-83.105141,41.34763],[-83.105029,41.347762],[-83.10463,41.347558]]]},"properties":{"p":"34-50-00-0557-00","o":"BEEKER, CHRISTOPHER T.","a":"302 30 FOURTH ST","d":"Fremont City School District","t":4084.52,"l":"520: Res-Two Family","c":0}},{"type":"Feature","geometry":{"type":"Polygon","coordinates":[[[-83.122518,41.360708],[-83.122524,41.360492],[-83.12296,41.360491],[-83.122953,41.36071],[-83.122518,41.360708]]]},"properties":{"p":"34-50-00-4977-00","o":"LEE, MARTRICIA","a":"1305 CLINTON ST","d":"Fremont City School District","t":3714.69,"l":"510: Res-Single Family","c":0}},{"type":"Feature","geometry":{"type":"Polygon","coordinates":[[[-83.105254,41.347586],[-83.105325,41.347503],[-83.105727,41.347706],[-83.105657,41.347788],[-83.105254,41.347586]]]},"properties":{"p":"34-60-00-0131-04","o":"SANCHEZ, RICARDO","a":"309 OHIO AVE","d":"Fremont City School District","t":4360.8,"l":"510: Res-Single Family","c":0}},{"type":"Feature","geometry":{"type":"Polygon","coordinates":[[[-83.088703,41.336859],[-83.088717,41.336615],[-83.089488,41.336645],[-83.089474,41.336889],[-83.088703,41.336859]]]},"properties":{"p":"34-50-00-6307-00","o":"MARROQUIN, THOMAS, JR.& N","a":"618 CARMEN PL","d":"Fremont City School District","t":4347.88,"l":"510: Res-Single Family","c":0}},{"type":"Feature","geometry":{"type":"Polygon","coordinates":[[[-83.099121,41.333289],[-83.09957,41.333067],[-83.099739,41.333259],[-83.099838,41.333325],[-83.099957,41.333368],[-83.099843,41.333669],[-83.099121,41.333289]]]},"properties":{"p":"34-50-00-6210-00","o":"HOMES-CASAS INC","a":"1016 MALLARD CT","d":"Fremont City School District","t":3371.17,"l":"500: Res-Vacant Land","c":0}},{"type":"Feature","geometry":{"type":"Polygon","coordinates":[[[-83.100973,41.334217],[-83.101062,41.334014],[-83.101496,41.334133],[-83.101477,41.33422],[-83.100973,41.334217]]]},"properties":{"p":"34-50-00-6200-00","o":"EM APARTMENTS OH LLC","a":"945 CARDINAL DR","d":"Fremont City School District","t":3299.76,"l":"530: Res-Three Family","c":0}},{"type":"Feature","geometry":{"type":"Polygon","coordinates":[[[-83.101496,41.334133],[-83.10159,41.333694],[-83.101807,41.333702],[-83.101804,41.334218],[-83.101477,41.33422],[-83.101496,41.334133]]]},"properties":{"p":"34-50-00-6198-00","o":"EM APARTMENTS OH LLC","a":"940 QUAIL DR","d":"Fremont City School District","t":3310.83,"l":"530: Res-Three Family","c":0}},{"type":"Feature","geometry":{"type":"Polygon","coordinates":[[[-83.101807,41.333702],[-83.102023,41.333689],[-83.10213,41.334216],[-83.101804,41.334218],[-83.101807,41.333702]]]},"properties":{"p":"34-50-00-6197-00","o":"EM APARTMENTS OH LLC","a":"938 QUAIL DR","d":"Fremont City School District","t":3310.82,"l":"530: Res-Three Family","c":0}},{"type":"Feature","geometry":{"type":"Polygon","coordinates":[[[-83.094537,41.337515],[-83.094975,41.337508],[-83.094974,41.337648],[-83.094535,41.337653],[-83.094537,41.337515]]]},"properties":{"p":"34-50-00-5902-00","o":"HEIMBAUGH, RICHARD A & TEA, ROGER P","a":"503 ST JOSEPH ST","d":"Fremont City School District","t":4035.32,"l":"510: Res-Single Family","c":0}},{"type":"Feature","geometry":{"type":"Polygon","coordinates":[[[-83.094108,41.357477],[-83.094209,41.357366],[-83.094535,41.357524],[-83.094357,41.357599],[-83.094108,41.357477]]]},"properties":{"p":"34-50-00-5644-00","o":"JOHNSON, WILLIE & KIMBROUGH, ALFONSO","a":"1022 FIFTH ST N","d":"Fremont City School District","t":4011.85,"l":"500: Res-Vacant Land","c":0}},{"type":"Feature","geometry":{"type":"Polygon","coordinates":[[[-83.11346,41.340336],[-83.113014,41.340151],[-83.113014,41.340079],[-83.113494,41.340076],[-83.113493,41.340351],[-83.11346,41.340336]]]},"properties":{"p":"34-50-00-5524-00","o":"BURNETT, JOYCE & LOUIS /SURV","a":"623 FRONT ST S","d":"Fremont City School District","t":3825.5,"l":"520: Res-Two Family","c":0}},{"type":"Feature","geometry":{"type":"Polygon","coordinates":[[[-83.13281,41.358283],[-83.132811,41.35817],[-83.133068,41.358171],[-83.133067,41.358285],[-83.13281,41.358283]]]},"properties":{"p":"34-50-00-5410-02","o":"SHARPLEY, SOLOMON XAVIER JOSIAH","a":"1131 1/2 WESTERN AVE","d":"Fremont City School District","t":3952.1,"l":"510: Res-Single Family","c":0}},{"type":"Feature","geometry":{"type":"Polygon","coordinates":[[[-83.099683,41.342552],[-83.099509,41.342506],[-83.09969,41.34212],[-83.09992,41.342181],[-83.099737,41.342567],[-83.099683,41.342552]]]},"properties":{"p":"34-50-00-4384-00","o":"WOLLENSLEGEL, JEFFREY D JR & KNIGHT, LACI /SURV","a":"924 LINDEN BLVD","d":"Fremont City School District","t":3640.05,"l":"510: Res-Single Family","c":0}},{"type":"Feature","geometry":{"type":"Polygon","coordinates":[[[-83.121986,41.360342],[-83.121998,41.359975],[-83.122188,41.359974],[-83.122178,41.360342],[-83.121986,41.360342]]]},"properties":{"p":"34-50-00-3892-00","o":"HERBST, MARIE IDELL","a":"1081 MCKINLEY ST","d":"Fremont City School District","t":3296.5,"l":"510: Res-Single Family","c":0}},{"type":"Feature","geometry":{"type":"Polygon","coordinates":[[[-83.118765,41.340397],[-83.119247,41.340397],[-83.119247,41.340552],[-83.118763,41.340559],[-83.118765,41.340397]]]},"properties":{"p":"34-50-00-3644-00","o":"WEST, MARIAH ELLEN","a":"600 CLOVER ST S","d":"Fremont City School District","t":3576.19,"l":"510: Res-Single Family","c":0}},{"type":"Feature","geometry":{"type":"Polygon","coordinates":[[[-83.116682,41.353038],[-83.116683,41.352899],[-83.117216,41.352906],[-83.117216,41.353041],[-83.116682,41.353038]]]},"properties":{"p":"34-50-00-3615-00","o":"PARKS BARNETT, BILLIE J TRUSTEE","a":"727 WOOD ST N","d":"Fremont City School District","t":4119.28,"l":"510: Res-Single Family","c":0}},{"type":"Feature","geometry":{"type":"Polygon","coordinates":[[[-83.116999,41.338326],[-83.117276,41.338303],[-83.117234,41.338726],[-83.117088,41.338794],[-83.116999,41.338326]]]},"properties":{"p":"34-50-00-3597-00","o":"RODRIGUEZ, CANDICE","a":"519 TIFFIN ST","d":"Fremont City School District","t":3914.22,"l":"510: Res-Single Family","c":0}},{"type":"Feature","geometry":{"type":"Polygon","coordinates":[[[-83.102154,41.34317],[-83.102285,41.34289],[-83.102559,41.342966],[-83.102425,41.343245],[-83.102154,41.34317]]]},"properties":{"p":"34-50-00-3495-00","o":"HOSANG, KERRI J","a":"718 LINDEN ST","d":"Fremont City School District","t":4587.05,"l":"510: Res-Single Family","c":0}},{"type":"Feature","geometry":{"type":"Polygon","coordinates":[[[-83.128863,41.342998],[-83.128867,41.342616],[-83.129016,41.342616],[-83.129006,41.342999],[-83.128863,41.342998]]]},"properties":{"p":"34-50-00-3122-01","o":"DARR, KYLE A","a":"1415 MCPHERSON BLVD","d":"Fremont City School District","t":3442.97,"l":"510: Res-Single Family","c":0}},{"type":"Feature","geometry":{"type":"Polygon","coordinates":[[[-83.114784,41.351072],[-83.114793,41.350752],[-83.114954,41.350757],[-83.114952,41.351077],[-83.114784,41.351072]]]},"properties":{"p":"34-50-00-2988-00","o":"DOSS, DANIEL WESLEY & DAWN MARIE /SURV","a":"407 MAY ST","d":"Fremont City School District","t":3602.8,"l":"510: Res-Single Family","c":0}},{"type":"Feature","geometry":{"type":"Polygon","coordinates":[[[-83.113709,41.337834],[-83.113708,41.337732],[-83.114641,41.337728],[-83.114641,41.33783],[-83.113709,41.337834]]]},"properties":{"p":"34-50-00-2932-00","o":"JONES, VONZELL","a":"740 FRONT ST S","d":"Fremont City School District","t":3354.55,"l":"510: Res-Single Family","c":0}},{"type":"Feature","geometry":{"type":"Polygon","coordinates":[[[-83.116354,41.342192],[-83.116515,41.342191],[-83.116519,41.342413],[-83.116359,41.342415],[-83.116354,41.342192]]]},"properties":{"p":"34-50-00-2856-01","o":"CONNERS, TERRI K & ZITTER, MELODY D","a":"502 HAYES AVE","d":"Fremont City School District","t":4529.66,"l":"520: Res-Two Family","c":0}},{"type":"Feature","geometry":{"type":"Polygon","coordinates":[[[-83.126153,41.354682],[-83.126158,41.354559],[-83.12663,41.35456],[-83.126626,41.354681],[-83.126153,41.354682]]]},"properties":{"p":"34-50-00-2247-00","o":"SOUTHWIND PROPERTY SOLUTIONS LLC","a":"816 STILWELL AVE","d":"Fremont City School District","t":3332.94,"l":"510: Res-Single Family","c":0}},{"type":"Feature","geometry":{"type":"Polygon","coordinates":[[[-83.126141,41.355054],[-83.126144,41.354948],[-83.126617,41.35495],[-83.126613,41.355056],[-83.126141,41.355054]]]},"properties":{"p":"34-50-00-2241-01","o":"CARPENTER, JOHN A & ANN J","a":"826 STILWELL AVE","d":"Fremont City School District","t":3763.02,"l":"510: Res-Single Family","c":0}},{"type":"Feature","geometry":{"type":"Polygon","coordinates":[[[-83.129117,41.354431],[-83.129118,41.354393],[-83.129155,41.354393],[-83.129157,41.354308],[-83.129321,41.354306],[-83.129498,41.354064],[-83.129602,41.354106],[-83.129592,41.35443],[-83.129117,41.354431]]]},"properties":{"p":"34-50-00-2201-00","o":"WOLF, RYAN W. & TARA D./S","a":"805 CARBON ST","d":"Fremont City School District","t":4354.81,"l":"510: Res-Single Family","c":0}},{"type":"Feature","geometry":{"type":"Polygon","coordinates":[[[-83.113713,41.338934],[-83.113712,41.338751],[-83.114185,41.338747],[-83.114184,41.338932],[-83.113713,41.338934]]]},"properties":{"p":"34-50-00-1869-00","o":"WILSON, RONALD","a":"710 FRONT ST S","d":"Fremont City School District","t":4586.2,"l":"510: Res-Single Family","c":0}},{"type":"Feature","geometry":{"type":"Polygon","coordinates":[[[-83.114226,41.352424],[-83.11424,41.352058],[-83.114422,41.352059],[-83.114408,41.352426],[-83.114226,41.352424]]]},"properties":{"p":"34-50-00-1267-01","o":"STARKS, ROCHELLE","a":"408 FULTON ST","d":"Fremont City School District","t":3413.74,"l":"510: Res-Single Family","c":0}},{"type":"Feature","geometry":{"type":"Polygon","coordinates":[[[-83.11172,41.341864],[-83.11206,41.34186],[-83.112062,41.342064],[-83.111745,41.342067],[-83.11172,41.341864]]]},"properties":{"p":"34-50-00-0962-01","o":"JOHNSON, WILLIE & BERNICE","a":"101 HAYES AVE","d":"Fremont City School District","t":3389.82,"l":"400: Com-Vacant Land","c":0}},{"type":"Feature","geometry":{"type":"Polygon","coordinates":[[[-83.101039,41.35236],[-83.101172,41.352209],[-83.10157,41.352409],[-83.101437,41.35256],[-83.101039,41.35236]]]},"properties":{"p":"34-50-00-0833-00","o":"LEFFLER,-RODRIGUEZ, ELVIA","a":"613 OHIO AVE","d":"Fremont City School District","t":3987.43,"l":"510: Res-Single Family","c":0}},{"type":"Feature","geometry":{"type":"Polygon","coordinates":[[[-83.102653,41.35186],[-83.102787,41.351707],[-83.103188,41.351909],[-83.103055,41.35206],[-83.102653,41.35186]]]},"properties":{"p":"34-50-00-0792-00","o":"BINGLE, FRED G","a":"534 OHIO AVE","d":"Fremont City School District","t":3698.45,"l":"510: Res-Single Family","c":0}},{"type":"Feature","geometry":{"type":"Polygon","coordinates":[[[-83.112289,41.352636],[-83.112291,41.352588],[-83.112819,41.352048],[-83.112896,41.352048],[-83.112878,41.352638],[-83.112289,41.352636]]]},"properties":{"p":"34-50-00-0594-00","o":"OJB PROPERTIES LLC","a":"611 FRONT ST","d":"Fremont City School District","t":4319.87,"l":"480: Com-Warehouse","c":0}},{"type":"Feature","geometry":{"type":"Polygon","coordinates":[[[-83.109264,41.345612],[-83.109427,41.34528],[-83.109596,41.345263],[-83.109572,41.345314],[-83.109618,41.345394],[-83.10948,41.345673],[-83.109264,41.345612]]]},"properties":{"p":"34-50-00-0435-00","o":"MILTON, PEARL & HULL, JIM & MELISSA /SURV","a":"117 11 WABASH ST","d":"Fremont City School District","t":3385.96,"l":"520: Res-Two Family","c":0}},{"type":"Feature","geometry":{"type":"Polygon","coordinates":[[[-83.114725,41.347209],[-83.114812,41.347092],[-83.115243,41.347278],[-83.115149,41.347397],[-83.114725,41.347209]]]},"properties":{"p":"34-50-00-0153-00","o":"MARTIN, TIMOTHY L III","a":"114-116 ARCH ST","d":"Fremont City School District","t":3448.27,"l":"447: Com-Office","c":0}},{"type":"Feature","geometry":{"type":"Polygon","coordinates":[[[-83.114564,41.34753],[-83.114706,41.347337],[-83.115004,41.347465],[-83.114856,41.347657],[-83.114564,41.34753]]]},"properties":{"p":"34-50-00-0144-01","o":"MARTIN, TIMOTHY L III","a":"401 STATE ST W","d":"Fremont City School District","t":4115.49,"l":"429: Com-Other","c":0}},{"type":"Feature","geometry":{"type":"Polygon","coordinates":[[[-83.114505,41.347504],[-83.114648,41.347312],[-83.114706,41.347337],[-83.114564,41.34753],[-83.114505,41.347504]]]},"properties":{"p":"34-50-00-0144-00","o":"MARTIN, TIMOTHY L III","a":"401 STATE ST W","d":"Fremont City School District","t":4134.23,"l":"429: Com-Other","c":0}},{"type":"Feature","geometry":{"type":"Polygon","coordinates":[[[-83.116482,41.348337],[-83.116702,41.34805],[-83.116646,41.348264],[-83.116685,41.348267],[-83.11665,41.348408],[-83.116482,41.348337]]]},"properties":{"p":"34-50-00-0112-04","o":"TVZ INC","a":"525 STATE ST W","d":"Fremont City School District","t":4129.46,"l":"400: Com-Vacant Land","c":0}},{"type":"Feature","geometry":{"type":"Polygon","coordinates":[[[-83.049223,41.260706],[-83.049226,41.260315],[-83.0494,41.260318],[-83.049399,41.260709],[-83.049223,41.260706]]]},"properties":{"p":"33-50-00-0324-00","o":"BROWN, PAUL JR & ANDREA R /SURV","a":"210 HAMILTON ST","d":"Clyde-Green Springs Exempted Village School District","t":3869.77,"l":"510: Res-Single Family","c":0}},{"type":"Feature","geometry":{"type":"Polygon","coordinates":[[[-83.046915,41.259726],[-83.046916,41.25914],[-83.047491,41.259143],[-83.047489,41.259728],[-83.046915,41.259726]]]},"properties":{"p":"33-50-00-0316-00","o":"TUTHILL, KRISTIE L","a":"222 LEONARD ST","d":"Clyde-Green Springs Exempted Village School District","t":4430.18,"l":"510: Res-Single Family","c":0}},{"type":"Feature","geometry":{"type":"Polygon","coordinates":[[[-83.049679,41.257317],[-83.049684,41.256804],[-83.049909,41.256807],[-83.049902,41.257319],[-83.049679,41.257317]]]},"properties":{"p":"33-50-00-0036-00","o":"HEMMINGER, DANIEL","a":"204 ADAMS ST E","d":"Clyde-Green Springs Exempted Village School District","t":4600.31,"l":"510: Res-Single Family","c":0}},{"type":"Feature","geometry":{"type":"Polygon","coordinates":[[[-83.0024,41.323455],[-83.002104,41.3229],[-83.001159,41.322549],[-83.000483,41.322625],[-82.998848,41.322602],[-82.996699,41.322693],[-82.994975,41.322715],[-82.9949,41.31538],[-82.999877,41.31669],[-82.99989,41.317703],[-82.999936,41.317584],[-82.999944,41.318399],[-83.001105,41.318809],[-83.001105,41.317966],[-83.002059,41.317991],[-83.002059,41.318024],[-83.002745,41.318027],[-83.002778,41.31751],[-83.003695,41.317779],[-83.00367,41.32379],[-83.0024,41.323455]]]},"properties":{"p":"32-60-00-0187-00","o":"TRAVIS, HEATHER, SCHMUCKER, HALEY & CUTRI, HEIDE","a":"1196-1198 SR 20","d":"Clyde-Green Springs Exempted Village School District","t":3605.88,"l":"111: Agr-CAUV-Cash-Grain Farm","c":0}},{"type":"Feature","geometry":{"type":"Polygon","coordinates":[[[-82.989235,41.315907],[-82.989235,41.315495],[-82.990151,41.315489],[-82.990149,41.315901],[-82.989235,41.315907]]]},"properties":{"p":"32-60-00-0180-00","o":"ACA REAL ESTATE INVESTMEN","a":"870 WOODLAND AVE N","d":"Clyde-Green Springs Exempted Village School District","t":4639.67,"l":"440: Com-Dry Cleaning","c":0}},{"type":"Feature","geometry":{"type":"Polygon","coordinates":[[[-82.980011,41.314181],[-82.979626,41.31418],[-82.979629,41.311352],[-82.980705,41.311649],[-82.980701,41.312939],[-82.980228,41.312938],[-82.980224,41.314182],[-82.980011,41.314181]]]},"properties":{"p":"32-60-00-0027-12","o":"DOEBEL, CHERYL P","a":"401 MCPHERSON HWY","d":"Clyde-Green Springs Exempted Village School District","t":3505.18,"l":"429: Com-Other","c":0}},{"type":"Feature","geometry":{"type":"Polygon","coordinates":[[[-82.984757,41.296007],[-82.985696,41.296002],[-82.985693,41.296358],[-82.984754,41.296366],[-82.984757,41.296007]]]},"properties":{"p":"32-60-00-0014-06","o":"WARNECKE, WILLIAM D","a":"515 RACE ST","d":"Clyde-Green Springs Exempted Village School District","t":3697.69,"l":"499: Com-Other","c":0}},{"type":"Feature","geometry":{"type":"Polygon","coordinates":[[[-82.986972,41.295023],[-82.986976,41.294768],[-82.98731,41.294766],[-82.987304,41.295274],[-82.986969,41.295277],[-82.986972,41.295023]]]},"properties":{"p":"32-50-00-2308-00","o":"DAVIS, CRAIG R & JACQUELI","a":"137 PAULA DR","d":"Clyde-Green Springs Exempted Village School District","t":4281.82,"l":"510: Res-Single Family","c":0}},{"type":"Feature","geometry":{"type":"Polygon","coordinates":[[[-82.983065,41.307325],[-82.98307,41.306905],[-82.983216,41.306874],[-82.98321,41.307325],[-82.983065,41.307325]]]},"properties":{"p":"32-50-00-0515-01","o":"HBA RENTALS LLC","a":"308 SPRING ST","d":"Clyde-Green Springs Exempted Village School District","t":3640.22,"l":"510: Res-Single Family","c":0}},{"type":"Feature","geometry":{"type":"Polygon","coordinates":[[[-82.977319,41.301945],[-82.97732,41.3019],[-82.978453,41.301899],[-82.97845,41.302076],[-82.977319,41.30208],[-82.977319,41.301945]]]},"properties":{"p":"32-50-00-0416-01","o":"ASBURY, AMANDA","a":"104 MECHANIC ST","d":"Clyde-Green Springs Exempted Village School District","t":4446.15,"l":"510: Res-Single Family","c":0}},{"type":"Feature","geometry":{"type":"Polygon","coordinates":[[[-82.974996,41.303735],[-82.974998,41.303606],[-82.975579,41.303614],[-82.97561,41.303741],[-82.974996,41.303735]]]},"properties":{"p":"32-50-00-0360-00","o":"SLUSHER, DAVID L & RHONDA R /SURV","a":"213 MAIN ST S","d":"Clyde-Green Springs Exempted Village School District","t":4394.35,"l":"510: Res-Single Family","c":0}},{"type":"Feature","geometry":{"type":"Polygon","coordinates":[[[-82.974509,41.307691],[-82.974523,41.307684],[-82.974455,41.307646],[-82.97385,41.307515],[-82.974758,41.306954],[-82.97475,41.307731],[-82.974509,41.307691]]]},"properties":{"p":"32-50-00-0235-00","o":"HD EXPRESS MART, INC","a":"506 MAIN ST N","d":"Clyde-Green Springs Exempted Village School District","t":3853.62,"l":"429: Com-Other","c":0}},{"type":"Feature","geometry":{"type":"Polygon","coordinates":[[[-82.973206,41.302205],[-82.973445,41.302203],[-82.973442,41.302657],[-82.973201,41.302659],[-82.973206,41.302205]]]},"properties":{"p":"32-50-00-0197-00","o":"MECKLEY, ROXANN","a":"132 CHERRY ST E","d":"Clyde-Green Springs Exempted Village School District","t":4156.72,"l":"510: Res-Single Family","c":0}},{"type":"Feature","geometry":{"type":"Polygon","coordinates":[[[-82.973122,41.307171],[-82.972997,41.307121],[-82.972996,41.306945],[-82.973332,41.306942],[-82.973331,41.307066],[-82.97376,41.307356],[-82.97357,41.307473],[-82.973122,41.307171]]]},"properties":{"p":"32-50-00-0011-00","o":"HAMILTON, MICHELLE","a":"130 MAPLE ST E","d":"Clyde-Green Springs Exempted Village School District","t":4132.42,"l":"510: Res-Single Family","c":0}},{"type":"Feature","geometry":{"type":"Polygon","coordinates":[[[-83.080014,41.442543],[-83.079994,41.439414],[-83.080175,41.439397],[-83.080369,41.439354],[-83.08082,41.43919],[-83.081089,41.439064],[-83.081569,41.438774],[-83.082172,41.438766],[-83.08219,41.442558],[-83.080014,41.442543]]]},"properties":{"p":"31-36-00-0004-01","o":"BRIGHTSTAR FREMONT MHP LLC","a":"1301 SR 523","d":"Fremont City School District","t":3424.39,"l":"415: Com-Mobile Home Park","c":0}},{"type":"Feature","geometry":{"type":"Polygon","coordinates":[[[-83.37268,41.451783],[-83.372459,41.451692],[-83.373124,41.451493],[-83.373222,41.45167],[-83.372844,41.45185],[-83.37268,41.451783]]]},"properties":{"p":"30-50-00-0742-00","o":"BARRERA, SYLVIA","a":"768 RIVERSIDE DR","d":"Woodmore Local School District","t":4083.83,"l":"510: Res-Single Family","c":0}},{"type":"Feature","geometry":{"type":"Polygon","coordinates":[[[-83.360938,41.451865],[-83.36099,41.451794],[-83.361423,41.451971],[-83.36126,41.45219],[-83.360938,41.451865]]]},"properties":{"p":"30-50-00-0298-01","o":"GRAFFICE, GLENN & SON INC","a":"220 WALNUT ST N","d":"Woodmore Local School District","t":4386.2,"l":"499: Com-Other","c":0}},{"type":"Feature","geometry":{"type":"Polygon","coordinates":[[[-83.362857,41.450226],[-83.363092,41.449898],[-83.36321,41.449948],[-83.362978,41.450277],[-83.362857,41.450226]]]},"properties":{"p":"30-50-00-0222-00","o":"RICKARD, PERRY L & BARBARA J TRUSTEES","a":"109 11 MAIN ST E","d":"Woodmore Local School District","t":3402.45,"l":"429: Com-Other","c":0}},{"type":"Feature","geometry":{"type":"Polygon","coordinates":[[[-83.365644,41.453033],[-83.36576,41.452873],[-83.366189,41.45305],[-83.366072,41.45321],[-83.365644,41.453033]]]},"properties":{"p":"30-50-00-0076-01","o":"WOODIRON LLC","a":"400 FIRST ST W","d":"Woodmore Local School District","t":4048.36,"l":"520: Res-Two Family","c":0}},{"type":"Feature","geometry":{"type":"Polygon","coordinates":[[[-83.409303,41.449171],[-83.409293,41.445165],[-83.409986,41.44517],[-83.409996,41.449237],[-83.409303,41.44924],[-83.409303,41.449171]]]},"properties":{"p":"28-30-00-0010-04","o":"SCHULTE, TODD","a":"7441 SR 582","d":"Woodmore Local School District","t":3387.55,"l":"511: Res-Custom Code","c":0}},{"type":"Feature","geometry":{"type":"Polygon","coordinates":[[[-83.400066,41.442024],[-83.400067,41.441942],[-83.40291,41.441931],[-83.402908,41.442741],[-83.399114,41.44375],[-83.399101,41.442434],[-83.399807,41.442427],[-83.39981,41.442322],[-83.400065,41.442318],[-83.400066,41.442024]]]},"properties":{"p":"28-30-00-0006-02","o":"HUSS, STEPHEN A & CYNTHIA A","a":"CR 139","d":"Woodmore Local School District","t":3546.54,"l":"599: Res-Other","c":0}},{"type":"Feature","geometry":{"type":"Polygon","coordinates":[[[-83.381066,41.459029],[-83.381054,41.458013],[-83.381695,41.458271],[-83.381487,41.458604],[-83.381433,41.459028],[-83.381066,41.459029]]]},"properties":{"p":"28-20-00-0014-00","o":"CHAYHANA TM LLC","a":"1314 SR 20","d":"Woodmore Local School District","t":4436.65,"l":"511: Res-Custom Code","c":0}},{"type":"Feature","geometry":{"type":"Polygon","coordinates":[[[-83.309716,41.408799],[-83.314455,41.408731],[-83.314439,41.409277],[-83.309625,41.409344],[-83.309643,41.4088],[-83.309716,41.408799]]]},"properties":{"p":"28-12-00-0007-04","o":"BRANDT, LEON E","a":"2416 CR 62","d":"Woodmore Local School District","t":3496.88,"l":"511: Res-Custom Code","c":0}},{"type":"Feature","geometry":{"type":"Polygon","coordinates":[[[-83.309696,41.383179],[-83.309957,41.383178],[-83.309949,41.383586],[-83.30969,41.383589],[-83.309696,41.383179]]]},"properties":{"p":"27-50-00-1179-00","o":"MELCHOR, ALBERTO JR & KATHLEEN S /SURV","a":"809 YEASTING ST E","d":"Gibsonburg Exempted Village School District","t":4427.48,"l":"511: Res-Custom Code","c":0}},{"type":"Feature","geometry":{"type":"Polygon","coordinates":[[[-83.3188,41.384067],[-83.319164,41.384061],[-83.319152,41.38448],[-83.318789,41.384486],[-83.3188,41.384067]]]},"properties":{"p":"27-50-00-0211-00","o":"123 E MADISON LLC","a":"123 MADISON ST E","d":"Gibsonburg Exempted Village School District","t":4695.68,"l":"499: Com-Other","c":0}},{"type":"Feature","geometry":{"type":"Polygon","coordinates":[[[-83.377591,41.342824],[-83.377583,41.342335],[-83.378395,41.342336],[-83.378402,41.342821],[-83.377591,41.342824]]]},"properties":{"p":"25-95-00-0002-00","o":"BENDER, BRADLEY A.","a":"146 CR 26","d":"Gibsonburg Exempted Village School District","t":3670.66,"l":"510: Res-Single Family","c":0}},{"type":"Feature","geometry":{"type":"Polygon","coordinates":[[[-83.310033,41.383969],[-83.310215,41.383967],[-83.310203,41.384692],[-83.309597,41.384698],[-83.309617,41.383973],[-83.310033,41.383969]]]},"properties":{"p":"25-24-00-0004-00","o":"ZITTER, CARL W & MELODY D","a":"859 MADISON ST","d":"Gibsonburg Exempted Village School District","t":3348.06,"l":"511: Res-Custom Code","c":0}},{"type":"Feature","geometry":{"type":"Polygon","coordinates":[[[-83.398963,41.377481],[-83.398966,41.377128],[-83.400264,41.377121],[-83.400262,41.377535],[-83.398963,41.377534],[-83.398963,41.377481]]]},"properties":{"p":"25-19-00-0006-01","o":"KASER, TONI L","a":"7153 CR 67","d":"Gibsonburg Exempted Village School District","t":3732.91,"l":"511: Res-Custom Code","c":0}},{"type":"Feature","geometry":{"type":"Polygon","coordinates":[[[-83.378662,41.320547],[-83.380137,41.320535],[-83.380143,41.32082],[-83.378554,41.320832],[-83.378554,41.320547],[-83.378662,41.320547]]]},"properties":{"p":"24-08-00-0005-00","o":"SHIRKEY, MICHELLE A","a":"818 CR 26","d":"Gibsonburg Exempted Village School District","t":3324.95,"l":"511: Res-Custom Code","c":0}},{"type":"Feature","geometry":{"type":"Polygon","coordinates":[[[-83.381295,41.341212],[-83.381294,41.34078],[-83.381856,41.340778],[-83.381854,41.341316],[-83.381295,41.341316],[-83.381295,41.341212]]]},"properties":{"p":"24-05-00-0011-00","o":"KUNZ, TIMOTHY","a":"6638 SR 6","d":"Gibsonburg Exempted Village School District","t":4602.18,"l":"511: Res-Custom Code","c":0}},{"type":"Feature","geometry":{"type":"Polygon","coordinates":[[[-83.359775,41.280425],[-83.359885,41.280417],[-83.359854,41.28129],[-83.358959,41.281275],[-83.35898,41.280577],[-83.359647,41.280433],[-83.359775,41.280425]]]},"properties":{"p":"23-27-00-0019-05","o":"TRAVIS, THERON & JUDI /SURV","a":"2201 CR 32 S","d":"Lakota Local School District","t":3645.4,"l":"511: Res-Custom Code","c":0}},{"type":"Feature","geometry":{"type":"Polygon","coordinates":[[[-83.384783,41.305381],[-83.384961,41.305381],[-83.385105,41.305342],[-83.386138,41.304988],[-83.386727,41.305116],[-83.386861,41.305122],[-83.387099,41.305092],[-83.387287,41.305028],[-83.387356,41.304972],[-83.387484,41.304816],[-83.387591,41.304745],[-83.387802,41.304671],[-83.387955,41.304553],[-83.388321,41.304435],[-83.388326,41.305349],[-83.384726,41.305415],[-83.384783,41.305381]]]},"properties":{"p":"23-17-00-0006-01","o":"ALBERT, CODY JAMES","a":"CR 41","d":"Lakota Local School District","t":4667.34,"l":"501: Res-Custom Code","c":0}},{"type":"Feature","geometry":{"type":"Polygon","coordinates":[[[-83.398427,41.324622],[-83.398411,41.324053],[-83.399241,41.324052],[-83.399256,41.324621],[-83.398427,41.324622]]]},"properties":{"p":"23-07-00-0011-01","o":"LAHMAN, KAREN S","a":"680 CR 10","d":"Lakota Local School District","t":4228.5,"l":"511: Res-Custom Code","c":0}},{"type":"Feature","geometry":{"type":"Polygon","coordinates":[[[-83.407742,41.339527],[-83.407795,41.337671],[-83.410165,41.337683],[-83.410153,41.341322],[-83.408433,41.34133],[-83.408471,41.339537],[-83.407742,41.339527]]]},"properties":{"p":"23-06-00-0009-00","o":"AK SANDER PROPERTIES LLC","a":"7415 SR 6","d":"Lakota Local School District","t":3885.9,"l":"512: Res-Custom Code","c":0}},{"type":"Feature","geometry":{"type":"Polygon","coordinates":[[[-83.219701,41.416442],[-83.219718,41.416069],[-83.220019,41.416067],[-83.220006,41.416441],[-83.219701,41.416442]]]},"properties":{"p":"22-50-00-0141-01","o":"WILLER, MICHAEL D","a":"141 COOPER ST","d":"Fremont City School District","t":3670.38,"l":"510: Res-Single Family","c":0}},{"type":"Feature","geometry":{"type":"Polygon","coordinates":[[[-83.220366,41.415696],[-83.220382,41.415325],[-83.219291,41.41535],[-83.21914,41.415117],[-83.220903,41.414912],[-83.220874,41.415694],[-83.220366,41.415696]]]},"properties":{"p":"22-02-00-0020-00","o":"REIS, GRACE & STEVEN J","a":"519 MAIN ST S","d":"Fremont City School District","t":3898.95,"l":"599: Res-Other","c":0}},{"type":"Feature","geometry":{"type":"Polygon","coordinates":[[[-83.270744,41.439858],[-83.272594,41.43985],[-83.272659,41.443454],[-83.270574,41.443479],[-83.270744,41.439858]]]},"properties":{"p":"21-32-00-0010-00","o":"HARMON, GREGORY D","a":"CR 74","d":"Woodmore Local School District","t":3355.81,"l":"199: Agr-CAUV-Other","c":0}},{"type":"Feature","geometry":{"type":"Polygon","coordinates":[[[-83.242644,41.402493],[-83.242907,41.402151],[-83.243167,41.402263],[-83.242909,41.402607],[-83.242644,41.402493]]]},"properties":{"p":"20-95-00-0025-00","o":"HOFFMAN, MICHAEL A & MICHAEL","a":"CR 704","d":"Gibsonburg Exempted Village School District","t":3729.96,"l":"560: Res-Mobile Home","c":0}},{"type":"Feature","geometry":{"type":"Polygon","coordinates":[[[-83.294718,41.370373],[-83.29472,41.370316],[-83.295376,41.370313],[-83.295353,41.370978],[-83.294697,41.370981],[-83.294718,41.370373]]]},"properties":{"p":"20-19-00-0002-02","o":"HORSLEY, LISA R","a":"4458 CR 65","d":"Gibsonburg Exempted Village School District","t":4582.6,"l":"511: Res-Custom Code","c":0}},{"type":"Feature","geometry":{"type":"Polygon","coordinates":[[[-83.278015,41.410759],[-83.278046,41.409708],[-83.279031,41.40971],[-83.278999,41.410762],[-83.278015,41.410759]]]},"properties":{"p":"20-08-00-0006-11","o":"MAUCH, RONALD C & CARL","a":"2471 CR 74","d":"Gibsonburg Exempted Village School District","t":4469.13,"l":"511: Res-Custom Code","c":0}},{"type":"Feature","geometry":{"type":"MultiPolygon","coordinates":[[[[-83.220755,41.434258],[-83.220764,41.432889],[-83.221833,41.432886],[-83.221839,41.433696],[-83.222915,41.433691],[-83.22291,41.432881],[-83.228033,41.432858],[-83.228073,41.436477],[-83.22474,41.436492],[-83.220765,41.435326],[-83.220755,41.434258]]],[[[-83.220774,41.436479],[-83.220771,41.43606],[-83.222182,41.43648],[-83.220774,41.436479]]]]},"properties":{"p":"19-34-00-0112-00","o":"BLAUSEY, JOHN L & DIANA M /SURV","a":"3238 SR 590 N","d":"Fremont City School District","t":4480.67,"l":"111: Agr-CAUV-Cash-Grain Farm","c":0}},{"type":"Feature","geometry":{"type":"Polygon","coordinates":[[[-83.189557,41.363809],[-83.189795,41.356625],[-83.194607,41.356517],[-83.194361,41.363749],[-83.189557,41.363809]]]},"properties":{"p":"19-25-00-0002-00","o":"WAGNER, CASEY N","a":"1811 CR 59 W","d":"Fremont City School District","t":3625.99,"l":"111: Agr-CAUV-Cash-Grain Farm","c":0}},{"type":"Feature","geometry":{"type":"Polygon","coordinates":[[[-83.212494,41.385257],[-83.2151,41.385219],[-83.214893,41.389491],[-83.212381,41.388443],[-83.212494,41.385257]]]},"properties":{"p":"19-14-00-0002-00","o":"WAGNER, PETER F & JENNIFER M /SURV","a":"4491 STATE ST W","d":"Fremont City School District","t":3977.71,"l":"111: Agr-CAUV-Cash-Grain Farm","c":0}},{"type":"Feature","geometry":{"type":"Polygon","coordinates":[[[-83.244632,41.2676],[-83.244632,41.267518],[-83.245617,41.267535],[-83.245612,41.26809],[-83.245218,41.268211],[-83.244634,41.268421],[-83.244632,41.2676]]]},"properties":{"p":"16-28-00-0003-00","o":"KLOPP, JAMES W & BRELSFORD, SHIRLEY A","a":"3112 MAIN ST","d":"Lakota Local School District","t":3847.51,"l":"511: Res-Custom Code","c":0}},{"type":"Feature","geometry":{"type":"Polygon","coordinates":[[[-83.204562,41.326148],[-83.20494,41.326131],[-83.204967,41.326676],[-83.204613,41.326692],[-83.204562,41.326148]]]},"properties":{"p":"14-12-09-0002-00","o":"STACEY, STEVEN JOSEPH","a":"2079 CR 41","d":"Lakota Local School District","t":3477.71,"l":"511: Res-Custom Code","c":0}},{"type":"Feature","geometry":{"type":"Polygon","coordinates":[[[-83.228077,41.325974],[-83.225976,41.325988],[-83.226005,41.325327],[-83.225343,41.325329],[-83.22588,41.315074],[-83.230676,41.315022],[-83.230535,41.318671],[-83.230459,41.318672],[-83.230149,41.325964],[-83.228077,41.325974]]]},"properties":{"p":"14-10-00-0002-00","o":"KRAUSS, HAVEN D. ET. AL.","a":"2677 CR 41","d":"Lakota Local School District","t":4006.05,"l":"111: Agr-CAUV-Cash-Grain Farm","c":0}},{"type":"Feature","geometry":{"type":"Polygon","coordinates":[[[-83.14274,41.357373],[-83.14274,41.357117],[-83.144031,41.35712],[-83.144029,41.357372],[-83.14274,41.357373]]]},"properties":{"p":"13-33-49-0080-00","o":"SYLVIA, BRENT W","a":"917 EVERETT RD","d":"Fremont City School District","t":3583.14,"l":"510: Res-Single Family","c":0}},{"type":"Feature","geometry":{"type":"Polygon","coordinates":[[[-83.140261,41.355867],[-83.140257,41.355504],[-83.13989,41.355501],[-83.139881,41.354591],[-83.139037,41.354589],[-83.139035,41.354409],[-83.141471,41.354429],[-83.141465,41.355742],[-83.140789,41.355736],[-83.14079,41.355872],[-83.140261,41.355867]]]},"properties":{"p":"13-33-49-0060-01","o":"BIRCHARD HOUSE, LLC","a":"721 WHITE RD","d":"Fremont City School District","t":3319.68,"l":"310: Ind-Food Processing","c":0}},{"type":"Feature","geometry":{"type":"MultiPolygon","coordinates":[[[[-83.138893,41.35236],[-83.139006,41.352359],[-83.13901,41.352589],[-83.137827,41.35259],[-83.137824,41.352367],[-83.138893,41.35236]]],[[[-83.138893,41.35236],[-83.139006,41.352359],[-83.13901,41.352589],[-83.138168,41.35259],[-83.138159,41.352468],[-83.137825,41.352466],[-83.137824,41.352367],[-83.138893,41.35236]]]]},"properties":{"p":"13-33-49-0026-00","o":"LANGLEY, TIMOTHY & CRUTCHFIELD, AMBER","a":"537 LIME ST","d":"Fremont City School District","t":4086.04,"l":"510: Res-Single Family","c":0}},{"type":"Feature","geometry":{"type":"Polygon","coordinates":[[[-83.091264,41.37306],[-83.091541,41.37258],[-83.094642,41.372614],[-83.094638,41.372957],[-83.094664,41.373093],[-83.091264,41.37306]]]},"properties":{"p":"13-23-00-0026-00","o":"HAMMONS, GARY GENE","a":"2012 RIVER RD N","d":"Fremont City School District","t":4547.81,"l":"511: Res-Custom Code","c":0}},{"type":"Feature","geometry":{"type":"Polygon","coordinates":[[[-83.110671,41.385201],[-83.110679,41.384635],[-83.111621,41.384638],[-83.110766,41.385226],[-83.110671,41.385201]]]},"properties":{"p":"13-15-10-0054-00","o":"BERKOWITZ, VIRGINIA A","a":"579 PLEASANT DR","d":"Fremont City School District","t":3474.07,"l":"510: Res-Single Family","c":0}},{"type":"Feature","geometry":{"type":"Polygon","coordinates":[[[-83.185876,41.268919],[-83.186016,41.268829],[-83.186176,41.268771],[-83.186319,41.268686],[-83.186576,41.268667],[-83.18669,41.268724],[-83.186745,41.268814],[-83.18676,41.268893],[-83.187949,41.268883],[-83.187958,41.269711],[-83.181268,41.269817],[-83.181379,41.269714],[-83.181706,41.26947],[-83.181773,41.269346],[-83.181789,41.269275],[-83.181804,41.269131],[-83.181795,41.268987],[-83.185876,41.268919]]]},"properties":{"p":"11-31-00-0008-00","o":"MASTRO, MICHAEL & BARBARA /SURV","a":"2613 CR 118","d":"Old Fort Local School District","t":4187.71,"l":"512: Res-Custom Code","c":0}},{"type":"Feature","geometry":{"type":"Polygon","coordinates":[[[-83.136139,41.327665],[-83.136378,41.327637],[-83.136476,41.328065],[-83.136235,41.328092],[-83.136139,41.327665]]]},"properties":{"p":"10-95-00-0104-02","o":"DELAGRANGE, LLOYD E.","a":"1927 CEMETERY RD","d":"Fremont City School District","t":4423.06,"l":"510: Res-Single Family","c":0}},{"type":"Feature","geometry":{"type":"Polygon","coordinates":[[[-83.111986,41.326061],[-83.112601,41.325373],[-83.112675,41.325219],[-83.113382,41.325437],[-83.114234,41.325968],[-83.114464,41.325314],[-83.115583,41.325537],[-83.11562,41.327751],[-83.111986,41.326061]]]},"properties":{"p":"10-10-00-0078-00","o":"VALONE, GLORIA JEANNE","a":"1600 MORRISON RD","d":"Fremont City School District","t":3601.66,"l":"512: Res-Custom Code","c":0}},{"type":"Feature","geometry":{"type":"Polygon","coordinates":[[[-83.112875,41.323549],[-83.112883,41.323532],[-83.113441,41.323694],[-83.113312,41.32395],[-83.112754,41.323789],[-83.112875,41.323549]]]},"properties":{"p":"10-10-00-0020-00","o":"LIEBOLD, DALTON L & SENEKKA I /SURV","a":"1641 MORRISON RD","d":"Fremont City School District","t":4086.23,"l":"511: Res-Custom Code","c":0}},{"type":"Feature","geometry":{"type":"Polygon","coordinates":[[[-83.147657,41.330589],[-83.147528,41.330437],[-83.147922,41.33024],[-83.148115,41.330468],[-83.147722,41.330666],[-83.147657,41.330589]]]},"properties":{"p":"10-04-15-0007-00","o":"SAUNDERS, TODD J & DARLENE /SURV","a":"1311 TUCKER RD","d":"Fremont City School District","t":3821.99,"l":"510: Res-Single Family","c":0}},{"type":"Feature","geometry":{"type":"Polygon","coordinates":[[[-83.076654,41.331734],[-83.076665,41.33164],[-83.078261,41.33175],[-83.078221,41.332088],[-83.076628,41.331978],[-83.076654,41.331734]]]},"properties":{"p":"10-01-05-0009-02","o":"MANN, MICHAEL R.","a":"1012 TIMPE RD","d":"Fremont City School District","t":3574.19,"l":"511: Res-Custom Code","c":0}},{"type":"Feature","geometry":{"type":"Polygon","coordinates":[[[-83.012009,41.390362],[-83.012927,41.390343],[-83.012891,41.391643],[-83.011891,41.391662],[-83.011919,41.390363],[-83.012009,41.390362]]]},"properties":{"p":"08-16-00-0008-00","o":"REINHART, DIANE M","a":"1766 CR 232","d":"Fremont City School District","t":4130.05,"l":"511: Res-Custom Code","c":0}},{"type":"Feature","geometry":{"type":"Polygon","coordinates":[[[-83.064029,41.41428],[-83.064781,41.41427],[-83.064772,41.414778],[-83.063902,41.414788],[-83.06392,41.414282],[-83.064029,41.41428]]]},"properties":{"p":"08-06-00-0026-01","o":"LEHMANN, LAURA L","a":"2602 CR 198 N","d":"Fremont City School District","t":3492.41,"l":"511: Res-Custom Code","c":0}},{"type":"Feature","geometry":{"type":"Polygon","coordinates":[[[-83.064781,41.41427],[-83.067981,41.414226],[-83.06794,41.416025],[-83.063867,41.416079],[-83.063902,41.414788],[-83.064772,41.414778],[-83.064781,41.41427]]]},"properties":{"p":"08-06-00-0026-00","o":"LEHMANN, LAURA L","a":"2624 CR 198","d":"Fremont City School District","t":3676.06,"l":"512: Res-Custom Code","c":0}},{"type":"Feature","geometry":{"type":"Polygon","coordinates":[[[-82.965527,41.268659],[-82.965529,41.268475],[-82.966268,41.268522],[-82.966244,41.270539],[-82.96551,41.270543],[-82.965527,41.268659]]]},"properties":{"p":"06-36-00-0010-00","o":"KISER, RALPH A. & VIVIAN","a":"4343 CR 183","d":"Clyde-Green Springs Exempted Village School District","t":3766.1,"l":"511: Res-Custom Code","c":0}},{"type":"Feature","geometry":{"type":"Polygon","coordinates":[[[-83.035462,41.275929],[-83.036689,41.275111],[-83.038244,41.276536],[-83.036985,41.278449],[-83.036563,41.278445],[-83.03628,41.277875],[-83.035418,41.275958],[-83.035462,41.275929]]]},"properties":{"p":"06-29-00-0009-03","o":"NEWSOME, DOUGLAS D & KENDRA /SURV","a":"2486 CR 185","d":"Clyde-Green Springs Exempted Village School District","t":4468.77,"l":"111: Agr-CAUV-Cash-Grain Farm","c":0}},{"type":"Feature","geometry":{"type":"Polygon","coordinates":[[[-83.03294,41.291959],[-83.032944,41.29164],[-83.035336,41.291644],[-83.035332,41.291985],[-83.03294,41.291984],[-83.03294,41.291959]]]},"properties":{"p":"06-20-00-0020-02","o":"BECKLEY, THOMAS R SR & SHELLY RAE /SURV","a":"1860 CR 220","d":"Clyde-Green Springs Exempted Village School District","t":4677.49,"l":"541: Res-Custom Code","c":0}},{"type":"Feature","geometry":{"type":"Polygon","coordinates":[[[-82.99275,41.306087],[-82.99323,41.306082],[-82.99322,41.306851],[-82.99274,41.306853],[-82.99275,41.306087]]]},"properties":{"p":"06-14-00-0013-00","o":"CENTURION, HEATHER S","a":"3719 CR 213","d":"Clyde-Green Springs Exempted Village School District","t":4482.64,"l":"511: Res-Custom Code","c":0}},{"type":"Feature","geometry":{"type":"Polygon","coordinates":[[[-83.022927,41.31994],[-83.022927,41.319663],[-83.023788,41.319662],[-83.023789,41.319933],[-83.022927,41.31994]]]},"properties":{"p":"06-09-00-0012-04","o":"STACY-GOOSLIN, SUSAN M","a":"896 CR 224","d":"Clyde-Green Springs Exempted Village School District","t":3785.61,"l":"541: Res-Custom Code","c":0}},{"type":"Feature","geometry":{"type":"Polygon","coordinates":[[[-83.053878,41.328359],[-83.053807,41.328326],[-83.053778,41.328275],[-83.053746,41.328074],[-83.053742,41.327912],[-83.05377,41.327776],[-83.053764,41.327715],[-83.05371,41.327664],[-83.053572,41.327664],[-83.053453,41.32772],[-83.053428,41.327743],[-83.053422,41.327784],[-83.053273,41.327779],[-83.053285,41.327542],[-83.053702,41.327421],[-83.054239,41.327222],[-83.054423,41.327175],[-83.054546,41.327165],[-83.054583,41.327164],[-83.054648,41.327192],[-83.054768,41.327292],[-83.05485,41.327458],[-83.054898,41.327712],[-83.054897,41.327779],[-83.054878,41.327829],[-83.054842,41.327869],[-83.054698,41.32793],[-83.054571,41.328117],[-83.054423,41.328231],[-83.054294,41.328285],[-83.05407,41.328343],[-83.053965,41.328362],[-83.053878,41.328359]]]},"properties":{"p":"06-07-00-0003-01","o":"HALLORAN, RICHARD E","a":"634 CR 358","d":"Clyde-Green Springs Exempted Village School District","t":3577.88,"l":"599: Res-Other","c":0}},{"type":"Feature","geometry":{"type":"Polygon","coordinates":[[[-83.037334,41.328609],[-83.041466,41.328617],[-83.041461,41.328848],[-83.042182,41.329022],[-83.042179,41.329332],[-83.040074,41.329323],[-83.037329,41.329201],[-83.037334,41.328609]]]},"properties":{"p":"06-05-00-0018-01","o":"PEARCE, MARVIN L JR & PEGGY L /SURV","a":"SR 20","d":"Clyde-Green Springs Exempted Village School District","t":3872.92,"l":"501: Res-Custom Code","c":0}},{"type":"Feature","geometry":{"type":"Polygon","coordinates":[[[-82.994104,41.335689],[-82.995583,41.33568],[-82.995579,41.335954],[-82.993993,41.335961],[-82.993995,41.33569],[-82.994104,41.335689]]]},"properties":{"p":"06-03-00-0003-00","o":"MEYER, ABBY L","a":"346 CR 242","d":"Clyde-Green Springs Exempted Village School District","t":3726.06,"l":"541: Res-Custom Code","c":0}},{"type":"Feature","geometry":{"type":"Polygon","coordinates":[[[-82.974618,41.343165],[-82.974691,41.338599],[-82.979466,41.338541],[-82.979466,41.338652],[-82.984006,41.338572],[-82.98402,41.33598],[-82.989171,41.33597],[-82.989093,41.34293],[-82.974618,41.343165]]]},"properties":{"p":"06-02-00-0012-00","o":"JOHN E PAYNE LLC","a":"1916 SR 510","d":"Clyde-Green Springs Exempted Village School District","t":3605.62,"l":"111: Agr-CAUV-Cash-Grain Farm","c":0}},{"type":"Feature","geometry":{"type":"Polygon","coordinates":[[[-82.934243,41.383492],[-82.934246,41.383315],[-82.935162,41.383313],[-82.935158,41.383492],[-82.934243,41.383492]]]},"properties":{"p":"04-95-00-0080-00","o":"WILSON, RONALD E & SHERRI J","a":"1485 CR 268","d":"Margaretta Local School District","t":4541.68,"l":"510: Res-Single Family","c":0}},{"type":"Feature","geometry":{"type":"Polygon","coordinates":[[[-82.939009,41.380887],[-82.939018,41.380521],[-82.939618,41.380531],[-82.939615,41.380897],[-82.939009,41.380887]]]},"properties":{"p":"04-95-00-0065-00","o":"EVERETT, LAICEY","a":"5036 CR 322","d":"Margaretta Local School District","t":4582.06,"l":"560: Res-Mobile Home","c":0}},{"type":"Feature","geometry":{"type":"Polygon","coordinates":[[[-82.846175,41.368248],[-82.846164,41.367809],[-82.844897,41.367842],[-82.844889,41.367521],[-82.848011,41.367439],[-82.847995,41.3682],[-82.846175,41.368248]]]},"properties":{"p":"04-25-00-0003-06","o":"KEEGAN, DANIEL J","a":"940 CR 312","d":"Margaretta Local School District","t":3347.5,"l":"511: Res-Custom Code","c":0}},{"type":"Feature","geometry":{"type":"Polygon","coordinates":[[[-82.863638,41.404306],[-82.863636,41.403949],[-82.862956,41.403954],[-82.862948,41.401517],[-82.872722,41.401579],[-82.872753,41.404365],[-82.863638,41.404306]]]},"properties":{"p":"04-11-00-0004-00","o":"YETTER, DAVID","a":"CR 306","d":"Margaretta Local School District","t":3341.15,"l":"199: Agr-CAUV-Other","c":0}},{"type":"Feature","geometry":{"type":"Polygon","coordinates":[[[-82.900318,41.427619],[-82.90032,41.427437],[-82.901282,41.427451],[-82.901275,41.428348],[-82.900312,41.428334],[-82.900318,41.427619]]]},"properties":{"p":"04-04-00-0031-00","o":"NEILL, FRANK G & JENNIFER L /SURV","a":"3035 CR 290 N","d":"Margaretta Local School District","t":3881.31,"l":"511: Res-Custom Code","c":0}},{"type":"Feature","geometry":{"type":"Polygon","coordinates":[[[-82.88125,41.284287],[-82.881337,41.284107],[-82.881482,41.284146],[-82.881395,41.284327],[-82.88125,41.284287]]]},"properties":{"p":"03-60-00-0105-09","o":"HAPPY GUYS LLC","a":"1355 MAIN ST W","d":"Bellevue City School District","t":3678.7,"l":"450: Com-Condo","c":0}},{"type":"Feature","geometry":{"type":"Polygon","coordinates":[[[-82.864191,41.280834],[-82.864178,41.28026],[-82.865387,41.280592],[-82.865275,41.280984],[-82.864191,41.280834]]]},"properties":{"p":"03-60-00-0102-00","o":"AR LEASING LLC","a":"940 MAIN ST W","d":"Bellevue City School District","t":3688.47,"l":"420: Com-Retail-Small","c":0}},{"type":"Feature","geometry":{"type":"Polygon","coordinates":[[[-82.853816,41.275126],[-82.853945,41.27484],[-82.854107,41.274884],[-82.85397,41.275168],[-82.853816,41.275126]]]},"properties":{"p":"03-50-00-2150-00","o":"ORWIG, DAVID L. & KATHLEE","a":"REDWOOD DR","d":"Bellevue City School District","t":3319.67,"l":"500: Res-Vacant Land","c":0}},{"type":"Feature","geometry":{"type":"Polygon","coordinates":[[[-82.85444,41.275296],[-82.854574,41.275012],[-82.854731,41.275055],[-82.854595,41.275338],[-82.85444,41.275296]]]},"properties":{"p":"03-50-00-2146-00","o":"HENRY-WHITE, SHERRY L & WHITE, DENIS E /SURV","a":"121 REDWOOD DR","d":"Bellevue City School District","t":4548.73,"l":"540: Res-Custom Code","c":0}},{"type":"Feature","geometry":{"type":"Polygon","coordinates":[[[-82.84963,41.274954],[-82.84963,41.27477],[-82.850136,41.274775],[-82.850135,41.274958],[-82.84963,41.274954]]]},"properties":{"p":"03-50-00-1589-00","o":"DEBROSSE, KENNETH & KIMBERLY /SURV","a":"131 1/2 HOWARD ST","d":"Bellevue City School District","t":3848.43,"l":"530: Res-Three Family","c":0}},{"type":"Feature","geometry":{"type":"Polygon","coordinates":[[[-82.851678,41.273971],[-82.851678,41.273829],[-82.852154,41.273965],[-82.852154,41.2741],[-82.851678,41.273971]]]},"properties":{"p":"03-50-00-1330-00","o":"GIBSON, DARREN W","a":"226 LAWRENCE ST","d":"Bellevue City School District","t":4372.87,"l":"510: Res-Single Family","c":0}},{"type":"Feature","geometry":{"type":"Polygon","coordinates":[[[-82.848241,41.272094],[-82.848438,41.271663],[-82.84861,41.271708],[-82.848414,41.27214],[-82.848241,41.272094]]]},"properties":{"p":"03-50-00-1036-00","o":"WOOD, HARRY C","a":"150 ASHFORD AVE","d":"Bellevue City School District","t":4193.18,"l":"510: Res-Single Family","c":0}},{"type":"Feature","geometry":{"type":"Polygon","coordinates":[[[-82.841017,41.276482],[-82.841009,41.27629],[-82.842527,41.276308],[-82.842534,41.276499],[-82.841017,41.276482]]]},"properties":{"p":"03-50-00-0267-00","o":"LAUB, HOLLY & JASON /SURV","a":"243 NORTHWEST ST","d":"Bellevue City School District","t":4395.71,"l":"510: Res-Single Family","c":0}},{"type":"Feature","geometry":{"type":"Polygon","coordinates":[[[-82.84167,41.273425],[-82.841555,41.273393],[-82.8417,41.272841],[-82.841919,41.272887],[-82.841894,41.272982],[-82.84204,41.272981],[-82.842045,41.272959],[-82.842344,41.273226],[-82.841803,41.273545],[-82.84167,41.273425]]]},"properties":{"p":"03-50-00-0168-00","o":"KILE, CHRISTOPHER R","a":"119--123 KILBOURNE ST","d":"Bellevue City School District","t":4535.87,"l":"453: Com-Car Wash","c":0}},{"type":"Feature","geometry":{"type":"Polygon","coordinates":[[[-82.954633,41.291556],[-82.954751,41.29148],[-82.955089,41.2918],[-82.954543,41.292156],[-82.954212,41.291831],[-82.954633,41.291556]]]},"properties":{"p":"02-19-00-0017-00","o":"SMITH, DALE P & CHAD P","a":"4640 4 CR 175","d":"Clyde-Green Springs Exempted Village School District","t":4421.01,"l":"520: Res-Two Family","c":0}},{"type":"Feature","geometry":{"type":"Polygon","coordinates":[[[-82.934269,41.255965],[-82.93427,41.255884],[-82.935027,41.255891],[-82.935011,41.256626],[-82.934254,41.25662],[-82.934269,41.255965]]]},"properties":{"p":"01-32-00-0003-02","o":"JARRETT, WILLIAM R","a":"5150 CR 113","d":"Bellevue City School District","t":3606.37,"l":"511: Res-Custom Code","c":0}},{"type":"Feature","geometry":{"type":"Polygon","coordinates":[[[-82.860452,41.279885],[-82.860451,41.27927],[-82.860713,41.279341],[-82.860699,41.279885],[-82.860452,41.279885]]]},"properties":{"p":"01-26-00-0056-00","o":"FRIEND, JOSEPH H JR & LINDA K /SURV","a":"836 MAIN ST W","d":"Bellevue City School District","t":4265.91,"l":"511: Res-Custom Code","c":0}},{"type":"Feature","geometry":{"type":"Polygon","coordinates":[[[-82.860755,41.280771],[-82.860452,41.280774],[-82.860452,41.279885],[-82.860936,41.279889],[-82.860924,41.280058],[-82.861131,41.280065],[-82.861312,41.279498],[-82.861608,41.27958],[-82.861605,41.280776],[-82.860755,41.280771]]]},"properties":{"p":"01-26-00-0039-00","o":"DANIELS, PAUL A & KEEGAN, NANCALYN A & HUSTON, ALYSIA J","a":"850 MAIN ST W","d":"Bellevue City School District","t":3398.73,"l":"511: Res-Custom Code","c":0}},{"type":"Feature","geometry":{"type":"Polygon","coordinates":[[[-82.864965,41.270092],[-82.864967,41.27001],[-82.865698,41.270014],[-82.865687,41.271135],[-82.864956,41.27113],[-82.864965,41.270092]]]},"properties":{"p":"01-26-00-0017-01","o":"MAINES, SHERRY","a":"6950 CR 191","d":"Bellevue City School District","t":3536.86,"l":"511: Res-Custom Code","c":0}},{"type":"Feature","geometry":{"type":"Polygon","coordinates":[[[-83.121555,41.352257],[-83.121553,41.352019],[-83.122515,41.352021],[-83.122519,41.352258],[-83.121555,41.352257]]]},"properties":{"p":"34-60-00-0155-01","o":"MCMORRIS, BYRON C","a":"527 JACKSON ST N","d":"Fremont City School District","t":4176.27,"l":"510: Res-Single Family","c":0}},{"type":"Feature","geometry":{"type":"Polygon","coordinates":[[[-83.120868,41.352019],[-83.120925,41.351857],[-83.121215,41.351865],[-83.121218,41.352019],[-83.120868,41.352019]]]},"properties":{"p":"34-60-00-0142-04","o":"ROSE, HEATHER","a":"434 RAWSON AVE","d":"Fremont City School District","t":3979.98,"l":"510: Res-Single Family","c":0}},{"type":"Feature","geometry":{"type":"Polygon","coordinates":[[[-83.134589,41.360354],[-83.134579,41.359413],[-83.135696,41.359421],[-83.135702,41.359873],[-83.136693,41.35988],[-83.136693,41.359978],[-83.13505,41.359961],[-83.135053,41.360359],[-83.134589,41.360354]]]},"properties":{"p":"34-60-00-0333-00","o":"1201 OAK HARBOR ROAD LLC","a":"1201 OAK HARBOR RD","d":"Fremont City School District","t":3049.94,"l":"429: Com-Other","c":0}},{"type":"Feature","geometry":{"type":"Polygon","coordinates":[[[-83.097455,41.355604],[-83.097751,41.355282],[-83.098364,41.355583],[-83.097938,41.355843],[-83.097455,41.355604]]]},"properties":{"p":"34-60-00-0200-00","o":"CONTRERAS, CINDY","a":"827 OHIO AVE","d":"Fremont City School District","t":2895.92,"l":"510: Res-Single Family","c":0}},{"type":"Feature","geometry":{"type":"Polygon","coordinates":[[[-83.120512,41.353043],[-83.120538,41.352969],[-83.120831,41.352994],[-83.121562,41.352983],[-83.121562,41.353058],[-83.120773,41.353082],[-83.120512,41.353043]]]},"properties":{"p":"34-60-00-0160-03","o":"DROWN, MATTHEW J; COLLINS, TAMARA; DODSON, ANNA","a":"526 RAWSON AVE","d":"Fremont City School District","t":2866.65,"l":"510: Res-Single Family","c":0}},{"type":"Feature","geometry":{"type":"Polygon","coordinates":[[[-83.120286,41.34892],[-83.12043,41.348617],[-83.120647,41.348616],[-83.120484,41.348971],[-83.120286,41.34892]]]},"properties":{"p":"34-60-00-0132-05","o":"KERR, JEANNE M","a":"814 NAPOLEON ST","d":"Fremont City School District","t":3021.51,"l":"510: Res-Single Family","c":0}},{"type":"Feature","geometry":{"type":"Polygon","coordinates":[[[-83.101062,41.334014],[-83.101144,41.333859],[-83.10153,41.333973],[-83.101496,41.334133],[-83.101062,41.334014]]]},"properties":{"p":"34-50-00-6201-00","o":"EM APARTMENTS OH LLC","a":"951 CARDINAL DR","d":"Fremont City School District","t":2620.67,"l":"530: Res-Three Family","c":0}},{"type":"Feature","geometry":{"type":"Polygon","coordinates":[[[-83.102023,41.333689],[-83.102237,41.333656],[-83.102472,41.334214],[-83.10213,41.334216],[-83.102023,41.333689]]]},"properties":{"p":"34-50-00-6196-00","o":"EM APARTMENTS OH LLC","a":"936 QUAIL DR","d":"Fremont City School District","t":3121.04,"l":"530: Res-Three Family","c":0}},{"type":"Feature","geometry":{"type":"Polygon","coordinates":[[[-83.102828,41.333887],[-83.102936,41.333888],[-83.103031,41.333848],[-83.10348,41.334202],[-83.102731,41.334212],[-83.102828,41.333887]]]},"properties":{"p":"34-50-00-6193-00","o":"EM APARTMENTS OH LLC","a":"827 QUAIL DR","d":"Fremont City School District","t":3122.02,"l":"530: Res-Three Family","c":0}},{"type":"Feature","geometry":{"type":"Polygon","coordinates":[[[-83.103031,41.333848],[-83.103087,41.33378],[-83.103091,41.333699],[-83.103445,41.333642],[-83.10361,41.3342],[-83.10348,41.334202],[-83.103031,41.333848]]]},"properties":{"p":"34-50-00-6192-00","o":"EM APARTMENTS OH LLC","a":"830 QUAIL DR","d":"Fremont City School District","t":3080.75,"l":"530: Res-Three Family","c":0}},{"type":"Feature","geometry":{"type":"Polygon","coordinates":[[[-83.133076,41.360876],[-83.133079,41.360507],[-83.133282,41.360509],[-83.133279,41.360878],[-83.133076,41.360876]]]},"properties":{"p":"34-50-00-5991-00","o":"LANGLEY, JAMES A","a":"1726 MOORE ST","d":"Fremont City School District","t":2690.19,"l":"510: Res-Single Family","c":0}},{"type":"Feature","geometry":{"type":"Polygon","coordinates":[[[-83.093434,41.339385],[-83.093904,41.339375],[-83.093902,41.339511],[-83.093433,41.339517],[-83.093434,41.339385]]]},"properties":{"p":"34-50-00-5784-00","o":"HOWELL, BARBARA K","a":"401 OAKLAWN AVE","d":"Fremont City School District","t":2580.02,"l":"510: Res-Single Family","c":0}},{"type":"Feature","geometry":{"type":"Polygon","coordinates":[[[-83.093956,41.345035],[-83.09402,41.344906],[-83.094426,41.345017],[-83.094361,41.345146],[-83.093956,41.345035]]]},"properties":{"p":"34-50-00-5601-00","o":"JENKINS, MICHAEL K. & VER","a":"303 COLUMBUS AVE N","d":"Fremont City School District","t":2901.66,"l":"510: Res-Single Family","c":0}},{"type":"Feature","geometry":{"type":"Polygon","coordinates":[[[-83.129716,41.356827],[-83.12972,41.356715],[-83.130228,41.356729],[-83.130224,41.356837],[-83.129716,41.356827]]]},"properties":{"p":"34-50-00-4053-00","o":"PETERS, EDMUND L","a":"1010 CARBON ST","d":"Fremont City School District","t":2528.19,"l":"510: Res-Single Family","c":0}},{"type":"Feature","geometry":{"type":"Polygon","coordinates":[[[-83.051281,41.257542],[-83.051284,41.257352],[-83.051944,41.257354],[-83.051942,41.257546],[-83.051281,41.257542]]]},"properties":{"p":"33-50-00-0027-00","o":"LYON MARKET'S, INC.","a":"112 BROADWAY ST N","d":"Clyde-Green Springs Exempted Village School District","t":2624.11,"l":"421: Com-Supermarket","c":0}},{"type":"Feature","geometry":{"type":"Polygon","coordinates":[[[-83.050987,41.25854],[-83.050994,41.258045],[-83.051213,41.258045],[-83.051207,41.25854],[-83.050987,41.25854]]]},"properties":{"p":"33-50-00-0013-00","o":"BARTLETT, AMY R","a":"108 MORGAN ST E","d":"Clyde-Green Springs Exempted Village School District","t":2748.52,"l":"510: Res-Single Family","c":0}},{"type":"Feature","geometry":{"type":"Polygon","coordinates":[[[-82.971532,41.303228],[-82.971532,41.302783],[-82.971768,41.302781],[-82.971768,41.303229],[-82.971532,41.303228]]]},"properties":{"p":"32-50-00-0179-00","o":"WOTT, JEFFREY A. ET. AL.","a":"233 CHURCH ST S","d":"Clyde-Green Springs Exempted Village School District","t":3228.97,"l":"510: Res-Single Family","c":0}},{"type":"Feature","geometry":{"type":"Polygon","coordinates":[[[-82.974192,41.380491],[-82.974475,41.380487],[-82.974467,41.38094],[-82.973504,41.380956],[-82.973512,41.380503],[-82.974192,41.380491]]]},"properties":{"p":"08-23-00-0032-00","o":"PURDHAM, ROSS TILMON & PURDHAM-HATCHER, JOYCE /SURV","a":"1364 SR 510","d":"Fremont City School District","t":2677.85,"l":"511: Res-Custom Code","c":0}},{"type":"Feature","geometry":{"type":"Polygon","coordinates":[[[-83.066861,41.384199],[-83.066873,41.38353],[-83.067238,41.383531],[-83.067226,41.384201],[-83.066861,41.384199]]]},"properties":{"p":"08-19-08-0027-00","o":"BETHANY AND FIFTH HOLDING LLC","a":"82 BETHANY DR","d":"Fremont City School District","t":3245.96,"l":"510: Res-Single Family","c":0}},{"type":"Feature","geometry":{"type":"Polygon","coordinates":[[[-82.973526,41.283193],[-82.973527,41.283056],[-82.975103,41.283059],[-82.975102,41.283426],[-82.973525,41.283418],[-82.973526,41.283193]]]},"properties":{"p":"06-25-00-0009-00","o":"FRIEDBERG, CHIP & JANETTA JEAN /SURV","a":"1655 SR 101","d":"Clyde-Green Springs Exempted Village School District","t":2873.87,"l":"511: Res-Custom Code","c":0}},{"type":"Feature","geometry":{"type":"Polygon","coordinates":[[[-83.005005,41.291879],[-83.005016,41.291306],[-83.005559,41.29131],[-83.005543,41.292393],[-83.005308,41.292391],[-83.005318,41.291882],[-83.005005,41.291879]]]},"properties":{"p":"06-22-00-0021-02","o":"MEHALIC, CINDY L","a":"3307 LIMERICK RD","d":"Clyde-Green Springs Exempted Village School District","t":2689.62,"l":"499: Com-Other","c":0}},{"type":"Feature","geometry":{"type":"MultiPolygon","coordinates":[[[[-83.036295,41.297459],[-83.046052,41.293203],[-83.046234,41.293441],[-83.047192,41.293023],[-83.047009,41.292785],[-83.049803,41.291566],[-83.048346,41.289666],[-83.032865,41.296418],[-83.032934,41.292352],[-83.039292,41.292352],[-83.041804,41.291224],[-83.041964,41.288553],[-83.044127,41.287999],[-83.046203,41.288132],[-83.052243,41.288588],[-83.052145,41.291634],[-83.052004,41.291915],[-83.051601,41.29239],[-83.050079,41.292401],[-83.042436,41.295687],[-83.042362,41.299554],[-83.038363,41.299569],[-83.037633,41.299171],[-83.036295,41.297459]]],[[[-83.032809,41.29959],[-83.032824,41.298973],[-83.034192,41.298376],[-83.034894,41.299291],[-83.035722,41.298929],[-83.036219,41.299577],[-83.032809,41.29959]]],[[[-83.036384,41.299436],[-83.037363,41.29901],[-83.03756,41.299272],[-83.038122,41.29957],[-83.036491,41.299576],[-83.036384,41.299436]]]]},"properties":{"p":"06-20-00-0014-00","o":"SANDUSKY COUNTY REGIONAL","a":"CR 220","d":"Clyde-Green Springs Exempted Village School District","t":3147.89,"l":"110: Agr-CAUV-Vacant Land","c":0}},{"type":"Feature","geometry":{"type":"Polygon","coordinates":[[[-83.053653,41.325244],[-83.053911,41.324712],[-83.055055,41.324865],[-83.05508,41.324974],[-83.055085,41.325097],[-83.055043,41.32522],[-83.054924,41.325315],[-83.054804,41.32544],[-83.054764,41.325529],[-83.053594,41.325363],[-83.053653,41.325244]]]},"properties":{"p":"06-07-00-0006-00","o":"SANDERS, BRIDGET L & BUREL, JUSTIN J","a":"714 SR 19","d":"Clyde-Green Springs Exempted Village School District","t":2829.22,"l":"562: Res-Custom Code","c":0}},{"type":"Feature","geometry":{"type":"Polygon","coordinates":[[[-83.055816,41.335565],[-83.055722,41.335541],[-83.055613,41.335481],[-83.055495,41.335366],[-83.054959,41.334592],[-83.054766,41.334422],[-83.054741,41.334363],[-83.0548,41.334309],[-83.05503,41.334216],[-83.055213,41.334118],[-83.055379,41.333993],[-83.055401,41.333953],[-83.055414,41.333762],[-83.055391,41.333693],[-83.055326,41.333582],[-83.055143,41.333433],[-83.055126,41.333395],[-83.055131,41.333346],[-83.055294,41.333154],[-83.055488,41.333084],[-83.055739,41.332933],[-83.055792,41.332802],[-83.055789,41.332529],[-83.055752,41.332446],[-83.056072,41.332454],[-83.056152,41.332167],[-83.057229,41.332458],[-83.057182,41.332551],[-83.057368,41.332599],[-83.05588,41.335584],[-83.055816,41.335565]]]},"properties":{"p":"06-06-00-0030-01","o":"EAST STATE PROPERTIES LLC","a":"2951 SR 20","d":"Clyde-Green Springs Exempted Village School District","t":3224.06,"l":"511: Res-Custom Code","c":0}},{"type":"Feature","geometry":{"type":"Polygon","coordinates":[[[-83.052156,41.331318],[-83.052245,41.331109],[-83.052739,41.331243],[-83.052636,41.331451],[-83.052156,41.331318]]]},"properties":{"p":"06-06-00-0025-00","o":"ELLAJAMES ENTERPRISES LLC","a":"3068 A STATE ST E","d":"Clyde-Green Springs Exempted Village School District","t":2619.39,"l":"499: Com-Other","c":0}},{"type":"Feature","geometry":{"type":"Polygon","coordinates":[[[-82.995576,41.336009],[-83.000054,41.335988],[-83.000079,41.336107],[-83.00025,41.336174],[-83.000426,41.336337],[-83.000644,41.336598],[-83.000703,41.336711],[-83.000948,41.336986],[-83.001246,41.337286],[-83.001486,41.337437],[-83.00191,41.337541],[-83.002466,41.337857],[-83.002979,41.338287],[-83.003141,41.338361],[-83.003419,41.338458],[-83.003506,41.338506],[-83.003562,41.338576],[-83.003525,41.338833],[-83.003406,41.338982],[-83.003375,41.339079],[-83.003388,41.339117],[-83.003494,41.33921],[-83.003513,41.339279],[-83.003512,41.339395],[-83.003443,41.339504],[-83.003407,41.339606],[-83.003414,41.339765],[-83.003437,41.33985],[-83.003509,41.339986],[-83.003583,41.340092],[-83.003662,41.340174],[-82.993951,41.340302],[-82.993985,41.336414],[-82.995569,41.336407],[-82.995576,41.336009]]]},"properties":{"p":"06-03-00-0014-00","o":"NORTH SHORE LAND HOLDINGS LLC","a":"CR 242","d":"Clyde-Green Springs Exempted Village School District","t":2805.76,"l":"111: Agr-CAUV-Cash-Grain Farm","c":0}},{"type":"Feature","geometry":{"type":"Polygon","coordinates":[[[-82.910113,41.365005],[-82.910168,41.364356],[-82.910424,41.36439],[-82.910419,41.365089],[-82.910106,41.365087],[-82.910113,41.365005]]]},"properties":{"p":"04-28-07-0001-00","o":"ARNDT, BRENT A","a":"5749 CR 237","d":"Margaretta Local School District","t":2569.47,"l":"541: Res-Custom Code","c":0}},{"type":"Feature","geometry":{"type":"Polygon","coordinates":[[[-82.913957,41.374266],[-82.914968,41.374168],[-82.914967,41.374744],[-82.913956,41.374842],[-82.913957,41.374266]]]},"properties":{"p":"04-21-00-0008-01","o":"MEGGITT, JOSHUA J & JESSICA A /SURV","a":"5625 SR 412","d":"Margaretta Local School District","t":3068.66,"l":"511: Res-Custom Code","c":0}},{"type":"Feature","geometry":{"type":"Polygon","coordinates":[[[-82.869522,41.397474],[-82.869522,41.39743],[-82.87025,41.397435],[-82.870255,41.398553],[-82.869526,41.398548],[-82.869522,41.397474]]]},"properties":{"p":"04-14-00-0016-03","o":"GRAY, ROBERT JACOB & KRISTINE ANNE /SURV","a":"6848 CR 249","d":"Margaretta Local School District","t":3190.37,"l":"511: Res-Custom Code","c":0}},{"type":"Feature","geometry":{"type":"Polygon","coordinates":[[[-82.861447,41.408188],[-82.861453,41.407703],[-82.862204,41.407703],[-82.862207,41.40827],[-82.861446,41.40827],[-82.861447,41.408188]]]},"properties":{"p":"04-11-00-0012-00","o":"YETTER, DAVID P & HOLLY L TRUSTEES","a":"7149 CR 263 N","d":"Margaretta Local School District","t":2961.16,"l":"511: Res-Custom Code","c":0}},{"type":"Feature","geometry":{"type":"Polygon","coordinates":[[[-82.934136,41.404799],[-82.934244,41.404797],[-82.934232,41.406062],[-82.933029,41.406074],[-82.933022,41.406623],[-82.931814,41.406636],[-82.931833,41.404826],[-82.934136,41.404799]]]},"properties":{"p":"04-08-00-0014-02","o":"GEBARD, JOHN B. & RONNETT","a":"2225 CR 268","d":"Margaretta Local School District","t":2793.46,"l":"511: Res-Custom Code","c":0}},{"type":"Feature","geometry":{"type":"Polygon","coordinates":[[[-82.899379,41.429695],[-82.899506,41.429628],[-82.899609,41.429742],[-82.899482,41.42981],[-82.899379,41.429695]]]},"properties":{"p":"04-04-05-0042-00","o":"DEHRBERG, DAHLIA L","a":"CR 334","d":"Margaretta Local School District","t":2607.31,"l":"500: Res-Vacant Land","c":0}},{"type":"Feature","geometry":{"type":"Polygon","coordinates":[[[-82.857415,41.265734],[-82.857811,41.265506],[-82.857915,41.265623],[-82.857996,41.265749],[-82.857539,41.265862],[-82.857415,41.265734]]]},"properties":{"p":"03-50-00-1803-00","o":"RODRIGUEZ, ALEXA DIANE","a":"863 DELMOY AVE","d":"Bellevue City School District","t":2666.87,"l":"510: Res-Single Family","c":0}},{"type":"Feature","geometry":{"type":"Polygon","coordinates":[[[-82.84963,41.27477],[-82.84963,41.274589],[-82.850136,41.274597],[-82.850136,41.274775],[-82.84963,41.27477]]]},"properties":{"p":"03-50-00-1590-00","o":"SOCHKO, JOHN III","a":"141 HOWARD ST","d":"Bellevue City School District","t":2845.52,"l":"510: Res-Single Family","c":0}},{"type":"Feature","geometry":{"type":"Polygon","coordinates":[[[-82.841052,41.277125],[-82.841037,41.276923],[-82.841712,41.276933],[-82.841716,41.277074],[-82.841639,41.277075],[-82.841641,41.27713],[-82.841052,41.277125]]]},"properties":{"p":"03-50-00-0269-00","o":"HEER, PAUL H & ROBERTA M /SURV","a":"261 NORTHWEST ST","d":"Bellevue City School District","t":2620.93,"l":"510: Res-Single Family","c":0}},{"type":"Feature","geometry":{"type":"Polygon","coordinates":[[[-82.843791,41.2718],[-82.843776,41.271386],[-82.843807,41.271394],[-82.844413,41.272],[-82.844149,41.272152],[-82.843791,41.2718]]]},"properties":{"p":"03-50-00-0195-00","o":"MCGINN, THOMAS L","a":"227 22 KILBOURNE ST","d":"Bellevue City School District","t":2982.21,"l":"530: Res-Three Family","c":0}},{"type":"Feature","geometry":{"type":"Polygon","coordinates":[[[-82.926754,41.298672],[-82.92674,41.297091],[-82.928726,41.297624],[-82.928736,41.298705],[-82.926754,41.298672]]]},"properties":{"p":"02-20-00-0004-01","o":"ALLEN, ERIC J & DARRIN L /SURV","a":"1718-1734 SR 20","d":"Clyde-Green Springs Exempted Village School District","t":2794.57,"l":"511: Res-Custom Code","c":0}},{"type":"Feature","geometry":{"type":"Polygon","coordinates":[[[-82.917381,41.268665],[-82.917381,41.267997],[-82.922242,41.268005],[-82.92224,41.268672],[-82.917381,41.268665]]]},"properties":{"p":"01-32-00-0010-02","o":"SEAMON, KARA A","a":"2656 CR 276","d":"Bellevue City School District","t":2940.28,"l":"511: Res-Custom Code","c":0}},{"type":"Feature","geometry":{"type":"Polygon","coordinates":[[[-82.908642,41.273601],[-82.908641,41.273511],[-82.909319,41.273695],[-82.910003,41.273914],[-82.910012,41.275292],[-82.908664,41.275287],[-82.908642,41.273601]]]},"properties":{"p":"01-28-00-0006-01","o":"JETT, JAMES C & WENDY S /SURV","a":"5812 CR 191","d":"Bellevue City School District","t":3228.17,"l":"511: Res-Custom Code","c":0}},{"type":"Feature","geometry":{"type":"Polygon","coordinates":[[[-82.882578,41.271947],[-82.88259,41.27099],[-82.883072,41.27099],[-82.883038,41.270883],[-82.882912,41.270706],[-82.882842,41.27065],[-82.882836,41.270148],[-82.883602,41.270153],[-82.883613,41.27106],[-82.8836,41.271947],[-82.882578,41.271947]]]},"properties":{"p":"01-27-00-0038-08","o":"BUCHER, TRISH L","a":"6496 CR 191","d":"Bellevue City School District","t":3261.49,"l":"511: Res-Custom Code","c":0}},{"type":"Feature","geometry":{"type":"Polygon","coordinates":[[[-82.876921,41.270186],[-82.87692,41.270102],[-82.877455,41.270109],[-82.87746,41.270541],[-82.876925,41.270539],[-82.876921,41.270186]]]},"properties":{"p":"01-26-00-0021-00","o":"MUNSHOWER, WILLIAM L JR","a":"6640 CR 191","d":"Bellevue City School District","t":2731,"l":"511: Res-Custom Code","c":0}},{"type":"Feature","geometry":{"type":"Polygon","coordinates":[[[-82.859228,41.276987],[-82.859319,41.276986],[-82.859313,41.277293],[-82.858209,41.277299],[-82.858203,41.276993],[-82.859228,41.276987]]]},"properties":{"p":"01-25-00-0003-00","o":"SIEGER, JAMES C","a":"2353 CR 308","d":"Bellevue City School District","t":2593.33,"l":"560: Res-Mobile Home","c":0}},{"type":"Feature","geometry":{"type":"Polygon","coordinates":[[[-82.842292,41.287149],[-82.842269,41.286631],[-82.847307,41.28664],[-82.847318,41.291784],[-82.849721,41.291788],[-82.849714,41.292995],[-82.841618,41.292937],[-82.841387,41.288204],[-82.84234,41.288179],[-82.842292,41.287149]]]},"properties":{"p":"01-24-00-0001-00","o":"SKILES, MATTHEW T","a":"CR 312","d":"Bellevue City School District","t":3069.39,"l":"100: Agr-Vacant Land","c":0}},{"type":"Feature","geometry":{"type":"Polygon","coordinates":[[[-83.101144,41.333859],[-83.101277,41.333651],[-83.10159,41.333694],[-83.10153,41.333973],[-83.101144,41.333859]]]},"properties":{"p":"34-50-00-6202-00","o":"EM APARTMENTS OH LLC","a":"955 CARDINAL DR","d":"Fremont City School District","t":2622.98,"l":"530: Res-Three Family","c":0}},{"type":"Feature","geometry":{"type":"Polygon","coordinates":[[[-83.102237,41.333656],[-83.102656,41.333552],[-83.102713,41.333565],[-83.102738,41.333605],[-83.102683,41.333709],[-83.10269,41.333784],[-83.102333,41.333882],[-83.102237,41.333656]]]},"properties":{"p":"34-50-00-6195-00","o":"EM APARTMENTS OH LLC","a":"932 QUAIL DR","d":"Fremont City School District","t":2626.73,"l":"530: Res-Three Family","c":0}},{"type":"Feature","geometry":{"type":"Polygon","coordinates":[[[-83.102333,41.333882],[-83.10269,41.333784],[-83.102742,41.333848],[-83.102828,41.333887],[-83.102731,41.334212],[-83.102472,41.334214],[-83.102333,41.333882]]]},"properties":{"p":"34-50-00-6194-00","o":"EM APARTMENTS OH LLC","a":"831 QUAIL DR","d":"Fremont City School District","t":2930.51,"l":"530: Res-Three Family","c":0}},{"type":"Feature","geometry":{"type":"Polygon","coordinates":[[[-83.103028,41.333616],[-83.102961,41.333543],[-83.102957,41.333505],[-83.102982,41.33347],[-83.103364,41.333369],[-83.103445,41.333642],[-83.103091,41.333699],[-83.103028,41.333616]]]},"properties":{"p":"34-50-00-6191-00","o":"EM APARTMENTS OH LLC","a":"924 QUAIL DR","d":"Fremont City School District","t":2971.25,"l":"530: Res-Three Family","c":0}},{"type":"Feature","geometry":{"type":"Polygon","coordinates":[[[-83.135053,41.360359],[-83.13505,41.359961],[-83.135594,41.359967],[-83.135598,41.360364],[-83.135053,41.360359]]]},"properties":{"p":"34-50-00-6096-00","o":"1209 OAK HARBOR ROAD LLC","a":"1209 1 OAK HARBOR RD","d":"Fremont City School District","t":3040.64,"l":"429: Com-Other","c":0}},{"type":"Feature","geometry":{"type":"Polygon","coordinates":[[[-83.134625,41.347826],[-83.134624,41.347558],[-83.134809,41.347558],[-83.134807,41.347826],[-83.134625,41.347826]]]},"properties":{"p":"34-50-00-5255-01","o":"BERRYMAN, JACKIE A","a":"1818 JAMES ST","d":"Fremont City School District","t":3181.7,"l":"510: Res-Single Family","c":0}},{"type":"Feature","geometry":{"type":"Polygon","coordinates":[[[-83.102187,41.339008],[-83.102019,41.338964],[-83.102079,41.338836],[-83.102585,41.338971],[-83.102525,41.339098],[-83.102187,41.339008]]]},"properties":{"p":"34-50-00-4476-00","o":"BLODGETT, DEBRA R.","a":"509 BUCHANAN ST S","d":"Fremont City School District","t":2556.75,"l":"510: Res-Single Family","c":0}},{"type":"Feature","geometry":{"type":"Polygon","coordinates":[[[-83.101617,41.341492],[-83.101677,41.341365],[-83.102093,41.341475],[-83.10203,41.341604],[-83.101617,41.341492]]]},"properties":{"p":"34-50-00-3537-00","o":"GOOD, WILLIAM J. III","a":"304 BUCHANAN ST S","d":"Fremont City School District","t":2699.9,"l":"510: Res-Single Family","c":0}},{"type":"Feature","geometry":{"type":"Polygon","coordinates":[[[-83.130859,41.350174],[-83.130859,41.349831],[-83.131062,41.349831],[-83.131065,41.350175],[-83.130859,41.350174]]]},"properties":{"p":"34-50-00-3305-00","o":"ROHRBACHER, DAVID","a":"1419 HICKORY ST","d":"Fremont City School District","t":3106.82,"l":"510: Res-Single Family","c":0}},{"type":"Feature","geometry":{"type":"Polygon","coordinates":[[[-83.107144,41.349329],[-83.107256,41.349201],[-83.107726,41.349432],[-83.107612,41.34956],[-83.107144,41.349329]]]},"properties":{"p":"34-50-00-3154-00","o":"STARKS, CHARLES E","a":"329 SANDUSKY AVE","d":"Fremont City School District","t":3136.38,"l":"510: Res-Single Family","c":0}},{"type":"Feature","geometry":{"type":"Polygon","coordinates":[[[-83.127315,41.344189],[-83.127321,41.343793],[-83.127724,41.34379],[-83.127719,41.344187],[-83.127315,41.344189]]]},"properties":{"p":"34-50-00-2941-00","o":"BURMEISTER, JASON P","a":"1307 BIRCHARD AVE","d":"Fremont City School District","t":2948.77,"l":"510: Res-Single Family","c":0}},{"type":"Feature","geometry":{"type":"Polygon","coordinates":[[[-83.128952,41.35951],[-83.128956,41.359385],[-83.129428,41.359388],[-83.129424,41.359512],[-83.128952,41.35951]]]},"properties":{"p":"34-50-00-2723-00","o":"ARGUELLES, ELVA","a":"1207 CARBON ST","d":"Fremont City School District","t":2573.58,"l":"510: Res-Single Family","c":0}},{"type":"Feature","geometry":{"type":"Polygon","coordinates":[[[-83.128477,41.357848],[-83.128481,41.357719],[-83.128953,41.357719],[-83.128948,41.35785],[-83.128477,41.357848]]]},"properties":{"p":"34-50-00-2489-00","o":"MCCAULEY, LAKETA","a":"1100 ALGER ST","d":"Fremont City School District","t":2777.63,"l":"510: Res-Single Family","c":0}},{"type":"Feature","geometry":{"type":"Polygon","coordinates":[[[-83.127617,41.354145],[-83.127621,41.354016],[-83.127737,41.354015],[-83.127719,41.3544],[-83.127608,41.3544],[-83.127617,41.354145]]]},"properties":{"p":"34-50-00-2214-00","o":"OTTNEY, BETHNEY A","a":"1304 LIBERTY ST","d":"Fremont City School District","t":3113.93,"l":"510: Res-Single Family","c":0}},{"type":"Feature","geometry":{"type":"Polygon","coordinates":[[[-83.099158,41.34875],[-83.099331,41.348554],[-83.099784,41.348779],[-83.099609,41.348975],[-83.099158,41.34875]]]},"properties":{"p":"34-50-00-2135-00","o":"FRANKS, RICHEL","a":"702 CHESTNUT ST","d":"Fremont City School District","t":2959.33,"l":"510: Res-Single Family","c":0}},{"type":"Feature","geometry":{"type":"Polygon","coordinates":[[[-83.097564,41.345437],[-83.097632,41.345301],[-83.098108,41.345432],[-83.098039,41.345568],[-83.097564,41.345437]]]},"properties":{"p":"34-50-00-2083-00","o":"VIELMA, ZANDRA N","a":"221 HERBSTER ST","d":"Fremont City School District","t":3127.36,"l":"510: Res-Single Family","c":0}},{"type":"Feature","geometry":{"type":"Polygon","coordinates":[[[-83.104878,41.34165],[-83.104997,41.341404],[-83.105764,41.341613],[-83.105649,41.341852],[-83.104878,41.34165]]]},"properties":{"p":"34-50-00-1747-01","o":"STULL, DOUGLAS; THOMAS; JERALD; JEFFREY & JOHN A JR & SIPPERLY, JO ANN","a":"237 FIFTH ST S","d":"Fremont City School District","t":3192.61,"l":"510: Res-Single Family","c":0}},{"type":"Feature","geometry":{"type":"Polygon","coordinates":[[[-83.125145,41.355546],[-83.125146,41.355339],[-83.125399,41.355339],[-83.125391,41.355548],[-83.125145,41.355546]]]},"properties":{"p":"34-50-00-1731-01","o":"JONES, JOSHUA","a":"1210 HAZEL ST","d":"Fremont City School District","t":3083.57,"l":"510: Res-Single Family","c":0}},{"type":"Feature","geometry":{"type":"Polygon","coordinates":[[[-83.120912,41.348901],[-83.120976,41.34876],[-83.121183,41.348802],[-83.121122,41.348944],[-83.120912,41.348901]]]},"properties":{"p":"34-50-00-1110-01","o":"BEEKER, CHRISTOPHER T.","a":"311 31 WAYNE ST","d":"Fremont City School District","t":2811.12,"l":"520: Res-Two Family","c":0}},{"type":"Feature","geometry":{"type":"Polygon","coordinates":[[[-83.111704,41.341729],[-83.112389,41.341725],[-83.11239,41.341856],[-83.11172,41.341864],[-83.111704,41.341729]]]},"properties":{"p":"34-50-00-0962-04","o":"JOHNSON, WILLIE & BERNICE","a":"BIDWELL AVE","d":"Fremont City School District","t":3173.57,"l":"500: Res-Vacant Land","c":0}},{"type":"Feature","geometry":{"type":"Polygon","coordinates":[[[-83.112061,41.341942],[-83.112193,41.341939],[-83.112194,41.342063],[-83.112062,41.342064],[-83.112061,41.341942]]]},"properties":{"p":"34-50-00-0962-00","o":"JOHNSON, WILLIE & BERNICE","a":"107 HAYES AVE","d":"Fremont City School District","t":2673.69,"l":"400: Com-Vacant Land","c":0}},{"type":"Feature","geometry":{"type":"Polygon","coordinates":[[[-83.102974,41.352235],[-83.103033,41.352168],[-83.103119,41.352213],[-83.103065,41.352279],[-83.102974,41.352235]]]},"properties":{"p":"34-50-00-0806-01","o":"JOHNSON, BERNICE C","a":"309 KENTUCKY AVE","d":"Fremont City School District","t":2635.8,"l":"500: Res-Vacant Land","c":0}},{"type":"Feature","geometry":{"type":"Polygon","coordinates":[[[-83.102413,41.350811],[-83.102514,41.350698],[-83.102916,41.3509],[-83.102815,41.351012],[-83.102413,41.350811]]]},"properties":{"p":"34-50-00-0753-01","o":"BOATMAN, JAMES R & FRYE, KODI R & KATIE M","a":"513 OHIO AVE","d":"Fremont City School District","t":2960.44,"l":"510: Res-Single Family","c":0}},{"type":"Feature","geometry":{"type":"Polygon","coordinates":[[[-83.102879,41.349552],[-83.102964,41.349456],[-83.103365,41.349658],[-83.103278,41.349756],[-83.102879,41.349552]]]},"properties":{"p":"34-50-00-0703-00","o":"ATKINS, SHAWNA E","a":"426 FOURTH ST","d":"Fremont City School District","t":2940.05,"l":"510: Res-Single Family","c":0}},{"type":"Feature","geometry":{"type":"Polygon","coordinates":[[[-83.113121,41.352047],[-83.113723,41.352052],[-83.113699,41.352674],[-83.113092,41.35282],[-83.113121,41.352047]]]},"properties":{"p":"34-50-00-0593-00","o":"OJB PROPERTIES LLC","a":"711 FRONT ST","d":"Fremont City School District","t":3200.07,"l":"480: Com-Warehouse","c":0}},{"type":"Feature","geometry":{"type":"Polygon","coordinates":[[[-83.104004,41.344225],[-83.103371,41.344052],[-83.10347,41.34371],[-83.104159,41.343907],[-83.104166,41.343894],[-83.104626,41.344011],[-83.104461,41.34435],[-83.104004,41.344225]]]},"properties":{"p":"34-50-00-0586-03","o":"DABISH GROUP LLC","a":"121 FIFTH ST","d":"Fremont City School District","t":3113.78,"l":"429: Com-Other","c":0}},{"type":"Feature","geometry":{"type":"Polygon","coordinates":[[[-83.110064,41.348325],[-83.110259,41.348105],[-83.110409,41.348146],[-83.110206,41.348387],[-83.110064,41.348325]]]},"properties":{"p":"34-50-00-0515-00","o":"MCDONALD, CLIFTON","a":"106 HOWLAND ST","d":"Fremont City School District","t":2512.28,"l":"510: Res-Single Family","c":0}},{"type":"Feature","geometry":{"type":"Polygon","coordinates":[[[-83.110156,41.347845],[-83.110267,41.347613],[-83.110546,41.347691],[-83.110433,41.347923],[-83.110156,41.347845]]]},"properties":{"p":"34-50-00-0503-02","o":"MCDONALD, CLIFTON","a":"111 HOWLAND ST","d":"Fremont City School District","t":3253.09,"l":"510: Res-Single Family","c":0}},{"type":"Feature","geometry":{"type":"Polygon","coordinates":[[[-83.11748,41.345109],[-83.117495,41.344877],[-83.117976,41.344876],[-83.11796,41.345107],[-83.11748,41.345109]]]},"properties":{"p":"34-50-00-0304-00","o":"ELLIS, MARLENE S","a":"212 PARK AVE S","d":"Fremont City School District","t":2731.37,"l":"447: Com-Office","c":0}},{"type":"Feature","geometry":{"type":"Polygon","coordinates":[[[-83.114971,41.347708],[-83.115121,41.347515],[-83.115245,41.347568],[-83.115095,41.347762],[-83.114971,41.347708]]]},"properties":{"p":"34-50-00-0148-00","o":"COOKS, KEITH A.","a":"417 41 STATE ST W","d":"Fremont City School District","t":2618.59,"l":"429: Com-Other","c":0}},{"type":"Feature","geometry":{"type":"Polygon","coordinates":[[[-83.116685,41.348267],[-83.116646,41.348264],[-83.116664,41.348163],[-83.116835,41.348178],[-83.116817,41.348279],[-83.116685,41.348267]]]},"properties":{"p":"34-50-00-0112-00","o":"ADKINS, AMANDA","a":"225-225 PARK AVE N","d":"Fremont City School District","t":2527.3,"l":"404: Com-Custom Code","c":0}},{"type":"Feature","geometry":{"type":"Polygon","coordinates":[[[-83.053641,41.257186],[-83.053638,41.25702],[-83.05429,41.257034],[-83.054292,41.257196],[-83.053641,41.257186]]]},"properties":{"p":"33-50-00-0079-00","o":"STOKES, JEREMY","a":"116 11 ADAMS ST","d":"Clyde-Green Springs Exempted Village School District","t":2658.88,"l":"500: Res-Vacant Land","c":0}},{"type":"Feature","geometry":{"type":"Polygon","coordinates":[[[-82.971172,41.295652],[-82.970798,41.295654],[-82.970801,41.295241],[-82.971175,41.295238],[-82.971174,41.295148],[-82.971931,41.295144],[-82.971925,41.295648],[-82.971392,41.29565],[-82.97139,41.295995],[-82.97117,41.295996],[-82.971172,41.295652]]]},"properties":{"p":"32-60-00-0052-09","o":"BAM ESTATES LLC","a":"906 CHURCH ST","d":"Clyde-Green Springs Exempted Village School District","t":2647.39,"l":"520: Res-Two Family","c":0}},{"type":"Feature","geometry":{"type":"Polygon","coordinates":[[[-82.975068,41.287301],[-82.975073,41.287017],[-82.975724,41.287018],[-82.975669,41.287377],[-82.975068,41.287301]]]},"properties":{"p":"32-50-00-2563-00","o":"TEAGHLACH II LLC","a":"1510 MAIN ST S","d":"Clyde-Green Springs Exempted Village School District","t":3253.83,"l":"510: Res-Single Family","c":0}},{"type":"Feature","geometry":{"type":"Polygon","coordinates":[[[-82.98389,41.299455],[-82.983892,41.29928],[-82.984499,41.299281],[-82.984495,41.299456],[-82.98389,41.299455]]]},"properties":{"p":"32-50-00-1138-00","o":"BAYLON, TRACI","a":"218 RACE ST","d":"Clyde-Green Springs Exempted Village School District","t":3283.88,"l":"510: Res-Single Family","c":0}},{"type":"Feature","geometry":{"type":"Polygon","coordinates":[[[-82.98812,41.303676],[-82.988126,41.303294],[-82.988364,41.303292],[-82.988361,41.303675],[-82.98812,41.303676]]]},"properties":{"p":"32-50-00-0709-00","o":"ROSCHIE, MICHELLE I","a":"123 VINE ST","d":"Clyde-Green Springs Exempted Village School District","t":3181.91,"l":"510: Res-Single Family","c":0}},{"type":"Feature","geometry":{"type":"Polygon","coordinates":[[[-82.982612,41.303075],[-82.982486,41.302954],[-82.982646,41.30286],[-82.983001,41.3032],[-82.98284,41.303295],[-82.982612,41.303075]]]},"properties":{"p":"32-50-00-0551-00","o":"ADAMCZAK, KELLY","a":"322 VINE ST","d":"Clyde-Green Springs Exempted Village School District","t":2939.84,"l":"510: Res-Single Family","c":0}},{"type":"Feature","geometry":{"type":"Polygon","coordinates":[[[-82.976896,41.307475],[-82.977136,41.307473],[-82.977137,41.307836],[-82.976895,41.307837],[-82.976896,41.307475]]]},"properties":{"p":"32-50-00-0270-00","o":"GOOD, JEFFREY C. & SENDER","a":"143 AMANDA ST","d":"Clyde-Green Springs Exempted Village School District","t":2750.43,"l":"510: Res-Single Family","c":0}},{"type":"Feature","geometry":{"type":"Polygon","coordinates":[[[-82.972484,41.303228],[-82.972566,41.303227],[-82.972565,41.302776],[-82.972725,41.302775],[-82.972724,41.303277],[-82.972486,41.303281],[-82.972484,41.303228]]]},"properties":{"p":"32-50-00-0172-00","o":"MECKLEY, ROXANN","a":"147 CHERRY ST E","d":"Clyde-Green Springs Exempted Village School District","t":2858.12,"l":"510: Res-Single Family","c":0}},{"type":"Feature","geometry":{"type":"Polygon","coordinates":[[[-83.116106,41.45378],[-83.116105,41.45016],[-83.120951,41.450263],[-83.120954,41.453485],[-83.119261,41.453485],[-83.119259,41.454228],[-83.120953,41.454222],[-83.120938,41.457356],[-83.120912,41.457412],[-83.120828,41.457475],[-83.120754,41.457496],[-83.1161,41.457415],[-83.11612,41.455599],[-83.116106,41.45378]]]},"properties":{"p":"31-27-00-0010-03","o":"PETERSEN, RICHARD M JR","a":"CR 170","d":"Fremont City School District","t":2903.6,"l":"110: Agr-CAUV-Vacant Land","c":0}},{"type":"Feature","geometry":{"type":"Polygon","coordinates":[[[-83.086832,41.403684],[-83.087086,41.403672],[-83.087084,41.404043],[-83.086833,41.404052],[-83.086832,41.403684]]]},"properties":{"p":"31-12-04-0111-00","o":"ROSALES, LUIS ANTONIO PATINO","a":"1117 BRIDGEWATER LN","d":"Fremont City School District","t":2848.57,"l":"510: Res-Single Family","c":0}},{"type":"Feature","geometry":{"type":"Polygon","coordinates":[[[-83.088366,41.403633],[-83.088369,41.40325],[-83.088623,41.403252],[-83.088619,41.403635],[-83.088366,41.403633]]]},"properties":{"p":"31-11-04-0123-00","o":"WASSERMAN, KYLE J & TARA A /SURV","a":"1078 SHOREWOOD DR","d":"Fremont City School District","t":2699.25,"l":"510: Res-Single Family","c":0}},{"type":"Feature","geometry":{"type":"Polygon","coordinates":[[[-83.098734,41.41423],[-83.098756,41.41365],[-83.09912,41.413654],[-83.099099,41.414235],[-83.098734,41.41423]]]},"properties":{"p":"31-11-03-0005-00","o":"OLLOM, DON R","a":"800 SUNNY ACRES DR","d":"Fremont City School District","t":3061.87,"l":"510: Res-Single Family","c":0}},{"type":"Feature","geometry":{"type":"Polygon","coordinates":[[[-83.369027,41.453569],[-83.368985,41.453552],[-83.369233,41.453201],[-83.369446,41.453288],[-83.369198,41.453639],[-83.369027,41.453569]]]},"properties":{"p":"30-50-00-0346-00","o":"OMARA, SHARIF & SALHA, BASSAM /SURV","a":"612 MAIN ST W","d":"Woodmore Local School District","t":2910.16,"l":"510: Res-Single Family","c":0}},{"type":"Feature","geometry":{"type":"Polygon","coordinates":[[[-83.365028,41.45388],[-83.365144,41.45372],[-83.365557,41.453888],[-83.365438,41.454049],[-83.365028,41.45388]]]},"properties":{"p":"30-50-00-0128-00","o":"HOLMES, TOBY G","a":"222 ELM ST N","d":"Woodmore Local School District","t":2937.67,"l":"510: Res-Single Family","c":0}},{"type":"Feature","geometry":{"type":"Polygon","coordinates":[[[-83.359354,41.450644],[-83.359554,41.450361],[-83.359624,41.450339],[-83.359794,41.45041],[-83.359561,41.450729],[-83.359354,41.450644]]]},"properties":{"p":"30-50-00-0053-00","o":"RICKARD, PERRY L & BARBARA J TRUSTEES","a":"306 FIRST ST E","d":"Woodmore Local School District","t":3287.94,"l":"510: Res-Single Family","c":0}},{"type":"Feature","geometry":{"type":"Polygon","coordinates":[[[-83.362893,41.451483],[-83.363128,41.451162],[-83.363343,41.45125],[-83.363107,41.451571],[-83.362893,41.451483]]]},"properties":{"p":"30-50-00-0042-00","o":"TURNER, JASON E","a":"107 FIRST ST W","d":"Woodmore Local School District","t":2613.45,"l":"510: Res-Single Family","c":0}},{"type":"Feature","geometry":{"type":"Polygon","coordinates":[[[-83.372951,41.452305],[-83.373158,41.45198],[-83.373367,41.452066],[-83.373162,41.452393],[-83.372951,41.452305]]]},"properties":{"p":"30-28-02-0012-00","o":"BADGLEY, CHERYL","a":"747 ERIE ST","d":"Woodmore Local School District","t":2522.9,"l":"510: Res-Single Family","c":0}},{"type":"Feature","geometry":{"type":"Polygon","coordinates":[[[-83.396879,41.444425],[-83.396866,41.441964],[-83.399097,41.441949],[-83.399114,41.44375],[-83.402908,41.442741],[-83.40291,41.441931],[-83.406572,41.441892],[-83.406619,41.446344],[-83.396888,41.446366],[-83.396879,41.444425]]]},"properties":{"p":"28-30-00-0006-00","o":"HUSS, JOHN C","a":"CR 139","d":"Woodmore Local School District","t":2670.46,"l":"110: Agr-CAUV-Vacant Land","c":0}},{"type":"Feature","geometry":{"type":"Polygon","coordinates":[[[-83.313938,41.446631],[-83.313903,41.443151],[-83.318723,41.443114],[-83.318725,41.443251],[-83.317311,41.443262],[-83.317321,41.4444],[-83.315093,41.444417],[-83.315102,41.445376],[-83.314961,41.445377],[-83.314972,41.446529],[-83.313938,41.446631]]]},"properties":{"p":"28-25-00-0013-01","o":"KERBEL, JOHN P & DEBORAH J /SURV","a":"3603 CR 56","d":"Woodmore Local School District","t":3228.68,"l":"512: Res-Custom Code","c":0}},{"type":"Feature","geometry":{"type":"Polygon","coordinates":[[[-83.313976,41.450437],[-83.313938,41.446631],[-83.314972,41.446529],[-83.314961,41.445377],[-83.315102,41.445376],[-83.315093,41.444417],[-83.318735,41.44439],[-83.318791,41.45039],[-83.313976,41.450437]]]},"properties":{"p":"28-25-00-0013-00","o":"KERBEL, JOHN P TRUSTEE & ARENT, JULIE & SAVAGE, SARA L","a":"3795 CR 56","d":"Woodmore Local School District","t":2526.34,"l":"111: Agr-CAUV-Cash-Grain Farm","c":0}},{"type":"Feature","geometry":{"type":"Polygon","coordinates":[[[-83.370993,41.461021],[-83.370986,41.460594],[-83.371161,41.460601],[-83.371161,41.461025],[-83.370993,41.461021]]]},"properties":{"p":"28-21-00-0014-00","o":"PEREZ, APOLONIA ET AL","a":"PEREZ LN","d":"Woodmore Local School District","t":2543.08,"l":"501: Res-Custom Code","c":0}},{"type":"Feature","geometry":{"type":"Polygon","coordinates":[[[-83.396904,41.461564],[-83.396994,41.461563],[-83.397002,41.463483],[-83.396673,41.463485],[-83.396446,41.463814],[-83.393649,41.462671],[-83.394531,41.46159],[-83.396904,41.461564]]]},"properties":{"p":"28-20-00-0006-06","o":"SHIMATZKI, STEPHEN & SUZANNE /SURV","a":"4295 CR 16","d":"Woodmore Local School District","t":2884.42,"l":"111: Agr-CAUV-Cash-Grain Farm","c":0}},{"type":"Feature","geometry":{"type":"Polygon","coordinates":[[[-83.372731,41.483133],[-83.372723,41.482467],[-83.373914,41.482522],[-83.374336,41.482679],[-83.37489,41.482651],[-83.37547,41.482548],[-83.37583,41.482411],[-83.376293,41.481951],[-83.376644,41.481514],[-83.377037,41.481284],[-83.37757,41.481133],[-83.377594,41.483035],[-83.372731,41.483133]]]},"properties":{"p":"28-16-00-0001-01","o":"ROBERTS, JILL E","a":"4993 CR 28","d":"Woodmore Local School District","t":3016.72,"l":"511: Res-Custom Code","c":0}},{"type":"Feature","geometry":{"type":"Polygon","coordinates":[[[-83.309625,41.406466],[-83.309698,41.406465],[-83.309694,41.406846],[-83.308628,41.406862],[-83.308639,41.406481],[-83.309625,41.406466]]]},"properties":{"p":"28-12-00-0011-01","o":"WALKER, RUSSELL A & MARIGOLD R / SURV","a":"2369 CR 62","d":"Woodmore Local School District","t":2951.17,"l":"511: Res-Custom Code","c":0}},{"type":"Feature","geometry":{"type":"Polygon","coordinates":[[[-83.378688,41.428213],[-83.376653,41.428226],[-83.376793,41.425004],[-83.378822,41.425],[-83.378688,41.428213]]]},"properties":{"p":"28-05-00-0001-00","o":"HOODLEBRINK, GARY L & CHERYL A TRUSTEES","a":"6625 CR 121","d":"Woodmore Local School District","t":3031.28,"l":"111: Agr-CAUV-Cash-Grain Farm","c":0}},{"type":"Feature","geometry":{"type":"Polygon","coordinates":[[[-83.319333,41.385944],[-83.319883,41.385937],[-83.319879,41.386095],[-83.319328,41.386101],[-83.319333,41.385944]]]},"properties":{"p":"27-50-00-0028-00","o":"NEEB, MINDY M","a":"209 MAIN ST N","d":"Gibsonburg Exempted Village School District","t":3219.81,"l":"510: Res-Single Family","c":0}},{"type":"Feature","geometry":{"type":"Polygon","coordinates":[[[-83.31843,41.347789],[-83.318424,41.347103],[-83.320826,41.347093],[-83.320834,41.347779],[-83.31843,41.347789]]]},"properties":{"p":"25-36-00-0023-02","o":"SPIELDENNER, DAVID T & JILL A /SURV","a":"325 SR 300","d":"Gibsonburg Exempted Village School District","t":3018.4,"l":"511: Res-Custom Code","c":0}},{"type":"Feature","geometry":{"type":"Polygon","coordinates":[[[-83.414719,41.346806],[-83.414743,41.345735],[-83.417204,41.34576],[-83.417186,41.346607],[-83.414847,41.346576],[-83.414837,41.346808],[-83.414719,41.346806]]]},"properties":{"p":"25-31-00-0017-01","o":"GOODLET, CHAD M","a":"13342 SR 23","d":"Gibsonburg Exempted Village School District","t":2958.72,"l":"511: Res-Custom Code","c":0}},{"type":"Feature","geometry":{"type":"Polygon","coordinates":[[[-83.407195,41.36303],[-83.40722,41.361217],[-83.412057,41.361206],[-83.411966,41.366649],[-83.407165,41.366663],[-83.407195,41.36303]]]},"properties":{"p":"25-30-00-0009-00","o":"RICHTER, DAVID A","a":"876 CR 8","d":"Gibsonburg Exempted Village School District","t":2984.48,"l":"111: Agr-CAUV-Cash-Grain Farm","c":0}},{"type":"Feature","geometry":{"type":"Polygon","coordinates":[[[-83.330297,41.362801],[-83.330451,41.355565],[-83.334645,41.355557],[-83.334637,41.356347],[-83.335186,41.356343],[-83.335203,41.355557],[-83.339982,41.355563],[-83.339964,41.356433],[-83.339061,41.35642],[-83.339037,41.357114],[-83.339948,41.357125],[-83.339897,41.359174],[-83.335116,41.359172],[-83.335047,41.362796],[-83.330297,41.362801]]]},"properties":{"p":"25-26-00-0010-00","o":"LAN-MAR FARMS","a":"5382 CR 55","d":"Gibsonburg Exempted Village School District","t":3261.81,"l":"113: Agr-CAUV-Dairy Farm","c":0}},{"type":"Feature","geometry":{"type":"Polygon","coordinates":[[[-83.347675,41.312257],[-83.346328,41.312261],[-83.346295,41.312549],[-83.34636,41.313257],[-83.345857,41.313256],[-83.345886,41.310898],[-83.345852,41.30596],[-83.352401,41.305924],[-83.352433,41.313224],[-83.347682,41.313253],[-83.347675,41.312257]]]},"properties":{"p":"24-15-00-0002-00","o":"HOVIS, RONALD J","a":"5923 CR 41","d":"Gibsonburg Exempted Village School District","t":2758.48,"l":"111: Agr-CAUV-Cash-Grain Farm","c":0}},{"type":"Feature","geometry":{"type":"Polygon","coordinates":[[[-83.359569,41.284595],[-83.359677,41.284594],[-83.359645,41.285177],[-83.355708,41.285229],[-83.355739,41.284687],[-83.357801,41.28466],[-83.357802,41.284619],[-83.359569,41.284595]]]},"properties":{"p":"23-22-00-0002-11","o":"HAAS, JANICE M & ANGELA M","a":"2061 CR 32","d":"Lakota Local School District","t":3013.55,"l":"562: Res-Custom Code","c":0}},{"type":"Feature","geometry":{"type":"Polygon","coordinates":[[[-83.360399,41.307333],[-83.360384,41.306543],[-83.359682,41.306555],[-83.359682,41.306391],[-83.359305,41.306397],[-83.359306,41.306562],[-83.358944,41.306568],[-83.35894,41.305869],[-83.362818,41.305816],[-83.362838,41.313109],[-83.360052,41.313146],[-83.360034,41.312341],[-83.358959,41.312337],[-83.358947,41.307357],[-83.360399,41.307333]]]},"properties":{"p":"23-16-00-0001-06","o":"HORST, STEVEN K & ESTHER V /SURV","a":"1212 CR 32 S","d":"Lakota Local School District","t":3243.88,"l":"110: Agr-CAUV-Vacant Land","c":0}},{"type":"Feature","geometry":{"type":"Polygon","coordinates":[[[-83.283734,41.384913],[-83.284033,41.384909],[-83.284011,41.385627],[-83.284607,41.385627],[-83.28458,41.386352],[-83.283679,41.386359],[-83.283734,41.384913]]]},"properties":{"p":"20-18-00-0009-00","o":"GARCIA, AMANDA M","a":"4196 SR 600","d":"Gibsonburg Exempted Village School District","t":2719.38,"l":"511: Res-Custom Code","c":0}},{"type":"Feature","geometry":{"type":"Polygon","coordinates":[[[-83.208745,41.363477],[-83.208954,41.358045],[-83.213725,41.357948],[-83.21354,41.362855],[-83.212734,41.362871],[-83.212717,41.363425],[-83.213519,41.363412],[-83.213375,41.367042],[-83.208346,41.367099],[-83.208498,41.363481],[-83.208745,41.363477]]]},"properties":{"p":"19-26-00-0006-00","o":"NIESET, ALEXANDER J & TIMOTHY C","a":"2247 CR 59","d":"Fremont City School District","t":3294.04,"l":"111: Agr-CAUV-Cash-Grain Farm","c":0}},{"type":"Feature","geometry":{"type":"Polygon","coordinates":[[[-83.239961,41.41753],[-83.24007,41.417529],[-83.240037,41.418229],[-83.236914,41.418266],[-83.236947,41.417566],[-83.239961,41.41753]]]},"properties":{"p":"19-03-00-0002-01","o":"REED, ROBERT M. & CHARLEN","a":"2721 CR 92","d":"Fremont City School District","t":2651.35,"l":"511: Res-Custom Code","c":0}},{"type":"Feature","geometry":{"type":"Polygon","coordinates":[[[-83.28762,41.339424],[-83.288724,41.339416],[-83.288725,41.339477],[-83.288834,41.339476],[-83.288837,41.340079],[-83.288039,41.340134],[-83.288041,41.340259],[-83.287629,41.340262],[-83.28762,41.339424]]]},"properties":{"p":"17-06-00-0011-01","o":"GRESSMAN HOLDINGS LLC","a":"474 MAPLE ST","d":"Gibsonburg Exempted Village School District","t":3001.91,"l":"418: Com-Custom Code","c":0}},{"type":"Feature","geometry":{"type":"Polygon","coordinates":[[[-83.235279,41.264844],[-83.235316,41.264046],[-83.236407,41.26407],[-83.236368,41.264868],[-83.235279,41.264844]]]},"properties":{"p":"14-34-00-0025-03","o":"DOTTS, CLARENCE V","a":"2684 SR 590","d":"Lakota Local School District","t":2884.78,"l":"562: Res-Custom Code","c":0}},{"type":"Feature","geometry":{"type":"Polygon","coordinates":[[[-83.235844,41.254519],[-83.237369,41.2545],[-83.237347,41.25502],[-83.235713,41.25504],[-83.235738,41.254521],[-83.235844,41.254519]]]},"properties":{"p":"14-34-00-0010-00","o":"METZGER, LAWRENCE EDWARD JOSEPH JR","a":"3034 SR 590","d":"Lakota Local School District","t":3041.13,"l":"511: Res-Custom Code","c":0}},{"type":"Feature","geometry":{"type":"Polygon","coordinates":[[[-83.209408,41.288879],[-83.210129,41.288854],[-83.210173,41.290087],[-83.20945,41.290116],[-83.209408,41.288879]]]},"properties":{"p":"14-23-00-0006-01","o":"OTTO, NATHAN W & VALERIE J /SURV","a":"1819 CR 100","d":"Lakota Local School District","t":2890.11,"l":"511: Res-Custom Code","c":0}},{"type":"Feature","geometry":{"type":"Polygon","coordinates":[[[-83.259488,41.304279],[-83.259489,41.304197],[-83.264255,41.304326],[-83.264138,41.311602],[-83.259371,41.311508],[-83.259488,41.304279]]]},"properties":{"p":"14-16-00-0006-00","o":"NIESET, CRAIG L TRUSTEE","a":"3538 CR 39","d":"Lakota Local School District","t":2516.67,"l":"111: Agr-CAUV-Cash-Grain Farm","c":0}},{"type":"Feature","geometry":{"type":"Polygon","coordinates":[[[-83.078747,41.343009],[-83.07895,41.342612],[-83.079217,41.342664],[-83.07915,41.34301],[-83.078747,41.343009]]]},"properties":{"p":"13-36-59-0013-00","o":"WILLEY, JAMES","a":"2100 ST PETERS ST","d":"Fremont City School District","t":3269.24,"l":"510: Res-Single Family","c":0}},{"type":"Feature","geometry":{"type":"Polygon","coordinates":[[[-83.141893,41.344804],[-83.14189,41.344372],[-83.142108,41.344373],[-83.14211,41.344807],[-83.141893,41.344804]]]},"properties":{"p":"13-33-45-0007-00","o":"MORELOCK, DONT'E ALAN","a":"2212 BIRCHARD AVE W","d":"Fremont City School District","t":3073.24,"l":"560: Res-Mobile Home","c":0}},{"type":"Feature","geometry":{"type":"Polygon","coordinates":[[[-83.15529,41.365686],[-83.15529,41.365638],[-83.15543,41.365444],[-83.155842,41.36554],[-83.155843,41.365694],[-83.15529,41.365686]]]},"properties":{"p":"13-29-37-0164-00","o":"BRAGG, PAUL E & ELLEN F","a":"1520 PONTIAC AVE","d":"Fremont City School District","t":2714.85,"l":"510: Res-Single Family","c":0}},{"type":"Feature","geometry":{"type":"Polygon","coordinates":[[[-83.149198,41.364278],[-83.149681,41.363887],[-83.150157,41.364359],[-83.149932,41.364796],[-83.149899,41.36495],[-83.149752,41.365208],[-83.149811,41.365529],[-83.149733,41.365647],[-83.149079,41.36516],[-83.149198,41.364278]]]},"properties":{"p":"13-29-00-0017-12","o":"KINKAID, PAMELA A.","a":"1400 CHRISTY RD","d":"Fremont City School District","t":3091.16,"l":"499: Com-Other","c":0}},{"type":"Feature","geometry":{"type":"Polygon","coordinates":[[[-83.13634,41.386961],[-83.13635,41.386599],[-83.137607,41.386616],[-83.137599,41.386896],[-83.140082,41.386929],[-83.140117,41.38567],[-83.140723,41.385678],[-83.140713,41.386575],[-83.143527,41.386613],[-83.143541,41.385716],[-83.143601,41.385717],[-83.143543,41.388497],[-83.136301,41.388395],[-83.13634,41.386961]]]},"properties":{"p":"13-16-00-0017-00","o":"ARTZ, GLADYS","a":"2760 SR 19","d":"Fremont City School District","t":3024.75,"l":"101: Agr-Cash-Grain Farm","c":0}},{"type":"Feature","geometry":{"type":"Polygon","coordinates":[[[-83.136265,41.389707],[-83.136277,41.389295],[-83.137336,41.38931],[-83.137327,41.38972],[-83.136265,41.389707]]]},"properties":{"p":"13-16-00-0016-00","o":"FRY, JASON C","a":"2836 SR 19","d":"Fremont City School District","t":3127.96,"l":"511: Res-Custom Code","c":0}},{"type":"Feature","geometry":{"type":"Polygon","coordinates":[[[-83.068071,41.411282],[-83.068077,41.410772],[-83.069913,41.41077],[-83.069729,41.411356],[-83.068071,41.411282]]]},"properties":{"p":"13-12-00-0012-01","o":"INGERSOLL, SCOTT D","a":"2494 CR 198","d":"Fremont City School District","t":2777.78,"l":"511: Res-Custom Code","c":0}},{"type":"Feature","geometry":{"type":"Polygon","coordinates":[[[-83.123519,41.412671],[-83.126144,41.411023],[-83.12611,41.412689],[-83.123519,41.412671]]]},"properties":{"p":"13-10-00-0009-00","o":"COLEMAN, JEFFREY A","a":"201 CR 109","d":"Fremont City School District","t":3195.1,"l":"511: Res-Custom Code","c":0}},{"type":"Feature","geometry":{"type":"Polygon","coordinates":[[[-83.154958,41.300325],[-83.154957,41.299904],[-83.154221,41.299904],[-83.154227,41.29941],[-83.157641,41.299391],[-83.157621,41.299467],[-83.157337,41.300021],[-83.156969,41.300097],[-83.156524,41.300128],[-83.156228,41.300129],[-83.156064,41.30015],[-83.155619,41.300253],[-83.155144,41.30048],[-83.154958,41.300627],[-83.154958,41.300325]]]},"properties":{"p":"10-17-00-0013-03","o":"MICHAEL, THOMAS A & JENNIFER J /SURV","a":"2972 DARR RD","d":"Fremont City School District","t":2640.62,"l":"511: Res-Custom Code","c":0}},{"type":"Feature","geometry":{"type":"Polygon","coordinates":[[[-83.090877,41.328775],[-83.090897,41.327948],[-83.091225,41.327952],[-83.091318,41.327893],[-83.09143,41.327857],[-83.091901,41.327765],[-83.091691,41.328068],[-83.091398,41.328414],[-83.091114,41.328691],[-83.090877,41.328775]]]},"properties":{"p":"10-11-00-0004-00","o":"KELLER, ROBERT L & SHERRY K","a":"1440-1442 SMITH RD","d":"Fremont City School District","t":3072.69,"l":"562: Res-Custom Code","c":0}},{"type":"Feature","geometry":{"type":"Polygon","coordinates":[[[-83.117247,41.320434],[-83.117677,41.320419],[-83.117677,41.320771],[-83.117245,41.320786],[-83.117247,41.320434]]]},"properties":{"p":"10-10-41-0035-00","o":"STEINLE, STEPHEN A II & KAITLYN A /SURV","a":"1850 MYRTLE ST","d":"Fremont City School District","t":2714.7,"l":"510: Res-Single Family","c":0}},{"type":"Feature","geometry":{"type":"Polygon","coordinates":[[[-83.12096,41.325368],[-83.121471,41.325353],[-83.121473,41.326714],[-83.120961,41.326732],[-83.12096,41.325368]]]},"properties":{"p":"10-10-00-0063-05","o":"JENKINS, RICHARD T & SUSAN E /SURV","a":"1560 MAPLE LN","d":"Fremont City School District","t":2738.55,"l":"511: Res-Custom Code","c":0}},{"type":"Feature","geometry":{"type":"Polygon","coordinates":[[[-83.129727,41.32519],[-83.129827,41.325176],[-83.129843,41.325339],[-83.129927,41.325684],[-83.12885,41.32583],[-83.128736,41.325329],[-83.129727,41.32519]]]},"properties":{"p":"10-09-00-0023-00","o":"BENDER, BRETT D & REBECCA /SURV","a":"1517 TIFFIN RD","d":"Fremont City School District","t":2914.95,"l":"511: Res-Custom Code","c":0}},{"type":"Feature","geometry":{"type":"Polygon","coordinates":[[[-83.152875,41.335218],[-83.153629,41.335209],[-83.153621,41.335521],[-83.152869,41.335522],[-83.152875,41.335218]]]},"properties":{"p":"10-05-16-0009-01","o":"POLLARD, TIMOTHY JR","a":"849 BARTSON RD","d":"Fremont City School District","t":3128.55,"l":"599: Res-Other","c":0}},{"type":"Feature","geometry":{"type":"Polygon","coordinates":[[[-83.147236,41.338646],[-83.147258,41.338012],[-83.147806,41.338173],[-83.147524,41.338689],[-83.147236,41.338646]]]},"properties":{"p":"10-04-78-0010-00","o":"WARNER, JAMES H & CONSTANCE S TRUSTEES","a":"32 PONDS SIDE DR","d":"Fremont City School District","t":2949.98,"l":"510: Res-Single Family","c":0}},{"type":"Feature","geometry":{"type":"Polygon","coordinates":[[[-83.079905,41.339802],[-83.080111,41.339359],[-83.08042,41.33944],[-83.080215,41.339884],[-83.079905,41.339802]]]},"properties":{"p":"10-01-68-0048-00","o":"ESPARZA, ERNEST J. & VIRG","a":"2097 VICTOR ST","d":"Fremont City School District","t":2733.26,"l":"510: Res-Single Family","c":0}},{"type":"Feature","geometry":{"type":"Polygon","coordinates":[[[-83.074883,41.333096],[-83.074894,41.332815],[-83.076518,41.332936],[-83.076486,41.333213],[-83.074883,41.333096]]]},"properties":{"p":"10-01-05-0006-01","o":"SAMMONS, KORTNIE","a":"907 TIMPE RD","d":"Fremont City School District","t":2598.72,"l":"511: Res-Custom Code","c":0}},{"type":"Feature","geometry":{"type":"Polygon","coordinates":[[[-82.982995,41.386491],[-82.983103,41.379324],[-82.992677,41.379166],[-82.992599,41.385991],[-82.992583,41.386428],[-82.986666,41.386507],[-82.986667,41.386349],[-82.986549,41.38635],[-82.986548,41.386509],[-82.982993,41.386573],[-82.982995,41.386491]]]},"properties":{"p":"08-23-00-0001-00","o":"JOHN E PAYNE LLC","a":"CR 247","d":"Fremont City School District","t":2542.83,"l":"110: Agr-CAUV-Vacant Land","c":0}},{"type":"Feature","geometry":{"type":"Polygon","coordinates":[[[-83.067236,41.383651],[-83.06725,41.382849],[-83.067619,41.38284],[-83.067603,41.383653],[-83.067236,41.383651]]]},"properties":{"p":"08-19-06-0019-00","o":"MEISTER, KELLY COLLEEN","a":"14 BETHANY DR","d":"Fremont City School District","t":3089.99,"l":"599: Res-Other","c":0}},{"type":"Feature","geometry":{"type":"Polygon","coordinates":[[[-83.050693,41.423729],[-83.050806,41.423697],[-83.050883,41.423875],[-83.050763,41.423906],[-83.050693,41.423729]]]},"properties":{"p":"08-06-03-0013-00","o":"WENGER, DAVE","a":"2939 CR 206","d":"Fremont City School District","t":2601.7,"l":"510: Res-Single Family","c":0}},{"type":"Feature","geometry":{"type":"Polygon","coordinates":[[[-83.029427,41.269258],[-83.029472,41.266612],[-83.030684,41.266641],[-83.030709,41.267029],[-83.031809,41.267074],[-83.031819,41.267023],[-83.033049,41.267052],[-83.033014,41.27104],[-83.029426,41.270946],[-83.029427,41.269258]]]},"properties":{"p":"06-33-00-0011-00","o":"DROWN, TERRY D","a":"2649 CR 181","d":"Clyde-Green Springs Exempted Village School District","t":2807.16,"l":"111: Agr-CAUV-Cash-Grain Farm","c":0}},{"type":"Feature","geometry":{"type":"Polygon","coordinates":[[[-82.888478,41.28644],[-82.888485,41.285528],[-82.890004,41.286122],[-82.890001,41.286846],[-82.888478,41.28644]]]},"properties":{"p":"01-22-00-0017-00","o":"LEWIS, RANDAL","a":"1573 MAIN ST W","d":"Bellevue City School District","t":2143.26,"l":"599: Res-Other","c":0}},{"type":"Feature","geometry":{"type":"Polygon","coordinates":[[[-82.909014,41.38668],[-82.909037,41.385881],[-82.909943,41.385881],[-82.909929,41.38677],[-82.909011,41.386762],[-82.909014,41.38668]]]},"properties":{"p":"04-21-00-0014-02","o":"WILBUR, LAURA B","a":"5775 CR 247","d":"Margaretta Local School District","t":2486.51,"l":"511: Res-Custom Code","c":0}},{"type":"Feature","geometry":{"type":"Polygon","coordinates":[[[-83.108675,41.347746],[-83.108767,41.34764],[-83.108964,41.347696],[-83.108844,41.34783],[-83.108675,41.347746]]]},"properties":{"p":"34-50-00-1154-01","o":"YATES, RADLEY S","a":"208 HOWLAND ST","d":"Fremont City School District","t":2098.57,"l":"510: Res-Single Family","c":0}},{"type":"Feature","geometry":{"type":"Polygon","coordinates":[[[-83.127055,41.362898],[-83.127057,41.362724],[-83.127549,41.362723],[-83.127548,41.362899],[-83.127055,41.362898]]]},"properties":{"p":"34-50-00-6123-00","o":"MINNIEFIELD, BESSIE S","a":"1441 WHITE AVE","d":"Fremont City School District","t":2030.83,"l":"510: Res-Single Family","c":0}},{"type":"Feature","geometry":{"type":"Polygon","coordinates":[[[-83.124687,41.336631],[-83.125012,41.336631],[-83.125015,41.337029],[-83.12469,41.337031],[-83.124687,41.336631]]]},"properties":{"p":"34-60-00-0296-03","o":"BURNEY, TASHLAI","a":"1100 BUSH ST","d":"Fremont City School District","t":2029.65,"l":"510: Res-Single Family","c":0}},{"type":"Feature","geometry":{"type":"Polygon","coordinates":[[[-83.115003,41.339349],[-83.115268,41.339348],[-83.115406,41.339576],[-83.11521,41.339667],[-83.115003,41.339349]]]},"properties":{"p":"34-60-00-0166-11","o":"BORDNER, AIMEE R","a":"413 TIFFIN ST","d":"Fremont City School District","t":2006.94,"l":"510: Res-Single Family","c":0}},{"type":"Feature","geometry":{"type":"Polygon","coordinates":[[[-83.093914,41.356225],[-83.093995,41.356131],[-83.094615,41.356434],[-83.094411,41.35666],[-83.093875,41.356397],[-83.093956,41.356306],[-83.093876,41.356266],[-83.093914,41.356225]]]},"properties":{"p":"34-60-00-0094-03","o":"NESTOR, PEYTON E","a":"1009 FIFTH ST N","d":"Fremont City School District","t":1960.67,"l":"510: Res-Single Family","c":0}},{"type":"Feature","geometry":{"type":"Polygon","coordinates":[[[-83.10818,41.334706],[-83.108294,41.334562],[-83.109681,41.335166],[-83.109591,41.335278],[-83.10818,41.334706]]]},"properties":{"p":"34-60-00-0045-06","o":"POTTER, MICHAEL C & MARCI","a":"814 MORRISON ST","d":"Fremont City School District","t":2308.85,"l":"510: Res-Single Family","c":0}},{"type":"Feature","geometry":{"type":"Polygon","coordinates":[[[-83.143831,41.361257],[-83.144514,41.360352],[-83.144885,41.360508],[-83.144141,41.361485],[-83.143831,41.361257]]]},"properties":{"p":"34-50-00-6405-00","o":"E-Z WASH INC","a":"2340 STATE ST W","d":"Fremont City School District","t":2200.03,"l":"453: Com-Car Wash","c":0}},{"type":"Feature","geometry":{"type":"Polygon","coordinates":[[[-83.094524,41.338942],[-83.094963,41.338936],[-83.094962,41.339078],[-83.094523,41.339086],[-83.094524,41.338942]]]},"properties":{"p":"34-50-00-5945-00","o":"LEE, JANIE M","a":"413 ST JOSEPH ST","d":"Fremont City School District","t":2257.12,"l":"510: Res-Single Family","c":0}},{"type":"Feature","geometry":{"type":"Polygon","coordinates":[[[-83.094209,41.357366],[-83.094264,41.357305],[-83.094625,41.357485],[-83.094535,41.357524],[-83.094209,41.357366]]]},"properties":{"p":"34-50-00-5643-01","o":"JOHNSON, WILLIE & KIMBROUGH, ALFONSO","a":"1022 FIFTH ST N","d":"Fremont City School District","t":2262.56,"l":"500: Res-Vacant Land","c":0}},{"type":"Feature","geometry":{"type":"Polygon","coordinates":[[[-83.135863,41.349256],[-83.135525,41.349197],[-83.135194,41.349119],[-83.135196,41.348578],[-83.136473,41.348574],[-83.136469,41.349305],[-83.136164,41.349293],[-83.135863,41.349256]]]},"properties":{"p":"34-50-00-5264-00","o":"INLOT 5264, LLC","a":"231 STONE ST N","d":"Fremont City School District","t":2415.57,"l":"340: Ind-Manufacturing-Light","c":0}},{"type":"Feature","geometry":{"type":"Polygon","coordinates":[[[-83.122289,41.359906],[-83.122299,41.359576],[-83.122551,41.359576],[-83.122542,41.359905],[-83.122289,41.359906]]]},"properties":{"p":"34-50-00-4985-00","o":"HUGHES, EDDY ARLENE","a":"1068 GARFIELD ST","d":"Fremont City School District","t":2362.25,"l":"510: Res-Single Family","c":0}},{"type":"Feature","geometry":{"type":"Polygon","coordinates":[[[-83.103162,41.340836],[-83.103232,41.340678],[-83.103684,41.340802],[-83.103608,41.340961],[-83.103162,41.340836]]]},"properties":{"p":"34-50-00-4730-00","o":"LACHNER, CHRISTOPHER","a":"714 THOMPSON ST","d":"Fremont City School District","t":2457.06,"l":"540: Res-Custom Code","c":0}},{"type":"Feature","geometry":{"type":"Polygon","coordinates":[[[-83.121718,41.35431],[-83.121731,41.353946],[-83.121872,41.353947],[-83.121864,41.35431],[-83.121718,41.35431]]]},"properties":{"p":"34-50-00-4608-00","o":"COLLISON, PHILLIP D & SELENA A /SURV","a":"1039 RAWSON PL","d":"Fremont City School District","t":2358.7,"l":"510: Res-Single Family","c":0}},{"type":"Feature","geometry":{"type":"Polygon","coordinates":[[[-83.098777,41.340233],[-83.098832,41.340117],[-83.099266,41.340236],[-83.099212,41.34035],[-83.098777,41.340233]]]},"properties":{"p":"34-50-00-4113-00","o":"STOTZ, ELLYSON","a":"309 COLLINWOOD BLVD S","d":"Fremont City School District","t":2204.24,"l":"510: Res-Single Family","c":0}},{"type":"Feature","geometry":{"type":"Polygon","coordinates":[[[-83.117529,41.340985],[-83.118015,41.34098],[-83.118014,41.34112],[-83.117527,41.341127],[-83.117529,41.340985]]]},"properties":{"p":"34-50-00-3475-00","o":"HOLMES, DEREK","a":"530 PARK AVE S","d":"Fremont City School District","t":1987.66,"l":"510: Res-Single Family","c":0}},{"type":"Feature","geometry":{"type":"Polygon","coordinates":[[[-83.113709,41.338055],[-83.113709,41.337948],[-83.114641,41.337943],[-83.11464,41.338055],[-83.113709,41.338055]]]},"properties":{"p":"34-50-00-2930-00","o":"ERAPE, GREGORIO & JESSENI","a":"734 FRONT ST S","d":"Fremont City School District","t":2138.17,"l":"510: Res-Single Family","c":0}},{"type":"Feature","geometry":{"type":"Polygon","coordinates":[[[-83.116179,41.342193],[-83.116354,41.342192],[-83.116359,41.342415],[-83.116186,41.342416],[-83.116179,41.342193]]]},"properties":{"p":"34-50-00-2855-00","o":"UDISCHAS, EDWARD & ASHLEIGH N /SURV","a":"500 50 HAYES AVE","d":"Fremont City School District","t":2379.6,"l":"510: Res-Single Family","c":0}},{"type":"Feature","geometry":{"type":"Polygon","coordinates":[[[-83.116959,41.342762],[-83.117174,41.34276],[-83.117175,41.343153],[-83.116966,41.343154],[-83.116959,41.342762]]]},"properties":{"p":"34-50-00-2846-00","o":"HUGHES, JAMES & BRANDELYN /SURV","a":"519 EWING ST","d":"Fremont City School District","t":2296.88,"l":"530: Res-Three Family","c":0}},{"type":"Feature","geometry":{"type":"Polygon","coordinates":[[[-83.121294,41.333886],[-83.122194,41.333869],[-83.122028,41.334088],[-83.121122,41.334103],[-83.121294,41.333886]]]},"properties":{"p":"34-50-00-1631-00","o":"EARLS, NICOLLETTE A","a":"1110 TIFFIN ST","d":"Fremont City School District","t":2229.88,"l":"510: Res-Single Family","c":0}},{"type":"Feature","geometry":{"type":"Polygon","coordinates":[[[-83.122855,41.342604],[-83.122861,41.342469],[-83.123102,41.342469],[-83.123098,41.342604],[-83.122855,41.342604]]]},"properties":{"p":"34-50-00-1453-01","o":"DEMARS, EDWARD L","a":"1005 SHORT ST","d":"Fremont City School District","t":2022.53,"l":"510: Res-Single Family","c":0}},{"type":"Feature","geometry":{"type":"Polygon","coordinates":[[[-83.124111,41.345616],[-83.124358,41.345614],[-83.124352,41.345723],[-83.124107,41.345726],[-83.124111,41.345616]]]},"properties":{"p":"34-50-00-1381-03","o":"SERRICK, KATHRYN T","a":"118 MONROE ST S","d":"Fremont City School District","t":2162.1,"l":"510: Res-Single Family","c":0}},{"type":"Feature","geometry":{"type":"Polygon","coordinates":[[[-83.128705,41.352744],[-83.128536,41.352676],[-83.128623,41.352553],[-83.129143,41.352766],[-83.129055,41.352887],[-83.128705,41.352744]]]},"properties":{"p":"34-50-00-1325-00","o":"GERDING, KYLE J","a":"629 GRANT ST","d":"Fremont City School District","t":2393.74,"l":"510: Res-Single Family","c":0}},{"type":"Feature","geometry":{"type":"Polygon","coordinates":[[[-83.113941,41.352055],[-83.114101,41.352056],[-83.114094,41.352244],[-83.113934,41.352245],[-83.113941,41.352055]]]},"properties":{"p":"34-50-00-1268-00","o":"STARKS, ROCHELLE","a":"402 FULTON ST","d":"Fremont City School District","t":2282.63,"l":"510: Res-Single Family","c":0}},{"type":"Feature","geometry":{"type":"Polygon","coordinates":[[[-83.129535,41.347394],[-83.129757,41.347246],[-83.130145,41.347246],[-83.130145,41.347656],[-83.12953,41.347665],[-83.129535,41.347394]]]},"properties":{"p":"34-50-00-1214-00","o":"NJJR LLC","a":"128 JEFFERSON ST N","d":"Fremont City School District","t":2244.74,"l":"480: Com-Warehouse","c":0}},{"type":"Feature","geometry":{"type":"Polygon","coordinates":[[[-83.1283,41.346824],[-83.128298,41.34655],[-83.128543,41.346549],[-83.12854,41.346824],[-83.1283,41.346824]]]},"properties":{"p":"34-50-00-1208-01","o":"WARNECKE, WILLIAM D","a":"1402 CROGHAN ST","d":"Fremont City School District","t":2131.99,"l":"510: Res-Single Family","c":0}},{"type":"Feature","geometry":{"type":"Polygon","coordinates":[[[-83.104358,41.348219],[-83.104156,41.348116],[-83.104284,41.347965],[-83.104684,41.348164],[-83.104552,41.348318],[-83.104358,41.348219]]]},"properties":{"p":"34-50-00-0553-00","o":"FRANCEK, JAMES J","a":"322 FOURTH ST","d":"Fremont City School District","t":2013.86,"l":"500: Res-Vacant Land","c":0}},{"type":"Feature","geometry":{"type":"Polygon","coordinates":[[[-83.110074,41.349115],[-83.110202,41.34897],[-83.110579,41.349164],[-83.110454,41.349308],[-83.110074,41.349115]]]},"properties":{"p":"34-50-00-0539-00","o":"JOHNSON, KODI","a":"224 ELLIOT ST","d":"Fremont City School District","t":2502.87,"l":"540: Res-Custom Code","c":0}},{"type":"Feature","geometry":{"type":"Polygon","coordinates":[[[-83.120257,41.349909],[-83.12043,41.349663],[-83.120587,41.349729],[-83.120413,41.349973],[-83.120257,41.349909]]]},"properties":{"p":"34-50-00-0083-02","o":"FREMONT CUTLERY CO LLC","a":"823 STATE ST W","d":"Fremont City School District","t":2113.25,"l":"429: Com-Other","c":0}},{"type":"Feature","geometry":{"type":"Polygon","coordinates":[[[-82.954333,41.305474],[-82.954339,41.304528],[-82.955467,41.304829],[-82.955454,41.305575],[-82.954332,41.305578],[-82.954333,41.305474]]]},"properties":{"p":"32-60-00-0163-00","o":"FRIES, VINCENT","a":"1012 SR 20","d":"Clyde-Green Springs Exempted Village School District","t":2459.97,"l":"429: Com-Other","c":0}},{"type":"Feature","geometry":{"type":"Polygon","coordinates":[[[-82.963256,41.311673],[-82.96326,41.311418],[-82.964076,41.31142],[-82.964071,41.311675],[-82.963256,41.311673]]]},"properties":{"p":"32-60-00-0134-00","o":"SNYDER, CHRISTOPHER J","a":"1194 BURKHOLDER RD","d":"Clyde-Green Springs Exempted Village School District","t":2408.2,"l":"510: Res-Single Family","c":0}},{"type":"Feature","geometry":{"type":"Polygon","coordinates":[[[-82.971665,41.313842],[-82.972371,41.313829],[-82.972362,41.314188],[-82.971593,41.314195],[-82.971665,41.313842]]]},"properties":{"p":"32-60-00-0042-03","o":"PTAK, ANTHONY J & METZ, ERIC A /SURV","a":"447 HAMER ST","d":"Clyde-Green Springs Exempted Village School District","t":2467.04,"l":"511: Res-Custom Code","c":0}},{"type":"Feature","geometry":{"type":"Polygon","coordinates":[[[-82.968442,41.312491],[-82.968625,41.31227],[-82.969289,41.312752],[-82.969107,41.312974],[-82.968442,41.312491]]]},"properties":{"p":"32-60-00-0035-01","o":"SMITH, MICHAEL J.","a":"375 MAPLE ST E","d":"Clyde-Green Springs Exempted Village School District","t":2450.84,"l":"510: Res-Single Family","c":0}},{"type":"Feature","geometry":{"type":"Polygon","coordinates":[[[-82.973008,41.291937],[-82.97223,41.29193],[-82.972238,41.291542],[-82.973401,41.291548],[-82.973397,41.291758],[-82.973194,41.291759],[-82.97319,41.291828],[-82.973163,41.291882],[-82.973096,41.291925],[-82.973008,41.291937]]]},"properties":{"p":"32-50-00-2322-00","o":"ANDRES, CLIFFORD J","a":"202 TH NORRIS DR","d":"Clyde-Green Springs Exempted Village School District","t":2246.26,"l":"530: Res-Three Family","c":0}},{"type":"Feature","geometry":{"type":"Polygon","coordinates":[[[-82.98778,41.292344],[-82.988054,41.292342],[-82.988051,41.292741],[-82.987777,41.292743],[-82.98778,41.292344]]]},"properties":{"p":"32-50-00-2255-00","o":"KNOBLETT, GREGORY F. & DI","a":"138 DREW LN","d":"Clyde-Green Springs Exempted Village School District","t":2325.99,"l":"510: Res-Single Family","c":0}},{"type":"Feature","geometry":{"type":"Polygon","coordinates":[[[-82.967175,41.298227],[-82.967385,41.298226],[-82.967382,41.29861],[-82.967177,41.298611],[-82.967175,41.298227]]]},"properties":{"p":"32-50-00-1808-00","o":"DENNIS, ETHAN W","a":"433 FAIRHOME AVE","d":"Clyde-Green Springs Exempted Village School District","t":2438.98,"l":"560: Res-Mobile Home","c":0}},{"type":"Feature","geometry":{"type":"Polygon","coordinates":[[[-82.965342,41.304478],[-82.965474,41.304478],[-82.965477,41.304907],[-82.965335,41.304908],[-82.965342,41.304478]]]},"properties":{"p":"32-50-00-1347-00","o":"MYERS, BETTY L","a":"531 BROWN ST","d":"Clyde-Green Springs Exempted Village School District","t":2044.2,"l":"599: Res-Other","c":0}},{"type":"Feature","geometry":{"type":"Polygon","coordinates":[[[-82.972662,41.30073],[-82.972901,41.300728],[-82.9729,41.301177],[-82.972661,41.30118],[-82.972662,41.30073]]]},"properties":{"p":"32-50-00-0747-00","o":"HBA RENTALS LLC","a":"209 E GRANT ST","d":"Clyde-Green Springs Exempted Village School District","t":1971.63,"l":"510: Res-Single Family","c":0}},{"type":"Feature","geometry":{"type":"Polygon","coordinates":[[[-82.986074,41.301573],[-82.98609,41.300678],[-82.986026,41.300621],[-82.986456,41.300407],[-82.986441,41.301574],[-82.986074,41.301573]]]},"properties":{"p":"32-50-00-0570-01","o":"PICKING, JOCELYN & PARKHURST, DAVID JR","a":"539 MAPLE ST W","d":"Clyde-Green Springs Exempted Village School District","t":2380.9,"l":"510: Res-Single Family","c":0}},{"type":"Feature","geometry":{"type":"Polygon","coordinates":[[[-82.985382,41.302487],[-82.985401,41.301417],[-82.985657,41.301419],[-82.98567,41.300989],[-82.985629,41.300817],[-82.985703,41.300781],[-82.985783,41.30111],[-82.985774,41.301404],[-82.98575,41.301405],[-82.985749,41.301462],[-82.986076,41.301461],[-82.986058,41.302484],[-82.985382,41.302487]]]},"properties":{"p":"32-50-00-0568-01","o":"WOTT, KRISTINE A","a":"523 MAPLE ST W","d":"Clyde-Green Springs Exempted Village School District","t":2115.25,"l":"481: Com-Custom Code","c":0}},{"type":"Feature","geometry":{"type":"Polygon","coordinates":[[[-82.973445,41.302203],[-82.973682,41.302201],[-82.973678,41.302655],[-82.973442,41.302657],[-82.973445,41.302203]]]},"properties":{"p":"32-50-00-0198-00","o":"RODRIGUEZ, JAMES & BOBBITT, MICHELLE /SURV","a":"126 CHERRY ST E","d":"Clyde-Green Springs Exempted Village School District","t":2477.69,"l":"510: Res-Single Family","c":0}},{"type":"Feature","geometry":{"type":"Polygon","coordinates":[[[-82.973682,41.303384],[-82.974757,41.303375],[-82.974756,41.303558],[-82.973682,41.303571],[-82.973682,41.303384]]]},"properties":{"p":"32-50-00-0151-00","o":"RECKER REAL ESTATE HOLDINGS LLC","a":"218 MAIN ST S","d":"Clyde-Green Springs Exempted Village School District","t":1968.71,"l":"441: Com-Funeral Home","c":0}},{"type":"Feature","geometry":{"type":"Polygon","coordinates":[[[-83.09183,41.451809],[-83.09183,41.450891],[-83.096683,41.450883],[-83.096674,41.451799],[-83.09183,41.451809]]]},"properties":{"p":"31-26-00-0010-02","o":"NICKEL, MARK M","a":"3857 CR 174","d":"Fremont City School District","t":2371.6,"l":"101: Agr-Cash-Grain Farm","c":0}},{"type":"Feature","geometry":{"type":"Polygon","coordinates":[[[-83.084589,41.448536],[-83.084601,41.446443],[-83.087027,41.446453],[-83.087017,41.448547],[-83.084589,41.448536]]]},"properties":{"p":"31-25-00-0016-00","o":"BLISS, RONALD E & PAULA M TRUSTEES","a":"CR 182","d":"Fremont City School District","t":2040.37,"l":"599: Res-Other","c":0}},{"type":"Feature","geometry":{"type":"MultiPolygon","coordinates":[[[[-83.098269,41.408094],[-83.098309,41.407929],[-83.099464,41.408159],[-83.099324,41.408421],[-83.098236,41.408201],[-83.098269,41.408094]]],[[[-83.097137,41.407978],[-83.097136,41.407696],[-83.097187,41.407708],[-83.097231,41.407923],[-83.097214,41.407994],[-83.097137,41.407978]]]]},"properties":{"p":"31-11-00-0029-01","o":"MCCLURE, DENNIS R & SANDRA L","a":"3795 SR 53","d":"Fremont City School District","t":2184.53,"l":"511: Res-Custom Code","c":0}},{"type":"Feature","geometry":{"type":"Polygon","coordinates":[[[-83.090875,41.403846],[-83.090876,41.403652],[-83.091182,41.403654],[-83.091188,41.403266],[-83.090914,41.403265],[-83.090919,41.4031],[-83.091187,41.403101],[-83.091194,41.402607],[-83.09195,41.402624],[-83.092434,41.40259],[-83.092273,41.403848],[-83.090875,41.403846]]]},"properties":{"p":"31-11-00-0009-03","o":"VARGO, KAREN L","a":"949 SHOREWOOD DR","d":"Fremont City School District","t":2193.52,"l":"511: Res-Custom Code","c":0}},{"type":"Feature","geometry":{"type":"Polygon","coordinates":[[[-83.36311,41.45009],[-83.363248,41.449895],[-83.363463,41.449984],[-83.363324,41.450181],[-83.36311,41.45009]]]},"properties":{"p":"30-50-00-0223-02","o":"NINETEEN POINT NINE LLC","a":"105 WALNUT ST","d":"Woodmore Local School District","t":2445.47,"l":"442: Com-Medical Clinic","c":0}},{"type":"Feature","geometry":{"type":"Polygon","coordinates":[[[-83.366789,41.455638],[-83.367025,41.455321],[-83.367229,41.455405],[-83.366999,41.455725],[-83.366789,41.455638]]]},"properties":{"p":"30-50-00-0167-00","o":"PHILLIPS, BRIAN","a":"606 DEPOT ST","d":"Woodmore Local School District","t":2067.96,"l":"510: Res-Single Family","c":0}},{"type":"Feature","geometry":{"type":"Polygon","coordinates":[[[-83.362524,41.450851],[-83.362758,41.450531],[-83.362975,41.45062],[-83.362741,41.45094],[-83.362524,41.450851]]]},"properties":{"p":"30-50-00-0009-00","o":"OPERATION OVERFLOW LLC","a":"100 MAIN ST E","d":"Woodmore Local School District","t":2247.14,"l":"429: Com-Other","c":0}},{"type":"Feature","geometry":{"type":"Polygon","coordinates":[[[-83.372244,41.453004],[-83.372647,41.452886],[-83.372739,41.453061],[-83.372659,41.453171],[-83.372244,41.453004]]]},"properties":{"p":"30-28-01-0058-00","o":"CAVESLIO, BARBARA A.","a":"208 PEMBERVILLE RD","d":"Woodmore Local School District","t":2047.77,"l":"510: Res-Single Family","c":0}},{"type":"Feature","geometry":{"type":"Polygon","coordinates":[[[-83.373276,41.454468],[-83.37351,41.454137],[-83.373668,41.4542],[-83.373435,41.45453],[-83.373276,41.454468]]]},"properties":{"p":"30-28-01-0009-00","o":"FREEDOM ROOFING WINDOWS AND SIDING LLC","a":"901 MAIN ST","d":"Woodmore Local School District","t":2061.94,"l":"420: Com-Retail-Small","c":0}},{"type":"Feature","geometry":{"type":"Polygon","coordinates":[[[-83.396903,41.449257],[-83.39695,41.452855],[-83.38709,41.452931],[-83.387049,41.44962],[-83.391265,41.449527],[-83.396903,41.449257]]]},"properties":{"p":"28-29-00-0002-00","o":"HUSS DAIRY LLC","a":"SR 582","d":"Woodmore Local School District","t":2194.52,"l":"110: Agr-CAUV-Vacant Land","c":0}},{"type":"Feature","geometry":{"type":"Polygon","coordinates":[[[-83.345655,41.444109],[-83.345646,41.443572],[-83.346287,41.44383],[-83.346287,41.444363],[-83.345655,41.444109]]]},"properties":{"p":"28-27-00-0032-00","o":"GROUND LEVEL DEVELOPEMENT","a":"SR 20","d":"Woodmore Local School District","t":2020.92,"l":"399: Ind-Other","c":0}},{"type":"Feature","geometry":{"type":"Polygon","coordinates":[[[-83.367164,41.484418],[-83.370721,41.484353],[-83.370729,41.484926],[-83.369644,41.485034],[-83.369894,41.486216],[-83.367886,41.486247],[-83.367864,41.485493],[-83.367193,41.485437],[-83.367164,41.484418]]]},"properties":{"p":"28-16-00-0002-01","o":"MOHRMAN, JAMES D & AMY L /SURV","a":"6315 CR 165","d":"Woodmore Local School District","t":1958.78,"l":"512: Res-Custom Code","c":0}},{"type":"Feature","geometry":{"type":"Polygon","coordinates":[[[-83.395153,41.420964],[-83.395168,41.420549],[-83.396214,41.420545],[-83.396196,41.420962],[-83.395153,41.420964]]]},"properties":{"p":"28-05-00-0014-02","o":"PHILLIPS, BONNIE","a":"2851 CR 14","d":"Woodmore Local School District","t":2424.35,"l":"511: Res-Custom Code","c":0}},{"type":"Feature","geometry":{"type":"Polygon","coordinates":[[[-83.318933,41.419436],[-83.318945,41.419074],[-83.320177,41.419096],[-83.320164,41.419457],[-83.318933,41.419436]]]},"properties":{"p":"28-02-00-0001-02","o":"ALBRIGHT, MICHAEL J","a":"2800 SR 300","d":"Woodmore Local School District","t":2305.74,"l":"511: Res-Custom Code","c":0}},{"type":"Feature","geometry":{"type":"Polygon","coordinates":[[[-83.329199,41.378914],[-83.329199,41.378839],[-83.329169,41.378767],[-83.329653,41.378655],[-83.329647,41.378918],[-83.329199,41.378914]]]},"properties":{"p":"27-50-00-1184-00","o":"BOWEN, TIMOTHY J","a":"870 DANNICK LN","d":"Gibsonburg Exempted Village School District","t":2123.1,"l":"510: Res-Single Family","c":0}},{"type":"Feature","geometry":{"type":"Polygon","coordinates":[[[-83.325611,41.383407],[-83.325627,41.382996],[-83.325806,41.382996],[-83.325794,41.383407],[-83.325611,41.383407]]]},"properties":{"p":"27-50-00-0746-00","o":"THOMAS, JOSHUA L & AMANDA L /SURV","a":"423 YEASTING ST W","d":"Gibsonburg Exempted Village School District","t":2081.04,"l":"510: Res-Single Family","c":0}},{"type":"Feature","geometry":{"type":"Polygon","coordinates":[[[-83.310215,41.383967],[-83.310219,41.383756],[-83.310474,41.383753],[-83.310461,41.384162],[-83.310212,41.384166],[-83.310215,41.383967]]]},"properties":{"p":"27-50-00-0639-00","o":"TORRES, SYLVIA","a":"800 YEASTING ST","d":"Gibsonburg Exempted Village School District","t":2264.94,"l":"510: Res-Single Family","c":0}},{"type":"Feature","geometry":{"type":"Polygon","coordinates":[[[-83.320621,41.341083],[-83.320822,41.341082],[-83.320822,41.341622],[-83.320231,41.341626],[-83.320228,41.341086],[-83.320621,41.341083]]]},"properties":{"p":"25-36-00-0020-00","o":"CASTILLO, LOLO","a":"5086 SR 6","d":"Gibsonburg Exempted Village School District","t":2179.6,"l":"511: Res-Custom Code","c":0}},{"type":"Feature","geometry":{"type":"Polygon","coordinates":[[[-83.376378,41.254603],[-83.377121,41.25459],[-83.377044,41.25681],[-83.376299,41.256826],[-83.376378,41.254603]]]},"properties":{"p":"23-33-00-0007-06","o":"COPPLER, STEVEN L","a":"6480 CR 1","d":"Lakota Local School District","t":2437.18,"l":"511: Res-Custom Code","c":0}},{"type":"Feature","geometry":{"type":"Polygon","coordinates":[[[-83.344122,41.284224],[-83.344127,41.284155],[-83.344585,41.284152],[-83.344516,41.285231],[-83.344059,41.285234],[-83.344122,41.284224]]]},"properties":{"p":"23-22-00-0007-00","o":"YSASI, DAVID JR","a":"5710 CR 21","d":"Lakota Local School District","t":2289.72,"l":"562: Res-Custom Code","c":0}},{"type":"Feature","geometry":{"type":"Polygon","coordinates":[[[-83.388476,41.294436],[-83.390228,41.2944],[-83.390207,41.294878],[-83.388385,41.294919],[-83.388403,41.294456],[-83.388408,41.294437],[-83.388476,41.294436]]]},"properties":{"p":"23-20-00-0006-01","o":"HILLE, TOBIN L. & KRISTIN","a":"1730 CR 22","d":"Lakota Local School District","t":2461.06,"l":"511: Res-Custom Code","c":0}},{"type":"Feature","geometry":{"type":"Polygon","coordinates":[[[-83.218855,41.417443],[-83.219446,41.417879],[-83.219442,41.417963],[-83.218834,41.417967],[-83.218855,41.417443]]]},"properties":{"p":"22-50-00-0065-00","o":"REED, ROBERT M & CHARLENE A /SURV","a":"331 MAPLE ST S","d":"Fremont City School District","t":1991.34,"l":"510: Res-Single Family","c":0}},{"type":"Feature","geometry":{"type":"Polygon","coordinates":[[[-83.235384,41.443716],[-83.236324,41.443707],[-83.236336,41.445259],[-83.235406,41.445268],[-83.235384,41.443716]]]},"properties":{"p":"21-27-00-0002-01","o":"BRAUN, JOSEPH W & RIFE, LISA M /SURV","a":"2994 CR 141","d":"Woodmore Local School District","t":2180.48,"l":"511: Res-Custom Code","c":0}},{"type":"Feature","geometry":{"type":"Polygon","coordinates":[[[-83.243643,41.40163],[-83.243871,41.401327],[-83.24413,41.401435],[-83.243901,41.40174],[-83.243643,41.40163]]]},"properties":{"p":"20-95-00-0066-00","o":"BRININGER, ASHLEIGH N","a":"3151 SR 20","d":"Gibsonburg Exempted Village School District","t":2372.57,"l":"510: Res-Single Family","c":0}},{"type":"Feature","geometry":{"type":"Polygon","coordinates":[[[-83.241565,41.37765],[-83.241571,41.377412],[-83.242173,41.377411],[-83.242161,41.377643],[-83.241565,41.37765]]]},"properties":{"p":"20-21-00-0008-00","o":"LANGERMAN, GRACE I","a":"CR 90","d":"Gibsonburg Exempted Village School District","t":2145.58,"l":"501: Res-Custom Code","c":0}},{"type":"Feature","geometry":{"type":"Polygon","coordinates":[[[-83.298542,41.384711],[-83.299474,41.384699],[-83.299484,41.385977],[-83.29855,41.385989],[-83.298542,41.384711]]]},"properties":{"p":"20-18-00-0019-00","o":"BRUCE 600 INVESTMENTS LLC","a":"4564 SR 600","d":"Gibsonburg Exempted Village School District","t":2499.86,"l":"480: Com-Warehouse","c":0}},{"type":"Feature","geometry":{"type":"Polygon","coordinates":[[[-83.19019,41.371084],[-83.192593,41.371023],[-83.192444,41.375002],[-83.189135,41.375087],[-83.189267,41.371108],[-83.19019,41.371084]]]},"properties":{"p":"19-24-00-0009-01","o":"STACEY, STEVEN J","a":"CR 65","d":"Fremont City School District","t":2143.34,"l":"198: Res-Custom Code","c":0}},{"type":"Feature","geometry":{"type":"Polygon","coordinates":[[[-83.227547,41.394815],[-83.227889,41.394355],[-83.228909,41.394785],[-83.228887,41.395382],[-83.227547,41.394815]]]},"properties":{"p":"19-15-00-0005-01","o":"AUXTER, DONALD H. & KIMBERLY J /SURV","a":"2749 SR 20","d":"Fremont City School District","t":1984.2,"l":"511: Res-Custom Code","c":0}},{"type":"Feature","geometry":{"type":"Polygon","coordinates":[[[-83.201964,41.410679],[-83.202074,41.410677],[-83.201954,41.414306],[-83.197144,41.414428],[-83.197262,41.410784],[-83.201964,41.410679]]]},"properties":{"p":"19-12-00-0008-00","o":"DRUCKENMILLER, DAVID J.","a":"2528 CR 106 N","d":"Fremont City School District","t":2426.25,"l":"110: Agr-CAUV-Vacant Land","c":0}},{"type":"Feature","geometry":{"type":"Polygon","coordinates":[[[-83.247614,41.268028],[-83.247626,41.267652],[-83.24791,41.267657],[-83.247899,41.268033],[-83.247614,41.268028]]]},"properties":{"p":"16-50-00-0058-00","o":"SHARP, GARY","a":"3176 MAIN ST","d":"Lakota Local School District","t":2396.44,"l":"510: Res-Single Family","c":0}},{"type":"Feature","geometry":{"type":"MultiPolygon","coordinates":[[[[-83.282214,41.333787],[-83.282227,41.329795],[-83.287893,41.329915],[-83.290317,41.333784],[-83.282214,41.333787]]],[[[-83.288211,41.329988],[-83.286062,41.326546],[-83.291735,41.326531],[-83.291756,41.329964],[-83.290722,41.329967],[-83.290521,41.330007],[-83.288211,41.329988]]],[[[-83.291669,41.331675],[-83.291761,41.331672],[-83.291776,41.335698],[-83.289318,41.331762],[-83.291669,41.331675]]]]},"properties":{"p":"15-06-00-0001-03","o":"NIESET, CRAIG L TRUSTEE","a":"CR 72","d":"Gibsonburg Exempted Village School District","t":2347.63,"l":"199: Agr-CAUV-Other","c":0}},{"type":"Feature","geometry":{"type":"Polygon","coordinates":[[[-83.289318,41.331762],[-83.288592,41.330599],[-83.291759,41.330589],[-83.291761,41.331672],[-83.289318,41.331762]]]},"properties":{"p":"15-06-00-0001-01","o":"NIESET, CRAIG L","a":"361 CR 72","d":"Gibsonburg Exempted Village School District","t":2004.12,"l":"511: Res-Custom Code","c":0}},{"type":"Feature","geometry":{"type":"Polygon","coordinates":[[[-83.210522,41.262799],[-83.211781,41.262076],[-83.211781,41.263121],[-83.211188,41.263648],[-83.210705,41.263293],[-83.210522,41.262799]]]},"properties":{"p":"14-35-00-0006-01","o":"MCEWAN, TIMOTHY & SAMANTHA /SURV","a":"2755 SR 12","d":"Lakota Local School District","t":2311.36,"l":"511: Res-Custom Code","c":0}},{"type":"Feature","geometry":{"type":"Polygon","coordinates":[[[-83.236398,41.267374],[-83.236404,41.26603],[-83.235223,41.266004],[-83.235279,41.264844],[-83.236368,41.264868],[-83.23641,41.263983],[-83.240205,41.263887],[-83.240195,41.264854],[-83.238178,41.264842],[-83.238103,41.266404],[-83.237261,41.266402],[-83.237225,41.267452],[-83.236398,41.267455],[-83.236398,41.267374]]]},"properties":{"p":"14-34-00-0025-02","o":"DOTTS, CLARENCE V","a":"SR 590","d":"Lakota Local School District","t":2376.61,"l":"502: Res-Custom Code","c":0}},{"type":"Feature","geometry":{"type":"Polygon","coordinates":[[[-83.264355,41.265955],[-83.264369,41.265245],[-83.269221,41.265292],[-83.269315,41.260673],[-83.274137,41.260751],[-83.273965,41.268071],[-83.264323,41.267858],[-83.264355,41.265955]]]},"properties":{"p":"14-32-00-0008-00","o":"KIRKPATRICK, KATRINA M & SALYER, ALISON M TRUSTEES","a":"CR 13","d":"Lakota Local School District","t":2360.85,"l":"110: Agr-CAUV-Vacant Land","c":0}},{"type":"Feature","geometry":{"type":"MultiPolygon","coordinates":[[[[-83.271215,41.25351],[-83.271322,41.25343],[-83.272669,41.253445],[-83.272664,41.254086],[-83.2706,41.253918],[-83.271215,41.25351]]],[[[-83.269808,41.253489],[-83.269811,41.253408],[-83.270806,41.253423],[-83.269783,41.254114],[-83.269808,41.253489]]]]},"properties":{"p":"14-32-00-0002-00","o":"HAUBERT, WALTER J II","a":"3788 CR 1","d":"Lakota Local School District","t":2001.35,"l":"511: Res-Custom Code","c":0}},{"type":"Feature","geometry":{"type":"Polygon","coordinates":[[[-83.202399,41.282316],[-83.203483,41.282258],[-83.203487,41.283083],[-83.202396,41.283142],[-83.202399,41.282316]]]},"properties":{"p":"14-25-00-0013-02","o":"WAMMES, DAVID P. & SHARON","a":"1997 CR 23","d":"Lakota Local School District","t":2140.42,"l":"511: Res-Custom Code","c":0}},{"type":"Feature","geometry":{"type":"Polygon","coordinates":[[[-83.235539,41.297499],[-83.236493,41.297484],[-83.23644,41.298205],[-83.235378,41.298214],[-83.235431,41.297501],[-83.235539,41.297499]]]},"properties":{"p":"14-15-00-0003-00","o":"OVERLY, TODD J & DEBRA K /SURV","a":"1560-1582 SR 590","d":"Lakota Local School District","t":2034.13,"l":"511: Res-Custom Code","c":0}},{"type":"Feature","geometry":{"type":"Polygon","coordinates":[[[-83.136637,41.35387],[-83.136637,41.353686],[-83.137835,41.353685],[-83.137837,41.35387],[-83.136637,41.35387]]]},"properties":{"p":"13-33-49-0019-00","o":"BERNAL, RICARDO","a":"624 STONE ST","d":"Fremont City School District","t":2422.4,"l":"510: Res-Single Family","c":0}},{"type":"Feature","geometry":{"type":"Polygon","coordinates":[[[-83.145156,41.353395],[-83.145156,41.353245],[-83.146193,41.353243],[-83.146192,41.353393],[-83.145156,41.353395]]]},"properties":{"p":"13-33-47-0013-00","o":"RIDLEY, JOSEPH K & AMY B /SURV","a":"609 BRUSH ST","d":"Fremont City School District","t":2122.29,"l":"510: Res-Single Family","c":0}},{"type":"Feature","geometry":{"type":"Polygon","coordinates":[[[-83.143081,41.351992],[-83.143299,41.351991],[-83.143298,41.352887],[-83.143076,41.352888],[-83.143081,41.351992]]]},"properties":{"p":"13-33-40-0005-02","o":"EMMERICH, JARRETT","a":"2237 LAKE ST","d":"Fremont City School District","t":2168.18,"l":"510: Res-Single Family","c":0}},{"type":"Feature","geometry":{"type":"Polygon","coordinates":[[[-83.131263,41.368863],[-83.131264,41.368743],[-83.131755,41.368743],[-83.131754,41.368861],[-83.131263,41.368863]]]},"properties":{"p":"13-28-33-0010-00","o":"TILLER, CHARLES B & PRICE","a":"DICKINSON ST","d":"Fremont City School District","t":2047.92,"l":"500: Res-Vacant Land","c":0}},{"type":"Feature","geometry":{"type":"Polygon","coordinates":[[[-83.090511,41.260794],[-83.090535,41.260436],[-83.091806,41.260436],[-83.091759,41.261122],[-83.090488,41.261122],[-83.090511,41.260794]]]},"properties":{"p":"10-36-00-0009-02","o":"WALTER, LAUREN & JOSEPH /SURV","a":"4373 CR 178","d":"Fremont City School District","t":2274.36,"l":"511: Res-Custom Code","c":0}},{"type":"Feature","geometry":{"type":"Polygon","coordinates":[[[-83.132797,41.318893],[-83.132723,41.318794],[-83.132683,41.318684],[-83.132681,41.318454],[-83.133277,41.31846],[-83.133271,41.318713],[-83.132897,41.318911],[-83.132837,41.318915],[-83.132797,41.318893]]]},"properties":{"p":"10-09-81-0046-00","o":"SPADER, COLLIN M & MORGAN A /SURV","a":"116 PRIMROSE LN","d":"Fremont City School District","t":1962.04,"l":"510: Res-Single Family","c":0}},{"type":"Feature","geometry":{"type":"Polygon","coordinates":[[[-83.154074,41.324683],[-83.154084,41.32389],[-83.155876,41.323914],[-83.155909,41.325867],[-83.155267,41.325864],[-83.155493,41.324689],[-83.154074,41.324683]]]},"properties":{"p":"10-08-00-0009-02","o":"MORIN, KENNETH & MARY ANN /SURV","a":"BUCKLAND AVE","d":"Fremont City School District","t":1940.7,"l":"599: Res-Other","c":0}},{"type":"Feature","geometry":{"type":"Polygon","coordinates":[[[-83.17766,41.342062],[-83.177677,41.341326],[-83.178487,41.341333],[-83.178452,41.342148],[-83.177658,41.34214],[-83.17766,41.342062]]]},"properties":{"p":"10-06-00-0009-01","o":"MICHAEL, TRACY L","a":"3483 HAYES AVE","d":"Fremont City School District","t":2260.29,"l":"511: Res-Custom Code","c":0}},{"type":"Feature","geometry":{"type":"Polygon","coordinates":[[[-83.153483,41.340628],[-83.153502,41.340628],[-83.153491,41.34111],[-83.153469,41.34111],[-83.153474,41.340918],[-83.152819,41.340921],[-83.152828,41.340632],[-83.153483,41.340628]]]},"properties":{"p":"10-05-16-0010-03","o":"COMMERCE MEDICAL PATRTNERS LLC","a":"567 BARTSON RD","d":"Fremont City School District","t":2157.76,"l":"447: Com-Office","c":0}},{"type":"Feature","geometry":{"type":"Polygon","coordinates":[[[-83.136854,41.338263],[-83.1369,41.338244],[-83.136893,41.338707],[-83.136665,41.338772],[-83.136676,41.338336],[-83.136854,41.338263]]]},"properties":{"p":"10-04-26-0050-02","o":"FRASURE ROJAS, LOGAN","a":"1938 GLENN SPRINGS DR","d":"Fremont City School District","t":2078.63,"l":"510: Res-Single Family","c":0}},{"type":"Feature","geometry":{"type":"Polygon","coordinates":[[[-83.138486,41.341383],[-83.139021,41.341032],[-83.138984,41.34213],[-83.138459,41.342129],[-83.138486,41.341383]]]},"properties":{"p":"10-04-26-0012-00","o":"ROBINETTE, MARLENE J","a":"2107 HAYES AVE","d":"Fremont City School District","t":2029.87,"l":"340: Ind-Manufacturing-Light","c":0}},{"type":"Feature","geometry":{"type":"Polygon","coordinates":[[[-83.149714,41.332096],[-83.150473,41.33173],[-83.150626,41.33191],[-83.149848,41.332253],[-83.149714,41.332096]]]},"properties":{"p":"10-04-13-0003-04","o":"WASHINGTON, DONALD III & BULGER, DEXTER AARON / SURV","a":"1116 TUCKER RD","d":"Fremont City School District","t":2090.54,"l":"510: Res-Single Family","c":0}},{"type":"Feature","geometry":{"type":"Polygon","coordinates":[[[-83.133258,41.331598],[-83.133362,41.331572],[-83.133513,41.332],[-83.132838,41.332168],[-83.132517,41.331785],[-83.133258,41.331598]]]},"properties":{"p":"10-04-00-0062-01","o":"BARTSON, MATTHEW RICHARD & MICHELE J /SURV","a":"1115 SILER ST","d":"Fremont City School District","t":2274.4,"l":"511: Res-Custom Code","c":0}},{"type":"Feature","geometry":{"type":"Polygon","coordinates":[[[-83.044442,41.349209],[-83.044497,41.341957],[-83.047254,41.341884],[-83.047275,41.342616],[-83.047894,41.342601],[-83.047873,41.341873],[-83.050913,41.341817],[-83.050893,41.343938],[-83.049958,41.343933],[-83.049952,41.344636],[-83.050886,41.344637],[-83.05087,41.346295],[-83.049935,41.34629],[-83.049931,41.34676],[-83.050865,41.346761],[-83.050845,41.348854],[-83.050105,41.348868],[-83.050102,41.349165],[-83.050842,41.349151],[-83.050837,41.349637],[-83.04124,41.349835],[-83.041245,41.349275],[-83.044442,41.349209]]]},"properties":{"p":"08-32-00-0012-00","o":"CONTRERAS, DANIEL","a":"CR 229","d":"Fremont City School District","t":1992.92,"l":"110: Agr-CAUV-Vacant Land","c":0}},{"type":"Feature","geometry":{"type":"Polygon","coordinates":[[[-82.955865,41.268345],[-82.955867,41.267945],[-82.956828,41.267943],[-82.956872,41.264038],[-82.958534,41.26344],[-82.963135,41.263468],[-82.963135,41.263429],[-82.965581,41.26345],[-82.965531,41.268222],[-82.963319,41.268229],[-82.963301,41.269836],[-82.960976,41.269806],[-82.958563,41.269805],[-82.95858,41.268854],[-82.955862,41.268862],[-82.955865,41.268345]]]},"properties":{"p":"06-36-00-0036-15","o":"BINGER, DONALD W & CARRIE","a":"CR 183","d":"Clyde-Green Springs Exempted Village School District","t":1966.81,"l":"110: Agr-CAUV-Vacant Land","c":0}},{"type":"Feature","geometry":{"type":"Polygon","coordinates":[[[-82.972739,41.270475],[-82.972735,41.270105],[-82.972287,41.270109],[-82.972277,41.270556],[-82.971537,41.27055],[-82.971536,41.269945],[-82.971232,41.269786],[-82.970329,41.269778],[-82.970364,41.267233],[-82.974,41.267239],[-82.973994,41.267982],[-82.975167,41.267984],[-82.975165,41.268128],[-82.973712,41.268111],[-82.973695,41.269993],[-82.972811,41.270382],[-82.97274,41.270558],[-82.972739,41.270475]]]},"properties":{"p":"06-36-00-0013-00","o":"DOEBEL, CHERYL P","a":"4175 CR 183","d":"Clyde-Green Springs Exempted Village School District","t":1978.39,"l":"111: Agr-CAUV-Cash-Grain Farm","c":0}},{"type":"Feature","geometry":{"type":"Polygon","coordinates":[[[-82.982463,41.269358],[-82.983651,41.269348],[-82.983657,41.270528],[-82.982467,41.270537],[-82.982463,41.269358]]]},"properties":{"p":"06-35-00-0012-02","o":"WIDMAN, BRYAN M & BRITTANY L /SURV","a":"3899 CR 183","d":"Clyde-Green Springs Exempted Village School District","t":2195.12,"l":"511: Res-Custom Code","c":0}},{"type":"Feature","geometry":{"type":"Polygon","coordinates":[[[-82.979131,41.268955],[-82.980027,41.268826],[-82.980027,41.269122],[-82.979671,41.26916],[-82.97968,41.270551],[-82.979124,41.270552],[-82.979131,41.268955]]]},"properties":{"p":"06-35-00-0008-00","o":"MORENO, ROBERT A SR","a":"3979 CR 183","d":"Clyde-Green Springs Exempted Village School District","t":2176.46,"l":"511: Res-Custom Code","c":0}},{"type":"Feature","geometry":{"type":"Polygon","coordinates":[[[-83.059996,41.271305],[-83.059964,41.270448],[-83.06042,41.270455],[-83.060452,41.271393],[-83.059999,41.271388],[-83.059996,41.271305]]]},"properties":{"p":"06-31-00-0003-00","o":"WEIKER, CARLOS GEORGE & JOYCE ANN TRTEES","a":"1897 CR 181","d":"Clyde-Green Springs Exempted Village School District","t":2225.18,"l":"541: Res-Custom Code","c":0}},{"type":"Feature","geometry":{"type":"Polygon","coordinates":[[[-83.023237,41.297521],[-83.023244,41.297233],[-83.023786,41.297235],[-83.023783,41.297527],[-83.023237,41.297521]]]},"properties":{"p":"06-21-00-0035-00","o":"JOSEPH, JAMES M","a":"1674 CR 224","d":"Clyde-Green Springs Exempted Village School District","t":2334.4,"l":"511: Res-Custom Code","c":0}},{"type":"Feature","geometry":{"type":"Polygon","coordinates":[[[-82.964994,41.328746],[-82.965065,41.321561],[-82.969926,41.321553],[-82.96992,41.325155],[-82.969889,41.328789],[-82.968135,41.328806],[-82.96812,41.327576],[-82.967254,41.327582],[-82.967269,41.328812],[-82.964993,41.328828],[-82.964994,41.328746]]]},"properties":{"p":"06-12-00-0006-00","o":"WOTT, ZACHARY W & BRITTANY L","a":"4235 CR 223","d":"Clyde-Green Springs Exempted Village School District","t":2199.58,"l":"111: Agr-CAUV-Cash-Grain Farm","c":0}},{"type":"Feature","geometry":{"type":"Polygon","coordinates":[[[-82.994144,41.330554],[-82.995182,41.330548],[-82.995179,41.331],[-82.994032,41.331007],[-82.994035,41.330555],[-82.994144,41.330554]]]},"properties":{"p":"06-03-00-0004-02","o":"LARCEY, DANIEL R","a":"536 CR 242","d":"Clyde-Green Springs Exempted Village School District","t":2164.16,"l":"599: Res-Other","c":0}},{"type":"Feature","geometry":{"type":"Polygon","coordinates":[[[-82.945059,41.364281],[-82.945188,41.357888],[-82.949934,41.357931],[-82.949787,41.365189],[-82.947165,41.365152],[-82.946076,41.364758],[-82.946092,41.364722],[-82.945058,41.364364],[-82.945059,41.364281]]]},"properties":{"p":"04-30-00-0025-00","o":"BARD, SAMUEL J & MOAT, KEVAN /SURV","a":"4799 CR 237","d":"Margaretta Local School District","t":2049.66,"l":"111: Agr-CAUV-Cash-Grain Farm","c":0}},{"type":"Feature","geometry":{"type":"Polygon","coordinates":[[[-82.877545,41.366982],[-82.877555,41.366382],[-82.878495,41.366383],[-82.878495,41.366555],[-82.877543,41.367089],[-82.877545,41.366982]]]},"properties":{"p":"04-27-00-0013-00","o":"MANUS, L B & HELEN /SURV","a":"910 CR 302 N","d":"Margaretta Local School District","t":2316.43,"l":"511: Res-Custom Code","c":0}},{"type":"Feature","geometry":{"type":"Polygon","coordinates":[[[-82.849746,41.370315],[-82.849773,41.368923],[-82.850214,41.368922],[-82.850199,41.369709],[-82.850423,41.369709],[-82.850425,41.370109],[-82.849745,41.370411],[-82.849746,41.370315]]]},"properties":{"p":"04-25-00-0015-02","o":"KEEGAN ENTERPRISES LTD","a":"7475 SR 101 E","d":"Margaretta Local School District","t":2061.2,"l":"562: Res-Custom Code","c":0}},{"type":"Feature","geometry":{"type":"Polygon","coordinates":[[[-82.913901,41.374765],[-82.913902,41.374271],[-82.913143,41.374344],[-82.913143,41.374069],[-82.914969,41.373893],[-82.914968,41.374168],[-82.913957,41.374266],[-82.913956,41.374842],[-82.9139,41.374848],[-82.913901,41.374765]]]},"properties":{"p":"04-21-00-0008-03","o":"MEGGITT, JOSHUA J & JESSICA A /SURV","a":"SR 412","d":"Margaretta Local School District","t":2329.94,"l":"599: Res-Other","c":0}},{"type":"Feature","geometry":{"type":"MultiPolygon","coordinates":[[[[-82.906304,41.400316],[-82.906352,41.398508],[-82.913538,41.398566],[-82.913604,41.394955],[-82.916,41.394976],[-82.915976,41.395726],[-82.915919,41.401305],[-82.906281,41.40121],[-82.906304,41.400316]]],[[[-82.906281,41.40121],[-82.906304,41.400316],[-82.915926,41.400398],[-82.915919,41.401305],[-82.906281,41.40121]]]]},"properties":{"p":"04-16-00-0003-00","o":"KEEGAN, RICK L & KAREN A /SURV","a":"CR 280","d":"Margaretta Local School District","t":2372.03,"l":"111: Agr-CAUV-Cash-Grain Farm","c":0}},{"type":"Feature","geometry":{"type":"Polygon","coordinates":[[[-82.846252,41.398945],[-82.846245,41.398787],[-82.848194,41.398796],[-82.848195,41.398965],[-82.846252,41.398945]]]},"properties":{"p":"04-13-05-0005-03","o":"HILTON, JASON S & BEESE, KELLEY R","a":"2014 NORTHWEST RD","d":"Margaretta Local School District","t":2351.63,"l":"541: Res-Custom Code","c":0}},{"type":"Feature","geometry":{"type":"Polygon","coordinates":[[[-82.871547,41.415529],[-82.871517,41.408289],[-82.877664,41.408339],[-82.877697,41.411926],[-82.872825,41.411921],[-82.872827,41.415534],[-82.871547,41.415529]]]},"properties":{"p":"04-11-00-0010-00","o":"STEAGER, SANDRA J & EVANS, SUSAN STEAGER TRUSTEES & GROVE, NELLIE JOYCE TRUSTEE","a":"CR 263","d":"Margaretta Local School District","t":2059.69,"l":"110: Agr-CAUV-Vacant Land","c":0}},{"type":"Feature","geometry":{"type":"Polygon","coordinates":[[[-82.852909,41.274308],[-82.853091,41.274305],[-82.853094,41.274415],[-82.852912,41.274417],[-82.852909,41.274308]]]},"properties":{"p":"03-60-00-0033-28","o":"HAYWARD, MARK A & TONYA L","a":"222 HIGHLAND AVE","d":"Bellevue City School District","t":2129.89,"l":"550: Res-Condo","c":0}},{"type":"Feature","geometry":{"type":"Polygon","coordinates":[[[-82.852859,41.274862],[-82.85286,41.274544],[-82.853163,41.274626],[-82.853029,41.274909],[-82.852859,41.274862]]]},"properties":{"p":"03-50-00-2156-00","o":"EBURY RE LLC","a":"101 REDWOOD DR","d":"Bellevue City School District","t":2197,"l":"540: Res-Custom Code","c":0}},{"type":"Feature","geometry":{"type":"Polygon","coordinates":[[[-82.85661,41.268091],[-82.856608,41.26776],[-82.857044,41.267758],[-82.857044,41.268137],[-82.85661,41.26814],[-82.85661,41.268091]]]},"properties":{"p":"03-50-00-1841-00","o":"BERRY, KELLY S","a":"815 BELLAIRE DR","d":"Bellevue City School District","t":2091.96,"l":"510: Res-Single Family","c":0}},{"type":"Feature","geometry":{"type":"Polygon","coordinates":[[[-82.842989,41.266822],[-82.842971,41.266324],[-82.843156,41.266325],[-82.843172,41.266823],[-82.842989,41.266822]]]},"properties":{"p":"03-50-00-1193-00","o":"EVANS, GLENDA","a":"215 LOUISE AVE","d":"Bellevue City School District","t":2256.77,"l":"510: Res-Single Family","c":0}},{"type":"Feature","geometry":{"type":"Polygon","coordinates":[[[-82.848908,41.268739],[-82.849052,41.268656],[-82.849488,41.269084],[-82.849342,41.269168],[-82.848908,41.268739]]]},"properties":{"p":"03-50-00-0314-00","o":"KILE, CHRISTOPHER R.","a":"533 KILBOURNE ST","d":"Bellevue City School District","t":2146.89,"l":"520: Res-Two Family","c":0}},{"type":"Feature","geometry":{"type":"Polygon","coordinates":[[[-82.846526,41.274591],[-82.846588,41.274457],[-82.846914,41.274549],[-82.846852,41.27468],[-82.846526,41.274591]]]},"properties":{"p":"03-50-00-0272-00","o":"KAPUTS LLC","a":"109 GLENDALE ST","d":"Bellevue City School District","t":2105.79,"l":"447: Com-Office","c":0}},{"type":"Feature","geometry":{"type":"Polygon","coordinates":[[[-82.843036,41.272344],[-82.843025,41.272095],[-82.843301,41.272095],[-82.843373,41.272063],[-82.84343,41.272119],[-82.843036,41.272344]]]},"properties":{"p":"03-50-00-0192-00","o":"WILLIAMS, TIMOTHY L & MICHELLE R /SURV","a":"210-212 YORK ST","d":"Bellevue City School District","t":2409.79,"l":"520: Res-Two Family","c":0}},{"type":"Feature","geometry":{"type":"Polygon","coordinates":[[[-82.942657,41.328448],[-82.942657,41.324055],[-82.941988,41.323114],[-82.942399,41.322954],[-82.942453,41.323026],[-82.942627,41.32299],[-82.942872,41.322863],[-82.94282,41.32279],[-82.944277,41.322218],[-82.94457,41.322106],[-82.946807,41.321371],[-82.948444,41.325014],[-82.950532,41.323616],[-82.950517,41.326198],[-82.949292,41.32616],[-82.949277,41.328687],[-82.942657,41.328502],[-82.942657,41.328448]]]},"properties":{"p":"02-07-00-0002-06","o":"JOHN E PAYNE LLC","a":"SR 101","d":"Clyde-Green Springs Exempted Village School District","t":2375.02,"l":"111: Agr-CAUV-Cash-Grain Farm","c":0}},{"type":"Feature","geometry":{"type":"Polygon","coordinates":[[[-82.860338,41.262915],[-82.860444,41.262853],[-82.86173,41.262859],[-82.861721,41.264351],[-82.86112,41.264351],[-82.861131,41.262922],[-82.860338,41.262915]]]},"properties":{"p":"01-35-00-0003-00","o":"THEIS, AARON C & EMILY I /SURV","a":"940-942 KILBOURNE ST","d":"Bellevue City School District","t":2451.26,"l":"511: Res-Custom Code","c":0}},{"type":"Feature","geometry":{"type":"Polygon","coordinates":[[[-83.414156,41.448249],[-83.414155,41.447418],[-83.415224,41.447425],[-83.415219,41.448255],[-83.414156,41.448249]]]},"properties":{"p":"28-30-00-0010-12","o":"HARTBARGER, KENNETH D II","a":"20390 SR 23","d":"Woodmore Local School District","t":2384.76,"l":"511: Res-Custom Code","c":0}},{"type":"Feature","geometry":{"type":"Polygon","coordinates":[[[-83.346287,41.444363],[-83.346287,41.44383],[-83.346944,41.444095],[-83.346922,41.44462],[-83.346287,41.444363]]]},"properties":{"p":"28-27-00-0033-00","o":"GROUND LEVEL DEVELOPEMENT","a":"SR 20","d":"Woodmore Local School District","t":2336.84,"l":"399: Ind-Other","c":0}},{"type":"Feature","geometry":{"type":"Polygon","coordinates":[[[-83.329271,41.377766],[-83.32927,41.377289],[-83.329723,41.377283],[-83.32971,41.377765],[-83.329271,41.377766]]]},"properties":{"p":"27-50-00-1069-00","o":"WARREN, MICHAEL D & SHERRI S /SURV","a":"613 LINDEN AVE","d":"Gibsonburg Exempted Village School District","t":2239.66,"l":"510: Res-Single Family","c":0}},{"type":"Feature","geometry":{"type":"Polygon","coordinates":[[[-83.315374,41.385734],[-83.315553,41.385731],[-83.315538,41.386144],[-83.315358,41.386146],[-83.315374,41.385734]]]},"properties":{"p":"27-50-00-0289-00","o":"HISER, ROBERT WAYNE","a":"400 STEVENSON ST E","d":"Gibsonburg Exempted Village School District","t":2478.13,"l":"510: Res-Single Family","c":0}},{"type":"Feature","geometry":{"type":"Polygon","coordinates":[[[-83.092463,41.356627],[-83.092477,41.356206],[-83.093254,41.356217],[-83.093239,41.356638],[-83.092463,41.356627]]]},"properties":{"p":"13-26-00-0024-00","o":"OVERMYER, SIERRA LYNN","a":"1013 SIXTH ST","d":"Fremont City School District","t":1993.17,"l":"511: Res-Custom Code","c":0}},{"type":"Feature","geometry":{"type":"Polygon","coordinates":[[[-83.107721,41.389193],[-83.107834,41.389184],[-83.107935,41.389601],[-83.106166,41.389648],[-83.10615,41.389507],[-83.106581,41.389498],[-83.106754,41.389455],[-83.10678,41.389439],[-83.106823,41.389319],[-83.106891,41.389257],[-83.107721,41.389193]]]},"properties":{"p":"13-14-03-0003-03","o":"POLTER, TIM","a":"2913 PORT CLINTON RD","d":"Fremont City School District","t":2134.64,"l":"511: Res-Custom Code","c":0}},{"type":"Feature","geometry":{"type":"Polygon","coordinates":[[[-83.105904,41.324947],[-83.105905,41.324639],[-83.106687,41.324651],[-83.106693,41.325202],[-83.105905,41.325188],[-83.105904,41.324947]]]},"properties":{"p":"10-11-00-0020-00","o":"YOUNG, JAMES E & AUDREY D TRUSTEES","a":"1612 BUCHANAN RD","d":"Fremont City School District","t":2042.67,"l":"511: Res-Custom Code","c":0}},{"type":"Feature","geometry":{"type":"Polygon","coordinates":[[[-83.145865,41.334949],[-83.146128,41.3348],[-83.146372,41.335041],[-83.146091,41.335226],[-83.145865,41.334949]]]},"properties":{"p":"10-04-09-0005-00","o":"SHIETS, GERALD R; KATHERINE; JACOB & JASON","a":"2040 ELM DR","d":"Fremont City School District","t":2446.87,"l":"510: Res-Single Family","c":0}},{"type":"Feature","geometry":{"type":"Polygon","coordinates":[[[-82.942332,41.386961],[-82.942336,41.386878],[-82.942925,41.386897],[-82.942872,41.387907],[-82.942285,41.387887],[-82.942332,41.386961]]]},"properties":{"p":"04-18-00-0013-01","o":"FRY, TYLER & EMILY","a":"4882 CR 247","d":"Margaretta Local School District","t":1997.68,"l":"511: Res-Custom Code","c":0}},{"type":"Feature","geometry":{"type":"Polygon","coordinates":[[[-82.906649,41.386824],[-82.90665,41.38674],[-82.907763,41.38675],[-82.907739,41.387648],[-82.90663,41.387867],[-82.906649,41.386824]]]},"properties":{"p":"04-16-00-0018-01","o":"KEEGAN, AUBREY E & CULLEN M & BISHOP, BLAKE R & LOGAN A","a":"5860 CR 247","d":"Margaretta Local School District","t":2215.67,"l":"511: Res-Custom Code","c":0}},{"type":"Feature","geometry":{"type":"Polygon","coordinates":[[[-82.882472,41.412262],[-82.882468,41.411919],[-82.88083,41.411963],[-82.879759,41.411946],[-82.878712,41.411956],[-82.877697,41.411926],[-82.877664,41.408339],[-82.882247,41.408324],[-82.887171,41.408333],[-82.887175,41.415553],[-82.882476,41.415551],[-82.882472,41.412262]]]},"properties":{"p":"04-10-00-0014-00","o":"STEAGER, SANDRA J & EVANS, SUSAN STEAGER TRUSTEES & GROVE, NELLIE JOYCE TRUSTEE","a":"CR 298","d":"Margaretta Local School District","t":2457.63,"l":"110: Agr-CAUV-Vacant Land","c":0}},{"type":"Feature","geometry":{"type":"Polygon","coordinates":[[[-82.846709,41.276133],[-82.846771,41.276007],[-82.847107,41.276099],[-82.847044,41.276226],[-82.846709,41.276133]]]},"properties":{"p":"03-60-00-0005-02","o":"BLANKENSHIP, GREG & KEISHA / SURV","a":"115 GREENWOOD HTS","d":"Bellevue City School District","t":2422.82,"l":"510: Res-Single Family","c":0}},{"type":"Feature","geometry":{"type":"Polygon","coordinates":[[[-82.853351,41.271816],[-82.852966,41.271714],[-82.853089,41.271442],[-82.853214,41.271443],[-82.853364,41.27182],[-82.853351,41.271816]]]},"properties":{"p":"03-50-00-1934-00","o":"GADD, JOSHUA","a":"140 CRYSTAL CT","d":"Bellevue City School District","t":2057.22,"l":"510: Res-Single Family","c":0}},{"type":"Feature","geometry":{"type":"Polygon","coordinates":[[[-82.932385,41.299376],[-82.932721,41.298696],[-82.93345,41.29889],[-82.933398,41.299383],[-82.932385,41.299376]]]},"properties":{"p":"02-20-00-0009-00","o":"RICHTER, KASI J","a":"SR 20","d":"Clyde-Green Springs Exempted Village School District","t":2075.39,"l":"501: Res-Custom Code","c":0}},{"type":"Feature","geometry":{"type":"Polygon","coordinates":[[[-82.928474,41.255844],[-82.929311,41.255843],[-82.92931,41.256548],[-82.928478,41.256638],[-82.928474,41.255844]]]},"properties":{"p":"01-32-00-0012-01","o":"COLVIN, SHAWN & MELISSA /SURV","a":"5300 CR 113","d":"Bellevue City School District","t":2445.65,"l":"511: Res-Custom Code","c":0}},{"type":"Feature","geometry":{"type":"Polygon","coordinates":[[[-82.940242,41.272437],[-82.94026,41.271614],[-82.941465,41.27163],[-82.94145,41.272454],[-82.940242,41.272437]]]},"properties":{"p":"01-30-00-0005-05","o":"KIDD, DANNY E. & ANGELA K","a":"2551 CR 264","d":"Bellevue City School District","t":1937.92,"l":"511: Res-Custom Code","c":0}},{"type":"Feature","geometry":{"type":"Polygon","coordinates":[[[-82.847236,41.323773],[-82.84451,41.323707],[-82.844527,41.320824],[-82.842747,41.32082],[-82.84274,41.320648],[-82.844697,41.320656],[-82.844685,41.320824],[-82.849379,41.320841],[-82.849369,41.321828],[-82.848179,41.321888],[-82.847262,41.322783],[-82.847236,41.323773]]]},"properties":{"p":"01-12-00-0013-02","o":"SBERNA, WALTER N SR & TAMMY S /SURV","a":"860 CR 312","d":"Bellevue City School District","t":2257.77,"l":"513: Res-Custom Code","c":0}},{"type":"Feature","geometry":{"type":"Polygon","coordinates":[[[-82.90061,41.337309],[-82.900616,41.33643],[-82.902437,41.33643],[-82.902431,41.337308],[-82.90061,41.337309]]]},"properties":{"p":"01-04-00-0008-02","o":"SPEER, ROBERT F & ASHLEY M /SURV","a":"325 CR 288","d":"Bellevue City School District","t":2056.64,"l":"501: Res-Custom Code","c":0}},{"type":"Feature","geometry":{"type":"Polygon","coordinates":[[[-82.937767,41.379668],[-82.937771,41.379464],[-82.938295,41.37948],[-82.938291,41.379675],[-82.937767,41.379668]]]},"properties":{"p":"04-95-00-0051-00","o":"GRIGGS, PETE W","a":"CR 318","d":"Margaretta Local School District","t":1696.65,"l":"501: Res-Custom Code","c":0}},{"type":"Feature","geometry":{"type":"Polygon","coordinates":[[[-83.367344,41.443179],[-83.367334,41.442861],[-83.367575,41.44286],[-83.367585,41.443179],[-83.367344,41.443179]]]},"properties":{"p":"30-50-00-0462-00","o":"RICKARD, PERRY L & BARBARA J TRUSTEES","a":"505 VICTORIA PL","d":"Woodmore Local School District","t":1772.96,"l":"510: Res-Single Family","c":0}},{"type":"Feature","geometry":{"type":"Polygon","coordinates":[[[-82.965474,41.304478],[-82.965655,41.304478],[-82.965659,41.304906],[-82.965477,41.304907],[-82.965474,41.304478]]]},"properties":{"p":"32-50-00-1346-00","o":"MYERS, BETTY L","a":"531 BROWN ST","d":"Clyde-Green Springs Exempted Village School District","t":1592.45,"l":"540: Res-Custom Code","c":0}},{"type":"Feature","geometry":{"type":"Polygon","coordinates":[[[-83.113936,41.352615],[-83.113942,41.352467],[-83.11466,41.352473],[-83.114046,41.352617],[-83.113936,41.352615]]]},"properties":{"p":"34-50-00-1269-00","o":"GUARDIOLA, KAREN R","a":"712 MILTON ST","d":"Fremont City School District","t":1719.63,"l":"500: Res-Vacant Land","c":0}},{"type":"Feature","geometry":{"type":"Polygon","coordinates":[[[-83.136007,41.358041],[-83.136013,41.357689],[-83.136193,41.357692],[-83.136193,41.358044],[-83.136007,41.358041]]]},"properties":{"p":"34-50-00-5488-00","o":"1031 OAK HARBOR RD LLC","a":"1911 STEVENSON ST","d":"Fremont City School District","t":1728.51,"l":"435: Com-Drive In","c":0}},{"type":"Feature","geometry":{"type":"Polygon","coordinates":[[[-83.133004,41.357022],[-83.133008,41.356913],[-83.133441,41.356918],[-83.133438,41.357025],[-83.133004,41.357022]]]},"properties":{"p":"34-50-00-5417-00","o":"1035 WESTERN LLC","a":"1035 WESTERN AVE","d":"Fremont City School District","t":1915.02,"l":"510: Res-Single Family","c":0}},{"type":"Feature","geometry":{"type":"Polygon","coordinates":[[[-83.134819,41.346942],[-83.134821,41.346539],[-83.134998,41.34654],[-83.134996,41.346941],[-83.134819,41.346942]]]},"properties":{"p":"34-50-00-5250-00","o":"MCARTHUR, JAMES D JR & CHRISTINE M /SURV","a":"1808 CROGHAN ST","d":"Fremont City School District","t":1737.4,"l":"510: Res-Single Family","c":0}},{"type":"Feature","geometry":{"type":"Polygon","coordinates":[[[-83.123453,41.355573],[-83.123456,41.355342],[-83.123602,41.355342],[-83.123597,41.355574],[-83.123453,41.355573]]]},"properties":{"p":"34-50-00-4901-01","o":"GRINE, JOZETTE S","a":"1104 HAZEL ST","d":"Fremont City School District","t":1799.26,"l":"510: Res-Single Family","c":0}},{"type":"Feature","geometry":{"type":"Polygon","coordinates":[[[-83.097414,41.35008],[-83.097511,41.34997],[-83.09771,41.350072],[-83.097612,41.350181],[-83.097414,41.35008]]]},"properties":{"p":"34-50-00-4672-00","o":"PETTIFORD, BRYAN & HALLIE /SURV","a":"720 KENTUCKY AVE","d":"Fremont City School District","t":1632.8,"l":"510: Res-Single Family","c":0}},{"type":"Feature","geometry":{"type":"Polygon","coordinates":[[[-83.096434,41.351196],[-83.096623,41.350981],[-83.097013,41.351183],[-83.096824,41.351397],[-83.096434,41.351196]]]},"properties":{"p":"34-50-00-4662-00","o":"CHANCE, TODD W & GERLENE / SURV","a":"717 MULBERRY ST","d":"Fremont City School District","t":1804.75,"l":"510: Res-Single Family","c":0}},{"type":"Feature","geometry":{"type":"Polygon","coordinates":[[[-83.100112,41.342816],[-83.100175,41.342683],[-83.100761,41.34284],[-83.100699,41.34297],[-83.100112,41.342816]]]},"properties":{"p":"34-50-00-4377-00","o":"BORTEL-FISHE, PATRICIA","a":"123 BUCHANAN ST S","d":"Fremont City School District","t":1789.24,"l":"510: Res-Single Family","c":0}},{"type":"Feature","geometry":{"type":"Polygon","coordinates":[[[-83.120386,41.353406],[-83.120428,41.353285],[-83.120885,41.35329],[-83.120884,41.353409],[-83.120386,41.353406]]]},"properties":{"p":"34-50-00-4343-00","o":"RESENDEZ, HERMINIA A","a":"536 RAWSON AVE","d":"Fremont City School District","t":1656.41,"l":"510: Res-Single Family","c":0}},{"type":"Feature","geometry":{"type":"Polygon","coordinates":[[[-83.121435,41.33812],[-83.12143,41.337507],[-83.121607,41.337507],[-83.121613,41.338119],[-83.121435,41.33812]]]},"properties":{"p":"34-50-00-4336-00","o":"MCKINSTRY, CASSANDRA D","a":"915 JUNE ST","d":"Fremont City School District","t":1891.49,"l":"510: Res-Single Family","c":0}},{"type":"Feature","geometry":{"type":"Polygon","coordinates":[[[-83.131346,41.349289],[-83.131345,41.34894],[-83.131492,41.348941],[-83.13149,41.349289],[-83.131346,41.349289]]]},"properties":{"p":"34-50-00-4292-00","o":"SMITH, ANDREW R.","a":"1511 FENWICK ST","d":"Fremont City School District","t":1768.68,"l":"510: Res-Single Family","c":0}},{"type":"Feature","geometry":{"type":"Polygon","coordinates":[[[-83.101318,41.343995],[-83.101502,41.343605],[-83.101615,41.343695],[-83.101457,41.344032],[-83.101318,41.343995]]]},"properties":{"p":"34-50-00-4263-00","o":"CARROLL, DERRICK","a":"807 STATE ST E","d":"Fremont City School District","t":1761.88,"l":"520: Res-Two Family","c":0}},{"type":"Feature","geometry":{"type":"Polygon","coordinates":[[[-83.129634,41.359297],[-83.129638,41.359182],[-83.130147,41.359186],[-83.130143,41.359301],[-83.129634,41.359297]]]},"properties":{"p":"34-50-00-4207-00","o":"BATESOLE, PAUL - LIFE EST","a":"1204 CARBON ST","d":"Fremont City School District","t":1670.23,"l":"510: Res-Single Family","c":0}},{"type":"Feature","geometry":{"type":"Polygon","coordinates":[[[-83.118296,41.35267],[-83.118279,41.352549],[-83.118882,41.352548],[-83.1189,41.352673],[-83.118296,41.35267]]]},"properties":{"p":"34-50-00-3136-00","o":"MARTIN, WILLIE JAMES","a":"515 UNION PL","d":"Fremont City School District","t":1698.06,"l":"510: Res-Single Family","c":0}},{"type":"Feature","geometry":{"type":"Polygon","coordinates":[[[-83.125983,41.348954],[-83.126264,41.348954],[-83.126333,41.349073],[-83.126184,41.349147],[-83.125983,41.348954]]]},"properties":{"p":"34-50-00-2860-00","o":"DEMARS, EDWARD L","a":"315 LYNN ST","d":"Fremont City School District","t":1830,"l":"340: Ind-Manufacturing-Light","c":0}},{"type":"Feature","geometry":{"type":"Polygon","coordinates":[[[-83.127196,41.360055],[-83.127199,41.35997],[-83.127671,41.359968],[-83.127668,41.360056],[-83.127196,41.360055]]]},"properties":{"p":"34-50-00-2677-01","o":"MEADE, ANDREA L","a":"1226 WHITE AVE","d":"Fremont City School District","t":1879.73,"l":"510: Res-Single Family","c":0}},{"type":"Feature","geometry":{"type":"Polygon","coordinates":[[[-83.127281,41.357547],[-83.127284,41.357466],[-83.127762,41.357468],[-83.12776,41.357549],[-83.127281,41.357547]]]},"properties":{"p":"34-50-00-2410-00","o":"GIBSON, BRIAN","a":"1030 WHITE AVE","d":"Fremont City School District","t":1620.67,"l":"510: Res-Single Family","c":0}},{"type":"Feature","geometry":{"type":"Polygon","coordinates":[[[-83.128589,41.354424],[-83.129064,41.354422],[-83.129059,41.354546],[-83.128585,41.354549],[-83.128589,41.354424]]]},"properties":{"p":"34-50-00-2284-00","o":"EVERS, THOMAS M JR","a":"812 ALGER ST","d":"Fremont City School District","t":1645.68,"l":"510: Res-Single Family","c":0}},{"type":"Feature","geometry":{"type":"Polygon","coordinates":[[[-83.119781,41.338283],[-83.119923,41.338282],[-83.119931,41.338728],[-83.119793,41.338729],[-83.119781,41.338283]]]},"properties":{"p":"34-50-00-2057-00","o":"WILLIAMS-JOHNSON, TERRI","a":"802 JUNE ST","d":"Fremont City School District","t":1832.31,"l":"510: Res-Single Family","c":0}},{"type":"Feature","geometry":{"type":"Polygon","coordinates":[[[-83.129797,41.350661],[-83.129793,41.350336],[-83.129947,41.350337],[-83.129944,41.350661],[-83.129797,41.350661]]]},"properties":{"p":"34-50-00-1666-00","o":"PLANT, RICHARD G. & SHELL","a":"1338 HICKORY ST","d":"Fremont City School District","t":1817.46,"l":"510: Res-Single Family","c":0}},{"type":"Feature","geometry":{"type":"Polygon","coordinates":[[[-83.118279,41.342854],[-83.118276,41.34251],[-83.11848,41.342617],[-83.11848,41.343131],[-83.118282,41.343132],[-83.118279,41.342854]]]},"properties":{"p":"34-50-00-1637-00","o":"CONTRERAS, ALBERT, JR","a":"619 EWING ST","d":"Fremont City School District","t":1781.82,"l":"510: Res-Single Family","c":0}},{"type":"Feature","geometry":{"type":"Polygon","coordinates":[[[-83.123519,41.338267],[-83.123757,41.338266],[-83.123758,41.338717],[-83.123523,41.338719],[-83.123519,41.338267]]]},"properties":{"p":"34-50-00-1497-00","o":"BOCKBRADER, NORMA J","a":"1018 JUNE ST","d":"Fremont City School District","t":1934.46,"l":"510: Res-Single Family","c":0}},{"type":"Feature","geometry":{"type":"Polygon","coordinates":[[[-83.123705,41.344404],[-83.123944,41.344402],[-83.123926,41.344837],[-83.123693,41.34484],[-83.123705,41.344404]]]},"properties":{"p":"34-50-00-1364-00","o":"GINNEVER, JASON J & NICOLE L /SURV","a":"1028 BIRCHARD AVE","d":"Fremont City School District","t":1745.95,"l":"510: Res-Single Family","c":0}},{"type":"Feature","geometry":{"type":"Polygon","coordinates":[[[-83.120478,41.347427],[-83.120476,41.347251],[-83.120823,41.347251],[-83.120822,41.347427],[-83.120478,41.347427]]]},"properties":{"p":"34-50-00-1008-00","o":"WOODRICK, WESLEY J","a":"819 COURT ST","d":"Fremont City School District","t":1671.29,"l":"510: Res-Single Family","c":0}},{"type":"Feature","geometry":{"type":"Polygon","coordinates":[[[-83.111266,41.341352],[-83.111251,41.341242],[-83.111862,41.341237],[-83.111862,41.341126],[-83.112005,41.341125],[-83.112004,41.341236],[-83.112384,41.341232],[-83.112385,41.341346],[-83.111266,41.341352]]]},"properties":{"p":"34-50-00-0965-00","o":"PITCHFORD, JASON","a":"523 BIDWELL AVE","d":"Fremont City School District","t":1933.8,"l":"510: Res-Single Family","c":0}},{"type":"Feature","geometry":{"type":"Polygon","coordinates":[[[-83.110433,41.347923],[-83.110546,41.347691],[-83.109882,41.347506],[-83.109893,41.347494],[-83.110657,41.347706],[-83.110543,41.347953],[-83.110433,41.347923]]]},"properties":{"p":"34-50-00-0504-00","o":"MCDONALD, CLIFTON H","a":"103 HOWLAND ST","d":"Fremont City School District","t":1754.51,"l":"510: Res-Single Family","c":0}},{"type":"Feature","geometry":{"type":"Polygon","coordinates":[[[-83.120309,41.347427],[-83.120307,41.347181],[-83.120382,41.347181],[-83.120382,41.347107],[-83.120473,41.347106],[-83.120478,41.347427],[-83.120309,41.347427]]]},"properties":{"p":"34-50-00-0193-02","o":"MILLER, MITCHELL B","a":"813 COURT ST","d":"Fremont City School District","t":1715.93,"l":"510: Res-Single Family","c":0}},{"type":"Feature","geometry":{"type":"Polygon","coordinates":[[[-83.11665,41.348408],[-83.116685,41.348267],[-83.116817,41.348279],[-83.116784,41.348465],[-83.11665,41.348408]]]},"properties":{"p":"34-50-00-0112-01","o":"LAST CALL ENTERTAINMENT LLC","a":"531-529 STATE ST W","d":"Fremont City School District","t":1749.72,"l":"430: Com-Retaurant","c":0}},{"type":"Feature","geometry":{"type":"Polygon","coordinates":[[[-83.049057,41.260703],[-83.049061,41.260312],[-83.049226,41.260315],[-83.049223,41.260706],[-83.049057,41.260703]]]},"properties":{"p":"33-50-00-0325-00","o":"BROWN, PAUL JR & ANDREA R /SURV","a":"210 HAMILTON ST","d":"Clyde-Green Springs Exempted Village School District","t":1764.21,"l":"500: Res-Vacant Land","c":0}},{"type":"Feature","geometry":{"type":"Polygon","coordinates":[[[-82.955756,41.29976],[-82.955772,41.298593],[-82.956457,41.298595],[-82.960304,41.299463],[-82.960299,41.299725],[-82.959531,41.299724],[-82.959512,41.301748],[-82.955743,41.300746],[-82.955756,41.29976]]]},"properties":{"p":"32-60-00-0115-00","o":"EVERGREEN RECYCLING LLC","a":"202 WATERTOWER DR","d":"Clyde-Green Springs Exempted Village School District","t":1923.13,"l":"300: Ind-Vacant Land","c":0}},{"type":"Feature","geometry":{"type":"Polygon","coordinates":[[[-82.975744,41.299667],[-82.975735,41.299232],[-82.975971,41.299232],[-82.975971,41.299668],[-82.975744,41.299667]]]},"properties":{"p":"32-60-00-0070-04","o":"MINCH, BRENDAN A","a":"123 WHITE ST","d":"Clyde-Green Springs Exempted Village School District","t":1844.24,"l":"510: Res-Single Family","c":0}},{"type":"Feature","geometry":{"type":"Polygon","coordinates":[[[-82.974205,41.299284],[-82.974207,41.299082],[-82.974803,41.299083],[-82.974802,41.299286],[-82.974205,41.299284]]]},"properties":{"p":"32-60-00-0055-04","o":"REED, CHADWICK & LEVEL, JESSICA L /SURV","a":"612 MAIN ST S","d":"Clyde-Green Springs Exempted Village School District","t":1902.35,"l":"510: Res-Single Family","c":0}},{"type":"Feature","geometry":{"type":"Polygon","coordinates":[[[-82.971939,41.312436],[-82.971996,41.312172],[-82.972591,41.312174],[-82.972588,41.312439],[-82.971939,41.312436]]]},"properties":{"p":"32-60-00-0043-04","o":"GISH, NICOLE","a":"341 HAMER ST","d":"Clyde-Green Springs Exempted Village School District","t":1697.34,"l":"510: Res-Single Family","c":0}},{"type":"Feature","geometry":{"type":"Polygon","coordinates":[[[-82.970151,41.302229],[-82.970151,41.302118],[-82.970366,41.302115],[-82.970366,41.301775],[-82.970574,41.301773],[-82.970574,41.302114],[-82.970791,41.302113],[-82.97079,41.302496],[-82.970152,41.302501],[-82.970151,41.302229]]]},"properties":{"p":"32-60-00-0040-12","o":"BAM ESTATES LLC","a":"321 ARCH ST","d":"Clyde-Green Springs Exempted Village School District","t":1841.59,"l":"520: Res-Two Family","c":0}},{"type":"Feature","geometry":{"type":"Polygon","coordinates":[[[-82.985765,41.305433],[-82.985772,41.304993],[-82.986144,41.304992],[-82.986135,41.305432],[-82.985765,41.305433]]]},"properties":{"p":"32-60-00-0023-05","o":"STINES, CHRISTOPHER","a":"509 MULBERRY ST W","d":"Clyde-Green Springs Exempted Village School District","t":1697.32,"l":"510: Res-Single Family","c":0}},{"type":"Feature","geometry":{"type":"Polygon","coordinates":[[[-82.986966,41.295532],[-82.986969,41.295277],[-82.987304,41.295274],[-82.987298,41.295782],[-82.986963,41.295785],[-82.986966,41.295532]]]},"properties":{"p":"32-50-00-2313-00","o":"KEEGAN, RICK L & KAREN A /SURV","a":"136 TONI DR","d":"Clyde-Green Springs Exempted Village School District","t":1657.08,"l":"510: Res-Single Family","c":0}},{"type":"Feature","geometry":{"type":"Polygon","coordinates":[[[-82.986237,41.295929],[-82.986545,41.295927],[-82.986541,41.296351],[-82.985693,41.296358],[-82.986237,41.295929]]]},"properties":{"p":"32-50-00-2284-00","o":"WEBB, WILLIAM J & THERESA","a":"149 TONI DR","d":"Clyde-Green Springs Exempted Village School District","t":1769.32,"l":"510: Res-Single Family","c":0}},{"type":"Feature","geometry":{"type":"Polygon","coordinates":[[[-82.971873,41.310674],[-82.971986,41.310488],[-82.972252,41.310595],[-82.97219,41.310803],[-82.971873,41.310674]]]},"properties":{"p":"32-50-00-1115-00","o":"LEWIS, JAMES R JR & REBECCAH J/SURV","a":"234 HAMER ST","d":"Clyde-Green Springs Exempted Village School District","t":1937.5,"l":"510: Res-Single Family","c":0}},{"type":"Feature","geometry":{"type":"Polygon","coordinates":[[[-82.976331,41.306027],[-82.976873,41.305708],[-82.97731,41.306114],[-82.977236,41.306232],[-82.976331,41.306027]]]},"properties":{"p":"32-50-00-0467-00","o":"PEARCE, MARGARET L & ANDREW L /SURV","a":"135 MAPLE ST W","d":"Clyde-Green Springs Exempted Village School District","t":1899.86,"l":"447: Com-Office","c":0}},{"type":"Feature","geometry":{"type":"Polygon","coordinates":[[[-82.978609,41.301405],[-82.978613,41.301226],[-82.979134,41.30123],[-82.979131,41.301412],[-82.978609,41.301405]]]},"properties":{"p":"32-50-00-0423-00","o":"WHITING, JASON","a":"125 MECHANIC ST","d":"Clyde-Green Springs Exempted Village School District","t":1818.63,"l":"510: Res-Single Family","c":0}},{"type":"Feature","geometry":{"type":"Polygon","coordinates":[[[-82.972752,41.305894],[-82.972991,41.305892],[-82.972992,41.306349],[-82.972751,41.306351],[-82.972752,41.305894]]]},"properties":{"p":"32-50-00-0116-00","o":"RINE, SARA MICHELE","a":"138 DUANE ST","d":"Clyde-Green Springs Exempted Village School District","t":1846.05,"l":"520: Res-Two Family","c":0}},{"type":"Feature","geometry":{"type":"Polygon","coordinates":[[[-82.971308,41.30747],[-82.97139,41.307297],[-82.971961,41.307442],[-82.971878,41.307613],[-82.971308,41.30747]]]},"properties":{"p":"32-50-00-0035-00","o":"SKEELS, ROBERT J","a":"225 CHURCH ST N","d":"Clyde-Green Springs Exempted Village School District","t":1594.55,"l":"510: Res-Single Family","c":0}},{"type":"Feature","geometry":{"type":"Polygon","coordinates":[[[-83.064505,41.428108],[-83.065635,41.428085],[-83.066249,41.428376],[-83.067105,41.428835],[-83.066429,41.429453],[-83.064505,41.428108]]]},"properties":{"p":"31-31-00-0103-03","o":"HAMONS, DIANN M","a":"1620 CR 129","d":"Fremont City School District","t":1804.66,"l":"511: Res-Custom Code","c":0}},{"type":"Feature","geometry":{"type":"Polygon","coordinates":[[[-83.166896,41.457414],[-83.164292,41.457185],[-83.16429,41.457131],[-83.165766,41.45726],[-83.165755,41.45686],[-83.166888,41.456865],[-83.166896,41.457414]]]},"properties":{"p":"31-30-00-0001-04","o":"DILLOW, JAMES A & CHERYL L /SURV","a":"4084 CR 140","d":"Fremont City School District","t":1889.42,"l":"599: Res-Other","c":0}},{"type":"Feature","geometry":{"type":"Polygon","coordinates":[[[-83.144871,41.455146],[-83.144873,41.454597],[-83.146788,41.45461],[-83.146787,41.455159],[-83.144871,41.455146]]]},"properties":{"p":"31-29-00-0013-03","o":"MYERS, TAMARA C","a":"5224 SR 19 N","d":"Fremont City School District","t":1881.43,"l":"510: Res-Single Family","c":0}},{"type":"Feature","geometry":{"type":"Polygon","coordinates":[[[-83.134499,41.418449],[-83.134501,41.418253],[-83.135571,41.41827],[-83.135568,41.418459],[-83.134499,41.418449]]]},"properties":{"p":"31-04-00-0024-00","o":"CRUZ, JOSE A","a":"3827 SR 19","d":"Fremont City School District","t":1901.12,"l":"511: Res-Custom Code","c":0}},{"type":"Feature","geometry":{"type":"Polygon","coordinates":[[[-83.370149,41.45258],[-83.369915,41.452483],[-83.37003,41.452298],[-83.370439,41.452468],[-83.370323,41.452652],[-83.370149,41.45258]]]},"properties":{"p":"30-50-00-0678-00","o":"BUSDEKER, JAN N & MARCIA K /SURV","a":"700 COLLEGE AVE","d":"Woodmore Local School District","t":1619.56,"l":"510: Res-Single Family","c":0}},{"type":"Feature","geometry":{"type":"Polygon","coordinates":[[[-83.35257,41.451844],[-83.353039,41.451773],[-83.353175,41.452108],[-83.352655,41.452233],[-83.35257,41.451844]]]},"properties":{"p":"30-50-00-0443-00","o":"ZOLLINGER, KURT A & SHERI A /SURV","a":"621 WATER ST","d":"Woodmore Local School District","t":1619.47,"l":"510: Res-Single Family","c":0}},{"type":"Feature","geometry":{"type":"Polygon","coordinates":[[[-83.352791,41.452374],[-83.353029,41.452316],[-83.353214,41.452802],[-83.352789,41.452905],[-83.352791,41.452374]]]},"properties":{"p":"30-50-00-0442-00","o":"CAMPO, CYNTHIA K","a":"620 WATER ST","d":"Woodmore Local School District","t":1690.8,"l":"510: Res-Single Family","c":0}},{"type":"Feature","geometry":{"type":"Polygon","coordinates":[[[-83.365043,41.450055],[-83.365285,41.449721],[-83.365711,41.449894],[-83.365468,41.450228],[-83.365043,41.450055]]]},"properties":{"p":"30-50-00-0250-00","o":"CZECH, JAMES A. & MARY LY","a":"201 COLLEGE AVE","d":"Woodmore Local School District","t":1909.62,"l":"510: Res-Single Family","c":0}},{"type":"Feature","geometry":{"type":"Polygon","coordinates":[[[-83.362308,41.450762],[-83.362541,41.450442],[-83.362758,41.450531],[-83.362524,41.450851],[-83.362308,41.450762]]]},"properties":{"p":"30-50-00-0008-00","o":"WOODVILLE COMMONS LLC","a":"108-110 MAIN ST E","d":"Woodmore Local School District","t":1888.55,"l":"429: Com-Other","c":0}},{"type":"Feature","geometry":{"type":"Polygon","coordinates":[[[-83.362183,41.44994],[-83.362628,41.449311],[-83.362872,41.44924],[-83.362333,41.450003],[-83.362183,41.44994]]]},"properties":{"p":"30-50-00-0001-01","o":"TURNOW, CRAIG & CARMELLA /SURV","a":"135 13 MAIN ST","d":"Woodmore Local School District","t":1790.4,"l":"420: Com-Retail-Small","c":0}},{"type":"Feature","geometry":{"type":"Polygon","coordinates":[[[-83.374062,41.450634],[-83.373968,41.45064],[-83.373471,41.44972],[-83.373688,41.449743],[-83.374016,41.449745],[-83.374499,41.450659],[-83.374062,41.450634]]]},"properties":{"p":"30-28-03-0035-00","o":"421 PARK LANE DRIVE LLC","a":"421 PARKLANE DR","d":"Woodmore Local School District","t":1730.34,"l":"510: Res-Single Family","c":0}},{"type":"Feature","geometry":{"type":"Polygon","coordinates":[[[-83.406219,41.41009],[-83.406281,41.407419],[-83.407557,41.407411],[-83.407579,41.40645],[-83.412983,41.406426],[-83.412925,41.40831],[-83.410955,41.4083],[-83.410927,41.410075],[-83.406219,41.41009]]]},"properties":{"p":"28-07-00-0003-00","o":"TEBEAU, ERNEST R & LINDA","a":"CR 91","d":"Woodmore Local School District","t":1852.67,"l":"110: Agr-CAUV-Vacant Land","c":0}},{"type":"Feature","geometry":{"type":"Polygon","coordinates":[[[-83.319468,41.382479],[-83.320025,41.382471],[-83.320022,41.382542],[-83.319464,41.382551],[-83.319468,41.382479]]]},"properties":{"p":"27-50-00-0341-00","o":"MICKEY, JAMES R","a":"223 MAIN ST S","d":"Gibsonburg Exempted Village School District","t":1812.28,"l":"599: Res-Other","c":0}},{"type":"Feature","geometry":{"type":"Polygon","coordinates":[[[-83.402343,41.370235],[-83.402376,41.363043],[-83.407195,41.36303],[-83.407139,41.369735],[-83.405021,41.369711],[-83.404766,41.369981],[-83.404601,41.370228],[-83.404599,41.37029],[-83.402343,41.370297],[-83.402343,41.370235]]]},"properties":{"p":"25-30-00-0005-01","o":"BURSIEK, CHRISTOPHER E","a":"CR 65","d":"Gibsonburg Exempted Village School District","t":1729.75,"l":"110: Agr-CAUV-Vacant Land","c":0}},{"type":"Feature","geometry":{"type":"Polygon","coordinates":[[[-83.334701,41.373658],[-83.334861,41.370024],[-83.338049,41.370026],[-83.337942,41.372205],[-83.337624,41.372206],[-83.337604,41.372655],[-83.336881,41.372657],[-83.336833,41.373656],[-83.334701,41.373658]]]},"properties":{"p":"25-23-00-0007-07","o":"REED, VALERIE LYNN","a":"5494 CR 65","d":"Gibsonburg Exempted Village School District","t":1677.27,"l":"111: Agr-CAUV-Cash-Grain Farm","c":0}},{"type":"Feature","geometry":{"type":"Polygon","coordinates":[[[-83.378407,41.370754],[-83.378423,41.370331],[-83.379533,41.370327],[-83.379516,41.370761],[-83.378407,41.370754]]]},"properties":{"p":"25-20-00-0003-04","o":"DAVIES, WILLIAM J","a":"1110 CR 26","d":"Gibsonburg Exempted Village School District","t":1700.16,"l":"511: Res-Custom Code","c":0}},{"type":"Feature","geometry":{"type":"Polygon","coordinates":[[[-83.319627,41.394986],[-83.3197,41.394985],[-83.319685,41.39548],[-83.318573,41.395494],[-83.318587,41.395],[-83.319627,41.394986]]]},"properties":{"p":"25-13-00-0006-01","o":"WITTE, DAVID M & KRISTY L","a":"861 MAIN ST N","d":"Gibsonburg Exempted Village School District","t":1663.39,"l":"511: Res-Custom Code","c":0}},{"type":"Feature","geometry":{"type":"Polygon","coordinates":[[[-83.305788,41.313822],[-83.305786,41.312671],[-83.309205,41.312781],[-83.309203,41.313449],[-83.310356,41.313481],[-83.310362,41.313587],[-83.31134,41.313612],[-83.311389,41.313511],[-83.311647,41.313518],[-83.31164,41.312854],[-83.312314,41.312872],[-83.31242,41.320148],[-83.305938,41.319987],[-83.305834,41.316298],[-83.305788,41.313822]]]},"properties":{"p":"24-12-00-0006-00","o":"NIESET, CRAIG L TRUSTEE","a":"CR 41","d":"Gibsonburg Exempted Village School District","t":1779.07,"l":"110: Agr-CAUV-Vacant Land","c":0}},{"type":"Feature","geometry":{"type":"Polygon","coordinates":[[[-83.374745,41.324428],[-83.374733,41.32384],[-83.376707,41.323817],[-83.376713,41.324231],[-83.378547,41.324207],[-83.378547,41.32438],[-83.374745,41.324428]]]},"properties":{"p":"24-09-00-0007-00","o":"MCNEAL, RANDY TRUSTEE","a":"769 CR 26","d":"Gibsonburg Exempted Village School District","t":1771.82,"l":"511: Res-Custom Code","c":0}},{"type":"Feature","geometry":{"type":"Polygon","coordinates":[[[-83.362437,41.265832],[-83.36099,41.265086],[-83.360786,41.265088],[-83.360825,41.264027],[-83.365623,41.263954],[-83.36555,41.265783],[-83.362437,41.265832]]]},"properties":{"p":"23-33-00-0004-00","o":"ANDERSON, JEFFREY A","a":"2778 CR 32 S","d":"Lakota Local School District","t":1759.22,"l":"111: Agr-CAUV-Cash-Grain Farm","c":0}},{"type":"Feature","geometry":{"type":"Polygon","coordinates":[[[-83.404923,41.268139],[-83.404774,41.267888],[-83.404512,41.267862],[-83.404514,41.2674],[-83.405486,41.267403],[-83.40547,41.268107],[-83.405088,41.268109],[-83.405108,41.268726],[-83.404977,41.268726],[-83.404963,41.268318],[-83.404923,41.268139]]]},"properties":{"p":"23-31-00-0002-01","o":"SCHMIDT, JENNA","a":"7245 CR 11 W","d":"Lakota Local School District","t":1615.56,"l":"511: Res-Custom Code","c":0}},{"type":"Feature","geometry":{"type":"Polygon","coordinates":[[[-83.220929,41.41408],[-83.22105,41.414076],[-83.221016,41.414899],[-83.219114,41.41512],[-83.21913,41.414896],[-83.219466,41.414488],[-83.219949,41.414093],[-83.220929,41.41408]]]},"properties":{"p":"22-02-00-0021-00","o":"SENSMEIER, SAMUEL E","a":"539 MAIN ST","d":"Fremont City School District","t":1926.24,"l":"599: Res-Other","c":0}},{"type":"Feature","geometry":{"type":"Polygon","coordinates":[[[-83.29915,41.436442],[-83.299294,41.436441],[-83.299306,41.437424],[-83.297074,41.437442],[-83.297059,41.43646],[-83.29915,41.436442]]]},"properties":{"p":"21-31-00-0006-07","o":"KEMERLEY, DONALD EUGENE & SANDRA JO /SURV","a":"3333 SR 51","d":"Woodmore Local School District","t":1758.34,"l":"511: Res-Custom Code","c":0}},{"type":"Feature","geometry":{"type":"Polygon","coordinates":[[[-83.299293,41.449326],[-83.299439,41.449323],[-83.299443,41.449738],[-83.298741,41.449746],[-83.298736,41.449335],[-83.299293,41.449326]]]},"properties":{"p":"21-30-00-0012-00","o":"VERMILYEA, MATTHEW","a":"3825 SR 51","d":"Woodmore Local School District","t":1711.75,"l":"541: Res-Custom Code","c":0}},{"type":"Feature","geometry":{"type":"Polygon","coordinates":[[[-83.241286,41.400627],[-83.241513,41.400323],[-83.242179,41.40061],[-83.241949,41.40091],[-83.241286,41.400627]]]},"properties":{"p":"20-95-00-1025-01","o":"RETIRE SMARTER INC","a":"3085 SR 20","d":"Gibsonburg Exempted Village School District","t":1748.55,"l":"499: Com-Other","c":0}},{"type":"Feature","geometry":{"type":"Polygon","coordinates":[[[-83.259187,41.385288],[-83.259201,41.384915],[-83.26053,41.384917],[-83.260513,41.385284],[-83.259187,41.385288]]]},"properties":{"p":"20-16-00-0010-00","o":"RUH, ELIZABETH & DIEKMAN, DAN /SURV","a":"3599 CR 660 W","d":"Gibsonburg Exempted Village School District","t":1606.84,"l":"511: Res-Custom Code","c":0}},{"type":"Feature","geometry":{"type":"Polygon","coordinates":[[[-83.246265,41.350303],[-83.246359,41.348592],[-83.248243,41.348589],[-83.248211,41.349267],[-83.247796,41.349268],[-83.247721,41.350363],[-83.246265,41.350303]]]},"properties":{"p":"19-33-00-0006-01","o":"PASCH, DAVID W","a":"5304 NAPOLEON RD","d":"Fremont City School District","t":1813.07,"l":"511: Res-Custom Code","c":0}},{"type":"Feature","geometry":{"type":"Polygon","coordinates":[[[-83.198413,41.363637],[-83.199118,41.363607],[-83.198964,41.367567],[-83.198861,41.370897],[-83.194055,41.370985],[-83.194312,41.364909],[-83.196796,41.364853],[-83.196741,41.363701],[-83.198413,41.363637]]]},"properties":{"p":"19-25-00-0003-00","o":"DOUBLE TROUBLE FARMS LLC","a":"1877 CR 65","d":"Fremont City School District","t":1880.11,"l":"199: Agr-CAUV-Other","c":0}},{"type":"Feature","geometry":{"type":"Polygon","coordinates":[[[-83.211607,41.387012],[-83.21113,41.387009],[-83.211092,41.387904],[-83.207809,41.386538],[-83.207856,41.385325],[-83.212494,41.385257],[-83.212381,41.388443],[-83.211562,41.388101],[-83.211607,41.387012]]]},"properties":{"p":"19-14-00-0008-00","o":"WAGNER, PETER F & JENNIFER M /SURV","a":"STATE ST W","d":"Fremont City School District","t":1792.16,"l":"199: Agr-CAUV-Other","c":0}},{"type":"Feature","geometry":{"type":"Polygon","coordinates":[[[-83.191725,41.324102],[-83.195167,41.324014],[-83.195132,41.32544],[-83.192545,41.325555],[-83.192447,41.327431],[-83.191549,41.327483],[-83.191725,41.324102]]]},"properties":{"p":"14-12-00-0008-00","o":"EBERT, TIMOTHY S & ANGELA /SURV","a":"CR 41","d":"Lakota Local School District","t":1902.08,"l":"599: Res-Other","c":0}},{"type":"Feature","geometry":{"type":"Polygon","coordinates":[[[-83.269164,41.318108],[-83.268853,41.315218],[-83.272599,41.314154],[-83.272585,41.316203],[-83.27302,41.316086],[-83.273007,41.317843],[-83.271584,41.317827],[-83.271573,41.318168],[-83.269164,41.318108]]]},"properties":{"p":"14-08-00-0016-00","o":"LOPEZ, PAUL R JR","a":"3776 CR 41","d":"Lakota Local School District","t":1727.44,"l":"111: Agr-CAUV-Cash-Grain Farm","c":0}},{"type":"Feature","geometry":{"type":"Polygon","coordinates":[[[-83.078877,41.341738],[-83.078886,41.341652],[-83.079342,41.34167],[-83.079284,41.342078],[-83.078833,41.341933],[-83.078877,41.341738]]]},"properties":{"p":"13-36-59-0016-00","o":"COLON, PENNY J","a":"230 NORBERT DR","d":"Fremont City School District","t":1720.76,"l":"510: Res-Single Family","c":0}},{"type":"Feature","geometry":{"type":"Polygon","coordinates":[[[-83.140003,41.346338],[-83.140002,41.345908],[-83.140218,41.345909],[-83.140218,41.346339],[-83.140003,41.346338]]]},"properties":{"p":"13-33-44-0007-00","o":"SNYDER, JEFF","a":"2129 CROGHAN ST","d":"Fremont City School District","t":1752.81,"l":"599: Res-Other","c":0}},{"type":"Feature","geometry":{"type":"Polygon","coordinates":[[[-83.170292,41.370781],[-83.170303,41.369813],[-83.171724,41.370393],[-83.171721,41.370668],[-83.171089,41.37041],[-83.171083,41.371104],[-83.170292,41.370781]]]},"properties":{"p":"13-30-00-0002-01","o":"DAMMAN, RUSSELL A & LAJTI, JEANNE M","a":"3343 STATE ST W","d":"Fremont City School District","t":1813.42,"l":"511: Res-Custom Code","c":0}},{"type":"Feature","geometry":{"type":"Polygon","coordinates":[[[-83.131772,41.365674],[-83.131904,41.365672],[-83.1319,41.366041],[-83.130682,41.366043],[-83.130683,41.365683],[-83.131772,41.365674]]]},"properties":{"p":"13-28-00-0032-00","o":"B/15 LTD","a":"1555 DICKINSON ST","d":"Fremont City School District","t":1928.16,"l":"511: Res-Custom Code","c":0}},{"type":"Feature","geometry":{"type":"Polygon","coordinates":[[[-83.112687,41.363883],[-83.112701,41.36364],[-83.113047,41.363644],[-83.113033,41.363887],[-83.112687,41.363883]]]},"properties":{"p":"13-27-28-0055-01","o":"ARELLANO, SONIA","a":"651 CEDAR ST","d":"Fremont City School District","t":1834.51,"l":"510: Res-Single Family","c":0}},{"type":"Feature","geometry":{"type":"Polygon","coordinates":[[[-83.110767,41.369064],[-83.110766,41.368982],[-83.111775,41.36898],[-83.111773,41.369611],[-83.112645,41.36961],[-83.112636,41.371088],[-83.110778,41.371091],[-83.110767,41.369064]]]},"properties":{"p":"13-27-00-0008-00","o":"SWEENEY, TIMOTHY C & CHERYL A /SURV","a":"620 ELIZABETH ST","d":"Fremont City School District","t":1927.45,"l":"511: Res-Custom Code","c":0}},{"type":"Feature","geometry":{"type":"Polygon","coordinates":[[[-83.0957,41.373536],[-83.095675,41.37339],[-83.101432,41.373417],[-83.100956,41.37436],[-83.095834,41.374322],[-83.095741,41.373901],[-83.0957,41.373536]]]},"properties":{"p":"13-23-18-0010-00","o":"FLOWER, KENNETH F TRUSTEE","a":"2025 WHITTAKER DR","d":"Fremont City School District","t":1650.59,"l":"111: Agr-CAUV-Cash-Grain Farm","c":0}},{"type":"Feature","geometry":{"type":"Polygon","coordinates":[[[-83.10536,41.395807],[-83.105716,41.395654],[-83.10585,41.396138],[-83.105776,41.396128],[-83.105706,41.396147],[-83.105657,41.396188],[-83.10564,41.396242],[-83.105578,41.396266],[-83.10536,41.395807]]]},"properties":{"p":"13-14-05-0002-01","o":"CANTRELL, CHARLES R JR","a":"449 RIVERSIDE DR","d":"Fremont City School District","t":1807.28,"l":"510: Res-Single Family","c":0}},{"type":"Feature","geometry":{"type":"Polygon","coordinates":[[[-83.070915,41.297215],[-83.070925,41.296921],[-83.071651,41.296928],[-83.071642,41.297217],[-83.070915,41.297215]]]},"properties":{"p":"12-24-01-0001-00","o":"QUINONES, ANNA & JESUS & EDWARDO & JOSE & ROSALINDA & ALMA","a":"3064 CR 198 S","d":"Clyde-Green Springs Exempted Village School District","t":1650.04,"l":"511: Res-Custom Code","c":0}},{"type":"Feature","geometry":{"type":"Polygon","coordinates":[[[-83.118862,41.260541],[-83.118897,41.256575],[-83.119687,41.256566],[-83.119684,41.257927],[-83.121948,41.257899],[-83.122012,41.263871],[-83.118822,41.2639],[-83.118862,41.260541]]]},"properties":{"p":"11-34-00-0005-00","o":"HOLADA FARMS LLC","a":"395 CR 173","d":"Old Fort Local School District","t":1733.73,"l":"111: Agr-CAUV-Cash-Grain Farm","c":0}},{"type":"Feature","geometry":{"type":"Polygon","coordinates":[[[-83.124708,41.291764],[-83.125328,41.291757],[-83.125322,41.292482],[-83.124715,41.292489],[-83.124708,41.291764]]]},"properties":{"p":"10-22-00-0003-00","o":"DICKER, BRIAN S","a":"260 CR 201 E","d":"Fremont City School District","t":1815.73,"l":"511: Res-Custom Code","c":0}},{"type":"Feature","geometry":{"type":"Polygon","coordinates":[[[-83.160194,41.300406],[-83.160553,41.300324],[-83.160842,41.30079],[-83.160533,41.300907],[-83.160194,41.300406]]]},"properties":{"p":"10-17-64-0030-00","o":"REINECK, J. THOMAS & NORM","a":"775 RAMBO LN","d":"Fremont City School District","t":1727.8,"l":"510: Res-Single Family","c":0}},{"type":"Feature","geometry":{"type":"Polygon","coordinates":[[[-83.105995,41.306487],[-83.106803,41.306483],[-83.106808,41.307422],[-83.105891,41.307432],[-83.105885,41.306488],[-83.105995,41.306487]]]},"properties":{"p":"10-14-00-0007-01","o":"BURMEISTER, JOHN F & NANCY J / SURV","a":"2544 BUCHANAN RD","d":"Fremont City School District","t":1691.06,"l":"511: Res-Custom Code","c":0}},{"type":"Feature","geometry":{"type":"Polygon","coordinates":[[[-83.115653,41.324513],[-83.115809,41.324441],[-83.115857,41.3245],[-83.115701,41.324572],[-83.115653,41.324513]]]},"properties":{"p":"10-10-86-0018-00","o":"SHAFFER, WANDA","a":"18 LINDA DR","d":"Fremont City School District","t":1812.72,"l":"550: Res-Condo","c":0}},{"type":"Feature","geometry":{"type":"Polygon","coordinates":[[[-83.139502,41.321477],[-83.139508,41.321226],[-83.140142,41.321226],[-83.140136,41.321638],[-83.139499,41.321642],[-83.139502,41.321477]]]},"properties":{"p":"10-09-00-0010-05","o":"GOLDEN, ROBERT M &CARRIE L /SURV","a":"1766 YINGLING RD","d":"Fremont City School District","t":1809.48,"l":"511: Res-Custom Code","c":0}},{"type":"Feature","geometry":{"type":"Polygon","coordinates":[[[-83.155462,41.314669],[-83.155746,41.314133],[-83.155974,41.313752],[-83.156171,41.313349],[-83.159467,41.313335],[-83.159407,41.313842],[-83.158958,41.314624],[-83.160068,41.314619],[-83.160108,41.313332],[-83.163936,41.313316],[-83.163821,41.316872],[-83.157447,41.316723],[-83.155769,41.316727],[-83.154548,41.316496],[-83.154845,41.315898],[-83.155144,41.315362],[-83.155172,41.315277],[-83.155373,41.314885],[-83.155462,41.314669]]]},"properties":{"p":"10-08-00-0043-00","o":"C FARMS I LLC","a":"CR 43","d":"Fremont City School District","t":1783.34,"l":"111: Agr-CAUV-Cash-Grain Farm","c":0}},{"type":"Feature","geometry":{"type":"Polygon","coordinates":[[[-83.178133,41.33101],[-83.178116,41.330864],[-83.178123,41.33072],[-83.178875,41.330744],[-83.178857,41.331023],[-83.178133,41.33101]]]},"properties":{"p":"10-06-69-0019-00","o":"LINDSEY, EDDIE & ARNETTA","a":"75 WESTWOOD DR","d":"Fremont City School District","t":1909.32,"l":"510: Res-Single Family","c":0}},{"type":"Feature","geometry":{"type":"Polygon","coordinates":[[[-83.178029,41.331716],[-83.177903,41.331154],[-83.178089,41.331136],[-83.178819,41.331645],[-83.178814,41.331727],[-83.178029,41.331716]]]},"properties":{"p":"10-06-69-0017-00","o":"MICHAEL, WAYNE W & DOLORES J TRUSTEES","a":"67 WESTWOOD DR","d":"Fremont City School District","t":1811.98,"l":"510: Res-Single Family","c":0}},{"type":"Feature","geometry":{"type":"Polygon","coordinates":[[[-83.136833,41.334531],[-83.136971,41.334441],[-83.137326,41.334749],[-83.137188,41.334839],[-83.136833,41.334531]]]},"properties":{"p":"10-04-31-0013-00","o":"WALTON, JOSEPH HARLEY & KATRINA A /SURV","a":"1711 BUCKLAND AVE","d":"Fremont City School District","t":1786.97,"l":"510: Res-Single Family","c":0}},{"type":"Feature","geometry":{"type":"Polygon","coordinates":[[[-83.132417,41.336763],[-83.132417,41.336682],[-83.132982,41.336543],[-83.132986,41.336677],[-83.133026,41.336761],[-83.132649,41.337012],[-83.132417,41.336763]]]},"properties":{"p":"10-04-29-0023-00","o":"SHOEMAKER, PAUL J & CHRISTINA D /SURV","a":"19 PINEWOOD DR","d":"Fremont City School District","t":1654.37,"l":"510: Res-Single Family","c":0}},{"type":"Feature","geometry":{"type":"Polygon","coordinates":[[[-83.134533,41.338278],[-83.135036,41.33811],[-83.135731,41.338717],[-83.135147,41.33895],[-83.134425,41.338317],[-83.134533,41.338278]]]},"properties":{"p":"10-04-28-0001-00","o":"TOTH, CYNTHIA A","a":"1909 GLENN SPRINGS DR","d":"Fremont City School District","t":1904.7,"l":"510: Res-Single Family","c":0}},{"type":"Feature","geometry":{"type":"Polygon","coordinates":[[[-82.961317,41.435034],[-82.961233,41.434981],[-82.961161,41.434986],[-82.96109,41.435003],[-82.961015,41.435082],[-82.96093,41.435087],[-82.960761,41.43503],[-82.960669,41.434976],[-82.96057,41.434883],[-82.960393,41.434659],[-82.960211,41.434499],[-82.960033,41.43427],[-82.959873,41.434116],[-82.959848,41.434069],[-82.959856,41.434038],[-82.959926,41.433999],[-82.960041,41.433971],[-82.960139,41.433909],[-82.960224,41.433753],[-82.960296,41.433503],[-82.960564,41.433434],[-82.962281,41.433428],[-82.962221,41.434721],[-82.962179,41.434733],[-82.962157,41.43476],[-82.962105,41.434875],[-82.962003,41.4349],[-82.9618,41.434905],[-82.961776,41.434956],[-82.961775,41.435013],[-82.961914,41.43528],[-82.962043,41.43541],[-82.962043,41.435485],[-82.962017,41.4355],[-82.961902,41.43547],[-82.961777,41.435462],[-82.961739,41.43539],[-82.961699,41.435174],[-82.961663,41.435069],[-82.961586,41.435026],[-82.961531,41.435032],[-82.961496,41.435059],[-82.961507,41.435104],[-82.961738,41.435607],[-82.961736,41.435651],[-82.961717,41.435674],[-82.961658,41.435667],[-82.961615,41.435637],[-82.961582,41.435579],[-82.96138,41.435124],[-82.961317,41.435034]]]},"properties":{"p":"08-36-00-0008-00","o":"SHEEHAN, CHRISTOPHER","a":"3299 CR 256","d":"Fremont City School District","t":1631.32,"l":"511: Res-Custom Code","c":0}},{"type":"Feature","geometry":{"type":"Polygon","coordinates":[[[-82.955882,41.266742],[-82.955885,41.266587],[-82.956836,41.266599],[-82.956834,41.267042],[-82.955877,41.267036],[-82.955882,41.266742]]]},"properties":{"p":"06-36-00-0036-08","o":"NEILL, LORNA G & JERRY T /SURV","a":"2726 CR 260","d":"Clyde-Green Springs Exempted Village School District","t":1771.66,"l":"511: Res-Custom Code","c":0}},{"type":"Feature","geometry":{"type":"Polygon","coordinates":[[[-82.994607,41.29553],[-82.995051,41.295329],[-82.995507,41.295892],[-82.99504,41.296105],[-82.994608,41.295572],[-82.994607,41.29553]]]},"properties":{"p":"06-22-10-0004-00","o":"MOYER, HAROLD E & PAMLY /SURV","a":"887 CR 179","d":"Clyde-Green Springs Exempted Village School District","t":1869.78,"l":"510: Res-Single Family","c":0}},{"type":"Feature","geometry":{"type":"Polygon","coordinates":[[[-83.010083,41.292297],[-83.010162,41.289909],[-83.011517,41.2899],[-83.011533,41.291002],[-83.01098,41.291027],[-83.011183,41.29232],[-83.010083,41.292297]]]},"properties":{"p":"06-22-00-0017-05","o":"CRAVENS, ALBERT J","a":"3165 CR 197","d":"Clyde-Green Springs Exempted Village School District","t":1636.13,"l":"511: Res-Custom Code","c":0}},{"type":"Feature","geometry":{"type":"Polygon","coordinates":[[[-83.023116,41.304772],[-83.023149,41.302497],[-83.022858,41.302499],[-83.020358,41.303588],[-83.019892,41.302992],[-83.023169,41.301563],[-83.023193,41.299634],[-83.025514,41.299624],[-83.024718,41.299971],[-83.026175,41.301872],[-83.02897,41.300653],[-83.029152,41.300891],[-83.03011,41.300473],[-83.029928,41.300235],[-83.031392,41.299597],[-83.032809,41.29959],[-83.032771,41.301119],[-83.032685,41.301128],[-83.032576,41.301182],[-83.03253,41.301237],[-83.032511,41.301301],[-83.032537,41.301396],[-83.032633,41.301483],[-83.03265,41.301529],[-83.032608,41.303226],[-83.027957,41.303226],[-83.027941,41.303668],[-83.024835,41.303684],[-83.023116,41.304772]]]},"properties":{"p":"06-16-00-0002-00","o":"SANDUSKY COUNTY REGIONAL","a":"CR 224","d":"Clyde-Green Springs Exempted Village School District","t":1854.76,"l":"110: Agr-CAUV-Vacant Land","c":0}},{"type":"Feature","geometry":{"type":"Polygon","coordinates":[[[-83.024766,41.323853],[-83.025122,41.32395],[-83.02513,41.324697],[-83.02504,41.324702],[-83.025048,41.32523],[-83.0248,41.325234],[-83.024766,41.323853]]]},"properties":{"p":"06-09-00-0016-01","o":"BOWER TILING SERVICE INC","a":"1912 MCPHERSON HWY W","d":"Clyde-Green Springs Exempted Village School District","t":1670.15,"l":"511: Res-Custom Code","c":0}},{"type":"Feature","geometry":{"type":"Polygon","coordinates":[[[-83.060198,41.321045],[-83.060234,41.321008],[-83.060866,41.321256],[-83.060867,41.32196],[-83.05972,41.321962],[-83.059714,41.321364],[-83.059985,41.321231],[-83.060198,41.321045]]]},"properties":{"p":"06-07-00-0031-00","o":"DUSKIN, LOUIS J & FOUGHT, DIANE R /SURV","a":"2902 COLE RD E","d":"Clyde-Green Springs Exempted Village School District","t":1731.07,"l":"511: Res-Custom Code","c":0}},{"type":"Feature","geometry":{"type":"Polygon","coordinates":[[[-82.965543,41.330815],[-82.965559,41.328824],[-82.967518,41.32881],[-82.967522,41.329831],[-82.969882,41.329803],[-82.969821,41.336039],[-82.964943,41.336083],[-82.964987,41.330825],[-82.965543,41.330815]]]},"properties":{"p":"06-01-00-0001-00","o":"WOTT, ZACHARY W & BRITTANY L /SURV","a":"4238 CR 223","d":"Clyde-Green Springs Exempted Village School District","t":1727.75,"l":"110: Agr-CAUV-Vacant Land","c":0}},{"type":"Feature","geometry":{"type":"Polygon","coordinates":[[[-82.936359,41.381201],[-82.936365,41.380842],[-82.936645,41.380847],[-82.936637,41.381206],[-82.936359,41.381201]]]},"properties":{"p":"04-95-00-0028-00","o":"WOOD, THURMAN & LANGE, DANIEL","a":"5083 CR 293","d":"Margaretta Local School District","t":1798.17,"l":"510: Res-Single Family","c":0}},{"type":"Feature","geometry":{"type":"Polygon","coordinates":[[[-82.935474,41.380171],[-82.935478,41.379962],[-82.936311,41.379975],[-82.936307,41.380184],[-82.935474,41.380171]]]},"properties":{"p":"04-95-00-0024-00","o":"KEEGAN, LUCILLE JEAN","a":"1366 CR 268","d":"Margaretta Local School District","t":1856.04,"l":"510: Res-Single Family","c":0}},{"type":"Feature","geometry":{"type":"Polygon","coordinates":[[[-82.930439,41.350599],[-82.931512,41.350593],[-82.931505,41.351342],[-82.930431,41.351346],[-82.930439,41.350599]]]},"properties":{"p":"04-32-00-0005-01","o":"HENDRICKS, ROBERT A & LAUREL A /SURV","a":"5226 CR 231","d":"Margaretta Local School District","t":1594.49,"l":"511: Res-Custom Code","c":0}},{"type":"Feature","geometry":{"type":"Polygon","coordinates":[[[-82.914152,41.359646],[-82.914164,41.358962],[-82.91573,41.358971],[-82.916365,41.358733],[-82.916353,41.359898],[-82.914152,41.359646]]]},"properties":{"p":"04-28-00-0001-04","o":"SCHOEWE, JEREMY C.","a":"645 CR 278 N","d":"Margaretta Local School District","t":1852.05,"l":"511: Res-Custom Code","c":0}},{"type":"Feature","geometry":{"type":"Polygon","coordinates":[[[-82.909728,41.374611],[-82.909737,41.374493],[-82.909966,41.374502],[-82.90996,41.374692],[-82.90989,41.37523],[-82.909407,41.375276],[-82.909443,41.374631],[-82.909728,41.374611]]]},"properties":{"p":"04-21-00-0006-02","o":"THOMAS, SHANE M","a":"5757 SR 412","d":"Margaretta Local School District","t":1757.66,"l":"511: Res-Custom Code","c":0}},{"type":"Feature","geometry":{"type":"Polygon","coordinates":[[[-82.916166,41.399746],[-82.915932,41.399739],[-82.915942,41.398695],[-82.917023,41.3987],[-82.917018,41.39975],[-82.916559,41.399764],[-82.916166,41.399746]]]},"properties":{"p":"04-17-00-0010-01","o":"KEEGAN, RICK L & KAREN A /SURV","a":"2020 CR 280","d":"Margaretta Local School District","t":1618,"l":"511: Res-Custom Code","c":0}},{"type":"Feature","geometry":{"type":"Polygon","coordinates":[[[-82.853196,41.405828],[-82.85322,41.404663],[-82.858093,41.404667],[-82.858098,41.408272],[-82.853148,41.408278],[-82.853196,41.405828]]]},"properties":{"p":"04-12-00-0006-00","o":"YETTER, DAVID P & HOLLY L TRUSTEES","a":"CR 263","d":"Margaretta Local School District","t":1848.71,"l":"110: Agr-CAUV-Vacant Land","c":0}},{"type":"Feature","geometry":{"type":"Polygon","coordinates":[[[-82.908606,41.411242],[-82.90867,41.408478],[-82.909169,41.408485],[-82.90911,41.411166],[-82.908604,41.411333],[-82.908606,41.411242]]]},"properties":{"p":"04-09-00-0023-00","o":"MILLER, JENA K","a":"5757 SR 6 E","d":"Margaretta Local School District","t":1746.98,"l":"511: Res-Custom Code","c":0}},{"type":"Feature","geometry":{"type":"Polygon","coordinates":[[[-82.914881,41.405427],[-82.914889,41.404963],[-82.915892,41.40498],[-82.915889,41.405439],[-82.914881,41.405427]]]},"properties":{"p":"04-09-00-0006-02","o":"FLEMING, JOHN G","a":"2241 CR 280","d":"Margaretta Local School District","t":1838.46,"l":"541: Res-Custom Code","c":0}},{"type":"Feature","geometry":{"type":"Polygon","coordinates":[[[-82.844024,41.286632],[-82.844009,41.286224],[-82.844495,41.286225],[-82.844511,41.286632],[-82.844024,41.286632]]]},"properties":{"p":"03-50-00-2068-00","o":"GILDENMEISTER, DOUGLAS A & SUZANNE K /SURV","a":"126 MEADOWLARK DR","d":"Bellevue City School District","t":1921.79,"l":"510: Res-Single Family","c":0}},{"type":"Feature","geometry":{"type":"Polygon","coordinates":[[[-82.857186,41.266809],[-82.857647,41.266808],[-82.857647,41.267033],[-82.857221,41.267034],[-82.857186,41.266809]]]},"properties":{"p":"03-50-00-1826-00","o":"LEIMBACH, KAREN S","a":"838 BELLAIRE DR","d":"Bellevue City School District","t":1897.97,"l":"510: Res-Single Family","c":0}},{"type":"Feature","geometry":{"type":"Polygon","coordinates":[[[-82.84607,41.265648],[-82.846072,41.265173],[-82.846334,41.265172],[-82.846331,41.265649],[-82.84607,41.265648]]]},"properties":{"p":"03-50-00-1228-02","o":"REMALEY, ERVIN W. & NANCY","a":"333 BELLE AVE","d":"Bellevue City School District","t":1637.6,"l":"510: Res-Single Family","c":0}},{"type":"Feature","geometry":{"type":"Polygon","coordinates":[[[-82.84521,41.267497],[-82.845196,41.266999],[-82.845374,41.267],[-82.845391,41.267497],[-82.84521,41.267497]]]},"properties":{"p":"03-50-00-1173-00","o":"ROSE, DARRELL A & HOLLY L /SURV","a":"310 LOUISE AVE","d":"Bellevue City School District","t":1865.3,"l":"510: Res-Single Family","c":0}},{"type":"Feature","geometry":{"type":"Polygon","coordinates":[[[-82.84945,41.272415],[-82.849645,41.27198],[-82.849819,41.272026],[-82.849623,41.272461],[-82.84945,41.272415]]]},"properties":{"p":"03-50-00-1043-00","o":"TURNER, KEVIN R. & CHRIST","a":"178 ASHFORD AVE","d":"Bellevue City School District","t":1737.4,"l":"510: Res-Single Family","c":0}},{"type":"Feature","geometry":{"type":"Polygon","coordinates":[[[-82.841026,41.276675],[-82.841017,41.276482],[-82.842534,41.276499],[-82.842542,41.276689],[-82.841026,41.276675]]]},"properties":{"p":"03-50-00-0267-01","o":"BETSCHMAN, DEAN","a":"249 NORTHWEST ST","d":"Bellevue City School District","t":1767.75,"l":"530: Res-Three Family","c":0}},{"type":"Feature","geometry":{"type":"Polygon","coordinates":[[[-82.841612,41.269934],[-82.841607,41.269789],[-82.842331,41.269797],[-82.842341,41.270069],[-82.841616,41.27006],[-82.841612,41.269934]]]},"properties":{"p":"03-50-00-0250-00","o":"STRAYER, MICHAEL E & ELLI","a":"113 WOODWARD ST","d":"Bellevue City School District","t":1873.73,"l":"510: Res-Single Family","c":0}},{"type":"Feature","geometry":{"type":"Polygon","coordinates":[[[-82.84075,41.269244],[-82.840744,41.26897],[-82.841465,41.268976],[-82.841472,41.269251],[-82.84075,41.269244]]]},"properties":{"p":"03-50-00-0244-00","o":"STEWART, ROBERT & SARA /SURV","a":"280 28 SOUTHWEST ST","d":"Bellevue City School District","t":1711.48,"l":"520: Res-Two Family","c":0}},{"type":"Feature","geometry":{"type":"Polygon","coordinates":[[[-82.84181,41.272864],[-82.841886,41.272549],[-82.841996,41.272548],[-82.841919,41.272887],[-82.84181,41.272864]]]},"properties":{"p":"03-50-00-0168-02","o":"PRINGLE, LYNN M & KELLY, JAMI L /SURV","a":"204 CENTER ST","d":"Bellevue City School District","t":1668.5,"l":"510: Res-Single Family","c":0}},{"type":"Feature","geometry":{"type":"Polygon","coordinates":[[[-82.912566,41.278969],[-82.912559,41.277471],[-82.912859,41.277477],[-82.912863,41.278992],[-82.912567,41.279054],[-82.912566,41.278969]]]},"properties":{"p":"01-28-00-0013-01","o":"BSE HOLDINGS, LLC","a":"5715 CR 177","d":"Bellevue City School District","t":1749.89,"l":"511: Res-Custom Code","c":0}},{"type":"Feature","geometry":{"type":"Polygon","coordinates":[[[-82.844407,41.313682],[-82.844405,41.3136],[-82.845136,41.313602],[-82.845154,41.314146],[-82.844413,41.314151],[-82.844407,41.313682]]]},"properties":{"p":"01-12-00-0010-00","o":"GARDNER, DARYL H","a":"7532 CR 219","d":"Bellevue City School District","t":1686.93,"l":"560: Res-Mobile Home","c":0}},{"type":"Feature","geometry":{"type":"MultiPolygon","coordinates":[[[[-82.899772,41.31692],[-82.900867,41.316503],[-82.900917,41.316576],[-82.899823,41.316993],[-82.899772,41.31692]]],[[[-82.899823,41.316993],[-82.900917,41.316576],[-82.901119,41.316873],[-82.900027,41.317289],[-82.899823,41.316993]]]]},"properties":{"p":"01-09-00-0011-01","o":"HACKENBURG, ROBERT W.","a":"6028-6040 CR 175","d":"Bellevue City School District","t":1629.88,"l":"560: Res-Mobile Home","c":0}},{"type":"Feature","geometry":{"type":"Polygon","coordinates":[[[-82.897798,41.317143],[-82.898749,41.316707],[-82.899074,41.317192],[-82.897793,41.317696],[-82.897798,41.317143]]]},"properties":{"p":"01-09-00-0009-01","o":"WAGNER, RODNEY A","a":"6085 CR 175","d":"Bellevue City School District","t":1779.35,"l":"511: Res-Custom Code","c":0}},{"type":"Feature","geometry":{"type":"Polygon","coordinates":[[[-83.092005,41.344681],[-83.092008,41.344434],[-83.09262,41.344436],[-83.092616,41.344683],[-83.092005,41.344681]]]},"properties":{"p":"34-60-00-0389-02","o":"FRANKS, KAREN S","a":"310 COTTAGE ST","d":"Fremont City School District","t":1716.12,"l":"511: Res-Custom Code","c":0}},{"type":"Feature","geometry":{"type":"Polygon","coordinates":[[[-83.122092,41.332891],[-83.122513,41.332954],[-83.122516,41.33324],[-83.121784,41.333271],[-83.122092,41.332891]]]},"properties":{"p":"34-60-00-0208-12","o":"KINDRED, RENEE L.","a":"1124 TIFFIN ST","d":"Fremont City School District","t":1601.68,"l":"520: Res-Two Family","c":0}},{"type":"Feature","geometry":{"type":"Polygon","coordinates":[[[-83.132923,41.337134],[-83.133218,41.336944],[-83.133539,41.33722],[-83.133238,41.337414],[-83.132923,41.337134]]]},"properties":{"p":"34-50-00-6540-00","o":"POLLOCK, RANDY R & DEBORAH L /SURV","a":"1529 BUCKLAND AVE","d":"Fremont City School District","t":1615.59,"l":"510: Res-Single Family","c":0}},{"type":"Feature","geometry":{"type":"Polygon","coordinates":[[[-83.119762,41.335919],[-83.119902,41.335738],[-83.120555,41.33574],[-83.12056,41.335926],[-83.119762,41.335919]]]},"properties":{"p":"34-50-00-5758-00","o":"ZELMS, BRAD W","a":"1018 TIFFIN ST","d":"Fremont City School District","t":1905.72,"l":"510: Res-Single Family","c":0}},{"type":"Feature","geometry":{"type":"Polygon","coordinates":[[[-83.086621,41.340018],[-83.086651,41.339603],[-83.087193,41.339622],[-83.087158,41.340161],[-83.086621,41.340018]]]},"properties":{"p":"34-60-00-0375-01","o":"HORST, STEVEN K & ESTHER V /SURV","a":"1789 STATE ST E","d":"Fremont City School District","t":1908.67,"l":"430: Com-Retaurant","c":0}},{"type":"Feature","geometry":{"type":"Polygon","coordinates":[[[-83.107907,41.350474],[-83.108065,41.350299],[-83.108515,41.350524],[-83.10836,41.350701],[-83.107907,41.350474]]]},"properties":{"p":"34-60-00-0248-03","o":"FRANTZ, JOSH","a":"407 ELLIOT ST","d":"Fremont City School District","t":1903.62,"l":"510: Res-Single Family","c":0}},{"type":"Feature","geometry":{"type":"Polygon","coordinates":[[[-83.122748,41.333552],[-83.122744,41.333307],[-83.123473,41.333309],[-83.123478,41.333553],[-83.122748,41.333552]]]},"properties":{"p":"34-60-00-0208-00","o":"REYNA, RICARDO & YOLANDA","a":"1138 WHITTLESEY ST","d":"Fremont City School District","t":1822.48,"l":"510: Res-Single Family","c":0}},{"type":"Feature","geometry":{"type":"Polygon","coordinates":[[[-83.105228,41.341034],[-83.105533,41.34055],[-83.106197,41.340733],[-83.106159,41.340812],[-83.105972,41.340759],[-83.105923,41.34086],[-83.105684,41.340794],[-83.10553,41.341117],[-83.105228,41.341034]]]},"properties":{"p":"34-60-00-0273-04","o":"MARTIN, SHEILA A","a":"607 THOMPSON ST","d":"Fremont City School District","t":1374.52,"l":"511: Res-Custom Code","c":0}},{"type":"Feature","geometry":{"type":"Polygon","coordinates":[[[-83.122664,41.352441],[-83.122661,41.352273],[-83.123096,41.352274],[-83.123099,41.352438],[-83.122664,41.352441]]]},"properties":{"p":"34-60-00-0154-16","o":"MARTIN, TAIVON LARAE","a":"534 JACKSON ST","d":"Fremont City School District","t":1584.73,"l":"510: Res-Single Family","c":0}},{"type":"Feature","geometry":{"type":"Polygon","coordinates":[[[-83.08274,41.335503],[-83.082772,41.335236],[-83.083984,41.335295],[-83.084079,41.335567],[-83.08274,41.335503]]]},"properties":{"p":"34-50-00-6455-00","o":"BEIER, JOSEPH FRANK & CAR","a":"718 FINEFROCK RD","d":"Fremont City School District","t":1432.22,"l":"510: Res-Single Family","c":0}},{"type":"Feature","geometry":{"type":"Polygon","coordinates":[[[-83.101918,41.333191],[-83.102169,41.33314],[-83.102265,41.333475],[-83.101989,41.33353],[-83.101918,41.333191]]]},"properties":{"p":"34-50-00-6233-00","o":"EM APARTMENTS OH LLC","a":"935 QUAIL DR","d":"Fremont City School District","t":1584.84,"l":"510: Res-Single Family","c":0}},{"type":"Feature","geometry":{"type":"Polygon","coordinates":[[[-83.101357,41.333467],[-83.101531,41.333154],[-83.101725,41.333173],[-83.101658,41.333532],[-83.101357,41.333467]]]},"properties":{"p":"34-50-00-6231-00","o":"EM APARTMENTS OH LLC","a":"943 QUAIL DR","d":"Fremont City School District","t":1440.67,"l":"510: Res-Single Family","c":0}},{"type":"Feature","geometry":{"type":"Polygon","coordinates":[[[-83.094314,41.35725],[-83.094515,41.357028],[-83.094919,41.357229],[-83.094714,41.357448],[-83.094314,41.35725]]]},"properties":{"p":"34-50-00-5641-00","o":"BLACK HOLE LTD","a":"1020 FIFTH ST N","d":"Fremont City School District","t":1454.35,"l":"370: Ind-Machine Shop","c":0}},{"type":"Feature","geometry":{"type":"Polygon","coordinates":[[[-83.096845,41.340396],[-83.096951,41.34017],[-83.097873,41.340418],[-83.097765,41.340648],[-83.096845,41.340396]]]},"properties":{"p":"34-50-00-5039-00","o":"GUNN, AARON & VIOLA /SURV","a":"237 PENNSYLVANIA AVE S","d":"Fremont City School District","t":1373.37,"l":"510: Res-Single Family","c":0}},{"type":"Feature","geometry":{"type":"Polygon","coordinates":[[[-83.09561,41.345581],[-83.095664,41.345474],[-83.096149,41.345606],[-83.096094,41.345712],[-83.09561,41.345581]]]},"properties":{"p":"34-50-00-4790-00","o":"NAUFEL, MICHAEL R. & DEID","a":"304 PENNSYLVANIA AVE N","d":"Fremont City School District","t":1328.11,"l":"510: Res-Single Family","c":0}},{"type":"Feature","geometry":{"type":"Polygon","coordinates":[[[-83.095225,41.346336],[-83.095307,41.346176],[-83.095791,41.346306],[-83.095708,41.346468],[-83.095225,41.346336]]]},"properties":{"p":"34-50-00-4783-00","o":"WALTERS, PAUL R & CAROL G","a":"328 PENNSYLVANIA AVE N","d":"Fremont City School District","t":1422.9,"l":"510: Res-Single Family","c":0}},{"type":"Feature","geometry":{"type":"Polygon","coordinates":[[[-83.119247,41.340071],[-83.119247,41.339982],[-83.119713,41.339979],[-83.119713,41.340189],[-83.119247,41.340194],[-83.119247,41.340071]]]},"properties":{"p":"34-50-00-3950-00","o":"QUINONES, ANNA & JESUS & EDWARDO & JOSE & ROSALINDA & ALMA","a":"613 WOOD ST S","d":"Fremont City School District","t":1442.83,"l":"510: Res-Single Family","c":0}},{"type":"Feature","geometry":{"type":"Polygon","coordinates":[[[-83.118135,41.356277],[-83.118208,41.356067],[-83.118663,41.356067],[-83.118591,41.356279],[-83.118135,41.356277]]]},"properties":{"p":"34-50-00-3230-00","o":"LONG, JAMES J & KAY OR SU","a":"UNION PL","d":"Fremont City School District","t":1580.08,"l":"500: Res-Vacant Land","c":0}},{"type":"Feature","geometry":{"type":"Polygon","coordinates":[[[-83.106897,41.349609],[-83.107001,41.349491],[-83.107468,41.349722],[-83.107361,41.349842],[-83.106897,41.349609]]]},"properties":{"p":"34-50-00-3156-00","o":"IRONS, NATASHA L","a":"335 SANDUSKY AVE","d":"Fremont City School District","t":1375.34,"l":"520: Res-Two Family","c":0}},{"type":"Feature","geometry":{"type":"Polygon","coordinates":[[[-83.125186,41.361247],[-83.125196,41.360891],[-83.125312,41.360891],[-83.125303,41.361247],[-83.125186,41.361247]]]},"properties":{"p":"34-50-00-2776-00","o":"ROGERS, JERRY L & MELISSA","a":"1213 NORTH ST","d":"Fremont City School District","t":1369.38,"l":"510: Res-Single Family","c":0}},{"type":"Feature","geometry":{"type":"Polygon","coordinates":[[[-83.117363,41.35115],[-83.117364,41.351026],[-83.117402,41.350866],[-83.117383,41.350858],[-83.117437,41.350781],[-83.117509,41.350805],[-83.117463,41.350871],[-83.117954,41.351074],[-83.117879,41.351177],[-83.117363,41.35115]]]},"properties":{"p":"34-50-00-2177-04","o":"CANTU, JOSE R JR","a":"MAY ST","d":"Fremont City School District","t":1418.3,"l":"500: Res-Vacant Land","c":0}},{"type":"Feature","geometry":{"type":"Polygon","coordinates":[[[-83.1302,41.347295],[-83.130681,41.347295],[-83.13068,41.347464],[-83.1302,41.347473],[-83.1302,41.347295]]]},"properties":{"p":"34-50-00-2110-00","o":"BLACKSTAR STABILITY REVITALIZATION TRUST F1","a":"125 12 AUSTIN ST","d":"Fremont City School District","t":1416.52,"l":"520: Res-Two Family","c":0}},{"type":"Feature","geometry":{"type":"Polygon","coordinates":[[[-83.097514,41.344324],[-83.097585,41.344185],[-83.098063,41.344315],[-83.097992,41.344455],[-83.097514,41.344324]]]},"properties":{"p":"34-50-00-2100-00","o":"DECKER, PAMELA A","a":"122 COLLINWOOD AVE N","d":"Fremont City School District","t":1514.14,"l":"510: Res-Single Family","c":0}},{"type":"Feature","geometry":{"type":"Polygon","coordinates":[[[-83.119255,41.338295],[-83.119467,41.338294],[-83.119475,41.338741],[-83.119254,41.338743],[-83.119255,41.338295]]]},"properties":{"p":"34-50-00-2059-00","o":"EISHEN, CORI & KREILICK, NICHOLAS C","a":"712 JUNE ST","d":"Fremont City School District","t":1473.71,"l":"510: Res-Single Family","c":0}},{"type":"Feature","geometry":{"type":"Polygon","coordinates":[[[-83.112625,41.34054],[-83.113044,41.340541],[-83.113043,41.340667],[-83.112625,41.34067],[-83.112625,41.34054]]]},"properties":{"p":"34-50-00-2044-00","o":"AGUILAR, JOAQUIN SR & DOREEN A /SURV","a":"610 BIDWELL AVE","d":"Fremont City School District","t":1388.16,"l":"510: Res-Single Family","c":0}},{"type":"Feature","geometry":{"type":"Polygon","coordinates":[[[-83.116703,41.340003],[-83.116705,41.339868],[-83.117177,41.339864],[-83.117174,41.340002],[-83.116703,41.340003]]]},"properties":{"p":"34-50-00-1535-01","o":"KTSD PROPERTIES","a":"615 PARK AVE S","d":"Fremont City School District","t":1415.82,"l":"510: Res-Single Family","c":0}},{"type":"Feature","geometry":{"type":"Polygon","coordinates":[[[-83.125911,41.338754],[-83.126389,41.338752],[-83.126388,41.338917],[-83.125912,41.33892],[-83.125911,41.338754]]]},"properties":{"p":"34-50-00-1480-00","o":"MADISON, REBECCA L","a":"711 RICE ST","d":"Fremont City School District","t":1359.38,"l":"510: Res-Single Family","c":0}},{"type":"Feature","geometry":{"type":"Polygon","coordinates":[[[-83.121093,41.343877],[-83.121507,41.343876],[-83.121505,41.344228],[-83.12109,41.344232],[-83.121093,41.343877]]]},"properties":{"p":"34-50-00-1305-01","o":"SMALL, ANDREW & CAMPBELL, RONALD /SURV","a":"903 BIRCHARD AVE","d":"Fremont City School District","t":1513.74,"l":"510: Res-Single Family","c":0}},{"type":"Feature","geometry":{"type":"Polygon","coordinates":[[[-83.126697,41.346561],[-83.126843,41.346559],[-83.126843,41.346921],[-83.126695,41.346923],[-83.126697,41.346561]]]},"properties":{"p":"34-50-00-1181-00","o":"PRESTON, KIMBERLY A & COLLINS, KRISTOPHER A /SURV","a":"1224 CROGHAN ST","d":"Fremont City School District","t":1584.98,"l":"510: Res-Single Family","c":0}},{"type":"Feature","geometry":{"type":"Polygon","coordinates":[[[-83.121858,41.349119],[-83.12196,41.348984],[-83.122388,41.349159],[-83.122285,41.349293],[-83.121858,41.349119]]]},"properties":{"p":"34-50-00-1016-01","o":"COOKS, KEITH A","a":"323 32 RAWSON AVE","d":"Fremont City School District","t":1464.58,"l":"530: Res-Three Family","c":0}},{"type":"Feature","geometry":{"type":"Polygon","coordinates":[[[-83.1029,41.349858],[-83.102699,41.349756],[-83.102879,41.349552],[-83.103278,41.349756],[-83.103098,41.349959],[-83.1029,41.349858]]]},"properties":{"p":"34-50-00-0714-00","o":"FERGUSON, JOSEPH A","a":"436 FOURTH ST","d":"Fremont City School District","t":1378.31,"l":"510: Res-Single Family","c":0}},{"type":"Feature","geometry":{"type":"Polygon","coordinates":[[[-83.102428,41.348917],[-83.102495,41.348842],[-83.102903,41.349046],[-83.102839,41.349118],[-83.102428,41.348917]]]},"properties":{"p":"34-50-00-0682-00","o":"DECKER, PAMELA A","a":"419 FOURTH ST","d":"Fremont City School District","t":1467.9,"l":"510: Res-Single Family","c":0}},{"type":"Feature","geometry":{"type":"Polygon","coordinates":[[[-83.112279,41.352838],[-83.112289,41.352636],[-83.112878,41.352638],[-83.112871,41.35284],[-83.112279,41.352838]]]},"properties":{"p":"34-50-00-0597-00","o":"OJB PROPERTIES LLC","a":"711 FRONT ST","d":"Fremont City School District","t":1370.49,"l":"480: Com-Warehouse","c":0}},{"type":"Feature","geometry":{"type":"Polygon","coordinates":[[[-83.110543,41.347953],[-83.110657,41.347706],[-83.110948,41.347787],[-83.110931,41.347825],[-83.110762,41.348014],[-83.110543,41.347953]]]},"properties":{"p":"34-50-00-0504-01","o":"GRAHAM, GLORIA V","a":"103 HOWLAND ST","d":"Fremont City School District","t":1487.13,"l":"500: Res-Vacant Land","c":0}},{"type":"Feature","geometry":{"type":"Polygon","coordinates":[[[-83.11787,41.346431],[-83.117896,41.345985],[-83.11814,41.345983],[-83.118109,41.34643],[-83.11787,41.346431]]]},"properties":{"p":"34-50-00-0225-02","o":"WARREN, VANESSA L","a":"615 CROGHAN ST","d":"Fremont City School District","t":1520.5,"l":"447: Com-Office","c":0}},{"type":"Feature","geometry":{"type":"Polygon","coordinates":[[[-83.052238,41.257335],[-83.052239,41.257264],[-83.052897,41.257264],[-83.052895,41.257336],[-83.052238,41.257335]]]},"properties":{"p":"33-50-00-0056-03","o":"MCDANIEL, KARLEE JO LIPPERT TRUSTEE","a":"109 BROADWAY ST N","d":"Clyde-Green Springs Exempted Village School District","t":1325.62,"l":"500: Res-Vacant Land","c":0}},{"type":"Feature","geometry":{"type":"Polygon","coordinates":[[[-83.051262,41.259081],[-83.051267,41.258752],[-83.051928,41.258756],[-83.051928,41.259084],[-83.051262,41.259081]]]},"properties":{"p":"33-50-00-0007-00","o":"FERGUSON, JOSEPH A","a":"214 BROADWAY ST N","d":"Clyde-Green Springs Exempted Village School District","t":1377.81,"l":"510: Res-Single Family","c":0}},{"type":"Feature","geometry":{"type":"Polygon","coordinates":[[[-82.967416,41.302809],[-82.967748,41.302807],[-82.967737,41.303224],[-82.967407,41.303226],[-82.967416,41.302809]]]},"properties":{"p":"32-60-00-0040-33","o":"WOODRUFF, TERRY A & SUSAN","a":"279 CHERRY ST E","d":"Clyde-Green Springs Exempted Village School District","t":1398.72,"l":"510: Res-Single Family","c":0}},{"type":"Feature","geometry":{"type":"Polygon","coordinates":[[[-82.965123,41.303794],[-82.96515,41.303802],[-82.96515,41.303964],[-82.965123,41.303964],[-82.965123,41.303794]]]},"properties":{"p":"32-60-00-0039-07","o":"STUART, WILLIAM & BERTHA C /SURV","a":"BROWN ST REAR","d":"Clyde-Green Springs Exempted Village School District","t":1353.97,"l":"500: Res-Vacant Land","c":0}},{"type":"Feature","geometry":{"type":"Polygon","coordinates":[[[-83.008503,41.317601],[-83.008514,41.316849],[-83.009606,41.316859],[-83.009595,41.317611],[-83.008503,41.317601]]]},"properties":{"p":"32-50-00-2591-00","o":"SINGH, DAVINDER P","a":"CR 236","d":"Clyde-Green Springs Exempted Village School District","t":1589.58,"l":"400: Com-Vacant Land","c":0}},{"type":"Feature","geometry":{"type":"Polygon","coordinates":[[[-82.974379,41.286922],[-82.974382,41.286679],[-82.974966,41.286681],[-82.974964,41.286925],[-82.974379,41.286922]]]},"properties":{"p":"32-50-00-2394-00","o":"BROWN, KYLIE","a":"1519 MAIN ST","d":"Clyde-Green Springs Exempted Village School District","t":1542.95,"l":"510: Res-Single Family","c":0}},{"type":"Feature","geometry":{"type":"Polygon","coordinates":[[[-82.966126,41.313879],[-82.96643,41.313533],[-82.967147,41.31388],[-82.966944,41.314108],[-82.966797,41.314237],[-82.966126,41.313879]]]},"properties":{"p":"32-50-00-1724-00","o":"KOSELKE, KELLY","a":"410 MAPLE ST E","d":"Clyde-Green Springs Exempted Village School District","t":1355,"l":"511: Res-Custom Code","c":0}},{"type":"Feature","geometry":{"type":"Polygon","coordinates":[[[-82.975932,41.306909],[-82.976174,41.306908],[-82.976172,41.307361],[-82.975929,41.307362],[-82.975932,41.306909]]]},"properties":{"p":"32-50-00-0293-00","o":"LEITER, KEATON SAVIOR","a":"122-122 AMANDA ST","d":"Clyde-Green Springs Exempted Village School District","t":1411.87,"l":"520: Res-Two Family","c":0}},{"type":"Feature","geometry":{"type":"Polygon","coordinates":[[[-82.974207,41.303654],[-82.973682,41.303656],[-82.973682,41.303571],[-82.974756,41.303558],[-82.974756,41.30374],[-82.974207,41.303747],[-82.974207,41.303654]]]},"properties":{"p":"32-50-00-0150-00","o":"RECKER REAL ESTATE HOLDINGS LLC","a":"214 MAIN ST","d":"Clyde-Green Springs Exempted Village School District","t":1324.52,"l":"510: Res-Single Family","c":0}},{"type":"Feature","geometry":{"type":"Polygon","coordinates":[[[-82.971537,41.306041],[-82.971818,41.306037],[-82.971817,41.306175],[-82.971538,41.306178],[-82.971537,41.306041]]]},"properties":{"p":"32-50-00-0121-01","o":"BROWN, MICHELLE L","a":"133 CHURCH ST N","d":"Clyde-Green Springs Exempted Village School District","t":1357.29,"l":"510: Res-Single Family","c":0}},{"type":"Feature","geometry":{"type":"Polygon","coordinates":[[[-83.076566,41.442541],[-83.076576,41.442103],[-83.07635,41.442101],[-83.07636,41.441987],[-83.074814,41.441979],[-83.074807,41.442627],[-83.072516,41.44263],[-83.072577,41.4354],[-83.077332,41.435423],[-83.077332,41.442452],[-83.076603,41.442453],[-83.076602,41.442624],[-83.076564,41.442624],[-83.076566,41.442541]]]},"properties":{"p":"31-36-00-0001-00","o":"DARR, CARROLL N. & JEAN M","a":"SR 523","d":"Fremont City School District","t":1480.9,"l":"111: Agr-CAUV-Cash-Grain Farm","c":0}},{"type":"Feature","geometry":{"type":"Polygon","coordinates":[[[-83.095449,41.439104],[-83.095431,41.438527],[-83.096671,41.438531],[-83.096675,41.439108],[-83.095449,41.439104]]]},"properties":{"p":"31-35-00-0015-01","o":"THOMAS, DOMINIQUE ALEXANDRA & RAMOS, RAYMUNDO /SURV","a":"3457 CR 174","d":"Fremont City School District","t":1459.09,"l":"511: Res-Custom Code","c":0}},{"type":"Feature","geometry":{"type":"Polygon","coordinates":[[[-83.120857,41.434175],[-83.120851,41.433566],[-83.122792,41.433586],[-83.122802,41.433895],[-83.123418,41.433901],[-83.123412,41.433515],[-83.123167,41.433512],[-83.123162,41.433343],[-83.122792,41.433341],[-83.122795,41.433508],[-83.12085,41.433484],[-83.120838,41.432121],[-83.125771,41.432169],[-83.125749,41.439438],[-83.120905,41.439355],[-83.120857,41.434175]]]},"properties":{"p":"31-34-00-0006-00","o":"HASSELBACH, JEFFREY T & LISA A/SURV","a":"4360 CR 166","d":"Fremont City School District","t":1407.77,"l":"199: Agr-CAUV-Other","c":0}},{"type":"Feature","geometry":{"type":"Polygon","coordinates":[[[-83.173754,41.436989],[-83.173747,41.436607],[-83.174354,41.436622],[-83.17436,41.436997],[-83.173754,41.436989]]]},"properties":{"p":"31-31-00-0003-00","o":"GARNER, JOSHUA A & SHEANNA M /SURV","a":"3374 CR 128 N","d":"Fremont City School District","t":1523.58,"l":"530: Res-Three Family","c":0}},{"type":"Feature","geometry":{"type":"Polygon","coordinates":[[[-83.063225,41.457207],[-83.062971,41.457068],[-83.062791,41.45703],[-83.0624,41.45681],[-83.062253,41.456699],[-83.062175,41.456551],[-83.062115,41.456472],[-83.061994,41.456378],[-83.061852,41.45631],[-83.061602,41.45627],[-83.061172,41.456315],[-83.060473,41.456416],[-83.060399,41.456388],[-83.060345,41.456346],[-83.06036,41.456327],[-83.06017,41.456378],[-83.060066,41.45644],[-83.059947,41.456439],[-83.05984,41.456404],[-83.059756,41.456399],[-83.059539,41.456472],[-83.059412,41.456435],[-83.059204,41.456329],[-83.059155,41.456285],[-83.058966,41.455983],[-83.058909,41.455969],[-83.058805,41.455997],[-83.058711,41.455936],[-83.058616,41.455838],[-83.058556,41.455816],[-83.05844,41.455814],[-83.05838,41.455742],[-83.058384,41.455688],[-83.058304,41.455416],[-83.058139,41.455085],[-83.058002,41.454903],[-83.057664,41.454538],[-83.057578,41.454157],[-83.057451,41.453895],[-83.057428,41.453813],[-83.057403,41.453653],[-83.057414,41.453542],[-83.057481,41.453612],[-83.057544,41.453619],[-83.057567,41.453597],[-83.057595,41.453487],[-83.057598,41.453294],[-83.057581,41.453123],[-83.057631,41.452833],[-83.057601,41.452595],[-83.057534,41.452455],[-83.057339,41.452229],[-83.056967,41.451972],[-83.056838,41.451859],[-83.056807,41.451755],[-83.05684,41.451691],[-83.056889,41.451635],[-83.05727,41.45138],[-83.057382,41.451326],[-83.057812,41.451174],[-83.057981,41.451054],[-83.058293,41.450868],[-83.058587,41.450723],[-83.058672,41.450707],[-83.058901,41.450711],[-83.059179,41.450802],[-83.059317,41.450888],[-83.059591,41.4512],[-83.059708,41.451267],[-83.06019,41.451384],[-83.060289,41.451396],[-83.060359,41.451378],[-83.060661,41.451255],[-83.060979,41.451165],[-83.061059,41.451192],[-83.061095,41.45124],[-83.06119,41.451518],[-83.061215,41.451678],[-83.061281,41.451811],[-83.061316,41.451931],[-83.061379,41.452031],[-83.061735,41.452241],[-83.061784,41.452315],[-83.061873,41.452363],[-83.062043,41.452531],[-83.062128,41.452579],[-83.062156,41.452612],[-83.06221,41.452634],[-83.062321,41.452629],[-83.062426,41.452682],[-83.06241,41.452701],[-83.062144,41.452739],[-83.06208,41.452809],[-83.062079,41.452962],[-83.062106,41.453129],[-83.06207,41.453488],[-83.062085,41.45353],[-83.062113,41.453552],[-83.062244,41.453621],[-83.06226,41.453664],[-83.062243,41.453693],[-83.062247,41.453729],[-83.062294,41.453773],[-83.062273,41.453809],[-83.062275,41.453838],[-83.062309,41.453887],[-83.062299,41.453981],[-83.062476,41.454176],[-83.062502,41.454241],[-83.062574,41.454302],[-83.062594,41.454408],[-83.062997,41.45437],[-83.06309,41.454332],[-83.063267,41.454301],[-83.063308,41.454256],[-83.063378,41.454106],[-83.063406,41.454067],[-83.063445,41.454047],[-83.063617,41.454059],[-83.063985,41.454012],[-83.064265,41.454004],[-83.064441,41.454093],[-83.064575,41.454193],[-83.064753,41.454357],[-83.064829,41.454485],[-83.064971,41.45464],[-83.065216,41.454807],[-83.065552,41.454973],[-83.06564,41.455058],[-83.066011,41.455145],[-83.06611,41.455148],[-83.066233,41.45512],[-83.066309,41.455078],[-83.066473,41.454971],[-83.066595,41.454863],[-83.06685,41.454707],[-83.066975,41.45461],[-83.067089,41.454446],[-83.067172,41.45442],[-83.067188,41.454393],[-83.067331,41.454338],[-83.067697,41.454222],[-83.067714,41.457175],[-83.063282,41.457221],[-83.063225,41.457207]]]},"properties":{"p":"31-30-00-0105-00","o":"STAHL, MICHAEL H TRUSTEE","a":"1700 CR 157","d":"Fremont City School District","t":1464.42,"l":"111: Agr-CAUV-Cash-Grain Farm","c":0}},{"type":"Feature","geometry":{"type":"Polygon","coordinates":[[[-83.154546,41.451346],[-83.154538,41.450539],[-83.15556,41.450546],[-83.15556,41.45134],[-83.154546,41.451346]]]},"properties":{"p":"31-29-00-0012-03","o":"ST CLAIR, DOUGLAS L & SALLY A /SURV","a":"874 CR 153","d":"Fremont City School District","t":1391.56,"l":"511: Res-Custom Code","c":0}},{"type":"Feature","geometry":{"type":"Polygon","coordinates":[[[-83.102131,41.406823],[-83.102142,41.406374],[-83.102448,41.406377],[-83.102441,41.406826],[-83.102131,41.406823]]]},"properties":{"p":"31-11-02-0002-00","o":"YEAGER, APRIL L","a":"727 CR 99","d":"Fremont City School District","t":1341.18,"l":"541: Res-Custom Code","c":0}},{"type":"Feature","geometry":{"type":"Polygon","coordinates":[[[-83.152813,41.414906],[-83.154942,41.414934],[-83.154914,41.415929],[-83.152813,41.414906]]]},"properties":{"p":"31-05-00-0013-00","o":"YOUNG, JOSEPH & MARISA L","a":"864 CR 109","d":"Fremont City School District","t":1386.09,"l":"511: Res-Custom Code","c":0}},{"type":"Feature","geometry":{"type":"Polygon","coordinates":[[[-83.135462,41.425061],[-83.135485,41.423694],[-83.137382,41.42371],[-83.13736,41.42508],[-83.135462,41.425061]]]},"properties":{"p":"31-04-00-0001-02","o":"GALFORD, ZACHARY K","a":"4036 SR 19","d":"Fremont City School District","t":1500.24,"l":"511: Res-Custom Code","c":0}},{"type":"Feature","geometry":{"type":"Polygon","coordinates":[[[-83.372155,41.451013],[-83.371951,41.450946],[-83.372158,41.450655],[-83.37225,41.450693],[-83.372417,41.450979],[-83.372316,41.451008],[-83.372155,41.451013]]]},"properties":{"p":"30-50-00-0769-00","o":"MEINKE, MARTIN H & NANCY A / SURV","a":"619 RIVERSIDE DR","d":"Woodmore Local School District","t":1335.6,"l":"510: Res-Single Family","c":0}},{"type":"Feature","geometry":{"type":"Polygon","coordinates":[[[-83.365402,41.44955],[-83.365512,41.449389],[-83.365942,41.449573],[-83.365828,41.449733],[-83.365402,41.44955]]]},"properties":{"p":"30-50-00-0257-01","o":"BENCH, ALLISON R","a":"212 PERRY ST S","d":"Woodmore Local School District","t":1336.23,"l":"510: Res-Single Family","c":0}},{"type":"Feature","geometry":{"type":"Polygon","coordinates":[[[-83.364306,41.449766],[-83.364554,41.449416],[-83.364663,41.449463],[-83.364416,41.449812],[-83.364306,41.449766]]]},"properties":{"p":"30-50-00-0247-00","o":"WOODIRON LLC","a":"107 COLLEGE AVE","d":"Woodmore Local School District","t":1405.78,"l":"510: Res-Single Family","c":0}},{"type":"Feature","geometry":{"type":"Polygon","coordinates":[[[-83.372984,41.454354],[-83.37322,41.45402],[-83.373349,41.454072],[-83.373113,41.454404],[-83.372984,41.454354]]]},"properties":{"p":"30-28-01-0008-00","o":"FREEDOM ROOFING WINDOWS AND SIDING LLC","a":"839 MAIN ST W","d":"Woodmore Local School District","t":1496.65,"l":"510: Res-Single Family","c":0}},{"type":"Feature","geometry":{"type":"Polygon","coordinates":[[[-83.399098,41.442031],[-83.399097,41.441949],[-83.400067,41.441942],[-83.400065,41.442318],[-83.39981,41.442322],[-83.399807,41.442427],[-83.399101,41.442434],[-83.399098,41.442031]]]},"properties":{"p":"28-30-00-0006-01","o":"HUSS, STEPHEN H & CYNTHIA ANN /SURV","a":"7184 CR 139","d":"Woodmore Local School District","t":1379.95,"l":"511: Res-Custom Code","c":0}},{"type":"Feature","geometry":{"type":"Polygon","coordinates":[[[-83.391047,41.449464],[-83.391047,41.441992],[-83.394752,41.441974],[-83.394726,41.444764],[-83.395827,41.444613],[-83.396879,41.444425],[-83.396892,41.447047],[-83.391967,41.447272],[-83.391963,41.449496],[-83.391047,41.449532],[-83.391047,41.449464]],[[-83.392801,41.442115],[-83.392799,41.442],[-83.391353,41.44315],[-83.391929,41.443166],[-83.391982,41.443344],[-83.392817,41.443338],[-83.392801,41.442115]]]},"properties":{"p":"28-29-00-0009-02","o":"HUSS DAIRY LLC","a":"CR 139","d":"Woodmore Local School District","t":1452.57,"l":"110: Agr-CAUV-Vacant Land","c":0}},{"type":"Feature","geometry":{"type":"Polygon","coordinates":[[[-83.370994,41.46109],[-83.370993,41.461021],[-83.371161,41.461025],[-83.371161,41.460601],[-83.371246,41.460604],[-83.37124,41.461104],[-83.370994,41.46109]]]},"properties":{"p":"28-21-00-0013-01","o":"PEREZ, APOLONIA","a":"PEREZ LN","d":"Woodmore Local School District","t":1452.25,"l":"501: Res-Custom Code","c":0}},{"type":"Feature","geometry":{"type":"Polygon","coordinates":[[[-83.385922,41.460622],[-83.386096,41.460074],[-83.387147,41.460505],[-83.387151,41.46116],[-83.385918,41.461169],[-83.385922,41.460622]]]},"properties":{"p":"28-20-00-0001-00","o":"JOHNSON, TIMOTHY C & CATHLEEN /SURV","a":"1430 SR 20","d":"Woodmore Local School District","t":1493.37,"l":"511: Res-Custom Code","c":0}},{"type":"Feature","geometry":{"type":"Polygon","coordinates":[[[-83.322836,41.386529],[-83.3223,41.38566],[-83.32277,41.38566],[-83.323307,41.386527],[-83.322836,41.386529]]]},"properties":{"p":"27-14-00-0013-00","o":"DAMSCHRODER, RONALD L.","a":"STONE ST W","d":"Gibsonburg Exempted Village School District","t":1383.67,"l":"599: Res-Other","c":0}},{"type":"Feature","geometry":{"type":"Polygon","coordinates":[[[-83.377999,41.342019],[-83.377993,41.341583],[-83.378203,41.341583],[-83.37821,41.342019],[-83.377999,41.342019]]]},"properties":{"p":"25-95-00-0017-00","o":"LEMCOOL, PAUL","a":"110 CR 26","d":"Gibsonburg Exempted Village School District","t":1329,"l":"430: Com-Retaurant","c":0}},{"type":"Feature","geometry":{"type":"Polygon","coordinates":[[[-83.312661,41.353647],[-83.312671,41.352485],[-83.313045,41.352478],[-83.313046,41.352594],[-83.313486,41.35259],[-83.31348,41.353679],[-83.31109,41.353709],[-83.31109,41.353667],[-83.312661,41.353647]]]},"properties":{"p":"25-36-00-0006-01","o":"FAUNCE, TROY & GLENDA","a":"536 CR 60","d":"Gibsonburg Exempted Village School District","t":1372.59,"l":"562: Res-Custom Code","c":0}},{"type":"Feature","geometry":{"type":"Polygon","coordinates":[[[-83.341475,41.370136],[-83.341479,41.370054],[-83.342061,41.370059],[-83.342014,41.370892],[-83.341447,41.370887],[-83.341475,41.370136]]]},"properties":{"p":"25-22-00-0018-04","o":"MILLER, BRUCE A & VALERIE J TRUSTEES","a":"5654 CR 65","d":"Gibsonburg Exempted Village School District","t":1555.25,"l":"511: Res-Custom Code","c":0}},{"type":"Feature","geometry":{"type":"Polygon","coordinates":[[[-83.376399,41.399314],[-83.376399,41.399259],[-83.377499,41.39926],[-83.377482,41.400031],[-83.376392,41.400029],[-83.376399,41.399314]]]},"properties":{"p":"25-09-00-0001-02","o":"JIVIDEN, JEFFREY L","a":"6585 CR 85","d":"Gibsonburg Exempted Village School District","t":1350.15,"l":"511: Res-Custom Code","c":0}},{"type":"Feature","geometry":{"type":"Polygon","coordinates":[[[-83.305899,41.325936],[-83.30589,41.324564],[-83.305938,41.319987],[-83.310564,41.320102],[-83.310703,41.325909],[-83.308658,41.325854],[-83.308693,41.327198],[-83.305919,41.327126],[-83.305899,41.325936]]]},"properties":{"p":"24-12-00-0001-00","o":"NIESET, CRAIG L TRUSTEE","a":"CR 64","d":"Gibsonburg Exempted Village School District","t":1485.45,"l":"110: Agr-CAUV-Vacant Land","c":0}},{"type":"Feature","geometry":{"type":"Polygon","coordinates":[[[-83.329645,41.318513],[-83.329755,41.318511],[-83.329773,41.319156],[-83.328898,41.319167],[-83.32888,41.318522],[-83.329645,41.318513]]]},"properties":{"p":"24-11-00-0008-02","o":"FISHER, RONALD R","a":"891 CR 50","d":"Gibsonburg Exempted Village School District","t":1355.08,"l":"511: Res-Custom Code","c":0}},{"type":"Feature","geometry":{"type":"Polygon","coordinates":[[[-83.350457,41.255014],[-83.350951,41.25501],[-83.350935,41.255498],[-83.350435,41.255503],[-83.350457,41.255014]]]},"properties":{"p":"23-34-00-0010-00","o":"BENDER, CHAD F","a":"5834 CR 1","d":"Lakota Local School District","t":1398.76,"l":"511: Res-Custom Code","c":0}},{"type":"Feature","geometry":{"type":"Polygon","coordinates":[[[-83.418353,41.267761],[-83.418365,41.267435],[-83.419431,41.267446],[-83.419417,41.267946],[-83.418346,41.267948],[-83.418353,41.267761]]]},"properties":{"p":"23-31-00-0035-00","o":"HOVIS, RONALD J & MARIANN /SURV","a":"7926 SR 23","d":"Lakota Local School District","t":1368.4,"l":"511: Res-Custom Code","c":0}},{"type":"Feature","geometry":{"type":"Polygon","coordinates":[[[-83.354952,41.283519],[-83.355411,41.276792],[-83.359971,41.27675],[-83.36008,41.276763],[-83.359885,41.280417],[-83.359647,41.280433],[-83.35898,41.280577],[-83.358959,41.281275],[-83.357031,41.281241],[-83.356867,41.284058],[-83.354913,41.28408],[-83.354952,41.283519]]]},"properties":{"p":"23-27-00-0019-00","o":"NIESET, CRAIG L & NANCY L /SURV","a":"CR 32 S","d":"Lakota Local School District","t":1448.98,"l":"110: Agr-CAUV-Vacant Land","c":0}},{"type":"Feature","geometry":{"type":"Polygon","coordinates":[[[-83.337959,41.298655],[-83.338007,41.297715],[-83.33965,41.297734],[-83.339589,41.298723],[-83.337957,41.29871],[-83.337959,41.298655]]]},"properties":{"p":"23-23-00-0010-01","o":"MANUEL, MICHAEL J & TINA","a":"1625 CR 42","d":"Lakota Local School District","t":1364.77,"l":"511: Res-Custom Code","c":0}},{"type":"Feature","geometry":{"type":"Polygon","coordinates":[[[-83.415623,41.326678],[-83.415616,41.326194],[-83.416384,41.326192],[-83.416433,41.326779],[-83.415624,41.32676],[-83.415623,41.326678]]]},"properties":{"p":"23-07-00-0005-01","o":"HALFHILL, MICHELE A","a":"693 CR 45","d":"Lakota Local School District","t":1508.76,"l":"511: Res-Custom Code","c":0}},{"type":"Feature","geometry":{"type":"Polygon","coordinates":[[[-83.218166,41.417999],[-83.218777,41.417992],[-83.21877,41.418217],[-83.218159,41.418221],[-83.218166,41.417999]]]},"properties":{"p":"22-50-00-0097-00","o":"REED, ROBERT M & CHARLENE A /SURV","a":"WALNUT ST","d":"Fremont City School District","t":1326.11,"l":"599: Res-Other","c":0}},{"type":"Feature","geometry":{"type":"Polygon","coordinates":[[[-83.24255,41.403074],[-83.242795,41.402752],[-83.243056,41.402864],[-83.242812,41.403187],[-83.24255,41.403074]]]},"properties":{"p":"20-95-00-0046-00","o":"ICKES, ANGELA & DAVID F /SURV","a":"3152 CR 704","d":"Gibsonburg Exempted Village School District","t":1535.7,"l":"510: Res-Single Family","c":0}},{"type":"Feature","geometry":{"type":"Polygon","coordinates":[[[-83.246006,41.37036],[-83.246069,41.368876],[-83.246287,41.368878],[-83.246222,41.370416],[-83.246004,41.370414],[-83.246006,41.37036]]]},"properties":{"p":"20-28-00-0001-05","o":"MEDINA-ALMENDAREZ, JUAN D","a":"CR 65","d":"Gibsonburg Exempted Village School District","t":1582.43,"l":"501: Res-Custom Code","c":0}},{"type":"Feature","geometry":{"type":"Polygon","coordinates":[[[-83.234859,41.361469],[-83.235741,41.361463],[-83.235662,41.363158],[-83.23478,41.363164],[-83.234859,41.361469]]]},"properties":{"p":"20-27-00-0002-10","o":"LASH, ROBERT W","a":"2915 CR 59","d":"Gibsonburg Exempted Village School District","t":1434.53,"l":"511: Res-Custom Code","c":0}},{"type":"Feature","geometry":{"type":"Polygon","coordinates":[[[-83.26563,41.412851],[-83.26626,41.41142],[-83.26671,41.411605],[-83.265797,41.412863],[-83.26563,41.412851]]]},"properties":{"p":"20-08-00-0002-03","o":"PURDHAM, ROSS TILMON & PURDHAM-HATCHER, JOYCE /SURV","a":"3786 SR 20","d":"Gibsonburg Exempted Village School District","t":1321.89,"l":"562: Res-Custom Code","c":0}},{"type":"Feature","geometry":{"type":"Polygon","coordinates":[[[-83.273517,41.290007],[-83.273518,41.289816],[-83.278095,41.289937],[-83.277956,41.293619],[-83.273419,41.293507],[-83.273517,41.290007]]]},"properties":{"p":"14-20-00-0003-00","o":"NIESET, CRAIG L TRUSTEE","a":"1764 SR 635","d":"Lakota Local School District","t":1503.23,"l":"111: Agr-CAUV-Cash-Grain Farm","c":0}},{"type":"Feature","geometry":{"type":"Polygon","coordinates":[[[-83.29118,41.283147],[-83.291186,41.283065],[-83.292186,41.283096],[-83.292134,41.283828],[-83.291133,41.283797],[-83.29118,41.283147]]]},"properties":{"p":"14-19-00-0005-01","o":"FOOS, LEONARD J & OTILIA","a":"4288 CR 23","d":"Lakota Local School District","t":1545.67,"l":"511: Res-Custom Code","c":0}},{"type":"Feature","geometry":{"type":"Polygon","coordinates":[[[-83.14022,41.351654],[-83.140216,41.351281],[-83.141442,41.351277],[-83.141442,41.351667],[-83.14022,41.351654]]]},"properties":{"p":"13-33-49-0105-03","o":"RHOADES, SIERRA J","a":"511 WHITE RD","d":"Fremont City School District","t":1412.76,"l":"510: Res-Single Family","c":0}},{"type":"Feature","geometry":{"type":"Polygon","coordinates":[[[-83.138982,41.350148],[-83.138979,41.349982],[-83.139431,41.349981],[-83.139433,41.350146],[-83.138982,41.350148]]]},"properties":{"p":"13-33-49-0044-01","o":"HASSELBACH, ANDREA E","a":"420 LIME ST","d":"Fremont City School District","t":1588.21,"l":"510: Res-Single Family","c":0}},{"type":"Feature","geometry":{"type":"Polygon","coordinates":[[[-83.175207,41.367853],[-83.175722,41.367849],[-83.175727,41.368184],[-83.175106,41.368187],[-83.175098,41.367854],[-83.175207,41.367853]]]},"properties":{"p":"13-30-39-0018-00","o":"GULLETT, DENNIS D. & CARL","a":"996 CR 128","d":"Fremont City School District","t":1411.84,"l":"510: Res-Single Family","c":0}},{"type":"Feature","geometry":{"type":"Polygon","coordinates":[[[-83.154908,41.361821],[-83.154908,41.361744],[-83.155357,41.361745],[-83.155357,41.36225],[-83.154908,41.36225],[-83.154908,41.361821]]]},"properties":{"p":"13-29-00-0017-07","o":"PANARELLA, LINDA C TRUSTEE","a":"1170 MUSKELLUNGE","d":"Fremont City School District","t":1316.83,"l":"510: Res-Single Family","c":0}},{"type":"Feature","geometry":{"type":"Polygon","coordinates":[[[-83.171732,41.371291],[-83.171736,41.37089],[-83.173137,41.371475],[-83.172876,41.371865],[-83.171731,41.371383],[-83.171732,41.371291]]]},"properties":{"p":"13-19-00-0019-01","o":"LAJTI PROPERTIES, INC","a":"3393 STATE ST W","d":"Fremont City School District","t":1517.48,"l":"511: Res-Custom Code","c":0}},{"type":"Feature","geometry":{"type":"Polygon","coordinates":[[[-83.175237,41.383897],[-83.176781,41.383888],[-83.176755,41.385773],[-83.175123,41.384559],[-83.175128,41.383898],[-83.175237,41.383897]]]},"properties":{"p":"13-19-00-0008-01","o":"GULGIN, CATHERINE & TROY / SURV","a":"1548 N CR 128","d":"Fremont City School District","t":1444.17,"l":"511: Res-Custom Code","c":0}},{"type":"Feature","geometry":{"type":"Polygon","coordinates":[[[-83.147362,41.400187],[-83.147381,41.39935],[-83.14813,41.399358],[-83.148117,41.400251],[-83.147361,41.400241],[-83.147362,41.400187]]]},"properties":{"p":"13-17-00-0001-01","o":"CUNNINGHAM, GUY B","a":"649 CR 89","d":"Fremont City School District","t":1561.13,"l":"511: Res-Custom Code","c":0}},{"type":"Feature","geometry":{"type":"Polygon","coordinates":[[[-83.110966,41.38655],[-83.111624,41.386441],[-83.111777,41.386662],[-83.111032,41.386789],[-83.110966,41.38655]]]},"properties":{"p":"13-15-10-0032-00","o":"RANSEY, REX ALAN & JESSICA JEAN /SURV","a":"2736 RAVINE DR","d":"Fremont City School District","t":1462.93,"l":"510: Res-Single Family","c":0}},{"type":"Feature","geometry":{"type":"Polygon","coordinates":[[[-83.107663,41.385744],[-83.107832,41.385664],[-83.107912,41.38601],[-83.10773,41.386038],[-83.107663,41.385744]]]},"properties":{"p":"13-15-07-0006-00","o":"GABEL, CLAYTON B. ET. AL.","a":"PLEASANT DR","d":"Fremont City School District","t":1389.89,"l":"500: Res-Vacant Land","c":0}},{"type":"Feature","geometry":{"type":"Polygon","coordinates":[[[-83.093479,41.394079],[-83.093549,41.393943],[-83.093963,41.394049],[-83.094003,41.395116],[-83.093506,41.395123],[-83.093439,41.394156],[-83.093479,41.394079]]]},"properties":{"p":"13-14-02-0001-12","o":"ROTH, ROBERT & ROBIN TRUSTEES","a":"700 REAM RD","d":"Fremont City School District","t":1411.23,"l":"511: Res-Custom Code","c":0}},{"type":"Feature","geometry":{"type":"Polygon","coordinates":[[[-83.086694,41.391305],[-83.087,41.391106],[-83.087075,41.391153],[-83.087175,41.39125],[-83.087265,41.391382],[-83.087264,41.391898],[-83.087046,41.391737],[-83.086611,41.391359],[-83.086694,41.391305]]]},"properties":{"p":"13-13-00-0030-00","o":"SERRICK, KATHRYN T","a":"3100 CR 234","d":"Fremont City School District","t":1461.63,"l":"599: Res-Other","c":0}},{"type":"Feature","geometry":{"type":"Polygon","coordinates":[[[-83.130743,41.270794],[-83.131457,41.270773],[-83.131471,41.271028],[-83.130621,41.271055],[-83.130633,41.270797],[-83.130743,41.270794]]]},"properties":{"p":"11-33-00-0012-00","o":"MESTREY, KRESTON JAMES","a":"4018 TIFFIN RD","d":"Old Fort Local School District","t":1495.23,"l":"511: Res-Custom Code","c":0}},{"type":"Feature","geometry":{"type":"Polygon","coordinates":[[[-83.12899,41.31315],[-83.129937,41.312784],[-83.129928,41.313452],[-83.128981,41.313467],[-83.12899,41.31315]]]},"properties":{"p":"10-15-59-0024-00","o":"WOOD, KERRY L & KIMBERLY A /SURV","a":"2207 TIFFIN RD","d":"Fremont City School District","t":1441.02,"l":"511: Res-Custom Code","c":0}},{"type":"Feature","geometry":{"type":"Polygon","coordinates":[[[-83.091364,41.301572],[-83.091372,41.299302],[-83.098185,41.299287],[-83.098198,41.300019],[-83.099244,41.30001],[-83.099248,41.299788],[-83.100022,41.299777],[-83.100075,41.299505],[-83.100073,41.299283],[-83.100999,41.29928],[-83.101015,41.302924],[-83.094568,41.30293],[-83.094572,41.301565],[-83.091364,41.301572]]]},"properties":{"p":"10-14-00-0010-03","o":"HOLADA FARMS LLC","a":"CR 178","d":"Fremont City School District","t":1460.89,"l":"110: Agr-CAUV-Vacant Land","c":0}},{"type":"Feature","geometry":{"type":"Polygon","coordinates":[[[-83.086794,41.299343],[-83.086795,41.29926],[-83.088262,41.29927],[-83.08826,41.299993],[-83.086787,41.299992],[-83.086794,41.299343]]]},"properties":{"p":"10-13-00-0002-01","o":"ROSS, WILLIAM R. & CYNTHI","a":"1840 CR 203","d":"Fremont City School District","t":1441.98,"l":"511: Res-Custom Code","c":0}},{"type":"Feature","geometry":{"type":"Polygon","coordinates":[[[-83.1044,41.321738],[-83.104399,41.321427],[-83.105085,41.321439],[-83.105087,41.321736],[-83.1044,41.321738]]]},"properties":{"p":"10-11-61-0015-00","o":"WARNER, ANNE & COLBURN, LEIGH A /SURV","a":"1776 OAK DR","d":"Fremont City School District","t":1342.07,"l":"510: Res-Single Family","c":0}},{"type":"Feature","geometry":{"type":"Polygon","coordinates":[[[-83.123129,41.323572],[-83.123235,41.323461],[-83.12331,41.323501],[-83.123204,41.323613],[-83.123129,41.323572]]]},"properties":{"p":"10-10-82-0003-00","o":"BISCHOFF, DOUGLAS M TRUST","a":"101 BRIARWOOD CIR","d":"Fremont City School District","t":1386.98,"l":"550: Res-Condo","c":0}},{"type":"Feature","geometry":{"type":"Polygon","coordinates":[[[-83.148287,41.332629],[-83.14856,41.332493],[-83.148815,41.332784],[-83.14854,41.332921],[-83.148287,41.332629]]]},"properties":{"p":"10-04-72-0055-00","o":"JIMENEZ, VICTOR MANUEL & LORENA /SURV","a":"22 PAULA CT","d":"Fremont City School District","t":1540.09,"l":"510: Res-Single Family","c":0}},{"type":"Feature","geometry":{"type":"Polygon","coordinates":[[[-83.143536,41.335374],[-83.144048,41.33513],[-83.144283,41.335438],[-83.143796,41.335674],[-83.143536,41.335374]]]},"properties":{"p":"10-04-10-0022-00","o":"YOUNG, JOSEPH & MARISA L","a":"1939 ELM DR","d":"Fremont City School District","t":1587.11,"l":"530: Res-Three Family","c":0}},{"type":"Feature","geometry":{"type":"Polygon","coordinates":[[[-83.125236,41.328531],[-83.125204,41.328469],[-83.125633,41.328373],[-83.125953,41.32827],[-83.126169,41.328669],[-83.12542,41.32889],[-83.125236,41.328531]]]},"properties":{"p":"10-03-00-0006-00","o":"TURNER ABC LLC","a":"1333 TIFFIN ST","d":"Fremont City School District","t":1561.14,"l":"499: Com-Other","c":0}},{"type":"Feature","geometry":{"type":"Polygon","coordinates":[[[-83.01065,41.365031],[-83.010762,41.365028],[-83.010874,41.365683],[-83.010515,41.365715],[-83.010406,41.365076],[-83.01065,41.365031]]]},"properties":{"p":"08-27-00-0019-00","o":"ROSS, JANET","a":"3137 SR 412","d":"Fremont City School District","t":1521.8,"l":"511: Res-Custom Code","c":0}},{"type":"Feature","geometry":{"type":"Polygon","coordinates":[[[-82.954637,41.360225],[-82.95465,41.359753],[-82.955349,41.359766],[-82.955343,41.360234],[-82.954637,41.360225]]]},"properties":{"p":"08-25-00-0004-01","o":"RUSSELL, DAVID J., JR. & KATHY S /SURV","a":"670 CR 260","d":"Fremont City School District","t":1507.24,"l":"511: Res-Custom Code","c":0}},{"type":"Feature","geometry":{"type":"Polygon","coordinates":[[[-82.963929,41.375998],[-82.963995,41.372339],[-82.971156,41.3722],[-82.973654,41.372849],[-82.973649,41.373104],[-82.973072,41.372911],[-82.973058,41.37382],[-82.973634,41.373827],[-82.97362,41.374441],[-82.966099,41.37596],[-82.963929,41.375998]]]},"properties":{"p":"08-24-00-0019-00","o":"JOHN E PAYNE LLC","a":"SR 510","d":"Fremont City School District","t":1488.62,"l":"199: Agr-CAUV-Other","c":0}},{"type":"Feature","geometry":{"type":"Polygon","coordinates":[[[-82.982674,41.397491],[-82.982784,41.397489],[-82.982782,41.397901],[-82.980354,41.397949],[-82.980328,41.398966],[-82.978004,41.399012],[-82.978028,41.397582],[-82.982674,41.397491]]]},"properties":{"p":"08-14-00-0001-03","o":"DAUCH, THOMAS","a":"CR 250","d":"Fremont City School District","t":1362.49,"l":"501: Res-Custom Code","c":0}},{"type":"Feature","geometry":{"type":"Polygon","coordinates":[[[-82.989926,41.405146],[-82.990734,41.404869],[-82.990729,41.405597],[-82.992272,41.406013],[-82.99227,41.406343],[-82.990301,41.406992],[-82.989801,41.405189],[-82.989926,41.405146]]]},"properties":{"p":"08-11-00-0015-03","o":"VARGAS, FELIPE","a":"3640 SR 6","d":"Fremont City School District","t":1550.86,"l":"511: Res-Custom Code","c":0}},{"type":"Feature","geometry":{"type":"Polygon","coordinates":[[[-83.040674,41.402908],[-83.040748,41.402906],[-83.040673,41.405168],[-83.030788,41.405431],[-83.03083,41.403166],[-83.040674,41.402908]]]},"properties":{"p":"08-08-00-0021-00","o":"MAPLE TREE DAIRY FARM LLC","a":"2257 CR 216","d":"Fremont City School District","t":1447.04,"l":"111: Agr-CAUV-Cash-Grain Farm","c":0}},{"type":"Feature","geometry":{"type":"Polygon","coordinates":[[[-83.040597,41.40517],[-83.040673,41.405168],[-83.040594,41.407407],[-83.030747,41.40767],[-83.030788,41.405431],[-83.040597,41.40517]]]},"properties":{"p":"08-08-00-0019-00","o":"JAHNS, KENNETH W. & JOAN","a":"2295 CR 216","d":"Fremont City School District","t":1396.94,"l":"113: Agr-CAUV-Dairy Farm","c":0}},{"type":"Feature","geometry":{"type":"Polygon","coordinates":[[[-83.041096,41.408776],[-83.043388,41.408702],[-83.043439,41.408826],[-83.043495,41.409037],[-83.043511,41.409194],[-83.040528,41.40929],[-83.040545,41.408812],[-83.041095,41.408792],[-83.041096,41.408776]]]},"properties":{"p":"08-08-00-0009-00","o":"GRILL, KALEB","a":"2406 CR 216","d":"Fremont City School District","t":1381.22,"l":"511: Res-Custom Code","c":0}},{"type":"Feature","geometry":{"type":"Polygon","coordinates":[[[-83.050711,41.423372],[-83.050716,41.423272],[-83.050956,41.423282],[-83.050948,41.42338],[-83.050711,41.423372]]]},"properties":{"p":"08-06-03-0097-00","o":"WALKER, MARY & MIKLOWSKI,","a":"2904 CR 210","d":"Fremont City School District","t":1591.91,"l":"510: Res-Single Family","c":0}},{"type":"Feature","geometry":{"type":"Polygon","coordinates":[[[-83.004977,41.270312],[-83.0051,41.269673],[-83.00605,41.270411],[-83.004961,41.270395],[-83.004977,41.270312]]]},"properties":{"p":"06-34-00-0012-00","o":"KILGORE, SARAH L.","a":"3347 CR 181","d":"Clyde-Green Springs Exempted Village School District","t":1413.54,"l":"511: Res-Custom Code","c":0}},{"type":"Feature","geometry":{"type":"Polygon","coordinates":[[[-83.005959,41.260574],[-83.006544,41.260148],[-83.006957,41.260479],[-83.00638,41.260899],[-83.005959,41.260574]]]},"properties":{"p":"06-34-00-0009-03","o":"CULBERTSON, DIANNE S","a":"3288 CR 175","d":"Clyde-Green Springs Exempted Village School District","t":1442.46,"l":"511: Res-Custom Code","c":0}},{"type":"Feature","geometry":{"type":"Polygon","coordinates":[[[-83.045288,41.271156],[-83.045284,41.270692],[-83.046145,41.270699],[-83.046145,41.27125],[-83.045288,41.271238],[-83.045288,41.271156]]]},"properties":{"p":"06-32-00-0015-00","o":"RIEHL, STEPHANIE A","a":"2273 CR 181","d":"Clyde-Green Springs Exempted Village School District","t":1557.24,"l":"511: Res-Custom Code","c":0}},{"type":"Feature","geometry":{"type":"Polygon","coordinates":[[[-83.008789,41.298381],[-83.008796,41.29802],[-83.013587,41.298068],[-83.013556,41.299676],[-83.008775,41.299697],[-83.008789,41.298381]]]},"properties":{"p":"06-22-00-0064-00","o":"KARR, EDWARD J","a":"1650-1658 CR 236","d":"Clyde-Green Springs Exempted Village School District","t":1505.73,"l":"111: Agr-CAUV-Cash-Grain Farm","c":0}},{"type":"Feature","geometry":{"type":"Polygon","coordinates":[[[-83.008796,41.297931],[-83.008796,41.297765],[-83.011466,41.297788],[-83.011463,41.297431],[-83.013598,41.297454],[-83.013587,41.298068],[-83.008796,41.29802],[-83.008796,41.297931]]]},"properties":{"p":"06-22-00-0034-00","o":"KARR, EDWARD J","a":"1672 CR 236","d":"Clyde-Green Springs Exempted Village School District","t":1529.91,"l":"511: Res-Custom Code","c":0}},{"type":"Feature","geometry":{"type":"Polygon","coordinates":[[[-82.991009,41.306795],[-82.991014,41.306381],[-82.991288,41.30638],[-82.991283,41.306795],[-82.991009,41.306795]]]},"properties":{"p":"06-14-07-0010-00","o":"MARKET, JAMES E II; DANIEL J & RONALD A","a":"3861 CR 213","d":"Clyde-Green Springs Exempted Village School District","t":1468.05,"l":"510: Res-Single Family","c":0}},{"type":"Feature","geometry":{"type":"Polygon","coordinates":[[[-83.018248,41.324673],[-83.01825,41.324399],[-83.018889,41.324405],[-83.018886,41.324672],[-83.018248,41.324673]]]},"properties":{"p":"06-09-01-0014-00","o":"HICKMAN, RICKY THOMAS & ANDREW LEE","a":"736 CR 232","d":"Clyde-Green Springs Exempted Village School District","t":1561.01,"l":"510: Res-Single Family","c":0}},{"type":"Feature","geometry":{"type":"Polygon","coordinates":[[[-83.042142,41.333335],[-83.042144,41.33317],[-83.042938,41.333168],[-83.042951,41.332975],[-83.043233,41.332974],[-83.043254,41.332651],[-83.044108,41.332647],[-83.0441,41.333271],[-83.042139,41.334908],[-83.042128,41.33491],[-83.042142,41.333335]]]},"properties":{"p":"06-05-00-0029-00","o":"THANASIU, GARY L","a":"CR 214","d":"Clyde-Green Springs Exempted Village School District","t":1431.6,"l":"501: Res-Custom Code","c":0}},{"type":"Feature","geometry":{"type":"Polygon","coordinates":[[[-83.042186,41.328618],[-83.042188,41.328501],[-83.044153,41.329011],[-83.044144,41.329537],[-83.042177,41.329534],[-83.042186,41.328618]]]},"properties":{"p":"06-05-00-0028-00","o":"SULLIVAN, BRIAN A","a":"2362 SR 20","d":"Clyde-Green Springs Exempted Village School District","t":1366.43,"l":"511: Res-Custom Code","c":0}},{"type":"Feature","geometry":{"type":"Polygon","coordinates":[[[-82.851988,41.369431],[-82.852607,41.369167],[-82.852587,41.369886],[-82.851972,41.370117],[-82.851988,41.369431]]]},"properties":{"p":"04-25-00-0017-00","o":"JOHNSON, GARRETT L & ALCALA, DANA /SURV","a":"7374 SR 101 E","d":"Margaretta Local School District","t":1364.66,"l":"511: Res-Custom Code","c":0}},{"type":"Feature","geometry":{"type":"MultiPolygon","coordinates":[[[[-82.862849,41.395672],[-82.862816,41.394036],[-82.870931,41.394038],[-82.870948,41.394979],[-82.867376,41.395671],[-82.862849,41.395672]]],[[[-82.867747,41.395977],[-82.870954,41.395345],[-82.87099,41.39744],[-82.867769,41.397416],[-82.867747,41.395977]]]]},"properties":{"p":"04-14-00-0021-00","o":"YETTER, DAVID P & HOLLY /SURV","a":"CR 249","d":"Margaretta Local School District","t":1419.87,"l":"110: Agr-CAUV-Vacant Land","c":0}},{"type":"Feature","geometry":{"type":"Polygon","coordinates":[[[-82.862876,41.397401],[-82.865806,41.397408],[-82.865855,41.397596],[-82.865834,41.397643],[-82.865757,41.397691],[-82.865752,41.397744],[-82.86598,41.398081],[-82.866081,41.398146],[-82.866337,41.398238],[-82.86642,41.398294],[-82.866751,41.398607],[-82.866908,41.398782],[-82.866961,41.401082],[-82.862943,41.40107],[-82.862876,41.397401]]]},"properties":{"p":"04-14-00-0015-00","o":"YETTER, DAVID P & HOLLY L TRUSTEES","a":"CR 306","d":"Margaretta Local School District","t":1528.55,"l":"110: Agr-CAUV-Vacant Land","c":0}},{"type":"Feature","geometry":{"type":"Polygon","coordinates":[[[-82.851497,41.386714],[-82.851453,41.386632],[-82.852346,41.386633],[-82.852342,41.387533],[-82.851796,41.387527],[-82.851804,41.387287],[-82.851497,41.386714]]]},"properties":{"p":"04-13-00-0002-01","o":"WARNER, ANDREW D & SARA JANE /SURV","a":"7366 CR 247","d":"Margaretta Local School District","t":1413.78,"l":"511: Res-Custom Code","c":0}},{"type":"Feature","geometry":{"type":"Polygon","coordinates":[[[-82.84681,41.409564],[-82.847275,41.409555],[-82.847286,41.410025],[-82.846733,41.410027],[-82.846718,41.409566],[-82.84681,41.409564]]]},"properties":{"p":"04-12-00-0012-00","o":"YETTER, DAVID & BRADLEY P","a":"2402 312 N","d":"Margaretta Local School District","t":1322.93,"l":"511: Res-Custom Code","c":0}},{"type":"Feature","geometry":{"type":"Polygon","coordinates":[[[-82.910092,41.410842],[-82.910308,41.410771],[-82.910291,41.411785],[-82.910079,41.411781],[-82.910092,41.410842]]]},"properties":{"p":"04-09-00-0045-00","o":"JOHNSON, JASON E","a":"5744 SR 6","d":"Margaretta Local School District","t":1343.44,"l":"511: Res-Custom Code","c":0}},{"type":"Feature","geometry":{"type":"Polygon","coordinates":[[[-82.898828,41.430372],[-82.899015,41.430353],[-82.899038,41.430378],[-82.899153,41.430317],[-82.899254,41.43043],[-82.899181,41.430471],[-82.898727,41.430474],[-82.898828,41.430372]]]},"properties":{"p":"04-04-05-0002-00","o":"CRUM, JEDIDIAH","a":"6025 CR 285 N","d":"Margaretta Local School District","t":1374.7,"l":"510: Res-Single Family","c":0}},{"type":"Feature","geometry":{"type":"Polygon","coordinates":[[[-82.856346,41.280189],[-82.856399,41.280131],[-82.856624,41.280251],[-82.85657,41.280308],[-82.856346,41.280189]]]},"properties":{"p":"03-50-00-2175-09","o":"MOLNAR, GAIL A & BRYAN S /SURV","a":"181 YORKSHIRE PL","d":"Bellevue City School District","t":1430.71,"l":"550: Res-Condo","c":0}},{"type":"Feature","geometry":{"type":"Polygon","coordinates":[[[-82.849902,41.272535],[-82.850094,41.272098],[-82.85022,41.272131],[-82.850218,41.272619],[-82.849902,41.272535]]]},"properties":{"p":"03-50-00-1045-01","o":"HARRIS, THOMAS J & SCHAEFFER, DANA M /SURV","a":"190 ASHFORD AVE","d":"Bellevue City School District","t":1371.77,"l":"510: Res-Single Family","c":0}},{"type":"Feature","geometry":{"type":"Polygon","coordinates":[[[-82.847272,41.268459],[-82.847275,41.268327],[-82.848018,41.268333],[-82.848015,41.268469],[-82.847272,41.268459]]]},"properties":{"p":"03-50-00-0360-01","o":"CLOUD, BRYAN","a":"143 KINNEY ST","d":"Bellevue City School District","t":1441.58,"l":"510: Res-Single Family","c":0}},{"type":"Feature","geometry":{"type":"Polygon","coordinates":[[[-82.849123,41.268382],[-82.849125,41.268202],[-82.84939,41.268204],[-82.849387,41.268385],[-82.849123,41.268382]]]},"properties":{"p":"03-50-00-0320-00","o":"RYAN, CHELSEA","a":"115 DECKER ST","d":"Bellevue City School District","t":1381.42,"l":"510: Res-Single Family","c":0}},{"type":"Feature","geometry":{"type":"Polygon","coordinates":[[[-82.850621,41.276231],[-82.850622,41.275807],[-82.850757,41.275804],[-82.850758,41.275653],[-82.850845,41.275669],[-82.850842,41.276292],[-82.850621,41.276231]]]},"properties":{"p":"03-50-00-0275-00","o":"HALE, KEVEN","a":"505 MAIN ST","d":"Bellevue City School District","t":1372.83,"l":"510: Res-Single Family","c":0}},{"type":"Feature","geometry":{"type":"Polygon","coordinates":[[[-82.919953,41.294947],[-82.91995,41.294336],[-82.921188,41.294656],[-82.921211,41.295279],[-82.919953,41.294947]]]},"properties":{"p":"02-20-00-0019-00","o":"JOHNSON, WILLIAM JAMES JR","a":"1919 SR 20","d":"Clyde-Green Springs Exempted Village School District","t":1564.5,"l":"511: Res-Custom Code","c":0}},{"type":"Feature","geometry":{"type":"Polygon","coordinates":[[[-82.858188,41.261681],[-82.858184,41.260984],[-82.859339,41.260981],[-82.859333,41.261699],[-82.858188,41.261681]]]},"properties":{"p":"01-36-00-0016-01","o":"SCHOEN, KATHY","a":"2895 CR 308","d":"Bellevue City School District","t":1360.45,"l":"111: Agr-CAUV-Cash-Grain Farm","c":0}},{"type":"Feature","geometry":{"type":"Polygon","coordinates":[[[-82.873964,41.269991],[-82.873959,41.26952],[-82.874703,41.26953],[-82.874708,41.27008],[-82.873965,41.270074],[-82.873964,41.269991]]]},"properties":{"p":"01-35-00-0015-02","o":"BUATHIER, CATHERINE M TRUSTEE","a":"6715 CR 191","d":"Bellevue City School District","t":1557.17,"l":"511: Res-Custom Code","c":0}},{"type":"Feature","geometry":{"type":"Polygon","coordinates":[[[-82.874707,41.269999],[-82.874703,41.26953],[-82.875081,41.269535],[-82.875078,41.270083],[-82.874708,41.27008],[-82.874707,41.269999]]]},"properties":{"p":"01-35-00-0015-01","o":"BAUM, TIMOTHY & CHARLES","a":"6701 CR 191","d":"Bellevue City School District","t":1368.6,"l":"511: Res-Custom Code","c":0}},{"type":"Feature","geometry":{"type":"Polygon","coordinates":[[[-82.870708,41.270131],[-82.870706,41.270048],[-82.87215,41.270059],[-82.872154,41.270548],[-82.870717,41.270538],[-82.870708,41.270131]]]},"properties":{"p":"01-26-04-0003-00","o":"REINSEL, ANDREW S & MARIE A /SURV","a":"6798 CR 191","d":"Bellevue City School District","t":1502.55,"l":"510: Res-Single Family","c":0}},{"type":"Feature","geometry":{"type":"Polygon","coordinates":[[[-82.870123,41.271841],[-82.870128,41.270671],[-82.870719,41.270675],[-82.870717,41.270538],[-82.872154,41.270548],[-82.87217,41.271841],[-82.870123,41.271841]]]},"properties":{"p":"01-26-00-0027-00","o":"REINSEL, ANDREW S & MARIE A /SURV","a":"CR 191","d":"Bellevue City School District","t":1351.83,"l":"511: Res-Custom Code","c":0}},{"type":"Feature","geometry":{"type":"Polygon","coordinates":[[[-82.876838,41.326838],[-82.877542,41.326495],[-82.877539,41.327574],[-82.87727,41.327574],[-82.877258,41.327382],[-82.876838,41.326838]]]},"properties":{"p":"01-11-10-0006-00","o":"BONDY, RUSSELL J","a":"6628 CR 175","d":"Bellevue City School District","t":1514.77,"l":"510: Res-Single Family","c":0}},{"type":"Feature","geometry":{"type":"Polygon","coordinates":[[[-82.877538,41.327193],[-82.877541,41.326832],[-82.87838,41.326852],[-82.878376,41.327213],[-82.877538,41.327193]]]},"properties":{"p":"01-11-10-0004-00","o":"BONDY, RUSSELL J.","a":"641 CR 302","d":"Bellevue City School District","t":1334.3,"l":"530: Res-Three Family","c":0}},{"type":"Feature","geometry":{"type":"Polygon","coordinates":[[[-82.901506,41.315249],[-82.901511,41.314902],[-82.902606,41.314911],[-82.902602,41.315254],[-82.901506,41.315249]]]},"properties":{"p":"01-09-00-0019-00","o":"RISNER, JAMES R","a":"1051 CR 288","d":"Bellevue City School District","t":1404.56,"l":"511: Res-Custom Code","c":0}},{"type":"Feature","geometry":{"type":"Polygon","coordinates":[[[-82.979466,41.338652],[-82.979466,41.338541],[-82.974691,41.338599],[-82.974726,41.335993],[-82.98402,41.33598],[-82.984006,41.338572],[-82.979466,41.338652]]]},"properties":{"p":"06-02-00-0014-00","o":"JOHN E PAYNE LLC","a":"SR 510","d":"Clyde-Green Springs Exempted Village School District","t":1271.67,"l":"110: Agr-CAUV-Vacant Land","c":0}},{"type":"Feature","geometry":{"type":"Polygon","coordinates":[[[-83.044108,41.332647],[-83.042148,41.332657],[-83.042153,41.332179],[-83.044114,41.33217],[-83.044108,41.332647]]]},"properties":{"p":"06-05-00-0029-02","o":"SLEEK, RANDALL & HEATHER /SURV","a":"CR 214","d":"Clyde-Green Springs Exempted Village School District","t":1132.06,"l":"501: Res-Custom Code","c":0}},{"type":"Feature","geometry":{"type":"Polygon","coordinates":[[[-83.14951,41.340521],[-83.149588,41.340521],[-83.149588,41.340613],[-83.149512,41.340614],[-83.14951,41.340521]]]},"properties":{"p":"10-05-16-0020-12","o":"LYLE INC","a":"114 COLONY COURT DR","d":"Fremont City School District","t":1248.01,"l":"550: Res-Condo","c":0}},{"type":"Feature","geometry":{"type":"Polygon","coordinates":[[[-83.106534,41.388459],[-83.106561,41.388137],[-83.107481,41.388199],[-83.107518,41.388348],[-83.106973,41.388446],[-83.106534,41.388459]]]},"properties":{"p":"13-14-04-0002-00","o":"ANDERSON, JOHN P & JEAN ANN /SURV","a":"421 STEWART DR","d":"Fremont City School District","t":1166.57,"l":"510: Res-Single Family","c":0}},{"type":"Feature","geometry":{"type":"Polygon","coordinates":[[[-83.223008,41.365057],[-83.223029,41.364474],[-83.224517,41.364466],[-83.224497,41.365044],[-83.223008,41.365057]]]},"properties":{"p":"19-27-00-0001-07","o":"DAVIS, MADALINE","a":"910 SR 590","d":"Fremont City School District","t":1192.07,"l":"511: Res-Custom Code","c":0}},{"type":"Feature","geometry":{"type":"Polygon","coordinates":[[[-83.114706,41.33935],[-83.115003,41.339349],[-83.11521,41.339667],[-83.114975,41.339776],[-83.114706,41.33935]]]},"properties":{"p":"34-60-00-0166-10","o":"COLEMAN,THOMAS P","a":"409 TIFFIN ST","d":"Fremont City School District","t":1228.07,"l":"510: Res-Single Family","c":0}},{"type":"Feature","geometry":{"type":"Polygon","coordinates":[[[-83.121559,41.352736],[-83.121558,41.352627],[-83.122523,41.35263],[-83.122524,41.352743],[-83.121559,41.352736]]]},"properties":{"p":"34-60-00-0156-01","o":"WILSON, MATTHEW J. & LISA","a":"543 JACKSON ST N","d":"Fremont City School District","t":1200.18,"l":"510: Res-Single Family","c":0}},{"type":"Feature","geometry":{"type":"Polygon","coordinates":[[[-83.104367,41.339205],[-83.104428,41.339076],[-83.10494,41.33922],[-83.104878,41.339349],[-83.104367,41.339205]]]},"properties":{"p":"34-60-00-0043-07","o":"BLISS, DANIEL","a":"445 MORRISON ST","d":"Fremont City School District","t":1267.16,"l":"510: Res-Single Family","c":0}},{"type":"Feature","geometry":{"type":"Polygon","coordinates":[[[-83.082706,41.335783],[-83.08274,41.335503],[-83.084079,41.335567],[-83.084113,41.335666],[-83.084136,41.335867],[-83.082706,41.335783]]]},"properties":{"p":"34-50-00-6454-00","o":"BROUGH, KIMBERLY A TRUSTEE","a":"708 FINEFROCK RD","d":"Fremont City School District","t":1238.83,"l":"510: Res-Single Family","c":0}},{"type":"Feature","geometry":{"type":"Polygon","coordinates":[[[-83.108633,41.361754],[-83.10865,41.361476],[-83.108951,41.361473],[-83.10893,41.361816],[-83.108629,41.36182],[-83.108633,41.361754]]]},"properties":{"p":"34-50-00-6439-00","o":"REYNA, RICARDO & YOLANDA/","a":"208 NORTH ST","d":"Fremont City School District","t":1214.14,"l":"510: Res-Single Family","c":0}},{"type":"Feature","geometry":{"type":"Polygon","coordinates":[[[-83.088746,41.336123],[-83.088759,41.335933],[-83.088811,41.335883],[-83.08954,41.335906],[-83.089523,41.336153],[-83.088746,41.336123]]]},"properties":{"p":"34-50-00-6304-00","o":"HOFFMAN, BRENT A & JUNE D /SURV","a":"1624 MARIO PL","d":"Fremont City School District","t":1132.58,"l":"510: Res-Single Family","c":0}},{"type":"Feature","geometry":{"type":"Polygon","coordinates":[[[-83.10277,41.332885],[-83.103201,41.33281],[-83.103252,41.332984],[-83.102824,41.333062],[-83.10277,41.332885]]]},"properties":{"p":"34-50-00-6248-00","o":"EM APARTMENTS OH LLC","a":"852 EAGLE CT","d":"Fremont City School District","t":1159.5,"l":"510: Res-Single Family","c":0}},{"type":"Feature","geometry":{"type":"Polygon","coordinates":[[[-83.102698,41.332745],[-83.103122,41.332542],[-83.103201,41.33281],[-83.10277,41.332885],[-83.102698,41.332745]]]},"properties":{"p":"34-50-00-6247-00","o":"EM APARTMENTS OH LLC","a":"862 EAGLE CT","d":"Fremont City School District","t":1154.84,"l":"510: Res-Single Family","c":0}},{"type":"Feature","geometry":{"type":"Polygon","coordinates":[[[-83.102564,41.332643],[-83.102963,41.33219],[-83.103019,41.332189],[-83.103122,41.332542],[-83.102698,41.332745],[-83.102564,41.332643]]]},"properties":{"p":"34-50-00-6246-00","o":"EM APARTMENTS OH LLC","a":"864 EAGLE CT","d":"Fremont City School District","t":1315.74,"l":"510: Res-Single Family","c":0}},{"type":"Feature","geometry":{"type":"Polygon","coordinates":[[[-83.102378,41.332589],[-83.102476,41.332198],[-83.102963,41.33219],[-83.102564,41.332643],[-83.102378,41.332589]]]},"properties":{"p":"34-50-00-6245-00","o":"EM APARTMENTS OH LLC","a":"868 EAGLE CT","d":"Fremont City School District","t":1305.42,"l":"510: Res-Single Family","c":0}},{"type":"Feature","geometry":{"type":"Polygon","coordinates":[[[-83.101131,41.332683],[-83.101128,41.332405],[-83.101577,41.332596],[-83.101551,41.332666],[-83.101557,41.332714],[-83.101172,41.332796],[-83.101131,41.332683]]]},"properties":{"p":"34-50-00-6240-00","o":"EM APARTMENTS OH LLC","a":"886 EAGLE CT","d":"Fremont City School District","t":1246.97,"l":"510: Res-Single Family","c":0}},{"type":"Feature","geometry":{"type":"Polygon","coordinates":[[[-83.102169,41.33314],[-83.102145,41.333057],[-83.102571,41.332973],[-83.102625,41.333149],[-83.102196,41.333235],[-83.102169,41.33314]]]},"properties":{"p":"34-50-00-6235-00","o":"EM APARTMENTS OH LLC","a":"853 EAGLE CT","d":"Fremont City School District","t":1128,"l":"510: Res-Single Family","c":0}},{"type":"Feature","geometry":{"type":"Polygon","coordinates":[[[-83.113014,41.340079],[-83.113014,41.339975],[-83.113494,41.339973],[-83.113494,41.340076],[-83.113014,41.340079]]]},"properties":{"p":"34-50-00-5525-00","o":"PATINO, LUIS A","a":"625 FRONT ST S","d":"Fremont City School District","t":1128.8,"l":"510: Res-Single Family","c":0}},{"type":"Feature","geometry":{"type":"Polygon","coordinates":[[[-83.135848,41.343162],[-83.13585,41.3431],[-83.136451,41.342703],[-83.136452,41.343158],[-83.135848,41.343162]]]},"properties":{"p":"34-50-00-5335-00","o":"CONLEY, JOHN R.","a":"405 STONE ST S","d":"Fremont City School District","t":1314.38,"l":"499: Com-Other","c":0}},{"type":"Feature","geometry":{"type":"Polygon","coordinates":[[[-83.10462,41.337536],[-83.104195,41.337418],[-83.104237,41.33733],[-83.104671,41.33745],[-83.10462,41.337536]]]},"properties":{"p":"34-50-00-5090-00","o":"MANCOUR, LAWRENCE K","a":"610 LILLEY PL","d":"Fremont City School District","t":1202.48,"l":"510: Res-Single Family","c":0}},{"type":"Feature","geometry":{"type":"Polygon","coordinates":[[[-83.121948,41.356306],[-83.121948,41.355903],[-83.122117,41.355904],[-83.122114,41.356305],[-83.121948,41.356306]]]},"properties":{"p":"34-50-00-4532-00","o":"BARNES, JONATHON D","a":"1059 MILLER ST","d":"Fremont City School District","t":1233.79,"l":"510: Res-Single Family","c":0}},{"type":"Feature","geometry":{"type":"Polygon","coordinates":[[[-83.101718,41.339825],[-83.101613,41.339797],[-83.101679,41.339669],[-83.102189,41.339806],[-83.102127,41.339935],[-83.101718,41.339825]]]},"properties":{"p":"34-50-00-4472-00","o":"LIVENGOOD, TIMOTHY R","a":"415 BUCHANAN ST S","d":"Fremont City School District","t":1209.51,"l":"510: Res-Single Family","c":0}},{"type":"Feature","geometry":{"type":"Polygon","coordinates":[[[-83.121618,41.358516],[-83.121628,41.358149],[-83.121862,41.358149],[-83.121855,41.358516],[-83.121618,41.358516]]]},"properties":{"p":"34-50-00-3751-00","o":"WEAVER, PAUL A. & ANDREA","a":"1129 ROOSEVELT ST","d":"Fremont City School District","t":1164.65,"l":"510: Res-Single Family","c":0}},{"type":"Feature","geometry":{"type":"Polygon","coordinates":[[[-83.124125,41.350775],[-83.123957,41.350706],[-83.124121,41.350645],[-83.124454,41.350784],[-83.124386,41.350882],[-83.124125,41.350775]]]},"properties":{"p":"34-50-00-3578-00","o":"RIDLEY, JOSEPH K & AMY B /SURV","a":"415 GABEL ST","d":"Fremont City School District","t":1263.43,"l":"510: Res-Single Family","c":0}},{"type":"Feature","geometry":{"type":"Polygon","coordinates":[[[-83.124467,41.35103],[-83.124534,41.350933],[-83.125048,41.351146],[-83.124979,41.351239],[-83.124467,41.35103]]]},"properties":{"p":"34-50-00-3575-00","o":"BAKER, FERNANDO B","a":"416 GABEL ST","d":"Fremont City School District","t":1175.19,"l":"510: Res-Single Family","c":0}},{"type":"Feature","geometry":{"type":"Polygon","coordinates":[[[-83.12275,41.335579],[-83.12275,41.335403],[-83.123348,41.335404],[-83.123349,41.335581],[-83.12275,41.335579]]]},"properties":{"p":"34-50-00-3367-00","o":"BRINEY, SUSAN SPENCER","a":"1010 WHITTLESEY ST","d":"Fremont City School District","t":1139.1,"l":"510: Res-Single Family","c":0}},{"type":"Feature","geometry":{"type":"Polygon","coordinates":[[[-83.096364,41.34657],[-83.09643,41.346441],[-83.096918,41.346568],[-83.096851,41.346698],[-83.096364,41.34657]]]},"properties":{"p":"34-50-00-2892-00","o":"GARCIA, GUSTAVO F & YOLAN","a":"326 COLLINWOOD AVE N","d":"Fremont City School District","t":1290.32,"l":"510: Res-Single Family","c":0}},{"type":"Feature","geometry":{"type":"Polygon","coordinates":[[[-83.125836,41.343591],[-83.126338,41.343588],[-83.126331,41.343756],[-83.125828,41.343758],[-83.125836,41.343591]]]},"properties":{"p":"34-50-00-2829-00","o":"MORTON, ROBERT S & SANDRA K TRUSTEES","a":"314 LINCOLN ST","d":"Fremont City School District","t":1253.6,"l":"510: Res-Single Family","c":0}},{"type":"Feature","geometry":{"type":"Polygon","coordinates":[[[-83.123803,41.359588],[-83.12381,41.35936],[-83.12443,41.359356],[-83.124423,41.359585],[-83.123803,41.359588]]]},"properties":{"p":"34-50-00-2592-00","o":"BARTLETT RENTAL PROPERTIES LLC","a":"1211 FRANKLIN AVE","d":"Fremont City School District","t":1177.98,"l":"520: Res-Two Family","c":0}},{"type":"Feature","geometry":{"type":"Polygon","coordinates":[[[-83.126607,41.357015],[-83.126612,41.356848],[-83.127083,41.356845],[-83.127078,41.357014],[-83.126607,41.357015]]]},"properties":{"p":"34-50-00-2403-00","o":"PRIDDY, PAMELA G","a":"1013 WHITE AVE","d":"Fremont City School District","t":1129.63,"l":"510: Res-Single Family","c":0}},{"type":"Feature","geometry":{"type":"Polygon","coordinates":[[[-83.118194,41.352386],[-83.117512,41.352381],[-83.117512,41.352348],[-83.118049,41.352352],[-83.118047,41.352083],[-83.118209,41.352084],[-83.118255,41.352386],[-83.118194,41.352386]]]},"properties":{"p":"34-50-00-2105-01","o":"BRIONEZ, GILBERT ROLAND","a":"516 FULTON ST","d":"Fremont City School District","t":1153.03,"l":"510: Res-Single Family","c":0}},{"type":"Feature","geometry":{"type":"Polygon","coordinates":[[[-83.09845,41.343962],[-83.098627,41.34361],[-83.09899,41.343709],[-83.098809,41.344062],[-83.09845,41.343962]]]},"properties":{"p":"34-50-00-1962-03","o":"ZERMAN, REBECCA","a":"1006 STATE ST E","d":"Fremont City School District","t":1266.66,"l":"455: Com-Garage","c":0}},{"type":"Feature","geometry":{"type":"Polygon","coordinates":[[[-83.1211,41.341666],[-83.121101,41.341555],[-83.121354,41.341555],[-83.121355,41.341666],[-83.1211,41.341666]]]},"properties":{"p":"34-50-00-1919-01","o":"CLARK, CHARLES M","a":"518 WAYNE ST S","d":"Fremont City School District","t":1306.49,"l":"510: Res-Single Family","c":0}},{"type":"Feature","geometry":{"type":"Polygon","coordinates":[[[-83.104775,41.340057],[-83.104897,41.339803],[-83.106439,41.340228],[-83.106317,41.340483],[-83.104775,41.340057]]]},"properties":{"p":"34-50-00-1750-00","o":"FERGUSON, BERNICE","a":"428 MORRISON ST","d":"Fremont City School District","t":1145.89,"l":"510: Res-Single Family","c":0}},{"type":"Feature","geometry":{"type":"Polygon","coordinates":[[[-83.117916,41.339046],[-83.118093,41.339045],[-83.118095,41.339246],[-83.11792,41.339247],[-83.117916,41.339046]]]},"properties":{"p":"34-50-00-1688-00","o":"VALLE, ISMAEL V. & LINDA","a":"611 SOUTH ST","d":"Fremont City School District","t":1222.7,"l":"510: Res-Single Family","c":0}},{"type":"Feature","geometry":{"type":"Polygon","coordinates":[[[-83.126389,41.346395],[-83.126399,41.345928],[-83.126628,41.345926],[-83.126619,41.346394],[-83.126389,41.346395]]]},"properties":{"p":"34-50-00-1669-00","o":"CHAPMAN, KEANA JO & YVONNE M & WOOD, ALEXANDRIA","a":"1217 CROGHAN ST","d":"Fremont City School District","t":1254.63,"l":"510: Res-Single Family","c":0}},{"type":"Feature","geometry":{"type":"Polygon","coordinates":[[[-83.121933,41.335214],[-83.121932,41.335023],[-83.12253,41.335024],[-83.122532,41.335214],[-83.121933,41.335214]]]},"properties":{"p":"34-50-00-1634-02","o":"GRAY, ANDREW","a":"1013 WHITTLESEY ST","d":"Fremont City School District","t":1189.85,"l":"510: Res-Single Family","c":0}},{"type":"Feature","geometry":{"type":"Polygon","coordinates":[[[-83.122912,41.342007],[-83.122922,41.341562],[-83.12316,41.341561],[-83.123145,41.342008],[-83.122912,41.342007]]]},"properties":{"p":"34-50-00-1456-00","o":"CLARK, MARY E.","a":"1009 HAYES AVE","d":"Fremont City School District","t":1235.62,"l":"510: Res-Single Family","c":0}},{"type":"Feature","geometry":{"type":"Polygon","coordinates":[[[-83.099315,41.352433],[-83.099451,41.352278],[-83.099845,41.352474],[-83.099712,41.352623],[-83.099315,41.352433]]]},"properties":{"p":"34-50-00-0871-00","o":"YOUNG, ANDREA","a":"639 FOURTH ST","d":"Fremont City School District","t":1153.99,"l":"510: Res-Single Family","c":0}},{"type":"Feature","geometry":{"type":"Polygon","coordinates":[[[-83.100467,41.353004],[-83.100602,41.352851],[-83.101005,41.353051],[-83.10087,41.353202],[-83.100467,41.353004]]]},"properties":{"p":"34-50-00-0869-00","o":"SIMON, ROBERT T","a":"635 OHIO AVE","d":"Fremont City School District","t":1151.97,"l":"510: Res-Single Family","c":0}},{"type":"Feature","geometry":{"type":"Polygon","coordinates":[[[-83.103225,41.353353],[-83.103189,41.353393],[-83.103026,41.353315],[-83.103139,41.353187],[-83.103545,41.353389],[-83.103472,41.353471],[-83.103225,41.353353]]]},"properties":{"p":"34-50-00-0830-00","o":"LOPEZ, CHARLENE M & ANTHONY P /SURV","a":"612 SECOND ST","d":"Fremont City School District","t":1271.6,"l":"510: Res-Single Family","c":0}},{"type":"Feature","geometry":{"type":"Polygon","coordinates":[[[-83.099655,41.349437],[-83.099788,41.349285],[-83.100186,41.349484],[-83.100054,41.349634],[-83.099655,41.349437]]]},"properties":{"p":"34-50-00-0758-00","o":"RAKAY, MARISKA H & DURELL, RIKER W /SURV","a":"512 SIXTH ST","d":"Fremont City School District","t":1127.93,"l":"510: Res-Single Family","c":0}},{"type":"Feature","geometry":{"type":"Polygon","coordinates":[[[-83.109568,41.348661],[-83.109679,41.348535],[-83.110114,41.348755],[-83.11,41.348882],[-83.109568,41.348661]]]},"properties":{"p":"34-50-00-0512-00","o":"MATTOX, ROGER, JR","a":"223 ELLIOT ST","d":"Fremont City School District","t":1199.3,"l":"500: Res-Vacant Land","c":0}},{"type":"Feature","geometry":{"type":"Polygon","coordinates":[[[-83.117381,41.348704],[-83.117421,41.348649],[-83.117501,41.348648],[-83.117445,41.348731],[-83.117381,41.348704]]]},"properties":{"p":"34-50-00-0098-04","o":"603 W STATE HOLDING LLC","a":"603 60 STATE ST W","d":"Fremont City School District","t":1206.01,"l":"404: Com-Custom Code","c":0}},{"type":"Feature","geometry":{"type":"Polygon","coordinates":[[[-83.115005,41.349774],[-83.115363,41.349302],[-83.115837,41.349501],[-83.115491,41.349978],[-83.115005,41.349774]]]},"properties":{"p":"34-50-00-0018-00","o":"FLOWER REAL ESTATE HOLDIN","a":"423 KNAPP ST","d":"Fremont City School District","t":1159.85,"l":"330: Ind-Manufacturing-Medium","c":0}},{"type":"Feature","geometry":{"type":"Polygon","coordinates":[[[-83.049399,41.260709],[-83.0494,41.260318],[-83.049572,41.260321],[-83.04957,41.260712],[-83.049399,41.260709]]]},"properties":{"p":"33-50-00-0323-00","o":"BROWN, PAUL JR & ANDREA R /SURV","a":"210 HAMILTON ST","d":"Clyde-Green Springs Exempted Village School District","t":1200.67,"l":"599: Res-Other","c":0}},{"type":"Feature","geometry":{"type":"Polygon","coordinates":[[[-83.058478,41.260515],[-83.058479,41.260423],[-83.058859,41.26051],[-83.058834,41.262326],[-83.058447,41.262324],[-83.058478,41.260515]]]},"properties":{"p":"33-31-00-0003-00","o":"HOLLAND, ELAINE K & HANS","a":"310 MAPLE LN","d":"Clyde-Green Springs Exempted Village School District","t":1188.84,"l":"511: Res-Custom Code","c":0}},{"type":"Feature","geometry":{"type":"Polygon","coordinates":[[[-82.989343,41.31673],[-82.989344,41.315907],[-82.990095,41.315901],[-82.990095,41.31673],[-82.989343,41.31673]]]},"properties":{"p":"32-60-00-0181-01","o":"ACA REAL ESTATE INVESTMEN","a":"WOODLAND AVE N","d":"Clyde-Green Springs Exempted Village School District","t":1296.86,"l":"499: Com-Other","c":0}},{"type":"Feature","geometry":{"type":"Polygon","coordinates":[[[-82.981368,41.294985],[-82.98139,41.294986],[-82.981389,41.295151],[-82.981381,41.295564],[-82.981361,41.295564],[-82.981368,41.294985]]]},"properties":{"p":"32-60-00-0046-01","o":"STUART, WILLIAM & BERTHA C","a":"PFEIFFER AVE","d":"Clyde-Green Springs Exempted Village School District","t":1163.61,"l":"501: Res-Custom Code","c":0}},{"type":"Feature","geometry":{"type":"Polygon","coordinates":[[[-82.972588,41.312439],[-82.972588,41.312401],[-82.973117,41.3124],[-82.973112,41.312649],[-82.973089,41.312678],[-82.973037,41.312697],[-82.972584,41.312706],[-82.972588,41.312439]]]},"properties":{"p":"32-60-00-0043-05","o":"LOVINS, TRINA L","a":"196 NORTH ST","d":"Clyde-Green Springs Exempted Village School District","t":1284.27,"l":"510: Res-Single Family","c":0}},{"type":"Feature","geometry":{"type":"Polygon","coordinates":[[[-82.977865,41.300841],[-82.977865,41.300657],[-82.978476,41.300653],[-82.978473,41.30084],[-82.977865,41.300841]]]},"properties":{"p":"32-60-00-0020-02","o":"FUEHRING, CARA","a":"140 MECHANIC ST","d":"Clyde-Green Springs Exempted Village School District","t":1267.66,"l":"510: Res-Single Family","c":0}},{"type":"Feature","geometry":{"type":"Polygon","coordinates":[[[-82.980685,41.301378],[-82.980568,41.301278],[-82.980841,41.301099],[-82.980359,41.300692],[-82.980363,41.300322],[-82.980587,41.300393],[-82.980759,41.300407],[-82.981259,41.300528],[-82.981447,41.300679],[-82.981473,41.300763],[-82.981458,41.301174],[-82.981599,41.301323],[-82.981759,41.301391],[-82.981715,41.30142],[-82.981562,41.301354],[-82.981403,41.301186],[-82.981405,41.301135],[-82.980797,41.301474],[-82.980685,41.301378]]]},"properties":{"p":"32-60-00-0018-01","o":"MIDDAUGH, JOSH & REBEKAH","a":"412 BUCKEYE ST W","d":"Clyde-Green Springs Exempted Village School District","t":1181.51,"l":"511: Res-Custom Code","c":0}},{"type":"Feature","geometry":{"type":"Polygon","coordinates":[[[-82.997819,41.297446],[-82.998342,41.297206],[-82.998172,41.296995],[-82.999152,41.296545],[-82.999153,41.297201],[-82.998077,41.297552],[-82.998034,41.297503],[-82.997972,41.297466],[-82.997819,41.297446]]]},"properties":{"p":"32-50-00-2694-00","o":"FOUKE, TRAVIS J & BETSY J /SURV","a":"MERLIN LN","d":"Clyde-Green Springs Exempted Village School District","t":1150.08,"l":"500: Res-Vacant Land","c":0}},{"type":"Feature","geometry":{"type":"Polygon","coordinates":[[[-83.007255,41.326783],[-83.007342,41.326524],[-83.00744,41.326363],[-83.007468,41.326348],[-83.007524,41.32635],[-83.007642,41.326411],[-83.007691,41.326466],[-83.007735,41.326558],[-83.007813,41.326613],[-83.007569,41.326927],[-83.007255,41.326783]]]},"properties":{"p":"32-50-00-2538-00","o":"SCHAEFER, THOMAS C","a":"401 SHAWN CT","d":"Clyde-Green Springs Exempted Village School District","t":1252.72,"l":"510: Res-Single Family","c":0}},{"type":"Feature","geometry":{"type":"Polygon","coordinates":[[[-82.996884,41.297676],[-82.997104,41.297578],[-82.997159,41.297649],[-82.99694,41.297747],[-82.996884,41.297676]]]},"properties":{"p":"32-50-00-2489-09","o":"ROGISH, RONALD & CHARLOTTE I /SURV","a":"185 MERLIN LN","d":"Clyde-Green Springs Exempted Village School District","t":1176.77,"l":"550: Res-Condo","c":0}},{"type":"Feature","geometry":{"type":"Polygon","coordinates":[[[-82.974431,41.285575],[-82.974434,41.28537],[-82.97498,41.285367],[-82.974977,41.285576],[-82.974431,41.285575]]]},"properties":{"p":"32-50-00-2400-00","o":"PEARCE, MARGARET L & ANDREW L /SURV","a":"1585 MAIN ST","d":"Clyde-Green Springs Exempted Village School District","t":1255.63,"l":"510: Res-Single Family","c":0}},{"type":"Feature","geometry":{"type":"Polygon","coordinates":[[[-82.964729,41.304512],[-82.964947,41.304509],[-82.964953,41.304916],[-82.965148,41.304914],[-82.965148,41.30494],[-82.96473,41.304944],[-82.964729,41.304512]]]},"properties":{"p":"32-50-00-2162-02","o":"STANLEY, AARON","a":"609 BROWN ST","d":"Clyde-Green Springs Exempted Village School District","t":1246.6,"l":"510: Res-Single Family","c":0}},{"type":"Feature","geometry":{"type":"Polygon","coordinates":[[[-82.969778,41.304003],[-82.969596,41.303903],[-82.970149,41.303503],[-82.970147,41.304132],[-82.969778,41.304003]]]},"properties":{"p":"32-50-00-2120-00","o":"MARSHAL, LORENE","a":"308 31 FOREST ST E","d":"Clyde-Green Springs Exempted Village School District","t":1229.53,"l":"520: Res-Two Family","c":0}},{"type":"Feature","geometry":{"type":"Polygon","coordinates":[[[-82.965655,41.304478],[-82.965963,41.304478],[-82.965966,41.304905],[-82.965659,41.304906],[-82.965655,41.304478]]]},"properties":{"p":"32-50-00-1345-00","o":"DIETZ, MATTHEW CALVIN &PR","a":"525 BROWN ST","d":"Clyde-Green Springs Exempted Village School District","t":1200.95,"l":"510: Res-Single Family","c":0}},{"type":"Feature","geometry":{"type":"Polygon","coordinates":[[[-82.968208,41.30493],[-82.968391,41.305039],[-82.968391,41.305348],[-82.968213,41.305349],[-82.968208,41.30493]]]},"properties":{"p":"32-50-00-1337-00","o":"RECKER, ARIC J","a":"410 AMES ST","d":"Clyde-Green Springs Exempted Village School District","t":1176.63,"l":"510: Res-Single Family","c":0}},{"type":"Feature","geometry":{"type":"Polygon","coordinates":[[[-82.971665,41.296559],[-82.971848,41.296558],[-82.971844,41.29701],[-82.971661,41.297011],[-82.971665,41.296559]]]},"properties":{"p":"32-50-00-1185-00","o":"CLARK, KENDRA","a":"184 BERTHA AVE","d":"Clyde-Green Springs Exempted Village School District","t":1127.7,"l":"510: Res-Single Family","c":0}},{"type":"Feature","geometry":{"type":"Polygon","coordinates":[[[-82.97147,41.311152],[-82.97173,41.310743],[-82.971828,41.310784],[-82.971576,41.311195],[-82.97147,41.311152]]]},"properties":{"p":"32-50-00-1102-01","o":"TAYLOR, MICHAEL P. & MELI","a":"115 HOWARD ST","d":"Clyde-Green Springs Exempted Village School District","t":1271.28,"l":"599: Res-Other","c":0}},{"type":"Feature","geometry":{"type":"Polygon","coordinates":[[[-82.979468,41.310626],[-82.979268,41.310618],[-82.979276,41.310479],[-82.979876,41.3105],[-82.979867,41.310641],[-82.979468,41.310626]]]},"properties":{"p":"32-50-00-1069-01","o":"NELSON, DAVON","a":"184 NELSON ST","d":"Clyde-Green Springs Exempted Village School District","t":1144.46,"l":"510: Res-Single Family","c":0}},{"type":"Feature","geometry":{"type":"Polygon","coordinates":[[[-82.978785,41.308723],[-82.978797,41.308542],[-82.979397,41.308555],[-82.979386,41.308736],[-82.978785,41.308723]]]},"properties":{"p":"32-50-00-0779-00","o":"KEEGAN, RODDY S","a":"635 GEORGE ST","d":"Clyde-Green Springs Exempted Village School District","t":1268.55,"l":"510: Res-Single Family","c":0}},{"type":"Feature","geometry":{"type":"Polygon","coordinates":[[[-82.985256,41.303312],[-82.985719,41.303314],[-82.985717,41.303688],[-82.985252,41.303691],[-82.985256,41.303312]]]},"properties":{"p":"32-50-00-0721-00","o":"CUMMINGS, DEBORAH SUSAN WEST","a":"237 VINE ST","d":"Clyde-Green Springs Exempted Village School District","t":1242.07,"l":"510: Res-Single Family","c":0}},{"type":"Feature","geometry":{"type":"Polygon","coordinates":[[[-82.977817,41.310521],[-82.978038,41.310145],[-82.978525,41.31028],[-82.978515,41.310438],[-82.978152,41.310338],[-82.978044,41.310585],[-82.977817,41.310521]]]},"properties":{"p":"32-50-00-0657-01","o":"PIC RESTAURANTS LLC","a":"222 MCPHERSON HWY W","d":"Clyde-Green Springs Exempted Village School District","t":1275.4,"l":"430: Com-Retaurant","c":0}},{"type":"Feature","geometry":{"type":"Polygon","coordinates":[[[-82.986612,41.302579],[-82.986424,41.302577],[-82.986426,41.302483],[-82.986058,41.302484],[-82.986074,41.301573],[-82.986441,41.301574],[-82.986434,41.302005],[-82.986801,41.302006],[-82.986791,41.302581],[-82.986612,41.302579]]]},"properties":{"p":"32-50-00-0570-02","o":"WOTT, KRISTINE A","a":"523 MAPLE ST W","d":"Clyde-Green Springs Exempted Village School District","t":1284.23,"l":"481: Com-Custom Code","c":0}},{"type":"Feature","geometry":{"type":"Polygon","coordinates":[[[-82.971767,41.303857],[-82.971767,41.303673],[-82.972006,41.303671],[-82.972006,41.30413],[-82.971766,41.304131],[-82.971767,41.303857]]]},"properties":{"p":"32-50-00-0166-00","o":"BROWNING, TUESDAY M","a":"162 FOREST ST E","d":"Clyde-Green Springs Exempted Village School District","t":1133.11,"l":"510: Res-Single Family","c":0}},{"type":"Feature","geometry":{"type":"Polygon","coordinates":[[[-83.087589,41.404942],[-83.087592,41.404569],[-83.087847,41.404567],[-83.087843,41.404945],[-83.087589,41.404942]]]},"properties":{"p":"31-11-04-0089-00","o":"ALBRECHTA, JACQUELINE R","a":"1095 SPRINGWOOD DR","d":"Fremont City School District","t":1204.87,"l":"510: Res-Single Family","c":0}},{"type":"Feature","geometry":{"type":"Polygon","coordinates":[[[-83.099928,41.413513],[-83.099948,41.412972],[-83.100324,41.412976],[-83.100304,41.413517],[-83.099928,41.413513]]]},"properties":{"p":"31-11-03-0021-00","o":"LIBERTY HOMES OF NW OHIO LTD","a":"775 SUNNY ACRES DR","d":"Fremont City School District","t":1213.57,"l":"511: Res-Custom Code","c":0}},{"type":"Feature","geometry":{"type":"Polygon","coordinates":[[[-83.363979,41.45025],[-83.363838,41.450192],[-83.364088,41.449851],[-83.3643,41.449939],[-83.364051,41.450279],[-83.363979,41.45025]]]},"properties":{"p":"30-50-00-0238-00","o":"SPARKS, NANCY J","a":"106 COLLEGE AVE","d":"Woodmore Local School District","t":1148.4,"l":"510: Res-Single Family","c":0}},{"type":"Feature","geometry":{"type":"Polygon","coordinates":[[[-83.364467,41.452753],[-83.364699,41.452434],[-83.364911,41.452522],[-83.36468,41.45284],[-83.364467,41.452753]]]},"properties":{"p":"30-50-00-0072-00","o":"CARROLL, MICHAEL R & AMANDA M /SURV","a":"300 FIRST ST W","d":"Woodmore Local School District","t":1279.36,"l":"510: Res-Single Family","c":0}},{"type":"Feature","geometry":{"type":"Polygon","coordinates":[[[-83.371013,41.462241],[-83.370994,41.46109],[-83.37124,41.461104],[-83.371246,41.460604],[-83.372321,41.460645],[-83.372348,41.46229],[-83.371013,41.462241]]]},"properties":{"p":"28-21-00-0013-00","o":"CASTILLO, ABEL & SLAUGHTER, JOANN A /SURV","a":"6442 CR 901","d":"Woodmore Local School District","t":1225.43,"l":"511: Res-Custom Code","c":0}},{"type":"Feature","geometry":{"type":"Polygon","coordinates":[[[-83.340336,41.487391],[-83.340318,41.48662],[-83.341783,41.486603],[-83.341742,41.486659],[-83.341711,41.486753],[-83.341701,41.486905],[-83.341643,41.487002],[-83.3416,41.487038],[-83.34121,41.487131],[-83.340851,41.487329],[-83.340747,41.487368],[-83.340336,41.487391]]]},"properties":{"p":"28-10-00-0107-01","o":"TAYLOR, EDWARD W","a":"5672 CR 167","d":"Woodmore Local School District","t":1192.51,"l":"511: Res-Custom Code","c":0}},{"type":"Feature","geometry":{"type":"Polygon","coordinates":[[[-83.324954,41.388429],[-83.325817,41.388439],[-83.325803,41.388511],[-83.325818,41.389038],[-83.325758,41.389333],[-83.325768,41.389744],[-83.324954,41.388429]]]},"properties":{"p":"27-60-00-0007-02","o":"DUNLAP, ROBERT D JR & LORI J TRUSTEES","a":"410 PATTERSON ST N","d":"Gibsonburg Exempted Village School District","t":1147.42,"l":"541: Res-Custom Code","c":0}},{"type":"Feature","geometry":{"type":"Polygon","coordinates":[[[-83.318733,41.38568],[-83.319101,41.385674],[-83.319093,41.385951],[-83.318725,41.385959],[-83.318733,41.38568]]]},"properties":{"p":"27-50-00-0196-00","o":"MARINOFF, MICHAEL B & KIMBERLY S /SURV","a":"120 STEVENSON ST E","d":"Gibsonburg Exempted Village School District","t":1291.5,"l":"510: Res-Single Family","c":0}},{"type":"Feature","geometry":{"type":"Polygon","coordinates":[[[-83.321996,41.387709],[-83.32202,41.387157],[-83.322295,41.387157],[-83.322267,41.387709],[-83.321996,41.387709]]]},"properties":{"p":"27-50-00-0118-00","o":"HUETHER, LINA","a":"215 EVANS ST","d":"Gibsonburg Exempted Village School District","t":1297.48,"l":"510: Res-Single Family","c":0}},{"type":"Feature","geometry":{"type":"Polygon","coordinates":[[[-83.320349,41.385227],[-83.320123,41.385227],[-83.320127,41.385089],[-83.320684,41.38509],[-83.32068,41.385226],[-83.320349,41.385227]]]},"properties":{"p":"27-50-00-0034-00","o":"TO THE MOON INVESTMENTS LLC","a":"114 MAIN ST N","d":"Gibsonburg Exempted Village School District","t":1238.73,"l":"429: Com-Other","c":0}},{"type":"Feature","geometry":{"type":"Polygon","coordinates":[[[-83.319052,41.389371],[-83.319068,41.388884],[-83.319796,41.388873],[-83.319776,41.389474],[-83.319052,41.389371]]]},"properties":{"p":"27-13-00-0004-01","o":"STOUT, LORI L & ANTHONY R /SURV","a":"503 MAIN ST N","d":"Gibsonburg Exempted Village School District","t":1163.68,"l":"510: Res-Single Family","c":0}},{"type":"Feature","geometry":{"type":"Polygon","coordinates":[[[-83.404766,41.369981],[-83.405021,41.369711],[-83.406085,41.369723],[-83.406088,41.37029],[-83.404599,41.37029],[-83.404601,41.370228],[-83.404766,41.369981]]]},"properties":{"p":"25-30-00-0005-00","o":"DEES, JORDAN MICHAEL & SHIRLEY ANNE /SURV","a":"7325 CR 65","d":"Gibsonburg Exempted Village School District","t":1139.2,"l":"511: Res-Custom Code","c":0}},{"type":"Feature","geometry":{"type":"Polygon","coordinates":[[[-83.372533,41.355901],[-83.372534,41.355817],[-83.373736,41.355824],[-83.373724,41.356657],[-83.372522,41.356649],[-83.372533,41.355901]]]},"properties":{"p":"25-28-00-0007-00","o":"MINTZ, CRAIGORY S & ASHLEY M /SURV","a":"6456 CR 55","d":"Gibsonburg Exempted Village School District","t":1148.28,"l":"541: Res-Custom Code","c":0}},{"type":"Feature","geometry":{"type":"Polygon","coordinates":[[[-83.325659,41.355644],[-83.32566,41.355562],[-83.329183,41.355575],[-83.330451,41.355565],[-83.330297,41.362801],[-83.325554,41.362805],[-83.325659,41.355644]]]},"properties":{"p":"25-26-00-0013-00","o":"LAN-MAR FARMS","a":"CR 55","d":"Gibsonburg Exempted Village School District","t":1132.82,"l":"110: Agr-CAUV-Vacant Land","c":0}},{"type":"Feature","geometry":{"type":"Polygon","coordinates":[[[-83.303579,41.314044],[-83.303555,41.312585],[-83.305786,41.312671],[-83.305782,41.313245],[-83.304276,41.313243],[-83.304275,41.313826],[-83.305788,41.313822],[-83.305795,41.314358],[-83.303584,41.314315],[-83.303579,41.314044]]]},"properties":{"p":"24-12-00-0005-03","o":"DAMMAN, RUSSELL A & LAJTI","a":"CR 41","d":"Gibsonburg Exempted Village School District","t":1215.8,"l":"599: Res-Other","c":0}},{"type":"Feature","geometry":{"type":"Polygon","coordinates":[[[-83.418634,41.269773],[-83.418643,41.269499],[-83.419369,41.269506],[-83.41936,41.269775],[-83.418634,41.269773]]]},"properties":{"p":"23-30-00-0021-00","o":"GREEN, JACK L","a":"8072 SR 23","d":"Lakota Local School District","t":1182.48,"l":"511: Res-Custom Code","c":0}},{"type":"Feature","geometry":{"type":"Polygon","coordinates":[[[-83.413744,41.283211],[-83.41377,41.282452],[-83.414701,41.282464],[-83.414669,41.283298],[-83.413741,41.283289],[-83.413744,41.283211]]]},"properties":{"p":"23-30-00-0004-13","o":"ROSENBERGER, EDMUND J","a":"7485 CR 21","d":"Lakota Local School District","t":1239.65,"l":"511: Res-Custom Code","c":0}},{"type":"Feature","geometry":{"type":"Polygon","coordinates":[[[-83.353421,41.291406],[-83.353425,41.291351],[-83.354497,41.291347],[-83.354286,41.294994],[-83.35321,41.295001],[-83.353421,41.291406]]]},"properties":{"p":"23-22-00-0017-00","o":"GABEL, DAVID A TRUSTEE","a":"5970 CR 25","d":"Lakota Local School District","t":1253.86,"l":"511: Res-Custom Code","c":0}},{"type":"Feature","geometry":{"type":"Polygon","coordinates":[[[-83.24216,41.402907],[-83.242404,41.402584],[-83.242795,41.402752],[-83.24255,41.403074],[-83.24216,41.402907]]]},"properties":{"p":"20-95-00-0045-00","o":"WHITAKER, TAMMY M","a":"3144 CR 704","d":"Gibsonburg Exempted Village School District","t":1278.87,"l":"510: Res-Single Family","c":0}},{"type":"Feature","geometry":{"type":"Polygon","coordinates":[[[-83.245391,41.384686],[-83.244583,41.384674],[-83.243892,41.384687],[-83.243651,41.384647],[-83.243463,41.384585],[-83.243229,41.384537],[-83.242741,41.3841],[-83.242427,41.383649],[-83.24224,41.38326],[-83.242045,41.383104],[-83.242835,41.382884],[-83.243347,41.382812],[-83.243309,41.383259],[-83.243602,41.38329],[-83.243572,41.38364],[-83.244984,41.383739],[-83.244397,41.382826],[-83.244214,41.382863],[-83.243626,41.382693],[-83.243458,41.382785],[-83.243149,41.382764],[-83.242812,41.382813],[-83.242423,41.382898],[-83.242146,41.382924],[-83.241388,41.382753],[-83.241436,41.381268],[-83.246258,41.381266],[-83.246122,41.384899],[-83.245989,41.384899],[-83.245955,41.384783],[-83.245761,41.384724],[-83.24564,41.3847],[-83.245391,41.384686]]]},"properties":{"p":"20-21-00-0001-00","o":"SCHAAF, KYLE P","a":"1512 CR 90","d":"Gibsonburg Exempted Village School District","t":1182.11,"l":"111: Agr-CAUV-Cash-Grain Farm","c":0}},{"type":"Feature","geometry":{"type":"Polygon","coordinates":[[[-83.249939,41.405803],[-83.250154,41.404779],[-83.251003,41.405134],[-83.250594,41.405689],[-83.250545,41.405728],[-83.25045,41.405773],[-83.250188,41.405804],[-83.249939,41.405803]]]},"properties":{"p":"20-09-00-0015-00","o":"WOTHERSPOON, DAVID C CUSTODIAN","a":"3334 SR 20","d":"Gibsonburg Exempted Village School District","t":1268.64,"l":"510: Res-Single Family","c":0}},{"type":"Feature","geometry":{"type":"Polygon","coordinates":[[[-83.207808,41.386916],[-83.209402,41.387581],[-83.209323,41.387654],[-83.209177,41.387723],[-83.209053,41.387947],[-83.20893,41.388026],[-83.208451,41.38817],[-83.208073,41.388266],[-83.207748,41.388381],[-83.207808,41.386916]]]},"properties":{"p":"19-14-00-0005-01","o":"STAUSBAUGH, WINFIELD L","a":"4364 SR 20","d":"Fremont City School District","t":1244.13,"l":"511: Res-Custom Code","c":0}},{"type":"Feature","geometry":{"type":"Polygon","coordinates":[[[-83.26076,41.281646],[-83.260839,41.281615],[-83.26094,41.281606],[-83.261299,41.281625],[-83.261303,41.282451],[-83.260734,41.282482],[-83.25941,41.282605],[-83.25938,41.282391],[-83.259703,41.282261],[-83.260231,41.282094],[-83.26038,41.28199],[-83.260523,41.281863],[-83.260568,41.281796],[-83.260673,41.281697],[-83.26076,41.281646]]]},"properties":{"p":"14-28-00-0004-01","o":"COONEY, JOAN R","a":"3521 CR 23","d":"Lakota Local School District","t":1161.16,"l":"541: Res-Custom Code","c":0}},{"type":"Feature","geometry":{"type":"Polygon","coordinates":[[[-83.282468,41.30503],[-83.282708,41.304799],[-83.284138,41.304984],[-83.283996,41.305248],[-83.283892,41.305537],[-83.282297,41.305327],[-83.28235,41.305183],[-83.282468,41.30503]]]},"properties":{"p":"14-18-00-0007-01","o":"MAGALON, CLYDE S","a":"1321 CR 72","d":"Lakota Local School District","t":1166.7,"l":"599: Res-Other","c":0}},{"type":"Feature","geometry":{"type":"Polygon","coordinates":[[[-83.22531,41.325994],[-83.225343,41.325329],[-83.226005,41.325327],[-83.225976,41.325988],[-83.22531,41.325994]]]},"properties":{"p":"14-10-00-0004-00","o":"KRAUSS, HAVEN D.","a":"618 SR 590","d":"Lakota Local School District","t":1130.33,"l":"511: Res-Custom Code","c":0}},{"type":"Feature","geometry":{"type":"Polygon","coordinates":[[[-83.248498,41.320962],[-83.248511,41.320069],[-83.247336,41.320087],[-83.24735,41.31854],[-83.247199,41.318538],[-83.247231,41.317645],[-83.249848,41.317698],[-83.249818,41.318603],[-83.249691,41.318601],[-83.249647,41.320703],[-83.248491,41.321053],[-83.248498,41.320962]]]},"properties":{"p":"14-09-00-0008-00","o":"OLLOM, JAMES R & NANCY M","a":"3225 CR 41","d":"Lakota Local School District","t":1178.27,"l":"512: Res-Custom Code","c":0}},{"type":"Feature","geometry":{"type":"Polygon","coordinates":[[[-83.233633,41.340599],[-83.233909,41.340583],[-83.233867,41.341442],[-83.232311,41.341458],[-83.232313,41.341373],[-83.232216,41.341173],[-83.232006,41.341002],[-83.231999,41.3408],[-83.232958,41.340782],[-83.233633,41.340599]]]},"properties":{"p":"14-03-00-0004-01","o":"KISER, JODI L","a":"2827 SR 6","d":"Lakota Local School District","t":1201.89,"l":"521: Res-Custom Code","c":0}},{"type":"Feature","geometry":{"type":"Polygon","coordinates":[[[-83.141465,41.355742],[-83.141465,41.35567],[-83.142747,41.355673],[-83.142744,41.356015],[-83.141467,41.356022],[-83.141465,41.355742]]]},"properties":{"p":"13-33-49-0087-00","o":"BEEKER, RENDE TONYA & RICHARD WARREN","a":"808 WHITE RD","d":"Fremont City School District","t":1272.57,"l":"510: Res-Single Family","c":0}},{"type":"Feature","geometry":{"type":"Polygon","coordinates":[[[-83.141456,41.345274],[-83.141455,41.345035],[-83.142114,41.345039],[-83.142115,41.345276],[-83.141456,41.345274]]]},"properties":{"p":"13-33-45-0012-00","o":"SABO, LINDSEY E","a":"200 COOK ST","d":"Fremont City School District","t":1288.3,"l":"510: Res-Single Family","c":0}},{"type":"Feature","geometry":{"type":"Polygon","coordinates":[[[-83.089831,41.358917],[-83.089831,41.358645],[-83.090591,41.358645],[-83.090587,41.358915],[-83.089831,41.358917]]]},"properties":{"p":"13-26-00-0028-01","o":"BEE, ANGELA J","a":"1117 BLOOM RD","d":"Fremont City School District","t":1173.08,"l":"510: Res-Single Family","c":0}},{"type":"Feature","geometry":{"type":"Polygon","coordinates":[[[-83.10361,41.372106],[-83.103486,41.371686],[-83.104169,41.371925],[-83.104139,41.372013],[-83.104138,41.372104],[-83.10361,41.372106]]]},"properties":{"p":"13-23-16-0008-00","o":"HUGHES, PATRICIA K","a":"1951 MELODY DR","d":"Fremont City School District","t":1220.64,"l":"510: Res-Single Family","c":0}},{"type":"Feature","geometry":{"type":"Polygon","coordinates":[[[-83.107097,41.383789],[-83.107466,41.383745],[-83.107574,41.384184],[-83.106641,41.384227],[-83.106552,41.383853],[-83.107097,41.383789]]]},"properties":{"p":"13-22-14-0006-08","o":"KECKLER, SCOTT","a":"2612-A & B PORT CLINTON RD","d":"Fremont City School District","t":1236.51,"l":"520: Res-Two Family","c":0}},{"type":"Feature","geometry":{"type":"Polygon","coordinates":[[[-83.140609,41.408668],[-83.140645,41.407441],[-83.142858,41.407463],[-83.142781,41.407529],[-83.142671,41.407687],[-83.142612,41.407717],[-83.142522,41.407724],[-83.142456,41.407746],[-83.142419,41.407776],[-83.142365,41.407863],[-83.142315,41.407902],[-83.142078,41.40797],[-83.141857,41.408066],[-83.141543,41.408175],[-83.141229,41.408362],[-83.140928,41.40849],[-83.140716,41.40862],[-83.140609,41.408668]]]},"properties":{"p":"13-09-00-0004-03","o":"MCCALL INVESTMENTS","a":"380 CR 97","d":"Fremont City School District","t":1157.48,"l":"511: Res-Custom Code","c":0}},{"type":"Feature","geometry":{"type":"Polygon","coordinates":[[[-83.106578,41.299238],[-83.107065,41.299233],[-83.107065,41.29986],[-83.106578,41.299857],[-83.106578,41.299238]]]},"properties":{"p":"10-14-00-0001-07","o":"MATT, KENNETH A. & AMY M.","a":"1078 MCGORMLEY RD E","d":"Fremont City School District","t":1240.53,"l":"511: Res-Custom Code","c":0}},{"type":"Feature","geometry":{"type":"Polygon","coordinates":[[[-83.103552,41.322759],[-83.103552,41.322542],[-83.104221,41.322543],[-83.104222,41.322763],[-83.103552,41.322759]]]},"properties":{"p":"10-11-61-0040-00","o":"SANCHEZ, KYLE E","a":"1721 OAK DR","d":"Fremont City School District","t":1151.39,"l":"510: Res-Single Family","c":0}},{"type":"Feature","geometry":{"type":"Polygon","coordinates":[[[-83.123669,41.324242],[-83.12369,41.324175],[-83.123867,41.324207],[-83.123846,41.324274],[-83.123669,41.324242]]]},"properties":{"p":"10-10-82-0028-00","o":"MCCLELLAN, RENA R TRUSTEE","a":"112 BRIARWOOD CIR","d":"Fremont City School District","t":1268.45,"l":"550: Res-Condo","c":0}},{"type":"Feature","geometry":{"type":"Polygon","coordinates":[[[-83.120993,41.319355],[-83.120996,41.319079],[-83.121539,41.31908],[-83.121537,41.319357],[-83.120993,41.319355]]]},"properties":{"p":"10-10-55-0035-00","o":"SWEENEY, TIMOTHY C & CHERYL A /SURV","a":"1852 FINLEY DR","d":"Fremont City School District","t":1220.57,"l":"510: Res-Single Family","c":0}},{"type":"Feature","geometry":{"type":"Polygon","coordinates":[[[-83.120259,41.320194],[-83.120802,41.320175],[-83.120799,41.320449],[-83.120257,41.320468],[-83.120259,41.320194]]]},"properties":{"p":"10-10-54-0019-00","o":"SZYMANOWSKI, DENNIS L. A","a":"1817 FINLEY DR","d":"Fremont City School District","t":1266.17,"l":"510: Res-Single Family","c":0}},{"type":"Feature","geometry":{"type":"Polygon","coordinates":[[[-83.12714,41.320392],[-83.12745,41.320382],[-83.12744,41.320873],[-83.127127,41.320885],[-83.12714,41.320392]]]},"properties":{"p":"10-10-53-0005-00","o":"ROEHRICH, DENISE L","a":"1013 COLE RD W","d":"Fremont City School District","t":1133.19,"l":"510: Res-Single Family","c":0}},{"type":"Feature","geometry":{"type":"Polygon","coordinates":[[[-83.115062,41.320544],[-83.11517,41.320339],[-83.115761,41.320506],[-83.11576,41.320741],[-83.115062,41.320544]]]},"properties":{"p":"10-10-41-0014-02","o":"WALLAND, HUNTER","a":"1826 MORRISON RD","d":"Fremont City School District","t":1137.64,"l":"510: Res-Single Family","c":0}},{"type":"Feature","geometry":{"type":"Polygon","coordinates":[[[-83.17807,41.326149],[-83.178081,41.325763],[-83.179569,41.325786],[-83.179552,41.326174],[-83.17807,41.326149]]]},"properties":{"p":"10-07-00-0014-12","o":"DRUCKENMILLER, TROY A &","a":"678 CR 126","d":"Fremont City School District","t":1173.99,"l":"511: Res-Custom Code","c":0}},{"type":"Feature","geometry":{"type":"Polygon","coordinates":[[[-83.168297,41.330607],[-83.168309,41.3299],[-83.169041,41.330089],[-83.169033,41.330601],[-83.168297,41.330607]]]},"properties":{"p":"10-06-00-0001-01","o":"JONES, RUBY B.","a":"516 CR 134","d":"Fremont City School District","t":1276.2,"l":"501: Res-Custom Code","c":0}},{"type":"Feature","geometry":{"type":"Polygon","coordinates":[[[-83.149762,41.340524],[-83.149838,41.340524],[-83.149839,41.340616],[-83.149763,41.340616],[-83.149762,41.340524]]]},"properties":{"p":"10-05-16-0020-09","o":"LYLE INC","a":"108 COLONY COURT DR","d":"Fremont City School District","t":1168.71,"l":"550: Res-Condo","c":0}},{"type":"Feature","geometry":{"type":"Polygon","coordinates":[[[-83.149862,41.340528],[-83.14994,41.340528],[-83.14994,41.34062],[-83.149864,41.340621],[-83.149862,41.340528]]]},"properties":{"p":"10-05-16-0020-08","o":"LYLE INC","a":"106 COLONY COURT DR","d":"Fremont City School District","t":1309.45,"l":"550: Res-Condo","c":0}},{"type":"Feature","geometry":{"type":"Polygon","coordinates":[[[-83.139091,41.331856],[-83.139362,41.331711],[-83.13958,41.331918],[-83.139228,41.332108],[-83.139007,41.3319],[-83.139091,41.331856]]]},"properties":{"p":"10-04-17-0008-05","o":"LAGROU, RICHARD A & KIMBE","a":"1036 OAKWOOD ST","d":"Fremont City School District","t":1233.66,"l":"510: Res-Single Family","c":0}},{"type":"Feature","geometry":{"type":"Polygon","coordinates":[[[-82.97394,41.354043],[-82.974049,41.354041],[-82.973962,41.357664],[-82.96915,41.357743],[-82.969235,41.354107],[-82.97394,41.354043]]]},"properties":{"p":"09-36-00-0002-00","o":"WOTT, ZACHARY W & BRITTANY L","a":"507 SR 510","d":"Clyde-Green Springs Exempted Village School District","t":1186.48,"l":"111: Agr-CAUV-Cash-Grain Farm","c":0}},{"type":"Feature","geometry":{"type":"Polygon","coordinates":[[[-83.049952,41.344636],[-83.049958,41.343933],[-83.050893,41.343938],[-83.050886,41.344637],[-83.049952,41.344636]]]},"properties":{"p":"08-32-00-0012-01","o":"CONTRERAS, DANIEL","a":"187 CR 204","d":"Fremont City School District","t":1176.02,"l":"511: Res-Custom Code","c":0}},{"type":"Feature","geometry":{"type":"Polygon","coordinates":[[[-83.022476,41.371835],[-83.021958,41.371842],[-83.021969,41.371383],[-83.023435,41.371359],[-83.023455,41.372591],[-83.023158,41.372691],[-83.023141,41.37257],[-83.023152,41.372502],[-83.023179,41.372438],[-83.023273,41.372317],[-83.023229,41.372227],[-83.023117,41.372135],[-83.022938,41.372035],[-83.022476,41.371835]]]},"properties":{"p":"08-21-00-0018-00","o":"MCFARLAND DONALD J JR & AMY R /SURV","a":"2826 CR 241","d":"Fremont City School District","t":1286.17,"l":"511: Res-Custom Code","c":0}},{"type":"Feature","geometry":{"type":"Polygon","coordinates":[[[-83.033476,41.371191],[-83.03404,41.371181],[-83.034007,41.372277],[-83.03343,41.372284],[-83.033476,41.371191]]]},"properties":{"p":"08-20-00-0020-02","o":"CONTRERAS, KRISTINA","a":"2544 CR 241","d":"Fremont City School District","t":1227.28,"l":"511: Res-Custom Code","c":0}},{"type":"Feature","geometry":{"type":"Polygon","coordinates":[[[-83.05175,41.423159],[-83.051782,41.423062],[-83.052023,41.423101],[-83.051991,41.423197],[-83.05175,41.423159]]]},"properties":{"p":"08-06-03-0024-00","o":"SCHANK, LAVONNA M","a":"2897 CR 206","d":"Fremont City School District","t":1256.46,"l":"510: Res-Single Family","c":0}},{"type":"Feature","geometry":{"type":"Polygon","coordinates":[[[-82.985357,41.269841],[-82.98623,41.269833],[-82.986232,41.270522],[-82.985359,41.270528],[-82.985357,41.269841]]]},"properties":{"p":"06-35-00-0001-01","o":"BOLEY, ASHLEY","a":"3825 CR 183","d":"Clyde-Green Springs Exempted Village School District","t":1173.1,"l":"511: Res-Custom Code","c":0}},{"type":"Feature","geometry":{"type":"Polygon","coordinates":[[[-82.989434,41.301411],[-82.989436,41.301161],[-82.990086,41.30116],[-82.990084,41.301414],[-82.989434,41.301411]]]},"properties":{"p":"06-14-00-0004-00","o":"SNYDER, LOUIS E & NANCY J /SURV","a":"221 WOODLAND AVE","d":"Clyde-Green Springs Exempted Village School District","t":1233.23,"l":"511: Res-Custom Code","c":0}},{"type":"Feature","geometry":{"type":"Polygon","coordinates":[[[-82.994102,41.335961],[-82.995577,41.335954],[-82.995569,41.336407],[-82.993985,41.336414],[-82.993993,41.335961],[-82.994102,41.335961]]]},"properties":{"p":"06-03-00-0014-01","o":"CRAMER, SHANE M & REBECCA A /SURV","a":"344 CR 242","d":"Clyde-Green Springs Exempted Village School District","t":1312.33,"l":"511: Res-Custom Code","c":0}},{"type":"Feature","geometry":{"type":"Polygon","coordinates":[[[-82.882578,41.350576],[-82.882715,41.345025],[-82.882732,41.343288],[-82.887523,41.343309],[-82.887437,41.349096],[-82.887108,41.349327],[-82.886411,41.349151],[-82.885421,41.349507],[-82.886018,41.350111],[-82.885394,41.350583],[-82.882578,41.350576]]]},"properties":{"p":"04-34-00-0024-00","o":"A & P FARMS LLC","a":"SR 101 E","d":"Margaretta Local School District","t":1219.57,"l":"110: Agr-CAUV-Vacant Land","c":0}},{"type":"Feature","geometry":{"type":"Polygon","coordinates":[[[-82.921207,41.354243],[-82.921253,41.350626],[-82.922755,41.350622],[-82.922762,41.351763],[-82.92352,41.35176],[-82.923517,41.350621],[-82.923626,41.35062],[-82.923754,41.35225],[-82.92608,41.352014],[-82.926042,41.356289],[-82.92118,41.356301],[-82.921207,41.354243]]]},"properties":{"p":"04-32-00-0012-00","o":"CLONCH, MARY C. ET. AL.","a":"CR 231","d":"Margaretta Local School District","t":1194.25,"l":"110: Agr-CAUV-Vacant Land","c":0}},{"type":"Feature","geometry":{"type":"Polygon","coordinates":[[[-82.935628,41.359722],[-82.93563,41.359581],[-82.936358,41.359589],[-82.936356,41.359732],[-82.935628,41.359722]]]},"properties":{"p":"04-30-00-0003-00","o":"TAYLOR, TROY","a":"664 CR 268 N","d":"Margaretta Local School District","t":1151.97,"l":"541: Res-Custom Code","c":0}},{"type":"Feature","geometry":{"type":"Polygon","coordinates":[[[-82.954118,41.378706],[-82.954192,41.378691],[-82.95414,41.380915],[-82.951615,41.380916],[-82.951654,41.379208],[-82.954118,41.378706]]]},"properties":{"p":"04-19-00-0029-00","o":"MCCLAIN, CAROL & PAUL M","a":"1349 CR 260","d":"Margaretta Local School District","t":1227.83,"l":"511: Res-Custom Code","c":0}},{"type":"Feature","geometry":{"type":"Polygon","coordinates":[[[-82.847286,41.410025],[-82.850626,41.410008],[-82.850629,41.41062],[-82.846754,41.410647],[-82.846733,41.410027],[-82.847286,41.410025]]]},"properties":{"p":"04-12-00-0024-00","o":"YETTER, DAVID & BRADLEY P","a":"2430 NORTHWEST RD N","d":"Margaretta Local School District","t":1222.76,"l":"400: Com-Vacant Land","c":0}},{"type":"Feature","geometry":{"type":"Polygon","coordinates":[[[-82.900776,41.429379],[-82.900777,41.429153],[-82.901269,41.429158],[-82.901268,41.429383],[-82.900776,41.429379]]]},"properties":{"p":"04-04-00-0035-01","o":"BOWERS, IAN G","a":"3069 CR 290","d":"Margaretta Local School District","t":1266.11,"l":"511: Res-Custom Code","c":0}},{"type":"Feature","geometry":{"type":"Polygon","coordinates":[[[-82.841274,41.282738],[-82.841824,41.282734],[-82.841828,41.282872],[-82.841281,41.282876],[-82.841274,41.282738]]]},"properties":{"p":"03-50-00-1371-00","o":"BEGGS, DENNIS JR","a":"709 NORTHWEST ST","d":"Bellevue City School District","t":1267.85,"l":"510: Res-Single Family","c":0}},{"type":"Feature","geometry":{"type":"Polygon","coordinates":[[[-82.848816,41.268017],[-82.848818,41.267835],[-82.849396,41.26784],[-82.849393,41.268021],[-82.848816,41.268017]]]},"properties":{"p":"03-50-00-0324-00","o":"RYAN, CHELSEA","a":"125 DECKER ST","d":"Bellevue City School District","t":1197.04,"l":"510: Res-Single Family","c":0}},{"type":"Feature","geometry":{"type":"Polygon","coordinates":[[[-82.85137,41.27752],[-82.851348,41.276783],[-82.851609,41.276855],[-82.851583,41.276938],[-82.851594,41.276939],[-82.851609,41.277522],[-82.85137,41.27752]]]},"properties":{"p":"03-50-00-0287-00","o":"MICHALEC, MATTHAN L","a":"518 MAIN ST W","d":"Bellevue City School District","t":1219.54,"l":"510: Res-Single Family","c":0}},{"type":"Feature","geometry":{"type":"Polygon","coordinates":[[[-82.846507,41.275771],[-82.846664,41.275458],[-82.846787,41.275493],[-82.846808,41.275528],[-82.846667,41.275816],[-82.846507,41.275771]]]},"properties":{"p":"03-50-00-0236-03","o":"JMTR PROPERTIES LLC","a":"318 MAIN ST W","d":"Bellevue City School District","t":1131.85,"l":"447: Com-Office","c":0}},{"type":"Feature","geometry":{"type":"Polygon","coordinates":[[[-82.840804,41.27114],[-82.841566,41.271131],[-82.841573,41.271321],[-82.84081,41.27133],[-82.840804,41.27114]]]},"properties":{"p":"03-50-00-0160-00","o":"VAN NESS, NORMAN E II & BAUM-VAN NESS, SHANNON K","a":"232 SOUTHWEST ST","d":"Bellevue City School District","t":1285.64,"l":"420: Com-Retail-Small","c":0}},{"type":"Feature","geometry":{"type":"Polygon","coordinates":[[[-82.945942,41.296996],[-82.946057,41.296937],[-82.946037,41.298158],[-82.945283,41.29734],[-82.945942,41.296996]]]},"properties":{"p":"02-19-00-0001-00","o":"MARSHALL, LORENE","a":"4864-4866 CR 175","d":"Clyde-Green Springs Exempted Village School District","t":1162.36,"l":"520: Res-Two Family","c":0}},{"type":"Feature","geometry":{"type":"Polygon","coordinates":[[[-82.860699,41.279885],[-82.860713,41.279341],[-82.860959,41.279403],[-82.860936,41.279889],[-82.860699,41.279885]]]},"properties":{"p":"01-26-00-0041-00","o":"KINLOCH ENTERPRISES LLC","a":"840 MAIN ST W","d":"Bellevue City School District","t":1214.09,"l":"511: Res-Custom Code","c":0}},{"type":"Feature","geometry":{"type":"Polygon","coordinates":[[[-82.87819,41.28562],[-82.878187,41.285455],[-82.878809,41.285461],[-82.878805,41.285782],[-82.878183,41.285775],[-82.87819,41.28562]]]},"properties":{"p":"01-23-02-0003-00","o":"JENKINS, ROGER D & NANCY E TRUSTEES","a":"2057 CR 302","d":"Bellevue City School District","t":1253.85,"l":"510: Res-Single Family","c":0}},{"type":"Feature","geometry":{"type":"Polygon","coordinates":[[[-82.872018,41.313782],[-82.872019,41.313699],[-82.872562,41.313703],[-82.872559,41.3145],[-82.87201,41.314496],[-82.872018,41.313782]]]},"properties":{"p":"01-11-00-0010-03","o":"BAUM, DAREN L & CHRISTINE A /SURV","a":"6750 CR 219","d":"Bellevue City School District","t":1146.57,"l":"541: Res-Custom Code","c":0}},{"type":"Feature","geometry":{"type":"Polygon","coordinates":[[[-83.090949,41.345295],[-83.090962,41.344955],[-83.091784,41.344977],[-83.09178,41.345318],[-83.090949,41.345295]]]},"properties":{"p":"34-60-00-0393-02","o":"SPRADLING, JAMES LYNN","a":"321 COTTAGE ST","d":"Fremont City School District","t":1275.1,"l":"511: Res-Custom Code","c":0}},{"type":"Feature","geometry":{"type":"Polygon","coordinates":[[[-83.120272,41.37696],[-83.120271,41.376761],[-83.119994,41.376761],[-83.119996,41.376066],[-83.121047,41.376068],[-83.121043,41.376961],[-83.120272,41.37696]]]},"properties":{"p":"34-60-00-0382-14","o":"RLG FREMONT LTD & GCG FRE","a":"FANGBONER RD","d":"Fremont City School District","t":1181.33,"l":"400: Com-Vacant Land","c":0}},{"type":"Feature","geometry":{"type":"Polygon","coordinates":[[[-82.925497,41.288805],[-82.925503,41.288525],[-82.926349,41.28853],[-82.926349,41.288822],[-82.925497,41.288805]]]},"properties":{"p":"01-20-00-0008-01","o":"LEBER, KRISTA L","a":"1938 CR 270","d":"Bellevue City School District","t":1013.79,"l":"511: Res-Custom Code","c":0}},{"type":"Feature","geometry":{"type":"Polygon","coordinates":[[[-82.846234,41.274986],[-82.846435,41.274567],[-82.846852,41.27468],[-82.846654,41.275101],[-82.846234,41.274986]]]},"properties":{"p":"03-50-00-0272-01","o":"KAPUTS LLC","a":"311 MAIN ST W","d":"Bellevue City School District","t":1109.47,"l":"441: Com-Funeral Home","c":0}},{"type":"Feature","geometry":{"type":"Polygon","coordinates":[[[-83.236526,41.253046],[-83.236528,41.252965],[-83.236986,41.252968],[-83.236967,41.253454],[-83.236513,41.253458],[-83.236526,41.253046]]]},"properties":{"p":"14-34-00-0007-01","o":"HAUBERT, TIMOTHY J & JEANNE M /SURV","a":"2880 CR 1","d":"Lakota Local School District","t":991.88,"l":"511: Res-Custom Code","c":0}},{"type":"Feature","geometry":{"type":"Polygon","coordinates":[[[-83.292356,41.342277],[-83.292354,41.341864],[-83.29271,41.341863],[-83.292717,41.342276],[-83.292356,41.342277]]]},"properties":{"p":"18-50-00-0106-00","o":"LAFAYETTE, KRISTIN","a":"150 NORTH ST","d":"Gibsonburg Exempted Village School District","t":1021.86,"l":"510: Res-Single Family","c":0}},{"type":"Feature","geometry":{"type":"Polygon","coordinates":[[[-83.243876,41.403022],[-83.244137,41.402674],[-83.244403,41.402788],[-83.244385,41.402812],[-83.244912,41.403034],[-83.244667,41.40336],[-83.243876,41.403022]]]},"properties":{"p":"20-95-00-0029-00","o":"PRICE, DAVID P","a":"3173 CR 704","d":"Gibsonburg Exempted Village School District","t":1065.16,"l":"510: Res-Single Family","c":0}},{"type":"Feature","geometry":{"type":"Polygon","coordinates":[[[-83.095449,41.441253],[-83.095438,41.440534],[-83.096683,41.440539],[-83.096687,41.441249],[-83.095449,41.441253]]]},"properties":{"p":"31-35-00-0018-01","o":"BAKER, PATRICK","a":"3533 CR 174","d":"Fremont City School District","t":1030.12,"l":"562: Res-Custom Code","c":0}},{"type":"Feature","geometry":{"type":"Polygon","coordinates":[[[-83.117935,41.351477],[-83.118141,41.351465],[-83.118249,41.351318],[-83.118649,41.351275],[-83.118687,41.351291],[-83.118801,41.351134],[-83.119539,41.35144],[-83.118692,41.351536],[-83.117841,41.351605],[-83.117935,41.351477]]]},"properties":{"p":"34-60-00-0144-08","o":"KEATON, BRYANT & HOTZ, CHRISTOPHER / SURV","a":"446 WOOD ST","d":"Fremont City School District","t":1004.99,"l":"499: Com-Other","c":0}},{"type":"Feature","geometry":{"type":"Polygon","coordinates":[[[-83.122417,41.346413],[-83.122421,41.346029],[-83.122606,41.34603],[-83.122601,41.346413],[-83.122417,41.346413]]]},"properties":{"p":"34-60-00-0015-02","o":"CONTRERAS, HELADIO,SR.& M","a":"1005 1 CROGHAN ST","d":"Fremont City School District","t":1009.43,"l":"520: Res-Two Family","c":0}},{"type":"Feature","geometry":{"type":"Polygon","coordinates":[[[-83.109542,41.361467],[-83.109853,41.361465],[-83.109832,41.361801],[-83.109522,41.361806],[-83.109542,41.361467]]]},"properties":{"p":"34-50-00-6437-00","o":"REYNA, RICARDO & YOLANDA/","a":"226 NORTH ST","d":"Fremont City School District","t":1108.77,"l":"510: Res-Single Family","c":0}},{"type":"Feature","geometry":{"type":"Polygon","coordinates":[[[-83.130658,41.36981],[-83.130661,41.369453],[-83.131866,41.369462],[-83.131862,41.369821],[-83.130658,41.36981]]]},"properties":{"p":"34-50-00-6328-00","o":"LAJTI PROPERTIES, INC","a":"1729 DICKINSON ST","d":"Fremont City School District","t":1119.72,"l":"510: Res-Single Family","c":0}},{"type":"Feature","geometry":{"type":"Polygon","coordinates":[[[-83.101902,41.332555],[-83.101917,41.332207],[-83.102158,41.332203],[-83.102151,41.332585],[-83.101981,41.332586],[-83.101902,41.332555]]]},"properties":{"p":"34-50-00-6243-00","o":"EM APARTMENTS OH LLC","a":"874 EAGLE CT","d":"Fremont City School District","t":1115.88,"l":"510: Res-Single Family","c":0}},{"type":"Feature","geometry":{"type":"Polygon","coordinates":[[[-83.121396,41.340043],[-83.121398,41.339387],[-83.12165,41.339386],[-83.121659,41.339842],[-83.12156,41.339842],[-83.121558,41.340174],[-83.121396,41.340043]]]},"properties":{"p":"34-50-00-5519-00","o":"GOOSLIN, LISA","a":"904 SOUTH ST","d":"Fremont City School District","t":1010.65,"l":"510: Res-Single Family","c":0}},{"type":"Feature","geometry":{"type":"Polygon","coordinates":[[[-83.135872,41.343297],[-83.135876,41.343161],[-83.136452,41.343158],[-83.136453,41.343296],[-83.135872,41.343297]]]},"properties":{"p":"34-50-00-5334-00","o":"CONLEY, JOHN R.","a":"325 STONE ST S","d":"Fremont City School District","t":1118.29,"l":"499: Com-Other","c":0}},{"type":"Feature","geometry":{"type":"Polygon","coordinates":[[[-83.102655,41.339308],[-83.102715,41.339182],[-83.103227,41.339324],[-83.103166,41.339451],[-83.102655,41.339308]]]},"properties":{"p":"34-50-00-5080-00","o":"ADDAIR, KIMBERLY","a":"817 MARVIN ST","d":"Fremont City School District","t":982.54,"l":"540: Res-Custom Code","c":0}},{"type":"Feature","geometry":{"type":"Polygon","coordinates":[[[-83.097026,41.340017],[-83.097138,41.339788],[-83.098054,41.340038],[-83.097945,41.340265],[-83.097026,41.340017]]]},"properties":{"p":"34-50-00-5041-00","o":"ROSS, NICOLE R","a":"301 PENNSYLVANIA AVE S","d":"Fremont City School District","t":1075.35,"l":"510: Res-Single Family","c":0}},{"type":"Feature","geometry":{"type":"Polygon","coordinates":[[[-83.096351,41.345208],[-83.096433,41.345047],[-83.096925,41.345179],[-83.096845,41.345341],[-83.096351,41.345208]]]},"properties":{"p":"34-50-00-4754-00","o":"HECK, AMY M","a":"227 COLLINWOOD AVE N","d":"Fremont City School District","t":1103.65,"l":"510: Res-Single Family","c":0}},{"type":"Feature","geometry":{"type":"Polygon","coordinates":[[[-83.127256,41.339367],[-83.127448,41.339366],[-83.127451,41.339817],[-83.12726,41.339818],[-83.127256,41.339367]]]},"properties":{"p":"34-50-00-3658-01","o":"VANNESS, APRIL","a":"1212 SOUTH ST","d":"Fremont City School District","t":1052.25,"l":"510: Res-Single Family","c":0}},{"type":"Feature","geometry":{"type":"Polygon","coordinates":[[[-83.118097,41.356384],[-83.118135,41.356277],[-83.118591,41.356279],[-83.118545,41.356415],[-83.118089,41.35641],[-83.118097,41.356384]]]},"properties":{"p":"34-50-00-3229-00","o":"LONG, JAMES J & KAY OR SU","a":"UNION PL","d":"Fremont City School District","t":1021.44,"l":"500: Res-Vacant Land","c":0}},{"type":"Feature","geometry":{"type":"Polygon","coordinates":[[[-83.126533,41.359571],[-83.126538,41.359392],[-83.127009,41.35939],[-83.127003,41.359571],[-83.126533,41.359571]]]},"properties":{"p":"34-50-00-2663-00","o":"BECHTOL, KEVIN & BILLER, HOLLY / SURV","a":"1211 WHITE AVE","d":"Fremont City School District","t":1096.88,"l":"510: Res-Single Family","c":0}},{"type":"Feature","geometry":{"type":"Polygon","coordinates":[[[-83.124632,41.360265],[-83.124639,41.360042],[-83.12526,41.36004],[-83.125254,41.360261],[-83.124632,41.360265]]]},"properties":{"p":"34-50-00-2616-00","o":"PASCH, WILLIAM J. & SANDR","a":"1228 FRANKLIN AVE","d":"Fremont City School District","t":1075.04,"l":"510: Res-Single Family","c":0}},{"type":"Feature","geometry":{"type":"Polygon","coordinates":[[[-83.126577,41.358036],[-83.126581,41.357905],[-83.127051,41.357903],[-83.127048,41.358034],[-83.126577,41.358036]]]},"properties":{"p":"34-50-00-2520-00","o":"TUSING, VICKIE S","a":"1109 WHITE AVE","d":"Fremont City School District","t":1028.43,"l":"510: Res-Single Family","c":0}},{"type":"Feature","geometry":{"type":"Polygon","coordinates":[[[-83.11634,41.351119],[-83.116354,41.350853],[-83.116499,41.350856],[-83.116487,41.351124],[-83.11634,41.351119]]]},"properties":{"p":"34-50-00-2180-00","o":"STARKS, ELOISE","a":"609 MAY ST","d":"Fremont City School District","t":1108.15,"l":"510: Res-Single Family","c":0}},{"type":"Feature","geometry":{"type":"Polygon","coordinates":[[[-83.118031,41.339411],[-83.118248,41.339409],[-83.118247,41.33973],[-83.118027,41.339732],[-83.118031,41.339411]]]},"properties":{"p":"34-50-00-2168-00","o":"GUZMAN, SHERRY A","a":"614 SOUTH ST","d":"Fremont City School District","t":1114.11,"l":"510: Res-Single Family","c":0}},{"type":"Feature","geometry":{"type":"Polygon","coordinates":[[[-83.117554,41.339048],[-83.117916,41.339046],[-83.11792,41.339247],[-83.117553,41.33925],[-83.117554,41.339048]]]},"properties":{"p":"34-50-00-1688-01","o":"CBEOP LLC","a":"702 PARK AVE S","d":"Fremont City School District","t":986.83,"l":"520: Res-Two Family","c":0}},{"type":"Feature","geometry":{"type":"Polygon","coordinates":[[[-83.129535,41.338625],[-83.129719,41.338514],[-83.130511,41.339197],[-83.130329,41.339314],[-83.129535,41.338625]]]},"properties":{"p":"34-50-00-1474-00","o":"KILLIAN, FRANK F & PALMER, DONNA E /SURV","a":"1433 BUCKLAND AVE","d":"Fremont City School District","t":1009.42,"l":"510: Res-Single Family","c":0}},{"type":"Feature","geometry":{"type":"Polygon","coordinates":[[[-83.124398,41.344998],[-83.12449,41.344998],[-83.124495,41.344862],[-83.12461,41.34486],[-83.124592,41.345294],[-83.124389,41.345295],[-83.124398,41.344998]]]},"properties":{"p":"34-50-00-1383-00","o":"PERKINS, TRENTON T","a":"1107 GARRISON ST","d":"Fremont City School District","t":1005.7,"l":"510: Res-Single Family","c":0}},{"type":"Feature","geometry":{"type":"Polygon","coordinates":[[[-83.128727,41.353029],[-83.128792,41.352936],[-83.128969,41.353007],[-83.128903,41.353099],[-83.128727,41.353029]]]},"properties":{"p":"34-50-00-1323-02","o":"GARCIA-PENA, LILY A","a":"633 GRANT ST","d":"Fremont City School District","t":1039.06,"l":"510: Res-Single Family","c":0}},{"type":"Feature","geometry":{"type":"Polygon","coordinates":[[[-83.122636,41.343951],[-83.122638,41.343919],[-83.122568,41.343917],[-83.122582,41.343634],[-83.122635,41.343603],[-83.122965,41.34392],[-83.122739,41.344052],[-83.122636,41.343951]]]},"properties":{"p":"34-50-00-1270-00","o":"KOCHER, KIM O & ROBIN R /","a":"1003 BUCKLAND AVE","d":"Fremont City School District","t":1097.35,"l":"520: Res-Two Family","c":0}},{"type":"Feature","geometry":{"type":"Polygon","coordinates":[[[-83.106945,41.348286],[-83.107132,41.348054],[-83.107334,41.348156],[-83.107137,41.348382],[-83.106945,41.348286]]]},"properties":{"p":"34-50-00-1167-00","o":"GONZALEZ, BERNARDINO & ZUNIGA, SILVIA /SURV","a":"300 MIDDLE ST","d":"Fremont City School District","t":1051.26,"l":"510: Res-Single Family","c":0}},{"type":"Feature","geometry":{"type":"Polygon","coordinates":[[[-83.118178,41.343426],[-83.118482,41.343423],[-83.118481,41.343549],[-83.118179,41.343551],[-83.118178,41.343426]]]},"properties":{"p":"34-50-00-0974-08","o":"LAGROU, RICHARD A & KIMBE","a":"319 CLOVER ST S","d":"Fremont City School District","t":1014.2,"l":"520: Res-Two Family","c":0}},{"type":"Feature","geometry":{"type":"Polygon","coordinates":[[[-83.118177,41.3433],[-83.118481,41.343296],[-83.118482,41.343423],[-83.118178,41.343426],[-83.118177,41.3433]]]},"properties":{"p":"34-50-00-0974-07","o":"WORKMAN, JAMES F II","a":"325 CLOVER ST","d":"Fremont City School District","t":1062.69,"l":"510: Res-Single Family","c":0}},{"type":"Feature","geometry":{"type":"Polygon","coordinates":[[[-83.104259,41.352656],[-83.104393,41.352505],[-83.104793,41.352706],[-83.104658,41.352859],[-83.104259,41.352656]]]},"properties":{"p":"34-50-00-0789-00","o":"WARNER, MICHAEL","a":"533-535 SANDUSKY AVE","d":"Fremont City School District","t":1082.44,"l":"520: Res-Two Family","c":0}},{"type":"Feature","geometry":{"type":"Polygon","coordinates":[[[-83.104246,41.351937],[-83.104375,41.35179],[-83.104776,41.35199],[-83.104648,41.352135],[-83.104246,41.351937]]]},"properties":{"p":"34-50-00-0767-00","o":"FANEUFF, ELIZABETH J TRUSTEE","a":"520 SECOND ST","d":"Fremont City School District","t":1017.91,"l":"510: Res-Single Family","c":0}},{"type":"Feature","geometry":{"type":"Polygon","coordinates":[[[-83.104409,41.350612],[-83.104542,41.350464],[-83.104936,41.350662],[-83.104805,41.350809],[-83.104409,41.350612]]]},"properties":{"p":"34-50-00-0711-00","o":"ORTEGA, PASTORA CAMACHO","a":"437 SECOND ST","d":"Fremont City School District","t":1044.77,"l":"510: Res-Single Family","c":0}},{"type":"Feature","geometry":{"type":"Polygon","coordinates":[[[-83.103337,41.347117],[-83.103446,41.346981],[-83.103864,41.347195],[-83.103751,41.347326],[-83.103337,41.347117]]]},"properties":{"p":"34-50-00-0578-00","o":"BERBERICK, MARIE G","a":"306 FIFTH ST N","d":"Fremont City School District","t":1012.29,"l":"510: Res-Single Family","c":0}},{"type":"Feature","geometry":{"type":"Polygon","coordinates":[[[-83.119241,41.345839],[-83.119616,41.345834],[-83.119608,41.345942],[-83.119234,41.345944],[-83.119241,41.345839]]]},"properties":{"p":"34-50-00-0259-02","o":"ALMEIDA, NICOLE","a":"117 WOOD ST S","d":"Fremont City School District","t":982.48,"l":"510: Res-Single Family","c":0}},{"type":"Feature","geometry":{"type":"Polygon","coordinates":[[[-83.118632,41.347795],[-83.119134,41.347789],[-83.119136,41.347953],[-83.118635,41.347958],[-83.118632,41.347795]]]},"properties":{"p":"34-50-00-0173-00","o":"CHURCH, ST JOHNS EVAN LUT","a":"206 CLOVER ST N","d":"Fremont City School District","t":1093.6,"l":"510: Res-Single Family","c":0}},{"type":"Feature","geometry":{"type":"Polygon","coordinates":[[[-83.054512,41.257358],[-83.054503,41.256861],[-83.054717,41.256863],[-83.054726,41.257359],[-83.054512,41.257358]]]},"properties":{"p":"33-50-00-0081-00","o":"NOFTZ, JERRY DALE & JOSEPH WOLFGANG /SURV","a":"200 ADAMS ST W","d":"Clyde-Green Springs Exempted Village School District","t":993.21,"l":"510: Res-Single Family","c":0}},{"type":"Feature","geometry":{"type":"Polygon","coordinates":[[[-83.002059,41.318024],[-83.002059,41.3173],[-83.002778,41.31751],[-83.002745,41.318027],[-83.002059,41.318024]]]},"properties":{"p":"32-60-00-0187-01","o":"TRAVIS, HEATHER, SCHMUCKER, HALEY & CUTRI, HEIDE","a":"1318 SR 20","d":"Clyde-Green Springs Exempted Village School District","t":1085.36,"l":"511: Res-Custom Code","c":0}},{"type":"Feature","geometry":{"type":"Polygon","coordinates":[[[-82.990622,41.2993],[-82.990759,41.299121],[-82.99092,41.29919],[-82.990784,41.29937],[-82.990622,41.2993]]]},"properties":{"p":"32-60-00-0126-07","o":"CRAIG, VICTOR & BIANCA /SURV","a":"102 ORCHARD GROVE DR","d":"Clyde-Green Springs Exempted Village School District","t":1113.19,"l":"550: Res-Condo","c":0}},{"type":"Feature","geometry":{"type":"Polygon","coordinates":[[[-82.997399,41.297093],[-82.999108,41.296308],[-82.999152,41.296308],[-82.999152,41.296545],[-82.99755,41.297281],[-82.997399,41.297093]]]},"properties":{"p":"32-50-00-2488-02","o":"FOUKE, TRAVIS J & BETSY J /SURV","a":"170 MERLIN LN","d":"Clyde-Green Springs Exempted Village School District","t":985.5,"l":"501: Res-Custom Code","c":0}},{"type":"Feature","geometry":{"type":"Polygon","coordinates":[[[-82.986069,41.306585],[-82.987105,41.306587],[-82.987102,41.306859],[-82.986065,41.306865],[-82.986069,41.306585]]]},"properties":{"p":"32-50-00-1782-00","o":"MEADE, RONALD J. & VICKI","a":"136 RIDGEVIEW ST","d":"Clyde-Green Springs Exempted Village School District","t":1088.72,"l":"510: Res-Single Family","c":0}},{"type":"Feature","geometry":{"type":"Polygon","coordinates":[[[-82.983087,41.301408],[-82.983299,41.301264],[-82.98373,41.301544],[-82.983408,41.301696],[-82.983087,41.301408]]]},"properties":{"p":"32-50-00-1627-00","o":"LEITER, KIM L & SCOTT M","a":"442 44 MAPLE ST W","d":"Clyde-Green Springs Exempted Village School District","t":1073.78,"l":"520: Res-Two Family","c":0}},{"type":"Feature","geometry":{"type":"Polygon","coordinates":[[[-82.982953,41.3015],[-82.983087,41.301408],[-82.983408,41.301696],[-82.983253,41.301769],[-82.982953,41.3015]]]},"properties":{"p":"32-50-00-1626-00","o":"LEITER, KIM L & SCOTT M","a":"438 44 MAPLE ST W","d":"Clyde-Green Springs Exempted Village School District","t":1099.77,"l":"520: Res-Two Family","c":0}},{"type":"Feature","geometry":{"type":"Polygon","coordinates":[[[-82.982738,41.301646],[-82.982953,41.3015],[-82.983253,41.301769],[-82.983006,41.301889],[-82.982738,41.301646]]]},"properties":{"p":"32-50-00-1624-00","o":"SBD ASSOCIATES, LLC","a":"434 43 MAPLE ST W","d":"Clyde-Green Springs Exempted Village School District","t":1102.66,"l":"520: Res-Two Family","c":0}},{"type":"Feature","geometry":{"type":"Polygon","coordinates":[[[-82.98454,41.30359],[-82.984546,41.303307],[-82.984774,41.303304],[-82.98477,41.303693],[-82.984537,41.303694],[-82.98454,41.30359]]]},"properties":{"p":"32-50-00-0724-00","o":"KOEBS INVESTMENTS LLC","a":"253 VINE ST","d":"Clyde-Green Springs Exempted Village School District","t":1082.88,"l":"510: Res-Single Family","c":0}},{"type":"Feature","geometry":{"type":"Polygon","coordinates":[[[-82.972736,41.301179],[-82.972975,41.301177],[-82.972972,41.301628],[-82.972732,41.30163],[-82.972736,41.301179]]]},"properties":{"p":"32-50-00-0638-00","o":"WILLS, CATHY & MORGAN, MORGAN","a":"206 ARCH ST","d":"Clyde-Green Springs Exempted Village School District","t":1095.74,"l":"510: Res-Single Family","c":0}},{"type":"Feature","geometry":{"type":"Polygon","coordinates":[[[-82.98575,41.301405],[-82.985774,41.301404],[-82.985783,41.30111],[-82.985703,41.300781],[-82.986026,41.300621],[-82.98609,41.300678],[-82.986076,41.301461],[-82.985749,41.301462],[-82.98575,41.301405]]]},"properties":{"p":"32-50-00-0569-05","o":"WOTT, KRISTINE A","a":"527-523 MAPLE ST W","d":"Clyde-Green Springs Exempted Village School District","t":1070.74,"l":"510: Res-Single Family","c":0}},{"type":"Feature","geometry":{"type":"Polygon","coordinates":[[[-82.981516,41.302943],[-82.981686,41.302842],[-82.981759,41.302848],[-82.981945,41.303025],[-82.981734,41.303152],[-82.981516,41.302943]]]},"properties":{"p":"32-50-00-0540-01","o":"BROOKS, JONATHAN LEE","a":"359 MAPLE ST W","d":"Clyde-Green Springs Exempted Village School District","t":1011.95,"l":"510: Res-Single Family","c":0}},{"type":"Feature","geometry":{"type":"Polygon","coordinates":[[[-82.977786,41.302671],[-82.977784,41.302166],[-82.977968,41.302165],[-82.977968,41.302673],[-82.977786,41.302671]]]},"properties":{"p":"32-50-00-0418-01","o":"BILBREY, DIANA L.","a":"310 CHERRY ST","d":"Clyde-Green Springs Exempted Village School District","t":988.96,"l":"510: Res-Single Family","c":0}},{"type":"Feature","geometry":{"type":"Polygon","coordinates":[[[-82.974213,41.308615],[-82.974744,41.308291],[-82.974741,41.308781],[-82.974445,41.308845],[-82.974213,41.308615]]]},"properties":{"p":"32-50-00-0255-00","o":"VAN DOREN, CHAD A & JUDI L /SURV","a":"610 MAIN ST N","d":"Clyde-Green Springs Exempted Village School District","t":1037.77,"l":"510: Res-Single Family","c":0}},{"type":"Feature","geometry":{"type":"Polygon","coordinates":[[[-82.972254,41.305116],[-82.972344,41.304683],[-82.972427,41.304682],[-82.972427,41.304749],[-82.972531,41.304747],[-82.97245,41.305165],[-82.972254,41.305116]]]},"properties":{"p":"32-50-00-0139-01","o":"WRIGHT, RHONDA S","a":"152 BUCKEYE ST E","d":"Clyde-Green Springs Exempted Village School District","t":1081.15,"l":"510: Res-Single Family","c":0}},{"type":"Feature","geometry":{"type":"Polygon","coordinates":[[[-82.970683,41.30552],[-82.970803,41.30552],[-82.970804,41.305628],[-82.970684,41.305628],[-82.970683,41.30552]]]},"properties":{"p":"32-50-00-0091-06","o":"BOYER, REBECCA A","a":"116 CHURCH ST N","d":"Clyde-Green Springs Exempted Village School District","t":1037.34,"l":"550: Res-Condo","c":0}},{"type":"Feature","geometry":{"type":"Polygon","coordinates":[[[-83.085519,41.404352],[-83.086025,41.404284],[-83.086069,41.404473],[-83.085563,41.404544],[-83.085519,41.404352]]]},"properties":{"p":"31-12-04-0063-00","o":"HOLLAND, BRENT W & JASHAWNNA B/SURV","a":"2263 HARBOR HILL DR","d":"Fremont City School District","t":1107.02,"l":"599: Res-Other","c":0}},{"type":"Feature","geometry":{"type":"Polygon","coordinates":[[[-83.121053,41.421703],[-83.121076,41.420336],[-83.122064,41.420344],[-83.122078,41.419892],[-83.12323,41.419902],[-83.12319,41.421721],[-83.121053,41.421703]]]},"properties":{"p":"31-03-00-0013-02","o":"SHAVER, KELSEY & CHELSEA /SURV","a":"CR 119","d":"Fremont City School District","t":996.51,"l":"599: Res-Other","c":0}},{"type":"Feature","geometry":{"type":"Polygon","coordinates":[[[-83.365024,41.452363],[-83.365142,41.452206],[-83.365353,41.452292],[-83.365238,41.452452],[-83.365024,41.452363]]]},"properties":{"p":"30-50-00-0034-02","o":"FEENY, HOWARD W","a":"305 FIRST ST W","d":"Woodmore Local School District","t":1020.55,"l":"510: Res-Single Family","c":0}},{"type":"Feature","geometry":{"type":"Polygon","coordinates":[[[-83.36649,41.452481],[-83.366725,41.452158],[-83.366819,41.452196],[-83.366587,41.452521],[-83.36649,41.452481]]]},"properties":{"p":"30-50-00-0023-01","o":"LAGROU, RICHARD A & KIMBERLY A /SURV","a":"414-414 1/2 MAIN ST","d":"Woodmore Local School District","t":1045.96,"l":"520: Res-Two Family","c":0}},{"type":"Feature","geometry":{"type":"Polygon","coordinates":[[[-83.313888,41.439279],[-83.313875,41.435646],[-83.31859,41.435612],[-83.318642,41.43857],[-83.31741,41.438575],[-83.317422,41.439264],[-83.313888,41.439279]]]},"properties":{"p":"28-36-00-0022-00","o":"KERBEL, JOHN P TRUSTEE","a":"CR 56","d":"Woodmore Local School District","t":1031.64,"l":"111: Agr-CAUV-Cash-Grain Farm","c":0}},{"type":"Feature","geometry":{"type":"Polygon","coordinates":[[[-83.393481,41.431782],[-83.393489,41.430258],[-83.395904,41.430322],[-83.395886,41.43304],[-83.395852,41.434967],[-83.393583,41.436234],[-83.392712,41.436676],[-83.392738,41.431789],[-83.393481,41.431782]]]},"properties":{"p":"28-32-00-0011-00","o":"HOODLEBRINK, GARY L & CHERYL A TRUSTEES","a":"3321 CR 14","d":"Woodmore Local School District","t":1037.78,"l":"110: Agr-CAUV-Vacant Land","c":0}},{"type":"Feature","geometry":{"type":"Polygon","coordinates":[[[-83.406892,41.412387],[-83.406896,41.410088],[-83.411487,41.410074],[-83.411488,41.410953],[-83.410263,41.410971],[-83.410248,41.413708],[-83.40853,41.413713],[-83.408532,41.412382],[-83.406892,41.412387]]]},"properties":{"p":"28-07-00-0001-03","o":"BROUGH, SCOTT H","a":"7435 CR 107","d":"Woodmore Local School District","t":1009.69,"l":"100: Agr-Vacant Land","c":0}},{"type":"Feature","geometry":{"type":"Polygon","coordinates":[[[-83.374229,41.428188],[-83.374588,41.421001],[-83.376967,41.421005],[-83.376653,41.428226],[-83.374226,41.428244],[-83.374229,41.428188]]]},"properties":{"p":"28-04-00-0002-00","o":"HOODLEBRINK, GARY L & CHERYL A TRUSTEES","a":"CR 121","d":"Woodmore Local School District","t":1048.92,"l":"110: Agr-CAUV-Vacant Land","c":0}},{"type":"Feature","geometry":{"type":"Polygon","coordinates":[[[-83.325593,41.387106],[-83.325605,41.386689],[-83.32588,41.386689],[-83.325864,41.387106],[-83.325593,41.387106]]]},"properties":{"p":"27-50-00-0144-00","o":"ALDRICH, BARBARA L.","a":"424 STONE ST","d":"Gibsonburg Exempted Village School District","t":1015.06,"l":"510: Res-Single Family","c":0}},{"type":"Feature","geometry":{"type":"Polygon","coordinates":[[[-83.324146,41.386692],[-83.324331,41.386691],[-83.324315,41.387107],[-83.32413,41.387109],[-83.324146,41.386692]]]},"properties":{"p":"27-50-00-0137-00","o":"TURNER, RACHAEL A","a":"320 STONE ST W","d":"Gibsonburg Exempted Village School District","t":1009.62,"l":"510: Res-Single Family","c":0}},{"type":"Feature","geometry":{"type":"Polygon","coordinates":[[[-83.322024,41.387109],[-83.322043,41.386695],[-83.322225,41.386694],[-83.322205,41.38711],[-83.322024,41.387109]]]},"properties":{"p":"27-50-00-0098-00","o":"PRATT, JAMES & KAREN","a":"212 STONE ST W","d":"Gibsonburg Exempted Village School District","t":1038.33,"l":"510: Res-Single Family","c":0}},{"type":"Feature","geometry":{"type":"Polygon","coordinates":[[[-83.321858,41.385496],[-83.32187,41.385226],[-83.322031,41.385227],[-83.322198,41.385496],[-83.321858,41.385496]]]},"properties":{"p":"27-50-00-0071-00","o":"TRAYLOR, CHARLES E & YOLANDA /SURV","a":"209 STEVENSON ST W","d":"Gibsonburg Exempted Village School District","t":984.67,"l":"510: Res-Single Family","c":0}},{"type":"Feature","geometry":{"type":"Polygon","coordinates":[[[-83.319336,41.385836],[-83.319886,41.385827],[-83.319883,41.385937],[-83.319333,41.385944],[-83.319336,41.385836]]]},"properties":{"p":"27-50-00-0027-02","o":"NEEB, MINDY M","a":"MAIN ST","d":"Gibsonburg Exempted Village School District","t":1020.31,"l":"510: Res-Single Family","c":0}},{"type":"Feature","geometry":{"type":"Polygon","coordinates":[[[-83.314567,41.38562],[-83.31457,41.38558],[-83.314304,41.385584],[-83.314318,41.385169],[-83.314599,41.385165],[-83.31458,41.38558],[-83.314567,41.38562]]]},"properties":{"p":"27-13-00-0006-00","o":"SMITH, MICHAEL W & CAROL ANN /SURV","a":"421 STEVENSON ST E","d":"Gibsonburg Exempted Village School District","t":1071.96,"l":"511: Res-Custom Code","c":0}},{"type":"Feature","geometry":{"type":"Polygon","coordinates":[[[-83.33044,41.344723],[-83.330434,41.341046],[-83.330994,41.341047],[-83.330993,41.341598],[-83.33219,41.341601],[-83.332197,41.34105],[-83.338426,41.341061],[-83.338416,41.344704],[-83.33044,41.344723]]]},"properties":{"p":"25-35-00-0008-00","o":"HOVIS, RONALD J & MARIANNE","a":"SR 6","d":"Gibsonburg Exempted Village School District","t":1002.8,"l":"111: Agr-CAUV-Cash-Grain Farm","c":0}},{"type":"Feature","geometry":{"type":"Polygon","coordinates":[[[-83.324216,41.34118],[-83.324216,41.341067],[-83.325621,41.341063],[-83.325631,41.344653],[-83.324207,41.344655],[-83.324216,41.34118]]]},"properties":{"p":"25-35-00-0004-02","o":"FISHER, DAVID A & JENNIFER L /SURV","a":"5220 SR 6","d":"Gibsonburg Exempted Village School District","t":1017.64,"l":"110: Agr-CAUV-Vacant Land","c":0}},{"type":"Feature","geometry":{"type":"Polygon","coordinates":[[[-83.314953,41.39554],[-83.315001,41.394248],[-83.316326,41.394079],[-83.316801,41.39399],[-83.317313,41.393865],[-83.317263,41.395368],[-83.317083,41.395365],[-83.317076,41.395513],[-83.314953,41.39554]]]},"properties":{"p":"25-13-00-0007-01","o":"MCVICKER, CORY L & BILLIE JO /SURV","a":"5010 CR 79","d":"Gibsonburg Exempted Village School District","t":983.49,"l":"599: Res-Other","c":0}},{"type":"Feature","geometry":{"type":"Polygon","coordinates":[[[-83.341735,41.313194],[-83.341726,41.312292],[-83.339496,41.312308],[-83.339535,41.306011],[-83.345852,41.30596],[-83.345886,41.310898],[-83.345857,41.313256],[-83.341736,41.313275],[-83.341735,41.313194]]]},"properties":{"p":"24-15-00-0001-00","o":"MANUEL, MICHAEL J & TINA R /SURV & KING, SPENCER J","a":"CR 41","d":"Gibsonburg Exempted Village School District","t":1070.49,"l":"110: Agr-CAUV-Vacant Land","c":0}},{"type":"Feature","geometry":{"type":"Polygon","coordinates":[[[-83.305017,41.323969],[-83.305031,41.323433],[-83.305898,41.323442],[-83.305893,41.324081],[-83.305423,41.324075],[-83.305423,41.323972],[-83.305017,41.323969]]]},"properties":{"p":"24-12-00-0001-04","o":"NIESET, THOMAS L","a":"715 CR 64","d":"Gibsonburg Exempted Village School District","t":986.29,"l":"511: Res-Custom Code","c":0}},{"type":"Feature","geometry":{"type":"Polygon","coordinates":[[[-83.360494,41.324854],[-83.360431,41.323087],[-83.361633,41.323078],[-83.361715,41.325433],[-83.360514,41.325453],[-83.360494,41.324854]]]},"properties":{"p":"24-09-00-0001-02","o":"LOY, DAVID WILLIAM","a":"628 CR 32","d":"Gibsonburg Exempted Village School District","t":1051.64,"l":"562: Res-Custom Code","c":0}},{"type":"Feature","geometry":{"type":"Polygon","coordinates":[[[-83.342213,41.281998],[-83.342244,41.281435],[-83.345487,41.281436],[-83.345436,41.282063],[-83.342208,41.282087],[-83.342213,41.281998]]]},"properties":{"p":"23-27-00-0006-00","o":"WILLIAMS, CAROLYN A & PAUL T /SURV","a":"5636 CR 11","d":"Lakota Local School District","t":1035.3,"l":"511: Res-Custom Code","c":0}},{"type":"Feature","geometry":{"type":"Polygon","coordinates":[[[-83.397314,41.293553],[-83.397338,41.293011],[-83.398207,41.293027],[-83.398183,41.293577],[-83.397314,41.293553]]]},"properties":{"p":"23-20-00-0008-02","o":"STUMP, ALAN D","a":"1750 CR 10","d":"Lakota Local School District","t":1118.91,"l":"511: Res-Custom Code","c":0}},{"type":"Feature","geometry":{"type":"Polygon","coordinates":[[[-83.38854,41.289852],[-83.388609,41.289851],[-83.388573,41.290761],[-83.387366,41.290785],[-83.387403,41.289876],[-83.38854,41.289852]]]},"properties":{"p":"23-20-00-0002-03","o":"SCHUMM, SALINA","a":"1875 CR 22","d":"Lakota Local School District","t":1089.8,"l":"562: Res-Custom Code","c":0}},{"type":"Feature","geometry":{"type":"Polygon","coordinates":[[[-83.218715,41.421397],[-83.219331,41.421394],[-83.219327,41.421526],[-83.218712,41.42153],[-83.218715,41.421397]]]},"properties":{"p":"22-50-00-0206-00","o":"SANKEY, MARY G","a":"103 MAPLE ST N","d":"Fremont City School District","t":981.31,"l":"510: Res-Single Family","c":0}},{"type":"Feature","geometry":{"type":"Polygon","coordinates":[[[-83.260719,41.439934],[-83.264418,41.439895],[-83.264474,41.443536],[-83.259646,41.44356],[-83.259585,41.439946],[-83.260719,41.439934]]]},"properties":{"p":"21-32-00-0013-00","o":"GIESLER, MATTHEW J & BECKY J /SURV","a":"3546 CR 82","d":"Woodmore Local School District","t":1111.44,"l":"111: Agr-CAUV-Cash-Grain Farm","c":0}},{"type":"Feature","geometry":{"type":"Polygon","coordinates":[[[-83.271208,41.385025],[-83.271211,41.384941],[-83.271567,41.384942],[-83.271549,41.38551],[-83.271193,41.385508],[-83.271208,41.385025]]]},"properties":{"p":"20-17-00-0007-00","o":"GOSDEN, CASEY L & BRANDY S /SURV","a":"3896 SR 600","d":"Gibsonburg Exempted Village School District","t":1056.3,"l":"511: Res-Custom Code","c":0}},{"type":"Feature","geometry":{"type":"Polygon","coordinates":[[[-83.221523,41.382098],[-83.221549,41.381642],[-83.222346,41.381666],[-83.22228,41.382886],[-83.219849,41.382822],[-83.219865,41.382119],[-83.221523,41.382098]]]},"properties":{"p":"19-23-00-0010-01","o":"ATKINSON, ANTHONY J & TRACY M /SURV","a":"1467 SR 590","d":"Fremont City School District","t":1104.73,"l":"111: Agr-CAUV-Cash-Grain Farm","c":0}},{"type":"Feature","geometry":{"type":"Polygon","coordinates":[[[-83.235448,41.263508],[-83.236432,41.263499],[-83.236407,41.26407],[-83.235316,41.264046],[-83.23534,41.263509],[-83.235448,41.263508]]]},"properties":{"p":"14-34-00-0025-04","o":"DOTTS, MARGARET R","a":"2744 SR 590","d":"Lakota Local School District","t":1028.73,"l":"511: Res-Custom Code","c":0}},{"type":"Feature","geometry":{"type":"Polygon","coordinates":[[[-83.196278,41.324839],[-83.19768,41.324763],[-83.19767,41.325053],[-83.196196,41.325133],[-83.196205,41.324843],[-83.196278,41.324839]]]},"properties":{"p":"14-12-03-0001-00","o":"SMITH, JENNIFER D & JEREMIAH D & MILES, JOSHUA J & JULIE M","a":"690 CR 12","d":"Lakota Local School District","t":1088.78,"l":"511: Res-Custom Code","c":0}},{"type":"Feature","geometry":{"type":"Polygon","coordinates":[[[-83.278507,41.31261],[-83.278682,41.312561],[-83.278879,41.312953],[-83.278701,41.313002],[-83.278507,41.31261]]]},"properties":{"p":"14-08-04-0042-00","o":"ALDRICH, FRED A & BEVERLY ANN","a":"4002 CR 41","d":"Lakota Local School District","t":998.51,"l":"510: Res-Single Family","c":0}},{"type":"Feature","geometry":{"type":"Polygon","coordinates":[[[-83.286193,41.319386],[-83.286195,41.319264],[-83.28689,41.319261],[-83.286873,41.320459],[-83.286171,41.320461],[-83.286193,41.319386]]]},"properties":{"p":"14-07-00-0006-00","o":"LOPEZ, ALLYSON M & RICARDO II / SURV","a":"791 CR 72","d":"Lakota Local School District","t":1106.81,"l":"599: Res-Other","c":0}},{"type":"Feature","geometry":{"type":"Polygon","coordinates":[[[-83.143193,41.344875],[-83.143183,41.344375],[-83.143412,41.344375],[-83.143414,41.344874],[-83.143193,41.344875]]]},"properties":{"p":"13-33-42-0019-03","o":"ADKINS, JOHNNY RAY JR","a":"2244 BIRCHARD AVE W","d":"Fremont City School District","t":1113.85,"l":"510: Res-Single Family","c":0}},{"type":"Feature","geometry":{"type":"Polygon","coordinates":[[[-83.130359,41.367484],[-83.130672,41.367484],[-83.130662,41.367777],[-83.130356,41.367797],[-83.130359,41.367484]]]},"properties":{"p":"13-28-00-0046-06","o":"GARZA, RICHARD & LOIS D","a":"1677 DICKINSON ST","d":"Fremont City School District","t":1009.71,"l":"501: Res-Custom Code","c":0}},{"type":"Feature","geometry":{"type":"Polygon","coordinates":[[[-83.108956,41.371093],[-83.10898,41.368985],[-83.109381,41.368984],[-83.109359,41.370967],[-83.109268,41.370967],[-83.109266,41.371092],[-83.108956,41.371093]]]},"properties":{"p":"13-27-00-0013-00","o":"NEHLS, CHRISTOPHER E","a":"526 ELIZABETH ST","d":"Fremont City School District","t":1115.32,"l":"511: Res-Custom Code","c":0}},{"type":"Feature","geometry":{"type":"Polygon","coordinates":[[[-83.102138,41.372136],[-83.102417,41.371599],[-83.102533,41.371552],[-83.102761,41.372036],[-83.10226,41.37216],[-83.102138,41.372136]]]},"properties":{"p":"13-23-19-0003-00","o":"STEINHAUSER, JOHN N.","a":"1912 WHITTAKER DR","d":"Fremont City School District","t":1006.2,"l":"510: Res-Single Family","c":0}},{"type":"Feature","geometry":{"type":"Polygon","coordinates":[[[-83.178785,41.374307],[-83.1791,41.373592],[-83.179721,41.373852],[-83.17938,41.374619],[-83.178761,41.37436],[-83.178785,41.374307]]]},"properties":{"p":"13-19-00-0003-02","o":"ROOT, CURT C & SARA M /SURV","a":"3551 STATE ST W","d":"Fremont City School District","t":982.06,"l":"511: Res-Custom Code","c":0}},{"type":"Feature","geometry":{"type":"Polygon","coordinates":[[[-83.119407,41.38667],[-83.119397,41.38662],[-83.11918,41.386551],[-83.118977,41.386637],[-83.11886,41.386469],[-83.118848,41.386358],[-83.119032,41.386308],[-83.119076,41.386241],[-83.119061,41.386153],[-83.119026,41.386113],[-83.118954,41.386105],[-83.11893,41.386059],[-83.118935,41.385965],[-83.11892,41.385935],[-83.119716,41.386205],[-83.119699,41.386587],[-83.119407,41.38667]]]},"properties":{"p":"13-15-08-0027-01","o":"WEAVER, ANGELA","a":"1659 BENLU DR","d":"Fremont City School District","t":1109.41,"l":"510: Res-Single Family","c":0}},{"type":"Feature","geometry":{"type":"Polygon","coordinates":[[[-83.121104,41.391284],[-83.121172,41.391283],[-83.121172,41.391663],[-83.120737,41.391661],[-83.120738,41.391287],[-83.121104,41.391284]]]},"properties":{"p":"13-15-03-0007-12","o":"QUINONES, GREGORY & LESLIE M /SURV","a":"2905 FANGBONER RD","d":"Fremont City School District","t":1071.54,"l":"510: Res-Single Family","c":0}},{"type":"Feature","geometry":{"type":"Polygon","coordinates":[[[-83.120375,41.389114],[-83.120373,41.388705],[-83.121155,41.388706],[-83.121159,41.389113],[-83.120375,41.389114]]]},"properties":{"p":"13-15-00-0029-00","o":"LINDER, WILLIAM H & KATHLEEN A /SURV","a":"2813 FANGBONER RD","d":"Fremont City School District","t":1081.3,"l":"511: Res-Custom Code","c":0}},{"type":"Feature","geometry":{"type":"Polygon","coordinates":[[[-83.159194,41.307736],[-83.159479,41.307176],[-83.160263,41.307409],[-83.159984,41.307961],[-83.159194,41.307736]]]},"properties":{"p":"10-17-00-0023-00","o":"LEEMASTER, TIMOTHY J & PATRICIA A /SURV","a":"2482 RIVER RD S","d":"Fremont City School District","t":1074.21,"l":"511: Res-Custom Code","c":0}},{"type":"Feature","geometry":{"type":"Polygon","coordinates":[[[-83.149283,41.302612],[-83.149356,41.30258],[-83.149207,41.313399],[-83.144405,41.313423],[-83.144514,41.304687],[-83.149283,41.302612]]]},"properties":{"p":"10-16-00-0001-00","o":"SANDY KNOLL FARMS LLC","a":"2287 BAKER RD","d":"Fremont City School District","t":1087.54,"l":"111: Agr-CAUV-Cash-Grain Farm","c":0}},{"type":"Feature","geometry":{"type":"Polygon","coordinates":[[[-83.079262,41.32248],[-83.079272,41.322208],[-83.079865,41.322223],[-83.079864,41.322494],[-83.079262,41.32248]]]},"properties":{"p":"10-12-63-0003-00","o":"MILLER, SHARLENE L","a":"1726 FINEFROCK RD","d":"Fremont City School District","t":986.26,"l":"510: Res-Single Family","c":0}},{"type":"Feature","geometry":{"type":"Polygon","coordinates":[[[-83.150111,41.340943],[-83.150187,41.340943],[-83.150188,41.341035],[-83.150112,41.341035],[-83.150111,41.340943]]]},"properties":{"p":"10-05-16-0020-14","o":"LYLE INC","a":"101 COLONY COURT DR","d":"Fremont City School District","t":1040.99,"l":"550: Res-Condo","c":0}},{"type":"Feature","geometry":{"type":"Polygon","coordinates":[[[-83.079422,41.341193],[-83.079454,41.340972],[-83.080019,41.341059],[-83.079966,41.341278],[-83.079422,41.341193]]]},"properties":{"p":"10-01-68-0028-00","o":"FISHER, MIKAYLA","a":"199 ST THOMAS DR","d":"Fremont City School District","t":1072.28,"l":"510: Res-Single Family","c":0}},{"type":"Feature","geometry":{"type":"Polygon","coordinates":[[[-83.087854,41.341556],[-83.08801,41.340742],[-83.089098,41.341032],[-83.088757,41.341797],[-83.087854,41.341556]]]},"properties":{"p":"10-01-00-0059-00","o":"THERMO KING CORPORATION","a":"1700 STATE ST E","d":"Fremont City School District","t":984.31,"l":"399: Ind-Other","c":0}},{"type":"Feature","geometry":{"type":"Polygon","coordinates":[[[-82.969,41.365031],[-82.969128,41.357743],[-82.973962,41.357664],[-82.973946,41.358604],[-82.971775,41.358636],[-82.97175,41.359638],[-82.973931,41.359604],[-82.973824,41.364955],[-82.969,41.365031]]]},"properties":{"p":"09-25-00-0002-00","o":"JOHN E PAYNE LLC","a":"SR 510","d":"Clyde-Green Springs Exempted Village School District","t":1033.04,"l":"110: Agr-CAUV-Vacant Land","c":0}},{"type":"Feature","geometry":{"type":"Polygon","coordinates":[[[-82.970641,41.408031],[-82.971008,41.408018],[-82.970998,41.40863],[-82.970639,41.408643],[-82.970641,41.408031]]]},"properties":{"p":"08-12-07-0003-00","o":"JACKSON, CYNTHIA L","a":"4153 SR 6","d":"Fremont City School District","t":1096.16,"l":"541: Res-Custom Code","c":0}},{"type":"Feature","geometry":{"type":"Polygon","coordinates":[[[-82.955887,41.264386],[-82.955901,41.263394],[-82.956053,41.263395],[-82.956642,41.26412],[-82.955887,41.264386]]]},"properties":{"p":"06-36-00-0027-00","o":"HAMILTON, LUCKY II","a":"4595 CR 177","d":"Clyde-Green Springs Exempted Village School District","t":1014.81,"l":"511: Res-Custom Code","c":0}},{"type":"Feature","geometry":{"type":"Polygon","coordinates":[[[-83.011703,41.256365],[-83.011779,41.256426],[-83.011826,41.25657],[-83.011573,41.257301],[-83.010486,41.257249],[-83.011703,41.256365]]]},"properties":{"p":"06-34-00-0031-01","o":"ABDOO, MICHAEL I","a":"CR 175","d":"Clyde-Green Springs Exempted Village School District","t":1042.3,"l":"501: Res-Custom Code","c":0}},{"type":"Feature","geometry":{"type":"Polygon","coordinates":[[[-83.052352,41.280744],[-83.052359,41.280393],[-83.053648,41.280407],[-83.053679,41.280499],[-83.052934,41.28066],[-83.052352,41.280744]]]},"properties":{"p":"06-30-00-0001-00","o":"DROWN, TERRY","a":"2274 SR 19","d":"Clyde-Green Springs Exempted Village School District","t":994.55,"l":"511: Res-Custom Code","c":0}},{"type":"Feature","geometry":{"type":"MultiPolygon","coordinates":[[[[-83.013732,41.282591],[-83.013703,41.280925],[-83.015091,41.280947],[-83.014913,41.281297],[-83.015202,41.281867],[-83.018517,41.281878],[-83.018515,41.282227],[-83.01524,41.282212],[-83.015213,41.282505],[-83.013732,41.282591]]],[[[-83.015332,41.279239],[-83.015413,41.279183],[-83.015487,41.279243],[-83.013694,41.280475],[-83.013692,41.280365],[-83.015332,41.279239]]]]},"properties":{"p":"06-28-00-0027-07","o":"HUMBERT, DEBORAH","a":"2245 CR 228","d":"Clyde-Green Springs Exempted Village School District","t":1007.02,"l":"511: Res-Custom Code","c":0}},{"type":"Feature","geometry":{"type":"Polygon","coordinates":[[[-83.020804,41.281513],[-83.020804,41.281429],[-83.022773,41.281839],[-83.022748,41.283067],[-83.020809,41.283073],[-83.020804,41.281513]]]},"properties":{"p":"06-28-00-0012-00","o":"BURROUGHS, WESLEY W","a":"CR 195","d":"Clyde-Green Springs Exempted Village School District","t":1000.77,"l":"501: Res-Custom Code","c":0}},{"type":"Feature","geometry":{"type":"Polygon","coordinates":[[[-82.959535,41.288328],[-82.959814,41.288124],[-82.960315,41.288523],[-82.959863,41.288848],[-82.959363,41.288453],[-82.959535,41.288328]]]},"properties":{"p":"06-24-00-0012-01","o":"BRIDINGER, GEORGE A & BERLEKAMP, DIANA L","a":"4480 CR 175","d":"Clyde-Green Springs Exempted Village School District","t":1097.27,"l":"511: Res-Custom Code","c":0}},{"type":"Feature","geometry":{"type":"Polygon","coordinates":[[[-82.989146,41.326429],[-82.989255,41.326428],[-82.989257,41.326707],[-82.98841,41.326707],[-82.988408,41.326433],[-82.989146,41.326429]]]},"properties":{"p":"06-11-04-0002-00","o":"MEYER, WILLIAM E & VERA L /SURV","a":"1225 WOODLAND AVE","d":"Clyde-Green Springs Exempted Village School District","t":1067.51,"l":"510: Res-Single Family","c":0}},{"type":"Feature","geometry":{"type":"Polygon","coordinates":[[[-82.990227,41.328796],[-82.990228,41.328713],[-82.990716,41.328713],[-82.990709,41.329624],[-82.990221,41.329625],[-82.990227,41.328796]]]},"properties":{"p":"06-02-00-0003-03","o":"KLOTZ, JIMMY L JR","a":"3688 CR 223","d":"Clyde-Green Springs Exempted Village School District","t":1056.8,"l":"511: Res-Custom Code","c":0}},{"type":"Feature","geometry":{"type":"Polygon","coordinates":[[[-82.977735,41.335989],[-82.977759,41.334165],[-82.979564,41.334166],[-82.979583,41.332341],[-82.984376,41.332347],[-82.984365,41.335978],[-82.977735,41.335989]]]},"properties":{"p":"06-02-00-0001-00","o":"JOHN E PAYNE LLC","a":"SR 510","d":"Clyde-Green Springs Exempted Village School District","t":1015.26,"l":"110: Agr-CAUV-Vacant Land","c":0}},{"type":"Feature","geometry":{"type":"Polygon","coordinates":[[[-82.935478,41.379962],[-82.935485,41.379629],[-82.936317,41.379642],[-82.936311,41.379975],[-82.935478,41.379962]]]},"properties":{"p":"04-95-00-0025-00","o":"KEEGAN, JENNIFER, DAVID J, ANDREW & TODD L C","a":"1360 CR 268","d":"Margaretta Local School District","t":1053.76,"l":"520: Res-Two Family","c":0}},{"type":"Feature","geometry":{"type":"Polygon","coordinates":[[[-82.935461,41.380644],[-82.935467,41.380461],[-82.936302,41.380476],[-82.936298,41.380662],[-82.935461,41.380644]]]},"properties":{"p":"04-95-00-0022-00","o":"DIETZ, SHAIN C & PROVONSHA, LAUREN F /SURV","a":"1380 CR 268","d":"Margaretta Local School District","t":1033.27,"l":"510: Res-Single Family","c":0}},{"type":"Feature","geometry":{"type":"Polygon","coordinates":[[[-82.878785,41.365075],[-82.878785,41.364995],[-82.879099,41.364996],[-82.879095,41.366218],[-82.878779,41.366395],[-82.878785,41.365075]]]},"properties":{"p":"04-27-00-0008-00","o":"MANUS, JAMES Q","a":"6564 CR 237","d":"Margaretta Local School District","t":1100.01,"l":"511: Res-Custom Code","c":0}},{"type":"Feature","geometry":{"type":"Polygon","coordinates":[[[-82.851968,41.370282],[-82.851972,41.370117],[-82.853871,41.369401],[-82.853448,41.368837],[-82.853602,41.368777],[-82.85468,41.37021],[-82.855327,41.369956],[-82.855731,41.368303],[-82.857254,41.367425],[-82.857387,41.367547],[-82.858024,41.367173],[-82.85793,41.372268],[-82.851921,41.372249],[-82.851968,41.370282]]]},"properties":{"p":"04-25-00-0004-00","o":"A&P FARMS LLC","a":"SR 101 (REAR)","d":"Margaretta Local School District","t":983.55,"l":"110: Agr-CAUV-Vacant Land","c":0}},{"type":"Feature","geometry":{"type":"Polygon","coordinates":[[[-82.937542,41.386798],[-82.937547,41.386715],[-82.938093,41.386734],[-82.938045,41.38753],[-82.937499,41.387512],[-82.937542,41.386798]]]},"properties":{"p":"04-18-00-0015-01","o":"STOOKEY, ANTHONY W","a":"5028 CR 247","d":"Margaretta Local School District","t":1079.44,"l":"540: Res-Custom Code","c":0}},{"type":"Feature","geometry":{"type":"Polygon","coordinates":[[[-82.850632,41.411192],[-82.851446,41.411185],[-82.851428,41.412303],[-82.846842,41.412348],[-82.846779,41.411224],[-82.850632,41.411192]]]},"properties":{"p":"04-12-00-0010-00","o":"YETTER, DAVID P. & HOLLY","a":"2484 CR 312","d":"Margaretta Local School District","t":989.91,"l":"541: Res-Custom Code","c":0}},{"type":"Feature","geometry":{"type":"Polygon","coordinates":[[[-82.848127,41.41916],[-82.851219,41.41911],[-82.851244,41.419748],[-82.847244,41.419819],[-82.847209,41.419175],[-82.848127,41.41916]]]},"properties":{"p":"04-01-00-0018-00","o":"GRAVES, VICKI","a":"2716 CR 312","d":"Margaretta Local School District","t":1013.4,"l":"511: Res-Custom Code","c":0}},{"type":"Feature","geometry":{"type":"Polygon","coordinates":[[[-82.849883,41.274009],[-82.849882,41.273802],[-82.850137,41.273807],[-82.850137,41.27401],[-82.849883,41.274009]]]},"properties":{"p":"03-60-00-0055-04","o":"DICK, PATRICIA ANN","a":"232 HAMILTON ST","d":"Bellevue City School District","t":1040.47,"l":"510: Res-Single Family","c":0}},{"type":"Feature","geometry":{"type":"Polygon","coordinates":[[[-82.841066,41.277531],[-82.841057,41.277262],[-82.841657,41.277268],[-82.841667,41.277536],[-82.841066,41.277531]]]},"properties":{"p":"03-60-00-0052-01","o":"HARTMAN, LINDA S","a":"273 NORTHWEST ST","d":"Bellevue City School District","t":1118.47,"l":"510: Res-Single Family","c":0}},{"type":"Feature","geometry":{"type":"Polygon","coordinates":[[[-82.847432,41.277275],[-82.846729,41.277268],[-82.847117,41.276481],[-82.847886,41.276698],[-82.847603,41.277277],[-82.847432,41.277275]]]},"properties":{"p":"03-60-00-0047-06","o":"FLAT ROCK HOMES INC","a":"438 MAIN ST W","d":"Bellevue City School District","t":988.97,"l":"510: Res-Single Family","c":0}},{"type":"Feature","geometry":{"type":"Polygon","coordinates":[[[-82.850847,41.278663],[-82.850849,41.278279],[-82.851132,41.27828],[-82.85113,41.278664],[-82.850847,41.278663]]]},"properties":{"p":"03-50-00-1725-00","o":"VEITH, GAIL N","a":"215 MAPLE ST","d":"Bellevue City School District","t":1074.76,"l":"510: Res-Single Family","c":0}},{"type":"Feature","geometry":{"type":"Polygon","coordinates":[[[-82.841225,41.281461],[-82.841771,41.281464],[-82.841778,41.281641],[-82.841232,41.281646],[-82.841225,41.281461]]]},"properties":{"p":"03-50-00-1385-00","o":"FELKER, MARILYN R TRUSTEE","a":"601 NORTHWEST ST","d":"Bellevue City School District","t":1110.3,"l":"510: Res-Single Family","c":0}},{"type":"Feature","geometry":{"type":"Polygon","coordinates":[[[-82.847029,41.267963],[-82.847031,41.267505],[-82.847211,41.267506],[-82.847212,41.267965],[-82.847029,41.267963]]]},"properties":{"p":"03-50-00-1255-00","o":"LEE, CASEY B & AMANDA L","a":"413 ELLIS AVE","d":"Bellevue City School District","t":1046.2,"l":"510: Res-Single Family","c":0}},{"type":"Feature","geometry":{"type":"Polygon","coordinates":[[[-82.845051,41.276386],[-82.845346,41.275791],[-82.845516,41.275839],[-82.845224,41.276433],[-82.845051,41.276386]]]},"properties":{"p":"03-50-00-1069-00","o":"KOSELKE, KELLY","a":"139 FRIEDLEY AVE","d":"Bellevue City School District","t":1041.24,"l":"510: Res-Single Family","c":0}},{"type":"Feature","geometry":{"type":"Polygon","coordinates":[[[-82.850653,41.277935],[-82.850654,41.277745],[-82.851211,41.27775],[-82.851207,41.277942],[-82.850653,41.277935]]]},"properties":{"p":"03-50-00-0303-00","o":"GRUBB, MAYNARD & CARRIE E","a":"137 WALTER ST","d":"Bellevue City School District","t":1013.35,"l":"510: Res-Single Family","c":0}},{"type":"Feature","geometry":{"type":"Polygon","coordinates":[[[-82.842294,41.271967],[-82.842817,41.271963],[-82.842824,41.272117],[-82.8423,41.272119],[-82.842294,41.271967]]]},"properties":{"p":"03-50-00-0175-00","o":"BISHOP, MARK LEE & SUSAN","a":"211 YORK ST","d":"Bellevue City School District","t":1006.74,"l":"520: Res-Two Family","c":0}},{"type":"Feature","geometry":{"type":"Polygon","coordinates":[[[-82.916765,41.327994],[-82.916839,41.327994],[-82.916837,41.328318],[-82.915848,41.328315],[-82.915838,41.327998],[-82.916765,41.327994]]]},"properties":{"p":"02-09-00-0001-02","o":"WAUGH, JAMES S JR & TAMARA M /SURV","a":"601 CR 278","d":"Clyde-Green Springs Exempted Village School District","t":1119.09,"l":"541: Res-Custom Code","c":0}},{"type":"Feature","geometry":{"type":"Polygon","coordinates":[[[-82.854618,41.262622],[-82.854621,41.257772],[-82.859348,41.257791],[-82.859339,41.260981],[-82.858184,41.260984],[-82.858188,41.261681],[-82.859333,41.261699],[-82.859335,41.262643],[-82.854618,41.262622]]]},"properties":{"p":"01-36-00-0016-00","o":"SCHOEN, KATHY","a":"CR 308","d":"Bellevue City School District","t":981.32,"l":"111: Agr-CAUV-Cash-Grain Farm","c":0}},{"type":"Feature","geometry":{"type":"Polygon","coordinates":[[[-82.846686,41.260632],[-82.846688,41.259921],[-82.847269,41.259925],[-82.847266,41.260703],[-82.846685,41.260699],[-82.846686,41.260632]]]},"properties":{"p":"01-36-00-0011-00","o":"CLEVELAND, HANNAH M","a":"7433 CR 307","d":"Bellevue City School District","t":1094.51,"l":"511: Res-Custom Code","c":0}},{"type":"Feature","geometry":{"type":"Polygon","coordinates":[[[-82.926761,41.306572],[-82.926771,41.306095],[-82.927603,41.305779],[-82.927626,41.306423],[-82.927307,41.306421],[-82.927304,41.306571],[-82.926761,41.306572]]]},"properties":{"p":"01-17-00-0014-01","o":"JENKS, JORDAN H","a":"5338 CR 175","d":"Bellevue City School District","t":1065.2,"l":"511: Res-Custom Code","c":0}},{"type":"Feature","geometry":{"type":"Polygon","coordinates":[[[-82.872563,41.313785],[-82.872562,41.313703],[-82.873661,41.31371],[-82.873644,41.314507],[-82.872559,41.3145],[-82.872563,41.313785]]]},"properties":{"p":"01-11-00-0010-02","o":"MYGRANT, JAMES RICHARD & MARLA JANE","a":"6730 CR 219","d":"Bellevue City School District","t":1060.88,"l":"511: Res-Custom Code","c":0}},{"type":"Feature","geometry":{"type":"Polygon","coordinates":[[[-82.858499,41.295183],[-82.8585,41.294908],[-82.859337,41.294911],[-82.859336,41.295185],[-82.858499,41.295183]]]},"properties":{"p":"01-24-00-0006-04","o":"GREENE, RICHARD D & ALESIA O","a":"1743 CR 308","d":"Bellevue City School District","t":892.55,"l":"511: Res-Custom Code","c":0}},{"type":"Feature","geometry":{"type":"Polygon","coordinates":[[[-82.847837,41.266442],[-82.847552,41.26644],[-82.847555,41.266224],[-82.848045,41.266227],[-82.848043,41.266443],[-82.847837,41.266442]]]},"properties":{"p":"03-50-00-1677-00","o":"MCBROOM, MADGE L","a":"317 KINNEY ST","d":"Bellevue City School District","t":956.37,"l":"510: Res-Single Family","c":0}},{"type":"Feature","geometry":{"type":"Polygon","coordinates":[[[-82.913143,41.374344],[-82.913902,41.374271],[-82.9139,41.374848],[-82.913141,41.37492],[-82.913143,41.374344]]]},"properties":{"p":"04-21-00-0008-04","o":"KNAPP, JEREMY J","a":"5647 SR 412","d":"Margaretta Local School District","t":829,"l":"511: Res-Custom Code","c":0}},{"type":"Feature","geometry":{"type":"Polygon","coordinates":[[[-82.979791,41.343074],[-82.981425,41.343049],[-82.98131,41.350302],[-82.978912,41.350342],[-82.979027,41.343663],[-82.979788,41.343657],[-82.979791,41.343074]]]},"properties":{"p":"09-35-00-0003-00","o":"WOTT, ZACHARY W & BRITTANY L","a":"CR 231","d":"Clyde-Green Springs Exempted Village School District","t":884.76,"l":"110: Agr-CAUV-Vacant Land","c":0}},{"type":"Feature","geometry":{"type":"Polygon","coordinates":[[[-83.150113,41.34053],[-83.150189,41.34053],[-83.15019,41.340622],[-83.150114,41.340622],[-83.150113,41.34053]]]},"properties":{"p":"10-05-16-0020-05","o":"LYLE INC","a":"100 COLONY COURT DR","d":"Fremont City School District","t":871.35,"l":"550: Res-Condo","c":0}},{"type":"Feature","geometry":{"type":"Polygon","coordinates":[[[-83.14986,41.340941],[-83.149937,41.340941],[-83.149938,41.341033],[-83.149861,41.341034],[-83.14986,41.340941]]]},"properties":{"p":"10-05-16-0020-17","o":"LYLE INC","a":"107 COLONY COURT DR","d":"Fremont City School District","t":871.35,"l":"550: Res-Condo","c":0}},{"type":"Feature","geometry":{"type":"Polygon","coordinates":[[[-83.309957,41.383178],[-83.310091,41.383177],[-83.310084,41.383585],[-83.309949,41.383586],[-83.309957,41.383178]]]},"properties":{"p":"27-50-00-1180-00","o":"SANDOVAL, JUAN CARLOS","a":"805 YEASTING ST E","d":"Gibsonburg Exempted Village School District","t":953.56,"l":"511: Res-Custom Code","c":0}},{"type":"Feature","geometry":{"type":"Polygon","coordinates":[[[-82.986058,41.302484],[-82.986426,41.302483],[-82.986414,41.303172],[-82.986046,41.303175],[-82.986058,41.302484]]]},"properties":{"p":"32-50-00-0570-00","o":"WOTT, KRISTINE A","a":"222 VINE ST","d":"Clyde-Green Springs Exempted Village School District","t":896.83,"l":"510: Res-Single Family","c":0}},{"type":"Feature","geometry":{"type":"Polygon","coordinates":[[[-83.126679,41.354762],[-83.126682,41.354682],[-83.127151,41.354683],[-83.127149,41.354766],[-83.126679,41.354762]]]},"properties":{"p":"34-50-00-2252-00","o":"DUFFETT, GRACE","a":"821 WHITE AVE","d":"Fremont City School District","t":904.3,"l":"510: Res-Single Family","c":0}},{"type":"Feature","geometry":{"type":"Polygon","coordinates":[[[-83.103091,41.342583],[-83.103125,41.34247],[-83.103568,41.342591],[-83.103534,41.342706],[-83.103091,41.342583]]]},"properties":{"p":"34-50-00-3486-00","o":"MONDAY, PATRICK M. & DUBO","a":"211 MORRISON ST","d":"Fremont City School District","t":823.59,"l":"510: Res-Single Family","c":0}},{"type":"Feature","geometry":{"type":"Polygon","coordinates":[[[-83.121092,41.340926],[-83.121529,41.34093],[-83.12153,41.341045],[-83.121092,41.341049],[-83.121092,41.340926]]]},"properties":{"p":"34-60-00-0281-05","o":"GOSCHE, NANCY L","a":"528 WAYNE ST S","d":"Fremont City School District","t":955.65,"l":"510: Res-Single Family","c":0}},{"type":"Feature","geometry":{"type":"Polygon","coordinates":[[[-83.1259,41.352223],[-83.126039,41.352039],[-83.126172,41.352039],[-83.126003,41.352266],[-83.1259,41.352223]]]},"properties":{"p":"34-60-00-0153-03","o":"TO THE MOON INVESTMENTS LLC","a":"1211 1 STATE ST W","d":"Fremont City School District","t":922.84,"l":"404: Com-Custom Code","c":0}},{"type":"Feature","geometry":{"type":"Polygon","coordinates":[[[-83.126003,41.352266],[-83.126172,41.352039],[-83.126275,41.352039],[-83.12609,41.352302],[-83.126003,41.352266]]]},"properties":{"p":"34-60-00-0153-00","o":"TO THE MOON INVESTMENTS LLC","a":"1215 STATE ST W","d":"Fremont City School District","t":828.53,"l":"404: Com-Custom Code","c":0}},{"type":"Feature","geometry":{"type":"Polygon","coordinates":[[[-83.109247,41.36147],[-83.109542,41.361467],[-83.109522,41.361806],[-83.109226,41.361811],[-83.109247,41.36147]]]},"properties":{"p":"34-50-00-6438-00","o":"WILLEY, DYLAN & SHELBY /SURV","a":"224 NORTH ST","d":"Fremont City School District","t":887.79,"l":"510: Res-Single Family","c":0}},{"type":"Feature","geometry":{"type":"Polygon","coordinates":[[[-83.117315,41.337105],[-83.117497,41.337104],[-83.117493,41.337487],[-83.11732,41.337488],[-83.117315,41.337105]]]},"properties":{"p":"34-50-00-5978-00","o":"FRANKS, LISA M.","a":"527 BUSH PL","d":"Fremont City School District","t":854.91,"l":"510: Res-Single Family","c":0}},{"type":"Feature","geometry":{"type":"Polygon","coordinates":[[[-83.135845,41.345502],[-83.135849,41.345361],[-83.136463,41.345361],[-83.136464,41.345499],[-83.135845,41.345502]]]},"properties":{"p":"34-50-00-5306-00","o":"EFFINGER, MARK","a":"121 STONE ST S","d":"Fremont City School District","t":964.96,"l":"430: Com-Retaurant","c":0}},{"type":"Feature","geometry":{"type":"Polygon","coordinates":[[[-83.133881,41.345261],[-83.134428,41.34526],[-83.134424,41.345396],[-83.133878,41.345399],[-83.133881,41.345261]]]},"properties":{"p":"34-50-00-5227-00","o":"SMITH, RICHARD J","a":"128 GRANVILLE BLVD S","d":"Fremont City School District","t":834.93,"l":"510: Res-Single Family","c":0}},{"type":"Feature","geometry":{"type":"Polygon","coordinates":[[[-83.100815,41.341468],[-83.100871,41.341348],[-83.101388,41.341484],[-83.101325,41.341617],[-83.100815,41.341468]]]},"properties":{"p":"34-50-00-4422-00","o":"BALL, JENNIFER A","a":"221 BUCHANAN ST S","d":"Fremont City School District","t":856.1,"l":"510: Res-Single Family","c":0}},{"type":"Feature","geometry":{"type":"Polygon","coordinates":[[[-83.0985,41.342382],[-83.098562,41.342253],[-83.098905,41.342345],[-83.098844,41.342472],[-83.0985,41.342382]]]},"properties":{"p":"34-50-00-4391-00","o":"ALMEIDA, NICOLE J","a":"120 COLLINWOOD BLVD S","d":"Fremont City School District","t":841.71,"l":"510: Res-Single Family","c":0}},{"type":"Feature","geometry":{"type":"Polygon","coordinates":[[[-83.12197,41.338118],[-83.121966,41.337505],[-83.122147,41.337505],[-83.12215,41.338118],[-83.12197,41.338118]]]},"properties":{"p":"34-50-00-4333-00","o":"ROJAS, SHEREL L & SAMANTHA J","a":"921 JUNE ST","d":"Fremont City School District","t":827.63,"l":"510: Res-Single Family","c":0}},{"type":"Feature","geometry":{"type":"Polygon","coordinates":[[[-83.12181,41.35994],[-83.121822,41.359575],[-83.121951,41.359575],[-83.12194,41.35994],[-83.12181,41.35994]]]},"properties":{"p":"34-50-00-3895-00","o":"WILLIAMS, ERICA TRUSTEE","a":"1058 GARFIELD ST","d":"Fremont City School District","t":938.39,"l":"510: Res-Single Family","c":0}},{"type":"Feature","geometry":{"type":"Polygon","coordinates":[[[-83.127223,41.359265],[-83.127226,41.35918],[-83.127699,41.359176],[-83.127696,41.359262],[-83.127223,41.359265]]]},"properties":{"p":"34-50-00-2687-00","o":"GOOD, MARK ANDREW","a":"1202 WHITE AVE","d":"Fremont City School District","t":953.12,"l":"510: Res-Single Family","c":0}},{"type":"Feature","geometry":{"type":"Polygon","coordinates":[[[-83.126529,41.359692],[-83.126533,41.359571],[-83.127003,41.359571],[-83.126999,41.359692],[-83.126529,41.359692]]]},"properties":{"p":"34-50-00-2665-00","o":"AUSTIN, MATTHEW T & GROSS, CAROLYN SUE/SURV","a":"1215 WHITE AVE","d":"Fremont City School District","t":897.73,"l":"510: Res-Single Family","c":0}},{"type":"Feature","geometry":{"type":"Polygon","coordinates":[[[-83.129117,41.354431],[-83.129592,41.35443],[-83.129586,41.354638],[-83.129111,41.354641],[-83.129117,41.354431]]]},"properties":{"p":"34-50-00-2286-00","o":"SPEARS, MICHAEL C SR","a":"809 CARBON ST","d":"Fremont City School District","t":833.83,"l":"510: Res-Single Family","c":0}},{"type":"Feature","geometry":{"type":"Polygon","coordinates":[[[-83.126668,41.355052],[-83.126673,41.354927],[-83.127143,41.35493],[-83.12714,41.355057],[-83.126668,41.355052]]]},"properties":{"p":"34-50-00-2256-00","o":"RAMIREZ, SEVERO JR","a":"829 WHITE AVE","d":"Fremont City School District","t":980.98,"l":"510: Res-Single Family","c":0}},{"type":"Feature","geometry":{"type":"Polygon","coordinates":[[[-83.116216,41.340944],[-83.116693,41.34094],[-83.11669,41.341165],[-83.116213,41.341169],[-83.116216,41.340944]]]},"properties":{"p":"34-50-00-1528-00","o":"LEMUS, RUBEN N","a":"526 HIGH ST S","d":"Fremont City School District","t":884.04,"l":"510: Res-Single Family","c":0}},{"type":"Feature","geometry":{"type":"Polygon","coordinates":[[[-83.129224,41.352953],[-83.129309,41.352834],[-83.129563,41.352937],[-83.129479,41.353056],[-83.129224,41.352953]]]},"properties":{"p":"34-50-00-1337-01","o":"RIDLEY, JOSEPH & AMY /SURV","a":"628 GRANT ST","d":"Fremont City School District","t":959.99,"l":"510: Res-Single Family","c":0}},{"type":"Feature","geometry":{"type":"Polygon","coordinates":[[[-83.12756,41.350163],[-83.127562,41.349795],[-83.12778,41.349793],[-83.127779,41.350164],[-83.12756,41.350163]]]},"properties":{"p":"34-50-00-1232-00","o":"WILLIAMSON, CECILIA","a":"1221 HICKORY ST","d":"Fremont City School District","t":930.26,"l":"510: Res-Single Family","c":0}},{"type":"Feature","geometry":{"type":"Polygon","coordinates":[[[-83.106824,41.347471],[-83.106807,41.347463],[-83.107075,41.347156],[-83.107301,41.34722],[-83.107006,41.347561],[-83.106824,41.347471]]]},"properties":{"p":"34-50-00-1176-01","o":"HOFFMAN, DAN","a":"320 HOWLAND ST","d":"Fremont City School District","t":945.5,"l":"560: Res-Mobile Home","c":0}},{"type":"Feature","geometry":{"type":"Polygon","coordinates":[[[-83.106095,41.346155],[-83.105927,41.346108],[-83.106139,41.345673],[-83.106444,41.345757],[-83.106232,41.346193],[-83.106095,41.346155]]]},"properties":{"p":"34-50-00-0479-01","o":"FARMER, RICHARD J II","a":"414 STATE ST E","d":"Fremont City School District","t":834.12,"l":"455: Com-Garage","c":0}},{"type":"Feature","geometry":{"type":"Polygon","coordinates":[[[-83.114215,41.342314],[-83.114214,41.342201],[-83.114405,41.3422],[-83.114408,41.342314],[-83.114215,41.342314]]]},"properties":{"p":"34-50-00-0414-01","o":"RICHARDSON, CHARLES E & JACQUELINE L","a":"310 HAYES AVE","d":"Fremont City School District","t":944.75,"l":"510: Res-Single Family","c":0}},{"type":"Feature","geometry":{"type":"Polygon","coordinates":[[[-83.119134,41.347789],[-83.119611,41.347783],[-83.119612,41.347949],[-83.119136,41.347953],[-83.119134,41.347789]]]},"properties":{"p":"34-50-00-0184-00","o":"CHURCH, ST JOHNS EVAN LUT","a":"209 WOOD ST N","d":"Fremont City School District","t":868.66,"l":"510: Res-Single Family","c":0}},{"type":"Feature","geometry":{"type":"Polygon","coordinates":[[[-83.115121,41.347515],[-83.115072,41.347494],[-83.115243,41.347278],[-83.115326,41.347314],[-83.115153,41.347529],[-83.115121,41.347515]]]},"properties":{"p":"34-50-00-0152-01","o":"MARTIN, TIMOTHY L III","a":"118 ARCH ST","d":"Fremont City School District","t":951.11,"l":"400: Com-Vacant Land","c":0}},{"type":"Feature","geometry":{"type":"Polygon","coordinates":[[[-83.119751,41.350391],[-83.119919,41.350148],[-83.120071,41.35021],[-83.119902,41.350454],[-83.119751,41.350391]]]},"properties":{"p":"34-50-00-0062-02","o":"FRANK, JORDAN T","a":"814 STATE ST W","d":"Fremont City School District","t":827.11,"l":"499: Com-Other","c":0}},{"type":"Feature","geometry":{"type":"Polygon","coordinates":[[[-82.990317,41.307298],[-82.99062,41.307297],[-82.990585,41.309237],[-82.990551,41.309229],[-82.99055,41.309143],[-82.989333,41.308863],[-82.989359,41.307302],[-82.990317,41.307298]]]},"properties":{"p":"32-60-00-0120-05","o":"CLYDE MSP LLC","a":"555 WOODLAND AVE","d":"Clyde-Green Springs Exempted Village School District","t":840.52,"l":"499: Com-Other","c":0}},{"type":"Feature","geometry":{"type":"Polygon","coordinates":[[[-82.996275,41.295631],[-82.996586,41.295489],[-82.99687,41.295841],[-82.99656,41.295984],[-82.996275,41.295631]]]},"properties":{"p":"32-50-00-2444-00","o":"KLUCK TODD A.","a":"930 MAPLE ST W","d":"Clyde-Green Springs Exempted Village School District","t":944.28,"l":"510: Res-Single Family","c":0}},{"type":"Feature","geometry":{"type":"Polygon","coordinates":[[[-82.969129,41.297767],[-82.969346,41.297765],[-82.969343,41.298048],[-82.969127,41.29805],[-82.969129,41.297767]]]},"properties":{"p":"32-50-00-1823-00","o":"PEARSON, JOHN J","a":"320 FAIRHOME AVE","d":"Clyde-Green Springs Exempted Village School District","t":841.54,"l":"560: Res-Mobile Home","c":0}},{"type":"Feature","geometry":{"type":"Polygon","coordinates":[[[-82.975548,41.308923],[-82.97556,41.308644],[-82.975901,41.308666],[-82.975877,41.309009],[-82.975548,41.308923]]]},"properties":{"p":"32-50-00-0881-00","o":"HAYNES, CHRIS","a":"116-116 1/2 WASHINGTON AVE","d":"Clyde-Green Springs Exempted Village School District","t":938.78,"l":"520: Res-Two Family","c":0}},{"type":"Feature","geometry":{"type":"Polygon","coordinates":[[[-82.972904,41.300116],[-82.973143,41.300114],[-82.973142,41.300572],[-82.972902,41.300574],[-82.972904,41.300116]]]},"properties":{"p":"32-50-00-0741-00","o":"ASBURY INVESTMENTS GROUP LLC","a":"202 GRANT ST E","d":"Clyde-Green Springs Exempted Village School District","t":896.03,"l":"510: Res-Single Family","c":0}},{"type":"Feature","geometry":{"type":"Polygon","coordinates":[[[-82.978537,41.303744],[-82.97872,41.303624],[-82.979095,41.303961],[-82.97891,41.304089],[-82.978537,41.303744]]]},"properties":{"p":"32-50-00-0458-00","o":"STULL, CYLE M. & MCDONNEL","a":"241 BUCKEYE ST","d":"Clyde-Green Springs Exempted Village School District","t":865.14,"l":"520: Res-Two Family","c":0}},{"type":"Feature","geometry":{"type":"Polygon","coordinates":[[[-82.977319,41.302665],[-82.977319,41.30208],[-82.97758,41.302079],[-82.977579,41.302668],[-82.977319,41.302665]]]},"properties":{"p":"32-50-00-0417-00","o":"HOUSE, BRIAN","a":"302 CHERRY ST W","d":"Clyde-Green Springs Exempted Village School District","t":918.45,"l":"510: Res-Single Family","c":0}},{"type":"Feature","geometry":{"type":"Polygon","coordinates":[[[-82.977139,41.306903],[-82.977348,41.306901],[-82.977348,41.307354],[-82.977136,41.307355],[-82.977139,41.306903]]]},"properties":{"p":"32-50-00-0288-00","o":"LEITER, SCOTT & KIM L","a":"150 AMANDA ST","d":"Clyde-Green Springs Exempted Village School District","t":851.39,"l":"520: Res-Two Family","c":0}},{"type":"Feature","geometry":{"type":"Polygon","coordinates":[[[-82.973702,41.304836],[-82.97394,41.304835],[-82.97394,41.305287],[-82.973704,41.305289],[-82.973702,41.304836]]]},"properties":{"p":"32-50-00-0133-00","o":"FERGUSON, JOSEPH A","a":"118 BUCKEYE ST E","d":"Clyde-Green Springs Exempted Village School District","t":843.34,"l":"510: Res-Single Family","c":0}},{"type":"Feature","geometry":{"type":"Polygon","coordinates":[[[-83.159322,41.438034],[-83.15932,41.43784],[-83.16087,41.437857],[-83.160865,41.437311],[-83.164154,41.437345],[-83.164162,41.4392],[-83.159326,41.439185],[-83.159322,41.438034]]]},"properties":{"p":"31-32-00-0001-08","o":"SAIONZ, BRENT & BRIAN R","a":"CR 146","d":"Fremont City School District","t":839.75,"l":"110: Agr-CAUV-Vacant Land","c":0}},{"type":"Feature","geometry":{"type":"Polygon","coordinates":[[[-83.08683,41.403321],[-83.087087,41.403304],[-83.087086,41.403672],[-83.086832,41.403684],[-83.08683,41.403321]]]},"properties":{"p":"31-12-04-0117-00","o":"CORLETT, LAWRENCE W & DAN","a":"1118 SHOREWOOD DR","d":"Fremont City School District","t":921.99,"l":"510: Res-Single Family","c":0}},{"type":"Feature","geometry":{"type":"Polygon","coordinates":[[[-83.088961,41.406439],[-83.088729,41.406438],[-83.088736,41.406053],[-83.089001,41.406055],[-83.088999,41.406439],[-83.088961,41.406439]]]},"properties":{"p":"31-11-04-0028-00","o":"MCCOY, TERESA A","a":"1066 MILLBROOK DR","d":"Fremont City School District","t":926.42,"l":"510: Res-Single Family","c":0}},{"type":"Feature","geometry":{"type":"Polygon","coordinates":[[[-83.119408,41.421748],[-83.119409,41.421693],[-83.121053,41.421703],[-83.121026,41.424261],[-83.119386,41.424251],[-83.119408,41.421748]]]},"properties":{"p":"31-03-00-0006-01","o":"HASSELBACH, DUSTIN L.","a":"366 CR 119","d":"Fremont City School District","t":904.94,"l":"511: Res-Custom Code","c":0}},{"type":"Feature","geometry":{"type":"Polygon","coordinates":[[[-83.352789,41.452905],[-83.353214,41.452802],[-83.353276,41.452963],[-83.352788,41.453081],[-83.352789,41.452905]]]},"properties":{"p":"30-50-00-0442-01","o":"PORTAGE RIVER PROPERTY INC","a":"OAK ST","d":"Woodmore Local School District","t":977.82,"l":"599: Res-Other","c":0}},{"type":"Feature","geometry":{"type":"Polygon","coordinates":[[[-83.313903,41.443151],[-83.313888,41.439279],[-83.318655,41.439259],[-83.318723,41.443114],[-83.313903,41.443151]]]},"properties":{"p":"28-36-00-0001-00","o":"KERBEL, JOHN P TRUSTEE & ARENT, JULIE & SAVAGE, SARA L","a":"CR 56","d":"Woodmore Local School District","t":964.54,"l":"110: Agr-CAUV-Vacant Land","c":0}},{"type":"Feature","geometry":{"type":"Polygon","coordinates":[[[-83.308859,41.38332],[-83.309321,41.383317],[-83.309315,41.383592],[-83.308855,41.383596],[-83.308859,41.38332]]]},"properties":{"p":"27-50-00-1171-00","o":"ADAMS, THOMAS R & PAULA S /SURV","a":"875 YEASTING ST E","d":"Gibsonburg Exempted Village School District","t":829.27,"l":"511: Res-Custom Code","c":0}},{"type":"Feature","geometry":{"type":"Polygon","coordinates":[[[-83.329503,41.385476],[-83.329511,41.385068],[-83.329762,41.385068],[-83.329753,41.385476],[-83.329503,41.385476]]]},"properties":{"p":"27-50-00-1012-01","o":"RISENBURG, VALERIE; KATHLEEN M & DOGSDON, ANNETTE","a":"611 STEVENSON ST W","d":"Gibsonburg Exempted Village School District","t":956.98,"l":"510: Res-Single Family","c":0}},{"type":"Feature","geometry":{"type":"Polygon","coordinates":[[[-83.329669,41.381385],[-83.329684,41.380976],[-83.329899,41.380976],[-83.329885,41.381385],[-83.329669,41.381385]]]},"properties":{"p":"27-50-00-0900-00","o":"WILSON, LISA K.","a":"625 SMITH ST W","d":"Gibsonburg Exempted Village School District","t":899.39,"l":"510: Res-Single Family","c":0}},{"type":"Feature","geometry":{"type":"Polygon","coordinates":[[[-83.324066,41.379447],[-83.324077,41.379168],[-83.324622,41.379166],[-83.32461,41.379446],[-83.324066,41.379447]]]},"properties":{"p":"27-50-00-0849-00","o":"BAKER, DANIEL H & SUSAN E / SURV","a":"515 PATTERSON ST S","d":"Gibsonburg Exempted Village School District","t":962.44,"l":"510: Res-Single Family","c":0}},{"type":"Feature","geometry":{"type":"Polygon","coordinates":[[[-83.323958,41.382242],[-83.323962,41.382104],[-83.324502,41.382102],[-83.324497,41.38224],[-83.323958,41.382242]]]},"properties":{"p":"27-50-00-0551-00","o":"AGIN, MADISON & CHRISTOPHER /SURV","a":"305 PATTERSON ST S","d":"Gibsonburg Exempted Village School District","t":896.13,"l":"510: Res-Single Family","c":0}},{"type":"Feature","geometry":{"type":"Polygon","coordinates":[[[-83.327683,41.387104],[-83.327693,41.386686],[-83.327876,41.386686],[-83.327866,41.387104],[-83.327683,41.387104]]]},"properties":{"p":"27-50-00-0511-00","o":"SHULL, JOHN W","a":"528 STONE ST W","d":"Gibsonburg Exempted Village School District","t":862.97,"l":"510: Res-Single Family","c":0}},{"type":"Feature","geometry":{"type":"Polygon","coordinates":[[[-83.319087,41.386129],[-83.319272,41.386127],[-83.319258,41.386533],[-83.319075,41.386536],[-83.319087,41.386129]]]},"properties":{"p":"27-50-00-0267-00","o":"OBERHAUS, JOEL R","a":"113 STONE ST E","d":"Gibsonburg Exempted Village School District","t":975.07,"l":"510: Res-Single Family","c":0}},{"type":"Feature","geometry":{"type":"Polygon","coordinates":[[[-83.3268,41.385031],[-83.326808,41.384608],[-83.326988,41.384608],[-83.326978,41.38503],[-83.3268,41.385031]]]},"properties":{"p":"27-50-00-0250-00","o":"MARKIN, JESSICA L","a":"508 MADISON ST W","d":"Gibsonburg Exempted Village School District","t":926.49,"l":"510: Res-Single Family","c":0}},{"type":"Feature","geometry":{"type":"Polygon","coordinates":[[[-83.317616,41.383635],[-83.317799,41.383632],[-83.317791,41.384039],[-83.317605,41.384042],[-83.317616,41.383635]]]},"properties":{"p":"27-50-00-0220-00","o":"COOK, ELLEN LEE","a":"216 YEASTING ST E","d":"Gibsonburg Exempted Village School District","t":970.13,"l":"510: Res-Single Family","c":0}},{"type":"Feature","geometry":{"type":"Polygon","coordinates":[[[-83.320056,41.387434],[-83.32006,41.387294],[-83.320599,41.387292],[-83.320594,41.387432],[-83.320056,41.387434]]]},"properties":{"p":"27-50-00-0109-00","o":"BELCHER, CONNIE K","a":"316 MAIN ST N","d":"Gibsonburg Exempted Village School District","t":830.82,"l":"510: Res-Single Family","c":0}},{"type":"Feature","geometry":{"type":"Polygon","coordinates":[[[-83.322598,41.386529],[-83.322614,41.38617],[-83.322836,41.386529],[-83.322598,41.386529]]]},"properties":{"p":"27-50-00-0093-00","o":"DAMSCHRODER, RONALD LEE","a":"225 STONE ST W","d":"Gibsonburg Exempted Village School District","t":968.14,"l":"510: Res-Single Family","c":0}},{"type":"Feature","geometry":{"type":"Polygon","coordinates":[[[-83.320761,41.384445],[-83.320775,41.384034],[-83.320959,41.384034],[-83.320945,41.384445],[-83.320761,41.384445]]]},"properties":{"p":"27-50-00-0008-00","o":"TS REAL ESTATE INVESTMENTS LLC","a":"121 MADISON ST W","d":"Gibsonburg Exempted Village School District","t":870.87,"l":"499: Com-Other","c":0}},{"type":"Feature","geometry":{"type":"Polygon","coordinates":[[[-83.311221,41.352028],[-83.312669,41.352003],[-83.312661,41.353647],[-83.31109,41.353667],[-83.311113,41.35203],[-83.311221,41.352028]]]},"properties":{"p":"25-36-00-0006-03","o":"TUCKER, TONY LEE & KAREN SUE /SURV","a":"CR 60","d":"Gibsonburg Exempted Village School District","t":845.5,"l":"110: Agr-CAUV-Vacant Land","c":0}},{"type":"Feature","geometry":{"type":"Polygon","coordinates":[[[-83.328342,41.342526],[-83.328482,41.342344],[-83.328652,41.342352],[-83.328698,41.342293],[-83.328717,41.342188],[-83.328709,41.341055],[-83.328835,41.341054],[-83.32884,41.343771],[-83.328039,41.343774],[-83.328038,41.343121],[-83.328164,41.34312],[-83.328342,41.342526]]]},"properties":{"p":"25-35-00-0007-01","o":"VARGAS, COREY","a":"5292 SR 6","d":"Gibsonburg Exempted Village School District","t":921.97,"l":"562: Res-Custom Code","c":0}},{"type":"Feature","geometry":{"type":"Polygon","coordinates":[[[-83.411566,41.341431],[-83.411568,41.341314],[-83.412293,41.341311],[-83.412287,41.341994],[-83.411558,41.342],[-83.411566,41.341431]]]},"properties":{"p":"25-31-00-0007-00","o":"BERRIDGE, CHAD P. & STEPH","a":"7454 SR 6","d":"Gibsonburg Exempted Village School District","t":959.41,"l":"511: Res-Custom Code","c":0}},{"type":"Feature","geometry":{"type":"Polygon","coordinates":[[[-83.339844,41.361129],[-83.339897,41.359191],[-83.344726,41.359243],[-83.344651,41.362851],[-83.339811,41.362799],[-83.339844,41.361129]]]},"properties":{"p":"25-27-00-0013-02","o":"FORK, JOSHUA E & SARAH E / SURV","a":"770 CR 42","d":"Gibsonburg Exempted Village School District","t":968.33,"l":"111: Agr-CAUV-Cash-Grain Farm","c":0}},{"type":"Feature","geometry":{"type":"Polygon","coordinates":[[[-83.29988,41.402323],[-83.29995,41.399903],[-83.302091,41.399882],[-83.302107,41.399333],[-83.302823,41.399326],[-83.30282,41.400039],[-83.303413,41.400028],[-83.303369,41.402955],[-83.303334,41.402955],[-83.303294,41.40409],[-83.299827,41.404143],[-83.29988,41.402323]]]},"properties":{"p":"25-12-00-0002-00","o":"MAIN LANE LLC","a":"4650 CR 85","d":"Gibsonburg Exempted Village School District","t":842.53,"l":"100: Agr-Vacant Land","c":0}},{"type":"Feature","geometry":{"type":"Polygon","coordinates":[[[-83.352247,41.32215],[-83.352206,41.320993],[-83.355074,41.320972],[-83.355068,41.320489],[-83.3572,41.320476],[-83.357215,41.321595],[-83.359147,41.32158],[-83.359229,41.32394],[-83.35313,41.323984],[-83.353118,41.323654],[-83.352301,41.32366],[-83.352247,41.32215]]]},"properties":{"p":"24-10-00-0007-02","o":"HOVIS, RONALD J & MARIANN /SURV","a":"CR 32","d":"Gibsonburg Exempted Village School District","t":869.89,"l":"110: Agr-CAUV-Vacant Land","c":0}},{"type":"Feature","geometry":{"type":"Polygon","coordinates":[[[-83.327375,41.333771],[-83.327395,41.333314],[-83.330179,41.333334],[-83.330191,41.333754],[-83.327375,41.333771]]]},"properties":{"p":"24-02-00-0009-01","o":"SOCHOR, SUZANNE J & TIMOTHY P /SURV","a":"375 CR 50","d":"Gibsonburg Exempted Village School District","t":933.94,"l":"511: Res-Custom Code","c":0}},{"type":"Feature","geometry":{"type":"Polygon","coordinates":[[[-83.389967,41.298541],[-83.389643,41.298531],[-83.388914,41.298613],[-83.388481,41.298632],[-83.388288,41.298657],[-83.388284,41.298072],[-83.390735,41.298024],[-83.390749,41.298696],[-83.389967,41.298541]]]},"properties":{"p":"23-17-00-0004-01","o":"HILLE, LILA A","a":"6910 CR 33","d":"Lakota Local School District","t":960.84,"l":"511: Res-Custom Code","c":0}},{"type":"Feature","geometry":{"type":"Polygon","coordinates":[[[-83.224211,41.419904],[-83.224389,41.419777],[-83.224566,41.419905],[-83.224387,41.420033],[-83.224211,41.419904]]]},"properties":{"p":"22-50-00-0157-01","o":"HOMEVANA LLC","a":"112 WILLIAMS ST","d":"Fremont City School District","t":929.79,"l":"510: Res-Single Family","c":0}},{"type":"Feature","geometry":{"type":"Polygon","coordinates":[[[-83.223361,41.420106],[-83.223717,41.419853],[-83.223892,41.419983],[-83.223536,41.420236],[-83.223361,41.420106]]]},"properties":{"p":"22-50-00-0155-00","o":"BARNARD, NATHANIEL L & DALLAS N /SURV","a":"315 GARFIELD ST","d":"Fremont City School District","t":836.59,"l":"560: Res-Mobile Home","c":0}},{"type":"Feature","geometry":{"type":"Polygon","coordinates":[[[-83.220186,41.421006],[-83.220193,41.420825],[-83.220673,41.420824],[-83.220666,41.421003],[-83.220186,41.421006]]]},"properties":{"p":"22-50-00-0021-00","o":"REINECK, STEPHEN J.","a":"111 MAIN ST S","d":"Fremont City School District","t":877.55,"l":"510: Res-Single Family","c":0}},{"type":"Feature","geometry":{"type":"Polygon","coordinates":[[[-83.300404,41.353331],[-83.300425,41.352839],[-83.301341,41.352892],[-83.301289,41.353934],[-83.300373,41.353881],[-83.300404,41.353331]]]},"properties":{"p":"20-31-00-0004-00","o":"SHAFER, JOHN H. & SHERIL","a":"515 CR 66 N","d":"Gibsonburg Exempted Village School District","t":942.04,"l":"511: Res-Custom Code","c":0}},{"type":"Feature","geometry":{"type":"Polygon","coordinates":[[[-83.247125,41.376534],[-83.244759,41.376533],[-83.24476,41.377637],[-83.242161,41.377643],[-83.242173,41.377411],[-83.241571,41.377412],[-83.24171,41.373565],[-83.2441,41.373569],[-83.244093,41.374218],[-83.245683,41.374216],[-83.245573,41.373908],[-83.245575,41.373387],[-83.245309,41.372788],[-83.244871,41.372792],[-83.244603,41.372988],[-83.244594,41.373413],[-83.241716,41.373409],[-83.241847,41.370388],[-83.242942,41.370405],[-83.245363,41.370408],[-83.246528,41.372791],[-83.247467,41.371893],[-83.248101,41.37113],[-83.247863,41.377635],[-83.247131,41.377637],[-83.247125,41.376534]]]},"properties":{"p":"20-21-00-0006-00","o":"ZINKAND, JOHN L TRUSTEE","a":"CR 90","d":"Gibsonburg Exempted Village School District","t":907.32,"l":"110: Agr-CAUV-Vacant Land","c":0}},{"type":"Feature","geometry":{"type":"Polygon","coordinates":[[[-83.288445,41.342416],[-83.288486,41.341821],[-83.288793,41.341821],[-83.288753,41.342416],[-83.288445,41.342416]]]},"properties":{"p":"18-60-00-0001-02","o":"ESKER, CHRISTOPHER","a":"285 MAIN ST REAR","d":"Gibsonburg Exempted Village School District","t":825.38,"l":"599: Res-Other","c":0}},{"type":"Feature","geometry":{"type":"Polygon","coordinates":[[[-83.289718,41.342279],[-83.289742,41.341866],[-83.289979,41.341867],[-83.289955,41.34228],[-83.289718,41.342279]]]},"properties":{"p":"18-50-00-0090-00","o":"GOSCHE, NANCY L","a":"174 NORTH ST","d":"Gibsonburg Exempted Village School District","t":898.8,"l":"510: Res-Single Family","c":0}},{"type":"Feature","geometry":{"type":"Polygon","coordinates":[[[-83.255534,41.267118],[-83.255555,41.266651],[-83.255775,41.266655],[-83.255755,41.267122],[-83.255534,41.267118]]]},"properties":{"p":"16-50-00-0126-00","o":"LITTER, KRIS","a":"GEORGE ST","d":"Lakota Local School District","t":942.7,"l":"500: Res-Vacant Land","c":0}},{"type":"Feature","geometry":{"type":"Polygon","coordinates":[[[-83.255755,41.267122],[-83.255775,41.266655],[-83.255993,41.266658],[-83.255971,41.267125],[-83.255755,41.267122]]]},"properties":{"p":"16-50-00-0125-00","o":"LITTER, KRIS","a":"GEORGE ST","d":"Lakota Local School District","t":942.7,"l":"500: Res-Vacant Land","c":0}},{"type":"Feature","geometry":{"type":"Polygon","coordinates":[[[-83.255971,41.267125],[-83.255993,41.266658],[-83.256212,41.266662],[-83.256192,41.267129],[-83.255971,41.267125]]]},"properties":{"p":"16-50-00-0124-00","o":"LITTER, KRIS","a":"GEORGE ST","d":"Lakota Local School District","t":942.7,"l":"500: Res-Vacant Land","c":0}},{"type":"Feature","geometry":{"type":"Polygon","coordinates":[[[-83.256192,41.267129],[-83.256212,41.266662],[-83.256428,41.266665],[-83.256405,41.267133],[-83.256192,41.267129]]]},"properties":{"p":"16-50-00-0123-00","o":"LITTER, KRIS","a":"GEORGE ST","d":"Lakota Local School District","t":942.7,"l":"500: Res-Vacant Land","c":0}},{"type":"Feature","geometry":{"type":"Polygon","coordinates":[[[-83.223482,41.267736],[-83.2241,41.267724],[-83.224128,41.268471],[-83.223936,41.268475],[-83.223942,41.26868],[-83.223514,41.268688],[-83.223482,41.267736]]]},"properties":{"p":"14-26-00-0009-01","o":"REYNA, JOSE E & WARNER, S","a":"2544 CR 13","d":"Lakota Local School District","t":913.41,"l":"511: Res-Custom Code","c":0}},{"type":"Feature","geometry":{"type":"Polygon","coordinates":[[[-83.277956,41.293619],[-83.278095,41.289937],[-83.282689,41.290058],[-83.282507,41.293731],[-83.277956,41.293619]]]},"properties":{"p":"14-20-00-0002-00","o":"NIESET, CRAIG L TRUSTEE","a":"SR 635","d":"Lakota Local School District","t":910.23,"l":"110: Agr-CAUV-Vacant Land","c":0}},{"type":"Feature","geometry":{"type":"Polygon","coordinates":[[[-83.147947,41.349347],[-83.148529,41.349343],[-83.148526,41.34983],[-83.147944,41.349835],[-83.147947,41.349347]]]},"properties":{"p":"13-32-00-0026-00","o":"ZUCKER, JENNIFER & JULIA","a":"2350 NAPOLEON RD","d":"Fremont City School District","t":853.26,"l":"511: Res-Custom Code","c":0}},{"type":"Feature","geometry":{"type":"Polygon","coordinates":[[[-83.112403,41.363499],[-83.112429,41.363143],[-83.112718,41.363141],[-83.112697,41.3635],[-83.112403,41.363499]]]},"properties":{"p":"13-27-28-0065-00","o":"VINSON, CORBY TYLER","a":"682 SUMMIT ST","d":"Fremont City School District","t":859.3,"l":"510: Res-Single Family","c":0}},{"type":"Feature","geometry":{"type":"Polygon","coordinates":[[[-83.078397,41.364377],[-83.078401,41.364158],[-83.078944,41.364164],[-83.078941,41.364379],[-83.078397,41.364377]]]},"properties":{"p":"13-25-21-0012-00","o":"BRISTLEY, MUNOZ, THERESA","a":"1503 EDWARDS DR","d":"Fremont City School District","t":903.33,"l":"510: Res-Single Family","c":0}},{"type":"Feature","geometry":{"type":"Polygon","coordinates":[[[-83.109176,41.387411],[-83.109179,41.386972],[-83.109468,41.386973],[-83.109461,41.387411],[-83.109176,41.387411]]]},"properties":{"p":"13-15-10-0019-00","o":"SWINT, ASHLEY & RICE, CARL","a":"537 NORTHCREST AVE","d":"Fremont City School District","t":914.61,"l":"510: Res-Single Family","c":0}},{"type":"Feature","geometry":{"type":"Polygon","coordinates":[[[-83.077297,41.396383],[-83.077639,41.396172],[-83.077825,41.396172],[-83.077842,41.397046],[-83.077221,41.397046],[-83.077218,41.396635],[-83.076963,41.396635],[-83.077297,41.396383]]]},"properties":{"p":"13-13-00-0029-01","o":"AMES, MICHAEL C","a":"3323 CR 188","d":"Fremont City School District","t":905.06,"l":"511: Res-Custom Code","c":0}},{"type":"Feature","geometry":{"type":"Polygon","coordinates":[[[-83.134703,41.291717],[-83.134703,41.291662],[-83.134979,41.291662],[-83.134982,41.292078],[-83.1347,41.292079],[-83.134703,41.291717]]]},"properties":{"p":"10-21-00-0019-00","o":"TAYLOR, CHAD L","a":"222 CR 201","d":"Fremont City School District","t":911.8,"l":"511: Res-Custom Code","c":0}},{"type":"Feature","geometry":{"type":"Polygon","coordinates":[[[-83.104402,41.322255],[-83.104401,41.321996],[-83.10509,41.322004],[-83.105091,41.322259],[-83.104402,41.322255]]]},"properties":{"p":"10-11-61-0018-00","o":"BARRY, DONALD J. & JOANNE","a":"1762 OAK DR","d":"Fremont City School District","t":929.19,"l":"510: Res-Single Family","c":0}},{"type":"Feature","geometry":{"type":"Polygon","coordinates":[[[-83.123552,41.32222],[-83.123394,41.322216],[-83.123396,41.322109],[-83.123556,41.322111],[-83.123552,41.322161],[-83.123592,41.322163],[-83.123589,41.322221],[-83.123552,41.32222]]]},"properties":{"p":"10-10-77-0012-00","o":"LONGORIA, JUDITH & EMILY /SURV","a":"35 BROOKVIEW DR","d":"Fremont City School District","t":962.08,"l":"550: Res-Condo","c":0}},{"type":"Feature","geometry":{"type":"Polygon","coordinates":[[[-83.149585,41.340934],[-83.149661,41.340934],[-83.149662,41.341026],[-83.149586,41.341026],[-83.149585,41.340934]]]},"properties":{"p":"10-05-16-0020-20","o":"LYLE INC","a":"113 COLONY COURT DR","d":"Fremont City School District","t":871.35,"l":"550: Res-Condo","c":0}},{"type":"Feature","geometry":{"type":"Polygon","coordinates":[[[-83.149683,41.340938],[-83.14976,41.340937],[-83.149761,41.341029],[-83.149684,41.34103],[-83.149683,41.340938]]]},"properties":{"p":"10-05-16-0020-19","o":"LYLE INC","a":"111 COLONY COURT DR","d":"Fremont City School District","t":868.14,"l":"550: Res-Condo","c":0}},{"type":"Feature","geometry":{"type":"Polygon","coordinates":[[[-83.149937,41.340941],[-83.150013,41.340941],[-83.150014,41.341033],[-83.149938,41.341033],[-83.149937,41.340941]]]},"properties":{"p":"10-05-16-0020-16","o":"LYLE INC","a":"105 COLONY COURT DR","d":"Fremont City School District","t":871.35,"l":"550: Res-Condo","c":0}},{"type":"Feature","geometry":{"type":"Polygon","coordinates":[[[-83.150034,41.340944],[-83.150111,41.340943],[-83.150112,41.341035],[-83.150035,41.341036],[-83.150034,41.340944]]]},"properties":{"p":"10-05-16-0020-15","o":"LYLE INC","a":"103 COLONY COURT DR","d":"Fremont City School District","t":871.35,"l":"550: Res-Condo","c":0}},{"type":"Feature","geometry":{"type":"Polygon","coordinates":[[[-83.149588,41.340521],[-83.149663,41.340521],[-83.149664,41.340613],[-83.149588,41.340613],[-83.149588,41.340521]]]},"properties":{"p":"10-05-16-0020-11","o":"LYLE INC","a":"112 COLONY COURT DR","d":"Fremont City School District","t":902.14,"l":"550: Res-Condo","c":0}},{"type":"Feature","geometry":{"type":"Polygon","coordinates":[[[-83.149685,41.340524],[-83.149762,41.340524],[-83.149763,41.340616],[-83.149687,41.340617],[-83.149685,41.340524]]]},"properties":{"p":"10-05-16-0020-10","o":"LYLE INC","a":"110 COLONY COURT DR","d":"Fremont City School District","t":871.35,"l":"550: Res-Condo","c":0}},{"type":"Feature","geometry":{"type":"Polygon","coordinates":[[[-83.14994,41.340528],[-83.150016,41.340528],[-83.150016,41.34062],[-83.14994,41.34062],[-83.14994,41.340528]]]},"properties":{"p":"10-05-16-0020-07","o":"LYLE INC","a":"104 COLONY COURT DR","d":"Fremont City School District","t":871.35,"l":"550: Res-Condo","c":0}},{"type":"Feature","geometry":{"type":"Polygon","coordinates":[[[-83.150036,41.34053],[-83.150113,41.34053],[-83.150114,41.340622],[-83.150038,41.340623],[-83.150036,41.34053]]]},"properties":{"p":"10-05-16-0020-06","o":"LYLE INC","a":"102 COLONY COURT DR","d":"Fremont City School District","t":871.35,"l":"550: Res-Condo","c":0}},{"type":"Feature","geometry":{"type":"Polygon","coordinates":[[[-83.16585,41.341985],[-83.165861,41.341576],[-83.166456,41.341576],[-83.166454,41.342074],[-83.165848,41.342072],[-83.16585,41.341985]]]},"properties":{"p":"10-05-00-0012-00","o":"JIMENEZ, VICTOR MANUEL","a":"HAYES AVE","d":"Fremont City School District","t":927.2,"l":"501: Res-Custom Code","c":0}},{"type":"Feature","geometry":{"type":"Polygon","coordinates":[[[-83.126204,41.328204],[-83.12623,41.328154],[-83.126284,41.328103],[-83.126325,41.328094],[-83.126419,41.328141],[-83.126648,41.328165],[-83.127099,41.328046],[-83.127547,41.327888],[-83.12774,41.327859],[-83.12797,41.327784],[-83.128049,41.328037],[-83.125794,41.329618],[-83.12542,41.32889],[-83.126169,41.328669],[-83.125953,41.32827],[-83.126204,41.328204]]]},"properties":{"p":"10-03-00-0004-00","o":"TURNER ABC LLC","a":"TIFFIN ST","d":"Fremont City School District","t":875.47,"l":"499: Com-Other","c":0}},{"type":"Feature","geometry":{"type":"Polygon","coordinates":[[[-83.069599,41.331929],[-83.06961,41.331656],[-83.070222,41.331668],[-83.070211,41.331939],[-83.069599,41.331929]]]},"properties":{"p":"10-01-03-0009-00","o":"RHOAD, DONALD B. & TAMMY","a":"1022 CR 198 S","d":"Fremont City School District","t":939.13,"l":"510: Res-Single Family","c":0}},{"type":"Feature","geometry":{"type":"Polygon","coordinates":[[[-82.974158,41.35404],[-82.978829,41.35396],[-82.978725,41.357588],[-82.973962,41.357664],[-82.974049,41.354041],[-82.974158,41.35404]]]},"properties":{"p":"09-35-00-0002-00","o":"WOTT, ZACHARY W & BRITTANY L","a":"CR 233","d":"Clyde-Green Springs Exempted Village School District","t":894.44,"l":"110: Agr-CAUV-Vacant Land","c":0}},{"type":"Feature","geometry":{"type":"Polygon","coordinates":[[[-83.026052,41.403965],[-83.026077,41.402334],[-83.026054,41.401947],[-83.026075,41.401426],[-83.026051,41.400982],[-83.02599,41.40075],[-83.025961,41.400504],[-83.030879,41.400441],[-83.030813,41.404066],[-83.026045,41.404105],[-83.026052,41.403965]]]},"properties":{"p":"08-09-00-0009-01","o":"MAPLE TREE DAIRY FARM LLC","a":"CR 216","d":"Fremont City School District","t":932.08,"l":"110: Agr-CAUV-Vacant Land","c":0}},{"type":"Feature","geometry":{"type":"Polygon","coordinates":[[[-83.025974,41.407589],[-83.02603,41.405838],[-83.026045,41.404105],[-83.030813,41.404066],[-83.030748,41.407684],[-83.025969,41.407728],[-83.025974,41.407589]]]},"properties":{"p":"08-09-00-0009-00","o":"MAPLE TREE DAIRY FARM LLC","a":"CR 265","d":"Fremont City School District","t":927.44,"l":"110: Agr-CAUV-Vacant Land","c":0}},{"type":"Feature","geometry":{"type":"Polygon","coordinates":[[[-83.039902,41.272233],[-83.040162,41.27206],[-83.040649,41.272455],[-83.040383,41.272635],[-83.039902,41.272233]]]},"properties":{"p":"06-29-00-0026-02","o":"MESSINGER, SANDRA & MARK","a":"2379 CR 185","d":"Clyde-Green Springs Exempted Village School District","t":841.71,"l":"511: Res-Custom Code","c":0}},{"type":"Feature","geometry":{"type":"Polygon","coordinates":[[[-83.005449,41.306884],[-83.00545,41.306829],[-83.005813,41.306836],[-83.005801,41.307459],[-83.005441,41.307454],[-83.005449,41.306884]]]},"properties":{"p":"06-15-00-0032-04","o":"HUEY, NANCY J","a":"3284 CR 213","d":"Clyde-Green Springs Exempted Village School District","t":919.45,"l":"511: Res-Custom Code","c":0}},{"type":"Feature","geometry":{"type":"Polygon","coordinates":[[[-82.99129,41.3062],[-82.991292,41.306101],[-82.991857,41.306102],[-82.991854,41.306378],[-82.991288,41.30638],[-82.99129,41.3062]]]},"properties":{"p":"06-14-08-0003-00","o":"HOOKS, DAVID A.","a":"1371 FRANKS AVE","d":"Clyde-Green Springs Exempted Village School District","t":912.92,"l":"510: Res-Single Family","c":0}},{"type":"Feature","geometry":{"type":"Polygon","coordinates":[[[-82.999589,41.328572],[-82.999589,41.32769],[-82.999965,41.327691],[-82.99997,41.328653],[-82.999589,41.328655],[-82.999589,41.328572]]]},"properties":{"p":"06-10-00-0003-00","o":"WADSWORTH, DEAN A","a":"3449 CR 223","d":"Clyde-Green Springs Exempted Village School District","t":827.88,"l":"511: Res-Custom Code","c":0}},{"type":"Feature","geometry":{"type":"MultiPolygon","coordinates":[[[[-83.046936,41.321898],[-83.046926,41.320932],[-83.047495,41.320947],[-83.0477,41.321509],[-83.047863,41.322106],[-83.046936,41.321898]]],[[[-83.046922,41.31999],[-83.046924,41.319613],[-83.04698,41.319859],[-83.04747,41.32089],[-83.046918,41.320877],[-83.046922,41.31999]]]]},"properties":{"p":"06-08-00-0010-02","o":"GEYER, KAYLA M","a":"857 CR 212","d":"Clyde-Green Springs Exempted Village School District","t":823.27,"l":"511: Res-Custom Code","c":0}},{"type":"Feature","geometry":{"type":"Polygon","coordinates":[[[-83.062813,41.333017],[-83.062753,41.333014],[-83.062756,41.332484],[-83.062574,41.332475],[-83.062577,41.332347],[-83.063529,41.332392],[-83.063517,41.333052],[-83.062813,41.333017]]]},"properties":{"p":"06-06-00-0027-01","o":"VENEGAS, ISMAEL & ELENA","a":"2785 STATE ST E","d":"Clyde-Green Springs Exempted Village School District","t":846.26,"l":"511: Res-Custom Code","c":0}},{"type":"Feature","geometry":{"type":"Polygon","coordinates":[[[-83.050005,41.333507],[-83.050005,41.333295],[-83.050839,41.333294],[-83.050839,41.333505],[-83.050952,41.333505],[-83.050956,41.333758],[-83.050363,41.333758],[-83.050363,41.333506],[-83.050005,41.333507]]]},"properties":{"p":"06-05-00-0046-00","o":"HALL, RILEY VAN","a":"425 CR 204","d":"Clyde-Green Springs Exempted Village School District","t":847.43,"l":"511: Res-Custom Code","c":0}},{"type":"Feature","geometry":{"type":"Polygon","coordinates":[[[-82.936325,41.381581],[-82.936331,41.38131],[-82.9369,41.381324],[-82.936895,41.381592],[-82.936325,41.381581]]]},"properties":{"p":"04-95-00-0006-00","o":"WOOD, THURMAN & LANGE, DANIEL","a":"5080 CR 293","d":"Margaretta Local School District","t":889.99,"l":"540: Res-Custom Code","c":0}},{"type":"Feature","geometry":{"type":"Polygon","coordinates":[[[-82.855308,41.357017],[-82.855524,41.356971],[-82.855495,41.357383],[-82.855499,41.357762],[-82.854776,41.357763],[-82.854802,41.357182],[-82.855087,41.357145],[-82.855308,41.357017]]]},"properties":{"p":"04-36-00-0002-02","o":"COX, RAE L & JUSTIN","a":"7269 CR 235","d":"Margaretta Local School District","t":948.32,"l":"511: Res-Custom Code","c":0}},{"type":"Feature","geometry":{"type":"Polygon","coordinates":[[[-82.920488,41.40127],[-82.92279,41.401251],[-82.92278,41.40853],[-82.920476,41.408545],[-82.920488,41.40127]]]},"properties":{"p":"04-08-00-0012-00","o":"KEEGAN, RICK L & KAREN A /SURV","a":"5421 SR 6 E","d":"Margaretta Local School District","t":849.92,"l":"111: Agr-CAUV-Cash-Grain Farm","c":0}},{"type":"Feature","geometry":{"type":"MultiPolygon","coordinates":[[[[-82.915867,41.408585],[-82.915897,41.404357],[-82.920483,41.404321],[-82.920477,41.407821],[-82.919871,41.407823],[-82.919866,41.40855],[-82.91701,41.408569],[-82.915864,41.408932],[-82.915867,41.408585]]],[[[-82.915867,41.408585],[-82.915898,41.404218],[-82.920483,41.404183],[-82.920477,41.407821],[-82.919871,41.407823],[-82.919866,41.40855],[-82.91701,41.408569],[-82.915864,41.408932],[-82.915867,41.408585]]]]},"properties":{"p":"04-08-00-0004-00","o":"KEEGAN, RICK L & KAREN A /SURV","a":"3375 SR 6 E","d":"Margaretta Local School District","t":850.91,"l":"199: Agr-CAUV-Other","c":0}},{"type":"Feature","geometry":{"type":"Polygon","coordinates":[[[-82.843871,41.27433],[-82.84412,41.273938],[-82.844284,41.274007],[-82.844025,41.274373],[-82.843871,41.27433]]]},"properties":{"p":"03-60-00-0010-01","o":"STEEL, COLLEENIA R & JESUS ANTIONIO","a":"249 MAIN ST W","d":"Bellevue City School District","t":959.46,"l":"510: Res-Single Family","c":0}},{"type":"Feature","geometry":{"type":"Polygon","coordinates":[[[-82.852152,41.272423],[-82.852146,41.272028],[-82.852406,41.272087],[-82.852243,41.272447],[-82.852152,41.272423]]]},"properties":{"p":"03-50-00-1908-00","o":"HALLADAY, SCOTT F. & SHER","a":"160 WINFIELD CT","d":"Bellevue City School District","t":884.99,"l":"510: Res-Single Family","c":0}},{"type":"Feature","geometry":{"type":"Polygon","coordinates":[[[-82.857226,41.268344],[-82.857666,41.268343],[-82.857651,41.26835],[-82.857652,41.26853],[-82.857226,41.268532],[-82.857226,41.268344]]]},"properties":{"p":"03-50-00-1818-00","o":"RHINEBERGER, KRISTEN","a":"801 SHUMAKER DR","d":"Bellevue City School District","t":896.48,"l":"510: Res-Single Family","c":0}},{"type":"Feature","geometry":{"type":"Polygon","coordinates":[[[-82.847581,41.264003],[-82.847583,41.263794],[-82.848071,41.263797],[-82.848069,41.264005],[-82.847581,41.264003]]]},"properties":{"p":"03-50-00-1689-00","o":"ZILCH, JANET M TRUSTEE","a":"443 KINNEY ST","d":"Bellevue City School District","t":913.88,"l":"510: Res-Single Family","c":0}},{"type":"Feature","geometry":{"type":"Polygon","coordinates":[[[-82.841747,41.268628],[-82.841733,41.268169],[-82.841915,41.268171],[-82.841928,41.268629],[-82.841747,41.268628]]]},"properties":{"p":"03-50-00-1158-00","o":"SANDERS, WALTER H.,III &","a":"122 ELLIS AVE","d":"Bellevue City School District","t":960.69,"l":"510: Res-Single Family","c":0}},{"type":"Feature","geometry":{"type":"Polygon","coordinates":[[[-82.844129,41.268024],[-82.844111,41.267543],[-82.844291,41.267545],[-82.844309,41.268025],[-82.844129,41.268024]]]},"properties":{"p":"03-50-00-1125-00","o":"KOSELKE, KELLY","a":"237 ELLIS AVE","d":"Bellevue City School District","t":837.46,"l":"510: Res-Single Family","c":0}},{"type":"Feature","geometry":{"type":"Polygon","coordinates":[[[-82.841961,41.280245],[-82.841944,41.279835],[-82.842125,41.279836],[-82.842144,41.280246],[-82.841961,41.280245]]]},"properties":{"p":"03-50-00-0951-00","o":"KERSTON, ERIC & TRACEY","a":"113 HUFFMAN ST","d":"Bellevue City School District","t":909.15,"l":"510: Res-Single Family","c":0}},{"type":"Feature","geometry":{"type":"Polygon","coordinates":[[[-82.848216,41.269338],[-82.848523,41.26964],[-82.848205,41.269823],[-82.848216,41.269338]]]},"properties":{"p":"03-50-00-0311-00","o":"VALLES, JUAN & IVONNE /SU","a":"503 KILBOURNE ST","d":"Bellevue City School District","t":973.85,"l":"510: Res-Single Family","c":0}},{"type":"Feature","geometry":{"type":"Polygon","coordinates":[[[-82.845062,41.262521],[-82.845057,41.261994],[-82.846354,41.261997],[-82.846354,41.262524],[-82.845062,41.262521]]]},"properties":{"p":"01-36-00-0013-04","o":"YOUNG, JOSEPH R & MARSIA L","a":"562 CR 314","d":"Bellevue City School District","t":961.22,"l":"481: Com-Custom Code","c":0}},{"type":"Feature","geometry":{"type":"Polygon","coordinates":[[[-82.859306,41.28131],[-82.859307,41.280949],[-82.860452,41.280957],[-82.860451,41.281321],[-82.859306,41.28131]]]},"properties":{"p":"01-26-00-0052-00","o":"MYGRANT, JAMES R TRUSTEE","a":"2212 CR 308","d":"Bellevue City School District","t":889.9,"l":"511: Res-Custom Code","c":0}},{"type":"Feature","geometry":{"type":"Polygon","coordinates":[[[-83.084258,41.346163],[-83.084278,41.346126],[-83.084308,41.345964],[-83.084289,41.345376],[-83.084305,41.345002],[-83.08428,41.344754],[-83.084244,41.343842],[-83.084243,41.343308],[-83.086015,41.343766],[-83.086651,41.343032],[-83.088319,41.343015],[-83.088246,41.345065],[-83.084264,41.346191],[-83.084258,41.346163]]]},"properties":{"p":"34-60-00-0367-00","o":"THERMO KING CORPORATION","a":"STATE ST E","d":"Fremont City School District","t":862.04,"l":"400: Com-Vacant Land","c":0}},{"type":"Feature","geometry":{"type":"Polygon","coordinates":[[[-83.110435,41.362133],[-83.110457,41.361797],[-83.110696,41.361794],[-83.110675,41.362133],[-83.110435,41.362133]]]},"properties":{"p":"34-60-00-0350-09","o":"SORG, MARK ALLEN & SUSAN","a":"607 BALL AVE","d":"Fremont City School District","t":921.09,"l":"510: Res-Single Family","c":0}},{"type":"Feature","geometry":{"type":"Polygon","coordinates":[[[-83.121339,41.336125],[-83.121596,41.336124],[-83.1216,41.336506],[-83.121344,41.336507],[-83.121339,41.336125]]]},"properties":{"p":"34-60-00-0293-09","o":"CRESS, GARY W. & LANA J./","a":"905 BUSH ST","d":"Fremont City School District","t":936.11,"l":"510: Res-Single Family","c":0}},{"type":"Feature","geometry":{"type":"Polygon","coordinates":[[[-83.142574,41.333579],[-83.142447,41.333433],[-83.14257,41.333371],[-83.14281,41.333645],[-83.142686,41.333708],[-83.142574,41.333579]]]},"properties":{"p":"10-04-21-0004-03","o":"KRAMER, JUSTIN D","a":"1952 MARTIN AVE","d":"Fremont City School District","t":703.43,"l":"510: Res-Single Family","c":0}},{"type":"Feature","geometry":{"type":"Polygon","coordinates":[[[-82.984763,41.295295],[-82.985703,41.295287],[-82.9857,41.295563],[-82.98476,41.295569],[-82.984763,41.295295]]]},"properties":{"p":"32-60-00-0044-03","o":"SENIOR, GREGORY O","a":"535 RACE ST","d":"Clyde-Green Springs Exempted Village School District","t":776.46,"l":"510: Res-Single Family","c":0}},{"type":"Feature","geometry":{"type":"Polygon","coordinates":[[[-83.11265,41.341346],[-83.113058,41.341343],[-83.113062,41.341565],[-83.112653,41.341567],[-83.11265,41.341346]]]},"properties":{"p":"34-50-00-0967-00","o":"GARCIA, MCKATLYN","a":"518 BIDWELL AVE","d":"Fremont City School District","t":720.97,"l":"510: Res-Single Family","c":0}},{"type":"Feature","geometry":{"type":"Polygon","coordinates":[[[-83.130586,41.350663],[-83.130593,41.350341],[-83.130824,41.350342],[-83.130821,41.350664],[-83.130586,41.350663]]]},"properties":{"p":"34-50-00-1663-00","o":"GOTTRON, CHRISTINE","a":"1416 HICKORY ST","d":"Fremont City School District","t":741.94,"l":"510: Res-Single Family","c":0}},{"type":"Feature","geometry":{"type":"Polygon","coordinates":[[[-83.12124,41.339916],[-83.121242,41.339388],[-83.121398,41.339387],[-83.121396,41.340043],[-83.12124,41.339916]]]},"properties":{"p":"34-50-00-5520-00","o":"HUMES, TIANNE S","a":"900 SOUTH ST","d":"Fremont City School District","t":748.28,"l":"510: Res-Single Family","c":0}},{"type":"Feature","geometry":{"type":"Polygon","coordinates":[[[-83.09624,41.353994],[-83.096374,41.353843],[-83.096765,41.354034],[-83.096627,41.354187],[-83.09624,41.353994]]]},"properties":{"p":"34-60-00-0092-11","o":"WALTER, MARK K","a":"809 FIFTH ST N","d":"Fremont City School District","t":784.41,"l":"510: Res-Single Family","c":0}},{"type":"Feature","geometry":{"type":"Polygon","coordinates":[[[-83.130522,41.360881],[-83.130523,41.36085],[-83.130707,41.360852],[-83.130707,41.360881],[-83.130522,41.360881]]]},"properties":{"p":"34-60-00-0021-02","o":"BRAUCHLA, GAIL D & JUDY L","a":"MOORE ST","d":"Fremont City School District","t":709.85,"l":"500: Res-Vacant Land","c":0}},{"type":"Feature","geometry":{"type":"Polygon","coordinates":[[[-83.127771,41.362365],[-83.127772,41.362185],[-83.128266,41.362187],[-83.128265,41.362365],[-83.127771,41.362365]]]},"properties":{"p":"34-50-00-6141-00","o":"POSEY, MICHEAL L SR","a":"1424 WHITE AVE","d":"Fremont City School District","t":741.18,"l":"510: Res-Single Family","c":0}},{"type":"Feature","geometry":{"type":"Polygon","coordinates":[[[-83.13122,41.361733],[-83.131223,41.361568],[-83.131843,41.361565],[-83.131842,41.361733],[-83.13122,41.361733]]]},"properties":{"p":"34-50-00-6111-00","o":"SCHWOCHOW, DENEEN","a":"1305 DICKINSON ST","d":"Fremont City School District","t":733.59,"l":"510: Res-Single Family","c":0}},{"type":"Feature","geometry":{"type":"Polygon","coordinates":[[[-83.093427,41.340768],[-83.093427,41.340639],[-83.093894,41.340632],[-83.093893,41.340891],[-83.093427,41.340768]]]},"properties":{"p":"34-50-00-6097-00","o":"SENDELBACH, DAVID L","a":"1501 ROSEWOOD AVE","d":"Fremont City School District","t":792.91,"l":"510: Res-Single Family","c":0}},{"type":"Feature","geometry":{"type":"Polygon","coordinates":[[[-83.135598,41.360364],[-83.135594,41.359967],[-83.136141,41.359972],[-83.136145,41.360369],[-83.135598,41.360364]]]},"properties":{"p":"34-50-00-6091-00","o":"1215 OAK HARBOR ROAD LLC","a":"1215 OAK HARBOR RD","d":"Fremont City School District","t":815.41,"l":"444: Com-Full Service Bank","c":0}},{"type":"Feature","geometry":{"type":"Polygon","coordinates":[[[-83.132316,41.361239],[-83.132321,41.36087],[-83.132501,41.360872],[-83.132497,41.36124],[-83.132316,41.361239]]]},"properties":{"p":"34-50-00-6002-00","o":"FETTERMAN, TIMOTHY A II","a":"1707 NORTH ST","d":"Fremont City School District","t":771.2,"l":"510: Res-Single Family","c":0}},{"type":"Feature","geometry":{"type":"Polygon","coordinates":[[[-83.094015,41.347417],[-83.093964,41.347402],[-83.094052,41.347222],[-83.09451,41.347348],[-83.094417,41.34753],[-83.094015,41.347417]]]},"properties":{"p":"34-50-00-5908-00","o":"DROWN, TERRY","a":"419 PENNSYLVANIA AVE N","d":"Fremont City School District","t":822.84,"l":"510: Res-Single Family","c":0}},{"type":"Feature","geometry":{"type":"Polygon","coordinates":[[[-83.093445,41.336776],[-83.093446,41.336709],[-83.093927,41.336702],[-83.093925,41.336841],[-83.093444,41.336847],[-83.093445,41.336776]]]},"properties":{"p":"34-50-00-5880-00","o":"MCGILTON, LINDA S.","a":"527 OAKLAWN AVE","d":"Fremont City School District","t":712.18,"l":"510: Res-Single Family","c":0}},{"type":"Feature","geometry":{"type":"Polygon","coordinates":[[[-83.134315,41.340764],[-83.134323,41.340398],[-83.134489,41.340399],[-83.134479,41.340765],[-83.134315,41.340764]]]},"properties":{"p":"34-50-00-5700-00","o":"MILLER, TRAVIS L","a":"1813 ARTHUR ST","d":"Fremont City School District","t":718.51,"l":"510: Res-Single Family","c":0}},{"type":"Feature","geometry":{"type":"Polygon","coordinates":[[[-83.135864,41.343578],[-83.135868,41.343437],[-83.136453,41.343436],[-83.136454,41.343576],[-83.135864,41.343578]]]},"properties":{"p":"34-50-00-5332-00","o":"CONLEY, JOHN R.","a":"325 STONE ST S","d":"Fremont City School District","t":743.32,"l":"499: Com-Other","c":0}},{"type":"Feature","geometry":{"type":"Polygon","coordinates":[[[-83.134435,41.348937],[-83.134437,41.348695],[-83.134618,41.348695],[-83.134616,41.348981],[-83.134435,41.348937]]]},"properties":{"p":"34-50-00-5263-02","o":"TERRY, CAROL F.","a":"1817 NAPOLEON ST","d":"Fremont City School District","t":759.08,"l":"510: Res-Single Family","c":0}},{"type":"Feature","geometry":{"type":"Polygon","coordinates":[[[-83.133837,41.348518],[-83.133838,41.348382],[-83.134384,41.348379],[-83.134383,41.348517],[-83.133837,41.348518]]]},"properties":{"p":"34-50-00-5207-00","o":"JIMENEZ, CONSUELO","a":"224 GRANVILLE BLVD","d":"Fremont City School District","t":805.64,"l":"510: Res-Single Family","c":0}},{"type":"Feature","geometry":{"type":"Polygon","coordinates":[[[-83.094276,41.345716],[-83.094361,41.345548],[-83.094812,41.345673],[-83.094728,41.345837],[-83.094276,41.345716]]]},"properties":{"p":"34-50-00-4847-00","o":"GALLAGHER, DOUGLAS C. & L","a":"316 COLUMBUS AVE","d":"Fremont City School District","t":695.58,"l":"510: Res-Single Family","c":0}},{"type":"Feature","geometry":{"type":"Polygon","coordinates":[[[-83.094223,41.345823],[-83.094276,41.345716],[-83.094728,41.345837],[-83.094673,41.345945],[-83.094223,41.345823]]]},"properties":{"p":"34-50-00-4846-00","o":"BORK, JORDAN L & CHRISTIN","a":"320 COLUMBUS AVE N","d":"Fremont City School District","t":710.49,"l":"510: Res-Single Family","c":0}},{"type":"Feature","geometry":{"type":"Polygon","coordinates":[[[-83.121078,41.355852],[-83.121086,41.355327],[-83.121253,41.355328],[-83.121238,41.355852],[-83.121078,41.355852]]]},"properties":{"p":"34-50-00-4500-00","o":"BEIER, CARRIE S & JOSEPH","a":"1032 HAZEL ST","d":"Fremont City School District","t":749.62,"l":"510: Res-Single Family","c":0}},{"type":"Feature","geometry":{"type":"Polygon","coordinates":[[[-83.098987,41.338629],[-83.099069,41.338458],[-83.099504,41.338577],[-83.099422,41.338747],[-83.098987,41.338629]]]},"properties":{"p":"34-50-00-4144-00","o":"RUPP, THOMAS L","a":"504 PENNSYLVANIA AVE S","d":"Fremont City School District","t":697,"l":"510: Res-Single Family","c":0}},{"type":"Feature","geometry":{"type":"Polygon","coordinates":[[[-83.120136,41.360856],[-83.120144,41.360491],[-83.120248,41.360491],[-83.120238,41.360856],[-83.120136,41.360856]]]},"properties":{"p":"34-50-00-3846-00","o":"PETERS, EDMUND L","a":"1024 MCKINLEY ST","d":"Fremont City School District","t":714.86,"l":"510: Res-Single Family","c":0}},{"type":"Feature","geometry":{"type":"Polygon","coordinates":[[[-83.117528,41.353555],[-83.117526,41.353372],[-83.118068,41.353375],[-83.118072,41.353554],[-83.117528,41.353555]]]},"properties":{"p":"34-50-00-3678-00","o":"ROBERTSON, MARQUIE E","a":"740 WOOD ST N","d":"Fremont City School District","t":722.91,"l":"510: Res-Single Family","c":0}},{"type":"Feature","geometry":{"type":"Polygon","coordinates":[[[-83.12104,41.339224],[-83.121035,41.338769],[-83.121491,41.338768],[-83.121495,41.339223],[-83.12104,41.339224]]]},"properties":{"p":"34-50-00-3019-00","o":"KOCSIS, JOHN M.","a":"825 SOUTH ST","d":"Fremont City School District","t":716.9,"l":"510: Res-Single Family","c":0}},{"type":"Feature","geometry":{"type":"Polygon","coordinates":[[[-83.125538,41.360846],[-83.125547,41.360491],[-83.125661,41.360491],[-83.125653,41.360846],[-83.125538,41.360846]]]},"properties":{"p":"34-50-00-2762-00","o":"MORENO, JOSE DE GESUS","a":"1120 MOORE ST","d":"Fremont City School District","t":774.98,"l":"510: Res-Single Family","c":0}},{"type":"Feature","geometry":{"type":"Polygon","coordinates":[[[-83.128999,41.35807],[-83.129002,41.357983],[-83.129477,41.357985],[-83.129474,41.35807],[-83.128999,41.35807]]]},"properties":{"p":"34-50-00-2465-00","o":"WATSON, RICHARD L.","a":"1109 CARBON ST","d":"Fremont City School District","t":713.04,"l":"510: Res-Single Family","c":0}},{"type":"Feature","geometry":{"type":"Polygon","coordinates":[[[-83.12545,41.355542],[-83.125456,41.355342],[-83.125926,41.355343],[-83.12592,41.35555],[-83.12545,41.355542]]]},"properties":{"p":"34-50-00-2361-00","o":"MICHAEL, THOMAS A","a":"903 STILWELL AVE","d":"Fremont City School District","t":745.27,"l":"510: Res-Single Family","c":0}},{"type":"Feature","geometry":{"type":"Polygon","coordinates":[[[-83.117551,41.339415],[-83.117847,41.339412],[-83.117848,41.339565],[-83.117549,41.339568],[-83.117551,41.339415]]]},"properties":{"p":"34-50-00-2167-00","o":"RUTSCHOW, RANDALL","a":"630 PARK AVE S","d":"Fremont City School District","t":765.05,"l":"510: Res-Single Family","c":0}},{"type":"Feature","geometry":{"type":"Polygon","coordinates":[[[-83.105931,41.349468],[-83.106213,41.349133],[-83.106326,41.349189],[-83.106044,41.349524],[-83.105931,41.349468]]]},"properties":{"p":"34-50-00-2151-01","o":"WALKER, JULIE A & JAMES CALVIN & SCOTT, MARY M","a":"345 SECOND ST","d":"Fremont City School District","t":819.91,"l":"510: Res-Single Family","c":0}},{"type":"Feature","geometry":{"type":"Polygon","coordinates":[[[-83.123893,41.357019],[-83.123897,41.356884],[-83.124517,41.356881],[-83.124514,41.357017],[-83.123893,41.357019]]]},"properties":{"p":"34-50-00-1712-00","o":"LAUER, JOHN W & ALLISON S","a":"1013 FRANKLIN AVE","d":"Fremont City School District","t":743.44,"l":"510: Res-Single Family","c":0}},{"type":"Feature","geometry":{"type":"Polygon","coordinates":[[[-83.123279,41.338268],[-83.123519,41.338267],[-83.123523,41.338719],[-83.123284,41.33872],[-83.123279,41.338268]]]},"properties":{"p":"34-50-00-1496-00","o":"CONNOR, MARCO B","a":"1014 JUNE ST","d":"Fremont City School District","t":709.1,"l":"599: Res-Other","c":0}},{"type":"Feature","geometry":{"type":"Polygon","coordinates":[[[-83.12333,41.342009],[-83.123361,41.341029],[-83.123538,41.341029],[-83.123504,41.34201],[-83.12333,41.342009]]]},"properties":{"p":"34-50-00-1458-00","o":"HUBER, KARL F & BROOKE M / SURV","a":"1015 HAYES AVE","d":"Fremont City School District","t":749.07,"l":"510: Res-Single Family","c":0}},{"type":"Feature","geometry":{"type":"Polygon","coordinates":[[[-83.119715,41.353511],[-83.119721,41.353369],[-83.120067,41.353439],[-83.120021,41.353573],[-83.119715,41.353511]]]},"properties":{"p":"34-50-00-1243-01","o":"LANCE, SCOTT T & PAMELA S / SURV","a":"541 RAWSON AVE","d":"Fremont City School District","t":816.56,"l":"510: Res-Single Family","c":0}},{"type":"Feature","geometry":{"type":"Polygon","coordinates":[[[-83.127582,41.351733],[-83.127341,41.351732],[-83.127343,41.351552],[-83.127831,41.351552],[-83.127827,41.351734],[-83.127582,41.351733]]]},"properties":{"p":"34-50-00-1100-00","o":"CBEOP LLC","a":"511 51 LOCUST ST","d":"Fremont City School District","t":701.15,"l":"520: Res-Two Family","c":0}},{"type":"Feature","geometry":{"type":"Polygon","coordinates":[[[-83.100538,41.354231],[-83.10067,41.354082],[-83.10107,41.354284],[-83.100939,41.354432],[-83.100538,41.354231]]]},"properties":{"p":"34-50-00-0901-00","o":"BELOW, JEFFREY R","a":"712 OHIO AVE","d":"Fremont City School District","t":718.82,"l":"510: Res-Single Family","c":0}},{"type":"Feature","geometry":{"type":"Polygon","coordinates":[[[-83.114408,41.342314],[-83.114405,41.3422],[-83.114692,41.342198],[-83.114693,41.342313],[-83.114408,41.342314]]]},"properties":{"p":"34-50-00-0414-02","o":"HUGHES RENTALS INC","a":"425-425 1/2 ARCH ST S","d":"Fremont City School District","t":698.96,"l":"520: Res-Two Family","c":0}},{"type":"Feature","geometry":{"type":"Polygon","coordinates":[[[-83.112661,41.342554],[-83.113069,41.342551],[-83.113071,41.342686],[-83.112663,41.34269],[-83.112661,41.342554]]]},"properties":{"p":"34-50-00-0406-00","o":"BRITO, ANDRES & AVIGAIL J","a":"416 BIDWELL AVE","d":"Fremont City School District","t":723.2,"l":"510: Res-Single Family","c":0}},{"type":"Feature","geometry":{"type":"Polygon","coordinates":[[[-83.114236,41.343835],[-83.114713,41.343832],[-83.114715,41.344007],[-83.114237,41.344011],[-83.114236,41.343835]]]},"properties":{"p":"34-50-00-0368-02","o":"HUGHES RENTALS INC","a":"309--315 ARCH ST","d":"Fremont City School District","t":808.1,"l":"401: Com-Apartment- 4 to 19","c":0}},{"type":"Feature","geometry":{"type":"Polygon","coordinates":[[[-83.111937,41.344299],[-83.111924,41.344087],[-83.112421,41.344086],[-83.112424,41.344298],[-83.111937,41.344299]]]},"properties":{"p":"34-50-00-0352-00","o":"BIEHLER, MICHAEL J","a":"111 BIRCHARD AVE","d":"Fremont City School District","t":798.71,"l":"455: Com-Garage","c":0}},{"type":"Feature","geometry":{"type":"Polygon","coordinates":[[[-83.115634,41.344653],[-83.115647,41.344478],[-83.11594,41.344477],[-83.115929,41.344652],[-83.115634,41.344653]]]},"properties":{"p":"34-50-00-0323-01","o":"PEACH TREE PROPERTIES LLC","a":"418 BIRCHARD AVE","d":"Fremont City School District","t":815.93,"l":"431: Com-Custom Code","c":0}},{"type":"Feature","geometry":{"type":"Polygon","coordinates":[[[-83.119376,41.345099],[-83.119664,41.345099],[-83.119649,41.345326],[-83.119356,41.345327],[-83.119376,41.345099]]]},"properties":{"p":"34-50-00-0294-01","o":"BARTLETT RENTAL PROPERTIES LLC","a":"719 GARRISON ST","d":"Fremont City School District","t":822.22,"l":"530: Res-Three Family","c":0}},{"type":"Feature","geometry":{"type":"Polygon","coordinates":[[[-83.118109,41.34643],[-83.11814,41.345983],[-83.118267,41.345982],[-83.118238,41.34643],[-83.118109,41.34643]]]},"properties":{"p":"34-50-00-0225-01","o":"WARREN, VANESSA L","a":"617 61 CROGHAN ST","d":"Fremont City School District","t":701.02,"l":"447: Com-Office","c":0}},{"type":"Feature","geometry":{"type":"Polygon","coordinates":[[[-83.11898,41.348288],[-83.119139,41.348287],[-83.11914,41.348456],[-83.118982,41.348457],[-83.11898,41.348288]]]},"properties":{"p":"34-50-00-0170-00","o":"ST JOHN'S EVANGELICAL LUTHERAN CHURCH OF FREMONT OHIO","a":"707 NAPOLEON ST","d":"Fremont City School District","t":709.03,"l":"511: Res-Custom Code","c":0}},{"type":"Feature","geometry":{"type":"Polygon","coordinates":[[[-83.117445,41.348731],[-83.117501,41.348648],[-83.117598,41.348648],[-83.117509,41.348758],[-83.117445,41.348731]]]},"properties":{"p":"34-50-00-0098-03","o":"HIGGINS, TIMOTHY J","a":"605-605 STATE ST W","d":"Fremont City School District","t":722.85,"l":"404: Com-Custom Code","c":0}},{"type":"Feature","geometry":{"type":"Polygon","coordinates":[[[-83.119039,41.348789],[-83.119082,41.348638],[-83.119249,41.348637],[-83.119181,41.348847],[-83.119039,41.348789]]]},"properties":{"p":"34-50-00-0094-02","o":"OXLEY PROPERTIES LLC","a":"706-708 NAPOLEON ST","d":"Fremont City School District","t":801.48,"l":"520: Res-Two Family","c":0}},{"type":"Feature","geometry":{"type":"Polygon","coordinates":[[[-83.042775,41.256681],[-83.042776,41.256599],[-83.044323,41.25662],[-83.044305,41.259206],[-83.042777,41.260259],[-83.042775,41.256681]]]},"properties":{"p":"33-32-00-0022-00","o":"DROWN, PATRICIA L.","a":"550 ADAMS ST E","d":"Clyde-Green Springs Exempted Village School District","t":724.78,"l":"599: Res-Other","c":0}},{"type":"Feature","geometry":{"type":"Polygon","coordinates":[[[-82.984765,41.295019],[-82.985706,41.295009],[-82.985703,41.295287],[-82.984763,41.295295],[-82.984765,41.295019]]]},"properties":{"p":"32-60-00-0044-10","o":"BEATTY, THOMAS J & MELISSA S /SURV","a":"555 RACE ST","d":"Clyde-Green Springs Exempted Village School District","t":760.9,"l":"510: Res-Single Family","c":0}},{"type":"Feature","geometry":{"type":"Polygon","coordinates":[[[-82.968625,41.31227],[-82.968789,41.312072],[-82.969451,41.312553],[-82.969289,41.312752],[-82.968625,41.31227]]]},"properties":{"p":"32-60-00-0035-02","o":"STANLEY, JEFFREY J.","a":"369 MAPLE ST","d":"Clyde-Green Springs Exempted Village School District","t":716.63,"l":"510: Res-Single Family","c":0}},{"type":"Feature","geometry":{"type":"Polygon","coordinates":[[[-82.988227,41.297551],[-82.987804,41.297548],[-82.987806,41.297349],[-82.988439,41.297353],[-82.988439,41.297451],[-82.988296,41.297551],[-82.988227,41.297551]]]},"properties":{"p":"32-60-00-0014-01","o":"ANDRES, CLIFFORD J","a":"413 FARNUM ST","d":"Clyde-Green Springs Exempted Village School District","t":724.47,"l":"510: Res-Single Family","c":0}},{"type":"Feature","geometry":{"type":"Polygon","coordinates":[[[-82.986446,41.292354],[-82.986709,41.292352],[-82.986706,41.292751],[-82.986442,41.292752],[-82.986446,41.292354]]]},"properties":{"p":"32-50-00-1940-00","o":"NEARHOOD, CHRIS A ET AL","a":"128 DREW LN","d":"Clyde-Green Springs Exempted Village School District","t":700.89,"l":"510: Res-Single Family","c":0}},{"type":"Feature","geometry":{"type":"Polygon","coordinates":[[[-82.9889,41.29923],[-82.989216,41.299062],[-82.989339,41.299102],[-82.989339,41.299556],[-82.989228,41.299609],[-82.9889,41.29923]]]},"properties":{"p":"32-50-00-1731-00","o":"COOK, JACK W & SHONDA L /SURV","a":"651 MAPLE ST W","d":"Clyde-Green Springs Exempted Village School District","t":732.26,"l":"510: Res-Single Family","c":0}},{"type":"Feature","geometry":{"type":"Polygon","coordinates":[[[-82.98263,41.304274],[-82.983013,41.304047],[-82.983213,41.304239],[-82.982829,41.304466],[-82.98263,41.304274]]]},"properties":{"p":"32-50-00-1594-00","o":"SNYDER, LOUIS E","a":"320 MULBERRY ST N","d":"Clyde-Green Springs Exempted Village School District","t":720.6,"l":"510: Res-Single Family","c":0}},{"type":"Feature","geometry":{"type":"Polygon","coordinates":[[[-82.976846,41.302077],[-82.976846,41.301945],[-82.977319,41.301945],[-82.977319,41.30208],[-82.976846,41.302077]]]},"properties":{"p":"32-50-00-0844-00","o":"RICHTER, JAMES KEITH","a":"119 SPRING AVE","d":"Clyde-Green Springs Exempted Village School District","t":765.95,"l":"510: Res-Single Family","c":0}},{"type":"Feature","geometry":{"type":"Polygon","coordinates":[[[-82.988639,41.301239],[-82.988644,41.301017],[-82.989323,41.301017],[-82.98932,41.301242],[-82.988639,41.301239]]]},"properties":{"p":"32-50-00-0842-01","o":"P & A RENTAL PROPERTIES LLC","a":"204 WOODLAND AVE","d":"Clyde-Green Springs Exempted Village School District","t":718.53,"l":"510: Res-Single Family","c":0}},{"type":"Feature","geometry":{"type":"Polygon","coordinates":[[[-82.977069,41.30957],[-82.977084,41.309293],[-82.97725,41.309296],[-82.977231,41.309573],[-82.977069,41.30957]]]},"properties":{"p":"32-50-00-0772-05","o":"PROFITT, DAVID E.","a":"151 WASHINGTON AVE","d":"Clyde-Green Springs Exempted Village School District","t":704.12,"l":"510: Res-Single Family","c":0}},{"type":"Feature","geometry":{"type":"Polygon","coordinates":[[[-82.977151,41.302663],[-82.977152,41.302214],[-82.977319,41.302215],[-82.977319,41.302665],[-82.977151,41.302663]]]},"properties":{"p":"32-50-00-0661-00","o":"BEARD, CHARLES L JR & DEBORAH L /SURV","a":"200 CHERRY ST W","d":"Clyde-Green Springs Exempted Village School District","t":814.02,"l":"510: Res-Single Family","c":0}},{"type":"Feature","geometry":{"type":"Polygon","coordinates":[[[-82.97417,41.300191],[-82.974765,41.300185],[-82.974763,41.300374],[-82.974168,41.300376],[-82.97417,41.300191]]]},"properties":{"p":"32-50-00-0629-00","o":"ROGERS, CURTIS A SR & LORETTA A /SURV","a":"508 MAIN ST S","d":"Clyde-Green Springs Exempted Village School District","t":749.13,"l":"510: Res-Single Family","c":0}},{"type":"Feature","geometry":{"type":"Polygon","coordinates":[[[-82.985371,41.303176],[-82.985382,41.302487],[-82.986058,41.302484],[-82.986046,41.303175],[-82.985371,41.303176]]]},"properties":{"p":"32-50-00-0569-01","o":"ROSS, CHARLES E.","a":"226 VINE ST","d":"Clyde-Green Springs Exempted Village School District","t":760.49,"l":"510: Res-Single Family","c":0}},{"type":"Feature","geometry":{"type":"Polygon","coordinates":[[[-82.981007,41.303244],[-82.981116,41.303179],[-82.981565,41.30361],[-82.981457,41.303676],[-82.981007,41.303244]]]},"properties":{"p":"32-50-00-0537-01","o":"ANDRES, CLIFFORD J","a":"345 MAPLE ST W","d":"Clyde-Green Springs Exempted Village School District","t":746.53,"l":"510: Res-Single Family","c":0}},{"type":"Feature","geometry":{"type":"Polygon","coordinates":[[[-82.975019,41.300167],[-82.975019,41.299916],[-82.97574,41.299919],[-82.97574,41.299963],[-82.975499,41.299963],[-82.975498,41.300025],[-82.975258,41.300026],[-82.975258,41.300166],[-82.975019,41.300167]]]},"properties":{"p":"32-50-00-0406-00","o":"STANSBERY, SAM","a":"515 51 MAIN ST S","d":"Clyde-Green Springs Exempted Village School District","t":789.03,"l":"520: Res-Two Family","c":0}},{"type":"Feature","geometry":{"type":"Polygon","coordinates":[[[-82.973722,41.304252],[-82.973957,41.30425],[-82.973963,41.304835],[-82.973726,41.304836],[-82.973722,41.304252]]]},"properties":{"p":"32-50-00-0147-00","o":"KOSELKE, CONNOR & WURM, CANAAN & MITCHEL, BURKE ASHLEY JR","a":"117 FOREST ST","d":"Clyde-Green Springs Exempted Village School District","t":772.79,"l":"520: Res-Two Family","c":0}},{"type":"Feature","geometry":{"type":"Polygon","coordinates":[[[-82.972327,41.305898],[-82.972503,41.305896],[-82.972507,41.306354],[-82.972328,41.306355],[-82.972327,41.305898]]]},"properties":{"p":"32-50-00-0118-01","o":"CRAWFORD, BRODIE","a":"152 DUANE ST","d":"Clyde-Green Springs Exempted Village School District","t":717.09,"l":"520: Res-Two Family","c":0}},{"type":"Feature","geometry":{"type":"Polygon","coordinates":[[[-83.105503,41.434929],[-83.105501,41.434635],[-83.106343,41.434635],[-83.106348,41.434927],[-83.105503,41.434929]]]},"properties":{"p":"31-35-00-0001-03","o":"OROSCO, JOHNNY & GLORIA /SURV","a":"3285 CR 170","d":"Fremont City School District","t":727.35,"l":"511: Res-Custom Code","c":0}},{"type":"Feature","geometry":{"type":"Polygon","coordinates":[[[-83.106367,41.455751],[-83.106368,41.455428],[-83.108372,41.455459],[-83.108378,41.455782],[-83.106367,41.455751]]]},"properties":{"p":"31-27-05-0005-00","o":"ROSE, JAC T","a":"4020 CR 170","d":"Fremont City School District","t":734.16,"l":"511: Res-Custom Code","c":0}},{"type":"Feature","geometry":{"type":"Polygon","coordinates":[[[-83.087596,41.40419],[-83.087852,41.404179],[-83.087847,41.404567],[-83.087592,41.404569],[-83.087596,41.40419]]]},"properties":{"p":"31-11-04-0099-00","o":"KING, TERRY A. & LISA A./","a":"1096 BRIDGEWATER LN","d":"Fremont City School District","t":697.8,"l":"510: Res-Single Family","c":0}},{"type":"Feature","geometry":{"type":"Polygon","coordinates":[[[-83.090349,41.40568],[-83.090352,41.405489],[-83.090931,41.405492],[-83.090924,41.405684],[-83.090349,41.40568]]]},"properties":{"p":"31-11-04-0037-00","o":"WRIGHT, TRACY L.","a":"2304 WOODMONT DR","d":"Fremont City School District","t":746.82,"l":"510: Res-Single Family","c":0}},{"type":"Feature","geometry":{"type":"Polygon","coordinates":[[[-83.372089,41.453097],[-83.372282,41.453175],[-83.372101,41.453417],[-83.372089,41.453097]]]},"properties":{"p":"30-28-01-0057-00","o":"KOHLENBERG, LISA M.","a":"806 COLLEGE AVE W","d":"Woodmore Local School District","t":765.65,"l":"510: Res-Single Family","c":0}},{"type":"Feature","geometry":{"type":"Polygon","coordinates":[[[-83.372962,41.453915],[-83.372867,41.453877],[-83.37312,41.453513],[-83.373282,41.453579],[-83.373026,41.453941],[-83.372962,41.453915]]]},"properties":{"p":"30-28-01-0052-00","o":"AMSTUTZ, KURT & JULIE","a":"828 COLLEGE AVE W","d":"Woodmore Local School District","t":711.77,"l":"510: Res-Single Family","c":0}},{"type":"Feature","geometry":{"type":"Polygon","coordinates":[[[-83.37661,41.434581],[-83.376599,41.433661],[-83.377357,41.433655],[-83.377354,41.432721],[-83.376769,41.432726],[-83.376758,41.431862],[-83.382231,41.431841],[-83.382181,41.434551],[-83.37661,41.434581]]]},"properties":{"p":"28-32-00-0006-00","o":"HOODLEBRINK, GARY L & CHERYL A TRUSTEES","a":"CR 121 REAR","d":"Woodmore Local School District","t":730.74,"l":"110: Agr-CAUV-Vacant Land","c":0}},{"type":"Feature","geometry":{"type":"Polygon","coordinates":[[[-83.322511,41.380476],[-83.322518,41.380338],[-83.32324,41.380341],[-83.323232,41.380476],[-83.322511,41.380476]]]},"properties":{"p":"27-50-00-0819-00","o":"JIVIDEN, MICHAEL L & KIMBERLY A TRUSTEES","a":"425 GIBSON ST S","d":"Gibsonburg Exempted Village School District","t":792.23,"l":"510: Res-Single Family","c":0}},{"type":"Feature","geometry":{"type":"Polygon","coordinates":[[[-83.312728,41.383134],[-83.312912,41.383132],[-83.3129,41.383549],[-83.312715,41.383552],[-83.312728,41.383134]]]},"properties":{"p":"27-50-00-0646-00","o":"JONES, MICHAEL M","a":"605 YEASTING ST E","d":"Gibsonburg Exempted Village School District","t":786.84,"l":"510: Res-Single Family","c":0}},{"type":"Feature","geometry":{"type":"Polygon","coordinates":[[[-83.318947,41.384648],[-83.319166,41.384645],[-83.319156,41.385045],[-83.318938,41.385048],[-83.318947,41.384648]]]},"properties":{"p":"27-50-00-0208-00","o":"SMITH, KRISTA A","a":"116 MADISON ST E","d":"Gibsonburg Exempted Village School District","t":804.26,"l":"520: Res-Two Family","c":0}},{"type":"Feature","geometry":{"type":"Polygon","coordinates":[[[-83.32006,41.387294],[-83.320064,41.387159],[-83.320604,41.387157],[-83.320599,41.387292],[-83.32006,41.387294]]]},"properties":{"p":"27-50-00-0108-00","o":"BELCHER, CONNIE K","a":"312 MAIN ST N","d":"Gibsonburg Exempted Village School District","t":801.45,"l":"510: Res-Single Family","c":0}},{"type":"Feature","geometry":{"type":"Polygon","coordinates":[[[-83.309767,41.312717],[-83.309776,41.312226],[-83.310315,41.312244],[-83.310315,41.312736],[-83.309767,41.312717]]]},"properties":{"p":"24-96-00-0018-00","o":"HARRIS, THOMAS J & SCHAEFFER, DANA M /SURV","a":"4835 CR 41","d":"Gibsonburg Exempted Village School District","t":817.22,"l":"510: Res-Single Family","c":0}},{"type":"Feature","geometry":{"type":"Polygon","coordinates":[[[-83.31164,41.312771],[-83.311637,41.312283],[-83.3125,41.312315],[-83.312478,41.312876],[-83.31164,41.312854],[-83.31164,41.312771]]]},"properties":{"p":"24-13-00-0003-00","o":"BRENNAN, ASHLEY","a":"CR 41","d":"Gibsonburg Exempted Village School District","t":793.9,"l":"599: Res-Other","c":0}},{"type":"Feature","geometry":{"type":"Polygon","coordinates":[[[-83.351421,41.258114],[-83.351441,41.257383],[-83.353315,41.257369],[-83.353056,41.257886],[-83.352603,41.258032],[-83.352523,41.258108],[-83.351421,41.258114]]]},"properties":{"p":"23-34-00-0027-00","o":"HOFFMAN, PETER H & MELODY/SURV","a":"3010 CR 36","d":"Lakota Local School District","t":716.02,"l":"511: Res-Custom Code","c":0}},{"type":"Feature","geometry":{"type":"Polygon","coordinates":[[[-83.24698,41.403893],[-83.247234,41.403548],[-83.247407,41.403622],[-83.247155,41.403968],[-83.24698,41.403893]]]},"properties":{"p":"20-95-00-0018-01","o":"KETCHAM, NICOLE M","a":"3254 SR 20 W","d":"Gibsonburg Exempted Village School District","t":769.2,"l":"560: Res-Mobile Home","c":0}},{"type":"Feature","geometry":{"type":"Polygon","coordinates":[[[-83.268545,41.363118],[-83.267133,41.363116],[-83.267217,41.362773],[-83.267639,41.36252],[-83.268539,41.362512],[-83.268545,41.363118]]]},"properties":{"p":"20-29-00-0013-01","o":"CARPENTER, CHARLES J II & ABBY M /SURV","a":"3757 CR 59","d":"Gibsonburg Exempted Village School District","t":727.62,"l":"511: Res-Custom Code","c":0}},{"type":"Feature","geometry":{"type":"Polygon","coordinates":[[[-83.235287,41.370489],[-83.236185,41.370477],[-83.236181,41.371583],[-83.235274,41.371584],[-83.235287,41.370489]]]},"properties":{"p":"20-22-00-0003-01","o":"SWANSON, MARTIN P & GABRIELE T /SURV","a":"2948 CR 65","d":"Gibsonburg Exempted Village School District","t":750.11,"l":"111: Agr-CAUV-Cash-Grain Farm","c":0}},{"type":"Feature","geometry":{"type":"Polygon","coordinates":[[[-83.219538,41.434948],[-83.215956,41.433878],[-83.215958,41.433416],[-83.220767,41.43338],[-83.220761,41.434933],[-83.219538,41.434948]]]},"properties":{"p":"19-35-00-0113-00","o":"BLAUSEY, JOHN L & DIANA M /SURV","a":"SR 590","d":"Fremont City School District","t":750.02,"l":"110: Agr-CAUV-Vacant Land","c":0}},{"type":"Feature","geometry":{"type":"Polygon","coordinates":[[[-83.292434,41.341819],[-83.292431,41.341405],[-83.292702,41.341407],[-83.292709,41.341818],[-83.292434,41.341819]]]},"properties":{"p":"18-50-00-0117-00","o":"MURRAY, DAVID W. & ROBERT","a":"251 MAIN ST","d":"Gibsonburg Exempted Village School District","t":699.01,"l":"510: Res-Single Family","c":0}},{"type":"Feature","geometry":{"type":"Polygon","coordinates":[[[-83.293752,41.341225],[-83.293751,41.340863],[-83.294084,41.340864],[-83.294087,41.341224],[-83.293752,41.341225]]]},"properties":{"p":"17-50-00-0003-00","o":"SPEARS, KIMBERLY S","a":"236 MAIN ST","d":"Gibsonburg Exempted Village School District","t":805.75,"l":"510: Res-Single Family","c":0}},{"type":"Feature","geometry":{"type":"Polygon","coordinates":[[[-83.249762,41.266669],[-83.249769,41.266485],[-83.250252,41.266493],[-83.250246,41.266677],[-83.249762,41.266669]]]},"properties":{"p":"16-50-00-0021-00","o":"BOWEN, THAD A & JENNIFER L /SURV","a":"2636 DOUGLAS ST","d":"Lakota Local School District","t":685.81,"l":"520: Res-Two Family","c":0}},{"type":"Feature","geometry":{"type":"Polygon","coordinates":[[[-83.277495,41.333727],[-83.27752,41.330308],[-83.278032,41.330102],[-83.27812,41.330053],[-83.278333,41.329853],[-83.278418,41.329796],[-83.278788,41.329576],[-83.278979,41.329526],[-83.279187,41.329533],[-83.27954,41.329592],[-83.280363,41.329661],[-83.280432,41.329653],[-83.280512,41.32971],[-83.280631,41.329742],[-83.280801,41.329739],[-83.280938,41.329764],[-83.281227,41.329776],[-83.282227,41.329795],[-83.282214,41.333787],[-83.277495,41.333727]]]},"properties":{"p":"15-05-00-0002-01","o":"NIESET, CRAIG L TRUSTEE","a":"SR 635","d":"Gibsonburg Exempted Village School District","t":757.7,"l":"110: Agr-CAUV-Vacant Land","c":0}},{"type":"Feature","geometry":{"type":"Polygon","coordinates":[[[-83.286101,41.323959],[-83.286143,41.321865],[-83.286892,41.321978],[-83.286883,41.323908],[-83.286101,41.323959]]]},"properties":{"p":"14-07-00-0002-00","o":"SHROYER, ALEXANDRA","a":"727-751 CR 72","d":"Lakota Local School District","t":800.31,"l":"562: Res-Custom Code","c":0}},{"type":"Feature","geometry":{"type":"Polygon","coordinates":[[[-83.192447,41.327431],[-83.192535,41.327426],[-83.192586,41.32792],[-83.192159,41.32795],[-83.192091,41.327452],[-83.192447,41.327431]]]},"properties":{"p":"14-01-00-0013-00","o":"LITTLE, DONALD L & LOMA L","a":"CR 41","d":"Lakota Local School District","t":730.18,"l":"501: Res-Custom Code","c":0}},{"type":"Feature","geometry":{"type":"Polygon","coordinates":[[[-83.143728,41.343208],[-83.143741,41.342209],[-83.144089,41.342208],[-83.144076,41.343209],[-83.143728,41.343208]]]},"properties":{"p":"13-33-42-0029-03","o":"GOMEZ, JAIME MORALES & RAMIREZ, ALICIA SALINAS / SURV","a":"2250 HAYES AVE","d":"Fremont City School District","t":810.14,"l":"510: Res-Single Family","c":0}},{"type":"Feature","geometry":{"type":"Polygon","coordinates":[[[-83.14324,41.344206],[-83.14325,41.343207],[-83.143728,41.343208],[-83.143712,41.344206],[-83.14324,41.344206]]]},"properties":{"p":"13-33-42-0022-00","o":"WRIGHT, JEANNIE S","a":"2247 BIRCHARD AVE W","d":"Fremont City School District","t":747.63,"l":"510: Res-Single Family","c":0}},{"type":"Feature","geometry":{"type":"Polygon","coordinates":[[[-83.142725,41.349458],[-83.142725,41.349379],[-83.143118,41.349379],[-83.143122,41.350196],[-83.142729,41.350196],[-83.142725,41.349458]]]},"properties":{"p":"13-33-40-0021-00","o":"GEYER, KRISTI M","a":"2242 NAPOLEON RD","d":"Fremont City School District","t":763.31,"l":"510: Res-Single Family","c":0}},{"type":"Feature","geometry":{"type":"Polygon","coordinates":[[[-83.141949,41.352169],[-83.141949,41.351996],[-83.142348,41.351995],[-83.142344,41.35289],[-83.14195,41.352891],[-83.141949,41.352169]]]},"properties":{"p":"13-33-40-0002-00","o":"CONTRERAS, ANGELICA M","a":"2209 LAKE ST","d":"Fremont City School District","t":776.37,"l":"510: Res-Single Family","c":0}},{"type":"Feature","geometry":{"type":"Polygon","coordinates":[[[-83.15543,41.365444],[-83.15571,41.365059],[-83.155839,41.365125],[-83.155842,41.36554],[-83.15543,41.365444]]]},"properties":{"p":"13-29-37-0165-00","o":"CBEOP LLC","a":"1506-1506 1/2 PONTIAC AVE","d":"Fremont City School District","t":786.19,"l":"520: Res-Two Family","c":0}},{"type":"Feature","geometry":{"type":"Polygon","coordinates":[[[-83.154572,41.361748],[-83.154908,41.361744],[-83.154908,41.36225],[-83.154575,41.362251],[-83.154572,41.361748]]]},"properties":{"p":"13-29-00-0017-08","o":"CRUZ, ROBERT JR & ESPERANZA","a":"1180 MUSKELLUNGE RD","d":"Fremont City School District","t":723.6,"l":"510: Res-Single Family","c":0}},{"type":"Feature","geometry":{"type":"Polygon","coordinates":[[[-83.107839,41.371094],[-83.107124,41.370078],[-83.107511,41.369956],[-83.107322,41.369041],[-83.107347,41.368996],[-83.107361,41.369009],[-83.107481,41.369611],[-83.107637,41.370209],[-83.107935,41.371094],[-83.107839,41.371094]]]},"properties":{"p":"13-26-00-0047-00","o":"MCCOY, ROBERT E & JULANE R","a":"PORT CLINTON RD","d":"Fremont City School District","t":793.11,"l":"501: Res-Custom Code","c":0}},{"type":"Feature","geometry":{"type":"Polygon","coordinates":[[[-83.068534,41.391814],[-83.068534,41.391804],[-83.071996,41.392427],[-83.068519,41.392423],[-83.068534,41.391814]]]},"properties":{"p":"13-13-00-0014-00","o":"SPENSER, BRIAN & CHRISTINA /SURV","a":"1850 CR 198 N","d":"Fremont City School District","t":711.36,"l":"562: Res-Custom Code","c":0}},{"type":"Feature","geometry":{"type":"Polygon","coordinates":[[[-83.155112,41.255742],[-83.156693,41.255706],[-83.156668,41.255908],[-83.155183,41.256199],[-83.154998,41.255745],[-83.155112,41.255742]]]},"properties":{"p":"11-32-00-0024-00","o":"DIETZ, DIANE M","a":"4484 DARR RD","d":"Old Fort Local School District","t":721.88,"l":"511: Res-Custom Code","c":0}},{"type":"Feature","geometry":{"type":"Polygon","coordinates":[[[-83.126675,41.321869],[-83.126682,41.321667],[-83.127271,41.321679],[-83.127265,41.321878],[-83.126675,41.321869]]]},"properties":{"p":"10-10-43-0006-00","o":"CLARK, MIRANDA SUE","a":"1721 EMMETT DR","d":"Fremont City School District","t":784.83,"l":"510: Res-Single Family","c":0}},{"type":"Feature","geometry":{"type":"Polygon","coordinates":[[[-83.126682,41.321667],[-83.126689,41.321457],[-83.127277,41.321468],[-83.127271,41.321679],[-83.126682,41.321667]]]},"properties":{"p":"10-10-43-0004-00","o":"CLARK, MIRANDA S","a":"1727 EMMETT DR","d":"Fremont City School District","t":722.65,"l":"510: Res-Single Family","c":0}},{"type":"Feature","geometry":{"type":"Polygon","coordinates":[[[-83.135424,41.336145],[-83.135746,41.335941],[-83.136113,41.336263],[-83.1358,41.336467],[-83.135424,41.336145]]]},"properties":{"p":"10-04-26-0083-01","o":"ROHM, VERONICA S & SWISHER, CATHERINE A /SURV","a":"1620 BUCKLAND AVE","d":"Fremont City School District","t":714.4,"l":"510: Res-Single Family","c":0}},{"type":"Feature","geometry":{"type":"Polygon","coordinates":[[[-83.133101,41.331155],[-83.133205,41.331128],[-83.133278,41.331334],[-83.132338,41.331569],[-83.132188,41.331388],[-83.133101,41.331155]]]},"properties":{"p":"10-04-00-0064-00","o":"REEDY, PAUL E","a":"1133 SILER ST","d":"Fremont City School District","t":726.72,"l":"511: Res-Custom Code","c":0}},{"type":"Feature","geometry":{"type":"Polygon","coordinates":[[[-83.088698,41.340567],[-83.088725,41.340137],[-83.088924,41.340155],[-83.088896,41.340621],[-83.088698,41.340567]]]},"properties":{"p":"10-01-04-0046-00","o":"SHELLUKE'S BAR, LLC","a":"1673 STATE ST E","d":"Fremont City School District","t":715.54,"l":"430: Com-Retaurant","c":0}},{"type":"Feature","geometry":{"type":"Polygon","coordinates":[[[-83.069588,41.332205],[-83.069599,41.331929],[-83.070211,41.331939],[-83.0702,41.332213],[-83.069588,41.332205]]]},"properties":{"p":"10-01-03-0010-00","o":"GLOVER, JAMARION JEMAL","a":"1014 CR 198","d":"Fremont City School District","t":737.35,"l":"510: Res-Single Family","c":0}},{"type":"Feature","geometry":{"type":"Polygon","coordinates":[[[-83.073065,41.33636],[-83.073107,41.335539],[-83.0736,41.335575],[-83.073571,41.336495],[-83.073065,41.33636]]]},"properties":{"p":"10-01-00-0068-00","o":"FASNACHT, KIMBERLY K TRUSTEE","a":"2417 STATE ST E","d":"Fremont City School District","t":745.82,"l":"511: Res-Custom Code","c":0}},{"type":"Feature","geometry":{"type":"Polygon","coordinates":[[[-83.072764,41.336279],[-83.072804,41.335517],[-83.073107,41.335539],[-83.073061,41.33645],[-83.072759,41.33637],[-83.072764,41.336279]]]},"properties":{"p":"10-01-00-0067-00","o":"CARNICOM, KENT M.","a":"2449 STATE ST E","d":"Fremont City School District","t":740,"l":"511: Res-Custom Code","c":0}},{"type":"Feature","geometry":{"type":"Polygon","coordinates":[[[-83.040816,41.400715],[-83.040829,41.4002],[-83.041962,41.400165],[-83.041953,41.400607],[-83.042904,41.400582],[-83.042915,41.40014],[-83.045717,41.400064],[-83.045602,41.403682],[-83.040718,41.403814],[-83.040816,41.400715]]]},"properties":{"p":"08-08-00-0018-01","o":"MAPLE TREE DAIRY FARM LLC","a":"CR 253","d":"Fremont City School District","t":704.93,"l":"110: Agr-CAUV-Vacant Land","c":0}},{"type":"Feature","geometry":{"type":"Polygon","coordinates":[[[-83.053819,41.417614],[-83.053822,41.416976],[-83.054835,41.416976],[-83.054821,41.417602],[-83.053819,41.417614]]]},"properties":{"p":"08-06-00-0028-01","o":"GREENE, MICKEY I","a":"2711 CR 202","d":"Fremont City School District","t":782.17,"l":"511: Res-Custom Code","c":0}},{"type":"Feature","geometry":{"type":"Polygon","coordinates":[[[-83.027482,41.270807],[-83.029428,41.269445],[-83.029426,41.270946],[-83.027362,41.270891],[-83.027482,41.270807]]]},"properties":{"p":"06-33-00-0009-00","o":"KEEGAN, WILLIAM","a":"2715 CR 181","d":"Clyde-Green Springs Exempted Village School District","t":817.43,"l":"511: Res-Custom Code","c":0}},{"type":"Feature","geometry":{"type":"Polygon","coordinates":[[[-83.008888,41.292616],[-83.008886,41.292421],[-83.010087,41.292432],[-83.01008,41.292818],[-83.008879,41.292796],[-83.008888,41.292616]]]},"properties":{"p":"06-22-00-0047-00","o":"BROWN, PAUL JR","a":"1836 CR 236","d":"Clyde-Green Springs Exempted Village School District","t":734.33,"l":"511: Res-Custom Code","c":0}},{"type":"Feature","geometry":{"type":"Polygon","coordinates":[[[-83.01863,41.289924],[-83.019241,41.289919],[-83.019237,41.290523],[-83.018517,41.290528],[-83.01852,41.289924],[-83.01863,41.289924]]]},"properties":{"p":"06-21-00-0039-01","o":"WEISZ, DAVID T","a":"1926 CR 228","d":"Clyde-Green Springs Exempted Village School District","t":709.72,"l":"511: Res-Custom Code","c":0}},{"type":"Feature","geometry":{"type":"Polygon","coordinates":[[[-82.989431,41.301621],[-82.989434,41.301411],[-82.990084,41.301414],[-82.990081,41.301622],[-82.989431,41.301621]]]},"properties":{"p":"06-14-00-0028-00","o":"SNYDER, LOUIS E & NANCY J /SURV","a":"229 WOODLAND AVE N","d":"Clyde-Green Springs Exempted Village School District","t":778.16,"l":"511: Res-Custom Code","c":0}},{"type":"Feature","geometry":{"type":"Polygon","coordinates":[[[-83.068828,41.330289],[-83.068839,41.330017],[-83.069568,41.330039],[-83.069559,41.330311],[-83.068828,41.330289]]]},"properties":{"p":"06-06-00-0006-04","o":"MORENO, JOHN C.","a":"1187 CR 198","d":"Clyde-Green Springs Exempted Village School District","t":809.57,"l":"511: Res-Custom Code","c":0}},{"type":"Feature","geometry":{"type":"Polygon","coordinates":[[[-82.994044,41.329453],[-82.994044,41.329372],[-82.994827,41.329374],[-82.994825,41.329721],[-82.994042,41.329724],[-82.994044,41.329453]]]},"properties":{"p":"06-03-00-0013-00","o":"OLLERVIDES, JESSE R & CORA / SURV","a":"570 CR 242","d":"Clyde-Green Springs Exempted Village School District","t":759.39,"l":"511: Res-Custom Code","c":0}},{"type":"Feature","geometry":{"type":"Polygon","coordinates":[[[-82.935811,41.386294],[-82.935322,41.386276],[-82.935326,41.386075],[-82.936175,41.386102],[-82.93617,41.386307],[-82.935811,41.386294]]]},"properties":{"p":"04-95-00-0101-00","o":"KOCH, TERESA & DURST, KENNETH C & BOBBY R/ SURV","a":"1580 CR 268","d":"Margaretta Local School District","t":684.61,"l":"510: Res-Single Family","c":0}},{"type":"Feature","geometry":{"type":"Polygon","coordinates":[[[-82.847695,41.411216],[-82.847668,41.4108],[-82.846761,41.410808],[-82.846754,41.410647],[-82.850629,41.41062],[-82.850632,41.411192],[-82.847695,41.411216]]]},"properties":{"p":"04-12-00-0008-00","o":"YETTER, DAVID & BRADLEY P","a":"NORTHWEST RD","d":"Margaretta Local School District","t":788.81,"l":"400: Com-Vacant Land","c":0}},{"type":"Feature","geometry":{"type":"Polygon","coordinates":[[[-82.849885,41.273661],[-82.849885,41.272921],[-82.850138,41.272989],[-82.850136,41.273667],[-82.849885,41.273661]]]},"properties":{"p":"03-60-00-0055-03","o":"CLEMENTS, MARK A & TINA R","a":"241 HAMILTON ST","d":"Bellevue City School District","t":808.28,"l":"510: Res-Single Family","c":0}},{"type":"Feature","geometry":{"type":"Polygon","coordinates":[[[-82.854912,41.275425],[-82.855044,41.27514],[-82.855203,41.275184],[-82.855069,41.275467],[-82.854912,41.275425]]]},"properties":{"p":"03-50-00-2143-00","o":"SKILES, MATTHEW","a":"127 REDWOOD DR","d":"Bellevue City School District","t":802.24,"l":"540: Res-Custom Code","c":0}},{"type":"Feature","geometry":{"type":"Polygon","coordinates":[[[-82.85262,41.271622],[-82.852601,41.271617],[-82.852756,41.271285],[-82.852935,41.271332],[-82.852778,41.271664],[-82.85262,41.271622]]]},"properties":{"p":"03-50-00-1932-00","o":"WILLIAMS, JASON M","a":"148 CRYSTAL CT","d":"Bellevue City School District","t":787.13,"l":"510: Res-Single Family","c":0}},{"type":"Feature","geometry":{"type":"Polygon","coordinates":[[[-82.858212,41.265811],[-82.858748,41.26581],[-82.858749,41.265991],[-82.858259,41.265992],[-82.858212,41.265811]]]},"properties":{"p":"03-50-00-1799-00","o":"TODD, CINDY MOYER","a":"858 DELMOY AVE","d":"Bellevue City School District","t":737.19,"l":"510: Res-Single Family","c":0}},{"type":"Feature","geometry":{"type":"Polygon","coordinates":[[[-82.850922,41.26846],[-82.851068,41.268373],[-82.851502,41.268797],[-82.851351,41.26888],[-82.850922,41.26846]]]},"properties":{"p":"03-50-00-1425-00","o":"FLEMING, ANN M","a":"634 KILBOURNE ST","d":"Bellevue City School District","t":743.42,"l":"510: Res-Single Family","c":0}},{"type":"Feature","geometry":{"type":"Polygon","coordinates":[[[-82.850908,41.274765],[-82.850908,41.274627],[-82.851492,41.274788],[-82.851491,41.274926],[-82.850908,41.274765]]]},"properties":{"p":"03-50-00-1316-00","o":"CROSBY, SEAN C","a":"201 LAWRENCE ST","d":"Bellevue City School District","t":773.38,"l":"510: Res-Single Family","c":0}},{"type":"Feature","geometry":{"type":"Polygon","coordinates":[[[-82.844247,41.266275],[-82.84423,41.265798],[-82.844393,41.265799],[-82.84441,41.266276],[-82.844247,41.266275]]]},"properties":{"p":"03-50-00-1217-00","o":"CARVER, NATHAN & TABITHA","a":"238 BELLE AVE","d":"Bellevue City School District","t":795.37,"l":"510: Res-Single Family","c":0}},{"type":"Feature","geometry":{"type":"Polygon","coordinates":[[[-82.843232,41.268663],[-82.843216,41.268179],[-82.843397,41.268181],[-82.843413,41.268665],[-82.843232,41.268663]]]},"properties":{"p":"03-50-00-1147-00","o":"GARDNER, ZACHARY M","a":"218 ELLIS AVE","d":"Bellevue City School District","t":696.54,"l":"510: Res-Single Family","c":0}},{"type":"Feature","geometry":{"type":"Polygon","coordinates":[[[-82.845924,41.272298],[-82.846306,41.272012],[-82.84639,41.27203],[-82.846258,41.272317],[-82.846054,41.272428],[-82.845924,41.272298]]]},"properties":{"p":"03-50-00-0378-01","o":"BRUMMETT, AJAY","a":"129 HAMILTON ST","d":"Bellevue City School District","t":745.03,"l":"510: Res-Single Family","c":0}},{"type":"Feature","geometry":{"type":"Polygon","coordinates":[[[-82.936112,41.338178],[-82.936113,41.338098],[-82.937205,41.33813],[-82.93724,41.335629],[-82.945728,41.335881],[-82.945688,41.338462],[-82.936112,41.338178]]]},"properties":{"p":"02-06-00-0009-00","o":"J & D FARMLAND, LLC","a":"CR 268","d":"Clyde-Green Springs Exempted Village School District","t":806.39,"l":"110: Agr-CAUV-Vacant Land","c":0}},{"type":"Feature","geometry":{"type":"Polygon","coordinates":[[[-82.859216,41.278134],[-82.859306,41.278127],[-82.859304,41.278589],[-82.858834,41.278474],[-82.858944,41.278149],[-82.859216,41.278134]]]},"properties":{"p":"01-25-03-0008-05","o":"RICHMOND, C MICHAEL & KATHY A TRUSTEES","a":"791 SR 20","d":"Bellevue City School District","t":697.34,"l":"510: Res-Single Family","c":0}},{"type":"Feature","geometry":{"type":"Polygon","coordinates":[[[-82.925497,41.288848],[-82.925497,41.288805],[-82.926996,41.288836],[-82.926995,41.289027],[-82.926916,41.289126],[-82.926746,41.28923],[-82.926565,41.289375],[-82.926547,41.289431],[-82.926552,41.289558],[-82.925487,41.289552],[-82.925497,41.288848]]]},"properties":{"p":"01-20-00-0008-02","o":"LEBER, KRISTA L","a":"CR 270","d":"Bellevue City School District","t":769.23,"l":"599: Res-Other","c":0}},{"type":"Feature","geometry":{"type":"Polygon","coordinates":[[[-82.858913,41.329057],[-82.858907,41.328138],[-82.859891,41.328144],[-82.858913,41.329057]]]},"properties":{"p":"01-02-00-0014-00","o":"WILSON, DYLAN R & ERIN E /SURV","a":"598 CR 308","d":"Bellevue City School District","t":734.91,"l":"511: Res-Custom Code","c":0}},{"type":"Feature","geometry":{"type":"Polygon","coordinates":[[[-83.113707,41.337403],[-83.114253,41.3374],[-83.114254,41.337509],[-83.113708,41.337513],[-83.113707,41.337403]]]},"properties":{"p":"34-60-00-0289-02","o":"BAY AREA PROPERTIES, LLC","a":"748 FRONT ST S","d":"Fremont City School District","t":800.06,"l":"510: Res-Single Family","c":0}},{"type":"Feature","geometry":{"type":"Polygon","coordinates":[[[-83.121093,41.341273],[-83.121093,41.341159],[-83.12153,41.341159],[-83.12153,41.341274],[-83.121093,41.341273]]]},"properties":{"p":"34-60-00-0281-00","o":"OTTE, DENIS G ET AL","a":"524 WAYNE ST S","d":"Fremont City School District","t":783.09,"l":"510: Res-Single Family","c":0}},{"type":"Feature","geometry":{"type":"Polygon","coordinates":[[[-83.105769,41.341183],[-83.105972,41.340759],[-83.106159,41.340812],[-83.105956,41.341235],[-83.105769,41.341183]]]},"properties":{"p":"34-60-00-0273-02","o":"PRICE, JEREMY R.","a":"601 THOMPSON ST","d":"Fremont City School District","t":740.19,"l":"510: Res-Single Family","c":0}},{"type":"Feature","geometry":{"type":"Polygon","coordinates":[[[-83.104415,41.340809],[-83.104539,41.34055],[-83.105329,41.340769],[-83.105445,41.340526],[-83.105533,41.34055],[-83.105228,41.341034],[-83.104415,41.340809]]]},"properties":{"p":"34-60-00-0273-00","o":"MARINIS, BRIANNA L & PRESTON, GAVIN D /SURV","a":"402 MORRISON ST","d":"Fremont City School District","t":686.61,"l":"510: Res-Single Family","c":0}},{"type":"Feature","geometry":{"type":"Polygon","coordinates":[[[-83.253308,41.266815],[-83.253319,41.266596],[-83.253558,41.266601],[-83.253548,41.266819],[-83.253308,41.266815]]]},"properties":{"p":"16-50-00-0100-00","o":"GALLAGHER, DANNY & DANIEL","a":"3324 GEORGE ST","d":"Lakota Local School District","t":625.14,"l":"510: Res-Single Family","c":0}},{"type":"Feature","geometry":{"type":"Polygon","coordinates":[[[-83.253787,41.267077],[-83.253811,41.266605],[-83.254047,41.266609],[-83.254023,41.267081],[-83.253787,41.267077]]]},"properties":{"p":"16-50-00-0109-00","o":"TYSON, JARRET","a":"GEORGE ST","d":"Lakota Local School District","t":631.31,"l":"500: Res-Vacant Land","c":0}},{"type":"Feature","geometry":{"type":"Polygon","coordinates":[[[-83.291873,41.341821],[-83.291873,41.341402],[-83.292058,41.341404],[-83.292057,41.34182],[-83.291873,41.341821]]]},"properties":{"p":"18-50-00-0114-00","o":"KNIERIEM, JOHN F. & TINA","a":"257 MAIN ST","d":"Gibsonburg Exempted Village School District","t":666.44,"l":"510: Res-Single Family","c":0}},{"type":"Feature","geometry":{"type":"Polygon","coordinates":[[[-83.417614,41.323671],[-83.417777,41.323667],[-83.417757,41.324347],[-83.416146,41.324384],[-83.41617,41.323704],[-83.417614,41.323671]]]},"properties":{"p":"23-07-00-0004-01","o":"ROTH, SARAH E","a":"11810 SR 23","d":"Lakota Local School District","t":599.53,"l":"511: Res-Custom Code","c":0}},{"type":"Feature","geometry":{"type":"Polygon","coordinates":[[[-82.97634,41.298723],[-82.976521,41.298723],[-82.976511,41.299112],[-82.976335,41.299113],[-82.97634,41.298723]]]},"properties":{"p":"32-50-00-1718-00","o":"CHURCH, TT OF CLYDE NAZAR","a":"144 WHITE ST","d":"Clyde-Green Springs Exempted Village School District","t":587.66,"l":"510: Res-Single Family","c":0}},{"type":"Feature","geometry":{"type":"Polygon","coordinates":[[[-83.102853,41.347709],[-83.102979,41.347561],[-83.10338,41.347761],[-83.10325,41.347912],[-83.102853,41.347709]]]},"properties":{"p":"34-50-00-0640-00","o":"BAYLISS, JEFFREY J & BARBARA M /SURV","a":"326 FIFTH ST N","d":"Fremont City School District","t":633.08,"l":"510: Res-Single Family","c":0}},{"type":"Feature","geometry":{"type":"Polygon","coordinates":[[[-83.105917,41.339501],[-83.106039,41.339244],[-83.106816,41.339455],[-83.106691,41.339713],[-83.105917,41.339501]]]},"properties":{"p":"34-50-00-1753-00","o":"JOHNSON, WILLIE & BERNICE /SURV","a":"FIFTH ST","d":"Fremont City School District","t":574.49,"l":"500: Res-Vacant Land","c":0}},{"type":"Feature","geometry":{"type":"Polygon","coordinates":[[[-83.102631,41.342821],[-83.10277,41.342523],[-83.102906,41.342561],[-83.102765,41.342858],[-83.102631,41.342821]]]},"properties":{"p":"34-50-00-3509-00","o":"SLAYTON, MICHAEL & AMANDA /SURV","a":"717 LINDEN ST","d":"Fremont City School District","t":615.53,"l":"510: Res-Single Family","c":0}},{"type":"Feature","geometry":{"type":"Polygon","coordinates":[[[-83.102517,41.340721],[-83.102615,41.34051],[-83.102888,41.340584],[-83.102787,41.340795],[-83.102517,41.340721]]]},"properties":{"p":"34-50-00-4740-00","o":"YOUNG, VERNA LOUISE","a":"815 ELM CT","d":"Fremont City School District","t":620.98,"l":"510: Res-Single Family","c":0}},{"type":"Feature","geometry":{"type":"Polygon","coordinates":[[[-83.11048,41.36146],[-83.110717,41.361458],[-83.110696,41.361794],[-83.110457,41.361797],[-83.11048,41.36146]]]},"properties":{"p":"34-60-00-0350-08","o":"BYERS, JAMES R & JESSIE D","a":"242 NORTH ST","d":"Fremont City School District","t":636.36,"l":"510: Res-Single Family","c":0}},{"type":"Feature","geometry":{"type":"Polygon","coordinates":[[[-83.110717,41.361458],[-83.110985,41.361456],[-83.110962,41.361791],[-83.110696,41.361794],[-83.110717,41.361458]]]},"properties":{"p":"34-60-00-0350-06","o":"SIEVING, LARRY","a":"246 NORTH ST E","d":"Fremont City School District","t":578.51,"l":"510: Res-Single Family","c":0}},{"type":"Feature","geometry":{"type":"Polygon","coordinates":[[[-83.122771,41.337118],[-83.122769,41.336955],[-83.123306,41.336952],[-83.123308,41.337115],[-83.122771,41.337118]]]},"properties":{"p":"34-60-00-0295-00","o":"LEWIS, TRAHAN T","a":"830 WHITTLESEY ST","d":"Fremont City School District","t":617.45,"l":"510: Res-Single Family","c":0}},{"type":"Feature","geometry":{"type":"Polygon","coordinates":[[[-83.097299,41.355775],[-83.097455,41.355604],[-83.097938,41.355843],[-83.097706,41.355984],[-83.097299,41.355775]]]},"properties":{"p":"34-60-00-0199-00","o":"SILVA, DAN R","a":"839 OHIO AVE","d":"Fremont City School District","t":673.65,"l":"510: Res-Single Family","c":0}},{"type":"Feature","geometry":{"type":"Polygon","coordinates":[[[-83.095162,41.352662],[-83.095438,41.352354],[-83.095654,41.352461],[-83.095381,41.352771],[-83.095162,41.352662]]]},"properties":{"p":"34-60-00-0087-02","o":"ST. CLAIR, MICHAEL L & DO","a":"715 WALNUT ST","d":"Fremont City School District","t":635.79,"l":"510: Res-Single Family","c":0}},{"type":"Feature","geometry":{"type":"Polygon","coordinates":[[[-83.094544,41.336969],[-83.094977,41.336964],[-83.094976,41.337096],[-83.094543,41.337103],[-83.094544,41.336969]]]},"properties":{"p":"34-50-00-5899-00","o":"NIEMAN, JAMES O. & CHARLE","a":"519 ST JOSEPH ST","d":"Fremont City School District","t":602.26,"l":"510: Res-Single Family","c":0}},{"type":"Feature","geometry":{"type":"Polygon","coordinates":[[[-83.134191,41.358554],[-83.134197,41.358157],[-83.13434,41.358159],[-83.134335,41.358556],[-83.134191,41.358554]]]},"properties":{"p":"34-50-00-5506-00","o":"GONZALEZ, MARGARITA I","a":"1810 STEVENSON ST","d":"Fremont City School District","t":638.54,"l":"510: Res-Single Family","c":0}},{"type":"Feature","geometry":{"type":"Polygon","coordinates":[[[-83.104323,41.33715],[-83.104366,41.33706],[-83.104264,41.337032],[-83.104333,41.336881],[-83.10484,41.337107],[-83.104759,41.337271],[-83.104323,41.33715]]]},"properties":{"p":"34-50-00-5087-00","o":"BLOHM, DEBORAH L","a":"616 LILLEY PL","d":"Fremont City School District","t":605.98,"l":"510: Res-Single Family","c":0}},{"type":"Feature","geometry":{"type":"Polygon","coordinates":[[[-83.095928,41.346038],[-83.096039,41.345821],[-83.096523,41.345955],[-83.096413,41.346168],[-83.095928,41.346038]]]},"properties":{"p":"34-50-00-4760-00","o":"NIEMAN, JAMES O & CHARLEN","a":"315 COLLINWOOD AVE N","d":"Fremont City School District","t":679.64,"l":"510: Res-Single Family","c":0}},{"type":"Feature","geometry":{"type":"Polygon","coordinates":[[[-83.123464,41.355173],[-83.123468,41.354848],[-83.123617,41.354848],[-83.123611,41.355174],[-83.123464,41.355173]]]},"properties":{"p":"34-50-00-4699-00","o":"MILLER, LESTER","a":"1105 HAZEL ST","d":"Fremont City School District","t":571.63,"l":"510: Res-Single Family","c":0}},{"type":"Feature","geometry":{"type":"Polygon","coordinates":[[[-83.099542,41.348457],[-83.099642,41.348345],[-83.100001,41.348527],[-83.099902,41.348637],[-83.099542,41.348457]]]},"properties":{"p":"34-50-00-4358-01","o":"BROSHIOUS, RYAN K & APRIL","a":"447 SIXTH ST","d":"Fremont City School District","t":606.23,"l":"510: Res-Single Family","c":0}},{"type":"Feature","geometry":{"type":"Polygon","coordinates":[[[-83.12215,41.338118],[-83.122148,41.337707],[-83.122412,41.337706],[-83.122414,41.338117],[-83.12215,41.338118]]]},"properties":{"p":"34-50-00-4332-01","o":"VENEGAS, ELLEN","a":"923 JUNE ST","d":"Fremont City School District","t":647.04,"l":"510: Res-Single Family","c":0}},{"type":"Feature","geometry":{"type":"Polygon","coordinates":[[[-83.130965,41.346376],[-83.13202,41.345675],[-83.132002,41.346375],[-83.130965,41.346376]]]},"properties":{"p":"34-50-00-4280-00","o":"RUPPCO LLC","a":"1615 CROGHAN ST","d":"Fremont City School District","t":683.83,"l":"340: Ind-Manufacturing-Light","c":0}},{"type":"Feature","geometry":{"type":"Polygon","coordinates":[[[-83.102935,41.344174],[-83.102615,41.344088],[-83.102666,41.343982],[-83.103129,41.344107],[-83.103095,41.344217],[-83.102935,41.344174]]]},"properties":{"p":"34-50-00-4256-00","o":"PURPLE MEL RENTALS LLC","a":"103 105 MORRISON ST","d":"Fremont City School District","t":644.93,"l":"520: Res-Two Family","c":0}},{"type":"Feature","geometry":{"type":"Polygon","coordinates":[[[-83.097534,41.342958],[-83.097726,41.342561],[-83.097918,41.342613],[-83.097726,41.34301],[-83.097534,41.342958]]]},"properties":{"p":"34-50-00-4174-00","o":"BRITNER, KYANA","a":"1105 STATE ST E","d":"Fremont City School District","t":634.72,"l":"429: Com-Other","c":0}},{"type":"Feature","geometry":{"type":"Polygon","coordinates":[[[-83.120427,41.358115],[-83.120436,41.357784],[-83.120546,41.357784],[-83.120535,41.358115],[-83.120427,41.358115]]]},"properties":{"p":"34-50-00-3924-00","o":"LACHNER, JASON","a":"1010 HAYNES ST","d":"Fremont City School District","t":640.42,"l":"510: Res-Single Family","c":0}},{"type":"Feature","geometry":{"type":"Polygon","coordinates":[[[-83.120758,41.358116],[-83.120767,41.357785],[-83.120925,41.357786],[-83.120915,41.358116],[-83.120758,41.358116]]]},"properties":{"p":"34-50-00-3921-00","o":"MYERS, JASON A","a":"1016 HAYNES ST","d":"Fremont City School District","t":663.2,"l":"510: Res-Single Family","c":0}},{"type":"Feature","geometry":{"type":"Polygon","coordinates":[[[-83.120839,41.360855],[-83.120851,41.360492],[-83.121012,41.360492],[-83.121007,41.360855],[-83.120839,41.360855]]]},"properties":{"p":"34-50-00-3839-00","o":"FINALLY HOME","a":"1066 MCKINLEY ST","d":"Fremont City School District","t":574.07,"l":"510: Res-Single Family","c":0}},{"type":"Feature","geometry":{"type":"Polygon","coordinates":[[[-83.119724,41.35994],[-83.119732,41.359575],[-83.119844,41.359575],[-83.119829,41.35994],[-83.119724,41.35994]]]},"properties":{"p":"34-50-00-3807-00","o":"OLLOM, RONALD L. & KATHY","a":"1006 GARFIELD ST","d":"Fremont City School District","t":638.01,"l":"510: Res-Single Family","c":0}},{"type":"Feature","geometry":{"type":"Polygon","coordinates":[[[-83.12095,41.359028],[-83.120958,41.358663],[-83.121176,41.358664],[-83.121167,41.359028],[-83.12095,41.359028]]]},"properties":{"p":"34-50-00-3757-00","o":"BULGER, DEANNA","a":"1030 ROOSEVELT ST","d":"Fremont City School District","t":677.27,"l":"510: Res-Single Family","c":0}},{"type":"Feature","geometry":{"type":"Polygon","coordinates":[[[-83.118792,41.359423],[-83.118843,41.359279],[-83.119297,41.35928],[-83.119246,41.359426],[-83.118792,41.359423]]]},"properties":{"p":"34-50-00-3723-00","o":"CRESS, DAVID W & TRACIE S /SURV","a":"1021 CLEVELAND ST","d":"Fremont City School District","t":641.98,"l":"510: Res-Single Family","c":0}},{"type":"Feature","geometry":{"type":"Polygon","coordinates":[[[-83.118587,41.353848],[-83.118582,41.353694],[-83.119043,41.353696],[-83.119065,41.353849],[-83.118587,41.353848]]]},"properties":{"p":"34-50-00-3674-00","o":"SLAUGHTER, PAMELA S & JEF","a":"537 UNION PL","d":"Fremont City School District","t":584.49,"l":"510: Res-Single Family","c":0}},{"type":"Feature","geometry":{"type":"Polygon","coordinates":[[[-83.118023,41.340215],[-83.118025,41.340053],[-83.118508,41.340056],[-83.118506,41.340217],[-83.118023,41.340215]]]},"properties":{"p":"34-50-00-3584-00","o":"SCHWOCHOW, DENEEN","a":"611 CLOVER ST S","d":"Fremont City School District","t":600.18,"l":"510: Res-Single Family","c":0}},{"type":"Feature","geometry":{"type":"Polygon","coordinates":[[[-83.102995,41.342002],[-83.103155,41.341677],[-83.103282,41.341711],[-83.103181,41.342065],[-83.10299,41.342013],[-83.102995,41.342002]]]},"properties":{"p":"34-50-00-3526-00","o":"VARGO, KAREN L","a":"715 WILLOW ST","d":"Fremont City School District","t":650.62,"l":"520: Res-Two Family","c":0}},{"type":"Feature","geometry":{"type":"Polygon","coordinates":[[[-83.118478,41.356706],[-83.118546,41.356515],[-83.118998,41.356515],[-83.118932,41.356704],[-83.118478,41.356706]]]},"properties":{"p":"34-50-00-3214-00","o":"JPK REAL ESTATE LLC","a":"739 RAWSON AVE","d":"Fremont City School District","t":619.51,"l":"510: Res-Single Family","c":0}},{"type":"Feature","geometry":{"type":"Polygon","coordinates":[[[-83.10681,41.349708],[-83.106897,41.349609],[-83.107361,41.349842],[-83.107258,41.349958],[-83.106793,41.349728],[-83.10681,41.349708]]]},"properties":{"p":"34-50-00-3156-01","o":"VALLES, JUAN S & IVONNE /SURV","a":"337 SANDUSKY AVE","d":"Fremont City School District","t":603.71,"l":"510: Res-Single Family","c":0}},{"type":"Feature","geometry":{"type":"Polygon","coordinates":[[[-83.120676,41.339226],[-83.120672,41.338772],[-83.120897,41.33877],[-83.120906,41.339225],[-83.120676,41.339226]]]},"properties":{"p":"34-50-00-3020-00","o":"ADKINS, KERRY E.","a":"821 SOUTH ST","d":"Fremont City School District","t":682.93,"l":"510: Res-Single Family","c":0}},{"type":"Feature","geometry":{"type":"Polygon","coordinates":[[[-83.114348,41.351058],[-83.114361,41.350527],[-83.114502,41.350526],[-83.11449,41.351062],[-83.114348,41.351058]]]},"properties":{"p":"34-50-00-2985-00","o":"ALRIDGE, TREVON ALLEN","a":"317 MAY ST","d":"Fremont City School District","t":639.85,"l":"510: Res-Single Family","c":0}},{"type":"Feature","geometry":{"type":"Polygon","coordinates":[[[-83.114064,41.351049],[-83.114071,41.350681],[-83.114215,41.350684],[-83.114203,41.351054],[-83.114064,41.351049]]]},"properties":{"p":"34-50-00-2983-00","o":"SOURS, JARA","a":"311 MAY ST","d":"Fremont City School District","t":622,"l":"510: Res-Single Family","c":0}},{"type":"Feature","geometry":{"type":"Polygon","coordinates":[[[-83.129148,41.361235],[-83.129161,41.360883],[-83.129383,41.360883],[-83.129373,41.361235],[-83.129148,41.361235]]]},"properties":{"p":"34-50-00-2807-00","o":"VALDOVINOS, SERVANDO & RO","a":"1413 NORTH ST","d":"Fremont City School District","t":614.92,"l":"510: Res-Single Family","c":0}},{"type":"Feature","geometry":{"type":"Polygon","coordinates":[[[-83.125327,41.359684],[-83.125803,41.359683],[-83.125799,41.359806],[-83.125324,41.359809],[-83.125327,41.359684]]]},"properties":{"p":"34-50-00-2636-00","o":"SCHWOCHOW, DENEEN","a":"1221 STILWELL AVE","d":"Fremont City School District","t":653.88,"l":"510: Res-Single Family","c":0}},{"type":"Feature","geometry":{"type":"Polygon","coordinates":[[[-83.123848,41.358475],[-83.123852,41.358345],[-83.124472,41.358343],[-83.124468,41.358475],[-83.123848,41.358475]]]},"properties":{"p":"34-50-00-2581-00","o":"KINKAID, PAMELA ANN","a":"1121 FRANKLIN AVE","d":"Fremont City School District","t":584.36,"l":"510: Res-Single Family","c":0}},{"type":"Feature","geometry":{"type":"Polygon","coordinates":[[[-83.127256,41.358332],[-83.127262,41.358155],[-83.127735,41.358154],[-83.127729,41.35833],[-83.127256,41.358332]]]},"properties":{"p":"34-50-00-2512-00","o":"KOEBEL, ROBERT E III & TIFFANY R /SURV","a":"1114 WHITE AVE","d":"Fremont City School District","t":572.25,"l":"510: Res-Single Family","c":0}},{"type":"Feature","geometry":{"type":"Polygon","coordinates":[[[-83.127242,41.35876],[-83.127246,41.358626],[-83.127718,41.358626],[-83.127713,41.358761],[-83.127242,41.35876]]]},"properties":{"p":"34-50-00-2507-00","o":"ALMEIDA, NICOLE","a":"1128 WHITE AVE","d":"Fremont City School District","t":612.62,"l":"510: Res-Single Family","c":0}},{"type":"Feature","geometry":{"type":"Polygon","coordinates":[[[-83.126076,41.357059],[-83.12608,41.356932],[-83.126552,41.356932],[-83.126548,41.357059],[-83.126076,41.357059]]]},"properties":{"p":"34-50-00-2390-00","o":"OLLOM, RONALD L. & KATHY","a":"1014 STILWELL AVE","d":"Fremont City School District","t":607.95,"l":"510: Res-Single Family","c":0}},{"type":"Feature","geometry":{"type":"Polygon","coordinates":[[[-83.12665,41.354404],[-83.126656,41.354024],[-83.126847,41.354023],[-83.126837,41.354405],[-83.12665,41.354404]]]},"properties":{"p":"34-50-00-2220-00","o":"GSCHWIND, KEITH A JR","a":"1262 LIBERTY ST","d":"Fremont City School District","t":684.35,"l":"510: Res-Single Family","c":0}},{"type":"Feature","geometry":{"type":"Polygon","coordinates":[[[-83.1302,41.347473],[-83.13068,41.347464],[-83.13068,41.347638],[-83.130199,41.347642],[-83.1302,41.347473]]]},"properties":{"p":"34-50-00-2191-00","o":"MEDINA, OSCAR H & MARIA I /SURV","a":"127 AUSTIN ST","d":"Fremont City School District","t":608.27,"l":"510: Res-Single Family","c":0}},{"type":"Feature","geometry":{"type":"Polygon","coordinates":[[[-83.118757,41.341355],[-83.118758,41.341193],[-83.119209,41.341192],[-83.119208,41.341355],[-83.118757,41.341355]]]},"properties":{"p":"34-50-00-1997-00","o":"CBEOP LLC","a":"520 CLOVER ST S","d":"Fremont City School District","t":669.85,"l":"510: Res-Single Family","c":0}},{"type":"Feature","geometry":{"type":"Polygon","coordinates":[[[-83.124969,41.339206],[-83.124961,41.338759],[-83.125197,41.338757],[-83.1252,41.339206],[-83.124969,41.339206]]]},"properties":{"p":"34-50-00-1485-00","o":"STULTS, JACKSON","a":"1109 SOUTH ST","d":"Fremont City School District","t":656.96,"l":"520: Res-Two Family","c":0}},{"type":"Feature","geometry":{"type":"Polygon","coordinates":[[[-83.123339,41.342605],[-83.123356,41.342165],[-83.123591,41.342164],[-83.123577,41.342605],[-83.123339,41.342605]]]},"properties":{"p":"34-50-00-1451-00","o":"RIVERA, MICHELLE","a":"1018 HAYES AVE","d":"Fremont City School District","t":648.31,"l":"510: Res-Single Family","c":0}},{"type":"Feature","geometry":{"type":"Polygon","coordinates":[[[-83.119471,41.342499],[-83.119711,41.342499],[-83.119712,41.342621],[-83.11947,41.342624],[-83.119471,41.342499]]]},"properties":{"p":"34-50-00-1431-02","o":"JEFFERSON, STEPHEN & HICKS, EBONEE /SURV","a":"415 WOOD ST S","d":"Fremont City School District","t":603.91,"l":"520: Res-Two Family","c":0}},{"type":"Feature","geometry":{"type":"Polygon","coordinates":[[[-83.121331,41.348915],[-83.121582,41.348912],[-83.121552,41.349022],[-83.121275,41.349032],[-83.121331,41.348915]]]},"properties":{"p":"34-50-00-1109-01","o":"SPARKS, CHRISTOPHER A & JENNIFER J /SURV","a":"310 WAYNE ST","d":"Fremont City School District","t":661.76,"l":"510: Res-Single Family","c":0}},{"type":"Feature","geometry":{"type":"Polygon","coordinates":[[[-83.121776,41.348603],[-83.121958,41.348602],[-83.121756,41.349014],[-83.12172,41.349016],[-83.121776,41.348603]]]},"properties":{"p":"34-50-00-1108-01","o":"MILLER, ADAM K","a":"910-910 NAPOLEON ST","d":"Fremont City School District","t":673.37,"l":"520: Res-Two Family","c":0}},{"type":"Feature","geometry":{"type":"Polygon","coordinates":[[[-83.121615,41.349441],[-83.121682,41.349352],[-83.122104,41.349528],[-83.122042,41.349609],[-83.121615,41.349441]]]},"properties":{"p":"34-50-00-1018-01","o":"MILLER, ADAM","a":"337-337 1/2 RAWSON AVE","d":"Fremont City School District","t":628.38,"l":"520: Res-Two Family","c":0}},{"type":"Feature","geometry":{"type":"Polygon","coordinates":[[[-83.120484,41.34828],[-83.120638,41.34828],[-83.120634,41.348445],[-83.120483,41.348446],[-83.120484,41.34828]]]},"properties":{"p":"34-50-00-1003-00","o":"GARNER, JAYDEN","a":"815 81 NAPOLEON ST","d":"Fremont City School District","t":605.37,"l":"520: Res-Two Family","c":0}},{"type":"Feature","geometry":{"type":"Polygon","coordinates":[[[-83.121936,41.348062],[-83.122118,41.348061],[-83.122117,41.348425],[-83.121933,41.348426],[-83.121936,41.348062]]]},"properties":{"p":"34-50-00-0984-01","o":"CONTRERAS-LOMELI, RICARDO & PATINO, JACQUELINE M","a":"923 NAPOLEON ST","d":"Fremont City School District","t":668.31,"l":"510: Res-Single Family","c":0}},{"type":"Feature","geometry":{"type":"Polygon","coordinates":[[[-83.123588,41.347157],[-83.123586,41.346977],[-83.123697,41.346976],[-83.123754,41.347047],[-83.123753,41.347156],[-83.123588,41.347157]]]},"properties":{"p":"34-50-00-0955-04","o":"ROBINSON, LAMONT","a":"119 LYNN ST","d":"Fremont City School District","t":603.07,"l":"510: Res-Single Family","c":0}},{"type":"Feature","geometry":{"type":"Polygon","coordinates":[[[-83.116214,41.343507],[-83.116693,41.343504],[-83.116692,41.343633],[-83.116214,41.343637],[-83.116214,41.343507]]]},"properties":{"p":"34-50-00-0374-00","o":"YOUNG, SAMUEL DAVID & LOPEZ-YOUNG, JANESSA /SURV","a":"320 HIGH ST","d":"Fremont City School District","t":683.91,"l":"510: Res-Single Family","c":0}},{"type":"Feature","geometry":{"type":"Polygon","coordinates":[[[-83.118678,41.348641],[-83.119082,41.348638],[-83.119039,41.348789],[-83.118678,41.348641]]]},"properties":{"p":"34-50-00-0093-00","o":"OXLEY PROPERTIES LLC","a":"704 70 NAPOLEON ST","d":"Fremont City School District","t":575.51,"l":"520: Res-Two Family","c":0}},{"type":"Feature","geometry":{"type":"Polygon","coordinates":[[[-82.973986,41.295407],[-82.974837,41.295403],[-82.974835,41.295675],[-82.973983,41.295681],[-82.973986,41.295407]]]},"properties":{"p":"32-60-00-0052-06","o":"CAMPBELL, ROGER L","a":"1010 MAIN ST S","d":"Clyde-Green Springs Exempted Village School District","t":633.76,"l":"510: Res-Single Family","c":0}},{"type":"Feature","geometry":{"type":"Polygon","coordinates":[[[-82.978571,41.312096],[-82.97857,41.311816],[-82.979401,41.311817],[-82.979398,41.311288],[-82.979629,41.311352],[-82.979631,41.312098],[-82.978571,41.312096]]]},"properties":{"p":"32-60-00-0028-02","o":"DOEBEL, CHERYL P","a":"317 MCPHERSON HWY W","d":"Clyde-Green Springs Exempted Village School District","t":680.01,"l":"510: Res-Single Family","c":0}},{"type":"Feature","geometry":{"type":"Polygon","coordinates":[[[-82.964259,41.304517],[-82.964469,41.304515],[-82.964472,41.304946],[-82.964258,41.304948],[-82.964259,41.304517]]]},"properties":{"p":"32-50-00-2159-00","o":"STACY, ARTHUR L","a":"619 BROWN ST","d":"Clyde-Green Springs Exempted Village School District","t":618.89,"l":"510: Res-Single Family","c":0}},{"type":"Feature","geometry":{"type":"Polygon","coordinates":[[[-82.967295,41.305494],[-82.96748,41.305492],[-82.967485,41.305924],[-82.967298,41.305925],[-82.967295,41.305494]]]},"properties":{"p":"32-50-00-1311-00","o":"BOYD, SCOTT M","a":"435 AMES ST","d":"Clyde-Green Springs Exempted Village School District","t":571.9,"l":"510: Res-Single Family","c":0}},{"type":"Feature","geometry":{"type":"Polygon","coordinates":[[[-82.98002,41.310711],[-82.980032,41.310528],[-82.980635,41.310564],[-82.980623,41.310746],[-82.98002,41.310711]]]},"properties":{"p":"32-50-00-1043-00","o":"MASSIE, RICHARD","a":"185 NELSON ST","d":"Clyde-Green Springs Exempted Village School District","t":580.43,"l":"510: Res-Single Family","c":0}},{"type":"Feature","geometry":{"type":"Polygon","coordinates":[[[-82.981067,41.303795],[-82.981158,41.303741],[-82.98078,41.303378],[-82.981007,41.303244],[-82.981457,41.303676],[-82.981139,41.303865],[-82.981067,41.303795]]]},"properties":{"p":"32-50-00-0536-03","o":"ANDRES, CLIFFORD","a":"339 MAPLE ST W","d":"Clyde-Green Springs Exempted Village School District","t":679.1,"l":"401: Com-Apartment- 4 to 19","c":0}},{"type":"Feature","geometry":{"type":"Polygon","coordinates":[[[-82.982356,41.304124],[-82.982121,41.303898],[-82.982268,41.30381],[-82.982702,41.304231],[-82.982557,41.304317],[-82.982356,41.304124]]]},"properties":{"p":"32-50-00-0526-01","o":"SEIDEL, RENATE E","a":"409 VINE ST","d":"Clyde-Green Springs Exempted Village School District","t":637.2,"l":"510: Res-Single Family","c":0}},{"type":"Feature","geometry":{"type":"Polygon","coordinates":[[[-82.975493,41.300387],[-82.975499,41.299963],[-82.97574,41.299963],[-82.975734,41.300387],[-82.975493,41.300387]]]},"properties":{"p":"32-50-00-0404-00","o":"NOFTZ, RANDALL S","a":"110 GRANT ST W","d":"Clyde-Green Springs Exempted Village School District","t":624.63,"l":"510: Res-Single Family","c":0}},{"type":"Feature","geometry":{"type":"Polygon","coordinates":[[[-82.975002,41.303301],[-82.975003,41.303211],[-82.975807,41.303222],[-82.975805,41.30328],[-82.975709,41.303313],[-82.975002,41.303301]]]},"properties":{"p":"32-50-00-0362-00","o":"ASBURY INVESTMENTS GROUP LLC","a":"227 MAIN ST S","d":"Clyde-Green Springs Exempted Village School District","t":614.58,"l":"510: Res-Single Family","c":0}},{"type":"Feature","geometry":{"type":"Polygon","coordinates":[[[-82.974986,41.30541],[-82.974985,41.305337],[-82.975245,41.305247],[-82.975244,41.305415],[-82.974986,41.30541]]]},"properties":{"p":"32-50-00-0319-00","o":"ANDRES, CLIFFORD J","a":"101 N MAIN ST","d":"Clyde-Green Springs Exempted Village School District","t":635.33,"l":"420: Com-Retail-Small","c":0}},{"type":"Feature","geometry":{"type":"Polygon","coordinates":[[[-82.969826,41.308356],[-82.970034,41.307926],[-82.970245,41.307981],[-82.970044,41.308413],[-82.969826,41.308356]]]},"properties":{"p":"32-50-00-0046-01","o":"DOSS, TIMOTHY","a":"418 MCPHERSON HWY","d":"Clyde-Green Springs Exempted Village School District","t":593,"l":"510: Res-Single Family","c":0}},{"type":"Feature","geometry":{"type":"Polygon","coordinates":[[[-83.106261,41.436461],[-83.106369,41.43646],[-83.106371,41.436809],[-83.105631,41.436814],[-83.105628,41.436466],[-83.106261,41.436461]]]},"properties":{"p":"31-35-00-0002-00","o":"MORENO, FRANCISCO","a":"3383 CR 170","d":"Fremont City School District","t":620.48,"l":"511: Res-Custom Code","c":0}},{"type":"Feature","geometry":{"type":"Polygon","coordinates":[[[-83.120851,41.433566],[-83.12085,41.433484],[-83.122795,41.433508],[-83.122792,41.433341],[-83.123162,41.433343],[-83.123167,41.433512],[-83.123412,41.433515],[-83.123418,41.433901],[-83.122802,41.433895],[-83.122792,41.433586],[-83.120851,41.433566]]]},"properties":{"p":"31-34-00-0006-01","o":"HASSELBACH, JEFFREY T. &","a":"4360 CR 166","d":"Fremont City School District","t":577.35,"l":"111: Agr-CAUV-Cash-Grain Farm","c":0}},{"type":"Feature","geometry":{"type":"Polygon","coordinates":[[[-83.16429,41.457131],[-83.164287,41.456854],[-83.165755,41.45686],[-83.165766,41.45726],[-83.16429,41.457131]]]},"properties":{"p":"31-30-00-0001-03","o":"PRATER, DAROLD D. & IRENE","a":"4082 CR 140","d":"Fremont City School District","t":629.07,"l":"599: Res-Other","c":0}},{"type":"Feature","geometry":{"type":"Polygon","coordinates":[[[-83.124242,41.45397],[-83.124244,41.453877],[-83.124728,41.45388],[-83.124678,41.45409],[-83.125211,41.454162],[-83.125094,41.454221],[-83.124836,41.454503],[-83.124752,41.454666],[-83.12423,41.454669],[-83.124242,41.45397]]]},"properties":{"p":"31-27-00-0004-02","o":"POLM, JACK","a":"CR 215","d":"Fremont City School District","t":659.86,"l":"599: Res-Other","c":0}},{"type":"Feature","geometry":{"type":"Polygon","coordinates":[[[-83.089637,41.403782],[-83.089639,41.403587],[-83.090148,41.40359],[-83.090146,41.403781],[-83.089637,41.403782]]]},"properties":{"p":"31-11-04-0074-00","o":"BAKER, JANICE G.","a":"2241 WOODMONT DR","d":"Fremont City School District","t":621.01,"l":"510: Res-Single Family","c":0}},{"type":"Feature","geometry":{"type":"Polygon","coordinates":[[[-83.089817,41.406445],[-83.08982,41.406062],[-83.090057,41.406064],[-83.090112,41.406083],[-83.09013,41.406118],[-83.090126,41.406447],[-83.089817,41.406445]]]},"properties":{"p":"31-11-04-0032-00","o":"VARGO, KAREN L","a":"1034 MILLBROOK DR","d":"Fremont City School District","t":581.6,"l":"510: Res-Single Family","c":0}},{"type":"Feature","geometry":{"type":"Polygon","coordinates":[[[-83.074998,41.428058],[-83.075011,41.427506],[-83.076068,41.427515],[-83.076066,41.4276],[-83.07685,41.427607],[-83.076852,41.428156],[-83.074996,41.42814],[-83.074998,41.428058]]]},"properties":{"p":"31-01-00-0010-01","o":"SCHMITT, RICHARD R & BARBARA J /SURV","a":"1419 CR 129","d":"Fremont City School District","t":679.07,"l":"511: Res-Custom Code","c":0}},{"type":"Feature","geometry":{"type":"Polygon","coordinates":[[[-83.309528,41.383672],[-83.30971,41.38367],[-83.309705,41.383972],[-83.309523,41.383974],[-83.309528,41.383672]]]},"properties":{"p":"27-50-00-1168-00","o":"SANDOVAL, JUAN D & MARIA G /SURV","a":"868 YEASTING ST E","d":"Gibsonburg Exempted Village School District","t":620.54,"l":"599: Res-Other","c":0}},{"type":"Feature","geometry":{"type":"Polygon","coordinates":[[[-83.323994,41.381249],[-83.324,41.381113],[-83.324541,41.381113],[-83.324536,41.381249],[-83.323994,41.381249]]]},"properties":{"p":"27-50-00-0772-00","o":"RICH, DANIEL K","a":"405 PATTERSON ST S","d":"Gibsonburg Exempted Village School District","t":598.25,"l":"510: Res-Single Family","c":0}},{"type":"Feature","geometry":{"type":"Polygon","coordinates":[[[-83.325428,41.383407],[-83.325438,41.382997],[-83.325627,41.382996],[-83.325611,41.383407],[-83.325428,41.383407]]]},"properties":{"p":"27-50-00-0745-00","o":"STOUT, ANTHONY R & LORI L","a":"417 YEASTING ST W","d":"Gibsonburg Exempted Village School District","t":673.74,"l":"510: Res-Single Family","c":0}},{"type":"Feature","geometry":{"type":"Polygon","coordinates":[[[-83.328107,41.387103],[-83.328119,41.386685],[-83.328299,41.386685],[-83.32829,41.387102],[-83.328107,41.387103]]]},"properties":{"p":"27-50-00-0509-00","o":"GRAHAM, SAMANTHA","a":"536 STONE ST","d":"Gibsonburg Exempted Village School District","t":618.54,"l":"510: Res-Single Family","c":0}},{"type":"Feature","geometry":{"type":"Polygon","coordinates":[[[-83.319391,41.382927],[-83.320007,41.382918],[-83.319997,41.383149],[-83.319381,41.383158],[-83.319391,41.382927]]]},"properties":{"p":"27-50-00-0358-00","o":"ESKER, GREGORY A","a":"211 MAIN ST S","d":"Gibsonburg Exempted Village School District","t":682.1,"l":"510: Res-Single Family","c":0}},{"type":"Feature","geometry":{"type":"Polygon","coordinates":[[[-83.318334,41.385687],[-83.318517,41.385684],[-83.318505,41.386095],[-83.318323,41.386098],[-83.318334,41.385687]]]},"properties":{"p":"27-50-00-0194-00","o":"HEINZE, JAMES A","a":"200 STEVENSON ST E","d":"Gibsonburg Exempted Village School District","t":658.8,"l":"510: Res-Single Family","c":0}},{"type":"Feature","geometry":{"type":"Polygon","coordinates":[[[-83.323367,41.386072],[-83.323213,41.385823],[-83.323217,41.385658],[-83.3234,41.385659],[-83.323382,41.386072],[-83.323367,41.386072]]]},"properties":{"p":"27-50-00-0152-00","o":"WELTY, JESSICA","a":"300 STEVENSON ST W","d":"Gibsonburg Exempted Village School District","t":609.85,"l":"510: Res-Single Family","c":0}},{"type":"Feature","geometry":{"type":"Polygon","coordinates":[[[-83.320886,41.353625],[-83.320883,41.352624],[-83.321525,41.352622],[-83.321532,41.353722],[-83.320887,41.353758],[-83.320886,41.353625]]]},"properties":{"p":"25-35-00-0002-00","o":"DIX, ALEX J","a":"528 SR 300","d":"Gibsonburg Exempted Village School District","t":671.42,"l":"511: Res-Custom Code","c":0}},{"type":"Feature","geometry":{"type":"Polygon","coordinates":[[[-83.383878,41.384719],[-83.383887,41.384203],[-83.385437,41.384209],[-83.385421,41.384807],[-83.383876,41.384801],[-83.383878,41.384719]]]},"properties":{"p":"25-20-00-0013-00","o":"MAGUIRE, KALEB B","a":"6835 SR 600","d":"Gibsonburg Exempted Village School District","t":655.01,"l":"599: Res-Other","c":0}},{"type":"Feature","geometry":{"type":"Polygon","coordinates":[[[-83.360848,41.260515],[-83.360957,41.260514],[-83.36093,41.261233],[-83.359849,41.261241],[-83.359825,41.261911],[-83.358489,41.261909],[-83.35854,41.260536],[-83.360848,41.260515]]]},"properties":{"p":"23-34-00-0004-07","o":"BOICE, NELSON K & KATHY M","a":"2885 CR 32","d":"Lakota Local School District","t":660.39,"l":"511: Res-Custom Code","c":0}},{"type":"Feature","geometry":{"type":"Polygon","coordinates":[[[-83.382871,41.283536],[-83.382963,41.28184],[-83.38417,41.28184],[-83.384084,41.283579],[-83.382867,41.283605],[-83.382871,41.283536]]]},"properties":{"p":"23-29-00-0008-01","o":"CASSADY, RICHARD A II","a":"6721 CR 21","d":"Lakota Local School District","t":679.14,"l":"599: Res-Other","c":0}},{"type":"Feature","geometry":{"type":"Polygon","coordinates":[[[-83.334686,41.298621],[-83.334916,41.295059],[-83.338141,41.29509],[-83.337957,41.29871],[-83.334683,41.298676],[-83.334686,41.298621]]]},"properties":{"p":"23-23-00-0008-00","o":"MANUEL, MICHAEL J & TINA R /SURV","a":"CR 33","d":"Lakota Local School District","t":653.3,"l":"110: Agr-CAUV-Vacant Land","c":0}},{"type":"Feature","geometry":{"type":"Polygon","coordinates":[[[-83.371293,41.297289],[-83.371588,41.297281],[-83.371554,41.298382],[-83.370789,41.298398],[-83.370823,41.297296],[-83.371293,41.297289]]]},"properties":{"p":"23-21-00-0011-01","o":"EDINGER, RANDALL P & ROBERTA J /SURV","a":"6413 CR 33","d":"Lakota Local School District","t":623.32,"l":"511: Res-Custom Code","c":0}},{"type":"Feature","geometry":{"type":"Polygon","coordinates":[[[-83.359788,41.284592],[-83.36087,41.284572],[-83.36075,41.286774],[-83.359551,41.286749],[-83.359677,41.284594],[-83.359788,41.284592]]]},"properties":{"p":"23-21-00-0005-00","o":"SCHMITZ, DORENE N & JONES, DENIS & DANIEL","a":"2042 CR 32","d":"Lakota Local School District","t":629.48,"l":"511: Res-Custom Code","c":0}},{"type":"Feature","geometry":{"type":"Polygon","coordinates":[[[-83.407935,41.332222],[-83.409841,41.33219],[-83.409786,41.334021],[-83.407877,41.334046],[-83.407935,41.332222]]]},"properties":{"p":"23-06-00-0002-02","o":"SAAM, PATRICIA D","a":"7375 CR 49","d":"Lakota Local School District","t":636.7,"l":"511: Res-Custom Code","c":0}},{"type":"Feature","geometry":{"type":"Polygon","coordinates":[[[-83.218769,41.419806],[-83.218773,41.419673],[-83.219382,41.419673],[-83.219377,41.419802],[-83.218769,41.419806]]]},"properties":{"p":"22-50-00-0056-00","o":"ROACH, MICHAEL J JR & KELLY R /SURV","a":"219 MAPLE ST S","d":"Fremont City School District","t":662.85,"l":"510: Res-Single Family","c":0}},{"type":"Feature","geometry":{"type":"Polygon","coordinates":[[[-83.271999,41.363201],[-83.272002,41.363119],[-83.272489,41.36312],[-83.272424,41.364927],[-83.27194,41.364928],[-83.271999,41.363201]]]},"properties":{"p":"20-29-00-0004-04","o":"BROOKS, WYATT","a":"3875 CR 59","d":"Gibsonburg Exempted Village School District","t":628.77,"l":"511: Res-Custom Code","c":0}},{"type":"Feature","geometry":{"type":"Polygon","coordinates":[[[-83.206504,41.363504],[-83.208498,41.363481],[-83.208346,41.367099],[-83.206543,41.367119],[-83.206611,41.36536],[-83.206431,41.365355],[-83.206504,41.363504]]]},"properties":{"p":"19-26-00-0012-00","o":"FLICK, STEVEN J","a":"2172 CR 59","d":"Fremont City School District","t":592.18,"l":"111: Agr-CAUV-Cash-Grain Farm","c":0}},{"type":"Feature","geometry":{"type":"Polygon","coordinates":[[[-83.29278,41.341223],[-83.292779,41.340863],[-83.293016,41.340864],[-83.29302,41.341223],[-83.29278,41.341223]]]},"properties":{"p":"17-50-00-0042-00","o":"BARNETT, BRIAN W","a":"246 MAIN ST","d":"Gibsonburg Exempted Village School District","t":651.65,"l":"510: Res-Single Family","c":0}},{"type":"Feature","geometry":{"type":"Polygon","coordinates":[[[-83.248086,41.267495],[-83.248098,41.267154],[-83.248253,41.267158],[-83.248242,41.267498],[-83.248086,41.267495]]]},"properties":{"p":"16-50-00-0006-00","o":"HAUBERT, WALTER J II","a":"MAIN ST","d":"Lakota Local School District","t":595.47,"l":"447: Com-Office","c":0}},{"type":"Feature","geometry":{"type":"Polygon","coordinates":[[[-83.13957,41.345864],[-83.139564,41.345433],[-83.139747,41.345433],[-83.139752,41.345865],[-83.13957,41.345864]]]},"properties":{"p":"13-33-44-0012-01","o":"HALBISEN, JAMEY P","a":"2112 GARRISON ST W","d":"Fremont City School District","t":635.93,"l":"510: Res-Single Family","c":0}},{"type":"Feature","geometry":{"type":"Polygon","coordinates":[[[-83.1074,41.383475],[-83.107131,41.382385],[-83.114381,41.382387],[-83.115055,41.383518],[-83.114496,41.384645],[-83.109217,41.38463],[-83.106733,41.384613],[-83.106641,41.384227],[-83.107574,41.384184],[-83.1074,41.383475]]]},"properties":{"p":"13-22-14-0006-07","o":"DARR, CARROLL N & JEAN M /SURV","a":"PORT CLINTON RD REAR","d":"Fremont City School District","t":645.87,"l":"199: Agr-CAUV-Other","c":0}},{"type":"Feature","geometry":{"type":"Polygon","coordinates":[[[-83.128419,41.328106],[-83.128687,41.32806],[-83.128749,41.328259],[-83.128481,41.328308],[-83.128419,41.328106]]]},"properties":{"p":"10-95-00-0016-00","o":"BARTLETT, SCOTT A SR & DAVID L JR","a":"1413 RIVER ST","d":"Fremont City School District","t":576.58,"l":"510: Res-Single Family","c":0}},{"type":"Feature","geometry":{"type":"Polygon","coordinates":[[[-83.079288,41.324019],[-83.079824,41.323862],[-83.079447,41.324128],[-83.079288,41.324019]]]},"properties":{"p":"10-12-63-0009-00","o":"LEMKE, DORI L","a":"FINEFROCK RD","d":"Fremont City School District","t":572.35,"l":"500: Res-Vacant Land","c":0}},{"type":"Feature","geometry":{"type":"Polygon","coordinates":[[[-83.131566,41.32442],[-83.130516,41.324423],[-83.130519,41.324077],[-83.130661,41.324077],[-83.13068,41.323874],[-83.131788,41.323881],[-83.131769,41.324419],[-83.131566,41.32442]]]},"properties":{"p":"10-09-00-0029-00","o":"WILSON, MAE L","a":"TIFFIN RD","d":"Fremont City School District","t":601,"l":"501: Res-Custom Code","c":0}},{"type":"Feature","geometry":{"type":"Polygon","coordinates":[[[-83.142425,41.334743],[-83.142157,41.334651],[-83.142468,41.334495],[-83.142625,41.334675],[-83.142462,41.334757],[-83.142425,41.334743]]]},"properties":{"p":"10-04-00-0006-00","o":"FOOS, DAWN M","a":"FENNIMORE ST","d":"Fremont City School District","t":575.71,"l":"599: Res-Other","c":0}},{"type":"Feature","geometry":{"type":"Polygon","coordinates":[[[-83.068895,41.353338],[-83.069005,41.353336],[-83.069003,41.353945],[-83.068292,41.353957],[-83.068302,41.353348],[-83.068895,41.353338]]]},"properties":{"p":"08-31-00-0007-00","o":"FINDLEY, NOELLE R, GRIMM, BREANNE N & SIDOTI, AMBER J / SURV","a":"409 CR 198","d":"Fremont City School District","t":670.03,"l":"511: Res-Custom Code","c":0}},{"type":"Feature","geometry":{"type":"Polygon","coordinates":[[[-82.974492,41.361288],[-82.974506,41.360394],[-82.973917,41.360401],[-82.973955,41.358072],[-82.975023,41.358055],[-82.975027,41.357647],[-82.978725,41.357588],[-82.97865,41.361223],[-82.974492,41.361288]]]},"properties":{"p":"08-26-00-0001-00","o":"JOHN E PAYNE LLC","a":"SR 510","d":"Fremont City School District","t":649.8,"l":"110: Agr-CAUV-Vacant Land","c":0}},{"type":"Feature","geometry":{"type":"Polygon","coordinates":[[[-83.056322,41.377971],[-83.056716,41.377961],[-83.056714,41.378471],[-83.056153,41.378484],[-83.056149,41.377975],[-83.056322,41.377971]]]},"properties":{"p":"08-19-00-0007-02","o":"EBELING, ELWOOD RICHARD","a":"1982 CR 239","d":"Fremont City School District","t":623.67,"l":"511: Res-Custom Code","c":0}},{"type":"Feature","geometry":{"type":"Polygon","coordinates":[[[-83.058335,41.414384],[-83.058708,41.414376],[-83.058713,41.414755],[-83.058343,41.414763],[-83.058335,41.414384]]]},"properties":{"p":"08-06-00-0009-00","o":"KIEFFER, DAVE","a":"1857 CR 265","d":"Fremont City School District","t":577.11,"l":"511: Res-Custom Code","c":0}},{"type":"Feature","geometry":{"type":"Polygon","coordinates":[[[-82.970364,41.267233],[-82.970382,41.264544],[-82.975218,41.264552],[-82.975179,41.267241],[-82.970364,41.267233]]]},"properties":{"p":"06-36-00-0014-01","o":"ANSTEAD, RONALD","a":"SR 101","d":"Clyde-Green Springs Exempted Village School District","t":668.8,"l":"110: Agr-CAUV-Vacant Land","c":0}},{"type":"Feature","geometry":{"type":"Polygon","coordinates":[[[-82.99644,41.327518],[-82.996442,41.325029],[-82.994981,41.325052],[-82.994975,41.322715],[-82.996699,41.322693],[-82.998848,41.322602],[-82.998838,41.328658],[-82.998619,41.328659],[-82.998619,41.328548],[-82.9983,41.328379],[-82.997968,41.328153],[-82.997789,41.327967],[-82.997562,41.327874],[-82.996962,41.327587],[-82.996543,41.32757],[-82.99644,41.327518]]]},"properties":{"p":"06-10-00-0028-00","o":"TRAVIS, HEATHER, SCHMUCKER, HALEY & CUTRI, HEIDE","a":"CR 223","d":"Clyde-Green Springs Exempted Village School District","t":682.96,"l":"110: Agr-CAUV-Vacant Land","c":0}},{"type":"Feature","geometry":{"type":"Polygon","coordinates":[[[-82.99885,41.325027],[-82.998848,41.322602],[-83.000483,41.322625],[-83.001149,41.32255],[-83.001162,41.328647],[-82.99997,41.328653],[-82.999965,41.327691],[-82.998841,41.327689],[-82.99885,41.325027]]]},"properties":{"p":"06-10-00-0014-00","o":"TRAVIS, HEATHER, SCHMUCKER, HALEY & CUTRI, HEIDE","a":"CR 223","d":"Clyde-Green Springs Exempted Village School District","t":583.31,"l":"110: Agr-CAUV-Vacant Land","c":0}},{"type":"Feature","geometry":{"type":"Polygon","coordinates":[[[-83.058057,41.320258],[-83.058049,41.320204],[-83.058201,41.320268],[-83.05866,41.320396],[-83.058976,41.320507],[-83.058903,41.320839],[-83.057947,41.320867],[-83.058104,41.320574],[-83.058057,41.320258]]]},"properties":{"p":"06-07-00-0028-02","o":"WARWICK, RICKY","a":"2980 COLE RD E","d":"Clyde-Green Springs Exempted Village School District","t":616.12,"l":"511: Res-Custom Code","c":0}},{"type":"Feature","geometry":{"type":"MultiPolygon","coordinates":[[[[-82.85788,41.378105],[-82.858259,41.377893],[-82.858414,41.377978],[-82.855855,41.379415],[-82.855551,41.379414],[-82.85788,41.378105]]],[[[-82.906847,41.350598],[-82.913201,41.347015],[-82.913813,41.347017],[-82.907455,41.350601],[-82.906847,41.350598]]]]},"properties":{"p":"04-99-92-0006-00","o":"JUS-COR INVESTMENTS","a":"","d":"Margaretta Local School District","t":643.81,"l":"400: Com-Vacant Land","c":0}},{"type":"Feature","geometry":{"type":"Polygon","coordinates":[[[-82.938435,41.379862],[-82.938441,41.379485],[-82.93896,41.379501],[-82.938953,41.379868],[-82.938435,41.379862]]]},"properties":{"p":"04-95-00-0054-00","o":"HILVERS, JEAN","a":"1352 CR 320","d":"Margaretta Local School District","t":603.85,"l":"510: Res-Single Family","c":0}},{"type":"Feature","geometry":{"type":"Polygon","coordinates":[[[-82.857492,41.35784],[-82.857494,41.357758],[-82.858197,41.357759],[-82.858185,41.358424],[-82.857474,41.35842],[-82.857492,41.35784]]]},"properties":{"p":"04-25-00-0002-01","o":"BARD, JAMES A","a":"7198 CR 235","d":"Margaretta Local School District","t":673.43,"l":"511: Res-Custom Code","c":0}},{"type":"Feature","geometry":{"type":"Polygon","coordinates":[[[-82.934589,41.396182],[-82.934617,41.395714],[-82.935637,41.395748],[-82.935607,41.396237],[-82.934589,41.396182]]]},"properties":{"p":"04-18-00-0004-00","o":"MANN, IRENE N","a":"1922 CR 268","d":"Margaretta Local School District","t":619.96,"l":"511: Res-Custom Code","c":0}},{"type":"Feature","geometry":{"type":"Polygon","coordinates":[[[-82.846602,41.404705],[-82.85322,41.404663],[-82.853196,41.405828],[-82.846567,41.405848],[-82.846511,41.404705],[-82.846602,41.404705]]]},"properties":{"p":"04-12-00-0009-00","o":"YETTER, DAVID P & HOLLY /","a":"CR 312","d":"Margaretta Local School District","t":604.7,"l":"500: Res-Vacant Land","c":0}},{"type":"Feature","geometry":{"type":"Polygon","coordinates":[[[-82.92279,41.401251],[-82.925093,41.401232],[-82.925054,41.408515],[-82.92278,41.40853],[-82.92279,41.401251]]]},"properties":{"p":"04-08-00-0011-00","o":"KEEGAN, RICK L & KAREN A /SURV","a":"SR 6","d":"Margaretta Local School District","t":578.67,"l":"110: Agr-CAUV-Vacant Land","c":0}},{"type":"Feature","geometry":{"type":"MultiPolygon","coordinates":[[[[-82.915915,41.401906],[-82.915919,41.401305],[-82.920488,41.40127],[-82.920483,41.404321],[-82.915897,41.404357],[-82.915915,41.401906]]],[[[-82.916007,41.404217],[-82.920483,41.404183],[-82.920483,41.404321],[-82.915897,41.404357],[-82.915898,41.404218],[-82.916007,41.404217]]],[[[-82.915915,41.401906],[-82.915919,41.401305],[-82.920488,41.40127],[-82.920483,41.404183],[-82.915898,41.404218],[-82.915915,41.401906]]]]},"properties":{"p":"04-08-00-0010-00","o":"KEEGAN, RICK L & KAREN A /SURV","a":"CR 280","d":"Margaretta Local School District","t":579.07,"l":"110: Agr-CAUV-Vacant Land","c":0}},{"type":"Feature","geometry":{"type":"Polygon","coordinates":[[[-82.917774,41.421351],[-82.917928,41.421277],[-82.918464,41.42191],[-82.918459,41.42193],[-82.918505,41.421976],[-82.91852,41.422031],[-82.918471,41.422088],[-82.918516,41.42214],[-82.91852,41.42217],[-82.918483,41.422187],[-82.917774,41.421351]]]},"properties":{"p":"04-05-02-0021-00","o":"SCHNURR COTTAGE LLC","a":"5482 CLEARVIEW DR","d":"Margaretta Local School District","t":585.43,"l":"510: Res-Single Family","c":0}},{"type":"Feature","geometry":{"type":"Polygon","coordinates":[[[-82.901715,41.429868],[-82.901716,41.429637],[-82.902007,41.429637],[-82.902004,41.429867],[-82.901715,41.429868]]]},"properties":{"p":"04-04-06-0106-00","o":"BIGLER, HENRY & DEBORA /SURV","a":"5962 CR 281","d":"Margaretta Local School District","t":593.04,"l":"510: Res-Single Family","c":0}},{"type":"Feature","geometry":{"type":"Polygon","coordinates":[[[-82.841618,41.270125],[-82.841616,41.27006],[-82.842341,41.270069],[-82.842351,41.270321],[-82.841618,41.270125]]]},"properties":{"p":"03-50-00-0251-00","o":"STRAYER, MICHAEL E.& ELLI","a":"113 WOODWARD ST","d":"Bellevue City School District","t":659.46,"l":"599: Res-Other","c":0}},{"type":"Feature","geometry":{"type":"Polygon","coordinates":[[[-82.927079,41.267741],[-82.927081,41.267383],[-82.928777,41.267404],[-82.928777,41.267762],[-82.927079,41.267741]]]},"properties":{"p":"01-32-00-0006-01","o":"CONNELLEY, LESIA M","a":"2680 CR 270","d":"Bellevue City School District","t":670.62,"l":"562: Res-Custom Code","c":0}},{"type":"Feature","geometry":{"type":"Polygon","coordinates":[[[-82.947368,41.26346],[-82.947368,41.263438],[-82.947805,41.263437],[-82.947804,41.263459],[-82.947368,41.26346]]]},"properties":{"p":"01-31-00-0018-00","o":"RATHBUN, R L","a":"CR 262 REAR","d":"Bellevue City School District","t":642.97,"l":"501: Res-Custom Code","c":0}},{"type":"Feature","geometry":{"type":"Polygon","coordinates":[[[-82.923582,41.276282],[-82.923808,41.276191],[-82.92401,41.276708],[-82.923962,41.277548],[-82.923262,41.277533],[-82.923275,41.276402],[-82.923582,41.276282]]]},"properties":{"p":"01-29-00-0001-00","o":"MUSICK, DAVID J & JULIE B /SURV","a":"5440 CR 177","d":"Bellevue City School District","t":594.83,"l":"511: Res-Custom Code","c":0}},{"type":"Feature","geometry":{"type":"Polygon","coordinates":[[[-82.891458,41.281904],[-82.891814,41.281902],[-82.891809,41.282468],[-82.891445,41.282513],[-82.891458,41.281904]]]},"properties":{"p":"01-27-00-0009-00","o":"PARKS, CHARLES W & JULIE M /SURV","a":"6275 CR 177","d":"Bellevue City School District","t":661.05,"l":"499: Com-Other","c":0}},{"type":"Feature","geometry":{"type":"Polygon","coordinates":[[[-82.855069,41.275467],[-82.855203,41.275184],[-82.855358,41.275226],[-82.855226,41.27551],[-82.855069,41.275467]]]},"properties":{"p":"03-50-00-2142-00","o":"FARSTER, JOHN K","a":"129 REDWOOD DR","d":"Bellevue City School District","t":506.83,"l":"560: Res-Mobile Home","c":0}},{"type":"Feature","geometry":{"type":"Polygon","coordinates":[[[-83.149848,41.332253],[-83.150626,41.33191],[-83.150738,41.332042],[-83.149958,41.332383],[-83.149848,41.332253]]]},"properties":{"p":"10-04-13-0003-08","o":"WASHINGTON, DONALD III & BULGER, DEXTER AARON / SURV","a":"1116 TUCKER RD","d":"Fremont City School District","t":538.99,"l":"500: Res-Vacant Land","c":0}},{"type":"Feature","geometry":{"type":"Polygon","coordinates":[[[-83.105883,41.301574],[-83.105883,41.301229],[-83.107066,41.301234],[-83.107066,41.301573],[-83.105883,41.301574]]]},"properties":{"p":"10-14-00-0001-11","o":"GARZA, MARGARITA","a":"2846 CR 172","d":"Fremont City School District","t":474.58,"l":"511: Res-Custom Code","c":0}},{"type":"Feature","geometry":{"type":"Polygon","coordinates":[[[-83.130771,41.368865],[-83.130772,41.368742],[-83.131264,41.368743],[-83.131263,41.368863],[-83.130771,41.368865]]]},"properties":{"p":"13-28-33-0015-00","o":"TILLER, CHARLES B & PRICE","a":"DICKINSON ST","d":"Fremont City School District","t":571.39,"l":"500: Res-Vacant Land","c":0}},{"type":"Feature","geometry":{"type":"Polygon","coordinates":[[[-83.320803,41.383411],[-83.320819,41.383004],[-83.32101,41.383002],[-83.320997,41.383412],[-83.320803,41.383411]]]},"properties":{"p":"27-50-00-0054-00","o":"GARCIA, DELFINO D & LIND","a":"113 YEASTING ST","d":"Gibsonburg Exempted Village School District","t":491.67,"l":"510: Res-Single Family","c":0}},{"type":"Feature","geometry":{"type":"Polygon","coordinates":[[[-83.321025,41.387111],[-83.321043,41.386697],[-83.321225,41.386697],[-83.321208,41.387111],[-83.321025,41.387111]]]},"properties":{"p":"27-50-00-0102-00","o":"MILLER, CASEY THOMAS","a":"120 STONE ST","d":"Gibsonburg Exempted Village School District","t":528.43,"l":"510: Res-Single Family","c":0}},{"type":"Feature","geometry":{"type":"Polygon","coordinates":[[[-83.30971,41.38367],[-83.310038,41.383667],[-83.310033,41.383969],[-83.309705,41.383972],[-83.30971,41.38367]]]},"properties":{"p":"27-50-00-1167-00","o":"VALENCIA, SANTIAGO & DIANA /SURV","a":"866 YEASTING ST E","d":"Gibsonburg Exempted Village School District","t":541.48,"l":"511: Res-Custom Code","c":0}},{"type":"Feature","geometry":{"type":"Polygon","coordinates":[[[-82.971534,41.304932],[-82.971534,41.304855],[-82.971668,41.304859],[-82.971667,41.304751],[-82.972006,41.304747],[-82.972004,41.305052],[-82.971534,41.304932]]]},"properties":{"p":"32-50-00-0140-00","o":"BENTLEY, TIMOTHY","a":"168 E BUCKEYE ST","d":"Clyde-Green Springs Exempted Village School District","t":502.74,"l":"510: Res-Single Family","c":0}},{"type":"Feature","geometry":{"type":"Polygon","coordinates":[[[-83.117696,41.338622],[-83.117824,41.338452],[-83.118322,41.338465],[-83.118323,41.338671],[-83.117696,41.338622]]]},"properties":{"p":"34-50-00-1691-00","o":"RAMIREZ DE AGUILERA, LAURA","a":"606 TIFFIN ST","d":"Fremont City School District","t":556.75,"l":"510: Res-Single Family","c":0}},{"type":"Feature","geometry":{"type":"Polygon","coordinates":[[[-83.103641,41.343117],[-83.103686,41.34296],[-83.104356,41.343139],[-83.104311,41.343296],[-83.103641,41.343117]]]},"properties":{"p":"34-50-00-1941-00","o":"LINDSEY, EDDIE JR","a":"200 MORRISON ST","d":"Fremont City School District","t":548.91,"l":"510: Res-Single Family","c":0}},{"type":"Feature","geometry":{"type":"Polygon","coordinates":[[[-83.117516,41.352639],[-83.117512,41.352381],[-83.118194,41.352386],[-83.118229,41.35264],[-83.117516,41.352639]]]},"properties":{"p":"34-50-00-3150-00","o":"LEWIS, ZACHARY TOD","a":"716 WOOD ST N","d":"Fremont City School District","t":570.33,"l":"510: Res-Single Family","c":0}},{"type":"Feature","geometry":{"type":"Polygon","coordinates":[[[-83.132809,41.358351],[-83.13281,41.358283],[-83.133428,41.358287],[-83.133427,41.358356],[-83.132809,41.358351]]]},"properties":{"p":"34-50-00-5410-01","o":"BAHNSEN, SHANNON","a":"1133 WESTERN AVE","d":"Fremont City School District","t":469.6,"l":"510: Res-Single Family","c":0}},{"type":"Feature","geometry":{"type":"Polygon","coordinates":[[[-83.114338,41.339511],[-83.114245,41.339354],[-83.114339,41.339353],[-83.114705,41.339901],[-83.114598,41.339951],[-83.114338,41.339511]]]},"properties":{"p":"34-60-00-0166-09","o":"LOPEZ, VICTOR LOPEZ & BRITO, JENNIFER /SURV","a":"323 TIFFIN ST","d":"Fremont City School District","t":471.08,"l":"510: Res-Single Family","c":0}},{"type":"Feature","geometry":{"type":"Polygon","coordinates":[[[-83.126358,41.348711],[-83.126454,41.348644],[-83.126598,41.348732],[-83.126778,41.348874],[-83.126544,41.349017],[-83.126358,41.348711]]]},"properties":{"p":"34-60-00-0133-02","o":"DEMARS, EDWARD L","a":"1100 NAPOLEON ST","d":"Fremont City School District","t":503.76,"l":"480: Com-Warehouse","c":0}},{"type":"Feature","geometry":{"type":"Polygon","coordinates":[[[-83.103555,41.337422],[-83.103627,41.337272],[-83.10462,41.337536],[-83.104547,41.337699],[-83.103555,41.337422]]]},"properties":{"p":"34-60-00-0043-22","o":"MANCOUR, LAWRENCE K","a":"610 LILLEY PL","d":"Fremont City School District","t":550.31,"l":"599: Res-Other","c":0}},{"type":"Feature","geometry":{"type":"Polygon","coordinates":[[[-83.122539,41.360015],[-83.122545,41.359793],[-83.122981,41.359796],[-83.122974,41.360016],[-83.122539,41.360015]]]},"properties":{"p":"34-50-00-4991-00","o":"GAMBLIN, DEBORAH K","a":"1225 CLINTON ST","d":"Fremont City School District","t":534.04,"l":"510: Res-Single Family","c":0}},{"type":"Feature","geometry":{"type":"Polygon","coordinates":[[[-83.121787,41.356306],[-83.121787,41.355902],[-83.121948,41.355903],[-83.121948,41.356306],[-83.121787,41.356306]]]},"properties":{"p":"34-50-00-4531-00","o":"WAMMES, KRYSTAL K","a":"1055 MILLER ST","d":"Fremont City School District","t":492.4,"l":"510: Res-Single Family","c":0}},{"type":"Feature","geometry":{"type":"Polygon","coordinates":[[[-83.099058,41.348214],[-83.099649,41.347555],[-83.099767,41.347614],[-83.099182,41.348276],[-83.099058,41.348214]]]},"properties":{"p":"34-50-00-4362-00","o":"MONEGHAN, JOHN A II","a":"719 CHESTNUT ST","d":"Fremont City School District","t":491.83,"l":"510: Res-Single Family","c":0}},{"type":"Feature","geometry":{"type":"Polygon","coordinates":[[[-83.129611,41.360097],[-83.129614,41.359991],[-83.13012,41.359992],[-83.130116,41.360098],[-83.129611,41.360097]]]},"properties":{"p":"34-50-00-4214-01","o":"GARDNER, WILLIE JAMES","a":"1232 CARBON ST","d":"Fremont City School District","t":474.24,"l":"510: Res-Single Family","c":0}},{"type":"Feature","geometry":{"type":"Polygon","coordinates":[[[-83.119931,41.360341],[-83.119937,41.359975],[-83.120157,41.359975],[-83.120149,41.360341],[-83.119931,41.360341]]]},"properties":{"p":"34-50-00-3817-00","o":"OLLOM, KATHY A & RONALD L /SURV","a":"1019 MCKINLEY ST","d":"Fremont City School District","t":516.1,"l":"510: Res-Single Family","c":0}},{"type":"Feature","geometry":{"type":"Polygon","coordinates":[[[-83.121453,41.358515],[-83.121464,41.35815],[-83.121628,41.358149],[-83.121618,41.358516],[-83.121453,41.358515]]]},"properties":{"p":"34-50-00-3750-00","o":"WEAVER, ANDREA R","a":"1037 ROOSEVELT ST","d":"Fremont City School District","t":538.89,"l":"510: Res-Single Family","c":0}},{"type":"Feature","geometry":{"type":"Polygon","coordinates":[[[-83.100131,41.347796],[-83.100019,41.34774],[-83.100543,41.347038],[-83.100719,41.347127],[-83.100178,41.34782],[-83.100131,41.347796]]]},"properties":{"p":"34-50-00-3373-00","o":"ALEJANDRO, JOSE M.","a":"710 PINE ST","d":"Fremont City School District","t":538.6,"l":"510: Res-Single Family","c":0}},{"type":"Feature","geometry":{"type":"Polygon","coordinates":[[[-83.130932,41.36084],[-83.130933,41.360485],[-83.131063,41.360485],[-83.131061,41.36084],[-83.130932,41.36084]]]},"properties":{"p":"34-50-00-3346-00","o":"GONZALEZ, GREGORY A","a":"1530 MOORE ST","d":"Fremont City School District","t":512.49,"l":"510: Res-Single Family","c":0}},{"type":"Feature","geometry":{"type":"Polygon","coordinates":[[[-83.130735,41.350174],[-83.130732,41.349831],[-83.130859,41.349831],[-83.130859,41.350174],[-83.130735,41.350174]]]},"properties":{"p":"34-50-00-3306-00","o":"WASSERMAN, TERESA A","a":"1417 HICKORY ST","d":"Fremont City School District","t":486.25,"l":"510: Res-Single Family","c":0}},{"type":"Feature","geometry":{"type":"Polygon","coordinates":[[[-83.107256,41.349201],[-83.107418,41.349039],[-83.107879,41.349271],[-83.107726,41.349432],[-83.107256,41.349201]]]},"properties":{"p":"34-50-00-3153-00","o":"BARNETT, EMMA L","a":"323 SANDUSKY AVE","d":"Fremont City School District","t":552.81,"l":"510: Res-Single Family","c":0}},{"type":"Feature","geometry":{"type":"Polygon","coordinates":[[[-83.127165,41.361057],[-83.127171,41.360876],[-83.12751,41.360878],[-83.127504,41.361055],[-83.127165,41.361057]]]},"properties":{"p":"34-50-00-2790-00","o":"UPDIKE, RACHEL M","a":"1312 WHITE AVE","d":"Fremont City School District","t":530.04,"l":"510: Res-Single Family","c":0}},{"type":"Feature","geometry":{"type":"Polygon","coordinates":[[[-83.128398,41.36033],[-83.128402,41.360209],[-83.128872,41.360208],[-83.128867,41.360333],[-83.128398,41.36033]]]},"properties":{"p":"34-50-00-2704-00","o":"CONWAY, MAUREEN A.","a":"1242 ALGER ST","d":"Fremont City School District","t":506.41,"l":"510: Res-Single Family","c":0}},{"type":"Feature","geometry":{"type":"Polygon","coordinates":[[[-83.126043,41.35818],[-83.126048,41.358037],[-83.126518,41.358038],[-83.126514,41.358181],[-83.126043,41.35818]]]},"properties":{"p":"34-50-00-2542-00","o":"RAMIREZ, JANET L","a":"1112 STILWELL AVE","d":"Fremont City School District","t":479.01,"l":"510: Res-Single Family","c":0}},{"type":"Feature","geometry":{"type":"Polygon","coordinates":[[[-83.127838,41.356708],[-83.127843,41.35658],[-83.128317,41.356581],[-83.128313,41.356707],[-83.127838,41.356708]]]},"properties":{"p":"34-50-00-2425-00","o":"SCHWOCHOW, DENEEN","a":"1007 ALGER ST","d":"Fremont City School District","t":504.56,"l":"510: Res-Single Family","c":0}},{"type":"Feature","geometry":{"type":"Polygon","coordinates":[[[-83.128566,41.355165],[-83.12857,41.355043],[-83.129043,41.35504],[-83.129039,41.355166],[-83.128566,41.355165]]]},"properties":{"p":"34-50-00-2277-00","o":"GUTIERREZ, SABRINA G","a":"832 ALGER ST","d":"Fremont City School District","t":465.64,"l":"510: Res-Single Family","c":0}},{"type":"Feature","geometry":{"type":"Polygon","coordinates":[[[-83.103908,41.342194],[-83.103944,41.342069],[-83.104712,41.342291],[-83.104657,41.342404],[-83.103908,41.342194]]]},"properties":{"p":"34-50-00-2069-00","o":"MEDINA, OSCAR H & MARIA I","a":"304 MORRISON ST","d":"Fremont City School District","t":569.71,"l":"510: Res-Single Family","c":0}},{"type":"Feature","geometry":{"type":"Polygon","coordinates":[[[-83.1038,41.342567],[-83.103839,41.342432],[-83.104548,41.342628],[-83.104487,41.342752],[-83.1038,41.342567]]]},"properties":{"p":"34-50-00-2066-00","o":"OLLOM, JAMES R & NANCY M /SURV","a":"216 MORRISON ST","d":"Fremont City School District","t":500.68,"l":"510: Res-Single Family","c":0}},{"type":"Feature","geometry":{"type":"Polygon","coordinates":[[[-83.09829,41.346691],[-83.09838,41.346508],[-83.09893,41.346659],[-83.098841,41.346842],[-83.09829,41.346691]]]},"properties":{"p":"34-50-00-1977-03","o":"MICHAEL, THOMAS A","a":"315 BUCHANAN ST N","d":"Fremont City School District","t":499.48,"l":"510: Res-Single Family","c":0}},{"type":"Feature","geometry":{"type":"Polygon","coordinates":[[[-83.131659,41.337473],[-83.131623,41.337442],[-83.132201,41.337443],[-83.132201,41.337473],[-83.131659,41.337473]]]},"properties":{"p":"34-50-00-1479-02","o":"YGLESIAS, LARRY R","a":"821 CLEVELAND AVE","d":"Fremont City School District","t":546.18,"l":"500: Res-Vacant Land","c":0}},{"type":"Feature","geometry":{"type":"Polygon","coordinates":[[[-83.127589,41.347649],[-83.12759,41.347508],[-83.128074,41.347505],[-83.128074,41.347648],[-83.127589,41.347649]]]},"properties":{"p":"34-50-00-1201-00","o":"WEBER, DONNA F","a":"127 ADAMS ST","d":"Fremont City School District","t":460.58,"l":"510: Res-Single Family","c":0}},{"type":"Feature","geometry":{"type":"Polygon","coordinates":[[[-83.112193,41.341939],[-83.11239,41.341936],[-83.11239,41.342061],[-83.112194,41.342063],[-83.112193,41.341939]]]},"properties":{"p":"34-50-00-0962-02","o":"TUCKER, DAVID P JR","a":"501 BIDWELL AVE","d":"Fremont City School District","t":545.51,"l":"510: Res-Single Family","c":0}},{"type":"Feature","geometry":{"type":"Polygon","coordinates":[[[-83.097856,41.353694],[-83.09783,41.353725],[-83.097778,41.353699],[-83.097756,41.353724],[-83.097588,41.353641],[-83.097694,41.353522],[-83.098093,41.353718],[-83.098036,41.353783],[-83.097856,41.353694]]]},"properties":{"p":"34-50-00-0937-00","o":"BROOKS, JENNIFER A","a":"734 FIFTH ST","d":"Fremont City School District","t":505.93,"l":"510: Res-Single Family","c":0}},{"type":"Feature","geometry":{"type":"Polygon","coordinates":[[[-83.09845,41.353404],[-83.098536,41.353308],[-83.098928,41.353505],[-83.098843,41.353601],[-83.09845,41.353404]]]},"properties":{"p":"34-50-00-0911-00","o":"THOMPSON, GUY R. & JOYCE","a":"719 FOURTH ST","d":"Fremont City School District","t":462.06,"l":"510: Res-Single Family","c":0}},{"type":"Feature","geometry":{"type":"Polygon","coordinates":[[[-83.097237,41.35215],[-83.097364,41.352006],[-83.09775,41.352205],[-83.097624,41.352347],[-83.097237,41.35215]]]},"properties":{"p":"34-50-00-0891-00","o":"SHIETS, LARRY","a":"700 SIXTH ST","d":"Fremont City School District","t":499.32,"l":"510: Res-Single Family","c":0}},{"type":"Feature","geometry":{"type":"Polygon","coordinates":[[[-83.101539,41.348034],[-83.101676,41.347882],[-83.102077,41.348084],[-83.101941,41.348235],[-83.101539,41.348034]]]},"properties":{"p":"34-50-00-0660-00","o":"BETHANY AND FIFTH HOLDING LLC","a":"407 FIFTH ST N","d":"Fremont City School District","t":510.2,"l":"510: Res-Single Family","c":0}},{"type":"Feature","geometry":{"type":"Polygon","coordinates":[[[-83.103643,41.346645],[-83.10383,41.346273],[-83.10398,41.346314],[-83.103797,41.346674],[-83.104155,41.346855],[-83.104124,41.34689],[-83.103643,41.346645]]]},"properties":{"p":"34-50-00-0582-00","o":"ZUNIGA, TONY","a":"528 HOWLAND ST","d":"Fremont City School District","t":568.28,"l":"510: Res-Single Family","c":0}},{"type":"Feature","geometry":{"type":"Polygon","coordinates":[[[-83.103018,41.347516],[-83.103231,41.347249],[-83.103639,41.347456],[-83.103413,41.347719],[-83.103018,41.347516]]]},"properties":{"p":"34-50-00-0576-00","o":"BAYLISS, JEFFREY & BARBARA","a":"324 FIFTH ST N","d":"Fremont City School District","t":558.1,"l":"510: Res-Single Family","c":0}},{"type":"Feature","geometry":{"type":"Polygon","coordinates":[[[-83.104561,41.3484],[-83.104858,41.348051],[-83.105261,41.348249],[-83.104962,41.348598],[-83.104561,41.3484]]]},"properties":{"p":"34-50-00-0552-00","o":"RUPPCO, LLC, AN LIMITED L","a":"335 OHIO AVE","d":"Fremont City School District","t":544,"l":"429: Com-Other","c":0}},{"type":"Feature","geometry":{"type":"Polygon","coordinates":[[[-83.107779,41.349813],[-83.107884,41.349701],[-83.10833,41.349924],[-83.108228,41.350038],[-83.107779,41.349813]]]},"properties":{"p":"34-50-00-0524-01","o":"STACY, STEVEN J","a":"328 SANDUSKY AVE","d":"Fremont City School District","t":461.73,"l":"510: Res-Single Family","c":0}},{"type":"Feature","geometry":{"type":"Polygon","coordinates":[[[-83.106327,41.34672],[-83.10638,41.346614],[-83.106558,41.346662],[-83.106506,41.346769],[-83.106327,41.34672]]]},"properties":{"p":"34-50-00-0493-02","o":"JONES, CHRISTINE","a":"125 OHIO AVE","d":"Fremont City School District","t":555.52,"l":"520: Res-Two Family","c":0}},{"type":"Feature","geometry":{"type":"Polygon","coordinates":[[[-83.114856,41.347657],[-83.115004,41.347465],[-83.115059,41.347488],[-83.11491,41.347681],[-83.114856,41.347657]]]},"properties":{"p":"34-50-00-0146-00","o":"LEWIS, MELISSA","a":"413 STATE ST W","d":"Fremont City School District","t":519.71,"l":"430: Com-Retaurant","c":0}},{"type":"Feature","geometry":{"type":"Polygon","coordinates":[[[-83.115942,41.349745],[-83.116061,41.349581],[-83.116526,41.349776],[-83.116407,41.34994],[-83.115942,41.349745]]]},"properties":{"p":"34-50-00-0030-00","o":"SCHIMMING, RANDALL W & HELEN L /SURV","a":"320 N PARK AVE","d":"Fremont City School District","t":569.1,"l":"510: Res-Single Family","c":0}},{"type":"Feature","geometry":{"type":"Polygon","coordinates":[[[-82.974908,41.315932],[-82.974908,41.315684],[-82.975527,41.315691],[-82.975526,41.315938],[-82.974908,41.315932]]]},"properties":{"p":"32-60-00-0095-07","o":"KVITTUM, LARRY E & MYERS KVITTUM, KATHY J /SURV","a":"MAIN ST N","d":"Clyde-Green Springs Exempted Village School District","t":517.8,"l":"501: Res-Custom Code","c":0}},{"type":"Feature","geometry":{"type":"Polygon","coordinates":[[[-82.974421,41.292386],[-82.974426,41.291922],[-82.97499,41.291926],[-82.974982,41.292381],[-82.974421,41.292386]]]},"properties":{"p":"32-60-00-0087-00","o":"JO-D'S SHOP ON MAIN LLC","a":"1110 MAIN ST","d":"Clyde-Green Springs Exempted Village School District","t":507.3,"l":"499: Com-Other","c":0}},{"type":"Feature","geometry":{"type":"Polygon","coordinates":[[[-82.964253,41.305966],[-82.964434,41.305963],[-82.964434,41.306414],[-82.96425,41.306417],[-82.964253,41.305966]]]},"properties":{"p":"32-50-00-2141-00","o":"PESNELL, SUSAN E","a":"620 DUANE ST","d":"Clyde-Green Springs Exempted Village School District","t":515.66,"l":"510: Res-Single Family","c":0}},{"type":"Feature","geometry":{"type":"Polygon","coordinates":[[[-82.968907,41.297768],[-82.969129,41.297767],[-82.969127,41.29805],[-82.968907,41.298051],[-82.968907,41.297768]]]},"properties":{"p":"32-50-00-1824-00","o":"WICKERT, BONNIE DAWN","a":"326 FAIRHOME AVE","d":"Clyde-Green Springs Exempted Village School District","t":544.69,"l":"560: Res-Mobile Home","c":0}},{"type":"Feature","geometry":{"type":"Polygon","coordinates":[[[-82.978035,41.312657],[-82.978038,41.312518],[-82.978573,41.31252],[-82.978574,41.31266],[-82.978035,41.312657]]]},"properties":{"p":"32-50-00-1508-00","o":"STRAUSE, SHARON MCDANIELS","a":"163 MIDVALE AVE","d":"Clyde-Green Springs Exempted Village School District","t":542.98,"l":"510: Res-Single Family","c":0}},{"type":"Feature","geometry":{"type":"Polygon","coordinates":[[[-82.977307,41.312655],[-82.97731,41.312517],[-82.977856,41.312519],[-82.977852,41.312657],[-82.977307,41.312655]]]},"properties":{"p":"32-50-00-1485-00","o":"WILLIAMS, RONDA L & WARNER JACK L JR /SURV","a":"164 MIDVALE AVE","d":"Clyde-Green Springs Exempted Village School District","t":489.16,"l":"540: Res-Custom Code","c":0}},{"type":"Feature","geometry":{"type":"Polygon","coordinates":[[[-82.976797,41.311292],[-82.976801,41.311134],[-82.976981,41.311135],[-82.976986,41.310896],[-82.977528,41.311046],[-82.977523,41.311275],[-82.977342,41.311274],[-82.977342,41.311294],[-82.976797,41.311292]]]},"properties":{"p":"32-50-00-1469-00","o":"DAVIS, DAVID V & ELIZABETH A / SURV","a":"115 ELMDALE AVE","d":"Clyde-Green Springs Exempted Village School District","t":564.41,"l":"510: Res-Single Family","c":0}},{"type":"Feature","geometry":{"type":"Polygon","coordinates":[[[-82.976753,41.313043],[-82.97676,41.312792],[-82.977305,41.312795],[-82.977299,41.313045],[-82.976753,41.313043]]]},"properties":{"p":"32-50-00-1457-00","o":"ASBURY, MASON","a":"205 ELMDALE AVE","d":"Clyde-Green Springs Exempted Village School District","t":548.96,"l":"560: Res-Mobile Home","c":0}},{"type":"Feature","geometry":{"type":"Polygon","coordinates":[[[-82.965031,41.306556],[-82.965332,41.306561],[-82.96534,41.306868],[-82.965034,41.30687],[-82.965031,41.306556]]]},"properties":{"p":"32-50-00-1280-00","o":"ANDRES, CLIFFORD J","a":"605 DUANE ST","d":"Clyde-Green Springs Exempted Village School District","t":567.92,"l":"510: Res-Single Family","c":0}},{"type":"Feature","geometry":{"type":"Polygon","coordinates":[[[-82.987371,41.302194],[-82.987375,41.302118],[-82.987536,41.30212],[-82.987537,41.302196],[-82.987371,41.302194]]]},"properties":{"p":"32-50-00-0577-09","o":"SINGH, DAVINDER P","a":"263 HICKORY ST","d":"Clyde-Green Springs Exempted Village School District","t":533.12,"l":"550: Res-Condo","c":0}},{"type":"Feature","geometry":{"type":"Polygon","coordinates":[[[-82.982252,41.303093],[-82.982486,41.302954],[-82.982612,41.303075],[-82.982379,41.303215],[-82.982252,41.303093]]]},"properties":{"p":"32-50-00-0550-00","o":"FRALEY, CAITLYN E & JYLLIAN L /SURV","a":"217 MULBERRY ST N","d":"Clyde-Green Springs Exempted Village School District","t":520.64,"l":"510: Res-Single Family","c":0}},{"type":"Feature","geometry":{"type":"Polygon","coordinates":[[[-82.980515,41.30327],[-82.98112,41.30285],[-82.981221,41.302941],[-82.980574,41.303324],[-82.980515,41.30327]]]},"properties":{"p":"32-50-00-0542-01","o":"LEITER, SCOTT E","a":"340 MAPLE ST W","d":"Clyde-Green Springs Exempted Village School District","t":502.92,"l":"499: Com-Other","c":0}},{"type":"Feature","geometry":{"type":"Polygon","coordinates":[[[-82.980333,41.30423],[-82.980515,41.304122],[-82.980874,41.304471],[-82.980694,41.304579],[-82.980333,41.30423]]]},"properties":{"p":"32-50-00-0533-00","o":"GOMEZ, JAMIE MORALES & SALINAS, ALICIA","a":"514 VINE ST","d":"Clyde-Green Springs Exempted Village School District","t":516.24,"l":"510: Res-Single Family","c":0}},{"type":"Feature","geometry":{"type":"Polygon","coordinates":[[[-82.981774,41.304106],[-82.981886,41.304039],[-82.982125,41.304262],[-82.982009,41.30433],[-82.981774,41.304106]]]},"properties":{"p":"32-50-00-0523-01","o":"BAILEY, LYNNE M","a":"425 VINE ST","d":"Clyde-Green Springs Exempted Village School District","t":553.29,"l":"510: Res-Single Family","c":0}},{"type":"Feature","geometry":{"type":"Polygon","coordinates":[[[-82.974984,41.304891],[-82.974984,41.304834],[-82.975392,41.304835],[-82.975392,41.304892],[-82.974984,41.304891]]]},"properties":{"p":"32-50-00-0342-00","o":"LEITER, SCOTT & KIM L","a":"113 MAIN ST S","d":"Clyde-Green Springs Exempted Village School District","t":479.56,"l":"420: Com-Retail-Small","c":0}},{"type":"Feature","geometry":{"type":"Polygon","coordinates":[[[-82.970787,41.302788],[-82.971387,41.302784],[-82.971387,41.302964],[-82.970787,41.302971],[-82.970787,41.302788]]]},"properties":{"p":"32-50-00-0180-00","o":"SHONDELL, CORY & NICHOLS-SHONDELL, ANGELA J /SURV","a":"236 CHURCH ST S","d":"Clyde-Green Springs Exempted Village School District","t":522.09,"l":"510: Res-Single Family","c":0}},{"type":"Feature","geometry":{"type":"Polygon","coordinates":[[[-82.973683,41.303206],[-82.974757,41.303193],[-82.974757,41.303375],[-82.973682,41.303384],[-82.973683,41.303206]]]},"properties":{"p":"32-50-00-0152-00","o":"RECKER REAL ESTATE HOLDINGS LLC","a":"224 MAIN ST S","d":"Clyde-Green Springs Exempted Village School District","t":554.03,"l":"441: Com-Funeral Home","c":0}},{"type":"Feature","geometry":{"type":"Polygon","coordinates":[[[-82.974427,41.304296],[-82.974752,41.304295],[-82.974752,41.304345],[-82.974427,41.304348],[-82.974427,41.304296]]]},"properties":{"p":"32-50-00-0148-05","o":"MILLER, KENT T","a":"132-132 1/2 MAIN ST S","d":"Clyde-Green Springs Exempted Village School District","t":570.1,"l":"447: Com-Office","c":0}},{"type":"Feature","geometry":{"type":"Polygon","coordinates":[[[-82.974463,41.304247],[-82.974752,41.304244],[-82.974752,41.304295],[-82.974463,41.304296],[-82.974463,41.304247]]]},"properties":{"p":"32-50-00-0148-04","o":"LEITER, SCOTT & KIM L","a":"134 MAIN ST","d":"Clyde-Green Springs Exempted Village School District","t":497.95,"l":"420: Com-Retail-Small","c":0}},{"type":"Feature","geometry":{"type":"Polygon","coordinates":[[[-83.086252,41.449171],[-83.085959,41.44917],[-83.085958,41.449242],[-83.084585,41.449238],[-83.084589,41.448536],[-83.087017,41.448547],[-83.087008,41.449246],[-83.08625,41.449243],[-83.086252,41.449171]]]},"properties":{"p":"31-25-00-0015-00","o":"MEDELLIN, ERNEST SR","a":"3815 CR 182","d":"Fremont City School District","t":471.33,"l":"599: Res-Other","c":0}},{"type":"Feature","geometry":{"type":"Polygon","coordinates":[[[-83.134464,41.419483],[-83.134473,41.418935],[-83.135561,41.418946],[-83.135554,41.41949],[-83.134464,41.419483]]]},"properties":{"p":"31-04-00-0022-02","o":"SCHEERER, RYAN KEITH","a":"3859 SR 19","d":"Fremont City School District","t":534.47,"l":"541: Res-Custom Code","c":0}},{"type":"Feature","geometry":{"type":"Polygon","coordinates":[[[-83.076852,41.428074],[-83.07685,41.427607],[-83.077402,41.427612],[-83.077399,41.42816],[-83.076852,41.428156],[-83.076852,41.428074]]]},"properties":{"p":"31-01-00-0011-00","o":"SCHMITT, RICHARD R & BARBARA J","a":"1373 CR 129","d":"Fremont City School District","t":490.46,"l":"511: Res-Custom Code","c":0}},{"type":"Feature","geometry":{"type":"Polygon","coordinates":[[[-83.376599,41.433661],[-83.37653,41.428227],[-83.376712,41.428226],[-83.376769,41.432726],[-83.377354,41.432721],[-83.377357,41.433655],[-83.376599,41.433661]]]},"properties":{"p":"28-32-00-0006-02","o":"HOODLEBRINK, GARY L & CHERYL A TRUSTEES","a":"746 BORCHERDING RD","d":"Woodmore Local School District","t":464.19,"l":"599: Res-Other","c":0}},{"type":"Feature","geometry":{"type":"Polygon","coordinates":[[[-83.376713,41.428282],[-83.376712,41.428226],[-83.379061,41.428211],[-83.379064,41.431853],[-83.376758,41.431862],[-83.376713,41.428282]]]},"properties":{"p":"28-32-00-0006-01","o":"HOODLEBRINK, GARY L & CHERYL A TRUSTEES","a":"CR 121","d":"Woodmore Local School District","t":551.76,"l":"110: Agr-CAUV-Vacant Land","c":0}},{"type":"Feature","geometry":{"type":"Polygon","coordinates":[[[-83.299467,41.425352],[-83.299473,41.425151],[-83.299573,41.424999],[-83.300006,41.42517],[-83.299886,41.425425],[-83.299467,41.425352]]]},"properties":{"p":"28-01-00-0020-00","o":"BARTLETT RENTAL PROPERTIES LLC","a":"4614 SR 20","d":"Woodmore Local School District","t":547.11,"l":"401: Com-Apartment- 4 to 19","c":0}},{"type":"Feature","geometry":{"type":"Polygon","coordinates":[[[-83.324661,41.38279],[-83.324665,41.382677],[-83.325211,41.382678],[-83.325206,41.38279],[-83.324661,41.38279]]]},"properties":{"p":"27-50-00-0534-00","o":"ADAMS, JEAN M","a":"218 PATTERSON ST S","d":"Gibsonburg Exempted Village School District","t":544.67,"l":"510: Res-Single Family","c":0}},{"type":"Feature","geometry":{"type":"Polygon","coordinates":[[[-83.320012,41.388858],[-83.320016,41.388722],[-83.320543,41.388732],[-83.320537,41.388867],[-83.320012,41.388858]]]},"properties":{"p":"27-50-00-0465-00","o":"GRIFFITH, WILLIAM A & LINDA L /SURV","a":"424 MAIN ST N","d":"Gibsonburg Exempted Village School District","t":538.73,"l":"510: Res-Single Family","c":0}},{"type":"Feature","geometry":{"type":"Polygon","coordinates":[[[-83.31382,41.384147],[-83.314,41.384144],[-83.313986,41.384555],[-83.313806,41.384558],[-83.31382,41.384147]]]},"properties":{"p":"27-50-00-0380-00","o":"JOHNSON, RACHAEL","a":"509 MADISON ST E","d":"Gibsonburg Exempted Village School District","t":539.82,"l":"510: Res-Single Family","c":0}},{"type":"Feature","geometry":{"type":"Polygon","coordinates":[[[-83.320052,41.387573],[-83.320056,41.387434],[-83.320594,41.387432],[-83.320589,41.387569],[-83.320052,41.387573]]]},"properties":{"p":"27-50-00-0110-00","o":"BELCHER, CONNIE K","a":"320 MAIN ST N","d":"Gibsonburg Exempted Village School District","t":565.6,"l":"510: Res-Single Family","c":0}},{"type":"Feature","geometry":{"type":"Polygon","coordinates":[[[-83.318377,41.380599],[-83.318807,41.380593],[-83.318901,41.380742],[-83.318793,41.380743],[-83.318799,41.380935],[-83.318381,41.380941],[-83.318377,41.380599]]]},"properties":{"p":"27-24-00-0012-00","o":"ANGELONE, MARK A","a":"411 MAIN ST S","d":"Gibsonburg Exempted Village School District","t":538.31,"l":"560: Res-Mobile Home","c":0}},{"type":"Feature","geometry":{"type":"Polygon","coordinates":[[[-83.301115,41.392071],[-83.302045,41.392062],[-83.302028,41.392714],[-83.300152,41.392733],[-83.30017,41.39208],[-83.301115,41.392071]]]},"properties":{"p":"25-13-00-0019-00","o":"EDWARDS, DOUG","a":"4620 CR 79","d":"Gibsonburg Exempted Village School District","t":471.32,"l":"499: Com-Other","c":0}},{"type":"Feature","geometry":{"type":"Polygon","coordinates":[[[-83.317076,41.395513],[-83.317083,41.395365],[-83.317263,41.395368],[-83.317313,41.393865],[-83.318115,41.393602],[-83.319764,41.393025],[-83.3197,41.394985],[-83.318587,41.395],[-83.318573,41.395494],[-83.317076,41.395513]]]},"properties":{"p":"25-13-00-0006-00","o":"WITTE, DAVID M & KRISTY L /SURV","a":"SR 300","d":"Gibsonburg Exempted Village School District","t":521.08,"l":"111: Agr-CAUV-Cash-Grain Farm","c":0}},{"type":"Feature","geometry":{"type":"Polygon","coordinates":[[[-83.38091,41.341212],[-83.380917,41.340781],[-83.381294,41.34078],[-83.381295,41.341316],[-83.380908,41.341315],[-83.38091,41.341212]]]},"properties":{"p":"24-05-00-0012-01","o":"CLEARWOOD LLC","a":"6646 SR 6","d":"Gibsonburg Exempted Village School District","t":510.67,"l":"501: Res-Custom Code","c":0}},{"type":"Feature","geometry":{"type":"Polygon","coordinates":[[[-83.414179,41.326678],[-83.414177,41.326165],[-83.41285,41.326182],[-83.412841,41.323579],[-83.413399,41.323103],[-83.416193,41.323032],[-83.416146,41.324384],[-83.417757,41.324347],[-83.41775,41.324602],[-83.416243,41.324507],[-83.416384,41.326192],[-83.415616,41.326194],[-83.415624,41.32676],[-83.41418,41.326759],[-83.414179,41.326678]]]},"properties":{"p":"23-07-00-0005-00","o":"HALFHILL, MICHELE A","a":"649 CR 45","d":"Lakota Local School District","t":566.27,"l":"110: Agr-CAUV-Vacant Land","c":0}},{"type":"Feature","geometry":{"type":"Polygon","coordinates":[[[-83.240197,41.446913],[-83.240306,41.446912],[-83.24031,41.447305],[-83.238929,41.447308],[-83.239065,41.447055],[-83.239212,41.446921],[-83.240197,41.446913]]]},"properties":{"p":"21-27-00-0003-01","o":"GILSON, MATTHEW C","a":"3727 CR 92","d":"Woodmore Local School District","t":473.78,"l":"499: Com-Other","c":0}},{"type":"Feature","geometry":{"type":"Polygon","coordinates":[[[-83.24307,41.403297],[-83.243315,41.402975],[-83.243577,41.403087],[-83.243333,41.40341],[-83.24307,41.403297]]]},"properties":{"p":"20-95-00-0048-00","o":"DEAGUILERA, LAURA RAMIREZ","a":"3166 CR 704","d":"Gibsonburg Exempted Village School District","t":499.09,"l":"510: Res-Single Family","c":0}},{"type":"Feature","geometry":{"type":"Polygon","coordinates":[[[-83.243167,41.402263],[-83.243425,41.40192],[-83.243585,41.401988],[-83.243329,41.402333],[-83.243167,41.402263]]]},"properties":{"p":"20-95-00-0006-00","o":"LAGROU, RICHARD A & KIMBERLY A /SURV","a":"3154 SR 20","d":"Gibsonburg Exempted Village School District","t":478.27,"l":"520: Res-Two Family","c":0}},{"type":"Feature","geometry":{"type":"Polygon","coordinates":[[[-83.250715,41.26754],[-83.250738,41.267065],[-83.251175,41.266779],[-83.251155,41.26718],[-83.251028,41.267178],[-83.25101,41.267545],[-83.250715,41.26754]]]},"properties":{"p":"16-33-00-0010-00","o":"WEAVER, JEFFREY & DIANE","a":"3255 MAIN ST","d":"Lakota Local School District","t":520.37,"l":"511: Res-Custom Code","c":0}},{"type":"Feature","geometry":{"type":"Polygon","coordinates":[[[-83.235384,41.277718],[-83.235979,41.277713],[-83.235988,41.278461],[-83.235283,41.278463],[-83.235276,41.277719],[-83.235384,41.277718]]]},"properties":{"p":"14-27-00-0015-00","o":"GALLAGHER, THOMAS R.D.","a":"2230 SR 590","d":"Lakota Local School District","t":533.12,"l":"511: Res-Custom Code","c":0}},{"type":"Feature","geometry":{"type":"Polygon","coordinates":[[[-83.193742,41.275578],[-83.194297,41.27554],[-83.194278,41.27635],[-83.19421,41.276402],[-83.193749,41.276427],[-83.193742,41.275578]]]},"properties":{"p":"14-25-00-0009-00","o":"SELLARDS, JONATHAN","a":"2321 SR 12","d":"Lakota Local School District","t":513.51,"l":"562: Res-Custom Code","c":0}},{"type":"Feature","geometry":{"type":"Polygon","coordinates":[[[-83.27817,41.312704],[-83.278333,41.312659],[-83.278537,41.313049],[-83.278363,41.313097],[-83.27817,41.312704]]]},"properties":{"p":"14-08-04-0041-00","o":"WARREN, RANDY","a":"3986 CR 41","d":"Lakota Local School District","t":510.77,"l":"510: Res-Single Family","c":0}},{"type":"Feature","geometry":{"type":"Polygon","coordinates":[[[-83.141465,41.357052],[-83.141465,41.357034],[-83.14274,41.357037],[-83.14274,41.357373],[-83.141463,41.357373],[-83.141465,41.357052]]]},"properties":{"p":"13-33-49-0079-00","o":"SCHAAF, DONNA J","a":"920 WHITE RD","d":"Fremont City School District","t":547.29,"l":"510: Res-Single Family","c":0}},{"type":"Feature","geometry":{"type":"Polygon","coordinates":[[[-83.14551,41.348315],[-83.145508,41.348113],[-83.14615,41.348119],[-83.146152,41.348314],[-83.14551,41.348315]]]},"properties":{"p":"13-33-42-0001-05","o":"PARKER, JAMES D. & CAROL","a":"223 BRUSH ST N","d":"Fremont City School District","t":552.44,"l":"510: Res-Single Family","c":0}},{"type":"Feature","geometry":{"type":"Polygon","coordinates":[[[-83.145708,41.35142],[-83.145709,41.35124],[-83.146195,41.351239],[-83.146195,41.351419],[-83.145708,41.35142]]]},"properties":{"p":"13-33-41-0036-00","o":"HOLLAND, CRAIG S.","a":"505 BRUSH ST N","d":"Fremont City School District","t":468.08,"l":"510: Res-Single Family","c":0}},{"type":"Feature","geometry":{"type":"Polygon","coordinates":[[[-83.149708,41.363864],[-83.149919,41.363653],[-83.150419,41.363828],[-83.150311,41.363954],[-83.15023,41.364206],[-83.150157,41.364359],[-83.149681,41.363887],[-83.149708,41.363864]]]},"properties":{"p":"13-29-00-0017-27","o":"KINKAID, PAMELA A","a":"1330 CHRISTY RD","d":"Fremont City School District","t":520.87,"l":"511: Res-Custom Code","c":0}},{"type":"Feature","geometry":{"type":"Polygon","coordinates":[[[-83.154357,41.36182],[-83.154356,41.361745],[-83.154572,41.361748],[-83.154575,41.362251],[-83.155819,41.36225],[-83.155831,41.363889],[-83.155243,41.36389],[-83.154058,41.363393],[-83.154358,41.36225],[-83.154357,41.36182]]]},"properties":{"p":"13-29-00-0017-19","o":"PANARELLA, LINDA C TRUSTEE","a":"1170 MUSKELLUNGE RD","d":"Fremont City School District","t":485.91,"l":"599: Res-Other","c":0}},{"type":"Feature","geometry":{"type":"Polygon","coordinates":[[[-83.13684,41.366637],[-83.136841,41.36646],[-83.137352,41.366463],[-83.137349,41.366642],[-83.13684,41.366637]]]},"properties":{"p":"13-28-31-0026-00","o":"BOGNER, JOHN W","a":"1610 OAK HARBOR RD","d":"Fremont City School District","t":506.31,"l":"510: Res-Single Family","c":0}},{"type":"Feature","geometry":{"type":"Polygon","coordinates":[[[-83.112186,41.363499],[-83.112207,41.363143],[-83.112429,41.363143],[-83.112403,41.363499],[-83.112186,41.363499]]]},"properties":{"p":"13-27-28-0067-00","o":"SAUSEDA, TONY","a":"678 SUMMIT ST","d":"Fremont City School District","t":560.9,"l":"510: Res-Single Family","c":0}},{"type":"Feature","geometry":{"type":"Polygon","coordinates":[[[-83.164652,41.400413],[-83.164704,41.399249],[-83.169772,41.399333],[-83.169739,41.40017],[-83.169188,41.400158],[-83.169172,41.400525],[-83.16465,41.400454],[-83.164652,41.400413]]]},"properties":{"p":"13-18-00-0006-00","o":"SAIONZ, BRIAN R; BRENT A & KAY L","a":"CR 89 W","d":"Fremont City School District","t":500.53,"l":"512: Res-Custom Code","c":0}},{"type":"Feature","geometry":{"type":"Polygon","coordinates":[[[-83.118335,41.398437],[-83.118379,41.396805],[-83.116804,41.396782],[-83.116846,41.395433],[-83.121676,41.39546],[-83.12164,41.396731],[-83.12102,41.396722],[-83.121004,41.397271],[-83.119978,41.397256],[-83.119952,41.399269],[-83.118332,41.398532],[-83.118335,41.398437]]]},"properties":{"p":"13-15-00-0037-07","o":"MILLER, SHARLENE L","a":"CR 166","d":"Fremont City School District","t":501.86,"l":"110: Agr-CAUV-Vacant Land","c":0}},{"type":"Feature","geometry":{"type":"Polygon","coordinates":[[[-83.118123,41.263986],[-83.118123,41.263904],[-83.120624,41.263888],[-83.120633,41.26482],[-83.122021,41.264814],[-83.122046,41.267518],[-83.118106,41.267528],[-83.118123,41.263986]]]},"properties":{"p":"11-34-00-0008-00","o":"HOLADA FARMS LLC","a":"CR 173","d":"Old Fort Local School District","t":500.33,"l":"110: Agr-CAUV-Vacant Land","c":0}},{"type":"Feature","geometry":{"type":"Polygon","coordinates":[[[-83.155223,41.25661],[-83.155329,41.256587],[-83.155388,41.256745],[-83.154923,41.256854],[-83.154831,41.256695],[-83.155223,41.25661]]]},"properties":{"p":"11-32-00-0017-00","o":"P B ROOTER RENTALS LLC","a":"4465 CR 148","d":"Old Fort Local School District","t":499.25,"l":"511: Res-Custom Code","c":0}},{"type":"Feature","geometry":{"type":"Polygon","coordinates":[[[-83.175988,41.278217],[-83.176061,41.278215],[-83.176096,41.2789],[-83.174823,41.278932],[-83.174788,41.278247],[-83.175988,41.278217]]]},"properties":{"p":"11-30-00-0004-02","o":"APPELBAUM, JEFFREY COLE & SEAN CHRISTOPHER & VAUGHAN, ERIN ELIZABETH","a":"CR 15","d":"Old Fort Local School District","t":507.17,"l":"501: Res-Custom Code","c":0}},{"type":"Feature","geometry":{"type":"Polygon","coordinates":[[[-83.128481,41.328308],[-83.128749,41.328259],[-83.128821,41.328482],[-83.12855,41.328532],[-83.128481,41.328308]]]},"properties":{"p":"10-95-00-0016-01","o":"CHRISTY, PATRICIA A RENDON","a":"1401 BUCKEYE ST","d":"Fremont City School District","t":469.3,"l":"510: Res-Single Family","c":0}},{"type":"Feature","geometry":{"type":"Polygon","coordinates":[[[-83.178383,41.308151],[-83.178384,41.307055],[-83.179412,41.307059],[-83.179414,41.307644],[-83.181269,41.307649],[-83.18127,41.307535],[-83.183068,41.307536],[-83.182982,41.309708],[-83.178378,41.309721],[-83.178383,41.308151]]]},"properties":{"p":"10-18-00-0018-04","o":"HOFFMAN, DANIEL J & SAMANTHA J /SURV","a":"CR 126","d":"Fremont City School District","t":476.18,"l":"110: Agr-CAUV-Vacant Land","c":0}},{"type":"Feature","geometry":{"type":"Polygon","coordinates":[[[-83.160553,41.300324],[-83.160855,41.300185],[-83.161177,41.300657],[-83.160842,41.30079],[-83.160553,41.300324]]]},"properties":{"p":"10-17-64-0014-00","o":"REINECK, J. THOMAS & NORM","a":"RAMBO LN","d":"Fremont City School District","t":527.58,"l":"599: Res-Other","c":0}},{"type":"Feature","geometry":{"type":"Polygon","coordinates":[[[-83.118293,41.322092],[-83.118295,41.321813],[-83.118876,41.321819],[-83.118874,41.322094],[-83.118293,41.322092]]]},"properties":{"p":"10-10-84-0023-00","o":"DUKESHIRE, MICHAEL D.","a":"1755 CELEK DR","d":"Fremont City School District","t":510.44,"l":"510: Res-Single Family","c":0}},{"type":"Feature","geometry":{"type":"Polygon","coordinates":[[[-82.983104,41.379255],[-82.983194,41.379323],[-82.983103,41.379324],[-82.983104,41.379255]]]},"properties":{"p":"08-23-00-0006-00","o":"MEEK, CAROL J ET AL","a":"CR 244 REAR","d":"Fremont City School District","t":465.18,"l":"501: Res-Custom Code","c":0}},{"type":"Feature","geometry":{"type":"Polygon","coordinates":[[[-83.040789,41.403812],[-83.042314,41.403771],[-83.042113,41.403907],[-83.04203,41.404006],[-83.041947,41.404229],[-83.041356,41.405063],[-83.041341,41.405253],[-83.041369,41.405362],[-83.041512,41.405591],[-83.041589,41.405782],[-83.041592,41.405948],[-83.041555,41.406446],[-83.04158,41.406572],[-83.041615,41.406622],[-83.04175,41.406739],[-83.042429,41.407192],[-83.042662,41.407394],[-83.040593,41.407442],[-83.040718,41.403814],[-83.040789,41.403812]]]},"properties":{"p":"08-08-00-0001-01","o":"MAPLE TREE DAIRY FARM LLC","a":"2226 CR 216","d":"Fremont City School District","t":565.07,"l":"110: Agr-CAUV-Vacant Land","c":0}},{"type":"Feature","geometry":{"type":"Polygon","coordinates":[[[-82.984344,41.260565],[-82.984858,41.260561],[-82.984859,41.261059],[-82.984132,41.261062],[-82.984128,41.260573],[-82.984344,41.260565]]]},"properties":{"p":"06-35-00-0034-00","o":"MYERS, BRIAN & STACIE /SURV","a":"3868 CR 195","d":"Clyde-Green Springs Exempted Village School District","t":529.84,"l":"511: Res-Custom Code","c":0}},{"type":"Feature","geometry":{"type":"Polygon","coordinates":[[[-83.034934,41.276172],[-83.034812,41.274729],[-83.035462,41.275929],[-83.034943,41.276275],[-83.034934,41.276172]]]},"properties":{"p":"06-29-00-0017-00","o":"ROSEN, RICHARD E.","a":"2525 CR 185","d":"Clyde-Green Springs Exempted Village School District","t":539.99,"l":"511: Res-Custom Code","c":0}},{"type":"Feature","geometry":{"type":"Polygon","coordinates":[[[-83.004046,41.292462],[-83.004047,41.29238],[-83.00501,41.292388],[-83.004992,41.292877],[-83.004892,41.293208],[-83.006453,41.293284],[-83.006367,41.298787],[-83.003946,41.298774],[-83.003971,41.296513],[-83.004046,41.292462]]]},"properties":{"p":"06-22-00-0019-00","o":"WOTT, ZACHARY W & BRITTANY L /SURV","a":"3330 CR 197","d":"Clyde-Green Springs Exempted Village School District","t":498.86,"l":"110: Agr-CAUV-Vacant Land","c":0}},{"type":"Feature","geometry":{"type":"MultiPolygon","coordinates":[[[[-83.023193,41.299634],[-83.023201,41.299231],[-83.024113,41.299229],[-83.024122,41.298744],[-83.02321,41.298748],[-83.023213,41.298583],[-83.025631,41.298567],[-83.028036,41.297454],[-83.028049,41.296],[-83.03142,41.295978],[-83.032884,41.295313],[-83.032865,41.296418],[-83.025514,41.299624],[-83.023193,41.299634]]],[[[-83.031392,41.299597],[-83.032824,41.298973],[-83.032809,41.29959],[-83.031392,41.299597]]]]},"properties":{"p":"06-21-00-0042-00","o":"SANDUSKY COUNTY REGIONAL","a":"CR 220","d":"Clyde-Green Springs Exempted Village School District","t":558.2,"l":"110: Agr-CAUV-Vacant Land","c":0}},{"type":"Feature","geometry":{"type":"Polygon","coordinates":[[[-83.051673,41.331904],[-83.051669,41.330953],[-83.052245,41.331109],[-83.052156,41.331318],[-83.052636,41.331451],[-83.052739,41.331243],[-83.052886,41.331283],[-83.052879,41.33237],[-83.051665,41.332338],[-83.051673,41.331904]]]},"properties":{"p":"06-06-00-0024-00","o":"ELLAJAMES ENTERPRISES LLC","a":"STATE ST E","d":"Clyde-Green Springs Exempted Village School District","t":540.84,"l":"501: Res-Custom Code","c":0}},{"type":"Feature","geometry":{"type":"Polygon","coordinates":[[[-82.974726,41.335993],[-82.974746,41.334212],[-82.975639,41.334212],[-82.97566,41.332342],[-82.977776,41.332349],[-82.977735,41.335989],[-82.974726,41.335993]]]},"properties":{"p":"06-02-00-0006-00","o":"JOHN E PAYNE LLC","a":"SR 510","d":"Clyde-Green Springs Exempted Village School District","t":485.94,"l":"110: Agr-CAUV-Vacant Land","c":0}},{"type":"Feature","geometry":{"type":"Polygon","coordinates":[[[-82.88988,41.347795],[-82.890632,41.347517],[-82.890907,41.348156],[-82.890139,41.348364],[-82.88988,41.347795]]]},"properties":{"p":"04-34-00-0021-09","o":"WADE, BRIAN","a":"6270 SR 101","d":"Margaretta Local School District","t":516.07,"l":"511: Res-Custom Code","c":0}},{"type":"Feature","geometry":{"type":"Polygon","coordinates":[[[-82.934921,41.389059],[-82.93503,41.389058],[-82.934992,41.3896],[-82.933412,41.389622],[-82.933452,41.389081],[-82.934921,41.389059]]]},"properties":{"p":"04-17-00-0012-02","o":"WEST, CHRISTOPHER L & KATHERINE L /SURV","a":"1689 CR 268","d":"Margaretta Local School District","t":528.46,"l":"511: Res-Custom Code","c":0}},{"type":"Feature","geometry":{"type":"Polygon","coordinates":[[[-82.862978,41.396923],[-82.86322,41.396876],[-82.863224,41.396998],[-82.86287,41.397061],[-82.862867,41.396945],[-82.862978,41.396923]]]},"properties":{"p":"04-14-00-0012-00","o":"GOBEILLE, ALICE J","a":"1956 CR 306","d":"Margaretta Local School District","t":519.71,"l":"511: Res-Custom Code","c":0}},{"type":"Feature","geometry":{"type":"Polygon","coordinates":[[[-82.904045,41.427704],[-82.904054,41.427483],[-82.904583,41.427498],[-82.904588,41.42739],[-82.90511,41.427405],[-82.905121,41.427185],[-82.905578,41.427199],[-82.905559,41.427635],[-82.904578,41.427603],[-82.904572,41.427717],[-82.904045,41.427704]]]},"properties":{"p":"04-04-06-0132-00","o":"NEILL, BRUCE B III","a":"3003 CR 284 N","d":"Margaretta Local School District","t":488.46,"l":"510: Res-Single Family","c":0}},{"type":"Feature","geometry":{"type":"MultiPolygon","coordinates":[[[[-82.898849,41.429471],[-82.898749,41.429355],[-82.899066,41.429359],[-82.898849,41.429471]]],[[[-82.899304,41.429402],[-82.899177,41.429469],[-82.899079,41.429359],[-82.899381,41.429362],[-82.899304,41.429402]]],[[[-82.898749,41.429355],[-82.89861,41.429429],[-82.898541,41.429353],[-82.898749,41.429355]]]]},"properties":{"p":"04-04-00-0022-00","o":"BURR, EDWARD ET. AL.","a":"CR 336","d":"Margaretta Local School District","t":467.33,"l":"501: Res-Custom Code","c":0}},{"type":"Feature","geometry":{"type":"Polygon","coordinates":[[[-82.867713,41.42558],[-82.867742,41.424824],[-82.867931,41.424768],[-82.868039,41.425286],[-82.867962,41.425283],[-82.868021,41.42549],[-82.868513,41.425402],[-82.868513,41.424587],[-82.868624,41.424553],[-82.868625,41.42541],[-82.867713,41.42558]]]},"properties":{"p":"04-02-00-0023-02","o":"HAWK, NANCY M","a":"6980 SR 6 E","d":"Margaretta Local School District","t":539.77,"l":"511: Res-Custom Code","c":0}},{"type":"Feature","geometry":{"type":"Polygon","coordinates":[[[-82.873598,41.286733],[-82.8736,41.286376],[-82.874217,41.286378],[-82.874215,41.286734],[-82.873598,41.286733]]]},"properties":{"p":"03-50-00-2367-00","o":"GIBBS, RANDALL R & STACY M /SURV","a":"128 COUNTRY VIEW DR","d":"Bellevue City School District","t":464.37,"l":"510: Res-Single Family","c":0}},{"type":"Feature","geometry":{"type":"Polygon","coordinates":[[[-82.860619,41.267546],[-82.860619,41.2673],[-82.861112,41.267299],[-82.861111,41.267545],[-82.860619,41.267546]]]},"properties":{"p":"03-50-00-2338-00","o":"JARRETT, JONATHAN D & BRANDY /SURV","a":"218 HARTLAND DR","d":"Bellevue City School District","t":526.85,"l":"500: Res-Vacant Land","c":0}},{"type":"Feature","geometry":{"type":"Polygon","coordinates":[[[-82.850973,41.271341],[-82.850972,41.271199],[-82.851507,41.271207],[-82.851504,41.271349],[-82.850973,41.271341]]]},"properties":{"p":"03-50-00-1900-00","o":"LUKAS, JOSHUA P & MADISON E / SURV","a":"429 LAWRENCE ST","d":"Bellevue City School District","t":559.92,"l":"510: Res-Single Family","c":0}},{"type":"Feature","geometry":{"type":"Polygon","coordinates":[[[-82.841458,41.274792],[-82.841438,41.274787],[-82.841582,41.274433],[-82.841181,41.274324],[-82.841192,41.274302],[-82.84139,41.274358],[-82.84154,41.274052],[-82.841769,41.274116],[-82.841636,41.274439],[-82.841768,41.274476],[-82.841747,41.274528],[-82.841837,41.274553],[-82.841821,41.274591],[-82.841842,41.274597],[-82.841731,41.274866],[-82.841458,41.274792]]]},"properties":{"p":"03-50-00-0229-07","o":"NORI PYE PROPERTY LLC","a":"206-208 208 MAIN ST W","d":"Bellevue City School District","t":479.52,"l":"406: Com-Custom Code","c":0}},{"type":"Feature","geometry":{"type":"Polygon","coordinates":[[[-82.917387,41.265294],[-82.917388,41.264841],[-82.918342,41.264846],[-82.918341,41.265299],[-82.917387,41.265294]]]},"properties":{"p":"01-32-00-0007-05","o":"WEBER, WENDY S.","a":"2784 CR 276","d":"Bellevue City School District","t":568.99,"l":"511: Res-Custom Code","c":0}},{"type":"Feature","geometry":{"type":"Polygon","coordinates":[[[-82.919832,41.277497],[-82.919866,41.277489],[-82.919952,41.278471],[-82.919084,41.278662],[-82.919001,41.277683],[-82.919832,41.277497]]]},"properties":{"p":"01-29-00-0015-02","o":"ZENOWICZ, ADELINA MARIA TRUSTEE","a":"5546 CR 177","d":"Bellevue City School District","t":561.19,"l":"511: Res-Custom Code","c":0}},{"type":"Feature","geometry":{"type":"Polygon","coordinates":[[[-82.876991,41.28574],[-82.876986,41.285461],[-82.878187,41.285455],[-82.878184,41.286098],[-82.876979,41.286102],[-82.876991,41.28574]]]},"properties":{"p":"01-23-00-0008-10","o":"JENKINS, ROGER D & NANCY E TRUSTEES","a":"CR 302 REAR","d":"Bellevue City School District","t":566.15,"l":"599: Res-Other","c":0}},{"type":"Feature","geometry":{"type":"Polygon","coordinates":[[[-83.139222,41.360109],[-83.139209,41.359015],[-83.140295,41.359009],[-83.141759,41.360099],[-83.139222,41.360109]]]},"properties":{"p":"34-60-00-0319-00","o":"BCI LEASING INC","a":"2098 STATE ST W","d":"Fremont City School District","t":474.22,"l":"300: Ind-Vacant Land","c":0}},{"type":"Feature","geometry":{"type":"Polygon","coordinates":[[[-83.098245,41.355015],[-83.09854,41.354698],[-83.098733,41.354795],[-83.098443,41.355114],[-83.098245,41.355015]]]},"properties":{"p":"34-60-00-0204-04","o":"WELLMAN, JOHN L II","a":"306 WALNUT ST","d":"Fremont City School District","t":519.5,"l":"510: Res-Single Family","c":0}},{"type":"Feature","geometry":{"type":"Polygon","coordinates":[[[-82.901497,41.315899],[-82.901502,41.315576],[-82.901947,41.316056],[-82.90046,41.316666],[-82.899427,41.317055],[-82.899435,41.316725],[-82.901497,41.315899]]]},"properties":{"p":"01-09-00-0010-00","o":"MOORE, REX L & MABLE M /SURV","a":"6001 CR 175","d":"Bellevue City School District","t":410.66,"l":"511: Res-Custom Code","c":0}},{"type":"Feature","geometry":{"type":"Polygon","coordinates":[[[-82.846239,41.260764],[-82.846239,41.260696],[-82.847746,41.260707],[-82.847745,41.261786],[-82.848564,41.261792],[-82.848563,41.262602],[-82.8469,41.262599],[-82.8469,41.262525],[-82.846354,41.262524],[-82.846354,41.261997],[-82.846238,41.261996],[-82.846239,41.260764]]]},"properties":{"p":"01-36-00-0013-00","o":"YOUNG, JOSEPH R & MARSIA L","a":"585 CR 328","d":"Bellevue City School District","t":373.35,"l":"501: Res-Custom Code","c":0}},{"type":"Feature","geometry":{"type":"Polygon","coordinates":[[[-82.912039,41.424382],[-82.912141,41.423292],[-82.91578,41.423402],[-82.91578,41.423443],[-82.913042,41.42336],[-82.912971,41.424123],[-82.912779,41.424126],[-82.912657,41.424154],[-82.912618,41.424181],[-82.912192,41.424304],[-82.912039,41.424382]]]},"properties":{"p":"04-04-00-0018-01","o":"DIAMOND M FARM LLC","a":"2861 CR 280","d":"Margaretta Local School District","t":338.57,"l":"501: Res-Custom Code","c":0}},{"type":"Feature","geometry":{"type":"Polygon","coordinates":[[[-82.899344,41.429135],[-82.899346,41.428816],[-82.901271,41.428843],[-82.901271,41.428884],[-82.900471,41.428873],[-82.900464,41.429149],[-82.899344,41.429135]]]},"properties":{"p":"04-04-00-0031-01","o":"WHITE'S LANDING VOL. FIRE","a":"CR 290","d":"Margaretta Local School District","t":337.97,"l":"630: Exm-Township","c":0}},{"type":"Feature","geometry":{"type":"MultiPolygon","coordinates":[[[[-83.050839,41.333505],[-83.050839,41.333294],[-83.051659,41.333292],[-83.051659,41.333504],[-83.050839,41.333505]]],[[[-83.050956,41.333758],[-83.050952,41.333505],[-83.051659,41.333504],[-83.051659,41.333757],[-83.050956,41.333758]]]]},"properties":{"p":"06-05-00-0043-00","o":"VAN HALL, RILEY","a":"423 CR 204","d":"Clyde-Green Springs Exempted Village School District","t":400.58,"l":"510: Res-Single Family","c":0}},{"type":"Feature","geometry":{"type":"Polygon","coordinates":[[[-83.130652,41.370722],[-83.130653,41.370538],[-83.131855,41.370547],[-83.131854,41.370732],[-83.130652,41.370722]]]},"properties":{"p":"13-28-00-0026-00","o":"WETZEL, ARLENE F","a":"1823 DICKINSON ST","d":"Fremont City School District","t":426.44,"l":"510: Res-Single Family","c":0}},{"type":"Feature","geometry":{"type":"Polygon","coordinates":[[[-83.373902,41.451484],[-83.373855,41.451395],[-83.374214,41.451289],[-83.374349,41.451544],[-83.37399,41.45165],[-83.373902,41.451484]]]},"properties":{"p":"30-28-03-0026-00","o":"SCHMELTZ, NEAL R. & SUZAN","a":"189 EVERGREEN DR","d":"Woodmore Local School District","t":341.9,"l":"510: Res-Single Family","c":0}},{"type":"Feature","geometry":{"type":"Polygon","coordinates":[[[-82.985401,41.301417],[-82.985319,41.300971],[-82.985629,41.300817],[-82.98567,41.300989],[-82.985657,41.301419],[-82.985401,41.301417]]]},"properties":{"p":"32-50-00-0568-04","o":"WOTT, KRISTINE A","a":"509 MAPLE ST W","d":"Clyde-Green Springs Exempted Village School District","t":401.15,"l":"599: Res-Other","c":0}},{"type":"Feature","geometry":{"type":"Polygon","coordinates":[[[-82.986433,41.294771],[-82.986976,41.294768],[-82.986972,41.295023],[-82.98643,41.295028],[-82.986433,41.294771]]]},"properties":{"p":"32-50-00-2309-00","o":"DAVIS, CRAIG R & JACQUELINE S /SURV","a":"KIMBERLY LN","d":"Clyde-Green Springs Exempted Village School District","t":354.82,"l":"500: Res-Vacant Land","c":0}},{"type":"Feature","geometry":{"type":"Polygon","coordinates":[[[-82.97607,41.294583],[-82.976071,41.294209],[-82.976435,41.29421],[-82.976434,41.294586],[-82.97607,41.294583]]]},"properties":{"p":"32-50-00-2448-00","o":"LYNCH, PAUL S & MARILYN R","a":"LYNBER LN","d":"Clyde-Green Springs Exempted Village School District","t":382.12,"l":"500: Res-Vacant Land","c":0}},{"type":"Feature","geometry":{"type":"Polygon","coordinates":[[[-83.114782,41.347018],[-83.114788,41.346881],[-83.115072,41.346884],[-83.115064,41.347096],[-83.114782,41.347018]]]},"properties":{"p":"34-50-00-0103-01","o":"HUGHES RENTALS INC","a":"110-112 1/2 ARCH ST N","d":"Fremont City School District","t":418.8,"l":"406: Com-Custom Code","c":0}},{"type":"Feature","geometry":{"type":"Polygon","coordinates":[[[-83.111852,41.342933],[-83.112402,41.342931],[-83.112403,41.343022],[-83.111863,41.343025],[-83.111852,41.342933]]]},"properties":{"p":"34-50-00-0357-00","o":"ALLICOCK, KENRICK J.","a":"405 BIDWELL AVE","d":"Fremont City School District","t":385.5,"l":"510: Res-Single Family","c":0}},{"type":"Feature","geometry":{"type":"Polygon","coordinates":[[[-83.109965,41.349484],[-83.110085,41.349334],[-83.110214,41.349399],[-83.110091,41.349547],[-83.109965,41.349484]]]},"properties":{"p":"34-50-00-0541-02","o":"LABORIEL, OLIVER JONATHAN & BEGINNING13 LLC","a":"95 MIDDLE ST","d":"Fremont City School District","t":419.27,"l":"510: Res-Single Family","c":0}},{"type":"Feature","geometry":{"type":"Polygon","coordinates":[[[-83.101606,41.343019],[-83.101733,41.342737],[-83.101869,41.342775],[-83.101741,41.343056],[-83.101606,41.343019]]]},"properties":{"p":"34-50-00-3500-00","o":"ZUNIGA, ANDRES L. & ETELV","a":"810 LINDEN ST","d":"Fremont City School District","t":413.72,"l":"510: Res-Single Family","c":0}},{"type":"Feature","geometry":{"type":"Polygon","coordinates":[[[-83.118202,41.359701],[-83.118246,41.359573],[-83.118699,41.359574],[-83.118654,41.359702],[-83.118202,41.359701]]]},"properties":{"p":"34-50-00-3691-00","o":"HAAR, THOMAS R & CONNIE A /SURV","a":"900 GARFIELD ST","d":"Fremont City School District","t":436.12,"l":"510: Res-Single Family","c":0}},{"type":"Feature","geometry":{"type":"Polygon","coordinates":[[[-83.129608,41.360205],[-83.129611,41.360097],[-83.130116,41.360098],[-83.130113,41.360204],[-83.129608,41.360205]]]},"properties":{"p":"34-50-00-4215-00","o":"FISHER, NANCY K","a":"1234 CARBON ST","d":"Fremont City School District","t":448.31,"l":"510: Res-Single Family","c":0}},{"type":"Feature","geometry":{"type":"Polygon","coordinates":[[[-83.113715,41.339559],[-83.113715,41.339358],[-83.114245,41.339354],[-83.114338,41.339511],[-83.114237,41.33952],[-83.114236,41.339558],[-83.113715,41.339559]]]},"properties":{"p":"34-60-00-0166-14","o":"TUCKER, CASSANDREA, & FINLEY, MARCUS & TORREAN & AARON, DMITRE /SURV","a":"640 FRONT ST S","d":"Fremont City School District","t":382.36,"l":"599: Res-Other","c":0}},{"type":"Feature","geometry":{"type":"Polygon","coordinates":[[[-83.095389,41.346013],[-83.095469,41.345856],[-83.095955,41.345986],[-83.095873,41.346144],[-83.095389,41.346013]]]},"properties":{"p":"34-50-00-4786-00","o":"KANYUH, CHAD M & SHANNON","a":"318 PENNSYLVANIA AVE N","d":"Fremont City School District","t":412.28,"l":"510: Res-Single Family","c":0}},{"type":"Feature","geometry":{"type":"Polygon","coordinates":[[[-83.119277,41.358032],[-83.119364,41.35778],[-83.119594,41.35778],[-83.119504,41.358033],[-83.119277,41.358032]]]},"properties":{"p":"34-50-00-3932-00","o":"FISHER, LAUREEN M.","a":"914 HAYNES ST","d":"Fremont City School District","t":379.6,"l":"510: Res-Single Family","c":0}},{"type":"Feature","geometry":{"type":"Polygon","coordinates":[[[-83.107418,41.349039],[-83.107549,41.348908],[-83.108007,41.349136],[-83.107879,41.349271],[-83.107418,41.349039]]]},"properties":{"p":"34-50-00-3152-00","o":"GONZALES, ISMAEL","a":"319 SANDUSKY AVE","d":"Fremont City School District","t":361.12,"l":"510: Res-Single Family","c":0}},{"type":"Feature","geometry":{"type":"Polygon","coordinates":[[[-83.130061,41.3454],[-83.130228,41.345398],[-83.130225,41.345755],[-83.130063,41.345757],[-83.130061,41.3454]]]},"properties":{"p":"34-50-00-3048-00","o":"GREEN, MICHAEL D SR & LOIS K /SURV","a":"1512 GARRISON ST","d":"Fremont City School District","t":395.37,"l":"510: Res-Single Family","c":0}},{"type":"Feature","geometry":{"type":"Polygon","coordinates":[[[-83.120898,41.338725],[-83.120889,41.338274],[-83.121166,41.338271],[-83.121171,41.338725],[-83.120898,41.338725]]]},"properties":{"p":"34-50-00-3028-00","o":"DESHETLER, GARY L","a":"830 JUNE ST","d":"Fremont City School District","t":416.84,"l":"510: Res-Single Family","c":0}},{"type":"Feature","geometry":{"type":"Polygon","coordinates":[[[-83.113709,41.33764],[-83.113708,41.337546],[-83.114642,41.337548],[-83.114641,41.337636],[-83.113709,41.33764]]]},"properties":{"p":"34-50-00-2934-00","o":"CHUMLEY, MATTHEW & TAWNY /SURV","a":"746 FRONT ST","d":"Fremont City School District","t":414.43,"l":"510: Res-Single Family","c":0}},{"type":"Feature","geometry":{"type":"Polygon","coordinates":[[[-83.125804,41.348955],[-83.125983,41.348954],[-83.126184,41.349147],[-83.126061,41.349208],[-83.125804,41.348955]]]},"properties":{"p":"34-50-00-2861-00","o":"DEMARS, EDWARD L","a":"CONCORD ST","d":"Fremont City School District","t":365.64,"l":"340: Ind-Manufacturing-Light","c":0}},{"type":"Feature","geometry":{"type":"Polygon","coordinates":[[[-83.126515,41.361246],[-83.126527,41.360889],[-83.126746,41.360889],[-83.126734,41.361246],[-83.126515,41.361246]]]},"properties":{"p":"34-50-00-2787-00","o":"SCHOCH, FEBE D","a":"1265 NORTH ST","d":"Fremont City School District","t":446.67,"l":"510: Res-Single Family","c":0}},{"type":"Feature","geometry":{"type":"Polygon","coordinates":[[[-83.124964,41.360847],[-83.124976,41.360492],[-83.125093,41.360492],[-83.125081,41.360847],[-83.124964,41.360847]]]},"properties":{"p":"34-50-00-2767-00","o":"FRANKS, TYLOR","a":"1108 MOORE ST","d":"Fremont City School District","t":358.67,"l":"510: Res-Single Family","c":0}},{"type":"Feature","geometry":{"type":"Polygon","coordinates":[[[-83.126068,41.357313],[-83.126072,41.357183],[-83.126545,41.357184],[-83.126541,41.35731],[-83.126068,41.357313]]]},"properties":{"p":"34-50-00-2388-00","o":"RIFFLE, DEBORAH L","a":"1022 STILWELL AVE","d":"Fremont City School District","t":383.12,"l":"510: Res-Single Family","c":0}},{"type":"Feature","geometry":{"type":"Polygon","coordinates":[[[-83.127848,41.354013],[-83.127965,41.354012],[-83.127948,41.354398],[-83.127836,41.354399],[-83.127848,41.354013]]]},"properties":{"p":"34-50-00-2212-00","o":"DANIELS, LOREAN A.","a":"1310 LIBERTY ST","d":"Fremont City School District","t":429.59,"l":"511: Res-Custom Code","c":0}},{"type":"Feature","geometry":{"type":"Polygon","coordinates":[[[-83.114671,41.351564],[-83.114676,41.351201],[-83.114919,41.351209],[-83.11491,41.35157],[-83.114671,41.351564]]]},"properties":{"p":"34-50-00-1897-00","o":"MINOR, ALEJANDRO M","a":"404-406 MAY ST","d":"Fremont City School District","t":433.29,"l":"520: Res-Two Family","c":0}},{"type":"Feature","geometry":{"type":"Polygon","coordinates":[[[-83.116682,41.35161],[-83.116679,41.35127],[-83.116918,41.351276],[-83.116909,41.351614],[-83.116682,41.35161]]]},"properties":{"p":"34-50-00-1889-00","o":"MEJIA, DIANA L","a":"612 MAY ST","d":"Fremont City School District","t":435.78,"l":"510: Res-Single Family","c":0}},{"type":"Feature","geometry":{"type":"Polygon","coordinates":[[[-83.115149,41.340322],[-83.115481,41.340166],[-83.115479,41.340291],[-83.115224,41.340413],[-83.115149,41.340322]]]},"properties":{"p":"34-50-00-1556-01","o":"HEISHMAN, JEREMY & JEREMIAH","a":"411 VINE ST","d":"Fremont City School District","t":417.12,"l":"510: Res-Single Family","c":0}},{"type":"Feature","geometry":{"type":"Polygon","coordinates":[[[-83.122434,41.345161],[-83.122446,41.344874],[-83.122738,41.344872],[-83.122714,41.345307],[-83.122428,41.345308],[-83.122434,41.345161]]]},"properties":{"p":"34-50-00-1358-00","o":"WIDMAN, NICHOLAS B","a":"1005 GARRISON ST","d":"Fremont City School District","t":420.85,"l":"510: Res-Single Family","c":0}},{"type":"Feature","geometry":{"type":"Polygon","coordinates":[[[-83.128298,41.347609],[-83.128663,41.347606],[-83.128297,41.347849],[-83.128298,41.347609]]]},"properties":{"p":"34-50-00-1204-00","o":"BARTLETT RENTAL PROPERTIES LLC","a":"128 ADAMS ST","d":"Fremont City School District","t":410.07,"l":"510: Res-Single Family","c":0}},{"type":"Feature","geometry":{"type":"Polygon","coordinates":[[[-83.10688,41.347708],[-83.107136,41.347411],[-83.107347,41.347515],[-83.107086,41.34781],[-83.10688,41.347708]]]},"properties":{"p":"34-50-00-1174-00","o":"LATHER, JABREE T","a":"313 MIDDLE ST","d":"Fremont City School District","t":391.95,"l":"510: Res-Single Family","c":0}},{"type":"Feature","geometry":{"type":"Polygon","coordinates":[[[-83.128659,41.351022],[-83.128665,41.350684],[-83.128788,41.350684],[-83.12878,41.351022],[-83.128659,41.351022]]]},"properties":{"p":"34-50-00-1140-02","o":"FRANKS, TYLOR A","a":"1315 CHERRY ST","d":"Fremont City School District","t":415.78,"l":"510: Res-Single Family","c":0}},{"type":"Feature","geometry":{"type":"Polygon","coordinates":[[[-83.111804,41.342517],[-83.112399,41.342512],[-83.112401,41.342665],[-83.111824,41.342668],[-83.111804,41.342517]]]},"properties":{"p":"34-50-00-0960-00","o":"HARALSON, TYLER M","a":"415 41 BIDWELL AVE","d":"Fremont City School District","t":397.69,"l":"510: Res-Single Family","c":0}},{"type":"Feature","geometry":{"type":"Polygon","coordinates":[[[-83.111936,41.342714],[-83.1124,41.342712],[-83.112401,41.342825],[-83.11194,41.342829],[-83.111936,41.342714]]]},"properties":{"p":"34-50-00-0959-00","o":"COOPER, SHERONDA L.","a":"411 BIDWELL AVE","d":"Fremont City School District","t":345.99,"l":"510: Res-Single Family","c":0}},{"type":"Feature","geometry":{"type":"Polygon","coordinates":[[[-83.098162,41.351859],[-83.098298,41.351705],[-83.098694,41.351902],[-83.098561,41.352052],[-83.098162,41.351859]]]},"properties":{"p":"34-50-00-0873-00","o":"AGUILERA, LAURA RIMIREZ DE","a":"639 FIFTH ST N","d":"Fremont City School District","t":433.05,"l":"510: Res-Single Family","c":0}},{"type":"Feature","geometry":{"type":"Polygon","coordinates":[[[-83.105559,41.346512],[-83.105779,41.346067],[-83.106095,41.346155],[-83.105876,41.346598],[-83.105559,41.346512]]]},"properties":{"p":"34-50-00-0491-00","o":"FARMER, RICHARD J II","a":"HOWLAND ST","d":"Fremont City School District","t":350.23,"l":"455: Com-Garage","c":0}},{"type":"Feature","geometry":{"type":"Polygon","coordinates":[[[-83.116492,41.350023],[-83.116558,41.349931],[-83.117028,41.350126],[-83.11696,41.350218],[-83.116492,41.350023]]]},"properties":{"p":"34-50-00-0035-00","o":"WURGESS, BRANDON LEE","a":"427 CLOVER ST N","d":"Fremont City School District","t":458,"l":"510: Res-Single Family","c":0}},{"type":"Feature","geometry":{"type":"Polygon","coordinates":[[[-82.969101,41.311001],[-82.969303,41.310861],[-82.969559,41.311001],[-82.969432,41.311155],[-82.969101,41.311001]]]},"properties":{"p":"32-60-00-0037-01","o":"KEEGAN, WILLIAM L.","a":"336 MAPLE ST E","d":"Clyde-Green Springs Exempted Village School District","t":366.8,"l":"510: Res-Single Family","c":0}},{"type":"Feature","geometry":{"type":"Polygon","coordinates":[[[-82.976097,41.30168],[-82.976097,41.301549],[-82.976697,41.301549],[-82.976697,41.301681],[-82.976097,41.30168]]]},"properties":{"p":"32-60-00-0022-10","o":"BLANKENSHIP, MACIAH","a":"130 SPRING AVE","d":"Clyde-Green Springs Exempted Village School District","t":371.76,"l":"500: Res-Vacant Land","c":0}},{"type":"Feature","geometry":{"type":"Polygon","coordinates":[[[-82.98243,41.305956],[-82.982851,41.305705],[-82.983068,41.30591],[-82.982646,41.306161],[-82.98243,41.305956]]]},"properties":{"p":"32-60-00-0003-01","o":"LINDER, LINDA K","a":"228 OTT ST","d":"Clyde-Green Springs Exempted Village School District","t":403.65,"l":"510: Res-Single Family","c":0}},{"type":"Feature","geometry":{"type":"Polygon","coordinates":[[[-82.976774,41.295131],[-82.976774,41.294751],[-82.977138,41.294751],[-82.977138,41.29513],[-82.976774,41.295131]]]},"properties":{"p":"32-50-00-2460-00","o":"LYNCH, MARILYN R","a":"LYNBER LN","d":"Clyde-Green Springs Exempted Village School District","t":382.12,"l":"500: Res-Vacant Land","c":0}},{"type":"Feature","geometry":{"type":"Polygon","coordinates":[[[-82.978056,41.311828],[-82.978059,41.311689],[-82.978569,41.311689],[-82.97857,41.311829],[-82.978056,41.311828]]]},"properties":{"p":"32-50-00-1514-00","o":"SIPPERLEY, PAIGE","a":"127 MIDVALE AVE","d":"Clyde-Green Springs Exempted Village School District","t":443.87,"l":"500: Res-Vacant Land","c":0}},{"type":"Feature","geometry":{"type":"Polygon","coordinates":[[[-82.968783,41.307208],[-82.968921,41.306928],[-82.969308,41.306922],[-82.969123,41.307297],[-82.968783,41.307208]]]},"properties":{"p":"32-50-00-1267-07","o":"BREAULT, STEPHANIE & MARK /SURV","a":"307 EUCLID AVE","d":"Clyde-Green Springs Exempted Village School District","t":368.03,"l":"500: Res-Vacant Land","c":0}},{"type":"Feature","geometry":{"type":"Polygon","coordinates":[[[-82.973927,41.308046],[-82.97411,41.307934],[-82.974465,41.308282],[-82.97428,41.308395],[-82.973927,41.308046]]]},"properties":{"p":"32-50-00-0239-00","o":"BATESOLE, JAMES D","a":"110 HAMER ST","d":"Clyde-Green Springs Exempted Village School District","t":425.01,"l":"510: Res-Single Family","c":0}},{"type":"Feature","geometry":{"type":"Polygon","coordinates":[[[-83.165015,41.436164],[-83.165663,41.436171],[-83.165686,41.438797],[-83.164874,41.439202],[-83.164162,41.4392],[-83.164154,41.437345],[-83.165026,41.43734],[-83.165015,41.436164]]]},"properties":{"p":"31-31-00-0005-03","o":"SAIONZ, BRENT & BRIAN R","a":"CR 135","d":"Fremont City School District","t":361.2,"l":"110: Agr-CAUV-Vacant Land","c":0}},{"type":"Feature","geometry":{"type":"Polygon","coordinates":[[[-83.089854,41.45719],[-83.089828,41.455425],[-83.09183,41.455419],[-83.09183,41.457238],[-83.089855,41.457245],[-83.089854,41.45719]]]},"properties":{"p":"31-26-00-0018-01","o":"SMITH, KAY ANN & FICK, DEREK D /SURV","a":"983 CR 157","d":"Fremont City School District","t":360.9,"l":"599: Res-Other","c":0}},{"type":"Feature","geometry":{"type":"Polygon","coordinates":[[[-83.086578,41.403802],[-83.086577,41.403696],[-83.086832,41.403684],[-83.086833,41.404052],[-83.086578,41.40406],[-83.086578,41.403802]]]},"properties":{"p":"31-12-04-0112-00","o":"FLIGOR, MICHAEL J & CANDI","a":"1123 BRIDGEWATER LN","d":"Fremont City School District","t":408.85,"l":"510: Res-Single Family","c":0}},{"type":"Feature","geometry":{"type":"Polygon","coordinates":[[[-83.089585,41.405511],[-83.089587,41.405126],[-83.089842,41.405128],[-83.089839,41.405512],[-83.089585,41.405511]]]},"properties":{"p":"31-11-04-0051-00","o":"ICKES, MELISSA M","a":"1042 SPRINGWOOD DR","d":"Fremont City School District","t":387.71,"l":"510: Res-Single Family","c":0}},{"type":"Feature","geometry":{"type":"Polygon","coordinates":[[[-83.099126,41.413516],[-83.099146,41.412964],[-83.099511,41.412968],[-83.09949,41.41352],[-83.099126,41.413516]]]},"properties":{"p":"31-11-03-0007-00","o":"AUXTER, DONALD H & KIMBERLY J","a":"791 SUNNY ACRES DR","d":"Fremont City School District","t":395.42,"l":"511: Res-Custom Code","c":0}},{"type":"Feature","geometry":{"type":"Polygon","coordinates":[[[-83.101873,41.406821],[-83.101881,41.406371],[-83.102142,41.406374],[-83.102131,41.406823],[-83.101873,41.406821]]]},"properties":{"p":"31-11-02-0001-00","o":"PERKINS, LYN A.","a":"729 CR 99","d":"Fremont City School District","t":418.15,"l":"560: Res-Mobile Home","c":0}},{"type":"Feature","geometry":{"type":"Polygon","coordinates":[[[-83.362033,41.450648],[-83.362266,41.450328],[-83.36243,41.450396],[-83.362198,41.450716],[-83.362033,41.450648]]]},"properties":{"p":"30-50-00-0007-00","o":"WOODVILLE COMMONS LLC","a":"114 MAIN ST E","d":"Woodmore Local School District","t":359.01,"l":"447: Com-Office","c":0}},{"type":"Feature","geometry":{"type":"Polygon","coordinates":[[[-83.413525,41.443027],[-83.413526,41.442509],[-83.414339,41.442505],[-83.414336,41.442432],[-83.415272,41.44243],[-83.415264,41.443026],[-83.413525,41.443027]]]},"properties":{"p":"28-30-00-0010-00","o":"COX, JAMES M & CHANTEL L /SURV","a":"20084 SR 23","d":"Woodmore Local School District","t":411.57,"l":"501: Res-Custom Code","c":0}},{"type":"Feature","geometry":{"type":"Polygon","coordinates":[[[-83.370076,41.461559],[-83.369924,41.461405],[-83.371,41.461441],[-83.371002,41.461554],[-83.370076,41.461559]]]},"properties":{"p":"28-21-00-0009-00","o":"GONZALEZ, ANITA","a":"PENN LN","d":"Woodmore Local School District","t":338.07,"l":"599: Res-Other","c":0}},{"type":"Feature","geometry":{"type":"Polygon","coordinates":[[[-83.362384,41.484917],[-83.362409,41.486333],[-83.362081,41.486339],[-83.362067,41.485108],[-83.362384,41.484917]]]},"properties":{"p":"28-16-00-0010-00","o":"EVA, DAVID CAMERON","a":"6217 CR 165","d":"Woodmore Local School District","t":402.04,"l":"511: Res-Custom Code","c":0}},{"type":"Feature","geometry":{"type":"Polygon","coordinates":[[[-83.310038,41.383667],[-83.31022,41.383665],[-83.310215,41.383967],[-83.310033,41.383969],[-83.310038,41.383667]]]},"properties":{"p":"27-50-00-1166-00","o":"IBARRA, JOSE ANTONIO & VALENCIA, KRYSTAL","a":"865 YEASTING ST E","d":"Gibsonburg Exempted Village School District","t":366.11,"l":"500: Res-Vacant Land","c":0}},{"type":"Feature","geometry":{"type":"Polygon","coordinates":[[[-83.319746,41.380202],[-83.319664,41.380071],[-83.32012,41.380071],[-83.320114,41.380203],[-83.319746,41.380202]]]},"properties":{"p":"27-50-00-0405-00","o":"VALLEJO, KATHY D","a":"503 MAIN ST S","d":"Gibsonburg Exempted Village School District","t":391.66,"l":"510: Res-Single Family","c":0}},{"type":"Feature","geometry":{"type":"Polygon","coordinates":[[[-83.318322,41.386143],[-83.318502,41.386139],[-83.318488,41.386545],[-83.318308,41.386548],[-83.318322,41.386143]]]},"properties":{"p":"27-50-00-0270-00","o":"SMITH, TIMOTHY","a":"201 STONE ST E","d":"Gibsonburg Exempted Village School District","t":408.82,"l":"510: Res-Single Family","c":0}},{"type":"Feature","geometry":{"type":"Polygon","coordinates":[[[-83.323382,41.386072],[-83.3234,41.385659],[-83.323578,41.385659],[-83.323563,41.386072],[-83.323382,41.386072]]]},"properties":{"p":"27-50-00-0153-00","o":"PETERS, SHEENA M","a":"302 STEVENSON ST W","d":"Gibsonburg Exempted Village School District","t":428.02,"l":"510: Res-Single Family","c":0}},{"type":"Feature","geometry":{"type":"Polygon","coordinates":[[[-83.376643,41.341249],[-83.37664,41.340636],[-83.376945,41.340634],[-83.37695,41.341246],[-83.376643,41.341249]]]},"properties":{"p":"24-95-00-0016-00","o":"SMITH, TIMOTHY A","a":"6559 SR 6","d":"Gibsonburg Exempted Village School District","t":438.57,"l":"510: Res-Single Family","c":0}},{"type":"Feature","geometry":{"type":"Polygon","coordinates":[[[-83.308726,41.312186],[-83.308719,41.310969],[-83.310424,41.311031],[-83.310414,41.312247],[-83.308726,41.312186]]]},"properties":{"p":"24-13-00-0005-00","o":"WONDERLY, ZACHARY M & MEGAN J /SURV","a":"1145 CR 58","d":"Gibsonburg Exempted Village School District","t":360.23,"l":"599: Res-Other","c":0}},{"type":"Feature","geometry":{"type":"Polygon","coordinates":[[[-83.342124,41.31693],[-83.342065,41.314633],[-83.344039,41.314625],[-83.343997,41.313267],[-83.344361,41.313264],[-83.344454,41.316913],[-83.342124,41.31693]]]},"properties":{"p":"24-10-00-0003-03","o":"MANUEL, MICHAEL J & TINA","a":"5720 CR 41","d":"Gibsonburg Exempted Village School District","t":420.51,"l":"599: Res-Other","c":0}},{"type":"Feature","geometry":{"type":"Polygon","coordinates":[[[-83.33954,41.31487],[-83.339533,41.31464],[-83.342065,41.314633],[-83.342124,41.31693],[-83.339605,41.316948],[-83.33954,41.31487]]]},"properties":{"p":"24-10-00-0003-01","o":"MANUEL, MICHAEL J & TINA","a":"CR 42","d":"Gibsonburg Exempted Village School District","t":371.14,"l":"502: Res-Custom Code","c":0}},{"type":"Feature","geometry":{"type":"Polygon","coordinates":[[[-83.376307,41.321314],[-83.376273,41.320171],[-83.377049,41.320157],[-83.37707,41.320721],[-83.378554,41.320694],[-83.378554,41.320856],[-83.377075,41.320884],[-83.377085,41.3213],[-83.376307,41.321314]]]},"properties":{"p":"24-09-00-0015-01","o":"RITTER, ANDREW J","a":"815 CR 26","d":"Gibsonburg Exempted Village School District","t":346.93,"l":"562: Res-Custom Code","c":0}},{"type":"Feature","geometry":{"type":"Polygon","coordinates":[[[-83.361714,41.326257],[-83.361742,41.326256],[-83.36172,41.325586],[-83.362504,41.325569],[-83.362471,41.324473],[-83.364018,41.324443],[-83.364118,41.327663],[-83.361767,41.327703],[-83.361714,41.326257]]]},"properties":{"p":"24-09-00-0001-10","o":"AMERICAN TITLE AGENCY INC TRUSTEE","a":"754 CR 32","d":"Gibsonburg Exempted Village School District","t":370.44,"l":"599: Res-Other","c":0}},{"type":"Feature","geometry":{"type":"Polygon","coordinates":[[[-83.35244,41.25499],[-83.352727,41.254986],[-83.35271,41.255721],[-83.352416,41.255724],[-83.35244,41.25499]]]},"properties":{"p":"23-34-00-0005-00","o":"SHIPLEY-SPAULDING, SARA F & SPAULDING, JAMES /SURV","a":"5886 CR 1","d":"Lakota Local School District","t":346.18,"l":"511: Res-Custom Code","c":0}},{"type":"Feature","geometry":{"type":"Polygon","coordinates":[[[-83.39621,41.26877],[-83.397038,41.268753],[-83.39698,41.269655],[-83.396163,41.269671],[-83.39621,41.26877]]]},"properties":{"p":"23-29-00-0015-00","o":"HUNT, THOMAS S & MARGARET LZ /SURV","a":"7024 CR 11","d":"Lakota Local School District","t":345.8,"l":"501: Res-Custom Code","c":0}},{"type":"Feature","geometry":{"type":"Polygon","coordinates":[[[-83.368762,41.298386],[-83.368837,41.296637],[-83.371776,41.296577],[-83.37172,41.298378],[-83.371554,41.298382],[-83.371588,41.297281],[-83.370823,41.297296],[-83.370789,41.298398],[-83.36876,41.298441],[-83.368762,41.298386]]]},"properties":{"p":"23-21-00-0011-02","o":"EDINGER, RANDALL P. & ROB","a":"CR 33","d":"Lakota Local School District","t":437.48,"l":"101: Agr-Cash-Grain Farm","c":0}},{"type":"Feature","geometry":{"type":"Polygon","coordinates":[[[-83.360927,41.288151],[-83.360936,41.287915],[-83.359481,41.287946],[-83.359517,41.287314],[-83.362523,41.287257],[-83.36246,41.288123],[-83.360927,41.288151]]]},"properties":{"p":"23-21-00-0004-01","o":"SMITH, RICK W & JACQUELINE D /SURV","a":"CR 32","d":"Lakota Local School District","t":450.36,"l":"562: Res-Custom Code","c":0}},{"type":"Feature","geometry":{"type":"Polygon","coordinates":[[[-83.220006,41.416441],[-83.220019,41.416067],[-83.22035,41.416067],[-83.220333,41.41644],[-83.220006,41.416441]]]},"properties":{"p":"22-50-00-0141-00","o":"WILLER, MICHAEL D","a":"COOPER ST","d":"Fremont City School District","t":396.46,"l":"500: Res-Vacant Land","c":0}},{"type":"Feature","geometry":{"type":"Polygon","coordinates":[[[-83.21874,41.420799],[-83.218747,41.420638],[-83.219349,41.420635],[-83.219344,41.420797],[-83.21874,41.420799]]]},"properties":{"p":"22-50-00-0110-00","o":"THAYER, FRANK E & BETTY ANN /SURV","a":"115 MAPLE ST S","d":"Fremont City School District","t":420.59,"l":"510: Res-Single Family","c":0}},{"type":"Feature","geometry":{"type":"Polygon","coordinates":[[[-83.218159,41.418221],[-83.21877,41.418217],[-83.218764,41.418397],[-83.218154,41.418401],[-83.218159,41.418221]]]},"properties":{"p":"22-50-00-0098-00","o":"REED, ROBERT M & CHARLENE A /SURV","a":"WALNUT ST","d":"Fremont City School District","t":447.43,"l":"500: Res-Vacant Land","c":0}},{"type":"Feature","geometry":{"type":"Polygon","coordinates":[[[-83.257342,41.388935],[-83.2577,41.388888],[-83.257833,41.389433],[-83.257466,41.389478],[-83.257342,41.388935]]]},"properties":{"p":"20-16-00-0013-00","o":"MOLL, JAMES E & HOFFMAN, BONNIE L /SURV","a":"3514 SR 600","d":"Gibsonburg Exempted Village School District","t":344.8,"l":"510: Res-Single Family","c":0}},{"type":"Feature","geometry":{"type":"Polygon","coordinates":[[[-83.295,41.406605],[-83.29622,41.406588],[-83.296171,41.408388],[-83.294952,41.408408],[-83.295,41.406605]]]},"properties":{"p":"20-07-00-0001-06","o":"KISER, WYATT M","a":"CR 95 W","d":"Gibsonburg Exempted Village School District","t":404.84,"l":"501: Res-Custom Code","c":0}},{"type":"Feature","geometry":{"type":"Polygon","coordinates":[[[-83.279586,41.416477],[-83.279605,41.41551],[-83.282121,41.415461],[-83.282076,41.417479],[-83.279586,41.416477]]]},"properties":{"p":"20-06-00-0021-00","o":"BINDER, BRENT L","a":"4175 SR 20 W","d":"Gibsonburg Exempted Village School District","t":366.44,"l":"499: Com-Other","c":0}},{"type":"Feature","geometry":{"type":"Polygon","coordinates":[[[-83.253548,41.266819],[-83.253558,41.266601],[-83.253811,41.266605],[-83.2538,41.266823],[-83.253548,41.266819]]]},"properties":{"p":"16-50-00-0101-00","o":"GALLAGHER, DANNY & DANIEL","a":"GEORGE ST","d":"Lakota Local School District","t":361.16,"l":"599: Res-Other","c":0}},{"type":"Feature","geometry":{"type":"Polygon","coordinates":[[[-83.253536,41.267072],[-83.253548,41.266819],[-83.2538,41.266823],[-83.253787,41.267077],[-83.253536,41.267072]]]},"properties":{"p":"16-50-00-0097-00","o":"GALLAGHER, DANNY & DANIEL","a":"GEORGE ST","d":"Lakota Local School District","t":366.45,"l":"500: Res-Vacant Land","c":0}},{"type":"Feature","geometry":{"type":"Polygon","coordinates":[[[-83.253296,41.267068],[-83.253308,41.266815],[-83.253548,41.266819],[-83.253536,41.267072],[-83.253296,41.267068]]]},"properties":{"p":"16-50-00-0096-00","o":"GALLAGHER, DANNY & DANIEL","a":"GEORGE ST","d":"Lakota Local School District","t":366.45,"l":"500: Res-Vacant Land","c":0}},{"type":"Feature","geometry":{"type":"Polygon","coordinates":[[[-83.249696,41.268972],[-83.249702,41.268775],[-83.250366,41.268785],[-83.250488,41.26898],[-83.249696,41.268972]]]},"properties":{"p":"16-50-00-0035-00","o":"EISENHOUR, MARY","a":"2560 ZILPHIA ST","d":"Lakota Local School District","t":385.44,"l":"560: Res-Mobile Home","c":0}},{"type":"Feature","geometry":{"type":"Polygon","coordinates":[[[-83.136846,41.366065],[-83.136851,41.36583],[-83.137363,41.365831],[-83.137359,41.366068],[-83.136846,41.366065]]]},"properties":{"p":"13-28-31-0028-00","o":"SEVERS, RICHARD L","a":"1558 OAK HARBOR RD","d":"Fremont City School District","t":426.39,"l":"510: Res-Single Family","c":0}},{"type":"Feature","geometry":{"type":"Polygon","coordinates":[[[-83.112757,41.362126],[-83.112766,41.361964],[-83.112783,41.361964],[-83.112777,41.362126],[-83.112757,41.362126]]]},"properties":{"p":"13-27-18-0006-02","o":"MILLER, THOMAS L & IRENE A /SURV","a":"BALL AVE","d":"Fremont City School District","t":341.2,"l":"500: Res-Vacant Land","c":0}},{"type":"Feature","geometry":{"type":"Polygon","coordinates":[[[-83.121092,41.38985],[-83.119298,41.389846],[-83.118618,41.388703],[-83.120373,41.388705],[-83.120375,41.389114],[-83.120013,41.389114],[-83.120017,41.389776],[-83.121166,41.389778],[-83.121167,41.38985],[-83.121092,41.38985]]]},"properties":{"p":"13-15-03-0007-08","o":"LINDER, WILLIAM H. & KATH","a":"2813 FANGBONER RD","d":"Fremont City School District","t":349.13,"l":"511: Res-Custom Code","c":0}},{"type":"Feature","geometry":{"type":"Polygon","coordinates":[[[-83.071657,41.296755],[-83.070821,41.296755],[-83.070842,41.296167],[-83.071702,41.296167],[-83.071688,41.296755],[-83.071657,41.296755]]]},"properties":{"p":"12-24-00-0006-01","o":"BARGER, WENDI","a":"3080 CR 198 S","d":"Clyde-Green Springs Exempted Village School District","t":356.81,"l":"511: Res-Custom Code","c":0}},{"type":"Feature","geometry":{"type":"Polygon","coordinates":[[[-83.180192,41.275289],[-83.18034,41.275215],[-83.181403,41.275673],[-83.179725,41.275568],[-83.180019,41.275378],[-83.180192,41.275289]]]},"properties":{"p":"11-30-00-0010-01","o":"ARDNER, JOHN W & TERRY L /SURV","a":"1420 CR 15","d":"Old Fort Local School District","t":364.84,"l":"541: Res-Custom Code","c":0}},{"type":"Feature","geometry":{"type":"Polygon","coordinates":[[[-83.129731,41.328619],[-83.130137,41.328568],[-83.130206,41.328782],[-83.129767,41.328824],[-83.129704,41.328622],[-83.129731,41.328619]]]},"properties":{"p":"10-95-00-0026-00","o":"DRUCKENMILLER, COLE & PRICE, CASSIDY / SURV","a":"MILL ST","d":"Fremont City School District","t":405.59,"l":"599: Res-Other","c":0}},{"type":"Feature","geometry":{"type":"Polygon","coordinates":[[[-83.079209,41.323965],[-83.079213,41.323851],[-83.079824,41.323862],[-83.079288,41.324019],[-83.079209,41.323965]]]},"properties":{"p":"10-12-63-0009-01","o":"BORER, DALE A","a":"FINEFROCK RD","d":"Fremont City School District","t":428.82,"l":"500: Res-Vacant Land","c":0}},{"type":"Feature","geometry":{"type":"Polygon","coordinates":[[[-83.164629,41.326971],[-83.164687,41.324858],[-83.165812,41.324874],[-83.16571,41.327863],[-83.16498,41.327867],[-83.164988,41.327311],[-83.16462,41.327312],[-83.164629,41.326971]]]},"properties":{"p":"10-08-00-0002-00","o":"BORTEL, NORMA JEAN","a":"3105 BUCKLAND AVE","d":"Fremont City School District","t":434.45,"l":"562: Res-Custom Code","c":0}},{"type":"Feature","geometry":{"type":"Polygon","coordinates":[[[-82.993201,41.355549],[-82.995628,41.355528],[-82.995616,41.356077],[-82.993077,41.356099],[-82.993092,41.35555],[-82.993201,41.355549]]]},"properties":{"p":"08-34-00-0010-04","o":"GOOD, JASON U","a":"550 CR 244","d":"Fremont City School District","t":348.5,"l":"599: Res-Other","c":0}},{"type":"Feature","geometry":{"type":"Polygon","coordinates":[[[-83.010869,41.365086],[-83.011455,41.364954],[-83.011444,41.365542],[-83.011262,41.365645],[-83.010971,41.365674],[-83.010869,41.365086]]]},"properties":{"p":"08-27-00-0018-01","o":"ROSS, JANET","a":"3137 SR 412","d":"Fremont City School District","t":384.12,"l":"501: Res-Custom Code","c":0}},{"type":"Feature","geometry":{"type":"Polygon","coordinates":[[[-82.973478,41.375833],[-82.973588,41.375831],[-82.973547,41.378456],[-82.968706,41.378545],[-82.968755,41.375913],[-82.973478,41.375833]]]},"properties":{"p":"08-24-00-0016-00","o":"JOHN E PAYNE LLC","a":"1269 SR 510","d":"Fremont City School District","t":457.71,"l":"110: Agr-CAUV-Vacant Land","c":0}},{"type":"Feature","geometry":{"type":"Polygon","coordinates":[[[-83.05861,41.377906],[-83.059403,41.377888],[-83.058275,41.378548],[-83.058003,41.378258],[-83.058,41.377927],[-83.05861,41.377906]]]},"properties":{"p":"08-19-00-0008-02","o":"RMN148 LLC","a":"1875 SR 6 E","d":"Fremont City School District","t":446.95,"l":"511: Res-Custom Code","c":0}},{"type":"Feature","geometry":{"type":"Polygon","coordinates":[[[-82.963301,41.408904],[-82.963991,41.408881],[-82.963986,41.409817],[-82.963293,41.40984],[-82.963301,41.408904]]]},"properties":{"p":"08-12-00-0023-00","o":"BLANTON, JEFF","a":"4336 SR 6 E","d":"Fremont City School District","t":392.47,"l":"562: Res-Custom Code","c":0}},{"type":"Feature","geometry":{"type":"Polygon","coordinates":[[[-83.03945,41.2738],[-83.039997,41.273436],[-83.040373,41.273759],[-83.039841,41.274122],[-83.03945,41.2738]]]},"properties":{"p":"06-29-00-0023-04","o":"ALAFITA, GABRIEL M., JR.","a":"CR 185","d":"Clyde-Green Springs Exempted Village School District","t":359.99,"l":"511: Res-Custom Code","c":0}},{"type":"Feature","geometry":{"type":"Polygon","coordinates":[[[-83.013935,41.292119],[-83.014242,41.29165],[-83.015142,41.291972],[-83.01514,41.292481],[-83.014594,41.292487],[-83.014594,41.292377],[-83.014441,41.292366],[-83.014223,41.292309],[-83.014093,41.292245],[-83.013935,41.292119]]]},"properties":{"p":"06-21-00-0013-03","o":"WOTT, ZACHARY W & BRITTANY L /SURV","a":"3091 CR 197","d":"Clyde-Green Springs Exempted Village School District","t":416.74,"l":"599: Res-Other","c":0}},{"type":"Feature","geometry":{"type":"Polygon","coordinates":[[[-83.030598,41.311307],[-83.030332,41.311295],[-83.030299,41.311233],[-83.030216,41.310409],[-83.032611,41.310411],[-83.032597,41.31179],[-83.032456,41.311744],[-83.032365,41.311688],[-83.032277,41.311601],[-83.032253,41.31156],[-83.032263,41.31142],[-83.031887,41.311371],[-83.030598,41.311307]]]},"properties":{"p":"06-16-00-0005-02","o":"EMICK, RICK H & CODY J /SURV","a":"1215 CR 220","d":"Clyde-Green Springs Exempted Village School District","t":341.37,"l":"599: Res-Other","c":0}},{"type":"Feature","geometry":{"type":"Polygon","coordinates":[[[-83.058966,41.320553],[-83.058976,41.320507],[-83.059611,41.320748],[-83.060234,41.321008],[-83.060162,41.321089],[-83.05994,41.32126],[-83.059652,41.321386],[-83.059106,41.32149],[-83.058586,41.321525],[-83.058839,41.321129],[-83.058966,41.320553]]]},"properties":{"p":"06-07-00-0028-01","o":"DUSKIN, LOUIS & DIANE /SURV","a":"2970 COLE RD E","d":"Clyde-Green Springs Exempted Village School District","t":458.36,"l":"511: Res-Custom Code","c":0}},{"type":"Feature","geometry":{"type":"Polygon","coordinates":[[[-83.06878,41.33153],[-83.068791,41.331257],[-83.069521,41.331274],[-83.069509,41.331548],[-83.06878,41.33153]]]},"properties":{"p":"06-06-00-0006-09","o":"BRADSHAW, JOSEPH","a":"1071 CR 198","d":"Clyde-Green Springs Exempted Village School District","t":373.57,"l":"599: Res-Other","c":0}},{"type":"Feature","geometry":{"type":"Polygon","coordinates":[[[-82.997217,41.333095],[-82.99708,41.333096],[-82.997053,41.330568],[-82.996441,41.330565],[-82.996421,41.328677],[-82.998512,41.32866],[-82.998553,41.328782],[-82.999105,41.329903],[-82.999078,41.330588],[-82.999214,41.330745],[-82.999195,41.333655],[-82.997704,41.33366],[-82.997669,41.333577],[-82.997683,41.333329],[-82.997642,41.333216],[-82.997543,41.333177],[-82.9973,41.333131],[-82.997217,41.333095]]]},"properties":{"p":"06-03-00-0012-01","o":"DEMING, MICHELE L GERSTENBERGER","a":"CR 242","d":"Clyde-Green Springs Exempted Village School District","t":437.35,"l":"110: Agr-CAUV-Vacant Land","c":0}},{"type":"Feature","geometry":{"type":"Polygon","coordinates":[[[-82.946593,41.38694],[-82.946603,41.386487],[-82.947197,41.386509],[-82.947184,41.387044],[-82.946591,41.387023],[-82.946593,41.38694]]]},"properties":{"p":"04-19-00-0011-01","o":"GAHIMER, WILLIAM R & CATHY J /SURV","a":"4795 CR 247","d":"Margaretta Local School District","t":354.9,"l":"511: Res-Custom Code","c":0}},{"type":"Feature","geometry":{"type":"Polygon","coordinates":[[[-82.909624,41.408492],[-82.906049,41.40844],[-82.906081,41.406003],[-82.910407,41.40609],[-82.910397,41.408503],[-82.909624,41.408492]]]},"properties":{"p":"04-09-00-0038-00","o":"PETENZI, CAROL A","a":"SR 6 REAR","d":"Margaretta Local School District","t":363.69,"l":"110: Agr-CAUV-Vacant Land","c":0}},{"type":"Feature","geometry":{"type":"Polygon","coordinates":[[[-82.905724,41.427203],[-82.905733,41.426995],[-82.906214,41.427011],[-82.906196,41.427077],[-82.906152,41.427119],[-82.906189,41.42715],[-82.90621,41.42722],[-82.905724,41.427203]]]},"properties":{"p":"04-04-06-0121-00","o":"SCHMIDT, JOSEF A & WANDA","a":"2986 CR 284","d":"Margaretta Local School District","t":451.26,"l":"510: Res-Single Family","c":0}},{"type":"Feature","geometry":{"type":"Polygon","coordinates":[[[-82.901534,41.429867],[-82.90154,41.429637],[-82.901716,41.429637],[-82.901715,41.429868],[-82.901534,41.429867]]]},"properties":{"p":"04-04-06-0104-00","o":"BIGLER, HENRY & DEBORA /SURV","a":"5968 CR 281","d":"Margaretta Local School District","t":341.21,"l":"510: Res-Single Family","c":0}},{"type":"Feature","geometry":{"type":"Polygon","coordinates":[[[-82.904444,41.428542],[-82.904677,41.428407],[-82.904852,41.428581],[-82.904622,41.428718],[-82.904444,41.428542]]]},"properties":{"p":"04-04-06-0053-00","o":"SMARSH, JOHN M.","a":"5893 CR 283","d":"Margaretta Local School District","t":390.58,"l":"510: Res-Single Family","c":0}},{"type":"Feature","geometry":{"type":"Polygon","coordinates":[[[-82.84728,41.418756],[-82.848102,41.418742],[-82.848127,41.41916],[-82.847209,41.419175],[-82.847186,41.418758],[-82.84728,41.418756]]]},"properties":{"p":"04-01-00-0021-00","o":"GRAVES, VICKI","a":"2716 CR 312","d":"Margaretta Local School District","t":385.45,"l":"562: Res-Custom Code","c":0}},{"type":"Feature","geometry":{"type":"Polygon","coordinates":[[[-82.84161,41.267472],[-82.841604,41.26733],[-82.842244,41.267332],[-82.842249,41.267477],[-82.84161,41.267472]]]},"properties":{"p":"03-60-00-0024-06","o":"SEE, CLINTON A & DEBRA K /SURV","a":"311 WOODWARD ST","d":"Bellevue City School District","t":408.21,"l":"510: Res-Single Family","c":0}},{"type":"Feature","geometry":{"type":"Polygon","coordinates":[[[-82.855185,41.275969],[-82.855322,41.275684],[-82.855718,41.275795],[-82.85575,41.275824],[-82.855787,41.275923],[-82.855614,41.275972],[-82.855185,41.275969]]]},"properties":{"p":"03-50-00-2132-00","o":"PLUE, HEATHER L & BELLAMY, PERRY /SURV","a":"140 REDWOOD DR","d":"Bellevue City School District","t":403.04,"l":"540: Res-Custom Code","c":0}},{"type":"Feature","geometry":{"type":"Polygon","coordinates":[[[-82.847672,41.266855],[-82.847679,41.266441],[-82.847837,41.266442],[-82.847821,41.266856],[-82.847672,41.266855]]]},"properties":{"p":"03-50-00-1277-01","o":"BRUGNONE, WILLIAM J & KRISTI M /SURV","a":"427 LOUISE AVE","d":"Bellevue City School District","t":379.56,"l":"510: Res-Single Family","c":0}},{"type":"Feature","geometry":{"type":"Polygon","coordinates":[[[-82.934667,41.336399],[-82.9347,41.335568],[-82.936148,41.33561],[-82.936138,41.336412],[-82.934667,41.336399]]]},"properties":{"p":"02-05-00-0002-01","o":"RODRIGUEZ, PATRICIA G","a":"343 S CR 268","d":"Clyde-Green Springs Exempted Village School District","t":456.34,"l":"511: Res-Custom Code","c":0}},{"type":"Feature","geometry":{"type":"Polygon","coordinates":[[[-82.946156,41.265773],[-82.946153,41.265228],[-82.948104,41.265238],[-82.948101,41.265769],[-82.946156,41.265773]]]},"properties":{"p":"01-31-00-0020-00","o":"BARRY, ANTONIA K","a":"2774 CR 262","d":"Bellevue City School District","t":368.47,"l":"511: Res-Custom Code","c":0}},{"type":"Feature","geometry":{"type":"Polygon","coordinates":[[[-82.943331,41.256033],[-82.94333,41.255951],[-82.943413,41.255951],[-82.943409,41.256912],[-82.943867,41.256916],[-82.943872,41.258254],[-82.943342,41.258253],[-82.943331,41.256033]]]},"properties":{"p":"01-31-00-0006-00","o":"PUGH, SEAN B & LISA M /SURV","a":"4922 CR 113","d":"Bellevue City School District","t":445.46,"l":"501: Res-Custom Code","c":0}},{"type":"Feature","geometry":{"type":"Polygon","coordinates":[[[-82.906434,41.314041],[-82.906437,41.313749],[-82.907215,41.313754],[-82.907362,41.3137],[-82.90736,41.313792],[-82.906434,41.314133],[-82.906434,41.314041]]]},"properties":{"p":"01-09-00-0014-00","o":"HACKENBURG, ROBERT W.","a":"CR 175","d":"Bellevue City School District","t":433.39,"l":"501: Res-Custom Code","c":0}},{"type":"Feature","geometry":{"type":"Polygon","coordinates":[[[-83.124692,41.33724],[-83.12469,41.337031],[-83.125234,41.337042],[-83.125235,41.337238],[-83.124692,41.33724]]]},"properties":{"p":"34-60-00-0296-04","o":"BURNEY, TASHLAI","a":"BUSH ST","d":"Fremont City School District","t":455.81,"l":"500: Res-Vacant Land","c":0}},{"type":"Feature","geometry":{"type":"Polygon","coordinates":[[[-83.121154,41.351599],[-83.121027,41.351562],[-83.121041,41.351522],[-83.121969,41.351789],[-83.121952,41.351828],[-83.121154,41.351599]]]},"properties":{"p":"34-60-00-0142-06","o":"MARTIN, RYAN & TRISHA /SURV","a":"STATE ST W","d":"Fremont City School District","t":366.47,"l":"500: Res-Vacant Land","c":0}},{"type":"Feature","geometry":{"type":"Polygon","coordinates":[[[-83.104439,41.336392],[-83.104777,41.335939],[-83.105034,41.336049],[-83.104693,41.3365],[-83.104439,41.336392]]]},"properties":{"p":"34-50-00-6066-00","o":"BISHOP, MICHELLE K, TRUST","a":"736 FISHER DR","d":"Fremont City School District","t":421.1,"l":"510: Res-Single Family","c":0}},{"type":"Feature","geometry":{"type":"Polygon","coordinates":[[[-83.12706,41.362354],[-83.127062,41.362132],[-83.127552,41.362132],[-83.127551,41.362356],[-83.12706,41.362354]]]},"properties":{"p":"34-50-00-6120-00","o":"MOORE, BRITTANY & AUSAR","a":"1425 WHITE AVE","d":"Fremont City School District","t":440,"l":"510: Res-Single Family","c":0}},{"type":"Feature","geometry":{"type":"Polygon","coordinates":[[[-83.132882,41.362145],[-83.132888,41.36178],[-83.133071,41.361782],[-83.133065,41.362147],[-83.132882,41.362145]]]},"properties":{"p":"34-50-00-6017-00","o":"WILSON, GREGORY P.","a":"1719 OAK LN","d":"Fremont City School District","t":421.1,"l":"510: Res-Single Family","c":0}},{"type":"Feature","geometry":{"type":"Polygon","coordinates":[[[-83.13396,41.358351],[-83.133961,41.358153],[-83.134159,41.358156],[-83.134156,41.358354],[-83.13396,41.358351]]]},"properties":{"p":"34-50-00-5439-01","o":"FRANKS, TYLOR","a":"1808-1808 STEVENSON ST","d":"Fremont City School District","t":420.37,"l":"520: Res-Two Family","c":0}},{"type":"Feature","geometry":{"type":"Polygon","coordinates":[[[-83.133676,41.357502],[-83.133681,41.357185],[-83.134081,41.357189],[-83.134076,41.357505],[-83.133676,41.357502]]]},"properties":{"p":"34-50-00-5433-00","o":"HUMBARD, KYLE G","a":"1104 WESTERN AVE","d":"Fremont City School District","t":365.3,"l":"510: Res-Single Family","c":0}},{"type":"Feature","geometry":{"type":"Polygon","coordinates":[[[-83.135868,41.343437],[-83.135872,41.343297],[-83.136453,41.343296],[-83.136453,41.343436],[-83.135868,41.343437]]]},"properties":{"p":"34-50-00-5333-00","o":"CONLEY, JOHN R.","a":"325 STONE ST S","d":"Fremont City School District","t":375.57,"l":"499: Com-Other","c":0}},{"type":"Feature","geometry":{"type":"Polygon","coordinates":[[[-83.129958,41.354482],[-83.129962,41.354251],[-83.130111,41.354313],[-83.130105,41.354485],[-83.129958,41.354482]]]},"properties":{"p":"34-50-00-4035-00","o":"SCHWOCHOW, DENEEN","a":"1502 STATE ST W","d":"Fremont City School District","t":439.93,"l":"510: Res-Single Family","c":0}},{"type":"Feature","geometry":{"type":"Polygon","coordinates":[[[-82.846696,41.271684],[-82.846889,41.271256],[-82.847062,41.271301],[-82.846869,41.27173],[-82.846696,41.271684]]]},"properties":{"p":"03-50-00-1028-00","o":"BURKHART, DANNY J JR","a":"114 ASHFORD AVE","d":"Bellevue City School District","t":275,"l":"510: Res-Single Family","c":0}},{"type":"Feature","geometry":{"type":"Polygon","coordinates":[[[-82.910466,41.408139],[-82.910479,41.406744],[-82.91588,41.406787],[-82.915872,41.407837],[-82.914123,41.407811],[-82.914118,41.408559],[-82.912878,41.40854],[-82.91289,41.408175],[-82.910466,41.408139]]]},"properties":{"p":"04-09-00-0017-00","o":"KEEGAN, RICK L & KAREN A /SURV","a":"CR 280","d":"Margaretta Local School District","t":259.38,"l":"110: Agr-CAUV-Vacant Land","c":0}},{"type":"Feature","geometry":{"type":"Polygon","coordinates":[[[-82.990061,41.303042],[-82.990084,41.301414],[-82.994292,41.301424],[-82.994274,41.303194],[-82.990063,41.303218],[-82.990061,41.303042]]]},"properties":{"p":"06-14-00-0028-01","o":"SNYDER, NANCY J","a":"221 WOODLAND AVE","d":"Clyde-Green Springs Exempted Village School District","t":281.84,"l":"111: Agr-CAUV-Cash-Grain Farm","c":0}},{"type":"Feature","geometry":{"type":"MultiPolygon","coordinates":[[[[-83.037838,41.28561],[-83.037846,41.285148],[-83.039732,41.285153],[-83.039597,41.287881],[-83.037867,41.288305],[-83.037862,41.288094],[-83.0378,41.287894],[-83.037838,41.28561]]],[[[-83.038559,41.289383],[-83.038606,41.289371],[-83.038597,41.290327],[-83.039304,41.290331],[-83.039286,41.292351],[-83.037709,41.292352],[-83.037758,41.28958],[-83.038559,41.289383]]]]},"properties":{"p":"06-20-00-0016-00","o":"SANDUSKY COUNTY REGIONAL","a":"CR 197","d":"Clyde-Green Springs Exempted Village School District","t":322.63,"l":"110: Agr-CAUV-Vacant Land","c":0}},{"type":"Feature","geometry":{"type":"Polygon","coordinates":[[[-83.148707,41.340688],[-83.148716,41.340406],[-83.149211,41.34041],[-83.149202,41.340671],[-83.148962,41.340669],[-83.148962,41.34069],[-83.148707,41.340688]]]},"properties":{"p":"10-05-16-0020-03","o":"LYLE INC","a":"COLONY CT","d":"Fremont City School District","t":278.36,"l":"599: Res-Other","c":0}},{"type":"Feature","geometry":{"type":"Polygon","coordinates":[[[-83.109043,41.385515],[-83.10905,41.385364],[-83.109421,41.385364],[-83.109383,41.386116],[-83.109019,41.386116],[-83.109043,41.385515]]]},"properties":{"p":"13-15-10-0045-00","o":"MILLER, MARGUERITE","a":"PLEASANT DR","d":"Fremont City School District","t":235.85,"l":"500: Res-Vacant Land","c":0}},{"type":"Feature","geometry":{"type":"Polygon","coordinates":[[[-83.154058,41.363393],[-83.152761,41.36285],[-83.152462,41.363225],[-83.152075,41.363019],[-83.15173,41.362875],[-83.15321,41.361907],[-83.153404,41.361626],[-83.153993,41.361725],[-83.154356,41.361745],[-83.154358,41.36225],[-83.154058,41.363393]]]},"properties":{"p":"13-29-00-0017-02","o":"PANARELLA, LINDA C TRUSTEE","a":"1170 MUSKELLUNGE RD","d":"Fremont City School District","t":318.29,"l":"501: Res-Custom Code","c":0}},{"type":"Feature","geometry":{"type":"Polygon","coordinates":[[[-83.362198,41.450716],[-83.36243,41.450396],[-83.362541,41.450442],[-83.362308,41.450762],[-83.362198,41.450716]]]},"properties":{"p":"30-50-00-0007-01","o":"WOODVILLE COMMONS LLC","a":"108 11 MAIN ST E","d":"Woodmore Local School District","t":260.62,"l":"499: Com-Other","c":0}},{"type":"Feature","geometry":{"type":"Polygon","coordinates":[[[-83.072497,41.442713],[-83.072496,41.44263],[-83.073107,41.442629],[-83.073112,41.446272],[-83.072496,41.446269],[-83.072497,41.442713]]]},"properties":{"p":"31-25-00-0021-01","o":"DARR, CARROLL N & JEAN M /SURV","a":"SR 523","d":"Fremont City School District","t":226.6,"l":"599: Res-Other","c":0}},{"type":"Feature","geometry":{"type":"Polygon","coordinates":[[[-82.971536,41.305226],[-82.971848,41.305306],[-82.971537,41.305309],[-82.971536,41.305226]]]},"properties":{"p":"32-50-00-0093-00","o":"J - C READY MIX CO.","a":"CHURCH ST","d":"Clyde-Green Springs Exempted Village School District","t":247.97,"l":"400: Com-Vacant Land","c":0}},{"type":"Feature","geometry":{"type":"Polygon","coordinates":[[[-82.97411,41.307934],[-82.974302,41.307817],[-82.974655,41.308165],[-82.974465,41.308282],[-82.97411,41.307934]]]},"properties":{"p":"32-50-00-0238-00","o":"BATESOLE, JAMES D","a":"104 HAMER ST","d":"Clyde-Green Springs Exempted Village School District","t":330.06,"l":"510: Res-Single Family","c":0}},{"type":"Feature","geometry":{"type":"Polygon","coordinates":[[[-82.97316,41.308509],[-82.973362,41.308388],[-82.97372,41.308738],[-82.973526,41.308858],[-82.97316,41.308509]]]},"properties":{"p":"32-50-00-0243-00","o":"MID OHIO HOUSING SOLUTIONS LLC","a":"134 HAMER ST","d":"Clyde-Green Springs Exempted Village School District","t":300.53,"l":"410: Com-Motel","c":0}},{"type":"Feature","geometry":{"type":"Polygon","coordinates":[[[-83.126223,41.349583],[-83.126462,41.349425],[-83.126463,41.349582],[-83.126223,41.349583]]]},"properties":{"p":"34-50-00-1241-03","o":"SPEEDWAY RENTALS LLC","a":"331 LYNN ST","d":"Fremont City School District","t":296.47,"l":"510: Res-Single Family","c":0}},{"type":"Feature","geometry":{"type":"Polygon","coordinates":[[[-83.128882,41.352191],[-83.128968,41.35207],[-83.129492,41.35228],[-83.129404,41.352402],[-83.128882,41.352191]]]},"properties":{"p":"34-50-00-1329-00","o":"GOMEZ, JAMIE MORALES & RAMIREZ, ALICIA SALINAS /SURV","a":"611 GRANT ST","d":"Fremont City School District","t":270.07,"l":"510: Res-Single Family","c":0}},{"type":"Feature","geometry":{"type":"Polygon","coordinates":[[[-83.114639,41.351067],[-83.114648,41.350524],[-83.1148,41.350523],[-83.114784,41.351072],[-83.114639,41.351067]]]},"properties":{"p":"34-50-00-2987-00","o":"RAMIREZ, RACHEL","a":"403 MAY ST","d":"Fremont City School District","t":313.3,"l":"510: Res-Single Family","c":0}},{"type":"Feature","geometry":{"type":"Polygon","coordinates":[[[-83.114796,41.350646],[-83.1148,41.350523],[-83.115252,41.350518],[-83.115258,41.35066],[-83.114796,41.350646]]]},"properties":{"p":"34-50-00-2992-00","o":"GONZALES, LIZBETH VELAZQUEZ","a":"503 PARK AVE N","d":"Fremont City School District","t":280.79,"l":"510: Res-Single Family","c":0}},{"type":"Feature","geometry":{"type":"Polygon","coordinates":[[[-83.108566,41.333094],[-83.108646,41.332729],[-83.109358,41.332728],[-83.10898,41.333286],[-83.108566,41.333094]]]},"properties":{"p":"34-60-00-0283-04","o":"FRANK, RICHARD C & CYNTHIA L /SURV","a":"839 MORRISON RD","d":"Fremont City School District","t":287.34,"l":"511: Res-Custom Code","c":0}},{"type":"Feature","geometry":{"type":"Polygon","coordinates":[[[-83.094919,41.357229],[-83.094515,41.357028],[-83.09455,41.35699],[-83.09513,41.357272],[-83.094714,41.357448],[-83.094919,41.357229]]]},"properties":{"p":"34-60-00-0096-01","o":"BLACK HOLE LTD","a":"1020 FIFTH ST N","d":"Fremont City School District","t":243.24,"l":"370: Ind-Machine Shop","c":0}},{"type":"Feature","geometry":{"type":"Polygon","coordinates":[[[-83.11449,41.351062],[-83.114502,41.350526],[-83.114648,41.350524],[-83.114639,41.351067],[-83.11449,41.351062]]]},"properties":{"p":"34-50-00-2986-00","o":"PETERSEN, SHANNON","a":"401 MAY ST","d":"Fremont City School District","t":307.52,"l":"510: Res-Single Family","c":0}},{"type":"Feature","geometry":{"type":"Polygon","coordinates":[[[-83.116922,41.351137],[-83.116935,41.350848],[-83.117079,41.350908],[-83.117069,41.351141],[-83.116922,41.351137]]]},"properties":{"p":"34-50-00-2177-03","o":"PUENTE, ANISETO S & PUENTE, ANCIENTO SR","a":"615 MAY ST","d":"Fremont City School District","t":287.55,"l":"510: Res-Single Family","c":0}},{"type":"Feature","geometry":{"type":"Polygon","coordinates":[[[-83.103762,41.342701],[-83.1038,41.342567],[-83.104487,41.342752],[-83.104426,41.342878],[-83.103762,41.342701]]]},"properties":{"p":"34-50-00-2065-00","o":"OLLOM, JAMES R & NANCY M","a":"212 MORRISON ST","d":"Fremont City School District","t":294.8,"l":"530: Res-Three Family","c":0}},{"type":"Feature","geometry":{"type":"Polygon","coordinates":[[[-83.116909,41.351614],[-83.116918,41.351276],[-83.117154,41.351282],[-83.117148,41.351618],[-83.116909,41.351614]]]},"properties":{"p":"34-50-00-1888-00","o":"PUENTE, ANICETO S JR","a":"616 MAY ST","d":"Fremont City School District","t":307.7,"l":"510: Res-Single Family","c":0}},{"type":"Feature","geometry":{"type":"Polygon","coordinates":[[[-83.106088,41.339142],[-83.105316,41.338932],[-83.105389,41.338781],[-83.106244,41.339011],[-83.106169,41.339164],[-83.106088,41.339142]]]},"properties":{"p":"34-50-00-1754-00","o":"SPRINGER, STEVE","a":"458 MORRISON ST","d":"Fremont City School District","t":294.12,"l":"510: Res-Single Family","c":0}},{"type":"Feature","geometry":{"type":"Polygon","coordinates":[[[-83.10496,41.339672],[-83.105021,41.339544],[-83.106566,41.339968],[-83.106503,41.340097],[-83.10496,41.339672]]]},"properties":{"p":"34-50-00-1751-00","o":"KISER, SHANIA Q","a":"MORRISON ST","d":"Fremont City School District","t":227.26,"l":"500: Res-Vacant Land","c":0}},{"type":"Feature","geometry":{"type":"Polygon","coordinates":[[[-83.120915,41.334852],[-83.121461,41.334851],[-83.12132,41.33504],[-83.120811,41.335092],[-83.120915,41.334852]]]},"properties":{"p":"34-50-00-1627-02","o":"OMAN, JOANNE H","a":"912 TILLOTSON ST","d":"Fremont City School District","t":246.22,"l":"510: Res-Single Family","c":0}},{"type":"Feature","geometry":{"type":"Polygon","coordinates":[[[-83.129361,41.349125],[-83.129812,41.349119],[-83.129812,41.349279],[-83.12936,41.349283],[-83.129361,41.349125]]]},"properties":{"p":"34-50-00-1288-01","o":"WILLEY, HAILEY A","a":"317 HARRISON ST","d":"Fremont City School District","t":236.75,"l":"599: Res-Other","c":0}},{"type":"Feature","geometry":{"type":"Polygon","coordinates":[[[-83.119762,41.352562],[-83.119823,41.352388],[-83.120392,41.352504],[-83.120329,41.35268],[-83.119762,41.352562]]]},"properties":{"p":"34-50-00-1247-00","o":"SPRADLIN, TIMOTHY W.& TER","a":"515 RAWSON AVE","d":"Fremont City School District","t":330,"l":"510: Res-Single Family","c":0}},{"type":"Feature","geometry":{"type":"Polygon","coordinates":[[[-83.12196,41.348984],[-83.122022,41.348902],[-83.122452,41.349077],[-83.122388,41.349159],[-83.12196,41.348984]]]},"properties":{"p":"34-50-00-1015-01","o":"COOKS, TIFFANY R","a":"321 RAWSON AVE","d":"Fremont City School District","t":337.72,"l":"510: Res-Single Family","c":0}},{"type":"Feature","geometry":{"type":"Polygon","coordinates":[[[-83.108382,41.34995],[-83.108514,41.349805],[-83.108955,41.350024],[-83.108826,41.350171],[-83.108382,41.34995]]]},"properties":{"p":"34-50-00-0528-00","o":"ESCOBAR, SUZANNE S M","a":"325 ELLIOT ST","d":"Fremont City School District","t":310.35,"l":"510: Res-Single Family","c":0}},{"type":"Feature","geometry":{"type":"Polygon","coordinates":[[[-83.120093,41.349842],[-83.120378,41.349443],[-83.120539,41.349509],[-83.120257,41.349909],[-83.120093,41.349842]]]},"properties":{"p":"34-50-00-0084-00","o":"OHIO SYNDICATE, THE","a":"819 STATE ST W","d":"Fremont City School District","t":302.69,"l":"520: Res-Two Family","c":0}},{"type":"Feature","geometry":{"type":"Polygon","coordinates":[[[-83.114546,41.349378],[-83.114604,41.349301],[-83.115072,41.3495],[-83.115015,41.349576],[-83.114546,41.349378]]]},"properties":{"p":"34-50-00-0016-00","o":"ALONSO, MONICA","a":"336 JUSTICE ST","d":"Fremont City School District","t":279.29,"l":"400: Com-Vacant Land","c":0}},{"type":"Feature","geometry":{"type":"Polygon","coordinates":[[[-83.051238,41.261033],[-83.051239,41.260869],[-83.051896,41.26088],[-83.051892,41.261045],[-83.051238,41.261033]]]},"properties":{"p":"33-50-00-0120-00","o":"HILL, JASON","a":"318 BROADWAY ST N","d":"Clyde-Green Springs Exempted Village School District","t":289.03,"l":"500: Res-Vacant Land","c":0}},{"type":"Feature","geometry":{"type":"Polygon","coordinates":[[[-83.049886,41.258535],[-83.049891,41.258039],[-83.050108,41.25804],[-83.050104,41.258535],[-83.049886,41.258535]]]},"properties":{"p":"33-50-00-0017-00","o":"ZWEIFEL, VERNON","a":"202 MORGAN ST E","d":"Clyde-Green Springs Exempted Village School District","t":289.49,"l":"510: Res-Single Family","c":0}},{"type":"Feature","geometry":{"type":"Polygon","coordinates":[[[-83.061852,41.257424],[-83.061856,41.256936],[-83.062116,41.256938],[-83.062113,41.257426],[-83.061852,41.257424]]]},"properties":{"p":"33-31-00-0010-00","o":"RICE, AMY","a":"410 ADAMS ST W","d":"Clyde-Green Springs Exempted Village School District","t":261.66,"l":"540: Res-Custom Code","c":0}},{"type":"Feature","geometry":{"type":"Polygon","coordinates":[[[-83.008481,41.318637],[-83.008488,41.318424],[-83.009583,41.318429],[-83.009573,41.319154],[-83.008727,41.31891],[-83.008722,41.318701],[-83.008481,41.318637]]]},"properties":{"p":"32-60-00-0125-00","o":"HD EXPRESS MART INC","a":"CR 236","d":"Clyde-Green Springs Exempted Village School District","t":318.08,"l":"400: Com-Vacant Land","c":0}},{"type":"Feature","geometry":{"type":"Polygon","coordinates":[[[-82.975523,41.316185],[-82.974907,41.316179],[-82.974908,41.315932],[-82.975526,41.315938],[-82.975523,41.316185]]]},"properties":{"p":"32-60-00-0095-08","o":"DYMOND, AMY J & JENNIFER A /SURV","a":"MAIN ST N","d":"Clyde-Green Springs Exempted Village School District","t":233.45,"l":"501: Res-Custom Code","c":0}},{"type":"Feature","geometry":{"type":"Polygon","coordinates":[[[-82.967177,41.298611],[-82.967382,41.29861],[-82.967378,41.299163],[-82.967181,41.299231],[-82.967177,41.298611]]]},"properties":{"p":"32-60-00-0054-03","o":"DENNIS, ETHAN W","a":"433 FAIRHOME AVE","d":"Clyde-Green Springs Exempted Village School District","t":226.63,"l":"599: Res-Other","c":0}},{"type":"Feature","geometry":{"type":"Polygon","coordinates":[[[-82.998129,41.298471],[-82.997909,41.297804],[-82.998005,41.29777],[-82.998072,41.297707],[-82.999153,41.298111],[-82.999149,41.298478],[-82.998129,41.298471]]]},"properties":{"p":"32-50-00-2696-00","o":"HACKENBURG, RYAN C & AMANDA S /SURV","a":"MERLIN LN","d":"Clyde-Green Springs Exempted Village School District","t":311.34,"l":"500: Res-Vacant Land","c":0}},{"type":"Feature","geometry":{"type":"Polygon","coordinates":[[[-82.971517,41.291671],[-82.972023,41.291674],[-82.972021,41.291813],[-82.971512,41.291902],[-82.971517,41.291671]]]},"properties":{"p":"32-50-00-2344-00","o":"WIECZOREK, DEBBIE K","a":"229 NORRIS DR","d":"Clyde-Green Springs Exempted Village School District","t":237.66,"l":"540: Res-Custom Code","c":0}},{"type":"Feature","geometry":{"type":"Polygon","coordinates":[[[-82.971512,41.291902],[-82.972021,41.291813],[-82.972018,41.291952],[-82.97151,41.292011],[-82.971512,41.291902]]]},"properties":{"p":"32-50-00-2343-00","o":"WIECZOREK, DEBBIE K","a":"227 NORRIS DR","d":"Clyde-Green Springs Exempted Village School District","t":278.09,"l":"540: Res-Custom Code","c":0}},{"type":"Feature","geometry":{"type":"Polygon","coordinates":[[[-82.965876,41.30495],[-82.96616,41.304947],[-82.966162,41.305365],[-82.965881,41.305367],[-82.965876,41.30495]]]},"properties":{"p":"32-50-00-1325-00","o":"DINAN, THOMAS E","a":"522 AMES ST","d":"Clyde-Green Springs Exempted Village School District","t":252.59,"l":"510: Res-Single Family","c":0}},{"type":"Feature","geometry":{"type":"Polygon","coordinates":[[[-82.972073,41.311814],[-82.972112,41.311635],[-82.97259,41.311642],[-82.97259,41.311821],[-82.972073,41.311814]]]},"properties":{"p":"32-50-00-0690-00","o":"OVERMYER, ERIC A","a":"321 HAMER ST","d":"Clyde-Green Springs Exempted Village School District","t":222.19,"l":"510: Res-Single Family","c":0}},{"type":"Feature","geometry":{"type":"Polygon","coordinates":[[[-82.979739,41.304789],[-82.979856,41.30472],[-82.980088,41.304942],[-82.979977,41.305008],[-82.979739,41.304789]]]},"properties":{"p":"32-50-00-0486-00","o":"ROSS, MARK & ROBIN","a":"602 VINE ST","d":"Clyde-Green Springs Exempted Village School District","t":286.12,"l":"500: Res-Vacant Land","c":0}},{"type":"Feature","geometry":{"type":"Polygon","coordinates":[[[-82.970328,41.305453],[-82.970617,41.305449],[-82.970618,41.305664],[-82.97085,41.305662],[-82.970855,41.305908],[-82.97033,41.305913],[-82.970328,41.305453]]]},"properties":{"p":"32-50-00-0085-01","o":"CLYDE CHURCH STREET LLC","a":"EAST ST","d":"Clyde-Green Springs Exempted Village School District","t":255.76,"l":"400: Com-Vacant Land","c":0}},{"type":"Feature","geometry":{"type":"Polygon","coordinates":[[[-82.969307,41.305352],[-82.969307,41.305271],[-82.970146,41.305264],[-82.970148,41.305453],[-82.969449,41.30546],[-82.969307,41.305352]]]},"properties":{"p":"32-50-00-0080-00","o":"WENDLER, CINDY L","a":"118 EAST ST","d":"Clyde-Green Springs Exempted Village School District","t":302.61,"l":"510: Res-Single Family","c":0}},{"type":"Feature","geometry":{"type":"Polygon","coordinates":[[[-83.165663,41.436171],[-83.166415,41.436167],[-83.166488,41.443321],[-83.166285,41.44332],[-83.164906,41.442392],[-83.164874,41.439202],[-83.165686,41.438797],[-83.165663,41.436171]]]},"properties":{"p":"31-31-00-0005-01","o":"WETZEL, ARLENE F","a":"1182 CR 135","d":"Fremont City School District","t":330.29,"l":"599: Res-Other","c":0}},{"type":"Feature","geometry":{"type":"Polygon","coordinates":[[[-83.144875,41.454104],[-83.144878,41.453103],[-83.145083,41.453124],[-83.14562,41.453016],[-83.145855,41.453006],[-83.146841,41.453162],[-83.14699,41.453151],[-83.147982,41.452478],[-83.148517,41.452325],[-83.149855,41.452314],[-83.149852,41.454136],[-83.144875,41.454104]]]},"properties":{"p":"31-29-00-0006-02","o":"DUTY, JEFFREY D & DAWN M","a":"5196 SR 19 N","d":"Fremont City School District","t":310.75,"l":"512: Res-Custom Code","c":0}},{"type":"Feature","geometry":{"type":"Polygon","coordinates":[[[-83.086054,41.403432],[-83.086072,41.403386],[-83.086117,41.403368],[-83.086576,41.403338],[-83.086576,41.403584],[-83.086094,41.403601],[-83.086054,41.403432]]]},"properties":{"p":"31-12-04-0115-00","o":"SHORTRIDGE, WILLIAM JR & TANA","a":"2244 HARBOR HILL DR","d":"Fremont City School District","t":276.07,"l":"540: Res-Custom Code","c":0}},{"type":"Feature","geometry":{"type":"Polygon","coordinates":[[[-83.087961,41.40519],[-83.087968,41.405143],[-83.08802,41.405115],[-83.088449,41.405117],[-83.088527,41.405251],[-83.088052,41.405377],[-83.087961,41.40519]]]},"properties":{"p":"31-11-04-0046-00","o":"RAMIREZ, LEONARDO V & CELIA A /SURV","a":"1095 MILLBROOK DR","d":"Fremont City School District","t":231.19,"l":"510: Res-Single Family","c":0}},{"type":"Feature","geometry":{"type":"Polygon","coordinates":[[[-83.355524,41.451381],[-83.355555,41.451062],[-83.355606,41.451046],[-83.35559,41.450978],[-83.355813,41.45091],[-83.355909,41.451317],[-83.355541,41.451431],[-83.355524,41.451381]]]},"properties":{"p":"30-50-00-0333-01","o":"KRUSE, AMY L","a":"413 WATER ST","d":"Woodmore Local School District","t":273.33,"l":"510: Res-Single Family","c":0}},{"type":"Feature","geometry":{"type":"Polygon","coordinates":[[[-83.362649,41.48476],[-83.362669,41.486329],[-83.362409,41.486333],[-83.362384,41.484917],[-83.362649,41.48476]]]},"properties":{"p":"28-16-00-0008-00","o":"ESCOBAR, HILDA P & JOSE M","a":"6227 CR 165","d":"Woodmore Local School District","t":334.02,"l":"501: Res-Custom Code","c":0}},{"type":"Feature","geometry":{"type":"Polygon","coordinates":[[[-83.330835,41.386514],[-83.330853,41.38564],[-83.331319,41.385641],[-83.331301,41.386515],[-83.330835,41.386514]]]},"properties":{"p":"27-50-00-1017-00","o":"SKAGGS, DONALD LEE","a":"648 STEVENSON ST W","d":"Gibsonburg Exempted Village School District","t":260.24,"l":"510: Res-Single Family","c":0}},{"type":"Feature","geometry":{"type":"Polygon","coordinates":[[[-83.319617,41.383302],[-83.319991,41.383296],[-83.319986,41.383435],[-83.319616,41.383441],[-83.319617,41.383302]]]},"properties":{"p":"27-50-00-0013-00","o":"KELLER, MARK A. & LAURA J","a":"201 MAIN ST S","d":"Gibsonburg Exempted Village School District","t":235.08,"l":"429: Com-Other","c":0}},{"type":"Feature","geometry":{"type":"Polygon","coordinates":[[[-83.339485,41.373104],[-83.339487,41.373053],[-83.340786,41.373067],[-83.34076,41.373666],[-83.339459,41.373652],[-83.339485,41.373104]]]},"properties":{"p":"25-22-00-0025-00","o":"ANGELONE, THOMAS J & JODY","a":"CR 42","d":"Gibsonburg Exempted Village School District","t":254.22,"l":"599: Res-Other","c":0}},{"type":"Feature","geometry":{"type":"Polygon","coordinates":[[[-83.309805,41.40285],[-83.314598,41.402767],[-83.314522,41.406391],[-83.309698,41.406465],[-83.309732,41.402852],[-83.309805,41.40285]]]},"properties":{"p":"25-12-00-0011-00","o":"ECKEL, JACOB C","a":"CR 62","d":"Gibsonburg Exempted Village School District","t":303.66,"l":"110: Agr-CAUV-Vacant Land","c":0}},{"type":"Feature","geometry":{"type":"Polygon","coordinates":[[[-83.339802,41.326996],[-83.339781,41.325947],[-83.340608,41.325988],[-83.340592,41.325292],[-83.339768,41.325249],[-83.339762,41.32504],[-83.340824,41.325034],[-83.340816,41.324224],[-83.344623,41.324198],[-83.344665,41.326019],[-83.342722,41.3259],[-83.342731,41.32689],[-83.340661,41.326836],[-83.339803,41.327038],[-83.339802,41.326996]]]},"properties":{"p":"24-10-00-0001-05","o":"BRUBAKER, SCOTT J & VICKI L /SURV","a":"CR 42","d":"Gibsonburg Exempted Village School District","t":226.01,"l":"110: Agr-CAUV-Vacant Land","c":0}},{"type":"Feature","geometry":{"type":"Polygon","coordinates":[[[-83.378444,41.283688],[-83.379235,41.28368],[-83.379207,41.284233],[-83.378411,41.284248],[-83.378444,41.283688]]]},"properties":{"p":"23-21-00-0001-04","o":"ENDICOT, STEVE T","a":"6590 CR 21","d":"Lakota Local School District","t":221.32,"l":"560: Res-Mobile Home","c":0}},{"type":"Feature","geometry":{"type":"Polygon","coordinates":[[[-83.224211,41.420159],[-83.224387,41.420033],[-83.224551,41.420158],[-83.224337,41.420249],[-83.224211,41.420159]]]},"properties":{"p":"22-03-00-0005-00","o":"ALDRICH, JAMEY & SHEA /SURV","a":"WILLIAMS ST","d":"Fremont City School District","t":336.82,"l":"500: Res-Vacant Land","c":0}},{"type":"Feature","geometry":{"type":"Polygon","coordinates":[[[-83.216834,41.418233],[-83.216876,41.416732],[-83.216926,41.41665],[-83.216995,41.416595],[-83.217511,41.416451],[-83.218014,41.416822],[-83.217971,41.418225],[-83.216834,41.418233]]]},"properties":{"p":"22-02-00-0011-00","o":"REED, ROBERT M & CHARLENE A /SURV","a":"WALNUT ST","d":"Fremont City School District","t":304.96,"l":"501: Res-Custom Code","c":0}},{"type":"Feature","geometry":{"type":"Polygon","coordinates":[[[-83.248771,41.402246],[-83.249083,41.401821],[-83.249353,41.401931],[-83.249039,41.402356],[-83.248771,41.402246]]]},"properties":{"p":"20-95-00-0121-00","o":"GALVAN, DAVID & SANCHEZ, PEDRO C","a":"3260 CR 706","d":"Gibsonburg Exempted Village School District","t":269.1,"l":"510: Res-Single Family","c":0}},{"type":"Feature","geometry":{"type":"Polygon","coordinates":[[[-83.247457,41.402613],[-83.247571,41.402458],[-83.247832,41.40257],[-83.247721,41.402725],[-83.247457,41.402613]]]},"properties":{"p":"20-95-00-0097-00","o":"SANCHEZ, CHERYL","a":"2164 CR 707","d":"Gibsonburg Exempted Village School District","t":256.6,"l":"510: Res-Single Family","c":0}},{"type":"Feature","geometry":{"type":"Polygon","coordinates":[[[-83.28037,41.346712],[-83.280398,41.346136],[-83.281514,41.346167],[-83.281488,41.346736],[-83.28037,41.346712]]]},"properties":{"p":"20-32-00-0003-05","o":"CLARK, RICHARD J & KAY A /SURV","a":"CR 74","d":"Gibsonburg Exempted Village School District","t":226.51,"l":"599: Res-Other","c":0}},{"type":"Feature","geometry":{"type":"Polygon","coordinates":[[[-83.202029,41.411908],[-83.202049,41.411343],[-83.202812,41.411362],[-83.202793,41.411928],[-83.202029,41.411908]]]},"properties":{"p":"19-11-00-0010-01","o":"DRUCKENMILLER, DAVID J","a":"2500 CR 106","d":"Fremont City School District","t":329.36,"l":"599: Res-Other","c":0}},{"type":"Feature","geometry":{"type":"Polygon","coordinates":[[[-83.194283,41.276156],[-83.194297,41.27554],[-83.193727,41.275579],[-83.193726,41.274319],[-83.194679,41.274293],[-83.194645,41.27607],[-83.194278,41.27635],[-83.194283,41.276156]]]},"properties":{"p":"14-25-00-0008-02","o":"SELLARDS, JONATHAN","a":"2335 SR 12","d":"Lakota Local School District","t":246.82,"l":"501: Res-Custom Code","c":0}},{"type":"Feature","geometry":{"type":"Polygon","coordinates":[[[-83.300542,41.29045],[-83.300557,41.289747],[-83.301176,41.28975],[-83.301157,41.290605],[-83.300822,41.290476],[-83.300542,41.29045]]]},"properties":{"p":"14-19-00-0002-01","o":"LILLY, GARY & AMBER /SURV","a":"4595 CR 27","d":"Lakota Local School District","t":335.92,"l":"501: Res-Custom Code","c":0}},{"type":"Feature","geometry":{"type":"Polygon","coordinates":[[[-83.277831,41.312799],[-83.277996,41.312753],[-83.278194,41.313144],[-83.278023,41.313191],[-83.277831,41.312799]]]},"properties":{"p":"14-08-04-0039-00","o":"WARREN, RANDY","a":"CR 41","d":"Lakota Local School District","t":315.52,"l":"560: Res-Mobile Home","c":0}},{"type":"Feature","geometry":{"type":"Polygon","coordinates":[[[-83.179825,41.350764],[-83.179735,41.350739],[-83.179666,41.350783],[-83.17962,41.350859],[-83.17948,41.350963],[-83.179314,41.35095],[-83.179235,41.350874],[-83.179239,41.350737],[-83.179304,41.350513],[-83.17935,41.350465],[-83.179579,41.350483],[-83.179767,41.350451],[-83.180024,41.350288],[-83.180416,41.349792],[-83.1807,41.349266],[-83.181246,41.349267],[-83.180678,41.350464],[-83.180673,41.351704],[-83.179028,41.3517],[-83.179534,41.351502],[-83.17988,41.351126],[-83.179901,41.350897],[-83.179825,41.350764]]]},"properties":{"p":"13-31-00-0001-04","o":"PAETH, MICHAEL L & ELIZABETH E /SURV","a":"3626 CR 51","d":"Fremont City School District","t":268.13,"l":"511: Res-Custom Code","c":0}},{"type":"Feature","geometry":{"type":"Polygon","coordinates":[[[-83.132796,41.392162],[-83.132876,41.391424],[-83.136217,41.39149],[-83.136197,41.392234],[-83.132796,41.392162]]]},"properties":{"p":"13-16-00-0003-02","o":"SAIONZ, BRENT & GARNER, KEVIN L & SHERYL A","a":"SR 19","d":"Fremont City School District","t":281.47,"l":"501: Res-Custom Code","c":0}},{"type":"Feature","geometry":{"type":"Polygon","coordinates":[[[-83.120374,41.391659],[-83.119298,41.389846],[-83.121167,41.38985],[-83.121172,41.391283],[-83.120738,41.391287],[-83.120737,41.391661],[-83.120374,41.391659]]]},"properties":{"p":"13-15-03-0007-09","o":"QUINONES, GREGORY & LESLIE M /SURV","a":"2915 FANGBONER RD","d":"Fremont City School District","t":279.63,"l":"111: Agr-CAUV-Cash-Grain Farm","c":0}},{"type":"Feature","geometry":{"type":"Polygon","coordinates":[[[-83.111777,41.386662],[-83.111509,41.386275],[-83.11089,41.386272],[-83.110856,41.386108],[-83.111582,41.386125],[-83.112242,41.386199],[-83.112314,41.386448],[-83.112327,41.38659],[-83.111795,41.386687],[-83.111777,41.386662]]]},"properties":{"p":"13-15-00-0033-02","o":"DOSS, JODI M & JAMIE S /SURV","a":"632 GABIRCH DR","d":"Fremont City School District","t":306.65,"l":"511: Res-Custom Code","c":0}},{"type":"Feature","geometry":{"type":"Polygon","coordinates":[[[-83.087265,41.391785],[-83.087265,41.391382],[-83.087725,41.391774],[-83.087533,41.391966],[-83.087419,41.392001],[-83.087264,41.391898],[-83.087265,41.391785]]]},"properties":{"p":"13-14-00-0007-03","o":"SERRICK, KATHRYN T","a":"CR 234","d":"Fremont City School District","t":290.66,"l":"501: Res-Custom Code","c":0}},{"type":"Feature","geometry":{"type":"Polygon","coordinates":[[[-83.105251,41.299194],[-83.105245,41.298901],[-83.105087,41.29892],[-83.104947,41.298551],[-83.105409,41.298399],[-83.105791,41.299051],[-83.105882,41.299244],[-83.105253,41.299249],[-83.105251,41.299194]]]},"properties":{"p":"10-23-67-0001-01","o":"O'BRIEN, THOMAS M.","a":"3015 BUCHANAN RD","d":"Fremont City School District","t":302.57,"l":"511: Res-Custom Code","c":0}},{"type":"Feature","geometry":{"type":"Polygon","coordinates":[[[-83.159218,41.301465],[-83.159557,41.30136],[-83.159822,41.301884],[-83.159485,41.301987],[-83.159218,41.301465]]]},"properties":{"p":"10-17-64-0022-00","o":"REINECK, J. THOMAS & NORM","a":"RAMBO LN","d":"Fremont City School District","t":268.82,"l":"599: Res-Other","c":0}},{"type":"Feature","geometry":{"type":"Polygon","coordinates":[[[-83.136898,41.334797],[-83.136696,41.334621],[-83.136833,41.334531],[-83.137188,41.334839],[-83.137051,41.334929],[-83.136898,41.334797]]]},"properties":{"p":"10-04-31-0012-00","o":"WALTON, JOSEPH HARLEY & KATRINA A /SURV","a":"1711 BUCKLAND AVE","d":"Fremont City School District","t":299.15,"l":"500: Res-Vacant Land","c":0}},{"type":"Feature","geometry":{"type":"Polygon","coordinates":[[[-83.13382,41.329873],[-83.133774,41.329876],[-83.133606,41.329494],[-83.133489,41.32951],[-83.133199,41.328573],[-83.134133,41.328469],[-83.134599,41.330402],[-83.13382,41.329873]]]},"properties":{"p":"10-04-00-0078-00","o":"BIGGINS, JOLENE S & GAMERTSFELDER, CORY O","a":"CEMETERY RD","d":"Fremont City School District","t":248.92,"l":"501: Res-Custom Code","c":0}},{"type":"Feature","geometry":{"type":"Polygon","coordinates":[[[-83.088896,41.340621],[-83.088924,41.340155],[-83.089146,41.340177],[-83.08909,41.340674],[-83.088896,41.340621]]]},"properties":{"p":"10-01-04-0045-00","o":"SHELLUKE'S BAR, LLC","a":"1673 STATE ST E","d":"Fremont City School District","t":247.41,"l":"430: Com-Retaurant","c":0}},{"type":"Feature","geometry":{"type":"Polygon","coordinates":[[[-82.964033,41.370519],[-82.964038,41.37045],[-82.96886,41.371659],[-82.968859,41.371623],[-82.971156,41.3722],[-82.963995,41.372339],[-82.964033,41.370519]]]},"properties":{"p":"08-25-00-0016-00","o":"JOHN E PAYNE LLC","a":"SR 412","d":"Fremont City School District","t":311.43,"l":"110: Agr-CAUV-Vacant Land","c":0}},{"type":"Feature","geometry":{"type":"Polygon","coordinates":[[[-82.986549,41.38635],[-82.986667,41.386349],[-82.986666,41.386507],[-82.986548,41.386509],[-82.986549,41.38635]]]},"properties":{"p":"08-23-00-0002-00","o":"MEEK, CLIFFORD T.","a":"CR 247","d":"Fremont City School District","t":304.23,"l":"499: Com-Other","c":0}},{"type":"Feature","geometry":{"type":"Polygon","coordinates":[[[-83.067233,41.38379],[-83.067236,41.383651],[-83.067603,41.383653],[-83.067601,41.383792],[-83.067233,41.38379]]]},"properties":{"p":"08-19-08-0026-00","o":"MEISTER, KELLY COLLEEN","a":"BETHANY DR","d":"Fremont City School District","t":222.37,"l":"500: Res-Vacant Land","c":0}},{"type":"Feature","geometry":{"type":"Polygon","coordinates":[[[-83.067601,41.383792],[-83.067603,41.383653],[-83.067966,41.383654],[-83.067964,41.383794],[-83.067601,41.383792]]]},"properties":{"p":"08-19-08-0025-00","o":"MEISTER, KELLY COLLEEN","a":"BETHANY DR","d":"Fremont City School District","t":222.37,"l":"500: Res-Vacant Land","c":0}},{"type":"Feature","geometry":{"type":"Polygon","coordinates":[[[-83.066339,41.410681],[-83.068078,41.410663],[-83.068071,41.411282],[-83.065888,41.411185],[-83.066217,41.410683],[-83.066339,41.410681]]]},"properties":{"p":"08-07-00-0005-02","o":"INGERSOLL, SCOTT D","a":"2494 CR 198","d":"Fremont City School District","t":303.7,"l":"501: Res-Custom Code","c":0}},{"type":"Feature","geometry":{"type":"Polygon","coordinates":[[[-82.984886,41.270444],[-82.984873,41.266949],[-82.989737,41.266965],[-82.989772,41.269894],[-82.986812,41.269921],[-82.986812,41.269827],[-82.984957,41.269846],[-82.984959,41.270527],[-82.984886,41.270527],[-82.984886,41.270444]]]},"properties":{"p":"06-35-00-0001-00","o":"LEIBENGOOD, CYNTHIA M & STEINBAUER, TIMOTHY A TRUSTEES","a":"3855 CR 183","d":"Clyde-Green Springs Exempted Village School District","t":325.88,"l":"111: Agr-CAUV-Cash-Grain Farm","c":0}},{"type":"Feature","geometry":{"type":"Polygon","coordinates":[[[-82.971904,41.282061],[-82.974368,41.281891],[-82.975102,41.281895],[-82.975103,41.282407],[-82.971769,41.282402],[-82.971766,41.282118],[-82.971904,41.282061]]]},"properties":{"p":"06-25-00-0027-01","o":"GUHN, DUSTIN D.","a":"MAIN ST S","d":"Clyde-Green Springs Exempted Village School District","t":287.02,"l":"599: Res-Other","c":0}},{"type":"Feature","geometry":{"type":"Polygon","coordinates":[[[-82.96311,41.315227],[-82.963193,41.315167],[-82.963178,41.315904],[-82.962743,41.316049],[-82.962499,41.315646],[-82.96311,41.315227]]]},"properties":{"p":"06-12-00-0013-00","o":"CLEVELAND, MICHAEL J.","a":"601 SR 101","d":"Clyde-Green Springs Exempted Village School District","t":314.99,"l":"511: Res-Custom Code","c":0}},{"type":"Feature","geometry":{"type":"Polygon","coordinates":[[[-82.987935,41.325711],[-82.988011,41.325603],[-82.988262,41.325439],[-82.988295,41.325351],[-82.988286,41.325204],[-82.988234,41.325039],[-82.988178,41.324998],[-82.988068,41.324952],[-82.988009,41.324825],[-82.988012,41.324753],[-82.988069,41.324593],[-82.988067,41.324342],[-82.988175,41.324007],[-82.988192,41.323866],[-82.988189,41.323499],[-82.98807,41.323166],[-82.988054,41.32297],[-82.988031,41.322951],[-82.987808,41.322938],[-82.987701,41.322869],[-82.987631,41.322776],[-82.987557,41.32263],[-82.987435,41.32249],[-82.98724,41.321937],[-82.989224,41.321942],[-82.989249,41.325634],[-82.988409,41.325634],[-82.98842,41.328083],[-82.987365,41.328086],[-82.987303,41.327935],[-82.987251,41.327742],[-82.987242,41.327563],[-82.987259,41.327356],[-82.987246,41.327177],[-82.987343,41.326939],[-82.987313,41.326831],[-82.987345,41.326583],[-82.987226,41.326429],[-82.987222,41.326382],[-82.98748,41.326141],[-82.987571,41.325994],[-82.987764,41.325902],[-82.987851,41.325825],[-82.987935,41.325711]]]},"properties":{"p":"06-11-00-0006-07","o":"WOTT, KRISTINE A","a":"CR 246","d":"Clyde-Green Springs Exempted Village School District","t":327.41,"l":"599: Res-Other","c":0}},{"type":"Feature","geometry":{"type":"Polygon","coordinates":[[[-83.018889,41.324405],[-83.019256,41.324408],[-83.019257,41.32467],[-83.018886,41.324672],[-83.018889,41.324405]]]},"properties":{"p":"06-09-00-0024-04","o":"HICKMAN, RICKY THOMAS & ANDREW LEE","a":"CR 232","d":"Clyde-Green Springs Exempted Village School District","t":260.69,"l":"501: Res-Custom Code","c":0}},{"type":"Feature","geometry":{"type":"Polygon","coordinates":[[[-82.989222,41.331372],[-82.989252,41.328711],[-82.989747,41.328712],[-82.989739,41.329708],[-82.99022,41.32971],[-82.990221,41.329625],[-82.99176,41.32962],[-82.991747,41.331295],[-82.991441,41.331188],[-82.991309,41.331174],[-82.991087,41.33118],[-82.990468,41.33111],[-82.990278,41.331142],[-82.990075,41.33121],[-82.989969,41.331253],[-82.989717,41.331403],[-82.989571,41.331462],[-82.98944,41.331477],[-82.98932,41.33146],[-82.989276,41.331446],[-82.989222,41.331372]]]},"properties":{"p":"06-02-00-0004-00","o":"DOEBEL, MICHAEL & LISA MARIE /SURV","a":"CR 242","d":"Clyde-Green Springs Exempted Village School District","t":319.88,"l":"110: Agr-CAUV-Vacant Land","c":0}},{"type":"Feature","geometry":{"type":"Polygon","coordinates":[[[-82.937761,41.380031],[-82.937767,41.379668],[-82.938291,41.379675],[-82.938283,41.380038],[-82.937761,41.380031]]]},"properties":{"p":"04-95-00-0051-01","o":"CHAFFEE, WENDY","a":"CR 318","d":"Margaretta Local School District","t":226.22,"l":"501: Res-Custom Code","c":0}},{"type":"Feature","geometry":{"type":"Polygon","coordinates":[[[-82.935413,41.382096],[-82.935425,41.381722],[-82.936281,41.381736],[-82.936273,41.382106],[-82.935413,41.382096]]]},"properties":{"p":"04-95-00-0003-00","o":"GRIGGS, JEFFREY A & JENNIFER M","a":"1434 CR 268","d":"Margaretta Local School District","t":296.51,"l":"510: Res-Single Family","c":0}},{"type":"Feature","geometry":{"type":"Polygon","coordinates":[[[-82.923632,41.350701],[-82.923626,41.35062],[-82.924859,41.350617],[-82.924822,41.352142],[-82.923754,41.35225],[-82.923632,41.350701]]]},"properties":{"p":"04-32-00-0012-02","o":"CLONCH, MARY C","a":"CR 231","d":"Margaretta Local School District","t":279.82,"l":"501: Res-Custom Code","c":0}},{"type":"Feature","geometry":{"type":"Polygon","coordinates":[[[-82.877568,41.365385],[-82.877572,41.364989],[-82.878135,41.364992],[-82.878125,41.365463],[-82.877567,41.365463],[-82.877568,41.365385]]]},"properties":{"p":"04-27-00-0011-00","o":"HALL, DANIEL L","a":"6592 CR 237","d":"Margaretta Local School District","t":313.74,"l":"541: Res-Custom Code","c":0}},{"type":"Feature","geometry":{"type":"Polygon","coordinates":[[[-82.853074,41.376226],[-82.853084,41.375734],[-82.854852,41.375753],[-82.854844,41.376254],[-82.853074,41.376226]]]},"properties":{"p":"04-24-00-0020-00","o":"KEEGAN, JOSEPH ALAN","a":"CR 310","d":"Margaretta Local School District","t":317.6,"l":"599: Res-Other","c":0}},{"type":"Feature","geometry":{"type":"Polygon","coordinates":[[[-82.931387,41.386584],[-82.931401,41.385761],[-82.930437,41.38577],[-82.930469,41.383473],[-82.931351,41.383302],[-82.93135,41.384684],[-82.931491,41.384683],[-82.931459,41.386665],[-82.931386,41.386666],[-82.931387,41.386584]]]},"properties":{"p":"04-20-00-0026-00","o":"FRISCHE, DEB & COREY /SURV","a":"5193 CR 247","d":"Margaretta Local School District","t":294.11,"l":"501: Res-Custom Code","c":0}},{"type":"Feature","geometry":{"type":"Polygon","coordinates":[[[-82.93431,41.400809],[-82.934398,41.399336],[-82.939244,41.399503],[-82.939158,41.401328],[-82.934293,41.401154],[-82.93431,41.400809]]]},"properties":{"p":"04-18-00-0001-00","o":"PETENZI, CAROL A","a":"CR 268","d":"Margaretta Local School District","t":297.47,"l":"110: Agr-CAUV-Vacant Land","c":0}},{"type":"Feature","geometry":{"type":"Polygon","coordinates":[[[-82.852083,41.408198],[-82.852132,41.406224],[-82.853188,41.406225],[-82.853148,41.408278],[-82.852081,41.40828],[-82.852083,41.408198]]]},"properties":{"p":"04-12-00-0022-00","o":"YETTER, DAVID P & HOLLY L TRUSTEES","a":"CR 263","d":"Margaretta Local School District","t":245.26,"l":"110: Agr-CAUV-Vacant Land","c":0}},{"type":"Feature","geometry":{"type":"Polygon","coordinates":[[[-82.919867,41.408468],[-82.919871,41.407823],[-82.920477,41.407821],[-82.920476,41.408545],[-82.919866,41.40855],[-82.919867,41.408468]]]},"properties":{"p":"04-08-00-0003-00","o":"LATHAM, JEFFREY L","a":"5479 SR 6 E","d":"Margaretta Local School District","t":291.98,"l":"511: Res-Custom Code","c":0}},{"type":"Feature","geometry":{"type":"Polygon","coordinates":[[[-82.914873,41.422252],[-82.914875,41.421524],[-82.915787,41.421525],[-82.915784,41.422253],[-82.914873,41.422252]]]},"properties":{"p":"04-04-00-0007-00","o":"VOEGLE, CHRISTOPHER J & KELLY S /SURV","a":"2819 CR 280 N","d":"Margaretta Local School District","t":267.71,"l":"511: Res-Custom Code","c":0}},{"type":"Feature","geometry":{"type":"Polygon","coordinates":[[[-82.874436,41.286186],[-82.874437,41.285829],[-82.875046,41.28583],[-82.875048,41.286187],[-82.874436,41.286186]]]},"properties":{"p":"03-50-00-2345-00","o":"LOVE, JASON J & BOWLUS-LOVE, AMANDA /SURV","a":"125 COUNTRY VIEW DR","d":"Bellevue City School District","t":307.86,"l":"510: Res-Single Family","c":0}},{"type":"Feature","geometry":{"type":"Polygon","coordinates":[[[-82.85991,41.26853],[-82.85991,41.268284],[-82.8604,41.268284],[-82.860399,41.26853],[-82.85991,41.26853]]]},"properties":{"p":"03-50-00-2315-00","o":"BAUMAN, JOSEPH B & BETHANY M /SURV","a":"201 HARTLAND DR","d":"Bellevue City School District","t":288.46,"l":"510: Res-Single Family","c":0}},{"type":"Feature","geometry":{"type":"Polygon","coordinates":[[[-82.842403,41.265631],[-82.842388,41.265157],[-82.842573,41.265158],[-82.842586,41.265632],[-82.842403,41.265631]]]},"properties":{"p":"03-50-00-1248-00","o":"SMITH, COREY & CHRISTINE /SURV","a":"203 BELLE AVE","d":"Bellevue City School District","t":232.51,"l":"500: Res-Vacant Land","c":0}},{"type":"Feature","geometry":{"type":"Polygon","coordinates":[[[-82.955774,41.266753],[-82.955882,41.266743],[-82.955871,41.267547],[-82.955145,41.267545],[-82.95513,41.267379],[-82.955093,41.267284],[-82.955005,41.266816],[-82.955774,41.266753]]]},"properties":{"p":"02-31-00-0008-06","o":"NEILL, LORNA G & JERRY T /SURV","a":"CR 260","d":"Clyde-Green Springs Exempted Village School District","t":227.24,"l":"599: Res-Other","c":0}},{"type":"Feature","geometry":{"type":"Polygon","coordinates":[[[-82.948101,41.265769],[-82.9481,41.265718],[-82.948958,41.26579],[-82.949068,41.266481],[-82.949267,41.266813],[-82.948107,41.267222],[-82.948101,41.265769]]]},"properties":{"p":"01-31-00-0027-00","o":"CONTRERAS, DANIEL","a":"4787 CR 177","d":"Bellevue City School District","t":286.01,"l":"501: Res-Custom Code","c":0}},{"type":"Feature","geometry":{"type":"Polygon","coordinates":[[[-82.895559,41.281999],[-82.895715,41.281979],[-82.895734,41.283221],[-82.895455,41.28322],[-82.895429,41.282016],[-82.895559,41.281999]]]},"properties":{"p":"01-27-00-0031-00","o":"LEWIS, RANDAL","a":"6166 CR 177","d":"Bellevue City School District","t":296.41,"l":"501: Res-Custom Code","c":0}},{"type":"Feature","geometry":{"type":"Polygon","coordinates":[[[-82.858919,41.334588],[-82.858919,41.331077],[-82.860328,41.331081],[-82.860328,41.330508],[-82.859801,41.330506],[-82.859801,41.330012],[-82.85892,41.330009],[-82.858916,41.329436],[-82.861963,41.329445],[-82.861956,41.328157],[-82.863777,41.328171],[-82.863766,41.332852],[-82.86197,41.333589],[-82.861967,41.333041],[-82.860854,41.333044],[-82.860854,41.334046],[-82.85893,41.334844],[-82.858919,41.334588]]]},"properties":{"p":"01-02-00-0001-00","o":"HARTLEY GRAIN FARMS LLC","a":"CR 175","d":"Bellevue City School District","t":223.65,"l":"110: Agr-CAUV-Vacant Land","c":0}},{"type":"Feature","geometry":{"type":"Polygon","coordinates":[[[-83.120663,41.352609],[-83.120706,41.352486],[-83.12093,41.352517],[-83.121557,41.352511],[-83.121558,41.352609],[-83.120663,41.352609]]]},"properties":{"p":"34-60-00-0159-00","o":"POLLICK, JASON D & HEATHER J /SURV","a":"510 RAWSON AVE","d":"Fremont City School District","t":298.38,"l":"599: Res-Other","c":0}},{"type":"Feature","geometry":{"type":"Polygon","coordinates":[[[-83.12609,41.352302],[-83.126275,41.352039],[-83.126355,41.352039],[-83.126148,41.352326],[-83.12609,41.352302]]]},"properties":{"p":"34-60-00-0153-06","o":"MCGRADY, TERRENCE H & BARBARA C /SURV","a":"1219 STATE ST W","d":"Fremont City School District","t":272.46,"l":"420: Com-Retail-Small","c":0}},{"type":"Feature","geometry":{"type":"Polygon","coordinates":[[[-82.866243,41.2701],[-82.866242,41.270017],[-82.866632,41.27002],[-82.866644,41.271138],[-82.866255,41.271135],[-82.866243,41.2701]]]},"properties":{"p":"01-26-00-0017-04","o":"LINDER, LINDA K","a":"CR 191","d":"Bellevue City School District","t":148.27,"l":"501: Res-Custom Code","c":0}},{"type":"Feature","geometry":{"type":"Polygon","coordinates":[[[-83.030552,41.283107],[-83.030551,41.283025],[-83.031355,41.283034],[-83.031353,41.283699],[-83.030564,41.283705],[-83.030552,41.283107]]]},"properties":{"p":"06-28-00-0014-01","o":"LOPARO, JOHN J & BONNIE J /SURV","a":"2660 CR 195","d":"Clyde-Green Springs Exempted Village School District","t":143.04,"l":"599: Res-Other","c":0}},{"type":"Feature","geometry":{"type":"Polygon","coordinates":[[[-83.145888,41.369767],[-83.14617,41.369151],[-83.146151,41.369892],[-83.145888,41.369767]]]},"properties":{"p":"13-28-67-0013-00","o":"ESKER, ANTHONY E","a":"CR 57","d":"Fremont City School District","t":144.15,"l":"501: Res-Custom Code","c":0}},{"type":"Feature","geometry":{"type":"Polygon","coordinates":[[[-83.109665,41.348915],[-83.109673,41.348904],[-83.10945,41.348796],[-83.109568,41.348661],[-83.11,41.348882],[-83.109873,41.349025],[-83.109665,41.348915]]]},"properties":{"p":"34-50-00-0511-00","o":"PEREZ, MARIO A. & GARZA,","a":"227 ELLIOT ST","d":"Fremont City School District","t":159.62,"l":"510: Res-Single Family","c":0}},{"type":"Feature","geometry":{"type":"Polygon","coordinates":[[[-83.101814,41.332829],[-83.101966,41.332763],[-83.102057,41.332755],[-83.102169,41.33314],[-83.101918,41.333191],[-83.101814,41.332829]]]},"properties":{"p":"34-50-00-6237-00","o":"EM APARTMENTS OH LLC","a":"879 EAGLE CT","d":"Fremont City School District","t":184.52,"l":"510: Res-Single Family","c":0}},{"type":"Feature","geometry":{"type":"Polygon","coordinates":[[[-83.111392,41.361968],[-83.111434,41.361452],[-83.112378,41.361443],[-83.111972,41.361968],[-83.111392,41.361968]]]},"properties":{"p":"34-60-00-0350-02","o":"CASPERSON, DAVID J","a":"1403 PORT CLINTON RD","d":"Fremont City School District","t":182.8,"l":"510: Res-Single Family","c":0}},{"type":"Feature","geometry":{"type":"Polygon","coordinates":[[[-83.14211,41.360364],[-83.139224,41.360377],[-83.139222,41.360109],[-83.141759,41.360099],[-83.14211,41.360364]]]},"properties":{"p":"34-60-00-0321-02","o":"BCI LEASING INC","a":"STATE ST W","d":"Fremont City School District","t":175.29,"l":"399: Ind-Other","c":0}},{"type":"Feature","geometry":{"type":"Polygon","coordinates":[[[-83.121553,41.352019],[-83.121439,41.351876],[-83.121154,41.351599],[-83.121952,41.351828],[-83.121871,41.35202],[-83.121553,41.352019]]]},"properties":{"p":"34-60-00-0142-05","o":"MARTIN, RYAN & TRISHA /SURV","a":"RAWSON AVE","d":"Fremont City School District","t":157.85,"l":"500: Res-Vacant Land","c":0}},{"type":"Feature","geometry":{"type":"Polygon","coordinates":[[[-83.105039,41.347838],[-83.105157,41.3477],[-83.105559,41.347902],[-83.105439,41.348041],[-83.105039,41.347838]]]},"properties":{"p":"34-60-00-0131-02","o":"UPTON, RYAN & NICHOLE /SURV","a":"321 OHIO AVE","d":"Fremont City School District","t":172.7,"l":"599: Res-Other","c":0}},{"type":"Feature","geometry":{"type":"Polygon","coordinates":[[[-83.097398,41.337675],[-83.097534,41.337584],[-83.097976,41.337815],[-83.097866,41.338044],[-83.097398,41.337675]]]},"properties":{"p":"34-50-00-5826-00","o":"ORTEGA, MICHELLE J","a":"1348 FLEETWOOD DR","d":"Fremont City School District","t":178.63,"l":"510: Res-Single Family","c":0}},{"type":"Feature","geometry":{"type":"Polygon","coordinates":[[[-83.113901,41.353517],[-83.1139,41.353411],[-83.114324,41.353413],[-83.114324,41.35352],[-83.113901,41.353517]]]},"properties":{"p":"34-50-00-3977-00","o":"LEVARIO, RUDOLFO JR","a":"812 MILTON ST","d":"Fremont City School District","t":141.39,"l":"510: Res-Single Family","c":0}},{"type":"Feature","geometry":{"type":"Polygon","coordinates":[[[-83.1139,41.353835],[-83.113901,41.35373],[-83.114323,41.353732],[-83.114323,41.353837],[-83.1139,41.353835]]]},"properties":{"p":"34-50-00-3974-00","o":"PALACIOS, WALTER T & ROSENDA B /SURV","a":"822 MILTON ST","d":"Fremont City School District","t":180.04,"l":"510: Res-Single Family","c":0}},{"type":"Feature","geometry":{"type":"Polygon","coordinates":[[[-83.118843,41.359279],[-83.118892,41.359138],[-83.119345,41.359139],[-83.119297,41.35928],[-83.118843,41.359279]]]},"properties":{"p":"34-50-00-3725-00","o":"CRESS, DAVID W & TRACIE S/ SURV","a":"1015 CLEVELAND AVE","d":"Fremont City School District","t":209.97,"l":"510: Res-Single Family","c":0}},{"type":"Feature","geometry":{"type":"Polygon","coordinates":[[[-83.114071,41.350681],[-83.113687,41.350674],[-83.113744,41.350533],[-83.114218,41.350528],[-83.114215,41.350684],[-83.114071,41.350681]]]},"properties":{"p":"34-50-00-2979-00","o":"OLLOM, JAMES R & NANCY M /SURV","a":"506 FRONT ST N","d":"Fremont City School District","t":183.24,"l":"455: Com-Garage","c":0}},{"type":"Feature","geometry":{"type":"Polygon","coordinates":[[[-83.127723,41.361234],[-83.127737,41.360879],[-83.127932,41.36088],[-83.127922,41.361235],[-83.127723,41.361234]]]},"properties":{"p":"34-50-00-2796-00","o":"VOLLMAR, TRAVIS & KLINE, DIANNA /SURV","a":"1315 NORTH ST","d":"Fremont City School District","t":146.77,"l":"560: Res-Mobile Home","c":0}},{"type":"Feature","geometry":{"type":"Polygon","coordinates":[[[-83.112625,41.34054],[-83.112626,41.34029],[-83.113044,41.340478],[-83.113044,41.340541],[-83.112625,41.34054]]]},"properties":{"p":"34-50-00-2045-00","o":"AGUILAR, JOAQUIN SR & DOREEN A /SURV","a":"614 61 BIDWELL AVE","d":"Fremont City School District","t":183.69,"l":"500: Res-Vacant Land","c":0}},{"type":"Feature","geometry":{"type":"Polygon","coordinates":[[[-83.106794,41.347505],[-83.106824,41.347471],[-83.107006,41.347561],[-83.10688,41.347708],[-83.106695,41.347616],[-83.106794,41.347505]]]},"properties":{"p":"34-50-00-1178-00","o":"SIMS, JANIE M.","a":"315 MIDDLE ST","d":"Fremont City School District","t":171.54,"l":"510: Res-Single Family","c":0}},{"type":"Feature","geometry":{"type":"Polygon","coordinates":[[[-83.122276,41.34806],[-83.122421,41.348059],[-83.122421,41.348422],[-83.122273,41.348424],[-83.122276,41.34806]]]},"properties":{"p":"34-50-00-0983-00","o":"WONDERLY, ZACHARY M & MEGAN J /SURV","a":"929 NAPOLEON ST","d":"Fremont City School District","t":168.64,"l":"499: Com-Other","c":0}},{"type":"Feature","geometry":{"type":"Polygon","coordinates":[[[-83.101599,41.353776],[-83.101728,41.35363],[-83.102126,41.353828],[-83.101999,41.353973],[-83.101599,41.353776]]]},"properties":{"p":"34-50-00-0882-00","o":"COOPER, BOBBIE G","a":"643 SECOND ST","d":"Fremont City School District","t":173.37,"l":"510: Res-Single Family","c":0}},{"type":"Feature","geometry":{"type":"Polygon","coordinates":[[[-83.103803,41.347354],[-83.103917,41.347219],[-83.10431,41.34742],[-83.104198,41.347552],[-83.103803,41.347354]]]},"properties":{"p":"34-50-00-0571-00","o":"GONZALEZ, IVONNE YESENIA","a":"309 FOURTH ST","d":"Fremont City School District","t":213.79,"l":"510: Res-Single Family","c":0}},{"type":"Feature","geometry":{"type":"Polygon","coordinates":[[[-83.107677,41.349923],[-83.107779,41.349813],[-83.108228,41.350038],[-83.108127,41.350149],[-83.107677,41.349923]]]},"properties":{"p":"34-50-00-0525-00","o":"STACEY, STEVEN J","a":"338 SANDUSKY AVE","d":"Fremont City School District","t":197.36,"l":"510: Res-Single Family","c":0}},{"type":"Feature","geometry":{"type":"Polygon","coordinates":[[[-83.106232,41.346193],[-83.106444,41.345757],[-83.10662,41.345805],[-83.106408,41.346241],[-83.106232,41.346193]]]},"properties":{"p":"34-50-00-0479-00","o":"FARMER, RICHARD J II","a":"408 STATE ST E","d":"Fremont City School District","t":178.52,"l":"480: Com-Warehouse","c":0}},{"type":"Feature","geometry":{"type":"Polygon","coordinates":[[[-83.115363,41.349302],[-83.115505,41.349115],[-83.115968,41.34931],[-83.115837,41.349501],[-83.115363,41.349302]]]},"properties":{"p":"34-50-00-0021-00","o":"FLOWER REAL ESTATE HOLDINGS LLC","a":"PARK AVE","d":"Fremont City School District","t":213.04,"l":"456: Com-Parking Garage","c":0}},{"type":"Feature","geometry":{"type":"Polygon","coordinates":[[[-83.114519,41.348724],[-83.114633,41.348571],[-83.114768,41.34863],[-83.114655,41.348782],[-83.114519,41.348724]]]},"properties":{"p":"34-50-00-0007-02","o":"ALONSO, MONICA","a":"317 JUSTICE ST","d":"Fremont City School District","t":198.47,"l":"400: Com-Vacant Land","c":0}},{"type":"Feature","geometry":{"type":"Polygon","coordinates":[[[-83.049902,41.257319],[-83.049905,41.257066],[-83.050125,41.257069],[-83.050121,41.25732],[-83.049902,41.257319]]]},"properties":{"p":"33-50-00-0035-00","o":"HEMMINGER, DANIEL","a":"22 ADAMS ST E","d":"Clyde-Green Springs Exempted Village School District","t":191.06,"l":"599: Res-Other","c":0}},{"type":"Feature","geometry":{"type":"Polygon","coordinates":[[[-83.051286,41.257162],[-83.051289,41.256995],[-83.051948,41.257003],[-83.051946,41.25717],[-83.051286,41.257162]]]},"properties":{"p":"33-50-00-0029-00","o":"GREENSPRINGS MARATHON LLC","a":"104 BROADWAY ST N","d":"Clyde-Green Springs Exempted Village School District","t":213.84,"l":"421: Com-Supermarket","c":0}},{"type":"Feature","geometry":{"type":"Polygon","coordinates":[[[-82.971733,41.30955],[-82.971882,41.309256],[-82.972198,41.30934],[-82.97204,41.309654],[-82.971733,41.30955]]]},"properties":{"p":"32-60-00-0033-05","o":"HOLCOMB HOLDINGS OHIO LLC","a":"219 MCPHERSON HWY E","d":"Clyde-Green Springs Exempted Village School District","t":187.97,"l":"401: Com-Apartment- 4 to 19","c":0}},{"type":"Feature","geometry":{"type":"Polygon","coordinates":[[[-82.993199,41.293526],[-82.993449,41.293367],[-82.993901,41.293675],[-82.993537,41.29393],[-82.993199,41.293526]]]},"properties":{"p":"32-50-00-2628-00","o":"GARCIA, RENE & AMY L /SURV","a":"221 WOODHAVEN CRES","d":"Clyde-Green Springs Exempted Village School District","t":191.01,"l":"500: Res-Vacant Land","c":0}},{"type":"Feature","geometry":{"type":"Polygon","coordinates":[[[-82.996586,41.295489],[-82.996928,41.295325],[-82.997047,41.29576],[-82.99687,41.295841],[-82.996586,41.295489]]]},"properties":{"p":"32-50-00-2445-00","o":"EDWARDS, JERALD C & DEBRA K /SURV","a":"MAPLE ST S","d":"Clyde-Green Springs Exempted Village School District","t":171.84,"l":"500: Res-Vacant Land","c":0}},{"type":"Feature","geometry":{"type":"Polygon","coordinates":[[[-82.964797,41.305512],[-82.964981,41.305509],[-82.964982,41.30596],[-82.964798,41.30596],[-82.964797,41.305512]]]},"properties":{"p":"32-50-00-2150-00","o":"HILL, THOMAS & MARIA CRISTINA GONZALES /SURV","a":"122 RALSTON AVE","d":"Clyde-Green Springs Exempted Village School District","t":148.6,"l":"500: Res-Vacant Land","c":0}},{"type":"Feature","geometry":{"type":"Polygon","coordinates":[[[-82.970447,41.300747],[-82.97063,41.300745],[-82.970625,41.301199],[-82.97044,41.301201],[-82.970447,41.300747]]]},"properties":{"p":"32-50-00-1377-00","o":"BURROUGHS, MICHAEL & LOUANN /SURV","a":"317 GRANT ST E","d":"Clyde-Green Springs Exempted Village School District","t":175.08,"l":"540: Res-Custom Code","c":0}},{"type":"Feature","geometry":{"type":"Polygon","coordinates":[[[-82.987282,41.301466],[-82.987286,41.30126],[-82.987736,41.30126],[-82.987733,41.301466],[-82.987282,41.301466]]]},"properties":{"p":"32-50-00-0835-00","o":"WONDERLY, NATHAN R","a":"HICKORY ST","d":"Clyde-Green Springs Exempted Village School District","t":217.05,"l":"500: Res-Vacant Land","c":0}},{"type":"Feature","geometry":{"type":"Polygon","coordinates":[[[-82.984774,41.303304],[-82.985014,41.303302],[-82.985009,41.303692],[-82.98477,41.303693],[-82.984774,41.303304]]]},"properties":{"p":"32-50-00-0723-00","o":"KOEBS INVESTMENTS LLC","a":"253 VINE ST","d":"Clyde-Green Springs Exempted Village School District","t":172.85,"l":"500: Res-Vacant Land","c":0}},{"type":"Feature","geometry":{"type":"Polygon","coordinates":[[[-82.97598,41.299668],[-82.97622,41.299669],[-82.976217,41.299848],[-82.97598,41.299849],[-82.97598,41.299668]]]},"properties":{"p":"32-50-00-0407-04","o":"WOOD, VIRGINIA L.","a":"SPRING AVE REAR","d":"Clyde-Green Springs Exempted Village School District","t":195.41,"l":"500: Res-Vacant Land","c":0}},{"type":"Feature","geometry":{"type":"Polygon","coordinates":[[[-82.974984,41.304593],[-82.974984,41.304564],[-82.975392,41.304566],[-82.975392,41.304597],[-82.974984,41.304593]]]},"properties":{"p":"32-50-00-0343-08","o":"KINDRED, RENEE L.","a":"123 MAIN ST S","d":"Clyde-Green Springs Exempted Village School District","t":161.8,"l":"420: Com-Retail-Small","c":0}},{"type":"Feature","geometry":{"type":"Polygon","coordinates":[[[-82.981446,41.302338],[-82.98449,41.300267],[-82.984493,41.30045],[-82.983299,41.301264],[-82.98156,41.302442],[-82.981446,41.302338]]]},"properties":{"p":"32-14-00-0036-00","o":"LEITER, KIM L & SCOTT M","a":"RACE STREET","d":"Clyde-Green Springs Exempted Village School District","t":163.55,"l":"400: Com-Vacant Land","c":0}},{"type":"Feature","geometry":{"type":"Polygon","coordinates":[[[-83.173854,41.451482],[-83.173848,41.450884],[-83.175326,41.450881],[-83.17533,41.451477],[-83.173854,41.451482]]]},"properties":{"p":"31-30-00-0006-00","o":"WEICHMAN, PETER A & SHIRLEY Y /SURV","a":"3880 CR 128","d":"Fremont City School District","t":199.62,"l":"511: Res-Custom Code","c":0}},{"type":"Feature","geometry":{"type":"Polygon","coordinates":[[[-83.115107,41.457343],[-83.115126,41.455582],[-83.11612,41.455599],[-83.1161,41.457415],[-83.115106,41.457398],[-83.115107,41.457343]]]},"properties":{"p":"31-27-00-0010-04","o":"PETERSEN, RICHARD M JR","a":"439 CR 157","d":"Fremont City School District","t":179.47,"l":"501: Res-Custom Code","c":0}},{"type":"Feature","geometry":{"type":"Polygon","coordinates":[[[-83.088515,41.405858],[-83.088451,41.405836],[-83.088675,41.405506],[-83.088824,41.405507],[-83.088822,41.405891],[-83.088667,41.405887],[-83.088515,41.405858]]]},"properties":{"p":"31-11-04-0043-00","o":"SPANFELLNER, PHILIP LEE","a":"1071 MILLBROOK DR","d":"Fremont City School District","t":151.45,"l":"510: Res-Single Family","c":0}},{"type":"Feature","geometry":{"type":"Polygon","coordinates":[[[-83.105969,41.413029],[-83.105978,41.412727],[-83.10681,41.412728],[-83.106803,41.413032],[-83.105969,41.413029]]]},"properties":{"p":"31-11-00-0039-03","o":"DAVIS, ALBERT W","a":"2549 CR 170","d":"Fremont City School District","t":202.64,"l":"599: Res-Other","c":0}},{"type":"Feature","geometry":{"type":"Polygon","coordinates":[[[-83.367284,41.458738],[-83.377395,41.46895],[-83.377402,41.469431],[-83.369216,41.461129],[-83.369069,41.461091],[-83.367281,41.459284],[-83.367284,41.458738]]]},"properties":{"p":"28-21-00-0046-00","o":"PENN RR CO","a":"","d":"Woodmore Local School District","t":188.23,"l":"840: Utl-Railroad Real Operating","c":0}},{"type":"Feature","geometry":{"type":"Polygon","coordinates":[[[-83.315436,41.382799],[-83.31595,41.38279],[-83.315941,41.383036],[-83.31543,41.383045],[-83.315436,41.382799]]]},"properties":{"p":"27-50-00-0661-00","o":"KERRIGAN, THOMAS L","a":"405 YEASTING ST E","d":"Gibsonburg Exempted Village School District","t":141.65,"l":"500: Res-Vacant Land","c":0}},{"type":"Feature","geometry":{"type":"Polygon","coordinates":[[[-83.416298,41.342323],[-83.416312,41.341291],[-83.417292,41.341289],[-83.417275,41.342143],[-83.416456,41.342146],[-83.416444,41.342323],[-83.416298,41.342323]]]},"properties":{"p":"25-31-00-0016-00","o":"TRUCKERS WELCOME REST STO","a":"7582 SR 6","d":"Gibsonburg Exempted Village School District","t":173.78,"l":"429: Com-Other","c":0}},{"type":"Feature","geometry":{"type":"Polygon","coordinates":[[[-83.342169,41.370143],[-83.342173,41.37006],[-83.342879,41.370067],[-83.342844,41.370937],[-83.342136,41.370928],[-83.342169,41.370143]]]},"properties":{"p":"25-22-00-0020-03","o":"MILLER, BRUCE A & VALERIE J TRUSTEES","a":"CR 65","d":"Gibsonburg Exempted Village School District","t":168.03,"l":"500: Res-Vacant Land","c":0}},{"type":"Feature","geometry":{"type":"Polygon","coordinates":[[[-83.375458,41.400686],[-83.375458,41.400027],[-83.377482,41.400031],[-83.377473,41.400694],[-83.375458,41.400686]]]},"properties":{"p":"25-09-00-0001-03","o":"JIVIDEN, JEFFREY L","a":"CR 26","d":"Gibsonburg Exempted Village School District","t":207.67,"l":"501: Res-Custom Code","c":0}},{"type":"Feature","geometry":{"type":"Polygon","coordinates":[[[-83.354245,41.31239],[-83.355103,41.312382],[-83.355106,41.312726],[-83.354597,41.312729],[-83.354601,41.31321],[-83.354255,41.313212],[-83.354245,41.31239]]]},"properties":{"p":"24-15-00-0003-07","o":"HOVIS, RONALD J","a":"5987 CR 41","d":"Gibsonburg Exempted Village School District","t":206.34,"l":"111: Agr-CAUV-Cash-Grain Farm","c":0}},{"type":"Feature","geometry":{"type":"Polygon","coordinates":[[[-83.35926,41.321716],[-83.360333,41.321698],[-83.360351,41.322207],[-83.359168,41.322226],[-83.359151,41.321717],[-83.35926,41.321716]]]},"properties":{"p":"24-09-00-0001-11","o":"WILLIAMS, CLYDE W & CLYDE","a":"800 CR 32","d":"Gibsonburg Exempted Village School District","t":170.31,"l":"562: Res-Custom Code","c":0}},{"type":"Feature","geometry":{"type":"Polygon","coordinates":[[[-83.365779,41.33092],[-83.368996,41.330812],[-83.369139,41.341298],[-83.366063,41.341286],[-83.365779,41.33092]]]},"properties":{"p":"24-04-00-0004-00","o":"POWERS, ALAN D & NORMAN L","a":"6327 SR 6","d":"Gibsonburg Exempted Village School District","t":165.95,"l":"111: Agr-CAUV-Cash-Grain Farm","c":0}},{"type":"Feature","geometry":{"type":"Polygon","coordinates":[[[-83.357945,41.330419],[-83.357949,41.330193],[-83.358372,41.330193],[-83.358567,41.330048],[-83.358561,41.329855],[-83.359434,41.329849],[-83.359458,41.330548],[-83.358545,41.330571],[-83.358558,41.330911],[-83.358489,41.330911],[-83.358482,41.330733],[-83.357561,41.330698],[-83.35758,41.330423],[-83.357945,41.330419]]]},"properties":{"p":"24-03-00-0005-03","o":"WEST, MICHAEL C. & ELIZAB","a":"491 CR 32","d":"Gibsonburg Exempted Village School District","t":171.56,"l":"599: Res-Other","c":0}},{"type":"Feature","geometry":{"type":"Polygon","coordinates":[[[-83.338007,41.297715],[-83.338049,41.296888],[-83.339699,41.296904],[-83.33965,41.297734],[-83.338007,41.297715]]]},"properties":{"p":"23-23-00-0010-02","o":"MANUEL, MICHAEL J & TINA","a":"CR 42","d":"Lakota Local School District","t":166.21,"l":"501: Res-Custom Code","c":0}},{"type":"Feature","geometry":{"type":"Polygon","coordinates":[[[-83.406028,41.319602],[-83.407923,41.319568],[-83.408018,41.323235],[-83.398395,41.323439],[-83.398282,41.319738],[-83.406028,41.319602]]]},"properties":{"p":"23-07-00-0012-00","o":"POWERS, ALAN D & NORMAN L","a":"824 CR 10 S","d":"Lakota Local School District","t":177.68,"l":"111: Agr-CAUV-Cash-Grain Farm","c":0}},{"type":"Feature","geometry":{"type":"Polygon","coordinates":[[[-83.219976,41.419791],[-83.219981,41.419656],[-83.220176,41.419654],[-83.220171,41.41979],[-83.219976,41.419791]]]},"properties":{"p":"22-50-00-0044-01","o":"RASH, PAUL A & EVELYN Y /SURV","a":"222 MAPLE ST","d":"Fremont City School District","t":204.12,"l":"599: Res-Other","c":0}},{"type":"Feature","geometry":{"type":"Polygon","coordinates":[[[-83.247682,41.402308],[-83.247939,41.401959],[-83.248205,41.402069],[-83.247947,41.402421],[-83.247682,41.402308]]]},"properties":{"p":"20-95-00-0117-00","o":"SANCHEZ, CHERYL","a":"3243 CR 707","d":"Gibsonburg Exempted Village School District","t":184.67,"l":"510: Res-Single Family","c":0}},{"type":"Feature","geometry":{"type":"Polygon","coordinates":[[[-83.299524,41.352787],[-83.299601,41.351165],[-83.301125,41.351164],[-83.301402,41.351603],[-83.301341,41.352892],[-83.299524,41.352787]]]},"properties":{"p":"20-31-00-0004-03","o":"SHAFER, JOHN H & SHERIL J /SURV","a":"CR 66","d":"Gibsonburg Exempted Village School District","t":175.52,"l":"110: Agr-CAUV-Vacant Land","c":0}},{"type":"Feature","geometry":{"type":"Polygon","coordinates":[[[-83.282784,41.385403],[-83.28341,41.385401],[-83.283367,41.386722],[-83.282736,41.386731],[-83.282784,41.385403]]]},"properties":{"p":"20-18-00-0008-00","o":"VALLEJO, ROBERT JR","a":"SR 600","d":"Gibsonburg Exempted Village School District","t":151.14,"l":"599: Res-Other","c":0}},{"type":"Feature","geometry":{"type":"Polygon","coordinates":[[[-83.260559,41.409846],[-83.260585,41.409082],[-83.262561,41.409907],[-83.262256,41.410388],[-83.260559,41.409846]]]},"properties":{"p":"20-08-00-0018-00","o":"HULIHAN, EDWARD J & LEWIS, CONNIE L","a":"3662 SR 20 W","d":"Gibsonburg Exempted Village School District","t":193.93,"l":"511: Res-Custom Code","c":0}},{"type":"Feature","geometry":{"type":"Polygon","coordinates":[[[-83.293214,41.341403],[-83.293342,41.341402],[-83.293343,41.341607],[-83.293219,41.341609],[-83.293214,41.341403]]]},"properties":{"p":"18-50-00-0025-02","o":"WARREN, MICHAEL","a":"245 MAIN ST","d":"Gibsonburg Exempted Village School District","t":189.88,"l":"510: Res-Single Family","c":0}},{"type":"Feature","geometry":{"type":"Polygon","coordinates":[[[-83.293431,41.341401],[-83.293614,41.341398],[-83.29362,41.34181],[-83.293436,41.341812],[-83.293431,41.341401]]]},"properties":{"p":"18-50-00-0024-00","o":"ELSWICK, LENNY B","a":"241 MAIN ST","d":"Gibsonburg Exempted Village School District","t":179.81,"l":"429: Com-Other","c":0}},{"type":"Feature","geometry":{"type":"Polygon","coordinates":[[[-83.248521,41.268578],[-83.248795,41.268398],[-83.248789,41.268583],[-83.248521,41.268578]]]},"properties":{"p":"16-50-00-0047-00","o":"SIMMONS, LEONARD III","a":"MAIN ST","d":"Lakota Local School District","t":170.38,"l":"500: Res-Vacant Land","c":0}},{"type":"Feature","geometry":{"type":"Polygon","coordinates":[[[-83.24885,41.268584],[-83.248856,41.268404],[-83.249497,41.268415],[-83.249492,41.268594],[-83.24885,41.268584]]]},"properties":{"p":"16-50-00-0041-00","o":"SIMMONS, LEONARD III","a":"2571 ZILPHIA ST","d":"Lakota Local School District","t":155.69,"l":"510: Res-Single Family","c":0}},{"type":"Feature","geometry":{"type":"Polygon","coordinates":[[[-83.28681,41.323913],[-83.286883,41.323908],[-83.286883,41.326373],[-83.286926,41.326461],[-83.287057,41.326544],[-83.286062,41.326546],[-83.284523,41.324062],[-83.28681,41.323913]]]},"properties":{"p":"14-07-00-0004-00","o":"NIESET, CRAIG L TRUSTEE","a":"CR 72","d":"Lakota Local School District","t":204.17,"l":"110: Agr-CAUV-Vacant Land","c":0}},{"type":"Feature","geometry":{"type":"Polygon","coordinates":[[[-83.141442,41.351848],[-83.141442,41.351765],[-83.141949,41.351763],[-83.141949,41.351996],[-83.141443,41.351997],[-83.141442,41.351848]]]},"properties":{"p":"13-33-40-0008-00","o":"SCHNEIDER, DAWN M & SAMMANTHA S /SURV","a":"WHITE RD","d":"Fremont City School District","t":207.37,"l":"500: Res-Vacant Land","c":0}},{"type":"Feature","geometry":{"type":"Polygon","coordinates":[[[-83.175109,41.368291],[-83.175106,41.368187],[-83.175727,41.368184],[-83.175722,41.367849],[-83.175919,41.367847],[-83.175923,41.368285],[-83.175109,41.368291]]]},"properties":{"p":"13-30-00-0015-06","o":"GULLETT, DENNIS D. & CARL","a":"CR 128","d":"Fremont City School District","t":167.89,"l":"599: Res-Other","c":0}},{"type":"Feature","geometry":{"type":"Polygon","coordinates":[[[-83.13005,41.36779],[-83.130055,41.367484],[-83.130359,41.367484],[-83.130356,41.367797],[-83.13005,41.36779]]]},"properties":{"p":"13-28-00-0046-04","o":"BULGER, DEANNA R & JANELL","a":"1685 DICKINSON ST","d":"Fremont City School District","t":204.36,"l":"501: Res-Custom Code","c":0}},{"type":"Feature","geometry":{"type":"Polygon","coordinates":[[[-83.068077,41.410772],[-83.068106,41.409874],[-83.069289,41.409873],[-83.069252,41.41077],[-83.068077,41.410772]]]},"properties":{"p":"13-12-00-0004-03","o":"ZILLES, ALEX H & MYERS, LINDSI L /SURV","a":"CR 198","d":"Fremont City School District","t":143.89,"l":"501: Res-Custom Code","c":0}},{"type":"Feature","geometry":{"type":"MultiPolygon","coordinates":[[[[-83.069252,41.41077],[-83.069289,41.409873],[-83.077197,41.409855],[-83.077221,41.409906],[-83.072535,41.409922],[-83.072525,41.410766],[-83.069252,41.41077]]],[[[-83.077296,41.409906],[-83.077273,41.409856],[-83.07739,41.409856],[-83.077523,41.409856],[-83.077541,41.409905],[-83.077296,41.409906]]]]},"properties":{"p":"13-12-00-0004-00","o":"SMYTHE, ANDREA L & TRENTON L /SURV","a":"CR 234","d":"Fremont City School District","t":170.02,"l":"501: Res-Custom Code","c":0}},{"type":"Feature","geometry":{"type":"Polygon","coordinates":[[[-83.070925,41.296921],[-83.070931,41.296754],[-83.071657,41.296755],[-83.071651,41.296928],[-83.070925,41.296921]]]},"properties":{"p":"12-24-00-0006-02","o":"QUINONES, ANNA & JESUS & EDWARDO & JOSE & ROSALINDA & ALMA","a":"CR 198","d":"Clyde-Green Springs Exempted Village School District","t":199.17,"l":"501: Res-Custom Code","c":0}},{"type":"Feature","geometry":{"type":"Polygon","coordinates":[[[-83.167342,41.298054],[-83.167371,41.29749],[-83.167743,41.297519],[-83.167704,41.298096],[-83.167342,41.298054]]]},"properties":{"p":"10-20-66-0012-00","o":"WAGONER, JAIME L & BRIAN /SURV","a":"LEVEL DR","d":"Fremont City School District","t":184.6,"l":"500: Res-Vacant Land","c":0}},{"type":"Feature","geometry":{"type":"Polygon","coordinates":[[[-83.105782,41.307544],[-83.105891,41.307543],[-83.105925,41.313764],[-83.100967,41.313782],[-83.101026,41.307571],[-83.105782,41.307544]]]},"properties":{"p":"10-14-00-0009-00","o":"LINDSAY, TODD L","a":"2301 CR 172 S","d":"Fremont City School District","t":188.56,"l":"111: Agr-CAUV-Cash-Grain Farm","c":0}},{"type":"Feature","geometry":{"type":"Polygon","coordinates":[[[-83.117677,41.320419],[-83.11811,41.320404],[-83.11811,41.320755],[-83.117677,41.320771],[-83.117677,41.320419]]]},"properties":{"p":"10-10-41-0036-00","o":"STEINLE, STEPHEN A II & KAITLYN A /SURV","a":"DIEHR PLACE","d":"Fremont City School District","t":163.54,"l":"500: Res-Vacant Land","c":0}},{"type":"Feature","geometry":{"type":"Polygon","coordinates":[[[-83.113382,41.325437],[-83.113819,41.324571],[-83.115003,41.324914],[-83.115571,41.324881],[-83.115583,41.325537],[-83.114464,41.325314],[-83.114234,41.325968],[-83.113382,41.325437]]]},"properties":{"p":"10-10-00-0078-03","o":"VALONE, CHARLES L.,JR.,TR","a":"MORRISON RD","d":"Fremont City School District","t":187.08,"l":"501: Res-Custom Code","c":0}},{"type":"Feature","geometry":{"type":"Polygon","coordinates":[[[-83.138506,41.337727],[-83.138519,41.337316],[-83.138633,41.337314],[-83.138632,41.337729],[-83.138506,41.337727]]]},"properties":{"p":"10-04-26-0054-02","o":"WYLKAN, PHILLIP T & WYLYKANOWITZ, AMY G TRUSTEES","a":"THIRD AVE","d":"Fremont City School District","t":204.39,"l":"500: Res-Vacant Land","c":0}},{"type":"Feature","geometry":{"type":"Polygon","coordinates":[[[-83.138495,41.33809],[-83.138506,41.337727],[-83.138632,41.337729],[-83.138691,41.337991],[-83.139173,41.338],[-83.139169,41.338104],[-83.138495,41.33809]]]},"properties":{"p":"10-04-26-0053-02","o":"WYLKAN, PHILLIP T & WYLYKANOWITZ, AMY G TRUSTEES","a":"THIRD AVE","d":"Fremont City School District","t":160.78,"l":"501: Res-Custom Code","c":0}},{"type":"Feature","geometry":{"type":"Polygon","coordinates":[[[-83.142598,41.332613],[-83.142851,41.332487],[-83.143161,41.33284],[-83.142909,41.332966],[-83.142598,41.332613]]]},"properties":{"p":"10-04-25-0010-01","o":"DAUCH, COLBY","a":"1965 MARTIN AVE","d":"Fremont City School District","t":159.63,"l":"510: Res-Single Family","c":0}},{"type":"Feature","geometry":{"type":"Polygon","coordinates":[[[-83.139362,41.331711],[-83.13968,41.33154],[-83.139899,41.331747],[-83.13958,41.331918],[-83.139362,41.331711]]]},"properties":{"p":"10-04-17-0007-04","o":"LAGROU, RICHARD A & KIMBE","a":"1036 OAKWOOD ST","d":"Fremont City School District","t":206.2,"l":"599: Res-Other","c":0}},{"type":"Feature","geometry":{"type":"Polygon","coordinates":[[[-83.147451,41.335416],[-83.148483,41.334725],[-83.148849,41.335033],[-83.148846,41.335151],[-83.147905,41.335799],[-83.147451,41.335416]]]},"properties":{"p":"10-04-16-0030-04","o":"GARZA, JULIAN R & ANGELA M /SURV","a":"824 MICHAELS RD","d":"Fremont City School District","t":145.45,"l":"501: Res-Custom Code","c":0}},{"type":"Feature","geometry":{"type":"Polygon","coordinates":[[[-83.068167,41.406949],[-83.068193,41.406949],[-83.068115,41.409648],[-83.067078,41.409347],[-83.067357,41.408914],[-83.067293,41.408289],[-83.067281,41.407951],[-83.06804,41.406951],[-83.068167,41.406949]]]},"properties":{"p":"08-07-00-0004-06","o":"PASCH, DAVID W","a":"CR 198","d":"Fremont City School District","t":143.69,"l":"501: Res-Custom Code","c":0}},{"type":"Feature","geometry":{"type":"Polygon","coordinates":[[[-83.030515,41.285121],[-83.030564,41.283705],[-83.031353,41.283699],[-83.031311,41.285125],[-83.030515,41.285121]]]},"properties":{"p":"06-28-00-0014-06","o":"LOPARO, JOHN J & BONNIE J /SURV","a":"CR 195","d":"Clyde-Green Springs Exempted Village School District","t":215.5,"l":"501: Res-Custom Code","c":0}},{"type":"Feature","geometry":{"type":"Polygon","coordinates":[[[-82.964486,41.283604],[-82.964938,41.283599],[-82.964941,41.284453],[-82.964477,41.284673],[-82.964486,41.283604]]]},"properties":{"p":"06-25-19-0008-00","o":"CROCKETT ROBERT S & ALICI","a":"4321 CR 175","d":"Clyde-Green Springs Exempted Village School District","t":145.66,"l":"501: Res-Custom Code","c":0}},{"type":"Feature","geometry":{"type":"Polygon","coordinates":[[[-82.96494,41.284356],[-82.964938,41.283599],[-82.965449,41.283601],[-82.965842,41.284026],[-82.964941,41.284453],[-82.96494,41.284356]]]},"properties":{"p":"06-25-19-0007-00","o":"CROCKETT, ROBERT S. & ALI","a":"4305 CR 175","d":"Clyde-Green Springs Exempted Village School District","t":146.3,"l":"501: Res-Custom Code","c":0}},{"type":"Feature","geometry":{"type":"Polygon","coordinates":[[[-82.969036,41.282988],[-82.969473,41.282756],[-82.969762,41.283076],[-82.969247,41.28322],[-82.969036,41.282988]]]},"properties":{"p":"06-25-00-0042-01","o":"PALICKA, JENNIFER L","a":"CR 175","d":"Clyde-Green Springs Exempted Village School District","t":203.49,"l":"510: Res-Single Family","c":0}},{"type":"Feature","geometry":{"type":"Polygon","coordinates":[[[-82.968765,41.285666],[-82.968766,41.285525],[-82.968441,41.285498],[-82.968442,41.285193],[-82.967857,41.285192],[-82.967858,41.285132],[-82.970221,41.285131],[-82.970217,41.28565],[-82.96899,41.285547],[-82.968988,41.285684],[-82.968765,41.285666]]]},"properties":{"p":"06-24-00-0013-01","o":"GEORGE, DAVID D & DEBBIE K /SURV","a":"4251 CR 197","d":"Clyde-Green Springs Exempted Village School District","t":214.14,"l":"501: Res-Custom Code","c":0}},{"type":"Feature","geometry":{"type":"Polygon","coordinates":[[[-82.993071,41.290617],[-82.993072,41.29054],[-82.99345,41.290674],[-82.993441,41.291382],[-82.993065,41.291245],[-82.993071,41.290617]]]},"properties":{"p":"06-23-00-0034-02","o":"WHITAKER, MARY & HACKWORTH, JODI","a":"3624 CR 197","d":"Clyde-Green Springs Exempted Village School District","t":178.31,"l":"510: Res-Single Family","c":0}},{"type":"Feature","geometry":{"type":"Polygon","coordinates":[[[-83.012215,41.292341],[-83.011183,41.29232],[-83.01098,41.291027],[-83.011533,41.291002],[-83.011517,41.2899],[-83.010162,41.289909],[-83.010162,41.289893],[-83.011542,41.288972],[-83.01372,41.287167],[-83.013702,41.290887],[-83.013629,41.291],[-83.013587,41.290985],[-83.013567,41.292019],[-83.013347,41.292127],[-83.012989,41.29225],[-83.012608,41.292322],[-83.012215,41.292341]]]},"properties":{"p":"06-22-00-0017-00","o":"CRAVENS, ALBERT J","a":"CR 197","d":"Clyde-Green Springs Exempted Village School District","t":201.19,"l":"110: Agr-CAUV-Vacant Land","c":0}},{"type":"Feature","geometry":{"type":"Polygon","coordinates":[[[-83.030475,41.286315],[-83.030515,41.285121],[-83.031311,41.285125],[-83.031275,41.286322],[-83.030475,41.286315]]]},"properties":{"p":"06-21-00-0027-03","o":"LOPARO, JOHN J & BONNIE J /SURV","a":"CR 195","d":"Clyde-Green Springs Exempted Village School District","t":220.37,"l":"501: Res-Custom Code","c":0}},{"type":"Feature","geometry":{"type":"Polygon","coordinates":[[[-82.989541,41.300991],[-82.990087,41.300985],[-82.990086,41.30116],[-82.989436,41.301161],[-82.989437,41.300992],[-82.989541,41.300991]]]},"properties":{"p":"06-14-00-0002-01","o":"SNYDER, LOUIS E & NANCY J /SURV","a":"WOODLAND AVE","d":"Clyde-Green Springs Exempted Village School District","t":206.25,"l":"599: Res-Other","c":0}},{"type":"Feature","geometry":{"type":"Polygon","coordinates":[[[-82.98735,41.320903],[-82.987273,41.320895],[-82.987193,41.320937],[-82.987101,41.320915],[-82.987013,41.320855],[-82.986968,41.320783],[-82.987047,41.320529],[-82.987035,41.320399],[-82.986999,41.320319],[-82.989232,41.320324],[-82.989224,41.321942],[-82.98724,41.321937],[-82.987034,41.32173],[-82.986993,41.321661],[-82.986967,41.321586],[-82.986973,41.32147],[-82.987064,41.321271],[-82.987114,41.321216],[-82.987271,41.321171],[-82.987366,41.321127],[-82.987406,41.32106],[-82.987424,41.320986],[-82.987394,41.32093],[-82.98735,41.320903]]]},"properties":{"p":"06-11-00-0006-08","o":"WOTT, KRISTINE A","a":"CR 246","d":"Clyde-Green Springs Exempted Village School District","t":162.56,"l":"501: Res-Custom Code","c":0}},{"type":"Feature","geometry":{"type":"Polygon","coordinates":[[[-83.02504,41.324702],[-83.02513,41.324697],[-83.025122,41.32395],[-83.025465,41.324043],[-83.025483,41.325223],[-83.025048,41.32523],[-83.02504,41.324702]]]},"properties":{"p":"06-09-00-0016-02","o":"BOWER TILING SERVICE INC","a":"1912 SR 20 W","d":"Clyde-Green Springs Exempted Village School District","t":211.59,"l":"562: Res-Custom Code","c":0}},{"type":"Feature","geometry":{"type":"Polygon","coordinates":[[[-83.060612,41.34098],[-83.060613,41.340749],[-83.06067,41.340619],[-83.060726,41.340537],[-83.060747,41.340463],[-83.060706,41.340345],[-83.06061,41.340306],[-83.060285,41.340299],[-83.060015,41.340248],[-83.059613,41.340128],[-83.059429,41.340098],[-83.058777,41.339921],[-83.058575,41.339843],[-83.062299,41.33972],[-83.061852,41.340996],[-83.060614,41.341009],[-83.060612,41.34098]]]},"properties":{"p":"06-06-00-0002-00","o":"EVANS, JACK L & MAIRE, MARY JEAN /SURV","a":"CR 229","d":"Clyde-Green Springs Exempted Village School District","t":218.71,"l":"501: Res-Custom Code","c":0}},{"type":"Feature","geometry":{"type":"Polygon","coordinates":[[[-82.846852,41.410808],[-82.847668,41.4108],[-82.847695,41.411216],[-82.846779,41.411224],[-82.846761,41.410808],[-82.846852,41.410808]]]},"properties":{"p":"04-12-00-0008-01","o":"YETTER, DAVID & BRADLEY P","a":"2430 312","d":"Margaretta Local School District","t":188.28,"l":"501: Res-Custom Code","c":0}},{"type":"Feature","geometry":{"type":"Polygon","coordinates":[[[-82.855538,41.275595],[-82.855673,41.275313],[-82.855846,41.27536],[-82.855708,41.275642],[-82.855538,41.275595]]]},"properties":{"p":"03-50-00-2139-00","o":"LEBER, DAVID P","a":"135 REDWOOD DR","d":"Bellevue City School District","t":151.25,"l":"560: Res-Mobile Home","c":0}},{"type":"Feature","geometry":{"type":"Polygon","coordinates":[[[-82.85091,41.273668],[-82.85091,41.273234],[-82.851495,41.273394],[-82.851494,41.273828],[-82.85091,41.273668]]]},"properties":{"p":"03-50-00-1325-00","o":"RAUCH, MALLORIE LOTYCZ & ANDREW /SURV","a":"231 LAWRENCE ST","d":"Bellevue City School District","t":180.1,"l":"530: Res-Three Family","c":0}},{"type":"Feature","geometry":{"type":"Polygon","coordinates":[[[-82.841567,41.268627],[-82.841551,41.268168],[-82.841733,41.268169],[-82.841747,41.268628],[-82.841567,41.268627]]]},"properties":{"p":"03-50-00-1159-00","o":"SANDERS, WALTER H.,III &","a":"122 ELLIS AVE","d":"Bellevue City School District","t":167.17,"l":"510: Res-Single Family","c":0}},{"type":"Feature","geometry":{"type":"MultiPolygon","coordinates":[[[[-82.936061,41.33341],[-82.936171,41.333335],[-82.936168,41.333694],[-82.931278,41.33705],[-82.931276,41.336689],[-82.936061,41.33341]]],[[[-82.943159,41.328571],[-82.943237,41.328517],[-82.94374,41.32853],[-82.936168,41.333705],[-82.936171,41.333335],[-82.943159,41.328571]]]]},"properties":{"p":"02-99-92-0007-00","o":"JUS-COR INVESTMENTS","a":"YORK/CLYDE","d":"Clyde-Green Springs Exempted Village School District","t":159.38,"l":"400: Com-Vacant Land","c":0}},{"type":"Feature","geometry":{"type":"Polygon","coordinates":[[[-82.895542,41.281321],[-82.895856,41.281315],[-82.895858,41.281961],[-82.895559,41.281999],[-82.895542,41.281321]]]},"properties":{"p":"01-27-00-0022-00","o":"CARBARY, STEVEN B & LESLIE M /SURV","a":"6165 CR 177","d":"Bellevue City School District","t":170.49,"l":"511: Res-Custom Code","c":0}},{"type":"Feature","geometry":{"type":"Polygon","coordinates":[[[-82.901483,41.342495],[-82.902401,41.342046],[-82.902396,41.343372],[-82.902005,41.343373],[-82.901483,41.342495]]]},"properties":{"p":"01-04-00-0008-03","o":"NINE TWO SEVEN, LLC","a":"SR 101","d":"Bellevue City School District","t":184.23,"l":"599: Res-Other","c":0}},{"type":"Feature","geometry":{"type":"Polygon","coordinates":[[[-82.857075,41.330316],[-82.857069,41.329357],[-82.858915,41.329353],[-82.85892,41.330307],[-82.857075,41.330316]]]},"properties":{"p":"01-01-00-0004-02","o":"WADE, NICHOLAS RICHARD & NICOLE R /SURV","a":"541 CR 308","d":"Bellevue City School District","t":179.55,"l":"511: Res-Custom Code","c":0}},{"type":"Feature","geometry":{"type":"MultiPolygon","coordinates":[[[[-82.900873,41.299082],[-82.90092,41.292783],[-82.902784,41.292825],[-82.902743,41.298523],[-82.902866,41.298512],[-82.909408,41.298569],[-82.909394,41.299234],[-82.900873,41.299165],[-82.900873,41.299082]]],[[[-82.902743,41.298523],[-82.902866,41.298512],[-82.909408,41.298569],[-82.909394,41.299234],[-82.902734,41.299182],[-82.902743,41.298523]]],[[[-82.90277,41.29485],[-82.902743,41.298523],[-82.902763,41.294859],[-82.90092,41.294844],[-82.900899,41.295638],[-82.90091,41.294122],[-82.90092,41.292783],[-82.902784,41.292825],[-82.90277,41.29485]]],[[[-82.902734,41.299182],[-82.902743,41.298523],[-82.902866,41.298512],[-82.909408,41.298569],[-82.909394,41.299234],[-82.902734,41.299182]]],[[[-82.900873,41.299082],[-82.900904,41.294864],[-82.90277,41.29485],[-82.902743,41.298523],[-82.902866,41.298512],[-82.909408,41.298569],[-82.909394,41.299234],[-82.900873,41.299165],[-82.900873,41.299082]]]]},"properties":{"p":"01-21-00-0002-00","o":"BUCHANAN, AMY COLVIN","a":"CR 205","d":"Bellevue City School District","t":103.5,"l":"110: Agr-CAUV-Vacant Land","c":0}},{"type":"Feature","geometry":{"type":"Polygon","coordinates":[[[-83.088744,41.33997],[-83.088762,41.339804],[-83.089182,41.339849],[-83.089164,41.340014],[-83.088744,41.33997]]]},"properties":{"p":"10-01-04-0043-01","o":"SHELLUKE'S BAR, LLC","a":"1673 STATE ST E","d":"Fremont City School District","t":106.53,"l":"430: Com-Retaurant","c":0}},{"type":"Feature","geometry":{"type":"Polygon","coordinates":[[[-83.249053,41.268229],[-83.249512,41.267933],[-83.249503,41.268238],[-83.249053,41.268229]]]},"properties":{"p":"16-50-00-0039-00","o":"BARTHALOW, EMILY ANN","a":"ZILPHIA ST","d":"Lakota Local School District","t":85.75,"l":"500: Res-Vacant Land","c":0}},{"type":"Feature","geometry":{"type":"Polygon","coordinates":[[[-83.417636,41.319375],[-83.417912,41.319369],[-83.417822,41.322171],[-83.416218,41.322208],[-83.416193,41.323032],[-83.412838,41.323116],[-83.412828,41.319477],[-83.417636,41.319375]]]},"properties":{"p":"23-07-00-0004-00","o":"POWERS HERITAGE PROPERTIES LTD","a":"SR 23","d":"Lakota Local School District","t":90.86,"l":"110: Agr-CAUV-Vacant Land","c":0}},{"type":"Feature","geometry":{"type":"Polygon","coordinates":[[[-82.967383,41.29854],[-82.967599,41.298537],[-82.967598,41.298608],[-82.967382,41.29861],[-82.967383,41.29854]]]},"properties":{"p":"32-50-00-1809-01","o":"DENNIS, ETHAN W","a":"433 FAIRHOME AVE","d":"Clyde-Green Springs Exempted Village School District","t":88.18,"l":"500: Res-Vacant Land","c":0}},{"type":"Feature","geometry":{"type":"Polygon","coordinates":[[[-82.967382,41.29861],[-82.967598,41.298608],[-82.967596,41.299087],[-82.967378,41.299163],[-82.967382,41.29861]]]},"properties":{"p":"32-60-00-0054-07","o":"DENNIS, ETHAN W","a":"433 FAIRHOME AVE","d":"Clyde-Green Springs Exempted Village School District","t":112.85,"l":"500: Res-Vacant Land","c":0}},{"type":"Feature","geometry":{"type":"Polygon","coordinates":[[[-83.127366,41.355011],[-83.127368,41.354929],[-83.127841,41.354922],[-83.127838,41.355008],[-83.127366,41.355011]]]},"properties":{"p":"34-50-00-2260-00","o":"SARTIN, DONALD G SR & ANDREA ANN /SURV","a":"828 WHITE AVE","d":"Fremont City School District","t":79.24,"l":"510: Res-Single Family","c":0}},{"type":"Feature","geometry":{"type":"Polygon","coordinates":[[[-83.100373,41.342447],[-83.100436,41.342318],[-83.100945,41.342453],[-83.100883,41.342582],[-83.100373,41.342447]]]},"properties":{"p":"34-50-00-4380-00","o":"DARR, CARROLL N & JEAN M /SURV","a":"129 BUCHANAN ST S","d":"Fremont City School District","t":127.44,"l":"500: Res-Vacant Land","c":0}},{"type":"Feature","geometry":{"type":"Polygon","coordinates":[[[-83.09455,41.35699],[-83.09462,41.356912],[-83.095245,41.357223],[-83.09513,41.357272],[-83.09455,41.35699]]]},"properties":{"p":"34-50-00-5640-02","o":"BLACK HOLE LTD","a":"FIFTH ST","d":"Fremont City School District","t":135.95,"l":"370: Ind-Machine Shop","c":0}},{"type":"Feature","geometry":{"type":"Polygon","coordinates":[[[-83.133838,41.348382],[-83.133839,41.348245],[-83.134385,41.348241],[-83.134384,41.348379],[-83.133838,41.348382]]]},"properties":{"p":"34-50-00-5208-00","o":"JIMENEZ, CONSUELO","a":"GRANVILLE BLVD","d":"Fremont City School District","t":134.34,"l":"500: Res-Vacant Land","c":0}},{"type":"Feature","geometry":{"type":"Polygon","coordinates":[[[-83.095786,41.34377],[-83.095841,41.343663],[-83.096324,41.343792],[-83.096268,41.343902],[-83.095786,41.34377]]]},"properties":{"p":"34-50-00-4818-00","o":"BLOOM, JASON W","a":"123 PENNSYLVANIA AVE N","d":"Fremont City School District","t":91.65,"l":"510: Res-Single Family","c":0}},{"type":"Feature","geometry":{"type":"Polygon","coordinates":[[[-83.093823,41.346618],[-83.093956,41.34635],[-83.094101,41.346389],[-83.093967,41.346651],[-83.093823,41.346618]]]},"properties":{"p":"34-50-00-4780-00","o":"MACKEY, RAY I & MELISA /SURV","a":"1220 CHESTNUT ST","d":"Fremont City School District","t":75.49,"l":"510: Res-Single Family","c":0}},{"type":"Feature","geometry":{"type":"Polygon","coordinates":[[[-83.096623,41.350981],[-83.096721,41.350869],[-83.097112,41.351071],[-83.097013,41.351183],[-83.096623,41.350981]]]},"properties":{"p":"34-50-00-4664-00","o":"CHANCE, TODD W & GERLENE / SURV","a":"GIBSON ST","d":"Fremont City School District","t":104.68,"l":"500: Res-Vacant Land","c":0}},{"type":"Feature","geometry":{"type":"Polygon","coordinates":[[[-83.102142,41.338703],[-83.102204,41.338573],[-83.10271,41.338713],[-83.102647,41.338842],[-83.102142,41.338703]]]},"properties":{"p":"34-50-00-4477-01","o":"BORTEL, NORMA JEAN","a":"517 BUCHANAN ST S","d":"Fremont City School District","t":114.94,"l":"510: Res-Single Family","c":0}},{"type":"Feature","geometry":{"type":"Polygon","coordinates":[[[-83.099023,41.341728],[-83.099152,41.341472],[-83.099359,41.341529],[-83.099239,41.341786],[-83.099023,41.341728]]]},"properties":{"p":"34-50-00-4397-02","o":"GULLETT, NICOLE R","a":"1017 LINDEN BLVD","d":"Fremont City School District","t":77.03,"l":"510: Res-Single Family","c":0}},{"type":"Feature","geometry":{"type":"Polygon","coordinates":[[[-83.103125,41.34247],[-83.103157,41.342359],[-83.103601,41.34248],[-83.103568,41.342591],[-83.103125,41.34247]]]},"properties":{"p":"34-50-00-3487-00","o":"MONDAY, PATRICK M. & DUBO","a":"MORRISON ST","d":"Fremont City School District","t":105.94,"l":"510: Res-Single Family","c":0}},{"type":"Feature","geometry":{"type":"Polygon","coordinates":[[[-83.131061,41.36084],[-83.131063,41.360485],[-83.131177,41.360485],[-83.13117,41.36084],[-83.131061,41.36084]]]},"properties":{"p":"34-50-00-3345-00","o":"GONZALEZ, GREGORY A","a":"1600 MOORE ST","d":"Fremont City School District","t":88.63,"l":"560: Res-Mobile Home","c":0}},{"type":"Feature","geometry":{"type":"Polygon","coordinates":[[[-83.13117,41.36084],[-83.131177,41.360485],[-83.13129,41.360485],[-83.131285,41.36084],[-83.13117,41.36084]]]},"properties":{"p":"34-50-00-3344-00","o":"GONZALEZ, GREGORY A","a":"1600 MOORE ST","d":"Fremont City School District","t":72.49,"l":"510: Res-Single Family","c":0}},{"type":"Feature","geometry":{"type":"Polygon","coordinates":[[[-83.127965,41.354012],[-83.128073,41.35401],[-83.128061,41.354398],[-83.127948,41.354398],[-83.127965,41.354012]]]},"properties":{"p":"34-50-00-2211-00","o":"DANIELS, LOREAN A.","a":"1310 LIBERTY ST","d":"Fremont City School District","t":83.12,"l":"500: Res-Vacant Land","c":0}},{"type":"Feature","geometry":{"type":"Polygon","coordinates":[[[-83.129626,41.35066],[-83.129627,41.350335],[-83.129793,41.350336],[-83.129797,41.350661],[-83.129626,41.35066]]]},"properties":{"p":"34-50-00-1667-00","o":"PLANT, RICHARD G. & SHELL","a":"HICKORY ST","d":"Fremont City School District","t":112.57,"l":"500: Res-Vacant Land","c":0}},{"type":"Feature","geometry":{"type":"Polygon","coordinates":[[[-83.122404,41.350192],[-83.122508,41.350053],[-83.122695,41.350131],[-83.122591,41.350269],[-83.122404,41.350192]]]},"properties":{"p":"34-50-00-1021-01","o":"KUBACKI, WILLIAM J REVEREND MONSIGNOR & HOYLES, MONTE J REVEREND","a":"1005 BAKER ST","d":"Fremont City School District","t":97.23,"l":"500: Res-Vacant Land","c":0}},{"type":"Feature","geometry":{"type":"Polygon","coordinates":[[[-83.120638,41.34828],[-83.120484,41.34828],[-83.120484,41.348208],[-83.120811,41.348206],[-83.12081,41.34828],[-83.120638,41.34828]]]},"properties":{"p":"34-50-00-1004-01","o":"OLLOM, EDWIN J","a":"221 WAYNE ST N","d":"Fremont City School District","t":138.6,"l":"510: Res-Single Family","c":0}},{"type":"Feature","geometry":{"type":"Polygon","coordinates":[[[-83.115634,41.344653],[-83.115929,41.344652],[-83.115924,41.344738],[-83.115628,41.344739],[-83.115634,41.344653]]]},"properties":{"p":"34-50-00-0324-00","o":"PEACH TREE PROPERTIES LLC","a":"HIGH ST","d":"Fremont City School District","t":75.92,"l":"431: Com-Custom Code","c":0}},{"type":"Feature","geometry":{"type":"Polygon","coordinates":[[[-83.117605,41.350434],[-83.117338,41.350325],[-83.117447,41.350176],[-83.117772,41.350308],[-83.117665,41.350459],[-83.117605,41.350434]]]},"properties":{"p":"34-50-00-0045-01","o":"RUPPCO LLC","a":"426 CLOVER ST","d":"Fremont City School District","t":122.88,"l":"499: Com-Other","c":0}},{"type":"Feature","geometry":{"type":"Polygon","coordinates":[[[-82.973812,41.310192],[-82.973909,41.310193],[-82.973909,41.310244],[-82.974728,41.310289],[-82.974726,41.310675],[-82.973806,41.31068],[-82.973812,41.310192]]]},"properties":{"p":"32-60-00-0031-02","o":"LUSTIG, LOGAN & RACHEL /SURV","a":"810 MAIN ST N","d":"Clyde-Green Springs Exempted Village School District","t":137.32,"l":"510: Res-Single Family","c":0}},{"type":"Feature","geometry":{"type":"Polygon","coordinates":[[[-82.984525,41.304232],[-82.984537,41.303694],[-82.985358,41.30369],[-82.985099,41.30397],[-82.985051,41.304052],[-82.984971,41.304137],[-82.98493,41.304238],[-82.984525,41.304232]]]},"properties":{"p":"32-60-00-0023-08","o":"KOEBS INVESTMENTS LLC","a":"253 VINE ST","d":"Clyde-Green Springs Exempted Village School District","t":135.16,"l":"501: Res-Custom Code","c":0}},{"type":"Feature","geometry":{"type":"Polygon","coordinates":[[[-82.988919,41.294201],[-82.989104,41.294199],[-82.989096,41.294611],[-82.988915,41.294613],[-82.988919,41.294201]]]},"properties":{"p":"32-50-00-2271-00","o":"SLOAN, MICHAEL A. & SANDR","a":"PAULA DR","d":"Clyde-Green Springs Exempted Village School District","t":104.8,"l":"599: Res-Other","c":0}},{"type":"Feature","geometry":{"type":"Polygon","coordinates":[[[-82.964079,41.304889],[-82.964079,41.304519],[-82.964259,41.304517],[-82.964258,41.304948],[-82.964079,41.30495],[-82.964079,41.304889]]]},"properties":{"p":"32-50-00-2158-00","o":"STACY, ARTHUR L","a":"619 BROWN ST","d":"Clyde-Green Springs Exempted Village School District","t":138.02,"l":"599: Res-Other","c":0}},{"type":"Feature","geometry":{"type":"Polygon","coordinates":[[[-82.964981,41.305509],[-82.965125,41.305508],[-82.965124,41.305959],[-82.964982,41.30596],[-82.964981,41.305509]]]},"properties":{"p":"32-50-00-2151-00","o":"HILL, THOMAS & MARIA CRISTINA GONZALES /SURV","a":"122 RALSTON AVE","d":"Clyde-Green Springs Exempted Village School District","t":120.01,"l":"500: Res-Vacant Land","c":0}},{"type":"Feature","geometry":{"type":"Polygon","coordinates":[[[-82.977994,41.314178],[-82.977998,41.314039],[-82.978583,41.31404],[-82.978583,41.314179],[-82.977994,41.314178]]]},"properties":{"p":"32-50-00-1497-00","o":"THE CITY OF CLYDE","a":"MIDVALE AVE","d":"Clyde-Green Springs Exempted Village School District","t":90.1,"l":"500: Res-Vacant Land","c":0}},{"type":"Feature","geometry":{"type":"Polygon","coordinates":[[[-82.97036,41.296566],[-82.970544,41.296565],[-82.970541,41.297016],[-82.970359,41.297017],[-82.97036,41.296566]]]},"properties":{"p":"32-50-00-1179-00","o":"BLANKENSHIP, SHANE S","a":"226 BERTHA AVE","d":"Clyde-Green Springs Exempted Village School District","t":113.47,"l":"560: Res-Mobile Home","c":0}},{"type":"Feature","geometry":{"type":"Polygon","coordinates":[[[-82.985163,41.296935],[-82.98523,41.296935],[-82.985228,41.297161],[-82.985158,41.297162],[-82.985163,41.296935]]]},"properties":{"p":"32-50-00-0797-00","o":"SELVEY, JEFFREY A","a":"LIBERTY ST","d":"Clyde-Green Springs Exempted Village School District","t":99.35,"l":"500: Res-Vacant Land","c":0}},{"type":"Feature","geometry":{"type":"Polygon","coordinates":[[[-82.974153,41.306673],[-82.974256,41.306672],[-82.974464,41.306924],[-82.974146,41.307117],[-82.974135,41.306673],[-82.974153,41.306673]]]},"properties":{"p":"32-50-00-0014-00","o":"BROWN, FAYE M","a":"108 MAPLE ST E","d":"Clyde-Green Springs Exempted Village School District","t":91.45,"l":"500: Res-Vacant Land","c":0}},{"type":"Feature","geometry":{"type":"Polygon","coordinates":[[[-82.977517,41.305049],[-82.979713,41.303536],[-82.97971,41.303453],[-82.979791,41.303397],[-82.979965,41.303548],[-82.98007,41.303475],[-82.979897,41.303324],[-82.981254,41.302385],[-82.981485,41.302597],[-82.979708,41.30383],[-82.979708,41.303727],[-82.978713,41.304412],[-82.977548,41.305099],[-82.977517,41.305049]]]},"properties":{"p":"32-14-00-0037-00","o":"LEITER, KIM L & SCOTT M","a":"MULBERRY STREET","d":"Clyde-Green Springs Exempted Village School District","t":139.02,"l":"400: Com-Vacant Land","c":0}},{"type":"Feature","geometry":{"type":"Polygon","coordinates":[[[-83.172617,41.436327],[-83.1726,41.436245],[-83.173744,41.436258],[-83.173763,41.437443],[-83.173213,41.437445],[-83.173325,41.437363],[-83.173371,41.437299],[-83.173396,41.437204],[-83.173387,41.437092],[-83.173347,41.437008],[-83.173117,41.436794],[-83.172836,41.436635],[-83.172707,41.436538],[-83.172665,41.43647],[-83.172617,41.436327]]]},"properties":{"p":"31-31-00-0007-02","o":"GARNER, JOSHUA A & SHEANNA M /SURV","a":"CR 128","d":"Fremont City School District","t":77.9,"l":"501: Res-Custom Code","c":0}},{"type":"Feature","geometry":{"type":"Polygon","coordinates":[[[-83.363438,41.454921],[-83.363657,41.45461],[-83.36406,41.455022],[-83.363835,41.455332],[-83.363438,41.454921]]]},"properties":{"p":"30-28-00-0001-06","o":"CAIRNS, WILLIAM","a":"DEPOT ST","d":"Woodmore Local School District","t":72.52,"l":"501: Res-Custom Code","c":0}},{"type":"Feature","geometry":{"type":"Polygon","coordinates":[[[-83.397666,41.43395],[-83.399148,41.433121],[-83.399147,41.433702],[-83.398475,41.433917],[-83.398353,41.433969],[-83.397929,41.434211],[-83.397666,41.43395]]]},"properties":{"p":"28-31-00-0018-00","o":"KRUSE, JOHN B","a":"1378 CR 117","d":"Woodmore Local School District","t":90.1,"l":"511: Res-Custom Code","c":0}},{"type":"Feature","geometry":{"type":"Polygon","coordinates":[[[-83.317321,41.4444],[-83.317311,41.443262],[-83.318725,41.443251],[-83.318735,41.44439],[-83.317321,41.4444]]]},"properties":{"p":"28-25-00-0013-02","o":"KERBEL, JOHN P & DEBORAH J /SURV","a":"CR 56","d":"Woodmore Local School District","t":106.21,"l":"501: Res-Custom Code","c":0}},{"type":"Feature","geometry":{"type":"Polygon","coordinates":[[[-83.339772,41.486626],[-83.340318,41.48662],[-83.340336,41.487391],[-83.339792,41.487454],[-83.339772,41.486626]]]},"properties":{"p":"28-10-00-0107-03","o":"TAYLOR, EDWARD W","a":"5672 CR 167","d":"Woodmore Local School District","t":115.58,"l":"501: Res-Custom Code","c":0}},{"type":"Feature","geometry":{"type":"Polygon","coordinates":[[[-83.328028,41.37777],[-83.3278,41.377288],[-83.328544,41.377288],[-83.328544,41.377768],[-83.328028,41.37777]]]},"properties":{"p":"27-50-00-1066-00","o":"FRAZIER, JAMIE S & DEBORAH L","a":"601 LINDEN AVE W","d":"Gibsonburg Exempted Village School District","t":112.95,"l":"510: Res-Single Family","c":0}},{"type":"Feature","geometry":{"type":"Polygon","coordinates":[[[-83.315083,41.384704],[-83.315228,41.384702],[-83.315213,41.385109],[-83.315069,41.385112],[-83.315083,41.384704]]]},"properties":{"p":"27-50-00-0308-00","o":"CASTILLO, MATTHEW & KELLY","a":"408 MADISON ST E","d":"Gibsonburg Exempted Village School District","t":78.31,"l":"500: Res-Vacant Land","c":0}},{"type":"Feature","geometry":{"type":"Polygon","coordinates":[[[-83.320875,41.351071],[-83.320873,41.350897],[-83.323149,41.350887],[-83.323139,41.34993],[-83.320863,41.34994],[-83.320841,41.348348],[-83.325641,41.348341],[-83.32565,41.351769],[-83.321729,41.351787],[-83.321724,41.351067],[-83.320875,41.351071]]]},"properties":{"p":"25-35-00-0015-00","o":"PIEPER, CHESTER A JR & DAWN M TRUSTEES","a":"470 SR 300","d":"Gibsonburg Exempted Village School District","t":106.56,"l":"101: Agr-Cash-Grain Farm","c":0}},{"type":"Feature","geometry":{"type":"Polygon","coordinates":[[[-83.359348,41.343967],[-83.359401,41.341252],[-83.364088,41.341275],[-83.364092,41.343994],[-83.359348,41.343967]]]},"properties":{"p":"25-33-00-0015-00","o":"POWERS HERITAGE PROPERTIES LTD","a":"CR 32","d":"Gibsonburg Exempted Village School District","t":75.41,"l":"110: Agr-CAUV-Vacant Land","c":0}},{"type":"Feature","geometry":{"type":"Polygon","coordinates":[[[-83.416444,41.342323],[-83.416456,41.342146],[-83.417275,41.342143],[-83.417272,41.34232],[-83.416444,41.342323]]]},"properties":{"p":"25-31-00-0015-00","o":"TRUCKERS WELCOME REST STOP","a":"13012 SR 23","d":"Gibsonburg Exempted Village School District","t":95.63,"l":"501: Res-Custom Code","c":0}},{"type":"Feature","geometry":{"type":"Polygon","coordinates":[[[-83.340912,41.370128],[-83.340916,41.370046],[-83.341479,41.370054],[-83.341447,41.370887],[-83.342014,41.370892],[-83.341959,41.371873],[-83.340838,41.37186],[-83.340912,41.370128]]]},"properties":{"p":"25-22-00-0018-00","o":"MILLER, BRUCE A & VALERIE J TRUSTEES","a":"5672 CR 65","d":"Gibsonburg Exempted Village School District","t":140.36,"l":"501: Res-Custom Code","c":0}},{"type":"Feature","geometry":{"type":"Polygon","coordinates":[[[-83.301872,41.398004],[-83.302361,41.397999],[-83.302325,41.399331],[-83.301837,41.399335],[-83.301872,41.398004]]]},"properties":{"p":"25-13-00-0018-06","o":"FLORIO, ROBERT M & EILEEN","a":"CR 85","d":"Gibsonburg Exempted Village School District","t":128.72,"l":"599: Res-Other","c":0}},{"type":"Feature","geometry":{"type":"Polygon","coordinates":[[[-83.353918,41.313214],[-83.352433,41.313224],[-83.352429,41.312402],[-83.354245,41.31239],[-83.354255,41.313212],[-83.353918,41.313214]]]},"properties":{"p":"24-15-00-0003-05","o":"HOVIS, RONALD J","a":"CR 41","d":"Gibsonburg Exempted Village School District","t":73,"l":"110: Agr-CAUV-Vacant Land","c":0}},{"type":"Feature","geometry":{"type":"Polygon","coordinates":[[[-83.411435,41.333988],[-83.412665,41.33397],[-83.412606,41.337694],[-83.407795,41.337671],[-83.4079,41.334046],[-83.411435,41.333988]]]},"properties":{"p":"23-06-00-0012-00","o":"POWERS, ALAN D & NORMAN L","a":"7378 CR 49","d":"Lakota Local School District","t":79.81,"l":"111: Agr-CAUV-Cash-Grain Farm","c":0}},{"type":"Feature","geometry":{"type":"Polygon","coordinates":[[[-83.218014,41.416822],[-83.218382,41.417094],[-83.218356,41.417997],[-83.217978,41.418001],[-83.218014,41.416822]]]},"properties":{"p":"22-60-00-0003-00","o":"REED, ROBERT M & CHARLENE A /SURV","a":"WALNUT ST","d":"Fremont City School District","t":85.66,"l":"501: Res-Custom Code","c":0}},{"type":"Feature","geometry":{"type":"Polygon","coordinates":[[[-83.218382,41.417094],[-83.218855,41.417443],[-83.218834,41.417967],[-83.218777,41.417967],[-83.218777,41.417992],[-83.218356,41.417997],[-83.218382,41.417094]]]},"properties":{"p":"22-60-00-0002-00","o":"REED, ROBERT M & CHARLENE A /SURV","a":"WALNUT ST","d":"Fremont City School District","t":99.37,"l":"501: Res-Custom Code","c":0}},{"type":"Feature","geometry":{"type":"Polygon","coordinates":[[[-83.218712,41.42153],[-83.219327,41.421526],[-83.219323,41.421659],[-83.218709,41.421662],[-83.218712,41.42153]]]},"properties":{"p":"22-50-00-0207-00","o":"SANKEY, MARY G","a":"MAPLE ST N","d":"Fremont City School District","t":111.89,"l":"500: Res-Vacant Land","c":0}},{"type":"Feature","geometry":{"type":"Polygon","coordinates":[[[-83.224672,41.419831],[-83.224495,41.419698],[-83.224931,41.419389],[-83.225458,41.419772],[-83.22491,41.420005],[-83.224672,41.419831]]]},"properties":{"p":"22-03-00-0008-00","o":"HOMEVANA LLC","a":"WILLIAMS ST","d":"Fremont City School District","t":75.65,"l":"501: Res-Custom Code","c":0}},{"type":"Feature","geometry":{"type":"Polygon","coordinates":[[[-83.248236,41.402027],[-83.248548,41.401601],[-83.248811,41.401709],[-83.2485,41.402135],[-83.248236,41.402027]]]},"properties":{"p":"20-95-00-0123-00","o":"GALVAN, DAVID & SANCHEZ, PEDRO C","a":"3260 CR 706","d":"Gibsonburg Exempted Village School District","t":88.25,"l":"560: Res-Mobile Home","c":0}},{"type":"Feature","geometry":{"type":"Polygon","coordinates":[[[-83.291823,41.40665],[-83.292956,41.406634],[-83.292936,41.407634],[-83.291834,41.407647],[-83.291823,41.40665]]]},"properties":{"p":"20-07-00-0006-03","o":"MYERS, ALYSA","a":"4424 CR 95","d":"Gibsonburg Exempted Village School District","t":131.42,"l":"511: Res-Custom Code","c":0}},{"type":"Feature","geometry":{"type":"Polygon","coordinates":[[[-83.248856,41.268404],[-83.248857,41.268356],[-83.249053,41.268229],[-83.249503,41.268238],[-83.249497,41.268415],[-83.248856,41.268404]]]},"properties":{"p":"16-50-00-0040-00","o":"BARTHALOW, EMILY ANN","a":"ZILPHIA ST","d":"Lakota Local School District","t":103.88,"l":"500: Res-Vacant Land","c":0}},{"type":"Feature","geometry":{"type":"Polygon","coordinates":[[[-83.285041,41.268291],[-83.285045,41.268208],[-83.285962,41.268231],[-83.285947,41.268728],[-83.285022,41.268699],[-83.285041,41.268291]]]},"properties":{"p":"14-30-00-0008-01","o":"MILLER, GEORGE P & CAROL","a":"4160 CR 13","d":"Lakota Local School District","t":111.88,"l":"511: Res-Custom Code","c":0}},{"type":"Feature","geometry":{"type":"Polygon","coordinates":[[[-83.285966,41.297332],[-83.286018,41.29622],[-83.286564,41.296225],[-83.286508,41.29742],[-83.285962,41.297415],[-83.285966,41.297332]]]},"properties":{"p":"14-19-00-0003-03","o":"MILLER, GREGORY P.","a":"4171 CR 27","d":"Lakota Local School District","t":95.71,"l":"511: Res-Custom Code","c":0}},{"type":"Feature","geometry":{"type":"Polygon","coordinates":[[[-83.139022,41.353439],[-83.139021,41.353316],[-83.140236,41.353325],[-83.140238,41.353553],[-83.139023,41.353547],[-83.139022,41.353439]]]},"properties":{"p":"13-33-49-0054-01","o":"NO WORRY HANDYMAN ENTERPRISE, LLC","a":"616 LIME ST","d":"Fremont City School District","t":77.75,"l":"510: Res-Single Family","c":0}},{"type":"Feature","geometry":{"type":"Polygon","coordinates":[[[-83.142753,41.344374],[-83.142968,41.344374],[-83.142972,41.344803],[-83.142757,41.344805],[-83.142753,41.344374]]]},"properties":{"p":"13-33-42-0019-00","o":"ESTEP, BOBBY J","a":"2230 BIRCHARD AVE","d":"Fremont City School District","t":74.84,"l":"510: Res-Single Family","c":0}},{"type":"Feature","geometry":{"type":"Polygon","coordinates":[[[-83.144109,41.351779],[-83.144108,41.3516],[-83.14458,41.351598],[-83.144579,41.351778],[-83.144109,41.351779]]]},"properties":{"p":"13-33-41-0025-00","o":"NIGHSWANDER, ERICA L","a":"514 EVERETT RD","d":"Fremont City School District","t":111.16,"l":"510: Res-Single Family","c":0}},{"type":"Feature","geometry":{"type":"Polygon","coordinates":[[[-83.153406,41.363213],[-83.152894,41.363],[-83.152605,41.363364],[-83.152414,41.363285],[-83.152761,41.36285],[-83.154243,41.363471],[-83.153902,41.363904],[-83.153116,41.363578],[-83.153406,41.363213]]]},"properties":{"p":"13-29-00-0017-01","o":"PANARELLA, LINDA C TRUSTEE","a":"MUSKELLUNGE RD","d":"Fremont City School District","t":129.06,"l":"501: Res-Custom Code","c":0}},{"type":"Feature","geometry":{"type":"Polygon","coordinates":[[[-83.183053,41.276897],[-83.183029,41.271522],[-83.187962,41.271333],[-83.18796,41.276791],[-83.183053,41.276897]],[[-83.186007,41.273393],[-83.186008,41.273302],[-83.185,41.273636],[-83.185277,41.274229],[-83.185278,41.275782],[-83.186001,41.275868],[-83.186007,41.273393]]]},"properties":{"p":"11-30-00-0008-00","o":"STACHOVIAK, STEVEN E III","a":"CR 15","d":"Old Fort Local School District","t":97.95,"l":"111: Agr-CAUV-Cash-Grain Farm","c":0}},{"type":"Feature","geometry":{"type":"Polygon","coordinates":[[[-83.113054,41.324464],[-83.113104,41.324364],[-83.113819,41.324571],[-83.113382,41.325437],[-83.112675,41.325219],[-83.113054,41.324464]]]},"properties":{"p":"10-10-00-0078-01","o":"VALONE, CHARLES L.,JR.,TR","a":"1604 MORRISON RD","d":"Fremont City School District","t":113.37,"l":"599: Res-Other","c":0}},{"type":"Feature","geometry":{"type":"Polygon","coordinates":[[[-83.15044,41.334628],[-83.1505,41.334626],[-83.150497,41.334787],[-83.149503,41.334813],[-83.148844,41.335261],[-83.148849,41.335033],[-83.14941,41.334654],[-83.15044,41.334628]]]},"properties":{"p":"10-05-16-0016-01","o":"GARZA, JULIAN R & ANGELA M /SURV","a":"TUCKER RD","d":"Fremont City School District","t":86.61,"l":"501: Res-Custom Code","c":0}},{"type":"Feature","geometry":{"type":"Polygon","coordinates":[[[-83.132828,41.329614],[-83.133606,41.329494],[-83.133745,41.32981],[-83.132929,41.329934],[-83.132828,41.329614]]]},"properties":{"p":"10-04-00-0051-01","o":"BURNS, JOSEPH A, TRUSTEE","a":"1226 SILER ST","d":"Fremont City School District","t":140.83,"l":"511: Res-Custom Code","c":0}},{"type":"Feature","geometry":{"type":"Polygon","coordinates":[[[-83.088924,41.340155],[-83.088725,41.340137],[-83.088744,41.33997],[-83.089164,41.340014],[-83.089146,41.340177],[-83.088924,41.340155]]]},"properties":{"p":"10-01-04-0044-00","o":"SHELLUKE'S BAR, LLC","a":"1673 STATE ST E","d":"Fremont City School District","t":106.53,"l":"430: Com-Retaurant","c":0}},{"type":"Feature","geometry":{"type":"MultiPolygon","coordinates":[[[[-83.069357,41.335298],[-83.069367,41.335058],[-83.071133,41.335092],[-83.070976,41.335402],[-83.069357,41.335298]],[[-83.070076,41.335136],[-83.069998,41.335136],[-83.069997,41.335173],[-83.070073,41.335175],[-83.070076,41.335136]]],[[[-83.070121,41.334284],[-83.07028,41.330294],[-83.071962,41.330336],[-83.07178,41.334318],[-83.070121,41.334284]]]]},"properties":{"p":"10-01-00-0063-02","o":"CHURCH, FREMONT BIBLE BAP","a":"1150 CR 198","d":"Fremont City School District","t":81.38,"l":"685: Exm-Public Woship","c":0}},{"type":"Feature","geometry":{"type":"Polygon","coordinates":[[[-83.068897,41.352723],[-83.069006,41.35272],[-83.069005,41.353336],[-83.068302,41.353348],[-83.068312,41.352734],[-83.068897,41.352723]]]},"properties":{"p":"08-31-00-0010-00","o":"FINDLEY, NOELLE R, GRIMM, BREANNE N & SIDOTI, AMBER J / SURV","a":"CR 198","d":"Fremont City School District","t":83.84,"l":"599: Res-Other","c":0}},{"type":"Feature","geometry":{"type":"Polygon","coordinates":[[[-83.01086,41.365601],[-83.010762,41.365028],[-83.010858,41.365022],[-83.010971,41.365674],[-83.010874,41.365683],[-83.01086,41.365601]]]},"properties":{"p":"08-27-00-0018-03","o":"ROSS, JANET","a":"3137 SR 412","d":"Fremont City School District","t":87.62,"l":"501: Res-Custom Code","c":0}},{"type":"Feature","geometry":{"type":"Polygon","coordinates":[[[-83.012074,41.381604],[-83.012077,41.381236],[-83.016904,41.381832],[-83.016879,41.383387],[-83.012571,41.382851],[-83.012477,41.382586],[-83.012457,41.382445],[-83.012469,41.382398],[-83.012608,41.382285],[-83.012635,41.382237],[-83.012639,41.382031],[-83.012612,41.381874],[-83.01255,41.381759],[-83.012419,41.381639],[-83.012074,41.381604]]]},"properties":{"p":"08-21-00-0015-00","o":"WASSERMAN, RICHARD E JR & TERESA A /SV","a":"CR 232","d":"Fremont City School District","t":85.65,"l":"599: Res-Other","c":0}},{"type":"Feature","geometry":{"type":"Polygon","coordinates":[[[-82.98972,41.275053],[-82.989744,41.27191],[-82.988393,41.271921],[-82.988396,41.271474],[-82.989428,41.270814],[-82.990542,41.271923],[-82.991875,41.271137],[-82.991186,41.270473],[-82.994612,41.270453],[-82.994552,41.274787],[-82.994537,41.277767],[-82.989693,41.277811],[-82.98972,41.275053]]]},"properties":{"p":"06-26-00-0026-00","o":"FIRELANDS FARMERS LLC & W A INVESTMENT CO LTD","a":"CR 175","d":"Clyde-Green Springs Exempted Village School District","t":95.13,"l":"110: Agr-CAUV-Vacant Land","c":0}},{"type":"Feature","geometry":{"type":"Polygon","coordinates":[[[-82.989672,41.280736],[-82.989693,41.277811],[-82.994537,41.277767],[-82.994504,41.283979],[-82.989639,41.284029],[-82.989672,41.280736]]]},"properties":{"p":"06-26-00-0025-00","o":"FIRELANDS FARMERS LLC & W A INVESTMENT CO LTD","a":"CR 175","d":"Clyde-Green Springs Exempted Village School District","t":70.32,"l":"110: Agr-CAUV-Vacant Land","c":0}},{"type":"Feature","geometry":{"type":"Polygon","coordinates":[[[-82.990084,41.301414],[-82.990088,41.300808],[-82.99262,41.300812],[-82.992615,41.301424],[-82.990084,41.301414]]]},"properties":{"p":"06-14-00-0002-00","o":"SNYDER, NANCY J","a":"WOODLAND AVE","d":"Clyde-Green Springs Exempted Village School District","t":102.6,"l":"199: Agr-CAUV-Other","c":0}},{"type":"Feature","geometry":{"type":"Polygon","coordinates":[[[-83.053033,41.327604],[-83.053285,41.327542],[-83.053273,41.327779],[-83.052945,41.327783],[-83.052926,41.32763],[-83.053033,41.327604]]]},"properties":{"p":"06-07-03-0011-01","o":"HALLORAN, RICHARD E","a":"CR 358","d":"Clyde-Green Springs Exempted Village School District","t":88.57,"l":"501: Res-Custom Code","c":0}},{"type":"Feature","geometry":{"type":"Polygon","coordinates":[[[-83.056913,41.33618],[-83.05693,41.336044],[-83.056806,41.335768],[-83.056636,41.335566],[-83.056492,41.335455],[-83.056331,41.335433],[-83.056223,41.335444],[-83.056112,41.335503],[-83.056016,41.335587],[-83.055941,41.335597],[-83.05588,41.335584],[-83.057368,41.332599],[-83.05808,41.333021],[-83.056913,41.33618]]]},"properties":{"p":"06-06-00-0030-03","o":"EAST STATE PROPERTIES LLC","a":"SR 20","d":"Clyde-Green Springs Exempted Village School District","t":110.23,"l":"501: Res-Custom Code","c":0}},{"type":"Feature","geometry":{"type":"Polygon","coordinates":[[[-82.935572,41.355095],[-82.935682,41.355095],[-82.935678,41.355472],[-82.934619,41.355466],[-82.93467,41.3551],[-82.935572,41.355095]]]},"properties":{"p":"04-32-00-0003-03","o":"NEARHOOD, TAMMY TRUSTEE","a":"CR 268","d":"Margaretta Local School District","t":87.98,"l":"501: Res-Custom Code","c":0}},{"type":"Feature","geometry":{"type":"Polygon","coordinates":[[[-82.9484,41.37153],[-82.948858,41.371484],[-82.948847,41.37202],[-82.948385,41.372011],[-82.9484,41.37153]]]},"properties":{"p":"04-30-00-0007-02","o":"KARR, ALBERT R & MARJEA","a":"4750 SR 412","d":"Margaretta Local School District","t":135.89,"l":"511: Res-Custom Code","c":0}},{"type":"Feature","geometry":{"type":"Polygon","coordinates":[[[-82.872782,41.35776],[-82.873045,41.357608],[-82.873239,41.358047],[-82.872779,41.358117],[-82.872775,41.358305],[-82.872059,41.358178],[-82.872782,41.35776]]]},"properties":{"p":"04-26-00-0015-00","o":"SMETZER, RAYMOND D","a":"6740 SR 101","d":"Margaretta Local School District","t":82.82,"l":"501: Res-Custom Code","c":0}},{"type":"Feature","geometry":{"type":"Polygon","coordinates":[[[-82.913598,41.406769],[-82.913594,41.406678],[-82.91588,41.406695],[-82.91588,41.406787],[-82.913598,41.406769]]]},"properties":{"p":"04-09-00-0007-00","o":"ELIYAS, JOHN & LANGE, DARLA E","a":"2271 CR 280","d":"Margaretta Local School District","t":121.72,"l":"562: Res-Custom Code","c":0}},{"type":"Feature","geometry":{"type":"Polygon","coordinates":[[[-82.916851,41.421793],[-82.917005,41.421719],[-82.917703,41.422542],[-82.917542,41.422608],[-82.916851,41.421793]]]},"properties":{"p":"04-05-02-0007-00","o":"PINTNER, RICHARD E & CAROL /SURV","a":"5528 CLEARVIEW DR E","d":"Margaretta Local School District","t":132.4,"l":"510: Res-Single Family","c":0}},{"type":"Feature","geometry":{"type":"Polygon","coordinates":[[[-82.846331,41.265649],[-82.846334,41.265172],[-82.846389,41.265172],[-82.846384,41.265649],[-82.846331,41.265649]]]},"properties":{"p":"03-60-00-0026-02","o":"REMALEY, ERVIN W. & NANCY","a":"333 BELLE AVE","d":"Bellevue City School District","t":87.13,"l":"500: Res-Vacant Land","c":0}},{"type":"Feature","geometry":{"type":"Polygon","coordinates":[[[-82.842884,41.280252],[-82.84288,41.280117],[-82.843425,41.280119],[-82.843432,41.280256],[-82.842884,41.280252]]]},"properties":{"p":"03-50-00-1502-00","o":"DENDINGER, CHARLES G","a":"422 EUCLID AVE","d":"Bellevue City School District","t":128.26,"l":"500: Res-Vacant Land","c":0}},{"type":"Feature","geometry":{"type":"Polygon","coordinates":[[[-82.859332,41.263012],[-82.859333,41.262848],[-82.860444,41.262853],[-82.859338,41.263495],[-82.859332,41.263012]]]},"properties":{"p":"01-35-00-0005-00","o":"MILLIS, AMY","a":"CR 308","d":"Bellevue City School District","t":71.93,"l":"501: Res-Custom Code","c":0}},{"type":"Feature","geometry":{"type":"Polygon","coordinates":[[[-82.905115,41.271522],[-82.906285,41.270259],[-82.906359,41.270259],[-82.906505,41.271206],[-82.906502,41.271677],[-82.906454,41.27221],[-82.90641,41.272353],[-82.90636,41.272446],[-82.906187,41.272697],[-82.904926,41.272084],[-82.905115,41.271522]]]},"properties":{"p":"01-28-00-0015-03","o":"LOGAN, VERNADETTE","a":"5915 CR 191","d":"Bellevue City School District","t":73.55,"l":"541: Res-Custom Code","c":0}},{"type":"Feature","geometry":{"type":"Polygon","coordinates":[[[-82.90091,41.294122],[-82.90092,41.292783],[-82.902784,41.292825],[-82.90277,41.29485],[-82.900904,41.294864],[-82.90091,41.294122]]]},"properties":{"p":"01-21-00-0002-05","o":"WATSON, BRADLEY M & BRIANNA M /SURV","a":"CR 288","d":"Bellevue City School District","t":127.95,"l":"110: Agr-CAUV-Vacant Land","c":0}},{"type":"Feature","geometry":{"type":"Polygon","coordinates":[[[-83.135487,41.35148],[-83.135489,41.351092],[-83.136489,41.3511],[-83.136494,41.351489],[-83.135487,41.35148]]]},"properties":{"p":"34-60-00-0305-02","o":"TAJJ PROPERTIES LLC","a":"STONE ST","d":"Fremont City School District","t":128.45,"l":"350: Ind-Warehouse","c":0}},{"type":"Feature","geometry":{"type":"Polygon","coordinates":[[[-83.113708,41.337546],[-83.113708,41.337513],[-83.114254,41.337509],[-83.114255,41.337547],[-83.113708,41.337546]]]},"properties":{"p":"34-60-00-0289-01","o":"GRAHAM, IZOLA B, TRUSTEE","a":"FRONT ST","d":"Fremont City School District","t":135.4,"l":"500: Res-Vacant Land","c":0}},{"type":"Feature","geometry":{"type":"Polygon","coordinates":[[[-83.093798,41.35461],[-83.093806,41.354315],[-83.094533,41.354689],[-83.094348,41.354893],[-83.093798,41.35461]]]},"properties":{"p":"34-50-00-6444-00","o":"KLEDZIK, JOHN G & SHARMEN","a":"707 PEARL DR","d":"Fremont City School District","t":120,"l":"510: Res-Single Family","c":0}},{"type":"Feature","geometry":{"type":"Polygon","coordinates":[[[-82.902819,41.315652],[-82.903129,41.315513],[-82.903125,41.316236],[-82.902585,41.316227],[-82.902595,41.315763],[-82.902819,41.315652]]]},"properties":{"p":"01-09-00-0006-01","o":"STAMM, JAMES A","a":"5982 CR 175","d":"Bellevue City School District","t":65.21,"l":"511: Res-Custom Code","c":0}},{"type":"Feature","geometry":{"type":"Polygon","coordinates":[[[-82.905275,41.42719],[-82.905288,41.426889],[-82.905437,41.426893],[-82.905424,41.427195],[-82.905275,41.42719]]]},"properties":{"p":"04-04-06-0128-00","o":"SCHMIDT, JOSEF A & WANDA D /SURV","a":"CR 277","d":"Margaretta Local School District","t":38.75,"l":"500: Res-Vacant Land","c":0}},{"type":"Feature","geometry":{"type":"Polygon","coordinates":[[[-83.03301,41.271137],[-83.033014,41.27104],[-83.034148,41.271063],[-83.03414,41.271524],[-83.033358,41.271511],[-83.033003,41.271388],[-83.03301,41.271137]]]},"properties":{"p":"06-29-00-0020-03","o":"BARRETT, CHARLENE M","a":"2552 CR 181","d":"Clyde-Green Springs Exempted Village School District","t":46.29,"l":"541: Res-Custom Code","c":0}},{"type":"Feature","geometry":{"type":"Polygon","coordinates":[[[-83.158801,41.300699],[-83.159169,41.300635],[-83.159492,41.301232],[-83.15915,41.301338],[-83.158801,41.300699]]]},"properties":{"p":"10-17-64-0026-00","o":"LAWRENCE, FRED J JR & NANCY C","a":"699 RAMBO LN","d":"Fremont City School District","t":27.4,"l":"510: Res-Single Family","c":0}},{"type":"Feature","geometry":{"type":"Polygon","coordinates":[[[-83.177203,41.278173],[-83.183058,41.278024],[-83.183065,41.27956],[-83.17613,41.279746],[-83.176061,41.278215],[-83.177203,41.278173]]]},"properties":{"p":"11-30-00-0004-01","o":"STACHOVIAK, STEVEN E III","a":"CR 15 W","d":"Old Fort Local School District","t":49.75,"l":"110: Agr-CAUV-Vacant Land","c":0}},{"type":"Feature","geometry":{"type":"Polygon","coordinates":[[[-83.140602,41.345266],[-83.1406,41.344836],[-83.140874,41.344838],[-83.140876,41.345267],[-83.140602,41.345266]]]},"properties":{"p":"13-33-45-0015-00","o":"CLARK, CLIFFORD & DIANA L /SURV","a":"2137 GARRISON ST W","d":"Fremont City School District","t":29.79,"l":"510: Res-Single Family","c":0}},{"type":"Feature","geometry":{"type":"Polygon","coordinates":[[[-83.40321,41.33053],[-83.40799,41.330469],[-83.407877,41.334046],[-83.40315,41.334158],[-83.40321,41.33053]]]},"properties":{"p":"23-06-00-0012-01","o":"POWERS, ALAN D & NORMAN L","a":"CR 49","d":"Lakota Local School District","t":69.92,"l":"110: Agr-CAUV-Vacant Land","c":0}},{"type":"Feature","geometry":{"type":"Polygon","coordinates":[[[-83.314598,41.402767],[-83.314724,41.402765],[-83.314646,41.406389],[-83.314522,41.406391],[-83.314598,41.402767]]]},"properties":{"p":"25-12-00-0007-00","o":"ECKEL, JACOB C","a":"CR 85","d":"Gibsonburg Exempted Village School District","t":49.81,"l":"100: Agr-Vacant Land","c":0}},{"type":"Feature","geometry":{"type":"Polygon","coordinates":[[[-83.320226,41.382687],[-83.320232,41.382549],[-83.32078,41.382547],[-83.320775,41.382687],[-83.320226,41.382687]]]},"properties":{"p":"27-50-00-0047-00","o":"POWERS HERITAGE PROPERTIES LTD","a":"220 MAIN ST S","d":"Gibsonburg Exempted Village School District","t":30.72,"l":"510: Res-Single Family","c":0}},{"type":"Feature","geometry":{"type":"Polygon","coordinates":[[[-83.394832,41.435539],[-83.395852,41.434967],[-83.395865,41.436332],[-83.395625,41.436391],[-83.394832,41.435539]]]},"properties":{"p":"28-32-00-0009-00","o":"HOODLEBRINK, GARY L & CHERYL A TRUSTEES","a":"CR 117","d":"Woodmore Local School District","t":29.8,"l":"501: Res-Custom Code","c":0}},{"type":"Feature","geometry":{"type":"Polygon","coordinates":[[[-83.118018,41.340661],[-83.118022,41.340374],[-83.118505,41.340369],[-83.118503,41.340703],[-83.118017,41.340706],[-83.118018,41.340661]]]},"properties":{"p":"34-50-00-3648-00","o":"SANCHEZ DE GUADARRAMA, MA","a":"535 53 CLOVER ST","d":"Fremont City School District","t":37.99,"l":"520: Res-Two Family","c":0}},{"type":"Feature","geometry":{"type":"Polygon","coordinates":[[[-83.13677,41.370477],[-83.136771,41.370425],[-83.137317,41.370432],[-83.137316,41.370487],[-83.13677,41.370477]]]},"properties":{"p":"34-60-00-0418-01","o":"GOOD, PAMELA K","a":"OAK HARBOR RD","d":"Fremont City School District","t":42.3,"l":"599: Res-Other","c":0}},{"type":"Feature","geometry":{"type":"Polygon","coordinates":[[[-83.095117,41.352639],[-83.095392,41.352332],[-83.095438,41.352354],[-83.095162,41.352662],[-83.095117,41.352639]]]},"properties":{"p":"34-60-00-0087-08","o":"ST. CLAIR, MICHAEL L. & D","a":"WALNUT ST","d":"Fremont City School District","t":29.88,"l":"500: Res-Vacant Land","c":0}},{"type":"Feature","geometry":{"type":"Polygon","coordinates":[[[-83.08867,41.33738],[-83.088756,41.337332],[-83.088801,41.337258],[-83.088794,41.337178],[-83.088736,41.337109],[-83.089458,41.337137],[-83.089442,41.337412],[-83.08867,41.33738]]]},"properties":{"p":"34-50-00-6309-00","o":"DELEON, ROBERTO M & DONNA D /SURV","a":"604 CARMEN PL","d":"Fremont City School District","t":28.61,"l":"510: Res-Single Family","c":0}},{"type":"Feature","geometry":{"type":"Polygon","coordinates":[[[-83.094555,41.355068],[-83.094665,41.354946],[-83.095105,41.355168],[-83.094994,41.355293],[-83.094555,41.355068]]]},"properties":{"p":"34-50-00-5747-00","o":"CUTCHER, JOSEPH & WHITE, MARY JO /SURV","a":"SIXTH ST","d":"Fremont City School District","t":59.62,"l":"400: Com-Vacant Land","c":0}},{"type":"Feature","geometry":{"type":"Polygon","coordinates":[[[-83.094441,41.355194],[-83.094555,41.355068],[-83.094994,41.355293],[-83.094882,41.355418],[-83.094441,41.355194]]]},"properties":{"p":"34-50-00-5746-00","o":"CUTCHER, JOSEPH & WHITE, MARY JO /SURV","a":"SIXTH ST","d":"Fremont City School District","t":59.62,"l":"400: Com-Vacant Land","c":0}},{"type":"Feature","geometry":{"type":"Polygon","coordinates":[[[-83.094331,41.355316],[-83.094441,41.355194],[-83.094882,41.355418],[-83.094773,41.35554],[-83.094331,41.355316]]]},"properties":{"p":"34-50-00-5745-00","o":"CUTCHER, JOSEPH & WHITE, MARY JO /SURV","a":"SIXTH ST","d":"Fremont City School District","t":59.62,"l":"400: Com-Vacant Land","c":0}},{"type":"Feature","geometry":{"type":"Polygon","coordinates":[[[-83.133878,41.345399],[-83.134424,41.345396],[-83.134422,41.345463],[-83.133876,41.345467],[-83.133878,41.345399]]]},"properties":{"p":"34-50-00-5226-01","o":"SMITH, RICHARD J","a":"GRANVILLE BLVD","d":"Fremont City School District","t":63.71,"l":"500: Res-Vacant Land","c":0}},{"type":"Feature","geometry":{"type":"Polygon","coordinates":[[[-83.123623,41.35954],[-83.123628,41.359389],[-83.123755,41.359387],[-83.12375,41.359539],[-83.123623,41.35954]]]},"properties":{"p":"34-50-00-4950-00","o":"BARTLETT RENTAL PROPERTIES LLC","a":"1211 WOODSON WAY (ALLEY)","d":"Fremont City School District","t":32.14,"l":"599: Res-Other","c":0}},{"type":"Feature","geometry":{"type":"Polygon","coordinates":[[[-83.130154,41.361236],[-83.130158,41.36088],[-83.130322,41.36088],[-83.130318,41.361236],[-83.130154,41.361236]]]},"properties":{"p":"34-50-00-4308-00","o":"WEIKER, THOMAS O JR","a":"1515 NORTH ST","d":"Fremont City School District","t":28.85,"l":"540: Res-Custom Code","c":0}},{"type":"Feature","geometry":{"type":"Polygon","coordinates":[[[-83.118768,41.340226],[-83.118768,41.340211],[-83.119247,41.340211],[-83.119247,41.34023],[-83.118768,41.340226]]]},"properties":{"p":"34-50-00-3645-01","o":"BRISTLEY, SCOTTIE","a":"CLOVER ST","d":"Fremont City School District","t":52.21,"l":"500: Res-Vacant Land","c":0}},{"type":"Feature","geometry":{"type":"Polygon","coordinates":[[[-83.102886,41.345795],[-83.103025,41.345506],[-83.103224,41.34556],[-83.103081,41.345848],[-83.102886,41.345795]]]},"properties":{"p":"34-50-00-3565-00","o":"BENAVIDEZ, RITA","a":"615 HOWLAND ST","d":"Fremont City School District","t":28.98,"l":"510: Res-Single Family","c":0}},{"type":"Feature","geometry":{"type":"Polygon","coordinates":[[[-83.125478,41.360846],[-83.125486,41.360491],[-83.125547,41.360491],[-83.125538,41.360846],[-83.125478,41.360846]]]},"properties":{"p":"34-50-00-2763-01","o":"MORENO, JOSE DEJESUS AND","a":"MOORE ST","d":"Fremont City School District","t":42.43,"l":"510: Res-Single Family","c":0}},{"type":"Feature","geometry":{"type":"Polygon","coordinates":[[[-83.123797,41.35977],[-83.123803,41.359588],[-83.124423,41.359585],[-83.124417,41.359769],[-83.123797,41.35977]]]},"properties":{"p":"34-50-00-2594-00","o":"HARRISON, SEAN & MILTON, JODY /SURV","a":"1215 FRANKLIN AVE","d":"Fremont City School District","t":37.02,"l":"510: Res-Single Family","c":0}},{"type":"Feature","geometry":{"type":"Polygon","coordinates":[[[-83.126598,41.357312],[-83.126603,41.357142],[-83.127074,41.357139],[-83.127069,41.357311],[-83.126598,41.357312]]]},"properties":{"p":"34-50-00-2406-00","o":"OLLOM, EDWIN J","a":"1023 WHITE AVE","d":"Fremont City School District","t":45.65,"l":"510: Res-Single Family","c":0}},{"type":"Feature","geometry":{"type":"Polygon","coordinates":[[[-83.126641,41.356001],[-83.127109,41.356005],[-83.127106,41.356131],[-83.126637,41.356133],[-83.126641,41.356001]]]},"properties":{"p":"34-50-00-2346-00","o":"FOOS, TRAVIS & ELIZABETH /SURV","a":"921 WHITE AVE","d":"Fremont City School District","t":41.78,"l":"510: Res-Single Family","c":0}},{"type":"Feature","geometry":{"type":"Polygon","coordinates":[[[-83.113711,41.338666],[-83.114184,41.338662],[-83.114185,41.338747],[-83.113712,41.338751],[-83.113711,41.338666]]]},"properties":{"p":"34-50-00-1870-01","o":"SIMMS, BEVERLY","a":"718 FRONT ST S","d":"Fremont City School District","t":28.4,"l":"500: Res-Vacant Land","c":0}},{"type":"Feature","geometry":{"type":"Polygon","coordinates":[[[-83.107328,41.345642],[-83.107544,41.345153],[-83.108088,41.345308],[-83.10785,41.345784],[-83.107328,41.345642]]]},"properties":{"p":"34-50-00-0456-00","o":"SPEEDWAY RENTALS, LLC","a":"327 STATE ST E","d":"Fremont City School District","t":48.85,"l":"455: Com-Garage","c":0}},{"type":"Feature","geometry":{"type":"Polygon","coordinates":[[[-83.042777,41.260259],[-83.044305,41.259206],[-83.044308,41.259012],[-83.047549,41.256774],[-83.048081,41.256782],[-83.042777,41.260438],[-83.042777,41.260259]]]},"properties":{"p":"33-99-92-0001-00","o":"JUS-COR INVESTMENTS","a":"ADAMS ST","d":"Clyde-Green Springs Exempted Village School District","t":39.85,"l":"400: Com-Vacant Land","c":0}},{"type":"Feature","geometry":{"type":"Polygon","coordinates":[[[-82.978707,41.314179],[-82.978583,41.314179],[-82.978583,41.31404],[-82.979005,41.314043],[-82.979005,41.314179],[-82.978707,41.314179]]]},"properties":{"p":"32-60-00-0028-06","o":"THE CITY OF CLYDE","a":"MIDVALE AVE REAR","d":"Clyde-Green Springs Exempted Village School District","t":32.23,"l":"500: Res-Vacant Land","c":0}},{"type":"Feature","geometry":{"type":"Polygon","coordinates":[[[-82.983476,41.292163],[-82.983534,41.292156],[-82.983607,41.292121],[-82.98364,41.292084],[-82.983657,41.29202],[-82.984033,41.292019],[-82.984016,41.292371],[-82.983478,41.292378],[-82.983476,41.292163]]]},"properties":{"p":"32-50-00-2089-00","o":"LAMONT, PAMELA C","a":"166 ZIMMERMAN DR","d":"Clyde-Green Springs Exempted Village School District","t":55,"l":"510: Res-Single Family","c":0}},{"type":"Feature","geometry":{"type":"Polygon","coordinates":[[[-82.978038,41.312518],[-82.978042,41.312381],[-82.978572,41.312383],[-82.978573,41.31252],[-82.978038,41.312518]]]},"properties":{"p":"32-50-00-1509-00","o":"KINSELLA UNLIMITED ENTERPRISE LLC","a":"159 MIDVALE AVE","d":"Clyde-Green Springs Exempted Village School District","t":67.66,"l":"510: Res-Single Family","c":0}},{"type":"Feature","geometry":{"type":"Polygon","coordinates":[[[-82.970633,41.300321],[-82.970841,41.300324],[-82.970838,41.300591],[-82.970632,41.300593],[-82.970633,41.300321]]]},"properties":{"p":"32-50-00-1371-00","o":"SCHEER, JOHN JR & BETTY L","a":"316 GRANT ST E","d":"Clyde-Green Springs Exempted Village School District","t":27.34,"l":"510: Res-Single Family","c":0}},{"type":"Feature","geometry":{"type":"Polygon","coordinates":[[[-82.980741,41.30892],[-82.980753,41.308736],[-82.981348,41.308764],[-82.981336,41.308948],[-82.980741,41.30892]]]},"properties":{"p":"32-50-00-1060-00","o":"GURNEY, CHELSEY A","a":"124 BIRDSEYE ST","d":"Clyde-Green Springs Exempted Village School District","t":67.09,"l":"510: Res-Single Family","c":0}},{"type":"Feature","geometry":{"type":"Polygon","coordinates":[[[-83.086965,41.455435],[-83.089828,41.455425],[-83.089855,41.457245],[-83.086976,41.457255],[-83.086965,41.455435]]]},"properties":{"p":"31-26-00-0018-00","o":"SMITH, KAY ANN & FICK, DEREK D /SURV","a":"CR 157","d":"Fremont City School District","t":54.38,"l":"502: Res-Custom Code","c":0}},{"type":"Feature","geometry":{"type":"Polygon","coordinates":[[[-83.371829,41.453458],[-83.372089,41.453097],[-83.372101,41.453417],[-83.372015,41.453533],[-83.371829,41.453458]]]},"properties":{"p":"30-60-00-0006-01","o":"KOHLENBERG, LISA M.","a":"806 COLLEGE AVE W","d":"Woodmore Local School District","t":59.49,"l":"500: Res-Vacant Land","c":0}},{"type":"Feature","geometry":{"type":"Polygon","coordinates":[[[-83.367826,41.443178],[-83.367815,41.44286],[-83.368056,41.442859],[-83.368067,41.443177],[-83.367826,41.443178]]]},"properties":{"p":"30-50-00-0460-00","o":"BUEHNING, BEEJAY","a":"513 VICTORIA PL","d":"Woodmore Local School District","t":34.78,"l":"510: Res-Single Family","c":0}},{"type":"Feature","geometry":{"type":"Polygon","coordinates":[[[-83.374345,41.453385],[-83.374266,41.453353],[-83.374522,41.452988],[-83.374682,41.453054],[-83.374427,41.453418],[-83.374345,41.453385]]]},"properties":{"p":"30-28-01-0096-00","o":"DYER, WILLIAM H II","a":"212 GEORGE ST","d":"Woodmore Local School District","t":29.7,"l":"510: Res-Single Family","c":0}},{"type":"Feature","geometry":{"type":"Polygon","coordinates":[[[-83.393489,41.430258],[-83.393499,41.428124],[-83.395887,41.428107],[-83.395904,41.430322],[-83.393489,41.430258]]]},"properties":{"p":"28-32-00-0012-00","o":"HOODLEBRINK, GARY L & CHERYL A TRUSTEES","a":"CR 14","d":"Woodmore Local School District","t":68.69,"l":"110: Agr-CAUV-Vacant Land","c":0}},{"type":"Feature","geometry":{"type":"Polygon","coordinates":[[[-83.395852,41.434967],[-83.396439,41.434636],[-83.397025,41.435237],[-83.396796,41.435689],[-83.39659,41.435972],[-83.396449,41.436064],[-83.396168,41.436209],[-83.395865,41.436332],[-83.395852,41.434967]]]},"properties":{"p":"28-31-00-0022-00","o":"HOODLEBRINK, GARY L & CHERYL A TRUSTEES","a":"CR 117","d":"Woodmore Local School District","t":43.44,"l":"501: Res-Custom Code","c":0}},{"type":"Feature","geometry":{"type":"Polygon","coordinates":[[[-83.330295,41.385024],[-83.330306,41.384606],[-83.330573,41.384606],[-83.330565,41.385024],[-83.330295,41.385024]]]},"properties":{"p":"27-50-00-0998-00","o":"POWERS, ALAN D & NORMAN L","a":"628 MADISON ST W","d":"Gibsonburg Exempted Village School District","t":46.38,"l":"510: Res-Single Family","c":0}},{"type":"Feature","geometry":{"type":"Polygon","coordinates":[[[-83.313884,41.382072],[-83.314072,41.382069],[-83.314057,41.382487],[-83.313872,41.38249],[-83.313884,41.382072]]]},"properties":{"p":"27-50-00-0694-00","o":"HERNANDEZ, FIDEL & LILLY","a":"KEMMERLING ST","d":"Gibsonburg Exempted Village School District","t":27.4,"l":"500: Res-Vacant Land","c":0}},{"type":"Feature","geometry":{"type":"Polygon","coordinates":[[[-83.311043,41.382114],[-83.311224,41.382112],[-83.31121,41.382532],[-83.31103,41.382535],[-83.311043,41.382114]]]},"properties":{"p":"27-50-00-0681-00","o":"SLACK, DANIEL R II","a":"KEMMERLING ST","d":"Gibsonburg Exempted Village School District","t":35.7,"l":"500: Res-Vacant Land","c":0}},{"type":"Feature","geometry":{"type":"Polygon","coordinates":[[[-83.313185,41.384731],[-83.313365,41.384729],[-83.313349,41.385139],[-83.313168,41.385142],[-83.313185,41.384731]]]},"properties":{"p":"27-50-00-0395-00","o":"POWERS HERITAGE PROPERTIES LTD","a":"520 MADISON ST E","d":"Gibsonburg Exempted Village School District","t":51.68,"l":"520: Res-Two Family","c":0}},{"type":"Feature","geometry":{"type":"Polygon","coordinates":[[[-83.313548,41.384726],[-83.313732,41.384723],[-83.313716,41.385132],[-83.31353,41.385136],[-83.313548,41.384726]]]},"properties":{"p":"27-50-00-0393-00","o":"POWERS HERITAGE PROPERTIES LTD","a":"512 MADISON ST E","d":"Gibsonburg Exempted Village School District","t":62.19,"l":"520: Res-Two Family","c":0}},{"type":"Feature","geometry":{"type":"Polygon","coordinates":[[[-83.324567,41.38607],[-83.324583,41.385655],[-83.324768,41.385654],[-83.324751,41.386069],[-83.324567,41.38607]]]},"properties":{"p":"27-50-00-0158-00","o":"GERBICH, JULIE L.","a":"400 STEVENSON ST W","d":"Gibsonburg Exempted Village School District","t":27.48,"l":"510: Res-Single Family","c":0}},{"type":"Feature","geometry":{"type":"Polygon","coordinates":[[[-83.320879,41.351414],[-83.320875,41.351071],[-83.321724,41.351067],[-83.321729,41.351787],[-83.32088,41.35179],[-83.320879,41.351414]]]},"properties":{"p":"25-35-00-0015-01","o":"PIEPER, CHESTER A JR & DAWN M TRUSTEES","a":"450 SR 300","d":"Gibsonburg Exempted Village School District","t":39.03,"l":"599: Res-Other","c":0}},{"type":"Feature","geometry":{"type":"Polygon","coordinates":[[[-83.415894,41.34141],[-83.415896,41.341293],[-83.416312,41.341291],[-83.416298,41.342323],[-83.415879,41.342325],[-83.415894,41.34141]]]},"properties":{"p":"25-31-00-0013-03","o":"TRUCKERS WELCOME REST STO","a":"SR 6","d":"Gibsonburg Exempted Village School District","t":39.06,"l":"430: Com-Retaurant","c":0}},{"type":"Feature","geometry":{"type":"Polygon","coordinates":[[[-83.301837,41.399335],[-83.302107,41.399333],[-83.302091,41.399882],[-83.301525,41.399887],[-83.301544,41.399338],[-83.301837,41.399335]]]},"properties":{"p":"25-12-00-0002-01","o":"MAIN LANE LLC","a":"4650 CR 85","d":"Gibsonburg Exempted Village School District","t":68.91,"l":"599: Res-Other","c":0}},{"type":"Feature","geometry":{"type":"Polygon","coordinates":[[[-83.377147,41.341245],[-83.377145,41.340632],[-83.377539,41.34063],[-83.377541,41.341243],[-83.377147,41.341245]]]},"properties":{"p":"24-95-00-0013-00","o":"BEAIR, CHRISTOPHER J","a":"6577 SR 6","d":"Gibsonburg Exempted Village School District","t":30.38,"l":"599: Res-Other","c":0}},{"type":"Feature","geometry":{"type":"Polygon","coordinates":[[[-83.334647,41.318204],[-83.33461,41.316877],[-83.339605,41.316937],[-83.339645,41.318225],[-83.339663,41.320584],[-83.334711,41.320514],[-83.334647,41.318204]]]},"properties":{"p":"24-11-00-0006-00","o":"JONES, ERIC & TERESA & LOGAN & JESSICA","a":"928 CR 42","d":"Gibsonburg Exempted Village School District","t":69.08,"l":"111: Agr-CAUV-Cash-Grain Farm","c":0}},{"type":"Feature","geometry":{"type":"Polygon","coordinates":[[[-83.406855,41.311598],[-83.407552,41.311582],[-83.407555,41.312231],[-83.406866,41.31225],[-83.406855,41.311598]]]},"properties":{"p":"23-18-00-0006-01","o":"PRUETT, LARRY","a":"7325 CR 41","d":"Lakota Local School District","t":40.1,"l":"511: Res-Custom Code","c":0}},{"type":"Feature","geometry":{"type":"Polygon","coordinates":[[[-83.224036,41.420029],[-83.224211,41.419904],[-83.224387,41.420033],[-83.224211,41.420159],[-83.224036,41.420029]]]},"properties":{"p":"22-50-00-0157-00","o":"ALDRICH, JAMEY & SHEA /SURV","a":"108 WILLIAMS ST","d":"Fremont City School District","t":27.52,"l":"560: Res-Mobile Home","c":0}},{"type":"Feature","geometry":{"type":"Polygon","coordinates":[[[-83.224387,41.420033],[-83.224672,41.419831],[-83.22491,41.420005],[-83.224551,41.420158],[-83.224387,41.420033]]]},"properties":{"p":"22-03-00-0006-00","o":"HOMEVANA LLC","a":"WILLIAMS ST","d":"Fremont City School District","t":52.96,"l":"500: Res-Vacant Land","c":0}},{"type":"Feature","geometry":{"type":"Polygon","coordinates":[[[-83.2485,41.402135],[-83.248811,41.401709],[-83.249083,41.401821],[-83.248771,41.402246],[-83.2485,41.402135]]]},"properties":{"p":"20-95-00-0122-00","o":"GALVAN, DAVID & SANCHEZ, PEDRO C","a":"CR 706","d":"Gibsonburg Exempted Village School District","t":27.36,"l":"500: Res-Vacant Land","c":0}},{"type":"Feature","geometry":{"type":"Polygon","coordinates":[[[-83.247095,41.403105],[-83.247315,41.402802],[-83.247581,41.402915],[-83.247358,41.403218],[-83.247095,41.403105]]]},"properties":{"p":"20-95-00-0077-00","o":"ARRIAGA, DIANA","a":"3243 SR 20 W","d":"Gibsonburg Exempted Village School District","t":62.88,"l":"500: Res-Vacant Land","c":0}},{"type":"Feature","geometry":{"type":"Polygon","coordinates":[[[-83.245921,41.403414],[-83.246163,41.403089],[-83.246363,41.403175],[-83.246124,41.403501],[-83.245921,41.403414]]]},"properties":{"p":"20-95-00-0015-03","o":"MASTERS, OTTO O","a":"3224 SR 20","d":"Gibsonburg Exempted Village School District","t":48.87,"l":"510: Res-Single Family","c":0}},{"type":"Feature","geometry":{"type":"Polygon","coordinates":[[[-83.287134,41.384718],[-83.287154,41.384125],[-83.287935,41.384121],[-83.287957,41.384857],[-83.287131,41.38487],[-83.287134,41.384718]]]},"properties":{"p":"20-19-00-0006-01","o":"VILLARREAL, RUBEN J & BOBBI J /SURV","a":"4289 SR 600","d":"Gibsonburg Exempted Village School District","t":37.88,"l":"511: Res-Custom Code","c":0}},{"type":"Feature","geometry":{"type":"Polygon","coordinates":[[[-83.219474,41.379432],[-83.219994,41.379425],[-83.219865,41.382119],[-83.219849,41.382822],[-83.22228,41.382886],[-83.222191,41.384692],[-83.217476,41.384759],[-83.217667,41.379462],[-83.219474,41.379432]]]},"properties":{"p":"19-23-00-0010-00","o":"ATKINSON, ANTHONY J & TRACY M /SURV","a":"1467 SR 590","d":"Fremont City School District","t":68.86,"l":"111: Agr-CAUV-Cash-Grain Farm","c":0}},{"type":"Feature","geometry":{"type":"Polygon","coordinates":[[[-83.292244,41.341819],[-83.292245,41.341405],[-83.292431,41.341405],[-83.292434,41.341819],[-83.292244,41.341819]]]},"properties":{"p":"18-50-00-0116-00","o":"MURRAY, DAVID W. & ROBERT","a":"251 MAIN ST","d":"Gibsonburg Exempted Village School District","t":65.74,"l":"500: Res-Vacant Land","c":0}},{"type":"Feature","geometry":{"type":"Polygon","coordinates":[[[-83.293254,41.341608],[-83.293343,41.341607],[-83.293342,41.341402],[-83.293431,41.341401],[-83.293436,41.341812],[-83.293258,41.341814],[-83.293254,41.341608]]]},"properties":{"p":"18-50-00-0025-00","o":"ELSWICK, LENNY B","a":"243 MAIN ST","d":"Gibsonburg Exempted Village School District","t":63.84,"l":"499: Com-Other","c":0}},{"type":"Feature","geometry":{"type":"Polygon","coordinates":[[[-83.13903,41.354049],[-83.139028,41.35387],[-83.140242,41.353879],[-83.140243,41.354057],[-83.13903,41.354049]]]},"properties":{"p":"13-33-49-0055-00","o":"KELLER, STACIE","a":"630 LIME ST","d":"Fremont City School District","t":27.08,"l":"510: Res-Single Family","c":0}},{"type":"Feature","geometry":{"type":"Polygon","coordinates":[[[-83.145153,41.356806],[-83.145153,41.356613],[-83.146279,41.356625],[-83.146279,41.356819],[-83.145153,41.356806]]]},"properties":{"p":"13-33-46-0006-00","o":"ROEMELEN, ROBERT E","a":"905 BRUSH ST N","d":"Fremont City School District","t":53.41,"l":"510: Res-Single Family","c":0}},{"type":"Feature","geometry":{"type":"Polygon","coordinates":[[[-83.14411,41.352137],[-83.144109,41.351958],[-83.144579,41.351957],[-83.144578,41.352136],[-83.14411,41.352137]]]},"properties":{"p":"13-33-41-0017-00","o":"PETERSON, TRACY; ZUCKER, TRISHA; KROCHMALICK, TINA; TOPEL, TERRI & BARRY A","a":"524 EVERETT RD","d":"Fremont City School District","t":49.66,"l":"510: Res-Single Family","c":0}},{"type":"Feature","geometry":{"type":"Polygon","coordinates":[[[-83.155289,41.365915],[-83.15529,41.365686],[-83.155843,41.365694],[-83.155845,41.365924],[-83.155289,41.365915]]]},"properties":{"p":"13-29-37-0162-00","o":"CBEOP LLC","a":"1532 PONTIAC AVE","d":"Fremont City School District","t":67.61,"l":"500: Res-Vacant Land","c":0}},{"type":"Feature","geometry":{"type":"Polygon","coordinates":[[[-83.172501,41.277169],[-83.172519,41.277141],[-83.176558,41.277037],[-83.183053,41.276897],[-83.183058,41.278024],[-83.177203,41.278173],[-83.177208,41.277895],[-83.177168,41.277637],[-83.177071,41.27726],[-83.176477,41.277139],[-83.17603,41.277709],[-83.176061,41.278215],[-83.170529,41.278382],[-83.171306,41.278054],[-83.17224,41.277602],[-83.172357,41.277487],[-83.172426,41.277384],[-83.172466,41.277298],[-83.172501,41.277169]]]},"properties":{"p":"11-30-00-0001-00","o":"STACHOVIAK, STEVEN E III","a":"CR 15","d":"Old Fort Local School District","t":55.62,"l":"110: Agr-CAUV-Vacant Land","c":0}},{"type":"Feature","geometry":{"type":"Polygon","coordinates":[[[-83.187905,41.276792],[-83.18796,41.276791],[-83.187954,41.278574],[-83.183061,41.27869],[-83.183053,41.276897],[-83.187905,41.276792]]]},"properties":{"p":"10-30-00-0003-00","o":"STACHOVIAK, STEVEN E III","a":"CR 118","d":"Fremont City School District","t":47.29,"l":"111: Agr-CAUV-Cash-Grain Farm","c":0}},{"type":"Feature","geometry":{"type":"Polygon","coordinates":[[[-83.177896,41.331715],[-83.178814,41.331727],[-83.178804,41.331885],[-83.177892,41.331901],[-83.177896,41.331715]]]},"properties":{"p":"10-06-00-0003-01","o":"MICHAEL, WAYNE W & DOLORES J TRUSTEES","a":"WESTWOOD DR (REAR)","d":"Fremont City School District","t":36.75,"l":"501: Res-Custom Code","c":0}},{"type":"Feature","geometry":{"type":"Polygon","coordinates":[[[-83.152839,41.336917],[-83.152847,41.336619],[-83.153593,41.336625],[-83.153585,41.336921],[-83.152839,41.336917]]]},"properties":{"p":"10-05-16-0009-04","o":"MEYER, SHANNA E M","a":"803 BARTSON RD","d":"Fremont City School District","t":50.71,"l":"560: Res-Mobile Home","c":0}},{"type":"Feature","geometry":{"type":"Polygon","coordinates":[[[-82.973637,41.379479],[-82.974211,41.37947],[-82.974195,41.380286],[-82.973516,41.380297],[-82.97353,41.379481],[-82.973637,41.379479]]]},"properties":{"p":"08-23-00-0028-01","o":"OHMS, DIANE J","a":"1356 SR 510","d":"Fremont City School District","t":66,"l":"511: Res-Custom Code","c":0}},{"type":"Feature","geometry":{"type":"Polygon","coordinates":[[[-82.982664,41.401125],[-82.982773,41.401123],[-82.982769,41.40169],[-82.981936,41.401704],[-82.98194,41.401137],[-82.982664,41.401125]]]},"properties":{"p":"08-11-00-0008-01","o":"BUCHANAN, AMY","a":"CR 250","d":"Fremont City School District","t":69.41,"l":"599: Res-Other","c":0}},{"type":"Feature","geometry":{"type":"Polygon","coordinates":[[[-82.97027,41.281589],[-82.970259,41.279077],[-82.971046,41.279159],[-82.971042,41.2792],[-82.970899,41.279272],[-82.970838,41.279905],[-82.971295,41.279933],[-82.971893,41.280857],[-82.97027,41.281712],[-82.97027,41.281589]]]},"properties":{"p":"06-25-00-0001-00","o":"PETENZI, CAROL A","a":"CR 175","d":"Clyde-Green Springs Exempted Village School District","t":36.07,"l":"501: Res-Custom Code","c":0}},{"type":"Feature","geometry":{"type":"Polygon","coordinates":[[[-83.013713,41.288511],[-83.013731,41.285051],[-83.015073,41.285057],[-83.014913,41.288518],[-83.013713,41.288511]]]},"properties":{"p":"06-21-00-0007-04","o":"CRAVENS, ALBERT J","a":"CR 185","d":"Clyde-Green Springs Exempted Village School District","t":50.03,"l":"501: Res-Custom Code","c":0}},{"type":"Feature","geometry":{"type":"Polygon","coordinates":[[[-82.911285,41.40675],[-82.911288,41.40666],[-82.913594,41.406678],[-82.913598,41.406769],[-82.911285,41.40675]]]},"properties":{"p":"04-09-00-0007-01","o":"LANGE, DARLA E & ELIYAS, JOHN M","a":"CR 280 REAR","d":"Margaretta Local School District","t":34.19,"l":"501: Res-Custom Code","c":0}},{"type":"Feature","geometry":{"type":"Polygon","coordinates":[[[-82.905121,41.427185],[-82.905135,41.426884],[-82.905288,41.426889],[-82.905275,41.42719],[-82.905121,41.427185]]]},"properties":{"p":"04-04-06-0129-00","o":"SCHMIDT, JOSEF A & WANDA D /SURV","a":"CR 277","d":"Margaretta Local School District","t":40.69,"l":"500: Res-Vacant Land","c":0}},{"type":"Feature","geometry":{"type":"Polygon","coordinates":[[[-82.905424,41.427195],[-82.905437,41.426893],[-82.905591,41.426897],[-82.905578,41.427199],[-82.905424,41.427195]]]},"properties":{"p":"04-04-06-0127-00","o":"SCHMIDT, JOSEF A & WANDA D /SURV","a":"CR 277","d":"Margaretta Local School District","t":38.75,"l":"500: Res-Vacant Land","c":0}},{"type":"Feature","geometry":{"type":"Polygon","coordinates":[[[-82.904677,41.428407],[-82.904793,41.428338],[-82.90497,41.428511],[-82.904852,41.428581],[-82.904677,41.428407]]]},"properties":{"p":"04-04-06-0051-00","o":"SMARSH, JOHN M","a":"CR 283","d":"Margaretta Local School District","t":28.27,"l":"500: Res-Vacant Land","c":0}},{"type":"Feature","geometry":{"type":"Polygon","coordinates":[[[-82.861316,41.426732],[-82.862708,41.42631],[-82.862584,41.430456],[-82.860488,41.430453],[-82.860609,41.426946],[-82.861316,41.426732]]]},"properties":{"p":"04-02-00-0009-00","o":"SUTORIUS, BRIAN D.","a":"SR 6","d":"Margaretta Local School District","t":37.28,"l":"110: Agr-CAUV-Vacant Land","c":0}},{"type":"Feature","geometry":{"type":"Polygon","coordinates":[[[-82.862584,41.430456],[-82.862708,41.42631],[-82.86275,41.426297],[-82.862732,41.426793],[-82.863267,41.426673],[-82.863254,41.426147],[-82.864565,41.425762],[-82.864404,41.430458],[-82.862584,41.430456]]]},"properties":{"p":"04-02-00-0008-00","o":"SUTORIUS, BRIAN D.","a":"SR 6","d":"Margaretta Local School District","t":38.58,"l":"110: Agr-CAUV-Vacant Land","c":0}},{"type":"Feature","geometry":{"type":"Polygon","coordinates":[[[-82.864565,41.425762],[-82.864647,41.425738],[-82.864862,41.42623],[-82.864865,41.426448],[-82.864801,41.426793],[-82.864773,41.427044],[-82.864829,41.427295],[-82.864923,41.427529],[-82.864952,41.427578],[-82.865821,41.428078],[-82.866135,41.428388],[-82.866036,41.430461],[-82.864404,41.430458],[-82.864565,41.425762]]]},"properties":{"p":"04-02-00-0007-00","o":"SUTORIUS, BRIAN D.","a":"SR 6","d":"Margaretta Local School District","t":27.71,"l":"110: Agr-CAUV-Vacant Land","c":0}},{"type":"Feature","geometry":{"type":"Polygon","coordinates":[[[-82.866058,41.428312],[-82.866181,41.425843],[-82.866616,41.425892],[-82.866651,41.425148],[-82.867291,41.424959],[-82.867221,41.426878],[-82.867664,41.426883],[-82.867569,41.429384],[-82.86744,41.429322],[-82.866936,41.429162],[-82.86631,41.428535],[-82.866227,41.42848],[-82.866058,41.428312]]]},"properties":{"p":"04-02-00-0003-01","o":"SUTORIUS, BRIAN D","a":"SR 6","d":"Margaretta Local School District","t":30.62,"l":"110: Agr-CAUV-Vacant Land","c":0}},{"type":"Feature","geometry":{"type":"Polygon","coordinates":[[[-82.847318,41.291784],[-82.847317,41.291707],[-82.849722,41.291711],[-82.849721,41.291788],[-82.847318,41.291784]]]},"properties":{"p":"03-60-00-0088-01","o":"SKILES, NOLA & LAUB, HOLLY & ELSNER, JENNIFER","a":"CR 312 REAR","d":"Bellevue City School District","t":39,"l":"100: Agr-Vacant Land","c":0}},{"type":"Feature","geometry":{"type":"Polygon","coordinates":[[[-82.850842,41.276292],[-82.850845,41.275669],[-82.850876,41.275674],[-82.850874,41.276301],[-82.850842,41.276292]]]},"properties":{"p":"03-60-00-0033-07","o":"HALE, KEVEN","a":"505 MAIN ST","d":"Bellevue City School District","t":33.94,"l":"500: Res-Vacant Land","c":0}},{"type":"Feature","geometry":{"type":"Polygon","coordinates":[[[-82.844899,41.272509],[-82.845127,41.272377],[-82.845486,41.272739],[-82.845254,41.272867],[-82.844899,41.272509]]]},"properties":{"p":"03-60-00-0012-02","o":"SPARKS, JUDY","a":"230 KILBOURNE ST","d":"Bellevue City School District","t":51.62,"l":"599: Res-Other","c":0}},{"type":"Feature","geometry":{"type":"Polygon","coordinates":[[[-82.846377,41.266118],[-82.846381,41.265812],[-82.846888,41.265814],[-82.846884,41.26612],[-82.846377,41.266118]]]},"properties":{"p":"03-50-00-1707-00","o":"HERMAN, ALICIA C","a":"325 BUCKINGHAM DR","d":"Bellevue City School District","t":58.21,"l":"510: Res-Single Family","c":0}},{"type":"Feature","geometry":{"type":"Polygon","coordinates":[[[-82.847748,41.278755],[-82.847693,41.278754],[-82.847689,41.278532],[-82.8482,41.278536],[-82.848201,41.278757],[-82.847748,41.278755]]]},"properties":{"p":"03-50-00-1472-00","o":"SCAGNETTI, ERIC P","a":"226 JOHN ST","d":"Bellevue City School District","t":55,"l":"510: Res-Single Family","c":0}},{"type":"Feature","geometry":{"type":"MultiPolygon","coordinates":[[[[-82.917399,41.286842],[-82.91743,41.284733],[-82.919888,41.284774],[-82.91976,41.291184],[-82.917334,41.290538],[-82.917399,41.286842]]],[[[-82.919643,41.291611],[-82.919658,41.291532],[-82.92118,41.29194],[-82.92118,41.292012],[-82.919643,41.291611]]]]},"properties":{"p":"02-20-00-0020-00","o":"HALL, SHEILA MARIE","a":"CR 270 REAR","d":"Clyde-Green Springs Exempted Village School District","t":55.55,"l":"110: Agr-CAUV-Vacant Land","c":0}},{"type":"Feature","geometry":{"type":"Polygon","coordinates":[[[-82.905396,41.257731],[-82.905392,41.257042],[-82.904869,41.257061],[-82.904869,41.255743],[-82.907714,41.255759],[-82.907715,41.25768],[-82.905396,41.257731]]]},"properties":{"p":"01-33-00-0006-03","o":"COTTERILL, SHAUN H & KRALL, SHELLEY L /SURV","a":"5906 CR 113","d":"Bellevue City School District","t":54.87,"l":"512: Res-Custom Code","c":0}},{"type":"Feature","geometry":{"type":"Polygon","coordinates":[[[-82.868733,41.270117],[-82.868732,41.270034],[-82.869068,41.270035],[-82.869069,41.270617],[-82.868737,41.270619],[-82.868733,41.270117]]]},"properties":{"p":"01-26-00-0029-00","o":"WOOD, LANE O TRUSTEE","a":"6854 CR 191","d":"Bellevue City School District","t":50.61,"l":"511: Res-Custom Code","c":0}},{"type":"Feature","geometry":{"type":"Polygon","coordinates":[[[-82.879659,41.325463],[-82.880581,41.32502],[-82.880894,41.325616],[-82.880017,41.326018],[-82.879659,41.325463]]]},"properties":{"p":"01-10-00-0007-01","o":"KEEGAN, TRAVIS","a":"6550 CR 175","d":"Bellevue City School District","t":60.07,"l":"511: Res-Custom Code","c":0}},{"type":"Feature","geometry":{"type":"Polygon","coordinates":[[[-83.088481,41.334296],[-83.088497,41.334102],[-83.088636,41.334109],[-83.08862,41.334302],[-83.088481,41.334296]]]},"properties":{"p":"34-60-00-0430-28","o":"DARR, CARROLL N & JEAN M /SURV","a":"223 MYAH DR","d":"Fremont City School District","t":56.23,"l":"550: Res-Condo","c":0}},{"type":"Feature","geometry":{"type":"Polygon","coordinates":[[[-82.959684,41.432088],[-82.959612,41.432036],[-82.959716,41.432001],[-82.959807,41.432087],[-82.959729,41.432115],[-82.959684,41.432088]]]},"properties":{"p":"08-36-04-0014-00","o":"ECKHART, REBECCA L; DEAL, RONALD LEROY & RONALD L & BARRON, REBECCA LOUISE","a":"CR 257","d":"Fremont City School District","t":20.06,"l":"500: Res-Vacant Land","c":0}},{"type":"Feature","geometry":{"type":"Polygon","coordinates":[[[-83.070202,41.335595],[-83.070231,41.335354],[-83.070976,41.335402],[-83.070808,41.335757],[-83.070202,41.335595]]]},"properties":{"p":"10-01-00-0063-03","o":"CHURCH, FREMONT BIBLE BAP","a":"SR 20","d":"Fremont City School District","t":6.63,"l":"685: Exm-Public Woship","c":0}},{"type":"Feature","geometry":{"type":"Polygon","coordinates":[[[-83.325768,41.389744],[-83.325773,41.389651],[-83.325889,41.389816],[-83.32613,41.390073],[-83.326001,41.390118],[-83.325768,41.389744]]]},"properties":{"p":"27-14-00-0004-01","o":"DUNLAP, ROBERT D JR & LORI J TRUSTEES","a":"408 PATTERSON ST","d":"Gibsonburg Exempted Village School District","t":12.17,"l":"500: Res-Vacant Land","c":0}},{"type":"Feature","geometry":{"type":"Polygon","coordinates":[[[-83.051452,41.256997],[-83.051447,41.256828],[-83.05195,41.256835],[-83.051948,41.257003],[-83.051452,41.256997]]]},"properties":{"p":"33-50-00-0030-01","o":"GREENSPRINGS MARATHON LLC","a":"BROADWAY ST","d":"Clyde-Green Springs Exempted Village School District","t":12.85,"l":"421: Com-Supermarket","c":0}},{"type":"Feature","geometry":{"type":"Polygon","coordinates":[[[-83.118649,41.351275],[-83.118703,41.351201],[-83.118741,41.351217],[-83.118687,41.351291],[-83.118649,41.351275]]]},"properties":{"p":"34-50-00-0053-01","o":"KEATON, BRYANT & HOTZ, CHRISTOPHER / SURV","a":"446 WOOD ST","d":"Fremont City School District","t":2.68,"l":"499: Com-Other","c":0}},{"type":"Feature","geometry":{"type":"Polygon","coordinates":[[[-83.114215,41.350684],[-83.114218,41.350528],[-83.114361,41.350527],[-83.114358,41.350687],[-83.114215,41.350684]]]},"properties":{"p":"34-50-00-2984-01","o":"OLLOM, JAMES R & NANCY M /SURV","a":"506 FRONT ST REAR N","d":"Fremont City School District","t":21.77,"l":"500: Res-Vacant Land","c":0}},{"type":"Feature","geometry":{"type":"Polygon","coordinates":[[[-83.100743,41.334218],[-83.100973,41.334217],[-83.100971,41.334223],[-83.100743,41.334218]]]},"properties":{"p":"34-50-00-6199-00","o":"HOMES-CASAS INC","a":"CARDINAL DR","d":"Fremont City School District","t":2.95,"l":"500: Res-Vacant Land","c":0}},{"type":"Feature","geometry":{"type":"MultiPolygon","coordinates":[[[[-83.159206,41.355231],[-83.159228,41.355229],[-83.159854,41.356005],[-83.159749,41.356027],[-83.159903,41.356444],[-83.159718,41.356881],[-83.158903,41.35607],[-83.159206,41.355231]]],[[[-83.159814,41.356924],[-83.159913,41.35669],[-83.160034,41.356968],[-83.159843,41.357072],[-83.159814,41.356924]]]]},"properties":{"p":"34-60-00-0395-01","o":"KUPKA, WILLIAM C & CHERI","a":"895 SPIELDENNER RD","d":"Fremont City School District","t":0.02,"l":"511: Res-Custom Code","c":0}},{"type":"Feature","geometry":{"type":"Polygon","coordinates":[[[-83.102902,41.336249],[-83.102841,41.336327],[-83.101657,41.335858],[-83.102437,41.335851],[-83.103799,41.336426],[-83.103716,41.3366],[-83.102902,41.336249]]]},"properties":{"p":"34-60-00-0049-05","o":"W & L E RR CO","a":"","d":"Fremont City School District","t":1.49,"l":"840: Utl-Railroad Real Operating","c":0}},{"type":"Feature","geometry":{"type":"Polygon","coordinates":[[[-83.100467,41.332229],[-83.100673,41.332226],[-83.100673,41.332237],[-83.100467,41.332239],[-83.100467,41.332229]]]},"properties":{"p":"34-50-00-6224-00","o":"HOMES-CASAS INC","a":"QUAIL DR","d":"Fremont City School District","t":3.63,"l":"500: Res-Vacant Land","c":0}},{"type":"Feature","geometry":{"type":"Polygon","coordinates":[[[-83.130046,41.361236],[-83.130051,41.36088],[-83.130158,41.36088],[-83.130154,41.361236],[-83.130046,41.361236]]]},"properties":{"p":"34-50-00-4309-00","o":"WEIKER, THOMAS O JR","a":"1515 NORTH ST","d":"Fremont City School District","t":21.73,"l":"599: Res-Other","c":0}},{"type":"Feature","geometry":{"type":"Polygon","coordinates":[[[-83.127371,41.354848],[-83.127844,41.354844],[-83.127841,41.354922],[-83.127368,41.354929],[-83.127371,41.354848]]]},"properties":{"p":"34-50-00-2261-00","o":"SARTIN, DONALD G SR & ANDREA ANN /SURV","a":"828 WHITE AVE","d":"Fremont City School District","t":9.92,"l":"510: Res-Single Family","c":0}},{"type":"Feature","geometry":{"type":"Polygon","coordinates":[[[-83.105137,41.349074],[-83.10528,41.348905],[-83.105668,41.349099],[-83.105524,41.349266],[-83.105137,41.349074]]]},"properties":{"p":"34-50-00-2141-00","o":"PENN, DAN & DEBORAH J TRUSTEES","a":"346 OHIO AVE","d":"Fremont City School District","t":0.03,"l":"520: Res-Two Family","c":0}},{"type":"Feature","geometry":{"type":"Polygon","coordinates":[[[-83.106039,41.339244],[-83.106088,41.339142],[-83.106866,41.339353],[-83.106816,41.339455],[-83.106039,41.339244]]]},"properties":{"p":"34-50-00-1754-03","o":"NAUSE, TIMOTHY ET AL","a":"437 SIXTH ST","d":"Fremont City School District","t":7.76,"l":"500: Res-Vacant Land","c":0}},{"type":"Feature","geometry":{"type":"Polygon","coordinates":[[[-83.115224,41.340413],[-83.115479,41.340291],[-83.115477,41.340558],[-83.115344,41.340559],[-83.115224,41.340413]]]},"properties":{"p":"34-50-00-1556-00","o":"LOPEZ, MONICA M","a":"419 VINE ST","d":"Fremont City School District","t":1.86,"l":"510: Res-Single Family","c":0}},{"type":"Feature","geometry":{"type":"Polygon","coordinates":[[[-83.103139,41.353187],[-83.103272,41.353038],[-83.10368,41.353238],[-83.103545,41.353389],[-83.103139,41.353187]]]},"properties":{"p":"34-50-00-0827-00","o":"ESTRADA, JUANITA ALEJANDRA","a":"608 SECOND ST","d":"Fremont City School District","t":14.08,"l":"500: Res-Vacant Land","c":0}},{"type":"Feature","geometry":{"type":"Polygon","coordinates":[[[-83.051003,41.257329],[-83.051005,41.25714],[-83.051222,41.25714],[-83.051219,41.257331],[-83.051003,41.257329]]]},"properties":{"p":"33-50-00-0031-00","o":"GREENSPRINGS MARATHON LLC","a":"BROADWAY ST","d":"Clyde-Green Springs Exempted Village School District","t":3.17,"l":"421: Com-Supermarket","c":0}},{"type":"Feature","geometry":{"type":"Polygon","coordinates":[[[-83.051284,41.257352],[-83.051286,41.257162],[-83.051946,41.25717],[-83.051944,41.257354],[-83.051284,41.257352]]]},"properties":{"p":"33-50-00-0028-00","o":"GREENSPRINGS MARATHON LLC","a":"BROADWAY ST","d":"Clyde-Green Springs Exempted Village School District","t":21.66,"l":"421: Com-Supermarket","c":0}},{"type":"Feature","geometry":{"type":"Polygon","coordinates":[[[-82.988296,41.297551],[-82.988439,41.297451],[-82.988439,41.297552],[-82.988296,41.297551]]]},"properties":{"p":"32-60-00-0118-06","o":"ANDRES, CLIFFORD J","a":"FARNUM ST REAR","d":"Clyde-Green Springs Exempted Village School District","t":4.13,"l":"500: Res-Vacant Land","c":0}},{"type":"Feature","geometry":{"type":"Polygon","coordinates":[[[-82.988062,41.307803],[-82.987287,41.30779],[-82.987292,41.306939],[-82.988016,41.306926],[-82.988018,41.306853],[-82.988648,41.306848],[-82.988645,41.307107],[-82.988233,41.307114],[-82.988223,41.307806],[-82.988062,41.307803]]]},"properties":{"p":"32-60-00-0056-02","o":"PASCUA, JON","a":"145 RIDGEVIEW ST","d":"Clyde-Green Springs Exempted Village School District","t":13.95,"l":"511: Res-Custom Code","c":0}},{"type":"Feature","geometry":{"type":"Polygon","coordinates":[[[-82.982563,41.295556],[-82.982781,41.295554],[-82.982774,41.295965],[-82.982558,41.295965],[-82.982563,41.295556]]]},"properties":{"p":"32-60-00-0046-06","o":"BRUNTHAVER, ASHLEY","a":"117 PFEIFFER AVE","d":"Clyde-Green Springs Exempted Village School District","t":23.93,"l":"500: Res-Vacant Land","c":0}},{"type":"Feature","geometry":{"type":"Polygon","coordinates":[[[-82.970841,41.300324],[-82.970633,41.300321],[-82.970634,41.300126],[-82.970867,41.300129],[-82.970867,41.300325],[-82.970841,41.300324]]]},"properties":{"p":"32-60-00-0040-16","o":"SCHEER, JOHN JR & BETTY L","a":"316 GRANT ST REAR E","d":"Clyde-Green Springs Exempted Village School District","t":6.63,"l":"599: Res-Other","c":0}},{"type":"Feature","geometry":{"type":"Polygon","coordinates":[[[-82.965125,41.305508],[-82.965148,41.305507],[-82.965155,41.305959],[-82.965124,41.305959],[-82.965125,41.305508]]]},"properties":{"p":"32-60-00-0039-02","o":"HILL, THOMAS & MARIA CRISTINA GONZALES /SURV","a":"122 RALSTON AVE","d":"Clyde-Green Springs Exempted Village School District","t":21.21,"l":"500: Res-Vacant Land","c":0}},{"type":"Feature","geometry":{"type":"Polygon","coordinates":[[[-82.988439,41.297353],[-82.98858,41.297353],[-82.988439,41.297451],[-82.988439,41.297353]]]},"properties":{"p":"32-60-00-0014-16","o":"MILLER, DEBORA K.","a":"WOODLAND AVE REAR","d":"Clyde-Green Springs Exempted Village School District","t":0.36,"l":"500: Res-Vacant Land","c":0}},{"type":"Feature","geometry":{"type":"Polygon","coordinates":[[[-82.976051,41.312236],[-82.976055,41.312097],[-82.976593,41.312099],[-82.97659,41.312238],[-82.976051,41.312236]]]},"properties":{"p":"32-50-00-1433-00","o":"ROSEN, LEWIS F.,JR.","a":"148 ELMDALE AVE","d":"Clyde-Green Springs Exempted Village School District","t":4.08,"l":"500: Res-Vacant Land","c":0}},{"type":"Feature","geometry":{"type":"Polygon","coordinates":[[[-82.972668,41.299934],[-82.973144,41.299931],[-82.973144,41.299947],[-82.972668,41.299951],[-82.972668,41.299934]]]},"properties":{"p":"32-50-00-0749-02","o":"FERGUSON, DANNY D & MARCIA L /SURV","a":"SHERMAN ST","d":"Clyde-Green Springs Exempted Village School District","t":0.43,"l":"500: Res-Vacant Land","c":0}},{"type":"Feature","geometry":{"type":"Polygon","coordinates":[[[-83.105852,41.402965],[-83.105875,41.402279],[-83.106239,41.402321],[-83.106227,41.402696],[-83.106157,41.402694],[-83.106148,41.402969],[-83.105852,41.402965]]]},"properties":{"p":"31-11-01-0011-01","o":"HIRT, KURTISS TRUSTEE","a":"CR 170","d":"Fremont City School District","t":0.46,"l":"110: Agr-CAUV-Vacant Land","c":0}},{"type":"Feature","geometry":{"type":"Polygon","coordinates":[[[-83.366526,41.444165],[-83.366744,41.444163],[-83.366755,41.444524],[-83.366534,41.444526],[-83.366526,41.444165]]]},"properties":{"p":"30-50-00-0491-00","o":"SIGLER, WILLIAM G","a":"427 HENRY ST","d":"Woodmore Local School District","t":14.28,"l":"599: Res-Other","c":0}},{"type":"Feature","geometry":{"type":"Polygon","coordinates":[[[-83.414425,41.445201],[-83.41443,41.444666],[-83.415251,41.444668],[-83.415247,41.445201],[-83.414425,41.445201]]]},"properties":{"p":"28-30-00-0010-03","o":"SWIHART, KATIE E.","a":"20240 SR 23","d":"Woodmore Local School District","t":3.66,"l":"511: Res-Custom Code","c":0}},{"type":"Feature","geometry":{"type":"Polygon","coordinates":[[[-83.369788,41.461267],[-83.369646,41.461124],[-83.370408,41.461045],[-83.370408,41.461152],[-83.370995,41.461174],[-83.370997,41.461272],[-83.369788,41.461267]]]},"properties":{"p":"28-21-00-0008-00","o":"SANDUSKY COUNTY LAND REUTILIZATION CORPORATION","a":"642 PENN LN","d":"Woodmore Local School District","t":5.76,"l":"511: Res-Custom Code","c":0}},{"type":"Feature","geometry":{"type":"Polygon","coordinates":[[[-83.337948,41.409905],[-83.335692,41.40628],[-83.336086,41.406284],[-83.338396,41.409877],[-83.338354,41.410556],[-83.337948,41.409905]]]},"properties":{"p":"28-11-00-0010-00","o":"SANDUSKY CO. - SENECA CO.","a":"RR","d":"Woodmore Local School District","t":0.14,"l":"840: Utl-Railroad Real Operating","c":0}},{"type":"Feature","geometry":{"type":"Polygon","coordinates":[[[-83.330374,41.385476],[-83.330384,41.385069],[-83.330564,41.38507],[-83.330557,41.385476],[-83.330374,41.385476]]]},"properties":{"p":"27-50-00-1010-01","o":"POWERS, ALAN D & NORMAN L","a":"STEVENSON ST W","d":"Gibsonburg Exempted Village School District","t":11.14,"l":"500: Res-Vacant Land","c":0}},{"type":"Feature","geometry":{"type":"Polygon","coordinates":[[[-83.313902,41.381609],[-83.314083,41.381606],[-83.314071,41.382026],[-83.313888,41.38203],[-83.313902,41.381609]]]},"properties":{"p":"27-50-00-0705-00","o":"HERNANDEZ, FIDEL & LILLY","a":"SMITH ST","d":"Gibsonburg Exempted Village School District","t":23.43,"l":"500: Res-Vacant Land","c":0}},{"type":"Feature","geometry":{"type":"Polygon","coordinates":[[[-83.314083,41.381606],[-83.31427,41.381604],[-83.314253,41.382022],[-83.314071,41.382026],[-83.314083,41.381606]]]},"properties":{"p":"27-50-00-0704-00","o":"HERNANDEZ, FIDEL & LILLY","a":"SMITH ST","d":"Gibsonburg Exempted Village School District","t":23.43,"l":"500: Res-Vacant Land","c":0}},{"type":"Feature","geometry":{"type":"Polygon","coordinates":[[[-83.31427,41.381604],[-83.31445,41.381602],[-83.314437,41.382018],[-83.314253,41.382022],[-83.31427,41.381604]]]},"properties":{"p":"27-50-00-0703-00","o":"HERNANDEZ, FIDEL & LILLY","a":"SMITH ST","d":"Gibsonburg Exempted Village School District","t":23.43,"l":"500: Res-Vacant Land","c":0}},{"type":"Feature","geometry":{"type":"Polygon","coordinates":[[[-83.314253,41.382066],[-83.314436,41.382063],[-83.314423,41.38248],[-83.31424,41.382483],[-83.314253,41.382066]]]},"properties":{"p":"27-50-00-0696-00","o":"HERNANDEZ, FIDEL & LILLY","a":"KEMMERLING ST","d":"Gibsonburg Exempted Village School District","t":23.43,"l":"500: Res-Vacant Land","c":0}},{"type":"Feature","geometry":{"type":"Polygon","coordinates":[[[-83.314072,41.382069],[-83.314253,41.382066],[-83.31424,41.382483],[-83.314057,41.382487],[-83.314072,41.382069]]]},"properties":{"p":"27-50-00-0695-00","o":"HERNANDEZ, FIDEL & LILLY","a":"KEMMERLING ST","d":"Gibsonburg Exempted Village School District","t":23.43,"l":"500: Res-Vacant Land","c":0}},{"type":"Feature","geometry":{"type":"Polygon","coordinates":[[[-83.310863,41.382117],[-83.311043,41.382114],[-83.31103,41.382535],[-83.310847,41.382539],[-83.310863,41.382117]]]},"properties":{"p":"27-50-00-0680-00","o":"SLACK, DANIEL R II","a":"KEMMERLING ST","d":"Gibsonburg Exempted Village School District","t":23.43,"l":"500: Res-Vacant Land","c":0}},{"type":"Feature","geometry":{"type":"Polygon","coordinates":[[[-83.310679,41.382119],[-83.310863,41.382117],[-83.310847,41.382539],[-83.310666,41.382543],[-83.310679,41.382119]]]},"properties":{"p":"27-50-00-0679-00","o":"SLACK, DANIEL R II","a":"310 PARK AVE","d":"Gibsonburg Exempted Village School District","t":23.43,"l":"500: Res-Vacant Land","c":0}},{"type":"Feature","geometry":{"type":"Polygon","coordinates":[[[-83.310276,41.382124],[-83.310529,41.382122],[-83.310513,41.382542],[-83.310264,41.382546],[-83.310276,41.382124]]]},"properties":{"p":"27-50-00-0678-00","o":"SLACK, DANIEL R II","a":"PARK AVE","d":"Gibsonburg Exempted Village School District","t":26.52,"l":"500: Res-Vacant Land","c":0}},{"type":"Feature","geometry":{"type":"Polygon","coordinates":[[[-83.312139,41.382684],[-83.31232,41.382681],[-83.312308,41.383097],[-83.312123,41.3831],[-83.312139,41.382684]]]},"properties":{"p":"27-50-00-0675-00","o":"PALM, ERIC R & LEALA R /SURV","a":"KEMMERLING ST","d":"Gibsonburg Exempted Village School District","t":0.01,"l":"500: Res-Vacant Land","c":0}},{"type":"Feature","geometry":{"type":"Polygon","coordinates":[[[-83.31232,41.382681],[-83.312504,41.382677],[-83.31249,41.383094],[-83.312308,41.383097],[-83.31232,41.382681]]]},"properties":{"p":"27-50-00-0674-00","o":"PALM, ERIC R & LEALA R /SURV","a":"KEMMERLING ST","d":"Gibsonburg Exempted Village School District","t":0.01,"l":"500: Res-Vacant Land","c":0}},{"type":"Feature","geometry":{"type":"Polygon","coordinates":[[[-83.319798,41.380921],[-83.319734,41.380922],[-83.317473,41.377335],[-83.317873,41.37733],[-83.320085,41.380839],[-83.320073,41.381356],[-83.319798,41.380921]]]},"properties":{"p":"27-24-00-0030-00","o":"SANDUSKY CO. - SENECA CO.","a":"R/R","d":"Gibsonburg Exempted Village School District","t":0.8,"l":"840: Utl-Railroad Real Operating","c":0}},{"type":"Feature","geometry":{"type":"Polygon","coordinates":[[[-83.316343,41.38229],[-83.316526,41.382286],[-83.316507,41.38278],[-83.316328,41.382783],[-83.316343,41.38229]]]},"properties":{"p":"27-24-00-0026-00","o":"HELTZEL, ROBERT D III & BAILEY, DEBRA M /SURV","a":"YEASTING ST","d":"Gibsonburg Exempted Village School District","t":0.95,"l":"500: Res-Vacant Land","c":0}},{"type":"Feature","geometry":{"type":"Polygon","coordinates":[[[-83.316759,41.384103],[-83.316501,41.384107],[-83.316515,41.383654],[-83.317287,41.383641],[-83.317267,41.384508],[-83.316743,41.384515],[-83.316759,41.384103]]]},"properties":{"p":"27-24-00-0021-01","o":"KUBACKI, WILLIAM J REVEREND MONSIGNOR & HOYLES, MONTE J REVEREND","a":"312 E MADISON ST","d":"Gibsonburg Exempted Village School District","t":6.89,"l":"685: Exm-Public Woship","c":0}},{"type":"Feature","geometry":{"type":"Polygon","coordinates":[[[-83.301407,41.351492],[-83.301428,41.351125],[-83.304324,41.355767],[-83.30406,41.355771],[-83.301407,41.351492]]]},"properties":{"p":"25-36-00-0025-00","o":"SANDUSKY CO - SENECA CO C","a":"RR(D)","d":"Gibsonburg Exempted Village School District","t":0.97,"l":"840: Utl-Railroad Real Operating","c":0}},{"type":"Feature","geometry":{"type":"Polygon","coordinates":[[[-83.331493,41.399118],[-83.331442,41.399036],[-83.331519,41.399036],[-83.336048,41.406284],[-83.33596,41.406283],[-83.331493,41.399118]]]},"properties":{"p":"25-11-00-0006-00","o":"TOLEDO, COLUMBUS & OHIO RIVER RR CO","a":"","d":"Gibsonburg Exempted Village School District","t":0.11,"l":"840: Utl-Railroad Real Operating","c":0}},{"type":"Feature","geometry":{"type":"Polygon","coordinates":[[[-83.33157,41.399118],[-83.331519,41.399036],[-83.331566,41.399036],[-83.336086,41.406284],[-83.336048,41.406284],[-83.33157,41.399118]]]},"properties":{"p":"25-11-00-0005-00","o":"PENN OHIO & DETROIT RR CO","a":"","d":"Gibsonburg Exempted Village School District","t":0.11,"l":"840: Utl-Railroad Real Operating","c":0}},{"type":"Feature","geometry":{"type":"Polygon","coordinates":[[[-83.311389,41.313511],[-83.311401,41.313486],[-83.311422,41.31293],[-83.311641,41.312935],[-83.311647,41.313518],[-83.311389,41.313511]]]},"properties":{"p":"24-96-00-0008-00","o":"NIESET, CRAIG L TRUSTEE","a":"CR 41","d":"Gibsonburg Exempted Village School District","t":4.52,"l":"110: Agr-CAUV-Vacant Land","c":0}},{"type":"Feature","geometry":{"type":"Polygon","coordinates":[[[-83.309203,41.313449],[-83.309206,41.312863],[-83.310323,41.312901],[-83.310356,41.313481],[-83.309203,41.313449]]]},"properties":{"p":"24-96-00-0001-00","o":"NIESET, CRAIG L TRUSTEE","a":"CR 41","d":"Gibsonburg Exempted Village School District","t":26.94,"l":"111: Agr-CAUV-Cash-Grain Farm","c":0}},{"type":"Feature","geometry":{"type":"Polygon","coordinates":[[[-83.37695,41.341246],[-83.376945,41.340634],[-83.377145,41.340632],[-83.377147,41.341245],[-83.37695,41.341246]]]},"properties":{"p":"24-95-00-0015-00","o":"BEAIR, CHRISTOPHER J","a":"6577 SR 6","d":"Gibsonburg Exempted Village School District","t":3.28,"l":"500: Res-Vacant Land","c":0}},{"type":"Feature","geometry":{"type":"Polygon","coordinates":[[[-83.305041,41.254353],[-83.305044,41.254298],[-83.305771,41.254323],[-83.305722,41.255145],[-83.30801,41.255236],[-83.307978,41.255784],[-83.304963,41.255669],[-83.305041,41.254353]]]},"properties":{"p":"23-36-00-0009-03","o":"SMITH, JARETT D","a":"CR 1","d":"Lakota Local School District","t":12.38,"l":"501: Res-Custom Code","c":0}},{"type":"Feature","geometry":{"type":"Polygon","coordinates":[[[-83.415653,41.311585],[-83.416628,41.311564],[-83.416614,41.312026],[-83.415642,41.312046],[-83.415653,41.311585]]]},"properties":{"p":"23-18-00-0009-00","o":"BENSCHOTER, SCOTT W","a":"CR 41","d":"Lakota Local School District","t":13.13,"l":"599: Res-Other","c":0}},{"type":"Feature","geometry":{"type":"Polygon","coordinates":[[[-83.219726,41.415883],[-83.219735,41.415698],[-83.220366,41.415696],[-83.220358,41.415882],[-83.219726,41.415883]]]},"properties":{"p":"22-50-00-0144-00","o":"WILLER, MICHAEL D","a":"MAPLE ST S","d":"Fremont City School District","t":10.29,"l":"500: Res-Vacant Land","c":0}},{"type":"Feature","geometry":{"type":"Polygon","coordinates":[[[-83.220019,41.416067],[-83.219718,41.416069],[-83.219726,41.415883],[-83.220358,41.415882],[-83.22035,41.416067],[-83.220019,41.416067]]]},"properties":{"p":"22-50-00-0143-00","o":"WILLER, MICHAEL D","a":"MAPLE ST S","d":"Fremont City School District","t":15.66,"l":"599: Res-Other","c":0}},{"type":"Feature","geometry":{"type":"Polygon","coordinates":[[[-83.247358,41.403218],[-83.247581,41.402915],[-83.247845,41.403027],[-83.247623,41.403332],[-83.247358,41.403218]]]},"properties":{"p":"20-95-00-0078-00","o":"LAUGHLIN, FRANK N","a":"SR 20","d":"Gibsonburg Exempted Village School District","t":0.95,"l":"500: Res-Vacant Land","c":0}},{"type":"Feature","geometry":{"type":"Polygon","coordinates":[[[-83.239416,41.377674],[-83.239429,41.377126],[-83.241578,41.377102],[-83.241565,41.37765],[-83.239416,41.377674]]]},"properties":{"p":"20-22-00-0001-04","o":"STEINBERGER, KURT & THERESA /SURV","a":"CR 90","d":"Gibsonburg Exempted Village School District","t":17.45,"l":"501: Res-Custom Code","c":0}},{"type":"Feature","geometry":{"type":"Polygon","coordinates":[[[-83.297638,41.384724],[-83.297818,41.384721],[-83.297824,41.385999],[-83.297459,41.386004],[-83.297451,41.384726],[-83.297638,41.384724]]]},"properties":{"p":"20-18-00-0015-00","o":"KINSMAN, RONALD A.","a":"4544 SR 600","d":"Gibsonburg Exempted Village School District","t":25.95,"l":"511: Res-Custom Code","c":0}},{"type":"Feature","geometry":{"type":"MultiPolygon","coordinates":[[[[-83.295071,41.341378],[-83.295332,41.341376],[-83.296947,41.343891],[-83.296683,41.343893],[-83.295071,41.341378]]],[[[-83.287772,41.341407],[-83.287777,41.34133],[-83.287888,41.34133],[-83.287883,41.341407],[-83.287772,41.341407]]]]},"properties":{"p":"18-31-00-0018-00","o":"SANDUSKY CO. - SENECA CO.","a":"RR","d":"Gibsonburg Exempted Village School District","t":0.3,"l":"840: Utl-Railroad Real Operating","c":0}},{"type":"Feature","geometry":{"type":"Polygon","coordinates":[[[-83.250553,41.268981],[-83.249763,41.267713],[-83.249799,41.267689],[-83.250012,41.267693],[-83.250819,41.268986],[-83.250553,41.268981]]]},"properties":{"p":"16-28-00-0013-00","o":"SANDUSKY CO. - SENECA CO.","a":"RR","d":"Lakota Local School District","t":0.36,"l":"840: Utl-Railroad Real Operating","c":0}},{"type":"Feature","geometry":{"type":"Polygon","coordinates":[[[-83.278834,41.266473],[-83.278892,41.264452],[-83.283701,41.264529],[-83.283586,41.268171],[-83.278788,41.26812],[-83.278834,41.266473]]]},"properties":{"p":"14-32-00-0014-00","o":"WALLACE, SANDRA A","a":"SR 635","d":"Lakota Local School District","t":1.21,"l":"110: Agr-CAUV-Vacant Land","c":0}},{"type":"Feature","geometry":{"type":"Polygon","coordinates":[[[-83.258994,41.282388],[-83.258671,41.282384],[-83.25821,41.281642],[-83.258216,41.281562],[-83.254549,41.275538],[-83.254544,41.275651],[-83.254141,41.274989],[-83.254204,41.274994],[-83.250553,41.268981],[-83.250819,41.268986],[-83.258214,41.281119],[-83.258212,41.280996],[-83.25906,41.282388],[-83.258994,41.282388]]]},"properties":{"p":"14-28-00-0013-00","o":"SANDUSKY CO. - SENECA CO.","a":"R/R","d":"Lakota Local School District","t":0.84,"l":"840: Utl-Railroad Real Operating","c":0}},{"type":"Feature","geometry":{"type":"Polygon","coordinates":[[[-83.244579,41.267599],[-83.244579,41.267517],[-83.244632,41.267518],[-83.244633,41.267994],[-83.244579,41.267994],[-83.244579,41.267599]]]},"properties":{"p":"14-27-00-0002-00","o":"KLOPP, JAMEW W & BRELSFORD, SHIRLEY A","a":"CR 13","d":"Lakota Local School District","t":4.51,"l":"501: Res-Custom Code","c":0}},{"type":"Feature","geometry":{"type":"Polygon","coordinates":[[[-83.078653,41.342261],[-83.078648,41.342208],[-83.078767,41.342062],[-83.078833,41.341933],[-83.079284,41.342078],[-83.079176,41.342492],[-83.079009,41.342452],[-83.078853,41.34239],[-83.078653,41.342261]]]},"properties":{"p":"13-36-59-0015-00","o":"POWERS, PATRICIA","a":"2121 ST PETERS ST","d":"Fremont City School District","t":2.42,"l":"510: Res-Single Family","c":0}},{"type":"Feature","geometry":{"type":"MultiPolygon","coordinates":[[[[-83.114381,41.382387],[-83.111751,41.377973],[-83.110236,41.375271],[-83.109275,41.373715],[-83.109221,41.373733],[-83.108776,41.373016],[-83.108299,41.372152],[-83.108055,41.371645],[-83.107821,41.371094],[-83.108207,41.371094],[-83.108421,41.371606],[-83.108714,41.372199],[-83.109084,41.372873],[-83.109562,41.373635],[-83.109493,41.373653],[-83.109642,41.373967],[-83.111652,41.377313],[-83.111621,41.377313],[-83.115123,41.383212],[-83.115005,41.383434],[-83.114381,41.382387]]],[[[-83.115734,41.384666],[-83.115634,41.384495],[-83.115753,41.384256],[-83.115998,41.38467],[-83.115734,41.384666]]]]},"properties":{"p":"13-22-00-0007-00","o":"WHEELING & LAKE ERIE R R","a":"R/R","d":"Fremont City School District","t":10.75,"l":"840: Utl-Railroad Real Operating","c":0}},{"type":"Feature","geometry":{"type":"Polygon","coordinates":[[[-83.112167,41.391019],[-83.113469,41.388292],[-83.113698,41.388185],[-83.11379,41.387996],[-83.117641,41.387994],[-83.118702,41.389784],[-83.118654,41.389858],[-83.118587,41.390081],[-83.118504,41.390187],[-83.118262,41.390325],[-83.117972,41.390446],[-83.117771,41.390549],[-83.117624,41.390691],[-83.117599,41.390757],[-83.117605,41.390825],[-83.117641,41.390887],[-83.117781,41.390974],[-83.11835,41.391045],[-83.11853,41.391103],[-83.118579,41.39116],[-83.118588,41.391227],[-83.11857,41.391272],[-83.118477,41.391346],[-83.118392,41.391392],[-83.118182,41.391437],[-83.117949,41.391454],[-83.117823,41.391441],[-83.117729,41.391411],[-83.117523,41.391287],[-83.117164,41.39113],[-83.116985,41.391069],[-83.116646,41.390904],[-83.116254,41.390755],[-83.116042,41.390655],[-83.115812,41.390645],[-83.115587,41.390672],[-83.115427,41.390733],[-83.115323,41.390828],[-83.115269,41.390968],[-83.11528,41.39113],[-83.115312,41.391285],[-83.115373,41.391451],[-83.115436,41.391729],[-83.11547,41.392024],[-83.111646,41.392046],[-83.112167,41.391019]]]},"properties":{"p":"13-15-03-0007-00","o":"LINDER, THOMAS E","a":"3040 SR 53 N","d":"Fremont City School District","t":4.4,"l":"111: Agr-CAUV-Cash-Grain Farm","c":0}},{"type":"Feature","geometry":{"type":"Polygon","coordinates":[[[-83.11406,41.385361],[-83.114409,41.384644],[-83.114496,41.384645],[-83.115055,41.383518],[-83.115005,41.383434],[-83.115123,41.383212],[-83.115423,41.383717],[-83.115904,41.382758],[-83.116207,41.384064],[-83.115891,41.383971],[-83.115634,41.384495],[-83.115734,41.384666],[-83.11555,41.384662],[-83.114543,41.386492],[-83.113795,41.387791],[-83.11379,41.387996],[-83.11299,41.387995],[-83.113019,41.387566],[-83.113144,41.387312],[-83.113322,41.387065],[-83.113748,41.386056],[-83.11406,41.385361]]]},"properties":{"p":"13-15-00-0033-00","o":"GABEL, CLAYTON B ET AL","a":"638 CR 915","d":"Fremont City School District","t":25.36,"l":"610: Exm-Ohio","c":0}},{"type":"Feature","geometry":{"type":"Polygon","coordinates":[[[-83.162094,41.299597],[-83.162242,41.299501],[-83.162617,41.300086],[-83.162468,41.300145],[-83.162094,41.299597]]]},"properties":{"p":"10-17-64-0009-00","o":"REINECK, J. THOMAS & NORM","a":"RAMBO LN","d":"Fremont City School District","t":16.18,"l":"500: Res-Vacant Land","c":0}},{"type":"Feature","geometry":{"type":"Polygon","coordinates":[[[-83.162242,41.299501],[-83.162397,41.29943],[-83.162784,41.30002],[-83.162617,41.300086],[-83.162242,41.299501]]]},"properties":{"p":"10-17-00-0017-00","o":"REINECK, J. THOMAS & NORM","a":"RAMBO LN","d":"Fremont City School District","t":15.31,"l":"500: Res-Vacant Land","c":0}},{"type":"Feature","geometry":{"type":"Polygon","coordinates":[[[-83.159009,41.308867],[-83.159315,41.308868],[-83.159275,41.308946],[-83.159009,41.308867]]]},"properties":{"p":"10-17-00-0002-00","o":"BIGGERT, WAYNE WALTER & TONI ELIZABETH /SURV","a":"2402 RIVER RD S","d":"Fremont City School District","t":0.46,"l":"501: Res-Custom Code","c":0}},{"type":"Feature","geometry":{"type":"Polygon","coordinates":[[[-83.140027,41.320667],[-83.14004,41.320174],[-83.14044,41.320173],[-83.140427,41.320665],[-83.140027,41.320667]]]},"properties":{"p":"10-09-87-0010-00","o":"DRUCKENMILLER, JOANNE M","a":"CR 221","d":"Fremont City School District","t":13.9,"l":"501: Res-Custom Code","c":0}},{"type":"Feature","geometry":{"type":"Polygon","coordinates":[[[-83.069622,41.331378],[-83.069633,41.331105],[-83.070246,41.331113],[-83.070234,41.33139],[-83.069622,41.331378]]]},"properties":{"p":"10-01-03-0007-00","o":"CHURCH, FREMONT BIBLE BAP","a":"1150 CR 198","d":"Fremont City School District","t":11.4,"l":"685: Exm-Public Woship","c":0}},{"type":"Feature","geometry":{"type":"Polygon","coordinates":[[[-83.069633,41.331105],[-83.069644,41.330828],[-83.070257,41.33084],[-83.070246,41.331113],[-83.069633,41.331105]]]},"properties":{"p":"10-01-03-0006-00","o":"CHURCH, FREMONT BIBLE BAP","a":"1150 CR 198","d":"Fremont City School District","t":11.67,"l":"685: Exm-Public Woship","c":0}},{"type":"Feature","geometry":{"type":"Polygon","coordinates":[[[-83.069644,41.330828],[-83.069656,41.330559],[-83.070269,41.330568],[-83.070257,41.33084],[-83.069644,41.330828]]]},"properties":{"p":"10-01-03-0005-00","o":"CHURCH, FREMONT BIBLE BAP","a":"CR 198","d":"Fremont City School District","t":11.95,"l":"685: Exm-Public Woship","c":0}},{"type":"Feature","geometry":{"type":"Polygon","coordinates":[[[-83.069656,41.330559],[-83.069667,41.330279],[-83.07028,41.330294],[-83.070269,41.330568],[-83.069656,41.330559]]]},"properties":{"p":"10-01-03-0004-00","o":"CHURCH, FREMONT BIBLE BAP","a":"1150 CR 198","d":"Fremont City School District","t":12.39,"l":"685: Exm-Public Woship","c":0}},{"type":"Feature","geometry":{"type":"Polygon","coordinates":[[[-83.069355,41.335369],[-83.069357,41.335298],[-83.070231,41.335354],[-83.070202,41.335595],[-83.069355,41.335369]]]},"properties":{"p":"10-01-00-0072-00","o":"CHURCH, FREMONT BIBLE BAP","a":"SR 20","d":"Fremont City School District","t":7.25,"l":"685: Exm-Public Woship","c":0}},{"type":"Feature","geometry":{"type":"Polygon","coordinates":[[[-83.069367,41.335058],[-83.069372,41.334943],[-83.070093,41.334956],[-83.070121,41.334284],[-83.07178,41.334318],[-83.071747,41.334989],[-83.071189,41.334981],[-83.071133,41.335092],[-83.069367,41.335058]]]},"properties":{"p":"10-01-00-0063-01","o":"CHURCH, FREMONT BIBLE BAP","a":"1150 CR 198","d":"Fremont City School District","t":8.92,"l":"685: Exm-Public Woship","c":0}},{"type":"Feature","geometry":{"type":"Polygon","coordinates":[[[-82.959597,41.43202],[-82.959488,41.431985],[-82.959411,41.432015],[-82.959369,41.432009],[-82.95962,41.431911],[-82.959716,41.432001],[-82.959612,41.432036],[-82.959597,41.43202]]]},"properties":{"p":"08-36-04-0015-00","o":"ECKHART, REBECCA L; DEAL, RONALD LEROY & RONALD L & BARRON, REBECCA LOUISE","a":"CR 257","d":"Fremont City School District","t":20.06,"l":"500: Res-Vacant Land","c":0}},{"type":"Feature","geometry":{"type":"Polygon","coordinates":[[[-82.959805,41.432179],[-82.959799,41.432147],[-82.959729,41.432115],[-82.959807,41.432087],[-82.959888,41.432164],[-82.959806,41.432196],[-82.959805,41.432179]]]},"properties":{"p":"08-36-04-0013-00","o":"ECKHART, REBECCA L; DEAL, RONALD LEROY & RONALD L & BARRON, REBECCA LOUISE","a":"CR 257","d":"Fremont City School District","t":20.06,"l":"500: Res-Vacant Land","c":0}},{"type":"Feature","geometry":{"type":"Polygon","coordinates":[[[-82.95976,41.432317],[-82.959803,41.432258],[-82.959806,41.432196],[-82.959888,41.432164],[-82.959983,41.432253],[-82.959765,41.43233],[-82.95976,41.432317]]]},"properties":{"p":"08-36-04-0012-00","o":"ECKHART, REBECCA L; DEAL, RONALD LEROY & RONALD L & BARRON, REBECCA LOUISE","a":"CR 257","d":"Fremont City School District","t":20.06,"l":"500: Res-Vacant Land","c":0}},{"type":"Feature","geometry":{"type":"Polygon","coordinates":[[[-82.963302,41.415546],[-82.968106,41.415402],[-82.968099,41.415963],[-82.963223,41.416102],[-82.96323,41.415548],[-82.963302,41.415546]]]},"properties":{"p":"08-12-00-0031-04","o":"BORDEN, MICHAEL & KIMBERLY A /SURV","a":"CR 256","d":"Fremont City School District","t":22.02,"l":"501: Res-Custom Code","c":0}},{"type":"Feature","geometry":{"type":"Polygon","coordinates":[[[-82.964668,41.411991],[-82.965251,41.41197],[-82.965243,41.412196],[-82.963267,41.412262],[-82.96327,41.412041],[-82.964668,41.411991]]]},"properties":{"p":"08-12-00-0024-01","o":"WILBUR, GEORGE JR & DEBORAH J /SURV","a":"2452 CR 256","d":"Fremont City School District","t":11,"l":"511: Res-Custom Code","c":0}},{"type":"Feature","geometry":{"type":"Polygon","coordinates":[[[-82.973726,41.262084],[-82.97374,41.260947],[-82.975233,41.260959],[-82.975235,41.262076],[-82.973726,41.262084]]]},"properties":{"p":"06-36-00-0038-00","o":"6DDK LLC","a":"SR 101","d":"Clyde-Green Springs Exempted Village School District","t":13.69,"l":"501: Res-Custom Code","c":0}},{"type":"Feature","geometry":{"type":"Polygon","coordinates":[[[-82.99359,41.268372],[-82.994581,41.267782],[-82.994612,41.270453],[-82.991186,41.270473],[-82.990742,41.270037],[-82.99359,41.268372]]]},"properties":{"p":"06-35-00-0005-00","o":"FIRELANDS FARMERS LLC & W A INVESTMENT CO LTD","a":"CR 175","d":"Clyde-Green Springs Exempted Village School District","t":7.76,"l":"110: Agr-CAUV-Vacant Land","c":0}},{"type":"Feature","geometry":{"type":"Polygon","coordinates":[[[-83.067972,41.279448],[-83.068011,41.278718],[-83.068606,41.278725],[-83.068556,41.279453],[-83.067972,41.279448]]]},"properties":{"p":"06-30-00-0025-02","o":"HORN, KAREN K.","a":"CR 198","d":"Clyde-Green Springs Exempted Village School District","t":1.69,"l":"501: Res-Custom Code","c":0}},{"type":"Feature","geometry":{"type":"Polygon","coordinates":[[[-83.041253,41.272049],[-83.041329,41.271998],[-83.042762,41.272626],[-83.042744,41.274841],[-83.042118,41.274833],[-83.041637,41.274339],[-83.042252,41.273931],[-83.041813,41.273195],[-83.041488,41.27283],[-83.041655,41.272768],[-83.041014,41.272209],[-83.041253,41.272049]]]},"properties":{"p":"06-29-00-0009-01","o":"DARR, BRUCE C & MARTHA K /SURV","a":"2370 CR 185","d":"Clyde-Green Springs Exempted Village School District","t":0.44,"l":"512: Res-Custom Code","c":0}},{"type":"Feature","geometry":{"type":"Polygon","coordinates":[[[-82.96876,41.286156],[-82.968765,41.285666],[-82.968988,41.285684],[-82.968982,41.286243],[-82.968759,41.286225],[-82.96876,41.286156]]]},"properties":{"p":"06-24-12-0011-00","o":"GEORGE, DAVID D & DEBBIE K /SURV","a":"CR 197","d":"Clyde-Green Springs Exempted Village School District","t":14.18,"l":"501: Res-Custom Code","c":0}},{"type":"Feature","geometry":{"type":"Polygon","coordinates":[[[-82.975201,41.285163],[-82.9752,41.285147],[-82.975938,41.285149],[-82.975938,41.285171],[-82.975201,41.285163]]]},"properties":{"p":"06-23-11-0009-01","o":"HUDSON, NOAH W","a":"1604 MAIN ST","d":"Clyde-Green Springs Exempted Village School District","t":23.73,"l":"501: Res-Custom Code","c":0}},{"type":"Feature","geometry":{"type":"Polygon","coordinates":[[[-83.013556,41.299676],[-83.013581,41.298361],[-83.014016,41.298784],[-83.014086,41.298904],[-83.014214,41.298961],[-83.01449,41.299147],[-83.014703,41.299235],[-83.014963,41.299446],[-83.015069,41.299556],[-83.015147,41.299669],[-83.013556,41.299676]]]},"properties":{"p":"06-21-00-0012-01","o":"KARR, EDWARD J","a":"CR 236","d":"Clyde-Green Springs Exempted Village School District","t":11.69,"l":"110: Agr-CAUV-Vacant Land","c":0}},{"type":"Feature","geometry":{"type":"Polygon","coordinates":[[[-82.959775,41.316966],[-82.959784,41.315978],[-82.960479,41.315981],[-82.960465,41.31682],[-82.959774,41.317056],[-82.959775,41.316966]]]},"properties":{"p":"06-12-00-0017-00","o":"BROWN, JEAN S TRUSTEE","a":"681 SR 101","d":"Clyde-Green Springs Exempted Village School District","t":3.74,"l":"511: Res-Custom Code","c":0}},{"type":"Feature","geometry":{"type":"Polygon","coordinates":[[[-83.068735,41.332738],[-83.068771,41.331946],[-83.069491,41.331962],[-83.069462,41.332781],[-83.068734,41.332759],[-83.068735,41.332738]]]},"properties":{"p":"06-06-00-0006-07","o":"CHURCH, OHIO MENNONITE CO","a":"1005 CR 198","d":"Clyde-Green Springs Exempted Village School District","t":13.68,"l":"685: Exm-Public Woship","c":0}},{"type":"Feature","geometry":{"type":"Polygon","coordinates":[[[-82.855367,41.367946],[-82.855731,41.368303],[-82.855716,41.368366],[-82.855047,41.368766],[-82.854659,41.368335],[-82.854972,41.368175],[-82.855367,41.367946]]]},"properties":{"p":"04-25-00-0004-07","o":"HEMMER, JEFFERY LYN II","a":"7338 SR 101","d":"Margaretta Local School District","t":20.57,"l":"562: Res-Custom Code","c":0}},{"type":"Feature","geometry":{"type":"Polygon","coordinates":[[[-82.857695,41.376383],[-82.857789,41.376333],[-82.858114,41.376512],[-82.856878,41.377176],[-82.856554,41.376997],[-82.857695,41.376383]]]},"properties":{"p":"04-24-00-0019-09","o":"WINDAU, TYGHE A & DEIDRE N /SURV","a":"7120 SR 412","d":"Margaretta Local School District","t":5.56,"l":"501: Res-Custom Code","c":0}},{"type":"Feature","geometry":{"type":"Polygon","coordinates":[[[-82.857613,41.377531],[-82.857886,41.377382],[-82.857884,41.377689],[-82.857613,41.377531]]]},"properties":{"p":"04-24-00-0019-05","o":"DOBSON, DAVID W & MARY A / SURV","a":"SR 412","d":"Margaretta Local School District","t":5.54,"l":"501: Res-Custom Code","c":0}},{"type":"Feature","geometry":{"type":"Polygon","coordinates":[[[-82.934508,41.395715],[-82.934617,41.395714],[-82.934507,41.397525],[-82.929833,41.397565],[-82.92995,41.395748],[-82.934508,41.395715]]]},"properties":{"p":"04-17-00-0014-00","o":"DDS REAL ESTATE HOLDINGS LLC","a":"CR 268","d":"Margaretta Local School District","t":14.75,"l":"110: Agr-CAUV-Vacant Land","c":0}},{"type":"Feature","geometry":{"type":"Polygon","coordinates":[[[-82.934619,41.393899],[-82.93473,41.393898],[-82.934617,41.395714],[-82.92995,41.395748],[-82.930067,41.393944],[-82.934619,41.393899]]]},"properties":{"p":"04-17-00-0013-00","o":"DDS REAL ESTATE HOLDINGS LLC","a":"CR 268","d":"Margaretta Local School District","t":17.85,"l":"110: Agr-CAUV-Vacant Land","c":0}},{"type":"Feature","geometry":{"type":"Polygon","coordinates":[[[-82.908302,41.411344],[-82.908372,41.408474],[-82.90867,41.408478],[-82.908604,41.411333],[-82.9083,41.411434],[-82.908302,41.411344]]]},"properties":{"p":"04-09-00-0024-00","o":"PETENZI, CAROL A","a":"SR 6","d":"Margaretta Local School District","t":23.87,"l":"501: Res-Custom Code","c":0}},{"type":"Feature","geometry":{"type":"Polygon","coordinates":[[[-82.862754,41.426296],[-82.863254,41.426147],[-82.863267,41.426673],[-82.862732,41.426793],[-82.862754,41.426296]]]},"properties":{"p":"04-02-00-0008-01","o":"SUTORIUS, BRIAN D.","a":"SR 6","d":"Margaretta Local School District","t":1.12,"l":"110: Agr-CAUV-Vacant Land","c":0}},{"type":"Feature","geometry":{"type":"Polygon","coordinates":[[[-82.866036,41.430461],[-82.866135,41.428388],[-82.866227,41.42848],[-82.86631,41.428535],[-82.866936,41.429162],[-82.86744,41.429322],[-82.867569,41.429384],[-82.867528,41.430463],[-82.866036,41.430461]]]},"properties":{"p":"04-02-00-0002-00","o":"SUTORIUS, BRIAN D.","a":"SR 6","d":"Margaretta Local School District","t":11.89,"l":"110: Agr-CAUV-Vacant Land","c":0}},{"type":"Feature","geometry":{"type":"Polygon","coordinates":[[[-82.847877,41.270781],[-82.847948,41.270799],[-82.84784,41.270861],[-82.847877,41.270781]]]},"properties":{"p":"03-60-00-0020-05","o":"MULLETT, JAMES H","a":"131 ASHFORD AVE REAR","d":"Bellevue City School District","t":0.97,"l":"500: Res-Vacant Land","c":0}},{"type":"Feature","geometry":{"type":"Polygon","coordinates":[[[-82.841264,41.282464],[-82.841792,41.282462],[-82.841796,41.282597],[-82.84127,41.282601],[-82.841264,41.282464]]]},"properties":{"p":"03-50-00-1390-00","o":"MOHR, PHILLIP L & DEBRA A /SURV","a":"701 NORTHWEST ST","d":"Bellevue City School District","t":3.47,"l":"510: Res-Single Family","c":0}},{"type":"Feature","geometry":{"type":"Polygon","coordinates":[[[-82.851001,41.275221],[-82.850877,41.275186],[-82.850878,41.275045],[-82.851491,41.275221],[-82.851491,41.275356],[-82.851001,41.275221]]]},"properties":{"p":"03-50-00-0995-02","o":"LARCK, SUSAN LYNN","a":"121 LAWRENCE ST","d":"Bellevue City School District","t":0.77,"l":"510: Res-Single Family","c":0}},{"type":"Feature","geometry":{"type":"Polygon","coordinates":[[[-82.922739,41.295073],[-82.921793,41.294913],[-82.921736,41.295418],[-82.921211,41.295279],[-82.921188,41.294656],[-82.92118,41.29194],[-82.925433,41.293077],[-82.925397,41.294796],[-82.924515,41.294794],[-82.924484,41.296147],[-82.922665,41.295664],[-82.922739,41.295073]]]},"properties":{"p":"02-20-00-0002-00","o":"HALL, SHEILA MARIE","a":"SR 20","d":"Clyde-Green Springs Exempted Village School District","t":18.06,"l":"110: Agr-CAUV-Vacant Land","c":0}},{"type":"Feature","geometry":{"type":"Polygon","coordinates":[[[-82.953896,41.318011],[-82.954396,41.317846],[-82.954894,41.318722],[-82.954394,41.318886],[-82.953896,41.318011]]]},"properties":{"p":"02-07-12-0003-00","o":"ESHLEMAN, RICHARD & ELIZABETH TRUSTEES","a":"SR 101","d":"Clyde-Green Springs Exempted Village School District","t":6.28,"l":"501: Res-Custom Code","c":0}},{"type":"Feature","geometry":{"type":"Polygon","coordinates":[[[-82.876458,41.327024],[-82.876838,41.326838],[-82.877258,41.327382],[-82.87727,41.327574],[-82.876893,41.32758],[-82.876458,41.327024]]]},"properties":{"p":"01-11-10-0007-00","o":"CONNER, RONNIE E.","a":"6640 CR 175","d":"Bellevue City School District","t":0.01,"l":"510: Res-Single Family","c":0}},{"type":"Feature","geometry":{"type":"Polygon","coordinates":[[[-82.858913,41.329057],[-82.859137,41.328848],[-82.860393,41.328852],[-82.860396,41.32944],[-82.858916,41.329436],[-82.858913,41.329057]]]},"properties":{"p":"01-02-00-0001-05","o":"N2W PROPERTIES LLC","a":"CR 308","d":"Bellevue City School District","t":10.41,"l":"501: Res-Custom Code","c":0}}]}