{"type":"FeatureCollection","features":[{"type":"Feature","geometry":{"type":"Polygon","coordinates":[[[-84.034239,39.781475],[-84.034304,39.780838],[-84.034503,39.780849],[-84.034439,39.781485],[-84.034239,39.781475]]]},"properties":{"p":"A01-0001-0013-0-0202-00","o":"COLER SHIRLEY Z","a":"2827  PROSPECT AVE","d":"FAIRBORN CITY SCHOOL DISTRICT","t":2113.95,"l":"500: Res-Vacant Land","c":0}},{"type":"Feature","geometry":{"type":"Polygon","coordinates":[[[-84.034439,39.781485],[-84.034503,39.780849],[-84.034603,39.780855],[-84.034707,39.781502],[-84.034439,39.781485]]]},"properties":{"p":"A01-0001-0013-0-0203-00","o":"COLER SHIRLEY Z","a":"2827  PROSPECT AVE","d":"FAIRBORN CITY SCHOOL DISTRICT","t":866.83,"l":"510: Res-Single Family","c":0}},{"type":"Feature","geometry":{"type":"Polygon","coordinates":[[[-84.01517,39.821324],[-84.014977,39.821194],[-84.015248,39.821067],[-84.015716,39.821381],[-84.015517,39.821557],[-84.01517,39.821324]]]},"properties":{"p":"A02-0001-0020-0-0094-00","o":"EARHART BROTHERS LEASING LLC","a":"314 E DAYTON DR","d":"FAIRBORN CITY SCHOOL DISTRICT","t":722.59,"l":"400: Com-Vacant Land","c":0}},{"type":"Feature","geometry":{"type":"Polygon","coordinates":[[[-84.018613,39.810189],[-84.01866,39.809784],[-84.01886,39.809797],[-84.018814,39.810203],[-84.018613,39.810189]]]},"properties":{"p":"A02-0001-0025-0-0066-00","o":"BOWER MATTHEW","a":"14  REDBANK DR","d":"FAIRBORN CITY SCHOOL DISTRICT","t":44.92,"l":"510: Res-Single Family","c":0}},{"type":"Feature","geometry":{"type":"Polygon","coordinates":[[[-84.029807,39.805117],[-84.029837,39.804844],[-84.029862,39.804846],[-84.029832,39.805119],[-84.029807,39.805117]]]},"properties":{"p":"A02-0002-0013-0-0274-00","o":"BOYANA KRISHNAVENI","a":"217  HIGH ST","d":"FAIRBORN CITY SCHOOL DISTRICT","t":611.32,"l":"500: Res-Vacant Land","c":0}},{"type":"Feature","geometry":{"type":"Polygon","coordinates":[[[-84.03827,39.796002],[-84.038277,39.795934],[-84.03872,39.795964],[-84.038713,39.796033],[-84.03827,39.796002]]]},"properties":{"p":"A02-0002-0015-0-0206-00","o":"BANDA MARCO ANTONIO ROBLEDO","a":"1646  WILBUR AVE","d":"FAIRBORN CITY SCHOOL DISTRICT","t":30624.05,"l":"500: Res-Vacant Land","c":0}},{"type":"Feature","geometry":{"type":"Polygon","coordinates":[[[-84.038263,39.796071],[-84.03827,39.796002],[-84.038713,39.796033],[-84.038706,39.796101],[-84.038263,39.796071]]]},"properties":{"p":"A02-0002-0015-0-0207-00","o":"BANDA MARCO ANTONIO ROBLEDO","a":"1646  WILBUR AVE","d":"FAIRBORN CITY SCHOOL DISTRICT","t":9565.89,"l":"500: Res-Vacant Land","c":0}},{"type":"Feature","geometry":{"type":"Polygon","coordinates":[[[-84.043273,39.789289],[-84.043281,39.78922],[-84.043724,39.789251],[-84.043716,39.78932],[-84.043273,39.789289]]]},"properties":{"p":"A02-0002-0016-0-0133-00","o":"DELEON RAUL DAVILA & REBECCA DAVILA","a":"0  ZIMMERMAN RD","d":"FAIRBORN CITY SCHOOL DISTRICT","t":949.09,"l":"500: Res-Vacant Land","c":0}},{"type":"Feature","geometry":{"type":"Polygon","coordinates":[[[-84.036159,39.791331],[-84.036166,39.791263],[-84.03661,39.791293],[-84.036602,39.791362],[-84.036159,39.791331]]]},"properties":{"p":"A02-0002-0016-0-0349-00","o":"GREEN JOSEPH","a":"0  SUPERIOR AVE","d":"FAIRBORN CITY SCHOOL DISTRICT","t":318.66,"l":"500: Res-Vacant Land","c":0}},{"type":"Feature","geometry":{"type":"Polygon","coordinates":[[[-84.036152,39.7914],[-84.036159,39.791331],[-84.036602,39.791362],[-84.036595,39.79143],[-84.036152,39.7914]]]},"properties":{"p":"A02-0002-0016-0-0348-00","o":"GREEN JOSEPH","a":"1887  SUPERIOR AVE","d":"FAIRBORN CITY SCHOOL DISTRICT","t":3294.57,"l":"520: Res-Two Family","c":0}},{"type":"Feature","geometry":{"type":"Polygon","coordinates":[[[-84.036559,39.791772],[-84.036566,39.791708],[-84.037009,39.791734],[-84.037002,39.791802],[-84.036559,39.791772]]]},"properties":{"p":"A02-0002-0016-0-0327-00","o":"ASBURY TERESA","a":"1872  MIAMI AVE","d":"FAIRBORN CITY SCHOOL DISTRICT","t":4013.21,"l":"510: Res-Single Family","c":0}},{"type":"Feature","geometry":{"type":"Polygon","coordinates":[[[-84.036552,39.79184],[-84.036559,39.791772],[-84.037002,39.791802],[-84.036995,39.791871],[-84.036552,39.79184]]]},"properties":{"p":"A02-0002-0016-0-0326-00","o":"ASBURY TERESA","a":"0  MIAMI AVE","d":"FAIRBORN CITY SCHOOL DISTRICT","t":211.63,"l":"500: Res-Vacant Land","c":0}},{"type":"Feature","geometry":{"type":"Polygon","coordinates":[[[-84.038653,39.792238],[-84.03866,39.792169],[-84.039103,39.792199],[-84.039096,39.792268],[-84.038653,39.792238]]]},"properties":{"p":"A02-0002-0016-0-0287-00","o":"ERVIN SCOTT ANTHONY","a":"1862  WILBUR AVE","d":"FAIRBORN CITY SCHOOL DISTRICT","t":10.71,"l":"510: Res-Single Family","c":0}},{"type":"Feature","geometry":{"type":"Polygon","coordinates":[[[-84.03866,39.792169],[-84.038667,39.792101],[-84.03911,39.792131],[-84.039103,39.792199],[-84.03866,39.792169]]]},"properties":{"p":"A02-0002-0016-0-0286-00","o":"ERVIN SCOTT ANTHONY","a":"1862  WILBUR AVE","d":"FAIRBORN CITY SCHOOL DISTRICT","t":4.26,"l":"500: Res-Vacant Land","c":0}},{"type":"Feature","geometry":{"type":"Polygon","coordinates":[[[-84.043281,39.78922],[-84.043288,39.789152],[-84.043731,39.789183],[-84.043724,39.789251],[-84.043281,39.78922]]]},"properties":{"p":"A02-0002-0016-0-0134-00","o":"DELEON RAUL DAVILA & REBECCA DAVILA","a":"0  ZIMMERMAN RD","d":"FAIRBORN CITY SCHOOL DISTRICT","t":949.09,"l":"500: Res-Vacant Land","c":0}},{"type":"Feature","geometry":{"type":"Polygon","coordinates":[[[-84.043265,39.789357],[-84.043273,39.789289],[-84.043716,39.78932],[-84.043708,39.789388],[-84.043265,39.789357]]]},"properties":{"p":"A02-0002-0016-0-0132-00","o":"DELEON RAUL DAVILA & REBECCA DAVILA","a":"0  ZIMMERMAN RD","d":"FAIRBORN CITY SCHOOL DISTRICT","t":318.66,"l":"500: Res-Vacant Land","c":0}},{"type":"Feature","geometry":{"type":"Polygon","coordinates":[[[-84.043258,39.789425],[-84.043265,39.789357],[-84.043708,39.789388],[-84.043701,39.789456],[-84.043258,39.789425]]]},"properties":{"p":"A02-0002-0016-0-0131-00","o":"DELEON RAUL DAVILA & REBECCA DAVILA","a":"0  ZIMMERMAN RD","d":"FAIRBORN CITY SCHOOL DISTRICT","t":318.66,"l":"500: Res-Vacant Land","c":0}},{"type":"Feature","geometry":{"type":"Polygon","coordinates":[[[-84.04325,39.789494],[-84.043258,39.789425],[-84.043701,39.789456],[-84.043693,39.789525],[-84.04325,39.789494]]]},"properties":{"p":"A02-0002-0016-0-0130-00","o":"DELEON RAUL DAVILA & REBECCA DAVILA","a":"1964  ZIMMERMAN RD","d":"FAIRBORN CITY SCHOOL DISTRICT","t":547.55,"l":"500: Res-Vacant Land","c":0}},{"type":"Feature","geometry":{"type":"Polygon","coordinates":[[[-84.043242,39.789562],[-84.04325,39.789494],[-84.043693,39.789525],[-84.043685,39.789593],[-84.043242,39.789562]]]},"properties":{"p":"A02-0002-0016-0-0129-00","o":"DELEON RAUL DAVILA & REBECCA DAVILA","a":"0  ZIMMERMAN RD","d":"FAIRBORN CITY SCHOOL DISTRICT","t":318.66,"l":"500: Res-Vacant Land","c":0}},{"type":"Feature","geometry":{"type":"Polygon","coordinates":[[[-84.041502,39.790755],[-84.04154,39.790413],[-84.041629,39.790419],[-84.04159,39.790761],[-84.041502,39.790755]]]},"properties":{"p":"A02-0002-0016-0-0053-00","o":"CONLEY JAMES & JENNIFER SLAVEN","a":"0  FAIRFIELD AVE","d":"FAIRBORN CITY SCHOOL DISTRICT","t":101.19,"l":"500: Res-Vacant Land","c":0}},{"type":"Feature","geometry":{"type":"Polygon","coordinates":[[[-84.04159,39.790761],[-84.041629,39.790419],[-84.041717,39.790426],[-84.041679,39.790767],[-84.04159,39.790761]]]},"properties":{"p":"A02-0002-0016-0-0052-00","o":"CONLEY JAMES & JENNIFER SLAVEN","a":"0  FAIRFIELD AVE","d":"FAIRBORN CITY SCHOOL DISTRICT","t":101.19,"l":"500: Res-Vacant Land","c":0}},{"type":"Feature","geometry":{"type":"Polygon","coordinates":[[[-84.041679,39.790767],[-84.041717,39.790426],[-84.041806,39.790432],[-84.041767,39.790774],[-84.041679,39.790767]]]},"properties":{"p":"A02-0002-0016-0-0051-00","o":"CONLEY JAMES & JENNIFER SLAVEN","a":"0  FAIRFIELD AVE","d":"FAIRBORN CITY SCHOOL DISTRICT","t":101.19,"l":"500: Res-Vacant Land","c":0}},{"type":"Feature","geometry":{"type":"Polygon","coordinates":[[[-84.042566,39.790826],[-84.042602,39.790484],[-84.042691,39.79049],[-84.042654,39.790832],[-84.042566,39.790826]]]},"properties":{"p":"A02-0002-0016-0-0029-00","o":"DAVILA DE LEON RAUL","a":"0  FAIRFIELD AVE","d":"FAIRBORN CITY SCHOOL DISTRICT","t":153.78,"l":"500: Res-Vacant Land","c":0}},{"type":"Feature","geometry":{"type":"Polygon","coordinates":[[[-84.042477,39.79082],[-84.042514,39.790478],[-84.042602,39.790484],[-84.042566,39.790826],[-84.042477,39.79082]]]},"properties":{"p":"A02-0002-0016-0-0028-00","o":"DAVILA DE LEON RAUL","a":"627  FAIRFIELD AVE","d":"FAIRBORN CITY SCHOOL DISTRICT","t":153.78,"l":"500: Res-Vacant Land","c":0}},{"type":"Feature","geometry":{"type":"Polygon","coordinates":[[[-84.042388,39.790814],[-84.042425,39.790472],[-84.042514,39.790478],[-84.042477,39.79082],[-84.042388,39.790814]]]},"properties":{"p":"A02-0002-0016-0-0027-00","o":"DAVILA DE LEON RAUL","a":"0  FAIRFIELD AVE","d":"FAIRBORN CITY SCHOOL DISTRICT","t":153.79,"l":"500: Res-Vacant Land","c":0}},{"type":"Feature","geometry":{"type":"Polygon","coordinates":[[[-84.035481,39.793154],[-84.035488,39.793086],[-84.035803,39.793107],[-84.035796,39.793176],[-84.035481,39.793154]]]},"properties":{"p":"A02-0002-0015-0-0586-00","o":"FERNANDEZ THOMAS & CHERYL CLEMENS","a":"1824  SUPERIOR AVE","d":"FAIRBORN CITY SCHOOL DISTRICT","t":3.61,"l":"500: Res-Vacant Land","c":0}},{"type":"Feature","geometry":{"type":"Polygon","coordinates":[[[-84.035473,39.793223],[-84.035481,39.793154],[-84.035796,39.793176],[-84.035789,39.793244],[-84.035473,39.793223]]]},"properties":{"p":"A02-0002-0015-0-0585-00","o":"FERNANDEZ THOMAS & CHERYL CLEMENS","a":"1824  SUPERIOR AVE","d":"FAIRBORN CITY SCHOOL DISTRICT","t":4.61,"l":"500: Res-Vacant Land","c":0}},{"type":"Feature","geometry":{"type":"Polygon","coordinates":[[[-84.035466,39.793291],[-84.035473,39.793223],[-84.035789,39.793244],[-84.035782,39.793313],[-84.035466,39.793291]]]},"properties":{"p":"A02-0002-0015-0-0584-00","o":"FERNANDEZ THOMAS & CHERYL CLEMENS","a":"0  SUPERIOR AVE","d":"FAIRBORN CITY SCHOOL DISTRICT","t":4.61,"l":"500: Res-Vacant Land","c":0}},{"type":"Feature","geometry":{"type":"Polygon","coordinates":[[[-84.037303,39.794987],[-84.037311,39.794919],[-84.037754,39.794949],[-84.037747,39.795018],[-84.037303,39.794987]]]},"properties":{"p":"A02-0002-0015-0-0361-00","o":"ARROWOOD RICKEY","a":"1716  STEWART BLVD","d":"FAIRBORN CITY SCHOOL DISTRICT","t":11399.82,"l":"500: Res-Vacant Land","c":0}},{"type":"Feature","geometry":{"type":"Polygon","coordinates":[[[-84.037296,39.795056],[-84.037303,39.794987],[-84.037747,39.795018],[-84.037739,39.795086],[-84.037296,39.795056]]]},"properties":{"p":"A02-0002-0015-0-0360-00","o":"ARROWOOD RICKEY","a":"1716  STEWART BLVD","d":"FAIRBORN CITY SCHOOL DISTRICT","t":26302.4,"l":"500: Res-Vacant Land","c":0}},{"type":"Feature","geometry":{"type":"Polygon","coordinates":[[[-84.038885,39.796038],[-84.038892,39.79597],[-84.039335,39.796],[-84.039328,39.796068],[-84.038885,39.796038]]]},"properties":{"p":"A02-0002-0015-0-0197-00","o":"AY JOHNSON H","a":"0  WILBUR AVE","d":"FAIRBORN CITY SCHOOL DISTRICT","t":2697.71,"l":"500: Res-Vacant Land","c":0}},{"type":"Feature","geometry":{"type":"Polygon","coordinates":[[[-84.038877,39.796107],[-84.038885,39.796038],[-84.039328,39.796068],[-84.039321,39.796136],[-84.038877,39.796107]]]},"properties":{"p":"A02-0002-0015-0-0196-00","o":"AY JOHNSON H","a":"1645  WILBUR AVE","d":"FAIRBORN CITY SCHOOL DISTRICT","t":34370.32,"l":"510: Res-Single Family","c":0}},{"type":"Feature","geometry":{"type":"Polygon","coordinates":[[[-84.03787,39.795425],[-84.037877,39.795357],[-84.03832,39.795387],[-84.038313,39.795455],[-84.03787,39.795425]]]},"properties":{"p":"A02-0002-0015-0-0143-00","o":"CAMPBELL DAVID","a":"0  STEWART BLVD","d":"FAIRBORN CITY SCHOOL DISTRICT","t":277.56,"l":"500: Res-Vacant Land","c":0}},{"type":"Feature","geometry":{"type":"Polygon","coordinates":[[[-84.038443,39.794224],[-84.038451,39.794156],[-84.038894,39.794186],[-84.038887,39.794254],[-84.038443,39.794224]]]},"properties":{"p":"A02-0002-0015-0-0122-00","o":"HARRELSON ANDREW JR","a":"473  PATTERSON ST","d":"FAIRBORN CITY SCHOOL DISTRICT","t":1557.75,"l":"510: Res-Single Family","c":0}},{"type":"Feature","geometry":{"type":"Polygon","coordinates":[[[-84.038166,39.792694],[-84.038173,39.792626],[-84.038616,39.792656],[-84.038609,39.792725],[-84.038166,39.792694]]]},"properties":{"p":"A02-0002-0015-0-0080-00","o":"BLANTON SAVANNAH C","a":"0  STEWART BLVD","d":"FAIRBORN CITY SCHOOL DISTRICT","t":48.18,"l":"500: Res-Vacant Land","c":0}},{"type":"Feature","geometry":{"type":"Polygon","coordinates":[[[-84.038152,39.792831],[-84.038159,39.792763],[-84.038602,39.792793],[-84.038595,39.792861],[-84.038152,39.792831]]]},"properties":{"p":"A02-0002-0015-0-0078-00","o":"BLANTON SAVANNAH C","a":"0  STEWART BLVD","d":"FAIRBORN CITY SCHOOL DISTRICT","t":48.18,"l":"500: Res-Vacant Land","c":0}},{"type":"Feature","geometry":{"type":"Polygon","coordinates":[[[-84.029577,39.799525],[-84.029593,39.799388],[-84.029665,39.799393],[-84.02965,39.79953],[-84.029577,39.799525]]]},"properties":{"p":"A02-0002-0014-0-0473-00","o":"HAMILTON LINDA","a":"1436  SALEM AVE","d":"FAIRBORN CITY SCHOOL DISTRICT","t":468.39,"l":"500: Res-Vacant Land","c":0}},{"type":"Feature","geometry":{"type":"Polygon","coordinates":[[[-84.028087,39.799117],[-84.028101,39.798946],[-84.028285,39.798958],[-84.028266,39.799129],[-84.028087,39.799117]]]},"properties":{"p":"A02-0002-0014-0-0472-00","o":"413 MADISON LLC","a":"0  FOREST ST","d":"FAIRBORN CITY SCHOOL DISTRICT","t":126.16,"l":"500: Res-Vacant Land","c":0}},{"type":"Feature","geometry":{"type":"Polygon","coordinates":[[[-84.02965,39.79953],[-84.029665,39.799393],[-84.029843,39.799405],[-84.029828,39.799542],[-84.02965,39.79953]]]},"properties":{"p":"A02-0002-0014-0-0408-00","o":"HAMILTON LINDA","a":"1436  SALEM AVE","d":"FAIRBORN CITY SCHOOL DISTRICT","t":13786.94,"l":"500: Res-Vacant Land","c":0}},{"type":"Feature","geometry":{"type":"Polygon","coordinates":[[[-84.029593,39.799388],[-84.029488,39.799382],[-84.029526,39.79904],[-84.029703,39.799051],[-84.029665,39.799393],[-84.029593,39.799388]]]},"properties":{"p":"A02-0002-0014-0-0399-00","o":"HAMILTON LINDA","a":"0  SALEM AVE","d":"FAIRBORN CITY SCHOOL DISTRICT","t":3407.57,"l":"500: Res-Vacant Land","c":0}},{"type":"Feature","geometry":{"type":"Polygon","coordinates":[[[-84.029665,39.799393],[-84.029703,39.799051],[-84.02988,39.799063],[-84.029843,39.799405],[-84.029665,39.799393]]]},"properties":{"p":"A02-0002-0014-0-0398-00","o":"HAMILTON LINDA","a":"0  SALEM AVE","d":"FAIRBORN CITY SCHOOL DISTRICT","t":3407.58,"l":"500: Res-Vacant Land","c":0}},{"type":"Feature","geometry":{"type":"Polygon","coordinates":[[[-84.03134,39.799514],[-84.031378,39.799172],[-84.031555,39.799183],[-84.031517,39.799525],[-84.03134,39.799514]]]},"properties":{"p":"A02-0002-0014-0-0334-00","o":"BARKER SANDRA M ET AL","a":"237  FOREST ST","d":"FAIRBORN CITY SCHOOL DISTRICT","t":46499.79,"l":"500: Res-Vacant Land","c":0}},{"type":"Feature","geometry":{"type":"Polygon","coordinates":[[[-84.034723,39.800086],[-84.034761,39.799744],[-84.034938,39.799755],[-84.0349,39.800097],[-84.034723,39.800086]]]},"properties":{"p":"A02-0002-0014-0-0288-00","o":"BARNETT ROBERT L JR ESTATE OF","a":"360  VINE ST","d":"FAIRBORN CITY SCHOOL DISTRICT","t":1169.64,"l":"510: Res-Single Family","c":0}},{"type":"Feature","geometry":{"type":"Polygon","coordinates":[[[-84.03555,39.800613],[-84.035589,39.800271],[-84.035767,39.800282],[-84.035727,39.800625],[-84.03555,39.800613]]]},"properties":{"p":"A02-0002-0014-0-0256-00","o":"COMER GARNETT L","a":"413  VINE ST","d":"FAIRBORN CITY SCHOOL DISTRICT","t":688.21,"l":"520: Res-Two Family","c":0}},{"type":"Feature","geometry":{"type":"Polygon","coordinates":[[[-84.036578,39.797732],[-84.036591,39.797648],[-84.036626,39.797622],[-84.036662,39.797618],[-84.03699,39.797759],[-84.036578,39.797732]]]},"properties":{"p":"A02-0002-0014-0-0130-00","o":"CITY OF FAIRBORN OHIO","a":"0  MIAMI AVE","d":"FAIRBORN CITY SCHOOL DISTRICT","t":7985.7,"l":"500: Res-Vacant Land","c":0}},{"type":"Feature","geometry":{"type":"Polygon","coordinates":[[[-84.037518,39.79897],[-84.037526,39.798902],[-84.037969,39.798932],[-84.037962,39.799001],[-84.037518,39.79897]]]},"properties":{"p":"A02-0002-0014-0-0091-00","o":"BRANHAM JOHN R & YVONNE S","a":"1515  STEWART BLVD","d":"FAIRBORN CITY SCHOOL DISTRICT","t":4977.35,"l":"510: Res-Single Family","c":0}},{"type":"Feature","geometry":{"type":"Polygon","coordinates":[[[-84.037526,39.798902],[-84.037533,39.798834],[-84.037976,39.798864],[-84.037969,39.798932],[-84.037526,39.798902]]]},"properties":{"p":"A02-0002-0014-0-0090-00","o":"BRANHAM JOHN R & YVONNE S","a":"1515  STEWART BLVD","d":"FAIRBORN CITY SCHOOL DISTRICT","t":798.45,"l":"500: Res-Vacant Land","c":0}},{"type":"Feature","geometry":{"type":"Polygon","coordinates":[[[-84.02963,39.805106],[-84.02966,39.804832],[-84.02971,39.804836],[-84.029679,39.805109],[-84.02963,39.805106]]]},"properties":{"p":"A02-0002-0013-0-0273-00","o":"BAILEY VICTORIA","a":"211  HIGH ST","d":"FAIRBORN CITY SCHOOL DISTRICT","t":758.9,"l":"500: Res-Vacant Land","c":0}},{"type":"Feature","geometry":{"type":"Polygon","coordinates":[[[-84.029526,39.805099],[-84.029551,39.804825],[-84.02966,39.804832],[-84.02963,39.805106],[-84.029526,39.805099]]]},"properties":{"p":"A02-0002-0013-0-0245-00","o":"BAILEY VICTORIA","a":"211  HIGH ST","d":"FAIRBORN CITY SCHOOL DISTRICT","t":883.31,"l":"510: Res-Single Family","c":0}},{"type":"Feature","geometry":{"type":"Polygon","coordinates":[[[-84.029679,39.805109],[-84.02971,39.804836],[-84.029837,39.804844],[-84.029807,39.805117],[-84.029679,39.805109]]]},"properties":{"p":"A02-0002-0013-0-0244-00","o":"BOYANA KRISHNAVENI","a":"217  HIGH ST","d":"FAIRBORN CITY SCHOOL DISTRICT","t":998.7,"l":"500: Res-Vacant Land","c":0}},{"type":"Feature","geometry":{"type":"Polygon","coordinates":[[[-84.03042,39.805159],[-84.030339,39.805153],[-84.030369,39.804879],[-84.030547,39.804891],[-84.030516,39.805165],[-84.03042,39.805159]]]},"properties":{"p":"A02-0002-0013-0-0240-00","o":"BROWN WEAVER LINDA","a":"237  HIGH ST","d":"FAIRBORN CITY SCHOOL DISTRICT","t":31.48,"l":"510: Res-Single Family","c":0}},{"type":"Feature","geometry":{"type":"Polygon","coordinates":[[[-84.030516,39.805165],[-84.030547,39.804891],[-84.030724,39.804902],[-84.030694,39.805177],[-84.030516,39.805165]]]},"properties":{"p":"A02-0002-0013-0-0239-00","o":"BROWN WEAVER LINDA","a":"241  HIGH ST","d":"FAIRBORN CITY SCHOOL DISTRICT","t":1077.21,"l":"510: Res-Single Family","c":0}},{"type":"Feature","geometry":{"type":"Polygon","coordinates":[[[-84.029678,39.804697],[-84.029716,39.804355],[-84.029893,39.804367],[-84.029855,39.804708],[-84.029678,39.804697]]]},"properties":{"p":"A02-0002-0013-0-0232-00","o":"BABBS CODY","a":"218  HIGH ST","d":"FAIRBORN CITY SCHOOL DISTRICT","t":42464.04,"l":"500: Res-Vacant Land","c":0}},{"type":"Feature","geometry":{"type":"Polygon","coordinates":[[[-84.03078,39.804425],[-84.030817,39.804083],[-84.030995,39.804094],[-84.030957,39.804436],[-84.03078,39.804425]]]},"properties":{"p":"A02-0002-0013-0-0213-00","o":"ADAMS TERRY W","a":"247  EUCLID AVE","d":"FAIRBORN CITY SCHOOL DISTRICT","t":5385.47,"l":"510: Res-Single Family","c":0}},{"type":"Feature","geometry":{"type":"Polygon","coordinates":[[[-84.030957,39.804436],[-84.030995,39.804094],[-84.031172,39.804106],[-84.031134,39.804448],[-84.030957,39.804436]]]},"properties":{"p":"A02-0002-0013-0-0212-00","o":"ADAMS TERRY W","a":"251  EUCLID AVE","d":"FAIRBORN CITY SCHOOL DISTRICT","t":3123.12,"l":"510: Res-Single Family","c":0}},{"type":"Feature","geometry":{"type":"Polygon","coordinates":[[[-84.030136,39.802248],[-84.030173,39.801906],[-84.030351,39.801917],[-84.030313,39.802259],[-84.030136,39.802248]]]},"properties":{"p":"A02-0002-0013-0-0152-00","o":"BRINK DAVID P","a":"224  STATE ST","d":"FAIRBORN CITY SCHOOL DISTRICT","t":91635.76,"l":"500: Res-Vacant Land","c":0}},{"type":"Feature","geometry":{"type":"Polygon","coordinates":[[[-84.030052,39.801083],[-84.029834,39.801069],[-84.029871,39.800727],[-84.030125,39.800743],[-84.030088,39.801085],[-84.030052,39.801083]]]},"properties":{"p":"A02-0002-0013-0-0115-00","o":"HALL GEORGINA S","a":"201  MADISON ST","d":"FAIRBORN CITY SCHOOL DISTRICT","t":936.2,"l":"510: Res-Single Family","c":0}},{"type":"Feature","geometry":{"type":"Polygon","coordinates":[[[-84.030088,39.801085],[-84.030125,39.800743],[-84.030303,39.800755],[-84.030265,39.801097],[-84.030088,39.801085]]]},"properties":{"p":"A02-0002-0013-0-0114-00","o":"HALL GEORGINA S","a":"0  MADISON ST","d":"FAIRBORN CITY SCHOOL DISTRICT","t":258.41,"l":"500: Res-Vacant Land","c":0}},{"type":"Feature","geometry":{"type":"Polygon","coordinates":[[[-84.034483,39.802191],[-84.034521,39.801849],[-84.034697,39.80186],[-84.03466,39.802202],[-84.034483,39.802191]]]},"properties":{"p":"A02-0002-0013-0-0042-00","o":"BROWN MELISSA","a":"363  GILBERT AVE","d":"FAIRBORN CITY SCHOOL DISTRICT","t":1162.62,"l":"510: Res-Single Family","c":0}},{"type":"Feature","geometry":{"type":"Polygon","coordinates":[[[-84.017954,39.787973],[-84.017748,39.787872],[-84.017918,39.78619],[-84.019367,39.786279],[-84.019212,39.787931],[-84.019161,39.788047],[-84.017954,39.787973]]]},"properties":{"p":"A02-0002-0012-0-0147-00","o":"COBBLESTONE CAPITAL 23-113 LLC","a":"256 E DAYTON YELLOW SPRINGS RD","d":"FAIRBORN CITY SCHOOL DISTRICT","t":22417.68,"l":"426: Com-Shopping Center-Comun","c":0}},{"type":"Feature","geometry":{"type":"Polygon","coordinates":[[[-84.033835,39.786298],[-84.033855,39.786117],[-84.034352,39.78615],[-84.034332,39.78633],[-84.033835,39.786298]]]},"properties":{"p":"A02-0002-0011-0-0081-00","o":"GREEN STACY L","a":"86  TRUMAN AVE","d":"FAIRBORN CITY SCHOOL DISTRICT","t":921.94,"l":"510: Res-Single Family","c":0}},{"type":"Feature","geometry":{"type":"Polygon","coordinates":[[[-84.030741,39.784899],[-84.030806,39.784352],[-84.031019,39.784368],[-84.030953,39.784914],[-84.030741,39.784899]]]},"properties":{"p":"A02-0002-0011-0-0051-00","o":"CAMPBELL JUDY","a":"133  BROWN AVE","d":"FAIRBORN CITY SCHOOL DISTRICT","t":271.98,"l":"500: Res-Vacant Land","c":0}},{"type":"Feature","geometry":{"type":"Polygon","coordinates":[[[-84.021424,39.785705],[-84.021469,39.785325],[-84.02258,39.785404],[-84.02254,39.785785],[-84.021424,39.785705]]]},"properties":{"p":"A02-0002-0009-0-0333-00","o":"ALCORN CHRISTINA A","a":"2063  BEAVER VALLEY RD","d":"FAIRBORN CITY SCHOOL DISTRICT","t":1502.01,"l":"511: Res-Custom Code","c":0}},{"type":"Feature","geometry":{"type":"Polygon","coordinates":[[[-84.022365,39.78707],[-84.022395,39.786763],[-84.022427,39.786766],[-84.022397,39.787072],[-84.022365,39.78707]]]},"properties":{"p":"A02-0002-0009-0-0304-00","o":"BUTLER LARRY & SHARON","a":"107  LAWNDALE AVE","d":"FAIRBORN CITY SCHOOL DISTRICT","t":1578.69,"l":"500: Res-Vacant Land","c":0}},{"type":"Feature","geometry":{"type":"Polygon","coordinates":[[[-84.025785,39.785513],[-84.025736,39.785323],[-84.026231,39.785246],[-84.026284,39.785448],[-84.025788,39.785525],[-84.025785,39.785513]]]},"properties":{"p":"A02-0002-0009-0-0302-00","o":"GOAD LEIDA A GILLESPIE ETAL","a":"2072  ROCKDELL DR","d":"FAIRBORN CITY SCHOOL DISTRICT","t":4443.75,"l":"510: Res-Single Family","c":0}},{"type":"Feature","geometry":{"type":"Polygon","coordinates":[[[-84.028651,39.787954],[-84.028688,39.787561],[-84.02897,39.787587],[-84.028986,39.787619],[-84.028953,39.787972],[-84.028651,39.787954]]]},"properties":{"p":"A02-0002-0009-0-0233-00","o":"CHILDERS KENNY RAY","a":"1990  REDSTONE DR","d":"FAIRBORN CITY SCHOOL DISTRICT","t":7486.93,"l":"510: Res-Single Family","c":0}},{"type":"Feature","geometry":{"type":"Polygon","coordinates":[[[-84.024554,39.787225],[-84.024574,39.787056],[-84.025,39.787091],[-84.024981,39.78726],[-84.024554,39.787225]]]},"properties":{"p":"A02-0002-0009-0-0020-00","o":"DAY RONNIE E SR & RUTH","a":"2013  CENTRALIA ST","d":"FAIRBORN CITY SCHOOL DISTRICT","t":24954.16,"l":"500: Res-Vacant Land","c":0}},{"type":"Feature","geometry":{"type":"Polygon","coordinates":[[[-84.029577,39.788755],[-84.029597,39.788547],[-84.03006,39.78858],[-84.030098,39.788609],[-84.030084,39.788784],[-84.029577,39.788755]]]},"properties":{"p":"A02-0002-0008-0-0016-00","o":"COMPTON WILLIAM D & DIANE L","a":"121  SUNBURST DR","d":"FAIRBORN CITY SCHOOL DISTRICT","t":6606.64,"l":"510: Res-Single Family","c":0}},{"type":"Feature","geometry":{"type":"Polygon","coordinates":[[[-84.029315,39.793995],[-84.029207,39.79393],[-84.029506,39.793636],[-84.029695,39.793725],[-84.029522,39.794075],[-84.029315,39.793995]]]},"properties":{"p":"A02-0002-0007-0-0005-00","o":"CASSIDY ELIZABETH A","a":"141  HOAK DR","d":"FAIRBORN CITY SCHOOL DISTRICT","t":1824.75,"l":"510: Res-Single Family","c":0}},{"type":"Feature","geometry":{"type":"Polygon","coordinates":[[[-84.025303,39.799687],[-84.025196,39.799682],[-84.025198,39.799379],[-84.025435,39.799392],[-84.0254,39.799694],[-84.025303,39.799687]]]},"properties":{"p":"A02-0002-0004-0-0094-00","o":"DUNWIDDIE AMANDA L & WILLIAM A JR","a":"218  MAGNOLIA LN","d":"FAIRBORN CITY SCHOOL DISTRICT","t":1045.02,"l":"510: Res-Single Family","c":0}},{"type":"Feature","geometry":{"type":"Polygon","coordinates":[[[-84.024168,39.801791],[-84.024188,39.801624],[-84.024542,39.801649],[-84.024523,39.801816],[-84.024168,39.801791]]]},"properties":{"p":"A02-0002-0004-0-0072-00","o":"GEORGE LINDA L","a":"148  LOCUST DR","d":"FAIRBORN CITY SCHOOL DISTRICT","t":6117.49,"l":"510: Res-Single Family","c":0}},{"type":"Feature","geometry":{"type":"Polygon","coordinates":[[[-84.024484,39.805693],[-84.024829,39.805623],[-84.024885,39.805791],[-84.024541,39.80586],[-84.024484,39.805693]]]},"properties":{"p":"A02-0002-0002-0-0258-00","o":"EC & B1 PROPERTIES LLC","a":"128  EBONY LN","d":"FAIRBORN CITY SCHOOL DISTRICT","t":523.23,"l":"510: Res-Single Family","c":0}},{"type":"Feature","geometry":{"type":"Polygon","coordinates":[[[-84.024578,39.804768],[-84.024698,39.804676],[-84.02487,39.804841],[-84.024552,39.804997],[-84.024447,39.80487],[-84.024578,39.804768]]]},"properties":{"p":"A02-0002-0002-0-0243-00","o":"FANNIN DAVID L","a":"131  FIG ST","d":"FAIRBORN CITY SCHOOL DISTRICT","t":163.01,"l":"510: Res-Single Family","c":0}},{"type":"Feature","geometry":{"type":"Polygon","coordinates":[[[-84.023166,39.806146],[-84.02315,39.806098],[-84.023494,39.806029],[-84.023548,39.8062],[-84.023203,39.806255],[-84.023166,39.806146]]]},"properties":{"p":"A02-0002-0002-0-0173-00","o":"FILBURN JUANITA M","a":"1204  DATE ST","d":"FAIRBORN CITY SCHOOL DISTRICT","t":38894.4,"l":"500: Res-Vacant Land","c":0}},{"type":"Feature","geometry":{"type":"Polygon","coordinates":[[[-84.022785,39.803918],[-84.022823,39.80367],[-84.022859,39.803656],[-84.02308,39.803672],[-84.02305,39.803936],[-84.022785,39.803918]]]},"properties":{"p":"A02-0002-0002-0-0144-00","o":"FOSTER ANNA M","a":"1287 S CENTRAL AVE","d":"FAIRBORN CITY SCHOOL DISTRICT","t":1041.94,"l":"510: Res-Single Family","c":0}},{"type":"Feature","geometry":{"type":"Polygon","coordinates":[[[-84.021315,39.806611],[-84.021304,39.806554],[-84.021769,39.806434],[-84.021824,39.806621],[-84.021327,39.806668],[-84.021315,39.806611]]]},"properties":{"p":"A02-0002-0002-0-0072-00","o":"CASKEY JOHNNY R","a":"1162  BEECH ST","d":"FAIRBORN CITY SCHOOL DISTRICT","t":2587.62,"l":"510: Res-Single Family","c":0}},{"type":"Feature","geometry":{"type":"Polygon","coordinates":[[[-84.022276,39.806283],[-84.022264,39.806242],[-84.022615,39.806171],[-84.022669,39.806336],[-84.022311,39.806397],[-84.022276,39.806283]]]},"properties":{"p":"A02-0002-0002-0-0030-00","o":"FERNANDEZ THOMAS & CHERYL CLEMENS","a":"1174 S CENTRAL AVE","d":"FAIRBORN CITY SCHOOL DISTRICT","t":1850.28,"l":"510: Res-Single Family","c":0}},{"type":"Feature","geometry":{"type":"Polygon","coordinates":[[[-84.025543,39.809346],[-84.025663,39.809238],[-84.026398,39.809736],[-84.026281,39.809838],[-84.025543,39.809346]]]},"properties":{"p":"A02-0002-0001-0-0015-00","o":"ELLEN DANIEL C","a":"1062  KAUFFMAN AVE","d":"FAIRBORN CITY SCHOOL DISTRICT","t":3501.83,"l":"420: Com-Retail-Small","c":0}},{"type":"Feature","geometry":{"type":"Polygon","coordinates":[[[-83.990804,39.83292],[-83.990953,39.832733],[-83.991429,39.83296],[-83.991292,39.833153],[-83.990804,39.83292]]]},"properties":{"p":"A02-0001-0029-0-0110-00","o":"DAVIS MARGARET","a":"709  SUNNYMEAD DR","d":"FAIRBORN CITY SCHOOL DISTRICT","t":3898.71,"l":"510: Res-Single Family","c":0}},{"type":"Feature","geometry":{"type":"Polygon","coordinates":[[[-84.010239,39.804838],[-84.010255,39.804671],[-84.01071,39.8047],[-84.010691,39.804865],[-84.010239,39.804838]]]},"properties":{"p":"A02-0001-0028-0-0097-00","o":"ADAMS SHANNON RAE","a":"427  MARCHMONT DR","d":"FAIRBORN CITY SCHOOL DISTRICT","t":1022,"l":"510: Res-Single Family","c":0}},{"type":"Feature","geometry":{"type":"Polygon","coordinates":[[[-84.012711,39.804696],[-84.012569,39.804686],[-84.012603,39.804388],[-84.012816,39.804403],[-84.012782,39.804701],[-84.012711,39.804696]]]},"properties":{"p":"A02-0001-0028-0-0047-00","o":"AMBC PROPERTIES LLC","a":"232  DELLWOOD DR","d":"FAIRBORN CITY SCHOOL DISTRICT","t":1156.61,"l":"510: Res-Single Family","c":0}},{"type":"Feature","geometry":{"type":"Polygon","coordinates":[[[-84.011173,39.805333],[-84.011184,39.805237],[-84.011251,39.805053],[-84.011437,39.805075],[-84.011406,39.805348],[-84.011173,39.805333]]]},"properties":{"p":"A02-0001-0028-0-0014-00","o":"CURD CAROL ANNE","a":"510  FLORENCE AVE","d":"FAIRBORN CITY SCHOOL DISTRICT","t":8767.98,"l":"510: Res-Single Family","c":0}},{"type":"Feature","geometry":{"type":"Polygon","coordinates":[[[-84.011807,39.805651],[-84.011838,39.805378],[-84.012055,39.805393],[-84.012023,39.805666],[-84.011807,39.805651]]]},"properties":{"p":"A02-0001-0028-0-0007-00","o":"AMON ALETA A","a":"38  REGINA DR","d":"FAIRBORN CITY SCHOOL DISTRICT","t":934.09,"l":"510: Res-Single Family","c":0}},{"type":"Feature","geometry":{"type":"Polygon","coordinates":[[[-84.012424,39.807541],[-84.012442,39.807384],[-84.012813,39.807409],[-84.012795,39.807566],[-84.012424,39.807541]]]},"properties":{"p":"A02-0001-0027-0-0101-00","o":"BOWER MATTHEW","a":"35  ROCKLAND DR","d":"FAIRBORN CITY SCHOOL DISTRICT","t":42.45,"l":"510: Res-Single Family","c":0}},{"type":"Feature","geometry":{"type":"Polygon","coordinates":[[[-84.014427,39.807903],[-84.014598,39.807782],[-84.014725,39.807905],[-84.014821,39.808059],[-84.014475,39.80814],[-84.014427,39.807903]]]},"properties":{"p":"A02-0001-0027-0-0029-00","o":"ADKINS WILMA JEAN","a":"354  FLORENCE AVE","d":"FAIRBORN CITY SCHOOL DISTRICT","t":385.85,"l":"510: Res-Single Family","c":0}},{"type":"Feature","geometry":{"type":"Polygon","coordinates":[[[-84.014433,39.808962],[-84.014451,39.808797],[-84.014806,39.808822],[-84.014787,39.808986],[-84.014433,39.808962]]]},"properties":{"p":"A02-0001-0027-0-0024-00","o":"BURROWS JESSICA","a":"324  FLORENCE AVE","d":"FAIRBORN CITY SCHOOL DISTRICT","t":1565.03,"l":"510: Res-Single Family","c":0}},{"type":"Feature","geometry":{"type":"Polygon","coordinates":[[[-84.019081,39.807226],[-84.019101,39.807024],[-84.019456,39.807045],[-84.019436,39.807247],[-84.019081,39.807226]]]},"properties":{"p":"A02-0001-0026-0-0023-00","o":"DABNEY GLORIA J","a":"1140 S MAPLE AVE","d":"FAIRBORN CITY SCHOOL DISTRICT","t":996.8,"l":"510: Res-Single Family","c":0}},{"type":"Feature","geometry":{"type":"Polygon","coordinates":[[[-84.016734,39.808438],[-84.016815,39.808106],[-84.01701,39.808125],[-84.016978,39.808452],[-84.016734,39.808438]]]},"properties":{"p":"A02-0001-0026-0-0012-00","o":"ARNDT KOURTNEE & PAUL E","a":"73  WESTPORT DR","d":"FAIRBORN CITY SCHOOL DISTRICT","t":59797.02,"l":"500: Res-Vacant Land","c":0}},{"type":"Feature","geometry":{"type":"Polygon","coordinates":[[[-84.010817,39.809437],[-84.010859,39.809074],[-84.011061,39.809088],[-84.011019,39.809451],[-84.010817,39.809437]]]},"properties":{"p":"A02-0001-0024-0-0134-00","o":"CODY KAREN","a":"298  REDBANK DR","d":"FAIRBORN CITY SCHOOL DISTRICT","t":3382.55,"l":"510: Res-Single Family","c":0}},{"type":"Feature","geometry":{"type":"Polygon","coordinates":[[[-84.013201,39.810697],[-84.013232,39.810423],[-84.01345,39.810438],[-84.013419,39.810711],[-84.013201,39.810697]]]},"properties":{"p":"A02-0001-0024-0-0062-00","o":"DANIELS JOHNNIE J & SANDRA","a":"41  NORTH HAVEN DR","d":"FAIRBORN CITY SCHOOL DISTRICT","t":1537.5,"l":"510: Res-Single Family","c":0}},{"type":"Feature","geometry":{"type":"Polygon","coordinates":[[[-84.012856,39.812624],[-84.013069,39.812568],[-84.013168,39.812851],[-84.012993,39.812878],[-84.012856,39.812624]]]},"properties":{"p":"A02-0001-0023-0-0232-00","o":"AMBC PROPERTIES LLC","a":"243  PAT LN","d":"FAIRBORN CITY SCHOOL DISTRICT","t":1006.52,"l":"510: Res-Single Family","c":0}},{"type":"Feature","geometry":{"type":"Polygon","coordinates":[[[-84.012468,39.812799],[-84.012655,39.812702],[-84.012844,39.812954],[-84.012703,39.813025],[-84.012468,39.812799]]]},"properties":{"p":"A02-0001-0023-0-0230-00","o":"AMBC PROPERTIES LLC","a":"255  PAT LN","d":"FAIRBORN CITY SCHOOL DISTRICT","t":1648.11,"l":"510: Res-Single Family","c":0}},{"type":"Feature","geometry":{"type":"Polygon","coordinates":[[[-84.015252,39.814287],[-84.015283,39.814014],[-84.015496,39.814028],[-84.015465,39.814302],[-84.015252,39.814287]]]},"properties":{"p":"A02-0001-0023-0-0181-00","o":"CONLEY LESSIE MAE","a":"15  GALEWOOD DR","d":"FAIRBORN CITY SCHOOL DISTRICT","t":1478.34,"l":"510: Res-Single Family","c":0}},{"type":"Feature","geometry":{"type":"Polygon","coordinates":[[[-84.012486,39.814101],[-84.01245,39.814099],[-84.012505,39.813825],[-84.01273,39.813842],[-84.012699,39.814115],[-84.012486,39.814101]]]},"properties":{"p":"A02-0001-0023-0-0168-00","o":"EC AND B1 PROPERTIES LLC","a":"67  GALEWOOD DR","d":"FAIRBORN CITY SCHOOL DISTRICT","t":277.84,"l":"510: Res-Single Family","c":0}},{"type":"Feature","geometry":{"type":"Polygon","coordinates":[[[-84.012105,39.814075],[-84.011944,39.813942],[-84.012116,39.813718],[-84.012304,39.813786],[-84.012165,39.814079],[-84.012105,39.814075]]]},"properties":{"p":"A02-0001-0023-0-0166-00","o":"EC AND B1 PROPERTIES LLC","a":"75  GALEWOOD DR","d":"FAIRBORN CITY SCHOOL DISTRICT","t":245.85,"l":"510: Res-Single Family","c":0}},{"type":"Feature","geometry":{"type":"Polygon","coordinates":[[[-84.015937,39.813307],[-84.016244,39.812976],[-84.016435,39.812989],[-84.016549,39.813088],[-84.016079,39.81341],[-84.015937,39.813307]]]},"properties":{"p":"A02-0001-0023-0-0133-00","o":"CLICK JANIE","a":"717  FLINTRIDGE DR","d":"FAIRBORN CITY SCHOOL DISTRICT","t":1164.06,"l":"510: Res-Single Family","c":0}},{"type":"Feature","geometry":{"type":"Polygon","coordinates":[[[-84.01601,39.81296],[-84.016041,39.812686],[-84.016254,39.812701],[-84.016223,39.812974],[-84.01601,39.81296]]]},"properties":{"p":"A02-0001-0023-0-0123-00","o":"COMBS CHRISTY & DARRELL SHAVER","a":"173  PAT LN","d":"FAIRBORN CITY SCHOOL DISTRICT","t":779.8,"l":"510: Res-Single Family","c":0}},{"type":"Feature","geometry":{"type":"Polygon","coordinates":[[[-84.016244,39.812976],[-84.016223,39.812974],[-84.016254,39.812701],[-84.016467,39.812715],[-84.016435,39.812989],[-84.016244,39.812976]]]},"properties":{"p":"A02-0001-0023-0-0122-00","o":"FAIRBORN REAL ESTATE INVESTMENTS LLC","a":"167  PAT LN","d":"FAIRBORN CITY SCHOOL DISTRICT","t":1905.41,"l":"510: Res-Single Family","c":0}},{"type":"Feature","geometry":{"type":"Polygon","coordinates":[[[-84.017719,39.815387],[-84.017896,39.815155],[-84.018126,39.815171],[-84.018094,39.815475],[-84.017794,39.81549],[-84.017772,39.815432],[-84.017719,39.815387]]]},"properties":{"p":"A02-0001-0022-0-0215-00","o":"EC AND B1 PROPERTIES LLC","a":"11  PERRIN CT","d":"FAIRBORN CITY SCHOOL DISTRICT","t":240.69,"l":"510: Res-Single Family","c":0}},{"type":"Feature","geometry":{"type":"Polygon","coordinates":[[[-84.014555,39.815206],[-84.014586,39.814932],[-84.014799,39.814947],[-84.014768,39.81522],[-84.014555,39.815206]]]},"properties":{"p":"A02-0001-0022-0-0191-00","o":"DOUBLE E PROPERTIES LLC (OHIO)","a":"24  ROWLAND DR","d":"FAIRBORN CITY SCHOOL DISTRICT","t":11487.96,"l":"510: Res-Single Family","c":0}},{"type":"Feature","geometry":{"type":"Polygon","coordinates":[[[-84.010764,39.815621],[-84.010568,39.815608],[-84.010586,39.815455],[-84.011025,39.815484],[-84.01101,39.815635],[-84.010764,39.815621]]]},"properties":{"p":"A02-0001-0022-0-0129-00","o":"BRETT RONALD J & DEBORAH A","a":"510  KIRKWOOD DR","d":"FAIRBORN CITY SCHOOL DISTRICT","t":4560.46,"l":"510: Res-Single Family","c":0}},{"type":"Feature","geometry":{"type":"Polygon","coordinates":[[[-84.009392,39.816219],[-84.009849,39.816246],[-84.009781,39.816484],[-84.009693,39.816487],[-84.00964,39.816507],[-84.009392,39.816219]]]},"properties":{"p":"A02-0001-0022-0-0085-00","o":"ANDREWS RUBY & EDNA LEE","a":"21  SELBY CT","d":"FAIRBORN CITY SCHOOL DISTRICT","t":3815.33,"l":"510: Res-Single Family","c":0}},{"type":"Feature","geometry":{"type":"Polygon","coordinates":[[[-84.00994,39.81797],[-84.009941,39.817696],[-84.010059,39.817624],[-84.010176,39.817946],[-84.00994,39.81797]]]},"properties":{"p":"A02-0001-0022-0-0059-00","o":"FULTZ LINDA L","a":"436  KIRKWOOD DR","d":"FAIRBORN CITY SCHOOL DISTRICT","t":1660.53,"l":"510: Res-Single Family","c":0}},{"type":"Feature","geometry":{"type":"Polygon","coordinates":[[[-84.014861,39.821298],[-84.014977,39.821194],[-84.01517,39.821324],[-84.015055,39.821428],[-84.014861,39.821298]]]},"properties":{"p":"A02-0001-0020-0-0169-00","o":"EARHART BROTHERS LEASING LLC","a":"0 E DAYTON DR","d":"FAIRBORN CITY SCHOOL DISTRICT","t":182.79,"l":"400: Com-Vacant Land","c":0}},{"type":"Feature","geometry":{"type":"Polygon","coordinates":[[[-84.015055,39.821428],[-84.01517,39.821324],[-84.015517,39.821557],[-84.015401,39.821659],[-84.015055,39.821428]]]},"properties":{"p":"A02-0001-0020-0-0147-00","o":"EARHART BROTHERS LEASING LLC","a":"314 E DAYTON DR","d":"FAIRBORN CITY SCHOOL DISTRICT","t":332.31,"l":"400: Com-Vacant Land","c":0}},{"type":"Feature","geometry":{"type":"Polygon","coordinates":[[[-84.015111,39.825187],[-84.015111,39.82505],[-84.015621,39.825041],[-84.015403,39.825193],[-84.015111,39.825187]]]},"properties":{"p":"A02-0001-0019-0-0116-00","o":"ALLEN CYNTHIA M & GREGORY S","a":"327  ROYAL ST","d":"FAIRBORN CITY SCHOOL DISTRICT","t":2050.36,"l":"510: Res-Single Family","c":0}},{"type":"Feature","geometry":{"type":"Polygon","coordinates":[[[-84.015232,39.829826],[-84.015234,39.829806],[-84.015678,39.829832],[-84.015677,39.829851],[-84.015232,39.829826]]]},"properties":{"p":"A02-0001-0018-0-0074-00","o":"BEVAN ROBERT ARTHUR S. & SHAYZHEN ALLEN","a":"0  JUNE DR","d":"FAIRBORN CITY SCHOOL DISTRICT","t":35.25,"l":"500: Res-Vacant Land","c":0}},{"type":"Feature","geometry":{"type":"Polygon","coordinates":[[[-84.008158,39.830235],[-84.008188,39.829934],[-84.008472,39.829951],[-84.008442,39.830253],[-84.008158,39.830235]]]},"properties":{"p":"A02-0001-0016-0-0198-00","o":"GREEN GEORGE S","a":"578  WAYNE DR","d":"FAIRBORN CITY SCHOOL DISTRICT","t":4696.46,"l":"510: Res-Single Family","c":0}},{"type":"Feature","geometry":{"type":"Polygon","coordinates":[[[-84.011258,39.839149],[-84.011287,39.838879],[-84.011791,39.838911],[-84.011772,39.839108],[-84.011801,39.839207],[-84.01123,39.83941],[-84.011258,39.839149]]]},"properties":{"p":"A02-0001-0013-0-0045-00","o":"ELLIOTT LEAH B","a":"1374  SUNSET DR","d":"FAIRBORN CITY SCHOOL DISTRICT","t":3184.87,"l":"510: Res-Single Family","c":0}},{"type":"Feature","geometry":{"type":"Polygon","coordinates":[[[-84.014041,39.840735],[-84.014109,39.840128],[-84.014518,39.840163],[-84.014446,39.840776],[-84.014041,39.840735]]]},"properties":{"p":"A02-0001-0013-0-0029-00","o":"AMMONS RICHARD W","a":"248  SANDHILL RD","d":"FAIRBORN CITY SCHOOL DISTRICT","t":56758.57,"l":"500: Res-Vacant Land","c":0}},{"type":"Feature","geometry":{"type":"Polygon","coordinates":[[[-84.016947,39.83718],[-84.016988,39.836808],[-84.01744,39.836979],[-84.017421,39.837092],[-84.01731,39.837115],[-84.017268,39.837159],[-84.017257,39.837195],[-84.016947,39.83718]]]},"properties":{"p":"A02-0001-0012-0-0025-00","o":"CUSTER MICHAEL D","a":"1222  OAKHILL AVE","d":"FAIRBORN CITY SCHOOL DISTRICT","t":3039.63,"l":"510: Res-Single Family","c":0}},{"type":"Feature","geometry":{"type":"Polygon","coordinates":[[[-84.022002,39.819614],[-84.02202,39.819423],[-84.022552,39.819458],[-84.022534,39.81965],[-84.022002,39.819614]]]},"properties":{"p":"A02-0001-0008-0-0095-00","o":"BUTTS TIMOTHY","a":"25 W DAYTON DR","d":"FAIRBORN CITY SCHOOL DISTRICT","t":3475.56,"l":"454: Com-Auto Sales","c":0}},{"type":"Feature","geometry":{"type":"Polygon","coordinates":[[[-84.021603,39.817419],[-84.021619,39.817254],[-84.02208,39.817285],[-84.022065,39.817449],[-84.021603,39.817419]]]},"properties":{"p":"A02-0001-0007-0-0119-00","o":"CARROLL C J","a":"301 S CENTRAL AVE","d":"FAIRBORN CITY SCHOOL DISTRICT","t":1475.26,"l":"510: Res-Single Family","c":0}},{"type":"Feature","geometry":{"type":"Polygon","coordinates":[[[-84.022454,39.817104],[-84.022489,39.816734],[-84.022667,39.816746],[-84.022632,39.817115],[-84.022454,39.817104]]]},"properties":{"p":"A02-0001-0007-0-0116-00","o":"CITY OF FAIRBORN OHIO","a":"27  SOUTH ST","d":"FAIRBORN CITY SCHOOL DISTRICT","t":140.7,"l":"500: Res-Vacant Land","c":0}},{"type":"Feature","geometry":{"type":"Polygon","coordinates":[[[-84.020733,39.811726],[-84.020764,39.811414],[-84.021193,39.811591],[-84.021177,39.811753],[-84.020733,39.811726]]]},"properties":{"p":"A02-0001-0006-0-0108-00","o":"BRADFORD KIM M TRUSTEE","a":"860  WASHINGTON AVE","d":"FAIRBORN CITY SCHOOL DISTRICT","t":1295.07,"l":"510: Res-Single Family","c":0}},{"type":"Feature","geometry":{"type":"Polygon","coordinates":[[[-84.024043,39.807907],[-84.024071,39.807631],[-84.024133,39.807635],[-84.024106,39.80791],[-84.024043,39.807907]]]},"properties":{"p":"A02-0001-0005-0-0301-00","o":"ENRIQUEZ INVESTMENTS LLC","a":"0 W ROBBINS AVE","d":"FAIRBORN CITY SCHOOL DISTRICT","t":76.28,"l":"500: Res-Vacant Land","c":0}},{"type":"Feature","geometry":{"type":"Polygon","coordinates":[[[-84.024349,39.808614],[-84.024377,39.808341],[-84.024501,39.808348],[-84.024474,39.808622],[-84.024349,39.808614]]]},"properties":{"p":"A02-0001-0005-0-0252-00","o":"CONLEY CURTIS F ETAL","a":"116 W MCLAUGHLIN AVE","d":"FAIRBORN CITY SCHOOL DISTRICT","t":473.71,"l":"510: Res-Single Family","c":0}},{"type":"Feature","geometry":{"type":"Polygon","coordinates":[[[-84.023079,39.809628],[-84.023093,39.809491],[-84.023536,39.809517],[-84.023522,39.809654],[-84.023079,39.809628]]]},"properties":{"p":"A02-0001-0005-0-0152-00","o":"EARLS KIMBERLY & SCOTT E MILBY","a":"1038  VICTORIA AVE","d":"FAIRBORN CITY SCHOOL DISTRICT","t":2657.17,"l":"510: Res-Single Family","c":0}},{"type":"Feature","geometry":{"type":"Polygon","coordinates":[[[-84.023038,39.810038],[-84.023051,39.809901],[-84.023495,39.809928],[-84.023481,39.810064],[-84.023038,39.810038]]]},"properties":{"p":"A02-0001-0005-0-0149-00","o":"CAUDILL GREGORY A","a":"1022  VICTORIA AVE","d":"FAIRBORN CITY SCHOOL DISTRICT","t":841.09,"l":"500: Res-Vacant Land","c":0}},{"type":"Feature","geometry":{"type":"Polygon","coordinates":[[[-84.023024,39.810175],[-84.023038,39.810038],[-84.023481,39.810064],[-84.023467,39.810201],[-84.023024,39.810175]]]},"properties":{"p":"A02-0001-0005-0-0148-00","o":"CAUDILL GREGORY A","a":"1022  VICTORIA AVE","d":"FAIRBORN CITY SCHOOL DISTRICT","t":1865.15,"l":"510: Res-Single Family","c":0}},{"type":"Feature","geometry":{"type":"Polygon","coordinates":[[[-84.024779,39.809591],[-84.024792,39.809454],[-84.025145,39.809475],[-84.025132,39.809607],[-84.024779,39.809591]]]},"properties":{"p":"A02-0001-0005-0-0097-00","o":"BAKER HEIDI J","a":"1041  HARVARD AVE","d":"FAIRBORN CITY SCHOOL DISTRICT","t":413.52,"l":"510: Res-Single Family","c":0}},{"type":"Feature","geometry":{"type":"Polygon","coordinates":[[[-84.028983,39.825942],[-84.029005,39.825716],[-84.029065,39.82572],[-84.029043,39.825946],[-84.028983,39.825942]]]},"properties":{"p":"A02-0001-0003-0-0050-00","o":"CAUSEY TAYLOR M","a":"0  ASH DR","d":"FAIRBORN CITY SCHOOL DISTRICT","t":89.52,"l":"500: Res-Vacant Land","c":0}},{"type":"Feature","geometry":{"type":"Polygon","coordinates":[[[-84.029043,39.825946],[-84.029065,39.82572],[-84.029534,39.825746],[-84.029512,39.825972],[-84.029043,39.825946]]]},"properties":{"p":"A02-0001-0003-0-0049-00","o":"CAUSEY TAYLOR M","a":"210  WEST ST","d":"FAIRBORN CITY SCHOOL DISTRICT","t":13062.08,"l":"520: Res-Two Family","c":0}},{"type":"Feature","geometry":{"type":"Polygon","coordinates":[[[-84.02445,39.823002],[-84.024116,39.822984],[-84.024128,39.822854],[-84.024654,39.822882],[-84.024638,39.823013],[-84.02445,39.823002]]]},"properties":{"p":"A02-0001-0002-0-0269-00","o":"FODAL MARY L","a":"36  MILLER AVE","d":"FAIRBORN CITY SCHOOL DISTRICT","t":248,"l":"510: Res-Single Family","c":0}},{"type":"Feature","geometry":{"type":"Polygon","coordinates":[[[-84.024417,39.82335],[-84.02445,39.823002],[-84.024638,39.823013],[-84.024605,39.823361],[-84.024417,39.82335]]]},"properties":{"p":"A02-0001-0002-0-0266-00","o":"FODAL MARY L","a":"44  MILLER AVE","d":"FAIRBORN CITY SCHOOL DISTRICT","t":2398.45,"l":"510: Res-Single Family","c":0}},{"type":"Feature","geometry":{"type":"Polygon","coordinates":[[[-84.026903,39.824325],[-84.026914,39.82421],[-84.027364,39.824236],[-84.027354,39.824352],[-84.026903,39.824325]]]},"properties":{"p":"A02-0001-0002-0-0029-00","o":"GORBY DAVID W","a":"118 N BROAD ST","d":"FAIRBORN CITY SCHOOL DISTRICT","t":479.99,"l":"455: Com-Garage","c":0}},{"type":"Feature","geometry":{"type":"Polygon","coordinates":[[[-84.028987,39.817633],[-84.028998,39.817538],[-84.029076,39.817544],[-84.028987,39.817633]]]},"properties":{"p":"A02-0001-0001-0-0202-00","o":"FAIRBORN REAL ESTATE INVESTMENTS LLC (OHIO)","a":"0 S BROAD ST","d":"FAIRBORN CITY SCHOOL DISTRICT","t":9.18,"l":"500: Res-Vacant Land","c":0}},{"type":"Feature","geometry":{"type":"Polygon","coordinates":[[[-84.027214,39.817513],[-84.027254,39.817158],[-84.027431,39.817169],[-84.027391,39.817525],[-84.027214,39.817513]]]},"properties":{"p":"A02-0001-0001-0-0137-00","o":"GREATER DAYTON REALTY LLC","a":"507  SOUTH ST","d":"FAIRBORN CITY SCHOOL DISTRICT","t":2770.27,"l":"510: Res-Single Family","c":0}},{"type":"Feature","geometry":{"type":"Polygon","coordinates":[[[-84.02881,39.81762],[-84.02885,39.817263],[-84.029027,39.817275],[-84.028987,39.817633],[-84.02881,39.81762]]]},"properties":{"p":"A02-0001-0001-0-0128-00","o":"FAIRBORN REAL ESTATE INVESTMENTS LLC (OHIO)","a":"543  SOUTH ST","d":"FAIRBORN CITY SCHOOL DISTRICT","t":1109,"l":"510: Res-Single Family","c":0}},{"type":"Feature","geometry":{"type":"Polygon","coordinates":[[[-83.972425,39.801206],[-83.972312,39.801199],[-83.972345,39.800848],[-83.972646,39.800868],[-83.972613,39.801217],[-83.972425,39.801206]]]},"properties":{"p":"A01-0002-0025-0-0004-00","o":"EC AND B1 PROPERTIES LLC","a":"1247  FOLK RD","d":"FAIRBORN CITY SCHOOL DISTRICT","t":224.72,"l":"510: Res-Single Family","c":0}},{"type":"Feature","geometry":{"type":"Polygon","coordinates":[[[-83.972613,39.801217],[-83.972641,39.800922],[-83.972992,39.800944],[-83.972965,39.801237],[-83.972613,39.801217]]]},"properties":{"p":"A01-0002-0025-0-0003-00","o":"COX EMMETT HAMILTON III","a":"1257  FOLK RD","d":"FAIRBORN CITY SCHOOL DISTRICT","t":611.48,"l":"510: Res-Single Family","c":0}},{"type":"Feature","geometry":{"type":"Polygon","coordinates":[[[-83.982086,39.785229],[-83.98226,39.7852],[-83.982404,39.785723],[-83.98223,39.785751],[-83.982086,39.785229]]]},"properties":{"p":"A01-0002-0024-0-0011-00","o":"GREEN JOSEPH","a":"1479  DAYTON YELLOW SPRINGS RD","d":"FAIRBORN CITY SCHOOL DISTRICT","t":596.13,"l":"510: Res-Single Family","c":0}},{"type":"Feature","geometry":{"type":"Polygon","coordinates":[[[-83.982469,39.785166],[-83.982643,39.785137],[-83.982787,39.785659],[-83.982613,39.785688],[-83.982469,39.785166]]]},"properties":{"p":"A01-0002-0024-0-0009-00","o":"GREEN JOSEPH","a":"1491  DAYTON YELLOW SPRINGS RD","d":"FAIRBORN CITY SCHOOL DISTRICT","t":2550.99,"l":"510: Res-Single Family","c":0}},{"type":"Feature","geometry":{"type":"Polygon","coordinates":[[[-83.980283,39.820445],[-83.98031,39.820172],[-83.981101,39.820218],[-83.981074,39.820491],[-83.980283,39.820445]]]},"properties":{"p":"A01-0002-0020-0-0021-00","o":"HAMILTON LISA ANN","a":"4633  BYRON RD","d":"FAIRBORN CITY SCHOOL DISTRICT","t":543.29,"l":"510: Res-Single Family","c":0}},{"type":"Feature","geometry":{"type":"Polygon","coordinates":[[[-84.034737,39.789911],[-84.034761,39.789706],[-84.035289,39.789744],[-84.035222,39.789946],[-84.034737,39.789911]]]},"properties":{"p":"A01-0001-0013-0-0675-00","o":"BOYLE DAVID & JENNIFER","a":"0  HAMILTON DR","d":"FAIRBORN CITY SCHOOL DISTRICT","t":1097.42,"l":"500: Res-Vacant Land","c":0}},{"type":"Feature","geometry":{"type":"Polygon","coordinates":[[[-84.034358,39.78257],[-84.034811,39.782502],[-84.034835,39.782523],[-84.03489,39.782688],[-84.034968,39.78284],[-84.034361,39.783072],[-84.034358,39.78257]]]},"properties":{"p":"A01-0001-0013-0-0071-00","o":"HARVEY KARL P","a":"3214  RAVENWOOD RD","d":"FAIRBORN CITY SCHOOL DISTRICT","t":418.3,"l":"510: Res-Single Family","c":0}},{"type":"Feature","geometry":{"type":"Polygon","coordinates":[[[-84.06526,39.834278],[-84.065317,39.83373],[-84.065672,39.833755],[-84.065614,39.834302],[-84.06526,39.834278]]]},"properties":{"p":"A01-0001-0003-0-0042-00","o":"ENGLE MARY BETH","a":"3760  SKYROS DR","d":"FAIRBORN CITY SCHOOL DISTRICT","t":5534.43,"l":"510: Res-Single Family","c":0}},{"type":"Feature","geometry":{"type":"Polygon","coordinates":[[[-84.058813,39.831715],[-84.059155,39.831348],[-84.060917,39.831551],[-84.060874,39.831861],[-84.058813,39.831715]]]},"properties":{"p":"A01-0001-0003-0-0009-00","o":"ADCOX JERRY D & JERRY ADCOX","a":"4836  UPPER VALLEY PIKE","d":"FAIRBORN CITY SCHOOL DISTRICT","t":6047.51,"l":"511: Res-Custom Code","c":0}},{"type":"Feature","geometry":{"type":"Polygon","coordinates":[[[-84.085946,39.834998],[-84.08757,39.833576],[-84.087994,39.833863],[-84.086375,39.835281],[-84.085946,39.834998]]]},"properties":{"p":"A01-0001-0001-0-0065-00","o":"GRAHAM PAUL W & AMIE ELAM","a":"4903  BATH RD","d":"FAIRBORN CITY SCHOOL DISTRICT","t":5456.47,"l":"511: Res-Custom Code","c":0}},{"type":"Feature","geometry":{"type":"Polygon","coordinates":[[[-84.03803,39.780557],[-84.038065,39.780207],[-84.038299,39.780221],[-84.038264,39.780571],[-84.03803,39.780557]]]},"properties":{"p":"A02-0002-0054-0-0020-00","o":"FOSTER BRENT & AMANDA","a":"420  BISHEA CT","d":"FAIRBORN CITY SCHOOL DISTRICT","t":22041.42,"l":"510: Res-Single Family","c":0}},{"type":"Feature","geometry":{"type":"Polygon","coordinates":[[[-83.991257,39.777723],[-83.991231,39.777711],[-83.99135,39.777271],[-83.991588,39.777167],[-83.9918,39.777301],[-83.991353,39.777724],[-83.991311,39.777737],[-83.991257,39.777723]]]},"properties":{"p":"A02-0002-0036-0-0125-00","o":"BROOKSTONE HOMEOWNERS ASSOCIATION","a":"0  BROOKSTONE DR","d":"FAIRBORN CITY SCHOOL DISTRICT","t":27202.6,"l":"501: Res-Custom Code","c":0}},{"type":"Feature","geometry":{"type":"Polygon","coordinates":[[[-84.016389,39.783914],[-84.016397,39.783847],[-84.016468,39.783852],[-84.01646,39.783919],[-84.016389,39.783914]]]},"properties":{"p":"A02-0002-0027-1-0014-00","o":"COLLINS SHERRY F","a":"2117  CHAPEL DR","d":"FAIRBORN CITY SCHOOL DISTRICT","t":5251.16,"l":"550: Res-Condo","c":0}},{"type":"Feature","geometry":{"type":"Polygon","coordinates":[[[-84.009093,39.782603],[-84.0091,39.782537],[-84.009281,39.782548],[-84.009277,39.782583],[-84.009235,39.78258],[-84.009248,39.782593],[-84.009232,39.782611],[-84.009093,39.782603]]]},"properties":{"p":"A02-0002-0026-1-0060-00","o":"BRADFORD KIM M TRUSTEE","a":"669  HIDDEN VALLEY CT","d":"FAIRBORN CITY SCHOOL DISTRICT","t":1254.5,"l":"550: Res-Condo","c":0}},{"type":"Feature","geometry":{"type":"Polygon","coordinates":[[[-84.019814,39.79886],[-84.019858,39.798497],[-84.020092,39.798514],[-84.020051,39.798877],[-84.019814,39.79886]]]},"properties":{"p":"A02-0002-0021-0-0003-00","o":"GROZDITS GREGORY G","a":"215  BELLAIRE DR","d":"FAIRBORN CITY SCHOOL DISTRICT","t":2841,"l":"510: Res-Single Family","c":0}},{"type":"Feature","geometry":{"type":"Polygon","coordinates":[[[-84.032275,39.798473],[-84.032288,39.798336],[-84.032748,39.798363],[-84.032734,39.7985],[-84.032275,39.798473]]]},"properties":{"p":"A02-0002-0017-0-0006-00","o":"FOSTER JACK K","a":"1432  WILEY ST","d":"FAIRBORN CITY SCHOOL DISTRICT","t":2869.27,"l":"510: Res-Single Family","c":0}},{"type":"Feature","geometry":{"type":"Polygon","coordinates":[[[-84.012257,39.794407],[-84.01248,39.794421],[-84.012735,39.794402],[-84.012812,39.794546],[-84.012228,39.794675],[-84.012257,39.794407]]]},"properties":{"p":"A02-0002-0022-0-0173-00","o":"POWLETTE SUSAN E","a":"1575  SOUTHLAWN DR","d":"FAIRBORN CITY SCHOOL DISTRICT","t":1702.95,"l":"510: Res-Single Family","c":0}},{"type":"Feature","geometry":{"type":"Polygon","coordinates":[[[-84.018153,39.79708],[-84.018077,39.797078],[-84.018099,39.79671],[-84.018364,39.79672],[-84.018343,39.797087],[-84.018153,39.79708]]]},"properties":{"p":"A02-0002-0022-0-0058-00","o":"PENNEWITT DANIEL G & BRENDA S","a":"267  BOWMAN DR","d":"FAIRBORN CITY SCHOOL DISTRICT","t":2573.87,"l":"510: Res-Single Family","c":0}},{"type":"Feature","geometry":{"type":"Polygon","coordinates":[[[-84.034348,39.793821],[-84.034374,39.793555],[-84.034053,39.79353],[-84.03413,39.792868],[-84.03481,39.792909],[-84.034705,39.79384],[-84.034348,39.793821]]]},"properties":{"p":"A02-0002-0018-0-0002-00","o":"LEWIS HENRY H & LONA ZUE FAULKNER","a":"1754  LOWELL DR","d":"FAIRBORN CITY SCHOOL DISTRICT","t":53155.18,"l":"510: Res-Single Family","c":0}},{"type":"Feature","geometry":{"type":"Polygon","coordinates":[[[-84.044553,39.792838],[-84.044478,39.79248],[-84.044773,39.792493],[-84.044746,39.792849],[-84.044553,39.792838]]]},"properties":{"p":"A02-0002-0016-0-0494-00","o":"OHIO TACO SHOPS","a":"1864  COL GLENN HWY","d":"FAIRBORN CITY SCHOOL DISTRICT","t":358.24,"l":"430: Com-Retaurant","c":0}},{"type":"Feature","geometry":{"type":"Polygon","coordinates":[[[-84.042467,39.792495],[-84.042482,39.792359],[-84.042925,39.792387],[-84.042911,39.792523],[-84.042467,39.792495]]]},"properties":{"p":"A02-0002-0016-0-0423-00","o":"PROFITT ROBERT","a":"1863  RICE BLVD","d":"FAIRBORN CITY SCHOOL DISTRICT","t":87.62,"l":"510: Res-Single Family","c":0}},{"type":"Feature","geometry":{"type":"Polygon","coordinates":[[[-84.040324,39.792482],[-84.040339,39.792345],[-84.040782,39.792373],[-84.040768,39.79251],[-84.040324,39.792482]]]},"properties":{"p":"A02-0002-0016-0-0380-00","o":"HOWARD KERRY & JULIE ANN","a":"1857  MONTGOMERY AVE","d":"FAIRBORN CITY SCHOOL DISTRICT","t":1364.18,"l":"510: Res-Single Family","c":0}},{"type":"Feature","geometry":{"type":"Polygon","coordinates":[[[-84.036515,39.792182],[-84.036523,39.792114],[-84.036966,39.792144],[-84.036959,39.792213],[-84.036515,39.792182]]]},"properties":{"p":"A02-0002-0016-0-0321-00","o":"HITCH LLC","a":"1856  MIAMI AVE","d":"FAIRBORN CITY SCHOOL DISTRICT","t":1773.98,"l":"510: Res-Single Family","c":0}},{"type":"Feature","geometry":{"type":"Polygon","coordinates":[[[-84.036508,39.792251],[-84.036515,39.792182],[-84.036959,39.792213],[-84.036951,39.792281],[-84.036508,39.792251]]]},"properties":{"p":"A02-0002-0016-0-0320-00","o":"HITCH LLC","a":"0  MIAMI AVE","d":"FAIRBORN CITY SCHOOL DISTRICT","t":262.59,"l":"500: Res-Vacant Land","c":0}},{"type":"Feature","geometry":{"type":"Polygon","coordinates":[[[-84.039687,39.792583],[-84.039694,39.792515],[-84.040138,39.792545],[-84.04013,39.792613],[-84.039687,39.792583]]]},"properties":{"p":"A02-0002-0016-0-0249-00","o":"ROBINSON RICKY LEE","a":"1852  MONTGOMERY AVE","d":"FAIRBORN CITY SCHOOL DISTRICT","t":2.19,"l":"500: Res-Vacant Land","c":0}},{"type":"Feature","geometry":{"type":"Polygon","coordinates":[[[-84.039694,39.792515],[-84.039702,39.792446],[-84.040145,39.792476],[-84.040138,39.792545],[-84.039694,39.792515]]]},"properties":{"p":"A02-0002-0016-0-0248-00","o":"ROBINSON RICKY LEE","a":"1852  MONTGOMERY AVE","d":"FAIRBORN CITY SCHOOL DISTRICT","t":8.23,"l":"510: Res-Single Family","c":0}},{"type":"Feature","geometry":{"type":"Polygon","coordinates":[[[-84.041729,39.791115],[-84.041767,39.790774],[-84.041856,39.79078],[-84.041818,39.791122],[-84.041729,39.791115]]]},"properties":{"p":"A02-0002-0016-0-0035-00","o":"KEATON WILLIAM RUSSELL","a":"606 W FUNDERBURG RD","d":"FAIRBORN CITY SCHOOL DISTRICT","t":429.78,"l":"510: Res-Single Family","c":0}},{"type":"Feature","geometry":{"type":"Polygon","coordinates":[[[-84.041997,39.791132],[-84.042034,39.79079],[-84.042122,39.790796],[-84.042086,39.791138],[-84.041997,39.791132]]]},"properties":{"p":"A02-0002-0016-0-0022-00","o":"HODGE GARY E","a":"616 W FUNDERBURG RD","d":"FAIRBORN CITY SCHOOL DISTRICT","t":211.63,"l":"500: Res-Vacant Land","c":0}},{"type":"Feature","geometry":{"type":"Polygon","coordinates":[[[-84.042086,39.791138],[-84.042122,39.790796],[-84.042211,39.790802],[-84.042174,39.791144],[-84.042086,39.791138]]]},"properties":{"p":"A02-0002-0016-0-0021-00","o":"HODGE GARY E","a":"616 W FUNDERBURG RD","d":"FAIRBORN CITY SCHOOL DISTRICT","t":4799.64,"l":"510: Res-Single Family","c":0}},{"type":"Feature","geometry":{"type":"Polygon","coordinates":[[[-84.043805,39.794238],[-84.043819,39.794101],[-84.044467,39.794144],[-84.044277,39.79427],[-84.043805,39.794238]]]},"properties":{"p":"A02-0002-0015-0-0760-00","o":"ROLYAT PROPERTIES LLC","a":"1880  KAUFFMAN AVE","d":"FAIRBORN CITY SCHOOL DISTRICT","t":3714.17,"l":"455: Com-Garage","c":0}},{"type":"Feature","geometry":{"type":"Polygon","coordinates":[[[-84.040468,39.795393],[-84.040483,39.795256],[-84.040926,39.795284],[-84.040912,39.795421],[-84.040468,39.795393]]]},"properties":{"p":"A02-0002-0015-0-0636-00","o":"TERRY JIM & CONNIE","a":"1714  NORTH BLVD","d":"FAIRBORN CITY SCHOOL DISTRICT","t":636.39,"l":"500: Res-Vacant Land","c":0}},{"type":"Feature","geometry":{"type":"Polygon","coordinates":[[[-84.036363,39.79375],[-84.03637,39.793682],[-84.036813,39.793712],[-84.036806,39.79378],[-84.036363,39.79375]]]},"properties":{"p":"A02-0002-0015-0-0536-00","o":"PUCKETT HENRY D ETAL","a":"1806  MIAMI AVE","d":"FAIRBORN CITY SCHOOL DISTRICT","t":1958.79,"l":"510: Res-Single Family","c":0}},{"type":"Feature","geometry":{"type":"Polygon","coordinates":[[[-84.035761,39.795161],[-84.035769,39.795092],[-84.036212,39.795122],[-84.036204,39.795191],[-84.035761,39.795161]]]},"properties":{"p":"A02-0002-0015-0-0457-00","o":"JAMISON MARK A","a":"1709  SUPERIOR AVE","d":"FAIRBORN CITY SCHOOL DISTRICT","t":1614.67,"l":"510: Res-Single Family","c":0}},{"type":"Feature","geometry":{"type":"Polygon","coordinates":[[[-84.035754,39.795229],[-84.035761,39.795161],[-84.036204,39.795191],[-84.036197,39.795259],[-84.035754,39.795229]]]},"properties":{"p":"A02-0002-0015-0-0456-00","o":"JAMISON MARK A","a":"0  SUPERIOR AVE","d":"FAIRBORN CITY SCHOOL DISTRICT","t":153.78,"l":"500: Res-Vacant Land","c":0}},{"type":"Feature","geometry":{"type":"Polygon","coordinates":[[[-84.035747,39.795297],[-84.035754,39.795229],[-84.036197,39.795259],[-84.03619,39.795328],[-84.035747,39.795297]]]},"properties":{"p":"A02-0002-0015-0-0455-00","o":"JAMISON MARK A","a":"0  SUPERIOR AVE","d":"FAIRBORN CITY SCHOOL DISTRICT","t":150.15,"l":"500: Res-Vacant Land","c":0}},{"type":"Feature","geometry":{"type":"Polygon","coordinates":[[[-84.03574,39.795366],[-84.035747,39.795297],[-84.03619,39.795328],[-84.036183,39.795396],[-84.03574,39.795366]]]},"properties":{"p":"A02-0002-0015-0-0454-00","o":"JAMISON MARK A","a":"1701  SUPERIOR AVE","d":"FAIRBORN CITY SCHOOL DISTRICT","t":2401.46,"l":"510: Res-Single Family","c":0}},{"type":"Feature","geometry":{"type":"Polygon","coordinates":[[[-84.038169,39.79696],[-84.038176,39.796892],[-84.038619,39.796922],[-84.038612,39.79699],[-84.038169,39.79696]]]},"properties":{"p":"A02-0002-0015-0-0220-00","o":"TASSY AMANDA","a":"474  AVIATION ST","d":"FAIRBORN CITY SCHOOL DISTRICT","t":129.59,"l":"500: Res-Vacant Land","c":0}},{"type":"Feature","geometry":{"type":"Polygon","coordinates":[[[-84.038899,39.795901],[-84.038906,39.795833],[-84.039349,39.795863],[-84.039342,39.795931],[-84.038899,39.795901]]]},"properties":{"p":"A02-0002-0015-0-0199-00","o":"J & H SALES INCORPORATED","a":"1649  WILBUR AVE","d":"FAIRBORN CITY SCHOOL DISTRICT","t":1310.07,"l":"500: Res-Vacant Land","c":0}},{"type":"Feature","geometry":{"type":"Polygon","coordinates":[[[-84.038892,39.79597],[-84.038899,39.795901],[-84.039342,39.795931],[-84.039335,39.796],[-84.038892,39.79597]]]},"properties":{"p":"A02-0002-0015-0-0198-00","o":"J & H SALES INCORPORATED","a":"1649  WILBUR AVE","d":"FAIRBORN CITY SCHOOL DISTRICT","t":5116.98,"l":"510: Res-Single Family","c":0}},{"type":"Feature","geometry":{"type":"Polygon","coordinates":[[[-84.03925,39.796821],[-84.039257,39.796752],[-84.0397,39.796782],[-84.039693,39.79685],[-84.03925,39.796821]]]},"properties":{"p":"A02-0002-0015-0-0177-00","o":"KYNARD CASSANDRA","a":"1620  MONTGOMERY AVE","d":"FAIRBORN CITY SCHOOL DISTRICT","t":624,"l":"500: Res-Vacant Land","c":0}},{"type":"Feature","geometry":{"type":"Polygon","coordinates":[[[-84.039264,39.796684],[-84.039271,39.796615],[-84.039714,39.796645],[-84.039707,39.796713],[-84.039264,39.796684]]]},"properties":{"p":"A02-0002-0015-0-0175-00","o":"STEVENS BETTY & CHRISTINA J BRYANT","a":"0  MONTGOMERY AVE","d":"FAIRBORN CITY SCHOOL DISTRICT","t":126.51,"l":"500: Res-Vacant Land","c":0}},{"type":"Feature","geometry":{"type":"Polygon","coordinates":[[[-84.039271,39.796615],[-84.039278,39.796547],[-84.039721,39.796577],[-84.039714,39.796645],[-84.039271,39.796615]]]},"properties":{"p":"A02-0002-0015-0-0174-00","o":"STEVENS BETTY & CHRISTINA J BRYANT","a":"1626  MONTGOMERY AVE","d":"FAIRBORN CITY SCHOOL DISTRICT","t":387.9,"l":"510: Res-Single Family","c":0}},{"type":"Feature","geometry":{"type":"Polygon","coordinates":[[[-84.039182,39.793239],[-84.03919,39.793171],[-84.039633,39.793201],[-84.039626,39.79327],[-84.039182,39.793239]]]},"properties":{"p":"A02-0002-0015-0-0033-00","o":"TAYLOR EMMA A","a":"0  WILBUR AVE","d":"FAIRBORN CITY SCHOOL DISTRICT","t":2830.87,"l":"500: Res-Vacant Land","c":0}},{"type":"Feature","geometry":{"type":"Polygon","coordinates":[[[-84.039175,39.793308],[-84.039182,39.793239],[-84.039626,39.79327],[-84.039618,39.793338],[-84.039175,39.793308]]]},"properties":{"p":"A02-0002-0015-0-0032-00","o":"TAYLOR EMMA A","a":"0  WILBUR AVE","d":"FAIRBORN CITY SCHOOL DISTRICT","t":2249.59,"l":"500: Res-Vacant Land","c":0}},{"type":"Feature","geometry":{"type":"Polygon","coordinates":[[[-84.039168,39.793376],[-84.039175,39.793308],[-84.039618,39.793338],[-84.039611,39.793406],[-84.039168,39.793376]]]},"properties":{"p":"A02-0002-0015-0-0031-00","o":"TAYLOR EMMA A","a":"0  WILBUR AVE","d":"FAIRBORN CITY SCHOOL DISTRICT","t":2249.59,"l":"500: Res-Vacant Land","c":0}},{"type":"Feature","geometry":{"type":"Polygon","coordinates":[[[-84.039146,39.793581],[-84.039154,39.793513],[-84.039597,39.793543],[-84.039589,39.793612],[-84.039146,39.793581]]]},"properties":{"p":"A02-0002-0015-0-0028-00","o":"REID ALEXIS & PATRICK BEYER","a":"0  WILBUR AVE","d":"FAIRBORN CITY SCHOOL DISTRICT","t":414.7,"l":"500: Res-Vacant Land","c":0}},{"type":"Feature","geometry":{"type":"Polygon","coordinates":[[[-84.039139,39.79365],[-84.039146,39.793581],[-84.039589,39.793612],[-84.039582,39.79368],[-84.039139,39.79365]]]},"properties":{"p":"A02-0002-0015-0-0027-00","o":"REID ALEXIS & PATRICK BEYER","a":"1815  WILBUR AVE","d":"FAIRBORN CITY SCHOOL DISTRICT","t":3069.48,"l":"510: Res-Single Family","c":0}},{"type":"Feature","geometry":{"type":"Polygon","coordinates":[[[-84.029895,39.80058],[-84.029932,39.800238],[-84.030187,39.800255],[-84.030149,39.800597],[-84.029895,39.80058]]]},"properties":{"p":"A02-0002-0014-0-0461-00","o":"ROGERS BRIAN","a":"202  MADISON ST","d":"FAIRBORN CITY SCHOOL DISTRICT","t":20350.33,"l":"510: Res-Single Family","c":0}},{"type":"Feature","geometry":{"type":"Polygon","coordinates":[[[-84.029223,39.800194],[-84.029261,39.799852],[-84.029438,39.799864],[-84.029401,39.800206],[-84.029223,39.800194]]]},"properties":{"p":"A02-0002-0014-0-0420-00","o":"STEVENSON RICHARD A & JULIE","a":"0  VINE ST","d":"FAIRBORN CITY SCHOOL DISTRICT","t":901.66,"l":"500: Res-Vacant Land","c":0}},{"type":"Feature","geometry":{"type":"Polygon","coordinates":[[[-84.029401,39.800206],[-84.029438,39.799864],[-84.029616,39.799876],[-84.029578,39.800218],[-84.029401,39.800206]]]},"properties":{"p":"A02-0002-0014-0-0419-00","o":"STEVENSON RICHARD A & JULIE","a":"187  VINE ST","d":"FAIRBORN CITY SCHOOL DISTRICT","t":7031.06,"l":"510: Res-Single Family","c":0}},{"type":"Feature","geometry":{"type":"Polygon","coordinates":[[[-84.030238,39.799786],[-84.030276,39.799444],[-84.030453,39.799455],[-84.030416,39.799797],[-84.030238,39.799786]]]},"properties":{"p":"A02-0002-0014-0-0353-00","o":"TERRY PAUL E","a":"0  VINE ST","d":"FAIRBORN CITY SCHOOL DISTRICT","t":683.55,"l":"599: Res-Other","c":0}},{"type":"Feature","geometry":{"type":"Polygon","coordinates":[[[-84.030416,39.799797],[-84.030453,39.799455],[-84.030631,39.799467],[-84.030593,39.799809],[-84.030416,39.799797]]]},"properties":{"p":"A02-0002-0014-0-0352-00","o":"TERRY PAUL E","a":"214  VINE ST","d":"FAIRBORN CITY SCHOOL DISTRICT","t":2003.84,"l":"510: Res-Single Family","c":0}},{"type":"Feature","geometry":{"type":"Polygon","coordinates":[[[-84.032723,39.800422],[-84.032762,39.80008],[-84.032939,39.800092],[-84.0329,39.800434],[-84.032723,39.800422]]]},"properties":{"p":"A02-0002-0014-0-0313-00","o":"MOYER BRENDA L","a":"0  VINE ST","d":"FAIRBORN CITY SCHOOL DISTRICT","t":2713.15,"l":"500: Res-Vacant Land","c":0}},{"type":"Feature","geometry":{"type":"Polygon","coordinates":[[[-84.033874,39.799686],[-84.033912,39.799344],[-84.034089,39.799355],[-84.034051,39.799697],[-84.033874,39.799686]]]},"properties":{"p":"A02-0002-0014-0-0279-00","o":"KEATON WILLIAM RUSSELL","a":"337  FOREST ST","d":"FAIRBORN CITY SCHOOL DISTRICT","t":1618.12,"l":"510: Res-Single Family","c":0}},{"type":"Feature","geometry":{"type":"Polygon","coordinates":[[[-84.034406,39.79972],[-84.034444,39.799378],[-84.034621,39.79939],[-84.034583,39.799732],[-84.034406,39.79972]]]},"properties":{"p":"A02-0002-0014-0-0276-00","o":"TERRY WILLIAM JR & CARRIE LYNN","a":"355  FOREST ST","d":"FAIRBORN CITY SCHOOL DISTRICT","t":16943.92,"l":"500: Res-Vacant Land","c":0}},{"type":"Feature","geometry":{"type":"Polygon","coordinates":[[[-84.039137,39.797978],[-84.039144,39.79791],[-84.039585,39.797953],[-84.03958,39.798007],[-84.039137,39.797978]]]},"properties":{"p":"A02-0002-0014-0-0016-00","o":"LYKINS BRANDY","a":"1552  MONTGOMERY AVE","d":"FAIRBORN CITY SCHOOL DISTRICT","t":3942.02,"l":"510: Res-Single Family","c":0}},{"type":"Feature","geometry":{"type":"Polygon","coordinates":[[[-84.02776,39.801272],[-84.027789,39.800929],[-84.028062,39.800947],[-84.028025,39.801289],[-84.02776,39.801272]]]},"properties":{"p":"A02-0002-0013-0-0269-00","o":"OWSLEY TERRY F & JULIE A","a":"144  GILBERT AVE","d":"FAIRBORN CITY SCHOOL DISTRICT","t":16014.33,"l":"500: Res-Vacant Land","c":0}},{"type":"Feature","geometry":{"type":"Polygon","coordinates":[[[-84.030345,39.803569],[-84.030383,39.803227],[-84.03056,39.803239],[-84.030522,39.803581],[-84.030345,39.803569]]]},"properties":{"p":"A02-0002-0013-0-0190-00","o":"PERONE RHONDA J","a":"231  BUCKEYE AVE","d":"FAIRBORN CITY SCHOOL DISTRICT","t":25601.82,"l":"520: Res-Two Family","c":0}},{"type":"Feature","geometry":{"type":"Polygon","coordinates":[[[-84.031764,39.803662],[-84.031801,39.80332],[-84.032032,39.803335],[-84.031994,39.803677],[-84.031764,39.803662]]]},"properties":{"p":"A02-0002-0013-0-0182-00","o":"LOWE E JOSEPH MD INC PROFIT","a":"1250  WILEY AVE","d":"FAIRBORN CITY SCHOOL DISTRICT","t":6082.3,"l":"510: Res-Single Family","c":0}},{"type":"Feature","geometry":{"type":"Polygon","coordinates":[[[-84.032268,39.78432],[-84.032334,39.783728],[-84.032547,39.783742],[-84.032481,39.784336],[-84.032268,39.78432]]]},"properties":{"p":"A02-0002-0011-0-0036-00","o":"THE REAL RESOLUTION GROUP LTD","a":"188  BROWN AVE","d":"FAIRBORN CITY SCHOOL DISTRICT","t":1524.18,"l":"510: Res-Single Family","c":0}},{"type":"Feature","geometry":{"type":"Polygon","coordinates":[[[-84.024301,39.786481],[-84.021356,39.786273],[-84.021424,39.785705],[-84.02254,39.785785],[-84.02258,39.785404],[-84.024598,39.785547],[-84.024508,39.786496],[-84.024301,39.786481]]]},"properties":{"p":"A02-0002-0009-0-0334-00","o":"NORTH OF JORDAN LLC, AN OHIO LIMITED LIABILITY COMPANY","a":"2047  BEAVER VALLEY RD","d":"FAIRBORN CITY SCHOOL DISTRICT","t":876.75,"l":"501: Res-Custom Code","c":0}},{"type":"Feature","geometry":{"type":"Polygon","coordinates":[[[-84.025493,39.788667],[-84.025543,39.788292],[-84.025592,39.788274],[-84.025854,39.788293],[-84.025808,39.788689],[-84.025493,39.788667]]]},"properties":{"p":"A02-0002-0009-0-0206-00","o":"TIPTON OMER G ETAL","a":"25  SUNBURST DR","d":"FAIRBORN CITY SCHOOL DISTRICT","t":1117.61,"l":"510: Res-Single Family","c":0}},{"type":"Feature","geometry":{"type":"Polygon","coordinates":[[[-84.026506,39.789137],[-84.026552,39.788741],[-84.026801,39.788758],[-84.026754,39.789154],[-84.026506,39.789137]]]},"properties":{"p":"A02-0002-0009-0-0201-00","o":"MURPHY PATRICK","a":"48  JOYCE DR","d":"FAIRBORN CITY SCHOOL DISTRICT","t":3625.21,"l":"510: Res-Single Family","c":0}},{"type":"Feature","geometry":{"type":"Polygon","coordinates":[[[-84.02321,39.78744],[-84.023241,39.787133],[-84.02346,39.787149],[-84.023429,39.787456],[-84.02321,39.78744]]]},"properties":{"p":"A02-0002-0009-0-0130-00","o":"HOWELL STEVE J","a":"32  WILSON AVE","d":"FAIRBORN CITY SCHOOL DISTRICT","t":895.77,"l":"510: Res-Single Family","c":0}},{"type":"Feature","geometry":{"type":"Polygon","coordinates":[[[-84.023379,39.787893],[-84.023409,39.787587],[-84.023628,39.787602],[-84.023598,39.787909],[-84.023379,39.787893]]]},"properties":{"p":"A02-0002-0009-0-0110-00","o":"TAYLOR SHELBY","a":"25  WILSON AVE","d":"FAIRBORN CITY SCHOOL DISTRICT","t":2615.07,"l":"510: Res-Single Family","c":0}},{"type":"Feature","geometry":{"type":"Polygon","coordinates":[[[-84.022625,39.788588],[-84.022654,39.788281],[-84.022873,39.788297],[-84.022844,39.788603],[-84.022625,39.788588]]]},"properties":{"p":"A02-0002-0009-0-0085-00","o":"JENKINS TERRY W","a":"0  OAKWOOD AVE","d":"FAIRBORN CITY SCHOOL DISTRICT","t":298.27,"l":"500: Res-Vacant Land","c":0}},{"type":"Feature","geometry":{"type":"Polygon","coordinates":[[[-84.023803,39.789851],[-84.023836,39.789504],[-84.024055,39.789519],[-84.024022,39.78987],[-84.023803,39.789851]]]},"properties":{"p":"A02-0002-0009-0-0050-00","o":"NATIONAL JUSTICE LLC","a":"8  FUNDERBURG RD","d":"FAIRBORN CITY SCHOOL DISTRICT","t":4106.16,"l":"499: Com-Other","c":0}},{"type":"Feature","geometry":{"type":"Polygon","coordinates":[[[-84.024455,39.78807],[-84.024475,39.787901],[-84.024901,39.787936],[-84.024881,39.788105],[-84.024455,39.78807]]]},"properties":{"p":"A02-0002-0009-0-0025-00","o":"REID ALEXIS LEANN","a":"1973  CENTRALIA ST","d":"FAIRBORN CITY SCHOOL DISTRICT","t":2222.11,"l":"510: Res-Single Family","c":0}},{"type":"Feature","geometry":{"type":"Polygon","coordinates":[[[-84.024515,39.787563],[-84.024534,39.787394],[-84.02496,39.787423],[-84.024939,39.787598],[-84.024515,39.787563]]]},"properties":{"p":"A02-0002-0009-0-0022-00","o":"PUCKETT STEPHEN W & ANNA M","a":"2001  CENTRALIA ST","d":"FAIRBORN CITY SCHOOL DISTRICT","t":3181.49,"l":"510: Res-Single Family","c":0}},{"type":"Feature","geometry":{"type":"Polygon","coordinates":[[[-84.0237,39.786748],[-84.023734,39.786441],[-84.023945,39.786456],[-84.023912,39.786763],[-84.0237,39.786748]]]},"properties":{"p":"A02-0002-0009-0-0017-00","o":"STATE OF OHIO","a":"18  LAWNDALE AVE","d":"FAIRBORN CITY SCHOOL DISTRICT","t":23764.35,"l":"500: Res-Vacant Land","c":0}},{"type":"Feature","geometry":{"type":"Polygon","coordinates":[[[-84.031163,39.787686],[-84.031176,39.787398],[-84.031759,39.787443],[-84.031327,39.788021],[-84.031243,39.788002],[-84.03113,39.788026],[-84.031163,39.787686]]]},"properties":{"p":"A02-0002-0008-0-0025-00","o":"MEYERS RANDY L & LORRAINE K","a":"220  CASH CT","d":"FAIRBORN CITY SCHOOL DISTRICT","t":3354.94,"l":"510: Res-Single Family","c":0}},{"type":"Feature","geometry":{"type":"Polygon","coordinates":[[[-84.021864,39.794364],[-84.021915,39.793893],[-84.022291,39.793918],[-84.022239,39.794389],[-84.021864,39.794364]]]},"properties":{"p":"A02-0002-0006-0-0018-00","o":"HUNTER JUSTIN C & SHELDRA A","a":"135 E GOODMAN DR","d":"FAIRBORN CITY SCHOOL DISTRICT","t":3925.75,"l":"510: Res-Single Family","c":0}},{"type":"Feature","geometry":{"type":"Polygon","coordinates":[[[-84.025646,39.799404],[-84.0254,39.79939],[-84.025436,39.799034],[-84.025735,39.799051],[-84.025696,39.799407],[-84.025646,39.799404]]]},"properties":{"p":"A02-0002-0005-0-0125-00","o":"LEWIS CHRIS W & REBECCA","a":"45  BLOSSOM CT","d":"FAIRBORN CITY SCHOOL DISTRICT","t":49.39,"l":"510: Res-Single Family","c":0}},{"type":"Feature","geometry":{"type":"Polygon","coordinates":[[[-84.025891,39.796077],[-84.026057,39.795875],[-84.026474,39.796111],[-84.026351,39.796263],[-84.025891,39.796077]]]},"properties":{"p":"A02-0002-0005-0-0109-00","o":"MOORE ERNEST JR","a":"1622  IRONWOOD DR","d":"FAIRBORN CITY SCHOOL DISTRICT","t":1032.39,"l":"510: Res-Single Family","c":0}},{"type":"Feature","geometry":{"type":"Polygon","coordinates":[[[-84.029874,39.796235],[-84.029882,39.796076],[-84.030351,39.796038],[-84.030328,39.796262],[-84.029874,39.796235]]]},"properties":{"p":"A02-0002-0005-0-0092-00","o":"JESSEE KATHRYN M TRUSTEE","a":"247 W ROUTZONG DR","d":"FAIRBORN CITY SCHOOL DISTRICT","t":7278.25,"l":"510: Res-Single Family","c":0}},{"type":"Feature","geometry":{"type":"Polygon","coordinates":[[[-84.025089,39.797401],[-84.02507,39.7974],[-84.025088,39.797217],[-84.025479,39.796891],[-84.025653,39.796998],[-84.025332,39.797416],[-84.025089,39.797401]]]},"properties":{"p":"A02-0002-0005-0-0058-00","o":"MEADOWS VIOLET RUTH & KATHY LYNN MEADOWS HUFF","a":"33 W ROUTZONG DR","d":"FAIRBORN CITY SCHOOL DISTRICT","t":3922,"l":"510: Res-Single Family","c":0}},{"type":"Feature","geometry":{"type":"Polygon","coordinates":[[[-84.026915,39.797505],[-84.026916,39.797155],[-84.027157,39.797169],[-84.027122,39.797517],[-84.026915,39.797505]]]},"properties":{"p":"A02-0002-0005-0-0019-00","o":"TORRES GWENDOLYN","a":"109 W ROUTZONG DR","d":"FAIRBORN CITY SCHOOL DISTRICT","t":4055.08,"l":"510: Res-Single Family","c":0}},{"type":"Feature","geometry":{"type":"Polygon","coordinates":[[[-84.024831,39.800732],[-84.024865,39.800656],[-84.024965,39.800563],[-84.025108,39.800513],[-84.025212,39.800508],[-84.025181,39.800781],[-84.024831,39.800732]]]},"properties":{"p":"A02-0002-0004-0-0061-00","o":"HELFINSTINE EMILY SUZANNE","a":"177  LOCUST DR","d":"FAIRBORN CITY SCHOOL DISTRICT","t":829.9,"l":"510: Res-Single Family","c":0}},{"type":"Feature","geometry":{"type":"Polygon","coordinates":[[[-84.0254,39.803665],[-84.025323,39.803631],[-84.02547,39.803352],[-84.025607,39.803409],[-84.025725,39.803483],[-84.025458,39.80369],[-84.0254,39.803665]]]},"properties":{"p":"A02-0002-0003-0-0033-00","o":"JARDINEZ DAVID FRANCO","a":"203 W GARLAND AVE","d":"FAIRBORN CITY SCHOOL DISTRICT","t":2301.13,"l":"510: Res-Single Family","c":0}},{"type":"Feature","geometry":{"type":"Polygon","coordinates":[[[-84.023849,39.805453],[-84.023943,39.805131],[-84.024054,39.805197],[-84.02414,39.805283],[-84.02422,39.805463],[-84.023876,39.805533],[-84.023849,39.805453]]]},"properties":{"p":"A02-0002-0002-0-0201-00","o":"MURPHY PAUL F","a":"115  EBONY LN","d":"FAIRBORN CITY SCHOOL DISTRICT","t":728.34,"l":"510: Res-Single Family","c":0}},{"type":"Feature","geometry":{"type":"Polygon","coordinates":[[[-84.020831,39.80684],[-84.021315,39.806611],[-84.021329,39.806679],[-84.021039,39.806994],[-84.020923,39.806927],[-84.020831,39.80684]]]},"properties":{"p":"A02-0002-0002-0-0070-00","o":"ROBINSON BETTY JO & ROBERTA JO ROBINSON","a":"122 E DORIS DR","d":"FAIRBORN CITY SCHOOL DISTRICT","t":2366.14,"l":"510: Res-Single Family","c":0}},{"type":"Feature","geometry":{"type":"Polygon","coordinates":[[[-83.996036,39.822346],[-83.99623,39.822288],[-83.996395,39.82261],[-83.996196,39.822669],[-83.996036,39.822346]]]},"properties":{"p":"A02-0001-0053-0-0309-00","o":"LE HUNG HUU","a":"1052  BAYWOOD DR","d":"FAIRBORN CITY SCHOOL DISTRICT","t":12688.71,"l":"510: Res-Single Family","c":0}},{"type":"Feature","geometry":{"type":"Polygon","coordinates":[[[-84.006049,39.829539],[-84.006113,39.828978],[-84.007636,39.827623],[-84.00742,39.829632],[-84.006049,39.829539]]]},"properties":{"p":"A02-0001-0042-0-0011-00","o":"J & L EXCAVATING INVESTMENT LLC","a":"735 E DAYTON DR","d":"FAIRBORN CITY SCHOOL DISTRICT","t":606.51,"l":"499: Com-Other","c":0}},{"type":"Feature","geometry":{"type":"Polygon","coordinates":[[[-84.008718,39.813646],[-84.008736,39.813468],[-84.009215,39.813501],[-84.009194,39.813679],[-84.008718,39.813646]]]},"properties":{"p":"A02-0001-0038-0-0133-00","o":"HENLEY WILLIAM P JR SUCCESSOR TRUSTEE","a":"700  CLEARY DR","d":"FAIRBORN CITY SCHOOL DISTRICT","t":4714.13,"l":"510: Res-Single Family","c":0}},{"type":"Feature","geometry":{"type":"Polygon","coordinates":[[[-83.974769,39.834405],[-83.97477,39.834377],[-83.974685,39.834365],[-83.974687,39.834303],[-83.974981,39.834308],[-83.974978,39.834381],[-83.97486,39.834379],[-83.97486,39.834406],[-83.974769,39.834405]]]},"properties":{"p":"A02-0001-0034-1-0060-00","o":"SPRINGLE CARL E III","a":"1116  CHARLESTON CT","d":"FAIRBORN CITY SCHOOL DISTRICT","t":1551.51,"l":"550: Res-Condo","c":0}},{"type":"Feature","geometry":{"type":"Polygon","coordinates":[[[-83.985256,39.827565],[-83.985967,39.827312],[-83.985674,39.827891],[-83.985563,39.827885],[-83.985469,39.82793],[-83.985256,39.827565]]]},"properties":{"p":"A02-0001-0031-0-0144-00","o":"PUGH ADAM G & JEANINE L","a":"1334  WALNUT BEND CT","d":"FAIRBORN CITY SCHOOL DISTRICT","t":4767,"l":"510: Res-Single Family","c":0}},{"type":"Feature","geometry":{"type":"Polygon","coordinates":[[[-83.979225,39.830336],[-83.979874,39.823796],[-83.982497,39.823979],[-83.982233,39.826213],[-83.982729,39.827041],[-83.981774,39.827381],[-83.98232,39.82829],[-83.983224,39.827968],[-83.982985,39.827569],[-83.983035,39.827552],[-83.983293,39.827983],[-83.983117,39.82948],[-83.981627,39.829376],[-83.981579,39.829783],[-83.981503,39.829754],[-83.981548,39.829373],[-83.979822,39.829251],[-83.980197,39.829829],[-83.980687,39.830437],[-83.979225,39.830336]]]},"properties":{"p":"A02-0001-0031-0-0082-00","o":"HILL KENDRA L","a":"0  YELLOW SPRINGS FAIRFIELD RD","d":"FAIRBORN CITY SCHOOL DISTRICT","t":2376.47,"l":"199: Agr-CAUV-Other","c":0}},{"type":"Feature","geometry":{"type":"Polygon","coordinates":[[[-84.013274,39.805067],[-84.013452,39.804766],[-84.013714,39.804886],[-84.013435,39.805145],[-84.013274,39.805067]]]},"properties":{"p":"A02-0001-0028-0-0028-00","o":"KEATON WILLIAM RUSSELL","a":"457  FLORENCE AVE","d":"FAIRBORN CITY SCHOOL DISTRICT","t":544.37,"l":"510: Res-Single Family","c":0}},{"type":"Feature","geometry":{"type":"Polygon","coordinates":[[[-84.013623,39.807101],[-84.013827,39.807013],[-84.013973,39.807201],[-84.013722,39.807328],[-84.013623,39.807101]]]},"properties":{"p":"A02-0001-0027-0-0061-00","o":"LILLARD JESSE L","a":"378  FLORENCE AVE","d":"FAIRBORN CITY SCHOOL DISTRICT","t":1418.09,"l":"510: Res-Single Family","c":0}},{"type":"Feature","geometry":{"type":"Polygon","coordinates":[[[-84.013492,39.808584],[-84.013549,39.808485],[-84.013852,39.808658],[-84.013759,39.808733],[-84.013583,39.808806],[-84.013492,39.808584]]]},"properties":{"p":"A02-0001-0027-0-0053-00","o":"MAHON WILFRID ROGER","a":"38  RAMONA DR","d":"FAIRBORN CITY SCHOOL DISTRICT","t":26923.16,"l":"500: Res-Vacant Land","c":0}},{"type":"Feature","geometry":{"type":"Polygon","coordinates":[[[-84.013995,39.808748],[-84.014087,39.808617],[-84.01446,39.808725],[-84.014429,39.808996],[-84.013995,39.808748]]]},"properties":{"p":"A02-0001-0027-0-0035-00","o":"KEATON CARL A","a":"31  RAMONA DR","d":"FAIRBORN CITY SCHOOL DISTRICT","t":3540.19,"l":"510: Res-Single Family","c":0}},{"type":"Feature","geometry":{"type":"Polygon","coordinates":[[[-84.014979,39.807909],[-84.015336,39.807768],[-84.015371,39.807809],[-84.015431,39.807973],[-84.015049,39.808054],[-84.014979,39.807909]]]},"properties":{"p":"A02-0001-0027-0-0008-00","o":"MOORE GINA KAY & JAMES","a":"351  FLORENCE AVE","d":"FAIRBORN CITY SCHOOL DISTRICT","t":0.25,"l":"510: Res-Single Family","c":0}},{"type":"Feature","geometry":{"type":"Polygon","coordinates":[[[-84.015397,39.808949],[-84.015417,39.808771],[-84.01581,39.808797],[-84.015792,39.808975],[-84.015397,39.808949]]]},"properties":{"p":"A02-0001-0026-0-0102-00","o":"RIGNEY TONY JR","a":"40  DELLWOOD DR","d":"FAIRBORN CITY SCHOOL DISTRICT","t":2373.58,"l":"510: Res-Single Family","c":0}},{"type":"Feature","geometry":{"type":"Polygon","coordinates":[[[-84.015289,39.810721],[-84.015307,39.810565],[-84.015683,39.81059],[-84.015665,39.810746],[-84.015289,39.810721]]]},"properties":{"p":"A02-0001-0025-0-0058-00","o":"SHIPLEY THOMAS F","a":"241  FLORENCE AVE","d":"FAIRBORN CITY SCHOOL DISTRICT","t":55.56,"l":"510: Res-Single Family","c":0}},{"type":"Feature","geometry":{"type":"Polygon","coordinates":[[[-84.015858,39.810437],[-84.015889,39.810163],[-84.016082,39.810177],[-84.016132,39.810204],[-84.016148,39.81025],[-84.016124,39.810455],[-84.015858,39.810437]]]},"properties":{"p":"A02-0001-0025-0-0054-00","o":"LAMB SCOTT ERIK","a":"2  HOLGATE CT","d":"FAIRBORN CITY SCHOOL DISTRICT","t":44575.33,"l":"500: Res-Vacant Land","c":0}},{"type":"Feature","geometry":{"type":"Polygon","coordinates":[[[-84.017363,39.81087],[-84.017381,39.810706],[-84.017803,39.810735],[-84.017784,39.810899],[-84.017363,39.81087]]]},"properties":{"p":"A02-0001-0025-0-0027-00","o":"STATE OF OHIO","a":"11  LOCKWOOD CT","d":"FAIRBORN CITY SCHOOL DISTRICT","t":52651.69,"l":"500: Res-Vacant Land","c":0}},{"type":"Feature","geometry":{"type":"Polygon","coordinates":[[[-84.017785,39.810892],[-84.017803,39.810735],[-84.018179,39.810762],[-84.018161,39.810918],[-84.017785,39.810892]]]},"properties":{"p":"A02-0001-0025-0-0021-00","o":"HOWARD CHAD & TRACY","a":"142  DIANA LN","d":"FAIRBORN CITY SCHOOL DISTRICT","t":2185.1,"l":"510: Res-Single Family","c":0}},{"type":"Feature","geometry":{"type":"Polygon","coordinates":[[[-84.014537,39.810147],[-84.014486,39.8101],[-84.014525,39.809827],[-84.014776,39.80986],[-84.014614,39.810218],[-84.014537,39.810147]]]},"properties":{"p":"A02-0001-0024-0-0108-00","o":"JABIR NAJM","a":"201  REDBANK DR","d":"FAIRBORN CITY SCHOOL DISTRICT","t":2764.1,"l":"510: Res-Single Family","c":0}},{"type":"Feature","geometry":{"type":"Polygon","coordinates":[[[-84.013863,39.811018],[-84.013885,39.810812],[-84.014175,39.810743],[-84.014199,39.810849],[-84.014187,39.810982],[-84.014168,39.81101],[-84.014107,39.811033],[-84.013863,39.811018]]]},"properties":{"p":"A02-0001-0024-0-0032-00","o":"PEBLEY RYAN S","a":"5  NORTH HAVEN DR","d":"FAIRBORN CITY SCHOOL DISTRICT","t":3784.48,"l":"510: Res-Single Family","c":0}},{"type":"Feature","geometry":{"type":"Polygon","coordinates":[[[-84.014128,39.811447],[-84.014093,39.811445],[-84.014125,39.811171],[-84.014348,39.811187],[-84.014317,39.81146],[-84.014128,39.811447]]]},"properties":{"p":"A02-0001-0024-0-0004-00","o":"POLLY LINDA F","a":"21  MARCHMONT DR","d":"FAIRBORN CITY SCHOOL DISTRICT","t":48678.6,"l":"500: Res-Vacant Land","c":0}},{"type":"Feature","geometry":{"type":"Polygon","coordinates":[[[-84.012273,39.814087],[-84.012165,39.814079],[-84.012304,39.813786],[-84.012505,39.813825],[-84.01245,39.814099],[-84.012273,39.814087]]]},"properties":{"p":"A02-0001-0023-0-0167-00","o":"PENNY JOSEPH L","a":"71  GALEWOOD DR","d":"FAIRBORN CITY SCHOOL DISTRICT","t":1675.54,"l":"510: Res-Single Family","c":0}},{"type":"Feature","geometry":{"type":"Polygon","coordinates":[[[-84.018499,39.812907],[-84.018517,39.812743],[-84.018898,39.812768],[-84.018882,39.812933],[-84.018499,39.812907]]]},"properties":{"p":"A02-0001-0023-0-0047-00","o":"REYNOLDS ALICE","a":"826 S MAPLE AVE","d":"FAIRBORN CITY SCHOOL DISTRICT","t":1268.67,"l":"510: Res-Single Family","c":0}},{"type":"Feature","geometry":{"type":"Polygon","coordinates":[[[-84.013704,39.815149],[-84.013735,39.814876],[-84.013947,39.81489],[-84.013917,39.815163],[-84.013704,39.815149]]]},"properties":{"p":"A02-0001-0022-0-0187-00","o":"MILLER MELISSA M","a":"40  ROWLAND DR","d":"FAIRBORN CITY SCHOOL DISTRICT","t":173,"l":"510: Res-Single Family","c":0}},{"type":"Feature","geometry":{"type":"Polygon","coordinates":[[[-84.009781,39.816484],[-84.009849,39.816246],[-84.010279,39.816271],[-84.010259,39.8164],[-84.009902,39.816557],[-84.009852,39.81651],[-84.009781,39.816484]]]},"properties":{"p":"A02-0001-0022-0-0086-00","o":"HOWARD LARRY D & RUTH A","a":"25  SELBY CT","d":"FAIRBORN CITY SCHOOL DISTRICT","t":4618.83,"l":"510: Res-Single Family","c":0}},{"type":"Feature","geometry":{"type":"Polygon","coordinates":[[[-84.008793,39.817904],[-84.008749,39.817893],[-84.008714,39.817854],[-84.008723,39.817707],[-84.009078,39.817728],[-84.009059,39.81792],[-84.008793,39.817904]]]},"properties":{"p":"A02-0001-0022-0-0054-00","o":"THOMPSON PRESTON & DEBORAH L","a":"410  KIRKWOOD DR","d":"FAIRBORN CITY SCHOOL DISTRICT","t":70531.3,"l":"500: Res-Vacant Land","c":0}},{"type":"Feature","geometry":{"type":"Polygon","coordinates":[[[-84.008437,39.820491],[-84.008451,39.820354],[-84.008848,39.820376],[-84.008835,39.820513],[-84.008437,39.820491]]]},"properties":{"p":"A02-0001-0021-0-0038-00","o":"HAWTHORN HILL HOMES LLC","a":"118  HOWER LN","d":"FAIRBORN CITY SCHOOL DISTRICT","t":223.64,"l":"599: Res-Other","c":0}},{"type":"Feature","geometry":{"type":"Polygon","coordinates":[[[-84.017493,39.821218],[-84.017535,39.820779],[-84.017783,39.820795],[-84.017741,39.821234],[-84.017493,39.821218]]]},"properties":{"p":"A02-0001-0020-0-0137-00","o":"REGAN TYLER","a":"208 E MAIN ST","d":"FAIRBORN CITY SCHOOL DISTRICT","t":6657.09,"l":"401: Com-Apartment- 4 to 19","c":0}},{"type":"Feature","geometry":{"type":"Polygon","coordinates":[[[-84.017629,39.822817],[-84.017703,39.82259],[-84.017874,39.822625],[-84.017852,39.82286],[-84.017629,39.822817]]]},"properties":{"p":"A02-0001-0020-0-0123-00","o":"LAWRENCE MICHAEL & TRESA","a":"0 N MAPLE AVE","d":"FAIRBORN CITY SCHOOL DISTRICT","t":25673.43,"l":"500: Res-Vacant Land","c":0}},{"type":"Feature","geometry":{"type":"Polygon","coordinates":[[[-84.016801,39.822655],[-84.016909,39.822324],[-84.017125,39.822338],[-84.017008,39.822696],[-84.016801,39.822655]]]},"properties":{"p":"A02-0001-0020-0-0119-00","o":"KRIEL SUSAN D","a":"232 E XENIA DR","d":"FAIRBORN CITY SCHOOL DISTRICT","t":979.84,"l":"510: Res-Single Family","c":0}},{"type":"Feature","geometry":{"type":"Polygon","coordinates":[[[-84.015789,39.820647],[-84.016023,39.820441],[-84.016453,39.820729],[-84.016219,39.820936],[-84.015789,39.820647]]]},"properties":{"p":"A02-0001-0020-0-0099-00","o":"HUELSMAN GROUP LLC","a":"0 E DAYTON DR","d":"FAIRBORN CITY SCHOOL DISTRICT","t":1600.13,"l":"399: Ind-Other","c":0}},{"type":"Feature","geometry":{"type":"Polygon","coordinates":[[[-84.014798,39.823795],[-84.01475,39.823772],[-84.014866,39.823426],[-84.015021,39.823457],[-84.014892,39.823842],[-84.014798,39.823795]]]},"properties":{"p":"A02-0001-0020-0-0022-00","o":"JOHNSON THELMA A","a":"331  MANN AVE","d":"FAIRBORN CITY SCHOOL DISTRICT","t":47563.77,"l":"510: Res-Single Family","c":0}},{"type":"Feature","geometry":{"type":"Polygon","coordinates":[[[-84.016718,39.824678],[-84.016917,39.824381],[-84.017161,39.824504],[-84.016847,39.824762],[-84.016718,39.824678]]]},"properties":{"p":"A02-0001-0019-0-0171-00","o":"STAMPER KEITH D & LINDA S","a":"234  HOLMES DR","d":"FAIRBORN CITY SCHOOL DISTRICT","t":1521.45,"l":"510: Res-Single Family","c":0}},{"type":"Feature","geometry":{"type":"Polygon","coordinates":[[[-84.014265,39.825775],[-84.014638,39.8258],[-84.014608,39.826083],[-84.014476,39.826076],[-84.014409,39.826088],[-84.014265,39.825775]]]},"properties":{"p":"A02-0001-0019-0-0019-00","o":"HAWTHORN HILL HOMES LLC","a":"354  WALLACE DR","d":"FAIRBORN CITY SCHOOL DISTRICT","t":747.15,"l":"520: Res-Two Family","c":0}},{"type":"Feature","geometry":{"type":"Polygon","coordinates":[[[-84.014946,39.828151],[-84.01497,39.827902],[-84.015006,39.827905],[-84.014981,39.828153],[-84.014946,39.828151]]]},"properties":{"p":"A02-0001-0018-0-0167-00","o":"PERANDER RODNEY W","a":"338 E WHITTIER AVE","d":"FAIRBORN CITY SCHOOL DISTRICT","t":2059.4,"l":"500: Res-Vacant Land","c":0}},{"type":"Feature","geometry":{"type":"Polygon","coordinates":[[[-84.014786,39.828142],[-84.014808,39.827892],[-84.01497,39.827902],[-84.014946,39.828151],[-84.014786,39.828142]]]},"properties":{"p":"A02-0001-0018-0-0166-00","o":"PERANDER RODNEY W","a":"338 E WHITTIER AVE","d":"FAIRBORN CITY SCHOOL DISTRICT","t":15155.32,"l":"500: Res-Vacant Land","c":0}},{"type":"Feature","geometry":{"type":"Polygon","coordinates":[[[-84.009056,39.839658],[-84.009079,39.839444],[-84.00958,39.839475],[-84.009557,39.839693],[-84.009056,39.839658]]]},"properties":{"p":"A02-0001-0013-0-0094-00","o":"MICHAEL DAVID","a":"1413  ARLINGTON DR","d":"FAIRBORN CITY SCHOOL DISTRICT","t":0.72,"l":"510: Res-Single Family","c":0}},{"type":"Feature","geometry":{"type":"Polygon","coordinates":[[[-84.012034,39.839987],[-84.011534,39.839954],[-84.011969,39.839344],[-84.012049,39.839366],[-84.012212,39.83938],[-84.012155,39.839996],[-84.012034,39.839987]]]},"properties":{"p":"A02-0001-0013-0-0043-00","o":"LIMOLI JOHN K JR","a":"1402  SUNSET DR","d":"FAIRBORN CITY SCHOOL DISTRICT","t":14458.01,"l":"510: Res-Single Family","c":0}},{"type":"Feature","geometry":{"type":"Polygon","coordinates":[[[-84.016988,39.836808],[-84.017009,39.836622],[-84.017102,39.836482],[-84.017257,39.836528],[-84.017369,39.83653],[-84.017219,39.836896],[-84.016988,39.836808]]]},"properties":{"p":"A02-0001-0012-0-0030-00","o":"MANGANARO MATTHEW D","a":"144  CIRCLE DR","d":"FAIRBORN CITY SCHOOL DISTRICT","t":5296.63,"l":"510: Res-Single Family","c":0}},{"type":"Feature","geometry":{"type":"Polygon","coordinates":[[[-84.018116,39.836928],[-84.018158,39.836766],[-84.018525,39.836824],[-84.018484,39.836986],[-84.018116,39.836928]]]},"properties":{"p":"A02-0001-0012-0-0003-00","o":"PATTERSON ERIC L & MARY L BROWN PATTERSON","a":"1215  OAKHILL AVE","d":"FAIRBORN CITY SCHOOL DISTRICT","t":1716.14,"l":"510: Res-Single Family","c":0}},{"type":"Feature","geometry":{"type":"Polygon","coordinates":[[[-84.018069,39.832228],[-84.018033,39.832115],[-84.018108,39.832122],[-84.018081,39.832246],[-84.018069,39.832228]]]},"properties":{"p":"A02-0001-0011-0-0059-00","o":"STATE OF OHIO","a":"0 N BROAD ST","d":"FAIRBORN CITY SCHOOL DISTRICT","t":5118.3,"l":"400: Com-Vacant Land","c":0}},{"type":"Feature","geometry":{"type":"Polygon","coordinates":[[[-84.018081,39.832246],[-84.018108,39.832122],[-84.018603,39.83217],[-84.018152,39.832353],[-84.018081,39.832246]]]},"properties":{"p":"A02-0001-0011-0-0056-00","o":"STATE OF OHIO","a":"1010 N BROAD ST","d":"FAIRBORN CITY SCHOOL DISTRICT","t":27605.99,"l":"456: Com-Parking Garage","c":0}},{"type":"Feature","geometry":{"type":"Polygon","coordinates":[[[-84.020066,39.825206],[-84.020093,39.82507],[-84.020551,39.825125],[-84.020523,39.825261],[-84.020066,39.825206]]]},"properties":{"p":"A02-0001-0009-0-0102-00","o":"ROZAK JOSEPH E ET AL","a":"210 N CENTRAL AVE","d":"FAIRBORN CITY SCHOOL DISTRICT","t":5596.11,"l":"510: Res-Single Family","c":0}},{"type":"Feature","geometry":{"type":"Polygon","coordinates":[[[-84.022678,39.81661],[-84.022712,39.816256],[-84.022889,39.816267],[-84.022856,39.816622],[-84.022678,39.81661]]]},"properties":{"p":"A02-0001-0007-0-0132-00","o":"HENLEY WILLIAM P JR SUCCESSOR TRUSTEE","a":"34  SOUTH ST","d":"FAIRBORN CITY SCHOOL DISTRICT","t":2274.87,"l":"510: Res-Single Family","c":0}},{"type":"Feature","geometry":{"type":"Polygon","coordinates":[[[-84.019639,39.811938],[-84.019653,39.811801],[-84.020097,39.811827],[-84.020083,39.811964],[-84.019639,39.811938]]]},"properties":{"p":"A02-0001-0006-0-0138-00","o":"MY PROPERTY HOLDINGS LLC","a":"852  PRINCETON AVE","d":"FAIRBORN CITY SCHOOL DISTRICT","t":1611.39,"l":"510: Res-Single Family","c":0}},{"type":"Feature","geometry":{"type":"Polygon","coordinates":[[[-84.019334,39.815022],[-84.019368,39.814679],[-84.019546,39.81469],[-84.019511,39.815032],[-84.019334,39.815022]]]},"properties":{"p":"A02-0001-0006-0-0017-00","o":"SMITH RITA L","a":"121  FRAHN AVE","d":"FAIRBORN CITY SCHOOL DISTRICT","t":1083.64,"l":"510: Res-Single Family","c":0}},{"type":"Feature","geometry":{"type":"Polygon","coordinates":[[[-84.020016,39.815349],[-84.020044,39.815064],[-84.020362,39.815083],[-84.020056,39.815351],[-84.020016,39.815349]]]},"properties":{"p":"A02-0001-0006-0-0006-00","o":"STATE OF OHIO","a":"602  KAUFFMAN AVE","d":"FAIRBORN CITY SCHOOL DISTRICT","t":31963.97,"l":"500: Res-Vacant Land","c":0}},{"type":"Feature","geometry":{"type":"Polygon","coordinates":[[[-84.021666,39.808452],[-84.021694,39.808178],[-84.021836,39.808187],[-84.021808,39.80846],[-84.021666,39.808452]]]},"properties":{"p":"A02-0001-0005-0-0272-00","o":"SANDERS ELEANOR V","a":"1101  COLUMBIA AVE","d":"FAIRBORN CITY SCHOOL DISTRICT","t":1056.5,"l":"510: Res-Single Family","c":0}},{"type":"Feature","geometry":{"type":"Polygon","coordinates":[[[-84.020915,39.809786],[-84.020929,39.809649],[-84.021372,39.809674],[-84.021359,39.809811],[-84.020915,39.809786]]]},"properties":{"p":"A02-0001-0005-0-0209-00","o":"IMPSON JOSEPH","a":"1020  COLUMBIA AVE","d":"FAIRBORN CITY SCHOOL DISTRICT","t":397.77,"l":"510: Res-Single Family","c":0}},{"type":"Feature","geometry":{"type":"Polygon","coordinates":[[[-84.021556,39.809681],[-84.021569,39.809545],[-84.022013,39.809571],[-84.021999,39.809708],[-84.021556,39.809681]]]},"properties":{"p":"A02-0001-0005-0-0198-00","o":"STATE OF OHIO","a":"1025  COLUMBIA AVE","d":"FAIRBORN CITY SCHOOL DISTRICT","t":36778.02,"l":"500: Res-Vacant Land","c":0}},{"type":"Feature","geometry":{"type":"Polygon","coordinates":[[[-84.022676,39.809191],[-84.02269,39.809054],[-84.023134,39.80908],[-84.02312,39.809217],[-84.022676,39.809191]]]},"properties":{"p":"A02-0001-0005-0-0173-00","o":"JOHNSON CHARLENE","a":"1049 S CENTRAL AVE","d":"FAIRBORN CITY SCHOOL DISTRICT","t":2484.56,"l":"510: Res-Single Family","c":0}},{"type":"Feature","geometry":{"type":"Polygon","coordinates":[[[-84.020317,39.811426],[-84.020336,39.811237],[-84.020764,39.811414],[-84.02076,39.811453],[-84.020317,39.811426]]]},"properties":{"p":"A02-0001-0005-0-0012-00","o":"MILLER LESLIE","a":"869  PRINCETON AVE","d":"FAIRBORN CITY SCHOOL DISTRICT","t":808.7,"l":"510: Res-Single Family","c":0}},{"type":"Feature","geometry":{"type":"Polygon","coordinates":[[[-84.022699,39.82894],[-84.02286,39.828643],[-84.022829,39.828632],[-84.023039,39.828244],[-84.023644,39.828682],[-84.023034,39.829182],[-84.022699,39.82894]]]},"properties":{"p":"A02-0001-0004-0-0033-00","o":"LUX CARWASH LLC","a":"133  HEBBLE AVE","d":"FAIRBORN CITY SCHOOL DISTRICT","t":1801.33,"l":"453: Com-Car Wash","c":0}},{"type":"Feature","geometry":{"type":"Polygon","coordinates":[[[-84.027917,39.825237],[-84.027939,39.825007],[-84.02801,39.825011],[-84.027988,39.825241],[-84.027917,39.825237]]]},"properties":{"p":"A02-0001-0003-0-0084-00","o":"MORRIS PAUL","a":"610 W XENIA DR","d":"FAIRBORN CITY SCHOOL DISTRICT","t":3033.2,"l":"400: Com-Vacant Land","c":0}},{"type":"Feature","geometry":{"type":"Polygon","coordinates":[[[-84.027255,39.817027],[-84.02731,39.816606],[-84.027487,39.816617],[-84.027432,39.817038],[-84.027255,39.817027]]]},"properties":{"p":"A02-0001-0001-0-0150-00","o":"POLHAMUS JAMIE I & JOHN S","a":"504  SOUTH ST","d":"FAIRBORN CITY SCHOOL DISTRICT","t":918.25,"l":"510: Res-Single Family","c":0}},{"type":"Feature","geometry":{"type":"Polygon","coordinates":[[[-84.024627,39.818195],[-84.024668,39.817839],[-84.024858,39.817854],[-84.024818,39.81821],[-84.024627,39.818195]]]},"properties":{"p":"A02-0001-0001-0-0116-00","o":"SANDERS ELEANOR V","a":"209  OHIO ST","d":"FAIRBORN CITY SCHOOL DISTRICT","t":5879.19,"l":"510: Res-Single Family","c":0}},{"type":"Feature","geometry":{"type":"Polygon","coordinates":[[[-84.02606,39.818292],[-84.026099,39.817936],[-84.026277,39.817948],[-84.026237,39.818304],[-84.02606,39.818292]]]},"properties":{"p":"A02-0001-0001-0-0108-00","o":"HEATH RHONDA & JENNIFER HENTON","a":"407  OHIO ST","d":"FAIRBORN CITY SCHOOL DISTRICT","t":65901.03,"l":"500: Res-Vacant Land","c":0}},{"type":"Feature","geometry":{"type":"Polygon","coordinates":[[[-83.971449,39.80115],[-83.971183,39.80077],[-83.971742,39.800807],[-83.971708,39.801165],[-83.971449,39.80115]]]},"properties":{"p":"A01-0002-0025-0-0007-00","o":"TESAR AUSTIN J","a":"1227  FOLK RD","d":"FAIRBORN CITY SCHOOL DISTRICT","t":67.31,"l":"501: Res-Custom Code","c":0}},{"type":"Feature","geometry":{"type":"Polygon","coordinates":[[[-84.036063,39.785577],[-84.036078,39.78544],[-84.036735,39.785506],[-84.036728,39.785643],[-84.036063,39.785577]]]},"properties":{"p":"A01-0001-0013-0-0431-00","o":"OWSLEY JAMISON F & SUSAN","a":"0  VALLEY VIEW DR","d":"FAIRBORN CITY SCHOOL DISTRICT","t":844.59,"l":"500: Res-Vacant Land","c":0}},{"type":"Feature","geometry":{"type":"Polygon","coordinates":[[[-84.036038,39.78582],[-84.036063,39.785577],[-84.036728,39.785643],[-84.036718,39.785853],[-84.036038,39.78582]]]},"properties":{"p":"A01-0001-0013-0-0430-00","o":"OWSLEY JAMISON F & SUSAN","a":"2885  WYLIE DR","d":"FAIRBORN CITY SCHOOL DISTRICT","t":4432.55,"l":"510: Res-Single Family","c":0}},{"type":"Feature","geometry":{"type":"Polygon","coordinates":[[[-84.034039,39.781464],[-84.034104,39.780827],[-84.034304,39.780838],[-84.034239,39.781475],[-84.034039,39.781464]]]},"properties":{"p":"A01-0001-0013-0-0201-00","o":"ORR CYNTHIA PLAN ADMINISTRATOR OF MY END GAME 401K","a":"2817  PROSPECT AVE","d":"FAIRBORN CITY SCHOOL DISTRICT","t":863.91,"l":"510: Res-Single Family","c":0}},{"type":"Feature","geometry":{"type":"Polygon","coordinates":[[[-84.032841,39.781401],[-84.032906,39.78076],[-84.033106,39.780772],[-84.033041,39.781412],[-84.032841,39.781401]]]},"properties":{"p":"A01-0001-0013-0-0195-00","o":"NEWELL ARTHUR T","a":"2789  PROSPECT AVE","d":"FAIRBORN CITY SCHOOL DISTRICT","t":1001.8,"l":"510: Res-Single Family","c":0}},{"type":"Feature","geometry":{"type":"Polygon","coordinates":[[[-84.032641,39.781391],[-84.032707,39.780748],[-84.032906,39.78076],[-84.032841,39.781401],[-84.032641,39.781391]]]},"properties":{"p":"A01-0001-0013-0-0194-00","o":"NEWELL ARTHUR T","a":"0  PROSPECT AVE","d":"FAIRBORN CITY SCHOOL DISTRICT","t":675.49,"l":"500: Res-Vacant Land","c":0}},{"type":"Feature","geometry":{"type":"Polygon","coordinates":[[[-84.042755,39.778246],[-84.042784,39.777972],[-84.04354,39.778005],[-84.04352,39.778279],[-84.042755,39.778246]]]},"properties":{"p":"A01-0001-0006-0-0204-00","o":"OSBORNE AVERY D & DIANA S","a":"3041  AXE DR","d":"FAIRBORN CITY SCHOOL DISTRICT","t":530.66,"l":"510: Res-Single Family","c":0}},{"type":"Feature","geometry":{"type":"Polygon","coordinates":[[[-84.040766,39.788189],[-84.040999,39.787694],[-84.041356,39.787779],[-84.041115,39.788298],[-84.040725,39.788276],[-84.040766,39.788189]]]},"properties":{"p":"A01-0001-0006-0-0163-00","o":"HAYES TRACIE A","a":"3010  VALLEY VIEW DR","d":"FAIRBORN CITY SCHOOL DISTRICT","t":899.35,"l":"510: Res-Single Family","c":0}},{"type":"Feature","geometry":{"type":"Polygon","coordinates":[[[-84.041661,39.785526],[-84.042036,39.785729],[-84.041474,39.786169],[-84.041257,39.785969],[-84.041245,39.785935],[-84.041482,39.785752],[-84.041583,39.785644],[-84.041661,39.785526]]]},"properties":{"p":"A01-0001-0006-0-0149-00","o":"SAWYER WILLIAM C","a":"3309  RAVENWOOD RD","d":"FAIRBORN CITY SCHOOL DISTRICT","t":3093.42,"l":"510: Res-Single Family","c":0}},{"type":"Feature","geometry":{"type":"Polygon","coordinates":[[[-84.077511,39.786124],[-84.077523,39.785987],[-84.078586,39.786061],[-84.078573,39.786186],[-84.077511,39.786124]]]},"properties":{"p":"A01-0001-0005-0-0023-00","o":"RODGERS DAVID M & TONI D","a":"2170  NATIONAL RD","d":"FAIRBORN CITY SCHOOL DISTRICT","t":2008.71,"l":"510: Res-Single Family","c":0}},{"type":"Feature","geometry":{"type":"Polygon","coordinates":[[[-84.064232,39.8351],[-84.064147,39.8359],[-84.064076,39.835896],[-84.064156,39.835143],[-84.064232,39.8351]]]},"properties":{"p":"A01-0001-0003-0-0118-00","o":"LOUGEMAN STEPHEN","a":"0  ADAMS RD","d":"FAIRBORN CITY SCHOOL DISTRICT","t":45.71,"l":"500: Res-Vacant Land","c":0}},{"type":"Feature","geometry":{"type":"Polygon","coordinates":[[[-84.064068,39.836653],[-84.063997,39.836648],[-84.064076,39.835896],[-84.064147,39.8359],[-84.064068,39.836653]]]},"properties":{"p":"A01-0001-0003-0-0104-00","o":"LOUGEMAN STEPHEN","a":"0  ADAMS RD","d":"FAIRBORN CITY SCHOOL DISTRICT","t":44.53,"l":"500: Res-Vacant Land","c":0}},{"type":"Feature","geometry":{"type":"Polygon","coordinates":[[[-84.063491,39.83445],[-84.063477,39.834426],[-84.064342,39.834141],[-84.064332,39.834234],[-84.063515,39.834505],[-84.063491,39.83445]]]},"properties":{"p":"A01-0001-0003-0-0103-00","o":"LOUGEMAN STEPHEN","a":"0  BEACONVIEW DR","d":"FAIRBORN CITY SCHOOL DISTRICT","t":177.93,"l":"500: Res-Vacant Land","c":0}},{"type":"Feature","geometry":{"type":"Polygon","coordinates":[[[-84.064323,39.834308],[-84.064488,39.834405],[-84.064282,39.834613],[-84.064323,39.834308]]]},"properties":{"p":"A01-0001-0003-0-0098-00","o":"LOUGEMAN STEPHEN","a":"0  BEACONVIEW DR","d":"FAIRBORN CITY SCHOOL DISTRICT","t":242.84,"l":"500: Res-Vacant Land","c":0}},{"type":"Feature","geometry":{"type":"Polygon","coordinates":[[[-84.063515,39.834505],[-84.064332,39.834234],[-84.064232,39.8351],[-84.064156,39.835143],[-84.063515,39.834505]]]},"properties":{"p":"A01-0001-0003-0-0038-00","o":"LOUGEMAN STEPHEN","a":"3730  BEACONVIEW DR","d":"FAIRBORN CITY SCHOOL DISTRICT","t":22077.87,"l":"510: Res-Single Family","c":0}},{"type":"Feature","geometry":{"type":"Polygon","coordinates":[[[-84.067136,39.824008],[-84.068073,39.823181],[-84.069178,39.825307],[-84.06851,39.825615],[-84.067136,39.824008]]]},"properties":{"p":"A01-0001-0003-0-0021-00","o":"JOHNSON RUSSELL & JESSICA","a":"4531  SR 4","d":"FAIRBORN CITY SCHOOL DISTRICT","t":36,"l":"511: Res-Custom Code","c":0}},{"type":"Feature","geometry":{"type":"Polygon","coordinates":[[[-84.064052,39.827747],[-84.063391,39.827375],[-84.06445,39.826272],[-84.06525,39.826718],[-84.064365,39.827923],[-84.064052,39.827747]]]},"properties":{"p":"A01-0001-0003-0-0016-00","o":"HUGHES FREDERICK L","a":"0  SR 4","d":"FAIRBORN CITY SCHOOL DISTRICT","t":7769.82,"l":"501: Res-Custom Code","c":0}},{"type":"Feature","geometry":{"type":"Polygon","coordinates":[[[-84.085465,39.816944],[-84.085575,39.815901],[-84.085632,39.815904],[-84.085783,39.816353],[-84.086228,39.817037],[-84.085746,39.817039],[-84.085717,39.817142],[-84.085465,39.816944]]]},"properties":{"p":"A01-0001-0002-0-0102-00","o":"HICKS LOGAN","a":"4284  UNION RD","d":"FAIRBORN CITY SCHOOL DISTRICT","t":9042.14,"l":"511: Res-Custom Code","c":0}},{"type":"Feature","geometry":{"type":"Polygon","coordinates":[[[-84.088588,39.823401],[-84.088727,39.821901],[-84.088864,39.821909],[-84.088725,39.823408],[-84.088588,39.823401]]]},"properties":{"p":"A01-0001-0002-0-0019-00","o":"LOVIN CLYDE","a":"0 E KITRIDGE RD","d":"FAIRBORN CITY SCHOOL DISTRICT","t":262.74,"l":"501: Res-Custom Code","c":0}},{"type":"Feature","geometry":{"type":"Polygon","coordinates":[[[-84.088725,39.823408],[-84.088864,39.821909],[-84.089137,39.821924],[-84.088998,39.823423],[-84.088725,39.823408]]]},"properties":{"p":"A01-0001-0002-0-0018-00","o":"LOVIN CLYDE","a":"4343 E KITRIDGE RD","d":"FAIRBORN CITY SCHOOL DISTRICT","t":5331.27,"l":"511: Res-Custom Code","c":0}},{"type":"Feature","geometry":{"type":"Polygon","coordinates":[[[-84.074568,39.78327],[-84.074581,39.783258],[-84.074529,39.783225],[-84.074556,39.783199],[-84.074719,39.783301],[-84.074679,39.78334],[-84.074568,39.78327]]]},"properties":{"p":"A02-0002-0030-4-0016-00","o":"NAGARA PROPERTIES LLC","a":"2267  NUTMEG CT","d":"FAIRBORN CITY SCHOOL DISTRICT","t":195.14,"l":"550: Res-Condo","c":0}},{"type":"Feature","geometry":{"type":"Polygon","coordinates":[[[-84.021292,39.77997],[-84.021333,39.779579],[-84.021571,39.779558],[-84.021527,39.779984],[-84.021292,39.77997]]]},"properties":{"p":"A02-0002-0028-0-0011-00","o":"KOEHLER CHRISTINE S","a":"213  OXFORD DR","d":"FAIRBORN CITY SCHOOL DISTRICT","t":2462.75,"l":"510: Res-Single Family","c":0}},{"type":"Feature","geometry":{"type":"Polygon","coordinates":[[[-84.015253,39.783425],[-84.015259,39.783354],[-84.015368,39.783359],[-84.015359,39.783431],[-84.015253,39.783425]]]},"properties":{"p":"A02-0002-0027-1-0025-00","o":"MENTZER DAMIEN","a":"419  WHITE ASH CT","d":"FAIRBORN CITY SCHOOL DISTRICT","t":2122.11,"l":"550: Res-Condo","c":0}},{"type":"Feature","geometry":{"type":"Polygon","coordinates":[[[-84.010694,39.784621],[-84.01097,39.784223],[-84.011031,39.78407],[-84.011063,39.783912],[-84.012145,39.783964],[-84.012096,39.784503],[-84.012061,39.78528],[-84.010722,39.784695],[-84.010692,39.784666],[-84.010694,39.784621]]]},"properties":{"p":"A02-0002-0025-0-0008-00","o":"PEARMAN CURTIS E","a":"0  PARK HILLS DR","d":"FAIRBORN CITY SCHOOL DISTRICT","t":15317.23,"l":"447: Com-Office","c":0}},{"type":"Feature","geometry":{"type":"Polygon","coordinates":[[[-84.040088,39.785083],[-84.040469,39.784707],[-84.040815,39.784968],[-84.040452,39.785304],[-84.040088,39.785083]]]},"properties":{"p":"A01-0001-0013-0-0092-00","o":"WETZ JAMES AUGUST","a":"3283  RAVENWOOD RD","d":"FAIRBORN CITY SCHOOL DISTRICT","t":3100.16,"l":"510: Res-Single Family","c":0}},{"type":"Feature","geometry":{"type":"Polygon","coordinates":[[[-83.963868,39.792383],[-83.963892,39.792148],[-83.965516,39.79225],[-83.965685,39.792497],[-83.963868,39.792383]]]},"properties":{"p":"A01-0002-0025-0-0023-00","o":"TRIPLEMBC PROPERTIES LLC","a":"3726  SR 235","d":"FAIRBORN CITY SCHOOL DISTRICT","t":662.01,"l":"510: Res-Single Family","c":0}},{"type":"Feature","geometry":{"type":"Polygon","coordinates":[[[-83.954909,39.807528],[-83.954589,39.807512],[-83.954812,39.805027],[-83.955664,39.805069],[-83.955442,39.807554],[-83.954909,39.807528]]]},"properties":{"p":"A01-0002-0031-0-0033-00","o":"WHITE JONATHAN C","a":"813  HERR RD","d":"FAIRBORN CITY SCHOOL DISTRICT","t":6004.91,"l":"511: Res-Custom Code","c":0}},{"type":"Feature","geometry":{"type":"Polygon","coordinates":[[[-83.94664,39.789545],[-83.945514,39.789673],[-83.945457,39.78942],[-83.949427,39.7891],[-83.949376,39.789677],[-83.946758,39.790072],[-83.94664,39.789545]]]},"properties":{"p":"A01-0002-0032-0-0024-00","o":"WISECUP MARY S","a":"3659 W ENON RD","d":"FAIRBORN CITY SCHOOL DISTRICT","t":8538.93,"l":"511: Res-Custom Code","c":0}},{"type":"Feature","geometry":{"type":"Polygon","coordinates":[[[-84.027363,39.820954],[-84.02737,39.820878],[-84.027668,39.820895],[-84.027661,39.820971],[-84.027363,39.820954]]]},"properties":{"p":"A02-0001-0002-0-0198-00","o":"YOUNG THOMAS & JANEENE","a":"32 S BROAD ST","d":"FAIRBORN CITY SCHOOL DISTRICT","t":1196.81,"l":"455: Com-Garage","c":0}},{"type":"Feature","geometry":{"type":"Polygon","coordinates":[[[-84.02028,39.824102],[-84.020466,39.823702],[-84.020584,39.823734],[-84.020398,39.824133],[-84.02028,39.824102]]]},"properties":{"p":"A02-0001-0009-0-0158-00","o":"VENTO KAILA & JACOB D BEAN","a":"0 E XENIA DR","d":"FAIRBORN CITY SCHOOL DISTRICT","t":580.58,"l":"500: Res-Vacant Land","c":0}},{"type":"Feature","geometry":{"type":"Polygon","coordinates":[[[-84.008287,39.838185],[-84.008663,39.838042],[-84.008708,39.838087],[-84.008925,39.838106],[-84.008956,39.838324],[-84.008377,39.838345],[-84.008287,39.838185]]]},"properties":{"p":"A02-0001-0013-0-0108-00","o":"WETZ JAMES AUGUST","a":"1314  ARLINGTON DR","d":"FAIRBORN CITY SCHOOL DISTRICT","t":2355.18,"l":"510: Res-Single Family","c":0}},{"type":"Feature","geometry":{"type":"Polygon","coordinates":[[[-84.015248,39.821067],[-84.015293,39.821043],[-84.015751,39.82135],[-84.015716,39.821381],[-84.015248,39.821067]]]},"properties":{"p":"A02-0001-0020-0-0096-00","o":"WALLING JEREMIAH","a":"0 E DAYTON DR","d":"FAIRBORN CITY SCHOOL DISTRICT","t":215.75,"l":"400: Com-Vacant Land","c":0}},{"type":"Feature","geometry":{"type":"Polygon","coordinates":[[[-84.011243,39.815925],[-84.011195,39.815903],[-84.011176,39.815874],[-84.011188,39.815713],[-84.011502,39.815733],[-84.011522,39.815927],[-84.011243,39.815925]]]},"properties":{"p":"A02-0001-0022-0-0135-00","o":"ZIMMERMAN WENDY","a":"182  ERIE AVE","d":"FAIRBORN CITY SCHOOL DISTRICT","t":1636.48,"l":"510: Res-Single Family","c":0}},{"type":"Feature","geometry":{"type":"Polygon","coordinates":[[[-84.018486,39.812014],[-84.018517,39.811745],[-84.01873,39.811759],[-84.018699,39.812028],[-84.018486,39.812014]]]},"properties":{"p":"A02-0001-0023-0-0278-00","o":"WITHEROW CONNIE LYNNE","a":"8  FITCHLAND DR","d":"FAIRBORN CITY SCHOOL DISTRICT","t":3483.39,"l":"510: Res-Single Family","c":0}},{"type":"Feature","geometry":{"type":"Polygon","coordinates":[[[-84.016282,39.810631],[-84.016301,39.810467],[-84.016762,39.810499],[-84.016743,39.810663],[-84.016282,39.810631]]]},"properties":{"p":"A02-0001-0025-0-0042-00","o":"WILSON RANDY FARRELL","a":"7  HOLGATE CT","d":"FAIRBORN CITY SCHOOL DISTRICT","t":1662.3,"l":"510: Res-Single Family","c":0}},{"type":"Feature","geometry":{"type":"Polygon","coordinates":[[[-84.015326,39.8104],[-84.01535,39.810195],[-84.015371,39.810156],[-84.015432,39.810133],[-84.015624,39.810145],[-84.015592,39.810418],[-84.015326,39.8104]]]},"properties":{"p":"A02-0001-0025-0-0056-00","o":"YORK STEVEN R & DARLENE M","a":"255  FLORENCE AVE","d":"FAIRBORN CITY SCHOOL DISTRICT","t":3022.55,"l":"510: Res-Single Family","c":0}},{"type":"Feature","geometry":{"type":"Polygon","coordinates":[[[-84.012252,39.804965],[-84.012286,39.804667],[-84.012498,39.804681],[-84.012464,39.80498],[-84.012252,39.804965]]]},"properties":{"p":"A02-0001-0028-0-0033-00","o":"WERT MATTHEW & CHARDY","a":"487  FLORENCE AVE","d":"FAIRBORN CITY SCHOOL DISTRICT","t":1724.12,"l":"510: Res-Single Family","c":0}},{"type":"Feature","geometry":{"type":"Polygon","coordinates":[[[-83.988816,39.828034],[-83.988832,39.827885],[-83.989542,39.827933],[-83.989512,39.828262],[-83.98943,39.828268],[-83.989343,39.828319],[-83.988816,39.828034]]]},"properties":{"p":"A02-0001-0030-0-0260-00","o":"WETZ SONDRA","a":"560  ADRIAN CT","d":"FAIRBORN CITY SCHOOL DISTRICT","t":4964.45,"l":"510: Res-Single Family","c":0}},{"type":"Feature","geometry":{"type":"Polygon","coordinates":[[[-83.987062,39.829229],[-83.987449,39.829091],[-83.987588,39.829322],[-83.987201,39.82946],[-83.987062,39.829229]]]},"properties":{"p":"A02-0001-0032-0-0021-00","o":"WILLIAMS DIANA D & KRISTIN R","a":"587  SHARON DR","d":"FAIRBORN CITY SCHOOL DISTRICT","t":2189.71,"l":"510: Res-Single Family","c":0}},{"type":"Feature","geometry":{"type":"Polygon","coordinates":[[[-84.00223,39.804001],[-84.002277,39.803384],[-84.002911,39.803423],[-84.002848,39.804039],[-84.00223,39.804001]]]},"properties":{"p":"A02-0001-0037-0-0001-00","o":"USMANOV AZIMZHON","a":"0  GARLAND AVE","d":"FAIRBORN CITY SCHOOL DISTRICT","t":3366.42,"l":"500: Res-Vacant Land","c":0}},{"type":"Feature","geometry":{"type":"Polygon","coordinates":[[[-84.023065,39.797286],[-84.023071,39.797241],[-84.023532,39.797266],[-84.023527,39.797312],[-84.023065,39.797286]]]},"properties":{"p":"A02-0002-0005-0-0161-00","o":"UNITED STATES DEPARTMENT OF HOUSING & URBAN DEVELOPMENT","a":"0  POPLAR LN","d":"FAIRBORN CITY SCHOOL DISTRICT","t":34.32,"l":"501: Res-Custom Code","c":0}},{"type":"Feature","geometry":{"type":"Polygon","coordinates":[[[-84.023757,39.797324],[-84.023527,39.797312],[-84.023532,39.797266],[-84.02402,39.797293],[-84.024015,39.797338],[-84.023757,39.797324]]]},"properties":{"p":"A02-0002-0005-0-0162-00","o":"UNITED STATES DEPARTMENT OF HOUSING & URBAN DEVELOPMENT","a":"0  POPLAR LN","d":"FAIRBORN CITY SCHOOL DISTRICT","t":56.05,"l":"501: Res-Custom Code","c":0}},{"type":"Feature","geometry":{"type":"Polygon","coordinates":[[[-84.026685,39.793674],[-84.026488,39.793606],[-84.026859,39.793239],[-84.027298,39.793503],[-84.02732,39.793534],[-84.027313,39.793569],[-84.027107,39.793821],[-84.026685,39.793674]]]},"properties":{"p":"A02-0002-0006-0-0110-00","o":"ZANIAB PROPERTY LLC","a":"97  DAYTON YELLOW SPRINGS RD","d":"FAIRBORN CITY SCHOOL DISTRICT","t":1887.43,"l":"456: Com-Parking Garage","c":0}},{"type":"Feature","geometry":{"type":"Polygon","coordinates":[[[-84.030631,39.799467],[-84.030669,39.799125],[-84.030846,39.799137],[-84.030808,39.799479],[-84.030631,39.799467]]]},"properties":{"p":"A02-0002-0014-0-0338-00","o":"WIKSTROM JAMES P & DYLAN A WIKSTROM","a":"219  FOREST ST","d":"FAIRBORN CITY SCHOOL DISTRICT","t":1700.69,"l":"510: Res-Single Family","c":0}},{"type":"Feature","geometry":{"type":"Polygon","coordinates":[[[-84.040454,39.79553],[-84.040468,39.795393],[-84.040912,39.795421],[-84.040897,39.795558],[-84.040454,39.79553]]]},"properties":{"p":"A02-0002-0015-0-0635-00","o":"YEATON STEVEN LEE","a":"1710  NORTH BLVD","d":"FAIRBORN CITY SCHOOL DISTRICT","t":1387.17,"l":"510: Res-Single Family","c":0}},{"type":"Feature","geometry":{"type":"Polygon","coordinates":[[[-84.043463,39.793252],[-84.043477,39.793115],[-84.043835,39.793137],[-84.0439,39.793279],[-84.043463,39.793252]]]},"properties":{"p":"A02-0002-0015-0-0767-00","o":"WETZEL MARY D","a":"1843  BURROWES BLVD","d":"FAIRBORN CITY SCHOOL DISTRICT","t":1033.21,"l":"510: Res-Single Family","c":0}},{"type":"Feature","geometry":{"type":"Polygon","coordinates":[[[-84.042211,39.790802],[-84.042248,39.79046],[-84.042336,39.790466],[-84.0423,39.790808],[-84.042211,39.790802]]]},"properties":{"p":"A02-0002-0016-0-0025-00","o":"WANG XURI","a":"623  FAIRFIELD AVE","d":"FAIRBORN CITY SCHOOL DISTRICT","t":108.63,"l":"500: Res-Vacant Land","c":0}},{"type":"Feature","geometry":{"type":"Polygon","coordinates":[[[-84.0423,39.790808],[-84.042336,39.790466],[-84.042425,39.790472],[-84.042388,39.790814],[-84.0423,39.790808]]]},"properties":{"p":"A02-0002-0016-0-0026-00","o":"WANG XURI","a":"623  FAIRFIELD AVE","d":"FAIRBORN CITY SCHOOL DISTRICT","t":1066.53,"l":"510: Res-Single Family","c":0}},{"type":"Feature","geometry":{"type":"Polygon","coordinates":[[[-84.032905,39.69138],[-84.033297,39.690948],[-84.032349,39.690376],[-84.032375,39.69035],[-84.031426,39.689779],[-84.033617,39.688296],[-84.033676,39.688347],[-84.031565,39.689776],[-84.032498,39.690338],[-84.032473,39.690364],[-84.033418,39.690934],[-84.033009,39.691385],[-84.032905,39.69138]]]},"properties":{"p":"B03-0001-0022-0-0078-00","o":"OHIO DEPARTMENT OF NATURAL RESOURCES","a":"0  INDIAN RIPPLE RD","d":"BEAVERCREEK CITY SCHOOL DISTRICT","t":35.75,"l":"501: Res-Custom Code","c":0}},{"type":"Feature","geometry":{"type":"Polygon","coordinates":[[[-84.033617,39.688296],[-84.034454,39.687734],[-84.036047,39.686554],[-84.037133,39.685248],[-84.037208,39.685285],[-84.036116,39.686598],[-84.034514,39.687784],[-84.033676,39.688347],[-84.033617,39.688296]]]},"properties":{"p":"B03-0001-0022-0-0139-00","o":"OHIO DEPARTMENT OF NATURAL RESOURCES","a":"0  INDIAN RIPPLE RD","d":"BEAVERCREEK CITY SCHOOL DISTRICT","t":617.26,"l":"110: Agr-CAUV-Vacant Land","c":0}},{"type":"Feature","geometry":{"type":"Polygon","coordinates":[[[-83.993379,39.71031],[-83.993454,39.709649],[-83.993654,39.709713],[-83.994148,39.709623],[-83.994093,39.710355],[-83.993379,39.71031]]]},"properties":{"p":"B03-0002-0035-0-0008-00","o":"BRUMLEY KRISTIN A","a":"1526  DAYTON XENIA RD","d":"BEAVERCREEK CITY SCHOOL DISTRICT","t":7614.22,"l":"511: Res-Custom Code","c":0}},{"type":"Feature","geometry":{"type":"Polygon","coordinates":[[[-83.996155,39.721446],[-83.996269,39.720387],[-83.996949,39.72095],[-83.996146,39.721533],[-83.996155,39.721446]]]},"properties":{"p":"B03-0002-0036-0-0358-00","o":"EHRHART DREW A & BRANDI M","a":"1214  ANKENEY RD","d":"BEAVERCREEK CITY SCHOOL DISTRICT","t":4527.86,"l":"511: Res-Custom Code","c":0}},{"type":"Feature","geometry":{"type":"Polygon","coordinates":[[[-83.989506,39.725388],[-83.989648,39.725337],[-83.989569,39.725756],[-83.989006,39.725737],[-83.988998,39.725657],[-83.988966,39.725581],[-83.989506,39.725388]]]},"properties":{"p":"B03-0002-0043-0-0180-00","o":"LAUDERBAUGH HEATHER M","a":"1499  ABBEY PARK PL","d":"BEAVERCREEK CITY SCHOOL DISTRICT","t":17849.95,"l":"510: Res-Single Family","c":0}},{"type":"Feature","geometry":{"type":"Polygon","coordinates":[[[-83.995875,39.702922],[-83.994933,39.7024],[-83.996066,39.701198],[-83.996623,39.701554],[-83.997149,39.701858],[-83.996996,39.702014],[-83.996753,39.702214],[-83.996008,39.702994],[-83.995875,39.702922]]]},"properties":{"p":"B03-0002-0049-1-0014-00","o":"SHELTON KENNETH E JR & LUANN M","a":"556  TREBEIN RD","d":"BEAVERCREEK CITY SCHOOL DISTRICT","t":3431.82,"l":"499: Com-Other","c":0}},{"type":"Feature","geometry":{"type":"Polygon","coordinates":[[[-83.984275,39.705514],[-83.984369,39.705426],[-83.985694,39.705575],[-83.985852,39.705717],[-83.985569,39.705836],[-83.985585,39.706511],[-83.983868,39.706198],[-83.983737,39.706019],[-83.984275,39.705514]]]},"properties":{"p":"B03-0002-0049-2-0007-00","o":"ALLIE PROPERTIES LTD","a":"1338  SHAW LN","d":"BEAVERCREEK CITY SCHOOL DISTRICT","t":300,"l":"300: Ind-Vacant Land","c":0}},{"type":"Feature","geometry":{"type":"Polygon","coordinates":[[[-84.015941,39.692475],[-84.016225,39.692362],[-84.016537,39.69265],[-84.016392,39.69271],[-84.016356,39.692751],[-84.016099,39.692712],[-84.015941,39.692475]]]},"properties":{"p":"B03-0002-0051-1-0095-00","o":"ANDREW FINANCIAL GROUP LLC","a":"0  GOVERNORS CLUB DR","d":"BEAVERCREEK CITY SCHOOL DISTRICT","t":751.81,"l":"500: Res-Vacant Land","c":0}},{"type":"Feature","geometry":{"type":"Polygon","coordinates":[[[-84.024566,39.686103],[-84.024803,39.685832],[-84.024866,39.685734],[-84.024952,39.685748],[-84.025135,39.685709],[-84.025183,39.685718],[-84.025214,39.685746],[-84.025197,39.686035],[-84.024647,39.686261],[-84.024566,39.686103]]]},"properties":{"p":"B03-0002-0051-1-0128-00","o":"CROUCH DEBRA","a":"0  VALHALLA (PRIVATE) CT","d":"BEAVERCREEK CITY SCHOOL DISTRICT","t":1537.17,"l":"500: Res-Vacant Land","c":0}},{"type":"Feature","geometry":{"type":"Polygon","coordinates":[[[-84.024647,39.686261],[-84.025197,39.686035],[-84.025222,39.68623],[-84.025281,39.686421],[-84.024736,39.686547],[-84.024647,39.686261]]]},"properties":{"p":"B03-0002-0051-1-0129-00","o":"CROUCH DEBRA RENEE","a":"158  SIGNATURE DR","d":"BEAVERCREEK CITY SCHOOL DISTRICT","t":18858.33,"l":"510: Res-Single Family","c":0}},{"type":"Feature","geometry":{"type":"Polygon","coordinates":[[[-84.010675,39.773989],[-84.010946,39.77359],[-84.011144,39.773689],[-84.011238,39.773775],[-84.011297,39.773856],[-84.010846,39.774033],[-84.010675,39.773989]]]},"properties":{"p":"B41-0002-0043-0-0058-00","o":"CLARK MICHELLE M","a":"2470  COUNTRYSIDE DR","d":"BEAVERCREEK CITY SCHOOL DISTRICT","t":4800.96,"l":"510: Res-Single Family","c":0}},{"type":"Feature","geometry":{"type":"Polygon","coordinates":[[[-84.083268,39.767487],[-84.083261,39.767405],[-84.083407,39.767005],[-84.083427,39.766983],[-84.083469,39.766976],[-84.083554,39.767003],[-84.083902,39.767144],[-84.083603,39.76758],[-84.083268,39.767487]]]},"properties":{"p":"B42-0001-0004-0-0013-00","o":"MATLOCK CHARITY A","a":"4082  GARDENVIEW DR","d":"BEAVERCREEK CITY SCHOOL DISTRICT","t":2033.26,"l":"510: Res-Single Family","c":0}},{"type":"Feature","geometry":{"type":"Polygon","coordinates":[[[-84.084718,39.766228],[-84.084385,39.766192],[-84.084514,39.765692],[-84.084887,39.765715],[-84.084834,39.766235],[-84.084718,39.766228]]]},"properties":{"p":"B42-0001-0004-0-0021-00","o":"COLLINS JAMES E","a":"4107  ROSEHILL DR","d":"BEAVERCREEK CITY SCHOOL DISTRICT","t":2660.69,"l":"510: Res-Single Family","c":0}},{"type":"Feature","geometry":{"type":"Polygon","coordinates":[[[-84.078475,39.776171],[-84.078608,39.775959],[-84.079431,39.776011],[-84.079411,39.77623],[-84.078475,39.776171]]]},"properties":{"p":"B42-0001-0009-0-0004-00","o":"FAIRBORN FULL GOSPEL","a":"2528  NATIONAL RD","d":"BEAVERCREEK CITY SCHOOL DISTRICT","t":1074.36,"l":"685: Exm-Public Woship","c":0}},{"type":"Feature","geometry":{"type":"Polygon","coordinates":[[[-84.077345,39.768856],[-84.077367,39.768623],[-84.078043,39.768555],[-84.07807,39.768697],[-84.078054,39.768896],[-84.077345,39.768856]]]},"properties":{"p":"B42-0001-0011-0-0009-00","o":"MAGUIRE THOMAS N & ANN P","a":"2660  SHADYCREST DR","d":"BEAVERCREEK CITY SCHOOL DISTRICT","t":2153.14,"l":"510: Res-Single Family","c":0}},{"type":"Feature","geometry":{"type":"Polygon","coordinates":[[[-84.07811,39.767449],[-84.078033,39.767444],[-84.078097,39.766828],[-84.078416,39.766848],[-84.078352,39.767464],[-84.07811,39.767449]]]},"properties":{"p":"B42-0001-0011-0-0039-00","o":"GREATER DAYTON REALTY LLC","a":"3940  GARDENVIEW DR","d":"BEAVERCREEK CITY SCHOOL DISTRICT","t":7157.19,"l":"510: Res-Single Family","c":0}},{"type":"Feature","geometry":{"type":"Polygon","coordinates":[[[-84.071998,39.768834],[-84.072004,39.768778],[-84.072041,39.76878],[-84.072035,39.768836],[-84.071998,39.768834]]]},"properties":{"p":"B42-0001-0011-0-0160-00","o":"DUNN HEIDI J","a":"3772  GRANT AVE","d":"BEAVERCREEK CITY SCHOOL DISTRICT","t":70.38,"l":"599: Res-Other","c":0}},{"type":"Feature","geometry":{"type":"Polygon","coordinates":[[[-84.072035,39.768836],[-84.072041,39.76878],[-84.072078,39.768783],[-84.072072,39.768839],[-84.072035,39.768836]]]},"properties":{"p":"B42-0001-0011-0-0161-00","o":"JASINSKI CANDICE & SEAN A","a":"0  GRANT AVE","d":"BEAVERCREEK CITY SCHOOL DISTRICT","t":147.78,"l":"599: Res-Other","c":0}},{"type":"Feature","geometry":{"type":"Polygon","coordinates":[[[-84.078467,39.762167],[-84.078521,39.76162],[-84.078901,39.761645],[-84.078846,39.762193],[-84.078467,39.762167]]]},"properties":{"p":"B42-0001-0013-0-0090-00","o":"MALDONADO MELQUIADES","a":"3941  LA BONNE ST","d":"BEAVERCREEK CITY SCHOOL DISTRICT","t":3487.85,"l":"510: Res-Single Family","c":0}},{"type":"Feature","geometry":{"type":"Polygon","coordinates":[[[-84.075336,39.758783],[-84.075316,39.758704],[-84.075386,39.758693],[-84.075408,39.758781],[-84.075336,39.758783]]]},"properties":{"p":"B42-0001-0013-1-0045-00","o":"KEATON DEBORAH","a":"2338  BIG SUR CIR","d":"BEAVERCREEK CITY SCHOOL DISTRICT","t":111.72,"l":"550: Res-Condo","c":0}},{"type":"Feature","geometry":{"type":"Polygon","coordinates":[[[-84.072671,39.750591],[-84.072727,39.749915],[-84.073057,39.749936],[-84.073001,39.750612],[-84.072671,39.750591]]]},"properties":{"p":"B42-0001-0015-0-0065-00","o":"NOAH RICHARD & MARY TROWER","a":"3756  KNOLLWOOD DR","d":"BEAVERCREEK CITY SCHOOL DISTRICT","t":1520.9,"l":"510: Res-Single Family","c":0}},{"type":"Feature","geometry":{"type":"Polygon","coordinates":[[[-84.074733,39.751322],[-84.074798,39.750726],[-84.074975,39.750737],[-84.07491,39.751334],[-84.074733,39.751322]]]},"properties":{"p":"B42-0001-0015-0-0115-00","o":"NAGEL DONALD F & LINDA S","a":"3801  WINTHROP DR","d":"BEAVERCREEK CITY SCHOOL DISTRICT","t":427.24,"l":"500: Res-Vacant Land","c":0}},{"type":"Feature","geometry":{"type":"Polygon","coordinates":[[[-84.074378,39.7513],[-84.074443,39.750703],[-84.074798,39.750726],[-84.074733,39.751322],[-84.074378,39.7513]]]},"properties":{"p":"B42-0001-0015-0-0116-00","o":"NAGEL DONALD F & LINDA S","a":"3801  WINTHROP DR","d":"BEAVERCREEK CITY SCHOOL DISTRICT","t":3295.47,"l":"510: Res-Single Family","c":0}},{"type":"Feature","geometry":{"type":"Polygon","coordinates":[[[-84.070859,39.754286],[-84.070887,39.754012],[-84.071669,39.754058],[-84.071641,39.754332],[-84.070859,39.754286]]]},"properties":{"p":"B42-0001-0015-0-0135-00","o":"DERR BRENDA J","a":"2174  TULANE DR","d":"BEAVERCREEK CITY SCHOOL DISTRICT","t":423.16,"l":"510: Res-Single Family","c":0}},{"type":"Feature","geometry":{"type":"Polygon","coordinates":[[[-84.07959,39.752627],[-84.07962,39.752334],[-84.080329,39.752376],[-84.080299,39.752669],[-84.07959,39.752627]]]},"properties":{"p":"B42-0001-0015-0-0188-00","o":"JONES HARRY W & LAETTA F GAYHEART TRUSTEES","a":"2102  LA GRANGE RD","d":"BEAVERCREEK CITY SCHOOL DISTRICT","t":4855.87,"l":"510: Res-Single Family","c":0}},{"type":"Feature","geometry":{"type":"Polygon","coordinates":[[[-84.067104,39.750656],[-84.067158,39.750093],[-84.067513,39.750116],[-84.067458,39.750677],[-84.067104,39.750656]]]},"properties":{"p":"B42-0001-0016-0-0077-00","o":"PRATT ANNIE J","a":"3603  MECCA DR","d":"BEAVERCREEK CITY SCHOOL DISTRICT","t":1859.04,"l":"510: Res-Single Family","c":0}},{"type":"Feature","geometry":{"type":"Polygon","coordinates":[[[-84.064596,39.753792],[-84.064623,39.753519],[-84.065332,39.753567],[-84.065305,39.753841],[-84.064596,39.753792]]]},"properties":{"p":"B42-0001-0016-0-0184-00","o":"HEMMINGSEN TAMMY L","a":"2171  TURNBULL RD","d":"BEAVERCREEK CITY SCHOOL DISTRICT","t":9549.46,"l":"510: Res-Single Family","c":0}},{"type":"Feature","geometry":{"type":"Polygon","coordinates":[[[-84.098802,39.746803],[-84.098828,39.746529],[-84.099396,39.746561],[-84.09937,39.746835],[-84.098802,39.746803]]]},"properties":{"p":"B42-0002-0001-0-0086-00","o":"HORNICK LAWRENCE E","a":"1854  WILLOWGREEN DR","d":"BEAVERCREEK CITY SCHOOL DISTRICT","t":11015.34,"l":"510: Res-Single Family","c":0}},{"type":"Feature","geometry":{"type":"Polygon","coordinates":[[[-84.095229,39.745912],[-84.095293,39.745637],[-84.09533,39.745605],[-84.09586,39.745674],[-84.096006,39.745709],[-84.095902,39.745981],[-84.095229,39.745912]]]},"properties":{"p":"B42-0002-0001-0-0148-00","o":"JONES AMBER J","a":"1843  SCOTCH PINE DR","d":"BEAVERCREEK CITY SCHOOL DISTRICT","t":10039.78,"l":"510: Res-Single Family","c":0}},{"type":"Feature","geometry":{"type":"Polygon","coordinates":[[[-84.098234,39.746771],[-84.098248,39.746515],[-84.098834,39.746467],[-84.098802,39.746803],[-84.098234,39.746771]]]},"properties":{"p":"B42-0002-0001-0-0195-00","o":"HOSKINS CATHERINE R","a":"1857  HICKORY RIDGE DR","d":"BEAVERCREEK CITY SCHOOL DISTRICT","t":2707.05,"l":"510: Res-Single Family","c":0}},{"type":"Feature","geometry":{"type":"Polygon","coordinates":[[[-84.10041,39.74221],[-84.100003,39.742185],[-84.100046,39.741757],[-84.100527,39.741787],[-84.100486,39.742215],[-84.10041,39.74221]]]},"properties":{"p":"B42-0002-0003-0-0012-00","o":"BRETZ JAMES L","a":"4444  ARDONNA LN","d":"BEAVERCREEK CITY SCHOOL DISTRICT","t":1989.14,"l":"510: Res-Single Family","c":0}},{"type":"Feature","geometry":{"type":"Polygon","coordinates":[[[-84.098413,39.741952],[-84.098445,39.741642],[-84.099053,39.741679],[-84.0991,39.74171],[-84.099073,39.741995],[-84.098413,39.741952]]]},"properties":{"p":"B42-0002-0003-0-0051-00","o":"KOREAN FULL GOSPEL CHURCH","a":"1714  WILENE DR","d":"BEAVERCREEK CITY SCHOOL DISTRICT","t":1.75,"l":"685: Exm-Public Woship","c":0}},{"type":"Feature","geometry":{"type":"Polygon","coordinates":[[[-84.090409,39.739361],[-84.090464,39.738793],[-84.09053,39.738772],[-84.090819,39.738815],[-84.090764,39.739382],[-84.090409,39.739361]]]},"properties":{"p":"B42-0002-0004-0-0039-00","o":"CALVARY CHAPEL OF DAYTON","a":"1621  ROSEMEADE DR","d":"BEAVERCREEK CITY SCHOOL DISTRICT","t":3446.22,"l":"510: Res-Single Family","c":0}},{"type":"Feature","geometry":{"type":"Polygon","coordinates":[[[-84.086986,39.738527],[-84.087038,39.738075],[-84.08711,39.738073],[-84.087535,39.738159],[-84.087497,39.738556],[-84.086986,39.738527]]]},"properties":{"p":"B42-0002-0004-0-0047-00","o":"ALLURE RESIDENTIAL & COMMERCIAL INC","a":"4108  DAYTON XENIA RD","d":"BEAVERCREEK CITY SCHOOL DISTRICT","t":10065.45,"l":"429: Com-Other","c":0}},{"type":"Feature","geometry":{"type":"Polygon","coordinates":[[[-84.088087,39.739493],[-84.08814,39.738946],[-84.088492,39.738967],[-84.088438,39.739514],[-84.088087,39.739493]]]},"properties":{"p":"B42-0002-0004-0-0112-00","o":"PEARCE WAYNE T TRUSTEE","a":"1619  MARDON DR","d":"BEAVERCREEK CITY SCHOOL DISTRICT","t":8910.08,"l":"499: Com-Other","c":0}},{"type":"Feature","geometry":{"type":"Polygon","coordinates":[[[-84.089502,39.739576],[-84.089529,39.739303],[-84.090238,39.739344],[-84.090211,39.739618],[-84.089502,39.739576]]]},"properties":{"p":"B42-0002-0004-0-0116-00","o":"BLAIR MICHAEL L & BRENDA L","a":"4181  MAPLEVIEW DR","d":"BEAVERCREEK CITY SCHOOL DISTRICT","t":6718.58,"l":"510: Res-Single Family","c":0}},{"type":"Feature","geometry":{"type":"Polygon","coordinates":[[[-84.075421,39.742869],[-84.075452,39.742603],[-84.076107,39.742648],[-84.076076,39.742913],[-84.075421,39.742869]]]},"properties":{"p":"B42-0002-0009-0-0028-00","o":"ISBELL SUZANNE M","a":"1779 N CENTRAL DR","d":"BEAVERCREEK CITY SCHOOL DISTRICT","t":1806.93,"l":"510: Res-Single Family","c":0}},{"type":"Feature","geometry":{"type":"Polygon","coordinates":[[[-84.075832,39.745349],[-84.075864,39.745034],[-84.076432,39.745061],[-84.0764,39.745375],[-84.075832,39.745349]]]},"properties":{"p":"B42-0002-0009-0-0118-00","o":"BROCKLEHURST NANCY LOU","a":"1858 N LONGVIEW ST","d":"BEAVERCREEK CITY SCHOOL DISTRICT","t":2609.09,"l":"510: Res-Single Family","c":0}},{"type":"Feature","geometry":{"type":"Polygon","coordinates":[[[-84.077693,39.747286],[-84.077717,39.747054],[-84.078577,39.747107],[-84.078566,39.747224],[-84.078534,39.747338],[-84.077693,39.747286]]]},"properties":{"p":"B42-0002-0009-0-0231-00","o":"MAGUIRE THOMAS N","a":"1924  GRANGE VIEW RD","d":"BEAVERCREEK CITY SCHOOL DISTRICT","t":2075.09,"l":"510: Res-Single Family","c":0}},{"type":"Feature","geometry":{"type":"Polygon","coordinates":[[[-84.078985,39.748019],[-84.079046,39.747754],[-84.079674,39.747793],[-84.079644,39.74806],[-84.078985,39.748019]]]},"properties":{"p":"B42-0002-0009-0-0237-00","o":"NAAS GREGG D & MARLA L","a":"1949  GRANGE VIEW RD","d":"BEAVERCREEK CITY SCHOOL DISTRICT","t":12733.31,"l":"510: Res-Single Family","c":0}},{"type":"Feature","geometry":{"type":"Polygon","coordinates":[[[-84.069669,39.744789],[-84.069718,39.744284],[-84.070163,39.744311],[-84.070117,39.744817],[-84.069669,39.744789]]]},"properties":{"p":"B42-0002-0010-0-0043-00","o":"MASSENGALE LINDA R","a":"3661  MCELRATH DR","d":"BEAVERCREEK CITY SCHOOL DISTRICT","t":2586.95,"l":"510: Res-Single Family","c":0}},{"type":"Feature","geometry":{"type":"Polygon","coordinates":[[[-84.071741,39.746614],[-84.071775,39.746284],[-84.072331,39.746315],[-84.072293,39.746647],[-84.071741,39.746614]]]},"properties":{"p":"B42-0002-0010-0-0187-00","o":"KILBURN JACK D & KATHLEEN L","a":"1910  FORESTDALE AVE","d":"BEAVERCREEK CITY SCHOOL DISTRICT","t":787.29,"l":"510: Res-Single Family","c":0}},{"type":"Feature","geometry":{"type":"Polygon","coordinates":[[[-84.067704,39.747646],[-84.067457,39.747631],[-84.067516,39.747028],[-84.067839,39.747048],[-84.067779,39.747651],[-84.067704,39.747646]]]},"properties":{"p":"B42-0002-0010-0-0224-00","o":"HELMS ALVIN H","a":"3606  EASTERN DR","d":"BEAVERCREEK CITY SCHOOL DISTRICT","t":10748.56,"l":"510: Res-Single Family","c":0}},{"type":"Feature","geometry":{"type":"Polygon","coordinates":[[[-84.066995,39.747601],[-84.06672,39.747583],[-84.066779,39.746988],[-84.067148,39.747008],[-84.067088,39.747607],[-84.066995,39.747601]]]},"properties":{"p":"B42-0002-0010-0-0238-00","o":"MULLINS WILLIAM","a":"3588  EASTERN DR","d":"BEAVERCREEK CITY SCHOOL DISTRICT","t":423.07,"l":"510: Res-Single Family","c":0}},{"type":"Feature","geometry":{"type":"Polygon","coordinates":[[[-84.066054,39.74681],[-84.066114,39.746201],[-84.066483,39.746225],[-84.066423,39.746831],[-84.066054,39.74681]]]},"properties":{"p":"B42-0002-0010-0-0248-00","o":"ENRIQUEZ INVESTMENTS LLC","a":"3567  EASTERN DR","d":"BEAVERCREEK CITY SCHOOL DISTRICT","t":3418.86,"l":"510: Res-Single Family","c":0}},{"type":"Feature","geometry":{"type":"Polygon","coordinates":[[[-84.077758,39.739264],[-84.077789,39.738941],[-84.078444,39.738984],[-84.078414,39.739306],[-84.077758,39.739264]]]},"properties":{"p":"B42-0002-0011-0-0031-00","o":"SABIN JONATHAN S","a":"1649 N LONGVIEW ST","d":"BEAVERCREEK CITY SCHOOL DISTRICT","t":9.24,"l":"500: Res-Vacant Land","c":0}},{"type":"Feature","geometry":{"type":"Polygon","coordinates":[[[-84.077103,39.739221],[-84.077133,39.738899],[-84.077789,39.738941],[-84.077758,39.739264],[-84.077103,39.739221]]]},"properties":{"p":"B42-0002-0011-0-0051-00","o":"SABIN JONATHAN S","a":"1649 N LONGVIEW ST","d":"BEAVERCREEK CITY SCHOOL DISTRICT","t":187.2,"l":"510: Res-Single Family","c":0}},{"type":"Feature","geometry":{"type":"Polygon","coordinates":[[[-84.081418,39.735424],[-84.081437,39.735192],[-84.082146,39.735237],[-84.082126,39.735477],[-84.081418,39.735424]]]},"properties":{"p":"B42-0002-0011-0-0173-00","o":"SCHAEFFER ROBERT P & MELISSA K","a":"1512 W LYNN DR","d":"BEAVERCREEK CITY SCHOOL DISTRICT","t":3245.63,"l":"510: Res-Single Family","c":0}},{"type":"Feature","geometry":{"type":"Polygon","coordinates":[[[-84.079907,39.73712],[-84.079768,39.737091],[-84.079816,39.736596],[-84.080165,39.736664],[-84.080094,39.737159],[-84.079907,39.73712]]]},"properties":{"p":"B42-0002-0011-0-0179-00","o":"KINDER TINA","a":"3908  DAYTON XENIA RD","d":"BEAVERCREEK CITY SCHOOL DISTRICT","t":17797.68,"l":"510: Res-Single Family","c":0}},{"type":"Feature","geometry":{"type":"Polygon","coordinates":[[[-84.081437,39.735192],[-84.080816,39.735153],[-84.080838,39.734885],[-84.081553,39.73493],[-84.081531,39.735198],[-84.081437,39.735192]]]},"properties":{"p":"B42-0002-0011-0-0325-00","o":"ENT DAVID B & SHERRY L","a":"1503 E LYNN DR","d":"BEAVERCREEK CITY SCHOOL DISTRICT","t":3361.1,"l":"510: Res-Single Family","c":0}},{"type":"Feature","geometry":{"type":"Polygon","coordinates":[[[-84.073,39.737894],[-84.073011,39.737598],[-84.073478,39.737623],[-84.073455,39.737801],[-84.073799,39.737871],[-84.073793,39.737937],[-84.073,39.737894]]]},"properties":{"p":"B42-0002-0012-0-0010-00","o":"CLEMENS CHERYL","a":"1613  FORESTDALE AVE","d":"BEAVERCREEK CITY SCHOOL DISTRICT","t":4121.8,"l":"510: Res-Single Family","c":0}},{"type":"Feature","geometry":{"type":"Polygon","coordinates":[[[-84.071783,39.735309],[-84.071803,39.735001],[-84.072021,39.735008],[-84.071982,39.736017],[-84.072336,39.737277],[-84.072277,39.737549],[-84.072073,39.737536],[-84.072125,39.737243],[-84.071778,39.73628],[-84.071756,39.73581],[-84.071783,39.735309]]]},"properties":{"p":"B42-0002-0012-0-0053-00","o":"BEAVER CHARLES I","a":"0  BEAVERBROOK DR","d":"BEAVERCREEK CITY SCHOOL DISTRICT","t":117.7,"l":"501: Res-Custom Code","c":0}},{"type":"Feature","geometry":{"type":"Polygon","coordinates":[[[-84.071768,39.738523],[-84.071825,39.738296],[-84.072121,39.73831],[-84.072075,39.738541],[-84.071768,39.738523]]]},"properties":{"p":"B42-0002-0012-0-0055-00","o":"JETTER EDNA G TRUSTEE","a":"0  HIGHMONT ST","d":"BEAVERCREEK CITY SCHOOL DISTRICT","t":452.89,"l":"500: Res-Vacant Land","c":0}},{"type":"Feature","geometry":{"type":"Polygon","coordinates":[[[-84.069142,39.737343],[-84.069167,39.737096],[-84.069676,39.737127],[-84.06963,39.737372],[-84.069142,39.737343]]]},"properties":{"p":"B42-0002-0012-0-0074-00","o":"POSTON BARBARA ANN","a":"1606  WOODS DR","d":"BEAVERCREEK CITY SCHOOL DISTRICT","t":751.86,"l":"510: Res-Single Family","c":0}},{"type":"Feature","geometry":{"type":"Polygon","coordinates":[[[-84.069044,39.738328],[-84.06907,39.738082],[-84.069557,39.738111],[-84.069532,39.738357],[-84.069044,39.738328]]]},"properties":{"p":"B42-0002-0012-0-0079-00","o":"KREY DANIEL ADAM","a":"1642  WOODS DR","d":"BEAVERCREEK CITY SCHOOL DISTRICT","t":10010.74,"l":"510: Res-Single Family","c":0}},{"type":"Feature","geometry":{"type":"Polygon","coordinates":[[[-84.076273,39.73426],[-84.076295,39.734055],[-84.07695,39.734096],[-84.076929,39.734301],[-84.076273,39.73426]]]},"properties":{"p":"B42-0002-0013-0-0028-00","o":"LUCOUS LARRY & MARY A ANDERSON","a":"1483 S CENTRAL DR","d":"BEAVERCREEK CITY SCHOOL DISTRICT","t":3597.42,"l":"510: Res-Single Family","c":0}},{"type":"Feature","geometry":{"type":"Polygon","coordinates":[[[-84.083505,39.7211],[-84.083615,39.720992],[-84.083702,39.720872],[-84.08451,39.721163],[-84.08449,39.721363],[-84.084132,39.721347],[-84.084114,39.721532],[-84.083505,39.7211]]]},"properties":{"p":"B42-0002-0015-0-0184-00","o":"BALL ERNA H & SUSAN G GOODE","a":"3965  REXFORD RD","d":"BEAVERCREEK CITY SCHOOL DISTRICT","t":5825.8,"l":"510: Res-Single Family","c":0}},{"type":"Feature","geometry":{"type":"Polygon","coordinates":[[[-84.065691,39.724943],[-84.065113,39.724521],[-84.065532,39.724578],[-84.066192,39.724561],[-84.06614,39.725266],[-84.065691,39.724943]]]},"properties":{"p":"B42-0002-0016-0-0192-00","o":"RSAODOT LLC","a":"0  PATTERSON RD","d":"BEAVERCREEK CITY SCHOOL DISTRICT","t":8048.88,"l":"501: Res-Custom Code","c":0}},{"type":"Feature","geometry":{"type":"Polygon","coordinates":[[[-84.102795,39.716835],[-84.102839,39.716373],[-84.103275,39.716389],[-84.10323,39.716864],[-84.102795,39.716835]]]},"properties":{"p":"B42-0003-0001-0-0007-00","o":"DANIELS ROBERT E JR","a":"4445  SHAKERTOWN RD","d":"BEAVERCREEK CITY SCHOOL DISTRICT","t":3255.83,"l":"520: Res-Two Family","c":0}},{"type":"Feature","geometry":{"type":"Polygon","coordinates":[[[-84.102378,39.716808],[-84.102421,39.716345],[-84.102839,39.716373],[-84.102795,39.716835],[-84.102378,39.716808]]]},"properties":{"p":"B42-0003-0001-0-0008-00","o":"DANIELS ROBERT E JR","a":"0  SHAKERTOWN RD","d":"BEAVERCREEK CITY SCHOOL DISTRICT","t":564.69,"l":"500: Res-Vacant Land","c":0}},{"type":"Feature","geometry":{"type":"Polygon","coordinates":[[[-84.101963,39.716782],[-84.102008,39.716296],[-84.102421,39.716345],[-84.102378,39.716808],[-84.101963,39.716782]]]},"properties":{"p":"B42-0003-0001-0-0009-00","o":"DANIELS ROBERT E JR","a":"0  SHAKERTOWN RD","d":"BEAVERCREEK CITY SCHOOL DISTRICT","t":184.8,"l":"599: Res-Other","c":0}},{"type":"Feature","geometry":{"type":"Polygon","coordinates":[[[-84.101569,39.716756],[-84.101616,39.716248],[-84.102008,39.716296],[-84.101963,39.716782],[-84.101569,39.716756]]]},"properties":{"p":"B42-0003-0001-0-0010-00","o":"DANIELS ROBERT E JR","a":"0  SHAKERTOWN RD","d":"BEAVERCREEK CITY SCHOOL DISTRICT","t":168.25,"l":"500: Res-Vacant Land","c":0}},{"type":"Feature","geometry":{"type":"Polygon","coordinates":[[[-84.096956,39.71278],[-84.096999,39.712331],[-84.097452,39.71236],[-84.097409,39.712809],[-84.096956,39.71278]]]},"properties":{"p":"B42-0003-0003-0-0092-00","o":"KUHN JEFFREY L","a":"711  TERRACE DR","d":"BEAVERCREEK CITY SCHOOL DISTRICT","t":1674.28,"l":"510: Res-Single Family","c":0}},{"type":"Feature","geometry":{"type":"Polygon","coordinates":[[[-84.103194,39.711308],[-84.103217,39.711098],[-84.103416,39.711111],[-84.103409,39.711181],[-84.103356,39.711177],[-84.103341,39.711318],[-84.103194,39.711308]]]},"properties":{"p":"B42-0003-0003-0-0377-00","o":"BENTON RELLIE A & MAUREEN P","a":"4458  COTTAGE PARK DR","d":"BEAVERCREEK CITY SCHOOL DISTRICT","t":3891.9,"l":"550: Res-Condo","c":0}},{"type":"Feature","geometry":{"type":"Polygon","coordinates":[[[-84.09416,39.703639],[-84.094494,39.703572],[-84.094445,39.703963],[-84.093967,39.70412],[-84.09416,39.703639]]]},"properties":{"p":"B42-0003-0006-0-0175-00","o":"CLINE CHARLES & PAULA","a":"0  WALBRIDGE TRL","d":"BEAVERCREEK CITY SCHOOL DISTRICT","t":30.09,"l":"501: Res-Custom Code","c":0}},{"type":"Feature","geometry":{"type":"Polygon","coordinates":[[[-84.098042,39.699664],[-84.0988,39.699643],[-84.09884,39.699916],[-84.098055,39.699939],[-84.098042,39.699664]]]},"properties":{"p":"B42-0003-0007-0-0092-00","o":"INMAN ELIZABETH","a":"2817  ELLEN LN","d":"BEAVERCREEK CITY SCHOOL DISTRICT","t":2282.19,"l":"510: Res-Single Family","c":0}},{"type":"Feature","geometry":{"type":"Polygon","coordinates":[[[-84.090755,39.699197],[-84.090781,39.698923],[-84.091489,39.698962],[-84.091464,39.699236],[-84.090755,39.699197]]]},"properties":{"p":"B42-0003-0008-0-0065-00","o":"CONLEY PAUL E & EVELYN M TRUSTEES","a":"165  WOODCROFT TRL","d":"BEAVERCREEK CITY SCHOOL DISTRICT","t":2154.8,"l":"510: Res-Single Family","c":0}},{"type":"Feature","geometry":{"type":"Polygon","coordinates":[[[-84.085743,39.697552],[-84.085777,39.697194],[-84.08684,39.697246],[-84.086805,39.697604],[-84.085743,39.697552]]]},"properties":{"p":"B42-0003-0008-0-0076-00","o":"COCHRAN GERALDINE A","a":"76  APPLE BLOSSOM PL","d":"BEAVERCREEK CITY SCHOOL DISTRICT","t":2013.85,"l":"510: Res-Single Family","c":0}},{"type":"Feature","geometry":{"type":"Polygon","coordinates":[[[-84.088023,39.690215],[-84.088031,39.689691],[-84.08851,39.689696],[-84.088503,39.690219],[-84.088023,39.690215]]]},"properties":{"p":"B42-0003-0010-0-0079-00","o":"SHROUT STERLING","a":"4077  CHALMETTE DR","d":"BEAVERCREEK CITY SCHOOL DISTRICT","t":9338.82,"l":"510: Res-Single Family","c":0}},{"type":"Feature","geometry":{"type":"Polygon","coordinates":[[[-84.090655,39.690392],[-84.09101,39.690395],[-84.091007,39.690991],[-84.090651,39.691018],[-84.090655,39.690392]]]},"properties":{"p":"B42-0003-0010-0-0091-00","o":"BUSSEY ANGELA M & TANNER K","a":"0  CHALMETTE DR","d":"BEAVERCREEK CITY SCHOOL DISTRICT","t":4964.43,"l":"500: Res-Vacant Land","c":0}},{"type":"Feature","geometry":{"type":"Polygon","coordinates":[[[-84.093482,39.69091],[-84.093873,39.690914],[-84.094017,39.691353],[-84.093524,39.691403],[-84.093482,39.69091]]]},"properties":{"p":"B42-0003-0010-0-0100-00","o":"LAWSON SOUDER CRYSTAL L","a":"4221  CARONDELET DR","d":"BEAVERCREEK CITY SCHOOL DISTRICT","t":3451.7,"l":"510: Res-Single Family","c":0}},{"type":"Feature","geometry":{"type":"Polygon","coordinates":[[[-84.09202,39.695606],[-84.092207,39.693405],[-84.093083,39.693414],[-84.092893,39.695596],[-84.092368,39.695591],[-84.092292,39.695606],[-84.09202,39.695606]]]},"properties":{"p":"B42-0003-0010-0-0179-00","o":"DANIELS GARY","a":"4193  INDIAN RIPPLE RD","d":"BEAVERCREEK CITY SCHOOL DISTRICT","t":4620.45,"l":"511: Res-Custom Code","c":0}},{"type":"Feature","geometry":{"type":"Polygon","coordinates":[[[-84.103912,39.68388],[-84.10273,39.683844],[-84.102844,39.682446],[-84.104274,39.682468],[-84.104143,39.683887],[-84.103912,39.68388]]]},"properties":{"p":"B42-0003-0011-0-0034-00","o":"NEICK WILLIAM DAVID","a":"4404  WAGNER RD","d":"BEAVERCREEK CITY SCHOOL DISTRICT","t":824.41,"l":"511: Res-Custom Code","c":0}},{"type":"Feature","geometry":{"type":"Polygon","coordinates":[[[-84.086498,39.688058],[-84.086476,39.687909],[-84.087093,39.687781],[-84.087197,39.688081],[-84.086523,39.688221],[-84.086498,39.688058]]]},"properties":{"p":"B42-0003-0012-0-0259-00","o":"DEATON STEPHEN W & JENNIFER L","a":"282  GLENNVIEW DR","d":"BEAVERCREEK CITY SCHOOL DISTRICT","t":401.33,"l":"510: Res-Single Family","c":0}},{"type":"Feature","geometry":{"type":"Polygon","coordinates":[[[-84.080137,39.718927],[-84.080191,39.718388],[-84.080905,39.71843],[-84.08085,39.71897],[-84.080137,39.718927]]]},"properties":{"p":"B42-0003-0013-0-0005-00","o":"REAL GINGER L","a":"936  RIVERHILLS RD","d":"BEAVERCREEK CITY SCHOOL DISTRICT","t":11867.68,"l":"510: Res-Single Family","c":0}},{"type":"Feature","geometry":{"type":"Polygon","coordinates":[[[-84.075908,39.691723],[-84.07593,39.691402],[-84.076551,39.691431],[-84.076528,39.691749],[-84.075908,39.691723]]]},"properties":{"p":"B42-0003-0021-0-0038-00","o":"NICHOLS LARRY D","a":"120  CHERRY HILL DR","d":"BEAVERCREEK CITY SCHOOL DISTRICT","t":11568.73,"l":"510: Res-Single Family","c":0}},{"type":"Feature","geometry":{"type":"Polygon","coordinates":[[[-84.082509,39.69093],[-84.082546,39.690451],[-84.082954,39.69047],[-84.082917,39.690949],[-84.082509,39.69093]]]},"properties":{"p":"B42-0003-0021-0-0085-00","o":"RUDD LINDA S","a":"3931  FERNWALD DR","d":"BEAVERCREEK CITY SCHOOL DISTRICT","t":3248.81,"l":"510: Res-Single Family","c":0}},{"type":"Feature","geometry":{"type":"Polygon","coordinates":[[[-84.080549,39.6921],[-84.081042,39.691846],[-84.081299,39.69211],[-84.080786,39.692374],[-84.080549,39.6921]]]},"properties":{"p":"B42-0003-0021-0-0112-00","o":"REID RONALD J TRUSTEE","a":"95 S BARRYMORE LN","d":"BEAVERCREEK CITY SCHOOL DISTRICT","t":2861.87,"l":"510: Res-Single Family","c":0}},{"type":"Feature","geometry":{"type":"Polygon","coordinates":[[[-84.056855,39.764446],[-84.05657,39.764355],[-84.056236,39.764308],[-84.056145,39.764249],[-84.056121,39.764182],[-84.056188,39.763434],[-84.057091,39.763482],[-84.057008,39.764392],[-84.056984,39.764427],[-84.056941,39.76445],[-84.056855,39.764446]]]},"properties":{"p":"B42-0004-0003-0-0051-00","o":"2661 FAIRFIELD COMMONS LLC","a":"2661  FAIRFIELD COMMONS","d":"BEAVERCREEK CITY SCHOOL DISTRICT","t":2560.22,"l":"430: Com-Retaurant","c":0}},{"type":"Feature","geometry":{"type":"Polygon","coordinates":[[[-84.049022,39.755607],[-84.049077,39.755077],[-84.049118,39.755058],[-84.049427,39.755076],[-84.049377,39.755626],[-84.049022,39.755607]]]},"properties":{"p":"B42-0004-0006-0-0039-00","o":"GARRETT SCOTT","a":"2261  EL CID DR","d":"BEAVERCREEK CITY SCHOOL DISTRICT","t":7452.68,"l":"510: Res-Single Family","c":0}},{"type":"Feature","geometry":{"type":"Polygon","coordinates":[[[-84.033074,39.767942],[-84.033109,39.7676],[-84.033677,39.767635],[-84.033642,39.767977],[-84.033074,39.767942]]]},"properties":{"p":"B42-0004-0011-0-0087-00","o":"CAUDILL CYNTHIA A","a":"2713  GREENE HILLS DR","d":"BEAVERCREEK CITY SCHOOL DISTRICT","t":733.58,"l":"500: Res-Vacant Land","c":0}},{"type":"Feature","geometry":{"type":"Polygon","coordinates":[[[-84.03304,39.76828],[-84.033074,39.767942],[-84.033642,39.767977],[-84.033607,39.768319],[-84.03304,39.76828]]]},"properties":{"p":"B42-0004-0011-0-0088-00","o":"CAUDILL CYNTHIA A","a":"2713  GREENE HILLS DR","d":"BEAVERCREEK CITY SCHOOL DISTRICT","t":5440.86,"l":"510: Res-Single Family","c":0}},{"type":"Feature","geometry":{"type":"Polygon","coordinates":[[[-84.032311,39.760107],[-84.032339,39.759801],[-84.032978,39.759839],[-84.032947,39.760145],[-84.032311,39.760107]]]},"properties":{"p":"B42-0004-0014-0-0027-00","o":"BEGLEY MARK J TRUSTEE","a":"2450  BROWN BARK DR","d":"BEAVERCREEK CITY SCHOOL DISTRICT","t":17493.29,"l":"510: Res-Single Family","c":0}},{"type":"Feature","geometry":{"type":"Polygon","coordinates":[[[-84.037027,39.75328],[-84.037047,39.753138],[-84.037965,39.753188],[-84.03782,39.753391],[-84.037027,39.75328]]]},"properties":{"p":"B42-0004-0015-0-0016-00","o":"JOHNSON BEVERLY J","a":"2216  VAN OSS DR","d":"BEAVERCREEK CITY SCHOOL DISTRICT","t":1808.41,"l":"599: Res-Other","c":0}},{"type":"Feature","geometry":{"type":"Polygon","coordinates":[[[-84.037047,39.753138],[-84.03707,39.752974],[-84.03804,39.753027],[-84.037965,39.753188],[-84.037047,39.753138]]]},"properties":{"p":"B42-0004-0015-0-0017-00","o":"JOHNSON BEVERLY J","a":"2210  VAN OSS DR","d":"BEAVERCREEK CITY SCHOOL DISTRICT","t":6875.58,"l":"510: Res-Single Family","c":0}},{"type":"Feature","geometry":{"type":"Polygon","coordinates":[[[-84.035946,39.750278],[-84.036228,39.750031],[-84.036416,39.750118],[-84.0364,39.750284],[-84.036037,39.750376],[-84.035946,39.750278]]]},"properties":{"p":"B42-0004-0015-0-0106-00","o":"HOGREFE CARL F","a":"2777  TERRACEVIEW CIR","d":"BEAVERCREEK CITY SCHOOL DISTRICT","t":191.36,"l":"510: Res-Single Family","c":0}},{"type":"Feature","geometry":{"type":"Polygon","coordinates":[[[-84.022754,39.756514],[-84.023042,39.753497],[-84.024674,39.753581],[-84.024575,39.754642],[-84.024532,39.75464],[-84.02437,39.756384],[-84.023477,39.756337],[-84.023457,39.756555],[-84.022754,39.756514]]]},"properties":{"p":"B42-0004-0017-0-0003-00","o":"2476 KEMP ROAD LLC","a":"2476  KEMP RD","d":"BEAVERCREEK CITY SCHOOL DISTRICT","t":15479.18,"l":"111: Agr-CAUV-Cash-Grain Farm","c":0}},{"type":"Feature","geometry":{"type":"Polygon","coordinates":[[[-84.017134,39.750371],[-84.017197,39.749248],[-84.016969,39.749234],[-84.016982,39.74896],[-84.017896,39.749014],[-84.01797,39.747709],[-84.018146,39.747718],[-84.017993,39.750423],[-84.017134,39.750371]]]},"properties":{"p":"B42-0004-0018-0-0019-00","o":"DAHDAH CINDY","a":"2059  BEAVER VALLEY RD","d":"BEAVERCREEK CITY SCHOOL DISTRICT","t":2168.21,"l":"501: Res-Custom Code","c":0}},{"type":"Feature","geometry":{"type":"Polygon","coordinates":[[[-84.049585,39.742236],[-84.049696,39.741442],[-84.05051,39.741148],[-84.049956,39.742394],[-84.049742,39.742286],[-84.049585,39.742236]]]},"properties":{"p":"B42-0005-0002-0-0013-00","o":"BARTOLOVICH ANDREW D","a":"3061  STARDUST DR","d":"BEAVERCREEK CITY SCHOOL DISTRICT","t":12770.66,"l":"510: Res-Single Family","c":0}},{"type":"Feature","geometry":{"type":"Polygon","coordinates":[[[-84.04512,39.742794],[-84.045145,39.742494],[-84.045848,39.742575],[-84.045822,39.742875],[-84.04512,39.742794]]]},"properties":{"p":"B42-0005-0002-0-0062-00","o":"BLACK DUSTIN","a":"1823  HANES RD","d":"BEAVERCREEK CITY SCHOOL DISTRICT","t":7140.92,"l":"510: Res-Single Family","c":0}},{"type":"Feature","geometry":{"type":"Polygon","coordinates":[[[-84.046906,39.743001],[-84.046849,39.742994],[-84.046964,39.742402],[-84.047315,39.742443],[-84.0472,39.743035],[-84.046906,39.743001]]]},"properties":{"p":"B42-0005-0002-0-0067-00","o":"COVILL THOMAS","a":"3034  STARDUST DR","d":"BEAVERCREEK CITY SCHOOL DISTRICT","t":10211.23,"l":"510: Res-Single Family","c":0}},{"type":"Feature","geometry":{"type":"Polygon","coordinates":[[[-84.058269,39.738304],[-84.058186,39.738299],[-84.058239,39.737721],[-84.058604,39.737741],[-84.058551,39.738321],[-84.058269,39.738304]]]},"properties":{"p":"B42-0005-0003-0-0048-00","o":"CROOKS NICHOLAS M","a":"3340  SUBURBAN DR","d":"BEAVERCREEK CITY SCHOOL DISTRICT","t":6200.72,"l":"510: Res-Single Family","c":0}},{"type":"Feature","geometry":{"type":"Polygon","coordinates":[[[-84.063629,39.730421],[-84.064325,39.729669],[-84.064582,39.729863],[-84.063918,39.73058],[-84.063629,39.730421]]]},"properties":{"p":"B42-0005-0005-0-0035-00","o":"MILLS TRUEMAN C","a":"1360  ARNICA RD","d":"BEAVERCREEK CITY SCHOOL DISTRICT","t":1342.32,"l":"510: Res-Single Family","c":0}},{"type":"Feature","geometry":{"type":"Polygon","coordinates":[[[-84.064069,39.729414],[-84.063938,39.729095],[-84.064341,39.729046],[-84.064453,39.729571],[-84.064069,39.729414]]]},"properties":{"p":"B42-0005-0005-0-0039-00","o":"GALLOWAY JOHN C & CONNIE W","a":"1345  ARNICA RD","d":"BEAVERCREEK CITY SCHOOL DISTRICT","t":1780.34,"l":"510: Res-Single Family","c":0}},{"type":"Feature","geometry":{"type":"Polygon","coordinates":[[[-84.059145,39.727092],[-84.059253,39.726201],[-84.059833,39.726968],[-84.059746,39.727023],[-84.059669,39.727127],[-84.059145,39.727092]]]},"properties":{"p":"B42-0005-0005-0-0077-00","o":"KIRK EDWARD N","a":"1288  ENOCHS DR","d":"BEAVERCREEK CITY SCHOOL DISTRICT","t":9186.19,"l":"510: Res-Single Family","c":0}},{"type":"Feature","geometry":{"type":"Polygon","coordinates":[[[-84.052179,39.727568],[-84.05243,39.727549],[-84.052458,39.727632],[-84.052555,39.727737],[-84.052268,39.727884],[-84.052179,39.727568]]]},"properties":{"p":"B42-0005-0006-0-0171-00","o":"HORNICK LAWRENCE EDWARD","a":"0  PARK WAY","d":"BEAVERCREEK CITY SCHOOL DISTRICT","t":876.29,"l":"500: Res-Vacant Land","c":0}},{"type":"Feature","geometry":{"type":"Polygon","coordinates":[[[-84.051909,39.723763],[-84.051942,39.723446],[-84.052049,39.723452],[-84.052016,39.72377],[-84.051909,39.723763]]]},"properties":{"p":"B42-0005-0008-0-0099-00","o":"KERN LESLIE","a":"3148  KERRY DR","d":"BEAVERCREEK CITY SCHOOL DISTRICT","t":4385.26,"l":"550: Res-Condo","c":0}},{"type":"Feature","geometry":{"type":"Polygon","coordinates":[[[-84.053453,39.722673],[-84.053387,39.722563],[-84.053425,39.72254],[-84.053507,39.722602],[-84.053768,39.72272],[-84.053713,39.722791],[-84.053453,39.722673]]]},"properties":{"p":"B42-0005-0008-0-0126-00","o":"COAST AND COUNTRY PROPERTIES LLC (OHIO)","a":"1133  KATIE CIR","d":"BEAVERCREEK CITY SCHOOL DISTRICT","t":1870.55,"l":"550: Res-Condo","c":0}},{"type":"Feature","geometry":{"type":"Polygon","coordinates":[[[-84.041707,39.736298],[-84.042139,39.736271],[-84.042375,39.736923],[-84.042072,39.737002],[-84.041707,39.736298]]]},"properties":{"p":"B42-0005-0011-0-0073-00","o":"NACE TINA L","a":"2911  MCKAY RD","d":"BEAVERCREEK CITY SCHOOL DISTRICT","t":8000.53,"l":"510: Res-Single Family","c":0}},{"type":"Feature","geometry":{"type":"Polygon","coordinates":[[[-84.044081,39.733703],[-84.044075,39.733429],[-84.044362,39.733446],[-84.04434,39.733718],[-84.044081,39.733703]]]},"properties":{"p":"B42-0005-0011-0-0102-00","o":"HINKLE AMELIA M","a":"0  HANES RD","d":"BEAVERCREEK CITY SCHOOL DISTRICT","t":140.21,"l":"500: Res-Vacant Land","c":0}},{"type":"Feature","geometry":{"type":"Polygon","coordinates":[[[-84.044075,39.733429],[-84.044072,39.733156],[-84.044383,39.733174],[-84.044362,39.733446],[-84.044075,39.733429]]]},"properties":{"p":"B42-0005-0011-0-0103-00","o":"HINKLE AMELIA M","a":"0  HANES RD","d":"BEAVERCREEK CITY SCHOOL DISTRICT","t":156.79,"l":"500: Res-Vacant Land","c":0}},{"type":"Feature","geometry":{"type":"Polygon","coordinates":[[[-84.027735,39.736764],[-84.02782,39.735786],[-84.028271,39.735812],[-84.028186,39.73679],[-84.027735,39.736764]]]},"properties":{"p":"B42-0005-0012-0-0025-00","o":"MARVEL 3D REALTY LLC","a":"2541  LANTZ RD","d":"BEAVERCREEK CITY SCHOOL DISTRICT","t":12963.68,"l":"511: Res-Custom Code","c":0}},{"type":"Feature","geometry":{"type":"Polygon","coordinates":[[[-84.02714,39.734738],[-84.028017,39.734123],[-84.028256,39.734327],[-84.027632,39.734765],[-84.02714,39.734738]]]},"properties":{"p":"B42-0005-0012-0-0194-00","o":"DOUBLE E PROPERTIES LLC (OHIO)","a":"2514  COLDSPRINGS DR","d":"BEAVERCREEK CITY SCHOOL DISTRICT","t":3239.27,"l":"510: Res-Single Family","c":0}},{"type":"Feature","geometry":{"type":"Polygon","coordinates":[[[-84.037751,39.727615],[-84.038318,39.727442],[-84.038459,39.727731],[-84.038436,39.72776],[-84.037978,39.727943],[-84.037751,39.727615]]]},"properties":{"p":"B42-0005-0013-0-0204-00","o":"AUDAS MARK E & JACQUELINE A","a":"2826  ORIOLE DR","d":"BEAVERCREEK CITY SCHOOL DISTRICT","t":496.28,"l":"510: Res-Single Family","c":0}},{"type":"Feature","geometry":{"type":"Polygon","coordinates":[[[-84.042198,39.731621],[-84.042577,39.731491],[-84.042616,39.731536],[-84.042656,39.731555],[-84.042836,39.731553],[-84.04291,39.731589],[-84.042641,39.731769],[-84.042248,39.731946],[-84.042198,39.731621]]]},"properties":{"p":"B42-0005-0013-0-0242-00","o":"BUCKHOLT WILLIAM C & PATRICIA A","a":"1474  BULL SKIN RUN CT","d":"BEAVERCREEK CITY SCHOOL DISTRICT","t":377.57,"l":"510: Res-Single Family","c":0}},{"type":"Feature","geometry":{"type":"Polygon","coordinates":[[[-84.037721,39.724587],[-84.037768,39.724128],[-84.038193,39.724154],[-84.038147,39.724613],[-84.037721,39.724587]]]},"properties":{"p":"B42-0005-0015-0-0018-00","o":"REEVES KENNETH R & LAURA R","a":"2767  ATER DR","d":"BEAVERCREEK CITY SCHOOL DISTRICT","t":2764.31,"l":"510: Res-Single Family","c":0}},{"type":"Feature","geometry":{"type":"Polygon","coordinates":[[[-84.040049,39.71995],[-84.0401,39.719457],[-84.040497,39.719481],[-84.040446,39.719974],[-84.040049,39.71995]]]},"properties":{"p":"B42-0005-0015-0-0089-00","o":"HARRISON ROXANNE SPARR","a":"2820  VICKIE DR","d":"BEAVERCREEK CITY SCHOOL DISTRICT","t":90.94,"l":"510: Res-Single Family","c":0}},{"type":"Feature","geometry":{"type":"Polygon","coordinates":[[[-84.021444,39.730998],[-84.021384,39.730898],[-84.021868,39.730727],[-84.021912,39.73075],[-84.022068,39.731006],[-84.021562,39.73119],[-84.021444,39.730998]]]},"properties":{"p":"B42-0005-0019-0-0048-00","o":"JONES SHIRLEY M","a":"2378  KEWANNA LN","d":"BEAVERCREEK CITY SCHOOL DISTRICT","t":438.75,"l":"520: Res-Two Family","c":0}},{"type":"Feature","geometry":{"type":"Polygon","coordinates":[[[-84.024804,39.723509],[-84.024847,39.723099],[-84.025227,39.723123],[-84.025183,39.723534],[-84.024804,39.723509]]]},"properties":{"p":"B42-0005-0020-0-0148-00","o":"AIKEN JEFFREY T","a":"2445  CHRISTALEE DR","d":"BEAVERCREEK CITY SCHOOL DISTRICT","t":7227.51,"l":"510: Res-Single Family","c":0}},{"type":"Feature","geometry":{"type":"Polygon","coordinates":[[[-84.059442,39.715572],[-84.059675,39.715348],[-84.060172,39.715738],[-84.059909,39.715938],[-84.059442,39.715572]]]},"properties":{"p":"B42-0006-0001-0-0150-00","o":"EATON PAUL STANLEY TRUSTEE","a":"3335  FAIR OAKS DR","d":"BEAVERCREEK CITY SCHOOL DISTRICT","t":5367.61,"l":"510: Res-Single Family","c":0}},{"type":"Feature","geometry":{"type":"Polygon","coordinates":[[[-84.057643,39.712085],[-84.057573,39.712291],[-84.056971,39.712333],[-84.056937,39.712046],[-84.056967,39.712005],[-84.05726,39.71201],[-84.057643,39.712085]]]},"properties":{"p":"B42-0006-0002-0-0102-00","o":"HESS JASON M & AMY S MAYES","a":"3321  LEAWOOD DR","d":"BEAVERCREEK CITY SCHOOL DISTRICT","t":7509.79,"l":"510: Res-Single Family","c":0}},{"type":"Feature","geometry":{"type":"Polygon","coordinates":[[[-84.065482,39.704868],[-84.064753,39.704806],[-84.064875,39.704669],[-84.065014,39.704446],[-84.065795,39.704496],[-84.065744,39.704891],[-84.065482,39.704868]]]},"properties":{"p":"B42-0006-0003-0-0102-00","o":"MILLER BOBBIE M & JAMES A RETTER","a":"511 N FAIRFIELD RD","d":"BEAVERCREEK CITY SCHOOL DISTRICT","t":2705.65,"l":"510: Res-Single Family","c":0}},{"type":"Feature","geometry":{"type":"Polygon","coordinates":[[[-84.049455,39.687818],[-84.050159,39.687378],[-84.052378,39.689303],[-84.05135,39.689481],[-84.049455,39.687818]]]},"properties":{"p":"B42-0006-0010-0-0055-00","o":"MORGAN ASHLEY QUINN","a":"169 S ALPHA BELLBROOK RD","d":"BEAVERCREEK CITY SCHOOL DISTRICT","t":30349.96,"l":"511: Res-Custom Code","c":0}},{"type":"Feature","geometry":{"type":"Polygon","coordinates":[[[-84.042875,39.702488],[-84.042926,39.70194],[-84.043351,39.701964],[-84.0433,39.702512],[-84.042875,39.702488]]]},"properties":{"p":"B42-0006-0017-0-0091-00","o":"NEIDHARD AMY TERESA","a":"2925  STAUFFER DR","d":"BEAVERCREEK CITY SCHOOL DISTRICT","t":8454.86,"l":"510: Res-Single Family","c":0}},{"type":"Feature","geometry":{"type":"Polygon","coordinates":[[[-84.046683,39.689812],[-84.047267,39.689372],[-84.047196,39.690219],[-84.046683,39.689812]]]},"properties":{"p":"B42-0006-0021-0-0016-00","o":"MCCLELLAN KELLY RENEE","a":"81 S ALPHA BELLBROOK RD","d":"BEAVERCREEK CITY SCHOOL DISTRICT","t":4556.55,"l":"510: Res-Single Family","c":0}},{"type":"Feature","geometry":{"type":"Polygon","coordinates":[[[-84.025232,39.710624],[-84.025306,39.710217],[-84.025553,39.710244],[-84.025478,39.710651],[-84.025232,39.710624]]]},"properties":{"p":"B42-0006-0025-0-0005-00","o":"ARBOGAST HEATHER REA","a":"2409  MAPLE DR","d":"BEAVERCREEK CITY SCHOOL DISTRICT","t":6471.26,"l":"510: Res-Single Family","c":0}},{"type":"Feature","geometry":{"type":"Polygon","coordinates":[[[-84.026217,39.710732],[-84.026297,39.710297],[-84.026459,39.710315],[-84.026379,39.710749],[-84.026217,39.710732]]]},"properties":{"p":"B42-0006-0025-0-0009-00","o":"ONEY DEBORAH A","a":"2429  MAPLE DR","d":"BEAVERCREEK CITY SCHOOL DISTRICT","t":505.61,"l":"510: Res-Single Family","c":0}},{"type":"Feature","geometry":{"type":"Polygon","coordinates":[[[-84.020782,39.712237],[-84.021011,39.712106],[-84.021582,39.712682],[-84.021294,39.712753],[-84.020782,39.712237]]]},"properties":{"p":"B42-0006-0025-0-0066-00","o":"MILLER MARTIN P & CATHY L","a":"843  STEWART DR","d":"BEAVERCREEK CITY SCHOOL DISTRICT","t":1755.79,"l":"510: Res-Single Family","c":0}},{"type":"Feature","geometry":{"type":"Polygon","coordinates":[[[-84.033806,39.705568],[-84.032963,39.704184],[-84.032554,39.703872],[-84.032579,39.703584],[-84.032627,39.703396],[-84.03266,39.703357],[-84.032717,39.703344],[-84.03268,39.703713],[-84.033531,39.703765],[-84.033727,39.703792],[-84.034004,39.703871],[-84.034245,39.703998],[-84.034579,39.703724],[-84.034631,39.703762],[-84.034297,39.704036],[-84.034318,39.704052],[-84.034193,39.704151],[-84.03408,39.704299],[-84.034003,39.704436],[-84.033949,39.70458],[-84.033921,39.704728],[-84.033918,39.704877],[-84.033962,39.705099],[-84.034023,39.70524],[-84.034139,39.705429],[-84.034256,39.705522],[-84.0346,39.705264],[-84.034685,39.705339],[-84.033825,39.705982],[-84.033839,39.705935],[-84.033806,39.705568]]]},"properties":{"p":"B42-0006-0016-0-0041-00","o":"SKY CROSSING RESIDENTIAL OWNERS","a":"447 N ALPHA BELLBROOK RD DAYTON OH 45434","d":"BEAVERCREEK CITY SCHOOL DISTRICT","t":153.41,"l":"","c":0}},{"type":"Feature","geometry":{"type":"Polygon","coordinates":[[[-84.034743,39.705133],[-84.035212,39.704783],[-84.035303,39.704686],[-84.03569,39.704411],[-84.035873,39.704184],[-84.035814,39.703808],[-84.035573,39.703625],[-84.035402,39.703523],[-84.035203,39.703443],[-84.034931,39.703249],[-84.034724,39.703136],[-84.034387,39.703],[-84.034026,39.702907],[-84.03365,39.702861],[-84.033012,39.702825],[-84.032974,39.703194],[-84.032799,39.703174],[-84.032764,39.703136],[-84.032769,39.703089],[-84.033118,39.702597],[-84.037838,39.702884],[-84.037604,39.703162],[-84.03484,39.705226],[-84.034743,39.705133]]]},"properties":{"p":"B42-0006-0016-0-0042-00","o":"SKY CROSSING RESIDENTIAL OWNERS","a":"439 N ALPHA BELLBROOK RD DAYTON OH 45434","d":"BEAVERCREEK CITY SCHOOL DISTRICT","t":300.11,"l":"","c":0}},{"type":"Feature","geometry":{"type":"Polygon","coordinates":[[[-83.890476,39.797733],[-83.89021,39.797723],[-83.89023,39.797427],[-83.890496,39.797437],[-83.890476,39.797733]]]},"properties":{"p":"F19-0001-0008-0-0422-00","o":"DEWEY GREGORY L TRUSTEE","a":"150 MARSHALL ST YELLOW SPRINGS OH 45387","d":"YELLOW SPRINGS EX VILL SCHOOL DISTRICT","t":1506.63,"l":"","c":0}},{"type":"Feature","geometry":{"type":"Polygon","coordinates":[[[-83.891934,39.799925],[-83.891737,39.799917],[-83.891767,39.799485],[-83.891964,39.799493],[-83.891934,39.799925]]]},"properties":{"p":"F19-0001-0008-0-0424-00","o":"COOPER DANIEL","a":"E CENTER COLLEGE ST YELLOW SPRINGS OH 45387","d":"YELLOW SPRINGS EX VILL SCHOOL DISTRICT","t":1800.02,"l":"","c":0}},{"type":"Feature","geometry":{"type":"Polygon","coordinates":[[[-83.717945,39.69972],[-83.718084,39.697875],[-83.719758,39.697977],[-83.71976,39.69979],[-83.717945,39.69972]]]},"properties":{"p":"H22-0001-0017-0-0013-00","o":"WOLF CLAYTON & ROBBIN RENEE WILDE","a":"5636  SPAHR RD","d":"GREENEVIEW LOCAL SCHOOL DISTRICT","t":879.53,"l":"111: Agr-CAUV-Cash-Grain Farm","c":0}},{"type":"Feature","geometry":{"type":"Polygon","coordinates":[[[-83.699334,39.720557],[-83.698189,39.719944],[-83.698577,39.719484],[-83.700004,39.720248],[-83.699599,39.720699],[-83.699334,39.720557]]]},"properties":{"p":"H22-0001-0013-0-0014-00","o":"ROWLAND MYRANDA","a":"1771  SOUTH CHARLESTON RD","d":"GREENEVIEW LOCAL SCHOOL DISTRICT","t":6090.12,"l":"511: Res-Custom Code","c":0}},{"type":"Feature","geometry":{"type":"Polygon","coordinates":[[[-83.691367,39.72649],[-83.690711,39.726468],[-83.69079,39.72565],[-83.689716,39.725583],[-83.689902,39.723315],[-83.69332,39.723541],[-83.692339,39.724062],[-83.691732,39.725019],[-83.692258,39.725175],[-83.692646,39.725418],[-83.691898,39.726185],[-83.691615,39.726504],[-83.691367,39.72649]]]},"properties":{"p":"H22-0001-0012-0-0101-00","o":"CATDADDY ENTERPRISES LLC ETAL","a":"0  SOUTH CHARLESTON RD","d":"GREENEVIEW LOCAL SCHOOL DISTRICT","t":0.73,"l":"110: Agr-CAUV-Vacant Land","c":0}},{"type":"Feature","geometry":{"type":"Polygon","coordinates":[[[-83.687919,39.724562],[-83.686079,39.724385],[-83.686277,39.723699],[-83.686511,39.723216],[-83.686894,39.723007],[-83.68705,39.722601],[-83.686845,39.722278],[-83.687434,39.722048],[-83.68791,39.721898],[-83.688506,39.721592],[-83.68855,39.721442],[-83.688796,39.721414],[-83.689236,39.721283],[-83.689119,39.722056],[-83.690001,39.722103],[-83.689785,39.724742],[-83.687919,39.724562]]]},"properties":{"p":"H22-0001-0012-0-0096-00","o":"FORD MARK W & CHANNIN D","a":"0  GORDON RD","d":"GREENEVIEW LOCAL SCHOOL DISTRICT","t":0.94,"l":"110: Agr-CAUV-Vacant Land","c":0}},{"type":"Feature","geometry":{"type":"Polygon","coordinates":[[[-83.689648,39.726402],[-83.689716,39.725583],[-83.69079,39.72565],[-83.690711,39.726468],[-83.689648,39.726402]]]},"properties":{"p":"H22-0001-0012-0-0085-00","o":"CATDADDY ENTERPRISES LLC ETAL","a":"1730  GORDON RD","d":"GREENEVIEW LOCAL SCHOOL DISTRICT","t":0.18,"l":"111: Agr-CAUV-Cash-Grain Farm","c":0}},{"type":"Feature","geometry":{"type":"Polygon","coordinates":[[[-83.689352,39.726384],[-83.688585,39.726336],[-83.688668,39.725321],[-83.689732,39.725379],[-83.689648,39.726402],[-83.689352,39.726384]]]},"properties":{"p":"H22-0001-0012-0-0076-00","o":"FORD MARK W & CHANNIN D","a":"1800  GORDON RD","d":"GREENEVIEW LOCAL SCHOOL DISTRICT","t":0.32,"l":"111: Agr-CAUV-Cash-Grain Farm","c":0}},{"type":"Feature","geometry":{"type":"Polygon","coordinates":[[[-83.687727,39.726283],[-83.687919,39.724562],[-83.689785,39.724742],[-83.689732,39.725379],[-83.688668,39.725321],[-83.688585,39.726336],[-83.687727,39.726283]]]},"properties":{"p":"H22-0001-0012-0-0027-00","o":"FORD MARK W & CHANNIN D","a":"0  GORDON RD","d":"GREENEVIEW LOCAL SCHOOL DISTRICT","t":0.76,"l":"110: Agr-CAUV-Vacant Land","c":0}},{"type":"Feature","geometry":{"type":"Polygon","coordinates":[[[-83.652536,39.740127],[-83.652987,39.740176],[-83.658456,39.741392],[-83.659339,39.741686],[-83.659304,39.741778],[-83.652536,39.740127]]]},"properties":{"p":"H22-0001-0010-0-0003-00","o":"SOLON ROAD FARMS LLC","a":"0  SOLON RD","d":"GREENEVIEW LOCAL SCHOOL DISTRICT","t":49.34,"l":"110: Agr-CAUV-Vacant Land","c":0}},{"type":"Feature","geometry":{"type":"Polygon","coordinates":[[[-83.680856,39.752017],[-83.679838,39.751266],[-83.680279,39.749728],[-83.68165,39.749759],[-83.681911,39.748724],[-83.682198,39.748601],[-83.684164,39.749612],[-83.685024,39.750114],[-83.683416,39.750498],[-83.68252,39.750496],[-83.681197,39.752269],[-83.680856,39.752017]]]},"properties":{"p":"H22-0001-0006-0-0087-00","o":"REED DAVID J","a":"6549  SOLON RD","d":"GREENEVIEW LOCAL SCHOOL DISTRICT","t":9091.92,"l":"199: Agr-CAUV-Other","c":0}},{"type":"Feature","geometry":{"type":"Polygon","coordinates":[[[-83.682198,39.748601],[-83.684267,39.747712],[-83.684359,39.747848],[-83.685254,39.74747],[-83.685363,39.748303],[-83.684706,39.748355],[-83.684143,39.748594],[-83.684741,39.749371],[-83.684164,39.749612],[-83.682198,39.748601]]]},"properties":{"p":"H22-0001-0006-0-0035-00","o":"MILLHOAN KIMBERLA RHEA","a":"2720  SELMA JAMESTOWN RD","d":"GREENEVIEW LOCAL SCHOOL DISTRICT","t":1152.17,"l":"599: Res-Other","c":0}},{"type":"Feature","geometry":{"type":"Polygon","coordinates":[[[-83.785204,39.644072],[-83.785359,39.643817],[-83.785723,39.644521],[-83.785476,39.644598],[-83.785204,39.644072]]]},"properties":{"p":"G21-0001-0011-3-0041-00","o":"EICK STEPHEN","a":"3973  NAVAJO TRL","d":"GREENEVIEW LOCAL SCHOOL DISTRICT","t":13285.82,"l":"510: Res-Single Family","c":0}},{"type":"Feature","geometry":{"type":"Polygon","coordinates":[[[-83.786927,39.622447],[-83.786846,39.622443],[-83.787016,39.621214],[-83.788333,39.621273],[-83.788284,39.622511],[-83.786927,39.622447]]]},"properties":{"p":"G21-0001-0008-0-0042-00","o":"1826 MT CARMEL LLC","a":"1826  MT CARMEL RD","d":"GREENEVIEW LOCAL SCHOOL DISTRICT","t":4225.33,"l":"511: Res-Custom Code","c":0}},{"type":"Feature","geometry":{"type":"Polygon","coordinates":[[[-83.812688,39.64193],[-83.814339,39.641559],[-83.814817,39.640809],[-83.815389,39.640421],[-83.815508,39.639367],[-83.816059,39.639408],[-83.816111,39.639304],[-83.816465,39.639332],[-83.815794,39.64065],[-83.816109,39.640692],[-83.816096,39.641829],[-83.813887,39.642496],[-83.812733,39.642652],[-83.812688,39.64193]]]},"properties":{"p":"G21-0001-0007-2-0039-00","o":"SARGENT GORDON R & JEANNIE","a":"1300  PAINTERSVILLE NEW JASPER RD","d":"GREENEVIEW LOCAL SCHOOL DISTRICT","t":207.7,"l":"599: Res-Other","c":0}},{"type":"Feature","geometry":{"type":"Polygon","coordinates":[[[-83.819738,39.659462],[-83.819675,39.65878],[-83.820742,39.658887],[-83.820644,39.659574],[-83.819738,39.659462]]]},"properties":{"p":"G21-0001-0007-1-0024-00","o":"NICOL JEANNIE","a":"640  NEW JASPER STATION RD","d":"GREENEVIEW LOCAL SCHOOL DISTRICT","t":264.45,"l":"511: Res-Custom Code","c":0}},{"type":"Feature","geometry":{"type":"Polygon","coordinates":[[[-83.803916,39.667122],[-83.803604,39.666797],[-83.804471,39.666282],[-83.804181,39.66595],[-83.805948,39.664807],[-83.807702,39.666376],[-83.805947,39.667496],[-83.80397,39.66718],[-83.803916,39.667122]]]},"properties":{"p":"G21-0001-0007-1-0010-00","o":"STAUFFER MICHAEL W & MARGIE A","a":"269 S BALLARD RD","d":"GREENEVIEW LOCAL SCHOOL DISTRICT","t":12457.94,"l":"512: Res-Custom Code","c":0}},{"type":"Feature","geometry":{"type":"Polygon","coordinates":[[[-83.817433,39.625967],[-83.8176,39.624414],[-83.81891,39.6245],[-83.818877,39.624798],[-83.819594,39.624845],[-83.819576,39.62515],[-83.819575,39.625713],[-83.81901,39.625827],[-83.818802,39.626059],[-83.817433,39.625967]]]},"properties":{"p":"G21-0001-0006-0-0064-00","o":"ROOT SANDRA","a":"0  WAYNESVILLE JAMESTOWN RD","d":"GREENEVIEW LOCAL SCHOOL DISTRICT","t":216.75,"l":"199: Agr-CAUV-Other","c":0}},{"type":"Feature","geometry":{"type":"Polygon","coordinates":[[[-83.817433,39.625967],[-83.818802,39.626059],[-83.81901,39.625827],[-83.819575,39.625713],[-83.819576,39.62515],[-83.819594,39.624845],[-83.819925,39.624867],[-83.820049,39.622709],[-83.820129,39.622633],[-83.821154,39.622459],[-83.821697,39.622482],[-83.822521,39.622586],[-83.822852,39.622771],[-83.822762,39.623396],[-83.823047,39.623896],[-83.823521,39.624514],[-83.823134,39.627742],[-83.817225,39.627907],[-83.817433,39.625967]]]},"properties":{"p":"G21-0001-0006-0-0026-00","o":"ROOT SANDRA K","a":"0  WAYNESVILLE JAMESTOWN RD","d":"GREENEVIEW LOCAL SCHOOL DISTRICT","t":769.93,"l":"199: Agr-CAUV-Other","c":0}},{"type":"Feature","geometry":{"type":"Polygon","coordinates":[[[-83.786442,39.652941],[-83.786691,39.652868],[-83.786941,39.653382],[-83.786691,39.653455],[-83.786442,39.652941]]]},"properties":{"p":"G21-0001-0005-3-0057-00","o":"CHARLES ADRIENE L","a":"3948  SHAWNEE TRL","d":"GREENEVIEW LOCAL SCHOOL DISTRICT","t":4591.26,"l":"510: Res-Single Family","c":0}},{"type":"Feature","geometry":{"type":"Polygon","coordinates":[[[-83.788404,39.649488],[-83.789068,39.649294],[-83.789162,39.649487],[-83.788498,39.649681],[-83.788404,39.649488]]]},"properties":{"p":"G21-0001-0003-3-0125-00","o":"TIDD MICHAEL W","a":"836  BLACK FOOT TRL","d":"GREENEVIEW LOCAL SCHOOL DISTRICT","t":5835.72,"l":"510: Res-Single Family","c":0}},{"type":"Feature","geometry":{"type":"Polygon","coordinates":[[[-83.790071,39.65446],[-83.791304,39.654099],[-83.791268,39.654437],[-83.790153,39.65464],[-83.790071,39.65446]]]},"properties":{"p":"G21-0001-0002-3-0096-00","o":"HALDER DANIAL L & THERESA L","a":"3812  CHEYENNE TRL","d":"GREENEVIEW LOCAL SCHOOL DISTRICT","t":7084.21,"l":"510: Res-Single Family","c":0}},{"type":"Feature","geometry":{"type":"Polygon","coordinates":[[[-83.830551,39.653347],[-83.830123,39.653331],[-83.830174,39.652846],[-83.831461,39.652853],[-83.830887,39.654258],[-83.830551,39.653347]]]},"properties":{"p":"G20-0001-0007-2-0002-00","o":"THOMPSON KAREN S","a":"851  LONG RD","d":"XENIA COMMUNITY CITY SCHOOL DISTRICT","t":2945.19,"l":"560: Res-Mobile Home","c":0}},{"type":"Feature","geometry":{"type":"Polygon","coordinates":[[[-83.894429,39.812525],[-83.894459,39.812183],[-83.894779,39.8122],[-83.894748,39.812542],[-83.894429,39.812525]]]},"properties":{"p":"F19-0001-0012-0-0098-00","o":"SPARIOSU MARCIA SAUER","a":"321  WHITEHALL DR","d":"YELLOW SPRINGS EX VILL SCHOOL DISTRICT","t":20,"l":"510: Res-Single Family","c":0}},{"type":"Feature","geometry":{"type":"Polygon","coordinates":[[[-83.89168,39.807334],[-83.891624,39.807347],[-83.891462,39.80695],[-83.891519,39.806936],[-83.89168,39.807334]]]},"properties":{"p":"F19-0001-0011-0-0329-00","o":"JOHNSON JIM","a":"310  DAYTON ST","d":"YELLOW SPRINGS EX VILL SCHOOL DISTRICT","t":186.8,"l":"500: Res-Vacant Land","c":0}},{"type":"Feature","geometry":{"type":"Polygon","coordinates":[[[-83.893143,39.810749],[-83.893149,39.810682],[-83.893771,39.810711],[-83.893765,39.810779],[-83.893143,39.810749]]]},"properties":{"p":"F19-0001-0011-0-0320-00","o":"HAIRSTON BETTY J","a":"0 N STAFFORD ST","d":"YELLOW SPRINGS EX VILL SCHOOL DISTRICT","t":999.95,"l":"500: Res-Vacant Land","c":0}},{"type":"Feature","geometry":{"type":"Polygon","coordinates":[[[-83.888319,39.809576],[-83.888281,39.809146],[-83.888904,39.809056],[-83.888858,39.809611],[-83.888319,39.809576]]]},"properties":{"p":"F19-0001-0011-0-0256-00","o":"MASSIES CREEK VENTURES LLC","a":"108  CLIFF ST","d":"YELLOW SPRINGS EX VILL SCHOOL DISTRICT","t":7478.71,"l":"429: Com-Other","c":0}},{"type":"Feature","geometry":{"type":"Polygon","coordinates":[[[-83.892175,39.811429],[-83.892209,39.811018],[-83.892422,39.811029],[-83.892388,39.81144],[-83.892175,39.811429]]]},"properties":{"p":"F19-0001-0011-0-0123-00","o":"HOLM TONI C","a":"321  FAIRFIELD PIKE","d":"YELLOW SPRINGS EX VILL SCHOOL DISTRICT","t":4411.1,"l":"510: Res-Single Family","c":0}},{"type":"Feature","geometry":{"type":"Polygon","coordinates":[[[-83.893181,39.810888],[-83.893131,39.810886],[-83.893143,39.810749],[-83.893765,39.810779],[-83.893753,39.810917],[-83.893181,39.810888]]]},"properties":{"p":"F19-0001-0011-0-0100-00","o":"HAIRSTON BETTY J","a":"419 N STAFFORD ST","d":"YELLOW SPRINGS EX VILL SCHOOL DISTRICT","t":5053.29,"l":"510: Res-Single Family","c":0}},{"type":"Feature","geometry":{"type":"Polygon","coordinates":[[[-83.894146,39.810357],[-83.894169,39.810072],[-83.894523,39.81009],[-83.894501,39.810376],[-83.894146,39.810357]]]},"properties":{"p":"F19-0001-0011-0-0094-00","o":"SKINNER LORENA A","a":"402  PLEASANT ST","d":"YELLOW SPRINGS EX VILL SCHOOL DISTRICT","t":6301.87,"l":"510: Res-Single Family","c":0}},{"type":"Feature","geometry":{"type":"Polygon","coordinates":[[[-83.891519,39.806936],[-83.891688,39.806894],[-83.89185,39.807292],[-83.89168,39.807334],[-83.891519,39.806936]]]},"properties":{"p":"F19-0001-0011-0-0003-00","o":"JOHNSON JIM","a":"310  DAYTON ST","d":"YELLOW SPRINGS EX VILL SCHOOL DISTRICT","t":11448.94,"l":"510: Res-Single Family","c":0}},{"type":"Feature","geometry":{"type":"Polygon","coordinates":[[[-83.891645,39.806288],[-83.891775,39.806276],[-83.891922,39.806648],[-83.891797,39.806677],[-83.891645,39.806288]]]},"properties":{"p":"F19-0001-0010-0-0245-00","o":"MILLER BENJAMIN P TRUSTEE","a":"317  DAYTON ST","d":"YELLOW SPRINGS EX VILL SCHOOL DISTRICT","t":1214.69,"l":"599: Res-Other","c":0}},{"type":"Feature","geometry":{"type":"Polygon","coordinates":[[[-83.891971,39.806207],[-83.891984,39.806146],[-83.892011,39.806149],[-83.892032,39.806203],[-83.891971,39.806207]]]},"properties":{"p":"F19-0001-0010-0-0231-00","o":"MILLER BENJAMIN P TRUSTEE","a":"0  ELM ST","d":"YELLOW SPRINGS EX VILL SCHOOL DISTRICT","t":5.4,"l":"500: Res-Vacant Land","c":0}},{"type":"Feature","geometry":{"type":"Polygon","coordinates":[[[-83.892032,39.806203],[-83.892222,39.806171],[-83.89231,39.806181],[-83.892342,39.806548],[-83.892184,39.806586],[-83.892032,39.806203]]]},"properties":{"p":"F19-0001-0010-0-0093-00","o":"MILLER BENJAMIN P TRUSTEE","a":"321  DAYTON ST","d":"YELLOW SPRINGS EX VILL SCHOOL DISTRICT","t":1684.72,"l":"500: Res-Vacant Land","c":0}},{"type":"Feature","geometry":{"type":"Polygon","coordinates":[[[-83.891775,39.806276],[-83.891961,39.806259],[-83.891971,39.806207],[-83.892032,39.806203],[-83.892184,39.806586],[-83.891922,39.806648],[-83.891775,39.806276]]]},"properties":{"p":"F19-0001-0010-0-0090-00","o":"MILLER BENJAMIN P TRUSTEE","a":"317  DAYTON ST","d":"YELLOW SPRINGS EX VILL SCHOOL DISTRICT","t":10490.36,"l":"510: Res-Single Family","c":0}},{"type":"Feature","geometry":{"type":"Polygon","coordinates":[[[-83.897183,39.79909],[-83.897212,39.798675],[-83.89739,39.798682],[-83.897361,39.799096],[-83.897183,39.79909]]]},"properties":{"p":"F19-0001-0008-0-0252-00","o":"PELZL CORINNE TRUSTEE","a":"240 W SOUTH COLLEGE ST","d":"YELLOW SPRINGS EX VILL SCHOOL DISTRICT","t":2242.19,"l":"510: Res-Single Family","c":0}},{"type":"Feature","geometry":{"type":"Polygon","coordinates":[[[-83.896451,39.797017],[-83.896487,39.796644],[-83.896885,39.796667],[-83.896683,39.79703],[-83.896451,39.797017]]]},"properties":{"p":"F19-0001-0007-0-0005-00","o":"PELZL CORINNE TRUSTEE","a":"9  HERMAN ST","d":"YELLOW SPRINGS EX VILL SCHOOL DISTRICT","t":2959.23,"l":"510: Res-Single Family","c":0}},{"type":"Feature","geometry":{"type":"Polygon","coordinates":[[[-83.900344,39.803083],[-83.90037,39.802737],[-83.900583,39.802747],[-83.900557,39.803092],[-83.900344,39.803083]]]},"properties":{"p":"F19-0001-0004-0-0020-00","o":"PERRY MARK A & DENEEN Y PERRY","a":"457  SUNCREST DR","d":"YELLOW SPRINGS EX VILL SCHOOL DISTRICT","t":4989.66,"l":"520: Res-Two Family","c":0}},{"type":"Feature","geometry":{"type":"Polygon","coordinates":[[[-83.903908,39.804806],[-83.903751,39.804409],[-83.903934,39.804363],[-83.904057,39.804675],[-83.904145,39.804653],[-83.904188,39.804764],[-83.904256,39.804747],[-83.904287,39.804827],[-83.903908,39.804806]]]},"properties":{"p":"F19-0001-0003-0-0082-00","o":"STANCLIFF NEIGHBORHOOD ASSOCIATION","a":"0  KENNETH HAMILTON WAY","d":"YELLOW SPRINGS EX VILL SCHOOL DISTRICT","t":1088.96,"l":"500: Res-Vacant Land","c":0}},{"type":"Feature","geometry":{"type":"Polygon","coordinates":[[[-83.904895,39.804483],[-83.904882,39.804487],[-83.904753,39.804158],[-83.904936,39.804113],[-83.905108,39.804552],[-83.904938,39.804594],[-83.904895,39.804483]]]},"properties":{"p":"F19-0001-0003-0-0081-00","o":"STANCLIFF NEIGHBORHOOD ASSOCIATION","a":"0  KENNETH HAMILTON WAY","d":"YELLOW SPRINGS EX VILL SCHOOL DISTRICT","t":897.91,"l":"500: Res-Vacant Land","c":0}},{"type":"Feature","geometry":{"type":"Polygon","coordinates":[[[-83.901654,39.803984],[-83.901649,39.803972],[-83.902078,39.803883],[-83.90218,39.804176],[-83.901756,39.804282],[-83.901654,39.803984]]]},"properties":{"p":"F19-0001-0003-0-0032-00","o":"PERRY MARK A & DENEEN Y PERRY","a":"735  DAYTON ST","d":"YELLOW SPRINGS EX VILL SCHOOL DISTRICT","t":3706.92,"l":"520: Res-Two Family","c":0}},{"type":"Feature","geometry":{"type":"Polygon","coordinates":[[[-83.89963,39.805932],[-83.899789,39.805895],[-83.899886,39.806112],[-83.899798,39.806134],[-83.899677,39.806139],[-83.89963,39.805932]]]},"properties":{"p":"F19-0001-0002-0-0094-00","o":"BROWN ROBERTA JANE TRUSTEE","a":"215  PARK MEADOWS DR","d":"YELLOW SPRINGS EX VILL SCHOOL DISTRICT","t":187.53,"l":"510: Res-Single Family","c":0}},{"type":"Feature","geometry":{"type":"Polygon","coordinates":[[[-83.895416,39.807953],[-83.895427,39.807802],[-83.895973,39.80783],[-83.895959,39.807981],[-83.895416,39.807953]]]},"properties":{"p":"F19-0001-0002-0-0010-00","o":"WALKER ROBERT A & SHERRY H","a":"220 N HIGH ST","d":"YELLOW SPRINGS EX VILL SCHOOL DISTRICT","t":4327.23,"l":"510: Res-Single Family","c":0}},{"type":"Feature","geometry":{"type":"Polygon","coordinates":[[[-83.895843,39.807686],[-83.895885,39.807231],[-83.896081,39.807242],[-83.896039,39.807696],[-83.895843,39.807686]]]},"properties":{"p":"F19-0001-0002-0-0003-00","o":"EDWARDS FLOYD J","a":"509  LINCOLN DR","d":"YELLOW SPRINGS EX VILL SCHOOL DISTRICT","t":19800.33,"l":"510: Res-Single Family","c":0}},{"type":"Feature","geometry":{"type":"Polygon","coordinates":[[[-83.899659,39.810849],[-83.899682,39.810575],[-83.899956,39.810589],[-83.899997,39.810608],[-83.899986,39.810866],[-83.899659,39.810849]]]},"properties":{"p":"F19-0001-0001-0-0018-00","o":"JACOBS DELORIA L TRUSTEE","a":"526  RIDGECREST DR","d":"YELLOW SPRINGS EX VILL SCHOOL DISTRICT","t":2074.06,"l":"510: Res-Single Family","c":0}},{"type":"Feature","geometry":{"type":"Polygon","coordinates":[[[-83.824818,39.795406],[-83.824842,39.795132],[-83.825198,39.79515],[-83.825174,39.795424],[-83.824818,39.795406]]]},"properties":{"p":"F18-0001-0001-0-0084-00","o":"LAYBOURNE JULIE LAURALEE","a":"133  MAIN ST","d":"CEDAR CLIFF LOCAL SCHOOL DISTRICT","t":4958.46,"l":"510: Res-Single Family","c":0}},{"type":"Feature","geometry":{"type":"Polygon","coordinates":[[[-83.824795,39.79568],[-83.824818,39.795406],[-83.825174,39.795424],[-83.82515,39.795698],[-83.824795,39.79568]]]},"properties":{"p":"F18-0001-0001-0-0083-00","o":"LAYBOURNE JULIE LAURALEE","a":"17  CLINTON ST","d":"CEDAR CLIFF LOCAL SCHOOL DISTRICT","t":5094.66,"l":"420: Com-Retail-Small","c":0}},{"type":"Feature","geometry":{"type":"Polygon","coordinates":[[[-83.825628,39.797051],[-83.825675,39.796503],[-83.825852,39.796512],[-83.825805,39.79706],[-83.825628,39.797051]]]},"properties":{"p":"F18-0001-0001-0-0068-00","o":"REED DAVID J","a":"73  NORTH ST","d":"CEDAR CLIFF LOCAL SCHOOL DISTRICT","t":7707.73,"l":"510: Res-Single Family","c":0}},{"type":"Feature","geometry":{"type":"Polygon","coordinates":[[[-83.823854,39.791514],[-83.824073,39.791859],[-83.824187,39.7921],[-83.824274,39.792347],[-83.823949,39.792487],[-83.823966,39.792561],[-83.823064,39.79269],[-83.822712,39.79167],[-83.823854,39.791514]]]},"properties":{"p":"F17-0001-0025-0-0050-00","o":"SHATTUCK JAMES E JR & ROSALIE","a":"2671 S RIVER RD","d":"CEDAR CLIFF LOCAL SCHOOL DISTRICT","t":9641.83,"l":"511: Res-Custom Code","c":0}},{"type":"Feature","geometry":{"type":"Polygon","coordinates":[[[-83.819976,39.79671],[-83.820075,39.795533],[-83.821217,39.795597],[-83.821114,39.796832],[-83.819976,39.79671]]]},"properties":{"p":"F17-0001-0022-0-0013-00","o":"BLOKK RANCH LLC","a":"2728 N RIVER RD","d":"CEDAR CLIFF LOCAL SCHOOL DISTRICT","t":1116.66,"l":"501: Res-Custom Code","c":0}},{"type":"Feature","geometry":{"type":"Polygon","coordinates":[[[-83.926379,39.783778],[-83.925896,39.783753],[-83.926445,39.777786],[-83.927537,39.777851],[-83.927237,39.781503],[-83.927025,39.783811],[-83.926379,39.783778]]]},"properties":{"p":"F16-0001-0004-0-0030-00","o":"FRANKLIN JACK H","a":"5 E HYDE RD","d":"YELLOW SPRINGS EX VILL SCHOOL DISTRICT","t":8680.76,"l":"111: Agr-CAUV-Cash-Grain Farm","c":0}},{"type":"Feature","geometry":{"type":"Polygon","coordinates":[[[-83.721169,39.579634],[-83.7212,39.579232],[-83.72159,39.579239],[-83.721558,39.579657],[-83.721169,39.579634]]]},"properties":{"p":"E15-0001-0002-0-0115-00","o":"LUCAS AMY D","a":"0 E XENIA ST","d":"GREENEVIEW LOCAL SCHOOL DISTRICT","t":149.07,"l":"561: Res-Custom Code","c":0}},{"type":"Feature","geometry":{"type":"Polygon","coordinates":[[[-83.723898,39.579303],[-83.724025,39.579122],[-83.724706,39.579083],[-83.724651,39.579362],[-83.723898,39.579303]]]},"properties":{"p":"E15-0001-0002-0-0110-00","o":"LUCAS AMY D","a":"3234  MAYSVILLE ST","d":"GREENEVIEW LOCAL SCHOOL DISTRICT","t":17.99,"l":"499: Com-Other","c":0}},{"type":"Feature","geometry":{"type":"Polygon","coordinates":[[[-83.722958,39.577744],[-83.722983,39.577608],[-83.723492,39.577666],[-83.723468,39.577802],[-83.722958,39.577744]]]},"properties":{"p":"E15-0001-0002-0-0097-00","o":"PARSONS BRUCE A","a":"0  LONG ST","d":"GREENEVIEW LOCAL SCHOOL DISTRICT","t":55.2,"l":"599: Res-Other","c":0}},{"type":"Feature","geometry":{"type":"Polygon","coordinates":[[[-83.722933,39.57788],[-83.722958,39.577744],[-83.723468,39.577802],[-83.723445,39.577938],[-83.722933,39.57788]]]},"properties":{"p":"E15-0001-0002-0-0096-00","o":"PARSONS BRUCE A","a":"3288  LONG ST","d":"GREENEVIEW LOCAL SCHOOL DISTRICT","t":288.91,"l":"510: Res-Single Family","c":0}},{"type":"Feature","geometry":{"type":"Polygon","coordinates":[[[-83.722828,39.578456],[-83.722856,39.578304],[-83.723373,39.578362],[-83.723347,39.578515],[-83.722828,39.578456]]]},"properties":{"p":"E15-0001-0002-0-0092-00","o":"DEYO JARROD K & AMBER","a":"3266  LONG ST","d":"GREENEVIEW LOCAL SCHOOL DISTRICT","t":3465.03,"l":"510: Res-Single Family","c":0}},{"type":"Feature","geometry":{"type":"Polygon","coordinates":[[[-83.726156,39.577604],[-83.726233,39.577216],[-83.725723,39.57716],[-83.725732,39.577106],[-83.726243,39.577158],[-83.726558,39.577238],[-83.726557,39.577703],[-83.726156,39.577604]]]},"properties":{"p":"E15-0001-0002-0-0065-00","o":"YOUNKER ENZE L & PATRICIA A","a":"0 S MAYSVILLE ST","d":"GREENEVIEW LOCAL SCHOOL DISTRICT","t":260.73,"l":"500: Res-Vacant Land","c":0}},{"type":"Feature","geometry":{"type":"Polygon","coordinates":[[[-83.72569,39.577341],[-83.725723,39.57716],[-83.726233,39.577216],[-83.726198,39.577395],[-83.72569,39.577341]]]},"properties":{"p":"E15-0001-0002-0-0063-00","o":"YOUNKER ENZE L & PATRICIA A","a":"0  MAYSVILLE ST","d":"GREENEVIEW LOCAL SCHOOL DISTRICT","t":541.11,"l":"599: Res-Other","c":0}},{"type":"Feature","geometry":{"type":"Polygon","coordinates":[[[-83.725045,39.577275],[-83.725078,39.577096],[-83.725692,39.577157],[-83.725662,39.577337],[-83.725045,39.577275]]]},"properties":{"p":"E15-0001-0002-0-0062-00","o":"YOUNKER ENZE L & PATRICIA A","a":"3307 S MAYSVILLE ST","d":"GREENEVIEW LOCAL SCHOOL DISTRICT","t":11217.74,"l":"510: Res-Single Family","c":0}},{"type":"Feature","geometry":{"type":"Polygon","coordinates":[[[-83.721773,39.580145],[-83.721819,39.579694],[-83.722053,39.579708],[-83.722006,39.580159],[-83.721773,39.580145]]]},"properties":{"p":"E15-0001-0002-0-0022-00","o":"PORTER RONNEA LYNN","a":"5811 E XENIA ST","d":"GREENEVIEW LOCAL SCHOOL DISTRICT","t":599.12,"l":"510: Res-Single Family","c":0}},{"type":"Feature","geometry":{"type":"Polygon","coordinates":[[[-83.724361,39.582856],[-83.724363,39.582828],[-83.724991,39.582858],[-83.724993,39.582827],[-83.725024,39.582828],[-83.725019,39.582887],[-83.724361,39.582856]]]},"properties":{"p":"E15-0001-0001-0-0161-00","o":"GILL VERNON N & WILLA DEAN","a":"0  WATER ST","d":"GREENEVIEW LOCAL SCHOOL DISTRICT","t":87.71,"l":"500: Res-Vacant Land","c":0}},{"type":"Feature","geometry":{"type":"Polygon","coordinates":[[[-83.721257,39.58135],[-83.721279,39.581099],[-83.721247,39.581072],[-83.722036,39.581103],[-83.722018,39.581382],[-83.721257,39.58135]]]},"properties":{"p":"E15-0001-0001-0-0116-00","o":"EWING PAMELA S & RICHARD W","a":"3165  SHORT ST","d":"GREENEVIEW LOCAL SCHOOL DISTRICT","t":6316.51,"l":"510: Res-Single Family","c":0}},{"type":"Feature","geometry":{"type":"Polygon","coordinates":[[[-83.720172,39.580716],[-83.720433,39.58053],[-83.720657,39.580723],[-83.720393,39.580906],[-83.720172,39.580716]]]},"properties":{"p":"E15-0001-0001-0-0110-00","o":"BAXLEY RICKY WILLIAM","a":"3186  SHORT ST","d":"GREENEVIEW LOCAL SCHOOL DISTRICT","t":4226.14,"l":"510: Res-Single Family","c":0}},{"type":"Feature","geometry":{"type":"Polygon","coordinates":[[[-83.719613,39.58128],[-83.719377,39.581274],[-83.720172,39.580716],[-83.720393,39.580906],[-83.719939,39.581216],[-83.719937,39.581288],[-83.719613,39.58128]]]},"properties":{"p":"E15-0001-0001-0-0105-00","o":"BAXLEY RICKY WILLIAM","a":"3186  SHORT ST","d":"GREENEVIEW LOCAL SCHOOL DISTRICT","t":1309.25,"l":"599: Res-Other","c":0}},{"type":"Feature","geometry":{"type":"Polygon","coordinates":[[[-83.723241,39.582355],[-83.723265,39.581993],[-83.723558,39.582005],[-83.723533,39.582367],[-83.723241,39.582355]]]},"properties":{"p":"E15-0001-0001-0-0034-00","o":"BRAMMER SHIRLEY","a":"5764  CHILLICOTHE ST","d":"GREENEVIEW LOCAL SCHOOL DISTRICT","t":891.72,"l":"599: Res-Other","c":0}},{"type":"Feature","geometry":{"type":"Polygon","coordinates":[[[-83.713532,39.581895],[-83.713417,39.581792],[-83.71439,39.581477],[-83.717264,39.580461],[-83.718356,39.581522],[-83.71543,39.583589],[-83.713532,39.581895]]]},"properties":{"p":"E13-0001-0014-0-0004-00","o":"DOUBLE J AG LLC","a":"5985  HANLEY RD","d":"GREENEVIEW LOCAL SCHOOL DISTRICT","t":422.18,"l":"111: Agr-CAUV-Cash-Grain Farm","c":0}},{"type":"Feature","geometry":{"type":"Polygon","coordinates":[[[-83.717264,39.580461],[-83.718648,39.57996],[-83.719012,39.579856],[-83.719609,39.579712],[-83.719729,39.579818],[-83.71915,39.580225],[-83.719611,39.580643],[-83.718356,39.581522],[-83.717264,39.580461]]]},"properties":{"p":"E13-0001-0014-0-0001-00","o":"DAVIS LLOYD ANDERSON SR & TAMMY LYNN","a":"5841  HANLEY RD","d":"GREENEVIEW LOCAL SCHOOL DISTRICT","t":237.48,"l":"511: Res-Custom Code","c":0}},{"type":"Feature","geometry":{"type":"Polygon","coordinates":[[[-83.706928,39.555618],[-83.707342,39.555303],[-83.708539,39.556413],[-83.70812,39.556729],[-83.706928,39.555618]]]},"properties":{"p":"E13-0001-0012-0-0038-00","o":"PATTON WILLIAM & REGINA A","a":"6270  ZIMMERMAN RD","d":"GREENEVIEW LOCAL SCHOOL DISTRICT","t":2516.23,"l":"511: Res-Custom Code","c":0}},{"type":"Feature","geometry":{"type":"Polygon","coordinates":[[[-83.726557,39.577703],[-83.726558,39.577238],[-83.728416,39.577709],[-83.727838,39.578021],[-83.726557,39.577703]]]},"properties":{"p":"E13-0001-0011-0-0101-00","o":"YOUNKER ENZE L & PATRICIA A","a":"0  SR 72","d":"GREENEVIEW LOCAL SCHOOL DISTRICT","t":589.97,"l":"501: Res-Custom Code","c":0}},{"type":"Feature","geometry":{"type":"Polygon","coordinates":[[[-83.72137,39.604623],[-83.721331,39.603827],[-83.722624,39.603909],[-83.72254,39.604697],[-83.72137,39.604623]]]},"properties":{"p":"E13-0001-0010-0-0049-00","o":"PICKENS AMY & SHARON ELDRIDGE","a":"2373  SR 72","d":"GREENEVIEW LOCAL SCHOOL DISTRICT","t":2324.56,"l":"511: Res-Custom Code","c":0}},{"type":"Feature","geometry":{"type":"Polygon","coordinates":[[[-83.784634,39.584916],[-83.784528,39.584911],[-83.784713,39.582429],[-83.785903,39.582474],[-83.78581,39.583744],[-83.785445,39.583726],[-83.785335,39.584951],[-83.784634,39.584916]]]},"properties":{"p":"E13-0001-0005-0-0086-00","o":"HORNICK TY M & KAREN M","a":"4155  HUSSEY RD","d":"GREENEVIEW LOCAL SCHOOL DISTRICT","t":5499.06,"l":"501: Res-Custom Code","c":0}},{"type":"Feature","geometry":{"type":"Polygon","coordinates":[[[-83.776912,39.579643],[-83.776938,39.579361],[-83.777435,39.579382],[-83.777408,39.579664],[-83.776912,39.579643]]]},"properties":{"p":"E13-0001-0005-0-0050-00","o":"HERSHNER MARION H JR","a":"4380  WILSON RD","d":"GREENEVIEW LOCAL SCHOOL DISTRICT","t":836.5,"l":"511: Res-Custom Code","c":0}},{"type":"Feature","geometry":{"type":"Polygon","coordinates":[[[-83.785341,39.584882],[-83.785445,39.583726],[-83.78581,39.583744],[-83.785857,39.583141],[-83.786494,39.583173],[-83.786561,39.583231],[-83.786414,39.58517],[-83.785759,39.584953],[-83.785335,39.584951],[-83.785341,39.584882]]]},"properties":{"p":"E13-0001-0002-0-0015-00","o":"HORNICK TY M & WILLIAM M HORNICK & DOROTHY A HORNICK","a":"4155  HUSSEY RD","d":"GREENEVIEW LOCAL SCHOOL DISTRICT","t":3303.32,"l":"511: Res-Custom Code","c":0}},{"type":"Feature","geometry":{"type":"Polygon","coordinates":[[[-83.792995,39.602756],[-83.793023,39.602289],[-83.794195,39.602339],[-83.794146,39.602804],[-83.792995,39.602756]]]},"properties":{"p":"E13-0001-0001-0-0016-00","o":"PUMMELL CHRISTINA","a":"3900  HOLLINGSWORTH RD","d":"GREENEVIEW LOCAL SCHOOL DISTRICT","t":1257.07,"l":"511: Res-Custom Code","c":0}},{"type":"Feature","geometry":{"type":"Polygon","coordinates":[[[-83.806285,39.741246],[-83.806369,39.7412],[-83.806483,39.741386],[-83.806437,39.741412],[-83.806285,39.741246]]]},"properties":{"p":"D12-0001-0006-0-0126-00","o":"HAWES BETTY","a":"0 N MAIN ST","d":"CEDAR CLIFF LOCAL SCHOOL DISTRICT","t":5037.39,"l":"400: Com-Vacant Land","c":0}},{"type":"Feature","geometry":{"type":"Polygon","coordinates":[[[-83.800638,39.74365],[-83.800815,39.743289],[-83.801055,39.74336],[-83.800877,39.743721],[-83.800638,39.74365]]]},"properties":{"p":"D12-0001-0006-0-0113-00","o":"ROBINSON CARRIE","a":"0  NORTH ST","d":"CEDAR CLIFF LOCAL SCHOOL DISTRICT","t":6986.84,"l":"500: Res-Vacant Land","c":0}},{"type":"Feature","geometry":{"type":"Polygon","coordinates":[[[-83.805763,39.743982],[-83.80605,39.743934],[-83.806149,39.744288],[-83.805862,39.744336],[-83.805763,39.743982]]]},"properties":{"p":"D12-0001-0006-0-0040-00","o":"SOK BRANDON T","a":"46 E CHILLICOTHE ST","d":"CEDAR CLIFF LOCAL SCHOOL DISTRICT","t":6203.99,"l":"510: Res-Single Family","c":0}},{"type":"Feature","geometry":{"type":"Polygon","coordinates":[[[-83.805241,39.739577],[-83.80515,39.739475],[-83.805503,39.739285],[-83.805603,39.739399],[-83.805265,39.739581],[-83.805241,39.739577]]]},"properties":{"p":"D12-0001-0005-0-0007-00","o":"MELVIN TRUSTEE TARA","a":"18 S MAIN ST","d":"CEDAR CLIFF LOCAL SCHOOL DISTRICT","t":5202.78,"l":"510: Res-Single Family","c":0}},{"type":"Feature","geometry":{"type":"Polygon","coordinates":[[[-83.8085,39.741181],[-83.808514,39.74117],[-83.808503,39.741163],[-83.808599,39.741082],[-83.808182,39.740782],[-83.808218,39.740753],[-83.808665,39.741036],[-83.808784,39.740935],[-83.80917,39.741214],[-83.808988,39.741362],[-83.808799,39.741411],[-83.8085,39.741181]]]},"properties":{"p":"D12-0001-0003-0-0037-00","o":"STEWART STEVEN H ETAL","a":"0 W XENIA AVE","d":"CEDAR CLIFF LOCAL SCHOOL DISTRICT","t":6066.9,"l":"599: Res-Other","c":0}},{"type":"Feature","geometry":{"type":"Polygon","coordinates":[[[-83.837801,39.701359],[-83.83866,39.701184],[-83.838741,39.701421],[-83.837881,39.701595],[-83.837801,39.701359]]]},"properties":{"p":"D11-0001-0006-0-0044-00","o":"SABIN JACOB D & NICKOLE D","a":"0  FEDERAL RD","d":"XENIA COMMUNITY CITY SCHOOL DISTRICT","t":171.83,"l":"501: Res-Custom Code","c":0}},{"type":"Feature","geometry":{"type":"Polygon","coordinates":[[[-83.817738,39.737741],[-83.815926,39.737689],[-83.815663,39.734728],[-83.816256,39.73442],[-83.818328,39.734753],[-83.81794,39.737747],[-83.817738,39.737741]]]},"properties":{"p":"D08-0001-0018-0-0099-00","o":"HAYLEY HOGAN LLC","a":"2941  US 42","d":"CEDAR CLIFF LOCAL SCHOOL DISTRICT","t":969.64,"l":"199: Agr-CAUV-Other","c":0}},{"type":"Feature","geometry":{"type":"Polygon","coordinates":[[[-83.821668,39.747435],[-83.821143,39.747049],[-83.823303,39.74534],[-83.823935,39.745807],[-83.823496,39.746672],[-83.82314,39.747418],[-83.82286,39.748312],[-83.821668,39.747435]]]},"properties":{"p":"D08-0001-0018-0-0087-00","o":"TURNER KIM","a":"0  CEDARVILLE YELLOW SPRINGS RD","d":"CEDAR CLIFF LOCAL SCHOOL DISTRICT","t":116.06,"l":"501: Res-Custom Code","c":0}},{"type":"Feature","geometry":{"type":"Polygon","coordinates":[[[-83.82054,39.748614],[-83.821668,39.747435],[-83.82286,39.748312],[-83.822076,39.749128],[-83.82054,39.748614]]]},"properties":{"p":"D08-0001-0018-0-0050-00","o":"TURNER KIM","a":"2801  CEDARVILLE YELLOW SPRINGS RD","d":"CEDAR CLIFF LOCAL SCHOOL DISTRICT","t":166.14,"l":"511: Res-Custom Code","c":0}},{"type":"Feature","geometry":{"type":"Polygon","coordinates":[[[-83.804042,39.736673],[-83.804677,39.736211],[-83.804953,39.736435],[-83.804325,39.736887],[-83.804042,39.736673]]]},"properties":{"p":"D08-0001-0010-0-0049-00","o":"GRAHAM JASON D","a":"0  SR 72","d":"CEDAR CLIFF LOCAL SCHOOL DISTRICT","t":87.68,"l":"501: Res-Custom Code","c":0}},{"type":"Feature","geometry":{"type":"Polygon","coordinates":[[[-83.810845,39.727511],[-83.811069,39.726867],[-83.812747,39.72827],[-83.812123,39.728678],[-83.810845,39.727511]]]},"properties":{"p":"D08-0001-0005-2-0072-00","o":"DYER ADAM & KELLY S","a":"3109  MURDOCK RD","d":"CEDAR CLIFF LOCAL SCHOOL DISTRICT","t":26473.67,"l":"511: Res-Custom Code","c":0}},{"type":"Feature","geometry":{"type":"Polygon","coordinates":[[[-83.804212,39.733114],[-83.804455,39.732945],[-83.804144,39.732804],[-83.804489,39.732551],[-83.80507,39.732759],[-83.804907,39.733128],[-83.804711,39.733061],[-83.804582,39.733277],[-83.804212,39.733114]]]},"properties":{"p":"D08-0001-0005-2-0044-00","o":"JOHNSON DEBRA J","a":"0  WILMINGTON RD","d":"CEDAR CLIFF LOCAL SCHOOL DISTRICT","t":6.92,"l":"501: Res-Custom Code","c":0}},{"type":"Feature","geometry":{"type":"Polygon","coordinates":[[[-83.802711,39.734621],[-83.803082,39.734346],[-83.802843,39.734134],[-83.804212,39.733114],[-83.804582,39.733277],[-83.804711,39.733061],[-83.804907,39.733128],[-83.80507,39.732759],[-83.806437,39.733248],[-83.806018,39.734559],[-83.804457,39.734272],[-83.803881,39.734075],[-83.80292,39.73479],[-83.802711,39.734621]]]},"properties":{"p":"D08-0001-0005-2-0030-00","o":"JOHNSON DEBRA J","a":"2010  WILMINGTON RD","d":"CEDAR CLIFF LOCAL SCHOOL DISTRICT","t":2409.35,"l":"511: Res-Custom Code","c":0}},{"type":"Feature","geometry":{"type":"Polygon","coordinates":[[[-83.853645,39.752364],[-83.854971,39.751311],[-83.855162,39.75143],[-83.855565,39.751638],[-83.855641,39.751582],[-83.855939,39.751841],[-83.854453,39.753028],[-83.853645,39.752364]]]},"properties":{"p":"D08-0001-0003-0-0049-00","o":"MELTON DONALD E","a":"2530  TARBOX CEMETERY RD","d":"CEDAR CLIFF LOCAL SCHOOL DISTRICT","t":3550.13,"l":"560: Res-Mobile Home","c":0}},{"type":"Feature","geometry":{"type":"Polygon","coordinates":[[[-83.8158,39.619255],[-83.815785,39.618409],[-83.807259,39.618484],[-83.807311,39.618081],[-83.807233,39.618075],[-83.80741,39.616587],[-83.816241,39.617144],[-83.816452,39.61549],[-83.817466,39.616377],[-83.818387,39.617213],[-83.818123,39.619417],[-83.8158,39.619255]]]},"properties":{"p":"C06-0001-0004-0-0088-00","o":"HEINZ TERRY A","a":"0  PAINTERSVILLE NEW JASPER RD","d":"GREENEVIEW LOCAL SCHOOL DISTRICT","t":25.97,"l":"111: Agr-CAUV-Cash-Grain Farm","c":0}},{"type":"Feature","geometry":{"type":"Polygon","coordinates":[[[-83.857642,39.578982],[-83.857614,39.578301],[-83.857961,39.578203],[-83.857997,39.579007],[-83.857642,39.578982]]]},"properties":{"p":"C05-0001-0011-0-0075-00","o":"BRAKEALL RICHARD L & GLENDA","a":"2239  SPRING VALLEY PAINTERSVILLE RD","d":"XENIA COMMUNITY CITY SCHOOL DISTRICT","t":4395.82,"l":"510: Res-Single Family","c":0}},{"type":"Feature","geometry":{"type":"Polygon","coordinates":[[[-83.84963,39.566447],[-83.849583,39.566361],[-83.850593,39.566182],[-83.850788,39.56656],[-83.849781,39.566743],[-83.84963,39.566447]]]},"properties":{"p":"C05-0001-0011-0-0034-00","o":"DOYLE MARY A ETAL","a":"3839  OLD US 68","d":"XENIA COMMUNITY CITY SCHOOL DISTRICT","t":3812.86,"l":"560: Res-Mobile Home","c":0}},{"type":"Feature","geometry":{"type":"Polygon","coordinates":[[[-83.861908,39.58247],[-83.861779,39.582179],[-83.862182,39.58209],[-83.862321,39.581507],[-83.863902,39.581623],[-83.863862,39.581842],[-83.861922,39.582503],[-83.861908,39.58247]]]},"properties":{"p":"C05-0001-0007-0-0033-00","o":"KOSTRZEWA RICHARD F","a":"0  US 68","d":"XENIA COMMUNITY CITY SCHOOL DISTRICT","t":3907.43,"l":"501: Res-Custom Code","c":0}},{"type":"Feature","geometry":{"type":"Polygon","coordinates":[[[-83.916258,39.615442],[-83.916336,39.615085],[-83.911254,39.614789],[-83.911885,39.612248],[-83.922077,39.6138],[-83.921505,39.615621],[-83.921308,39.615576],[-83.920879,39.615658],[-83.92071,39.615788],[-83.920478,39.615746],[-83.920254,39.615798],[-83.919954,39.615793],[-83.919565,39.615674],[-83.919061,39.615663],[-83.918808,39.615625],[-83.918571,39.615561],[-83.918281,39.615528],[-83.917837,39.615579],[-83.917376,39.615572],[-83.916991,39.615634],[-83.916505,39.615748],[-83.916272,39.615896],[-83.91619,39.616051],[-83.916152,39.616063],[-83.916258,39.615442]]]},"properties":{"p":"C05-0001-0001-0-0001-00","o":"VON SPARR BURKHARDT TRUSTEE","a":"2300  HENVILLE RD","d":"XENIA COMMUNITY CITY SCHOOL DISTRICT","t":1420.14,"l":"111: Agr-CAUV-Cash-Grain Farm","c":0}},{"type":"Feature","geometry":{"type":"Polygon","coordinates":[[[-84.044106,39.736279],[-84.044159,39.735676],[-84.044514,39.735695],[-84.044461,39.736298],[-84.044106,39.736279]]]},"properties":{"p":"B42-0005-0011-0-0088-00","o":"TESTER CHARLES W JR & TERRI J","a":"2968  LANTZ RD","d":"BEAVERCREEK CITY SCHOOL DISTRICT","t":767.97,"l":"510: Res-Single Family","c":0}},{"type":"Feature","geometry":{"type":"Polygon","coordinates":[[[-84.058992,39.730438],[-84.059024,39.729955],[-84.059235,39.729968],[-84.059212,39.730449],[-84.058992,39.730438]]]},"properties":{"p":"B42-0005-0005-0-0151-00","o":"VANDAM JOSHUA","a":"3349  TRUBEE LN","d":"BEAVERCREEK CITY SCHOOL DISTRICT","t":5356.95,"l":"510: Res-Single Family","c":0}},{"type":"Feature","geometry":{"type":"Polygon","coordinates":[[[-84.0636,39.727158],[-84.063931,39.726118],[-84.064249,39.726264],[-84.063945,39.727227],[-84.0636,39.727158]]]},"properties":{"p":"B42-0005-0005-0-0063-00","o":"WHEELER DAVID G & ROGER D WHEELER","a":"1277  WALLABY DR","d":"BEAVERCREEK CITY SCHOOL DISTRICT","t":8549.46,"l":"510: Res-Single Family","c":0}},{"type":"Feature","geometry":{"type":"Polygon","coordinates":[[[-84.048671,39.747581],[-84.048604,39.747577],[-84.048824,39.747018],[-84.048998,39.747044],[-84.048931,39.747596],[-84.048671,39.747581]]]},"properties":{"p":"B42-0005-0002-0-0036-00","o":"YOUNG LINDA","a":"1995 W SKYVIEW DR","d":"BEAVERCREEK CITY SCHOOL DISTRICT","t":31.09,"l":"500: Res-Vacant Land","c":0}},{"type":"Feature","geometry":{"type":"Polygon","coordinates":[[[-84.04938,39.747622],[-84.048931,39.747596],[-84.048998,39.747044],[-84.049263,39.747032],[-84.049428,39.747624],[-84.04938,39.747622]]]},"properties":{"p":"B42-0005-0002-0-0035-00","o":"YOUNG LINDA","a":"1995 W SKYVIEW DR","d":"BEAVERCREEK CITY SCHOOL DISTRICT","t":6344.09,"l":"510: Res-Single Family","c":0}},{"type":"Feature","geometry":{"type":"Polygon","coordinates":[[[-84.019839,39.772198],[-84.019875,39.772141],[-84.019898,39.772149],[-84.019908,39.772134],[-84.01987,39.772119],[-84.019896,39.77208],[-84.020025,39.772139],[-84.019992,39.772188],[-84.020056,39.772213],[-84.02002,39.772271],[-84.019839,39.772198]]]},"properties":{"p":"B42-0004-0020-0-0087-00","o":"WHEELER BARBARA LYNN","a":"2441  PATRICK BLVD","d":"BEAVERCREEK CITY SCHOOL DISTRICT","t":8557.7,"l":"550: Res-Condo","c":0}},{"type":"Feature","geometry":{"type":"Polygon","coordinates":[[[-84.038323,39.764729],[-84.03836,39.764377],[-84.039166,39.764426],[-84.038935,39.764766],[-84.038323,39.764729]]]},"properties":{"p":"B42-0004-0011-0-0245-00","o":"TOBE MATTHEW A & KAREN L","a":"2887  GREEN VISTA DR","d":"BEAVERCREEK CITY SCHOOL DISTRICT","t":3061.72,"l":"510: Res-Single Family","c":0}},{"type":"Feature","geometry":{"type":"Polygon","coordinates":[[[-84.059262,39.761484],[-84.060238,39.761533],[-84.06019,39.762087],[-84.060035,39.761876],[-84.059821,39.761699],[-84.059558,39.761566],[-84.059262,39.761484]]]},"properties":{"p":"B42-0004-0005-0-0027-00","o":"ZTK PROPERTIES LLC","a":"0  COMMONS BLVD","d":"BEAVERCREEK CITY SCHOOL DISTRICT","t":51.86,"l":"400: Com-Vacant Land","c":0}},{"type":"Feature","geometry":{"type":"Polygon","coordinates":[[[-84.094754,39.698348],[-84.095272,39.697862],[-84.095157,39.698482],[-84.095092,39.698528],[-84.095047,39.698532],[-84.094754,39.698348]]]},"properties":{"p":"B42-0003-0007-0-0154-00","o":"SMART NORMAN D I & JACQUELYN G","a":"2831  THAMES LN","d":"BEAVERCREEK CITY SCHOOL DISTRICT","t":12626.79,"l":"500: Res-Vacant Land","c":0}},{"type":"Feature","geometry":{"type":"Polygon","coordinates":[[[-84.104677,39.700012],[-84.104366,39.699899],[-84.104669,39.699402],[-84.104861,39.699441],[-84.104813,39.700055],[-84.104677,39.700012]]]},"properties":{"p":"B42-0003-0007-0-0009-00","o":"WHITAKER CHARLES W","a":"4014  RUSHMORE PL","d":"BEAVERCREEK CITY SCHOOL DISTRICT","t":6106.59,"l":"510: Res-Single Family","c":0}},{"type":"Feature","geometry":{"type":"Polygon","coordinates":[[[-84.091092,39.708815],[-84.091159,39.70845],[-84.091216,39.708453],[-84.091148,39.708823],[-84.091092,39.708815]]]},"properties":{"p":"B42-0003-0004-0-0225-00","o":"STATE OF OHIO","a":"0  CAMBRIDGE TRL","d":"BEAVERCREEK CITY SCHOOL DISTRICT","t":508.47,"l":"501: Res-Custom Code","c":0}},{"type":"Feature","geometry":{"type":"Polygon","coordinates":[[[-84.091466,39.710334],[-84.091729,39.708482],[-84.091899,39.708491],[-84.091634,39.710344],[-84.091466,39.710334]]]},"properties":{"p":"B42-0003-0004-0-0224-00","o":"STATE OF OHIO","a":"0  CAMBRIDGE TRL","d":"BEAVERCREEK CITY SCHOOL DISTRICT","t":1612.33,"l":"610: Exm-Ohio","c":0}},{"type":"Feature","geometry":{"type":"Polygon","coordinates":[[[-84.087884,39.710123],[-84.087516,39.710102],[-84.087634,39.709514],[-84.087821,39.709453],[-84.087948,39.709709],[-84.088444,39.710065],[-84.088661,39.709768],[-84.088712,39.709793],[-84.088443,39.710155],[-84.087884,39.710123]]]},"properties":{"p":"B42-0003-0004-0-0203-00","o":"STATE OF OHIO","a":"0  CAMBRIDGE TRL","d":"BEAVERCREEK CITY SCHOOL DISTRICT","t":7526.06,"l":"610: Exm-Ohio","c":0}},{"type":"Feature","geometry":{"type":"Polygon","coordinates":[[[-84.088533,39.709497],[-84.089087,39.709162],[-84.089364,39.708859],[-84.089823,39.709006],[-84.089613,39.709208],[-84.08926,39.709404],[-84.08907,39.709389],[-84.08897,39.709289],[-84.088568,39.709531],[-84.088533,39.709497]]]},"properties":{"p":"B42-0003-0004-0-0202-00","o":"STATE OF OHIO","a":"0  CAMBRIDGE TRL","d":"BEAVERCREEK CITY SCHOOL DISTRICT","t":5446.13,"l":"610: Exm-Ohio","c":0}},{"type":"Feature","geometry":{"type":"Polygon","coordinates":[[[-84.08622,39.710027],[-84.086283,39.709363],[-84.086353,39.709079],[-84.086376,39.708876],[-84.086425,39.708843],[-84.086548,39.708851],[-84.086704,39.708886],[-84.086846,39.708946],[-84.086453,39.709416],[-84.086415,39.709843],[-84.086544,39.710046],[-84.08622,39.710027]]]},"properties":{"p":"B42-0003-0004-0-0175-00","o":"STATE OF OHIO","a":"0  KENSINGTON GLEN","d":"BEAVERCREEK CITY SCHOOL DISTRICT","t":6295.66,"l":"610: Exm-Ohio","c":0}},{"type":"Feature","geometry":{"type":"Polygon","coordinates":[[[-84.086483,39.708648],[-84.08644,39.708642],[-84.086408,39.708619],[-84.086405,39.708528],[-84.08751,39.708593],[-84.08704,39.708815],[-84.086818,39.708712],[-84.086654,39.708669],[-84.086483,39.708648]]]},"properties":{"p":"B42-0003-0004-0-0174-00","o":"STATE OF OHIO","a":"0  KENSINGTON GLEN","d":"BEAVERCREEK CITY SCHOOL DISTRICT","t":3107.3,"l":"610: Exm-Ohio","c":0}},{"type":"Feature","geometry":{"type":"Polygon","coordinates":[[[-84.094638,39.715769],[-84.094491,39.715743],[-84.094498,39.715687],[-84.094623,39.71571],[-84.094626,39.715696],[-84.094766,39.715713],[-84.094748,39.715759],[-84.094695,39.715753],[-84.094691,39.715773],[-84.094638,39.715769]]]},"properties":{"p":"B42-0003-0002-1-0042-00","o":"SWISHER ANDREW","a":"3902 W SUMMIT RIDGE DR","d":"BEAVERCREEK CITY SCHOOL DISTRICT","t":8532.42,"l":"550: Res-Condo","c":0}},{"type":"Feature","geometry":{"type":"Polygon","coordinates":[[[-84.093425,39.714831],[-84.093426,39.71481],[-84.09331,39.714807],[-84.093296,39.714742],[-84.093464,39.714747],[-84.093463,39.71477],[-84.09357,39.714773],[-84.093567,39.714835],[-84.093425,39.714831]]]},"properties":{"p":"B42-0003-0002-1-0022-00","o":"SIMPKINS KIMBERLY","a":"3941  WINDSTAR PL","d":"BEAVERCREEK CITY SCHOOL DISTRICT","t":3747.79,"l":"550: Res-Condo","c":0}},{"type":"Feature","geometry":{"type":"Polygon","coordinates":[[[-84.072017,39.722642],[-84.071974,39.722627],[-84.071952,39.722595],[-84.071983,39.722283],[-84.072559,39.722318],[-84.072522,39.722677],[-84.072017,39.722642]]]},"properties":{"p":"B42-0002-0016-0-0116-00","o":"YONTZ JEREMY L & KRISTEN R","a":"3663  COLBORNE DR","d":"BEAVERCREEK CITY SCHOOL DISTRICT","t":1531.32,"l":"510: Res-Single Family","c":0}},{"type":"Feature","geometry":{"type":"Polygon","coordinates":[[[-84.079821,39.741556],[-84.079887,39.740958],[-84.079979,39.740961],[-84.080217,39.741035],[-84.080158,39.741578],[-84.079821,39.741556]]]},"properties":{"p":"B42-0002-0011-0-0261-00","o":"TERRILL PAUL & DIXIE D","a":"1677  COUNTRYSIDE DR","d":"BEAVERCREEK CITY SCHOOL DISTRICT","t":2350.15,"l":"510: Res-Single Family","c":0}},{"type":"Feature","geometry":{"type":"Polygon","coordinates":[[[-84.091375,39.740388],[-84.09143,39.739841],[-84.091784,39.739862],[-84.09173,39.740409],[-84.091375,39.740388]]]},"properties":{"p":"B42-0002-0004-0-0122-00","o":"SPARKS TIMOTHY S","a":"4230  MAPLEVIEW DR","d":"BEAVERCREEK CITY SCHOOL DISTRICT","t":9131.56,"l":"510: Res-Single Family","c":0}},{"type":"Feature","geometry":{"type":"Polygon","coordinates":[[[-84.08469,39.741503],[-84.084716,39.741229],[-84.085425,39.741269],[-84.085399,39.741543],[-84.08469,39.741503]]]},"properties":{"p":"B42-0002-0004-0-0093-00","o":"WILLIAMSON SAUNDRA C","a":"1711  KEN KLARE DR","d":"BEAVERCREEK CITY SCHOOL DISTRICT","t":5232.06,"l":"510: Res-Single Family","c":0}},{"type":"Feature","geometry":{"type":"Polygon","coordinates":[[[-84.091467,39.750217],[-84.09136,39.749793],[-84.091481,39.749763],[-84.091589,39.749711],[-84.092151,39.750258],[-84.091467,39.750217]]]},"properties":{"p":"B42-0002-0002-0-0299-00","o":"SUMMERFIELD SECTION NINE ASSOCIATION INC","a":"0  FOX FERN CT","d":"BEAVERCREEK CITY SCHOOL DISTRICT","t":9043.26,"l":"500: Res-Vacant Land","c":0}},{"type":"Feature","geometry":{"type":"Polygon","coordinates":[[[-84.092151,39.750258],[-84.091589,39.749711],[-84.091679,39.749641],[-84.091744,39.749557],[-84.092277,39.749742],[-84.092176,39.750259],[-84.092151,39.750258]]]},"properties":{"p":"B42-0002-0002-0-0298-00","o":"SUMMERFIELD SECTION NINE ASSOCIATION INC","a":"0  FOX FERN CT","d":"BEAVERCREEK CITY SCHOOL DISTRICT","t":9184.26,"l":"500: Res-Vacant Land","c":0}},{"type":"Feature","geometry":{"type":"Polygon","coordinates":[[[-84.084807,39.743019],[-84.084971,39.74247],[-84.085236,39.742485],[-84.085492,39.743109],[-84.085386,39.7432],[-84.085353,39.743278],[-84.084807,39.743019]]]},"properties":{"p":"B42-0002-0002-0-0043-00","o":"SILCOX ANN E","a":"1772  NUGGET CT","d":"BEAVERCREEK CITY SCHOOL DISTRICT","t":5856.26,"l":"510: Res-Single Family","c":0}},{"type":"Feature","geometry":{"type":"Polygon","coordinates":[[[-84.071116,39.755677],[-84.070722,39.755654],[-84.070749,39.75538],[-84.071531,39.755427],[-84.071503,39.7557],[-84.071116,39.755677]]]},"properties":{"p":"B42-0001-0015-0-0140-00","o":"SMITH ALBERT JUSTIN","a":"2222  TULANE DR","d":"BEAVERCREEK CITY SCHOOL DISTRICT","t":4170.02,"l":"510: Res-Single Family","c":0}},{"type":"Feature","geometry":{"type":"Polygon","coordinates":[[[-84.067031,39.760218],[-84.067134,39.759941],[-84.067738,39.760053],[-84.067632,39.760395],[-84.067031,39.760218]]]},"properties":{"p":"B42-0001-0014-0-0055-00","o":"SNAVELY ANDREA E TRUSTEE","a":"2401  CLUBSIDE DR","d":"BEAVERCREEK CITY SCHOOL DISTRICT","t":3482.31,"l":"510: Res-Single Family","c":0}},{"type":"Feature","geometry":{"type":"Polygon","coordinates":[[[-84.077867,39.764061],[-84.077916,39.763515],[-84.078271,39.763537],[-84.078222,39.764082],[-84.077867,39.764061]]]},"properties":{"p":"B42-0001-0013-0-0110-00","o":"STRAIGHT SAUNDRA K & EDWARD P VOCKE III","a":"3928  GRAHAM DR","d":"BEAVERCREEK CITY SCHOOL DISTRICT","t":1475.21,"l":"510: Res-Single Family","c":0}},{"type":"Feature","geometry":{"type":"Polygon","coordinates":[[[-84.06558,39.765442],[-84.065595,39.765282],[-84.065613,39.765257],[-84.065657,39.765241],[-84.06583,39.765251],[-84.065809,39.765446],[-84.06558,39.765442]]]},"properties":{"p":"B42-0001-0012-0-0083-00","o":"WOLFE BRUCE & JULIA ANDREA MENDIETA","a":"3586  KING HENRY (PRIVATE) DR","d":"BEAVERCREEK CITY SCHOOL DISTRICT","t":2559.53,"l":"510: Res-Single Family","c":0}},{"type":"Feature","geometry":{"type":"Polygon","coordinates":[[[-83.968001,39.732619],[-83.968423,39.732229],[-83.969606,39.733202],[-83.969544,39.733892],[-83.968001,39.732619]]]},"properties":{"p":"B04-0002-0047-0-0030-00","o":"MUTERSPAW DAVID K & TERESA K","a":"1038  DORCHESTER RD","d":"XENIA COMMUNITY CITY SCHOOL DISTRICT","t":792.49,"l":"511: Res-Custom Code","c":0}},{"type":"Feature","geometry":{"type":"Polygon","coordinates":[[[-83.959399,39.731501],[-83.959412,39.731399],[-83.959806,39.731164],[-83.959782,39.73093],[-83.960426,39.730826],[-83.960364,39.731548],[-83.959399,39.731501]]]},"properties":{"p":"B04-0002-0047-0-0015-00","o":"COMPTON C DONALD","a":"1615  HILLTOP RD","d":"XENIA COMMUNITY CITY SCHOOL DISTRICT","t":2417.32,"l":"511: Res-Custom Code","c":0}},{"type":"Feature","geometry":{"type":"Polygon","coordinates":[[[-84.024041,39.681106],[-84.024052,39.681],[-84.024121,39.6809],[-84.024126,39.680835],[-84.02502,39.680698],[-84.024676,39.681152],[-84.024041,39.681106]]]},"properties":{"p":"B03-0002-0051-2-0017-00","o":"SVET FRANK A JR & MARILYN N TRUSTEES","a":"345  STRATFORD LN","d":"BEAVERCREEK CITY SCHOOL DISTRICT","t":12378.2,"l":"510: Res-Single Family","c":0}},{"type":"Feature","geometry":{"type":"Polygon","coordinates":[[[-83.995477,39.672079],[-83.998053,39.671433],[-83.998361,39.672194],[-83.995861,39.67282],[-83.995477,39.672079]]]},"properties":{"p":"L32-0002-0032-0-0027-00","o":"BARRAZA CESAR E","a":"582  VAN EATON RD","d":"SUGARCREEK LOCAL SCHOOL DISTRICT","t":3371.08,"l":"511: Res-Custom Code","c":0}},{"type":"Feature","geometry":{"type":"Polygon","coordinates":[[[-84.069321,39.629187],[-84.070614,39.629135],[-84.07086,39.629718],[-84.070304,39.629959],[-84.069321,39.629187]]]},"properties":{"p":"L32-0002-0018-0-0039-00","o":"BARNETT ZACHARY","a":"0  WAYNESVILLE RD","d":"SUGARCREEK LOCAL SCHOOL DISTRICT","t":18.73,"l":"501: Res-Custom Code","c":0}},{"type":"Feature","geometry":{"type":"Polygon","coordinates":[[[-83.748204,39.713088],[-83.748268,39.713058],[-83.748307,39.713107],[-83.748244,39.713137],[-83.748204,39.713088]]]},"properties":{"p":"H23-0001-0015-0-0032-00","o":"STONEBURNER JESSICA RAMSEY","a":"0  DEAN RD","d":"CEDAR CLIFF LOCAL SCHOOL DISTRICT","t":4.25,"l":"501: Res-Custom Code","c":0}},{"type":"Feature","geometry":{"type":"Polygon","coordinates":[[[-83.747906,39.712715],[-83.747747,39.712336],[-83.748565,39.712132],[-83.748719,39.71248],[-83.747991,39.712821],[-83.747906,39.712715]]]},"properties":{"p":"H23-0001-0015-0-0031-00","o":"STONEBURNER JESSICA RAMSEY","a":"0  DEAN RD","d":"CEDAR CLIFF LOCAL SCHOOL DISTRICT","t":977.28,"l":"599: Res-Other","c":0}},{"type":"Feature","geometry":{"type":"Polygon","coordinates":[[[-83.745987,39.65437],[-83.746021,39.653915],[-83.746617,39.653947],[-83.746523,39.654394],[-83.745987,39.65437]]]},"properties":{"p":"J26-0001-0007-0-0003-00","o":"MARSDEN JOE","a":"5053  COTTONVILLE RD","d":"GREENEVIEW LOCAL SCHOOL DISTRICT","t":7362.73,"l":"510: Res-Single Family","c":0}},{"type":"Feature","geometry":{"type":"Polygon","coordinates":[[[-83.745001,39.65386],[-83.745276,39.653593],[-83.745636,39.653789],[-83.745701,39.653728],[-83.745858,39.653906],[-83.745001,39.65386]]]},"properties":{"p":"J26-0001-0007-0-0004-00","o":"MONTGOMERY JOYCE E","a":"5070  WAYNESVILLE JAMESTOWN RD","d":"GREENEVIEW LOCAL SCHOOL DISTRICT","t":2784.63,"l":"510: Res-Single Family","c":0}},{"type":"Feature","geometry":{"type":"Polygon","coordinates":[[[-83.771196,39.646311],[-83.771241,39.645818],[-83.772073,39.645862],[-83.772021,39.646445],[-83.77128,39.646396],[-83.771223,39.646371],[-83.771196,39.646311]]]},"properties":{"p":"J26-0001-0009-3-0117-00","o":"ANDERSON SANDRA K","a":"4363  COMANCHEE TRL","d":"GREENEVIEW LOCAL SCHOOL DISTRICT","t":8542.57,"l":"510: Res-Single Family","c":0}},{"type":"Feature","geometry":{"type":"Polygon","coordinates":[[[-83.77228,39.646532],[-83.772339,39.645877],[-83.772608,39.645891],[-83.772518,39.646733],[-83.772437,39.646642],[-83.77228,39.646532]]]},"properties":{"p":"J26-0001-0009-3-0120-00","o":"ESUA RYAN","a":"0  COMANCHEE TRL","d":"GREENEVIEW LOCAL SCHOOL DISTRICT","t":1422,"l":"500: Res-Vacant Land","c":0}},{"type":"Feature","geometry":{"type":"Polygon","coordinates":[[[-83.786222,39.622413],[-83.786299,39.621181],[-83.787016,39.621214],[-83.786846,39.622443],[-83.786222,39.622413]]]},"properties":{"p":"J26-0001-0010-1-0001-00","o":"1826 MT CARMEL LLC","a":"0  MT CARMEL RD","d":"GREENEVIEW LOCAL SCHOOL DISTRICT","t":1123.53,"l":"501: Res-Custom Code","c":0}},{"type":"Feature","geometry":{"type":"Polygon","coordinates":[[[-83.723356,39.631797],[-83.723424,39.630058],[-83.725858,39.630109],[-83.72579,39.631856],[-83.723356,39.631797]]]},"properties":{"p":"J26-0001-0011-0-0030-00","o":"SHORT JEREMY & JOYCE","a":"1451  HEIFNER RD","d":"GREENEVIEW LOCAL SCHOOL DISTRICT","t":2027.5,"l":"512: Res-Custom Code","c":0}},{"type":"Feature","geometry":{"type":"Polygon","coordinates":[[[-83.66519,39.600795],[-83.665203,39.600673],[-83.666471,39.599834],[-83.667536,39.600829],[-83.666161,39.601071],[-83.66519,39.600795]]]},"properties":{"p":"J26-0001-0012-0-0020-00","o":"BOWEN MARK A","a":"7500  HARGRAVE RD","d":"GREENEVIEW LOCAL SCHOOL DISTRICT","t":5726.12,"l":"111: Agr-CAUV-Cash-Grain Farm","c":0}},{"type":"Feature","geometry":{"type":"Polygon","coordinates":[[[-83.742958,39.659369],[-83.743122,39.658944],[-83.743329,39.659],[-83.743161,39.659423],[-83.742958,39.659369]]]},"properties":{"p":"J27-0001-0002-0-0003-00","o":"JOHNSON PATRICK M","a":"95 W WASHINGTON ST","d":"GREENEVIEW LOCAL SCHOOL DISTRICT","t":1380.83,"l":"510: Res-Single Family","c":0}},{"type":"Feature","geometry":{"type":"Polygon","coordinates":[[[-83.742729,39.659822],[-83.742291,39.659706],[-83.742482,39.659241],[-83.742958,39.659369],[-83.742767,39.659832],[-83.742729,39.659822]]]},"properties":{"p":"J27-0001-0002-0-0058-00","o":"JOHNSON PATRICK","a":"0  XENIA ST","d":"GREENEVIEW LOCAL SCHOOL DISTRICT","t":379.53,"l":"599: Res-Other","c":0}},{"type":"Feature","geometry":{"type":"Polygon","coordinates":[[[-83.73633,39.660307],[-83.736377,39.659858],[-83.736669,39.659874],[-83.736622,39.660324],[-83.73633,39.660307]]]},"properties":{"p":"J27-0001-0002-0-0070-00","o":"ESAU KINDRA","a":"0 W XENIA ST","d":"GREENEVIEW LOCAL SCHOOL DISTRICT","t":24.17,"l":"500: Res-Vacant Land","c":0}},{"type":"Feature","geometry":{"type":"Polygon","coordinates":[[[-83.73578,39.662112],[-83.735803,39.661866],[-83.740073,39.662167],[-83.740051,39.662413],[-83.73578,39.662112]]]},"properties":{"p":"J27-0001-0002-0-0073-00","o":"TYREE RODGER D & CONNIE M","a":"0 W XENIA ST","d":"GREENEVIEW LOCAL SCHOOL DISTRICT","t":2067.68,"l":"500: Res-Vacant Land","c":0}},{"type":"Feature","geometry":{"type":"Polygon","coordinates":[[[-83.736039,39.660291],[-83.736063,39.660065],[-83.736354,39.660082],[-83.73633,39.660307],[-83.736039,39.660291]]]},"properties":{"p":"J27-0001-0002-0-0113-00","o":"ESAU KINDRA","a":"0 W BUCKLES AVE","d":"GREENEVIEW LOCAL SCHOOL DISTRICT","t":184.82,"l":"500: Res-Vacant Land","c":0}},{"type":"Feature","geometry":{"type":"Polygon","coordinates":[[[-83.736086,39.659841],[-83.736089,39.659813],[-83.73638,39.65983],[-83.736377,39.659858],[-83.736086,39.659841]]]},"properties":{"p":"J27-0001-0002-0-0114-00","o":"ESAU KINDRA","a":"0  BUCKLES AVE","d":"GREENEVIEW LOCAL SCHOOL DISTRICT","t":23.63,"l":"500: Res-Vacant Land","c":0}},{"type":"Feature","geometry":{"type":"Polygon","coordinates":[[[-83.745749,39.660462],[-83.745871,39.660197],[-83.746266,39.660303],[-83.746449,39.659884],[-83.746481,39.659895],[-83.74618,39.660556],[-83.746125,39.660565],[-83.745749,39.660462]]]},"properties":{"p":"J27-0001-0002-0-0139-00","o":"BURKHEISER RICHARD M & MARY E","a":"1  BROOKSIDE ST","d":"GREENEVIEW LOCAL SCHOOL DISTRICT","t":1289.3,"l":"510: Res-Single Family","c":0}},{"type":"Feature","geometry":{"type":"Polygon","coordinates":[[[-83.733057,39.659074],[-83.73307,39.658951],[-83.733375,39.65897],[-83.733361,39.659094],[-83.733057,39.659074]]]},"properties":{"p":"J27-0001-0003-0-0070-00","o":"LEONARD ANITA S","a":"7 N CHURCH ST","d":"GREENEVIEW LOCAL SCHOOL DISTRICT","t":1080.14,"l":"510: Res-Single Family","c":0}},{"type":"Feature","geometry":{"type":"Polygon","coordinates":[[[-83.728838,39.658807],[-83.728875,39.658461],[-83.729151,39.658476],[-83.729115,39.658824],[-83.728838,39.658807]]]},"properties":{"p":"J27-0001-0003-0-0085-00","o":"TACKETT SARAH & SCOTT","a":"54 E XENIA ST","d":"GREENEVIEW LOCAL SCHOOL DISTRICT","t":21.11,"l":"520: Res-Two Family","c":0}},{"type":"Feature","geometry":{"type":"Polygon","coordinates":[[[-83.733997,39.659698],[-83.734011,39.659568],[-83.734595,39.659605],[-83.734581,39.659735],[-83.733997,39.659698]]]},"properties":{"p":"J27-0001-0003-0-0106-00","o":"BENTON STEVE R & SHANON M","a":"25 N LIMESTONE ST","d":"GREENEVIEW LOCAL SCHOOL DISTRICT","t":3106.67,"l":"510: Res-Single Family","c":0}},{"type":"Feature","geometry":{"type":"Polygon","coordinates":[[[-83.733703,39.659452],[-83.733437,39.659436],[-83.733459,39.659224],[-83.733752,39.659242],[-83.733729,39.659454],[-83.733703,39.659452]]]},"properties":{"p":"J27-0001-0003-0-0110-00","o":"LEACH WILMA J","a":"15 E XENIA ST","d":"GREENEVIEW LOCAL SCHOOL DISTRICT","t":4026.26,"l":"510: Res-Single Family","c":0}},{"type":"Feature","geometry":{"type":"Polygon","coordinates":[[[-83.733412,39.65967],[-83.733422,39.659574],[-83.733688,39.659587],[-83.733678,39.659682],[-83.733412,39.65967]]]},"properties":{"p":"J27-0001-0003-0-0113-00","o":"LEACH WILMA J","a":"10 N CHURCH ST","d":"GREENEVIEW LOCAL SCHOOL DISTRICT","t":376.98,"l":"500: Res-Vacant Land","c":0}},{"type":"Feature","geometry":{"type":"Polygon","coordinates":[[[-83.733914,39.660451],[-83.733938,39.660245],[-83.734115,39.660256],[-83.734091,39.660462],[-83.733914,39.660451]]]},"properties":{"p":"J27-0001-0003-0-0183-00","o":"BAKER HEIDI J","a":"1  ADAMS ST","d":"GREENEVIEW LOCAL SCHOOL DISTRICT","t":237.84,"l":"510: Res-Single Family","c":0}},{"type":"Feature","geometry":{"type":"Polygon","coordinates":[[[-83.731646,39.660574],[-83.731689,39.660092],[-83.731965,39.660108],[-83.731922,39.660587],[-83.731646,39.660574]]]},"properties":{"p":"J27-0001-0003-0-0204-00","o":"EDWARDS LARRY DANIEL","a":"17  ADAMS ST","d":"GREENEVIEW LOCAL SCHOOL DISTRICT","t":584.25,"l":"510: Res-Single Family","c":0}},{"type":"Feature","geometry":{"type":"Polygon","coordinates":[[[-83.732927,39.661607],[-83.732974,39.661191],[-83.733151,39.661203],[-83.733104,39.661619],[-83.732927,39.661607]]]},"properties":{"p":"J27-0001-0003-0-0248-00","o":"FLEMING BILLIE JO","a":"48  NELSON ST","d":"GREENEVIEW LOCAL SCHOOL DISTRICT","t":13.49,"l":"500: Res-Vacant Land","c":0}},{"type":"Feature","geometry":{"type":"Polygon","coordinates":[[[-83.732751,39.661594],[-83.732797,39.661179],[-83.732974,39.661191],[-83.732927,39.661607],[-83.732751,39.661594]]]},"properties":{"p":"J27-0001-0003-0-0249-00","o":"FLEMING BILLIE JO","a":"0  NELSON ST","d":"GREENEVIEW LOCAL SCHOOL DISTRICT","t":13.49,"l":"500: Res-Vacant Land","c":0}},{"type":"Feature","geometry":{"type":"Polygon","coordinates":[[[-83.732574,39.661582],[-83.732623,39.661142],[-83.7328,39.661153],[-83.732751,39.661594],[-83.732574,39.661582]]]},"properties":{"p":"J27-0001-0003-0-0250-00","o":"WEISS THOMAS","a":"13  NELSON ST","d":"GREENEVIEW LOCAL SCHOOL DISTRICT","t":4299.81,"l":"510: Res-Single Family","c":0}},{"type":"Feature","geometry":{"type":"Polygon","coordinates":[[[-83.731191,39.66194],[-83.731156,39.661938],[-83.731634,39.661094],[-83.731837,39.661115],[-83.731604,39.661514],[-83.731309,39.661949],[-83.731191,39.66194]]]},"properties":{"p":"J27-0001-0003-0-0257-00","o":"FLEMING BILLIE JO","a":"0  NELSON ST","d":"GREENEVIEW LOCAL SCHOOL DISTRICT","t":67.14,"l":"501: Res-Custom Code","c":0}},{"type":"Feature","geometry":{"type":"Polygon","coordinates":[[[-83.731112,39.661935],[-83.731579,39.66109],[-83.731634,39.661094],[-83.731156,39.661938],[-83.731112,39.661935]]]},"properties":{"p":"J27-0001-0003-0-0258-00","o":"FLEMING BILLIE JO","a":"0  NELSON ST","d":"GREENEVIEW LOCAL SCHOOL DISTRICT","t":18.95,"l":"500: Res-Vacant Land","c":0}},{"type":"Feature","geometry":{"type":"Polygon","coordinates":[[[-83.733409,39.659697],[-83.733412,39.65967],[-83.733678,39.659682],[-83.733675,39.659712],[-83.733409,39.659697]]]},"properties":{"p":"J27-0001-0003-0-0300-00","o":"LEACH WILMA J","a":"0 N CHURCH ST","d":"GREENEVIEW LOCAL SCHOOL DISTRICT","t":86.69,"l":"500: Res-Vacant Land","c":0}},{"type":"Feature","geometry":{"type":"Polygon","coordinates":[[[-83.725312,39.660659],[-83.725337,39.660227],[-83.725514,39.660233],[-83.725489,39.660666],[-83.725312,39.660659]]]},"properties":{"p":"J27-0001-0003-0-0360-00","o":"BLACKBURN OTTO","a":"0  NELSON ST","d":"GREENEVIEW LOCAL SCHOOL DISTRICT","t":10973.18,"l":"500: Res-Vacant Land","c":0}},{"type":"Feature","geometry":{"type":"Polygon","coordinates":[[[-83.725134,39.660652],[-83.725159,39.660221],[-83.725337,39.660227],[-83.725312,39.660659],[-83.725134,39.660652]]]},"properties":{"p":"J27-0001-0003-0-0361-00","o":"BLACKBURN OTTO","a":"0  NELSON ST","d":"GREENEVIEW LOCAL SCHOOL DISTRICT","t":10919.25,"l":"500: Res-Vacant Land","c":0}},{"type":"Feature","geometry":{"type":"Polygon","coordinates":[[[-83.729258,39.661359],[-83.729307,39.660941],[-83.72948,39.660955],[-83.729436,39.661369],[-83.729258,39.661359]]]},"properties":{"p":"J27-0001-0003-0-0390-00","o":"PRISER MILDRED E","a":"49  NELSON ST","d":"GREENEVIEW LOCAL SCHOOL DISTRICT","t":4117.98,"l":"561: Res-Custom Code","c":0}},{"type":"Feature","geometry":{"type":"Polygon","coordinates":[[[-83.729854,39.660449],[-83.729906,39.659993],[-83.730198,39.660009],[-83.730146,39.660469],[-83.729854,39.660449]]]},"properties":{"p":"J27-0001-0003-0-0392-00","o":"PEYTON DAROLD & LEONA","a":"33  ADAMS ST","d":"GREENEVIEW LOCAL SCHOOL DISTRICT","t":7955.37,"l":"510: Res-Single Family","c":0}},{"type":"Feature","geometry":{"type":"Polygon","coordinates":[[[-83.728452,39.659838],[-83.72848,39.659551],[-83.728756,39.659567],[-83.728729,39.659854],[-83.728452,39.659838]]]},"properties":{"p":"J27-0001-0003-0-0397-00","o":"NELSON MELANIE ETAL","a":"40  ADAMS ST","d":"GREENEVIEW LOCAL SCHOOL DISTRICT","t":1835.26,"l":"510: Res-Single Family","c":0}},{"type":"Feature","geometry":{"type":"Polygon","coordinates":[[[-83.73343,39.659501],[-83.733437,39.659436],[-83.733508,39.65944],[-83.733501,39.659506],[-83.73343,39.659501]]]},"properties":{"p":"J27-0001-0003-0-0407-00","o":"LEACH WILMA J","a":"0 N CHURCH ST","d":"GREENEVIEW LOCAL SCHOOL DISTRICT","t":133.86,"l":"500: Res-Vacant Land","c":0}},{"type":"Feature","geometry":{"type":"Polygon","coordinates":[[[-83.733422,39.659574],[-83.73343,39.659501],[-83.733501,39.659506],[-83.733508,39.65944],[-83.733703,39.659452],[-83.733688,39.659587],[-83.733422,39.659574]]]},"properties":{"p":"J27-0001-0003-0-0411-00","o":"LEACH WILMA J","a":"0 N CHURCH ST","d":"GREENEVIEW LOCAL SCHOOL DISTRICT","t":374.06,"l":"500: Res-Vacant Land","c":0}},{"type":"Feature","geometry":{"type":"Polygon","coordinates":[[[-83.73526,39.658586],[-83.734977,39.658569],[-83.734983,39.658514],[-83.735179,39.658526],[-83.735174,39.658572],[-83.73526,39.658586]]]},"properties":{"p":"J27-0001-0003-1-0016-00","o":"EICK STEPHEN","a":"0 N LIMESTONE ST","d":"GREENEVIEW LOCAL SCHOOL DISTRICT","t":75.91,"l":"456: Com-Parking Garage","c":0}},{"type":"Feature","geometry":{"type":"Polygon","coordinates":[[[-83.734971,39.658623],[-83.734977,39.658569],[-83.735189,39.658582],[-83.735184,39.658636],[-83.734971,39.658623]]]},"properties":{"p":"J27-0001-0003-1-0017-00","o":"EICK STEPHEN","a":"0 N LIMESTONE ST","d":"GREENEVIEW LOCAL SCHOOL DISTRICT","t":97.2,"l":"456: Com-Parking Garage","c":0}},{"type":"Feature","geometry":{"type":"Polygon","coordinates":[[[-83.735184,39.658636],[-83.735189,39.658582],[-83.73526,39.658586],[-83.735254,39.658641],[-83.735184,39.658636]]]},"properties":{"p":"J27-0001-0003-1-0018-00","o":"EICK STEPHEN","a":"0 N LIMESTONE ST","d":"GREENEVIEW LOCAL SCHOOL DISTRICT","t":25.71,"l":"456: Com-Parking Garage","c":0}},{"type":"Feature","geometry":{"type":"Polygon","coordinates":[[[-83.735253,39.658654],[-83.73526,39.658586],[-83.735561,39.658604],[-83.735554,39.658673],[-83.735253,39.658654]]]},"properties":{"p":"J27-0001-0003-1-0019-00","o":"EICK STEPHEN","a":"0 N LIMESTONE ST","d":"GREENEVIEW LOCAL SCHOOL DISTRICT","t":135.29,"l":"456: Com-Parking Garage","c":0}},{"type":"Feature","geometry":{"type":"Polygon","coordinates":[[[-83.734956,39.658767],[-83.734958,39.65875],[-83.735231,39.658766],[-83.735243,39.658654],[-83.73497,39.658637],[-83.734971,39.658623],[-83.735554,39.658673],[-83.73554,39.658803],[-83.734956,39.658767]]]},"properties":{"p":"J27-0001-0003-1-0020-00","o":"EICK STEPHEN","a":"6 N LIMESTONE ST","d":"GREENEVIEW LOCAL SCHOOL DISTRICT","t":9412.6,"l":"420: Com-Retail-Small","c":0}},{"type":"Feature","geometry":{"type":"Polygon","coordinates":[[[-83.735905,39.659252],[-83.735952,39.6588],[-83.736127,39.658811],[-83.73608,39.659263],[-83.735905,39.659252]]]},"properties":{"p":"J27-0001-0003-1-0052-00","o":"MC VEY CHLOE","a":"8 W XENIA ST","d":"GREENEVIEW LOCAL SCHOOL DISTRICT","t":17533.69,"l":"500: Res-Vacant Land","c":0}},{"type":"Feature","geometry":{"type":"Polygon","coordinates":[[[-83.734285,39.658862],[-83.734288,39.658812],[-83.734409,39.65882],[-83.734404,39.658869],[-83.734285,39.658862]]]},"properties":{"p":"J27-0001-0003-1-0420-00","o":"MC FARLAND RAYMOND & CHARIDDY","a":"0  LIMESTONE ST","d":"GREENEVIEW LOCAL SCHOOL DISTRICT","t":14.19,"l":"400: Com-Vacant Land","c":0}},{"type":"Feature","geometry":{"type":"Polygon","coordinates":[[[-83.735886,39.658783],[-83.735909,39.658571],[-83.736151,39.658585],[-83.736129,39.658797],[-83.735886,39.658783]]]},"properties":{"p":"J27-0001-0003-1-0466-00","o":"BURTON KEVIN A & CHARLES R GREER II","a":"27 W WASHINGTON ST","d":"GREENEVIEW LOCAL SCHOOL DISTRICT","t":128.89,"l":"510: Res-Single Family","c":0}},{"type":"Feature","geometry":{"type":"Polygon","coordinates":[[[-83.731876,39.657264],[-83.731883,39.657196],[-83.732303,39.657221],[-83.732296,39.65729],[-83.731876,39.657264]]]},"properties":{"p":"J27-0001-0004-0-0069-00","o":"REYNOLDS MICHELLE P & GREGORY A FERGUSON","a":"0 S SYCAMORE ST","d":"GREENEVIEW LOCAL SCHOOL DISTRICT","t":1647.35,"l":"500: Res-Vacant Land","c":0}},{"type":"Feature","geometry":{"type":"Polygon","coordinates":[[[-83.731232,39.656005],[-83.731284,39.655632],[-83.731565,39.655673],[-83.731516,39.656017],[-83.731232,39.656005]]]},"properties":{"p":"J27-0001-0004-0-0117-00","o":"ESAU RYAN E","a":"15  VERITY ST","d":"GREENEVIEW LOCAL SCHOOL DISTRICT","t":485.08,"l":"599: Res-Other","c":0}},{"type":"Feature","geometry":{"type":"Polygon","coordinates":[[[-83.734129,39.656615],[-83.73413,39.656604],[-83.733769,39.656582],[-83.733784,39.656445],[-83.73435,39.65648],[-83.734334,39.656628],[-83.734129,39.656615]]]},"properties":{"p":"J27-0001-0004-0-0150-00","o":"SUTTON JAMES E","a":"18 S CHURCH ST","d":"GREENEVIEW LOCAL SCHOOL DISTRICT","t":1669.56,"l":"510: Res-Single Family","c":0}},{"type":"Feature","geometry":{"type":"Polygon","coordinates":[[[-83.732741,39.654421],[-83.73309,39.654246],[-83.733277,39.654454],[-83.732909,39.65464],[-83.73271,39.654696],[-83.732741,39.654421]]]},"properties":{"p":"J27-0001-0004-0-0202-00","o":"EICK STEPHEN M & DEBORAH E","a":"56 S LIMESTONE ST","d":"GREENEVIEW LOCAL SCHOOL DISTRICT","t":5477.8,"l":"499: Com-Other","c":0}},{"type":"Feature","geometry":{"type":"Polygon","coordinates":[[[-83.731025,39.656021],[-83.731061,39.655598],[-83.731102,39.655604],[-83.73104,39.656022],[-83.731025,39.656021]]]},"properties":{"p":"J27-0001-0004-0-0269-00","o":"ESAU RYAN E","a":"0  VERITY ST","d":"GREENEVIEW LOCAL SCHOOL DISTRICT","t":15.48,"l":"500: Res-Vacant Land","c":0}},{"type":"Feature","geometry":{"type":"Polygon","coordinates":[[[-83.735749,39.657459],[-83.735708,39.657457],[-83.735732,39.657231],[-83.736046,39.65725],[-83.736023,39.657476],[-83.735749,39.657459]]]},"properties":{"p":"J27-0001-0004-1-0001-00","o":"FLEMING BILLIE JO","a":"0 S BUCKLES AVE","d":"GREENEVIEW LOCAL SCHOOL DISTRICT","t":243.32,"l":"400: Com-Vacant Land","c":0}},{"type":"Feature","geometry":{"type":"Polygon","coordinates":[[[-83.736021,39.657703],[-83.735726,39.657685],[-83.735749,39.657459],[-83.736245,39.657499],[-83.736223,39.657715],[-83.736021,39.657703]]]},"properties":{"p":"J27-0001-0004-1-0002-00","o":"FLEMING BILLIE JO","a":"12 S BUCKLES AVE","d":"GREENEVIEW LOCAL SCHOOL DISTRICT","t":1175.35,"l":"499: Com-Other","c":0}},{"type":"Feature","geometry":{"type":"Polygon","coordinates":[[[-83.735635,39.65768],[-83.735645,39.657595],[-83.735735,39.657601],[-83.735726,39.657685],[-83.735635,39.65768]]]},"properties":{"p":"J27-0001-0004-1-0003-00","o":"FLEMING BILLIE JO","a":"9 S LIMESTONE ST","d":"GREENEVIEW LOCAL SCHOOL DISTRICT","t":28.05,"l":"400: Com-Vacant Land","c":0}},{"type":"Feature","geometry":{"type":"Polygon","coordinates":[[[-83.73558,39.658132],[-83.735607,39.657906],[-83.735682,39.657911],[-83.735658,39.658137],[-83.73558,39.658132]]]},"properties":{"p":"J27-0001-0004-1-0010-00","o":"SOMETHING NEW FAITH FLOWERS FINDS LLC","a":"18 W WASHINGTON ST","d":"GREENEVIEW LOCAL SCHOOL DISTRICT","t":2611.95,"l":"429: Com-Other","c":0}},{"type":"Feature","geometry":{"type":"Polygon","coordinates":[[[-83.735372,39.658119],[-83.735398,39.657901],[-83.735461,39.657906],[-83.735435,39.658123],[-83.735372,39.658119]]]},"properties":{"p":"J27-0001-0004-1-0012-00","o":"REED DAVID J","a":"12 W WASHINGTON ST","d":"GREENEVIEW LOCAL SCHOOL DISTRICT","t":671.82,"l":"429: Com-Other","c":0}},{"type":"Feature","geometry":{"type":"Polygon","coordinates":[[[-83.735308,39.658115],[-83.735321,39.658007],[-83.735298,39.658006],[-83.735312,39.657895],[-83.735398,39.657901],[-83.735372,39.658119],[-83.735308,39.658115]]]},"properties":{"p":"J27-0001-0004-1-0013-00","o":"REED DAVID J","a":"10 W WASHINGTON ST","d":"GREENEVIEW LOCAL SCHOOL DISTRICT","t":790.93,"l":"429: Com-Other","c":0}},{"type":"Feature","geometry":{"type":"Polygon","coordinates":[[[-83.734283,39.657349],[-83.734293,39.657251],[-83.734874,39.657286],[-83.734864,39.657383],[-83.734283,39.657349]]]},"properties":{"p":"J27-0001-0004-1-0030-00","o":"SHARP SHANE","a":"14 S LIMESTONE ST","d":"GREENEVIEW LOCAL SCHOOL DISTRICT","t":5775.06,"l":"510: Res-Single Family","c":0}},{"type":"Feature","geometry":{"type":"Polygon","coordinates":[[[-83.734536,39.657696],[-83.734544,39.657623],[-83.734838,39.657641],[-83.734831,39.657714],[-83.734536,39.657696]]]},"properties":{"p":"J27-0001-0004-1-0034-00","o":"JOHNSON PATRICK","a":"10 S LIMESTONE ST","d":"GREENEVIEW LOCAL SCHOOL DISTRICT","t":860.66,"l":"499: Com-Other","c":0}},{"type":"Feature","geometry":{"type":"Polygon","coordinates":[[[-83.734531,39.657749],[-83.734536,39.657696],[-83.734831,39.657714],[-83.734825,39.657766],[-83.734531,39.657749]]]},"properties":{"p":"J27-0001-0004-1-0035-00","o":"JOHNSON PATRICK","a":"8 S LIMESTONE ST","d":"GREENEVIEW LOCAL SCHOOL DISTRICT","t":3021.38,"l":"401: Com-Apartment- 4 to 19","c":0}},{"type":"Feature","geometry":{"type":"Polygon","coordinates":[[[-83.734315,39.657837],[-83.734339,39.657611],[-83.734544,39.657623],[-83.734531,39.657749],[-83.734825,39.657766],[-83.734818,39.657867],[-83.734315,39.657837]]]},"properties":{"p":"J27-0001-0004-1-0036-00","o":"JOHNSON PATRICK","a":"40 S LIMESTONE ST","d":"GREENEVIEW LOCAL SCHOOL DISTRICT","t":3301.32,"l":"456: Com-Parking Garage","c":0}},{"type":"Feature","geometry":{"type":"Polygon","coordinates":[[[-83.734292,39.658062],[-83.734315,39.657837],[-83.734818,39.657867],[-83.734791,39.658092],[-83.734292,39.658062]]]},"properties":{"p":"J27-0001-0004-1-0038-00","o":"JOHNSON PATRICK","a":"2 E WASHINGTON ST","d":"GREENEVIEW LOCAL SCHOOL DISTRICT","t":11846.92,"l":"429: Com-Other","c":0}},{"type":"Feature","geometry":{"type":"Polygon","coordinates":[[[-83.735607,39.657906],[-83.735631,39.657712],[-83.735702,39.657717],[-83.735682,39.657911],[-83.735607,39.657906]]]},"properties":{"p":"J27-0001-0004-1-0272-00","o":"SOMETHING NEW FAITH FLOWERS FINDS LLC","a":"0 W WASHINGTON ST","d":"GREENEVIEW LOCAL SCHOOL DISTRICT","t":226.47,"l":"400: Com-Vacant Land","c":0}},{"type":"Feature","geometry":{"type":"Polygon","coordinates":[[[-84.027501,39.594133],[-84.027717,39.593915],[-84.027949,39.594042],[-84.02794,39.59405],[-84.028025,39.5941],[-84.028162,39.593967],[-84.028243,39.594015],[-84.027894,39.594369],[-84.027501,39.594133]]]},"properties":{"p":"K28-0001-0005-0-0043-00","o":"SMALLWOOD CONNIE S & PATRICIA L SMALLWOOD","a":"3261  CLEAR SPRINGS RD","d":"XENIA COMMUNITY CITY SCHOOL DISTRICT","t":2076.22,"l":"511: Res-Custom Code","c":0}},{"type":"Feature","geometry":{"type":"Polygon","coordinates":[[[-84.028649,39.594465],[-84.028114,39.594146],[-84.028243,39.594015],[-84.029028,39.594488],[-84.028649,39.594465]]]},"properties":{"p":"K28-0001-0005-0-0045-00","o":"SMALLWOOD CONNIE S & PATRICIA L SMALLWOOD","a":"0  CLEAR SPRINGS RD","d":"XENIA COMMUNITY CITY SCHOOL DISTRICT","t":28.29,"l":"501: Res-Custom Code","c":0}},{"type":"Feature","geometry":{"type":"Polygon","coordinates":[[[-83.99835,39.661584],[-83.998865,39.661459],[-83.999661,39.663453],[-83.998654,39.663692],[-83.997838,39.66171],[-83.99835,39.661584]]]},"properties":{"p":"K28-0001-0008-0-0002-00","o":"POWERS STEPHEN W","a":"1691  MCCLELLAN RD","d":"XENIA COMMUNITY CITY SCHOOL DISTRICT","t":3468.37,"l":"511: Res-Custom Code","c":0}},{"type":"Feature","geometry":{"type":"Polygon","coordinates":[[[-83.984858,39.650505],[-83.985113,39.650361],[-83.985653,39.650929],[-83.985401,39.65107],[-83.984858,39.650505]]]},"properties":{"p":"K28-0001-0009-0-0009-00","o":"LEE BEVERLY A ETAL","a":"1281  LOWER BELLBROOK RD","d":"XENIA COMMUNITY CITY SCHOOL DISTRICT","t":2782.92,"l":"511: Res-Custom Code","c":0}},{"type":"Feature","geometry":{"type":"Polygon","coordinates":[[[-84.009925,39.627998],[-84.009902,39.627982],[-84.009817,39.627697],[-84.010877,39.627444],[-84.012936,39.625749],[-84.013419,39.626078],[-84.010564,39.628429],[-84.009925,39.627998]]]},"properties":{"p":"K28-0001-0011-0-0047-00","o":"GITZINGER TEENA R","a":"2105  SIMISON RD","d":"XENIA COMMUNITY CITY SCHOOL DISTRICT","t":4677.19,"l":"511: Res-Custom Code","c":0}},{"type":"Feature","geometry":{"type":"Polygon","coordinates":[[[-83.99962,39.624687],[-84.000292,39.62516],[-83.999784,39.625822],[-83.998892,39.625836],[-83.998787,39.625866],[-83.99962,39.624687]]]},"properties":{"p":"K28-0001-0011-0-0097-00","o":"NIESLEY TROY E","a":"1605  RICHLAND RD","d":"XENIA COMMUNITY CITY SCHOOL DISTRICT","t":13092.98,"l":"511: Res-Custom Code","c":0}},{"type":"Feature","geometry":{"type":"Polygon","coordinates":[[[-83.938954,39.590563],[-83.936076,39.59028],[-83.935943,39.591098],[-83.933896,39.590921],[-83.935461,39.58508],[-83.936185,39.585168],[-83.935907,39.586184],[-83.935124,39.589265],[-83.93915,39.589765],[-83.939981,39.586697],[-83.940043,39.586705],[-83.938802,39.591386],[-83.93873,39.591379],[-83.938954,39.590563]]]},"properties":{"p":"K28-0001-0019-0-0007-00","o":"MAHAFFEY PATRICK","a":"0 E SPRING VALLEY PAINTERSVILLE RD","d":"XENIA COMMUNITY CITY SCHOOL DISTRICT","t":4881.17,"l":"110: Agr-CAUV-Vacant Land","c":0}},{"type":"Feature","geometry":{"type":"Polygon","coordinates":[[[-83.936185,39.585168],[-83.935461,39.58508],[-83.936178,39.582406],[-83.940877,39.58316],[-83.940793,39.583472],[-83.937961,39.583017],[-83.937096,39.585279],[-83.936185,39.585168]]]},"properties":{"p":"K28-0001-0019-0-0009-00","o":"LONG VICTOR R","a":"0  CEMETERY RD","d":"XENIA COMMUNITY CITY SCHOOL DISTRICT","t":149.55,"l":"110: Agr-CAUV-Vacant Land","c":0}},{"type":"Feature","geometry":{"type":"Polygon","coordinates":[[[-83.938193,39.593329],[-83.93873,39.591379],[-83.938802,39.591386],[-83.938282,39.593338],[-83.938193,39.593329]]]},"properties":{"p":"K28-0001-0019-0-0013-00","o":"MAHAFFEY PATRICK","a":"0  SPRING VALLEY PAINTERSVILLE RD","d":"XENIA COMMUNITY CITY SCHOOL DISTRICT","t":107.24,"l":"501: Res-Custom Code","c":0}},{"type":"Feature","geometry":{"type":"Polygon","coordinates":[[[-83.988216,39.597906],[-83.984419,39.596814],[-83.984966,39.595183],[-83.990556,39.596331],[-83.990228,39.597791],[-83.990176,39.59778],[-83.989509,39.597423],[-83.988874,39.597301],[-83.988547,39.598003],[-83.988216,39.597906]]]},"properties":{"p":"K28-0001-0021-0-0007-00","o":"HARRIS JACKSON ROBIN R","a":"3030  CORNSTALK RD","d":"XENIA COMMUNITY CITY SCHOOL DISTRICT","t":1361.57,"l":"199: Agr-CAUV-Other","c":0}},{"type":"Feature","geometry":{"type":"Polygon","coordinates":[[[-83.970199,39.59993],[-83.96992,39.599414],[-83.971569,39.599279],[-83.971315,39.59953],[-83.97136,39.599558],[-83.970735,39.600163],[-83.970199,39.59993]]]},"properties":{"p":"K28-0001-0021-0-0040-00","o":"REAL ESTATE EVALUATIONS LLC","a":"765 W SPRING VALLEY PAINTERSVILLE RD","d":"XENIA COMMUNITY CITY SCHOOL DISTRICT","t":7704.74,"l":"511: Res-Custom Code","c":0}},{"type":"Feature","geometry":{"type":"Polygon","coordinates":[[[-83.970994,39.59991],[-83.97136,39.599558],[-83.971315,39.59953],[-83.972462,39.598397],[-83.973307,39.598478],[-83.97182,39.600301],[-83.970994,39.59991]]]},"properties":{"p":"K28-0001-0021-0-0044-00","o":"REAL ESTATE EVALUATIONS LLC","a":"0 W SPRING VALLEY PAINTERSVILLE RD","d":"XENIA COMMUNITY CITY SCHOOL DISTRICT","t":777.14,"l":"501: Res-Custom Code","c":0}},{"type":"Feature","geometry":{"type":"Polygon","coordinates":[[[-83.988547,39.598003],[-83.988874,39.597301],[-83.989509,39.597423],[-83.990176,39.59778],[-83.993011,39.598363],[-83.992819,39.599236],[-83.988547,39.598003]]]},"properties":{"p":"K28-0001-0021-0-0047-00","o":"HARRIS JACKSON ROBIN R","a":"3030  CORNSTALK RD","d":"XENIA COMMUNITY CITY SCHOOL DISTRICT","t":8091.31,"l":"111: Agr-CAUV-Cash-Grain Farm","c":0}},{"type":"Feature","geometry":{"type":"Polygon","coordinates":[[[-84.007329,39.588659],[-84.007537,39.588465],[-84.006577,39.588175],[-84.006898,39.587571],[-84.008607,39.588113],[-84.008346,39.588725],[-84.007329,39.588659]]]},"properties":{"p":"K28-0001-0022-0-0010-00","o":"CARTER RAYMOND A ET AL","a":"3430  HOUSTON RD","d":"XENIA COMMUNITY CITY SCHOOL DISTRICT","t":5404.69,"l":"511: Res-Custom Code","c":0}},{"type":"Feature","geometry":{"type":"Polygon","coordinates":[[[-84.008562,39.608148],[-84.00874,39.608057],[-84.008912,39.608259],[-84.008847,39.608292],[-84.008987,39.608457],[-84.008874,39.608514],[-84.008562,39.608148]]]},"properties":{"p":"K31-0001-0001-0-0020-00","o":"MARKET RIGHT SOLUTIONS LLC ETAL","a":"13 W MAIN ST","d":"XENIA COMMUNITY CITY SCHOOL DISTRICT","t":3102.47,"l":"429: Com-Other","c":0}},{"type":"Feature","geometry":{"type":"Polygon","coordinates":[[[-84.010246,39.608093],[-84.010426,39.608005],[-84.01073,39.608376],[-84.01055,39.608464],[-84.010246,39.608093]]]},"properties":{"p":"K31-0001-0002-0-0004-00","o":"BRAKEALL TARA J","a":"110 W MAIN ST","d":"XENIA COMMUNITY CITY SCHOOL DISTRICT","t":1485.77,"l":"510: Res-Single Family","c":0}},{"type":"Feature","geometry":{"type":"Polygon","coordinates":[[[-84.009587,39.6103],[-84.009885,39.610604],[-84.009575,39.610805],[-84.009587,39.6103]]]},"properties":{"p":"K31-0001-0002-0-0027-00","o":"CONSTANT WILLIAM","a":"1  HILL ST","d":"XENIA COMMUNITY CITY SCHOOL DISTRICT","t":288.18,"l":"510: Res-Single Family","c":0}},{"type":"Feature","geometry":{"type":"Polygon","coordinates":[[[-84.010298,39.610464],[-84.01046,39.610357],[-84.010808,39.610704],[-84.010646,39.610811],[-84.010298,39.610464]]]},"properties":{"p":"K31-0001-0002-0-0028-00","o":"BAKER MYRA L","a":"10  HILL ST","d":"XENIA COMMUNITY CITY SCHOOL DISTRICT","t":1472.48,"l":"500: Res-Vacant Land","c":0}},{"type":"Feature","geometry":{"type":"Polygon","coordinates":[[[-84.00958,39.609839],[-84.009659,39.609843],[-84.009841,39.610024],[-84.009588,39.610196],[-84.00958,39.609839]]]},"properties":{"p":"K31-0001-0002-0-0050-00","o":"ZION TEMPLE OF DELIVERANCE INC","a":"103  GLADY ST","d":"XENIA COMMUNITY CITY SCHOOL DISTRICT","t":5283.72,"l":"685: Exm-Public Woship","c":0}},{"type":"Feature","geometry":{"type":"Polygon","coordinates":[[[-84.01046,39.610357],[-84.010622,39.61025],[-84.01097,39.610597],[-84.010808,39.610704],[-84.01046,39.610357]]]},"properties":{"p":"K31-0001-0002-0-0051-00","o":"BAKER MYRA L","a":"0  HILL ST","d":"XENIA COMMUNITY CITY SCHOOL DISTRICT","t":1507.84,"l":"500: Res-Vacant Land","c":0}},{"type":"Feature","geometry":{"type":"Polygon","coordinates":[[[-84.00764,39.614518],[-84.00731,39.614289],[-84.007436,39.614173],[-84.00791,39.614506],[-84.007786,39.614619],[-84.00764,39.614518]]]},"properties":{"p":"K31-0001-0003-0-0053-00","o":"FULLER STEVEN & BRENDA","a":"212  RACE ST","d":"XENIA COMMUNITY CITY SCHOOL DISTRICT","t":7120.67,"l":"510: Res-Single Family","c":0}},{"type":"Feature","geometry":{"type":"Polygon","coordinates":[[[-84.007786,39.614619],[-84.008318,39.614132],[-84.008008,39.614773],[-84.007786,39.614619]]]},"properties":{"p":"K31-0001-0003-0-0054-00","o":"FULLER STEVEN & BRENDA","a":"0  RACE ST","d":"XENIA COMMUNITY CITY SCHOOL DISTRICT","t":122.46,"l":"500: Res-Vacant Land","c":0}},{"type":"Feature","geometry":{"type":"Polygon","coordinates":[[[-84.007257,39.614876],[-84.00764,39.614518],[-84.008008,39.614773],[-84.007796,39.615235],[-84.007781,39.615223],[-84.007752,39.615243],[-84.007257,39.614876]]]},"properties":{"p":"K31-0001-0003-0-0055-00","o":"FULLER JAMES STEVEN","a":"0  BELLBROOK ST","d":"XENIA COMMUNITY CITY SCHOOL DISTRICT","t":4841.16,"l":"455: Com-Garage","c":0}},{"type":"Feature","geometry":{"type":"Polygon","coordinates":[[[-84.007091,39.614752],[-84.007469,39.614399],[-84.00764,39.614518],[-84.007257,39.614876],[-84.007091,39.614752]]]},"properties":{"p":"K31-0001-0003-0-0056-00","o":"FULLER JAMES STEVEN","a":"202  BELLBROOK ST","d":"XENIA COMMUNITY CITY SCHOOL DISTRICT","t":3782.55,"l":"499: Com-Other","c":0}},{"type":"Feature","geometry":{"type":"Polygon","coordinates":[[[-84.006937,39.614638],[-84.00731,39.614289],[-84.007469,39.614399],[-84.007091,39.614752],[-84.006937,39.614638]]]},"properties":{"p":"K31-0001-0003-0-0057-00","o":"FULLER JAMES STEVEN","a":"200  RACE ST","d":"XENIA COMMUNITY CITY SCHOOL DISTRICT","t":9732.5,"l":"510: Res-Single Family","c":0}},{"type":"Feature","geometry":{"type":"Polygon","coordinates":[[[-84.007109,39.611112],[-84.007268,39.611002],[-84.007686,39.6113],[-84.007527,39.61141],[-84.007109,39.611112]]]},"properties":{"p":"K31-0001-0003-0-0089-00","o":"CRAWFORD SYRAE N","a":"200  MOUND ST","d":"XENIA COMMUNITY CITY SCHOOL DISTRICT","t":59.38,"l":"510: Res-Single Family","c":0}},{"type":"Feature","geometry":{"type":"Polygon","coordinates":[[[-84.006792,39.611332],[-84.006951,39.611222],[-84.007368,39.61152],[-84.00721,39.611629],[-84.006792,39.611332]]]},"properties":{"p":"K31-0001-0003-0-0091-00","o":"CSO PROPERTY MANAGEMENT LLC","a":"204  MOUND ST","d":"XENIA COMMUNITY CITY SCHOOL DISTRICT","t":6834.78,"l":"510: Res-Single Family","c":0}},{"type":"Feature","geometry":{"type":"Polygon","coordinates":[[[-84.006443,39.611573],[-84.006601,39.611464],[-84.007019,39.611761],[-84.00686,39.611871],[-84.006443,39.611573]]]},"properties":{"p":"K31-0001-0003-0-0093-00","o":"LANE GEORGETTA & TIMOTHY","a":"0  MOUND ST","d":"XENIA COMMUNITY CITY SCHOOL DISTRICT","t":1230.63,"l":"500: Res-Vacant Land","c":0}},{"type":"Feature","geometry":{"type":"Polygon","coordinates":[[[-84.006438,39.610842],[-84.006597,39.610732],[-84.007015,39.61103],[-84.006856,39.61114],[-84.006438,39.610842]]]},"properties":{"p":"K31-0001-0003-0-0096-00","o":"CSO PROPERTY MANAGEMENT LLC","a":"203  MOUND ST","d":"XENIA COMMUNITY CITY SCHOOL DISTRICT","t":5472.49,"l":"510: Res-Single Family","c":0}},{"type":"Feature","geometry":{"type":"Polygon","coordinates":[[[-84.00628,39.610952],[-84.006438,39.610842],[-84.006856,39.61114],[-84.006697,39.61125],[-84.00628,39.610952]]]},"properties":{"p":"K31-0001-0003-0-0097-00","o":"HERSHNER MARION JR","a":"205  MOUND ST","d":"XENIA COMMUNITY CITY SCHOOL DISTRICT","t":889.33,"l":"510: Res-Single Family","c":0}},{"type":"Feature","geometry":{"type":"Polygon","coordinates":[[[-84.002348,39.610696],[-84.002535,39.610569],[-84.002938,39.610936],[-84.002737,39.611049],[-84.002348,39.610696]]]},"properties":{"p":"K31-0001-0004-0-0006-00","o":"SHAW CHARLIE DAVID","a":"403 E MAIN ST","d":"XENIA COMMUNITY CITY SCHOOL DISTRICT","t":8425.8,"l":"510: Res-Single Family","c":0}},{"type":"Feature","geometry":{"type":"Polygon","coordinates":[[[-84.103515,39.680185],[-84.103776,39.679766],[-84.10469,39.679826],[-84.104571,39.680231],[-84.103515,39.680185]]]},"properties":{"p":"L32-0001-0001-0-0011-00","o":"SHELTON KENNETH JR","a":"5141  OLEVA DR","d":"SUGARCREEK LOCAL SCHOOL DISTRICT","t":3353.16,"l":"511: Res-Custom Code","c":0}},{"type":"Feature","geometry":{"type":"Polygon","coordinates":[[[-84.0896,39.678878],[-84.089639,39.678425],[-84.089861,39.678435],[-84.090282,39.678082],[-84.090535,39.678364],[-84.089965,39.678895],[-84.0896,39.678878]]]},"properties":{"p":"L32-0001-0001-0-0128-00","o":"BB HOUSE LLC","a":"4106  WAGNER RD","d":"SUGARCREEK LOCAL SCHOOL DISTRICT","t":9275.92,"l":"511: Res-Custom Code","c":0}},{"type":"Feature","geometry":{"type":"Polygon","coordinates":[[[-84.095105,39.6602],[-84.09514,39.658282],[-84.092298,39.658286],[-84.092319,39.657142],[-84.09588,39.657138],[-84.096075,39.658131],[-84.097141,39.657982],[-84.098931,39.658015],[-84.098907,39.6583],[-84.098864,39.658298],[-84.098374,39.659923],[-84.096188,39.660057],[-84.0953,39.660132],[-84.095294,39.660202],[-84.095105,39.6602]]]},"properties":{"p":"L32-0001-0002-0-0082-00","o":"POSSUM LLC","a":"4245  CLYO RD","d":"SUGARCREEK LOCAL SCHOOL DISTRICT","t":362.1,"l":"503: Res-Custom Code","c":0}},{"type":"Feature","geometry":{"type":"Polygon","coordinates":[[[-84.10453,39.644787],[-84.104424,39.644782],[-84.104422,39.644398],[-84.104635,39.644397],[-84.104637,39.644789],[-84.10453,39.644787]]]},"properties":{"p":"L32-0001-0003-0-0235-00","o":"MCNULTY DANIEL E","a":"4337  NAPA VALLEY DR","d":"SUGARCREEK LOCAL SCHOOL DISTRICT","t":5374.95,"l":"510: Res-Single Family","c":0}},{"type":"Feature","geometry":{"type":"Polygon","coordinates":[[[-84.108509,39.625409],[-84.108897,39.62538],[-84.108958,39.625865],[-84.108575,39.62594],[-84.108509,39.625409]]]},"properties":{"p":"L32-0001-0004-0-0044-00","o":"ISHAQ ZUBEIDA SHEHERAZADH","a":"4410  EDELWEISS DR","d":"SUGARCREEK LOCAL SCHOOL DISTRICT","t":36248.91,"l":"510: Res-Single Family","c":0}},{"type":"Feature","geometry":{"type":"Polygon","coordinates":[[[-84.076547,39.655886],[-84.076649,39.655818],[-84.07673,39.655735],[-84.077295,39.655996],[-84.077151,39.656464],[-84.076547,39.655886]]]},"properties":{"p":"L32-0001-0013-0-0384-00","o":"DRISKELL DANIEL P & SHANNON O S","a":"1371  TIMSHEL ST","d":"SUGARCREEK LOCAL SCHOOL DISTRICT","t":3764.07,"l":"510: Res-Single Family","c":0}},{"type":"Feature","geometry":{"type":"Polygon","coordinates":[[[-84.052587,39.663727],[-84.052684,39.662803],[-84.054063,39.66289],[-84.053975,39.663633],[-84.05374,39.66346],[-84.053281,39.663473],[-84.053076,39.663759],[-84.052587,39.663727]]]},"properties":{"p":"L32-0002-0015-0-0051-00","o":"PRESTIGE RENOVATIONS WORLDWIDE LLC","a":"971  MCBEE RD","d":"SUGARCREEK LOCAL SCHOOL DISTRICT","t":4598.97,"l":"501: Res-Custom Code","c":0}},{"type":"Feature","geometry":{"type":"Polygon","coordinates":[[[-84.056874,39.656869],[-84.0569,39.656603],[-84.056926,39.656574],[-84.057479,39.656605],[-84.057405,39.6569],[-84.056874,39.656869]]]},"properties":{"p":"L32-0002-0016-0-0200-00","o":"WITHROW JOHN J & GIGI E","a":"3086  SETON HILL DR","d":"SUGARCREEK LOCAL SCHOOL DISTRICT","t":2750.05,"l":"510: Res-Single Family","c":0}},{"type":"Feature","geometry":{"type":"Polygon","coordinates":[[[-84.105102,39.579942],[-84.105284,39.579653],[-84.105628,39.57998],[-84.105102,39.579942]]]},"properties":{"p":"L34-0001-0007-1-0018-00","o":"SIMEN CAREY","a":"0  LYTLE FERRY RD","d":"WAYNE LOCAL SCHOOL DISTRICT","t":800.93,"l":"501: Res-Custom Code","c":0}},{"type":"Feature","geometry":{"type":"Polygon","coordinates":[[[-83.947363,39.770843],[-83.947387,39.77057],[-83.948097,39.770606],[-83.948073,39.77088],[-83.947363,39.770843]]]},"properties":{"p":"M36-0001-0002-0-0046-00","o":"PATE HOWARD","a":"2993 W ENON RD","d":"XENIA COMMUNITY CITY SCHOOL DISTRICT","t":1681.15,"l":"510: Res-Single Family","c":0}},{"type":"Feature","geometry":{"type":"Polygon","coordinates":[[[-83.925809,39.755593],[-83.926083,39.755249],[-83.927464,39.755323],[-83.927263,39.755756],[-83.926743,39.755918],[-83.925809,39.755593]]]},"properties":{"p":"M36-0001-0008-0-0053-00","o":"LIEBHART LEVI J","a":"2448  SUTTON RD","d":"XENIA COMMUNITY CITY SCHOOL DISTRICT","t":2057.4,"l":"511: Res-Custom Code","c":0}},{"type":"Feature","geometry":{"type":"Polygon","coordinates":[[[-83.933778,39.742858],[-83.93389,39.742641],[-83.934591,39.742881],[-83.934443,39.743088],[-83.933778,39.742858]]]},"properties":{"p":"M36-0001-0013-0-0082-00","o":"LONG JOHN D","a":"2071  US 68","d":"XENIA COMMUNITY CITY SCHOOL DISTRICT","t":643.1,"l":"511: Res-Custom Code","c":0}},{"type":"Feature","geometry":{"type":"Polygon","coordinates":[[[-83.930316,39.730683],[-83.93041,39.729485],[-83.929756,39.729454],[-83.929772,39.729246],[-83.931899,39.729345],[-83.931858,39.729865],[-83.932213,39.729882],[-83.932185,39.73023],[-83.93183,39.730213],[-83.931788,39.730752],[-83.930316,39.730683]]]},"properties":{"p":"M36-0001-0013-0-0102-00","o":"MAZOUZ SAID & CO OP FIRST LLC","a":"112  BRUSH ROW RD","d":"XENIA COMMUNITY CITY SCHOOL DISTRICT","t":4474.22,"l":"499: Com-Other","c":0}},{"type":"Feature","geometry":{"type":"Polygon","coordinates":[[[-83.923845,39.712469],[-83.924119,39.712341],[-83.924393,39.712678],[-83.924119,39.712805],[-83.923845,39.712469]]]},"properties":{"p":"M36-0001-0014-1-0003-00","o":"MINER PAUL W & CHERYL D LOUDERBACK","a":"254  KINSEY RD","d":"XENIA COMMUNITY CITY SCHOOL DISTRICT","t":767.97,"l":"510: Res-Single Family","c":0}},{"type":"Feature","geometry":{"type":"Polygon","coordinates":[[[-83.8963,39.737179],[-83.895481,39.736926],[-83.89575,39.736261],[-83.896009,39.736293],[-83.896629,39.736281],[-83.896655,39.737288],[-83.8963,39.737179]]]},"properties":{"p":"M36-0002-0025-0-0054-00","o":"LENGADE SAMEER & VALENDA","a":"0  LEWIS CREEK CT","d":"XENIA COMMUNITY CITY SCHOOL DISTRICT","t":38.49,"l":"500: Res-Vacant Land","c":0}},{"type":"Feature","geometry":{"type":"Polygon","coordinates":[[[-83.925813,39.710548],[-83.926199,39.710364],[-83.926453,39.710679],[-83.926065,39.710865],[-83.925813,39.710548]]]},"properties":{"p":"M36-0002-0026-3-0007-00","o":"KERNS DESTINY & ANDREW","a":"184  ANN DR","d":"XENIA COMMUNITY CITY SCHOOL DISTRICT","t":1557.99,"l":"510: Res-Single Family","c":0}},{"type":"Feature","geometry":{"type":"Polygon","coordinates":[[[-83.924271,39.710654],[-83.924589,39.710495],[-83.92486,39.710827],[-83.924533,39.710983],[-83.924271,39.710654]]]},"properties":{"p":"M36-0002-0026-3-0015-00","o":"OSBORNE DONALD B & MICHELLE M","a":"990  JANE AVE","d":"XENIA COMMUNITY CITY SCHOOL DISTRICT","t":1736.09,"l":"510: Res-Single Family","c":0}},{"type":"Feature","geometry":{"type":"Polygon","coordinates":[[[-83.9233,39.711644],[-83.923748,39.711421],[-83.92394,39.711652],[-83.923492,39.711875],[-83.9233,39.711644]]]},"properties":{"p":"M36-0002-0026-3-0067-00","o":"HEWITT JULIE A","a":"1010  WHITESTONE RD","d":"XENIA COMMUNITY CITY SCHOOL DISTRICT","t":199.73,"l":"510: Res-Single Family","c":0}},{"type":"Feature","geometry":{"type":"Polygon","coordinates":[[[-83.921649,39.711434],[-83.922097,39.711211],[-83.922289,39.711442],[-83.921841,39.711664],[-83.921649,39.711434]]]},"properties":{"p":"M36-0002-0026-3-0097-00","o":"BOTTORFF THOMAS N","a":"292  WINDING TRL","d":"XENIA COMMUNITY CITY SCHOOL DISTRICT","t":5124.47,"l":"510: Res-Single Family","c":0}},{"type":"Feature","geometry":{"type":"Polygon","coordinates":[[[-83.9152,39.713056],[-83.915134,39.712505],[-83.915221,39.712462],[-83.915933,39.713336],[-83.91578,39.713199],[-83.915652,39.71313],[-83.915433,39.713067],[-83.9152,39.713056]]]},"properties":{"p":"M36-0002-0026-3-0155-00","o":"MCCARTY AUGUSTUS","a":"455  LAMPLIGHTER PL","d":"XENIA COMMUNITY CITY SCHOOL DISTRICT","t":1821.33,"l":"510: Res-Single Family","c":0}},{"type":"Feature","geometry":{"type":"Polygon","coordinates":[[[-83.887789,39.71982],[-83.887952,39.71964],[-83.888316,39.719838],[-83.888152,39.720017],[-83.887789,39.71982]]]},"properties":{"p":"M36-0002-0027-0-0018-00","o":"MARTIN DOROTHY J GARDNER & CHARLES WORTH MARTIN","a":"1382  GARCIA DR","d":"XENIA COMMUNITY CITY SCHOOL DISTRICT","t":1706.94,"l":"510: Res-Single Family","c":0}},{"type":"Feature","geometry":{"type":"Polygon","coordinates":[[[-83.879085,39.724788],[-83.878533,39.724417],[-83.878081,39.723586],[-83.877401,39.72345],[-83.876974,39.723657],[-83.876176,39.723947],[-83.875729,39.723868],[-83.875859,39.723421],[-83.875497,39.723194],[-83.874752,39.723403],[-83.875085,39.721769],[-83.878504,39.722569],[-83.880069,39.719665],[-83.879544,39.719684],[-83.879103,39.719622],[-83.878765,39.719309],[-83.878156,39.718985],[-83.87852,39.718162],[-83.878571,39.717578],[-83.880572,39.715516],[-83.882411,39.716826],[-83.885071,39.718648],[-83.884638,39.719275],[-83.884267,39.720129],[-83.884136,39.720322],[-83.882758,39.720559],[-83.882278,39.721412],[-83.882738,39.722302],[-83.882547,39.722544],[-83.882273,39.722475],[-83.880525,39.721799],[-83.880015,39.72269],[-83.880077,39.723501],[-83.879853,39.724521],[-83.879648,39.724863],[-83.879085,39.724788]]]},"properties":{"p":"M36-0002-0027-0-0038-00","o":"CENTRAL STATE UNIVERSITY","a":"1400  BRUSH ROW RD","d":"XENIA COMMUNITY CITY SCHOOL DISTRICT","t":15.49,"l":"670: Exm-Private College","c":0}},{"type":"Feature","geometry":{"type":"Polygon","coordinates":[[[-83.87514,39.72156],[-83.87569,39.719424],[-83.870661,39.718723],[-83.871116,39.71677],[-83.869236,39.716826],[-83.869302,39.716571],[-83.874237,39.714102],[-83.876773,39.712815],[-83.880572,39.715516],[-83.878571,39.717578],[-83.87852,39.718162],[-83.878156,39.718985],[-83.878765,39.719309],[-83.879103,39.719622],[-83.879544,39.719684],[-83.880069,39.719665],[-83.878504,39.722569],[-83.875085,39.721769],[-83.87514,39.72156]]]},"properties":{"p":"M36-0002-0027-0-0041-00","o":"CENTRAL STATE COLLEGE","a":"1400  BRUSH ROW RD","d":"XENIA COMMUNITY CITY SCHOOL DISTRICT","t":24.92,"l":"670: Exm-Private College","c":0}},{"type":"Feature","geometry":{"type":"Polygon","coordinates":[[[-83.885179,39.717851],[-83.885067,39.717788],[-83.884241,39.717554],[-83.884407,39.717365],[-83.884778,39.716695],[-83.885625,39.716913],[-83.885694,39.716787],[-83.885863,39.71683],[-83.885272,39.717906],[-83.885179,39.717851]]]},"properties":{"p":"M36-0002-0027-0-0059-00","o":"COLLINI HEATHER","a":"1295  BRUSH ROW RD","d":"XENIA COMMUNITY CITY SCHOOL DISTRICT","t":4498.83,"l":"510: Res-Single Family","c":0}},{"type":"Feature","geometry":{"type":"Polygon","coordinates":[[[-83.883882,39.717472],[-83.883378,39.717337],[-83.883628,39.716906],[-83.884537,39.717141],[-83.884407,39.717365],[-83.884231,39.717566],[-83.883882,39.717472]]]},"properties":{"p":"M36-0002-0027-0-0064-00","o":"JACKSON JOSHUA","a":"1304  WILBERFORCE CLIFTON RD","d":"XENIA COMMUNITY CITY SCHOOL DISTRICT","t":13384.08,"l":"511: Res-Custom Code","c":0}},{"type":"Feature","geometry":{"type":"Polygon","coordinates":[[[-83.885423,39.715593],[-83.885572,39.715344],[-83.887029,39.715713],[-83.886883,39.715963],[-83.885423,39.715593]]]},"properties":{"p":"M36-0002-0027-0-0076-00","o":"GARDNER WILLIAM & DOROTHY","a":"0  WILBERFORCE CLIFTON RD","d":"XENIA COMMUNITY CITY SCHOOL DISTRICT","t":1280.26,"l":"501: Res-Custom Code","c":0}},{"type":"Feature","geometry":{"type":"Polygon","coordinates":[[[-83.886602,39.715605],[-83.886708,39.715425],[-83.885679,39.715164],[-83.885848,39.714883],[-83.887303,39.715252],[-83.887029,39.715713],[-83.886602,39.715605]]]},"properties":{"p":"M36-0002-0027-0-0079-00","o":"JACKSON MR JOSHUA","a":"1217  WILBERFORCE CLIFTON RD","d":"XENIA COMMUNITY CITY SCHOOL DISTRICT","t":4211.47,"l":"511: Res-Custom Code","c":0}},{"type":"Feature","geometry":{"type":"Polygon","coordinates":[[[-83.887029,39.715713],[-83.887303,39.715252],[-83.885848,39.714883],[-83.88587,39.714845],[-83.88795,39.715373],[-83.887704,39.715887],[-83.887029,39.715713]]]},"properties":{"p":"M36-0002-0027-0-0080-00","o":"JACKSON MR JOSHUA","a":"0  WILBERFORCE CLIFTON RD","d":"XENIA COMMUNITY CITY SCHOOL DISTRICT","t":7986.05,"l":"501: Res-Custom Code","c":0}},{"type":"Feature","geometry":{"type":"Polygon","coordinates":[[[-83.881885,39.715245],[-83.881913,39.715164],[-83.882846,39.715301],[-83.882822,39.715382],[-83.881885,39.715245]]]},"properties":{"p":"M36-0002-0027-0-0108-00","o":"GARDNER DOROTHY J & HENRY EARL HOLLIDAY","a":"0  SHORTER AVE","d":"XENIA COMMUNITY CITY SCHOOL DISTRICT","t":123.12,"l":"501: Res-Custom Code","c":0}},{"type":"Feature","geometry":{"type":"Polygon","coordinates":[[[-83.882641,39.715733],[-83.882098,39.715653],[-83.882155,39.715494],[-83.881817,39.715445],[-83.881885,39.715245],[-83.882822,39.715382],[-83.882719,39.715744],[-83.882641,39.715733]]]},"properties":{"p":"M36-0002-0027-0-0109-00","o":"GARDNER DOROTHY J & HENRY E HOLLIDAY","a":"0  SHORTER AVE","d":"XENIA COMMUNITY CITY SCHOOL DISTRICT","t":1084.27,"l":"501: Res-Custom Code","c":0}},{"type":"Feature","geometry":{"type":"Polygon","coordinates":[[[-83.887111,39.722938],[-83.887345,39.72106],[-83.887996,39.7216],[-83.888847,39.722079],[-83.888349,39.723092],[-83.887111,39.722938]]]},"properties":{"p":"M36-0002-0027-0-0125-00","o":"EMBRY GENEVA MAE & HELEN LOUISE","a":"0  BRUSH ROW RD","d":"XENIA COMMUNITY CITY SCHOOL DISTRICT","t":3544.29,"l":"501: Res-Custom Code","c":0}},{"type":"Feature","geometry":{"type":"Polygon","coordinates":[[[-83.882176,39.736835],[-83.877864,39.736662],[-83.877882,39.736558],[-83.879869,39.736646],[-83.879979,39.736273],[-83.880388,39.732624],[-83.886418,39.733843],[-83.888194,39.734465],[-83.885202,39.73671],[-83.882367,39.73888],[-83.882176,39.736835]]]},"properties":{"p":"M36-0002-0027-1-0012-00","o":"JENNINGS CHRISTIE M","a":"1975  CLARK RUN RD","d":"XENIA COMMUNITY CITY SCHOOL DISTRICT","t":1916.2,"l":"111: Agr-CAUV-Cash-Grain Farm","c":0}},{"type":"Feature","geometry":{"type":"Polygon","coordinates":[[[-83.885856,39.712968],[-83.885886,39.712645],[-83.886329,39.71267],[-83.886299,39.712988],[-83.885856,39.712968]]]},"properties":{"p":"M36-0002-0028-0-0008-00","o":"PADGETT JAMES A & JOAN M","a":"0  MCGINNIS DR","d":"XENIA COMMUNITY CITY SCHOOL DISTRICT","t":440.63,"l":"500: Res-Vacant Land","c":0}},{"type":"Feature","geometry":{"type":"Polygon","coordinates":[[[-83.885412,39.712948],[-83.885443,39.71262],[-83.885886,39.712645],[-83.885856,39.712968],[-83.885412,39.712948]]]},"properties":{"p":"M36-0002-0028-0-0082-00","o":"PADGETT JAMES A & JOAN M","a":"1220  MCGINNIS DR","d":"XENIA COMMUNITY CITY SCHOOL DISTRICT","t":2975.69,"l":"510: Res-Single Family","c":0}},{"type":"Feature","geometry":{"type":"Polygon","coordinates":[[[-83.882748,39.705583],[-83.882287,39.704984],[-83.883154,39.705195],[-83.883289,39.70537],[-83.882768,39.705609],[-83.882748,39.705583]]]},"properties":{"p":"M36-0002-0028-0-0128-00","o":"COLE RANCHES LLC","a":"890  BOOKER DR","d":"XENIA COMMUNITY CITY SCHOOL DISTRICT","t":1507.88,"l":"510: Res-Single Family","c":0}},{"type":"Feature","geometry":{"type":"Polygon","coordinates":[[[-83.884463,39.706636],[-83.884795,39.706494],[-83.88514,39.706974],[-83.884872,39.707089],[-83.884819,39.707089],[-83.884463,39.706636]]]},"properties":{"p":"M36-0002-0028-0-0134-00","o":"COLE TRENT J","a":"945  BOOKER DR","d":"XENIA COMMUNITY CITY SCHOOL DISTRICT","t":1524.68,"l":"510: Res-Single Family","c":0}},{"type":"Feature","geometry":{"type":"Polygon","coordinates":[[[-83.884795,39.706494],[-83.885106,39.706361],[-83.885451,39.706841],[-83.88514,39.706974],[-83.884795,39.706494]]]},"properties":{"p":"M36-0002-0028-0-0135-00","o":"COLE TRENT J","a":"0  ARTHUR DR","d":"XENIA COMMUNITY CITY SCHOOL DISTRICT","t":186.11,"l":"500: Res-Vacant Land","c":0}},{"type":"Feature","geometry":{"type":"Polygon","coordinates":[[[-83.886299,39.712988],[-83.886329,39.71267],[-83.88635,39.712671],[-83.88632,39.712989],[-83.886299,39.712988]]]},"properties":{"p":"M36-0002-0028-0-0146-00","o":"PADGETT JAMES A & JOAN M","a":"0  MCGINNIS DR","d":"XENIA COMMUNITY CITY SCHOOL DISTRICT","t":19.05,"l":"500: Res-Vacant Land","c":0}},{"type":"Feature","geometry":{"type":"Polygon","coordinates":[[[-83.906831,39.68699],[-83.907375,39.686866],[-83.907416,39.686971],[-83.90687,39.687095],[-83.906831,39.68699]]]},"properties":{"p":"M36-0002-0030-1-0086-00","o":"NORMAN RICHARD M & ROBERTA L","a":"0  LINCOLN DR","d":"XENIA COMMUNITY CITY SCHOOL DISTRICT","t":1972.28,"l":"500: Res-Vacant Land","c":0}},{"type":"Feature","geometry":{"type":"Polygon","coordinates":[[[-83.90628,39.687345],[-83.906756,39.687236],[-83.906795,39.687341],[-83.906319,39.68745],[-83.90628,39.687345]]]},"properties":{"p":"M36-0002-0030-1-0092-00","o":"HENSON DEBRA L","a":"47  LINCOLN DR","d":"XENIA COMMUNITY CITY SCHOOL DISTRICT","t":1220.69,"l":"510: Res-Single Family","c":0}},{"type":"Feature","geometry":{"type":"Polygon","coordinates":[[[-83.918842,39.673518],[-83.919622,39.673253],[-83.919497,39.673462],[-83.919171,39.674096],[-83.918842,39.673518]]]},"properties":{"p":"M36-0002-0031-0-0010-00","o":"HARNER KENNETH R & LEAH K","a":"920 S COLUMBUS ST","d":"XENIA COMMUNITY CITY SCHOOL DISTRICT","t":635.88,"l":"510: Res-Single Family","c":0}},{"type":"Feature","geometry":{"type":"Polygon","coordinates":[[[-83.942637,39.665637],[-83.943045,39.663411],[-83.945208,39.663635],[-83.944615,39.665855],[-83.942637,39.665637]]]},"properties":{"p":"M36-0002-0032-0-0098-00","o":"L & D BROADCASTERS INC","a":"750  MOON DR","d":"XENIA COMMUNITY CITY SCHOOL DISTRICT","t":1879.26,"l":"599: Res-Other","c":0}},{"type":"Feature","geometry":{"type":"Polygon","coordinates":[[[-83.898077,39.662797],[-83.898178,39.662201],[-83.898523,39.662252],[-83.898425,39.66285],[-83.898077,39.662797]]]},"properties":{"p":"M36-0002-0034-2-0014-00","o":"FOSTER MARK DOUGLAS & MARTIN D","a":"1024  HOOK RD","d":"XENIA COMMUNITY CITY SCHOOL DISTRICT","t":3566.19,"l":"511: Res-Custom Code","c":0}},{"type":"Feature","geometry":{"type":"Polygon","coordinates":[[[-83.890871,39.663763],[-83.890907,39.663634],[-83.89167,39.663761],[-83.891635,39.663889],[-83.890871,39.663763]]]},"properties":{"p":"M36-0002-0034-2-0037-00","o":"MILLS KIMBERLY R","a":"619 S BICKETT RD","d":"XENIA COMMUNITY CITY SCHOOL DISTRICT","t":510.32,"l":"511: Res-Custom Code","c":0}},{"type":"Feature","geometry":{"type":"Polygon","coordinates":[[[-83.890577,39.664863],[-83.890616,39.664717],[-83.891375,39.664843],[-83.891335,39.664989],[-83.890577,39.664863]]]},"properties":{"p":"M36-0002-0034-2-0041-00","o":"BROWN PAUL D","a":"583 S BICKETT RD","d":"XENIA COMMUNITY CITY SCHOOL DISTRICT","t":619.63,"l":"511: Res-Custom Code","c":0}},{"type":"Feature","geometry":{"type":"Polygon","coordinates":[[[-83.898977,39.635918],[-83.898898,39.635904],[-83.899411,39.633991],[-83.901426,39.63434],[-83.902261,39.631317],[-83.903921,39.631604],[-83.904615,39.634265],[-83.906843,39.637279],[-83.898977,39.635918]]]},"properties":{"p":"M36-0002-0035-0-0032-00","o":"FINKES KATHERINE OTTILIE & KARL WILLIAM","a":"0  WINCHESTER RD","d":"XENIA COMMUNITY CITY SCHOOL DISTRICT","t":2017.44,"l":"110: Agr-CAUV-Vacant Land","c":0}},{"type":"Feature","geometry":{"type":"Polygon","coordinates":[[[-83.903576,39.629934],[-83.900678,39.629438],[-83.900963,39.628458],[-83.904989,39.629155],[-83.904707,39.63013],[-83.904203,39.630171],[-83.903576,39.629934]]]},"properties":{"p":"M36-0002-0035-0-0046-00","o":"HOHN B JOAN","a":"1769  WINCHESTER RD","d":"XENIA COMMUNITY CITY SCHOOL DISTRICT","t":4146.12,"l":"511: Res-Custom Code","c":0}},{"type":"Feature","geometry":{"type":"Polygon","coordinates":[[[-83.904225,39.629023],[-83.90494,39.626551],[-83.905713,39.626685],[-83.904989,39.629155],[-83.904225,39.629023]]]},"properties":{"p":"M36-0002-0035-0-0049-00","o":"HOHN B JOAN","a":"1769  WINCHESTER RD","d":"XENIA COMMUNITY CITY SCHOOL DISTRICT","t":2955.88,"l":"501: Res-Custom Code","c":0}},{"type":"Feature","geometry":{"type":"Polygon","coordinates":[[[-83.903921,39.631604],[-83.903141,39.631469],[-83.903528,39.630067],[-83.900639,39.629572],[-83.900678,39.629438],[-83.903576,39.629934],[-83.904203,39.630171],[-83.904707,39.63013],[-83.904263,39.631663],[-83.903921,39.631604]]]},"properties":{"p":"M36-0002-0035-0-0066-00","o":"PAYTON JOANIE M & RODNEY LEE","a":"1765  WINCHESTER RD","d":"XENIA COMMUNITY CITY SCHOOL DISTRICT","t":2337.67,"l":"511: Res-Custom Code","c":0}},{"type":"Feature","geometry":{"type":"Polygon","coordinates":[[[-83.856493,39.669171],[-83.857016,39.668627],[-83.857365,39.667964],[-83.858073,39.66821],[-83.856916,39.669413],[-83.856493,39.669171]]]},"properties":{"p":"M36-0002-0036-2-0031-00","o":"BAIR JORDAN P","a":"2092  JASPER RD","d":"XENIA COMMUNITY CITY SCHOOL DISTRICT","t":5058.18,"l":"511: Res-Custom Code","c":0}},{"type":"Feature","geometry":{"type":"Polygon","coordinates":[[[-83.867344,39.717555],[-83.868267,39.717093],[-83.867992,39.718258],[-83.867344,39.717555]]]},"properties":{"p":"M36-0002-0039-0-0042-00","o":"CAMPBELL ISAIAH T","a":"0  US 42","d":"XENIA COMMUNITY CITY SCHOOL DISTRICT","t":3582.88,"l":"501: Res-Custom Code","c":0}},{"type":"Feature","geometry":{"type":"Polygon","coordinates":[[[-83.873077,39.713606],[-83.873675,39.714383],[-83.873252,39.714595],[-83.873077,39.713606]]]},"properties":{"p":"M36-0002-0039-1-0030-00","o":"JENKINS ALICE ELAINE ET AL","a":"0  US 42","d":"XENIA COMMUNITY CITY SCHOOL DISTRICT","t":4832.55,"l":"501: Res-Custom Code","c":0}},{"type":"Feature","geometry":{"type":"Polygon","coordinates":[[[-83.865724,39.725962],[-83.865798,39.725677],[-83.866378,39.72584],[-83.866301,39.726131],[-83.865724,39.725962]]]},"properties":{"p":"M36-0002-0040-0-0004-00","o":"HUTCHISON AGNES","a":"0  US 42","d":"XENIA COMMUNITY CITY SCHOOL DISTRICT","t":902.94,"l":"501: Res-Custom Code","c":0}},{"type":"Feature","geometry":{"type":"Polygon","coordinates":[[[-84.064853,39.637595],[-84.065167,39.637197],[-84.065284,39.637203],[-84.065136,39.637684],[-84.064853,39.637595]]]},"properties":{"p":"L35-0001-0006-0-0004-00","o":"CONNER EVE MARIE","a":"157  HESS RD","d":"SUGARCREEK LOCAL SCHOOL DISTRICT","t":2044.92,"l":"510: Res-Single Family","c":0}},{"type":"Feature","geometry":{"type":"Polygon","coordinates":[[[-84.062125,39.641681],[-84.062434,39.641564],[-84.062721,39.64196],[-84.062362,39.642181],[-84.062125,39.641681]]]},"properties":{"p":"L35-0001-0007-0-0021-00","o":"FERNANDEZ THOMAS & CHERYL D CLEMENS","a":"220  BELAIR CIR","d":"SUGARCREEK LOCAL SCHOOL DISTRICT","t":6123.67,"l":"510: Res-Single Family","c":0}},{"type":"Feature","geometry":{"type":"Polygon","coordinates":[[[-84.062829,39.64036],[-84.063053,39.640146],[-84.06335,39.640379],[-84.063185,39.640537],[-84.062829,39.64036]]]},"properties":{"p":"L35-0001-0007-0-0043-00","o":"BROUGHTON WILLIAM E & TAMMARA S","a":"175  BELAIR CIR","d":"SUGARCREEK LOCAL SCHOOL DISTRICT","t":5658.34,"l":"510: Res-Single Family","c":0}},{"type":"Feature","geometry":{"type":"Polygon","coordinates":[[[-84.092949,39.642748],[-84.092916,39.642499],[-84.092854,39.642338],[-84.092762,39.642186],[-84.092573,39.641983],[-84.093079,39.641782],[-84.092973,39.642829],[-84.092944,39.642827],[-84.092949,39.642748]]]},"properties":{"p":"L35-0001-0010-0-0128-00","o":"ANDERSON HEIDI A & TODD M","a":"4103  SHADOWLEAF DR","d":"SUGARCREEK LOCAL SCHOOL DISTRICT","t":326.42,"l":"510: Res-Single Family","c":0}},{"type":"Feature","geometry":{"type":"Polygon","coordinates":[[[-84.086438,39.635671],[-84.086387,39.632307],[-84.086527,39.632305],[-84.086573,39.635943],[-84.086442,39.635945],[-84.086438,39.635671]]]},"properties":{"p":"L35-0002-0002-0-0135-00","o":"LEADER DEVELOPMENT","a":"0  SR 725","d":"SUGARCREEK LOCAL SCHOOL DISTRICT","t":12966.23,"l":"501: Res-Custom Code","c":0}},{"type":"Feature","geometry":{"type":"Polygon","coordinates":[[[-84.094072,39.636264],[-84.09407,39.635714],[-84.094514,39.635713],[-84.094516,39.636262],[-84.094072,39.636264]]]},"properties":{"p":"L35-0002-0006-0-0075-00","o":"HALL RONALD LEE & KATHLEEN A","a":"4108  NEDRA DR","d":"SUGARCREEK LOCAL SCHOOL DISTRICT","t":4910.21,"l":"510: Res-Single Family","c":0}},{"type":"Feature","geometry":{"type":"Polygon","coordinates":[[[-84.081374,39.630788],[-84.081868,39.630587],[-84.082131,39.630976],[-84.082009,39.631028],[-84.081877,39.631118],[-84.081374,39.630788]]]},"properties":{"p":"L35-0002-0007-0-0165-00","o":"PHELAN KEITH A & CHERYL A","a":"2202  HILLRISE CIR","d":"SUGARCREEK LOCAL SCHOOL DISTRICT","t":3991.8,"l":"510: Res-Single Family","c":0}},{"type":"Feature","geometry":{"type":"Polygon","coordinates":[[[-84.091081,39.625091],[-84.091106,39.624792],[-84.091547,39.624812],[-84.091522,39.625113],[-84.091081,39.625091]]]},"properties":{"p":"L35-0002-0010-0-0046-00","o":"FREED JOSEPH TRUSTEE","a":"2460  TENNYSON DR","d":"SUGARCREEK LOCAL SCHOOL DISTRICT","t":4042.07,"l":"510: Res-Single Family","c":0}},{"type":"Feature","geometry":{"type":"Polygon","coordinates":[[[-84.10933,39.630542],[-84.109152,39.630396],[-84.110165,39.63014],[-84.110282,39.630415],[-84.109438,39.63063],[-84.10933,39.630542]]]},"properties":{"p":"L35-0002-0012-0-0010-00","o":"WHITAKER CHARLES","a":"7400  WILMINGTON PIKE","d":"SUGARCREEK LOCAL SCHOOL DISTRICT","t":4977.45,"l":"510: Res-Single Family","c":0}},{"type":"Feature","geometry":{"type":"Polygon","coordinates":[[[-84.105508,39.629622],[-84.105553,39.629114],[-84.105818,39.629129],[-84.105774,39.629636],[-84.105508,39.629622]]]},"properties":{"p":"L35-0002-0012-0-0057-00","o":"HART AMELIA R GOOD","a":"4405  MOSS OAK TRL","d":"SUGARCREEK LOCAL SCHOOL DISTRICT","t":4067.21,"l":"510: Res-Single Family","c":0}},{"type":"Feature","geometry":{"type":"Polygon","coordinates":[[[-84.108107,39.673985],[-84.108018,39.674974],[-84.107608,39.674875],[-84.107587,39.674833],[-84.107663,39.674555],[-84.107726,39.674393],[-84.107883,39.674171],[-84.108107,39.673985]]]},"properties":{"p":"L47-0001-0001-0-0041-00","o":"HANSON MICHAEL O","a":"3043  RAHN RD","d":"KETTERING CITY SCHOOL DISTRICT","t":27.1,"l":"500: Res-Vacant Land","c":0}},{"type":"Feature","geometry":{"type":"Polygon","coordinates":[[[-83.940859,39.746703],[-83.940584,39.746064],[-83.940632,39.746065],[-83.940224,39.745231],[-83.940775,39.745062],[-83.94088,39.745266],[-83.941365,39.74513],[-83.94196,39.745689],[-83.941906,39.746732],[-83.940859,39.746703]]]},"properties":{"p":"M36-0001-0006-0-0060-00","o":"WILLIAMS BRYAN DAVID & CLAUDIA LAURA","a":"2185  SR 235","d":"XENIA COMMUNITY CITY SCHOOL DISTRICT","t":167.73,"l":"111: Agr-CAUV-Cash-Grain Farm","c":0}},{"type":"Feature","geometry":{"type":"Polygon","coordinates":[[[-83.939258,39.705289],[-83.939312,39.705263],[-83.939547,39.705558],[-83.939303,39.70567],[-83.939069,39.705377],[-83.939258,39.705289]]]},"properties":{"p":"M36-0001-0014-2-0039-00","o":"WIEDENHEFT MAX L","a":"119  PURCELL AVE","d":"XENIA COMMUNITY CITY SCHOOL DISTRICT","t":4310.54,"l":"510: Res-Single Family","c":0}},{"type":"Feature","geometry":{"type":"Polygon","coordinates":[[[-83.967275,39.701226],[-83.96742,39.70118],[-83.967496,39.701477],[-83.96666,39.701684],[-83.966329,39.701519],[-83.967275,39.701226]]]},"properties":{"p":"M36-0001-0016-0-0009-00","o":"PIATT SETH L","a":"870  DAYTON XENIA RD","d":"XENIA COMMUNITY CITY SCHOOL DISTRICT","t":1911.82,"l":"510: Res-Single Family","c":0}},{"type":"Feature","geometry":{"type":"Polygon","coordinates":[[[-83.887555,39.721234],[-83.888155,39.720799],[-83.888325,39.720918],[-83.887711,39.721364],[-83.887555,39.721234]]]},"properties":{"p":"M36-0002-0027-0-0024-00","o":"STATE OF OHIO","a":"1144  BRUSH ROW RD","d":"XENIA COMMUNITY CITY SCHOOL DISTRICT","t":8364.28,"l":"501: Res-Custom Code","c":0}},{"type":"Feature","geometry":{"type":"Polygon","coordinates":[[[-83.886261,39.718649],[-83.887072,39.717648],[-83.886281,39.718664],[-83.886261,39.718649]]]},"properties":{"p":"M36-0002-0027-0-0047-00","o":"WHITE BETTY E","a":"0  BRUSH ROW RD","d":"XENIA COMMUNITY CITY SCHOOL DISTRICT","t":8.19,"l":"501: Res-Custom Code","c":0}},{"type":"Feature","geometry":{"type":"Polygon","coordinates":[[[-83.882581,39.716229],[-83.882644,39.716009],[-83.883333,39.716268],[-83.883186,39.71646],[-83.882581,39.716229]]]},"properties":{"p":"M36-0002-0027-0-0069-00","o":"PROJECT ONE GLOBE LLC","a":"1260  SHORTER AVE","d":"XENIA COMMUNITY CITY SCHOOL DISTRICT","t":57.84,"l":"670: Exm-Private College","c":0}},{"type":"Feature","geometry":{"type":"Polygon","coordinates":[[[-83.881686,39.716309],[-83.881909,39.716174],[-83.882001,39.71592],[-83.882306,39.716099],[-83.881997,39.716531],[-83.881686,39.716309]]]},"properties":{"p":"M36-0002-0027-0-0112-00","o":"PROJECT ONE GLOBE LLC","a":"0  BRUSH ROW RD","d":"XENIA COMMUNITY CITY SCHOOL DISTRICT","t":73.61,"l":"670: Exm-Private College","c":0}},{"type":"Feature","geometry":{"type":"Polygon","coordinates":[[[-83.874227,39.731582],[-83.874885,39.731048],[-83.876888,39.732204],[-83.876132,39.732914],[-83.875238,39.732323],[-83.874227,39.731582]]]},"properties":{"p":"M36-0002-0027-1-0054-00","o":"R/K HOME RENOVATIONS LLC (OHIO)","a":"1830  WILBERFORCE CLIFTON RD","d":"XENIA COMMUNITY CITY SCHOOL DISTRICT","t":87.91,"l":"199: Agr-CAUV-Other","c":0}},{"type":"Feature","geometry":{"type":"Polygon","coordinates":[[[-83.88461,39.707358],[-83.884921,39.707225],[-83.885266,39.707705],[-83.884955,39.707838],[-83.88461,39.707358]]]},"properties":{"p":"M36-0002-0028-0-0144-00","o":"TISDALE BRANDON","a":"0  ARTHUR DR","d":"XENIA COMMUNITY CITY SCHOOL DISTRICT","t":241.05,"l":"500: Res-Vacant Land","c":0}},{"type":"Feature","geometry":{"type":"Polygon","coordinates":[[[-83.88421,39.707512],[-83.88461,39.707358],[-83.884955,39.707838],[-83.884502,39.708018],[-83.88421,39.707512]]]},"properties":{"p":"M36-0002-0028-0-0145-00","o":"YSHUA INVESTMENT GROUP INC","a":"0  ARTHUR DR","d":"XENIA COMMUNITY CITY SCHOOL DISTRICT","t":9969.48,"l":"500: Res-Vacant Land","c":0}},{"type":"Feature","geometry":{"type":"Polygon","coordinates":[[[-83.904491,39.67854],[-83.904791,39.677438],[-83.905156,39.677497],[-83.904856,39.678599],[-83.904491,39.67854]]]},"properties":{"p":"M36-0002-0030-0-0009-00","o":"SHOPE REBECCA J","a":"821  BIRCH RD","d":"XENIA COMMUNITY CITY SCHOOL DISTRICT","t":4986.68,"l":"511: Res-Custom Code","c":0}},{"type":"Feature","geometry":{"type":"Polygon","coordinates":[[[-83.906988,39.687412],[-83.907533,39.687288],[-83.907579,39.687412],[-83.907033,39.687536],[-83.906988,39.687412]]]},"properties":{"p":"M36-0002-0030-1-0082-00","o":"STATE OF OHIO","a":"0  LINCOLN DR","d":"XENIA COMMUNITY CITY SCHOOL DISTRICT","t":6411.62,"l":"500: Res-Vacant Land","c":0}},{"type":"Feature","geometry":{"type":"Polygon","coordinates":[[[-83.906753,39.686778],[-83.907248,39.686665],[-83.907305,39.686672],[-83.907335,39.68676],[-83.906792,39.686884],[-83.906753,39.686778]]]},"properties":{"p":"M36-0002-0030-1-0088-00","o":"SPURLOCK AMANDA N","a":"0  LINCOLN DR","d":"XENIA COMMUNITY CITY SCHOOL DISTRICT","t":4428.87,"l":"500: Res-Vacant Land","c":0}},{"type":"Feature","geometry":{"type":"Polygon","coordinates":[[[-83.906688,39.686602],[-83.907248,39.686665],[-83.906753,39.686778],[-83.906688,39.686602]]]},"properties":{"p":"M36-0002-0030-1-0089-00","o":"SPURLOCK AMANDA N","a":"0  LINCOLN DR","d":"XENIA COMMUNITY CITY SCHOOL DISTRICT","t":5227.7,"l":"500: Res-Vacant Land","c":0}},{"type":"Feature","geometry":{"type":"Polygon","coordinates":[[[-83.919057,39.677399],[-83.919463,39.677262],[-83.919552,39.67742],[-83.919146,39.677557],[-83.919057,39.677399]]]},"properties":{"p":"M36-0002-0031-0-0056-00","o":"RADER MARK J & TINA J","a":"629  EAVEY ST","d":"XENIA COMMUNITY CITY SCHOOL DISTRICT","t":224.13,"l":"510: Res-Single Family","c":0}},{"type":"Feature","geometry":{"type":"Polygon","coordinates":[[[-83.91658,39.676574],[-83.916809,39.67655],[-83.916856,39.676906],[-83.916627,39.676931],[-83.91658,39.676574]]]},"properties":{"p":"M36-0002-0031-0-0069-00","o":"WHITTIER APRIL","a":"773  MURRAY HILL DR","d":"XENIA COMMUNITY CITY SCHOOL DISTRICT","t":7128.96,"l":"510: Res-Single Family","c":0}},{"type":"Feature","geometry":{"type":"Polygon","coordinates":[[[-83.900624,39.664694],[-83.900967,39.662602],[-83.901321,39.662652],[-83.90097,39.664768],[-83.900624,39.664694]]]},"properties":{"p":"M36-0002-0034-2-0006-00","o":"WILLIAMS DENISE S ETAL","a":"936  HOOK RD","d":"XENIA COMMUNITY CITY SCHOOL DISTRICT","t":1661.54,"l":"511: Res-Custom Code","c":0}},{"type":"Feature","geometry":{"type":"Polygon","coordinates":[[[-83.900281,39.664621],[-83.900497,39.663144],[-83.900479,39.663141],[-83.900611,39.662548],[-83.900967,39.662602],[-83.900624,39.664694],[-83.900281,39.664621]]]},"properties":{"p":"M36-0002-0034-2-0007-00","o":"PITZER APOLLO B","a":"946  HOOK RD","d":"XENIA COMMUNITY CITY SCHOOL DISTRICT","t":1598.42,"l":"511: Res-Custom Code","c":0}},{"type":"Feature","geometry":{"type":"Polygon","coordinates":[[[-83.900179,39.626083],[-83.900206,39.626088],[-83.90021,39.626074],[-83.900763,39.626174],[-83.900647,39.626706],[-83.900179,39.626083]]]},"properties":{"p":"M36-0002-0036-1-0080-00","o":"STOLLINGS SHEILA A","a":"0  US 68","d":"XENIA COMMUNITY CITY SCHOOL DISTRICT","t":917.55,"l":"501: Res-Custom Code","c":0}},{"type":"Feature","geometry":{"type":"Polygon","coordinates":[[[-83.886437,39.660795],[-83.886197,39.660648],[-83.886069,39.660525],[-83.885971,39.660387],[-83.885888,39.66016],[-83.885771,39.659527],[-83.888373,39.659656],[-83.888021,39.660962],[-83.886878,39.660906],[-83.886606,39.660856],[-83.886437,39.660795]]]},"properties":{"p":"M36-0002-0036-2-0043-00","o":"STRICKLAND KATHLEEN","a":"1357  HOOK RD","d":"XENIA COMMUNITY CITY SCHOOL DISTRICT","t":13577.68,"l":"511: Res-Custom Code","c":0}},{"type":"Feature","geometry":{"type":"Polygon","coordinates":[[[-83.860467,39.681272],[-83.860624,39.68076],[-83.861281,39.680816],[-83.861104,39.681395],[-83.860467,39.681272]]]},"properties":{"p":"M36-0002-0038-0-0042-00","o":"TRAB INC","a":"0  MONROE SIDING RD","d":"XENIA COMMUNITY CITY SCHOOL DISTRICT","t":124.14,"l":"501: Res-Custom Code","c":0}},{"type":"Feature","geometry":{"type":"Polygon","coordinates":[[[-83.861737,39.681513],[-83.861104,39.681395],[-83.861502,39.680095],[-83.863411,39.680258],[-83.862942,39.681708],[-83.861737,39.681513]]]},"properties":{"p":"M36-0002-0038-0-0056-00","o":"TRAB INC","a":"0  MONROE SIDING RD","d":"XENIA COMMUNITY CITY SCHOOL DISTRICT","t":2910.08,"l":"501: Res-Custom Code","c":0}},{"type":"Feature","geometry":{"type":"Polygon","coordinates":[[[-83.86044,39.683604],[-83.860627,39.682978],[-83.861269,39.683098],[-83.861082,39.683724],[-83.86044,39.683604]]]},"properties":{"p":"M36-0002-0038-0-0064-00","o":"TRAB INC","a":"0  MONROE SIDING RD","d":"XENIA COMMUNITY CITY SCHOOL DISTRICT","t":2213.13,"l":"599: Res-Other","c":0}},{"type":"Feature","geometry":{"type":"Polygon","coordinates":[[[-83.860627,39.682978],[-83.860772,39.682492],[-83.861328,39.682596],[-83.861183,39.683081],[-83.860627,39.682978]]]},"properties":{"p":"M36-0002-0038-0-0080-00","o":"TRAB INC","a":"0 N MONROE SIDING RD","d":"XENIA COMMUNITY CITY SCHOOL DISTRICT","t":481.28,"l":"599: Res-Other","c":0}},{"type":"Feature","geometry":{"type":"Polygon","coordinates":[[[-83.916019,39.618876],[-83.915684,39.618825],[-83.916152,39.616063],[-83.91619,39.616051],[-83.916272,39.615896],[-83.916505,39.615748],[-83.916991,39.615634],[-83.917376,39.615572],[-83.917837,39.615579],[-83.918281,39.615528],[-83.918571,39.615561],[-83.918808,39.615625],[-83.919061,39.615663],[-83.919565,39.615674],[-83.919954,39.615793],[-83.920254,39.615798],[-83.920478,39.615746],[-83.92071,39.615788],[-83.920879,39.615658],[-83.921308,39.615576],[-83.921505,39.615621],[-83.920278,39.61952],[-83.916019,39.618876]]]},"properties":{"p":"M36-0002-0043-0-0002-00","o":"VON SPARR BURKHARDT TRUSTEE","a":"0  HENVILLE RD","d":"XENIA COMMUNITY CITY SCHOOL DISTRICT","t":6952.42,"l":"110: Agr-CAUV-Vacant Land","c":0}},{"type":"Feature","geometry":{"type":"Polygon","coordinates":[[[-83.939009,39.708719],[-83.939359,39.708556],[-83.939497,39.708732],[-83.939147,39.708895],[-83.939009,39.708719]]]},"properties":{"p":"M40-0001-0002-0-0128-00","o":"COMFORD PAULINE TOD","a":"1839  WILSHIRE DR","d":"XENIA COMMUNITY CITY SCHOOL DISTRICT","t":6133.86,"l":"510: Res-Single Family","c":0}},{"type":"Feature","geometry":{"type":"Polygon","coordinates":[[[-83.931998,39.699306],[-83.932598,39.69925],[-83.932617,39.699386],[-83.932025,39.699442],[-83.931998,39.699306]]]},"properties":{"p":"M40-0001-0004-0-0038-00","o":"CEDAR HOUSE PROPERTIES LLC","a":"1063 N DETROIT ST","d":"XENIA COMMUNITY CITY SCHOOL DISTRICT","t":363.41,"l":"447: Com-Office","c":0}},{"type":"Feature","geometry":{"type":"Polygon","coordinates":[[[-83.932025,39.699442],[-83.932617,39.699386],[-83.932634,39.699523],[-83.932052,39.699577],[-83.932025,39.699442]]]},"properties":{"p":"M40-0001-0004-0-0039-00","o":"CEDAR HOUSE PROPERTIES LLC","a":"1063 N DETROIT ST","d":"XENIA COMMUNITY CITY SCHOOL DISTRICT","t":247.16,"l":"400: Com-Vacant Land","c":0}},{"type":"Feature","geometry":{"type":"Polygon","coordinates":[[[-83.93589,39.691864],[-83.935866,39.691728],[-83.935277,39.691788],[-83.935257,39.691677],[-83.935749,39.691624],[-83.93571,39.691406],[-83.936659,39.691311],[-83.936692,39.691591],[-83.936866,39.691594],[-83.937058,39.691552],[-83.936822,39.691675],[-83.93673,39.691842],[-83.93679,39.691914],[-83.935914,39.692002],[-83.93589,39.691864]]]},"properties":{"p":"M40-0001-0005-0-0005-00","o":"BAILEY ASHLEY","a":"530 N WEST ST","d":"XENIA COMMUNITY CITY SCHOOL DISTRICT","t":728.38,"l":"599: Res-Other","c":0}},{"type":"Feature","geometry":{"type":"Polygon","coordinates":[[[-83.935277,39.691788],[-83.935866,39.691728],[-83.93589,39.691864],[-83.935301,39.691924],[-83.935277,39.691788]]]},"properties":{"p":"M40-0001-0005-0-0015-00","o":"BAILEY ASHLEY","a":"542 N WEST ST","d":"XENIA COMMUNITY CITY SCHOOL DISTRICT","t":1407.66,"l":"510: Res-Single Family","c":0}},{"type":"Feature","geometry":{"type":"Polygon","coordinates":[[[-83.935301,39.691924],[-83.93589,39.691864],[-83.935914,39.692002],[-83.935321,39.692061],[-83.935301,39.691924]]]},"properties":{"p":"M40-0001-0005-0-0016-00","o":"BAILEY ASHLEY","a":"552 N WEST ST","d":"XENIA COMMUNITY CITY SCHOOL DISTRICT","t":2079.91,"l":"510: Res-Single Family","c":0}},{"type":"Feature","geometry":{"type":"Polygon","coordinates":[[[-83.935626,39.684492],[-83.93588,39.684466],[-83.935959,39.684915],[-83.935705,39.68494],[-83.935626,39.684492]]]},"properties":{"p":"M40-0001-0008-0-0015-00","o":"APOLLO PROPERTIES A PENN-","a":"354 W MAIN ST","d":"XENIA COMMUNITY CITY SCHOOL DISTRICT","t":18112.63,"l":"435: Com-Drive In","c":0}},{"type":"Feature","geometry":{"type":"Polygon","coordinates":[[[-83.935489,39.684505],[-83.935626,39.684492],[-83.935705,39.68494],[-83.935568,39.684954],[-83.935489,39.684505]]]},"properties":{"p":"M40-0001-0008-0-0016-00","o":"APOLLO PROPERTIES A PENN-","a":"0 W MAIN ST","d":"XENIA COMMUNITY CITY SCHOOL DISTRICT","t":2790.51,"l":"456: Com-Parking Garage","c":0}},{"type":"Feature","geometry":{"type":"Polygon","coordinates":[[[-83.932234,39.682899],[-83.932408,39.682881],[-83.932424,39.682975],[-83.932249,39.682993],[-83.932234,39.682899]]]},"properties":{"p":"M40-0001-0009-0-0153-00","o":"GREATER DAYTON REALTY LLC","a":"126 S GALLOWAY ST","d":"XENIA COMMUNITY CITY SCHOOL DISTRICT","t":1775.38,"l":"510: Res-Single Family","c":0}},{"type":"Feature","geometry":{"type":"Polygon","coordinates":[[[-83.932689,39.682491],[-83.932811,39.682479],[-83.932887,39.682928],[-83.932765,39.68294],[-83.932689,39.682491]]]},"properties":{"p":"M40-0001-0009-0-0158-00","o":"GROVES JANNA K","a":"210 W THIRD ST","d":"XENIA COMMUNITY CITY SCHOOL DISTRICT","t":2584.74,"l":"510: Res-Single Family","c":0}},{"type":"Feature","geometry":{"type":"Polygon","coordinates":[[[-83.930083,39.681725],[-83.930417,39.681691],[-83.930436,39.6818],[-83.930101,39.681833],[-83.930083,39.681725]]]},"properties":{"p":"M40-0001-0009-0-0244-00","o":"FOSKUHL SAM","a":"227 S KING ST","d":"XENIA COMMUNITY CITY SCHOOL DISTRICT","t":1105.62,"l":"510: Res-Single Family","c":0}},{"type":"Feature","geometry":{"type":"Polygon","coordinates":[[[-83.931105,39.681207],[-83.931839,39.681126],[-83.931855,39.681222],[-83.931041,39.681316],[-83.931105,39.681207]]]},"properties":{"p":"M40-0001-0009-0-0263-00","o":"GIESSEMAN BERDENA L","a":"0 S GALLOWAY ST","d":"XENIA COMMUNITY CITY SCHOOL DISTRICT","t":1574.12,"l":"500: Res-Vacant Land","c":0}},{"type":"Feature","geometry":{"type":"Polygon","coordinates":[[[-83.933415,39.680761],[-83.933857,39.68071],[-83.933884,39.680831],[-83.933443,39.680883],[-83.933415,39.680761]]]},"properties":{"p":"M40-0001-0009-0-0308-00","o":"CLARK KELLIE J","a":"268 S WEST ST","d":"XENIA COMMUNITY CITY SCHOOL DISTRICT","t":926.67,"l":"510: Res-Single Family","c":0}},{"type":"Feature","geometry":{"type":"Polygon","coordinates":[[[-83.93168,39.676445],[-83.931715,39.676316],[-83.93217,39.676387],[-83.932135,39.676514],[-83.93168,39.676445]]]},"properties":{"p":"M40-0001-0010-0-0074-00","o":"DAYE GLORIA","a":"614  CHESTNUT ST","d":"XENIA COMMUNITY CITY SCHOOL DISTRICT","t":919.4,"l":"510: Res-Single Family","c":0}},{"type":"Feature","geometry":{"type":"Polygon","coordinates":[[[-83.933206,39.676045],[-83.93325,39.675884],[-83.933712,39.675956],[-83.933698,39.676009],[-83.933723,39.676013],[-83.933694,39.676121],[-83.933206,39.676045]]]},"properties":{"p":"M40-0001-0010-0-0082-00","o":"CLINE JOANNE","a":"650  XENIA AVE","d":"XENIA COMMUNITY CITY SCHOOL DISTRICT","t":15502.22,"l":"510: Res-Single Family","c":0}},{"type":"Feature","geometry":{"type":"Polygon","coordinates":[[[-83.932493,39.676271],[-83.932521,39.676163],[-83.932994,39.676236],[-83.932965,39.676344],[-83.932493,39.676271]]]},"properties":{"p":"M40-0001-0010-0-0087-00","o":"DEMANA SABRINA MARIE","a":"625  XENIA AVE","d":"XENIA COMMUNITY CITY SCHOOL DISTRICT","t":25.57,"l":"510: Res-Single Family","c":0}},{"type":"Feature","geometry":{"type":"Polygon","coordinates":[[[-83.932134,39.677586],[-83.932238,39.677182],[-83.932383,39.677205],[-83.932279,39.677609],[-83.932134,39.677586]]]},"properties":{"p":"M40-0001-0010-0-0101-00","o":"HAYSLIP EMILY SUE","a":"117  HIGH ST","d":"XENIA COMMUNITY CITY SCHOOL DISTRICT","t":654.27,"l":"510: Res-Single Family","c":0}},{"type":"Feature","geometry":{"type":"Polygon","coordinates":[[[-83.938167,39.680228],[-83.938451,39.67988],[-83.938536,39.679921],[-83.938251,39.680269],[-83.938167,39.680228]]]},"properties":{"p":"M40-0001-0011-0-0055-00","o":"HEGYI KALEB W","a":"321  CENTER ST","d":"XENIA COMMUNITY CITY SCHOOL DISTRICT","t":1307.38,"l":"510: Res-Single Family","c":0}},{"type":"Feature","geometry":{"type":"Polygon","coordinates":[[[-83.936082,39.679349],[-83.936224,39.679255],[-83.936387,39.679389],[-83.936325,39.679465],[-83.936082,39.679349]]]},"properties":{"p":"M40-0001-0011-0-0202-00","o":"GROOMS MARK","a":"489  CENTER ST","d":"XENIA COMMUNITY CITY SCHOOL DISTRICT","t":146.57,"l":"510: Res-Single Family","c":0}},{"type":"Feature","geometry":{"type":"Polygon","coordinates":[[[-83.933359,39.675481],[-83.93339,39.675365],[-83.933846,39.675436],[-83.933816,39.675552],[-83.933359,39.675481]]]},"properties":{"p":"M40-0001-0012-0-0207-00","o":"BARBIAN MICHAEL J JR","a":"690  XENIA AVE","d":"XENIA COMMUNITY CITY SCHOOL DISTRICT","t":2227.35,"l":"510: Res-Single Family","c":0}},{"type":"Feature","geometry":{"type":"Polygon","coordinates":[[[-83.933675,39.675409],[-83.933705,39.675294],[-83.933876,39.67532],[-83.933846,39.675436],[-83.933675,39.675409]]]},"properties":{"p":"M40-0001-0012-0-0237-00","o":"BARBIAN MICHAEL J JR","a":"690  XENIA AVE","d":"XENIA COMMUNITY CITY SCHOOL DISTRICT","t":11,"l":"500: Res-Vacant Land","c":0}},{"type":"Feature","geometry":{"type":"Polygon","coordinates":[[[-83.940972,39.670296],[-83.941013,39.67012],[-83.941049,39.670093],[-83.94154,39.670175],[-83.941496,39.670368],[-83.940972,39.670296]]]},"properties":{"p":"M40-0001-0013-0-0097-00","o":"FRITZSCHE CHARLOTTE","a":"512  NEWPORT AVE","d":"XENIA COMMUNITY CITY SCHOOL DISTRICT","t":5277.49,"l":"510: Res-Single Family","c":0}},{"type":"Feature","geometry":{"type":"Polygon","coordinates":[[[-83.939766,39.667698],[-83.939812,39.667371],[-83.940048,39.667391],[-83.940002,39.667718],[-83.939766,39.667698]]]},"properties":{"p":"M40-0001-0013-0-0184-00","o":"DENNEHY DEREK D","a":"388  LEDBETTER RD","d":"XENIA COMMUNITY CITY SCHOOL DISTRICT","t":2024.17,"l":"510: Res-Single Family","c":0}},{"type":"Feature","geometry":{"type":"Polygon","coordinates":[[[-83.938678,39.667608],[-83.938723,39.66728],[-83.939007,39.667304],[-83.938962,39.667631],[-83.938678,39.667608]]]},"properties":{"p":"M40-0001-0013-0-0186-00","o":"BABB JOHN THOMAS & AMY L","a":"330  LEDBETTER RD","d":"XENIA COMMUNITY CITY SCHOOL DISTRICT","t":1707.96,"l":"510: Res-Single Family","c":0}},{"type":"Feature","geometry":{"type":"Polygon","coordinates":[[[-83.938399,39.669186],[-83.938253,39.669174],[-83.9383,39.668847],[-83.938537,39.668867],[-83.93849,39.669193],[-83.938399,39.669186]]]},"properties":{"p":"M40-0001-0013-0-0223-00","o":"DAUGHERTY SANDRA L","a":"334  PORTSMOUTH AVE","d":"XENIA COMMUNITY CITY SCHOOL DISTRICT","t":6873.09,"l":"510: Res-Single Family","c":0}},{"type":"Feature","geometry":{"type":"Polygon","coordinates":[[[-83.948629,39.684672],[-83.948825,39.684232],[-83.949063,39.684206],[-83.94883,39.684727],[-83.948629,39.684672]]]},"properties":{"p":"M40-0001-0021-0-0071-00","o":"GEORGE CHARLES R & CARIN B","a":"1084  JUNE DR","d":"XENIA COMMUNITY CITY SCHOOL DISTRICT","t":3233.78,"l":"510: Res-Single Family","c":0}},{"type":"Feature","geometry":{"type":"Polygon","coordinates":[[[-83.952784,39.68634],[-83.952943,39.68599],[-83.953145,39.686045],[-83.952986,39.686395],[-83.952784,39.68634]]]},"properties":{"p":"M40-0001-0021-0-0103-00","o":"GREATER DAYTON REALTY LLC","a":"1341  JUNE DR","d":"XENIA COMMUNITY CITY SCHOOL DISTRICT","t":2884.29,"l":"510: Res-Single Family","c":0}},{"type":"Feature","geometry":{"type":"Polygon","coordinates":[[[-83.955226,39.683328],[-83.955458,39.683312],[-83.9555,39.683678],[-83.955291,39.683695],[-83.955226,39.683328]]]},"properties":{"p":"M40-0001-0021-0-0120-00","o":"DE WALT STEPHEN D","a":"1468  KYLEMORE DR","d":"XENIA COMMUNITY CITY SCHOOL DISTRICT","t":15899.19,"l":"510: Res-Single Family","c":0}},{"type":"Feature","geometry":{"type":"Polygon","coordinates":[[[-83.954101,39.681769],[-83.954318,39.681768],[-83.95432,39.682179],[-83.954103,39.682188],[-83.954101,39.681769]]]},"properties":{"p":"M40-0001-0021-0-0193-00","o":"FRETZ PHILIP","a":"1420 W SECOND ST","d":"XENIA COMMUNITY CITY SCHOOL DISTRICT","t":865.5,"l":"510: Res-Single Family","c":0}},{"type":"Feature","geometry":{"type":"Polygon","coordinates":[[[-83.957366,39.682857],[-83.957367,39.682541],[-83.957589,39.682541],[-83.957588,39.682857],[-83.957366,39.682857]]]},"properties":{"p":"M40-0001-0022-0-0106-00","o":"GOULD THOMAS A","a":"1586  DRAKE DR","d":"XENIA COMMUNITY CITY SCHOOL DISTRICT","t":3071.66,"l":"510: Res-Single Family","c":0}},{"type":"Feature","geometry":{"type":"Polygon","coordinates":[[[-83.960933,39.683327],[-83.961142,39.683073],[-83.961368,39.683201],[-83.961103,39.683427],[-83.960933,39.683327]]]},"properties":{"p":"M40-0001-0022-0-0193-00","o":"HAMMOND MARK T & AMY J","a":"1787  KYLEMORE DR","d":"XENIA COMMUNITY CITY SCHOOL DISTRICT","t":3.61,"l":"510: Res-Single Family","c":0}},{"type":"Feature","geometry":{"type":"Polygon","coordinates":[[[-83.961778,39.688738],[-83.961921,39.688422],[-83.962142,39.688484],[-83.962,39.688796],[-83.961778,39.688738]]]},"properties":{"p":"M40-0001-0023-0-0118-00","o":"GRIMM DREAMA","a":"1879  JUNE DR","d":"XENIA COMMUNITY CITY SCHOOL DISTRICT","t":8027.63,"l":"510: Res-Single Family","c":0}},{"type":"Feature","geometry":{"type":"Polygon","coordinates":[[[-83.960262,39.688337],[-83.960409,39.688013],[-83.96062,39.68807],[-83.960473,39.688394],[-83.960262,39.688337]]]},"properties":{"p":"M40-0001-0023-0-0125-00","o":"BRAMMER DONNA J","a":"1789  JUNE DR","d":"XENIA COMMUNITY CITY SCHOOL DISTRICT","t":0.06,"l":"510: Res-Single Family","c":0}},{"type":"Feature","geometry":{"type":"Polygon","coordinates":[[[-83.958095,39.686914],[-83.95823,39.686616],[-83.95845,39.686675],[-83.958315,39.686973],[-83.958095,39.686914]]]},"properties":{"p":"M40-0001-0023-0-0166-00","o":"DUTTON ANITA K","a":"1625  ROCKWELL DR","d":"XENIA COMMUNITY CITY SCHOOL DISTRICT","t":3633.51,"l":"510: Res-Single Family","c":0}},{"type":"Feature","geometry":{"type":"Polygon","coordinates":[[[-83.959287,39.686419],[-83.959422,39.686121],[-83.95964,39.68618],[-83.959505,39.686478],[-83.959287,39.686419]]]},"properties":{"p":"M40-0001-0023-0-0191-00","o":"CHAMBLISS MARSHA L","a":"1709  BOWMAN DR","d":"XENIA COMMUNITY CITY SCHOOL DISTRICT","t":2426.45,"l":"510: Res-Single Family","c":0}},{"type":"Feature","geometry":{"type":"Polygon","coordinates":[[[-83.941863,39.691926],[-83.941957,39.691777],[-83.942348,39.691925],[-83.942254,39.692074],[-83.941863,39.691926]]]},"properties":{"p":"M40-0001-0025-0-0024-00","o":"GIBSON WILLIAM","a":"581  ANTRIM RD","d":"XENIA COMMUNITY CITY SCHOOL DISTRICT","t":1606.35,"l":"510: Res-Single Family","c":0}},{"type":"Feature","geometry":{"type":"Polygon","coordinates":[[[-83.94687,39.691755],[-83.946939,39.691594],[-83.947289,39.691682],[-83.947204,39.69184],[-83.94687,39.691755]]]},"properties":{"p":"M40-0001-0025-0-0198-00","o":"DURBIN REBECCA LYNN","a":"499  LAYNE DR","d":"XENIA COMMUNITY CITY SCHOOL DISTRICT","t":4752.93,"l":"510: Res-Single Family","c":0}},{"type":"Feature","geometry":{"type":"Polygon","coordinates":[[[-83.951264,39.69107],[-83.951235,39.691058],[-83.951407,39.690786],[-83.951608,39.690862],[-83.951436,39.691134],[-83.951264,39.69107]]]},"properties":{"p":"M40-0001-0026-0-0071-00","o":"BEASLEY ANGEL R","a":"939  DAYTON AVE","d":"XENIA COMMUNITY CITY SCHOOL DISTRICT","t":1704.85,"l":"510: Res-Single Family","c":0}},{"type":"Feature","geometry":{"type":"Polygon","coordinates":[[[-83.958061,39.671347],[-83.958157,39.671349],[-83.958139,39.671369],[-83.958061,39.671347]]]},"properties":{"p":"M40-0001-0033-0-0187-00","o":"FETZ CHARLES W & CHERYL L","a":"0  PUEBLO DR","d":"XENIA COMMUNITY CITY SCHOOL DISTRICT","t":256.07,"l":"500: Res-Vacant Land","c":0}},{"type":"Feature","geometry":{"type":"Polygon","coordinates":[[[-83.963309,39.677151],[-83.963357,39.676976],[-83.963774,39.677045],[-83.963726,39.67722],[-83.963309,39.677151]]]},"properties":{"p":"M40-0001-0035-0-0095-00","o":"GILLUM ERMA I & DIANA MCDONALD","a":"1614  OTTAWA DR","d":"XENIA COMMUNITY CITY SCHOOL DISTRICT","t":529.34,"l":"510: Res-Single Family","c":0}},{"type":"Feature","geometry":{"type":"Polygon","coordinates":[[[-83.967493,39.668378],[-83.9678,39.668141],[-83.968088,39.6683],[-83.967621,39.668508],[-83.967493,39.668378]]]},"properties":{"p":"M40-0001-0036-0-0097-00","o":"CASSIDY NANCY D","a":"2038  GAYHART ST","d":"XENIA COMMUNITY CITY SCHOOL DISTRICT","t":1159.42,"l":"510: Res-Single Family","c":0}},{"type":"Feature","geometry":{"type":"Polygon","coordinates":[[[-83.965638,39.670228],[-83.965621,39.670209],[-83.965839,39.670065],[-83.966218,39.670127],[-83.966166,39.670315],[-83.965638,39.670228]]]},"properties":{"p":"M40-0001-0036-0-0137-00","o":"COX CORY","a":"1829  WHITT ST","d":"XENIA COMMUNITY CITY SCHOOL DISTRICT","t":1217.42,"l":"510: Res-Single Family","c":0}},{"type":"Feature","geometry":{"type":"Polygon","coordinates":[[[-83.966713,39.668791],[-83.966432,39.668627],[-83.966536,39.668485],[-83.966855,39.668585],[-83.967,39.668788],[-83.966713,39.668791]]]},"properties":{"p":"M40-0001-0036-0-0145-00","o":"COLLIER CARRIE L","a":"1948  ATKINSON DR","d":"XENIA COMMUNITY CITY SCHOOL DISTRICT","t":1888.51,"l":"510: Res-Single Family","c":0}},{"type":"Feature","geometry":{"type":"Polygon","coordinates":[[[-83.965666,39.667804],[-83.965675,39.667732],[-83.965646,39.667663],[-83.965676,39.667597],[-83.96629,39.667774],[-83.966191,39.667965],[-83.965666,39.667804]]]},"properties":{"p":"M40-0001-0036-0-0182-00","o":"BAILEY PHILLIP WAYNE","a":"2034  WESTBURY CT","d":"XENIA COMMUNITY CITY SCHOOL DISTRICT","t":7729.36,"l":"510: Res-Single Family","c":0}},{"type":"Feature","geometry":{"type":"Polygon","coordinates":[[[-83.964882,39.667405],[-83.965047,39.66725],[-83.965592,39.667389],[-83.965487,39.66758],[-83.964882,39.667405]]]},"properties":{"p":"M40-0001-0036-0-0187-00","o":"ARMENTROUT BETHANY T","a":"2049  WESTBURY CT","d":"XENIA COMMUNITY CITY SCHOOL DISTRICT","t":5042.17,"l":"510: Res-Single Family","c":0}},{"type":"Feature","geometry":{"type":"Polygon","coordinates":[[[-83.968247,39.676337],[-83.968569,39.676143],[-83.968712,39.676284],[-83.96839,39.676478],[-83.968247,39.676337]]]},"properties":{"p":"M40-0001-0038-0-0049-00","o":"BRANE CHARLES R & DEBORAH L","a":"2972  WYOMING DR","d":"XENIA COMMUNITY CITY SCHOOL DISTRICT","t":1907.8,"l":"510: Res-Single Family","c":0}},{"type":"Feature","geometry":{"type":"Polygon","coordinates":[[[-83.969773,39.676703],[-83.969585,39.676465],[-83.969882,39.67635],[-83.970066,39.676632],[-83.969838,39.67672],[-83.969773,39.676703]]]},"properties":{"p":"M40-0001-0038-0-0075-00","o":"GILLESPIE MELISSA & ROGER","a":"1861  PENNSYLVANIA DR","d":"XENIA COMMUNITY CITY SCHOOL DISTRICT","t":4390.13,"l":"510: Res-Single Family","c":0}},{"type":"Feature","geometry":{"type":"Polygon","coordinates":[[[-83.972041,39.674735],[-83.972382,39.674601],[-83.972468,39.674806],[-83.972438,39.674841],[-83.972163,39.674949],[-83.972041,39.674735]]]},"properties":{"p":"M40-0001-0038-0-0261-00","o":"GREENE KENNETH F JR & MARY A","a":"527  COLORADO DR","d":"XENIA COMMUNITY CITY SCHOOL DISTRICT","t":56.45,"l":"510: Res-Single Family","c":0}},{"type":"Feature","geometry":{"type":"Polygon","coordinates":[[[-83.973526,39.678262],[-83.973911,39.678157],[-83.973988,39.678326],[-83.973602,39.678431],[-83.973526,39.678262]]]},"properties":{"p":"M40-0001-0039-0-0190-00","o":"DECKARD MARILYN L","a":"309  COLORADO DR","d":"XENIA COMMUNITY CITY SCHOOL DISTRICT","t":3854.03,"l":"510: Res-Single Family","c":0}},{"type":"Feature","geometry":{"type":"Polygon","coordinates":[[[-83.978659,39.659321],[-83.978621,39.659259],[-83.978551,39.659216],[-83.978686,39.658992],[-83.979005,39.659152],[-83.978725,39.659423],[-83.978687,39.659387],[-83.978659,39.659321]]]},"properties":{"p":"M40-0001-0044-0-0083-00","o":"FISHER DOUGLAS T","a":"1350  PREM PL","d":"XENIA COMMUNITY CITY SCHOOL DISTRICT","t":94.55,"l":"510: Res-Single Family","c":0}},{"type":"Feature","geometry":{"type":"Polygon","coordinates":[[[-83.970309,39.669121],[-83.970536,39.669034],[-83.970732,39.669334],[-83.970504,39.669423],[-83.970309,39.669121]]]},"properties":{"p":"M40-0001-0047-0-0059-00","o":"CURFMAN STEVEN C & ANGELA T","a":"2131  VIRGINIA DR","d":"XENIA COMMUNITY CITY SCHOOL DISTRICT","t":9427.13,"l":"510: Res-Single Family","c":0}},{"type":"Feature","geometry":{"type":"Polygon","coordinates":[[[-83.925067,39.706435],[-83.923335,39.704354],[-83.923883,39.704082],[-83.926179,39.706841],[-83.925621,39.707099],[-83.925067,39.706435]]]},"properties":{"p":"M40-0002-0001-0-0007-00","o":"GATES OF PRAISE MINISTRIES","a":"552  COUNTRY CLUB DR","d":"XENIA COMMUNITY CITY SCHOOL DISTRICT","t":211.68,"l":"685: Exm-Public Woship","c":0}},{"type":"Feature","geometry":{"type":"Polygon","coordinates":[[[-83.92273,39.688458],[-83.922895,39.688343],[-83.922975,39.688772],[-83.922805,39.688858],[-83.92273,39.688458]]]},"properties":{"p":"M40-0002-0005-0-0015-00","o":"GREENE KENNETH F JR & WANDA J FRANKLIN","a":"226 N COLUMBUS ST","d":"XENIA COMMUNITY CITY SCHOOL DISTRICT","t":12.15,"l":"510: Res-Single Family","c":0}},{"type":"Feature","geometry":{"type":"Polygon","coordinates":[[[-83.922546,39.688587],[-83.92273,39.688458],[-83.922805,39.688858],[-83.922698,39.688913],[-83.922546,39.688587]]]},"properties":{"p":"M40-0002-0005-0-0016-00","o":"GREENE KENNETH F JR","a":"0 N COLUMBUS ST","d":"XENIA COMMUNITY CITY SCHOOL DISTRICT","t":2.23,"l":"500: Res-Vacant Land","c":0}},{"type":"Feature","geometry":{"type":"Polygon","coordinates":[[[-83.921411,39.688951],[-83.921203,39.688629],[-83.921436,39.688602],[-83.921677,39.688998],[-83.921512,39.689109],[-83.921411,39.688951]]]},"properties":{"p":"M40-0002-0005-0-0034-00","o":"GREENE KENNETH F JR","a":"307 N COLUMBUS ST","d":"XENIA COMMUNITY CITY SCHOOL DISTRICT","t":17.33,"l":"510: Res-Single Family","c":0}},{"type":"Feature","geometry":{"type":"Polygon","coordinates":[[[-83.921703,39.68853],[-83.921873,39.688511],[-83.92193,39.688829],[-83.921787,39.688925],[-83.921703,39.68853]]]},"properties":{"p":"M40-0002-0005-0-0036-00","o":"HARPER LORA","a":"279 N COLUMBUS ST","d":"XENIA COMMUNITY CITY SCHOOL DISTRICT","t":2602.62,"l":"510: Res-Single Family","c":0}},{"type":"Feature","geometry":{"type":"Polygon","coordinates":[[[-83.922267,39.687232],[-83.922219,39.686957],[-83.922325,39.686946],[-83.922398,39.687371],[-83.922292,39.687382],[-83.922267,39.687232]]]},"properties":{"p":"M40-0002-0005-0-0234-00","o":"ABDUSSHAKUR MUSA & NAEEMA","a":"414 E MARKET ST","d":"XENIA COMMUNITY CITY SCHOOL DISTRICT","t":506.54,"l":"510: Res-Single Family","c":0}},{"type":"Feature","geometry":{"type":"Polygon","coordinates":[[[-83.925586,39.68552],[-83.925917,39.685487],[-83.925988,39.685915],[-83.925656,39.685947],[-83.925586,39.68552]]]},"properties":{"p":"M40-0002-0005-0-0248-00","o":"HEIDER ANNE M","a":"0 E MAIN ST","d":"XENIA COMMUNITY CITY SCHOOL DISTRICT","t":4269.7,"l":"400: Com-Vacant Land","c":0}},{"type":"Feature","geometry":{"type":"Polygon","coordinates":[[[-83.921547,39.686387],[-83.921886,39.686352],[-83.921901,39.686439],[-83.921675,39.686463],[-83.921737,39.686824],[-83.921625,39.686836],[-83.921547,39.686387]]]},"properties":{"p":"M40-0002-0005-0-0264-00","o":"ELOY CESAR","a":"445 E MARKET ST","d":"XENIA COMMUNITY CITY SCHOOL DISTRICT","t":867.21,"l":"510: Res-Single Family","c":0}},{"type":"Feature","geometry":{"type":"Polygon","coordinates":[[[-83.920602,39.687432],[-83.920776,39.687413],[-83.920796,39.687535],[-83.920623,39.687554],[-83.920602,39.687432]]]},"properties":{"p":"M40-0002-0005-0-0282-00","o":"ALEXANDER FLETCHER & GERTRUDE","a":"116 N FAIR ST","d":"XENIA COMMUNITY CITY SCHOOL DISTRICT","t":23828.69,"l":"500: Res-Vacant Land","c":0}},{"type":"Feature","geometry":{"type":"Polygon","coordinates":[[[-83.927737,39.687312],[-83.926679,39.68742],[-83.92659,39.686897],[-83.926724,39.686884],[-83.926659,39.686508],[-83.927583,39.686414],[-83.927737,39.687312]]]},"properties":{"p":"M40-0002-0005-2-0038-00","o":"FORMER Y XENIA LLC","a":"135 E CHURCH ST","d":"XENIA COMMUNITY CITY SCHOOL DISTRICT","t":37926.12,"l":"499: Com-Other","c":0}},{"type":"Feature","geometry":{"type":"Polygon","coordinates":[[[-83.920824,39.692404],[-83.918904,39.692102],[-83.918955,39.691456],[-83.919656,39.690971],[-83.920911,39.691542],[-83.920824,39.692404]]]},"properties":{"p":"M40-0002-0007-0-0002-00","o":"C DEVELOPMENT LLC","a":"0 N COLUMBUS ST","d":"XENIA COMMUNITY CITY SCHOOL DISTRICT","t":3043.03,"l":"501: Res-Custom Code","c":0}},{"type":"Feature","geometry":{"type":"Polygon","coordinates":[[[-83.914999,39.693161],[-83.915044,39.692886],[-83.91527,39.69291],[-83.915221,39.693184],[-83.914999,39.693161]]]},"properties":{"p":"M40-0002-0007-0-0022-00","o":"CORBETT WAYNE L & TERESA L","a":"883  TREMONT RD","d":"XENIA COMMUNITY CITY SCHOOL DISTRICT","t":1452.14,"l":"510: Res-Single Family","c":0}},{"type":"Feature","geometry":{"type":"Polygon","coordinates":[[[-83.914782,39.691468],[-83.914807,39.691334],[-83.915159,39.691373],[-83.915134,39.691507],[-83.914782,39.691468]]]},"properties":{"p":"M40-0002-0007-0-0063-00","o":"BUFORD CHARLES & PAULMETTA","a":"0  LEXINGTON AVE","d":"XENIA COMMUNITY CITY SCHOOL DISTRICT","t":36.08,"l":"500: Res-Vacant Land","c":0}},{"type":"Feature","geometry":{"type":"Polygon","coordinates":[[[-83.913266,39.691029],[-83.913341,39.690621],[-83.913516,39.69064],[-83.913442,39.691048],[-83.913266,39.691029]]]},"properties":{"p":"M40-0002-0007-0-0078-00","o":"BAKER CARRIE","a":"0  LEXINGTON AVE","d":"XENIA COMMUNITY CITY SCHOOL DISTRICT","t":9406.53,"l":"500: Res-Vacant Land","c":0}},{"type":"Feature","geometry":{"type":"Polygon","coordinates":[[[-83.918141,39.690872],[-83.918195,39.690594],[-83.919382,39.690681],[-83.918977,39.690968],[-83.918141,39.690872]]]},"properties":{"p":"M40-0002-0008-0-0002-00","o":"CHANNELS JESSE JAMES & ANGELA D","a":"501 N COLUMBUS ST","d":"XENIA COMMUNITY CITY SCHOOL DISTRICT","t":2652.19,"l":"510: Res-Single Family","c":0}},{"type":"Feature","geometry":{"type":"Polygon","coordinates":[[[-83.919768,39.688258],[-83.919919,39.688241],[-83.92001,39.688734],[-83.919866,39.688749],[-83.919768,39.688258]]]},"properties":{"p":"M40-0002-0008-0-0006-00","o":"DIXON MICHELLE","a":"564 E CHURCH ST","d":"XENIA COMMUNITY CITY SCHOOL DISTRICT","t":2825.91,"l":"510: Res-Single Family","c":0}},{"type":"Feature","geometry":{"type":"Polygon","coordinates":[[[-83.919328,39.688868],[-83.919665,39.688822],[-83.91969,39.688956],[-83.919246,39.689015],[-83.919221,39.688882],[-83.919328,39.688868]]]},"properties":{"p":"M40-0002-0008-0-0067-00","o":"CARTER WILLIAM L","a":"211  HALL ST","d":"XENIA COMMUNITY CITY SCHOOL DISTRICT","t":15992.32,"l":"500: Res-Vacant Land","c":0}},{"type":"Feature","geometry":{"type":"Polygon","coordinates":[[[-83.918328,39.689863],[-83.918758,39.689805],[-83.918786,39.689951],[-83.918335,39.69001],[-83.918328,39.689863]]]},"properties":{"p":"M40-0002-0008-0-0080-00","o":"BERRYMAN DEON","a":"275  ORCHARD ST","d":"XENIA COMMUNITY CITY SCHOOL DISTRICT","t":99.42,"l":"500: Res-Vacant Land","c":0}},{"type":"Feature","geometry":{"type":"Polygon","coordinates":[[[-83.918321,39.689714],[-83.918731,39.689658],[-83.918758,39.689805],[-83.918328,39.689863],[-83.918321,39.689714]]]},"properties":{"p":"M40-0002-0008-0-0081-00","o":"BERRYMAN JR EDDIE G & DION L","a":"263  ORCHARD ST","d":"XENIA COMMUNITY CITY SCHOOL DISTRICT","t":1228.05,"l":"510: Res-Single Family","c":0}},{"type":"Feature","geometry":{"type":"Polygon","coordinates":[[[-83.919005,39.688771],[-83.919107,39.688759],[-83.919124,39.688847],[-83.918765,39.688886],[-83.918749,39.688799],[-83.919005,39.688771]]]},"properties":{"p":"M40-0002-0008-0-0087-00","o":"BUTLER HENRY & ELOISE","a":"0  ORCHARD ST","d":"XENIA COMMUNITY CITY SCHOOL DISTRICT","t":3757.83,"l":"500: Res-Vacant Land","c":0}},{"type":"Feature","geometry":{"type":"Polygon","coordinates":[[[-83.914949,39.690736],[-83.91486,39.690165],[-83.915216,39.690214],[-83.915228,39.690767],[-83.914949,39.690736]]]},"properties":{"p":"M40-0002-0008-0-0232-00","o":"BENT SYLVANUS G & HAZEL M","a":"0  LEXINGTON AVE","d":"XENIA COMMUNITY CITY SCHOOL DISTRICT","t":12170.61,"l":"500: Res-Vacant Land","c":0}},{"type":"Feature","geometry":{"type":"Polygon","coordinates":[[[-83.918835,39.687789],[-83.919085,39.687763],[-83.919095,39.687829],[-83.918845,39.687855],[-83.918835,39.687789]]]},"properties":{"p":"M40-0002-0008-0-0247-00","o":"CORBETT NORMAN & J N N INTERNATIONAL","a":"0  EVANS ST","d":"XENIA COMMUNITY CITY SCHOOL DISTRICT","t":57.9,"l":"500: Res-Vacant Land","c":0}},{"type":"Feature","geometry":{"type":"Polygon","coordinates":[[[-83.91959,39.686132],[-83.919763,39.686114],[-83.919832,39.686539],[-83.91966,39.686557],[-83.91959,39.686132]]]},"properties":{"p":"M40-0002-0008-0-0326-00","o":"AHAD ONE GOD TRUST","a":"550 E MAIN ST","d":"XENIA COMMUNITY CITY SCHOOL DISTRICT","t":3140.57,"l":"499: Com-Other","c":0}},{"type":"Feature","geometry":{"type":"Polygon","coordinates":[[[-83.913847,39.686716],[-83.914225,39.686678],[-83.914304,39.687133],[-83.91392,39.687172],[-83.913847,39.686716]]]},"properties":{"p":"M40-0002-0008-0-0387-00","o":"CORBETT DEREK A ETAL","a":"0 E MAIN ST","d":"XENIA COMMUNITY CITY SCHOOL DISTRICT","t":15779.12,"l":"500: Res-Vacant Land","c":0}},{"type":"Feature","geometry":{"type":"Polygon","coordinates":[[[-83.91392,39.687172],[-83.914064,39.687157],[-83.914137,39.687615],[-83.913993,39.68763],[-83.91392,39.687172]]]},"properties":{"p":"M40-0002-0008-0-0393-00","o":"BUFORD ANNA & PAUL","a":"0 E MARKET ST","d":"XENIA COMMUNITY CITY SCHOOL DISTRICT","t":8408.33,"l":"500: Res-Vacant Land","c":0}},{"type":"Feature","geometry":{"type":"Polygon","coordinates":[[[-83.912124,39.686912],[-83.912269,39.68688],[-83.912337,39.687308],[-83.912189,39.687323],[-83.912124,39.686912]]]},"properties":{"p":"M40-0002-0008-0-0399-00","o":"AMES FAY LANICE","a":"974 E MAIN ST","d":"XENIA COMMUNITY CITY SCHOOL DISTRICT","t":2023.85,"l":"510: Res-Single Family","c":0}},{"type":"Feature","geometry":{"type":"Polygon","coordinates":[[[-83.913359,39.689281],[-83.913538,39.689262],[-83.913562,39.689398],[-83.913382,39.689417],[-83.913359,39.689281]]]},"properties":{"p":"M40-0002-0008-0-0422-00","o":"COX MINNIE","a":"194  JEFFERSON ST","d":"XENIA COMMUNITY CITY SCHOOL DISTRICT","t":25007.39,"l":"500: Res-Vacant Land","c":0}},{"type":"Feature","geometry":{"type":"Polygon","coordinates":[[[-83.919132,39.687276],[-83.920078,39.687178],[-83.920231,39.688076],[-83.919286,39.688175],[-83.919132,39.687276]]]},"properties":{"p":"M40-0002-0008-0-0444-00","o":"FORMER Y XENIA LLC","a":"578 E MARKET ST","d":"XENIA COMMUNITY CITY SCHOOL DISTRICT","t":8710.4,"l":"499: Com-Other","c":0}},{"type":"Feature","geometry":{"type":"Polygon","coordinates":[[[-83.91564,39.690127],[-83.916128,39.690074],[-83.916115,39.690239],[-83.915626,39.690292],[-83.91564,39.690127]]]},"properties":{"p":"M40-0002-0008-0-0458-00","o":"DAVIS SYBRINA","a":"272  MULBERRY ST","d":"XENIA COMMUNITY CITY SCHOOL DISTRICT","t":1808.34,"l":"510: Res-Single Family","c":0}},{"type":"Feature","geometry":{"type":"Polygon","coordinates":[[[-83.910578,39.688172],[-83.910575,39.688153],[-83.910439,39.688166],[-83.910645,39.687237],[-83.911762,39.686996],[-83.911793,39.687176],[-83.911262,39.687229],[-83.911414,39.688077],[-83.910578,39.688172]]]},"properties":{"p":"M40-0002-0009-0-0006-00","o":"BLANKENSHIP AYDEN A & MADISON M","a":"19 N PATTON ST","d":"XENIA COMMUNITY CITY SCHOOL DISTRICT","t":5932.39,"l":"511: Res-Custom Code","c":0}},{"type":"Feature","geometry":{"type":"Polygon","coordinates":[[[-83.91773,39.684516],[-83.917858,39.684502],[-83.917931,39.684936],[-83.917803,39.684949],[-83.91773,39.684516]]]},"properties":{"p":"M40-0002-0011-0-0022-00","o":"ABDULLAH AHMED N","a":"0 E SECOND ST","d":"XENIA COMMUNITY CITY SCHOOL DISTRICT","t":64.79,"l":"500: Res-Vacant Land","c":0}},{"type":"Feature","geometry":{"type":"Polygon","coordinates":[[[-83.917553,39.684535],[-83.917698,39.684519],[-83.917771,39.684952],[-83.917626,39.684967],[-83.917553,39.684535]]]},"properties":{"p":"M40-0002-0011-0-0023-00","o":"ABDULLAH AHMED N","a":"647 E SECOND ST","d":"XENIA COMMUNITY CITY SCHOOL DISTRICT","t":672.32,"l":"510: Res-Single Family","c":0}},{"type":"Feature","geometry":{"type":"Polygon","coordinates":[[[-83.916157,39.685777],[-83.91639,39.685754],[-83.916462,39.686178],[-83.91623,39.686202],[-83.916157,39.685777]]]},"properties":{"p":"M40-0002-0011-0-0051-00","o":"FERRIS CHRISTOPHER PAUL & BRANDON MICHAEL FERRIS","a":"737 E MAIN ST","d":"XENIA COMMUNITY CITY SCHOOL DISTRICT","t":2750.53,"l":"510: Res-Single Family","c":0}},{"type":"Feature","geometry":{"type":"Polygon","coordinates":[[[-83.915079,39.685405],[-83.915271,39.685385],[-83.915342,39.685813],[-83.91515,39.685832],[-83.915079,39.685405]]]},"properties":{"p":"M40-0002-0011-0-0070-00","o":"GRAVES SHERWYN N ETAL","a":"796 E SECOND ST","d":"XENIA COMMUNITY CITY SCHOOL DISTRICT","t":2460.78,"l":"510: Res-Single Family","c":0}},{"type":"Feature","geometry":{"type":"Polygon","coordinates":[[[-83.9146,39.684815],[-83.914789,39.684796],[-83.914866,39.685245],[-83.914676,39.685264],[-83.9146,39.684815]]]},"properties":{"p":"M40-0002-0011-0-0089-00","o":"GRAY RHONDA","a":"815 E SECOND ST","d":"XENIA COMMUNITY CITY SCHOOL DISTRICT","t":1316.48,"l":"510: Res-Single Family","c":0}},{"type":"Feature","geometry":{"type":"Polygon","coordinates":[[[-83.913103,39.685821],[-83.913067,39.685608],[-83.913277,39.685587],[-83.913348,39.686012],[-83.913139,39.686033],[-83.913103,39.685821]]]},"properties":{"p":"M40-0002-0011-0-0109-00","o":"BROWDER CHARITY & RAMON","a":"904 E SECOND ST","d":"XENIA COMMUNITY CITY SCHOOL DISTRICT","t":4088.71,"l":"510: Res-Single Family","c":0}},{"type":"Feature","geometry":{"type":"Polygon","coordinates":[[[-83.913905,39.685524],[-83.914114,39.685503],[-83.914186,39.685928],[-83.913977,39.685949],[-83.913905,39.685524]]]},"properties":{"p":"M40-0002-0011-0-0114-00","o":"DAHMER WILBUR R & NORVIA V","a":"860 E SECOND ST","d":"XENIA COMMUNITY CITY SCHOOL DISTRICT","t":45.93,"l":"500: Res-Vacant Land","c":0}},{"type":"Feature","geometry":{"type":"Polygon","coordinates":[[[-83.914114,39.685503],[-83.914316,39.685483],[-83.914387,39.685908],[-83.914186,39.685928],[-83.914114,39.685503]]]},"properties":{"p":"M40-0002-0011-0-0115-00","o":"DAHMER WILBUR R & NORVIA NOOKS","a":"0 E SECOND ST","d":"XENIA COMMUNITY CITY SCHOOL DISTRICT","t":507.82,"l":"500: Res-Vacant Land","c":0}},{"type":"Feature","geometry":{"type":"Polygon","coordinates":[[[-83.917549,39.682959],[-83.917689,39.682936],[-83.917863,39.683898],[-83.917722,39.683912],[-83.917549,39.682959]]]},"properties":{"p":"M40-0002-0011-0-0135-00","o":"COLEMAN DERRICK T","a":"635 E THIRD ST","d":"XENIA COMMUNITY CITY SCHOOL DISTRICT","t":23.65,"l":"510: Res-Single Family","c":0}},{"type":"Feature","geometry":{"type":"Polygon","coordinates":[[[-83.909849,39.686123],[-83.909927,39.685718],[-83.91009,39.685772],[-83.910011,39.68618],[-83.909849,39.686123]]]},"properties":{"p":"M40-0002-0011-0-0209-00","o":"GRACE MICHAEL S","a":"1119  JASPER AVE","d":"XENIA COMMUNITY CITY SCHOOL DISTRICT","t":1018.22,"l":"500: Res-Vacant Land","c":0}},{"type":"Feature","geometry":{"type":"Polygon","coordinates":[[[-83.92167,39.684733],[-83.921805,39.684719],[-83.92188,39.685152],[-83.921746,39.685166],[-83.92167,39.684733]]]},"properties":{"p":"M40-0002-0012-0-0123-00","o":"HARDAMON JEFFERY","a":"420 E SECOND ST","d":"XENIA COMMUNITY CITY SCHOOL DISTRICT","t":333.55,"l":"510: Res-Single Family","c":0}},{"type":"Feature","geometry":{"type":"Polygon","coordinates":[[[-83.921231,39.685234],[-83.921481,39.685207],[-83.921562,39.685656],[-83.921312,39.685682],[-83.921231,39.685234]]]},"properties":{"p":"M40-0002-0012-0-0127-00","o":"BRADLEY ELIZABETH W","a":"447 E MAIN ST","d":"XENIA COMMUNITY CITY SCHOOL DISTRICT","t":20816.09,"l":"500: Res-Vacant Land","c":0}},{"type":"Feature","geometry":{"type":"Polygon","coordinates":[[[-83.921469,39.684295],[-83.921532,39.684288],[-83.921578,39.684561],[-83.921515,39.684567],[-83.921469,39.684295]]]},"properties":{"p":"M40-0002-0012-0-0264-00","o":"BIAS STEVEN E & JERLENE S","a":"433 E SECOND ST","d":"XENIA COMMUNITY CITY SCHOOL DISTRICT","t":67.77,"l":"500: Res-Vacant Land","c":0}},{"type":"Feature","geometry":{"type":"Polygon","coordinates":[[[-83.919747,39.684321],[-83.919872,39.684308],[-83.919945,39.684732],[-83.91982,39.684745],[-83.919747,39.684321]]]},"properties":{"p":"M40-0002-0012-0-0292-00","o":"ANDERSON JUANITA","a":"0 E SECOND ST","d":"XENIA COMMUNITY CITY SCHOOL DISTRICT","t":2984.09,"l":"500: Res-Vacant Land","c":0}},{"type":"Feature","geometry":{"type":"Polygon","coordinates":[[[-83.926265,39.682705],[-83.926424,39.682692],[-83.926483,39.683015],[-83.926324,39.683031],[-83.926265,39.682705]]]},"properties":{"p":"M40-0002-0012-0-0335-00","o":"BUS MIN LLC","a":"149 E THIRD ST","d":"XENIA COMMUNITY CITY SCHOOL DISTRICT","t":3145.53,"l":"510: Res-Single Family","c":0}},{"type":"Feature","geometry":{"type":"Polygon","coordinates":[[[-83.925724,39.681668],[-83.926182,39.681622],[-83.9262,39.681731],[-83.925742,39.681777],[-83.925724,39.681668]]]},"properties":{"p":"M40-0002-0012-0-0377-00","o":"BURTON RODELL KEITH","a":"260 S COLLIER ST","d":"XENIA COMMUNITY CITY SCHOOL DISTRICT","t":7852.86,"l":"510: Res-Single Family","c":0}},{"type":"Feature","geometry":{"type":"Polygon","coordinates":[[[-83.926158,39.681482],[-83.926182,39.681622],[-83.925724,39.681668],[-83.925708,39.681579],[-83.926158,39.681482]]]},"properties":{"p":"M40-0002-0012-0-0378-00","o":"DILLON DONALD & PATRICIA","a":"0 S COLLIER ST","d":"XENIA COMMUNITY CITY SCHOOL DISTRICT","t":22202.19,"l":"500: Res-Vacant Land","c":0}},{"type":"Feature","geometry":{"type":"Polygon","coordinates":[[[-83.923798,39.679131],[-83.924387,39.679116],[-83.924389,39.679222],[-83.923816,39.679248],[-83.923798,39.679131]]]},"properties":{"p":"M40-0002-0013-0-0077-00","o":"DAKIN ROBERT W & SARAH J","a":"458 S MONROE ST","d":"XENIA COMMUNITY CITY SCHOOL DISTRICT","t":734.14,"l":"510: Res-Single Family","c":0}},{"type":"Feature","geometry":{"type":"Polygon","coordinates":[[[-83.928193,39.680323],[-83.927965,39.680285],[-83.928063,39.679277],[-83.928741,39.679387],[-83.928955,39.680186],[-83.928831,39.680177],[-83.928243,39.680331],[-83.928193,39.680323]]]},"properties":{"p":"M40-0002-0013-0-0297-00","o":"GIESSEMAN L LYNN","a":"33  HILL ST","d":"XENIA COMMUNITY CITY SCHOOL DISTRICT","t":1584.47,"l":"400: Com-Vacant Land","c":0}},{"type":"Feature","geometry":{"type":"Polygon","coordinates":[[[-83.930336,39.674318],[-83.930373,39.674184],[-83.930894,39.67427],[-83.930857,39.674404],[-83.930336,39.674318]]]},"properties":{"p":"M40-0002-0014-0-0237-00","o":"BERRY ROGER LYNN","a":"789 S DETROIT ST","d":"XENIA COMMUNITY CITY SCHOOL DISTRICT","t":6651.35,"l":"510: Res-Single Family","c":0}},{"type":"Feature","geometry":{"type":"Polygon","coordinates":[[[-83.922174,39.677008],[-83.922694,39.67696],[-83.922695,39.676965],[-83.922174,39.677008]]]},"properties":{"p":"M40-0002-0014-0-0330-00","o":"CHANDLER HEATHER L","a":"0  KENNEDY ST","d":"XENIA COMMUNITY CITY SCHOOL DISTRICT","t":5.24,"l":"500: Res-Vacant Land","c":0}},{"type":"Feature","geometry":{"type":"Polygon","coordinates":[[[-83.931394,39.672436],[-83.931391,39.672449],[-83.930856,39.672383],[-83.930897,39.672233],[-83.931543,39.672306],[-83.931504,39.672449],[-83.931394,39.672436]]]},"properties":{"p":"M40-0002-0015-0-0007-00","o":"FAWLEY MICHAEL L","a":"935 S DETROIT ST","d":"XENIA COMMUNITY CITY SCHOOL DISTRICT","t":1603.37,"l":"510: Res-Single Family","c":0}},{"type":"Feature","geometry":{"type":"Polygon","coordinates":[[[-83.924641,39.672031],[-83.924666,39.671923],[-83.925088,39.67197],[-83.925063,39.672078],[-83.924641,39.672031]]]},"properties":{"p":"M40-0002-0015-0-0060-00","o":"DRAKE SCOTT","a":"1005 S MONROE ST","d":"XENIA COMMUNITY CITY SCHOOL DISTRICT","t":469.76,"l":"510: Res-Single Family","c":0}},{"type":"Feature","geometry":{"type":"Polygon","coordinates":[[[-83.924631,39.672072],[-83.924641,39.672031],[-83.925063,39.672078],[-83.925053,39.672119],[-83.924631,39.672072]]]},"properties":{"p":"M40-0002-0015-0-0061-00","o":"DRAKE SCOTT","a":"1005 S MONROE ST","d":"XENIA COMMUNITY CITY SCHOOL DISTRICT","t":76.36,"l":"500: Res-Vacant Land","c":0}},{"type":"Feature","geometry":{"type":"Polygon","coordinates":[[[-83.925763,39.671823],[-83.925741,39.671821],[-83.925766,39.671713],[-83.926252,39.671766],[-83.926227,39.671874],[-83.925763,39.671823]]]},"properties":{"p":"M40-0002-0015-0-0079-00","o":"GREATER DAYTON REALTY LLC","a":"985  MCDOWELL ST","d":"XENIA COMMUNITY CITY SCHOOL DISTRICT","t":1820.59,"l":"510: Res-Single Family","c":0}},{"type":"Feature","geometry":{"type":"Polygon","coordinates":[[[-83.926297,39.670274],[-83.926323,39.670141],[-83.926467,39.670157],[-83.926441,39.67029],[-83.926297,39.670274]]]},"properties":{"p":"M40-0002-0015-0-0157-00","o":"BAILEY PHILLIP W","a":"0  POCAHONTAS ST","d":"XENIA COMMUNITY CITY SCHOOL DISTRICT","t":114.04,"l":"599: Res-Other","c":0}},{"type":"Feature","geometry":{"type":"Polygon","coordinates":[[[-83.926441,39.67029],[-83.926467,39.670157],[-83.926612,39.670173],[-83.926585,39.670306],[-83.926441,39.67029]]]},"properties":{"p":"M40-0002-0015-0-0158-00","o":"BAILEY PHILLIP W","a":"1105  MCDOWELL ST","d":"XENIA COMMUNITY CITY SCHOOL DISTRICT","t":1272.12,"l":"510: Res-Single Family","c":0}},{"type":"Feature","geometry":{"type":"Polygon","coordinates":[[[-83.926753,39.670183],[-83.926776,39.670072],[-83.92692,39.670088],[-83.926898,39.670199],[-83.926753,39.670183]]]},"properties":{"p":"M40-0002-0015-0-0167-00","o":"BAILEY MICHAEL R","a":"1112  MCDOWELL ST","d":"XENIA COMMUNITY CITY SCHOOL DISTRICT","t":1667.3,"l":"510: Res-Single Family","c":0}},{"type":"Feature","geometry":{"type":"Polygon","coordinates":[[[-83.931312,39.670837],[-83.931338,39.670709],[-83.931521,39.670729],[-83.931484,39.670856],[-83.931312,39.670837]]]},"properties":{"p":"M40-0002-0015-0-0207-00","o":"GREATER DAYTON REALTY LLC","a":"30  POCAHONTAS ST","d":"XENIA COMMUNITY CITY SCHOOL DISTRICT","t":163.23,"l":"500: Res-Vacant Land","c":0}},{"type":"Feature","geometry":{"type":"Polygon","coordinates":[[[-83.931338,39.670709],[-83.931363,39.670582],[-83.931557,39.670603],[-83.931521,39.670729],[-83.931338,39.670709]]]},"properties":{"p":"M40-0002-0015-0-0208-00","o":"GREATER DAYTON REALTY LLC","a":"30  POCAHONTAS ST","d":"XENIA COMMUNITY CITY SCHOOL DISTRICT","t":794.06,"l":"510: Res-Single Family","c":0}},{"type":"Feature","geometry":{"type":"Polygon","coordinates":[[[-83.910411,39.675582],[-83.910737,39.674378],[-83.91178,39.674548],[-83.91147,39.675753],[-83.910411,39.675582]]]},"properties":{"p":"M40-0002-0029-0-0004-00","o":"BAKHSHI & BURKE COMPANY LLC","a":"1355  ENTERPRISE LN","d":"XENIA COMMUNITY CITY SCHOOL DISTRICT","t":7505.49,"l":"340: Ind-Manufacturing-Light","c":0}},{"type":"Feature","geometry":{"type":"Polygon","coordinates":[[[-83.932402,39.701341],[-83.932863,39.701298],[-83.93288,39.701435],[-83.932429,39.701477],[-83.932402,39.701341]]]},"properties":{"p":"M40-0001-0003-0-0013-00","o":"HOOK JACOB & LATOYA","a":"1213 N DETROIT ST","d":"XENIA COMMUNITY CITY SCHOOL DISTRICT","t":4194.97,"l":"510: Res-Single Family","c":0}},{"type":"Feature","geometry":{"type":"Polygon","coordinates":[[[-83.933899,39.700584],[-83.934082,39.70057],[-83.934121,39.700887],[-83.933937,39.700901],[-83.933899,39.700584]]]},"properties":{"p":"M40-0001-0003-0-0063-00","o":"LEDBETTER BARBARA","a":"65  OMALEE DR","d":"XENIA COMMUNITY CITY SCHOOL DISTRICT","t":1180.81,"l":"510: Res-Single Family","c":0}},{"type":"Feature","geometry":{"type":"Polygon","coordinates":[[[-83.932522,39.682508],[-83.932689,39.682491],[-83.932765,39.68294],[-83.932598,39.682957],[-83.932522,39.682508]]]},"properties":{"p":"M40-0001-0009-0-0157-00","o":"MORAN TRACY L","a":"202 W THIRD ST","d":"XENIA COMMUNITY CITY SCHOOL DISTRICT","t":4274.73,"l":"510: Res-Single Family","c":0}},{"type":"Feature","geometry":{"type":"Polygon","coordinates":[[[-83.935592,39.681409],[-83.935721,39.681253],[-83.935844,39.681308],[-83.935683,39.681519],[-83.935592,39.681409]]]},"properties":{"p":"M40-0001-0009-0-0229-00","o":"KNIGHT BROTHER PROPERTY LLC","a":"276  CALIFORNIA ST","d":"XENIA COMMUNITY CITY SCHOOL DISTRICT","t":4110.28,"l":"510: Res-Single Family","c":0}},{"type":"Feature","geometry":{"type":"Polygon","coordinates":[[[-83.937414,39.700821],[-83.937737,39.700599],[-83.937868,39.700712],[-83.937543,39.700934],[-83.937414,39.700821]]]},"properties":{"p":"M40-0001-0003-0-0081-00","o":"RUSSELL MARK S","a":"257  OMALEE DR","d":"XENIA COMMUNITY CITY SCHOOL DISTRICT","t":3059.97,"l":"510: Res-Single Family","c":0}},{"type":"Feature","geometry":{"type":"Polygon","coordinates":[[[-83.931636,39.682031],[-83.931753,39.682019],[-83.931825,39.682444],[-83.93171,39.682456],[-83.931636,39.682031]]]},"properties":{"p":"M40-0001-0009-0-0252-00","o":"KAYES ALEXANDER S","a":"155 W THIRD ST","d":"XENIA COMMUNITY CITY SCHOOL DISTRICT","t":3237.38,"l":"510: Res-Single Family","c":0}},{"type":"Feature","geometry":{"type":"Polygon","coordinates":[[[-83.930994,39.674343],[-83.931029,39.674215],[-83.931656,39.674286],[-83.931622,39.674416],[-83.930994,39.674343]]]},"properties":{"p":"M40-0001-0012-0-0145-00","o":"PERDUE LANDON","a":"794 S DETROIT ST","d":"XENIA COMMUNITY CITY SCHOOL DISTRICT","t":5585.35,"l":"510: Res-Single Family","c":0}},{"type":"Feature","geometry":{"type":"Polygon","coordinates":[[[-83.938723,39.680842],[-83.939189,39.680642],[-83.939276,39.680762],[-83.93881,39.680962],[-83.938723,39.680842]]]},"properties":{"p":"M40-0001-0011-0-0063-00","o":"KNIGHT BROTHER PROPERTY LLC","a":"245  CENTER ST","d":"XENIA COMMUNITY CITY SCHOOL DISTRICT","t":1378.71,"l":"510: Res-Single Family","c":0}},{"type":"Feature","geometry":{"type":"Polygon","coordinates":[[[-83.93939,39.680587],[-83.939858,39.680389],[-83.939924,39.68048],[-83.939457,39.680678],[-83.93939,39.680587]]]},"properties":{"p":"M40-0001-0011-0-0074-00","o":"KNIGHT BROTHER PROPERTY LLC","a":"242  CENTER ST","d":"XENIA COMMUNITY CITY SCHOOL DISTRICT","t":3197.81,"l":"510: Res-Single Family","c":0}},{"type":"Feature","geometry":{"type":"Polygon","coordinates":[[[-83.936552,39.679251],[-83.936648,39.679135],[-83.937041,39.679323],[-83.936945,39.679438],[-83.936552,39.679251]]]},"properties":{"p":"M40-0001-0011-0-0140-00","o":"KNIGHT BROTHER PROPERTY LLC","a":"421  CINCINNATI AVE","d":"XENIA COMMUNITY CITY SCHOOL DISTRICT","t":3267.37,"l":"520: Res-Two Family","c":0}},{"type":"Feature","geometry":{"type":"Polygon","coordinates":[[[-83.936242,39.678605],[-83.936408,39.678555],[-83.936556,39.678854],[-83.936507,39.678886],[-83.936398,39.678918],[-83.936242,39.678605]]]},"properties":{"p":"M40-0001-0011-0-0160-00","o":"ROHRBACK MICHAEL A","a":"454  CENTER ST","d":"XENIA COMMUNITY CITY SCHOOL DISTRICT","t":44679.24,"l":"500: Res-Vacant Land","c":0}},{"type":"Feature","geometry":{"type":"Polygon","coordinates":[[[-83.939424,39.674503],[-83.939623,39.6742],[-83.939782,39.674262],[-83.939582,39.674565],[-83.939424,39.674503]]]},"properties":{"p":"M40-0001-0012-0-0087-00","o":"JGL REAL ESTATE LLC SERIES I","a":"475  STELTON RD","d":"XENIA COMMUNITY CITY SCHOOL DISTRICT","t":1819.03,"l":"520: Res-Two Family","c":0}},{"type":"Feature","geometry":{"type":"Polygon","coordinates":[[[-83.933037,39.677726],[-83.933142,39.677323],[-83.933328,39.677352],[-83.933223,39.677755],[-83.933037,39.677726]]]},"properties":{"p":"M40-0001-0010-0-0104-00","o":"PACK KENNETH C","a":"167  HIGH ST","d":"XENIA COMMUNITY CITY SCHOOL DISTRICT","t":2020.98,"l":"510: Res-Single Family","c":0}},{"type":"Feature","geometry":{"type":"Polygon","coordinates":[[[-83.939899,39.67469],[-83.940098,39.674386],[-83.940257,39.674449],[-83.940057,39.674752],[-83.939899,39.67469]]]},"properties":{"p":"M40-0001-0012-0-0090-00","o":"KNIGHT BROTHER PROPERTY LLC","a":"505  STELTON RD","d":"XENIA COMMUNITY CITY SCHOOL DISTRICT","t":3545.7,"l":"520: Res-Two Family","c":0}},{"type":"Feature","geometry":{"type":"Polygon","coordinates":[[[-83.932751,39.675206],[-83.932766,39.675148],[-83.933247,39.675223],[-83.933232,39.675281],[-83.932751,39.675206]]]},"properties":{"p":"M40-0001-0012-0-0199-00","o":"MILLER JESSEE R","a":"709  XENIA AVE","d":"XENIA COMMUNITY CITY SCHOOL DISTRICT","t":409.41,"l":"500: Res-Vacant Land","c":0}},{"type":"Feature","geometry":{"type":"Polygon","coordinates":[[[-83.932795,39.675032],[-83.93281,39.674974],[-83.933294,39.675049],[-83.933279,39.675107],[-83.932795,39.675032]]]},"properties":{"p":"M40-0001-0012-0-0233-00","o":"MILLER JESSEE R","a":"709  XENIA AVE","d":"XENIA COMMUNITY CITY SCHOOL DISTRICT","t":409.41,"l":"500: Res-Vacant Land","c":0}},{"type":"Feature","geometry":{"type":"Polygon","coordinates":[[[-83.941466,39.671054],[-83.941351,39.671006],[-83.94154,39.670175],[-83.942447,39.670335],[-83.942227,39.671079],[-83.941466,39.671054]]]},"properties":{"p":"M40-0001-0013-0-0007-00","o":"KINGS COURT HOLDING LLC","a":"530  NEWPORT RD","d":"XENIA COMMUNITY CITY SCHOOL DISTRICT","t":69419.38,"l":"403: Com-Apartment- 40+","c":0}},{"type":"Feature","geometry":{"type":"Polygon","coordinates":[[[-83.940185,39.681538],[-83.940299,39.681527],[-83.940357,39.681911],[-83.940244,39.681922],[-83.940185,39.681538]]]},"properties":{"p":"M40-0001-0018-0-0185-00","o":"MORRIS DENNIS D","a":"645  TRUMBULL ST","d":"XENIA COMMUNITY CITY SCHOOL DISTRICT","t":2314.75,"l":"510: Res-Single Family","c":0}},{"type":"Feature","geometry":{"type":"Polygon","coordinates":[[[-83.932766,39.675148],[-83.932795,39.675032],[-83.933279,39.675107],[-83.933247,39.675223],[-83.932766,39.675148]]]},"properties":{"p":"M40-0001-0012-0-0198-00","o":"MILLER JESSEE R","a":"709  XENIA AVE","d":"XENIA COMMUNITY CITY SCHOOL DISTRICT","t":5083.37,"l":"510: Res-Single Family","c":0}},{"type":"Feature","geometry":{"type":"Polygon","coordinates":[[[-83.938264,39.668695],[-83.938311,39.668371],[-83.938549,39.668391],[-83.938502,39.668716],[-83.938264,39.668695]]]},"properties":{"p":"M40-0001-0013-0-0216-00","o":"NORMAN LEWIS C JR","a":"333  PORTSMOUTH AVE","d":"XENIA COMMUNITY CITY SCHOOL DISTRICT","t":2341.63,"l":"510: Res-Single Family","c":0}},{"type":"Feature","geometry":{"type":"Polygon","coordinates":[[[-83.939942,39.67191],[-83.940144,39.671885],[-83.940188,39.671897],[-83.940318,39.672115],[-83.940347,39.672213],[-83.939956,39.672249],[-83.939942,39.67191]]]},"properties":{"p":"M40-0001-0013-0-0307-00","o":"NELSON BEVERLY O","a":"501  BRANDYWINE LN","d":"XENIA COMMUNITY CITY SCHOOL DISTRICT","t":616.4,"l":"510: Res-Single Family","c":0}},{"type":"Feature","geometry":{"type":"Polygon","coordinates":[[[-83.950763,39.682608],[-83.951256,39.682556],[-83.951288,39.682732],[-83.950795,39.682785],[-83.950763,39.682608]]]},"properties":{"p":"M40-0001-0021-0-0290-00","o":"PARKS TANYA K","a":"261  MASSIE DR","d":"XENIA COMMUNITY CITY SCHOOL DISTRICT","t":922.06,"l":"510: Res-Single Family","c":0}},{"type":"Feature","geometry":{"type":"Polygon","coordinates":[[[-83.960711,39.686325],[-83.960457,39.686256],[-83.960563,39.686023],[-83.960877,39.686071],[-83.960814,39.686294],[-83.960769,39.686323],[-83.960711,39.686325]]]},"properties":{"p":"M40-0001-0023-0-0204-00","o":"MOORE SEZIEZKA S","a":"1770  BOWMAN DR","d":"XENIA COMMUNITY CITY SCHOOL DISTRICT","t":2387.27,"l":"510: Res-Single Family","c":0}},{"type":"Feature","geometry":{"type":"Polygon","coordinates":[[[-83.940984,39.685387],[-83.941015,39.68528],[-83.941362,39.685341],[-83.94133,39.685448],[-83.940984,39.685387]]]},"properties":{"p":"M40-0001-0020-0-0047-00","o":"LUXE HAVEN PROPERTIES LLC","a":"107  HILLCREST ST","d":"XENIA COMMUNITY CITY SCHOOL DISTRICT","t":524.03,"l":"510: Res-Single Family","c":0}},{"type":"Feature","geometry":{"type":"Polygon","coordinates":[[[-83.962669,39.684719],[-83.963065,39.68464],[-83.963066,39.684644],[-83.962669,39.684719]]]},"properties":{"p":"M40-0001-0022-0-0237-00","o":"KITZMILLER ALEXNDER","a":"0  DRAKE DR","d":"XENIA COMMUNITY CITY SCHOOL DISTRICT","t":7.68,"l":"500: Res-Vacant Land","c":0}},{"type":"Feature","geometry":{"type":"Polygon","coordinates":[[[-83.960241,39.686198],[-83.960382,39.685886],[-83.960483,39.685914],[-83.960563,39.686023],[-83.960457,39.686256],[-83.960241,39.686198]]]},"properties":{"p":"M40-0001-0023-0-0203-00","o":"MARTIN ERIC K","a":"1754  BOWMAN DR","d":"XENIA COMMUNITY CITY SCHOOL DISTRICT","t":2535.44,"l":"510: Res-Single Family","c":0}},{"type":"Feature","geometry":{"type":"Polygon","coordinates":[[[-83.961615,39.686219],[-83.96144,39.686191],[-83.961487,39.686017],[-83.961887,39.686081],[-83.96184,39.686255],[-83.961615,39.686219]]]},"properties":{"p":"M40-0001-0023-0-0219-00","o":"RHOADS LINDA","a":"2010  KYLEMORE DR","d":"XENIA COMMUNITY CITY SCHOOL DISTRICT","t":1642.65,"l":"510: Res-Single Family","c":0}},{"type":"Feature","geometry":{"type":"Polygon","coordinates":[[[-83.954318,39.681768],[-83.954535,39.681768],[-83.954536,39.682171],[-83.95432,39.682179],[-83.954318,39.681768]]]},"properties":{"p":"M40-0001-0021-0-0192-00","o":"LUXE HAVEN PROPERTIES LLC","a":"1432 W SECOND ST","d":"XENIA COMMUNITY CITY SCHOOL DISTRICT","t":1924.96,"l":"510: Res-Single Family","c":0}},{"type":"Feature","geometry":{"type":"Polygon","coordinates":[[[-83.961286,39.683589],[-83.961247,39.683548],[-83.961572,39.683354],[-83.961712,39.68351],[-83.961376,39.68369],[-83.961286,39.683589]]]},"properties":{"p":"M40-0001-0022-0-0195-00","o":"PETERSON SHERRY","a":"1811  KYLEMORE DR","d":"XENIA COMMUNITY CITY SCHOOL DISTRICT","t":265.3,"l":"510: Res-Single Family","c":0}},{"type":"Feature","geometry":{"type":"Polygon","coordinates":[[[-83.948189,39.687211],[-83.948281,39.687018],[-83.948513,39.687084],[-83.948391,39.687342],[-83.948189,39.687211]]]},"properties":{"p":"M40-0001-0024-0-0296-00","o":"MOODY SANDRA K","a":"1104  FROST CIR","d":"XENIA COMMUNITY CITY SCHOOL DISTRICT","t":4182.99,"l":"510: Res-Single Family","c":0}},{"type":"Feature","geometry":{"type":"Polygon","coordinates":[[[-83.948384,39.689986],[-83.948564,39.689703],[-83.948757,39.689776],[-83.948577,39.690059],[-83.948384,39.689986]]]},"properties":{"p":"M40-0001-0025-0-0079-00","o":"ROBINETTE NEVIN","a":"1147  STEWART AVE","d":"XENIA COMMUNITY CITY SCHOOL DISTRICT","t":531.41,"l":"510: Res-Single Family","c":0}},{"type":"Feature","geometry":{"type":"Polygon","coordinates":[[[-83.948486,39.692441],[-83.948572,39.692281],[-83.948933,39.692398],[-83.948846,39.692557],[-83.948486,39.692441]]]},"properties":{"p":"M40-0001-0026-0-0048-00","o":"LUXE HAVEN PROPERTIES LLC","a":"966  RICHARD DR","d":"XENIA COMMUNITY CITY SCHOOL DISTRICT","t":1888.04,"l":"510: Res-Single Family","c":0}},{"type":"Feature","geometry":{"type":"Polygon","coordinates":[[[-83.951955,39.675803],[-83.952266,39.675619],[-83.95243,39.675743],[-83.952149,39.676041],[-83.951955,39.675803]]]},"properties":{"p":"M40-0001-0028-0-0033-00","o":"LOPEZ DORIS E","a":"1338  ARROWHEAD TRL","d":"XENIA COMMUNITY CITY SCHOOL DISTRICT","t":1595.3,"l":"510: Res-Single Family","c":0}},{"type":"Feature","geometry":{"type":"Polygon","coordinates":[[[-83.961469,39.677734],[-83.961617,39.67741],[-83.961875,39.67748],[-83.961924,39.677523],[-83.961927,39.677557],[-83.961844,39.677836],[-83.961469,39.677734]]]},"properties":{"p":"M40-0001-0029-0-0262-00","o":"HOUTZ KIMBERLY","a":"1547  NAVAJO DR","d":"XENIA COMMUNITY CITY SCHOOL DISTRICT","t":1728.34,"l":"510: Res-Single Family","c":0}},{"type":"Feature","geometry":{"type":"Polygon","coordinates":[[[-83.956449,39.673799],[-83.956521,39.673589],[-83.956529,39.673591],[-83.956449,39.673799]]]},"properties":{"p":"M40-0001-0029-0-0294-00","o":"JACKSON JULIE","a":"1725  WIGWAM TRL","d":"XENIA COMMUNITY CITY SCHOOL DISTRICT","t":48.02,"l":"500: Res-Vacant Land","c":0}},{"type":"Feature","geometry":{"type":"Polygon","coordinates":[[[-83.962246,39.671405],[-83.962389,39.671095],[-83.962606,39.671155],[-83.962463,39.671465],[-83.962246,39.671405]]]},"properties":{"p":"M40-0001-0033-0-0154-00","o":"HILDERBRAND SHARLENE","a":"1313  EAST TEXAS CT","d":"XENIA COMMUNITY CITY SCHOOL DISTRICT","t":74.73,"l":"510: Res-Single Family","c":0}},{"type":"Feature","geometry":{"type":"Polygon","coordinates":[[[-83.964134,39.675741],[-83.964208,39.675474],[-83.964342,39.675364],[-83.964544,39.675526],[-83.964215,39.675771],[-83.964134,39.675741]]]},"properties":{"p":"M40-0001-0035-0-0033-00","o":"NELSON VANESSA R","a":"2040  PUEBLO DR","d":"XENIA COMMUNITY CITY SCHOOL DISTRICT","t":1621.53,"l":"510: Res-Single Family","c":0}},{"type":"Feature","geometry":{"type":"Polygon","coordinates":[[[-83.963885,39.665544],[-83.964047,39.665444],[-83.964243,39.665391],[-83.964296,39.665629],[-83.964182,39.665734],[-83.963885,39.665544]]]},"properties":{"p":"M40-0001-0036-0-0209-00","o":"RHULE ROSEMARY","a":"2104  DRUMMOND DR","d":"XENIA COMMUNITY CITY SCHOOL DISTRICT","t":2833.75,"l":"510: Res-Single Family","c":0}},{"type":"Feature","geometry":{"type":"Polygon","coordinates":[[[-83.975677,39.672507],[-83.976059,39.672387],[-83.976143,39.672554],[-83.975765,39.672673],[-83.975677,39.672507]]]},"properties":{"p":"M40-0001-0038-0-0275-00","o":"MOODY SANDRA K","a":"596  IDAHO DR","d":"XENIA COMMUNITY CITY SCHOOL DISTRICT","t":5129.55,"l":"510: Res-Single Family","c":0}},{"type":"Feature","geometry":{"type":"Polygon","coordinates":[[[-83.969124,39.678309],[-83.96951,39.678168],[-83.969609,39.67833],[-83.969223,39.67847],[-83.969124,39.678309]]]},"properties":{"p":"M40-0001-0039-0-0035-00","o":"MCCLAIN JEFFREY S","a":"2843  WYOMING DR","d":"XENIA COMMUNITY CITY SCHOOL DISTRICT","t":1137.31,"l":"510: Res-Single Family","c":0}},{"type":"Feature","geometry":{"type":"Polygon","coordinates":[[[-83.973817,39.665958],[-83.974022,39.665877],[-83.974215,39.666171],[-83.97401,39.666252],[-83.973817,39.665958]]]},"properties":{"p":"M40-0001-0049-0-0216-00","o":"PROFFITT W SCOTT & DONNA LYNN","a":"2375  TENNESSEE DR","d":"XENIA COMMUNITY CITY SCHOOL DISTRICT","t":2821.22,"l":"510: Res-Single Family","c":0}},{"type":"Feature","geometry":{"type":"Polygon","coordinates":[[[-83.922418,39.693999],[-83.922733,39.693777],[-83.92277,39.693807],[-83.922455,39.694029],[-83.922418,39.693999]]]},"properties":{"p":"M40-0002-0003-0-0292-00","o":"LIN JEFFREY","a":"497  MARSHALL DR","d":"XENIA COMMUNITY CITY SCHOOL DISTRICT","t":15.38,"l":"500: Res-Vacant Land","c":0}},{"type":"Feature","geometry":{"type":"Polygon","coordinates":[[[-83.964632,39.67538],[-83.964934,39.675154],[-83.965094,39.675282],[-83.964792,39.675508],[-83.964632,39.67538]]]},"properties":{"p":"M40-0001-0035-0-0008-00","o":"KEARNEY PHILLIP L","a":"2053  PUEBLO DR","d":"XENIA COMMUNITY CITY SCHOOL DISTRICT","t":601.91,"l":"510: Res-Single Family","c":0}},{"type":"Feature","geometry":{"type":"Polygon","coordinates":[[[-83.975152,39.672677],[-83.975514,39.672564],[-83.975605,39.672737],[-83.975242,39.672851],[-83.975152,39.672677]]]},"properties":{"p":"M40-0001-0038-0-0375-00","o":"JOHNSON KIMBERLY D","a":"597  IDAHO DR","d":"XENIA COMMUNITY CITY SCHOOL DISTRICT","t":1017.29,"l":"510: Res-Single Family","c":0}},{"type":"Feature","geometry":{"type":"Polygon","coordinates":[[[-83.979153,39.66345],[-83.979375,39.663292],[-83.979702,39.663544],[-83.979428,39.663703],[-83.979153,39.66345]]]},"properties":{"p":"M40-0001-0044-0-0066-00","o":"PEARCE ANDREW W","a":"2682  TENNESSEE DR","d":"XENIA COMMUNITY CITY SCHOOL DISTRICT","t":9089.67,"l":"500: Res-Vacant Land","c":0}},{"type":"Feature","geometry":{"type":"Polygon","coordinates":[[[-83.9738,39.671051],[-83.973795,39.671026],[-83.973817,39.670999],[-83.974086,39.670895],[-83.974273,39.671185],[-83.973966,39.671304],[-83.9738,39.671051]]]},"properties":{"p":"M40-0001-0047-0-0028-00","o":"MCADAMS MICHAEL W","a":"2250  MARYLAND DR","d":"XENIA COMMUNITY CITY SCHOOL DISTRICT","t":5060.16,"l":"510: Res-Single Family","c":0}},{"type":"Feature","geometry":{"type":"Polygon","coordinates":[[[-83.946738,39.693406],[-83.946695,39.693146],[-83.947019,39.693105],[-83.946971,39.693405],[-83.946738,39.693406]]]},"properties":{"p":"M40-0001-0025-0-0273-00","o":"PERRY FRANK L & JULIA A","a":"1041  EMMET DR","d":"XENIA COMMUNITY CITY SCHOOL DISTRICT","t":1959.34,"l":"510: Res-Single Family","c":0}},{"type":"Feature","geometry":{"type":"Polygon","coordinates":[[[-83.947751,39.69429],[-83.948429,39.693978],[-83.948553,39.694101],[-83.948167,39.694402],[-83.947751,39.69429]]]},"properties":{"p":"M40-0001-0026-0-0038-00","o":"NICHOLS MARTIN","a":"848  RICHARD DR","d":"XENIA COMMUNITY CITY SCHOOL DISTRICT","t":676.77,"l":"510: Res-Single Family","c":0}},{"type":"Feature","geometry":{"type":"Polygon","coordinates":[[[-83.962456,39.681201],[-83.962457,39.68096],[-83.963167,39.680962],[-83.963167,39.681203],[-83.962456,39.681201]]]},"properties":{"p":"M40-0001-0030-0-0158-00","o":"LOTA CESAR ELOY BARRAZA & ROSA LUCERO RODRIGUEZ GARCIS","a":"1312  OTTAWA DR","d":"XENIA COMMUNITY CITY SCHOOL DISTRICT","t":1935.88,"l":"520: Res-Two Family","c":0}},{"type":"Feature","geometry":{"type":"Polygon","coordinates":[[[-83.966521,39.674797],[-83.966915,39.674833],[-83.966909,39.674999],[-83.96646,39.675023],[-83.966521,39.674797]]]},"properties":{"p":"M40-0001-0038-0-0016-00","o":"LONG JEREMY","a":"3107  WYOMING DR","d":"XENIA COMMUNITY CITY SCHOOL DISTRICT","t":1592.12,"l":"510: Res-Single Family","c":0}},{"type":"Feature","geometry":{"type":"Polygon","coordinates":[[[-83.969933,39.674592],[-83.970141,39.674512],[-83.970324,39.674794],[-83.970116,39.674874],[-83.969933,39.674592]]]},"properties":{"p":"M40-0001-0038-0-0145-00","o":"MC ADAMS MICHAEL WILLIAM & BARBARA VICTORIA","a":"1957  CONNECTICUT DR","d":"XENIA COMMUNITY CITY SCHOOL DISTRICT","t":1900.42,"l":"510: Res-Single Family","c":0}},{"type":"Feature","geometry":{"type":"Polygon","coordinates":[[[-83.979375,39.663292],[-83.979578,39.66312],[-83.979912,39.663334],[-83.979782,39.663497],[-83.979702,39.663544],[-83.979375,39.663292]]]},"properties":{"p":"M40-0001-0044-0-0065-00","o":"PEARCE ANDREW W","a":"2690  TENNESSEE DR","d":"XENIA COMMUNITY CITY SCHOOL DISTRICT","t":8726.99,"l":"500: Res-Vacant Land","c":0}},{"type":"Feature","geometry":{"type":"Polygon","coordinates":[[[-83.923165,39.703161],[-83.923543,39.70298],[-83.923702,39.703178],[-83.923325,39.703359],[-83.923165,39.703161]]]},"properties":{"p":"M40-0002-0001-0-0093-00","o":"PENNEWITT DONALD E & PHYLLIS A LIVING TRUST","a":"1297  JOYCE DR","d":"XENIA COMMUNITY CITY SCHOOL DISTRICT","t":9376.25,"l":"510: Res-Single Family","c":0}},{"type":"Feature","geometry":{"type":"Polygon","coordinates":[[[-83.923502,39.691995],[-83.923674,39.691834],[-83.924081,39.692019],[-83.923932,39.69219],[-83.923502,39.691995]]]},"properties":{"p":"M40-0002-0004-0-0034-00","o":"MINTER VICKI KAY ETAL","a":"493 N STADIUM DR","d":"XENIA COMMUNITY CITY SCHOOL DISTRICT","t":307.87,"l":"510: Res-Single Family","c":0}},{"type":"Feature","geometry":{"type":"Polygon","coordinates":[[[-83.956068,39.68814],[-83.956125,39.68798],[-83.956142,39.688156],[-83.956068,39.68814]]]},"properties":{"p":"M40-0001-0024-0-0307-00","o":"OHIO CONFERENCE ASSOC OF 7TH DAY ADVENTISTS CHURCH","a":"0  REID AVE","d":"XENIA COMMUNITY CITY SCHOOL DISTRICT","t":15.61,"l":"400: Com-Vacant Land","c":0}},{"type":"Feature","geometry":{"type":"Polygon","coordinates":[[[-83.945373,39.691318],[-83.945575,39.691266],[-83.945689,39.691526],[-83.945487,39.691579],[-83.945373,39.691318]]]},"properties":{"p":"M40-0001-0025-0-0172-00","o":"RAUCH CONNIE I","a":"983  OMARD DR","d":"XENIA COMMUNITY CITY SCHOOL DISTRICT","t":4369.03,"l":"510: Res-Single Family","c":0}},{"type":"Feature","geometry":{"type":"Polygon","coordinates":[[[-83.947469,39.692422],[-83.94755,39.69227],[-83.947879,39.692374],[-83.947798,39.692526],[-83.947469,39.692422]]]},"properties":{"p":"M40-0001-0025-0-0280-00","o":"PERRY FRANK L & JULIA A","a":"501  SHEELIN RD","d":"XENIA COMMUNITY CITY SCHOOL DISTRICT","t":1903.19,"l":"510: Res-Single Family","c":0}},{"type":"Feature","geometry":{"type":"Polygon","coordinates":[[[-83.956457,39.6738],[-83.956529,39.673591],[-83.956991,39.673713],[-83.956924,39.673888],[-83.956457,39.6738]]]},"properties":{"p":"M40-0001-0029-0-0111-00","o":"JACKSON JULIE","a":"1725  WIGWAM TRL","d":"XENIA COMMUNITY CITY SCHOOL DISTRICT","t":9302.9,"l":"510: Res-Single Family","c":0}},{"type":"Feature","geometry":{"type":"Polygon","coordinates":[[[-83.972423,39.678161],[-83.972807,39.67805],[-83.972884,39.678219],[-83.9725,39.678329],[-83.972423,39.678161]]]},"properties":{"p":"M40-0001-0039-0-0156-00","o":"KIRK LISA B","a":"345  KANSAS DR","d":"XENIA COMMUNITY CITY SCHOOL DISTRICT","t":218.53,"l":"510: Res-Single Family","c":0}},{"type":"Feature","geometry":{"type":"Polygon","coordinates":[[[-83.979578,39.66312],[-83.979743,39.662954],[-83.980071,39.663132],[-83.979912,39.663334],[-83.979578,39.66312]]]},"properties":{"p":"M40-0001-0044-0-0064-00","o":"PEARCE ANDREW W","a":"2698  TENNESSEE DR","d":"XENIA COMMUNITY CITY SCHOOL DISTRICT","t":9776.5,"l":"500: Res-Vacant Land","c":0}},{"type":"Feature","geometry":{"type":"Polygon","coordinates":[[[-83.927244,39.694036],[-83.927695,39.693807],[-83.927859,39.694032],[-83.927404,39.694238],[-83.927244,39.694036]]]},"properties":{"p":"M40-0002-0003-0-0109-00","o":"REED JULIA S","a":"700 N MONROE DR","d":"XENIA COMMUNITY CITY SCHOOL DISTRICT","t":7131.39,"l":"510: Res-Single Family","c":0}},{"type":"Feature","geometry":{"type":"Polygon","coordinates":[[[-83.922733,39.693777],[-83.922386,39.693482],[-83.922931,39.693102],[-83.923311,39.693425],[-83.92277,39.693807],[-83.922733,39.693777]]]},"properties":{"p":"M40-0002-0003-0-0294-00","o":"LIN JEFFREY","a":"497  MARSHALL DR","d":"XENIA COMMUNITY CITY SCHOOL DISTRICT","t":3694.5,"l":"510: Res-Single Family","c":0}},{"type":"Feature","geometry":{"type":"Polygon","coordinates":[[[-83.921888,39.685895],[-83.922138,39.685869],[-83.922182,39.686122],[-83.921932,39.686148],[-83.921888,39.685895]]]},"properties":{"p":"M40-0002-0005-0-0292-00","o":"NEW HOPE CHURCH OF GOD","a":"418 E MAIN ST","d":"XENIA COMMUNITY CITY SCHOOL DISTRICT","t":32524.11,"l":"685: Exm-Public Woship","c":0}},{"type":"Feature","geometry":{"type":"Polygon","coordinates":[[[-83.915008,39.691223],[-83.915084,39.690818],[-83.915259,39.690837],[-83.915184,39.691239],[-83.915008,39.691223]]]},"properties":{"p":"M40-0002-0007-0-0060-00","o":"HUBBARD VON P","a":"866  LEXINGTON AVE","d":"XENIA COMMUNITY CITY SCHOOL DISTRICT","t":10815.98,"l":"500: Res-Vacant Land","c":0}},{"type":"Feature","geometry":{"type":"Polygon","coordinates":[[[-83.91984,39.688799],[-83.920286,39.688741],[-83.920312,39.688874],[-83.919866,39.688932],[-83.91984,39.688799]]]},"properties":{"p":"M40-0002-0008-0-0050-00","o":"MALLORY KIMBERLY","a":"0  HALL ST","d":"XENIA COMMUNITY CITY SCHOOL DISTRICT","t":4796.86,"l":"500: Res-Vacant Land","c":0}},{"type":"Feature","geometry":{"type":"Polygon","coordinates":[[[-83.918422,39.689565],[-83.918706,39.689525],[-83.918718,39.689591],[-83.918318,39.689647],[-83.918314,39.68958],[-83.918422,39.689565]]]},"properties":{"p":"M40-0002-0008-0-0082-00","o":"LUXE HAVEN PROPERTIES LLC","a":"255  ORCHARD ST","d":"XENIA COMMUNITY CITY SCHOOL DISTRICT","t":41.15,"l":"500: Res-Vacant Land","c":0}},{"type":"Feature","geometry":{"type":"Polygon","coordinates":[[[-83.91534,39.688717],[-83.915428,39.688708],[-83.915514,39.689198],[-83.915425,39.689207],[-83.91534,39.688717]]]},"properties":{"p":"M40-0002-0008-0-0145-00","o":"JACKSON ANTHONY M","a":"0 E CHURCH ST","d":"XENIA COMMUNITY CITY SCHOOL DISTRICT","t":1289.94,"l":"500: Res-Vacant Land","c":0}},{"type":"Feature","geometry":{"type":"Polygon","coordinates":[[[-83.91413,39.689956],[-83.914035,39.689412],[-83.9145,39.689361],[-83.914604,39.68996],[-83.914139,39.690011],[-83.91413,39.689956]]]},"properties":{"p":"M40-0002-0008-0-0169-00","o":"MAHONEY ROBERT J","a":"0 E CHURCH ST","d":"XENIA COMMUNITY CITY SCHOOL DISTRICT","t":10937.8,"l":"500: Res-Vacant Land","c":0}},{"type":"Feature","geometry":{"type":"Polygon","coordinates":[[[-83.920004,39.689638],[-83.920186,39.689614],[-83.920218,39.68976],[-83.920032,39.689784],[-83.920004,39.689638]]]},"properties":{"p":"M40-0002-0008-0-0427-00","o":"HUNTER CAROLYN","a":"0  HALL ST","d":"XENIA COMMUNITY CITY SCHOOL DISTRICT","t":100.2,"l":"500: Res-Vacant Land","c":0}},{"type":"Feature","geometry":{"type":"Polygon","coordinates":[[[-83.908827,39.687158],[-83.908964,39.687128],[-83.909082,39.687444],[-83.908945,39.687475],[-83.908827,39.687158]]]},"properties":{"p":"M40-0002-0010-0-0004-00","o":"JOHNSON MAY JANE E TRUSTEE","a":"0 E MAIN ST","d":"XENIA COMMUNITY CITY SCHOOL DISTRICT","t":7009.91,"l":"500: Res-Vacant Land","c":0}},{"type":"Feature","geometry":{"type":"Polygon","coordinates":[[[-83.916785,39.68462],[-83.916893,39.68461],[-83.916962,39.685034],[-83.916855,39.685045],[-83.916785,39.68462]]]},"properties":{"p":"M40-0002-0011-0-0039-00","o":"PARKER JEFFREY ALAN JR","a":"693 E SECOND ST","d":"XENIA COMMUNITY CITY SCHOOL DISTRICT","t":2362.31,"l":"510: Res-Single Family","c":0}},{"type":"Feature","geometry":{"type":"Polygon","coordinates":[[[-83.91268,39.685647],[-83.912856,39.68563],[-83.912928,39.686054],[-83.912752,39.686072],[-83.91268,39.685647]]]},"properties":{"p":"M40-0002-0011-0-0106-00","o":"JAMES RANDELL A","a":"924 E SECOND ST","d":"XENIA COMMUNITY CITY SCHOOL DISTRICT","t":1368.28,"l":"510: Res-Single Family","c":0}},{"type":"Feature","geometry":{"type":"Polygon","coordinates":[[[-83.914002,39.683797],[-83.914142,39.683776],[-83.914172,39.683931],[-83.914032,39.683947],[-83.914002,39.683797]]]},"properties":{"p":"M40-0002-0011-0-0171-00","o":"LANE AVERY T","a":"199  ROOSEVELT ST","d":"XENIA COMMUNITY CITY SCHOOL DISTRICT","t":255.76,"l":"510: Res-Single Family","c":0}},{"type":"Feature","geometry":{"type":"Polygon","coordinates":[[[-83.910671,39.685412],[-83.910609,39.68539],[-83.91083,39.684248],[-83.911052,39.684281],[-83.910823,39.685464],[-83.910671,39.685412]]]},"properties":{"p":"M40-0002-0011-0-0205-00","o":"PATTERSON WILLIAM V","a":"0 S PATTON ST","d":"XENIA COMMUNITY CITY SCHOOL DISTRICT","t":42.83,"l":"500: Res-Vacant Land","c":0}},{"type":"Feature","geometry":{"type":"Polygon","coordinates":[[[-83.923373,39.685394],[-83.923354,39.685255],[-83.923421,39.685251],[-83.923457,39.685464],[-83.923383,39.685472],[-83.923373,39.685394]]]},"properties":{"p":"M40-0002-0012-0-0085-00","o":"HOTIES LLC","a":"0 E MAIN ST","d":"XENIA COMMUNITY CITY SCHOOL DISTRICT","t":115.29,"l":"456: Com-Parking Garage","c":0}},{"type":"Feature","geometry":{"type":"Polygon","coordinates":[[[-83.923483,39.688035],[-83.923615,39.688046],[-83.923676,39.688416],[-83.923555,39.688479],[-83.923483,39.688035]]]},"properties":{"p":"M40-0002-0005-0-0010-00","o":"HUDSON CAROL ANN","a":"0 N COLUMBUS ST","d":"XENIA COMMUNITY CITY SCHOOL DISTRICT","t":479.5,"l":"500: Res-Vacant Land","c":0}},{"type":"Feature","geometry":{"type":"Polygon","coordinates":[[[-83.926154,39.686056],[-83.926364,39.686043],[-83.926156,39.686063],[-83.926154,39.686056]]]},"properties":{"p":"M40-0002-0005-0-0252-00","o":"LIMING AMY JO TRUSTEE","a":"0 N COLLIER ST","d":"XENIA COMMUNITY CITY SCHOOL DISTRICT","t":8.57,"l":"500: Res-Vacant Land","c":0}},{"type":"Feature","geometry":{"type":"Polygon","coordinates":[[[-83.919919,39.688241],[-83.920172,39.688218],[-83.920263,39.688707],[-83.92001,39.688734],[-83.919919,39.688241]]]},"properties":{"p":"M40-0002-0008-0-0005-00","o":"NEWSOM MORRIS F JR","a":"550 E CHURCH ST","d":"XENIA COMMUNITY CITY SCHOOL DISTRICT","t":3915.05,"l":"510: Res-Single Family","c":0}},{"type":"Feature","geometry":{"type":"Polygon","coordinates":[[[-83.917712,39.688473],[-83.917735,39.68847],[-83.91771,39.688892],[-83.917535,39.688882],[-83.917559,39.688488],[-83.917712,39.688473]]]},"properties":{"p":"M40-0002-0008-0-0017-00","o":"LUCAS RUTH","a":"684 E CHURCH ST","d":"XENIA COMMUNITY CITY SCHOOL DISTRICT","t":13340.73,"l":"500: Res-Vacant Land","c":0}},{"type":"Feature","geometry":{"type":"Polygon","coordinates":[[[-83.920213,39.689761],[-83.92026,39.689954],[-83.920088,39.690072],[-83.920032,39.689784],[-83.920213,39.689761]]]},"properties":{"p":"M40-0002-0008-0-0057-00","o":"HUNTER CAROLYN","a":"407 N COLUMBUS ST","d":"XENIA COMMUNITY CITY SCHOOL DISTRICT","t":5686.08,"l":"510: Res-Single Family","c":0}},{"type":"Feature","geometry":{"type":"Polygon","coordinates":[[[-83.919592,39.689693],[-83.919823,39.689662],[-83.91985,39.689809],[-83.919406,39.689868],[-83.919378,39.689722],[-83.919592,39.689693]]]},"properties":{"p":"M40-0002-0008-0-0061-00","o":"ROSS ERNEST D","a":"0  HALL ST","d":"XENIA COMMUNITY CITY SCHOOL DISTRICT","t":216.8,"l":"500: Res-Vacant Land","c":0}},{"type":"Feature","geometry":{"type":"Polygon","coordinates":[[[-83.916893,39.689033],[-83.916906,39.688882],[-83.917379,39.688917],[-83.917367,39.689057],[-83.916893,39.689033]]]},"properties":{"p":"M40-0002-0008-0-0107-00","o":"JOHNSON CONRAD C & MATTHEW R JOHNSON ETAL","a":"192  TAYLOR ST","d":"XENIA COMMUNITY CITY SCHOOL DISTRICT","t":858.41,"l":"500: Res-Vacant Land","c":0}},{"type":"Feature","geometry":{"type":"Polygon","coordinates":[[[-83.916775,39.690482],[-83.916782,39.690389],[-83.917251,39.690423],[-83.917243,39.690517],[-83.916775,39.690482]]]},"properties":{"p":"M40-0002-0008-0-0119-00","o":"HOSTETLER JEFFREY & NORMA","a":"302  TAYLOR ST","d":"XENIA COMMUNITY CITY SCHOOL DISTRICT","t":25813.44,"l":"510: Res-Single Family","c":0}},{"type":"Feature","geometry":{"type":"Polygon","coordinates":[[[-83.916163,39.689655],[-83.916168,39.689587],[-83.916665,39.689622],[-83.91666,39.689691],[-83.916163,39.689655]]]},"properties":{"p":"M40-0002-0008-0-0131-00","o":"HUMPHREY ROBIN ANN","a":"0  TAYLOR ST","d":"XENIA COMMUNITY CITY SCHOOL DISTRICT","t":27770.66,"l":"500: Res-Vacant Land","c":0}},{"type":"Feature","geometry":{"type":"Polygon","coordinates":[[[-83.9145,39.689361],[-83.914732,39.689336],[-83.914825,39.689936],[-83.914604,39.68996],[-83.9145,39.689361]]]},"properties":{"p":"M40-0002-0008-0-0168-00","o":"MAHONEY ROBERT J","a":"858  CLARK ST","d":"XENIA COMMUNITY CITY SCHOOL DISTRICT","t":1589.04,"l":"500: Res-Vacant Land","c":0}},{"type":"Feature","geometry":{"type":"Polygon","coordinates":[[[-83.913921,39.689973],[-83.913895,39.689823],[-83.914103,39.689801],[-83.91413,39.689956],[-83.913921,39.689973]]]},"properties":{"p":"M40-0002-0008-0-0176-00","o":"MAHONEY ROBERT J","a":"0  CLARK ST","d":"XENIA COMMUNITY CITY SCHOOL DISTRICT","t":159.39,"l":"500: Res-Vacant Land","c":0}},{"type":"Feature","geometry":{"type":"Polygon","coordinates":[[[-83.915207,39.689838],[-83.915204,39.689711],[-83.915602,39.689678],[-83.915591,39.689815],[-83.915207,39.689848],[-83.915207,39.689838]]]},"properties":{"p":"M40-0002-0008-0-0222-00","o":"PERRY ALLEN","a":"0  MULBERRY ST","d":"XENIA COMMUNITY CITY SCHOOL DISTRICT","t":6153.66,"l":"500: Res-Vacant Land","c":0}},{"type":"Feature","geometry":{"type":"Polygon","coordinates":[[[-83.918795,39.687633],[-83.918876,39.687624],[-83.918826,39.687308],[-83.919009,39.687289],[-83.919062,39.687621],[-83.918798,39.687649],[-83.918795,39.687633]]]},"properties":{"p":"M40-0002-0008-0-0242-00","o":"PROFFITT SCOTT & DONNA L","a":"604 E MARKET ST","d":"XENIA COMMUNITY CITY SCHOOL DISTRICT","t":404.61,"l":"510: Res-Single Family","c":0}},{"type":"Feature","geometry":{"type":"Polygon","coordinates":[[[-83.919905,39.686099],[-83.92003,39.686086],[-83.9201,39.686511],[-83.919975,39.686524],[-83.919905,39.686099]]]},"properties":{"p":"M40-0002-0008-0-0324-00","o":"JUNIUS CAROLYN D & JESSE J JR","a":"0 E MAIN ST","d":"XENIA COMMUNITY CITY SCHOOL DISTRICT","t":5161.98,"l":"500: Res-Vacant Land","c":0}},{"type":"Feature","geometry":{"type":"Polygon","coordinates":[[[-83.919337,39.686158],[-83.919477,39.686143],[-83.919547,39.686568],[-83.919406,39.686583],[-83.919337,39.686158]]]},"properties":{"p":"M40-0002-0008-0-0328-00","o":"JUNIUS CAROLYN D & JESSE J JR","a":"0 E MAIN ST","d":"XENIA COMMUNITY CITY SCHOOL DISTRICT","t":2278.62,"l":"500: Res-Vacant Land","c":0}},{"type":"Feature","geometry":{"type":"Polygon","coordinates":[[[-83.915778,39.685813],[-83.915873,39.685803],[-83.915945,39.68623],[-83.915849,39.68624],[-83.915778,39.685813]]]},"properties":{"p":"M40-0002-0011-0-0062-00","o":"LOYA CESAR ELOY BARRAZA","a":"761 E MAIN ST","d":"XENIA COMMUNITY CITY SCHOOL DISTRICT","t":259.12,"l":"510: Res-Single Family","c":0}},{"type":"Feature","geometry":{"type":"Polygon","coordinates":[[[-83.91122,39.685599],[-83.910823,39.685464],[-83.911052,39.684281],[-83.911507,39.684347],[-83.911264,39.685614],[-83.91122,39.685599]]]},"properties":{"p":"M40-0002-0011-0-0204-00","o":"PATTERSON WILLIAM V","a":"0 S PATTON ST","d":"XENIA COMMUNITY CITY SCHOOL DISTRICT","t":84.8,"l":"500: Res-Vacant Land","c":0}},{"type":"Feature","geometry":{"type":"Polygon","coordinates":[[[-83.923421,39.685251],[-83.923418,39.685229],[-83.923451,39.685228],[-83.923448,39.685209],[-83.923554,39.685197],[-83.923597,39.685448],[-83.923457,39.685464],[-83.923421,39.685251]]]},"properties":{"p":"M40-0002-0012-0-0084-00","o":"HOTIES LLC","a":"333 E MAIN ST","d":"XENIA COMMUNITY CITY SCHOOL DISTRICT","t":1632.96,"l":"430: Com-Retaurant","c":0}},{"type":"Feature","geometry":{"type":"Polygon","coordinates":[[[-83.923615,39.688046],[-83.923729,39.688026],[-83.923808,39.687975],[-83.923858,39.688323],[-83.923676,39.688416],[-83.923615,39.688046]]]},"properties":{"p":"M40-0002-0005-0-0009-00","o":"HUDSON CAROL A","a":"0 E CHURCH ST","d":"XENIA COMMUNITY CITY SCHOOL DISTRICT","t":2556.59,"l":"500: Res-Vacant Land","c":0}},{"type":"Feature","geometry":{"type":"Polygon","coordinates":[[[-83.917359,39.689147],[-83.917371,39.68901],[-83.917848,39.689038],[-83.917817,39.689175],[-83.917359,39.689147]]]},"properties":{"p":"M40-0002-0008-0-0020-00","o":"HOSTETLER JEFFREY A & NORMA J","a":"217  PARK ST","d":"XENIA COMMUNITY CITY SCHOOL DISTRICT","t":25632.57,"l":"510: Res-Single Family","c":0}},{"type":"Feature","geometry":{"type":"Polygon","coordinates":[[[-83.918738,39.690634],[-83.918772,39.690361],[-83.918984,39.690376],[-83.91895,39.69065],[-83.918738,39.690634]]]},"properties":{"p":"M40-0002-0008-0-0024-00","o":"OSAGHAE JOY M & EPHRAIM GREGORY JR","a":"634  RADAR ST","d":"XENIA COMMUNITY CITY SCHOOL DISTRICT","t":1537.91,"l":"510: Res-Single Family","c":0}},{"type":"Feature","geometry":{"type":"Polygon","coordinates":[[[-83.919406,39.689868],[-83.91985,39.689809],[-83.919875,39.689942],[-83.919431,39.690001],[-83.919406,39.689868]]]},"properties":{"p":"M40-0002-0008-0-0060-00","o":"ROSS ERNEST D","a":"0  HALL ST","d":"XENIA COMMUNITY CITY SCHOOL DISTRICT","t":196.51,"l":"500: Res-Vacant Land","c":0}},{"type":"Feature","geometry":{"type":"Polygon","coordinates":[[[-83.918986,39.690061],[-83.919431,39.690001],[-83.919456,39.690135],[-83.919011,39.690194],[-83.918986,39.690061]]]},"properties":{"p":"M40-0002-0008-0-0076-00","o":"ROSS ERNEST D","a":"0  ORCHARD ST","d":"XENIA COMMUNITY CITY SCHOOL DISTRICT","t":193.2,"l":"500: Res-Vacant Land","c":0}},{"type":"Feature","geometry":{"type":"Polygon","coordinates":[[[-83.9183,39.689279],[-83.918651,39.689231],[-83.918678,39.689378],[-83.918307,39.689427],[-83.9183,39.689279]]]},"properties":{"p":"M40-0002-0008-0-0084-00","o":"ROGERS TERRANCE ETAL","a":"231  ORCHARD ST","d":"XENIA COMMUNITY CITY SCHOOL DISTRICT","t":504.53,"l":"510: Res-Single Family","c":0}},{"type":"Feature","geometry":{"type":"Polygon","coordinates":[[[-83.916869,39.689334],[-83.916874,39.689266],[-83.917346,39.6893],[-83.91734,39.689369],[-83.916869,39.689334]]]},"properties":{"p":"M40-0002-0008-0-0110-00","o":"JOHNSON WANDA R","a":"0  TAYLOR ST","d":"XENIA COMMUNITY CITY SCHOOL DISTRICT","t":16980.8,"l":"500: Res-Vacant Land","c":0}},{"type":"Feature","geometry":{"type":"Polygon","coordinates":[[[-83.913005,39.688962],[-83.913216,39.688939],[-83.913272,39.689265],[-83.913061,39.689288],[-83.913005,39.688962]]]},"properties":{"p":"M40-0002-0008-0-0159-00","o":"JUNIUS CAROLYN D & JESSE J JR","a":"940 E CHURCH ST","d":"XENIA COMMUNITY CITY SCHOOL DISTRICT","t":189.91,"l":"500: Res-Vacant Land","c":0}},{"type":"Feature","geometry":{"type":"Polygon","coordinates":[[[-83.914613,39.690697],[-83.914487,39.689973],[-83.914825,39.689936],[-83.914949,39.690736],[-83.914613,39.690697]]]},"properties":{"p":"M40-0002-0008-0-0233-00","o":"JUNIUS CAROLYN D & JESSE J JR","a":"895  LEXINGTON AVE","d":"XENIA COMMUNITY CITY SCHOOL DISTRICT","t":130.04,"l":"500: Res-Vacant Land","c":0}},{"type":"Feature","geometry":{"type":"Polygon","coordinates":[[[-83.918495,39.687343],[-83.918664,39.687325],[-83.918732,39.68775],[-83.918563,39.687768],[-83.918495,39.687343]]]},"properties":{"p":"M40-0002-0008-0-0245-00","o":"ODEH KAMAL","a":"624 E MARKET ST","d":"XENIA COMMUNITY CITY SCHOOL DISTRICT","t":18102.76,"l":"500: Res-Vacant Land","c":0}},{"type":"Feature","geometry":{"type":"Polygon","coordinates":[[[-83.91896,39.688014],[-83.919122,39.687997],[-83.919153,39.688188],[-83.918991,39.688205],[-83.91896,39.688014]]]},"properties":{"p":"M40-0002-0008-0-0249-00","o":"JUNIUS CAROLYN D & JESSE J JR","a":"153  EVANS ST","d":"XENIA COMMUNITY CITY SCHOOL DISTRICT","t":1188.75,"l":"500: Res-Vacant Land","c":0}},{"type":"Feature","geometry":{"type":"Polygon","coordinates":[[[-83.918359,39.687839],[-83.918567,39.687817],[-83.918635,39.688242],[-83.918427,39.688264],[-83.918359,39.687839]]]},"properties":{"p":"M40-0002-0008-0-0262-00","o":"LEVERETT ROOSEVELT","a":"0 E CHURCH ST","d":"XENIA COMMUNITY CITY SCHOOL DISTRICT","t":205.86,"l":"500: Res-Vacant Land","c":0}},{"type":"Feature","geometry":{"type":"Polygon","coordinates":[[[-83.92003,39.686086],[-83.920122,39.686077],[-83.920192,39.686502],[-83.9201,39.686511],[-83.92003,39.686086]]]},"properties":{"p":"M40-0002-0008-0-0323-00","o":"JUNIUS CAROLYN D & JESSE J JR","a":"528 E MAIN ST","d":"XENIA COMMUNITY CITY SCHOOL DISTRICT","t":553.93,"l":"500: Res-Vacant Land","c":0}},{"type":"Feature","geometry":{"type":"Polygon","coordinates":[[[-83.919477,39.686143],[-83.91959,39.686132],[-83.91966,39.686557],[-83.919547,39.686568],[-83.919477,39.686143]]]},"properties":{"p":"M40-0002-0008-0-0327-00","o":"JUNIUS CAROLYN D & JESSE J JR","a":"558 E MAIN ST","d":"XENIA COMMUNITY CITY SCHOOL DISTRICT","t":3760.27,"l":"500: Res-Vacant Land","c":0}},{"type":"Feature","geometry":{"type":"Polygon","coordinates":[[[-83.91896,39.686197],[-83.919085,39.686184],[-83.919154,39.686609],[-83.919029,39.686622],[-83.91896,39.686197]]]},"properties":{"p":"M40-0002-0008-0-0331-00","o":"MID OHIO FUNERAL SERVICES LLC","a":"0 E MAIN ST","d":"XENIA COMMUNITY CITY SCHOOL DISTRICT","t":3949.47,"l":"456: Com-Parking Garage","c":0}},{"type":"Feature","geometry":{"type":"Polygon","coordinates":[[[-83.916908,39.686403],[-83.917024,39.686392],[-83.917094,39.686825],[-83.916977,39.686837],[-83.916908,39.686403]]]},"properties":{"p":"M40-0002-0008-0-0359-00","o":"NOOKS ADDISON LYNETTE ETAL","a":"706 E MAIN ST","d":"XENIA COMMUNITY CITY SCHOOL DISTRICT","t":195.4,"l":"510: Res-Single Family","c":0}},{"type":"Feature","geometry":{"type":"Polygon","coordinates":[[[-83.916814,39.684137],[-83.917028,39.684115],[-83.9171,39.68454],[-83.916885,39.684562],[-83.916814,39.684137]]]},"properties":{"p":"M40-0002-0011-0-0037-00","o":"MEAUX BELINDA K","a":"684 E THIRD ST","d":"XENIA COMMUNITY CITY SCHOOL DISTRICT","t":671.21,"l":"510: Res-Single Family","c":0}},{"type":"Feature","geometry":{"type":"Polygon","coordinates":[[[-83.911264,39.685614],[-83.911507,39.684347],[-83.911928,39.684409],[-83.911704,39.685764],[-83.911264,39.685614]]]},"properties":{"p":"M40-0002-0011-0-0203-00","o":"PATTERSON WILLIAM V","a":"0 S PATTON ST","d":"XENIA COMMUNITY CITY SCHOOL DISTRICT","t":84.8,"l":"500: Res-Vacant Land","c":0}},{"type":"Feature","geometry":{"type":"Polygon","coordinates":[[[-83.923554,39.685197],[-83.92352,39.684993],[-83.923632,39.684982],[-83.923709,39.685436],[-83.923597,39.685448],[-83.923554,39.685197]]]},"properties":{"p":"M40-0002-0012-0-0083-00","o":"HOTIES LLC","a":"0 E MAIN ST","d":"XENIA COMMUNITY CITY SCHOOL DISTRICT","t":428.48,"l":"456: Com-Parking Garage","c":0}},{"type":"Feature","geometry":{"type":"Polygon","coordinates":[[[-83.914831,39.691207],[-83.914908,39.690798],[-83.915084,39.690818],[-83.915008,39.691223],[-83.914831,39.691207]]]},"properties":{"p":"M40-0002-0007-0-0061-00","o":"JOHNSON ROBERT E","a":"876  LEXINGTON AVE","d":"XENIA COMMUNITY CITY SCHOOL DISTRICT","t":4320.71,"l":"520: Res-Two Family","c":0}},{"type":"Feature","geometry":{"type":"Polygon","coordinates":[[[-83.919431,39.690001],[-83.919875,39.689942],[-83.9199,39.690075],[-83.919456,39.690135],[-83.919431,39.690001]]]},"properties":{"p":"M40-0002-0008-0-0059-00","o":"ROSS ERNEST D","a":"0  HALL ST","d":"XENIA COMMUNITY CITY SCHOOL DISTRICT","t":196.51,"l":"500: Res-Vacant Land","c":0}},{"type":"Feature","geometry":{"type":"Polygon","coordinates":[[[-83.916874,39.689266],[-83.916881,39.689183],[-83.917354,39.689208],[-83.917346,39.6893],[-83.916874,39.689266]]]},"properties":{"p":"M40-0002-0008-0-0109-00","o":"JOHNSON WANDA R","a":"0  TAYLOR ST","d":"XENIA COMMUNITY CITY SCHOOL DISTRICT","t":20502.77,"l":"500: Res-Vacant Land","c":0}},{"type":"Feature","geometry":{"type":"Polygon","coordinates":[[[-83.916844,39.689635],[-83.916856,39.689485],[-83.917328,39.689519],[-83.917315,39.68967],[-83.916844,39.689635]]]},"properties":{"p":"M40-0002-0008-0-0113-00","o":"MILLER JAMES LIFE ESTATE","a":"238  TAYLOR ST","d":"XENIA COMMUNITY CITY SCHOOL DISTRICT","t":18746.84,"l":"500: Res-Vacant Land","c":0}},{"type":"Feature","geometry":{"type":"Polygon","coordinates":[[[-83.916094,39.690491],[-83.916106,39.69034],[-83.916606,39.690376],[-83.916594,39.690527],[-83.916094,39.690491]]]},"properties":{"p":"M40-0002-0008-0-0125-00","o":"HOSTETLER JEFFREY A & NORMA J","a":"303  TAYLOR ST","d":"XENIA COMMUNITY CITY SCHOOL DISTRICT","t":21758.89,"l":"510: Res-Single Family","c":0}},{"type":"Feature","geometry":{"type":"Polygon","coordinates":[[[-83.91619,39.68932],[-83.916193,39.689285],[-83.916689,39.689321],[-83.916677,39.689472],[-83.916181,39.689436],[-83.91619,39.68932]]]},"properties":{"p":"M40-0002-0008-0-0133-00","o":"KOONCE LEE E & IDA L","a":"0  TAYLOR ST","d":"XENIA COMMUNITY CITY SCHOOL DISTRICT","t":5301.27,"l":"500: Res-Vacant Land","c":0}},{"type":"Feature","geometry":{"type":"Polygon","coordinates":[[[-83.913297,39.688927],[-83.913477,39.688908],[-83.913538,39.689262],[-83.913359,39.689281],[-83.913297,39.688927]]]},"properties":{"p":"M40-0002-0008-0-0158-00","o":"LOGAN RITA","a":"924 E CHURCH ST","d":"XENIA COMMUNITY CITY SCHOOL DISTRICT","t":14498.04,"l":"510: Res-Single Family","c":0}},{"type":"Feature","geometry":{"type":"Polygon","coordinates":[[[-83.913827,39.689434],[-83.914035,39.689412],[-83.914103,39.689801],[-83.913895,39.689823],[-83.913827,39.689434]]]},"properties":{"p":"M40-0002-0008-0-0170-00","o":"MAHONEY ROBERT J","a":"0  CLARK ST","d":"XENIA COMMUNITY CITY SCHOOL DISTRICT","t":5335.06,"l":"500: Res-Vacant Land","c":0}},{"type":"Feature","geometry":{"type":"Polygon","coordinates":[[[-83.915979,39.687603],[-83.916197,39.68758],[-83.916265,39.688009],[-83.916047,39.688032],[-83.915979,39.687603]]]},"properties":{"p":"M40-0002-0008-0-0277-00","o":"JUNIUS JESSIE J III ETAL","a":"762 E MARKET ST","d":"XENIA COMMUNITY CITY SCHOOL DISTRICT","t":16219.78,"l":"500: Res-Vacant Land","c":0}},{"type":"Feature","geometry":{"type":"Polygon","coordinates":[[[-83.919085,39.686184],[-83.91921,39.686171],[-83.919279,39.686596],[-83.919154,39.686609],[-83.919085,39.686184]]]},"properties":{"p":"M40-0002-0008-0-0330-00","o":"MID OHIO FUNERAL SERVICES LLC","a":"574 E MAIN ST","d":"XENIA COMMUNITY CITY SCHOOL DISTRICT","t":3798.72,"l":"456: Com-Parking Garage","c":0}},{"type":"Feature","geometry":{"type":"Polygon","coordinates":[[[-83.917024,39.686392],[-83.917262,39.686367],[-83.917331,39.686801],[-83.917094,39.686825],[-83.917024,39.686392]]]},"properties":{"p":"M40-0002-0008-0-0358-00","o":"MCB PROPERTIES","a":"696 E MAIN ST","d":"XENIA COMMUNITY CITY SCHOOL DISTRICT","t":16278.39,"l":"500: Res-Vacant Land","c":0}},{"type":"Feature","geometry":{"type":"Polygon","coordinates":[[[-83.918695,39.689595],[-83.918718,39.689591],[-83.918731,39.689658],[-83.918321,39.689714],[-83.918318,39.689647],[-83.918695,39.689595]]]},"properties":{"p":"M40-0002-0008-0-0436-00","o":"LUXE HAVEN PROPERTIES LLC","a":"255  ORCHARD ST","d":"XENIA COMMUNITY CITY SCHOOL DISTRICT","t":1101.22,"l":"510: Res-Single Family","c":0}},{"type":"Feature","geometry":{"type":"Polygon","coordinates":[[[-83.923632,39.684982],[-83.923799,39.684965],[-83.923875,39.685417],[-83.923709,39.685436],[-83.923632,39.684982]]]},"properties":{"p":"M40-0002-0012-0-0082-00","o":"HOTIES LLC","a":"0 E MAIN ST","d":"XENIA COMMUNITY CITY SCHOOL DISTRICT","t":486.06,"l":"400: Com-Vacant Land","c":0}},{"type":"Feature","geometry":{"type":"Polygon","coordinates":[[[-83.923289,39.685258],[-83.923354,39.685255],[-83.923383,39.685472],[-83.923332,39.685478],[-83.923289,39.685258]]]},"properties":{"p":"M40-0002-0012-0-0086-00","o":"HOTIES LLC","a":"0 E MAIN ST","d":"XENIA COMMUNITY CITY SCHOOL DISTRICT","t":96.39,"l":"456: Com-Parking Garage","c":0}},{"type":"Feature","geometry":{"type":"Polygon","coordinates":[[[-83.919781,39.685384],[-83.919945,39.685367],[-83.920019,39.685816],[-83.919855,39.685833],[-83.919781,39.685384]]]},"properties":{"p":"M40-0002-0012-0-0146-00","o":"LANE LEUVENIA E","a":"533 E MAIN ST","d":"XENIA COMMUNITY CITY SCHOOL DISTRICT","t":15379.9,"l":"500: Res-Vacant Land","c":0}},{"type":"Feature","geometry":{"type":"Polygon","coordinates":[[[-83.928528,39.681955],[-83.928704,39.681875],[-83.928732,39.682117],[-83.928328,39.682155],[-83.928528,39.681955]]]},"properties":{"p":"M40-0002-0012-0-0462-00","o":"HELTON DAVID R & REED C","a":"217 S DETROIT ST","d":"XENIA COMMUNITY CITY SCHOOL DISTRICT","t":10191.89,"l":"400: Com-Vacant Land","c":0}},{"type":"Feature","geometry":{"type":"Polygon","coordinates":[[[-83.925801,39.672271],[-83.925814,39.672217],[-83.926138,39.672253],[-83.926125,39.672307],[-83.925801,39.672271]]]},"properties":{"p":"M40-0002-0015-0-0086-00","o":"PHIFFER LINDA K","a":"949  MCDOWELL ST","d":"XENIA COMMUNITY CITY SCHOOL DISTRICT","t":612.36,"l":"599: Res-Other","c":0}},{"type":"Feature","geometry":{"type":"Polygon","coordinates":[[[-83.926317,39.672106],[-83.926343,39.671998],[-83.926821,39.672049],[-83.926794,39.672157],[-83.926317,39.672106]]]},"properties":{"p":"M40-0002-0015-0-0094-00","o":"PIERSALL EDSEL LEE & ARLENE R","a":"960  MCDOWELL ST","d":"XENIA COMMUNITY CITY SCHOOL DISTRICT","t":2603.54,"l":"510: Res-Single Family","c":0}},{"type":"Feature","geometry":{"type":"Polygon","coordinates":[[[-83.926191,39.670806],[-83.926265,39.670434],[-83.926337,39.670442],[-83.926263,39.670814],[-83.926191,39.670806]]]},"properties":{"p":"M40-0002-0015-0-0135-00","o":"LAWSON MICHAEL C","a":"321  LAKE ST","d":"XENIA COMMUNITY CITY SCHOOL DISTRICT","t":204.69,"l":"500: Res-Vacant Land","c":0}},{"type":"Feature","geometry":{"type":"Polygon","coordinates":[[[-83.925615,39.670742],[-83.925688,39.67037],[-83.925833,39.670386],[-83.925759,39.670758],[-83.925615,39.670742]]]},"properties":{"p":"M40-0002-0015-0-0139-00","o":"MOORE SEZIEZKA S","a":"347  LAKE ST","d":"XENIA COMMUNITY CITY SCHOOL DISTRICT","t":1610.51,"l":"510: Res-Single Family","c":0}},{"type":"Feature","geometry":{"type":"Polygon","coordinates":[[[-83.924017,39.684487],[-83.924155,39.684473],[-83.924204,39.684761],[-83.924065,39.684773],[-83.924017,39.684487]]]},"properties":{"p":"M40-0002-0012-0-0093-00","o":"HILES RHONDA P","a":"288 E SECOND ST","d":"XENIA COMMUNITY CITY SCHOOL DISTRICT","t":2327.55,"l":"510: Res-Single Family","c":0}},{"type":"Feature","geometry":{"type":"Polygon","coordinates":[[[-83.927689,39.682584],[-83.927734,39.682602],[-83.927756,39.682738],[-83.927717,39.682742],[-83.927689,39.682584]]]},"properties":{"p":"M40-0002-0012-0-0515-00","o":"RHUPERT PAULINE","a":"75 E THIRD ST","d":"XENIA COMMUNITY CITY SCHOOL DISTRICT","t":1015.15,"l":"500: Res-Vacant Land","c":0}},{"type":"Feature","geometry":{"type":"Polygon","coordinates":[[[-83.926343,39.671998],[-83.926368,39.67189],[-83.926848,39.671941],[-83.926821,39.672049],[-83.926343,39.671998]]]},"properties":{"p":"M40-0002-0015-0-0093-00","o":"PIERSALL EDSEL LEE & ARLENE R","a":"960  MCDOWELL ST","d":"XENIA COMMUNITY CITY SCHOOL DISTRICT","t":578.81,"l":"500: Res-Vacant Land","c":0}},{"type":"Feature","geometry":{"type":"Polygon","coordinates":[[[-83.922382,39.685133],[-83.922558,39.685115],[-83.922633,39.685547],[-83.922457,39.685566],[-83.922382,39.685133]]]},"properties":{"p":"M40-0002-0012-0-0109-00","o":"KABUMPANGI CLAUDINE B","a":"389 E MAIN ST","d":"XENIA COMMUNITY CITY SCHOOL DISTRICT","t":10626.85,"l":"510: Res-Single Family","c":0}},{"type":"Feature","geometry":{"type":"Polygon","coordinates":[[[-83.921939,39.684705],[-83.922108,39.684688],[-83.922184,39.68512],[-83.922015,39.685138],[-83.921939,39.684705]]]},"properties":{"p":"M40-0002-0012-0-0121-00","o":"RAM HOLDINGS LLC","a":"408 E SECOND ST","d":"XENIA COMMUNITY CITY SCHOOL DISTRICT","t":1058.56,"l":"510: Res-Single Family","c":0}},{"type":"Feature","geometry":{"type":"Polygon","coordinates":[[[-83.92397,39.683398],[-83.924115,39.683383],[-83.92418,39.68381],[-83.924036,39.683824],[-83.92397,39.683398]]]},"properties":{"p":"M40-0002-0012-0-0245-00","o":"JUNIUS CAROLYN D & JESSE J JR","a":"282 E THIRD ST","d":"XENIA COMMUNITY CITY SCHOOL DISTRICT","t":8770.42,"l":"500: Res-Vacant Land","c":0}},{"type":"Feature","geometry":{"type":"Polygon","coordinates":[[[-83.925613,39.682759],[-83.925771,39.682743],[-83.925827,39.68307],[-83.925668,39.683086],[-83.925613,39.682759]]]},"properties":{"p":"M40-0002-0012-0-0388-00","o":"OAKLEY CHRISTA & BRIAN","a":"183 E THIRD ST","d":"XENIA COMMUNITY CITY SCHOOL DISTRICT","t":1828.02,"l":"510: Res-Single Family","c":0}},{"type":"Feature","geometry":{"type":"Polygon","coordinates":[[[-83.923224,39.682893],[-83.92339,39.682876],[-83.923455,39.683305],[-83.923295,39.683322],[-83.923224,39.682893]]]},"properties":{"p":"M40-0002-0012-0-0411-00","o":"LOYA CESAR ELOY BARRAZA","a":"317 E THIRD ST","d":"XENIA COMMUNITY CITY SCHOOL DISTRICT","t":548.06,"l":"510: Res-Single Family","c":0}},{"type":"Feature","geometry":{"type":"Polygon","coordinates":[[[-83.93047,39.670882],[-83.930548,39.670491],[-83.930706,39.670509],[-83.930628,39.670899],[-83.93047,39.670882]]]},"properties":{"p":"M40-0002-0015-0-0191-00","o":"LEWIS TRACY JO","a":"76  POCAHONTAS ST","d":"XENIA COMMUNITY CITY SCHOOL DISTRICT","t":2289.19,"l":"510: Res-Single Family","c":0}},{"type":"Feature","geometry":{"type":"Polygon","coordinates":[[[-83.920984,39.685259],[-83.920997,39.685258],[-83.921077,39.685707],[-83.920982,39.685717],[-83.920901,39.685267],[-83.920984,39.685259]]]},"properties":{"p":"M40-0002-0012-0-0129-00","o":"PORTER FANNIE M","a":"473 E MAIN ST","d":"XENIA COMMUNITY CITY SCHOOL DISTRICT","t":8894.12,"l":"500: Res-Vacant Land","c":0}},{"type":"Feature","geometry":{"type":"Polygon","coordinates":[[[-83.922618,39.6762],[-83.923154,39.676177],[-83.923161,39.676304],[-83.922641,39.676348],[-83.922618,39.6762]]]},"properties":{"p":"M40-0002-0014-0-0066-00","o":"HENDERSON RODNEY & CHRISTY","a":"675 S MONROE ST","d":"XENIA COMMUNITY CITY SCHOOL DISTRICT","t":379.04,"l":"510: Res-Single Family","c":0}},{"type":"Feature","geometry":{"type":"Polygon","coordinates":[[[-83.926261,39.676259],[-83.926693,39.675905],[-83.926899,39.676116],[-83.926755,39.6762],[-83.92679,39.676235],[-83.926717,39.676277],[-83.926306,39.676298],[-83.926261,39.676259]]]},"properties":{"p":"M40-0002-0014-0-0274-00","o":"HILL ROBERT & HEATHER","a":"306  HOME AVE","d":"XENIA COMMUNITY CITY SCHOOL DISTRICT","t":1415.96,"l":"430: Com-Retaurant","c":0}},{"type":"Feature","geometry":{"type":"Polygon","coordinates":[[[-83.930256,39.672637],[-83.930298,39.672482],[-83.930815,39.672549],[-83.930782,39.672697],[-83.930256,39.672637]]]},"properties":{"p":"M40-0002-0015-0-0013-00","o":"HOWARD DANIEL T","a":"930  NICHOLAS ST","d":"XENIA COMMUNITY CITY SCHOOL DISTRICT","t":234.88,"l":"510: Res-Single Family","c":0}},{"type":"Feature","geometry":{"type":"Polygon","coordinates":[[[-83.925782,39.672352],[-83.925801,39.672271],[-83.926125,39.672307],[-83.926106,39.672388],[-83.925782,39.672352]]]},"properties":{"p":"M40-0002-0015-0-0087-00","o":"PHIFFER LINDA K","a":"949  MCDOWELL ST","d":"XENIA COMMUNITY CITY SCHOOL DISTRICT","t":1513.5,"l":"510: Res-Single Family","c":0}},{"type":"Feature","geometry":{"type":"Polygon","coordinates":[[[-83.926047,39.67079],[-83.926121,39.670418],[-83.926265,39.670434],[-83.926191,39.670806],[-83.926047,39.67079]]]},"properties":{"p":"M40-0002-0015-0-0136-00","o":"LAWSON MICHAEL C","a":"321  LAKE ST","d":"XENIA COMMUNITY CITY SCHOOL DISTRICT","t":401.66,"l":"510: Res-Single Family","c":0}},{"type":"Feature","geometry":{"type":"Polygon","coordinates":[[[-83.93142,39.696315],[-83.931974,39.696211],[-83.931987,39.696251],[-83.931428,39.696356],[-83.93142,39.696315]]]},"properties":{"p":"M40-0001-0004-0-0014-00","o":"WILLIAMS CARL W JR & KIMBERLY RAE","a":"825 N DETROIT ST","d":"XENIA COMMUNITY CITY SCHOOL DISTRICT","t":86.45,"l":"640: Exm-Municipality","c":0}},{"type":"Feature","geometry":{"type":"Polygon","coordinates":[[[-83.931428,39.696356],[-83.931987,39.696251],[-83.932032,39.696384],[-83.931454,39.696492],[-83.931428,39.696356]]]},"properties":{"p":"M40-0001-0004-0-0015-00","o":"WILLIAMS CARL W JR & KIMBERLY RAE","a":"843 N DETROIT ST","d":"XENIA COMMUNITY CITY SCHOOL DISTRICT","t":206.44,"l":"640: Exm-Municipality","c":0}},{"type":"Feature","geometry":{"type":"Polygon","coordinates":[[[-83.932398,39.678095],[-83.932483,39.677772],[-83.932615,39.677793],[-83.932531,39.678116],[-83.932398,39.678095]]]},"properties":{"p":"M40-0001-0010-0-0106-00","o":"STATE OF OHIO","a":"136  HIGH ST","d":"XENIA COMMUNITY CITY SCHOOL DISTRICT","t":30105.52,"l":"510: Res-Single Family","c":0}},{"type":"Feature","geometry":{"type":"Polygon","coordinates":[[[-83.9345,39.696817],[-83.934611,39.696709],[-83.934916,39.696909],[-83.934805,39.697017],[-83.9345,39.696817]]]},"properties":{"p":"M40-0001-0004-0-0139-00","o":"STROPKAJ ANDREW M IV","a":"918  CATHERINE ST","d":"XENIA COMMUNITY CITY SCHOOL DISTRICT","t":54684.02,"l":"500: Res-Vacant Land","c":0}},{"type":"Feature","geometry":{"type":"Polygon","coordinates":[[[-83.935097,39.69248],[-83.935214,39.692469],[-83.935238,39.692609],[-83.934594,39.692671],[-83.93457,39.692533],[-83.935097,39.69248]]]},"properties":{"p":"M40-0001-0005-0-0223-00","o":"WILLIAMSON KAYLA M","a":"591 N WEST ST","d":"XENIA COMMUNITY CITY SCHOOL DISTRICT","t":2408.17,"l":"510: Res-Single Family","c":0}},{"type":"Feature","geometry":{"type":"Polygon","coordinates":[[[-83.93467,39.686742],[-83.934811,39.686729],[-83.934834,39.686865],[-83.934693,39.686879],[-83.93467,39.686742]]]},"properties":{"p":"M40-0001-0006-0-0008-00","o":"SHOPE MARTHA J","a":"0 W CHURCH ST","d":"XENIA COMMUNITY CITY SCHOOL DISTRICT","t":51.66,"l":"500: Res-Vacant Land","c":0}},{"type":"Feature","geometry":{"type":"Polygon","coordinates":[[[-83.940488,39.679971],[-83.939904,39.679143],[-83.941122,39.678793],[-83.941294,39.679134],[-83.941486,39.679447],[-83.94162,39.6798],[-83.941164,39.679923],[-83.941113,39.679799],[-83.940488,39.679971]]]},"properties":{"p":"M40-0001-0016-0-0036-00","o":"ZTK PROPERTIES LLC","a":"338  WALNUT ST","d":"XENIA COMMUNITY CITY SCHOOL DISTRICT","t":250.32,"l":"390: Ind-Grain Elevator","c":0}},{"type":"Feature","geometry":{"type":"Polygon","coordinates":[[[-83.939852,39.678735],[-83.939785,39.678598],[-83.939935,39.678555],[-83.940128,39.678953],[-83.939978,39.678997],[-83.939852,39.678735]]]},"properties":{"p":"M40-0001-0016-0-0055-00","o":"SEALS RICK","a":"369  ELM ST","d":"XENIA COMMUNITY CITY SCHOOL DISTRICT","t":1098.96,"l":"510: Res-Single Family","c":0}},{"type":"Feature","geometry":{"type":"Polygon","coordinates":[[[-83.940696,39.677829],[-83.940515,39.67747],[-83.941342,39.677221],[-83.941293,39.677353],[-83.941247,39.677547],[-83.941142,39.678221],[-83.941121,39.678157],[-83.940893,39.678226],[-83.940696,39.677829]]]},"properties":{"p":"M40-0001-0016-0-0071-00","o":"ZTK PROPERTIES LLC","a":"0  BELLBROOK AVE","d":"XENIA COMMUNITY CITY SCHOOL DISTRICT","t":117.88,"l":"300: Ind-Vacant Land","c":0}},{"type":"Feature","geometry":{"type":"Polygon","coordinates":[[[-83.93379,39.677978],[-83.933961,39.678014],[-83.933831,39.678501],[-83.933634,39.678559],[-83.93379,39.677978]]]},"properties":{"p":"M40-0001-0010-0-0191-00","o":"SHAW TERESA KAY","a":"214  HIGH ST","d":"XENIA COMMUNITY CITY SCHOOL DISTRICT","t":1022.57,"l":"510: Res-Single Family","c":0}},{"type":"Feature","geometry":{"type":"Polygon","coordinates":[[[-83.934657,39.679243],[-83.934823,39.679194],[-83.934906,39.679361],[-83.93474,39.67941],[-83.934657,39.679243]]]},"properties":{"p":"M40-0001-0011-0-0175-00","o":"WINTERS BRIAN C","a":"370  QUEEN ST","d":"XENIA COMMUNITY CITY SCHOOL DISTRICT","t":648.43,"l":"510: Res-Single Family","c":0}},{"type":"Feature","geometry":{"type":"Polygon","coordinates":[[[-83.941814,39.676833],[-83.942696,39.676536],[-83.943978,39.678062],[-83.94292,39.678623],[-83.942797,39.678721],[-83.942701,39.678836],[-83.942617,39.679031],[-83.942611,39.679235],[-83.942655,39.6795],[-83.942849,39.67973],[-83.941699,39.68023],[-83.941626,39.679825],[-83.941587,39.679685],[-83.941486,39.679447],[-83.941294,39.679134],[-83.941122,39.678793],[-83.941093,39.678536],[-83.941247,39.677547],[-83.941293,39.677353],[-83.941342,39.677221],[-83.941386,39.67713],[-83.941536,39.676957],[-83.941621,39.676896],[-83.941814,39.676833]]]},"properties":{"p":"M40-0001-0016-0-0034-00","o":"ZTK PROPERTIES LLC","a":"479  BELLBROOK AVE","d":"XENIA COMMUNITY CITY SCHOOL DISTRICT","t":150.65,"l":"300: Ind-Vacant Land","c":0}},{"type":"Feature","geometry":{"type":"Polygon","coordinates":[[[-83.937714,39.673829],[-83.937913,39.673525],[-83.93804,39.673575],[-83.93784,39.673879],[-83.937714,39.673829]]]},"properties":{"p":"M40-0001-0012-0-0075-00","o":"SINGLETON VICTORIA","a":"367  STELTON RD","d":"XENIA COMMUNITY CITY SCHOOL DISTRICT","t":35331.14,"l":"500: Res-Vacant Land","c":0}},{"type":"Feature","geometry":{"type":"Polygon","coordinates":[[[-83.936848,39.679893],[-83.93699,39.679719],[-83.937441,39.679939],[-83.937299,39.680113],[-83.936848,39.679893]]]},"properties":{"p":"M40-0001-0011-0-0046-00","o":"ZEHNER MICHAEL ELI","a":"0  CINCINNATI AVE","d":"XENIA COMMUNITY CITY SCHOOL DISTRICT","t":3088.2,"l":"599: Res-Other","c":0}},{"type":"Feature","geometry":{"type":"Polygon","coordinates":[[[-83.945284,39.681881],[-83.945448,39.681864],[-83.945506,39.682204],[-83.945342,39.682221],[-83.945284,39.681881]]]},"properties":{"p":"M40-0001-0019-0-0024-00","o":"XENIA CAR WASH LLC","a":"913 W SECOND ST","d":"XENIA COMMUNITY CITY SCHOOL DISTRICT","t":3692.2,"l":"453: Com-Car Wash","c":0}},{"type":"Feature","geometry":{"type":"Polygon","coordinates":[[[-83.945089,39.681901],[-83.945268,39.681882],[-83.945326,39.682222],[-83.945147,39.682241],[-83.945089,39.681901]]]},"properties":{"p":"M40-0001-0019-0-0026-00","o":"XENIA CAR WASH LLC","a":"0 W SECOND ST","d":"XENIA COMMUNITY CITY SCHOOL DISTRICT","t":1741.56,"l":"456: Com-Parking Garage","c":0}},{"type":"Feature","geometry":{"type":"Polygon","coordinates":[[[-83.938422,39.685444],[-83.938661,39.685568],[-83.938194,39.685964],[-83.938422,39.685444]]]},"properties":{"p":"M40-0001-0020-0-0103-00","o":"SPRIGGS DAVID N","a":"115  DAYTON AVE","d":"XENIA COMMUNITY CITY SCHOOL DISTRICT","t":3896.92,"l":"447: Com-Office","c":0}},{"type":"Feature","geometry":{"type":"Polygon","coordinates":[[[-83.945268,39.681882],[-83.945284,39.681881],[-83.945342,39.682221],[-83.945326,39.682222],[-83.945268,39.681882]]]},"properties":{"p":"M40-0001-0019-0-0025-00","o":"XENIA CAR WASH LLC","a":"0 W SECOND ST","d":"XENIA COMMUNITY CITY SCHOOL DISTRICT","t":83.71,"l":"400: Com-Vacant Land","c":0}},{"type":"Feature","geometry":{"type":"Polygon","coordinates":[[[-83.953134,39.685897],[-83.95327,39.685596],[-83.953515,39.685596],[-83.953352,39.685956],[-83.953134,39.685897]]]},"properties":{"p":"M40-0001-0021-0-0049-00","o":"TURNER LOREN P","a":"1354  JUNE DR","d":"XENIA COMMUNITY CITY SCHOOL DISTRICT","t":1038.84,"l":"510: Res-Single Family","c":0}},{"type":"Feature","geometry":{"type":"Polygon","coordinates":[[[-83.962554,39.685794],[-83.962432,39.685775],[-83.962509,39.685479],[-83.962753,39.685517],[-83.962676,39.685813],[-83.962554,39.685794]]]},"properties":{"p":"M40-0001-0023-0-0095-00","o":"SCHROEDER MARK T","a":"1948  PROUTY DR","d":"XENIA COMMUNITY CITY SCHOOL DISTRICT","t":597.94,"l":"510: Res-Single Family","c":0}},{"type":"Feature","geometry":{"type":"Polygon","coordinates":[[[-83.946185,39.693414],[-83.946215,39.693208],[-83.946461,39.693176],[-83.946467,39.693426],[-83.946185,39.693414]]]},"properties":{"p":"M40-0001-0025-0-0271-00","o":"WALKER RAMONA D & DAVID L","a":"1011  EMMET DR","d":"XENIA COMMUNITY CITY SCHOOL DISTRICT","t":1927.27,"l":"510: Res-Single Family","c":0}},{"type":"Feature","geometry":{"type":"Polygon","coordinates":[[[-83.961184,39.66984],[-83.961585,39.669838],[-83.961609,39.670022],[-83.961193,39.670083],[-83.961184,39.66984]]]},"properties":{"p":"M40-0001-0033-0-0094-00","o":"SHAW SUSAN GAIL","a":"1753  COMMONWEALTH DR","d":"XENIA COMMUNITY CITY SCHOOL DISTRICT","t":2171.21,"l":"510: Res-Single Family","c":0}},{"type":"Feature","geometry":{"type":"Polygon","coordinates":[[[-83.959357,39.683942],[-83.959358,39.683626],[-83.959583,39.683626],[-83.959583,39.683942],[-83.959357,39.683942]]]},"properties":{"p":"M40-0001-0022-0-0026-00","o":"STEWARD JASON S & LAURA Y TURNER","a":"327  RIDGEBURY DR","d":"XENIA COMMUNITY CITY SCHOOL DISTRICT","t":348.06,"l":"510: Res-Single Family","c":0}},{"type":"Feature","geometry":{"type":"Polygon","coordinates":[[[-83.944975,39.689483],[-83.945139,39.689224],[-83.945332,39.689297],[-83.945168,39.689556],[-83.944975,39.689483]]]},"properties":{"p":"M40-0001-0025-0-0126-00","o":"THE PHILLIPS FAMILY REVOCABLE TRUST","a":"933  PARNELL DR","d":"XENIA COMMUNITY CITY SCHOOL DISTRICT","t":6929.23,"l":"510: Res-Single Family","c":0}},{"type":"Feature","geometry":{"type":"Polygon","coordinates":[[[-83.942907,39.691828],[-83.943084,39.691549],[-83.943275,39.691621],[-83.94311,39.691883],[-83.942907,39.691828]]]},"properties":{"p":"M40-0001-0025-0-0146-00","o":"WISE ROBERT S","a":"815  BOYLAN DR","d":"XENIA COMMUNITY CITY SCHOOL DISTRICT","t":972.91,"l":"510: Res-Single Family","c":0}},{"type":"Feature","geometry":{"type":"Polygon","coordinates":[[[-83.960563,39.686023],[-83.960483,39.685914],[-83.960506,39.685823],[-83.960924,39.685888],[-83.960877,39.686071],[-83.960563,39.686023]]]},"properties":{"p":"M40-0001-0023-0-0205-00","o":"SHIVELEY CINDY J","a":"526  RIDGEBURY DR","d":"XENIA COMMUNITY CITY SCHOOL DISTRICT","t":1724.36,"l":"510: Res-Single Family","c":0}},{"type":"Feature","geometry":{"type":"Polygon","coordinates":[[[-83.963931,39.686822],[-83.96401,39.686597],[-83.964115,39.686378],[-83.964856,39.686692],[-83.964309,39.687204],[-83.96421,39.687037],[-83.964177,39.686854],[-83.963931,39.686822]]]},"properties":{"p":"M40-0001-0023-0-0245-00","o":"SELKE COMMERCIAL PROPERTIES LLC","a":"156 S PROGRESS DR","d":"XENIA COMMUNITY CITY SCHOOL DISTRICT","t":3837.98,"l":"447: Com-Office","c":0}},{"type":"Feature","geometry":{"type":"Polygon","coordinates":[[[-83.963942,39.669982],[-83.964029,39.669921],[-83.964251,39.669807],[-83.96448,39.670074],[-83.964259,39.670106],[-83.963942,39.669982]]]},"properties":{"p":"M40-0001-0036-0-0135-00","o":"WHITACRE CLARA M","a":"1788  ATKINSON DR","d":"XENIA COMMUNITY CITY SCHOOL DISTRICT","t":4565.2,"l":"510: Res-Single Family","c":0}},{"type":"Feature","geometry":{"type":"Polygon","coordinates":[[[-83.967448,39.66585],[-83.967843,39.665669],[-83.967842,39.665835],[-83.967888,39.665897],[-83.967589,39.666034],[-83.967448,39.66585]]]},"properties":{"p":"M40-0001-0036-0-0262-00","o":"SUMMERLOT ROBERT L JR","a":"2280  PEMBURY DR","d":"XENIA COMMUNITY CITY SCHOOL DISTRICT","t":125.43,"l":"510: Res-Single Family","c":0}},{"type":"Feature","geometry":{"type":"Polygon","coordinates":[[[-83.972897,39.676813],[-83.973285,39.676712],[-83.973359,39.676881],[-83.972971,39.676982],[-83.972897,39.676813]]]},"properties":{"p":"M40-0001-0038-0-0236-00","o":"SIX VICKI L","a":"415  COLORADO DR","d":"XENIA COMMUNITY CITY SCHOOL DISTRICT","t":1690.68,"l":"510: Res-Single Family","c":0}},{"type":"Feature","geometry":{"type":"Polygon","coordinates":[[[-83.97669,39.65823],[-83.976942,39.658275],[-83.976961,39.658604],[-83.976712,39.658612],[-83.97669,39.65823]]]},"properties":{"p":"M40-0001-0043-0-0190-00","o":"STIDHAM RYAN & KAREN","a":"2831  GREYSTOKE DR","d":"XENIA COMMUNITY CITY SCHOOL DISTRICT","t":8326.02,"l":"510: Res-Single Family","c":0}},{"type":"Feature","geometry":{"type":"Polygon","coordinates":[[[-83.923712,39.696409],[-83.92393,39.696258],[-83.924238,39.696494],[-83.924031,39.696655],[-83.923712,39.696409]]]},"properties":{"p":"M40-0002-0003-0-0305-00","o":"WINWOOD TRUSTEE JEFFREY A","a":"917  LOUISE DR","d":"XENIA COMMUNITY CITY SCHOOL DISTRICT","t":1430.3,"l":"510: Res-Single Family","c":0}},{"type":"Feature","geometry":{"type":"Polygon","coordinates":[[[-83.924635,39.688881],[-83.925287,39.688813],[-83.92531,39.688949],[-83.924659,39.689017],[-83.924635,39.688881]]]},"properties":{"p":"M40-0002-0005-0-0133-00","o":"WALKER MALA","a":"259 N MONROE ST","d":"XENIA COMMUNITY CITY SCHOOL DISTRICT","t":431.49,"l":"500: Res-Vacant Land","c":0}},{"type":"Feature","geometry":{"type":"Polygon","coordinates":[[[-83.923244,39.68743],[-83.923494,39.687405],[-83.923515,39.687527],[-83.923265,39.687553],[-83.923244,39.68743]]]},"properties":{"p":"M40-0002-0005-0-0203-00","o":"SCAFFIDI ROBERTA L","a":"137 N COLUMBUS ST","d":"XENIA COMMUNITY CITY SCHOOL DISTRICT","t":2719.47,"l":"510: Res-Single Family","c":0}},{"type":"Feature","geometry":{"type":"Polygon","coordinates":[[[-83.922263,39.685856],[-83.922406,39.685841],[-83.922479,39.686266],[-83.922337,39.68628],[-83.922263,39.685856]]]},"properties":{"p":"M40-0002-0005-0-0225-00","o":"TAYLOR LARRY & NELLENE","a":"0 E MAIN ST","d":"XENIA COMMUNITY CITY SCHOOL DISTRICT","t":19161.46,"l":"500: Res-Vacant Land","c":0}},{"type":"Feature","geometry":{"type":"Polygon","coordinates":[[[-83.917404,39.688506],[-83.917559,39.688488],[-83.917535,39.688882],[-83.917382,39.688873],[-83.917404,39.688506]]]},"properties":{"p":"M40-0002-0008-0-0018-00","o":"WOODS ERNEST","a":"694 E CHURCH ST","d":"XENIA COMMUNITY CITY SCHOOL DISTRICT","t":7571.83,"l":"500: Res-Vacant Land","c":0}},{"type":"Feature","geometry":{"type":"Polygon","coordinates":[[[-83.918344,39.690196],[-83.918342,39.690148],[-83.918811,39.690085],[-83.918839,39.690236],[-83.918344,39.690196]]]},"properties":{"p":"M40-0002-0008-0-0078-00","o":"STATE OF OHIO","a":"0  ORCHARD ST","d":"XENIA COMMUNITY CITY SCHOOL DISTRICT","t":12905.84,"l":"500: Res-Vacant Land","c":0}},{"type":"Feature","geometry":{"type":"Polygon","coordinates":[[[-83.917242,39.688523],[-83.917404,39.688506],[-83.917379,39.688917],[-83.917209,39.688904],[-83.917242,39.688523]]]},"properties":{"p":"M40-0002-0008-0-0104-00","o":"WOODS ERNEST","a":"694 E CHURCH ST","d":"XENIA COMMUNITY CITY SCHOOL DISTRICT","t":345.29,"l":"500: Res-Vacant Land","c":0}},{"type":"Feature","geometry":{"type":"Polygon","coordinates":[[[-83.915201,39.689574],[-83.915614,39.689541],[-83.915602,39.689678],[-83.915204,39.689711],[-83.915201,39.689574]]]},"properties":{"p":"M40-0002-0008-0-0223-00","o":"TUFTS SHERYL E PORTER","a":"0  MULBERRY ST","d":"XENIA COMMUNITY CITY SCHOOL DISTRICT","t":134.39,"l":"500: Res-Vacant Land","c":0}},{"type":"Feature","geometry":{"type":"Polygon","coordinates":[[[-83.912197,39.687372],[-83.912373,39.687354],[-83.912443,39.687787],[-83.912266,39.687805],[-83.912197,39.687372]]]},"properties":{"p":"M40-0002-0008-0-0410-00","o":"ZELLNER VICKI BROADNAX","a":"971 E MARKET ST","d":"XENIA COMMUNITY CITY SCHOOL DISTRICT","t":8728.81,"l":"510: Res-Single Family","c":0}},{"type":"Feature","geometry":{"type":"Polygon","coordinates":[[[-83.918311,39.684469],[-83.918452,39.684455],[-83.918524,39.68488],[-83.918383,39.684894],[-83.918311,39.684469]]]},"properties":{"p":"M40-0002-0011-0-0018-00","o":"STEWARDSHIP FUND LP","a":"607 E SECOND ST","d":"XENIA COMMUNITY CITY SCHOOL DISTRICT","t":21021.12,"l":"500: Res-Vacant Land","c":0}},{"type":"Feature","geometry":{"type":"Polygon","coordinates":[[[-83.913722,39.684446],[-83.913931,39.684425],[-83.914003,39.68485],[-83.913793,39.684871],[-83.913722,39.684446]]]},"properties":{"p":"M40-0002-0011-0-0130-00","o":"STEVENS EMMA C ETAL","a":"856 E THIRD ST","d":"XENIA COMMUNITY CITY SCHOOL DISTRICT","t":1979.42,"l":"510: Res-Single Family","c":0}},{"type":"Feature","geometry":{"type":"Polygon","coordinates":[[[-83.920997,39.685258],[-83.921231,39.685234],[-83.921312,39.685682],[-83.921077,39.685707],[-83.920997,39.685258]]]},"properties":{"p":"M40-0002-0012-0-0128-00","o":"STEWART CHARLES E SR","a":"467 E MAIN ST","d":"XENIA COMMUNITY CITY SCHOOL DISTRICT","t":18886.11,"l":"500: Res-Vacant Land","c":0}},{"type":"Feature","geometry":{"type":"Polygon","coordinates":[[[-83.922331,39.689783],[-83.922394,39.689771],[-83.92262,39.689876],[-83.922446,39.690241],[-83.92229,39.690215],[-83.922331,39.689783]]]},"properties":{"p":"M40-0002-0004-0-0091-00","o":"SPROWLS KELLI","a":"489  STADIUM CIR","d":"XENIA COMMUNITY CITY SCHOOL DISTRICT","t":3450,"l":"510: Res-Single Family","c":0}},{"type":"Feature","geometry":{"type":"Polygon","coordinates":[[[-83.924659,39.689017],[-83.92531,39.688949],[-83.925339,39.689112],[-83.924687,39.68918],[-83.924659,39.689017]]]},"properties":{"p":"M40-0002-0005-0-0132-00","o":"WALKER MALA","a":"259 N MONROE ST","d":"XENIA COMMUNITY CITY SCHOOL DISTRICT","t":3265.52,"l":"510: Res-Single Family","c":0}},{"type":"Feature","geometry":{"type":"Polygon","coordinates":[[[-83.918845,39.687855],[-83.918933,39.687845],[-83.918991,39.688205],[-83.918903,39.688214],[-83.918845,39.687855]]]},"properties":{"p":"M40-0002-0008-0-0250-00","o":"SMITH PHYLLIS M","a":"0 E CHURCH ST","d":"XENIA COMMUNITY CITY SCHOOL DISTRICT","t":636.99,"l":"500: Res-Vacant Land","c":0}},{"type":"Feature","geometry":{"type":"Polygon","coordinates":[[[-83.912373,39.687354],[-83.912532,39.687338],[-83.912601,39.687771],[-83.912443,39.687787],[-83.912373,39.687354]]]},"properties":{"p":"M40-0002-0008-0-0409-00","o":"ZELLNER VICKI BROADNAX","a":"0 E MARKET ST","d":"XENIA COMMUNITY CITY SCHOOL DISTRICT","t":22767.56,"l":"500: Res-Vacant Land","c":0}},{"type":"Feature","geometry":{"type":"Polygon","coordinates":[[[-83.913512,39.684467],[-83.913722,39.684446],[-83.913793,39.684871],[-83.913583,39.684892],[-83.913512,39.684467]]]},"properties":{"p":"M40-0002-0011-0-0129-00","o":"STEVENS EMMA C ETAL","a":"868 E THIRD ST","d":"XENIA COMMUNITY CITY SCHOOL DISTRICT","t":123.07,"l":"520: Res-Two Family","c":0}},{"type":"Feature","geometry":{"type":"Polygon","coordinates":[[[-83.909463,39.685989],[-83.909536,39.68558],[-83.909699,39.68564],[-83.909626,39.686046],[-83.909463,39.685989]]]},"properties":{"p":"M40-0002-0011-0-0226-00","o":"WISE ROBERT S","a":"0  JASPER AVE","d":"XENIA COMMUNITY CITY SCHOOL DISTRICT","t":94.88,"l":"500: Res-Vacant Land","c":0}},{"type":"Feature","geometry":{"type":"Polygon","coordinates":[[[-83.919945,39.685367],[-83.920195,39.685342],[-83.92027,39.685791],[-83.920019,39.685816],[-83.919945,39.685367]]]},"properties":{"p":"M40-0002-0012-0-0145-00","o":"VANCE ANGELA T","a":"519 E MAIN ST","d":"XENIA COMMUNITY CITY SCHOOL DISTRICT","t":32566.31,"l":"500: Res-Vacant Land","c":0}},{"type":"Feature","geometry":{"type":"Polygon","coordinates":[[[-83.917987,39.690667],[-83.917811,39.690647],[-83.917833,39.690402],[-83.917922,39.690384],[-83.918015,39.690313],[-83.918073,39.690309],[-83.918051,39.690487],[-83.918089,39.690679],[-83.917987,39.690667]]]},"properties":{"p":"M40-0002-0008-0-0028-00","o":"WEEMS KARON","a":"686  RADAR ST","d":"XENIA COMMUNITY CITY SCHOOL DISTRICT","t":474.84,"l":"510: Res-Single Family","c":0}},{"type":"Feature","geometry":{"type":"Polygon","coordinates":[[[-83.914322,39.688286],[-83.914316,39.688252],[-83.914496,39.688233],[-83.914564,39.688662],[-83.914388,39.68868],[-83.914322,39.688286]]]},"properties":{"p":"M40-0002-0008-0-0294-00","o":"WILSON CAROL ANN FKA HUDSON","a":"863 E CHURCH ST","d":"XENIA COMMUNITY CITY SCHOOL DISTRICT","t":28815.36,"l":"500: Res-Vacant Land","c":0}},{"type":"Feature","geometry":{"type":"Polygon","coordinates":[[[-83.917498,39.687928],[-83.917623,39.687915],[-83.917691,39.68834],[-83.917566,39.688353],[-83.917498,39.687928]]]},"properties":{"p":"M40-0002-0008-0-0412-00","o":"WOODS EARNEST L","a":"0 E CHURCH ST","d":"XENIA COMMUNITY CITY SCHOOL DISTRICT","t":297.39,"l":"500: Res-Vacant Land","c":0}},{"type":"Feature","geometry":{"type":"Polygon","coordinates":[[[-83.914433,39.685928],[-83.914611,39.68591],[-83.914692,39.686358],[-83.914509,39.686377],[-83.914433,39.685928]]]},"properties":{"p":"M40-0002-0011-0-0084-00","o":"WRAY PHILLIP B","a":"833 E MAIN ST","d":"XENIA COMMUNITY CITY SCHOOL DISTRICT","t":562.94,"l":"510: Res-Single Family","c":0}},{"type":"Feature","geometry":{"type":"Polygon","coordinates":[[[-83.910011,39.68618],[-83.910191,39.685248],[-83.910385,39.685314],[-83.910206,39.686246],[-83.910011,39.68618]]]},"properties":{"p":"M40-0002-0011-0-0208-00","o":"SMITH PHYLLIS M","a":"0  JASPER AVE","d":"XENIA COMMUNITY CITY SCHOOL DISTRICT","t":21938.65,"l":"500: Res-Vacant Land","c":0}},{"type":"Feature","geometry":{"type":"Polygon","coordinates":[[[-83.9432,39.709814],[-83.943697,39.709733],[-83.943775,39.710018],[-83.943415,39.710074],[-83.943283,39.710053],[-83.943209,39.710012],[-83.94314,39.709922],[-83.94314,39.709852],[-83.9432,39.709814]]]},"properties":{"p":"M40-0001-0042-0-0115-00","o":"XENIA NORTHGATE HOMEOWNERS ASSOCIATION","a":"0  HARRIS LN","d":"XENIA COMMUNITY CITY SCHOOL DISTRICT","t":191.96,"l":"500: Res-Vacant Land","c":0}},{"type":"Feature","geometry":{"type":"Polygon","coordinates":[[[-83.9599,39.694339],[-83.959882,39.694297],[-83.959892,39.694265],[-83.960128,39.694044],[-83.960298,39.693828],[-83.960008,39.69441],[-83.9599,39.694339]]]},"properties":{"p":"M40-0001-0055-0-0006-00","o":"W & M PROPERTIES","a":"0  DAYTON XENIA RD","d":"XENIA COMMUNITY CITY SCHOOL DISTRICT","t":1765.6,"l":"400: Com-Vacant Land","c":0}},{"type":"Feature","geometry":{"type":"Polygon","coordinates":[[[-83.923227,39.687335],[-83.923477,39.687309],[-83.923494,39.687405],[-83.923244,39.68743],[-83.923227,39.687335]]]},"properties":{"p":"M40-0002-0005-0-0204-00","o":"TRANSUE LOUIS","a":"0 N COLUMBUS ST","d":"XENIA COMMUNITY CITY SCHOOL DISTRICT","t":1101.53,"l":"500: Res-Vacant Land","c":0}},{"type":"Feature","geometry":{"type":"Polygon","coordinates":[[[-83.922488,39.686315],[-83.92263,39.6863],[-83.922704,39.686725],[-83.922561,39.686739],[-83.922488,39.686315]]]},"properties":{"p":"M40-0002-0005-0-0222-00","o":"WALLACE BELINDA","a":"391 E MARKET ST","d":"XENIA COMMUNITY CITY SCHOOL DISTRICT","t":1621.62,"l":"510: Res-Single Family","c":0}},{"type":"Feature","geometry":{"type":"Polygon","coordinates":[[[-83.912336,39.689034],[-83.912547,39.689011],[-83.912632,39.689501],[-83.912421,39.689524],[-83.912336,39.689034]]]},"properties":{"p":"M40-0002-0008-0-0162-00","o":"SARGEANT JAMES","a":"978 E CHURCH ST","d":"XENIA COMMUNITY CITY SCHOOL DISTRICT","t":896.5,"l":"500: Res-Vacant Land","c":0}},{"type":"Feature","geometry":{"type":"Polygon","coordinates":[[[-83.914064,39.687157],[-83.914216,39.687142],[-83.914289,39.6876],[-83.914137,39.687615],[-83.914064,39.687157]]]},"properties":{"p":"M40-0002-0008-0-0394-00","o":"XENIA PEACOCK LLC","a":"871 E MARKET ST","d":"XENIA COMMUNITY CITY SCHOOL DISTRICT","t":8256.38,"l":"510: Res-Single Family","c":0}},{"type":"Feature","geometry":{"type":"Polygon","coordinates":[[[-83.913931,39.684425],[-83.914123,39.684406],[-83.914195,39.684831],[-83.914003,39.68485],[-83.913931,39.684425]]]},"properties":{"p":"M40-0002-0011-0-0131-00","o":"STORY CASANDRA T","a":"846 E THIRD ST","d":"XENIA COMMUNITY CITY SCHOOL DISTRICT","t":13837.87,"l":"500: Res-Vacant Land","c":0}},{"type":"Feature","geometry":{"type":"Polygon","coordinates":[[[-83.922668,39.684172],[-83.922918,39.684147],[-83.922959,39.684416],[-83.922709,39.684441],[-83.922668,39.684172]]]},"properties":{"p":"M40-0002-0012-0-0247-00","o":"THOMAS MARGARET","a":"0 E SECOND ST","d":"XENIA COMMUNITY CITY SCHOOL DISTRICT","t":82.24,"l":"500: Res-Vacant Land","c":0}},{"type":"Feature","geometry":{"type":"Polygon","coordinates":[[[-83.927974,39.682982],[-83.928149,39.682964],[-83.928221,39.68338],[-83.928046,39.683398],[-83.927974,39.682982]]]},"properties":{"p":"M40-0002-0012-0-0198-00","o":"SERGENT GEORGE P","a":"56 E THIRD ST","d":"XENIA COMMUNITY CITY SCHOOL DISTRICT","t":4332.61,"l":"510: Res-Single Family","c":0}},{"type":"Feature","geometry":{"type":"Polygon","coordinates":[[[-83.924411,39.678648],[-83.924431,39.678175],[-83.924639,39.67819],[-83.924617,39.678677],[-83.924411,39.678648]]]},"properties":{"p":"M40-0002-0013-0-0252-00","o":"THOMAS SANDRA JEAN & SANDRA J","a":"279  WASHINGTON ST","d":"XENIA COMMUNITY CITY SCHOOL DISTRICT","t":2641.59,"l":"510: Res-Single Family","c":0}},{"type":"Feature","geometry":{"type":"Polygon","coordinates":[[[-83.921011,39.675211],[-83.921189,39.675196],[-83.921255,39.675592],[-83.921077,39.675607],[-83.921011,39.675211]]]},"properties":{"p":"M40-0002-0014-0-0108-00","o":"WOODBRIDGE WENDY","a":"539  COTTAGE GROVE AVE","d":"XENIA COMMUNITY CITY SCHOOL DISTRICT","t":186.13,"l":"520: Res-Two Family","c":0}},{"type":"Feature","geometry":{"type":"Polygon","coordinates":[[[-83.919096,39.698376],[-83.919086,39.698164],[-83.919548,39.698152],[-83.919559,39.698399],[-83.919142,39.698409],[-83.919096,39.698376]]]},"properties":{"p":"M40-0002-0019-0-0007-00","o":"WAHRER SCOTT","a":"1151  LOUISE DR","d":"XENIA COMMUNITY CITY SCHOOL DISTRICT","t":8713.76,"l":"510: Res-Single Family","c":0}}]}